306324,New,Processed,,ЭКС,WH1,,,,,,,О00-000001479   ,,,,100,O00000008451    ,,2026-03-23 09:06:00,O00000001479    ,СП,Закупка,,,,,,,,,,,,,,,,"305044, Курская область, город Курск, ул. 2-я"," Рабочая, д. 23, помещение В1, помещение 2/2",,Самоличенко В.А.,,,,,,"Курский электроаппаратный  завод ООО (ООО""КЭАЗ"")",,,,,,4632025039,463201001,Адресный СКЛАД РЦ (WMS),О00-000000138   ,,,0.00000,0.00000,Ширяев А.А.,aa41aa90-3237-4d29-86e7-9b421a7604a2,2026-03-23 09:09:02,,
306325,New,Processed,,ЭКС,WH1,,,,,,,ЭКС-000005726   ,,,,100,,,2026-03-23 09:09:00,EKS000005726    ,СП,Возврат-Филиал,,,,,,,,,,,,,,,,"630073, Новосибирская область, г. Новосибирск,"," ул. Гоголя, д. 23, оф. 5",,Новоселов А.В.,,,,,,БАРНАУЛ Электрокомплектсервис ЗАО (Барнаул РСК),,,,,,5407159273,222445001,Адресный СКЛАД РЦ (WMS),ЭКС-000003713   ,,,0.00000,0.00000,Краснова П.А.,98c4d562-82fe-4c78-801c-b12a6b36f5e1,2026-03-23 09:10:36,,
306326,New,Processed,,ЭКС,WH1,,,,,,,ЭКС-000005727   ,,,,100,O00000008453    ,,2026-03-23 09:07:00,EKS000005727    ,СП,Закупка,,,,,,,,,,,,,,,,"630088, Новосибирская обл, Новосибирск г,"," Петухова ул, дом № 37/2, строение 1, тел.",,Косова Т.В.,,,,,,МСТ ООО  (FERON),,,,,,5403065426,540301001,Адресный СКЛАД РЦ (WMS),ЭКС-000007402   ,,,0.00000,0.00000,Сагайдак Р.С.,5fa32427-73dc-4bf6-9caa-b45013315980,2026-03-23 09:17:49,,
306327,New,Processed,,ЭКС,WH1,,,,,,,О00-000001480   ,,,,100,O00000008464    ,,2026-03-23 09:25:00,O00000001480    ,СП,Закупка,,,,,,,,,,,,,,,,"117403, г.Москва, ул.Никопольская, д.4, стр.1,", пом.7.,,Княжева Ю.В.,,,,,,Гермес-Трейд Комплект ООО,,,,,,2536141529,772401001,Адресный СКЛАД РЦ (WMS),О00-000000139   ,,,0.00000,0.00000,Ширяев А.А.,47e08b42-a453-4823-a903-f84e4a702732,2026-03-23 09:27:48,,
306328,New,Processed,,ЭКС,WH1,,,,,,,ЭКС-000005728   ,,,,100,O00000007924    ,,2026-03-20 08:48:00,EKS000005728    ,СП,Закупка,,,,,,,,,,,,,,,,"123060, г. Москва, г. Москва, ул. Маршала"," Соколовского, д. 3, оф. 3",,Петров И.В.,,,,,,СДС  ООО инн_7734425377,,,,,,7734425377,773401001,Адресный СКЛАД РЦ (WMS),ЭКС-000006892   ,,,0.00000,0.00000,Сагайдак Р.С.,cfb0adea-eead-41c7-ba4a-0a66358bfa7a,2026-03-23 10:23:54,,
306329,New,Processed,,ЭКС,WH1,,,,,,,ЭКС-000005729   ,,,,100,O00000007978    ,,2026-03-20 08:48:00,EKS000005729    ,СП,Закупка,,,,,,,,,,,,,,,,"123060, г. Москва, г. Москва, ул. Маршала"," Соколовского, д. 3, оф. 3",,Петров И.В.,,,,,,СДС  ООО инн_7734425377,,,,,,7734425377,773401001,Адресный СКЛАД РЦ (WMS),ЭКС-000006893   ,,,0.00000,0.00000,Сагайдак Р.С.,cfb0adea-eead-41c7-ba4a-0a66358bfa7a,2026-03-23 10:24:03,,
306330,New,Processed,,ЭКС,WH1,,26-01301032237,,,,,ЭКС-000005730   ,,,,100,O00000007893    ,,2026-03-16 14:26:00,EKS000005730    ,СП,Закупка,,,,,,,,,,,,,,,,"""Торговый дом ""Ферекс"" ООО Татарстан Лаишевский", р-н,,Лангеман Э.Г.,,,,,,Торговый дом Ферекс ,,,,,Деловые Линии ООО,1624012390,162401001,Адресный СКЛАД РЦ (WMS),ЭКС-000006153   ,,,0.00000,0.00000,Краснова П.А.,5ebd79c0-f1e5-4d3a-a492-55587aff63fa,2026-03-23 10:33:14,,
306331,New,Processed,,ЭКС,WH1,,5669,,,,,ЭКС-000005731   ,,,,100,O00000007900    ,,2026-04-01 00:00:00,EKS000005731    ,СП,Кросс-докинг,,,,,,,,,,,,,,,,"127273, г. Москва, г. Москва, ул. Отрадная, д. 2Б"," стр.9, оф. этаж 5",,Третьяков С.М.,,,,,,Электрорешения ООО,,,,,Электрорешения ООО,7721403552,771501001,Адресный СКЛАД РЦ (WMS),ЭКС-000006873   ,,,0.00000,0.00000,Сагайдак Р.С.,28b1393f-6459-47f8-bb68-fa2ef64cd296,2026-03-23 10:34:13,,
306332,New,Processed,,ЭКС,WH1,,5669,,,,,ЭКС-000005732   ,,,,100,O00000007901    ,,2026-04-01 00:00:00,EKS000005732    ,СП,Закупка,,,,,,,,,,,,,,,,"127273, г. Москва, г. Москва, ул. Отрадная, д. 2Б"," стр.9, оф. этаж 5",,Третьяков С.М.,,,,,,Электрорешения ООО,,,,,Электрорешения ООО,7721403552,771501001,Адресный СКЛАД РЦ (WMS),ЭКС-000006874   ,,,0.00000,0.00000,Сагайдак Р.С.,28b1393f-6459-47f8-bb68-fa2ef64cd296,2026-03-23 10:34:19,,
306333,New,Processed,,ЭКС,WH1,,5669,,,,,ЭКС-000005733   ,,,,100,O00000007902    ,,2026-04-01 00:00:00,EKS000005733    ,СП,Кросс-докинг,,,,,,,,,,,,,,,,"127273, г. Москва, г. Москва, ул. Отрадная, д. 2Б"," стр.9, оф. этаж 5",,Третьяков С.М.,,,,,,Электрорешения ООО,,,,,Электрорешения ООО,7721403552,771501001,Адресный СКЛАД РЦ (WMS),ЭКС-000006875   ,,,0.00000,0.00000,Сагайдак Р.С.,28b1393f-6459-47f8-bb68-fa2ef64cd296,2026-03-23 10:34:25,,
306334,New,Processed,,ЭКС,WH1,,5669,,,,,ЭКС-000005734   ,,,,100,O00000007903    ,,2026-04-01 00:00:00,EKS000005734    ,СП,Кросс-докинг,,,,,,,,,,,,,,,,"127273, г. Москва, г. Москва, ул. Отрадная, д. 2Б"," стр.9, оф. этаж 5",,Третьяков С.М.,,,,,,Электрорешения ООО,,,,,Электрорешения ООО,7721403552,771501001,Адресный СКЛАД РЦ (WMS),ЭКС-000006876   ,,,0.00000,0.00000,Сагайдак Р.С.,28b1393f-6459-47f8-bb68-fa2ef64cd296,2026-03-23 10:34:31,,
306335,New,Processed,,ЭКС,WH1,,5669,,,,,ЭКС-000005735   ,,,,100,O00000007904    ,,2026-04-01 00:00:00,EKS000005735    ,СП,Кросс-докинг,,,,,,,,,,,,,,,,"127273, г. Москва, г. Москва, ул. Отрадная, д. 2Б"," стр.9, оф. этаж 5",,Третьяков С.М.,,,,,,Электрорешения ООО,,,,,Электрорешения ООО,7721403552,771501001,Адресный СКЛАД РЦ (WMS),ЭКС-000006877   ,,,0.00000,0.00000,Сагайдак Р.С.,28b1393f-6459-47f8-bb68-fa2ef64cd296,2026-03-23 10:34:39,,
306336,New,Processed,,ЭКС,WH1,,5669,,,,,ЭКС-000005736   ,,,,100,O00000007905    ,,2026-04-01 00:00:00,EKS000005736    ,СП,Кросс-докинг,,,,,,,,,,,,,,,,"127273, г. Москва, г. Москва, ул. Отрадная, д. 2Б"," стр.9, оф. этаж 5",,Третьяков С.М.,,,,,,Электрорешения ООО,,,,,Электрорешения ООО,7721403552,771501001,Адресный СКЛАД РЦ (WMS),ЭКС-000006878   ,,,0.00000,0.00000,Сагайдак Р.С.,28b1393f-6459-47f8-bb68-fa2ef64cd296,2026-03-23 10:34:45,,
306337,New,Processed,,ЭКС,WH1,,5669,,,,,ЭКС-000005737   ,,,,100,O00000007906    ,,2026-04-01 00:00:00,EKS000005737    ,СП,Кросс-докинг,,,,,,,,,,,,,,,,"127273, г. Москва, г. Москва, ул. Отрадная, д. 2Б"," стр.9, оф. этаж 5",,Третьяков С.М.,,,,,,Электрорешения ООО,,,,,Электрорешения ООО,7721403552,771501001,Адресный СКЛАД РЦ (WMS),ЭКС-000006879   ,,,0.00000,0.00000,Сагайдак Р.С.,87fd7f3e-e4a6-48f0-9808-196d3250fa91,2026-03-23 10:34:51,,
306338,New,Processed,,ЭКС,WH1,,5669,,,,,ЭКС-000005738   ,,,,100,O00000007907    ,,2026-04-01 00:00:00,EKS000005738    ,СП,Кросс-докинг,,,,,,,,,,,,,,,,"127273, г. Москва, г. Москва, ул. Отрадная, д. 2Б"," стр.9, оф. этаж 5",,Третьяков С.М.,,,,,,Электрорешения ООО,,,,,Электрорешения ООО,7721403552,771501001,Адресный СКЛАД РЦ (WMS),ЭКС-000006880   ,,,0.00000,0.00000,Сагайдак Р.С.,87fd7f3e-e4a6-48f0-9808-196d3250fa91,2026-03-23 10:34:56,,
306339,New,Processed,,ЭКС,WH1,,5669,,,,,ЭКС-000005739   ,,,,100,O00000007908    ,,2026-04-01 00:00:00,EKS000005739    ,СП,Кросс-докинг,,,,,,,,,,,,,,,,"127273, г. Москва, г. Москва, ул. Отрадная, д. 2Б"," стр.9, оф. этаж 5",,Третьяков С.М.,,,,,,Электрорешения ООО,,,,,Электрорешения ООО,7721403552,771501001,Адресный СКЛАД РЦ (WMS),ЭКС-000006881   ,,,0.00000,0.00000,Сагайдак Р.С.,87fd7f3e-e4a6-48f0-9808-196d3250fa91,2026-03-23 10:35:02,,
306340,New,Processed,,ЭКС,WH1,,,,,,,ЭКС-000005740   ,,,,100,O00000007684    ,,2026-03-21 10:49:00,EKS000005740    ,СП,Закупка,,,,,,,,,,,,,,,,"143003, Московская область, г.о. Одинцовский, г."," Одинцово, ул. Маршала Бирюзова, д. 12, оф. 10",6,Косова Т.В.,,,,,,Орион ООО   (ЭРА) новый (до 01/10/24- ВИП Маркет,,,,,,5032161850,503201001,Адресный СКЛАД РЦ (WMS),ЭКС-000006676   ,,,0.00000,0.00000,Сагайдак Р.С.,6b6ed415-d02f-42c5-bc0c-74b0ed0d2652,2026-03-23 10:59:24,,
306341,New,Processed,,ЭКС,WH1,,,,,,,ЭКС-000005741   ,,,,100,O00000007683    ,,2026-03-21 10:49:00,EKS000005741    ,СП,Закупка,,,,,,,,,,,,,,,,"143003, Московская область, г.о. Одинцовский, г."," Одинцово, ул. Маршала Бирюзова, д. 12, оф. 10",6,Косова Т.В.,,,,,,Орион ООО   (ЭРА) новый (до 01/10/24- ВИП Маркет,,,,,,5032161850,503201001,Адресный СКЛАД РЦ (WMS),ЭКС-000006667   ,,,0.00000,0.00000,Сагайдак Р.С.,6b6ed415-d02f-42c5-bc0c-74b0ed0d2652,2026-03-23 10:59:34,,
306342,New,Processed,,ЭКС,WH1,,,,,,,ЭКС-000005742   ,,,,100,O00000007923    ,,2026-03-20 08:48:00,EKS000005742    ,СП,Закупка,,,,,,,,,,,,,,,,"123060, г. Москва, г. Москва, ул. Маршала"," Соколовского, д. 3, оф. 3",,Петров И.В.,,,,,,СДС  ООО инн_7734425377,,,,,,7734425377,773401001,Адресный СКЛАД РЦ (WMS),ЭКС-000006891   ,,,0.00000,0.00000,Сагайдак Р.С.,99c767a6-9f28-428c-8480-bfe3cbfb1480,2026-03-23 11:07:59,,
306343,New,Processed,,ЭКС,WH1,,,,,,,ЭКС-000005743   ,,,,100,O00000007783    ,,2026-03-23 08:46:00,EKS000005743    ,СП,Закупка,,,,,,,,,,,,,,,,"143003, Московская область, г.о. Одинцовский, г."," Одинцово, ул. Маршала Бирюзова, д. 12, оф. 10",6,Косова Т.В.,,,,,,Орион ООО   (ЭРА) новый (до 01/10/24- ВИП Маркет,,,,,,5032161850,503201001,Адресный СКЛАД РЦ (WMS),ЭКС-000006780   ,,,0.00000,0.00000,Сагайдак Р.С.,1f5a47ac-f9cc-4a2f-975f-4ff4db71781e,2026-03-23 11:13:34,,
306344,New,Processed,,ЭКС,WH1,,,,,,,ЭКС-000005744   ,,,,100,O00000033207    ,,2025-09-29 13:16:00,EKS000005744    ,СП,Закупка,,,,,,,,,,,,,,,,"630084, Новосибирская область, город Новосибирск,"," улица Авиастроителей, 39 Б",,Лихушина Н.И.,,,,,,Промэко ООО,,,,,,5410131623,541001001,Адресный СКЛАД РЦ (WMS),ЭКС-000029003   ,,,0.00000,0.00000,Змеевский Л.В.,827ba5e8-10d5-479f-b57f-fd950f9cb881,2026-03-23 11:49:27,,
306345,New,Processed,,ЭКС,WH1,,122011391,,,,,ЭКС-000005745   ,,,,100,O00000008475    ,,2026-03-30 08:58:00,EKS000005745    ,СП,Закупка,,,,,,,,,,,,,,,,"614030, г.Пермь, ул.Янаульская 30-138",,,Козлова М.А.,,,,,,СПК ПромИнвестКабель ООО,,,,,КИТ. ТК  ООО,5907054960,590701001,Адресный СКЛАД РЦ (WMS),ЭКС-000006665   ,,,0.00000,0.00000,Сагайдак Р.С.,53d566a3-c219-4dc6-816f-fb6f4556f6b3,2026-03-23 11:50:42,,
306346,New,Processed,,ЭКС,WH1,,121976018,,,,,ЭКС-000005746   ,,,,100,O00000008476    ,,2026-03-17 15:14:00,EKS000005746    ,СП,Закупка,,,,,,,,,,,,,,,,"614042, Пермский край, г. Пермь, ул. Гальперина,"," дом № 6, корпус 6, оф. 24",,Дунав М.И.,,,,,,Уральский кабельный центр ООО (ООО УКЦ),,,,,КИТ. ТК  ООО,5908049024,590801001,Адресный СКЛАД РЦ (WMS),ЭКС-000006323   ,,,0.00000,0.00000,Сагайдак Р.С.,0341dfb6-d9dd-4199-99c9-5bc628fb02d1,2026-03-23 11:50:49,,
306347,New,Processed,,ЭКС,WH1,,,,,,,ЭКС-000005747   ,,,,100,O00000008515    ,,2026-03-23 12:07:00,EKS000005747    ,СП,Закупка,,,,,,,,,,,,,,,,,,,Колупаев В.Г.,,,,,,Кулманаков Николай Сергеевич ИП,,,,,,,,Адресный СКЛАД РЦ (WMS),ЭКС-000007438   ,,,0.00000,0.00000,Сагайдак Р.С.,0129d8d8-c490-4f64-902b-e1f00395c61b,2026-03-23 12:10:02,,
306348,New,Processed,,ЭКС,WH1,,,,,,,ЭКС-000005748   ,,,,100,O00000008490    ,,2026-03-23 10:35:00,EKS000005748    ,СП,Закупка,,,,,,,,,,,,,,,,"623283 Свердловская обл., м.о. Ревда, г. Ревда,"," ул. Нахимова, зд. 13",,Лихушина Н.И.,,,,,,Кабельный завод Кабэкс ООО,,,,,,5940200262,660850001,Адресный СКЛАД РЦ (WMS),ЭКС-000007415   ,,,0.00000,0.00000,Сагайдак Р.С.,4b8efc4c-4fb2-491e-9e0d-139bf56d425b,2026-03-23 12:11:16,,
306349,New,Processed,,ЭКС,WH1,,,,,,,ЭКС-000005749   ,,,,100,O00000008439    ,,2026-03-23 08:41:00,EKS000005749    ,СП,Закупка,,,,,,,,,,,,,,,,"630084, Новосибирская область, город Новосибирск,"," улица Авиастроителей, 39 Б",,Дунав М.И.,,,,,,Промэко ООО,,,,,,5410131623,541001001,Адресный СКЛАД РЦ (WMS),ЭКС-000007400   ,,,0.00000,0.00000,Сагайдак Р.С.,0a219dbe-72fb-45ad-8fc5-df4e8b7d3667,2026-03-23 12:15:15,,
306350,New,Processed,,ЭКС,WH1,,,,,,,ЭКС-000005750   ,,,,100,O00000008452    ,,2026-03-23 00:00:00,EKS000005750    ,СП,Кросс-докинг,,,,,,,,,,,,,,,,"630058, Новосибирская область, г. Новосибирск,"," ул. Плотинная, д. 5/5, оф. 5",,Гилета О.В.,,,,,,Техэлектро-Сибирь ООО,,,,,Техэлектро-Сибирь ООО,5408293176,540801001,Адресный СКЛАД РЦ (WMS),ЭКС-000007403   ,,,0.00000,0.00000,Сагайдак Р.С.,5d913e90-aeca-433e-8a56-c3da42534a79,2026-03-23 12:26:25,,
306351,New,Processed,,ЭКС,WH1,,,,,,,ЭКС-000005751   ,,,,100,O00000008386    ,,2026-03-20 16:11:00,EKS000005751    ,СП,Закупка,,,,,,,,,,,,,,,,"630055, г. Новосибирск, ул. Мусы Джалиля, 3/1, оф", 218,,Лихушина Н.И.,,,,,,Электро-Сервис ООО (инн5408273324),,,,,,5408273324,540801001,Адресный СКЛАД РЦ (WMS),ЭКС-000007326   ,,,0.00000,0.00000,Савицкий А.В.,4c288a9d-e67a-4d39-b1f5-14aeaad839eb,2026-03-23 12:31:30,,
306352,New,Processed,,ЭКС,WH1,,,,,,,ЭКС-000005752   ,,,,100,,,2026-03-23 12:28:00,EKS000005752    ,СП,Возврат-Филиал,,,,,,,,,,,,,,,,"630005, Новосибирская область, г. Новосибирск,"," ул. Гоголя, д. 23, оф. 5",,Новоселов А.В.,,,,,,3.Электрокомплектсервис ЗАО (Электрика 3),,,,,,5407159273,540601001,Адресный СКЛАД РЦ (WMS),ЭКС-000005847   ,,,0.00000,0.00000,Змеевский Л.В.,9f2f68fd-739f-4241-9402-b92f0e01a9a8,2026-03-23 12:37:23,,
306353,New,Processed,,ЭКС,WH1,,,,,,,ЭКС-000005753   ,,,,100,O00000008297    ,,2026-03-20 10:46:00,EKS000005753    ,СП,Закупка,,,,,,,,,,,,,,,,"117292, г. Москва, вн.тер.г. муниципальный округ"," Академический, ул. Ивана Бабушкина, д.23, корп.4",", помещение 2/П",Дортман А.П.,,,,,,Элевел Инженер АО,,,,,,5001112612,772801001,Адресный СКЛАД РЦ (WMS),ЭКС-000007248   ,,,0.00000,0.00000,Сагайдак Р.С.,b52bdc52-baa9-4534-9074-fed895929c2f,2026-03-23 12:51:34,,
306354,New,Processed,,ЭКС,WH1,,,,,,,ЭКС-000005754   ,,,,100,O00000008519    ,,2026-03-23 12:15:00,EKS000005754    ,СП,Закупка,,,,,,,,,,,,,,,,"305044, Курская область, город Курск, ул. 2-я"," Рабочая, д. 23, помещение В1, помещение 2/2",,Самоличенко В.А.,,,,,,"Курский электроаппаратный  завод ООО (ООО""КЭАЗ"")",,,,,,4632025039,463201001,Адресный СКЛАД РЦ (WMS),ЭКС-000007441   ,,,0.00000,0.00000,Сагайдак Р.С.,da2fb5d9-bb13-4c5a-8441-49040f62dc35,2026-03-23 13:17:08,,
306355,New,Processed,,ЭКС,WH1,,,,,,,ЭКС-000005755   ,,,,100,O00000007892    ,,2026-03-27 00:00:00,EKS000005755    ,СП,Кросс-докинг,,,,,,,,,,,,,,,,"127018, г. Москва, г. Москва, ул. Двинцев, д. 12,", оф. 15,,Куграшова О.В.,,,,,,СИСТЭМ ЭЛЕКТРИК АО (ранее Шнейдер Электрик АО до 2,,,,,СИСТЭМ ЭЛЕКТРИК АО (ранее,7712092928,997150001,Адресный СКЛАД РЦ (WMS),ЭКС-000006866   ,,,0.00000,0.00000,Манохин А.С.,93b8812f-7fe4-4b55-b7b9-ad66895d9527,2026-03-23 13:27:38,,
306356,New,Processed,,ЭКС,WH1,,,,,,,ЭКС-000005756   ,,,,100,O00000008229    ,,2026-03-29 00:00:00,EKS000005756    ,СП,Кросс-докинг,,,,,,,,,,,,,,,,"127018, г. Москва, г. Москва, ул. Двинцев, д. 12,", оф. 15,,Куграшова О.В.,,,,,,СИСТЭМ ЭЛЕКТРИК АО (ранее Шнейдер Электрик АО до 2,,,,,СИСТЭМ ЭЛЕКТРИК АО (ранее,7712092928,997150001,Адресный СКЛАД РЦ (WMS),ЭКС-000007197   ,,,0.00000,0.00000,Манохин А.С.,660ff99b-4c44-48a2-b720-1d2284ccdff9,2026-03-23 13:29:03,,
306357,New,Processed,,ЭКС,WH1,,,,,,,ЭКС-000005757   ,,,,100,O00000008538    ,,2026-03-29 00:00:00,EKS000005757    ,СП,Закупка,,,,,,,,,,,,,,,,"127018, г. Москва, г. Москва, ул. Двинцев, д. 12,", оф. 15,,Куграшова О.В.,,,,,,СИСТЭМ ЭЛЕКТРИК АО (ранее Шнейдер Электрик АО до 2,,,,,,7712092928,997150001,Адресный СКЛАД РЦ (WMS),ЭКС-000007196   ,,,0.00000,0.00000,Сагайдак Р.С.,558de552-c2d7-40b4-99ee-b5353fbe71f4,2026-03-23 13:31:02,,
306358,New,Processed,,ЭКС,WH1,,,,,,,ЭКС-000005758   ,,,,100,O00000008248    ,,2026-03-20 08:37:00,EKS000005758    ,СП,Закупка,,,,,,,,,,,,,,,,"142700, Московская область, г. Видное, ул."," Радиальная 3-я, д. 8, помещ. 1-Н, комн 2",,Петров И.В.,,,,,,МИР ИНСТРУМЕНТА ООО,,,,,,7722537534,774950001,Адресный СКЛАД РЦ (WMS),ЭКС-000007206   ,,,0.00000,0.00000,Савицкий А.В.,c0e236a0-06db-4ff8-be26-525ab4520070,2026-03-23 13:32:54,,
306359,New,Processed,,ЭКС,WH1,,,,,,,ЭКС-000005759   ,,,,100,O00000008508    ,,2026-03-23 11:51:00,EKS000005759    ,СП,Закупка,,,,,,,,,,,,,,,,"191144, г. Санкт-Петербург, ул. Советская, д. 44,", оф. литера Б. помещ.6-Н,,Дунав М.И.,,,,,,ТД Электротехмонтаж АО,,,,,,7842224734,784201001,Адресный СКЛАД РЦ (WMS),ЭКС-000007434   ,,,0.00000,0.00000,Сагайдак Р.С.,43e1f1e5-0b4e-4a93-a538-3adc50e992f9,2026-03-23 13:34:16,,
306360,New,Processed,,ЭКС,WH1,,,,,,,ЭКС-000005760   ,,,,100,O00000008535    ,,2026-03-23 11:49:00,EKS000005760    ,СП,Закупка,,,,,,,,,,,,,,,,"191144, г. Санкт-Петербург, ул. Советская, д. 44,", оф. литера Б. помещ.6-Н,,Лихушина Н.И.,,,,,,ТД Электротехмонтаж АО,,,,,,7842224734,784201001,Адресный СКЛАД РЦ (WMS),ЭКС-000007433   ,,,0.00000,0.00000,Сагайдак Р.С.,1c64d736-c21d-4c2b-9cc2-1427c379b3b0,2026-03-23 13:35:07,,
306361,New,Processed,,ЭКС,WH1,,,,,,,ЭКС-000005761   ,,,,100,O00000008536    ,,2026-03-23 11:53:00,EKS000005761    ,СП,Закупка,,,,,,,,,,,,,,,,"191144, г. Санкт-Петербург, ул. Советская, д. 44,", оф. литера Б. помещ.6-Н,,Лихушина Н.И.,,,,,,ТД Электротехмонтаж АО,,,,,,7842224734,784201001,Адресный СКЛАД РЦ (WMS),ЭКС-000007435   ,,,0.00000,0.00000,Сагайдак Р.С.,1c64d736-c21d-4c2b-9cc2-1427c379b3b0,2026-03-23 13:35:18,,
306362,New,Processed,,ЭКС,WH1,,,,,,,ЭКС-000005762   ,,,,100,O00000008525    ,,2026-03-23 12:32:00,EKS000005762    ,СП,Закупка,,,,,,,,,,,,,,,,"630088, г. Новосибирск, ул. Петухова, 69, офис 1",,,Иваненко П.В.,,,,,,НЭМЗ ИНЖИНИРИНГ ООО,,,,,,5403054262,540301001,Адресный СКЛАД РЦ (WMS),ЭКС-000007445   ,,,0.00000,0.00000,Сагайдак Р.С.,ee89fa92-14cc-4d70-864d-6f4112e08ffe,2026-03-23 13:55:57,,
306363,New,Processed,,ЭКС,WH1,,,,,,,ЭКС-000005763   ,,,,100,O00000008526    ,,2026-03-23 12:33:00,EKS000005763    ,СП,Закупка,,,,,,,,,,,,,,,,"630088, г. Новосибирск, ул. Петухова, 69, офис 1",,,Иваненко П.В.,,,,,,НЭМЗ ИНЖИНИРИНГ ООО,,,,,,5403054262,540301001,Адресный СКЛАД РЦ (WMS),ЭКС-000007446   ,,,0.00000,0.00000,Сагайдак Р.С.,ee89fa92-14cc-4d70-864d-6f4112e08ffe,2026-03-23 13:56:03,,
306364,New,Processed,,ЭКС,WH1,,,,,,,ЭКС-000005764   ,,,,100,O00000008555    ,,2026-03-23 13:33:00,EKS000005764    ,СП,Закупка,,,,,,,,,,,,,,,,"630025, Новосибирская область, г. Новосибирск,"," ул. 2-я Складская, д. 2 корп. 3, оф. 1",,Петров И.В.,,,,,,СИБИРЬ-ЗИТАР ООО,,,,,,5404505197,540901001,Адресный СКЛАД РЦ (WMS),ЭКС-000007461   ,,,0.00000,0.00000,Сагайдак Р.С.,76eb9c5e-ae5e-446c-82e9-2754842af2a6,2026-03-23 14:10:27,,
306365,New,Processed,,ЭКС,WH1,,26-02951005073 ,,,,,ЭКС-000005765   ,,,,100,O00000008457    ,,2026-03-23 12:34:00,EKS000005765    ,СП,Закупка,,,,,,,,,,,,,,,,"630007, Новосибирская область, г. Новосибирск,"," ул. Фабричная, д. 11, оф. 2",,Шаповалов П.Г.,,,,,,СНАБСИБЭЛЕКТРО  ООО (новый),,,,,Деловые Линии ООО,7714790036,540701001,Адресный СКЛАД РЦ (WMS),ЭКС-000006381   ,,,0.00000,0.00000,Манева Ю.А.,fa558c09-26e8-444e-992d-c81ded2aac1e,2026-03-23 14:12:27,,
306366,New,Processed,,ЭКС,WH1,,26-02551041564,,,,,ЭКС-000005766   ,,,,100,O00000008383    ,,2026-03-23 09:39:00,EKS000005766    ,СП,Закупка,,,,,,,,,,,,,,,,"129226, г. Москва, г. Москва, ул."," Сельскохозяйственная, д. 16А, оф. 4/1/13",,Самоличенко В.А.,,,,,,Элком-Электро ООО,,,,,Деловые Линии ООО,7703214111,771701001,Адресный СКЛАД РЦ (WMS),ЭКС-000007409   ,,,0.00000,0.00000,Манева Ю.А.,add24049-480d-421c-a982-71bad07b6580,2026-03-23 14:17:35,,
306367,New,Processed,,ЭКС,WH1,,26-02551041564,,,,,ЭКС-000005767   ,,,,100,O00000008383    ,,2026-03-23 09:47:00,EKS000005767    ,СП,Закупка,,,,,,,,,,,,,,,,"129226, г. Москва, г. Москва, ул."," Сельскохозяйственная, д. 16А, оф. 4/1/13",,Третьяков С.М.,,,,,,Элком-Электро ООО,,,,,Деловые Линии ООО,7703214111,771701001,Адресный СКЛАД РЦ (WMS),ЭКС-000007410   ,,,0.00000,0.00000,Манева Ю.А.,add24049-480d-421c-a982-71bad07b6580,2026-03-23 14:17:47,,
306368,New,Processed,,ЭКС,WH1,,,,,,,ЭКС-000005768   ,,,,100,O00000008296    ,,2026-03-23 10:42:00,EKS000005768    ,СП,Закупка,,,,,,,,,,,,,,,,"630007, Новосибирская область, г. Новосибирск,"," ул. Фабричная, д. 11, оф. 2",,Любаева С.В.,,,,,,СНАБСИБЭЛЕКТРО  ООО (новый),,,,,,7714790036,540701001,Адресный СКЛАД РЦ (WMS),ЭКС-000007246   ,,,0.00000,0.00000,Сагайдак Р.С.,278217e0-9a1b-408f-b86a-ba496ff0ad7f,2026-03-23 14:24:49,,
306369,New,Processed,,ЭКС,WH1,,,,,,,ЭКС-000005769   ,,,,100,O00000008556    ,,2026-03-23 13:58:00,EKS000005769    ,СП,Закупка,,,,,,,,,,,,,,,,"630007, Новосибирская область, г. Новосибирск,"," ул. Фабричная, д. 11, оф. 2",,Шаповалов П.Г.,,,,,,СНАБСИБЭЛЕКТРО  ООО (новый),,,,,,7714790036,540701001,Адресный СКЛАД РЦ (WMS),ЭКС-000007464   ,,,0.00000,0.00000,Сагайдак Р.С.,278217e0-9a1b-408f-b86a-ba496ff0ad7f,2026-03-23 14:24:54,,
306370,New,Processed,,ЭКС,WH1,,,,,,,ЭКС-000005770   ,,,,100,O00000008558    ,,2026-03-23 14:09:00,EKS000005770    ,СП,Закупка,,,,,,,,,,,,,,,,"630007, Новосибирская область, г. Новосибирск,"," ул. Фабричная, д. 11, оф. 2",,Третьяков С.М.,,,,,,СНАБСИБЭЛЕКТРО  ООО (новый),,,,,,7714790036,540701001,Адресный СКЛАД РЦ (WMS),ЭКС-000007466   ,,,0.00000,0.00000,Сагайдак Р.С.,8e18337b-c3fb-4650-81f8-49e3e05fa681,2026-03-23 14:25:02,,
306371,New,Processed,,ЭКС,WH1,,,,,,,ЭКС-000005771   ,,,,100,O00000008559    ,,2026-03-23 14:12:00,EKS000005771    ,СП,Закупка,,,,,,,,,,,,,,,,"630007, Новосибирская область, г. Новосибирск,"," ул. Фабричная, д. 11, оф. 2",,Косова Т.В.,,,,,,СНАБСИБЭЛЕКТРО  ООО (новый),,,,,,7714790036,540701001,Адресный СКЛАД РЦ (WMS),ЭКС-000007467   ,,,0.00000,0.00000,Сагайдак Р.С.,8e18337b-c3fb-4650-81f8-49e3e05fa681,2026-03-23 14:25:08,,
306372,New,Processed,,ЭКС,WH1,,,,,,,ЭКС-000005772   ,,,,100,O00000008560    ,,2026-03-23 14:12:00,EKS000005772    ,СП,Закупка,,,,,,,,,,,,,,,,"630007, Новосибирская область, г. Новосибирск,"," ул. Фабричная, д. 11, оф. 2",,Козлова М.А.,,,,,,СНАБСИБЭЛЕКТРО  ООО (новый),,,,,,7714790036,540701001,Адресный СКЛАД РЦ (WMS),ЭКС-000007473   ,,,0.00000,0.00000,Сагайдак Р.С.,8e18337b-c3fb-4650-81f8-49e3e05fa681,2026-03-23 14:25:14,,
306373,New,Processed,,ЭКС,WH1,,,,,,,ЭКС-000005773   ,,,,100,O00000008351    ,,2026-03-20 14:09:00,EKS000005773    ,СП,Закупка,,,,,,,,,,,,,,,,"630007, Новосибирская область, г. Новосибирск,"," ул. Фабричная, д. 11, оф. 2",,Лихушина Н.И.,,,,,,СНАБСИБЭЛЕКТРО  ООО (новый),,,,,,7714790036,540701001,Адресный СКЛАД РЦ (WMS),ЭКС-000007290   ,,,0.00000,0.00000,Сагайдак Р.С.,47a1c8ac-a5d7-46a4-8f37-1eb5389c2e3b,2026-03-23 14:27:29,,
306374,New,Processed,,ЭКС,WH1,,,,,,,ЭКС-000005774   ,,,,100,O00000008438    ,,2026-03-16 15:25:00,EKS000005774    ,СП,Закупка,,,,,,,,,,,,,,,,"г.Пермь., ул. Деревообделочная, д.8, оф. 404",,,Лихушина Н.И.,,,,,,"ООО ""РЕСУРС ПРИКАМЬЯ""",,,,,,5903132590,590301001,Адресный СКЛАД РЦ (WMS),ЭКС-000006579   ,,,0.00000,0.00000,Манева Ю.А.,b43c535e-939d-48c2-8c45-8b9f46fd785a,2026-03-23 14:33:37,,
306375,New,Processed,,ЭКС,WH1,,,,,,,ЭКС-000005775   ,,,,100,O00000008547    ,,2026-03-23 13:41:00,EKS000005775    ,СП,Закупка,,,,,,,,,,,,,,,,"143003, Московская область, г.о. Одинцовский, г."," Одинцово, ул. Маршала Бирюзова, д. 12, оф. 10",6,Косова Т.В.,,,,,,Орион ООО   (ЭРА) новый (до 01/10/24- ВИП Маркет,,,,,,5032161850,503201001,Адресный СКЛАД РЦ (WMS),ЭКС-000007459   ,,,0.00000,0.00000,Сагайдак Р.С.,3cdd92b2-6ca3-44ba-9d15-bbf851764147,2026-03-23 14:46:31,,
306376,New,Processed,,ЭКС,WH1,,,,,,,ЭКС-000005776   ,,,,100,O00000008546    ,,2026-03-23 13:39:00,EKS000005776    ,СП,Закупка,,,,,,,,,,,,,,,,"143003, Московская область, г.о. Одинцовский, г."," Одинцово, ул. Маршала Бирюзова, д. 12, оф. 10",6,Косова Т.В.,,,,,,Орион ООО   (ЭРА) новый (до 01/10/24- ВИП Маркет,,,,,,5032161850,503201001,Адресный СКЛАД РЦ (WMS),ЭКС-000007458   ,,,0.00000,0.00000,Сагайдак Р.С.,3cdd92b2-6ca3-44ba-9d15-bbf851764147,2026-03-23 14:46:41,,
306377,New,Processed,,ЭКС,WH1,,,,,,,ЭКС-000005777   ,,,,100,O00000008545    ,,2026-03-23 13:38:00,EKS000005777    ,СП,Закупка,,,,,,,,,,,,,,,,"143003, Московская область, г.о. Одинцовский, г."," Одинцово, ул. Маршала Бирюзова, д. 12, оф. 10",6,Косова Т.В.,,,,,,Орион ООО   (ЭРА) новый (до 01/10/24- ВИП Маркет,,,,,,5032161850,503201001,Адресный СКЛАД РЦ (WMS),ЭКС-000007457   ,,,0.00000,0.00000,Сагайдак Р.С.,3cdd92b2-6ca3-44ba-9d15-bbf851764147,2026-03-23 14:46:52,,
306378,New,Processed,,ЭКС,WH1,,,,,,,ЭКС-000005778   ,,,,100,O00000008543    ,,2026-03-23 13:36:00,EKS000005778    ,СП,Закупка,,,,,,,,,,,,,,,,"143003, Московская область, г.о. Одинцовский, г."," Одинцово, ул. Маршала Бирюзова, д. 12, оф. 10",6,Косова Т.В.,,,,,,Орион ООО   (ЭРА) новый (до 01/10/24- ВИП Маркет,,,,,,5032161850,503201001,Адресный СКЛАД РЦ (WMS),ЭКС-000007456   ,,,0.00000,0.00000,Сагайдак Р.С.,021333b5-02ac-4853-9124-ff3bb1d1104a,2026-03-23 14:47:10,,
306379,New,Processed,,ЭКС,WH1,,,,,,,ЭКС-000005779   ,,,,100,O00000008542    ,,2026-03-23 13:35:00,EKS000005779    ,СП,Закупка,,,,,,,,,,,,,,,,"143003, Московская область, г.о. Одинцовский, г."," Одинцово, ул. Маршала Бирюзова, д. 12, оф. 10",6,Косова Т.В.,,,,,,Орион ООО   (ЭРА) новый (до 01/10/24- ВИП Маркет,,,,,,5032161850,503201001,Адресный СКЛАД РЦ (WMS),ЭКС-000007455   ,,,0.00000,0.00000,Сагайдак Р.С.,021333b5-02ac-4853-9124-ff3bb1d1104a,2026-03-23 14:47:19,,
306380,New,Processed,,ЭКС,WH1,,,,,,,ЭКС-000005780   ,,,,100,O00000008541    ,,2026-03-23 13:34:00,EKS000005780    ,СП,Закупка,,,,,,,,,,,,,,,,"143003, Московская область, г.о. Одинцовский, г."," Одинцово, ул. Маршала Бирюзова, д. 12, оф. 10",6,Косова Т.В.,,,,,,Орион ООО   (ЭРА) новый (до 01/10/24- ВИП Маркет,,,,,,5032161850,503201001,Адресный СКЛАД РЦ (WMS),ЭКС-000007454   ,,,0.00000,0.00000,Сагайдак Р.С.,021333b5-02ac-4853-9124-ff3bb1d1104a,2026-03-23 14:47:29,,
306381,New,Processed,,ЭКС,WH1,,,,,,,ЭКС-000005781   ,,,,100,O00000008550    ,,2026-03-23 13:44:00,EKS000005781    ,СП,Закупка,,,,,,,,,,,,,,,,"143003, Московская область, г.о. Одинцовский, г."," Одинцово, ул. Маршала Бирюзова, д. 12, оф. 10",6,Косова Т.В.,,,,,,Орион ООО   (ЭРА) новый (до 01/10/24- ВИП Маркет,,,,,,5032161850,503201001,Адресный СКЛАД РЦ (WMS),ЭКС-000007460   ,,,0.00000,0.00000,Сагайдак Р.С.,314d3482-b80c-435f-b476-f76fef60463f,2026-03-23 14:50:29,,
306382,New,Processed,,ЭКС,WH1,,,,,,,ЭКС-000005782   ,,,,100,O00000008574    ,,2026-03-27 14:21:00,EKS000005782    ,СП,Закупка,,,,,,,,,,,,,,,,"170017, Тверская область, г. Тверь, ул. Бочкина,", д. 15,,Гилета О.В.,,,,,,Диэлектрические кабельные системы АО (ДКС),,,,,,6905062011,695001001,Адресный СКЛАД РЦ (WMS),ЭКС-000007475   ,,,0.00000,0.00000,Сагайдак Р.С.,fcd4bf14-cc4b-4201-944e-f66096703ccc,2026-03-23 15:29:40,,
306383,New,Processed,,ЭКС,WH1,,,,,,,ЭКС-000005783   ,,,,100,O00000008577    ,,2026-03-27 14:21:00,EKS000005783    ,СП,Закупка,,,,,,,,,,,,,,,,"170017, Тверская область, г. Тверь, ул. Бочкина,", д. 15,,Гилета О.В.,,,,,,Диэлектрические кабельные системы АО (ДКС),,,,,,6905062011,695001001,Адресный СКЛАД РЦ (WMS),ЭКС-000007483   ,,,0.00000,0.00000,Сагайдак Р.С.,fcd4bf14-cc4b-4201-944e-f66096703ccc,2026-03-23 15:29:49,,
306384,New,Processed,,ЭКС,WH1,,,,,,,ЭКС-000005784   ,,,,100,O00000008552    ,,2026-03-23 13:56:00,EKS000005784    ,СП,Закупка,,,,,,,,,,,,,,,,"142100, Московская область, г Подольск, пр-кт"," Ленина, д. 107/49, офис 457",,Шаповалов П.Г.,,,,,,ИЭК ХОЛДИНГ АО,,,,,,5074092485,507401001,Адресный СКЛАД РЦ (WMS),ЭКС-000007468   ,,,0.00000,0.00000,Сагайдак Р.С.,0f57eac7-6009-4ec4-9d8c-e4272fb2af22,2026-03-23 15:48:11,,
306385,New,Processed,,ЭКС,WH1,,,,,,,ЭКС-000005785   ,,,,100,O00000008553    ,,2026-03-23 13:56:00,EKS000005785    ,СП,Закупка,,,,,,,,,,,,,,,,"142100, Московская область, г Подольск, пр-кт"," Ленина, д. 107/49, офис 457",,Шаповалов П.Г.,,,,,,ИЭК ХОЛДИНГ АО,,,,,,5074092485,507401001,Адресный СКЛАД РЦ (WMS),ЭКС-000007469   ,,,0.00000,0.00000,Сагайдак Р.С.,0f57eac7-6009-4ec4-9d8c-e4272fb2af22,2026-03-23 15:48:20,,
306386,New,Processed,,ЭКС,WH1,,,,,,,ЭКС-000005786   ,,,,100,O00000008554    ,,2026-03-23 13:56:00,EKS000005786    ,СП,Закупка,,,,,,,,,,,,,,,,"142100, Московская область, г Подольск, пр-кт"," Ленина, д. 107/49, офис 457",,Шаповалов П.Г.,,,,,,ИЭК ХОЛДИНГ АО,,,,,,5074092485,507401001,Адресный СКЛАД РЦ (WMS),ЭКС-000007470   ,,,0.00000,0.00000,Сагайдак Р.С.,0f57eac7-6009-4ec4-9d8c-e4272fb2af22,2026-03-23 15:48:27,,
306387,New,Processed,,ЭКС,WH1,,,,,,,ЭКС-000005787   ,,,,100,O00000008586    ,,2026-03-23 16:03:00,EKS000005787    ,СП,Закупка,,,,,,,,,,,,,,,,"129110, г Москва ул. Гиляровского, д.39, стр.1",,,Любаева С.В.,,,,,,1.ЧИП и ДИП АО ,,,,,,7729108750,772901001,Адресный СКЛАД РЦ (WMS),ЭКС-000005789   ,,,0.00000,0.00000,Сагайдак Р.С.,200f4ac0-cc75-4315-b190-d3b6c3b94506,2026-03-23 16:06:34,,
306388,New,Processed,,ЭКС,WH1,,,,,,,ЭКС-000005788   ,,,,100,O00000008582    ,,2026-03-23 14:58:00,EKS000005788    ,СП,Закупка,,,,,,,,,,,,,,,,"635012 НСО, г. Новосибирск, с. Марусино, ул.", Строителей 1А,,Петров И.В.,,,,,,ЗУБР НСК ООО (Ювента),,,,,,5410138957,541001001,Адресный СКЛАД РЦ (WMS),ЭКС-000007486   ,,,0.00000,0.00000,Сагайдак Р.С.,b4db4da5-69e7-471f-8466-2b0bacbdf4a7,2026-03-23 16:12:51,,
306389,New,Processed,,ЭКС,WH1,,,,,,,ЭКС-000005789   ,,,,100,O00000007426    ,,2026-03-22 00:00:00,EKS000005789    ,СП,Кросс-докинг,,,,,,,,,,,,,,,,"127018, г. Москва, г. Москва, ул. Двинцев, д. 12,", оф. 15,,Куграшова О.В.,,,,,,СИСТЭМ ЭЛЕКТРИК АО (ранее Шнейдер Электрик АО до 2,,,,,СИСТЭМ ЭЛЕКТРИК АО (ранее,7712092928,997150001,Адресный СКЛАД РЦ (WMS),ЭКС-000006469   ,,,0.00000,0.00000,Сагайдак Р.С.,1ff93acb-9c18-4288-a4fa-069d937d06b2,2026-03-23 17:15:27,,
306390,New,Processed,,ЭКС,WH1,,,,,,,ЭКС-000005790   ,,,,100,O00000007276    ,,2026-03-21 00:00:00,EKS000005790    ,СП,Кросс-докинг,,,,,,,,,,,,,,,,"127018, г. Москва, г. Москва, ул. Двинцев, д. 12,", оф. 15,,Куграшова О.В.,,,,,,СИСТЭМ ЭЛЕКТРИК АО (ранее Шнейдер Электрик АО до 2,,,,,СИСТЭМ ЭЛЕКТРИК АО (ранее,7712092928,997150001,Адресный СКЛАД РЦ (WMS),ЭКС-000006343   ,,,0.00000,0.00000,Сагайдак Р.С.,1ff93acb-9c18-4288-a4fa-069d937d06b2,2026-03-23 17:15:32,,
306391,New,Processed,,ЭКС,WH1,,,,,,,ЭКС-000005791   ,,,,100,O00000007422    ,,2026-03-22 00:00:00,EKS000005791    ,СП,Кросс-докинг,,,,,,,,,,,,,,,,"127018, г. Москва, г. Москва, ул. Двинцев, д. 12,", оф. 15,,Куграшова О.В.,,,,,,СИСТЭМ ЭЛЕКТРИК АО (ранее Шнейдер Электрик АО до 2,,,,,СИСТЭМ ЭЛЕКТРИК АО (ранее,7712092928,997150001,Адресный СКЛАД РЦ (WMS),ЭКС-000006465   ,,,0.00000,0.00000,Сагайдак Р.С.,1ff93acb-9c18-4288-a4fa-069d937d06b2,2026-03-23 17:15:38,,
306392,New,Processed,,ЭКС,WH1,,,,,,,ЭКС-000005792   ,,,,100,O00000008522    ,,2026-03-23 12:23:00,EKS000005792    ,СП,Закупка,,,,,,,,,,,,,,,,"119049, Москва г, Большая Якиманка ул, дом 35,"," строение 1,
этаж 3, помещение 1, комната 4",,Петров И.В.,,,,,,Р-Климат,,,,,,7706739893,770601001,Адресный СКЛАД РЦ (WMS),ЭКС-000007443   ,,,0.00000,0.00000,Сагайдак Р.С.,28fb0de8-738e-4987-a6c8-84e2a218a675,2026-03-23 18:07:56,,
306393,New,Processed,,ЭКС,WH1,,,,,,,ЭКС-000005793   ,,,,100,O00000008528    ,,2026-03-23 12:34:00,EKS000005793    ,СП,Закупка,,,,,,,,,,,,,,,,"119049, Москва г, Большая Якиманка ул, дом 35,"," строение 1,
этаж 3, помещение 1, комната 4",,Петров И.В.,,,,,,Р-Климат,,,,,,7706739893,770601001,Адресный СКЛАД РЦ (WMS),ЭКС-000007444   ,,,0.00000,0.00000,Сагайдак Р.С.,28fb0de8-738e-4987-a6c8-84e2a218a675,2026-03-23 18:08:02,,
306394,New,Processed,,ЭКС,WH1,,,,,,,ЭКС-000005794   ,,,,100,O00000008529    ,,2026-03-23 12:34:00,EKS000005794    ,СП,Закупка,,,,,,,,,,,,,,,,"119049, Москва г, Большая Якиманка ул, дом 35,"," строение 1,
этаж 3, помещение 1, комната 4",,Петров И.В.,,,,,,Р-Климат,,,,,,7706739893,770601001,Адресный СКЛАД РЦ (WMS),ЭКС-000007447   ,,,0.00000,0.00000,Сагайдак Р.С.,af434fa3-1d40-46f4-b328-b8204367ea0d,2026-03-23 18:08:18,,
306395,New,Processed,,ЭКС,WH1,,,,,,,ЭКС-000005795   ,,,,100,,,2026-03-24 08:19:10,EKS000005795    ,СП,Возврат-Филиал,,,,,,,,,,,,,,,,"630005, Новосибирская область, г. Новосибирск,"," ул. Гоголя, д. 23, оф. 5",,Новоселов А.В.,,,,,,КРАСНОЯРСК Электрокомплектсервис(КР_РСК),,,,,,5407159273,246345001,Адресный склад БРАКА (WMS,ЭКС-000005818   ,,,0.00000,0.00000,Сагайдак Р.С.,7c6f4c66-dca7-4e02-a2a5-732e0030b301,2026-03-24 08:19:34,,
306396,New,Processed,,ЭКС,WH1,,,,,,,ЭКС-000005796   ,,,,100,O00000008501    ,,2026-03-23 09:57:00,EKS000005796    ,СП,Закупка,,,,,,,,,,,,,,,,"630084, Новосибирская обл., г.Новосибирск,"," ул.Авиастроителей, дом №26, помещение  34",,Косолапова Л.В.,,,,,,ВИРА-ГРУПП ООО,,,,,Спирин Антон Алексеевич И,5401959523,540101001,Адресный СКЛАД РЦ (WMS),ЭКС-000007413   ,,,0.00000,0.00000,Сагайдак Р.С.,6c95991e-bb74-4f8a-a516-8765b9d2b92e,2026-03-24 08:36:29,,
306397,New,Processed,,ЭКС,WH1,,,,,,,ЭКС-000005797   ,,,,100,O00000008501    ,,2026-03-23 10:44:00,EKS000005797    ,СП,Закупка,,,,,,,,,,,,,,,,"630084, Новосибирская обл., г.Новосибирск,"," ул.Авиастроителей, дом №26, помещение  34",,Косолапова Л.В.,,,,,,ВИРА-ГРУПП ООО,,,,,Спирин Антон Алексеевич И,5401959523,540101001,Адресный СКЛАД РЦ (WMS),ЭКС-000007421   ,,,0.00000,0.00000,Сагайдак Р.С.,6c95991e-bb74-4f8a-a516-8765b9d2b92e,2026-03-24 08:36:32,,
306398,New,Processed,,ЭКС,WH1,,,,,,,ЭКС-000005798   ,,,,100,O00000008502    ,,2026-03-23 10:36:00,EKS000005798    ,СП,Закупка,,,,,,,,,,,,,,,,"127410 г.Москва, Алтуфьевское шоссе, д.41",,,Козлова М.А.,,,,,,Тайле Рус,,,,,Спирин Антон Алексеевич И,7715603560,771501001,Адресный СКЛАД РЦ (WMS),ЭКС-000007420   ,,,0.00000,0.00000,Сагайдак Р.С.,6c95991e-bb74-4f8a-a516-8765b9d2b92e,2026-03-24 08:36:40,,
306399,New,Processed,,ЭКС,WH1,,,,,,,ЭКС-000005799   ,,,,100,O00000008503    ,,2026-03-23 17:32:00,EKS000005799    ,СП,Закупка,,,,,,,,,,,,,,,,"630090, Новосибирская область, г. Новосибирск,"," ул. Николаева, д. 11/5, оф. 817",,Аверин А.И.,,,,,,Приборика ООО,,,,,Спирин Антон Алексеевич И,5408223796,540801001,Адресный СКЛАД РЦ (WMS),ЭКС-000007350   ,,,0.00000,0.00000,Сагайдак Р.С.,6c95991e-bb74-4f8a-a516-8765b9d2b92e,2026-03-24 08:36:46,,
306400,New,Processed,,ЭКС,WH1,,,,,,,ЭКС-000005800   ,,,,100,O00000008500    ,,2026-03-24 08:36:00,EKS000005800    ,СП,Закупка,,,,,,,,,,,,,,,,"630099, Новосибирская область, г. Новосибирск,"," пер. Чаплыгина, д. 2/1, оф. 503",,Петров И.В.,,,,,,"ТОРГОВЫЙ ДОМ ""ТОР"" ООО",,,,,Спирин Антон Алексеевич И,5405963778,540701001,Адресный СКЛАД РЦ (WMS),ЭКС-000007530   ,,,0.00000,0.00000,Сагайдак Р.С.,f945675f-4961-4992-ab67-8455a44fe9e4,2026-03-24 08:48:08,,
306401,New,Processed,,ЭКС,WH1,,,,,,,ЭКС-000005801   ,,,,100,O00000008615    ,,2026-03-24 08:43:00,EKS000005801    ,СП,Закупка,,,,,,,,,,,,,,,,"636462, Томская область,г.Колпашево, ул.Обская", 67/1,,Дунав М.И.,,,,,,ЗАО Металлист ,,,,,,7007000059,700701001,Адресный СКЛАД РЦ (WMS),ЭКС-000007531   ,,,0.00000,0.00000,Змеевский Л.В.,5a4d922e-0b70-48df-aa2b-3305b5717f1c,2026-03-24 09:09:30,,
306402,New,Processed,,ЭКС,WH1,,,,,,,ЭКС-000005802   ,,,,100,O00000008623    ,,2026-03-26 09:29:00,EKS000005802    ,СП,Закупка,,,,,,,,,,,,,,,,"109431, РФ, г. Москва, ул. Привольная, д.70, этаж"," 5, помещение №25, офис №825",,Козлова М.А.,,,,,,СМАРТ ХИТ ООО,,,,,,7713770333,772101001,Адресный СКЛАД РЦ (WMS),ЭКС-000007060   ,,,0.00000,0.00000,Сагайдак Р.С.,6f85e7e4-d42c-4921-935f-2173203df990,2026-03-24 09:18:52,,
306403,New,Processed,,ЭКС,WH1,,26-12571216865,,,,,ЭКС-000005803   ,,,,100,O00000008573    ,,2026-03-31 00:00:00,EKS000005803    ,СП,Кросс-докинг,,,,,,,,,,,,,,,,"101000, г. Москва, пер. Уланский, д. 22 стр.1,"," пом.I,эт.5, оф. 501",,Кузьмин М.С.,,,,,,Арлайт РУС ООО,,,,,Деловые Линии ООО,7743089178,770801001,Адресный СКЛАД РЦ (WMS),ЭКС-000006890   ,,,0.00000,0.00000,Безруков Н.В.,07fe99f3-3678-4ede-9916-759589669765,2026-03-24 09:30:00,,
306404,New,Processed,,ЭКС,WH1,,26-03681048622,,,,,ЭКС-000005804   ,,,,100,O00000008576    ,,2026-03-24 12:27:00,EKS000005804    ,СП,Закупка,,,,,,,,,,,,,,,,"117485, г. Москва, ул. Обручева, д. 30/1, оф. _",,,Куграшова О.В.,,,,,,Вольтум,,,,,Деловые Линии ООО,9728140546,772801001,Адресный СКЛАД РЦ (WMS),ЭКС-000006828   ,,,0.00000,0.00000,Савицкий А.В.,aa6f845b-6c65-4da0-a1c0-2a4d803e4d9d,2026-03-24 09:33:02,,
306405,New,Processed,,ЭКС,WH1,,26-02601039757,,,,,ЭКС-000005805   ,,,,100,O00000008579    ,,2026-03-21 17:05:00,EKS000005805    ,СП,Закупка,,,,,,,,,,,,,,,,"141580 Московская обл.Солнечногорский р-н, Черная", грязь 65,,Третьяков С.М.,,,,,,МФК Техэнерго ООО,,,,,Деловые Линии ООО,7715215141,504401001,Адресный СКЛАД РЦ (WMS),ЭКС-000007043   ,,,0.00000,0.00000,Сагайдак Р.С.,aa6f845b-6c65-4da0-a1c0-2a4d803e4d9d,2026-03-24 09:33:24,,
306406,New,Processed,,ЭКС,WH1,,26-02601039757,,,,,ЭКС-000005806   ,,,,100,O00000008579    ,,2026-03-21 17:05:00,EKS000005806    ,СП,Закупка,,,,,,,,,,,,,,,,"141580 Московская обл.Солнечногорский р-н, Черная", грязь 65,,Третьяков С.М.,,,,,,МФК Техэнерго ООО,,,,,Деловые Линии ООО,7715215141,504401001,Адресный СКЛАД РЦ (WMS),ЭКС-000007044   ,,,0.00000,0.00000,Сагайдак Р.С.,aa6f845b-6c65-4da0-a1c0-2a4d803e4d9d,2026-03-24 09:33:28,,
306407,New,Processed,,ЭКС,WH1,,26-02441217412,,,,,ЭКС-000005807   ,,,,100,O00000008578    ,,2026-03-23 14:29:00,EKS000005807    ,СП,Закупка,,,,,,,,,,,,,,,,"109518, г. Москва, бульвар Волжский, д. 5, корп. 1",,,Третьяков С.М.,,,,,,ПО Электротехник ЗАО,,,,,Деловые Линии ООО,7721249325,772101001,Адресный СКЛАД РЦ (WMS),ЭКС-000006849   ,,,0.00000,0.00000,Сагайдак Р.С.,07841caf-1b96-491c-8e8a-18f52d511351,2026-03-24 09:34:04,,
306408,New,Processed,,ЭКС,WH1,,26-00241088130,,,,,ЭКС-000005808   ,,,,100,O00000008565    ,,2026-03-21 09:28:00,EKS000005808    ,СП,Закупка,,,,,,,,,,,,,,,,"620016, Г.Екатеринбург, ул.Предельная, дом №57,", корпус 2,,Самоличенко В.А.,,,,,,НАГ ООО,,,,,Деловые Линии ООО,6659099112,667101001,Адресный СКЛАД РЦ (WMS),ЭКС-000007229   ,,,0.00000,0.00000,Сагайдак Р.С.,c1dd1afe-281f-4b78-8187-d79f590d3765,2026-03-24 09:35:13,,
306409,New,Processed,,ЭКС,WH1,,26-01301040175,,,,,ЭКС-000005809   ,,,,100,O00000008575    ,,2026-03-24 15:47:00,EKS000005809    ,СП,Закупка,,,,,,,,,,,,,,,,"""Торговый дом ""Ферекс"" ООО Татарстан Лаишевский", р-н,,Лангеман Э.Г.,,,,,,Торговый дом Ферекс ,,,,,Деловые Линии ООО,1624012390,162401001,Адресный СКЛАД РЦ (WMS),ЭКС-000006860   ,,,0.00000,0.00000,Сагайдак Р.С.,81ce63a1-79e5-4619-a482-47e9535e8ba2,2026-03-24 09:35:31,,
306410,New,Processed,,ЭКС,WH1,,26-00011135093,,,,,ЭКС-000005810   ,,,,100,O00000008284    ,,2026-03-19 14:48:00,EKS000005810    ,СП,Закупка,,,,,,,,,,,,,,,,"191024, г. Санкт-Петербург, Невский пр., 147,"," пом. 17Н
",,Шаповалов П.Г.,,,,,,СТРИМЕР АО НПО,,,,,Деловые Линии ООО,7805078620,784201001,Адресный СКЛАД РЦ (WMS),ЭКС-000006853   ,,,0.00000,0.00000,Сагайдак Р.С.,81ce63a1-79e5-4619-a482-47e9535e8ba2,2026-03-24 09:35:50,,
306411,New,Processed,,ЭКС,WH1,,26-02321031516,,,,,ЭКС-000005811   ,,,,100,O00000008504    ,,2026-03-26 11:22:00,EKS000005811    ,СП,Закупка,,,,,,,,,,,,,,,,"142100, Московская область, г Подольск, пр-кт"," Ленина, д. 107/49, офис 457",,Шаповалов П.Г.,,,,,,ИЭК ХОЛДИНГ АО,,,,,Деловые Линии ООО,5074092485,507401001,Адресный СКЛАД РЦ (WMS),ЭКС-000006693   ,,,0.00000,0.00000,Сагайдак Р.С.,81ce63a1-79e5-4619-a482-47e9535e8ba2,2026-03-24 09:36:04,,
306412,New,Processed,,ЭКС,WH1,,26-02441220359,,,,,ЭКС-000005812   ,,,,100,O00000008506    ,,2026-03-23 11:08:00,EKS000005812    ,СП,Закупка,,,,,,,,,,,,,,,,"194156, г. Санкт-Петербург, Большой"," Сампсониевский 
проспект д 94, лит. А, пом 1 Н",,Третьяков С.М.,,,,,,ТЗ групп ООО,,,,,Деловые Линии ООО,7814598978,781401001,Адресный СКЛАД РЦ (WMS),ЭКС-000006797   ,,,0.00000,0.00000,Сагайдак Р.С.,f512110d-6007-4d62-9086-ea35d45df269,2026-03-24 09:36:34,,
306413,New,Processed,,ЭКС,WH1,,26-02801056286,,,,,ЭКС-000005813   ,,,,100,O00000008534    ,,2026-03-16 14:26:00,EKS000005813    ,СП,Закупка,,,,,,,,,,,,,,,,"192288, Санкт-Петербург, Грузовой проезд, д.19
",,,Иваненко П.В.,,,,,,"АО ""ПО Элтехника”",,,,,Деловые Линии ООО,7825369360,784201001,Адресный СКЛАД РЦ (WMS),ЭКС-000006566   ,,,0.00000,0.00000,Сагайдак Р.С.,f512110d-6007-4d62-9086-ea35d45df269,2026-03-24 09:36:47,,
306414,New,Processed,,ЭКС,WH1,,26-02661016589,,,,,ЭКС-000005814   ,,,,100,O00000008569    ,,2026-03-20 09:42:00,EKS000005814    ,СП,Закупка,,,,,,,,,,,,,,,,"454079, Челябинская обл., г. Челябинск, ул."," Линейная, д. 102, офис 301
",,Княжева Ю.В.,,,,,,ДПА ООО,,,,,Деловые Линии ООО,7452115257,745201001,Адресный СКЛАД РЦ (WMS),ЭКС-000007061   ,,,0.00000,0.00000,Сагайдак Р.С.,a437273e-b29a-4c52-9601-d78ffee243f3,2026-03-24 09:37:39,,
306415,New,Processed,,ЭКС,WH1,,26-02661016589,,,,,ЭКС-000005815   ,,,,100,O00000008569    ,,2026-03-19 10:16:00,EKS000005815    ,СП,Закупка,,,,,,,,,,,,,,,,"454079, Челябинская обл., г. Челябинск, ул."," Линейная, д. 102, офис 301
",,Княжева Ю.В.,,,,,,ДПА ООО,,,,,Деловые Линии ООО,7452115257,745201001,Адресный СКЛАД РЦ (WMS),ЭКС-000007072   ,,,0.00000,0.00000,Сагайдак Р.С.,a437273e-b29a-4c52-9601-d78ffee243f3,2026-03-24 09:37:42,,
306416,New,Processed,,ЭКС,WH1,,26-02661016589,,,,,ЭКС-000005816   ,,,,100,O00000008569    ,,2026-03-20 10:41:00,EKS000005816    ,СП,Закупка,,,,,,,,,,,,,,,,"454079, Челябинская обл., г. Челябинск, ул."," Линейная, д. 102, офис 301
",,Княжева Ю.В.,,,,,,ДПА ООО,,,,,Деловые Линии ООО,7452115257,745201001,Адресный СКЛАД РЦ (WMS),ЭКС-000007076   ,,,0.00000,0.00000,Сагайдак Р.С.,a437273e-b29a-4c52-9601-d78ffee243f3,2026-03-24 09:37:45,,
306417,New,Processed,,ЭКС,WH1,,26-00391020664,,,,,ЭКС-000005817   ,,,,100,O00000008568    ,,2026-03-24 15:45:00,EKS000005817    ,СП,Закупка,,,,,,,,,,,,,,,,Общество с ограниченной ответственностью," ""ОМИНТЕХ"", ИНН 5506143676, КПП 771401001,"," 
127137 г. Москва, ул. Правды, д. 24, стр. 4, эт",Колупаев В.Г.,,,,,,ОМИНТЕХ ООО,,,,,Деловые Линии ООО,5506143676,771401001,Адресный СКЛАД РЦ (WMS),ЭКС-000007292   ,,,0.00000,0.00000,Сагайдак Р.С.,304cb50c-eea6-47d9-a64c-9ccd8dc863b9,2026-03-24 09:38:56,,
306418,New,Processed,,ЭКС,WH1,,26-00391020664,,,,,ЭКС-000005818   ,,,,100,O00000008568    ,,2026-03-24 15:48:00,EKS000005818    ,СП,Закупка,,,,,,,,,,,,,,,,Общество с ограниченной ответственностью," ""ОМИНТЕХ"", ИНН 5506143676, КПП 771401001,"," 
127137 г. Москва, ул. Правды, д. 24, стр. 4, эт",Колупаев В.Г.,,,,,,ОМИНТЕХ ООО,,,,,Деловые Линии ООО,5506143676,771401001,Адресный СКЛАД РЦ (WMS),ЭКС-000007293   ,,,0.00000,0.00000,Сагайдак Р.С.,304cb50c-eea6-47d9-a64c-9ccd8dc863b9,2026-03-24 09:38:59,,
306419,New,Processed,,ЭКС,WH1,,26-00391020664,,,,,ЭКС-000005819   ,,,,100,O00000008568    ,,2026-03-24 15:49:00,EKS000005819    ,СП,Закупка,,,,,,,,,,,,,,,,Общество с ограниченной ответственностью," ""ОМИНТЕХ"", ИНН 5506143676, КПП 771401001,"," 
127137 г. Москва, ул. Правды, д. 24, стр. 4, эт",Колупаев В.Г.,,,,,,ОМИНТЕХ ООО,,,,,Деловые Линии ООО,5506143676,771401001,Адресный СКЛАД РЦ (WMS),ЭКС-000007294   ,,,0.00000,0.00000,Сагайдак Р.С.,304cb50c-eea6-47d9-a64c-9ccd8dc863b9,2026-03-24 09:39:02,,
306420,New,Processed,,ЭКС,WH1,,26-00391020664,,,,,ЭКС-000005820   ,,,,100,O00000008568    ,,2026-03-24 15:52:00,EKS000005820    ,СП,Закупка,,,,,,,,,,,,,,,,Общество с ограниченной ответственностью," ""ОМИНТЕХ"", ИНН 5506143676, КПП 771401001,"," 
127137 г. Москва, ул. Правды, д. 24, стр. 4, эт",Колупаев В.Г.,,,,,,ОМИНТЕХ ООО,,,,,Деловые Линии ООО,5506143676,771401001,Адресный СКЛАД РЦ (WMS),ЭКС-000007295   ,,,0.00000,0.00000,Сагайдак Р.С.,304cb50c-eea6-47d9-a64c-9ccd8dc863b9,2026-03-24 09:39:06,,
306421,New,Processed,,ЭКС,WH1,,26-02551045177,,,,,ЭКС-000005821   ,,,,100,O00000008570    ,,2026-03-24 09:53:00,EKS000005821    ,СП,Закупка,,,,,,,,,,,,,,,,"129226, г. Москва, г. Москва, ул."," Сельскохозяйственная, д. 16А, оф. 4/1/13",,Косолапова Л.В.,,,,,,Элком-Электро ООО,,,,,Деловые Линии ООО,7703214111,771701001,Адресный СКЛАД РЦ (WMS),ЭКС-000007411   ,,,0.00000,0.00000,Сагайдак Р.С.,5becaaf7-218e-4938-9608-43d74074c398,2026-03-24 09:39:34,,
306422,New,Processed,,ЭКС,WH1,,26-00411012755,,,,,ЭКС-000005822   ,,,,100,O00000008572    ,,2026-03-23 12:25:00,EKS000005822    ,СП,Закупка,,,,,,,,,,,,,,,,"620102, г.Екатеринбург, ул. Радищева, д.61",,,Козлова М.А.,,,,,,РЕЖКАБЕЛЬ ООО,,,,,Деловые Линии ООО,6677010893,667701001,Адресный СКЛАД РЦ (WMS),ЭКС-000006997   ,,,0.00000,0.00000,Сагайдак Р.С.,5becaaf7-218e-4938-9608-43d74074c398,2026-03-24 09:39:49,,
306423,New,Processed,,ЭКС,WH1,,26-00011127488,,,,,ЭКС-000005823   ,,,,100,O00000008530    ,,2026-03-20 14:36:00,EKS000005823    ,СП,Закупка,,,,,,,,,,,,,,,,"193315, г. Санкт-Петербург, пр-кт. Большевиков,"," д. 52, оф. _",,Третьяков С.М.,,,,,,Инстарт ООО,,,,,Деловые Линии ООО,7811609195,781101001,Адресный СКЛАД РЦ (WMS),ЭКС-000006850   ,,,0.00000,0.00000,Сагайдак Р.С.,5becaaf7-218e-4938-9608-43d74074c398,2026-03-24 09:40:13,,
306424,New,Processed,,ЭКС,WH1,,26-00241083116,,,,,ЭКС-000005824   ,,,,100,O00000008531    ,,2026-03-20 14:24:07,EKS000005824    ,СП,Закупка,,,,,,,,,,,,,,,,"г. Екатеринбург, пр. Орджоникидзе, д.1 оф.238",,,Косолапова Л.В.,,,,,,СтройТрэйд ООО,,,,,Деловые Линии ООО,6686011780,668601001,Адресный СКЛАД РЦ (WMS),ЭКС-000006504   ,,,0.00000,0.00000,Сагайдак Р.С.,8e1a7552-5aa6-4d5e-b24b-1b332117960b,2026-03-24 09:55:04,,
306425,New,Processed,,ЭКС,WH1,,26-00241083116,,,,,ЭКС-000005825   ,,,,100,O00000008531    ,,2026-03-20 14:24:23,EKS000005825    ,СП,Закупка,,,,,,,,,,,,,,,,"г. Екатеринбург, пр. Орджоникидзе, д.1 оф.238",,,Косолапова Л.В.,,,,,,СтройТрэйд ООО,,,,,Деловые Линии ООО,6686011780,668601001,Адресный СКЛАД РЦ (WMS),ЭКС-000006505   ,,,0.00000,0.00000,Сагайдак Р.С.,8e1a7552-5aa6-4d5e-b24b-1b332117960b,2026-03-24 09:55:12,,
306426,New,Processed,,ЭКС,WH1,,,,,,,ЭКС-000005826   ,,,,100,O00000008401    ,,2026-03-27 16:14:00,EKS000005826    ,СП,Закупка,,,,,,,,,,,,,,,,"117405, г. Москва, г. Москва, ул. Дорожная, д."," 60Б, этаж 6, оф. 647",,Феденькова Д.Ю.,,,,,,"Торговый Дом Морозова (ООО ""ТДМ"")",,,,,,7724417909,772401001,Адресный СКЛАД РЦ (WMS),ЭКС-000007339   ,,,0.00000,0.00000,Сагайдак Р.С.,7f983a1c-e5ed-4b23-8a64-0d0be23f8ec7,2026-03-24 10:17:40,,
306427,New,Processed,,ЭКС,WH1,,,,,,,ЭКС-000005827   ,,,,100,O00000008600    ,,2026-03-27 16:14:00,EKS000005827    ,СП,Закупка,,,,,,,,,,,,,,,,"117405, г. Москва, г. Москва, ул. Дорожная, д."," 60Б, этаж 6, оф. 647",,Феденькова Д.Ю.,,,,,,"Торговый Дом Морозова (ООО ""ТДМ"")",,,,,,7724417909,772401001,Адресный СКЛАД РЦ (WMS),ЭКС-000007338   ,,,0.00000,0.00000,Сагайдак Р.С.,7f983a1c-e5ed-4b23-8a64-0d0be23f8ec7,2026-03-24 10:17:52,,
306428,New,Processed,,ЭКС,WH1,,,,,,,ЭКС-000005828   ,,,,100,O00000008399    ,,2026-03-27 16:14:00,EKS000005828    ,СП,Закупка,,,,,,,,,,,,,,,,"117405, г. Москва, г. Москва, ул. Дорожная, д."," 60Б, этаж 6, оф. 647",,Феденькова Д.Ю.,,,,,,"Торговый Дом Морозова (ООО ""ТДМ"")",,,,,,7724417909,772401001,Адресный СКЛАД РЦ (WMS),ЭКС-000007336   ,,,0.00000,0.00000,Сагайдак Р.С.,7f983a1c-e5ed-4b23-8a64-0d0be23f8ec7,2026-03-24 10:18:08,,
306429,New,Processed,,ЭКС,WH1,,,,,,,ЭКС-000005829   ,,,,100,O00000008398    ,,2026-03-27 16:14:00,EKS000005829    ,СП,Закупка,,,,,,,,,,,,,,,,"117405, г. Москва, г. Москва, ул. Дорожная, д."," 60Б, этаж 6, оф. 647",,Феденькова Д.Ю.,,,,,,"Торговый Дом Морозова (ООО ""ТДМ"")",,,,,,7724417909,772401001,Адресный СКЛАД РЦ (WMS),ЭКС-000007335   ,,,0.00000,0.00000,Сагайдак Р.С.,7f983a1c-e5ed-4b23-8a64-0d0be23f8ec7,2026-03-24 10:18:24,,
306430,New,Processed,,ЭКС,WH1,,,,,,,ЭКС-000005830   ,,,,100,O00000008396    ,,2026-03-27 16:14:00,EKS000005830    ,СП,Закупка,,,,,,,,,,,,,,,,"117405, г. Москва, г. Москва, ул. Дорожная, д."," 60Б, этаж 6, оф. 647",,Феденькова Д.Ю.,,,,,,"Торговый Дом Морозова (ООО ""ТДМ"")",,,,,,7724417909,772401001,Адресный СКЛАД РЦ (WMS),ЭКС-000007333   ,,,0.00000,0.00000,Сагайдак Р.С.,d98de4be-af2d-41f5-92df-8741c691918b,2026-03-24 10:18:49,,
306431,New,Processed,,ЭКС,WH1,,,,,,,ЭКС-000005831   ,,,,100,O00000008394    ,,2026-03-27 16:14:00,EKS000005831    ,СП,Закупка,,,,,,,,,,,,,,,,"117405, г. Москва, г. Москва, ул. Дорожная, д."," 60Б, этаж 6, оф. 647",,Феденькова Д.Ю.,,,,,,"Торговый Дом Морозова (ООО ""ТДМ"")",,,,,,7724417909,772401001,Адресный СКЛАД РЦ (WMS),ЭКС-000007331   ,,,0.00000,0.00000,Сагайдак Р.С.,d98de4be-af2d-41f5-92df-8741c691918b,2026-03-24 10:19:21,,
306432,New,Processed,,ЭКС,WH1,,,,,,,ЭКС-000005832   ,,,,100,O00000008392    ,,2026-03-27 16:14:00,EKS000005832    ,СП,Закупка,,,,,,,,,,,,,,,,"117405, г. Москва, г. Москва, ул. Дорожная, д."," 60Б, этаж 6, оф. 647",,Феденькова Д.Ю.,,,,,,"Торговый Дом Морозова (ООО ""ТДМ"")",,,,,,7724417909,772401001,Адресный СКЛАД РЦ (WMS),ЭКС-000007330   ,,,0.00000,0.00000,Сагайдак Р.С.,d98de4be-af2d-41f5-92df-8741c691918b,2026-03-24 10:19:37,,
306433,New,Processed,,ЭКС,WH1,,,,,,,ЭКС-000005833   ,,,,100,O00000008391    ,,2026-03-27 16:14:00,EKS000005833    ,СП,Закупка,,,,,,,,,,,,,,,,"117405, г. Москва, г. Москва, ул. Дорожная, д."," 60Б, этаж 6, оф. 647",,Феденькова Д.Ю.,,,,,,"Торговый Дом Морозова (ООО ""ТДМ"")",,,,,,7724417909,772401001,Адресный СКЛАД РЦ (WMS),ЭКС-000007329   ,,,0.00000,0.00000,Сагайдак Р.С.,8997f46f-1b8e-4157-97a2-63cca8ba32ff,2026-03-24 10:19:54,,
306434,New,Processed,,ЭКС,WH1,,,,,,,ЭКС-000005834   ,,,,100,O00000008395    ,,2026-03-27 16:14:00,EKS000005834    ,СП,Закупка,,,,,,,,,,,,,,,,"117405, г. Москва, г. Москва, ул. Дорожная, д."," 60Б, этаж 6, оф. 647",,Феденькова Д.Ю.,,,,,,"Торговый Дом Морозова (ООО ""ТДМ"")",,,,,,7724417909,772401001,Адресный СКЛАД РЦ (WMS),ЭКС-000007332   ,,,0.00000,0.00000,Сагайдак Р.С.,8997f46f-1b8e-4157-97a2-63cca8ba32ff,2026-03-24 10:20:03,,
306435,New,Processed,,ЭКС,WH1,,,,,,,ЭКС-000005835   ,,,,100,O00000008389    ,,2026-03-27 16:14:00,EKS000005835    ,СП,Закупка,,,,,,,,,,,,,,,,"117405, г. Москва, г. Москва, ул. Дорожная, д."," 60Б, этаж 6, оф. 647",,Феденькова Д.Ю.,,,,,,"Торговый Дом Морозова (ООО ""ТДМ"")",,,,,,7724417909,772401001,Адресный СКЛАД РЦ (WMS),ЭКС-000007328   ,,,0.00000,0.00000,Сагайдак Р.С.,8997f46f-1b8e-4157-97a2-63cca8ba32ff,2026-03-24 10:20:13,,
306436,New,Processed,,ЭКС,WH1,,,,,,,ЭКС-000005836   ,,,,100,O00000008400    ,,2026-03-27 16:14:00,EKS000005836    ,СП,Закупка,,,,,,,,,,,,,,,,"117405, г. Москва, г. Москва, ул. Дорожная, д."," 60Б, этаж 6, оф. 647",,Феденькова Д.Ю.,,,,,,"Торговый Дом Морозова (ООО ""ТДМ"")",,,,,,7724417909,772401001,Адресный СКЛАД РЦ (WMS),ЭКС-000007337   ,,,0.00000,0.00000,Сагайдак Р.С.,8997f46f-1b8e-4157-97a2-63cca8ba32ff,2026-03-24 10:20:23,,
306437,New,Processed,,ЭКС,WH1,,,,,,,ЭКС-000005837   ,,,,100,O00000008397    ,,2026-03-27 16:14:00,EKS000005837    ,СП,Закупка,,,,,,,,,,,,,,,,"117405, г. Москва, г. Москва, ул. Дорожная, д."," 60Б, этаж 6, оф. 647",,Феденькова Д.Ю.,,,,,,"Торговый Дом Морозова (ООО ""ТДМ"")",,,,,,7724417909,772401001,Адресный СКЛАД РЦ (WMS),ЭКС-000007334   ,,,0.00000,0.00000,Сагайдак Р.С.,b889cead-2be8-4039-914a-b1fceff71538,2026-03-24 10:21:04,,
306438,New,Processed,,ЭКС,WH1,,,,,,,ЭКС-000005838   ,,,,100,O00000008480    ,,2026-03-24 10:04:00,EKS000005838    ,СП,Закупка,,,,,,,,,,,,,,,,"690025, Приморский край, Владивосток, Успенского"," ул., дом "" 62, офис 3",,Косова Т.В.,,,,,,ИН ХОУМ  ООО,,,,,,2543143037,540445001,Адресный СКЛАД РЦ (WMS),ЭКС-000007414   ,,,0.00000,0.00000,Сагайдак Р.С.,aa6263d6-dd7a-4720-8bd3-bffd1edbea98,2026-03-24 10:23:55,,
306439,New,Processed,,ЭКС,WH1,,,,,,,ЭКС-000005839   ,,,,100,O00000008626    ,,2026-03-24 09:21:00,EKS000005839    ,СП,Закупка,,,,,,,,,,,,,,,,"630108,РФ,г.Новосибирск, ул. Пархоменко, 7",,,Самоличенко В.А.,,,,,,Приборы Охраны ООО,,,,,,5404353096,540401001,Адресный СКЛАД РЦ (WMS),ЭКС-000007536   ,,,0.00000,0.00000,Сагайдак Р.С.,f151ea06-eb67-4f4b-91ac-7f19332e4344,2026-03-24 10:49:08,,
306440,New,Processed,,ЭКС,WH1,,,,,,,ЭКС-000005840   ,,,,100,O00000008627    ,,2026-03-24 09:23:00,EKS000005840    ,СП,Закупка,,,,,,,,,,,,,,,,"630108,РФ,г.Новосибирск, ул. Пархоменко, 7",,,Самоличенко В.А.,,,,,,Приборы Охраны ООО,,,,,,5404353096,540401001,Адресный СКЛАД РЦ (WMS),ЭКС-000007538   ,,,0.00000,0.00000,Сагайдак Р.С.,f151ea06-eb67-4f4b-91ac-7f19332e4344,2026-03-24 10:49:17,,
306441,New,Processed,,ЭКС,WH1,,,,,,,ЭКС-000005841   ,,,,100,O00000008077    ,,2026-03-24 16:42:00,EKS000005841    ,СП,Закупка,,,,,,,,,,,,,,,,"192102, г. Санкт-Петербург, г. Санкт-Петербург,"," ул. Бухарестская, д. 22 к2, оф. лит Д",,Косова Т.В.,,,,,,ВТЛ  ООО (JAZZWAY),,,,,,7816340170,781601001,Адресный СКЛАД РЦ (WMS),ЭКС-000006955   ,,,0.00000,0.00000,Сагайдак Р.С.,2cd0a470-86f4-4f78-ab88-a4342b5e148c,2026-03-24 10:58:28,,
306442,New,Processed,,ЭКС,WH1,,,,,,,ЭКС-000005842   ,,,,100,O00000008082    ,,2026-03-24 17:02:00,EKS000005842    ,СП,Закупка,,,,,,,,,,,,,,,,"192102, г. Санкт-Петербург, г. Санкт-Петербург,"," ул. Бухарестская, д. 22 к2, оф. лит Д",,Косова Т.В.,,,,,,ВТЛ  ООО (JAZZWAY),,,,,,7816340170,781601001,Адресный СКЛАД РЦ (WMS),ЭКС-000006959   ,,,0.00000,0.00000,Сагайдак Р.С.,619f8927-f1e7-442e-8024-74af2809ab25,2026-03-24 10:58:42,,
306443,New,Processed,,ЭКС,WH1,,,,,,,ЭКС-000005843   ,,,,100,O00000008079    ,,2026-03-24 16:55:00,EKS000005843    ,СП,Закупка,,,,,,,,,,,,,,,,"192102, г. Санкт-Петербург, г. Санкт-Петербург,"," ул. Бухарестская, д. 22 к2, оф. лит Д",,Косова Т.В.,,,,,,ВТЛ  ООО (JAZZWAY),,,,,,7816340170,781601001,Адресный СКЛАД РЦ (WMS),ЭКС-000006958   ,,,0.00000,0.00000,Сагайдак Р.С.,619f8927-f1e7-442e-8024-74af2809ab25,2026-03-24 10:58:54,,
306444,New,Processed,,ЭКС,WH1,,,,,,,ЭКС-000005844   ,,,,100,O00000008078    ,,2026-03-24 16:50:00,EKS000005844    ,СП,Закупка,,,,,,,,,,,,,,,,"192102, г. Санкт-Петербург, г. Санкт-Петербург,"," ул. Бухарестская, д. 22 к2, оф. лит Д",,Косова Т.В.,,,,,,ВТЛ  ООО (JAZZWAY),,,,,,7816340170,781601001,Адресный СКЛАД РЦ (WMS),ЭКС-000006957   ,,,0.00000,0.00000,Сагайдак Р.С.,619f8927-f1e7-442e-8024-74af2809ab25,2026-03-24 10:59:06,,
306445,New,Processed,,ЭКС,WH1,,,,,,,ЭКС-000005845   ,,,,100,O00000008040    ,,2026-03-24 12:53:00,EKS000005845    ,СП,Закупка,,,,,,,,,,,,,,,,"192102, г. Санкт-Петербург, г. Санкт-Петербург,"," ул. Бухарестская, д. 22 к2, оф. лит Д",,Косова Т.В.,,,,,,ВТЛ  ООО (JAZZWAY),,,,,,7816340170,781601001,Адресный СКЛАД РЦ (WMS),ЭКС-000006954   ,,,0.00000,0.00000,Сагайдак Р.С.,619f8927-f1e7-442e-8024-74af2809ab25,2026-03-24 10:59:36,,
306446,New,Processed,,ЭКС,WH1,,,,,,,ЭКС-000005846   ,,,,100,O00000008039    ,,2026-03-24 12:47:00,EKS000005846    ,СП,Закупка,,,,,,,,,,,,,,,,"192102, г. Санкт-Петербург, г. Санкт-Петербург,"," ул. Бухарестская, д. 22 к2, оф. лит Д",,Косова Т.В.,,,,,,ВТЛ  ООО (JAZZWAY),,,,,,7816340170,781601001,Адресный СКЛАД РЦ (WMS),ЭКС-000006953   ,,,0.00000,0.00000,Сагайдак Р.С.,54d50a34-15b7-4aad-9bb4-0f6fd9bd8087,2026-03-24 11:00:05,,
306447,New,Processed,,ЭКС,WH1,,,,,,,ЭКС-000005847   ,,,,100,O00000008038    ,,2026-03-24 12:31:00,EKS000005847    ,СП,Закупка,,,,,,,,,,,,,,,,"192102, г. Санкт-Петербург, г. Санкт-Петербург,"," ул. Бухарестская, д. 22 к2, оф. лит Д",,Косова Т.В.,,,,,,ВТЛ  ООО (JAZZWAY),,,,,,7816340170,781601001,Адресный СКЛАД РЦ (WMS),ЭКС-000006952   ,,,0.00000,0.00000,Сагайдак Р.С.,54d50a34-15b7-4aad-9bb4-0f6fd9bd8087,2026-03-24 11:00:15,,
306448,New,Processed,,ЭКС,WH1,,,,,,,ЭКС-000005848   ,,,,100,O00000008018    ,,2026-03-24 11:43:00,EKS000005848    ,СП,Закупка,,,,,,,,,,,,,,,,"192102, г. Санкт-Петербург, г. Санкт-Петербург,"," ул. Бухарестская, д. 22 к2, оф. лит Д",,Косова Т.В.,,,,,,ВТЛ  ООО (JAZZWAY),,,,,,7816340170,781601001,Адресный СКЛАД РЦ (WMS),ЭКС-000006950   ,,,0.00000,0.00000,Сагайдак Р.С.,54d50a34-15b7-4aad-9bb4-0f6fd9bd8087,2026-03-24 11:00:22,,
306449,New,Processed,,ЭКС,WH1,,,,,,,ЭКС-000005849   ,,,,100,O00000008015    ,,2026-03-24 11:38:00,EKS000005849    ,СП,Закупка,,,,,,,,,,,,,,,,"192102, г. Санкт-Петербург, г. Санкт-Петербург,"," ул. Бухарестская, д. 22 к2, оф. лит Д",,Косова Т.В.,,,,,,ВТЛ  ООО (JAZZWAY),,,,,,7816340170,781601001,Адресный СКЛАД РЦ (WMS),ЭКС-000006949   ,,,0.00000,0.00000,Сагайдак Р.С.,54d50a34-15b7-4aad-9bb4-0f6fd9bd8087,2026-03-24 11:00:32,,
306450,New,Processed,,ЭКС,WH1,,,,,,,ЭКС-000005850   ,,,,100,O00000008013    ,,2026-03-24 11:33:00,EKS000005850    ,СП,Закупка,,,,,,,,,,,,,,,,"192102, г. Санкт-Петербург, г. Санкт-Петербург,"," ул. Бухарестская, д. 22 к2, оф. лит Д",,Косова Т.В.,,,,,,ВТЛ  ООО (JAZZWAY),,,,,,7816340170,781601001,Адресный СКЛАД РЦ (WMS),ЭКС-000006948   ,,,0.00000,0.00000,Сагайдак Р.С.,54d50a34-15b7-4aad-9bb4-0f6fd9bd8087,2026-03-24 11:00:39,,
306451,New,Processed,,ЭКС,WH1,,,,,,,ЭКС-000005851   ,,,,100,O00000008005    ,,2026-03-24 11:27:00,EKS000005851    ,СП,Закупка,,,,,,,,,,,,,,,,"192102, г. Санкт-Петербург, г. Санкт-Петербург,"," ул. Бухарестская, д. 22 к2, оф. лит Д",,Косова Т.В.,,,,,,ВТЛ  ООО (JAZZWAY),,,,,,7816340170,781601001,Адресный СКЛАД РЦ (WMS),ЭКС-000006947   ,,,0.00000,0.00000,Сагайдак Р.С.,6fae4d7c-67de-4114-9e38-c8e69a6709fe,2026-03-24 11:00:49,,
306452,New,Processed,,ЭКС,WH1,,,,,,,ЭКС-000005852   ,,,,100,O00000008032    ,,2026-03-24 12:22:00,EKS000005852    ,СП,Закупка,,,,,,,,,,,,,,,,"192102, г. Санкт-Петербург, г. Санкт-Петербург,"," ул. Бухарестская, д. 22 к2, оф. лит Д",,Косова Т.В.,,,,,,ВТЛ  ООО (JAZZWAY),,,,,,7816340170,781601001,Адресный СКЛАД РЦ (WMS),ЭКС-000006951   ,,,0.00000,0.00000,Сагайдак Р.С.,6fae4d7c-67de-4114-9e38-c8e69a6709fe,2026-03-24 11:01:32,,
306453,New,Processed,,ЭКС,WH1,,,,,,,ЭКС-000005853   ,,,,100,O00000008580    ,,2026-03-24 14:53:00,EKS000005853    ,СП,Закупка,,,,,,,,,,,,,,,,"109544, Город Москва, вн.тер.г. муниципальный"," округ Таганский, ул Большая Андроньевская, д. 17",", ком. 523, этаж 5,",Иваненко П.В.,,,,,,"ООО ""ВЕКТОР ЭНЕРДЖИ""",,,,,,9709079335,770901001,Адресный СКЛАД РЦ (WMS),ЭКС-000007485   ,,,0.00000,0.00000,Сагайдак Р.С.,50fddfca-9ae2-4ab1-8233-79f24510de71,2026-03-24 11:20:52,,
306454,New,Processed,,ЭКС,WH1,,,,,,,ЭКС-000005854   ,,,,100,,,2026-03-24 11:32:29,EKS000005854    ,СП,Возврат-Филиал,,,,,,,,,,,,,,,,"630005, Новосибирская область, г. Новосибирск,"," ул. Гоголя, д. 23, оф. 5",,Новоселов А.В.,,,,,,И. ЭЛЕКТРОКОМПЛЕКТСЕРВИС ЗАО (Ипподромская),,,,,,5407159273,540445007,Адресный СКЛАД РЦ (WMS),ЭКС-000005932   ,,,0.00000,0.00000,Сагайдак Р.С.,166e7655-9a36-4259-af63-2592a0b098f8,2026-03-24 11:32:33,,
306455,New,Processed,,ЭКС,WH1,,,,,,,ЭКС-000005855   ,,,,100,,,2026-03-24 11:32:36,EKS000005855    ,СП,Возврат-Филиал,,,,,,,,,,,,,,,,"630005, Новосибирская область, г. Новосибирск,"," ул. Гоголя, д. 23, оф. 5",,Новоселов А.В.,,,,,,И. ЭЛЕКТРОКОМПЛЕКТСЕРВИС ЗАО (Ипподромская),,,,,,5407159273,540445007,Адресный СКЛАД РЦ (WMS),ЭКС-000005933   ,,,0.00000,0.00000,Сагайдак Р.С.,166e7655-9a36-4259-af63-2592a0b098f8,2026-03-24 11:32:39,,
306456,New,Processed,,ЭКС,WH1,,,,,,,ЭКС-000005856   ,,,,100,O00000008616    ,,2026-03-24 08:51:00,EKS000005856    ,СП,Закупка,,,,,,,,,,,,,,,,"630501, Новосибирская обл, Новосибирский р-н,"," Краснообск рп, Восточная ул, дом № 4/1, офис 1",0,Княжева Ю.В.,,,,,,ЗЭТА АО,,,,,,5405340660,540345003,Адресный СКЛАД РЦ (WMS),ЭКС-000007532   ,,,0.00000,0.00000,Савицкий А.В.,d8501c32-990c-49d2-87d5-83503b246226,2026-03-24 11:54:43,,
306457,New,Processed,,ЭКС,WH1,,,,,,,ЭКС-000005857   ,,,,100,O00000008636    ,,2026-03-24 15:11:00,EKS000005857    ,СП,Закупка,,,,,,,,,,,,,,,,"630112, Новосибирск, Ипподромская, д. 30, кв. 84",,,Иваненко П.В.,,,,,,Сила тока ООО,,,,,Алексеев Евгений Эдуардов,5406844445,540601001,Адресный СКЛАД РЦ (WMS),ЭКС-000007489   ,,,0.00000,0.00000,Сагайдак Р.С.,a0cea56d-4317-4202-8b1b-b80e45df00e1,2026-03-24 12:22:03,,
306458,New,Processed,,ЭКС,WH1,,,,,,,ЭКС-000005858   ,,,,100,O00000008657    ,,2026-03-24 12:41:00,EKS000005858    ,СП,Закупка,,,,,,,,,,,,,,,,"630007, Новосибирская область, г. Новосибирск,"," ул. Кривощековская, д. 1, оф. 313",,Лангеман Э.Г.,,,,,,ТПК ДЕКО ООО ,,,,,,5406603947,540601001,Адресный СКЛАД РЦ (WMS),ЭКС-000007580   ,,,0.00000,0.00000,Сагайдак Р.С.,a9aaa661-b031-463f-97b8-7fdce455b558,2026-03-24 12:52:19,,
306459,New,Processed,,ЭКС,WH1,,,,,,,ЭКС-000005859   ,,,,100,O00000008658    ,,2026-03-24 12:43:00,EKS000005859    ,СП,Закупка,,,,,,,,,,,,,,,,"630007, Новосибирская область, г. Новосибирск,"," ул. Кривощековская, д. 1, оф. 313",,Колупаев В.Г.,,,,,,ТПК ДЕКО ООО ,,,,,,5406603947,540601001,Адресный СКЛАД РЦ (WMS),ЭКС-000007581   ,,,0.00000,0.00000,Сагайдак Р.С.,a9aaa661-b031-463f-97b8-7fdce455b558,2026-03-24 12:52:25,,
306460,New,Processed,,ЭКС,WH1,,,,,,,ЭКС-000005860   ,,,,100,O00000008664    ,,2026-03-24 12:45:00,EKS000005860    ,СП,Закупка,,,,,,,,,,,,,,,,"630007, Новосибирская область, г. Новосибирск,"," ул. Кривощековская, д. 1, оф. 313",,Лангеман Э.Г.,,,,,,ТПК ДЕКО ООО ,,,,,,5406603947,540601001,Адресный СКЛАД РЦ (WMS),ЭКС-000007582   ,,,0.00000,0.00000,Сагайдак Р.С.,a9aaa661-b031-463f-97b8-7fdce455b558,2026-03-24 12:52:31,,
306461,New,Processed,,ЭКС,WH1,,,,,,,ЭКС-000005861   ,,,,100,O00000008671    ,,2026-03-24 12:48:00,EKS000005861    ,СП,Закупка,,,,,,,,,,,,,,,,"630007, Новосибирская область, г. Новосибирск,"," ул. Кривощековская, д. 1, оф. 313",,Лангеман Э.Г.,,,,,,ТПК ДЕКО ООО ,,,,,,5406603947,540601001,Адресный СКЛАД РЦ (WMS),ЭКС-000007583   ,,,0.00000,0.00000,Сагайдак Р.С.,a9aaa661-b031-463f-97b8-7fdce455b558,2026-03-24 12:52:38,,
306462,New,Processed,,ЭКС,WH1,,26-00241083116,,,,,ЭКС-000005862   ,,,,100,O00000008531    ,,2026-03-20 14:23:44,EKS000005862    ,СП,Закупка,,,,,,,,,,,,,,,,"г. Екатеринбург, пр. Орджоникидзе, д.1 оф.238",,,Косолапова Л.В.,,,,,,СтройТрэйд ООО,,,,,Деловые Линии ООО,6686011780,668601001,Адресный СКЛАД РЦ (WMS),ЭКС-000005991   ,,,0.00000,0.00000,Сагайдак Р.С.,921561fe-dab1-464c-a6d0-607c53caac1d,2026-03-24 13:08:01,,
306463,New,Processed,,ЭКС,WH1,,,,,,,ЭКС-000005863   ,,,,100,O00000008514    ,,2026-03-24 12:06:00,EKS000005863    ,СП,Закупка,,,,,,,,,,,,,,,,"129347, г. Москва, улица Егора Абакумова, д.10,", корп.2,,Иваненко П.В.,,,,,,Спецавтоматика ООО,,,,,,7716571953,771601001,Адресный СКЛАД РЦ (WMS),ЭКС-000007437   ,,,0.00000,0.00000,Сагайдак Р.С.,ecfd3bb6-c072-49fd-b0e6-42581c1256bb,2026-03-24 13:15:16,,
306464,New,Processed,,ЭКС,WH1,,,,,,,ЭКС-000005864   ,,,,100,O00000008517    ,,2026-03-24 12:12:00,EKS000005864    ,СП,Закупка,,,,,,,,,,,,,,,,"129347, г. Москва, улица Егора Абакумова, д.10,", корп.2,,Третьяков С.М.,,,,,,Спецавтоматика ООО,,,,,,7716571953,771601001,Адресный СКЛАД РЦ (WMS),ЭКС-000007439   ,,,0.00000,0.00000,Сагайдак Р.С.,ecfd3bb6-c072-49fd-b0e6-42581c1256bb,2026-03-24 13:15:23,,
306465,New,Processed,,ЭКС,WH1,,,,,,,ЭКС-000005865   ,,,,100,O00000008620    ,,2026-03-24 09:05:00,EKS000005865    ,СП,Закупка,,,,,,,,,,,,,,,,"142700, Московская область, г. Видное, ул."," Радиальная 3-я, д. 8, помещ. 1-Н, комн 2",,Петров И.В.,,,,,,МИР ИНСТРУМЕНТА ООО,,,,,,7722537534,774950001,Адресный СКЛАД РЦ (WMS),ЭКС-000007535   ,,,0.00000,0.00000,Сагайдак Р.С.,097d121a-8f6c-4533-8bd7-1abaf362afbb,2026-03-24 13:16:31,,
306466,New,Processed,,ЭКС,WH1,,,,,,,ЭКС-000005866   ,,,,100,O00000008640    ,,2026-03-24 11:24:00,EKS000005866    ,СП,Закупка,,,,,,,,,,,,,,,,"142100, Московская область, г Подольск, пр-кт"," Ленина, д. 107/49, офис 457",,Шаповалов П.Г.,,,,,,ИЭК ХОЛДИНГ АО,,,,,,5074092485,507401001,Адресный СКЛАД РЦ (WMS),ЭКС-000007559   ,,,0.00000,0.00000,Сагайдак Р.С.,b24492f1-2045-450d-864d-7322c68a0a0e,2026-03-24 13:23:17,,
306467,New,Processed,,ЭКС,WH1,,,,,,,ЭКС-000005867   ,,,,100,O00000008643    ,,2026-03-24 11:24:00,EKS000005867    ,СП,Закупка,,,,,,,,,,,,,,,,"142100, Московская область, г Подольск, пр-кт"," Ленина, д. 107/49, офис 457",,Шаповалов П.Г.,,,,,,ИЭК ХОЛДИНГ АО,,,,,,5074092485,507401001,Адресный СКЛАД РЦ (WMS),ЭКС-000007560   ,,,0.00000,0.00000,Сагайдак Р.С.,b24492f1-2045-450d-864d-7322c68a0a0e,2026-03-24 13:23:24,,
306468,New,Processed,,ЭКС,WH1,,,,,,,ЭКС-000005868   ,,,,100,O00000008644    ,,2026-03-24 11:24:00,EKS000005868    ,СП,Закупка,,,,,,,,,,,,,,,,"142100, Московская область, г Подольск, пр-кт"," Ленина, д. 107/49, офис 457",,Шаповалов П.Г.,,,,,,ИЭК ХОЛДИНГ АО,,,,,,5074092485,507401001,Адресный СКЛАД РЦ (WMS),ЭКС-000007561   ,,,0.00000,0.00000,Сагайдак Р.С.,b24492f1-2045-450d-864d-7322c68a0a0e,2026-03-24 13:23:31,,
306469,New,Processed,,ЭКС,WH1,,,,,,,ЭКС-000005869   ,,,,100,O00000008698    ,,2026-03-24 13:24:00,EKS000005869    ,СП,Закупка,,,,,,,,,,,,,,,,"635012 НСО, г. Новосибирск, с. Марусино, ул.", Строителей 1А,,Петров И.В.,,,,,,ЗУБР НСК ООО (Ювента),,,,,,5410138957,541001001,Адресный СКЛАД РЦ (WMS),ЭКС-000007621   ,,,0.00000,0.00000,Сагайдак Р.С.,caf30522-67d3-4704-ad0c-06c70201a253,2026-03-24 13:31:19,,
306470,New,Processed,,ЭКС,WH1,,26-02661016589,,,,,ЭКС-000005870   ,,,,100,O00000008645    ,,2026-03-20 10:05:00,EKS000005870    ,СП,Закупка,,,,,,,,,,,,,,,,"454079, Челябинская обл., г. Челябинск, ул."," Линейная, д. 102, офис 301
",,Княжева Ю.В.,,,,,,ДПА ООО,,,,,Деловые Линии ООО,7452115257,745201001,Адресный СКЛАД РЦ (WMS),ЭКС-000007069   ,,,0.00000,0.00000,Сагайдак Р.С.,caf30522-67d3-4704-ad0c-06c70201a253,2026-03-24 13:31:32,,
306471,New,Processed,,ЭКС,WH1,,,,,,,ЭКС-000005871   ,,,,100,O00000008675    ,,2026-03-24 12:51:00,EKS000005871    ,СП,Закупка,,,,,,,,,,,,,,,,"143003, Московская область, г.о. Одинцовский, г."," Одинцово, ул. Маршала Бирюзова, д. 12, оф. 10",6,Косова Т.В.,,,,,,Орион ООО   (ЭРА) новый (до 01/10/24- ВИП Маркет,,,,,,5032161850,503201001,Адресный СКЛАД РЦ (WMS),ЭКС-000007584   ,,,0.00000,0.00000,Сагайдак Р.С.,f8f15403-62c0-42e2-b9ca-9cf6c59d7dc6,2026-03-24 13:44:18,,
306472,New,Processed,,ЭКС,WH1,,,,,,,ЭКС-000005872   ,,,,100,O00000008676    ,,2026-03-24 12:52:00,EKS000005872    ,СП,Закупка,,,,,,,,,,,,,,,,"143003, Московская область, г.о. Одинцовский, г."," Одинцово, ул. Маршала Бирюзова, д. 12, оф. 10",6,Косова Т.В.,,,,,,Орион ООО   (ЭРА) новый (до 01/10/24- ВИП Маркет,,,,,,5032161850,503201001,Адресный СКЛАД РЦ (WMS),ЭКС-000007585   ,,,0.00000,0.00000,Сагайдак Р.С.,f8f15403-62c0-42e2-b9ca-9cf6c59d7dc6,2026-03-24 13:44:24,,
306473,New,Processed,,ЭКС,WH1,,,,,,,ЭКС-000005873   ,,,,100,O00000008678    ,,2026-03-24 12:53:00,EKS000005873    ,СП,Закупка,,,,,,,,,,,,,,,,"143003, Московская область, г.о. Одинцовский, г."," Одинцово, ул. Маршала Бирюзова, д. 12, оф. 10",6,Косова Т.В.,,,,,,Орион ООО   (ЭРА) новый (до 01/10/24- ВИП Маркет,,,,,,5032161850,503201001,Адресный СКЛАД РЦ (WMS),ЭКС-000007586   ,,,0.00000,0.00000,Сагайдак Р.С.,f8f15403-62c0-42e2-b9ca-9cf6c59d7dc6,2026-03-24 13:44:30,,
306474,New,Processed,,ЭКС,WH1,,,,,,,ЭКС-000005874   ,,,,100,O00000008680    ,,2026-03-24 12:54:00,EKS000005874    ,СП,Закупка,,,,,,,,,,,,,,,,"143003, Московская область, г.о. Одинцовский, г."," Одинцово, ул. Маршала Бирюзова, д. 12, оф. 10",6,Косова Т.В.,,,,,,Орион ООО   (ЭРА) новый (до 01/10/24- ВИП Маркет,,,,,,5032161850,503201001,Адресный СКЛАД РЦ (WMS),ЭКС-000007587   ,,,0.00000,0.00000,Сагайдак Р.С.,f8f15403-62c0-42e2-b9ca-9cf6c59d7dc6,2026-03-24 13:44:38,,
306475,New,Processed,,ЭКС,WH1,,,,,,,ЭКС-000005875   ,,,,100,O00000008681    ,,2026-03-24 12:56:00,EKS000005875    ,СП,Закупка,,,,,,,,,,,,,,,,"143003, Московская область, г.о. Одинцовский, г."," Одинцово, ул. Маршала Бирюзова, д. 12, оф. 10",6,Косова Т.В.,,,,,,Орион ООО   (ЭРА) новый (до 01/10/24- ВИП Маркет,,,,,,5032161850,503201001,Адресный СКЛАД РЦ (WMS),ЭКС-000007588   ,,,0.00000,0.00000,Сагайдак Р.С.,f8f15403-62c0-42e2-b9ca-9cf6c59d7dc6,2026-03-24 13:44:45,,
306476,New,Processed,,ЭКС,WH1,,,,,,,ЭКС-000005876   ,,,,100,O00000008683    ,,2026-03-24 12:57:00,EKS000005876    ,СП,Закупка,,,,,,,,,,,,,,,,"143003, Московская область, г.о. Одинцовский, г."," Одинцово, ул. Маршала Бирюзова, д. 12, оф. 10",6,Косова Т.В.,,,,,,Орион ООО   (ЭРА) новый (до 01/10/24- ВИП Маркет,,,,,,5032161850,503201001,Адресный СКЛАД РЦ (WMS),ЭКС-000007589   ,,,0.00000,0.00000,Сагайдак Р.С.,f8f15403-62c0-42e2-b9ca-9cf6c59d7dc6,2026-03-24 13:44:52,,
306477,New,Processed,,ЭКС,WH1,,,,,,,ЭКС-000005877   ,,,,100,O00000008685    ,,2026-03-24 12:58:00,EKS000005877    ,СП,Закупка,,,,,,,,,,,,,,,,"143003, Московская область, г.о. Одинцовский, г."," Одинцово, ул. Маршала Бирюзова, д. 12, оф. 10",6,Косова Т.В.,,,,,,Орион ООО   (ЭРА) новый (до 01/10/24- ВИП Маркет,,,,,,5032161850,503201001,Адресный СКЛАД РЦ (WMS),ЭКС-000007590   ,,,0.00000,0.00000,Сагайдак Р.С.,e6f9aa17-45ca-44fd-8810-844597c73eaa,2026-03-24 13:44:58,,
306478,New,Processed,,ЭКС,WH1,,,,,,,ЭКС-000005878   ,,,,100,O00000008687    ,,2026-03-24 12:59:00,EKS000005878    ,СП,Закупка,,,,,,,,,,,,,,,,"143003, Московская область, г.о. Одинцовский, г."," Одинцово, ул. Маршала Бирюзова, д. 12, оф. 10",6,Косова Т.В.,,,,,,Орион ООО   (ЭРА) новый (до 01/10/24- ВИП Маркет,,,,,,5032161850,503201001,Адресный СКЛАД РЦ (WMS),ЭКС-000007591   ,,,0.00000,0.00000,Сагайдак Р.С.,e6f9aa17-45ca-44fd-8810-844597c73eaa,2026-03-24 13:45:05,,
306479,New,Processed,,ЭКС,WH1,,,,,,,ЭКС-000005879   ,,,,100,O00000008653    ,,2026-03-24 12:17:00,EKS000005879    ,СП,Закупка,,,,,,,,,,,,,,,,"630088, г. Новосибирск, ул. Петухова, 69, офис 1",,,Новоселов А.В.,,,,,,НЭМЗ ИНЖИНИРИНГ ООО,,,,,,5403054262,540301001,Адресный СКЛАД РЦ (WMS),ЭКС-000007574   ,,,0.00000,0.00000,Сагайдак Р.С.,9d84fcb6-f991-4582-aa65-ec15d21ad65c,2026-03-24 13:59:29,,
306480,New,Processed,,ЭКС,WH1,,,,,,,ЭКС-000005880   ,,,,100,O00000008654    ,,2026-03-24 12:19:00,EKS000005880    ,СП,Закупка,,,,,,,,,,,,,,,,"630088, г. Новосибирск, ул. Петухова, 69, офис 1",,,Иваненко П.В.,,,,,,НЭМЗ ИНЖИНИРИНГ ООО,,,,,,5403054262,540301001,Адресный СКЛАД РЦ (WMS),ЭКС-000007575   ,,,0.00000,0.00000,Сагайдак Р.С.,9d84fcb6-f991-4582-aa65-ec15d21ad65c,2026-03-24 13:59:36,,
306481,New,Processed,,ЭКС,WH1,,10236428951,,,,,ЭКС-000005881   ,,,,100,O00000006697    ,,2026-03-12 09:01:00,EKS000005881    ,СП,Закупка,,,,,,,,,,,,,,,,"141008, Россия, Московская обл, Мытищинский р-н,"," Мытищи г, Проектируемый проезд 5274, стр.7",,Козлова М.А.,,,,,,Группа Теплолюкс ООО,,,,,СДЭК-ГЛОБАЛ ООО ,5029052258,540145001,Адресный СКЛАД РЦ (WMS),ЭКС-000005769   ,,,0.00000,0.00000,Сагайдак Р.С.,649f8a3d-37e7-4430-86ab-e14bf80dfa7e,2026-03-24 14:00:23,,
306482,New,Processed,,ЭКС,WH1,,,,,,,ЭКС-000005882   ,,,,100,O00000008665    ,,2026-03-25 00:00:00,EKS000005882    ,СП,Закупка,,,,,,,,,,,,,,,,"109316, г. Москва, г. Москва, пр-кт."," Волгоградский, д. 35, оф. 510/5",,Гилета О.В.,,,,,,Промрукав ООО,,,,,,7722467171,772201001,Адресный СКЛАД РЦ (WMS),ЭКС-000007594   ,,,0.00000,0.00000,Сагайдак Р.С.,c06d3c7c-2b74-4d33-a694-99acb260f505,2026-03-24 14:19:16,,
306483,New,Processed,,ЭКС,WH1,,,,,,,ЭКС-000005883   ,,,,100,O00000008667    ,,2026-03-25 00:00:00,EKS000005883    ,СП,Закупка,,,,,,,,,,,,,,,,"109316, г. Москва, г. Москва, пр-кт."," Волгоградский, д. 35, оф. 510/5",,Гилета О.В.,,,,,,Промрукав ООО,,,,,,7722467171,772201001,Адресный СКЛАД РЦ (WMS),ЭКС-000007595   ,,,0.00000,0.00000,Сагайдак Р.С.,c06d3c7c-2b74-4d33-a694-99acb260f505,2026-03-24 14:19:23,,
306484,New,Processed,,ЭКС,WH1,,,,,,,ЭКС-000005884   ,,,,100,O00000008670    ,,2026-03-25 00:00:00,EKS000005884    ,СП,Закупка,,,,,,,,,,,,,,,,"109316, г. Москва, г. Москва, пр-кт."," Волгоградский, д. 35, оф. 510/5",,Гилета О.В.,,,,,,Промрукав ООО,,,,,,7722467171,772201001,Адресный СКЛАД РЦ (WMS),ЭКС-000007596   ,,,0.00000,0.00000,Сагайдак Р.С.,c06d3c7c-2b74-4d33-a694-99acb260f505,2026-03-24 14:19:29,,
306485,New,Processed,,ЭКС,WH1,,,,,,,ЭКС-000005885   ,,,,100,O00000008672    ,,2026-03-25 00:00:00,EKS000005885    ,СП,Закупка,,,,,,,,,,,,,,,,"109316, г. Москва, г. Москва, пр-кт."," Волгоградский, д. 35, оф. 510/5",,Гилета О.В.,,,,,,Промрукав ООО,,,,,,7722467171,772201001,Адресный СКЛАД РЦ (WMS),ЭКС-000007597   ,,,0.00000,0.00000,Сагайдак Р.С.,c06d3c7c-2b74-4d33-a694-99acb260f505,2026-03-24 14:19:36,,
306486,New,Processed,,ЭКС,WH1,,,,,,,ЭКС-000005886   ,,,,100,O00000008674    ,,2026-03-25 00:00:00,EKS000005886    ,СП,Закупка,,,,,,,,,,,,,,,,"109316, г. Москва, г. Москва, пр-кт."," Волгоградский, д. 35, оф. 510/5",,Гилета О.В.,,,,,,Промрукав ООО,,,,,,7722467171,772201001,Адресный СКЛАД РЦ (WMS),ЭКС-000007601   ,,,0.00000,0.00000,Сагайдак Р.С.,c06d3c7c-2b74-4d33-a694-99acb260f505,2026-03-24 14:19:42,,
306487,New,Processed,,ЭКС,WH1,,,,,,,ЭКС-000005887   ,,,,100,O00000008677    ,,2026-03-25 00:00:00,EKS000005887    ,СП,Закупка,,,,,,,,,,,,,,,,"109316, г. Москва, г. Москва, пр-кт."," Волгоградский, д. 35, оф. 510/5",,Гилета О.В.,,,,,,Промрукав ООО,,,,,,7722467171,772201001,Адресный СКЛАД РЦ (WMS),ЭКС-000007603   ,,,0.00000,0.00000,Сагайдак Р.С.,c06d3c7c-2b74-4d33-a694-99acb260f505,2026-03-24 14:19:49,,
306488,New,Processed,,ЭКС,WH1,,,,,,,ЭКС-000005888   ,,,,100,O00000008679    ,,2026-03-25 00:00:00,EKS000005888    ,СП,Закупка,,,,,,,,,,,,,,,,"109316, г. Москва, г. Москва, пр-кт."," Волгоградский, д. 35, оф. 510/5",,Гилета О.В.,,,,,,Промрукав ООО,,,,,,7722467171,772201001,Адресный СКЛАД РЦ (WMS),ЭКС-000007605   ,,,0.00000,0.00000,Сагайдак Р.С.,c06d3c7c-2b74-4d33-a694-99acb260f505,2026-03-24 14:19:55,,
306489,New,Processed,,ЭКС,WH1,,,,,,,ЭКС-000005889   ,,,,100,O00000008682    ,,2026-03-25 00:00:00,EKS000005889    ,СП,Закупка,,,,,,,,,,,,,,,,"109316, г. Москва, г. Москва, пр-кт."," Волгоградский, д. 35, оф. 510/5",,Гилета О.В.,,,,,,Промрукав ООО,,,,,,7722467171,772201001,Адресный СКЛАД РЦ (WMS),ЭКС-000007607   ,,,0.00000,0.00000,Сагайдак Р.С.,5ae6c81d-09fb-44b6-82b2-b1dee5e4bbdf,2026-03-24 14:20:01,,
306490,New,Processed,,ЭКС,WH1,,,,,,,ЭКС-000005890   ,,,,100,O00000008684    ,,2026-03-25 00:00:00,EKS000005890    ,СП,Закупка,,,,,,,,,,,,,,,,"109316, г. Москва, г. Москва, пр-кт."," Волгоградский, д. 35, оф. 510/5",,Гилета О.В.,,,,,,Промрукав ООО,,,,,,7722467171,772201001,Адресный СКЛАД РЦ (WMS),ЭКС-000007608   ,,,0.00000,0.00000,Сагайдак Р.С.,5ae6c81d-09fb-44b6-82b2-b1dee5e4bbdf,2026-03-24 14:20:07,,
306491,New,Processed,,ЭКС,WH1,,,,,,,ЭКС-000005891   ,,,,100,O00000008686    ,,2026-03-25 00:00:00,EKS000005891    ,СП,Закупка,,,,,,,,,,,,,,,,"109316, г. Москва, г. Москва, пр-кт."," Волгоградский, д. 35, оф. 510/5",,Гилета О.В.,,,,,,Промрукав ООО,,,,,,7722467171,772201001,Адресный СКЛАД РЦ (WMS),ЭКС-000007609   ,,,0.00000,0.00000,Сагайдак Р.С.,5ae6c81d-09fb-44b6-82b2-b1dee5e4bbdf,2026-03-24 14:20:13,,
306492,New,Processed,,ЭКС,WH1,,,,,,,ЭКС-000005892   ,,,,100,O00000008688    ,,2026-03-25 00:00:00,EKS000005892    ,СП,Закупка,,,,,,,,,,,,,,,,"109316, г. Москва, г. Москва, пр-кт."," Волгоградский, д. 35, оф. 510/5",,Гилета О.В.,,,,,,Промрукав ООО,,,,,,7722467171,772201001,Адресный СКЛАД РЦ (WMS),ЭКС-000007610   ,,,0.00000,0.00000,Сагайдак Р.С.,5ae6c81d-09fb-44b6-82b2-b1dee5e4bbdf,2026-03-24 14:20:19,,
306493,New,Processed,,ЭКС,WH1,,,,,,,ЭКС-000005893   ,,,,100,O00000008690    ,,2026-03-25 00:00:00,EKS000005893    ,СП,Закупка,,,,,,,,,,,,,,,,"109316, г. Москва, г. Москва, пр-кт."," Волгоградский, д. 35, оф. 510/5",,Гилета О.В.,,,,,,Промрукав ООО,,,,,,7722467171,772201001,Адресный СКЛАД РЦ (WMS),ЭКС-000007611   ,,,0.00000,0.00000,Сагайдак Р.С.,5ae6c81d-09fb-44b6-82b2-b1dee5e4bbdf,2026-03-24 14:20:24,,
306494,New,Processed,,ЭКС,WH1,,,,,,,ЭКС-000005894   ,,,,100,O00000008691    ,,2026-03-25 00:00:00,EKS000005894    ,СП,Закупка,,,,,,,,,,,,,,,,"109316, г. Москва, г. Москва, пр-кт."," Волгоградский, д. 35, оф. 510/5",,Гилета О.В.,,,,,,Промрукав ООО,,,,,,7722467171,772201001,Адресный СКЛАД РЦ (WMS),ЭКС-000007612   ,,,0.00000,0.00000,Сагайдак Р.С.,5ae6c81d-09fb-44b6-82b2-b1dee5e4bbdf,2026-03-24 14:20:30,,
306495,New,Processed,,ЭКС,WH1,,,,,,,ЭКС-000005895   ,,,,100,O00000008692    ,,2026-03-25 00:00:00,EKS000005895    ,СП,Закупка,,,,,,,,,,,,,,,,"109316, г. Москва, г. Москва, пр-кт."," Волгоградский, д. 35, оф. 510/5",,Гилета О.В.,,,,,,Промрукав ООО,,,,,,7722467171,772201001,Адресный СКЛАД РЦ (WMS),ЭКС-000007614   ,,,0.00000,0.00000,Сагайдак Р.С.,5ae6c81d-09fb-44b6-82b2-b1dee5e4bbdf,2026-03-24 14:20:37,,
306496,New,Processed,,ЭКС,WH1,,,,,,,ЭКС-000005896   ,,,,100,O00000008693    ,,2026-03-25 00:00:00,EKS000005896    ,СП,Закупка,,,,,,,,,,,,,,,,"109316, г. Москва, г. Москва, пр-кт."," Волгоградский, д. 35, оф. 510/5",,Гилета О.В.,,,,,,Промрукав ООО,,,,,,7722467171,772201001,Адресный СКЛАД РЦ (WMS),ЭКС-000007616   ,,,0.00000,0.00000,Сагайдак Р.С.,5ae6c81d-09fb-44b6-82b2-b1dee5e4bbdf,2026-03-24 14:20:43,,
306497,New,Processed,,ЭКС,WH1,,,,,,,ЭКС-000005897   ,,,,100,O00000008668    ,,2026-03-25 00:00:00,EKS000005897    ,СП,Кросс-докинг,,,,,,,,,,,,,,,,"109316, г. Москва, г. Москва, пр-кт."," Волгоградский, д. 35, оф. 510/5",,Гилета О.В.,,,,,,Промрукав ООО,,,,,Промрукав ООО,7722467171,772201001,Адресный СКЛАД РЦ (WMS),ЭКС-000007613   ,,,0.00000,0.00000,Сагайдак Р.С.,5ae6c81d-09fb-44b6-82b2-b1dee5e4bbdf,2026-03-24 14:20:50,,
306498,New,Processed,,ЭКС,WH1,,,,,,,ЭКС-000005898   ,,,,100,O00000008666    ,,2026-03-25 00:00:00,EKS000005898    ,СП,Кросс-докинг,,,,,,,,,,,,,,,,"109316, г. Москва, г. Москва, пр-кт."," Волгоградский, д. 35, оф. 510/5",,Гилета О.В.,,,,,,Промрукав ООО,,,,,Промрукав ООО,7722467171,772201001,Адресный СКЛАД РЦ (WMS),ЭКС-000007606   ,,,0.00000,0.00000,Сагайдак Р.С.,5ae6c81d-09fb-44b6-82b2-b1dee5e4bbdf,2026-03-24 14:20:55,,
306499,New,Processed,,ЭКС,WH1,,,,,,,ЭКС-000005899   ,,,,100,O00000008663    ,,2026-03-25 00:00:00,EKS000005899    ,СП,Кросс-докинг,,,,,,,,,,,,,,,,"109316, г. Москва, г. Москва, пр-кт."," Волгоградский, д. 35, оф. 510/5",,Гилета О.В.,,,,,,Промрукав ООО,,,,,Промрукав ООО,7722467171,772201001,Адресный СКЛАД РЦ (WMS),ЭКС-000007604   ,,,0.00000,0.00000,Сагайдак Р.С.,5ae6c81d-09fb-44b6-82b2-b1dee5e4bbdf,2026-03-24 14:21:01,,
306500,New,Processed,,ЭКС,WH1,,,,,,,ЭКС-000005900   ,,,,100,O00000008662    ,,2026-03-25 00:00:00,EKS000005900    ,СП,Кросс-докинг,,,,,,,,,,,,,,,,"109316, г. Москва, г. Москва, пр-кт."," Волгоградский, д. 35, оф. 510/5",,Гилета О.В.,,,,,,Промрукав ООО,,,,,Промрукав ООО,7722467171,772201001,Адресный СКЛАД РЦ (WMS),ЭКС-000007602   ,,,0.00000,0.00000,Сагайдак Р.С.,fc03f292-b2e2-438e-bbfc-44121b2894cd,2026-03-24 14:21:14,,
306501,New,Processed,,ЭКС,WH1,,,,,,,ЭКС-000005901   ,,,,100,O00000008661    ,,2026-03-25 00:00:00,EKS000005901    ,СП,Кросс-докинг,,,,,,,,,,,,,,,,"109316, г. Москва, г. Москва, пр-кт."," Волгоградский, д. 35, оф. 510/5",,Гилета О.В.,,,,,,Промрукав ООО,,,,,Промрукав ООО,7722467171,772201001,Адресный СКЛАД РЦ (WMS),ЭКС-000007600   ,,,0.00000,0.00000,Сагайдак Р.С.,fc03f292-b2e2-438e-bbfc-44121b2894cd,2026-03-24 14:21:23,,
306502,New,Processed,,ЭКС,WH1,,,,,,,ЭКС-000005902   ,,,,100,O00000008660    ,,2026-03-25 00:00:00,EKS000005902    ,СП,Кросс-докинг,,,,,,,,,,,,,,,,"109316, г. Москва, г. Москва, пр-кт."," Волгоградский, д. 35, оф. 510/5",,Гилета О.В.,,,,,,Промрукав ООО,,,,,Промрукав ООО,7722467171,772201001,Адресный СКЛАД РЦ (WMS),ЭКС-000007599   ,,,0.00000,0.00000,Сагайдак Р.С.,fc03f292-b2e2-438e-bbfc-44121b2894cd,2026-03-24 14:21:30,,
306503,New,Processed,,ЭКС,WH1,,,,,,,ЭКС-000005903   ,,,,100,O00000008669    ,,2026-03-25 00:00:00,EKS000005903    ,СП,Кросс-докинг,,,,,,,,,,,,,,,,"109316, г. Москва, г. Москва, пр-кт."," Волгоградский, д. 35, оф. 510/5",,Гилета О.В.,,,,,,Промрукав ООО,,,,,Промрукав ООО,7722467171,772201001,Адресный СКЛАД РЦ (WMS),ЭКС-000007615   ,,,0.00000,0.00000,Сагайдак Р.С.,fc03f292-b2e2-438e-bbfc-44121b2894cd,2026-03-24 14:21:36,,
306504,New,Processed,,ЭКС,WH1,,,,,,,ЭКС-000005904   ,,,,100,O00000008659    ,,2026-03-25 00:00:00,EKS000005904    ,СП,Кросс-докинг,,,,,,,,,,,,,,,,"109316, г. Москва, г. Москва, пр-кт."," Волгоградский, д. 35, оф. 510/5",,Гилета О.В.,,,,,,Промрукав ООО,,,,,Промрукав ООО,7722467171,772201001,Адресный СКЛАД РЦ (WMS),ЭКС-000007598   ,,,0.00000,0.00000,Сагайдак Р.С.,fc03f292-b2e2-438e-bbfc-44121b2894cd,2026-03-24 14:21:42,,
306505,New,Processed,,ЭКС,WH1,,,,,,,ЭКС-000005905   ,,,,100,O00000008695    ,,2026-03-24 13:11:00,EKS000005905    ,СП,Закупка,,,,,,,,,,,,,,,,"191144, г. Санкт-Петербург, ул. Советская, д. 44,", оф. литера Б. помещ.6-Н,,Колупаев В.Г.,,,,,,ТД Электротехмонтаж АО,,,,,,7842224734,784201001,Адресный СКЛАД РЦ (WMS),ЭКС-000007617   ,,,0.00000,0.00000,Сагайдак Р.С.,bd185973-2abf-456a-be1b-fb94f85d2cdb,2026-03-24 14:26:49,,
306506,New,Processed,,ЭКС,WH1,,,,,,,ЭКС-000005906   ,,,,100,O00000008696    ,,2026-03-24 13:14:00,EKS000005906    ,СП,Закупка,,,,,,,,,,,,,,,,"191144, г. Санкт-Петербург, ул. Советская, д. 44,", оф. литера Б. помещ.6-Н,,Дунав М.И.,,,,,,ТД Электротехмонтаж АО,,,,,,7842224734,784201001,Адресный СКЛАД РЦ (WMS),ЭКС-000007620   ,,,0.00000,0.00000,Сагайдак Р.С.,964eeb80-607b-4e9c-b66a-6eed6afaba42,2026-03-24 14:26:56,,
306507,New,Processed,,ЭКС,WH1,,,,,,,ЭКС-000005907   ,,,,100,O00000008705    ,,2026-03-24 14:12:00,EKS000005907    ,СП,Закупка,,,,,,,,,,,,,,,,"191144, г. Санкт-Петербург, ул. Советская, д. 44,", оф. литера Б. помещ.6-Н,,Петров И.В.,,,,,,ТД Электротехмонтаж АО,,,,,,7842224734,784201001,Адресный СКЛАД РЦ (WMS),ЭКС-000007618   ,,,0.00000,0.00000,Сагайдак Р.С.,964eeb80-607b-4e9c-b66a-6eed6afaba42,2026-03-24 14:27:01,,
306508,New,Processed,,ЭКС,WH1,,,,,,,О00-000001513   ,,,,100,O00000008712    ,,2026-03-24 14:27:00,O00000001513    ,СП,Закупка,,,,,,,,,,,,,,,,"630108,РФ,г.Новосибирск, ул. Пархоменко, 7",,,Косолапова Л.В.,,,,,,Приборы Охраны ООО,,,,,,5404353096,540401001,Адресный СКЛАД РЦ (WMS),О00-000000142   ,,,0.00000,0.00000,Ширяев А.А.,2d7912ca-f3d8-489f-b77e-7cf1d3d6ad49,2026-03-24 14:30:30,,
306509,New,Processed,,ЭКС,WH1,,,,,,,ЭКС-000005908   ,,,,100,O00000008701    ,,2026-03-24 14:05:00,EKS000005908    ,СП,Закупка,,,,,,,,,,,,,,,,"630007, Новосибирская область, г. Новосибирск,"," ул. Фабричная, д. 11, оф. 2",,Лихушина Н.И.,,,,,,СНАБСИБЭЛЕКТРО  ООО (новый),,,,,,7714790036,540701001,Адресный СКЛАД РЦ (WMS),ЭКС-000007628   ,,,0.00000,0.00000,Сагайдак Р.С.,dda010bb-c144-423b-a7ae-aa1adf134d78,2026-03-24 14:37:02,,
306510,New,Processed,,ЭКС,WH1,,,,,,,ЭКС-000005909   ,,,,100,O00000008702    ,,2026-03-24 14:04:00,EKS000005909    ,СП,Закупка,,,,,,,,,,,,,,,,"630007, Новосибирская область, г. Новосибирск,"," ул. Фабричная, д. 11, оф. 2",,Третьяков С.М.,,,,,,СНАБСИБЭЛЕКТРО  ООО (новый),,,,,,7714790036,540701001,Адресный СКЛАД РЦ (WMS),ЭКС-000007623   ,,,0.00000,0.00000,Сагайдак Р.С.,dda010bb-c144-423b-a7ae-aa1adf134d78,2026-03-24 14:37:07,,
306511,New,Processed,,ЭКС,WH1,,,,,,,ЭКС-000005910   ,,,,100,O00000008704    ,,2026-03-24 14:09:00,EKS000005910    ,СП,Закупка,,,,,,,,,,,,,,,,"630007, Новосибирская область, г. Новосибирск,"," ул. Фабричная, д. 11, оф. 2",,Княжева Ю.В.,,,,,,СНАБСИБЭЛЕКТРО  ООО (новый),,,,,,7714790036,540701001,Адресный СКЛАД РЦ (WMS),ЭКС-000007624   ,,,0.00000,0.00000,Сагайдак Р.С.,dda010bb-c144-423b-a7ae-aa1adf134d78,2026-03-24 14:37:13,,
306512,New,Processed,,ЭКС,WH1,,,,,,,ЭКС-000005911   ,,,,100,O00000008708    ,,2026-03-24 14:08:00,EKS000005911    ,СП,Закупка,,,,,,,,,,,,,,,,"630007, Новосибирская область, г. Новосибирск,"," ул. Фабричная, д. 11, оф. 2",,Лихушина Н.И.,,,,,,СНАБСИБЭЛЕКТРО  ООО (новый),,,,,,7714790036,540701001,Адресный СКЛАД РЦ (WMS),ЭКС-000007629   ,,,0.00000,0.00000,Сагайдак Р.С.,dda010bb-c144-423b-a7ae-aa1adf134d78,2026-03-24 14:37:19,,
306513,New,Processed,,ЭКС,WH1,,,,,,,ЭКС-000005912   ,,,,100,O00000008710    ,,2026-03-24 14:18:00,EKS000005912    ,СП,Закупка,,,,,,,,,,,,,,,,"630007, Новосибирская область, г. Новосибирск,"," ул. Фабричная, д. 11, оф. 2",,Княжева Ю.В.,,,,,,СНАБСИБЭЛЕКТРО  ООО (новый),,,,,,7714790036,540701001,Адресный СКЛАД РЦ (WMS),ЭКС-000007625   ,,,0.00000,0.00000,Сагайдак Р.С.,dda010bb-c144-423b-a7ae-aa1adf134d78,2026-03-24 14:37:24,,
306514,New,Processed,,ЭКС,WH1,,,,,,,ЭКС-000005913   ,,,,100,O00000008711    ,,2026-03-24 14:28:00,EKS000005913    ,СП,Закупка,,,,,,,,,,,,,,,,"630007, Новосибирская область, г. Новосибирск,"," ул. Фабричная, д. 11, оф. 2",,Колупаев В.Г.,,,,,,СНАБСИБЭЛЕКТРО  ООО (новый),,,,,,7714790036,540701001,Адресный СКЛАД РЦ (WMS),ЭКС-000007626   ,,,0.00000,0.00000,Сагайдак Р.С.,dda010bb-c144-423b-a7ae-aa1adf134d78,2026-03-24 14:37:31,,
306515,New,Processed,,ЭКС,WH1,,,,,,,ЭКС-000005914   ,,,,100,O00000008715    ,,2026-03-24 14:30:00,EKS000005914    ,СП,Закупка,,,,,,,,,,,,,,,,"630007, Новосибирская область, г. Новосибирск,"," ул. Фабричная, д. 11, оф. 2",,Шаповалов П.Г.,,,,,,СНАБСИБЭЛЕКТРО  ООО (новый),,,,,,7714790036,540701001,Адресный СКЛАД РЦ (WMS),ЭКС-000007627   ,,,0.00000,0.00000,Сагайдак Р.С.,dda010bb-c144-423b-a7ae-aa1adf134d78,2026-03-24 14:37:36,,
306516,New,Processed,,ЭКС,WH1,,,,,,,ЭКС-000005915   ,,,,100,O00000008650    ,,2026-03-24 11:46:00,EKS000005915    ,СП,Закупка,,,,,,,,,,,,,,,,"191144, г. Санкт-Петербург, ул. Советская, д. 44,", оф. литера Б. помещ.6-Н,,Дунав М.И.,,,,,,ТД Электротехмонтаж АО,,,,,ИП ГАДЕЛЬШИН АРТУР АЙДАРО,7842224734,784201001,Адресный СКЛАД РЦ (WMS),ЭКС-000007569   ,,,0.00000,0.00000,Сагайдак Р.С.,1d1186d3-a1cd-436e-aeb6-02824793a18f,2026-03-24 14:49:18,,
306517,New,Processed,,ЭКС,WH1,,,,,,,ЭКС-000005916   ,,,,100,O00000008720    ,,2026-03-24 14:48:00,EKS000005916    ,СП,Закупка,,,,,,,,,,,,,,,,"109451, г. Москва, г. Москва, ул. Братиславская,"," д. 16к1, оф. 3",,Лангеман Э.Г.,,,,,,ВсеИнструменты.ру,,,,,,7722753969,772301001,Адресный СКЛАД РЦ (WMS),ЭКС-000007637   ,,,0.00000,0.00000,Сагайдак Р.С.,4e7ce206-9d11-485c-9b63-46fbbc35c1fc,2026-03-24 15:02:20,,
306518,New,Processed,,ЭКС,WH1,,,,,,,ЭКС-000005917   ,,,,100,O00000008719    ,,2026-03-24 14:51:38,EKS000005917    ,СП,Закупка,,,,,,,,,,,,,,,,"109451, г. Москва, г. Москва, ул. Братиславская,"," д. 16к1, оф. 3",,Лангеман Э.Г.,,,,,,ВсеИнструменты.ру,,,,,,7722753969,772301001,Адресный СКЛАД РЦ (WMS),ЭКС-000007636   ,,,0.00000,0.00000,Сагайдак Р.С.,4e7ce206-9d11-485c-9b63-46fbbc35c1fc,2026-03-24 15:02:26,,
306519,New,Processed,,ЭКС,WH1,,,,,,,ЭКС-000005918   ,,,,100,O00000008718    ,,2026-03-24 14:40:00,EKS000005918    ,СП,Закупка,,,,,,,,,,,,,,,,"109451, г. Москва, г. Москва, ул. Братиславская,"," д. 16к1, оф. 3",,Петров И.В.,,,,,,ВсеИнструменты.ру,,,,,,7722753969,772301001,Адресный СКЛАД РЦ (WMS),ЭКС-000007634   ,,,0.00000,0.00000,Сагайдак Р.С.,4e7ce206-9d11-485c-9b63-46fbbc35c1fc,2026-03-24 15:02:32,,
306520,New,Processed,,ЭКС,WH1,,,,,,,ЭКС-000005919   ,,,,100,O00000008717    ,,2026-03-24 14:41:00,EKS000005919    ,СП,Закупка,,,,,,,,,,,,,,,,"109451, г. Москва, г. Москва, ул. Братиславская,"," д. 16к1, оф. 3",,Лангеман Э.Г.,,,,,,ВсеИнструменты.ру,,,,,,7722753969,772301001,Адресный СКЛАД РЦ (WMS),ЭКС-000007635   ,,,0.00000,0.00000,Сагайдак Р.С.,4e7ce206-9d11-485c-9b63-46fbbc35c1fc,2026-03-24 15:02:38,,
306521,New,Processed,,ЭКС,WH1,,,,,,,ЭКС-000005920   ,,,,100,O00000008716    ,,2026-03-24 14:34:00,EKS000005920    ,СП,Закупка,,,,,,,,,,,,,,,,"109451, г. Москва, г. Москва, ул. Братиславская,"," д. 16к1, оф. 3",,Петров И.В.,,,,,,ВсеИнструменты.ру,,,,,,7722753969,772301001,Адресный СКЛАД РЦ (WMS),ЭКС-000007632   ,,,0.00000,0.00000,Сагайдак Р.С.,4e7ce206-9d11-485c-9b63-46fbbc35c1fc,2026-03-24 15:02:43,,
306522,New,Processed,,ЭКС,WH1,,,,,,,ЭКС-000005921   ,,,,100,O00000008700    ,,2026-03-24 13:58:00,EKS000005921    ,СП,Закупка,,,,,,,,,,,,,,,,"109451, г. Москва, г. Москва, ул. Братиславская,"," д. 16к1, оф. 3",,Петров И.В.,,,,,,ВсеИнструменты.ру,,,,,,7722753969,772301001,Адресный СКЛАД РЦ (WMS),ЭКС-000007622   ,,,0.00000,0.00000,Сагайдак Р.С.,4e7ce206-9d11-485c-9b63-46fbbc35c1fc,2026-03-24 15:02:50,,
306523,New,Processed,,ЭКС,WH1,,,,,,,ЭКС-000005922   ,,,,100,O00000007750    ,,2026-03-24 15:53:00,EKS000005922    ,СП,Закупка,,,,,,,,,,,,,,,,"109451, г. Москва, г. Москва, ул. Братиславская,"," д. 16к1, оф. 3",,Любаева С.В.,,,,,,ВсеИнструменты.ру,,,,,,7722753969,772301001,Адресный СКЛАД РЦ (WMS),ЭКС-000006760   ,,,0.00000,0.00000,Сагайдак Р.С.,1bdaa3a9-c1a4-4d94-996e-1267ffc30c9d,2026-03-24 15:03:13,,
306524,New,Processed,,ЭКС,WH1,,,,,,,ЭКС-000005923   ,,,,100,O00000007709    ,,2026-03-24 13:25:00,EKS000005923    ,СП,Закупка,,,,,,,,,,,,,,,,"109451, г. Москва, г. Москва, ул. Братиславская,"," д. 16к1, оф. 3",,Любаева С.В.,,,,,,ВсеИнструменты.ру,,,,,,7722753969,772301001,Адресный СКЛАД РЦ (WMS),ЭКС-000006695   ,,,0.00000,0.00000,Сагайдак Р.С.,1bdaa3a9-c1a4-4d94-996e-1267ffc30c9d,2026-03-24 15:03:19,,
306525,New,Processed,,ЭКС,WH1,,,,,,,ЭКС-000005924   ,,,,100,O00000006836    ,,2026-03-23 12:49:00,EKS000005924    ,СП,Закупка,,,,,,,,,,,,,,,,"109451, г. Москва, г. Москва, ул. Братиславская,"," д. 16к1, оф. 3",,Любаева С.В.,,,,,,ВсеИнструменты.ру,,,,,,7722753969,772301001,Адресный СКЛАД РЦ (WMS),ЭКС-000005919   ,,,0.00000,0.00000,Сагайдак Р.С.,1bdaa3a9-c1a4-4d94-996e-1267ffc30c9d,2026-03-24 15:03:26,,
306526,New,Processed,,ЭКС,WH1,,,,,,,ЭКС-000005925   ,,,,100,O00000007070    ,,2026-03-23 14:53:00,EKS000005925    ,СП,Закупка,,,,,,,,,,,,,,,,"109451, г. Москва, г. Москва, ул. Братиславская,"," д. 16к1, оф. 3",,Любаева С.В.,,,,,,ВсеИнструменты.ру,,,,,,7722753969,772301001,Адресный СКЛАД РЦ (WMS),ЭКС-000006158   ,,,0.00000,0.00000,Сагайдак Р.С.,1bdaa3a9-c1a4-4d94-996e-1267ffc30c9d,2026-03-24 15:03:33,,
306527,New,Processed,,ЭКС,WH1,,,,,,,ЭКС-000005926   ,,,,100,O00000008723    ,,2026-03-24 15:00:00,EKS000005926    ,СП,Закупка,,,,,,,,,,,,,,,,"170017, Тверская область, г. Тверь, ул. Бочкина,", д. 15,,Гилета О.В.,,,,,,Диэлектрические кабельные системы АО (ДКС),,,,,,6905062011,695001001,Адресный СКЛАД РЦ (WMS),ЭКС-000007641   ,,,0.00000,0.00000,Сагайдак Р.С.,928c366d-ee55-448f-b511-f586ec44da8c,2026-03-24 15:26:41,,
306528,New,Processed,,ЭКС,WH1,,,,,,,ЭКС-000005927   ,,,,100,O00000008728    ,,2026-03-24 15:00:00,EKS000005927    ,СП,Закупка,,,,,,,,,,,,,,,,"170017, Тверская область, г. Тверь, ул. Бочкина,", д. 15,,Гилета О.В.,,,,,,Диэлектрические кабельные системы АО (ДКС),,,,,,6905062011,695001001,Адресный СКЛАД РЦ (WMS),ЭКС-000007644   ,,,0.00000,0.00000,Сагайдак Р.С.,928c366d-ee55-448f-b511-f586ec44da8c,2026-03-24 15:26:47,,
306529,New,Processed,,ЭКС,WH1,,,,,,,ЭКС-000005928   ,,,,100,O00000008729    ,,2026-03-24 15:00:00,EKS000005928    ,СП,Закупка,,,,,,,,,,,,,,,,"170017, Тверская область, г. Тверь, ул. Бочкина,", д. 15,,Гилета О.В.,,,,,,Диэлектрические кабельные системы АО (ДКС),,,,,,6905062011,695001001,Адресный СКЛАД РЦ (WMS),ЭКС-000007645   ,,,0.00000,0.00000,Сагайдак Р.С.,928c366d-ee55-448f-b511-f586ec44da8c,2026-03-24 15:26:54,,
306530,New,Processed,,ЭКС,WH1,,,,,,,ЭКС-000005929   ,,,,100,O00000008730    ,,2026-03-24 15:00:00,EKS000005929    ,СП,Закупка,,,,,,,,,,,,,,,,"170017, Тверская область, г. Тверь, ул. Бочкина,", д. 15,,Гилета О.В.,,,,,,Диэлектрические кабельные системы АО (ДКС),,,,,,6905062011,695001001,Адресный СКЛАД РЦ (WMS),ЭКС-000007646   ,,,0.00000,0.00000,Сагайдак Р.С.,928c366d-ee55-448f-b511-f586ec44da8c,2026-03-24 15:27:00,,
306531,New,Processed,,ЭКС,WH1,,,,,,,ЭКС-000005930   ,,,,100,O00000008722    ,,2026-03-24 15:00:00,EKS000005930    ,СП,Закупка,,,,,,,,,,,,,,,,"170017, Тверская область, г. Тверь, ул. Бочкина,", д. 15,,Гилета О.В.,,,,,,Диэлектрические кабельные системы АО (ДКС),,,,,,6905062011,695001001,Адресный СКЛАД РЦ (WMS),ЭКС-000007640   ,,,0.00000,0.00000,Сагайдак Р.С.,0f786344-8086-4761-884f-0b008a56fdf3,2026-03-24 15:27:08,,
306532,New,Processed,,ЭКС,WH1,,,,,,,ЭКС-000005931   ,,,,100,O00000008725    ,,2026-03-24 15:00:00,EKS000005931    ,СП,Закупка,,,,,,,,,,,,,,,,"170017, Тверская область, г. Тверь, ул. Бочкина,", д. 15,,Гилета О.В.,,,,,,Диэлектрические кабельные системы АО (ДКС),,,,,,6905062011,695001001,Адресный СКЛАД РЦ (WMS),ЭКС-000007642   ,,,0.00000,0.00000,Сагайдак Р.С.,0f786344-8086-4761-884f-0b008a56fdf3,2026-03-24 15:27:16,,
306533,New,Processed,,ЭКС,WH1,,,,,,,ЭКС-000005932   ,,,,100,O00000008727    ,,2026-03-24 15:00:00,EKS000005932    ,СП,Закупка,,,,,,,,,,,,,,,,"170017, Тверская область, г. Тверь, ул. Бочкина,", д. 15,,Гилета О.В.,,,,,,Диэлектрические кабельные системы АО (ДКС),,,,,,6905062011,695001001,Адресный СКЛАД РЦ (WMS),ЭКС-000007643   ,,,0.00000,0.00000,Сагайдак Р.С.,0f786344-8086-4761-884f-0b008a56fdf3,2026-03-24 15:27:26,,
306534,New,Processed,,ЭКС,WH1,,,,,,,ЭКС-000005933   ,,,,100,O00000008033    ,,2026-03-23 12:23:00,EKS000005933    ,СП,Закупка,,,,,,,,,,,,,,,,"109451, г. Москва, г. Москва, ул. Братиславская,"," д. 16к1, оф. 3",,Любаева С.В.,,,,,,ВсеИнструменты.ру,,,,,,7722753969,772301001,Адресный СКЛАД РЦ (WMS),ЭКС-000006996   ,,,0.00000,0.00000,Безруков Н.В.,073d0c39-5d49-453f-abb6-a91004175df6,2026-03-24 15:28:30,,
306535,New,Processed,,ЭКС,WH1,,,,,,,ЭКС-000005934   ,,,,100,O00000007767    ,,2026-03-26 00:00:00,EKS000005934    ,СП,Кросс-докинг,,,,,,,,,,,,,,,,"127018, г. Москва, г. Москва, ул. Двинцев, д. 12,", оф. 15,,Куграшова О.В.,,,,,,СИСТЭМ ЭЛЕКТРИК АО (ранее Шнейдер Электрик АО до 2,,,,,СИСТЭМ ЭЛЕКТРИК АО (ранее,7712092928,997150001,Адресный СКЛАД РЦ (WMS),ЭКС-000006775   ,,,0.00000,0.00000,Сагайдак Р.С.,5168f1a0-713a-42dc-8d29-40bacfea8b6a,2026-03-24 16:19:12,,
306536,New,Processed,,ЭКС,WH1,,,,,,,ЭКС-000005935   ,,,,100,O00000008756    ,,2026-03-24 17:22:00,EKS000005935    ,СП,Закупка,,,,,,,,,,,,,,,,"109451, г. Москва, г. Москва, ул. Братиславская,"," д. 16к1, оф. 3",,Петров И.В.,,,,,,ВсеИнструменты.ру,,,,,,7722753969,772301001,Адресный СКЛАД РЦ (WMS),ЭКС-000007659   ,,,0.00000,0.00000,Сагайдак Р.С.,04f4c9b3-7e6e-4acd-994b-7f138a42e918,2026-03-24 17:43:48,,
306537,New,Processed,,ЭКС,WH1,,,,,,,ЭКС-000005936   ,,,,100,O00000008646    ,,2026-03-24 10:49:00,EKS000005936    ,СП,Закупка,,,,,,,,,,,,,,,,"123007, г. Москва, Хорошёвское шоссе, д. 32А, 4"," этаж, помещение № VIа, офис № 415/2",,Иваненко П.В.,,,,,,СМАРТ БЭТТЕРИЗ ООО,,,,,Спирин Антон Алексеевич И,7714450590,771401001,Адресный СКЛАД РЦ (WMS),ЭКС-000007553   ,,,0.00000,0.00000,Плевако В.Ю.,df22d54a-0c18-402b-9861-3a793c1a785a,2026-03-25 08:46:10,,
306538,New,Processed,,ЭКС,WH1,,,,,,,ЭКС-000005937   ,,,,100,O00000008638    ,,2026-03-24 10:37:00,EKS000005937    ,СП,Закупка,,,,,,,,,,,,,,,,"123007, г. Москва, Хорошёвское шоссе, д. 32А, 4"," этаж, помещение № VIа, офис № 415/2",,Иваненко П.В.,,,,,,СМАРТ БЭТТЕРИЗ ООО,,,,,Спирин Антон Алексеевич И,7714450590,771401001,Адресный СКЛАД РЦ (WMS),ЭКС-000007547   ,,,0.00000,0.00000,Плевако В.Ю.,df22d54a-0c18-402b-9861-3a793c1a785a,2026-03-25 08:46:17,,
306539,New,Processed,,ЭКС,WH1,,10237083581,,,,,ЭКС-000005938   ,,,,100,O00000008557    ,,2026-03-10 16:33:00,EKS000005938    ,СП,Закупка,,,,,,,,,,,,,,,,344069 г.Ростов на Дону ул. Оганова17 кор.2 кв6,,,Любаева С.В.,,,,,,Карпов Владимир Алексеевич,,,,,СДЭК-ГЛОБАЛ ООО ,,,Адресный СКЛАД РЦ (WMS),ЭКС-000005649   ,,,0.00000,0.00000,Плевако В.Ю.,eee38c78-8f89-4f56-8c31-7b5b41df3111,2026-03-25 09:01:40,,
306540,New,Processed,,ЭКС,WH1,,,,,,,ЭКС-000005939   ,,,,100,,,2026-03-25 09:05:11,EKS000005939    ,СП,Возврат-Филиал,,,,,,,,,,,,,,,,"630005, Новосибирская область, г. Новосибирск,"," ул. Гоголя, д. 23, оф. 5",,Новоселов А.В.,,,,,,ИР_РСК Электрокомплектсервис ЗАО,,,,,,5407159273,384945001,Адресный склад БРАКА (WMS,ЭКС-000005423   ,,,0.00000,0.00000,Плевако В.Ю.,a5c1e5d1-b5f7-45a9-8aba-c11c5f18b1cc,2026-03-25 09:05:16,,
306541,New,Processed,,ЭКС,WH1,,,,,,,ЭКС-000005940   ,,,,100,,,2026-03-25 09:05:17,EKS000005940    ,СП,Возврат-Филиал,,,,,,,,,,,,,,,,"630005, Новосибирская область, г. Новосибирск,"," ул. Гоголя, д. 23, оф. 5",,Новоселов А.В.,,,,,,ИР_РСК Электрокомплектсервис ЗАО,,,,,,5407159273,384945001,Адресный склад БРАКА (WMS,ЭКС-000005424   ,,,0.00000,0.00000,Плевако В.Ю.,a5c1e5d1-b5f7-45a9-8aba-c11c5f18b1cc,2026-03-25 09:05:21,,
306542,New,Processed,,ЭКС,WH1,,,,,,,ЭКС-000005941   ,,,,100,,,2026-03-25 09:05:23,EKS000005941    ,СП,Возврат-Филиал,,,,,,,,,,,,,,,,"630005, Новосибирская область, г. Новосибирск,"," ул. Гоголя, д. 23, оф. 5",,Новоселов А.В.,,,,,,ИР_РСК Электрокомплектсервис ЗАО,,,,,,5407159273,384945001,Адресный склад БРАКА (WMS,ЭКС-000005425   ,,,0.00000,0.00000,Плевако В.Ю.,a5c1e5d1-b5f7-45a9-8aba-c11c5f18b1cc,2026-03-25 09:05:26,,
306543,New,Processed,,ЭКС,WH1,,26-01371030504,,,,,ЭКС-000005942   ,,,,100,O00000008714    ,,2026-03-24 14:04:00,EKS000005942    ,СП,Закупка,,,,,,,,,,,,,,,,"620034, Свердловская обл., г.Екатеринбург,"," ул.Колмогорова, дом 3, оф.1001",,Косолапова Л.В.,,,,,,"Кабельная компания ""Интро"" ООО",,,,,Деловые Линии ООО,6658425395,665801001,Адресный СКЛАД РЦ (WMS),ЭКС-000007472   ,,,0.00000,0.00000,Плевако В.Ю.,23e01129-439e-46ec-884b-4c9c6afd6d3e,2026-03-25 09:51:21,,
306544,New,Processed,,ЭКС,WH1,,26-02551030374,,,,,ЭКС-000005943   ,,,,100,O00000008744    ,,2026-03-03 14:41:00,EKS000005943    ,СП,Закупка,,,,,,,,,,,,,,,,"129226, г. Москва, г. Москва, ул."," Сельскохозяйственная, д. 16А, оф. 4/1/13",,Косолапова Л.В.,,,,,,Элком-Электро ООО,,,,,Деловые Линии ООО,7703214111,771701001,Адресный СКЛАД РЦ (WMS),ЭКС-000005515   ,,,0.00000,0.00000,Плевако В.Ю.,23e01129-439e-46ec-884b-4c9c6afd6d3e,2026-03-25 09:51:39,,
306545,New,Processed,,ЭКС,WH1,,26-12571227895,,,,,ЭКС-000005944   ,,,,100,O00000008703    ,,2026-03-25 17:01:00,EKS000005944    ,СП,Закупка,,,,,,,,,,,,,,,,"121596, г. Москва, г. Москва, ул. Горбунова, д. 1",", оф. 1",,Кузьмин М.С.,,,,,,Свет-Декор ООО,,,,,Деловые Линии ООО,9731047314,773101001,Адресный СКЛАД РЦ (WMS),ЭКС-000007514   ,,,0.00000,0.00000,Плевако В.Ю.,37993865-8794-4fe0-873f-75a8475ef08a,2026-03-25 09:52:08,,
306546,New,Processed,,ЭКС,WH1,,26-03681044320,,,,,ЭКС-000005945   ,,,,100,O00000008731    ,,2026-03-25 10:14:00,EKS000005945    ,СП,Закупка,,,,,,,,,,,,,,,,"197198, г. Санкт-Петербург, вн.тер.г."," муниципальныи? округ округ Петровскии?, ул."," Ждановская, д. 45 ЛИТЕРА А, помещ. 60-Н, офис 19",Кузьмин М.С.,,,,,,ООО «АЛИОТ»,,,,,Деловые Линии ООО,7805727063,781301001,Адресный СКЛАД РЦ (WMS),ЭКС-000006938   ,,,0.00000,0.00000,Плевако В.Ю.,37993865-8794-4fe0-873f-75a8475ef08a,2026-03-25 09:52:33,,
306547,New,Processed,,ЭКС,WH1,,26-02441250850,,,,,ЭКС-000005946   ,,,,100,O00000008648    ,,2026-03-24 14:40:00,EKS000005946    ,СП,Закупка,,,,,,,,,,,,,,,,"115088,Москва г, Угрешская ул. , дом №2 ,"," строение 84 , эт,2 ,пом 01г",,Кузьмин М.С.,,,,,,ДОМ СВЕТА ООО,,,,,Деловые Линии ООО,9723089007,772301001,Адресный СКЛАД РЦ (WMS),ЭКС-000007101   ,,,0.00000,0.00000,Плевако В.Ю.,36369e61-65e0-4fe9-8b86-0bd07cae1293,2026-03-25 09:57:12,,
306548,New,Processed,,ЭКС,WH1,,26-02441250850,,,,,ЭКС-000005947   ,,,,100,O00000008648    ,,2026-03-24 14:43:00,EKS000005947    ,СП,Закупка,,,,,,,,,,,,,,,,"115088,Москва г, Угрешская ул. , дом №2 ,"," строение 84 , эт,2 ,пом 01г",,Кузьмин М.С.,,,,,,ДОМ СВЕТА ООО,,,,,Деловые Линии ООО,9723089007,772301001,Адресный СКЛАД РЦ (WMS),ЭКС-000007102   ,,,0.00000,0.00000,Плевако В.Ю.,36369e61-65e0-4fe9-8b86-0bd07cae1293,2026-03-25 09:57:20,,
306549,New,Processed,,ЭКС,WH1,,26-12571227747,,,,,ЭКС-000005948   ,,,,100,O00000008726    ,,2026-03-25 13:21:00,EKS000005948    ,СП,Закупка,,,,,,,,,,,,,,,,"127410,г. Москва, Алтуфьевское шоссе, дом 37,"," строение 01, эт. 02,  пом. 271, офис В",,Косова Т.В.,,,,,,ЛАЙТИНГ-РУС   ООО,,,,,Деловые Линии ООО,7726335521,771501001 ,Адресный СКЛАД РЦ (WMS),ЭКС-000007452   ,,,0.00000,0.00000,Плевако В.Ю.,56ebf153-9bf1-4a9d-8daa-b65eea770b6c,2026-03-25 10:02:39,,
306550,New,Processed,,ЭКС,WH1,,26-12571222048,,,,,ЭКС-000005949   ,,,,100,O00000008706    ,,2026-03-25 15:42:00,EKS000005949    ,СП,Закупка,,,,,,,,,,,,,,,,"127410,г. Москва, Алтуфьевское шоссе, дом 37,"," строение 01, эт. 02,  пом. 271, офис В",,Косова Т.В.,,,,,,ЛАЙТИНГ-РУС   ООО,,,,,Деловые Линии ООО,7726335521,771501001 ,Адресный СКЛАД РЦ (WMS),ЭКС-000007029   ,,,0.00000,0.00000,Плевако В.Ю.,d739c564-87c3-45a2-bcba-77325adf9602,2026-03-25 10:26:37,,
306551,New,Processed,,ЭКС,WH1,,26-03681029740,,,,,ЭКС-000005950   ,,,,100,O00000008732    ,,2026-03-24 09:25:00,EKS000005950    ,СП,Закупка,,,,,,,,,,,,,,,,"129343, г. Москва, проезд. Серебрякова, д. 2к1,", оф. 96/12,,Кузьмин М.С.,,,,,,"ООО ""ТИЛАЙТ""",,,,,Деловые Линии ООО,7716954025,771601001,Адресный СКЛАД РЦ (WMS),ЭКС-000006930   ,,,0.00000,0.00000,Плевако В.Ю.,d7adbf5e-b291-4c33-9a2c-4bdb5011187f,2026-03-25 10:31:03,,
306552,New,Processed,,ЭКС,WH1,,26-02441254381,,,,,ЭКС-000005951   ,,,,100,O00000008699    ,,2026-03-25 14:59:00,EKS000005951    ,СП,Закупка,,,,,,,,,,,,,,,,"109518, г. Москва, бульвар Волжский, д. 5, корп. 1",,,Третьяков С.М.,,,,,,ПО Электротехник ЗАО,,,,,Деловые Линии ООО,7721249325,772101001,Адресный СКЛАД РЦ (WMS),ЭКС-000007487   ,,,0.00000,0.00000,Плевако В.Ю.,d7adbf5e-b291-4c33-9a2c-4bdb5011187f,2026-03-25 10:31:24,,
306553,New,Processed,,ЭКС,WH1,,26-12571228753,,,,,ЭКС-000005952   ,,,,100,O00000008713    ,,2026-04-02 00:00:00,EKS000005952    ,СП,Кросс-докинг,,,,,,,,,,,,,,,,"101000, г. Москва, пер. Уланский, д. 22 стр.1,"," пом.I,эт.5, оф. 501",,Кузьмин М.С.,,,,,,Арлайт РУС ООО,,,,,Деловые Линии ООО,7743089178,770801001,Адресный СКЛАД РЦ (WMS),ЭКС-000007201   ,,,0.00000,0.00000,Плевако В.Ю.,d7adbf5e-b291-4c33-9a2c-4bdb5011187f,2026-03-25 10:31:47,,
306554,New,Processed,,ЭКС,WH1,,26-12571228528,,,,,ЭКС-000005953   ,,,,100,O00000008724    ,,2026-03-25 08:56:00,EKS000005953    ,СП,Закупка,,,,,,,,,,,,,,,,"125130 г. Москва, ул. Нарвская, д.1А, помещ. I,", офис 6,,Кузьмин М.С.,,,,,,СТ групп ООО,,,,,Деловые Линии ООО,7743352260,774301001,Адресный СКЛАД РЦ (WMS),ЭКС-000007533   ,,,0.00000,0.00000,Плевако В.Ю.,3276dc86-0a0b-4d0b-8487-f763651dcf7f,2026-03-25 10:32:06,,
306555,New,Processed,,ЭКС,WH1,,26-12571222887,,,,,ЭКС-000005954   ,,,,100,O00000008709    ,,2026-04-01 00:00:00,EKS000005954    ,СП,Кросс-докинг,,,,,,,,,,,,,,,,"101000, г. Москва, пер. Уланский, д. 22 стр.1,"," пом.I,эт.5, оф. 501",,Кузьмин М.С.,,,,,,Арлайт РУС ООО,,,,,Деловые Линии ООО,7743089178,770801001,Адресный СКЛАД РЦ (WMS),ЭКС-000007051   ,,,0.00000,0.00000,Плевако В.Ю.,9f615b22-2ae6-4d49-8150-33acfce9ec7d,2026-03-25 10:38:05,,
306556,New,Processed,,ЭКС,WH1,,26-12571222887,,,,,ЭКС-000005955   ,,,,100,O00000008709    ,,2026-04-01 00:00:00,EKS000005955    ,СП,Закупка,,,,,,,,,,,,,,,,"101000, г. Москва, пер. Уланский, д. 22 стр.1,"," пом.I,эт.5, оф. 501",,Кузьмин М.С.,,,,,,Арлайт РУС ООО,,,,,Деловые Линии ООО,7743089178,770801001,Адресный СКЛАД РЦ (WMS),ЭКС-000007056   ,,,0.00000,0.00000,Плевако В.Ю.,9f615b22-2ae6-4d49-8150-33acfce9ec7d,2026-03-25 10:38:13,,
306557,New,Processed,,ЭКС,WH1,,,,,,,ЭКС-000005956   ,,,,100,O00000008753    ,,2026-03-24 17:07:00,EKS000005956    ,СП,Закупка,,,,,,,,,,,,,,,,"142700, Московская область, г. Видное, ул."," Радиальная 3-я, д. 8, помещ. 1-Н, комн 2",,Петров И.В.,,,,,,МИР ИНСТРУМЕНТА ООО,,,,,,7722537534,774950001,Адресный СКЛАД РЦ (WMS),ЭКС-000007658   ,,,0.00000,0.00000,Плевако В.Ю.,01ec2f9c-cea4-49f9-bc27-740ff842be25,2026-03-25 10:43:24,,
306558,New,Processed,,ЭКС,WH1,,,,,,,ЭКС-000005957   ,,,,100,O00000008493    ,,2026-03-25 11:02:00,EKS000005957    ,СП,Закупка,,,,,,,,,,,,,,,,"127273, г. Москва, г. Москва, ул. Отрадная, д. 2Б", стр. 7,,Лангеман Э.Г.,,,,,,МГК Световые Технологии ООО,,,,,,7715723321,771501001,Адресный СКЛАД РЦ (WMS),ЭКС-000007419   ,,,0.00000,0.00000,Плевако В.Ю.,01ec2f9c-cea4-49f9-bc27-740ff842be25,2026-03-25 10:43:42,,
306559,New,Processed,,ЭКС,WH1,,,,,,,ЭКС-000005958   ,,,,100,O00000008824    ,,2026-03-25 10:28:00,EKS000005958    ,СП,Закупка,,,,,,,,,,,,,,,,"630088, Новосибирская обл, Новосибирск г,"," Петухова ул, дом № 37/2, строение 1, тел.",,Косова Т.В.,,,,,,МСТ ООО  (FERON),,,,,,5403065426,540301001,Адресный СКЛАД РЦ (WMS),ЭКС-000007719   ,,,0.00000,0.00000,Плевако В.Ю.,c4097396-efee-4656-8e31-2a9f681c20b1,2026-03-25 10:53:33,,
306560,New,Processed,,ЭКС,WH1,,,,,,,ЭКС-000005959   ,,,,100,O00000008831    ,,2026-03-25 10:22:00,EKS000005959    ,СП,Закупка,,,,,,,,,,,,,,,,"630088, Новосибирская обл, Новосибирск г,"," Петухова ул, дом № 37/2, строение 1, тел.",,Косова Т.В.,,,,,,МСТ ООО  (FERON),,,,,,5403065426,540301001,Адресный СКЛАД РЦ (WMS),ЭКС-000007718   ,,,0.00000,0.00000,Плевако В.Ю.,daf7fec1-c40a-4b26-94c6-92a557366b2e,2026-03-25 10:53:46,,
306561,New,Processed,,ЭКС,WH1,,26-02551030374,,,,,ЭКС-000005960   ,,,,100,O00000006339    ,,2026-03-03 09:49:00,EKS000005960    ,СП,Закупка,,,,,,,,,,,,,,,,"129226, г. Москва, г. Москва, ул."," Сельскохозяйственная, д. 16А, оф. 4/1/13",,Самоличенко В.А.,,,,,,Элком-Электро ООО,,,,,Деловые Линии ООО,7703214111,771701001,Адресный СКЛАД РЦ (WMS),ЭКС-000005454   ,,,0.00000,0.00000,Сорокин Р.В.,b1d2b7ab-53e5-4b4c-9747-dc561974a9bc,2026-03-25 10:56:29,,
306562,New,Processed,,ЭКС,WH1,,,,,,,ЭКС-000005961   ,,,,100,O00000008666    ,,2026-03-25 00:00:00,EKS000005961    ,СП,Кросс-докинг,,,,,,,,,,,,,,,,"109316, г. Москва, г. Москва, пр-кт."," Волгоградский, д. 35, оф. 510/5",,Гилета О.В.,,,,,,Промрукав ООО,,,,,Промрукав ООО,7722467171,772201001,Адресный СКЛАД РЦ (WMS),ЭКС-000007606   ,,,0.00000,0.00000,Краснова П.А.,698b4508-37a9-4a95-a1aa-4e65eed123c2,2026-03-25 10:57:10,,
306563,New,Processed,,ЭКС,WH1,,999974477217,,,,,ЭКС-000005962   ,,,,100,O00000008814    ,,2026-03-23 09:28:00,EKS000005962    ,СП,Закупка,,,,,,,,,,,,,,,,"1РФ, 142111, г. Москва, вн. тер. г. муниципальный"," округ Щербинка, г. Щербинка, ул. Кутузова, д",.12,Кузьмин М.С.,,,,,,ЕВРОСВЕТ ООО ,,,,,Первая Экспедициионная Ко,7706526398,775101001,Адресный СКЛАД РЦ (WMS),ЭКС-000006784   ,,,0.00000,0.00000,Плевако В.Ю.,686c958e-c9a9-4c51-ab2a-422a1c72757e,2026-03-25 11:15:14,,
306564,New,Processed,,ЭКС,WH1,,999971216533,,,,,ЭКС-000005963   ,,,,100,O00000008630    ,,2026-03-30 09:43:00,EKS000005963    ,СП,Закупка,,,,,,,,,,,,,,,,"117418, г. Москва, г. Москва, ул. Зюзинская, д. 6"," корп2, оф. этаж3 помXVI ком31",,Куграшова О.В.,,,,,,ВЕРКЕЛЬ ООО,,,,,,7751526880,772701001,Адресный СКЛАД РЦ (WMS),ЭКС-000007540   ,,,0.00000,0.00000,Плевако В.Ю.,686c958e-c9a9-4c51-ab2a-422a1c72757e,2026-03-25 11:15:31,,
306565,New,Processed,,ЭКС,WH1,,,,,,,ЭКС-000005964   ,,,,100,O00000008801    ,,2026-03-25 00:00:00,EKS000005964    ,СП,Закупка,,,,,,,,,,,,,,,,"630058, Новосибирская область, г. Новосибирск,"," ул. Плотинная, д. 5/5, оф. 5",,Гилета О.В.,,,,,,Техэлектро-Сибирь ООО,,,,,,5408293176,540801001,Адресный СКЛАД РЦ (WMS),ЭКС-000007679   ,,,0.00000,0.00000,Плевако В.Ю.,87ac0f31-3b48-4a69-993a-a481b8dd713e,2026-03-25 11:16:33,,
306566,New,Processed,,ЭКС,WH1,,,,,,,ЭКС-000005965   ,,,,100,O00000008802    ,,2026-03-25 00:00:00,EKS000005965    ,СП,Закупка,,,,,,,,,,,,,,,,"630058, Новосибирская область, г. Новосибирск,"," ул. Плотинная, д. 5/5, оф. 5",,Гилета О.В.,,,,,,Техэлектро-Сибирь ООО,,,,,,5408293176,540801001,Адресный СКЛАД РЦ (WMS),ЭКС-000007681   ,,,0.00000,0.00000,Плевако В.Ю.,012f31d7-7595-4b1c-9290-209573d3502e,2026-03-25 11:16:57,,
306567,New,Processed,,ЭКС,WH1,,,,,,,ЭКС-000005966   ,,,,100,O00000008805    ,,2026-03-25 00:00:00,EKS000005966    ,СП,Закупка,,,,,,,,,,,,,,,,"630058, Новосибирская область, г. Новосибирск,"," ул. Плотинная, д. 5/5, оф. 5",,Гилета О.В.,,,,,,Техэлектро-Сибирь ООО,,,,,,5408293176,540801001,Адресный СКЛАД РЦ (WMS),ЭКС-000007686   ,,,0.00000,0.00000,Плевако В.Ю.,012f31d7-7595-4b1c-9290-209573d3502e,2026-03-25 11:17:05,,
306568,New,Processed,,ЭКС,WH1,,,,,,,ЭКС-000005967   ,,,,100,O00000008809    ,,2026-03-25 00:00:00,EKS000005967    ,СП,Закупка,,,,,,,,,,,,,,,,"630058, Новосибирская область, г. Новосибирск,"," ул. Плотинная, д. 5/5, оф. 5",,Гилета О.В.,,,,,,Техэлектро-Сибирь ООО,,,,,,5408293176,540801001,Адресный СКЛАД РЦ (WMS),ЭКС-000007695   ,,,0.00000,0.00000,Плевако В.Ю.,012f31d7-7595-4b1c-9290-209573d3502e,2026-03-25 11:17:13,,
306569,New,Processed,,ЭКС,WH1,,,,,,,ЭКС-000005968   ,,,,100,O00000008793    ,,2026-03-25 00:00:00,EKS000005968    ,СП,Кросс-докинг,,,,,,,,,,,,,,,,"630058, Новосибирская область, г. Новосибирск,"," ул. Плотинная, д. 5/5, оф. 5",,Гилета О.В.,,,,,,Техэлектро-Сибирь ООО,,,,,Техэлектро-Сибирь ООО,5408293176,540801001,Адресный СКЛАД РЦ (WMS),ЭКС-000007694   ,,,0.00000,0.00000,Плевако В.Ю.,012f31d7-7595-4b1c-9290-209573d3502e,2026-03-25 11:17:20,,
306570,New,Processed,,ЭКС,WH1,,,,,,,ЭКС-000005969   ,,,,100,O00000008792    ,,2026-03-25 00:00:00,EKS000005969    ,СП,Кросс-докинг,,,,,,,,,,,,,,,,"630058, Новосибирская область, г. Новосибирск,"," ул. Плотинная, д. 5/5, оф. 5",,Гилета О.В.,,,,,,Техэлектро-Сибирь ООО,,,,,Техэлектро-Сибирь ООО,5408293176,540801001,Адресный СКЛАД РЦ (WMS),ЭКС-000007693   ,,,0.00000,0.00000,Плевако В.Ю.,012f31d7-7595-4b1c-9290-209573d3502e,2026-03-25 11:17:26,,
306571,New,Processed,,ЭКС,WH1,,,,,,,ЭКС-000005970   ,,,,100,O00000008791    ,,2026-03-25 00:00:00,EKS000005970    ,СП,Кросс-докинг,,,,,,,,,,,,,,,,"630058, Новосибирская область, г. Новосибирск,"," ул. Плотинная, д. 5/5, оф. 5",,Гилета О.В.,,,,,,Техэлектро-Сибирь ООО,,,,,Техэлектро-Сибирь ООО,5408293176,540801001,Адресный СКЛАД РЦ (WMS),ЭКС-000007692   ,,,0.00000,0.00000,Плевако В.Ю.,012f31d7-7595-4b1c-9290-209573d3502e,2026-03-25 11:17:35,,
306572,New,Processed,,ЭКС,WH1,,,,,,,ЭКС-000005971   ,,,,100,O00000008789    ,,2026-03-25 00:00:00,EKS000005971    ,СП,Кросс-докинг,,,,,,,,,,,,,,,,"630058, Новосибирская область, г. Новосибирск,"," ул. Плотинная, д. 5/5, оф. 5",,Гилета О.В.,,,,,,Техэлектро-Сибирь ООО,,,,,Техэлектро-Сибирь ООО,5408293176,540801001,Адресный СКЛАД РЦ (WMS),ЭКС-000007691   ,,,0.00000,0.00000,Плевако В.Ю.,012f31d7-7595-4b1c-9290-209573d3502e,2026-03-25 11:17:42,,
306573,New,Processed,,ЭКС,WH1,,,,,,,ЭКС-000005972   ,,,,100,O00000008788    ,,2026-03-25 00:00:00,EKS000005972    ,СП,Закупка,,,,,,,,,,,,,,,,"630058, Новосибирская область, г. Новосибирск,"," ул. Плотинная, д. 5/5, оф. 5",,Гилета О.В.,,,,,,Техэлектро-Сибирь ООО,,,,,Техэлектро-Сибирь ООО,5408293176,540801001,Адресный СКЛАД РЦ (WMS),ЭКС-000007690   ,,,0.00000,0.00000,Плевако В.Ю.,012f31d7-7595-4b1c-9290-209573d3502e,2026-03-25 11:17:49,,
306574,New,Processed,,ЭКС,WH1,,,,,,,ЭКС-000005973   ,,,,100,O00000008787    ,,2026-03-25 00:00:00,EKS000005973    ,СП,Кросс-докинг,,,,,,,,,,,,,,,,"630058, Новосибирская область, г. Новосибирск,"," ул. Плотинная, д. 5/5, оф. 5",,Гилета О.В.,,,,,,Техэлектро-Сибирь ООО,,,,,Техэлектро-Сибирь ООО,5408293176,540801001,Адресный СКЛАД РЦ (WMS),ЭКС-000007689   ,,,0.00000,0.00000,Плевако В.Ю.,012f31d7-7595-4b1c-9290-209573d3502e,2026-03-25 11:17:56,,
306575,New,Processed,,ЭКС,WH1,,,,,,,ЭКС-000005974   ,,,,100,O00000008785    ,,2026-03-25 00:00:00,EKS000005974    ,СП,Закупка,,,,,,,,,,,,,,,,"630058, Новосибирская область, г. Новосибирск,"," ул. Плотинная, д. 5/5, оф. 5",,Гилета О.В.,,,,,,Техэлектро-Сибирь ООО,,,,,Техэлектро-Сибирь ООО,5408293176,540801001,Адресный СКЛАД РЦ (WMS),ЭКС-000007687   ,,,0.00000,0.00000,Плевако В.Ю.,012f31d7-7595-4b1c-9290-209573d3502e,2026-03-25 11:18:03,,
306576,New,Processed,,ЭКС,WH1,,,,,,,ЭКС-000005975   ,,,,100,O00000008784    ,,2026-03-25 00:00:00,EKS000005975    ,СП,Закупка,,,,,,,,,,,,,,,,"630058, Новосибирская область, г. Новосибирск,"," ул. Плотинная, д. 5/5, оф. 5",,Гилета О.В.,,,,,,Техэлектро-Сибирь ООО,,,,,Техэлектро-Сибирь ООО,5408293176,540801001,Адресный СКЛАД РЦ (WMS),ЭКС-000007685   ,,,0.00000,0.00000,Плевако В.Ю.,0c3b2c74-2211-4fdc-a5cd-f74d8bad541e,2026-03-25 11:18:11,,
306577,New,Processed,,ЭКС,WH1,,,,,,,ЭКС-000005976   ,,,,100,O00000008783    ,,2026-03-25 00:00:00,EKS000005976    ,СП,Кросс-докинг,,,,,,,,,,,,,,,,"630058, Новосибирская область, г. Новосибирск,"," ул. Плотинная, д. 5/5, оф. 5",,Гилета О.В.,,,,,,Техэлектро-Сибирь ООО,,,,,Техэлектро-Сибирь ООО,5408293176,540801001,Адресный СКЛАД РЦ (WMS),ЭКС-000007684   ,,,0.00000,0.00000,Плевако В.Ю.,0c3b2c74-2211-4fdc-a5cd-f74d8bad541e,2026-03-25 11:18:19,,
306578,New,Processed,,ЭКС,WH1,,,,,,,ЭКС-000005977   ,,,,100,O00000008782    ,,2026-03-25 00:00:00,EKS000005977    ,СП,Закупка,,,,,,,,,,,,,,,,"630058, Новосибирская область, г. Новосибирск,"," ул. Плотинная, д. 5/5, оф. 5",,Гилета О.В.,,,,,,Техэлектро-Сибирь ООО,,,,,Техэлектро-Сибирь ООО,5408293176,540801001,Адресный СКЛАД РЦ (WMS),ЭКС-000007683   ,,,0.00000,0.00000,Плевако В.Ю.,0c3b2c74-2211-4fdc-a5cd-f74d8bad541e,2026-03-25 11:18:25,,
306579,New,Processed,,ЭКС,WH1,,,,,,,ЭКС-000005978   ,,,,100,O00000008781    ,,2026-03-25 00:00:00,EKS000005978    ,СП,Кросс-докинг,,,,,,,,,,,,,,,,"630058, Новосибирская область, г. Новосибирск,"," ул. Плотинная, д. 5/5, оф. 5",,Гилета О.В.,,,,,,Техэлектро-Сибирь ООО,,,,,Техэлектро-Сибирь ООО,5408293176,540801001,Адресный СКЛАД РЦ (WMS),ЭКС-000007682   ,,,0.00000,0.00000,Плевако В.Ю.,0c3b2c74-2211-4fdc-a5cd-f74d8bad541e,2026-03-25 11:18:32,,
306580,New,Processed,,ЭКС,WH1,,,,,,,ЭКС-000005979   ,,,,100,O00000008780    ,,2026-03-25 00:00:00,EKS000005979    ,СП,Кросс-докинг,,,,,,,,,,,,,,,,"630058, Новосибирская область, г. Новосибирск,"," ул. Плотинная, д. 5/5, оф. 5",,Гилета О.В.,,,,,,Техэлектро-Сибирь ООО,,,,,Техэлектро-Сибирь ООО,5408293176,540801001,Адресный СКЛАД РЦ (WMS),ЭКС-000007680   ,,,0.00000,0.00000,Плевако В.Ю.,0c3b2c74-2211-4fdc-a5cd-f74d8bad541e,2026-03-25 11:18:39,,
306581,New,Processed,,ЭКС,WH1,,,,,,,ЭКС-000005980   ,,,,100,O00000008786    ,,2026-03-25 00:00:00,EKS000005980    ,СП,Кросс-докинг,,,,,,,,,,,,,,,,"630058, Новосибирская область, г. Новосибирск,"," ул. Плотинная, д. 5/5, оф. 5",,Гилета О.В.,,,,,,Техэлектро-Сибирь ООО,,,,,Техэлектро-Сибирь ООО,5408293176,540801001,Адресный СКЛАД РЦ (WMS),ЭКС-000007688   ,,,0.00000,0.00000,Плевако В.Ю.,0a48976b-01d4-416e-8c27-f96b411a32e8,2026-03-25 11:18:49,,
306582,New,Processed,,ЭКС,WH1,,,,,,,ЭКС-000005981   ,,,,100,O00000008778    ,,2026-03-25 00:00:00,EKS000005981    ,СП,Кросс-докинг,,,,,,,,,,,,,,,,"630058, Новосибирская область, г. Новосибирск,"," ул. Плотинная, д. 5/5, оф. 5",,Гилета О.В.,,,,,,Техэлектро-Сибирь ООО,,,,,Техэлектро-Сибирь ООО,5408293176,540801001,Адресный СКЛАД РЦ (WMS),ЭКС-000007678   ,,,0.00000,0.00000,Плевако В.Ю.,0a48976b-01d4-416e-8c27-f96b411a32e8,2026-03-25 11:18:56,,
306583,New,Processed,,ЭКС,WH1,,,,,,,ЭКС-000005982   ,,,,100,O00000008767    ,,2026-03-25 00:00:00,EKS000005982    ,СП,Кросс-докинг,,,,,,,,,,,,,,,,"630058, Новосибирская область, г. Новосибирск,"," ул. Плотинная, д. 5/5, оф. 5",,Гилета О.В.,,,,,,Техэлектро-Сибирь ООО,,,,,Техэлектро-Сибирь ООО,5408293176,540801001,Адресный СКЛАД РЦ (WMS),ЭКС-000007668   ,,,0.00000,0.00000,Плевако В.Ю.,0a48976b-01d4-416e-8c27-f96b411a32e8,2026-03-25 11:19:06,,
306584,New,Processed,,ЭКС,WH1,,,,,,,ЭКС-000005983   ,,,,100,O00000008768    ,,2026-03-25 00:00:00,EKS000005983    ,СП,Кросс-докинг,,,,,,,,,,,,,,,,"630058, Новосибирская область, г. Новосибирск,"," ул. Плотинная, д. 5/5, оф. 5",,Гилета О.В.,,,,,,Техэлектро-Сибирь ООО,,,,,Техэлектро-Сибирь ООО,5408293176,540801001,Адресный СКЛАД РЦ (WMS),ЭКС-000007669   ,,,0.00000,0.00000,Плевако В.Ю.,0a48976b-01d4-416e-8c27-f96b411a32e8,2026-03-25 11:19:21,,
306585,New,Processed,,ЭКС,WH1,,,,,,,ЭКС-000005984   ,,,,100,O00000008769    ,,2026-03-25 00:00:00,EKS000005984    ,СП,Закупка,,,,,,,,,,,,,,,,"630058, Новосибирская область, г. Новосибирск,"," ул. Плотинная, д. 5/5, оф. 5",,Гилета О.В.,,,,,,Техэлектро-Сибирь ООО,,,,,Техэлектро-Сибирь ООО,5408293176,540801001,Адресный СКЛАД РЦ (WMS),ЭКС-000007670   ,,,0.00000,0.00000,Плевако В.Ю.,0a48976b-01d4-416e-8c27-f96b411a32e8,2026-03-25 11:19:28,,
306586,New,Processed,,ЭКС,WH1,,,,,,,ЭКС-000005985   ,,,,100,O00000008770    ,,2026-03-25 00:00:00,EKS000005985    ,СП,Кросс-докинг,,,,,,,,,,,,,,,,"630058, Новосибирская область, г. Новосибирск,"," ул. Плотинная, д. 5/5, оф. 5",,Гилета О.В.,,,,,,Техэлектро-Сибирь ООО,,,,,Техэлектро-Сибирь ООО,5408293176,540801001,Адресный СКЛАД РЦ (WMS),ЭКС-000007671   ,,,0.00000,0.00000,Плевако В.Ю.,0a48976b-01d4-416e-8c27-f96b411a32e8,2026-03-25 11:19:37,,
306587,New,Processed,,ЭКС,WH1,,,,,,,ЭКС-000005986   ,,,,100,O00000008771    ,,2026-03-25 00:00:00,EKS000005986    ,СП,Кросс-докинг,,,,,,,,,,,,,,,,"630058, Новосибирская область, г. Новосибирск,"," ул. Плотинная, д. 5/5, оф. 5",,Гилета О.В.,,,,,,Техэлектро-Сибирь ООО,,,,,Техэлектро-Сибирь ООО,5408293176,540801001,Адресный СКЛАД РЦ (WMS),ЭКС-000007672   ,,,0.00000,0.00000,Плевако В.Ю.,0a48976b-01d4-416e-8c27-f96b411a32e8,2026-03-25 11:19:45,,
306588,New,Processed,,ЭКС,WH1,,,,,,,ЭКС-000005987   ,,,,100,O00000008772    ,,2026-03-25 00:00:00,EKS000005987    ,СП,Закупка,,,,,,,,,,,,,,,,"630058, Новосибирская область, г. Новосибирск,"," ул. Плотинная, д. 5/5, оф. 5",,Гилета О.В.,,,,,,Техэлектро-Сибирь ООО,,,,,Техэлектро-Сибирь ООО,5408293176,540801001,Адресный СКЛАД РЦ (WMS),ЭКС-000007673   ,,,0.00000,0.00000,Плевако В.Ю.,1a36a502-a099-446e-a740-58e2ae86c7a4,2026-03-25 11:19:52,,
306589,New,Processed,,ЭКС,WH1,,,,,,,ЭКС-000005988   ,,,,100,O00000008773    ,,2026-03-25 00:00:00,EKS000005988    ,СП,Кросс-докинг,,,,,,,,,,,,,,,,"630058, Новосибирская область, г. Новосибирск,"," ул. Плотинная, д. 5/5, оф. 5",,Гилета О.В.,,,,,,Техэлектро-Сибирь ООО,,,,,Техэлектро-Сибирь ООО,5408293176,540801001,Адресный СКЛАД РЦ (WMS),ЭКС-000007674   ,,,0.00000,0.00000,Плевако В.Ю.,1a36a502-a099-446e-a740-58e2ae86c7a4,2026-03-25 11:20:00,,
306590,New,Processed,,ЭКС,WH1,,,,,,,ЭКС-000005989   ,,,,100,O00000008774    ,,2026-03-25 00:00:00,EKS000005989    ,СП,Закупка,,,,,,,,,,,,,,,,"630058, Новосибирская область, г. Новосибирск,"," ул. Плотинная, д. 5/5, оф. 5",,Гилета О.В.,,,,,,Техэлектро-Сибирь ООО,,,,,Техэлектро-Сибирь ООО,5408293176,540801001,Адресный СКЛАД РЦ (WMS),ЭКС-000007675   ,,,0.00000,0.00000,Плевако В.Ю.,1a36a502-a099-446e-a740-58e2ae86c7a4,2026-03-25 11:20:08,,
306591,New,Processed,,ЭКС,WH1,,,,,,,ЭКС-000005990   ,,,,100,O00000008775    ,,2026-03-25 00:00:00,EKS000005990    ,СП,Кросс-докинг,,,,,,,,,,,,,,,,"630058, Новосибирская область, г. Новосибирск,"," ул. Плотинная, д. 5/5, оф. 5",,Гилета О.В.,,,,,,Техэлектро-Сибирь ООО,,,,,Техэлектро-Сибирь ООО,5408293176,540801001,Адресный СКЛАД РЦ (WMS),ЭКС-000007676   ,,,0.00000,0.00000,Плевако В.Ю.,1a36a502-a099-446e-a740-58e2ae86c7a4,2026-03-25 11:20:15,,
306592,New,Processed,,ЭКС,WH1,,,,,,,ЭКС-000005991   ,,,,100,O00000008776    ,,2026-03-25 00:00:00,EKS000005991    ,СП,Кросс-докинг,,,,,,,,,,,,,,,,"630058, Новосибирская область, г. Новосибирск,"," ул. Плотинная, д. 5/5, оф. 5",,Гилета О.В.,,,,,,Техэлектро-Сибирь ООО,,,,,Техэлектро-Сибирь ООО,5408293176,540801001,Адресный СКЛАД РЦ (WMS),ЭКС-000007677   ,,,0.00000,0.00000,Плевако В.Ю.,1a36a502-a099-446e-a740-58e2ae86c7a4,2026-03-25 11:20:22,,
306593,New,Processed,,ЭКС,WH1,,5843,,,,,ЭКС-000005992   ,,,,100,O00000008171    ,,2026-03-26 00:00:00,EKS000005992    ,СП,Кросс-докинг,,,,,,,,,,,,,,,,"127273, г. Москва, г. Москва, ул. Отрадная, д. 2Б"," стр.9, оф. этаж 5",,Третьяков С.М.,,,,,,Электрорешения ООО,,,,,Электрорешения ООО,7721403552,771501001,Адресный СКЛАД РЦ (WMS),ЭКС-000007123   ,,,0.00000,0.00000,Плевако В.Ю.,16903315-77b7-49e5-ad96-b1ea7a6922dd,2026-03-25 11:58:56,,
306594,New,Processed,,ЭКС,WH1,,5843,,,,,ЭКС-000005993   ,,,,100,O00000008172    ,,2026-03-26 00:00:00,EKS000005993    ,СП,Кросс-докинг,,,,,,,,,,,,,,,,"127273, г. Москва, г. Москва, ул. Отрадная, д. 2Б"," стр.9, оф. этаж 5",,Третьяков С.М.,,,,,,Электрорешения ООО,,,,,Электрорешения ООО,7721403552,771501001,Адресный СКЛАД РЦ (WMS),ЭКС-000007126   ,,,0.00000,0.00000,Плевако В.Ю.,16903315-77b7-49e5-ad96-b1ea7a6922dd,2026-03-25 11:59:08,,
306595,New,Processed,,ЭКС,WH1,,5843,,,,,ЭКС-000005994   ,,,,100,O00000008164    ,,2026-03-26 00:00:00,EKS000005994    ,СП,Кросс-докинг,,,,,,,,,,,,,,,,"127273, г. Москва, г. Москва, ул. Отрадная, д. 2Б"," стр.9, оф. этаж 5",,Третьяков С.М.,,,,,,Электрорешения ООО,,,,,Электрорешения ООО,7721403552,771501001,Адресный СКЛАД РЦ (WMS),ЭКС-000007109   ,,,0.00000,0.00000,Плевако В.Ю.,16903315-77b7-49e5-ad96-b1ea7a6922dd,2026-03-25 11:59:15,,
306596,New,Processed,,ЭКС,WH1,,5843,,,,,ЭКС-000005995   ,,,,100,O00000008163    ,,2026-03-26 00:00:00,EKS000005995    ,СП,Кросс-докинг,,,,,,,,,,,,,,,,"127273, г. Москва, г. Москва, ул. Отрадная, д. 2Б"," стр.9, оф. этаж 5",,Третьяков С.М.,,,,,,Электрорешения ООО,,,,,Электрорешения ООО,7721403552,771501001,Адресный СКЛАД РЦ (WMS),ЭКС-000007107   ,,,0.00000,0.00000,Плевако В.Ю.,16903315-77b7-49e5-ad96-b1ea7a6922dd,2026-03-25 11:59:23,,
306597,New,Processed,,ЭКС,WH1,,5843,,,,,ЭКС-000005996   ,,,,100,O00000008223    ,,2026-03-26 00:00:00,EKS000005996    ,СП,Закупка,,,,,,,,,,,,,,,,"127273, г. Москва, г. Москва, ул. Отрадная, д. 2Б"," стр.9, оф. этаж 5",,Третьяков С.М.,,,,,,Электрорешения ООО,,,,,,7721403552,771501001,Адресный СКЛАД РЦ (WMS),ЭКС-000007117   ,,,0.00000,0.00000,Плевако В.Ю.,16903315-77b7-49e5-ad96-b1ea7a6922dd,2026-03-25 11:59:29,,
306598,New,Processed,,ЭКС,WH1,,5843,,,,,ЭКС-000005997   ,,,,100,O00000008166    ,,2026-03-26 00:00:00,EKS000005997    ,СП,Закупка,,,,,,,,,,,,,,,,"127273, г. Москва, г. Москва, ул. Отрадная, д. 2Б"," стр.9, оф. этаж 5",,Третьяков С.М.,,,,,,Электрорешения ООО,,,,,Электрорешения ООО,7721403552,771501001,Адресный СКЛАД РЦ (WMS),ЭКС-000007111   ,,,0.00000,0.00000,Плевако В.Ю.,16903315-77b7-49e5-ad96-b1ea7a6922dd,2026-03-25 11:59:37,,
306599,New,Processed,,ЭКС,WH1,,5843,,,,,ЭКС-000005998   ,,,,100,O00000008175    ,,2026-03-26 00:00:00,EKS000005998    ,СП,Кросс-докинг,,,,,,,,,,,,,,,,"127273, г. Москва, г. Москва, ул. Отрадная, д. 2Б"," стр.9, оф. этаж 5",,Третьяков С.М.,,,,,,Электрорешения ООО,,,,,Электрорешения ООО,7721403552,771501001,Адресный СКЛАД РЦ (WMS),ЭКС-000007131   ,,,0.00000,0.00000,Плевако В.Ю.,16903315-77b7-49e5-ad96-b1ea7a6922dd,2026-03-25 11:59:44,,
306600,New,Processed,,ЭКС,WH1,,5843,,,,,ЭКС-000005999   ,,,,100,O00000008173    ,,2026-03-26 00:00:00,EKS000005999    ,СП,Кросс-докинг,,,,,,,,,,,,,,,,"127273, г. Москва, г. Москва, ул. Отрадная, д. 2Б"," стр.9, оф. этаж 5",,Третьяков С.М.,,,,,,Электрорешения ООО,,,,,Электрорешения ООО,7721403552,771501001,Адресный СКЛАД РЦ (WMS),ЭКС-000007128   ,,,0.00000,0.00000,Плевако В.Ю.,16903315-77b7-49e5-ad96-b1ea7a6922dd,2026-03-25 11:59:51,,
306601,New,Processed,,ЭКС,WH1,,5843,,,,,ЭКС-000006000   ,,,,100,O00000008170    ,,2026-03-26 00:00:00,EKS000006000    ,СП,Закупка,,,,,,,,,,,,,,,,"127273, г. Москва, г. Москва, ул. Отрадная, д. 2Б"," стр.9, оф. этаж 5",,Третьяков С.М.,,,,,,Электрорешения ООО,,,,,Электрорешения ООО,7721403552,771501001,Адресный СКЛАД РЦ (WMS),ЭКС-000007121   ,,,0.00000,0.00000,Плевако В.Ю.,b5501dc9-1a7a-4f99-9c73-97dd8c43ea9b,2026-03-25 11:59:58,,
306602,New,Processed,,ЭКС,WH1,,5843,,,,,ЭКС-000006001   ,,,,100,O00000008167    ,,2026-03-26 00:00:00,EKS000006001    ,СП,Кросс-докинг,,,,,,,,,,,,,,,,"127273, г. Москва, г. Москва, ул. Отрадная, д. 2Б"," стр.9, оф. этаж 5",,Третьяков С.М.,,,,,,Электрорешения ООО,,,,,Электрорешения ООО,7721403552,771501001,Адресный СКЛАД РЦ (WMS),ЭКС-000007119   ,,,0.00000,0.00000,Плевако В.Ю.,b5501dc9-1a7a-4f99-9c73-97dd8c43ea9b,2026-03-25 12:00:15,,
306603,New,Processed,,ЭКС,WH1,,,,,,,ЭКС-000006002   ,,,,100,O00000008841    ,,2026-03-25 11:23:00,EKS000006002    ,СП,Закупка,,,,,,,,,,,,,,,,"129337, Москва, Ярославское шоссе, д.1 стр.1",,,Петров И.В.,,,,,,Креусс АО,,,,,,9716005493,771601001,Адресный СКЛАД РЦ (WMS),ЭКС-000007735   ,,,0.00000,0.00000,Плевако В.Ю.,f47dfe04-e7c0-4aae-9102-93bed2fbba7f,2026-03-25 12:06:30,,
306604,New,Processed,,ЭКС,WH1,,,,,,,ЭКС-000006003   ,,,,100,O00000008858    ,,2026-03-25 11:52:00,EKS000006003    ,СП,Закупка,,,,,,,,,,,,,,,,"630084, Новосибирская область, город Новосибирск,"," улица Авиастроителей, 39 Б",,Дунав М.И.,,,,,,Промэко ООО,,,,,,5410131623,541001001,Адресный СКЛАД РЦ (WMS),ЭКС-000007748   ,,,0.00000,0.00000,Плевако В.Ю.,6db67efa-de7b-4753-a001-64380dbc4771,2026-03-25 12:12:48,,
306605,New,Processed,,ЭКС,WH1,,,,,,,ЭКС-000006004   ,,,,100,O00000008846    ,,2026-03-25 11:40:00,EKS000006004    ,СП,Закупка,,,,,,,,,,,,,,,,"630084, Новосибирская область, город Новосибирск,"," улица Авиастроителей, 39 Б",,Козлова М.А.,,,,,,Промэко ООО,,,,,,5410131623,541001001,Адресный СКЛАД РЦ (WMS),ЭКС-000007740   ,,,0.00000,0.00000,Плевако В.Ю.,08c91a09-8638-4291-acb6-9d5e72372d1b,2026-03-25 12:12:54,,
306606,New,Processed,,ЭКС,WH1,,,,,,,ЭКС-000006005   ,,,,100,O00000008849    ,,2026-03-25 11:43:00,EKS000006005    ,СП,Закупка,,,,,,,,,,,,,,,,"630084, Новосибирская область, город Новосибирск,"," улица Авиастроителей, 39 Б",,Козлова М.А.,,,,,,Промэко ООО,,,,,,5410131623,541001001,Адресный СКЛАД РЦ (WMS),ЭКС-000007741   ,,,0.00000,0.00000,Плевако В.Ю.,08c91a09-8638-4291-acb6-9d5e72372d1b,2026-03-25 12:13:01,,
306607,New,Processed,,ЭКС,WH1,,,,,,,ЭКС-000006006   ,,,,100,,,2026-03-25 12:20:00,EKS000006006    ,СП,Возврат-Филиал,,,,,,,,,,,,,,,,"630005, Новосибирская область, г. Новосибирск,"," ул. Гоголя, д. 23, оф. 5",,Новоселов А.В.,,,,,,3.Электрокомплектсервис ЗАО (Электрика 3),,,,,,5407159273,540601001,Адресный склад БРАКА (WMS,ЭКС-000005994   ,,,0.00000,0.00000,Ширяев А.А.,40a3ec2c-8d06-47ee-96f0-986de4e7c15a,2026-03-25 12:21:18,,
306608,New,Processed,,ЭКС,WH1,,,,,,,ЭКС-000006007   ,,,,100,O00000008867    ,,2026-03-25 12:18:00,EKS000006007    ,СП,Закупка,,,,,,,,,,,,,,,,"630126, г. Новосибирск, ул. Выборная, д. 201,", ком.2.,,Козлова М.А.,,,,,,Грандекс ООО,,,,,,5405459916,540501001,Адресный СКЛАД РЦ (WMS),ЭКС-000007750   ,,,0.00000,0.00000,Плевако В.Ю.,d13a55e6-be75-4b22-bb29-33091e22fc91,2026-03-25 12:30:50,,
306609,New,Processed,,ЭКС,WH1,,,,,,,ЭКС-000006008   ,,,,100,O00000008870    ,,2026-03-25 12:20:00,EKS000006008    ,СП,Закупка,,,,,,,,,,,,,,,,"630126, г. Новосибирск, ул. Выборная, д. 201,", ком.2.,,Козлова М.А.,,,,,,Грандекс ООО,,,,,,5405459916,540501001,Адресный СКЛАД РЦ (WMS),ЭКС-000007751   ,,,0.00000,0.00000,Плевако В.Ю.,d13a55e6-be75-4b22-bb29-33091e22fc91,2026-03-25 12:31:02,,
306610,New,Processed,,ЭКС,WH1,,,,,,,ЭКС-000006009   ,,,,100,O00000008873    ,,2026-03-25 12:22:00,EKS000006009    ,СП,Закупка,,,,,,,,,,,,,,,,"630126, г. Новосибирск, ул. Выборная, д. 201,", ком.2.,,Козлова М.А.,,,,,,Грандекс ООО,,,,,,5405459916,540501001,Адресный СКЛАД РЦ (WMS),ЭКС-000007752   ,,,0.00000,0.00000,Плевако В.Ю.,d13a55e6-be75-4b22-bb29-33091e22fc91,2026-03-25 12:31:10,,
306611,New,Processed,,ЭКС,WH1,,,,,,,ЭКС-000006010   ,,,,100,O00000008405    ,,2026-03-25 17:51:00,EKS000006010    ,СП,Закупка,,,,,,,,,,,,,,,,"109451, г. Москва, г. Москва, ул. Братиславская,"," д. 16к1, оф. 3",,Аверин А.И.,,,,,,ВсеИнструменты.ру,,,,,,7722753969,772301001,Адресный СКЛАД РЦ (WMS),ЭКС-000007353   ,,,0.00000,0.00000,Плевако В.Ю.,a26a2f32-279c-419d-ab89-109d303aa9f0,2026-03-25 12:35:14,,
306612,New,Processed,,ЭКС,WH1,,,,,,,ЭКС-000006011   ,,,,100,O00000008404    ,,2026-03-25 17:39:00,EKS000006011    ,СП,Закупка,,,,,,,,,,,,,,,,"109451, г. Москва, г. Москва, ул. Братиславская,"," д. 16к1, оф. 3",,Аверин А.И.,,,,,,ВсеИнструменты.ру,,,,,,7722753969,772301001,Адресный СКЛАД РЦ (WMS),ЭКС-000007351   ,,,0.00000,0.00000,Плевако В.Ю.,a26a2f32-279c-419d-ab89-109d303aa9f0,2026-03-25 12:35:45,,
306613,New,Processed,,ЭКС,WH1,,,,,,,ЭКС-000006012   ,,,,100,O00000008844    ,,2026-03-25 11:29:00,EKS000006012    ,СП,Закупка,,,,,,,,,,,,,,,,"305044, Курская область, город Курск, ул. 2-я"," Рабочая, д. 23, помещение В1, помещение 2/2",,Самоличенко В.А.,,,,,,"Курский электроаппаратный  завод ООО (ООО""КЭАЗ"")",,,,,,4632025039,463201001,Адресный СКЛАД РЦ (WMS),ЭКС-000007737   ,,,0.00000,0.00000,Плевако В.Ю.,5c3812b4-f226-4ec7-96c6-0f8f691aa47f,2026-03-25 12:37:47,,
306614,New,Processed,,ЭКС,WH1,,,,,,,ЭКС-000006013   ,,,,100,O00000008596    ,,2026-03-24 16:24:00,EKS000006013    ,СП,Закупка,,,,,,,,,,,,,,,,"623283 Свердловская обл., м.о. Ревда, г. Ревда,"," ул. Нахимова, зд. 13",,Косолапова Л.В.,,,,,,Кабельный завод Кабэкс ООО,,,,,,5940200262,660850001,Адресный СКЛАД РЦ (WMS),ЭКС-000007491   ,,,0.00000,0.00000,Плевако В.Ю.,d01e5676-8b2a-47d9-9f18-55f46226240f,2026-03-25 12:39:36,,
306615,New,Processed,,ЭКС,WH1,,,,,,,ЭКС-000006014   ,,,,100,O00000008855    ,,2026-03-25 11:51:00,EKS000006014    ,СП,Закупка,,,,,,,,,,,,,,,,"143003, Московская область, г.о. Одинцовский, г."," Одинцово, ул. Маршала Бирюзова, д. 12, оф. 10",6,Косова Т.В.,,,,,,Орион ООО   (ЭРА) новый (до 01/10/24- ВИП Маркет,,,,,,5032161850,503201001,Адресный СКЛАД РЦ (WMS),ЭКС-000007742   ,,,0.00000,0.00000,Плевако В.Ю.,ec558f6b-ccf8-40b1-9c77-d1c07e25ecec,2026-03-25 13:01:18,,
306616,New,Processed,,ЭКС,WH1,,,,,,,ЭКС-000006015   ,,,,100,O00000008857    ,,2026-03-25 11:53:00,EKS000006015    ,СП,Закупка,,,,,,,,,,,,,,,,"143003, Московская область, г.о. Одинцовский, г."," Одинцово, ул. Маршала Бирюзова, д. 12, оф. 10",6,Косова Т.В.,,,,,,Орион ООО   (ЭРА) новый (до 01/10/24- ВИП Маркет,,,,,,5032161850,503201001,Адресный СКЛАД РЦ (WMS),ЭКС-000007743   ,,,0.00000,0.00000,Плевако В.Ю.,ec558f6b-ccf8-40b1-9c77-d1c07e25ecec,2026-03-25 13:01:28,,
306617,New,Processed,,ЭКС,WH1,,,,,,,ЭКС-000006016   ,,,,100,O00000008859    ,,2026-03-25 11:54:00,EKS000006016    ,СП,Закупка,,,,,,,,,,,,,,,,"143003, Московская область, г.о. Одинцовский, г."," Одинцово, ул. Маршала Бирюзова, д. 12, оф. 10",6,Косова Т.В.,,,,,,Орион ООО   (ЭРА) новый (до 01/10/24- ВИП Маркет,,,,,,5032161850,503201001,Адресный СКЛАД РЦ (WMS),ЭКС-000007744   ,,,0.00000,0.00000,Плевако В.Ю.,ec558f6b-ccf8-40b1-9c77-d1c07e25ecec,2026-03-25 13:01:34,,
306618,New,Processed,,ЭКС,WH1,,,,,,,ЭКС-000006017   ,,,,100,O00000008860    ,,2026-03-25 11:56:00,EKS000006017    ,СП,Закупка,,,,,,,,,,,,,,,,"143003, Московская область, г.о. Одинцовский, г."," Одинцово, ул. Маршала Бирюзова, д. 12, оф. 10",6,Косова Т.В.,,,,,,Орион ООО   (ЭРА) новый (до 01/10/24- ВИП Маркет,,,,,,5032161850,503201001,Адресный СКЛАД РЦ (WMS),ЭКС-000007745   ,,,0.00000,0.00000,Плевако В.Ю.,ec558f6b-ccf8-40b1-9c77-d1c07e25ecec,2026-03-25 13:01:41,,
306619,New,Processed,,ЭКС,WH1,,,,,,,ЭКС-000006018   ,,,,100,O00000008861    ,,2026-03-25 11:57:00,EKS000006018    ,СП,Закупка,,,,,,,,,,,,,,,,"143003, Московская область, г.о. Одинцовский, г."," Одинцово, ул. Маршала Бирюзова, д. 12, оф. 10",6,Косова Т.В.,,,,,,Орион ООО   (ЭРА) новый (до 01/10/24- ВИП Маркет,,,,,,5032161850,503201001,Адресный СКЛАД РЦ (WMS),ЭКС-000007746   ,,,0.00000,0.00000,Плевако В.Ю.,ec558f6b-ccf8-40b1-9c77-d1c07e25ecec,2026-03-25 13:01:48,,
306620,New,Processed,,ЭКС,WH1,,,,,,,ЭКС-000006019   ,,,,100,O00000008862    ,,2026-03-25 12:00:00,EKS000006019    ,СП,Закупка,,,,,,,,,,,,,,,,"143003, Московская область, г.о. Одинцовский, г."," Одинцово, ул. Маршала Бирюзова, д. 12, оф. 10",6,Косова Т.В.,,,,,,Орион ООО   (ЭРА) новый (до 01/10/24- ВИП Маркет,,,,,,5032161850,503201001,Адресный СКЛАД РЦ (WMS),ЭКС-000007747   ,,,0.00000,0.00000,Плевако В.Ю.,ec558f6b-ccf8-40b1-9c77-d1c07e25ecec,2026-03-25 13:01:54,,
306621,New,Processed,,ЭКС,WH1,,,,,,,ЭКС-000006020   ,,,,100,O00000008885    ,,2026-03-25 12:43:00,EKS000006020    ,СП,Закупка,,,,,,,,,,,,,,,,"109451, г. Москва, г. Москва, ул. Братиславская,"," д. 16к1, оф. 3",,Петров И.В.,,,,,,ВсеИнструменты.ру,,,,,,7722753969,772301001,Адресный СКЛАД РЦ (WMS),ЭКС-000007763   ,,,0.00000,0.00000,Плевако В.Ю.,f469ebe4-4b2f-4a4b-9a6e-bfd4f1643fa5,2026-03-25 13:04:03,,
306622,New,Processed,,ЭКС,WH1,,,,,,,ЭКС-000006021   ,,,,100,O00000008874    ,,2026-03-25 12:25:00,EKS000006021    ,СП,Закупка,,,,,,,,,,,,,,,,"109451, г. Москва, г. Москва, ул. Братиславская,"," д. 16к1, оф. 3",,Лангеман Э.Г.,,,,,,ВсеИнструменты.ру,,,,,,7722753969,772301001,Адресный СКЛАД РЦ (WMS),ЭКС-000007753   ,,,0.00000,0.00000,Плевако В.Ю.,f469ebe4-4b2f-4a4b-9a6e-bfd4f1643fa5,2026-03-25 13:04:09,,
