2008857,Загрузка механизмами,,MN,,,m.a.simonov,,,2026-03-22 18:49:38,2026-03-22 18:49:38,,,,,,,,,,,N,,SHIPPING_DOC,EKS000017743,,,,,,,,2026-03-22 18:49:38,,,N,,0.00000,0.00000,0.00000,0.00000,,,,,,,,,,,,,0
2008858,Загрузка механизмами,,MN,,,m.a.simonov,,,2026-03-22 18:49:38,2026-03-22 18:49:38,,,,,,,,,,,N,,SHIPPING_DOC,EKS000017744,,,,,,,,2026-03-22 18:49:38,,,N,,0.00000,0.00000,0.00000,0.00000,,,,,,,,,,,,,0
2008859,Загрузка механизмами,,MN,,,m.a.simonov,,,2026-03-22 18:49:38,2026-03-22 18:49:38,,,,,,,,,,,N,,SHIPPING_DOC,EKS000017747,,,,,,,,2026-03-22 18:49:38,,,N,,0.00000,0.00000,0.00000,0.00000,,,,,,,,,,,,,0
2008860,Загрузка механизмами,,MN,,,m.a.simonov,,,2026-03-22 18:49:38,2026-03-22 18:49:38,,,,,,,,,,,N,,SHIPPING_DOC,EKS000017754,,,,,,,,2026-03-22 18:49:38,,,N,,0.00000,0.00000,0.00000,0.00000,,,,,,,,,,,,,0
2008861,Загрузка механизмами,,MN,,,m.a.simonov,,,2026-03-22 18:49:38,2026-03-22 18:49:38,,,,,,,,,,,N,,SHIPPING_DOC,EKS000017777,,,,,,,,2026-03-22 18:49:38,,,N,,0.00000,0.00000,0.00000,0.00000,,,,,,,,,,,,,0
2008862,Загрузка механизмами,,MN,,,m.a.simonov,,,2026-03-22 18:49:38,2026-03-22 18:49:38,,,,,,,,,,,N,,SHIPPING_DOC,EKS000017812,,,,,,,,2026-03-22 18:49:38,,,N,,0.00000,0.00000,0.00000,0.00000,,,,,,,,,,,,,0
2008863,Загрузка механизмами,,MN,,,m.a.simonov,,,2026-03-22 18:49:38,2026-03-22 18:49:38,,,,,,,,,,,N,,SHIPPING_DOC,EKS000017813,,,,,,,,2026-03-22 18:49:38,,,N,,0.00000,0.00000,0.00000,0.00000,,,,,,,,,,,,,0
2008864,Загрузка механизмами,,MN,,,m.a.simonov,,,2026-03-22 18:49:38,2026-03-22 18:49:38,,,,,,,,,,,N,,SHIPPING_DOC,EKS000017816,,,,,,,,2026-03-22 18:49:38,,,N,,0.00000,0.00000,0.00000,0.00000,,,,,,,,,,,,,0
2008865,Загрузка механизмами,,MN,,,m.a.simonov,,,2026-03-22 18:49:38,2026-03-22 18:49:38,,,,,,,,,,,N,,SHIPPING_DOC,EKS000017835,,,,,,,,2026-03-22 18:49:38,,,N,,0.00000,0.00000,0.00000,0.00000,,,,,,,,,,,,,0
2008866,Загрузка механизмами,,MN,,,m.a.simonov,,,2026-03-22 18:49:38,2026-03-22 18:49:38,,,,,,,,,,,N,,SHIPPING_DOC,EKS000017838,,,,,,,,2026-03-22 18:49:38,,,N,,0.00000,0.00000,0.00000,0.00000,,,,,,,,,,,,,0
2008867,Загрузка механизмами,,MN,,,m.a.simonov,,,2026-03-22 18:49:38,2026-03-22 18:49:38,,,,,,,,,,,N,,SHIPPING_DOC,EKS000017840,,,,,,,,2026-03-22 18:49:38,,,N,,0.00000,0.00000,0.00000,0.00000,,,,,,,,,,,,,0
2008868,Загрузка механизмами,,MN,,,m.a.simonov,,,2026-03-22 18:49:38,2026-03-22 18:49:38,,,,,,,,,,,N,,SHIPPING_DOC,EKS000017841,,,,,,,,2026-03-22 18:49:38,,,N,,0.00000,0.00000,0.00000,0.00000,,,,,,,,,,,,,0
2008208,Загрузка механизмами,,MN,,,o.ivanov,,,2026-03-22 14:29:25,2026-03-22 14:29:25,,,,,,,,,,,N,,SHIPPING_DOC,EKS000017489,,,,,,,,2026-03-22 14:29:25,,,N,,0.00000,0.00000,0.00000,0.00000,,,,,,,,,,,,,0
2008209,Загрузка механизмами,,MN,,,o.ivanov,,,2026-03-22 14:29:25,2026-03-22 14:29:25,,,,,,,,,,,N,,SHIPPING_DOC,EKS000017490,,,,,,,,2026-03-22 14:29:25,,,N,,0.00000,0.00000,0.00000,0.00000,,,,,,,,,,,,,0
2008210,Загрузка механизмами,,MN,,,o.ivanov,,,2026-03-22 14:29:25,2026-03-22 14:29:25,,,,,,,,,,,N,,SHIPPING_DOC,TR-20.03.2026-201,,,,,,,,2026-03-22 14:29:25,,,N,,0.00000,0.00000,0.00000,0.00000,,,,,,,,,,,,,0
2008211,Загрузка механизмами,,MN,,,o.ivanov,,,2026-03-22 14:29:25,2026-03-22 14:29:25,,,,,,,,,,,N,,SHIPPING_DOC,EKS000017797,,,,,,,,2026-03-22 14:29:25,,,N,,0.00000,0.00000,0.00000,0.00000,,,,,,,,,,,,,0
2008212,Загрузка механизмами,,MN,,,o.ivanov,,,2026-03-22 14:29:25,2026-03-22 14:29:25,,,,,,,,,,,N,,SHIPPING_DOC,EKS000017798,,,,,,,,2026-03-22 14:29:25,,,N,,0.00000,0.00000,0.00000,0.00000,,,,,,,,,,,,,0
2008213,Загрузка механизмами,,MN,,,o.ivanov,,,2026-03-22 14:29:25,2026-03-22 14:29:25,,,,,,,,,,,N,,SHIPPING_DOC,EKS000017845,,,,,,,,2026-03-22 14:29:25,,,N,,0.00000,0.00000,0.00000,0.00000,,,,,,,,,,,,,0
2008214,Загрузка ручная,,MN,,,o.ivanov,,,2026-03-22 14:29:25,2026-03-22 14:29:25,,,,,,,,,,,N,,SHIPPING_DOC,EKS000017489,,,,,,,,2026-03-22 14:29:25,,,N,,0.00000,0.00000,0.00000,0.00000,,,,,,,,,,,,,0
2008215,Загрузка ручная,,MN,,,o.ivanov,,,2026-03-22 14:29:25,2026-03-22 14:29:25,,,,,,,,,,,N,,SHIPPING_DOC,EKS000017490,,,,,,,,2026-03-22 14:29:25,,,N,,0.00000,0.00000,0.00000,0.00000,,,,,,,,,,,,,0
2008216,Загрузка ручная,,MN,,,o.ivanov,,,2026-03-22 14:29:25,2026-03-22 14:29:25,,,,,,,,,,,N,,SHIPPING_DOC,TR-20.03.2026-201,,,,,,,,2026-03-22 14:29:25,,,N,,0.00000,0.00000,0.00000,0.00000,,,,,,,,,,,,,0
2008217,Загрузка ручная,,MN,,,o.ivanov,,,2026-03-22 14:29:25,2026-03-22 14:29:25,,,,,,,,,,,N,,SHIPPING_DOC,EKS000017797,,,,,,,,2026-03-22 14:29:25,,,N,,0.00000,0.00000,0.00000,0.00000,,,,,,,,,,,,,0
2008218,Загрузка ручная,,MN,,,o.ivanov,,,2026-03-22 14:29:25,2026-03-22 14:29:25,,,,,,,,,,,N,,SHIPPING_DOC,EKS000017798,,,,,,,,2026-03-22 14:29:25,,,N,,0.00000,0.00000,0.00000,0.00000,,,,,,,,,,,,,0
2008219,Загрузка ручная,,MN,,,o.ivanov,,,2026-03-22 14:29:25,2026-03-22 14:29:25,,,,,,,,,,,N,,SHIPPING_DOC,EKS000017845,,,,,,,,2026-03-22 14:29:25,,,N,,0.00000,0.00000,0.00000,0.00000,,,,,,,,,,,,,0
2008220,Загрузка механизмами,,MN,,,a.safronov,,,2026-03-22 14:35:43,2026-03-22 14:35:43,,,,,,,,,,,N,,SHIPPING_DOC,EKS000017460,,,,,,,,2026-03-22 14:35:43,,,N,,0.00000,0.00000,0.00000,0.00000,,,,,,,,,,,,,0
2008869,Загрузка механизмами,,MN,,,m.a.simonov,,,2026-03-22 18:49:38,2026-03-22 18:49:38,,,,,,,,,,,N,,SHIPPING_DOC,EKS000017863,,,,,,,,2026-03-22 18:49:38,,,N,,0.00000,0.00000,0.00000,0.00000,,,,,,,,,,,,,0
2008870,Загрузка механизмами,,MN,,,m.a.simonov,,,2026-03-22 18:49:38,2026-03-22 18:49:38,,,,,,,,,,,N,,SHIPPING_DOC,EKS000017867,,,,,,,,2026-03-22 18:49:38,,,N,,0.00000,0.00000,0.00000,0.00000,,,,,,,,,,,,,0
2008871,Загрузка ручная,,MN,,,m.a.simonov,,,2026-03-22 18:49:38,2026-03-22 18:49:38,,,,,,,,,,,N,,SHIPPING_DOC,EKS000017444,,,,,,,,2026-03-22 18:49:38,,,N,,0.00000,0.00000,0.00000,0.00000,,,,,,,,,,,,,0
2008872,Загрузка ручная,,MN,,,m.a.simonov,,,2026-03-22 18:49:38,2026-03-22 18:49:38,,,,,,,,,,,N,,SHIPPING_DOC,EKS000017464,,,,,,,,2026-03-22 18:49:38,,,N,,0.00000,0.00000,0.00000,0.00000,,,,,,,,,,,,,0
2008873,Загрузка ручная,,MN,,,m.a.simonov,,,2026-03-22 18:49:38,2026-03-22 18:49:38,,,,,,,,,,,N,,SHIPPING_DOC,EKS000017467,,,,,,,,2026-03-22 18:49:38,,,N,,0.00000,0.00000,0.00000,0.00000,,,,,,,,,,,,,0
2008874,Загрузка ручная,,MN,,,m.a.simonov,,,2026-03-22 18:49:38,2026-03-22 18:49:38,,,,,,,,,,,N,,SHIPPING_DOC,EKS000017476,,,,,,,,2026-03-22 18:49:38,,,N,,0.00000,0.00000,0.00000,0.00000,,,,,,,,,,,,,0
2008875,Загрузка ручная,,MN,,,m.a.simonov,,,2026-03-22 18:49:38,2026-03-22 18:49:38,,,,,,,,,,,N,,SHIPPING_DOC,EKS000017478,,,,,,,,2026-03-22 18:49:38,,,N,,0.00000,0.00000,0.00000,0.00000,,,,,,,,,,,,,0
2008876,Загрузка ручная,,MN,,,m.a.simonov,,,2026-03-22 18:49:38,2026-03-22 18:49:38,,,,,,,,,,,N,,SHIPPING_DOC,EKS000017480,,,,,,,,2026-03-22 18:49:38,,,N,,0.00000,0.00000,0.00000,0.00000,,,,,,,,,,,,,0
2008877,Загрузка ручная,,MN,,,m.a.simonov,,,2026-03-22 18:49:38,2026-03-22 18:49:38,,,,,,,,,,,N,,SHIPPING_DOC,EKS000017498,,,,,,,,2026-03-22 18:49:38,,,N,,0.00000,0.00000,0.00000,0.00000,,,,,,,,,,,,,0
2008878,Загрузка ручная,,MN,,,m.a.simonov,,,2026-03-22 18:49:38,2026-03-22 18:49:38,,,,,,,,,,,N,,SHIPPING_DOC,EKS000017502,,,,,,,,2026-03-22 18:49:38,,,N,,0.00000,0.00000,0.00000,0.00000,,,,,,,,,,,,,0
2008879,Загрузка ручная,,MN,,,m.a.simonov,,,2026-03-22 18:49:38,2026-03-22 18:49:38,,,,,,,,,,,N,,SHIPPING_DOC,EKS000017504,,,,,,,,2026-03-22 18:49:38,,,N,,0.00000,0.00000,0.00000,0.00000,,,,,,,,,,,,,0
2008880,Загрузка ручная,,MN,,,m.a.simonov,,,2026-03-22 18:49:38,2026-03-22 18:49:38,,,,,,,,,,,N,,SHIPPING_DOC,EKS000017505,,,,,,,,2026-03-22 18:49:38,,,N,,0.00000,0.00000,0.00000,0.00000,,,,,,,,,,,,,0
2008881,Загрузка ручная,,MN,,,m.a.simonov,,,2026-03-22 18:49:38,2026-03-22 18:49:38,,,,,,,,,,,N,,SHIPPING_DOC,EKS000017510,,,,,,,,2026-03-22 18:49:38,,,N,,0.00000,0.00000,0.00000,0.00000,,,,,,,,,,,,,0
2008221,Загрузка механизмами,,MN,,,a.safronov,,,2026-03-22 14:35:43,2026-03-22 14:35:43,,,,,,,,,,,N,,SHIPPING_DOC,EKS000017650,,,,,,,,2026-03-22 14:35:43,,,N,,0.00000,0.00000,0.00000,0.00000,,,,,,,,,,,,,0
2008222,Загрузка механизмами,,MN,,,a.safronov,,,2026-03-22 14:35:43,2026-03-22 14:35:43,,,,,,,,,,,N,,SHIPPING_DOC,EKS000017755,,,,,,,,2026-03-22 14:35:43,,,N,,0.00000,0.00000,0.00000,0.00000,,,,,,,,,,,,,0
2008223,Загрузка механизмами,,MN,,,a.safronov,,,2026-03-22 14:35:43,2026-03-22 14:35:43,,,,,,,,,,,N,,SHIPPING_DOC,EKS000017789,,,,,,,,2026-03-22 14:35:43,,,N,,0.00000,0.00000,0.00000,0.00000,,,,,,,,,,,,,0
2008224,Загрузка механизмами,,MN,,,a.safronov,,,2026-03-22 14:35:43,2026-03-22 14:35:43,,,,,,,,,,,N,,SHIPPING_DOC,EKS000017790,,,,,,,,2026-03-22 14:35:43,,,N,,0.00000,0.00000,0.00000,0.00000,,,,,,,,,,,,,0
2008225,Загрузка механизмами,,MN,,,a.safronov,,,2026-03-22 14:35:43,2026-03-22 14:35:43,,,,,,,,,,,N,,SHIPPING_DOC,EKS000017836,,,,,,,,2026-03-22 14:35:43,,,N,,0.00000,0.00000,0.00000,0.00000,,,,,,,,,,,,,0
2008226,Загрузка механизмами,,MN,,,a.safronov,,,2026-03-22 14:35:43,2026-03-22 14:35:43,,,,,,,,,,,N,,SHIPPING_DOC,EKS000017849,,,,,,,,2026-03-22 14:35:43,,,N,,0.00000,0.00000,0.00000,0.00000,,,,,,,,,,,,,0
2008227,Загрузка ручная,,MN,,,a.safronov,,,2026-03-22 14:35:43,2026-03-22 14:35:43,,,,,,,,,,,N,,SHIPPING_DOC,EKS000017460,,,,,,,,2026-03-22 14:35:43,,,N,,0.00000,0.00000,0.00000,0.00000,,,,,,,,,,,,,0
2008228,Загрузка ручная,,MN,,,a.safronov,,,2026-03-22 14:35:43,2026-03-22 14:35:43,,,,,,,,,,,N,,SHIPPING_DOC,EKS000017650,,,,,,,,2026-03-22 14:35:43,,,N,,0.00000,0.00000,0.00000,0.00000,,,,,,,,,,,,,0
2008229,Загрузка ручная,,MN,,,a.safronov,,,2026-03-22 14:35:43,2026-03-22 14:35:43,,,,,,,,,,,N,,SHIPPING_DOC,EKS000017755,,,,,,,,2026-03-22 14:35:43,,,N,,0.00000,0.00000,0.00000,0.00000,,,,,,,,,,,,,0
2008230,Загрузка ручная,,MN,,,a.safronov,,,2026-03-22 14:35:43,2026-03-22 14:35:43,,,,,,,,,,,N,,SHIPPING_DOC,EKS000017789,,,,,,,,2026-03-22 14:35:43,,,N,,0.00000,0.00000,0.00000,0.00000,,,,,,,,,,,,,0
2008231,Загрузка ручная,,MN,,,a.safronov,,,2026-03-22 14:35:43,2026-03-22 14:35:43,,,,,,,,,,,N,,SHIPPING_DOC,EKS000017790,,,,,,,,2026-03-22 14:35:43,,,N,,0.00000,0.00000,0.00000,0.00000,,,,,,,,,,,,,0
2008232,Загрузка ручная,,MN,,,a.safronov,,,2026-03-22 14:35:43,2026-03-22 14:35:43,,,,,,,,,,,N,,SHIPPING_DOC,EKS000017836,,,,,,,,2026-03-22 14:35:43,,,N,,0.00000,0.00000,0.00000,0.00000,,,,,,,,,,,,,0
2008233,Загрузка ручная,,MN,,,a.safronov,,,2026-03-22 14:35:43,2026-03-22 14:35:43,,,,,,,,,,,N,,SHIPPING_DOC,EKS000017849,,,,,,,,2026-03-22 14:35:43,,,N,,0.00000,0.00000,0.00000,0.00000,,,,,,,,,,,,,0
2008234,Загрузка механизмами,,MN,,,m.a.simonov,,,2026-03-22 14:41:00,2026-03-22 14:41:00,,,,,,,,,,,N,,SHIPPING_DOC,EKS000017414,,,,,,,,2026-03-22 14:41:00,,,N,,0.00000,0.00000,0.00000,0.00000,,,,,,,,,,,,,0
2008235,Загрузка механизмами,,MN,,,m.a.simonov,,,2026-03-22 14:41:00,2026-03-22 14:41:00,,,,,,,,,,,N,,SHIPPING_DOC,EKS000017503,,,,,,,,2026-03-22 14:41:00,,,N,,0.00000,0.00000,0.00000,0.00000,,,,,,,,,,,,,0
2008236,Загрузка механизмами,,MN,,,m.a.simonov,,,2026-03-22 14:41:00,2026-03-22 14:41:00,,,,,,,,,,,N,,SHIPPING_DOC,EKS000017627,,,,,,,,2026-03-22 14:41:00,,,N,,0.00000,0.00000,0.00000,0.00000,,,,,,,,,,,,,0
2008237,Загрузка механизмами,,MN,,,m.a.simonov,,,2026-03-22 14:41:00,2026-03-22 14:41:00,,,,,,,,,,,N,,SHIPPING_DOC,EKS000017694,,,,,,,,2026-03-22 14:41:00,,,N,,0.00000,0.00000,0.00000,0.00000,,,,,,,,,,,,,0
2008238,Загрузка механизмами,,MN,,,m.a.simonov,,,2026-03-22 14:41:00,2026-03-22 14:41:00,,,,,,,,,,,N,,SHIPPING_DOC,EKS000017729,,,,,,,,2026-03-22 14:41:00,,,N,,0.00000,0.00000,0.00000,0.00000,,,,,,,,,,,,,0
2008239,Загрузка механизмами,,MN,,,m.a.simonov,,,2026-03-22 14:41:00,2026-03-22 14:41:00,,,,,,,,,,,N,,SHIPPING_DOC,EKS000017769,,,,,,,,2026-03-22 14:41:00,,,N,,0.00000,0.00000,0.00000,0.00000,,,,,,,,,,,,,0
2008240,Загрузка механизмами,,MN,,,m.a.simonov,,,2026-03-22 14:41:00,2026-03-22 14:41:00,,,,,,,,,,,N,,SHIPPING_DOC,EKS000017770,,,,,,,,2026-03-22 14:41:00,,,N,,0.00000,0.00000,0.00000,0.00000,,,,,,,,,,,,,0
2008241,Загрузка механизмами,,MN,,,m.a.simonov,,,2026-03-22 14:41:00,2026-03-22 14:41:00,,,,,,,,,,,N,,SHIPPING_DOC,EKS000017771,,,,,,,,2026-03-22 14:41:00,,,N,,0.00000,0.00000,0.00000,0.00000,,,,,,,,,,,,,0
2008242,Загрузка механизмами,,MN,,,m.a.simonov,,,2026-03-22 14:41:00,2026-03-22 14:41:00,,,,,,,,,,,N,,SHIPPING_DOC,EKS000017772,,,,,,,,2026-03-22 14:41:00,,,N,,0.00000,0.00000,0.00000,0.00000,,,,,,,,,,,,,0
2008243,Загрузка механизмами,,MN,,,m.a.simonov,,,2026-03-22 14:41:00,2026-03-22 14:41:00,,,,,,,,,,,N,,SHIPPING_DOC,EKS000017799,,,,,,,,2026-03-22 14:41:00,,,N,,0.00000,0.00000,0.00000,0.00000,,,,,,,,,,,,,0
2008244,Загрузка механизмами,,MN,,,m.a.simonov,,,2026-03-22 14:41:00,2026-03-22 14:41:00,,,,,,,,,,,N,,SHIPPING_DOC,EKS000017800,,,,,,,,2026-03-22 14:41:00,,,N,,0.00000,0.00000,0.00000,0.00000,,,,,,,,,,,,,0
2008245,Загрузка механизмами,,MN,,,m.a.simonov,,,2026-03-22 14:41:00,2026-03-22 14:41:00,,,,,,,,,,,N,,SHIPPING_DOC,EKS000017861,,,,,,,,2026-03-22 14:41:00,,,N,,0.00000,0.00000,0.00000,0.00000,,,,,,,,,,,,,0
2008882,Загрузка ручная,,MN,,,m.a.simonov,,,2026-03-22 18:49:38,2026-03-22 18:49:38,,,,,,,,,,,N,,SHIPPING_DOC,EKS000017517,,,,,,,,2026-03-22 18:49:38,,,N,,0.00000,0.00000,0.00000,0.00000,,,,,,,,,,,,,0
2008883,Загрузка ручная,,MN,,,m.a.simonov,,,2026-03-22 18:49:38,2026-03-22 18:49:38,,,,,,,,,,,N,,SHIPPING_DOC,EKS000017518,,,,,,,,2026-03-22 18:49:38,,,N,,0.00000,0.00000,0.00000,0.00000,,,,,,,,,,,,,0
2008884,Загрузка ручная,,MN,,,m.a.simonov,,,2026-03-22 18:49:38,2026-03-22 18:49:38,,,,,,,,,,,N,,SHIPPING_DOC,EKS000017520,,,,,,,,2026-03-22 18:49:38,,,N,,0.00000,0.00000,0.00000,0.00000,,,,,,,,,,,,,0
2008885,Загрузка ручная,,MN,,,m.a.simonov,,,2026-03-22 18:49:38,2026-03-22 18:49:38,,,,,,,,,,,N,,SHIPPING_DOC,EKS000017536,,,,,,,,2026-03-22 18:49:38,,,N,,0.00000,0.00000,0.00000,0.00000,,,,,,,,,,,,,0
2008886,Загрузка ручная,,MN,,,m.a.simonov,,,2026-03-22 18:49:38,2026-03-22 18:49:38,,,,,,,,,,,N,,SHIPPING_DOC,EKS000017537,,,,,,,,2026-03-22 18:49:38,,,N,,0.00000,0.00000,0.00000,0.00000,,,,,,,,,,,,,0
2008887,Загрузка ручная,,MN,,,m.a.simonov,,,2026-03-22 18:49:38,2026-03-22 18:49:38,,,,,,,,,,,N,,SHIPPING_DOC,EKS000017545,,,,,,,,2026-03-22 18:49:38,,,N,,0.00000,0.00000,0.00000,0.00000,,,,,,,,,,,,,0
2008888,Загрузка ручная,,MN,,,m.a.simonov,,,2026-03-22 18:49:38,2026-03-22 18:49:38,,,,,,,,,,,N,,SHIPPING_DOC,EKS000017548,,,,,,,,2026-03-22 18:49:38,,,N,,0.00000,0.00000,0.00000,0.00000,,,,,,,,,,,,,0
2008889,Загрузка ручная,,MN,,,m.a.simonov,,,2026-03-22 18:49:38,2026-03-22 18:49:38,,,,,,,,,,,N,,SHIPPING_DOC,EKS000017558,,,,,,,,2026-03-22 18:49:38,,,N,,0.00000,0.00000,0.00000,0.00000,,,,,,,,,,,,,0
2008890,Загрузка ручная,,MN,,,m.a.simonov,,,2026-03-22 18:49:38,2026-03-22 18:49:38,,,,,,,,,,,N,,SHIPPING_DOC,EKS000017559,,,,,,,,2026-03-22 18:49:38,,,N,,0.00000,0.00000,0.00000,0.00000,,,,,,,,,,,,,0
2008891,Загрузка ручная,,MN,,,m.a.simonov,,,2026-03-22 18:49:38,2026-03-22 18:49:38,,,,,,,,,,,N,,SHIPPING_DOC,EKS000017562,,,,,,,,2026-03-22 18:49:38,,,N,,0.00000,0.00000,0.00000,0.00000,,,,,,,,,,,,,0
2008892,Загрузка ручная,,MN,,,m.a.simonov,,,2026-03-22 18:49:38,2026-03-22 18:49:38,,,,,,,,,,,N,,SHIPPING_DOC,EKS000017574,,,,,,,,2026-03-22 18:49:38,,,N,,0.00000,0.00000,0.00000,0.00000,,,,,,,,,,,,,0
2008893,Загрузка ручная,,MN,,,m.a.simonov,,,2026-03-22 18:49:38,2026-03-22 18:49:38,,,,,,,,,,,N,,SHIPPING_DOC,EKS000017578,,,,,,,,2026-03-22 18:49:38,,,N,,0.00000,0.00000,0.00000,0.00000,,,,,,,,,,,,,0
2008894,Загрузка ручная,,MN,,,m.a.simonov,,,2026-03-22 18:49:38,2026-03-22 18:49:38,,,,,,,,,,,N,,SHIPPING_DOC,EKS000017585,,,,,,,,2026-03-22 18:49:38,,,N,,0.00000,0.00000,0.00000,0.00000,,,,,,,,,,,,,0
2008246,Загрузка ручная,,MN,,,m.a.simonov,,,2026-03-22 14:41:00,2026-03-22 14:41:00,,,,,,,,,,,N,,SHIPPING_DOC,EKS000017414,,,,,,,,2026-03-22 14:41:00,,,N,,0.00000,0.00000,0.00000,0.00000,,,,,,,,,,,,,0
2008247,Загрузка ручная,,MN,,,m.a.simonov,,,2026-03-22 14:41:00,2026-03-22 14:41:00,,,,,,,,,,,N,,SHIPPING_DOC,EKS000017503,,,,,,,,2026-03-22 14:41:00,,,N,,0.00000,0.00000,0.00000,0.00000,,,,,,,,,,,,,0
2008248,Загрузка ручная,,MN,,,m.a.simonov,,,2026-03-22 14:41:00,2026-03-22 14:41:00,,,,,,,,,,,N,,SHIPPING_DOC,EKS000017627,,,,,,,,2026-03-22 14:41:00,,,N,,0.00000,0.00000,0.00000,0.00000,,,,,,,,,,,,,0
2008249,Загрузка ручная,,MN,,,m.a.simonov,,,2026-03-22 14:41:00,2026-03-22 14:41:00,,,,,,,,,,,N,,SHIPPING_DOC,EKS000017694,,,,,,,,2026-03-22 14:41:00,,,N,,0.00000,0.00000,0.00000,0.00000,,,,,,,,,,,,,0
2008250,Загрузка ручная,,MN,,,m.a.simonov,,,2026-03-22 14:41:00,2026-03-22 14:41:00,,,,,,,,,,,N,,SHIPPING_DOC,EKS000017729,,,,,,,,2026-03-22 14:41:00,,,N,,0.00000,0.00000,0.00000,0.00000,,,,,,,,,,,,,0
2008251,Загрузка ручная,,MN,,,m.a.simonov,,,2026-03-22 14:41:00,2026-03-22 14:41:00,,,,,,,,,,,N,,SHIPPING_DOC,EKS000017769,,,,,,,,2026-03-22 14:41:00,,,N,,0.00000,0.00000,0.00000,0.00000,,,,,,,,,,,,,0
2008252,Загрузка ручная,,MN,,,m.a.simonov,,,2026-03-22 14:41:00,2026-03-22 14:41:00,,,,,,,,,,,N,,SHIPPING_DOC,EKS000017770,,,,,,,,2026-03-22 14:41:00,,,N,,0.00000,0.00000,0.00000,0.00000,,,,,,,,,,,,,0
2008253,Загрузка ручная,,MN,,,m.a.simonov,,,2026-03-22 14:41:00,2026-03-22 14:41:00,,,,,,,,,,,N,,SHIPPING_DOC,EKS000017771,,,,,,,,2026-03-22 14:41:00,,,N,,0.00000,0.00000,0.00000,0.00000,,,,,,,,,,,,,0
2008254,Загрузка ручная,,MN,,,m.a.simonov,,,2026-03-22 14:41:00,2026-03-22 14:41:00,,,,,,,,,,,N,,SHIPPING_DOC,EKS000017772,,,,,,,,2026-03-22 14:41:00,,,N,,0.00000,0.00000,0.00000,0.00000,,,,,,,,,,,,,0
2008255,Загрузка ручная,,MN,,,m.a.simonov,,,2026-03-22 14:41:00,2026-03-22 14:41:00,,,,,,,,,,,N,,SHIPPING_DOC,EKS000017799,,,,,,,,2026-03-22 14:41:00,,,N,,0.00000,0.00000,0.00000,0.00000,,,,,,,,,,,,,0
2008256,Загрузка ручная,,MN,,,m.a.simonov,,,2026-03-22 14:41:00,2026-03-22 14:41:00,,,,,,,,,,,N,,SHIPPING_DOC,EKS000017800,,,,,,,,2026-03-22 14:41:00,,,N,,0.00000,0.00000,0.00000,0.00000,,,,,,,,,,,,,0
2008257,Загрузка ручная,,MN,,,m.a.simonov,,,2026-03-22 14:41:00,2026-03-22 14:41:00,,,,,,,,,,,N,,SHIPPING_DOC,EKS000017861,,,,,,,,2026-03-22 14:41:00,,,N,,0.00000,0.00000,0.00000,0.00000,,,,,,,,,,,,,0
2008258,Загрузка механизмами,,MN,,,USER1319,,,2026-03-22 14:41:12,2026-03-22 14:41:12,,,,,,,,,,,N,,SHIPPING_DOC,EKS000017414,,,,,,,,2026-03-22 14:41:12,,,N,,0.00000,0.00000,0.00000,0.00000,,,,,,,,,,,,,0
2009461,Разгрузка механизмами,,MN,,,user3125,,,2026-03-23 10:29:57,2026-03-23 10:29:57,,,,,,,,,,,N,,RECEIPT_DOC,EKS000005728,,,,,,,,2026-03-23 10:29:57,,,N,,0.00000,0.00000,0.00000,0.00000,,,,,,,,,,,,,0
2009462,Разгрузка механизмами,,MN,,,user3125,,,2026-03-23 10:30:05,2026-03-23 10:30:05,,,,,,,,,,,N,,RECEIPT_DOC,EKS000005729,,,,,,,,2026-03-23 10:30:05,,,N,,0.00000,0.00000,0.00000,0.00000,,,,,,,,,,,,,0
2009463,Разгрузка ручная,,MN,,,user2361,,,2026-03-23 10:30:23,2026-03-23 10:30:23,,,,,,,,,,,N,,RECEIPT_DOC,EKS000005729,,,,,,,,2026-03-23 10:30:23,,,N,,0.00000,0.00000,0.00000,0.00000,,,,,,,,,,,,,0
2009464,Разгрузка ручная,,MN,,,user2361,,,2026-03-23 10:30:28,2026-03-23 10:30:28,,,,,,,,,,,N,,RECEIPT_DOC,EKS000005728,,,,,,,,2026-03-23 10:30:28,,,N,,0.00000,0.00000,0.00000,0.00000,,,,,,,,,,,,,0
2009465,Загрузка механизмами,,MN,,,user2349,,,2026-03-23 10:38:03,2026-03-23 10:38:03,,,,,,,,,,,N,,SHIPPING_DOC,EKS000017902,,,,,,,,2026-03-23 10:38:03,,,N,,0.00000,0.00000,0.00000,0.00000,,,,,,,,,,,,,0
2009466,Загрузка ручная,,MN,,,user2349,,,2026-03-23 10:38:03,2026-03-23 10:38:03,,,,,,,,,,,N,,SHIPPING_DOC,EKS000017902,,,,,,,,2026-03-23 10:38:03,,,N,,0.00000,0.00000,0.00000,0.00000,,,,,,,,,,,,,0
2009467,Загрузка механизмами,,MN,,,USER2358,,,2026-03-23 10:39:22,2026-03-23 10:39:22,,,,,,,,,,,N,,SHIPPING_DOC,EKS000014054,,,,,,,,2026-03-23 10:39:22,,,N,,0.00000,0.00000,0.00000,0.00000,,,,,,,,,,,,,0
2009468,Загрузка механизмами,,MN,,,USER2358,,,2026-03-23 10:39:22,2026-03-23 10:39:22,,,,,,,,,,,N,,SHIPPING_DOC,EKS000017644,,,,,,,,2026-03-23 10:39:22,,,N,,0.00000,0.00000,0.00000,0.00000,,,,,,,,,,,,,0
2009469,Загрузка механизмами,,MN,,,USER2358,,,2026-03-23 10:39:22,2026-03-23 10:39:22,,,,,,,,,,,N,,SHIPPING_DOC,EKS000017648,,,,,,,,2026-03-23 10:39:22,,,N,,0.00000,0.00000,0.00000,0.00000,,,,,,,,,,,,,0
2009470,Загрузка механизмами,,MN,,,USER2358,,,2026-03-23 10:39:22,2026-03-23 10:39:22,,,,,,,,,,,N,,SHIPPING_DOC,EKS000017649,,,,,,,,2026-03-23 10:39:22,,,N,,0.00000,0.00000,0.00000,0.00000,,,,,,,,,,,,,0
2009471,Загрузка ручная,,MN,,,USER2358,,,2026-03-23 10:39:22,2026-03-23 10:39:22,,,,,,,,,,,N,,SHIPPING_DOC,EKS000014054,,,,,,,,2026-03-23 10:39:22,,,N,,0.00000,0.00000,0.00000,0.00000,,,,,,,,,,,,,0
2009472,Загрузка ручная,,MN,,,USER2358,,,2026-03-23 10:39:22,2026-03-23 10:39:22,,,,,,,,,,,N,,SHIPPING_DOC,EKS000017644,,,,,,,,2026-03-23 10:39:22,,,N,,0.00000,0.00000,0.00000,0.00000,,,,,,,,,,,,,0
2009473,Загрузка ручная,,MN,,,USER2358,,,2026-03-23 10:39:22,2026-03-23 10:39:22,,,,,,,,,,,N,,SHIPPING_DOC,EKS000017648,,,,,,,,2026-03-23 10:39:22,,,N,,0.00000,0.00000,0.00000,0.00000,,,,,,,,,,,,,0
2010175,Разгрузка ручная,,MN,,,USER3125,,,2026-03-24 10:28:35,2026-03-24 10:28:35,,,,,,,,,,,N,,RECEIPT_DOC,EKS000005814,,,,,,,,2026-03-24 10:28:35,,,N,,0.00000,0.00000,0.00000,0.00000,,,,,,,,,,,,,0
2010176,Разгрузка механизмами,,MN,,,USER3125,,,2026-03-24 10:28:39,2026-03-24 10:28:39,,,,,,,,,,,N,,RECEIPT_DOC,EKS000005815,,,,,,,,2026-03-24 10:28:39,,,N,,0.00000,0.00000,0.00000,0.00000,,,,,,,,,,,,,0
2010177,Разгрузка ручная,,MN,,,USER3125,,,2026-03-24 10:28:39,2026-03-24 10:28:39,,,,,,,,,,,N,,RECEIPT_DOC,EKS000005815,,,,,,,,2026-03-24 10:28:39,,,N,,0.00000,0.00000,0.00000,0.00000,,,,,,,,,,,,,0
2010178,Разгрузка механизмами,,MN,,,USER3125,,,2026-03-24 10:28:42,2026-03-24 10:28:42,,,,,,,,,,,N,,RECEIPT_DOC,EKS000005816,,,,,,,,2026-03-24 10:28:42,,,N,,0.00000,0.00000,0.00000,0.00000,,,,,,,,,,,,,0
2010179,Разгрузка ручная,,MN,,,USER3125,,,2026-03-24 10:28:42,2026-03-24 10:28:42,,,,,,,,,,,N,,RECEIPT_DOC,EKS000005816,,,,,,,,2026-03-24 10:28:42,,,N,,0.00000,0.00000,0.00000,0.00000,,,,,,,,,,,,,0
2010180,Разгрузка механизмами,,MN,,,USER2366,,,2026-03-24 10:28:50,2026-03-24 10:28:50,,,,,,,,,,,N,,RECEIPT_DOC,EKS000005816,,,,,,,,2026-03-24 10:28:50,,,N,,0.00000,0.00000,0.00000,0.00000,,,,,,,,,,,,,0
2010181,Разгрузка ручная,,MN,,,USER2366,,,2026-03-24 10:28:50,2026-03-24 10:28:50,,,,,,,,,,,N,,RECEIPT_DOC,EKS000005816,,,,,,,,2026-03-24 10:28:50,,,N,,0.00000,0.00000,0.00000,0.00000,,,,,,,,,,,,,0
2010182,Разгрузка механизмами,,MN,,,USER2366,,,2026-03-24 10:28:54,2026-03-24 10:28:54,,,,,,,,,,,N,,RECEIPT_DOC,EKS000005815,,,,,,,,2026-03-24 10:28:54,,,N,,0.00000,0.00000,0.00000,0.00000,,,,,,,,,,,,,0
2010183,Разгрузка ручная,,MN,,,USER2366,,,2026-03-24 10:28:54,2026-03-24 10:28:54,,,,,,,,,,,N,,RECEIPT_DOC,EKS000005815,,,,,,,,2026-03-24 10:28:54,,,N,,0.00000,0.00000,0.00000,0.00000,,,,,,,,,,,,,0
2010184,Разгрузка механизмами,,MN,,,USER2366,,,2026-03-24 10:28:57,2026-03-24 10:28:57,,,,,,,,,,,N,,RECEIPT_DOC,EKS000005814,,,,,,,,2026-03-24 10:28:57,,,N,,0.00000,0.00000,0.00000,0.00000,,,,,,,,,,,,,0
2010185,Разгрузка ручная,,MN,,,USER2366,,,2026-03-24 10:28:57,2026-03-24 10:28:57,,,,,,,,,,,N,,RECEIPT_DOC,EKS000005814,,,,,,,,2026-03-24 10:28:57,,,N,,0.00000,0.00000,0.00000,0.00000,,,,,,,,,,,,,0
2010186,Разгрузка механизмами,,MN,,,user3125,,,2026-03-24 10:39:24,2026-03-24 10:39:24,,,,,,,,,,,N,,RECEIPT_DOC,EKS000005817,,,,,,,,2026-03-24 10:39:24,,,N,,0.00000,0.00000,0.00000,0.00000,,,,,,,,,,,,,0
2010187,Разгрузка механизмами,,MN,,,user3125,,,2026-03-24 10:39:28,2026-03-24 10:39:28,,,,,,,,,,,N,,RECEIPT_DOC,EKS000005818,,,,,,,,2026-03-24 10:39:28,,,N,,0.00000,0.00000,0.00000,0.00000,,,,,,,,,,,,,0
2008895,Загрузка ручная,,MN,,,m.a.simonov,,,2026-03-22 18:49:38,2026-03-22 18:49:38,,,,,,,,,,,N,,SHIPPING_DOC,EKS000017592,,,,,,,,2026-03-22 18:49:38,,,N,,0.00000,0.00000,0.00000,0.00000,,,,,,,,,,,,,0
2008896,Загрузка ручная,,MN,,,m.a.simonov,,,2026-03-22 18:49:38,2026-03-22 18:49:38,,,,,,,,,,,N,,SHIPPING_DOC,EKS000017593,,,,,,,,2026-03-22 18:49:38,,,N,,0.00000,0.00000,0.00000,0.00000,,,,,,,,,,,,,0
2008897,Загрузка ручная,,MN,,,m.a.simonov,,,2026-03-22 18:49:38,2026-03-22 18:49:38,,,,,,,,,,,N,,SHIPPING_DOC,EKS000017594,,,,,,,,2026-03-22 18:49:38,,,N,,0.00000,0.00000,0.00000,0.00000,,,,,,,,,,,,,0
2008898,Загрузка ручная,,MN,,,m.a.simonov,,,2026-03-22 18:49:38,2026-03-22 18:49:38,,,,,,,,,,,N,,SHIPPING_DOC,EKS000017609,,,,,,,,2026-03-22 18:49:38,,,N,,0.00000,0.00000,0.00000,0.00000,,,,,,,,,,,,,0
2008899,Загрузка ручная,,MN,,,m.a.simonov,,,2026-03-22 18:49:38,2026-03-22 18:49:38,,,,,,,,,,,N,,SHIPPING_DOC,EKS000017632,,,,,,,,2026-03-22 18:49:38,,,N,,0.00000,0.00000,0.00000,0.00000,,,,,,,,,,,,,0
2008900,Загрузка ручная,,MN,,,m.a.simonov,,,2026-03-22 18:49:38,2026-03-22 18:49:38,,,,,,,,,,,N,,SHIPPING_DOC,EKS000017637,,,,,,,,2026-03-22 18:49:38,,,N,,0.00000,0.00000,0.00000,0.00000,,,,,,,,,,,,,0
2008901,Загрузка ручная,,MN,,,m.a.simonov,,,2026-03-22 18:49:38,2026-03-22 18:49:38,,,,,,,,,,,N,,SHIPPING_DOC,EKS000017640,,,,,,,,2026-03-22 18:49:38,,,N,,0.00000,0.00000,0.00000,0.00000,,,,,,,,,,,,,0
2008902,Загрузка ручная,,MN,,,m.a.simonov,,,2026-03-22 18:49:38,2026-03-22 18:49:38,,,,,,,,,,,N,,SHIPPING_DOC,EKS000017641,,,,,,,,2026-03-22 18:49:38,,,N,,0.00000,0.00000,0.00000,0.00000,,,,,,,,,,,,,0
2008903,Загрузка ручная,,MN,,,m.a.simonov,,,2026-03-22 18:49:38,2026-03-22 18:49:38,,,,,,,,,,,N,,SHIPPING_DOC,EKS000017651,,,,,,,,2026-03-22 18:49:38,,,N,,0.00000,0.00000,0.00000,0.00000,,,,,,,,,,,,,0
2008904,Загрузка ручная,,MN,,,m.a.simonov,,,2026-03-22 18:49:38,2026-03-22 18:49:38,,,,,,,,,,,N,,SHIPPING_DOC,EKS000017663,,,,,,,,2026-03-22 18:49:38,,,N,,0.00000,0.00000,0.00000,0.00000,,,,,,,,,,,,,0
2008905,Загрузка ручная,,MN,,,m.a.simonov,,,2026-03-22 18:49:38,2026-03-22 18:49:38,,,,,,,,,,,N,,SHIPPING_DOC,EKS000017673,,,,,,,,2026-03-22 18:49:38,,,N,,0.00000,0.00000,0.00000,0.00000,,,,,,,,,,,,,0
2008906,Загрузка ручная,,MN,,,m.a.simonov,,,2026-03-22 18:49:38,2026-03-22 18:49:38,,,,,,,,,,,N,,SHIPPING_DOC,TR-20.03.2026-203,,,,,,,,2026-03-22 18:49:38,,,N,,0.00000,0.00000,0.00000,0.00000,,,,,,,,,,,,,0
2008907,Загрузка ручная,,MN,,,m.a.simonov,,,2026-03-22 18:49:38,2026-03-22 18:49:38,,,,,,,,,,,N,,SHIPPING_DOC,EKS000017676,,,,,,,,2026-03-22 18:49:38,,,N,,0.00000,0.00000,0.00000,0.00000,,,,,,,,,,,,,0
2008908,Загрузка ручная,,MN,,,m.a.simonov,,,2026-03-22 18:49:38,2026-03-22 18:49:38,,,,,,,,,,,N,,SHIPPING_DOC,EKS000017701,,,,,,,,2026-03-22 18:49:38,,,N,,0.00000,0.00000,0.00000,0.00000,,,,,,,,,,,,,0
2008909,Загрузка ручная,,MN,,,m.a.simonov,,,2026-03-22 18:49:38,2026-03-22 18:49:38,,,,,,,,,,,N,,SHIPPING_DOC,EKS000017702,,,,,,,,2026-03-22 18:49:38,,,N,,0.00000,0.00000,0.00000,0.00000,,,,,,,,,,,,,0
2008910,Загрузка ручная,,MN,,,m.a.simonov,,,2026-03-22 18:49:38,2026-03-22 18:49:38,,,,,,,,,,,N,,SHIPPING_DOC,EKS000017706,,,,,,,,2026-03-22 18:49:38,,,N,,0.00000,0.00000,0.00000,0.00000,,,,,,,,,,,,,0
2008911,Загрузка ручная,,MN,,,m.a.simonov,,,2026-03-22 18:49:38,2026-03-22 18:49:38,,,,,,,,,,,N,,SHIPPING_DOC,EKS000017709,,,,,,,,2026-03-22 18:49:38,,,N,,0.00000,0.00000,0.00000,0.00000,,,,,,,,,,,,,0
2008912,Загрузка ручная,,MN,,,m.a.simonov,,,2026-03-22 18:49:38,2026-03-22 18:49:38,,,,,,,,,,,N,,SHIPPING_DOC,EKS000017712,,,,,,,,2026-03-22 18:49:38,,,N,,0.00000,0.00000,0.00000,0.00000,,,,,,,,,,,,,0
2008913,Загрузка ручная,,MN,,,m.a.simonov,,,2026-03-22 18:49:38,2026-03-22 18:49:38,,,,,,,,,,,N,,SHIPPING_DOC,EKS000017726,,,,,,,,2026-03-22 18:49:38,,,N,,0.00000,0.00000,0.00000,0.00000,,,,,,,,,,,,,0
2008914,Загрузка ручная,,MN,,,m.a.simonov,,,2026-03-22 18:49:38,2026-03-22 18:49:38,,,,,,,,,,,N,,SHIPPING_DOC,TR-20.03.2026-204,,,,,,,,2026-03-22 18:49:38,,,N,,0.00000,0.00000,0.00000,0.00000,,,,,,,,,,,,,0
2008915,Загрузка ручная,,MN,,,m.a.simonov,,,2026-03-22 18:49:38,2026-03-22 18:49:38,,,,,,,,,,,N,,SHIPPING_DOC,EKS000017736,,,,,,,,2026-03-22 18:49:38,,,N,,0.00000,0.00000,0.00000,0.00000,,,,,,,,,,,,,0
2008916,Загрузка ручная,,MN,,,m.a.simonov,,,2026-03-22 18:49:38,2026-03-22 18:49:38,,,,,,,,,,,N,,SHIPPING_DOC,EKS000017737,,,,,,,,2026-03-22 18:49:38,,,N,,0.00000,0.00000,0.00000,0.00000,,,,,,,,,,,,,0
2008917,Загрузка ручная,,MN,,,m.a.simonov,,,2026-03-22 18:49:38,2026-03-22 18:49:38,,,,,,,,,,,N,,SHIPPING_DOC,EKS000017738,,,,,,,,2026-03-22 18:49:38,,,N,,0.00000,0.00000,0.00000,0.00000,,,,,,,,,,,,,0
2008918,Загрузка ручная,,MN,,,m.a.simonov,,,2026-03-22 18:49:38,2026-03-22 18:49:38,,,,,,,,,,,N,,SHIPPING_DOC,EKS000017739,,,,,,,,2026-03-22 18:49:38,,,N,,0.00000,0.00000,0.00000,0.00000,,,,,,,,,,,,,0
2008919,Загрузка ручная,,MN,,,m.a.simonov,,,2026-03-22 18:49:38,2026-03-22 18:49:38,,,,,,,,,,,N,,SHIPPING_DOC,EKS000017741,,,,,,,,2026-03-22 18:49:38,,,N,,0.00000,0.00000,0.00000,0.00000,,,,,,,,,,,,,0
2008920,Загрузка ручная,,MN,,,m.a.simonov,,,2026-03-22 18:49:38,2026-03-22 18:49:38,,,,,,,,,,,N,,SHIPPING_DOC,EKS000017742,,,,,,,,2026-03-22 18:49:38,,,N,,0.00000,0.00000,0.00000,0.00000,,,,,,,,,,,,,0
2008259,Загрузка механизмами,,MN,,,USER1319,,,2026-03-22 14:41:12,2026-03-22 14:41:12,,,,,,,,,,,N,,SHIPPING_DOC,EKS000017503,,,,,,,,2026-03-22 14:41:12,,,N,,0.00000,0.00000,0.00000,0.00000,,,,,,,,,,,,,0
2008260,Загрузка механизмами,,MN,,,USER1319,,,2026-03-22 14:41:12,2026-03-22 14:41:12,,,,,,,,,,,N,,SHIPPING_DOC,EKS000017627,,,,,,,,2026-03-22 14:41:12,,,N,,0.00000,0.00000,0.00000,0.00000,,,,,,,,,,,,,0
2008261,Загрузка механизмами,,MN,,,USER1319,,,2026-03-22 14:41:12,2026-03-22 14:41:12,,,,,,,,,,,N,,SHIPPING_DOC,EKS000017694,,,,,,,,2026-03-22 14:41:12,,,N,,0.00000,0.00000,0.00000,0.00000,,,,,,,,,,,,,0
2008262,Загрузка механизмами,,MN,,,USER1319,,,2026-03-22 14:41:12,2026-03-22 14:41:12,,,,,,,,,,,N,,SHIPPING_DOC,EKS000017729,,,,,,,,2026-03-22 14:41:12,,,N,,0.00000,0.00000,0.00000,0.00000,,,,,,,,,,,,,0
2008263,Загрузка механизмами,,MN,,,USER1319,,,2026-03-22 14:41:12,2026-03-22 14:41:12,,,,,,,,,,,N,,SHIPPING_DOC,EKS000017769,,,,,,,,2026-03-22 14:41:12,,,N,,0.00000,0.00000,0.00000,0.00000,,,,,,,,,,,,,0
2008264,Загрузка механизмами,,MN,,,USER1319,,,2026-03-22 14:41:12,2026-03-22 14:41:12,,,,,,,,,,,N,,SHIPPING_DOC,EKS000017770,,,,,,,,2026-03-22 14:41:12,,,N,,0.00000,0.00000,0.00000,0.00000,,,,,,,,,,,,,0
2008265,Загрузка механизмами,,MN,,,USER1319,,,2026-03-22 14:41:12,2026-03-22 14:41:12,,,,,,,,,,,N,,SHIPPING_DOC,EKS000017771,,,,,,,,2026-03-22 14:41:12,,,N,,0.00000,0.00000,0.00000,0.00000,,,,,,,,,,,,,0
2008266,Загрузка механизмами,,MN,,,USER1319,,,2026-03-22 14:41:12,2026-03-22 14:41:12,,,,,,,,,,,N,,SHIPPING_DOC,EKS000017772,,,,,,,,2026-03-22 14:41:12,,,N,,0.00000,0.00000,0.00000,0.00000,,,,,,,,,,,,,0
2008267,Загрузка механизмами,,MN,,,USER1319,,,2026-03-22 14:41:12,2026-03-22 14:41:12,,,,,,,,,,,N,,SHIPPING_DOC,EKS000017799,,,,,,,,2026-03-22 14:41:12,,,N,,0.00000,0.00000,0.00000,0.00000,,,,,,,,,,,,,0
2008268,Загрузка механизмами,,MN,,,USER1319,,,2026-03-22 14:41:12,2026-03-22 14:41:12,,,,,,,,,,,N,,SHIPPING_DOC,EKS000017800,,,,,,,,2026-03-22 14:41:12,,,N,,0.00000,0.00000,0.00000,0.00000,,,,,,,,,,,,,0
2008269,Загрузка механизмами,,MN,,,USER1319,,,2026-03-22 14:41:12,2026-03-22 14:41:12,,,,,,,,,,,N,,SHIPPING_DOC,EKS000017861,,,,,,,,2026-03-22 14:41:12,,,N,,0.00000,0.00000,0.00000,0.00000,,,,,,,,,,,,,0
2008270,Загрузка ручная,,MN,,,USER1319,,,2026-03-22 14:41:12,2026-03-22 14:41:12,,,,,,,,,,,N,,SHIPPING_DOC,EKS000017414,,,,,,,,2026-03-22 14:41:12,,,N,,0.00000,0.00000,0.00000,0.00000,,,,,,,,,,,,,0
2008271,Загрузка ручная,,MN,,,USER1319,,,2026-03-22 14:41:12,2026-03-22 14:41:12,,,,,,,,,,,N,,SHIPPING_DOC,EKS000017503,,,,,,,,2026-03-22 14:41:12,,,N,,0.00000,0.00000,0.00000,0.00000,,,,,,,,,,,,,0
2008272,Загрузка ручная,,MN,,,USER1319,,,2026-03-22 14:41:12,2026-03-22 14:41:12,,,,,,,,,,,N,,SHIPPING_DOC,EKS000017627,,,,,,,,2026-03-22 14:41:12,,,N,,0.00000,0.00000,0.00000,0.00000,,,,,,,,,,,,,0
2008273,Загрузка ручная,,MN,,,USER1319,,,2026-03-22 14:41:12,2026-03-22 14:41:12,,,,,,,,,,,N,,SHIPPING_DOC,EKS000017694,,,,,,,,2026-03-22 14:41:12,,,N,,0.00000,0.00000,0.00000,0.00000,,,,,,,,,,,,,0
2008274,Загрузка ручная,,MN,,,USER1319,,,2026-03-22 14:41:12,2026-03-22 14:41:12,,,,,,,,,,,N,,SHIPPING_DOC,EKS000017729,,,,,,,,2026-03-22 14:41:12,,,N,,0.00000,0.00000,0.00000,0.00000,,,,,,,,,,,,,0
2008275,Загрузка ручная,,MN,,,USER1319,,,2026-03-22 14:41:12,2026-03-22 14:41:12,,,,,,,,,,,N,,SHIPPING_DOC,EKS000017769,,,,,,,,2026-03-22 14:41:12,,,N,,0.00000,0.00000,0.00000,0.00000,,,,,,,,,,,,,0
2008276,Загрузка ручная,,MN,,,USER1319,,,2026-03-22 14:41:12,2026-03-22 14:41:12,,,,,,,,,,,N,,SHIPPING_DOC,EKS000017770,,,,,,,,2026-03-22 14:41:12,,,N,,0.00000,0.00000,0.00000,0.00000,,,,,,,,,,,,,0
2008277,Загрузка ручная,,MN,,,USER1319,,,2026-03-22 14:41:12,2026-03-22 14:41:12,,,,,,,,,,,N,,SHIPPING_DOC,EKS000017771,,,,,,,,2026-03-22 14:41:12,,,N,,0.00000,0.00000,0.00000,0.00000,,,,,,,,,,,,,0
2008278,Загрузка ручная,,MN,,,USER1319,,,2026-03-22 14:41:12,2026-03-22 14:41:12,,,,,,,,,,,N,,SHIPPING_DOC,EKS000017772,,,,,,,,2026-03-22 14:41:12,,,N,,0.00000,0.00000,0.00000,0.00000,,,,,,,,,,,,,0
2008279,Загрузка ручная,,MN,,,USER1319,,,2026-03-22 14:41:12,2026-03-22 14:41:12,,,,,,,,,,,N,,SHIPPING_DOC,EKS000017799,,,,,,,,2026-03-22 14:41:12,,,N,,0.00000,0.00000,0.00000,0.00000,,,,,,,,,,,,,0
2008280,Загрузка ручная,,MN,,,USER1319,,,2026-03-22 14:41:12,2026-03-22 14:41:12,,,,,,,,,,,N,,SHIPPING_DOC,EKS000017800,,,,,,,,2026-03-22 14:41:12,,,N,,0.00000,0.00000,0.00000,0.00000,,,,,,,,,,,,,0
2008281,Загрузка ручная,,MN,,,USER1319,,,2026-03-22 14:41:12,2026-03-22 14:41:12,,,,,,,,,,,N,,SHIPPING_DOC,EKS000017861,,,,,,,,2026-03-22 14:41:12,,,N,,0.00000,0.00000,0.00000,0.00000,,,,,,,,,,,,,0
2008282,Загрузка механизмами,,MN,,,a.pechenkin,,,2026-03-22 14:41:36,2026-03-22 14:41:36,,,,,,,,,,,N,,SHIPPING_DOC,EKS000017469,,,,,,,,2026-03-22 14:41:36,,,N,,0.00000,0.00000,0.00000,0.00000,,,,,,,,,,,,,0
2008283,Загрузка механизмами,,MN,,,a.pechenkin,,,2026-03-22 14:41:36,2026-03-22 14:41:36,,,,,,,,,,,N,,SHIPPING_DOC,EKS000017493,,,,,,,,2026-03-22 14:41:36,,,N,,0.00000,0.00000,0.00000,0.00000,,,,,,,,,,,,,0
2008284,Загрузка механизмами,,MN,,,a.pechenkin,,,2026-03-22 14:41:36,2026-03-22 14:41:36,,,,,,,,,,,N,,SHIPPING_DOC,EKS000017494,,,,,,,,2026-03-22 14:41:36,,,N,,0.00000,0.00000,0.00000,0.00000,,,,,,,,,,,,,0
2009474,Загрузка ручная,,MN,,,USER2358,,,2026-03-23 10:39:22,2026-03-23 10:39:22,,,,,,,,,,,N,,SHIPPING_DOC,EKS000017649,,,,,,,,2026-03-23 10:39:22,,,N,,0.00000,0.00000,0.00000,0.00000,,,,,,,,,,,,,0
2009475,Загрузка механизмами,,MN,,,e.ulishchenko,,,2026-03-23 10:39:53,2026-03-23 10:39:53,,,,,,,,,,,N,,SHIPPING_DOC,EKS000017560,,,,,,,,2026-03-23 10:39:53,,,N,,0.00000,0.00000,0.00000,0.00000,,,,,,,,,,,,,0
2009476,Загрузка ручная,,MN,,,e.ulishchenko,,,2026-03-23 10:39:53,2026-03-23 10:39:53,,,,,,,,,,,N,,SHIPPING_DOC,EKS000017560,,,,,,,,2026-03-23 10:39:53,,,N,,0.00000,0.00000,0.00000,0.00000,,,,,,,,,,,,,0
2009477,Загрузка механизмами,,MN,,,e.ulishchenko,,,2026-03-23 10:51:04,2026-03-23 10:51:04,,,,,,,,,,,N,,SHIPPING_DOC,EKS000017933,,,,,,,,2026-03-23 10:51:04,,,N,,0.00000,0.00000,0.00000,0.00000,,,,,,,,,,,,,0
2009478,Загрузка ручная,,MN,,,e.ulishchenko,,,2026-03-23 10:51:04,2026-03-23 10:51:04,,,,,,,,,,,N,,SHIPPING_DOC,EKS000017933,,,,,,,,2026-03-23 10:51:04,,,N,,0.00000,0.00000,0.00000,0.00000,,,,,,,,,,,,,0
2009479,Загрузка механизмами,,MN,,,USER2358,,,2026-03-23 10:51:15,2026-03-23 10:51:15,,,,,,,,,,,N,,SHIPPING_DOC,EKS000017601,,,,,,,,2026-03-23 10:51:15,,,N,,0.00000,0.00000,0.00000,0.00000,,,,,,,,,,,,,0
2009480,Загрузка механизмами,,MN,,,USER2358,,,2026-03-23 10:51:15,2026-03-23 10:51:15,,,,,,,,,,,N,,SHIPPING_DOC,EKS000017605,,,,,,,,2026-03-23 10:51:15,,,N,,0.00000,0.00000,0.00000,0.00000,,,,,,,,,,,,,0
2009481,Загрузка механизмами,,MN,,,USER2358,,,2026-03-23 10:51:15,2026-03-23 10:51:15,,,,,,,,,,,N,,SHIPPING_DOC,EKS000017745,,,,,,,,2026-03-23 10:51:15,,,N,,0.00000,0.00000,0.00000,0.00000,,,,,,,,,,,,,0
2009482,Загрузка ручная,,MN,,,USER2358,,,2026-03-23 10:51:15,2026-03-23 10:51:15,,,,,,,,,,,N,,SHIPPING_DOC,EKS000017601,,,,,,,,2026-03-23 10:51:15,,,N,,0.00000,0.00000,0.00000,0.00000,,,,,,,,,,,,,0
2009483,Загрузка ручная,,MN,,,USER2358,,,2026-03-23 10:51:15,2026-03-23 10:51:15,,,,,,,,,,,N,,SHIPPING_DOC,EKS000017605,,,,,,,,2026-03-23 10:51:15,,,N,,0.00000,0.00000,0.00000,0.00000,,,,,,,,,,,,,0
2009484,Загрузка ручная,,MN,,,USER2358,,,2026-03-23 10:51:15,2026-03-23 10:51:15,,,,,,,,,,,N,,SHIPPING_DOC,EKS000017745,,,,,,,,2026-03-23 10:51:15,,,N,,0.00000,0.00000,0.00000,0.00000,,,,,,,,,,,,,0
2009485,Загрузка механизмами,,MN,,,USER2358,,,2026-03-23 10:57:14,2026-03-23 10:57:14,,,,,,,,,,,N,,SHIPPING_DOC,EKS000017929,,,,,,,,2026-03-23 10:57:14,,,N,,0.00000,0.00000,0.00000,0.00000,,,,,,,,,,,,,0
2009486,Загрузка ручная,,MN,,,USER2358,,,2026-03-23 10:57:14,2026-03-23 10:57:14,,,,,,,,,,,N,,SHIPPING_DOC,EKS000017929,,,,,,,,2026-03-23 10:57:14,,,N,,0.00000,0.00000,0.00000,0.00000,,,,,,,,,,,,,0
2009487,Разгрузка механизмами,,MN,,,USER3125,,,2026-03-23 10:59:14,2026-03-23 10:59:14,,,,,,,,,,,N,,RECEIPT_DOC,EKS000005730,,,,,,,,2026-03-23 10:59:14,,,N,,0.00000,0.00000,0.00000,0.00000,,,,,,,,,,,,,0
2009488,Разгрузка ручная,,MN,,,USER2366,,,2026-03-23 10:59:27,2026-03-23 10:59:27,,,,,,,,,,,N,,RECEIPT_DOC,EKS000005730,,,,,,,,2026-03-23 10:59:27,,,N,,0.00000,0.00000,0.00000,0.00000,,,,,,,,,,,,,0
2009489,Разгрузка механизмами,,MN,,,user3125,,,2026-03-23 11:04:10,2026-03-23 11:04:10,,,,,,,,,,,N,,RECEIPT_DOC,EKS000005740,,,,,,,,2026-03-23 11:04:10,,,N,,0.00000,0.00000,0.00000,0.00000,,,,,,,,,,,,,0
2009490,Разгрузка механизмами,,MN,,,user3125,,,2026-03-23 11:04:13,2026-03-23 11:04:13,,,,,,,,,,,N,,RECEIPT_DOC,EKS000005741,,,,,,,,2026-03-23 11:04:13,,,N,,0.00000,0.00000,0.00000,0.00000,,,,,,,,,,,,,0
2009491,Разгрузка ручная,,MN,,,user2366,,,2026-03-23 11:04:22,2026-03-23 11:04:22,,,,,,,,,,,N,,RECEIPT_DOC,EKS000005741,,,,,,,,2026-03-23 11:04:22,,,N,,0.00000,0.00000,0.00000,0.00000,,,,,,,,,,,,,0
2009492,Разгрузка ручная,,MN,,,user2366,,,2026-03-23 11:04:28,2026-03-23 11:04:28,,,,,,,,,,,N,,RECEIPT_DOC,EKS000005740,,,,,,,,2026-03-23 11:04:28,,,N,,0.00000,0.00000,0.00000,0.00000,,,,,,,,,,,,,0
2009493,Загрузка механизмами,,MN,,,e.ulishchenko,,,2026-03-23 11:05:05,2026-03-23 11:05:05,,,,,,,,,,,N,,SHIPPING_DOC,EKS000017948,,,,,,,,2026-03-23 11:05:05,,,N,,0.00000,0.00000,0.00000,0.00000,,,,,,,,,,,,,0
2009494,Загрузка ручная,,MN,,,e.ulishchenko,,,2026-03-23 11:05:05,2026-03-23 11:05:05,,,,,,,,,,,N,,SHIPPING_DOC,EKS000017948,,,,,,,,2026-03-23 11:05:05,,,N,,0.00000,0.00000,0.00000,0.00000,,,,,,,,,,,,,0
2009495,Загрузка механизмами,,MN,,,USER2358,,,2026-03-23 11:05:59,2026-03-23 11:05:59,,,,,,,,,,,N,,SHIPPING_DOC,EKS000017920,,,,,,,,2026-03-23 11:05:59,,,N,,0.00000,0.00000,0.00000,0.00000,,,,,,,,,,,,,0
2009496,Загрузка ручная,,MN,,,USER2358,,,2026-03-23 11:05:59,2026-03-23 11:05:59,,,,,,,,,,,N,,SHIPPING_DOC,EKS000017920,,,,,,,,2026-03-23 11:05:59,,,N,,0.00000,0.00000,0.00000,0.00000,,,,,,,,,,,,,0
2009497,Загрузка механизмами,,MN,,,USER2358,,,2026-03-23 11:09:48,2026-03-23 11:09:48,,,,,,,,,,,N,,SHIPPING_DOC,EKS000017921,,,,,,,,2026-03-23 11:09:48,,,N,,0.00000,0.00000,0.00000,0.00000,,,,,,,,,,,,,0
2009498,Загрузка механизмами,,MN,,,USER2358,,,2026-03-23 11:09:48,2026-03-23 11:09:48,,,,,,,,,,,N,,SHIPPING_DOC,EKS000017922,,,,,,,,2026-03-23 11:09:48,,,N,,0.00000,0.00000,0.00000,0.00000,,,,,,,,,,,,,0
2009499,Загрузка ручная,,MN,,,USER2358,,,2026-03-23 11:09:48,2026-03-23 11:09:48,,,,,,,,,,,N,,SHIPPING_DOC,EKS000017921,,,,,,,,2026-03-23 11:09:48,,,N,,0.00000,0.00000,0.00000,0.00000,,,,,,,,,,,,,0
2008921,Загрузка ручная,,MN,,,m.a.simonov,,,2026-03-22 18:49:38,2026-03-22 18:49:38,,,,,,,,,,,N,,SHIPPING_DOC,EKS000017743,,,,,,,,2026-03-22 18:49:38,,,N,,0.00000,0.00000,0.00000,0.00000,,,,,,,,,,,,,0
2008922,Загрузка ручная,,MN,,,m.a.simonov,,,2026-03-22 18:49:38,2026-03-22 18:49:38,,,,,,,,,,,N,,SHIPPING_DOC,EKS000017744,,,,,,,,2026-03-22 18:49:38,,,N,,0.00000,0.00000,0.00000,0.00000,,,,,,,,,,,,,0
2008923,Загрузка ручная,,MN,,,m.a.simonov,,,2026-03-22 18:49:38,2026-03-22 18:49:38,,,,,,,,,,,N,,SHIPPING_DOC,EKS000017747,,,,,,,,2026-03-22 18:49:38,,,N,,0.00000,0.00000,0.00000,0.00000,,,,,,,,,,,,,0
2008924,Загрузка ручная,,MN,,,m.a.simonov,,,2026-03-22 18:49:38,2026-03-22 18:49:38,,,,,,,,,,,N,,SHIPPING_DOC,EKS000017754,,,,,,,,2026-03-22 18:49:38,,,N,,0.00000,0.00000,0.00000,0.00000,,,,,,,,,,,,,0
2008925,Загрузка ручная,,MN,,,m.a.simonov,,,2026-03-22 18:49:38,2026-03-22 18:49:38,,,,,,,,,,,N,,SHIPPING_DOC,EKS000017777,,,,,,,,2026-03-22 18:49:38,,,N,,0.00000,0.00000,0.00000,0.00000,,,,,,,,,,,,,0
2008926,Загрузка ручная,,MN,,,m.a.simonov,,,2026-03-22 18:49:38,2026-03-22 18:49:38,,,,,,,,,,,N,,SHIPPING_DOC,EKS000017812,,,,,,,,2026-03-22 18:49:38,,,N,,0.00000,0.00000,0.00000,0.00000,,,,,,,,,,,,,0
2008927,Загрузка ручная,,MN,,,m.a.simonov,,,2026-03-22 18:49:38,2026-03-22 18:49:38,,,,,,,,,,,N,,SHIPPING_DOC,EKS000017813,,,,,,,,2026-03-22 18:49:38,,,N,,0.00000,0.00000,0.00000,0.00000,,,,,,,,,,,,,0
2008928,Загрузка ручная,,MN,,,m.a.simonov,,,2026-03-22 18:49:38,2026-03-22 18:49:38,,,,,,,,,,,N,,SHIPPING_DOC,EKS000017816,,,,,,,,2026-03-22 18:49:38,,,N,,0.00000,0.00000,0.00000,0.00000,,,,,,,,,,,,,0
2008929,Загрузка ручная,,MN,,,m.a.simonov,,,2026-03-22 18:49:38,2026-03-22 18:49:38,,,,,,,,,,,N,,SHIPPING_DOC,EKS000017835,,,,,,,,2026-03-22 18:49:38,,,N,,0.00000,0.00000,0.00000,0.00000,,,,,,,,,,,,,0
2008930,Загрузка ручная,,MN,,,m.a.simonov,,,2026-03-22 18:49:38,2026-03-22 18:49:38,,,,,,,,,,,N,,SHIPPING_DOC,EKS000017838,,,,,,,,2026-03-22 18:49:38,,,N,,0.00000,0.00000,0.00000,0.00000,,,,,,,,,,,,,0
2008931,Загрузка ручная,,MN,,,m.a.simonov,,,2026-03-22 18:49:38,2026-03-22 18:49:38,,,,,,,,,,,N,,SHIPPING_DOC,EKS000017840,,,,,,,,2026-03-22 18:49:38,,,N,,0.00000,0.00000,0.00000,0.00000,,,,,,,,,,,,,0
2008932,Загрузка ручная,,MN,,,m.a.simonov,,,2026-03-22 18:49:38,2026-03-22 18:49:38,,,,,,,,,,,N,,SHIPPING_DOC,EKS000017841,,,,,,,,2026-03-22 18:49:38,,,N,,0.00000,0.00000,0.00000,0.00000,,,,,,,,,,,,,0
2008933,Загрузка ручная,,MN,,,m.a.simonov,,,2026-03-22 18:49:38,2026-03-22 18:49:38,,,,,,,,,,,N,,SHIPPING_DOC,EKS000017863,,,,,,,,2026-03-22 18:49:38,,,N,,0.00000,0.00000,0.00000,0.00000,,,,,,,,,,,,,0
2008934,Загрузка ручная,,MN,,,m.a.simonov,,,2026-03-22 18:49:38,2026-03-22 18:49:38,,,,,,,,,,,N,,SHIPPING_DOC,EKS000017867,,,,,,,,2026-03-22 18:49:38,,,N,,0.00000,0.00000,0.00000,0.00000,,,,,,,,,,,,,0
2008935,Загрузка механизмами,,MN,,,user2334,,,2026-03-23 07:05:29,2026-03-23 07:05:29,,,,,,,,,,,N,,SHIPPING_DOC,EKS000017470,,,,,,,,2026-03-23 07:05:29,,,N,,0.00000,0.00000,0.00000,0.00000,,,,,,,,,,,,,0
2008936,Загрузка механизмами,,MN,,,user2334,,,2026-03-23 07:05:29,2026-03-23 07:05:29,,,,,,,,,,,N,,SHIPPING_DOC,EKS000017473,,,,,,,,2026-03-23 07:05:29,,,N,,0.00000,0.00000,0.00000,0.00000,,,,,,,,,,,,,0
2008937,Загрузка механизмами,,MN,,,user2334,,,2026-03-23 07:05:29,2026-03-23 07:05:29,,,,,,,,,,,N,,SHIPPING_DOC,EKS000017587,,,,,,,,2026-03-23 07:05:29,,,N,,0.00000,0.00000,0.00000,0.00000,,,,,,,,,,,,,0
2008938,Загрузка механизмами,,MN,,,user2334,,,2026-03-23 07:05:29,2026-03-23 07:05:29,,,,,,,,,,,N,,SHIPPING_DOC,EKS000017596,,,,,,,,2026-03-23 07:05:29,,,N,,0.00000,0.00000,0.00000,0.00000,,,,,,,,,,,,,0
2008939,Загрузка механизмами,,MN,,,user2334,,,2026-03-23 07:05:29,2026-03-23 07:05:29,,,,,,,,,,,N,,SHIPPING_DOC,EKS000017597,,,,,,,,2026-03-23 07:05:29,,,N,,0.00000,0.00000,0.00000,0.00000,,,,,,,,,,,,,0
2008940,Загрузка механизмами,,MN,,,user2334,,,2026-03-23 07:05:29,2026-03-23 07:05:29,,,,,,,,,,,N,,SHIPPING_DOC,EKS000017666,,,,,,,,2026-03-23 07:05:29,,,N,,0.00000,0.00000,0.00000,0.00000,,,,,,,,,,,,,0
2008941,Загрузка механизмами,,MN,,,user2334,,,2026-03-23 07:05:29,2026-03-23 07:05:29,,,,,,,,,,,N,,SHIPPING_DOC,EKS000017677,,,,,,,,2026-03-23 07:05:29,,,N,,0.00000,0.00000,0.00000,0.00000,,,,,,,,,,,,,0
2008942,Загрузка механизмами,,MN,,,user2334,,,2026-03-23 07:05:29,2026-03-23 07:05:29,,,,,,,,,,,N,,SHIPPING_DOC,EKS000017793,,,,,,,,2026-03-23 07:05:29,,,N,,0.00000,0.00000,0.00000,0.00000,,,,,,,,,,,,,0
2008943,Загрузка механизмами,,MN,,,user2334,,,2026-03-23 07:05:29,2026-03-23 07:05:29,,,,,,,,,,,N,,SHIPPING_DOC,EKS000017794,,,,,,,,2026-03-23 07:05:29,,,N,,0.00000,0.00000,0.00000,0.00000,,,,,,,,,,,,,0
2008944,Загрузка механизмами,,MN,,,user2334,,,2026-03-23 07:05:29,2026-03-23 07:05:29,,,,,,,,,,,N,,SHIPPING_DOC,EKS000017859,,,,,,,,2026-03-23 07:05:29,,,N,,0.00000,0.00000,0.00000,0.00000,,,,,,,,,,,,,0
2008945,Загрузка механизмами,,MN,,,user2334,,,2026-03-23 07:05:29,2026-03-23 07:05:29,,,,,,,,,,,N,,SHIPPING_DOC,EKS000017873,,,,,,,,2026-03-23 07:05:29,,,N,,0.00000,0.00000,0.00000,0.00000,,,,,,,,,,,,,0
2008946,Загрузка ручная,,MN,,,user2334,,,2026-03-23 07:05:29,2026-03-23 07:05:29,,,,,,,,,,,N,,SHIPPING_DOC,EKS000017470,,,,,,,,2026-03-23 07:05:29,,,N,,0.00000,0.00000,0.00000,0.00000,,,,,,,,,,,,,0
2008285,Загрузка механизмами,,MN,,,a.pechenkin,,,2026-03-22 14:41:36,2026-03-22 14:41:36,,,,,,,,,,,N,,SHIPPING_DOC,EKS000017544,,,,,,,,2026-03-22 14:41:36,,,N,,0.00000,0.00000,0.00000,0.00000,,,,,,,,,,,,,0
2008286,Загрузка механизмами,,MN,,,a.pechenkin,,,2026-03-22 14:41:36,2026-03-22 14:41:36,,,,,,,,,,,N,,SHIPPING_DOC,EKS000017577,,,,,,,,2026-03-22 14:41:36,,,N,,0.00000,0.00000,0.00000,0.00000,,,,,,,,,,,,,0
2008287,Загрузка механизмами,,MN,,,a.pechenkin,,,2026-03-22 14:41:36,2026-03-22 14:41:36,,,,,,,,,,,N,,SHIPPING_DOC,EKS000017589,,,,,,,,2026-03-22 14:41:36,,,N,,0.00000,0.00000,0.00000,0.00000,,,,,,,,,,,,,0
2008288,Загрузка механизмами,,MN,,,a.pechenkin,,,2026-03-22 14:41:36,2026-03-22 14:41:36,,,,,,,,,,,N,,SHIPPING_DOC,EKS000017680,,,,,,,,2026-03-22 14:41:36,,,N,,0.00000,0.00000,0.00000,0.00000,,,,,,,,,,,,,0
2008289,Загрузка механизмами,,MN,,,a.pechenkin,,,2026-03-22 14:41:36,2026-03-22 14:41:36,,,,,,,,,,,N,,SHIPPING_DOC,EKS000017785,,,,,,,,2026-03-22 14:41:36,,,N,,0.00000,0.00000,0.00000,0.00000,,,,,,,,,,,,,0
2008290,Загрузка механизмами,,MN,,,a.pechenkin,,,2026-03-22 14:41:36,2026-03-22 14:41:36,,,,,,,,,,,N,,SHIPPING_DOC,EKS000017786,,,,,,,,2026-03-22 14:41:36,,,N,,0.00000,0.00000,0.00000,0.00000,,,,,,,,,,,,,0
2008291,Загрузка механизмами,,MN,,,a.pechenkin,,,2026-03-22 14:41:36,2026-03-22 14:41:36,,,,,,,,,,,N,,SHIPPING_DOC,EKS000017829,,,,,,,,2026-03-22 14:41:36,,,N,,0.00000,0.00000,0.00000,0.00000,,,,,,,,,,,,,0
2008292,Загрузка механизмами,,MN,,,a.pechenkin,,,2026-03-22 14:41:36,2026-03-22 14:41:36,,,,,,,,,,,N,,SHIPPING_DOC,EKS000017830,,,,,,,,2026-03-22 14:41:36,,,N,,0.00000,0.00000,0.00000,0.00000,,,,,,,,,,,,,0
2008293,Загрузка механизмами,,MN,,,a.pechenkin,,,2026-03-22 14:41:36,2026-03-22 14:41:36,,,,,,,,,,,N,,SHIPPING_DOC,EKS000017832,,,,,,,,2026-03-22 14:41:36,,,N,,0.00000,0.00000,0.00000,0.00000,,,,,,,,,,,,,0
2008294,Загрузка механизмами,,MN,,,a.pechenkin,,,2026-03-22 14:41:36,2026-03-22 14:41:36,,,,,,,,,,,N,,SHIPPING_DOC,EKS000017850,,,,,,,,2026-03-22 14:41:36,,,N,,0.00000,0.00000,0.00000,0.00000,,,,,,,,,,,,,0
2008295,Загрузка механизмами,,MN,,,a.pechenkin,,,2026-03-22 14:41:36,2026-03-22 14:41:36,,,,,,,,,,,N,,SHIPPING_DOC,EKS000017860,,,,,,,,2026-03-22 14:41:36,,,N,,0.00000,0.00000,0.00000,0.00000,,,,,,,,,,,,,0
2008296,Загрузка механизмами,,MN,,,p.pisarenko,,,2026-03-22 15:16:24,2026-03-22 15:16:24,,,,,,,,,,,N,,SHIPPING_DOC,EKS000017859,,,,,,,,2026-03-22 15:16:24,,,N,,0.00000,0.00000,0.00000,0.00000,,,,,,,,,,,,,0
2008297,Загрузка механизмами,,MN,,,p.pisarenko,,,2026-03-22 15:16:24,2026-03-22 15:16:24,,,,,,,,,,,N,,SHIPPING_DOC,EKS000017470,,,,,,,,2026-03-22 15:16:24,,,N,,0.00000,0.00000,0.00000,0.00000,,,,,,,,,,,,,0
2008298,Загрузка механизмами,,MN,,,p.pisarenko,,,2026-03-22 15:16:24,2026-03-22 15:16:24,,,,,,,,,,,N,,SHIPPING_DOC,EKS000017473,,,,,,,,2026-03-22 15:16:24,,,N,,0.00000,0.00000,0.00000,0.00000,,,,,,,,,,,,,0
2008299,Загрузка механизмами,,MN,,,p.pisarenko,,,2026-03-22 15:16:24,2026-03-22 15:16:24,,,,,,,,,,,N,,SHIPPING_DOC,EKS000017587,,,,,,,,2026-03-22 15:16:24,,,N,,0.00000,0.00000,0.00000,0.00000,,,,,,,,,,,,,0
2008300,Загрузка механизмами,,MN,,,p.pisarenko,,,2026-03-22 15:16:24,2026-03-22 15:16:24,,,,,,,,,,,N,,SHIPPING_DOC,EKS000017596,,,,,,,,2026-03-22 15:16:24,,,N,,0.00000,0.00000,0.00000,0.00000,,,,,,,,,,,,,0
2008301,Загрузка механизмами,,MN,,,p.pisarenko,,,2026-03-22 15:16:24,2026-03-22 15:16:24,,,,,,,,,,,N,,SHIPPING_DOC,EKS000017597,,,,,,,,2026-03-22 15:16:24,,,N,,0.00000,0.00000,0.00000,0.00000,,,,,,,,,,,,,0
2008302,Загрузка механизмами,,MN,,,p.pisarenko,,,2026-03-22 15:16:24,2026-03-22 15:16:24,,,,,,,,,,,N,,SHIPPING_DOC,EKS000017666,,,,,,,,2026-03-22 15:16:24,,,N,,0.00000,0.00000,0.00000,0.00000,,,,,,,,,,,,,0
2008303,Загрузка механизмами,,MN,,,p.pisarenko,,,2026-03-22 15:16:24,2026-03-22 15:16:24,,,,,,,,,,,N,,SHIPPING_DOC,EKS000017677,,,,,,,,2026-03-22 15:16:24,,,N,,0.00000,0.00000,0.00000,0.00000,,,,,,,,,,,,,0
2008304,Загрузка механизмами,,MN,,,p.pisarenko,,,2026-03-22 15:16:24,2026-03-22 15:16:24,,,,,,,,,,,N,,SHIPPING_DOC,EKS000017793,,,,,,,,2026-03-22 15:16:24,,,N,,0.00000,0.00000,0.00000,0.00000,,,,,,,,,,,,,0
2008305,Загрузка механизмами,,MN,,,p.pisarenko,,,2026-03-22 15:16:24,2026-03-22 15:16:24,,,,,,,,,,,N,,SHIPPING_DOC,EKS000017794,,,,,,,,2026-03-22 15:16:24,,,N,,0.00000,0.00000,0.00000,0.00000,,,,,,,,,,,,,0
2008306,Загрузка ручная,,MN,,,p.pisarenko,,,2026-03-22 15:16:24,2026-03-22 15:16:24,,,,,,,,,,,N,,SHIPPING_DOC,EKS000017859,,,,,,,,2026-03-22 15:16:24,,,N,,0.00000,0.00000,0.00000,0.00000,,,,,,,,,,,,,0
2008307,Загрузка ручная,,MN,,,p.pisarenko,,,2026-03-22 15:16:24,2026-03-22 15:16:24,,,,,,,,,,,N,,SHIPPING_DOC,EKS000017470,,,,,,,,2026-03-22 15:16:24,,,N,,0.00000,0.00000,0.00000,0.00000,,,,,,,,,,,,,0
2008308,Загрузка ручная,,MN,,,p.pisarenko,,,2026-03-22 15:16:24,2026-03-22 15:16:24,,,,,,,,,,,N,,SHIPPING_DOC,EKS000017473,,,,,,,,2026-03-22 15:16:24,,,N,,0.00000,0.00000,0.00000,0.00000,,,,,,,,,,,,,0
2009500,Загрузка ручная,,MN,,,USER2358,,,2026-03-23 11:09:48,2026-03-23 11:09:48,,,,,,,,,,,N,,SHIPPING_DOC,EKS000017922,,,,,,,,2026-03-23 11:09:48,,,N,,0.00000,0.00000,0.00000,0.00000,,,,,,,,,,,,,0
2009501,Загрузка механизмами,,MN,,,e.ulishchenko,,,2026-03-23 11:12:31,2026-03-23 11:12:31,,,,,,,,,,,N,,SHIPPING_DOC,EKS000017884,,,,,,,,2026-03-23 11:12:31,,,N,,0.00000,0.00000,0.00000,0.00000,,,,,,,,,,,,,0
2009502,Загрузка ручная,,MN,,,e.ulishchenko,,,2026-03-23 11:12:31,2026-03-23 11:12:31,,,,,,,,,,,N,,SHIPPING_DOC,EKS000017884,,,,,,,,2026-03-23 11:12:31,,,N,,0.00000,0.00000,0.00000,0.00000,,,,,,,,,,,,,0
2009503,Загрузка механизмами,,MN,,,e.ulishchenko,,,2026-03-23 11:26:17,2026-03-23 11:26:17,,,,,,,,,,,N,,SHIPPING_DOC,EKS000017960,,,,,,,,2026-03-23 11:26:17,,,N,,0.00000,0.00000,0.00000,0.00000,,,,,,,,,,,,,0
2009504,Загрузка ручная,,MN,,,e.ulishchenko,,,2026-03-23 11:26:17,2026-03-23 11:26:17,,,,,,,,,,,N,,SHIPPING_DOC,EKS000017960,,,,,,,,2026-03-23 11:26:17,,,N,,0.00000,0.00000,0.00000,0.00000,,,,,,,,,,,,,0
2009505,Разгрузка механизмами,,MN,,,user3125,,,2026-03-23 11:32:09,2026-03-23 11:32:09,,,,,,,,,,,N,,RECEIPT_DOC,EKS000005743,,,,,,,,2026-03-23 11:32:09,,,N,,0.00000,0.00000,0.00000,0.00000,,,,,,,,,,,,,0
2009506,Разгрузка ручная,,MN,,,user2366,,,2026-03-23 11:32:17,2026-03-23 11:32:17,,,,,,,,,,,N,,RECEIPT_DOC,EKS000005743,,,,,,,,2026-03-23 11:32:17,,,N,,0.00000,0.00000,0.00000,0.00000,,,,,,,,,,,,,0
2009507,Загрузка механизмами,,MN,,,user2349,,,2026-03-23 11:35:33,2026-03-23 11:35:33,,,,,,,,,,,N,,SHIPPING_DOC,EKS000017949,,,,,,,,2026-03-23 11:35:33,,,N,,0.00000,0.00000,0.00000,0.00000,,,,,,,,,,,,,0
2009508,Загрузка ручная,,MN,,,user2349,,,2026-03-23 11:35:33,2026-03-23 11:35:33,,,,,,,,,,,N,,SHIPPING_DOC,EKS000017949,,,,,,,,2026-03-23 11:35:33,,,N,,0.00000,0.00000,0.00000,0.00000,,,,,,,,,,,,,0
2009509,Загрузка механизмами,,MN,,,e.ulishchenko,,,2026-03-23 11:41:47,2026-03-23 11:41:47,,,,,,,,,,,N,,SHIPPING_DOC,EKS000017874,,,,,,,,2026-03-23 11:41:47,,,N,,0.00000,0.00000,0.00000,0.00000,,,,,,,,,,,,,0
2009510,Загрузка механизмами,,MN,,,e.ulishchenko,,,2026-03-23 11:41:47,2026-03-23 11:41:47,,,,,,,,,,,N,,SHIPPING_DOC,EKS000017963,,,,,,,,2026-03-23 11:41:47,,,N,,0.00000,0.00000,0.00000,0.00000,,,,,,,,,,,,,0
2009511,Загрузка механизмами,,MN,,,e.ulishchenko,,,2026-03-23 11:41:47,2026-03-23 11:41:47,,,,,,,,,,,N,,SHIPPING_DOC,EKS000017881,,,,,,,,2026-03-23 11:41:47,,,N,,0.00000,0.00000,0.00000,0.00000,,,,,,,,,,,,,0
2009512,Загрузка механизмами,,MN,,,e.ulishchenko,,,2026-03-23 11:41:47,2026-03-23 11:41:47,,,,,,,,,,,N,,SHIPPING_DOC,EKS000017882,,,,,,,,2026-03-23 11:41:47,,,N,,0.00000,0.00000,0.00000,0.00000,,,,,,,,,,,,,0
2009513,Загрузка механизмами,,MN,,,e.ulishchenko,,,2026-03-23 11:41:47,2026-03-23 11:41:47,,,,,,,,,,,N,,SHIPPING_DOC,EKS000017923,,,,,,,,2026-03-23 11:41:47,,,N,,0.00000,0.00000,0.00000,0.00000,,,,,,,,,,,,,0
2009514,Загрузка механизмами,,MN,,,e.ulishchenko,,,2026-03-23 11:41:47,2026-03-23 11:41:47,,,,,,,,,,,N,,SHIPPING_DOC,EKS000017928,,,,,,,,2026-03-23 11:41:47,,,N,,0.00000,0.00000,0.00000,0.00000,,,,,,,,,,,,,0
2009515,Загрузка механизмами,,MN,,,e.ulishchenko,,,2026-03-23 11:41:47,2026-03-23 11:41:47,,,,,,,,,,,N,,SHIPPING_DOC,EKS000017943,,,,,,,,2026-03-23 11:41:47,,,N,,0.00000,0.00000,0.00000,0.00000,,,,,,,,,,,,,0
2009516,Загрузка ручная,,MN,,,e.ulishchenko,,,2026-03-23 11:41:47,2026-03-23 11:41:47,,,,,,,,,,,N,,SHIPPING_DOC,EKS000017874,,,,,,,,2026-03-23 11:41:47,,,N,,0.00000,0.00000,0.00000,0.00000,,,,,,,,,,,,,0
2009517,Загрузка ручная,,MN,,,e.ulishchenko,,,2026-03-23 11:41:47,2026-03-23 11:41:47,,,,,,,,,,,N,,SHIPPING_DOC,EKS000017963,,,,,,,,2026-03-23 11:41:47,,,N,,0.00000,0.00000,0.00000,0.00000,,,,,,,,,,,,,0
2009518,Загрузка ручная,,MN,,,e.ulishchenko,,,2026-03-23 11:41:47,2026-03-23 11:41:47,,,,,,,,,,,N,,SHIPPING_DOC,EKS000017881,,,,,,,,2026-03-23 11:41:47,,,N,,0.00000,0.00000,0.00000,0.00000,,,,,,,,,,,,,0
2009519,Загрузка ручная,,MN,,,e.ulishchenko,,,2026-03-23 11:41:47,2026-03-23 11:41:47,,,,,,,,,,,N,,SHIPPING_DOC,EKS000017882,,,,,,,,2026-03-23 11:41:47,,,N,,0.00000,0.00000,0.00000,0.00000,,,,,,,,,,,,,0
2009520,Загрузка ручная,,MN,,,e.ulishchenko,,,2026-03-23 11:41:47,2026-03-23 11:41:47,,,,,,,,,,,N,,SHIPPING_DOC,EKS000017923,,,,,,,,2026-03-23 11:41:47,,,N,,0.00000,0.00000,0.00000,0.00000,,,,,,,,,,,,,0
2009521,Загрузка ручная,,MN,,,e.ulishchenko,,,2026-03-23 11:41:47,2026-03-23 11:41:47,,,,,,,,,,,N,,SHIPPING_DOC,EKS000017928,,,,,,,,2026-03-23 11:41:47,,,N,,0.00000,0.00000,0.00000,0.00000,,,,,,,,,,,,,0
2009522,Загрузка ручная,,MN,,,e.ulishchenko,,,2026-03-23 11:41:47,2026-03-23 11:41:47,,,,,,,,,,,N,,SHIPPING_DOC,EKS000017943,,,,,,,,2026-03-23 11:41:47,,,N,,0.00000,0.00000,0.00000,0.00000,,,,,,,,,,,,,0
2009523,Загрузка механизмами,,MN,,,USER2358,,,2026-03-23 11:55:14,2026-03-23 11:55:14,,,,,,,,,,,N,,SHIPPING_DOC,EKS000017297,,,,,,,,2026-03-23 11:55:14,,,N,,0.00000,0.00000,0.00000,0.00000,,,,,,,,,,,,,0
2008947,Загрузка ручная,,MN,,,user2334,,,2026-03-23 07:05:29,2026-03-23 07:05:29,,,,,,,,,,,N,,SHIPPING_DOC,EKS000017473,,,,,,,,2026-03-23 07:05:29,,,N,,0.00000,0.00000,0.00000,0.00000,,,,,,,,,,,,,0
2008948,Загрузка ручная,,MN,,,user2334,,,2026-03-23 07:05:29,2026-03-23 07:05:29,,,,,,,,,,,N,,SHIPPING_DOC,EKS000017587,,,,,,,,2026-03-23 07:05:29,,,N,,0.00000,0.00000,0.00000,0.00000,,,,,,,,,,,,,0
2008949,Загрузка ручная,,MN,,,user2334,,,2026-03-23 07:05:29,2026-03-23 07:05:29,,,,,,,,,,,N,,SHIPPING_DOC,EKS000017596,,,,,,,,2026-03-23 07:05:29,,,N,,0.00000,0.00000,0.00000,0.00000,,,,,,,,,,,,,0
2008950,Загрузка ручная,,MN,,,user2334,,,2026-03-23 07:05:29,2026-03-23 07:05:29,,,,,,,,,,,N,,SHIPPING_DOC,EKS000017597,,,,,,,,2026-03-23 07:05:29,,,N,,0.00000,0.00000,0.00000,0.00000,,,,,,,,,,,,,0
2008951,Загрузка ручная,,MN,,,user2334,,,2026-03-23 07:05:29,2026-03-23 07:05:29,,,,,,,,,,,N,,SHIPPING_DOC,EKS000017666,,,,,,,,2026-03-23 07:05:29,,,N,,0.00000,0.00000,0.00000,0.00000,,,,,,,,,,,,,0
2008952,Загрузка ручная,,MN,,,user2334,,,2026-03-23 07:05:29,2026-03-23 07:05:29,,,,,,,,,,,N,,SHIPPING_DOC,EKS000017677,,,,,,,,2026-03-23 07:05:29,,,N,,0.00000,0.00000,0.00000,0.00000,,,,,,,,,,,,,0
2008953,Загрузка ручная,,MN,,,user2334,,,2026-03-23 07:05:29,2026-03-23 07:05:29,,,,,,,,,,,N,,SHIPPING_DOC,EKS000017793,,,,,,,,2026-03-23 07:05:29,,,N,,0.00000,0.00000,0.00000,0.00000,,,,,,,,,,,,,0
2008954,Загрузка ручная,,MN,,,user2334,,,2026-03-23 07:05:29,2026-03-23 07:05:29,,,,,,,,,,,N,,SHIPPING_DOC,EKS000017794,,,,,,,,2026-03-23 07:05:29,,,N,,0.00000,0.00000,0.00000,0.00000,,,,,,,,,,,,,0
2008955,Загрузка ручная,,MN,,,user2334,,,2026-03-23 07:05:29,2026-03-23 07:05:29,,,,,,,,,,,N,,SHIPPING_DOC,EKS000017859,,,,,,,,2026-03-23 07:05:29,,,N,,0.00000,0.00000,0.00000,0.00000,,,,,,,,,,,,,0
2008956,Загрузка ручная,,MN,,,user2334,,,2026-03-23 07:05:29,2026-03-23 07:05:29,,,,,,,,,,,N,,SHIPPING_DOC,EKS000017873,,,,,,,,2026-03-23 07:05:29,,,N,,0.00000,0.00000,0.00000,0.00000,,,,,,,,,,,,,0
2008957,Загрузка механизмами,,MN,,,user2334,,,2026-03-23 07:06:08,2026-03-23 07:06:08,,,,,,,,,,,N,,SHIPPING_DOC,EKS000017460,,,,,,,,2026-03-23 07:06:08,,,N,,0.00000,0.00000,0.00000,0.00000,,,,,,,,,,,,,0
2008958,Загрузка механизмами,,MN,,,user2334,,,2026-03-23 07:06:08,2026-03-23 07:06:08,,,,,,,,,,,N,,SHIPPING_DOC,EKS000017650,,,,,,,,2026-03-23 07:06:08,,,N,,0.00000,0.00000,0.00000,0.00000,,,,,,,,,,,,,0
2008959,Загрузка механизмами,,MN,,,user2334,,,2026-03-23 07:06:08,2026-03-23 07:06:08,,,,,,,,,,,N,,SHIPPING_DOC,EKS000017755,,,,,,,,2026-03-23 07:06:08,,,N,,0.00000,0.00000,0.00000,0.00000,,,,,,,,,,,,,0
2008309,Загрузка ручная,,MN,,,p.pisarenko,,,2026-03-22 15:16:24,2026-03-22 15:16:24,,,,,,,,,,,N,,SHIPPING_DOC,EKS000017587,,,,,,,,2026-03-22 15:16:24,,,N,,0.00000,0.00000,0.00000,0.00000,,,,,,,,,,,,,0
2008310,Загрузка ручная,,MN,,,p.pisarenko,,,2026-03-22 15:16:24,2026-03-22 15:16:24,,,,,,,,,,,N,,SHIPPING_DOC,EKS000017596,,,,,,,,2026-03-22 15:16:24,,,N,,0.00000,0.00000,0.00000,0.00000,,,,,,,,,,,,,0
2008311,Загрузка ручная,,MN,,,p.pisarenko,,,2026-03-22 15:16:24,2026-03-22 15:16:24,,,,,,,,,,,N,,SHIPPING_DOC,EKS000017597,,,,,,,,2026-03-22 15:16:24,,,N,,0.00000,0.00000,0.00000,0.00000,,,,,,,,,,,,,0
2008312,Загрузка ручная,,MN,,,p.pisarenko,,,2026-03-22 15:16:24,2026-03-22 15:16:24,,,,,,,,,,,N,,SHIPPING_DOC,EKS000017666,,,,,,,,2026-03-22 15:16:24,,,N,,0.00000,0.00000,0.00000,0.00000,,,,,,,,,,,,,0
2008313,Загрузка ручная,,MN,,,p.pisarenko,,,2026-03-22 15:16:24,2026-03-22 15:16:24,,,,,,,,,,,N,,SHIPPING_DOC,EKS000017677,,,,,,,,2026-03-22 15:16:24,,,N,,0.00000,0.00000,0.00000,0.00000,,,,,,,,,,,,,0
2008314,Загрузка ручная,,MN,,,p.pisarenko,,,2026-03-22 15:16:24,2026-03-22 15:16:24,,,,,,,,,,,N,,SHIPPING_DOC,EKS000017793,,,,,,,,2026-03-22 15:16:24,,,N,,0.00000,0.00000,0.00000,0.00000,,,,,,,,,,,,,0
2008315,Загрузка ручная,,MN,,,p.pisarenko,,,2026-03-22 15:16:24,2026-03-22 15:16:24,,,,,,,,,,,N,,SHIPPING_DOC,EKS000017794,,,,,,,,2026-03-22 15:16:24,,,N,,0.00000,0.00000,0.00000,0.00000,,,,,,,,,,,,,0
2008316,Загрузка механизмами,,MN,,,m.a.simonov,,,2026-03-22 15:41:00,2026-03-22 15:41:00,,,,,,,,,,,N,,SHIPPING_DOC,EKS000017419,,,,,,,,2026-03-22 15:41:00,,,N,,0.00000,0.00000,0.00000,0.00000,,,,,,,,,,,,,0
2008317,Загрузка механизмами,,MN,,,m.a.simonov,,,2026-03-22 15:41:00,2026-03-22 15:41:00,,,,,,,,,,,N,,SHIPPING_DOC,EKS000017428,,,,,,,,2026-03-22 15:41:00,,,N,,0.00000,0.00000,0.00000,0.00000,,,,,,,,,,,,,0
2008318,Загрузка механизмами,,MN,,,m.a.simonov,,,2026-03-22 15:41:00,2026-03-22 15:41:00,,,,,,,,,,,N,,SHIPPING_DOC,EKS000017429,,,,,,,,2026-03-22 15:41:00,,,N,,0.00000,0.00000,0.00000,0.00000,,,,,,,,,,,,,0
2008319,Загрузка механизмами,,MN,,,m.a.simonov,,,2026-03-22 15:41:00,2026-03-22 15:41:00,,,,,,,,,,,N,,SHIPPING_DOC,EKS000017431,,,,,,,,2026-03-22 15:41:00,,,N,,0.00000,0.00000,0.00000,0.00000,,,,,,,,,,,,,0
2008320,Загрузка механизмами,,MN,,,m.a.simonov,,,2026-03-22 15:41:00,2026-03-22 15:41:00,,,,,,,,,,,N,,SHIPPING_DOC,EKS000017432,,,,,,,,2026-03-22 15:41:00,,,N,,0.00000,0.00000,0.00000,0.00000,,,,,,,,,,,,,0
2008321,Загрузка механизмами,,MN,,,m.a.simonov,,,2026-03-22 15:41:00,2026-03-22 15:41:00,,,,,,,,,,,N,,SHIPPING_DOC,EKS000017433,,,,,,,,2026-03-22 15:41:00,,,N,,0.00000,0.00000,0.00000,0.00000,,,,,,,,,,,,,0
2008322,Загрузка механизмами,,MN,,,m.a.simonov,,,2026-03-22 15:41:00,2026-03-22 15:41:00,,,,,,,,,,,N,,SHIPPING_DOC,EKS000017434,,,,,,,,2026-03-22 15:41:00,,,N,,0.00000,0.00000,0.00000,0.00000,,,,,,,,,,,,,0
2008323,Загрузка механизмами,,MN,,,m.a.simonov,,,2026-03-22 15:41:00,2026-03-22 15:41:00,,,,,,,,,,,N,,SHIPPING_DOC,EKS000017456,,,,,,,,2026-03-22 15:41:00,,,N,,0.00000,0.00000,0.00000,0.00000,,,,,,,,,,,,,0
2008324,Загрузка механизмами,,MN,,,m.a.simonov,,,2026-03-22 15:41:00,2026-03-22 15:41:00,,,,,,,,,,,N,,SHIPPING_DOC,EKS000017471,,,,,,,,2026-03-22 15:41:00,,,N,,0.00000,0.00000,0.00000,0.00000,,,,,,,,,,,,,0
2008325,Загрузка механизмами,,MN,,,m.a.simonov,,,2026-03-22 15:41:00,2026-03-22 15:41:00,,,,,,,,,,,N,,SHIPPING_DOC,EKS000017487,,,,,,,,2026-03-22 15:41:00,,,N,,0.00000,0.00000,0.00000,0.00000,,,,,,,,,,,,,0
2008326,Загрузка механизмами,,MN,,,m.a.simonov,,,2026-03-22 15:41:00,2026-03-22 15:41:00,,,,,,,,,,,N,,SHIPPING_DOC,EKS000017590,,,,,,,,2026-03-22 15:41:00,,,N,,0.00000,0.00000,0.00000,0.00000,,,,,,,,,,,,,0
2008327,Загрузка механизмами,,MN,,,m.a.simonov,,,2026-03-22 15:41:00,2026-03-22 15:41:00,,,,,,,,,,,N,,SHIPPING_DOC,EKS000017671,,,,,,,,2026-03-22 15:41:00,,,N,,0.00000,0.00000,0.00000,0.00000,,,,,,,,,,,,,0
2008328,Загрузка механизмами,,MN,,,m.a.simonov,,,2026-03-22 15:41:00,2026-03-22 15:41:00,,,,,,,,,,,N,,SHIPPING_DOC,EKS000017683,,,,,,,,2026-03-22 15:41:00,,,N,,0.00000,0.00000,0.00000,0.00000,,,,,,,,,,,,,0
2008329,Загрузка механизмами,,MN,,,m.a.simonov,,,2026-03-22 15:41:00,2026-03-22 15:41:00,,,,,,,,,,,N,,SHIPPING_DOC,EKS000017718,,,,,,,,2026-03-22 15:41:00,,,N,,0.00000,0.00000,0.00000,0.00000,,,,,,,,,,,,,0
2008330,Загрузка механизмами,,MN,,,m.a.simonov,,,2026-03-22 15:41:00,2026-03-22 15:41:00,,,,,,,,,,,N,,SHIPPING_DOC,EKS000017719,,,,,,,,2026-03-22 15:41:00,,,N,,0.00000,0.00000,0.00000,0.00000,,,,,,,,,,,,,0
2008331,Загрузка механизмами,,MN,,,m.a.simonov,,,2026-03-22 15:41:00,2026-03-22 15:41:00,,,,,,,,,,,N,,SHIPPING_DOC,EKS000017720,,,,,,,,2026-03-22 15:41:00,,,N,,0.00000,0.00000,0.00000,0.00000,,,,,,,,,,,,,0
2008332,Загрузка механизмами,,MN,,,m.a.simonov,,,2026-03-22 15:41:00,2026-03-22 15:41:00,,,,,,,,,,,N,,SHIPPING_DOC,EKS000017721,,,,,,,,2026-03-22 15:41:00,,,N,,0.00000,0.00000,0.00000,0.00000,,,,,,,,,,,,,0
2008333,Загрузка механизмами,,MN,,,m.a.simonov,,,2026-03-22 15:41:00,2026-03-22 15:41:00,,,,,,,,,,,N,,SHIPPING_DOC,EKS000017722,,,,,,,,2026-03-22 15:41:00,,,N,,0.00000,0.00000,0.00000,0.00000,,,,,,,,,,,,,0
2009524,Загрузка ручная,,MN,,,USER2358,,,2026-03-23 11:55:14,2026-03-23 11:55:14,,,,,,,,,,,N,,SHIPPING_DOC,EKS000017297,,,,,,,,2026-03-23 11:55:14,,,N,,0.00000,0.00000,0.00000,0.00000,,,,,,,,,,,,,0
2009525,Разгрузка механизмами,,MN,,,USER3125,,,2026-03-23 12:05:13,2026-03-23 12:05:13,,,,,,,,,,,N,,RECEIPT_DOC,EKS000005745,,,,,,,,2026-03-23 12:05:13,,,N,,0.00000,0.00000,0.00000,0.00000,,,,,,,,,,,,,0
2009526,Разгрузка механизмами,,MN,,,USER3125,,,2026-03-23 12:05:17,2026-03-23 12:05:17,,,,,,,,,,,N,,RECEIPT_DOC,EKS000005746,,,,,,,,2026-03-23 12:05:17,,,N,,0.00000,0.00000,0.00000,0.00000,,,,,,,,,,,,,0
2009527,Разгрузка ручная,,MN,,,USER2334,,,2026-03-23 12:05:26,2026-03-23 12:05:26,,,,,,,,,,,N,,RECEIPT_DOC,EKS000005746,,,,,,,,2026-03-23 12:05:26,,,N,,0.00000,0.00000,0.00000,0.00000,,,,,,,,,,,,,0
2009528,Разгрузка ручная,,MN,,,USER2334,,,2026-03-23 12:05:30,2026-03-23 12:05:30,,,,,,,,,,,N,,RECEIPT_DOC,EKS000005745,,,,,,,,2026-03-23 12:05:30,,,N,,0.00000,0.00000,0.00000,0.00000,,,,,,,,,,,,,0
2009529,Загрузка механизмами,,MN,,,user2349,,,2026-03-23 12:13:10,2026-03-23 12:13:10,,,,,,,,,,,N,,SHIPPING_DOC,O00000001468,,,,,,,,2026-03-23 12:13:10,,,N,,0.00000,0.00000,0.00000,0.00000,,,,,,,,,,,,,0
2009530,Загрузка ручная,,MN,,,user2349,,,2026-03-23 12:13:10,2026-03-23 12:13:10,,,,,,,,,,,N,,SHIPPING_DOC,O00000001468,,,,,,,,2026-03-23 12:13:10,,,N,,0.00000,0.00000,0.00000,0.00000,,,,,,,,,,,,,0
2009531,Разгрузка механизмами,,MN,,,r.sagaidak,,,2026-03-23 12:17:16,2026-03-23 12:17:16,,,,,,,,,,,N,,RECEIPT_DOC,EKS000005747,,,,,,,,2026-03-23 12:17:16,,,N,,0.00000,0.00000,0.00000,0.00000,,,,,,,,,,,,,0
2009532,Разгрузка ручная,,MN,,,r.sagaidak,,,2026-03-23 12:17:16,2026-03-23 12:17:16,,,,,,,,,,,N,,RECEIPT_DOC,EKS000005747,,,,,,,,2026-03-23 12:17:16,,,N,,0.00000,0.00000,0.00000,0.00000,,,,,,,,,,,,,0
2009533,Загрузка механизмами,,MN,,,e.ulishchenko,,,2026-03-23 12:17:51,2026-03-23 12:17:51,,,,,,,,,,,N,,SHIPPING_DOC,EKS000017554,,,,,,,,2026-03-23 12:17:51,,,N,,0.00000,0.00000,0.00000,0.00000,,,,,,,,,,,,,0
2009534,Загрузка ручная,,MN,,,e.ulishchenko,,,2026-03-23 12:17:51,2026-03-23 12:17:51,,,,,,,,,,,N,,SHIPPING_DOC,EKS000017554,,,,,,,,2026-03-23 12:17:51,,,N,,0.00000,0.00000,0.00000,0.00000,,,,,,,,,,,,,0
2009535,Загрузка механизмами,,MN,,,user2349,,,2026-03-23 12:19:06,2026-03-23 12:19:06,,,,,,,,,,,N,,SHIPPING_DOC,EKS000016366,,,,,,,,2026-03-23 12:19:06,,,N,,0.00000,0.00000,0.00000,0.00000,,,,,,,,,,,,,0
2009536,Загрузка механизмами,,MN,,,user2349,,,2026-03-23 12:19:06,2026-03-23 12:19:06,,,,,,,,,,,N,,SHIPPING_DOC,EKS000016367,,,,,,,,2026-03-23 12:19:06,,,N,,0.00000,0.00000,0.00000,0.00000,,,,,,,,,,,,,0
2009537,Загрузка механизмами,,MN,,,user2349,,,2026-03-23 12:19:06,2026-03-23 12:19:06,,,,,,,,,,,N,,SHIPPING_DOC,EKS000016368,,,,,,,,2026-03-23 12:19:06,,,N,,0.00000,0.00000,0.00000,0.00000,,,,,,,,,,,,,0
2009538,Загрузка механизмами,,MN,,,user2349,,,2026-03-23 12:19:06,2026-03-23 12:19:06,,,,,,,,,,,N,,SHIPPING_DOC,EKS000016369,,,,,,,,2026-03-23 12:19:06,,,N,,0.00000,0.00000,0.00000,0.00000,,,,,,,,,,,,,0
2009539,Загрузка механизмами,,MN,,,user2349,,,2026-03-23 12:19:06,2026-03-23 12:19:06,,,,,,,,,,,N,,SHIPPING_DOC,EKS000016370,,,,,,,,2026-03-23 12:19:06,,,N,,0.00000,0.00000,0.00000,0.00000,,,,,,,,,,,,,0
2009540,Загрузка механизмами,,MN,,,user2349,,,2026-03-23 12:19:06,2026-03-23 12:19:06,,,,,,,,,,,N,,SHIPPING_DOC,EKS000016372,,,,,,,,2026-03-23 12:19:06,,,N,,0.00000,0.00000,0.00000,0.00000,,,,,,,,,,,,,0
2009541,Загрузка механизмами,,MN,,,user2349,,,2026-03-23 12:19:06,2026-03-23 12:19:06,,,,,,,,,,,N,,SHIPPING_DOC,EKS000016373,,,,,,,,2026-03-23 12:19:06,,,N,,0.00000,0.00000,0.00000,0.00000,,,,,,,,,,,,,0
2009542,Загрузка ручная,,MN,,,user2349,,,2026-03-23 12:19:06,2026-03-23 12:19:06,,,,,,,,,,,N,,SHIPPING_DOC,EKS000016366,,,,,,,,2026-03-23 12:19:06,,,N,,0.00000,0.00000,0.00000,0.00000,,,,,,,,,,,,,0
2009543,Загрузка ручная,,MN,,,user2349,,,2026-03-23 12:19:06,2026-03-23 12:19:06,,,,,,,,,,,N,,SHIPPING_DOC,EKS000016367,,,,,,,,2026-03-23 12:19:06,,,N,,0.00000,0.00000,0.00000,0.00000,,,,,,,,,,,,,0
2009544,Загрузка ручная,,MN,,,user2349,,,2026-03-23 12:19:06,2026-03-23 12:19:06,,,,,,,,,,,N,,SHIPPING_DOC,EKS000016368,,,,,,,,2026-03-23 12:19:06,,,N,,0.00000,0.00000,0.00000,0.00000,,,,,,,,,,,,,0
2009545,Загрузка ручная,,MN,,,user2349,,,2026-03-23 12:19:06,2026-03-23 12:19:06,,,,,,,,,,,N,,SHIPPING_DOC,EKS000016369,,,,,,,,2026-03-23 12:19:06,,,N,,0.00000,0.00000,0.00000,0.00000,,,,,,,,,,,,,0
2009546,Загрузка ручная,,MN,,,user2349,,,2026-03-23 12:19:06,2026-03-23 12:19:06,,,,,,,,,,,N,,SHIPPING_DOC,EKS000016370,,,,,,,,2026-03-23 12:19:06,,,N,,0.00000,0.00000,0.00000,0.00000,,,,,,,,,,,,,0
2009547,Загрузка ручная,,MN,,,user2349,,,2026-03-23 12:19:06,2026-03-23 12:19:06,,,,,,,,,,,N,,SHIPPING_DOC,EKS000016372,,,,,,,,2026-03-23 12:19:06,,,N,,0.00000,0.00000,0.00000,0.00000,,,,,,,,,,,,,0
2009548,Загрузка ручная,,MN,,,user2349,,,2026-03-23 12:19:06,2026-03-23 12:19:06,,,,,,,,,,,N,,SHIPPING_DOC,EKS000016373,,,,,,,,2026-03-23 12:19:06,,,N,,0.00000,0.00000,0.00000,0.00000,,,,,,,,,,,,,0
2009549,Разгрузка механизмами,,MN,,,user3125,,,2026-03-23 12:23:31,2026-03-23 12:23:31,,,,,,,,,,,N,,RECEIPT_DOC,EKS000005735,,,,,,,,2026-03-23 12:23:31,,,N,,0.00000,0.00000,0.00000,0.00000,,,,,,,,,,,,,0
2009550,Разгрузка ручная,,MN,,,user3125,,,2026-03-23 12:23:31,2026-03-23 12:23:31,,,,,,,,,,,N,,RECEIPT_DOC,EKS000005735,,,,,,,,2026-03-23 12:23:31,,,N,,0.00000,0.00000,0.00000,0.00000,,,,,,,,,,,,,0
2009551,Разгрузка механизмами,,MN,,,user3125,,,2026-03-23 12:23:35,2026-03-23 12:23:35,,,,,,,,,,,N,,RECEIPT_DOC,EKS000005736,,,,,,,,2026-03-23 12:23:35,,,N,,0.00000,0.00000,0.00000,0.00000,,,,,,,,,,,,,0
2009552,Разгрузка ручная,,MN,,,user3125,,,2026-03-23 12:23:35,2026-03-23 12:23:35,,,,,,,,,,,N,,RECEIPT_DOC,EKS000005736,,,,,,,,2026-03-23 12:23:35,,,N,,0.00000,0.00000,0.00000,0.00000,,,,,,,,,,,,,0
2009553,Разгрузка механизмами,,MN,,,user3125,,,2026-03-23 12:23:39,2026-03-23 12:23:39,,,,,,,,,,,N,,RECEIPT_DOC,EKS000005737,,,,,,,,2026-03-23 12:23:39,,,N,,0.00000,0.00000,0.00000,0.00000,,,,,,,,,,,,,0
2009554,Разгрузка ручная,,MN,,,user3125,,,2026-03-23 12:23:39,2026-03-23 12:23:39,,,,,,,,,,,N,,RECEIPT_DOC,EKS000005737,,,,,,,,2026-03-23 12:23:39,,,N,,0.00000,0.00000,0.00000,0.00000,,,,,,,,,,,,,0
2009555,Разгрузка механизмами,,MN,,,user3125,,,2026-03-23 12:23:58,2026-03-23 12:23:58,,,,,,,,,,,N,,RECEIPT_DOC,EKS000005749,,,,,,,,2026-03-23 12:23:58,,,N,,0.00000,0.00000,0.00000,0.00000,,,,,,,,,,,,,0
2009556,Разгрузка ручная,,MN,,,user3125,,,2026-03-23 12:23:58,2026-03-23 12:23:58,,,,,,,,,,,N,,RECEIPT_DOC,EKS000005749,,,,,,,,2026-03-23 12:23:58,,,N,,0.00000,0.00000,0.00000,0.00000,,,,,,,,,,,,,0
2009557,Загрузка механизмами,,MN,,,user2349,,,2026-03-23 12:26:03,2026-03-23 12:26:03,,,,,,,,,,,N,,SHIPPING_DOC,EKS000017915,,,,,,,,2026-03-23 12:26:03,,,N,,0.00000,0.00000,0.00000,0.00000,,,,,,,,,,,,,0
2009558,Загрузка ручная,,MN,,,user2349,,,2026-03-23 12:26:03,2026-03-23 12:26:03,,,,,,,,,,,N,,SHIPPING_DOC,EKS000017915,,,,,,,,2026-03-23 12:26:03,,,N,,0.00000,0.00000,0.00000,0.00000,,,,,,,,,,,,,0
2009559,Разгрузка механизмами,,MN,,,R.SAGAIDAK,,,2026-03-23 12:33:00,2026-03-23 12:33:00,,,,,,,,,,,N,,RECEIPT_DOC,EKS000005751,,,,,,,,2026-03-23 12:33:00,,,N,,0.00000,0.00000,0.00000,0.00000,,,,,,,,,,,,,0
2009560,Разгрузка ручная,,MN,,,R.SAGAIDAK,,,2026-03-23 12:33:00,2026-03-23 12:33:00,,,,,,,,,,,N,,RECEIPT_DOC,EKS000005751,,,,,,,,2026-03-23 12:33:00,,,N,,0.00000,0.00000,0.00000,0.00000,,,,,,,,,,,,,0
2009561,Загрузка механизмами,,MN,,,user2349,,,2026-03-23 12:33:26,2026-03-23 12:33:26,,,,,,,,,,,N,,SHIPPING_DOC,EKS000017685,,,,,,,,2026-03-23 12:33:26,,,N,,0.00000,0.00000,0.00000,0.00000,,,,,,,,,,,,,0
2009562,Загрузка механизмами,,MN,,,user2349,,,2026-03-23 12:33:26,2026-03-23 12:33:26,,,,,,,,,,,N,,SHIPPING_DOC,EKS000017925,,,,,,,,2026-03-23 12:33:26,,,N,,0.00000,0.00000,0.00000,0.00000,,,,,,,,,,,,,0
2008960,Загрузка механизмами,,MN,,,user2334,,,2026-03-23 07:06:08,2026-03-23 07:06:08,,,,,,,,,,,N,,SHIPPING_DOC,EKS000017789,,,,,,,,2026-03-23 07:06:08,,,N,,0.00000,0.00000,0.00000,0.00000,,,,,,,,,,,,,0
2008961,Загрузка механизмами,,MN,,,user2334,,,2026-03-23 07:06:08,2026-03-23 07:06:08,,,,,,,,,,,N,,SHIPPING_DOC,EKS000017790,,,,,,,,2026-03-23 07:06:08,,,N,,0.00000,0.00000,0.00000,0.00000,,,,,,,,,,,,,0
2008962,Загрузка механизмами,,MN,,,user2334,,,2026-03-23 07:06:08,2026-03-23 07:06:08,,,,,,,,,,,N,,SHIPPING_DOC,EKS000017836,,,,,,,,2026-03-23 07:06:08,,,N,,0.00000,0.00000,0.00000,0.00000,,,,,,,,,,,,,0
2008963,Загрузка механизмами,,MN,,,user2334,,,2026-03-23 07:06:08,2026-03-23 07:06:08,,,,,,,,,,,N,,SHIPPING_DOC,EKS000017849,,,,,,,,2026-03-23 07:06:08,,,N,,0.00000,0.00000,0.00000,0.00000,,,,,,,,,,,,,0
2008964,Загрузка механизмами,,MN,,,user2334,,,2026-03-23 07:06:08,2026-03-23 07:06:08,,,,,,,,,,,N,,SHIPPING_DOC,EKS000017868,,,,,,,,2026-03-23 07:06:08,,,N,,0.00000,0.00000,0.00000,0.00000,,,,,,,,,,,,,0
2008965,Загрузка ручная,,MN,,,user2334,,,2026-03-23 07:06:08,2026-03-23 07:06:08,,,,,,,,,,,N,,SHIPPING_DOC,EKS000017460,,,,,,,,2026-03-23 07:06:08,,,N,,0.00000,0.00000,0.00000,0.00000,,,,,,,,,,,,,0
2008966,Загрузка ручная,,MN,,,user2334,,,2026-03-23 07:06:08,2026-03-23 07:06:08,,,,,,,,,,,N,,SHIPPING_DOC,EKS000017650,,,,,,,,2026-03-23 07:06:08,,,N,,0.00000,0.00000,0.00000,0.00000,,,,,,,,,,,,,0
2008967,Загрузка ручная,,MN,,,user2334,,,2026-03-23 07:06:08,2026-03-23 07:06:08,,,,,,,,,,,N,,SHIPPING_DOC,EKS000017755,,,,,,,,2026-03-23 07:06:08,,,N,,0.00000,0.00000,0.00000,0.00000,,,,,,,,,,,,,0
2008968,Загрузка ручная,,MN,,,user2334,,,2026-03-23 07:06:08,2026-03-23 07:06:08,,,,,,,,,,,N,,SHIPPING_DOC,EKS000017789,,,,,,,,2026-03-23 07:06:08,,,N,,0.00000,0.00000,0.00000,0.00000,,,,,,,,,,,,,0
2008969,Загрузка ручная,,MN,,,user2334,,,2026-03-23 07:06:08,2026-03-23 07:06:08,,,,,,,,,,,N,,SHIPPING_DOC,EKS000017790,,,,,,,,2026-03-23 07:06:08,,,N,,0.00000,0.00000,0.00000,0.00000,,,,,,,,,,,,,0
2008970,Загрузка ручная,,MN,,,user2334,,,2026-03-23 07:06:08,2026-03-23 07:06:08,,,,,,,,,,,N,,SHIPPING_DOC,EKS000017836,,,,,,,,2026-03-23 07:06:08,,,N,,0.00000,0.00000,0.00000,0.00000,,,,,,,,,,,,,0
2008971,Загрузка ручная,,MN,,,user2334,,,2026-03-23 07:06:08,2026-03-23 07:06:08,,,,,,,,,,,N,,SHIPPING_DOC,EKS000017849,,,,,,,,2026-03-23 07:06:08,,,N,,0.00000,0.00000,0.00000,0.00000,,,,,,,,,,,,,0
2008972,Загрузка ручная,,MN,,,user2334,,,2026-03-23 07:06:08,2026-03-23 07:06:08,,,,,,,,,,,N,,SHIPPING_DOC,EKS000017868,,,,,,,,2026-03-23 07:06:08,,,N,,0.00000,0.00000,0.00000,0.00000,,,,,,,,,,,,,0
2008973,Загрузка механизмами,,MN,,,user2249,,,2026-03-23 07:06:17,2026-03-23 07:06:17,,,,,,,,,,,N,,SHIPPING_DOC,EKS000017470,,,,,,,,2026-03-23 07:06:17,,,N,,0.00000,0.00000,0.00000,0.00000,,,,,,,,,,,,,0
2008974,Загрузка механизмами,,MN,,,user2249,,,2026-03-23 07:06:17,2026-03-23 07:06:17,,,,,,,,,,,N,,SHIPPING_DOC,EKS000017473,,,,,,,,2026-03-23 07:06:17,,,N,,0.00000,0.00000,0.00000,0.00000,,,,,,,,,,,,,0
2008975,Загрузка механизмами,,MN,,,user2249,,,2026-03-23 07:06:17,2026-03-23 07:06:17,,,,,,,,,,,N,,SHIPPING_DOC,EKS000017587,,,,,,,,2026-03-23 07:06:17,,,N,,0.00000,0.00000,0.00000,0.00000,,,,,,,,,,,,,0
2008976,Загрузка механизмами,,MN,,,user2249,,,2026-03-23 07:06:17,2026-03-23 07:06:17,,,,,,,,,,,N,,SHIPPING_DOC,EKS000017596,,,,,,,,2026-03-23 07:06:17,,,N,,0.00000,0.00000,0.00000,0.00000,,,,,,,,,,,,,0
2008977,Загрузка механизмами,,MN,,,user2249,,,2026-03-23 07:06:17,2026-03-23 07:06:17,,,,,,,,,,,N,,SHIPPING_DOC,EKS000017597,,,,,,,,2026-03-23 07:06:17,,,N,,0.00000,0.00000,0.00000,0.00000,,,,,,,,,,,,,0
2008978,Загрузка механизмами,,MN,,,user2249,,,2026-03-23 07:06:17,2026-03-23 07:06:17,,,,,,,,,,,N,,SHIPPING_DOC,EKS000017666,,,,,,,,2026-03-23 07:06:17,,,N,,0.00000,0.00000,0.00000,0.00000,,,,,,,,,,,,,0
2008979,Загрузка механизмами,,MN,,,user2249,,,2026-03-23 07:06:17,2026-03-23 07:06:17,,,,,,,,,,,N,,SHIPPING_DOC,EKS000017677,,,,,,,,2026-03-23 07:06:17,,,N,,0.00000,0.00000,0.00000,0.00000,,,,,,,,,,,,,0
2008980,Загрузка механизмами,,MN,,,user2249,,,2026-03-23 07:06:17,2026-03-23 07:06:17,,,,,,,,,,,N,,SHIPPING_DOC,EKS000017793,,,,,,,,2026-03-23 07:06:17,,,N,,0.00000,0.00000,0.00000,0.00000,,,,,,,,,,,,,0
2008981,Загрузка механизмами,,MN,,,user2249,,,2026-03-23 07:06:17,2026-03-23 07:06:17,,,,,,,,,,,N,,SHIPPING_DOC,EKS000017794,,,,,,,,2026-03-23 07:06:17,,,N,,0.00000,0.00000,0.00000,0.00000,,,,,,,,,,,,,0
2008982,Загрузка механизмами,,MN,,,user2249,,,2026-03-23 07:06:17,2026-03-23 07:06:17,,,,,,,,,,,N,,SHIPPING_DOC,EKS000017859,,,,,,,,2026-03-23 07:06:17,,,N,,0.00000,0.00000,0.00000,0.00000,,,,,,,,,,,,,0
2008983,Загрузка механизмами,,MN,,,user2249,,,2026-03-23 07:06:17,2026-03-23 07:06:17,,,,,,,,,,,N,,SHIPPING_DOC,EKS000017873,,,,,,,,2026-03-23 07:06:17,,,N,,0.00000,0.00000,0.00000,0.00000,,,,,,,,,,,,,0
2008984,Загрузка ручная,,MN,,,user2249,,,2026-03-23 07:06:17,2026-03-23 07:06:17,,,,,,,,,,,N,,SHIPPING_DOC,EKS000017470,,,,,,,,2026-03-23 07:06:17,,,N,,0.00000,0.00000,0.00000,0.00000,,,,,,,,,,,,,0
2008985,Загрузка ручная,,MN,,,user2249,,,2026-03-23 07:06:17,2026-03-23 07:06:17,,,,,,,,,,,N,,SHIPPING_DOC,EKS000017473,,,,,,,,2026-03-23 07:06:17,,,N,,0.00000,0.00000,0.00000,0.00000,,,,,,,,,,,,,0
2008334,Загрузка механизмами,,MN,,,m.a.simonov,,,2026-03-22 15:41:00,2026-03-22 15:41:00,,,,,,,,,,,N,,SHIPPING_DOC,EKS000017725,,,,,,,,2026-03-22 15:41:00,,,N,,0.00000,0.00000,0.00000,0.00000,,,,,,,,,,,,,0
2008335,Загрузка механизмами,,MN,,,m.a.simonov,,,2026-03-22 15:41:00,2026-03-22 15:41:00,,,,,,,,,,,N,,SHIPPING_DOC,EKS000017740,,,,,,,,2026-03-22 15:41:00,,,N,,0.00000,0.00000,0.00000,0.00000,,,,,,,,,,,,,0
2008336,Загрузка механизмами,,MN,,,m.a.simonov,,,2026-03-22 15:41:00,2026-03-22 15:41:00,,,,,,,,,,,N,,SHIPPING_DOC,EKS000017748,,,,,,,,2026-03-22 15:41:00,,,N,,0.00000,0.00000,0.00000,0.00000,,,,,,,,,,,,,0
2008337,Загрузка механизмами,,MN,,,m.a.simonov,,,2026-03-22 15:41:00,2026-03-22 15:41:00,,,,,,,,,,,N,,SHIPPING_DOC,EKS000017773,,,,,,,,2026-03-22 15:41:00,,,N,,0.00000,0.00000,0.00000,0.00000,,,,,,,,,,,,,0
2008338,Загрузка механизмами,,MN,,,m.a.simonov,,,2026-03-22 15:41:00,2026-03-22 15:41:00,,,,,,,,,,,N,,SHIPPING_DOC,EKS000017807,,,,,,,,2026-03-22 15:41:00,,,N,,0.00000,0.00000,0.00000,0.00000,,,,,,,,,,,,,0
2008339,Загрузка механизмами,,MN,,,m.a.simonov,,,2026-03-22 15:41:00,2026-03-22 15:41:00,,,,,,,,,,,N,,SHIPPING_DOC,EKS000017808,,,,,,,,2026-03-22 15:41:00,,,N,,0.00000,0.00000,0.00000,0.00000,,,,,,,,,,,,,0
2008340,Загрузка ручная,,MN,,,m.a.simonov,,,2026-03-22 15:41:00,2026-03-22 15:41:00,,,,,,,,,,,N,,SHIPPING_DOC,EKS000017419,,,,,,,,2026-03-22 15:41:00,,,N,,0.00000,0.00000,0.00000,0.00000,,,,,,,,,,,,,0
2008341,Загрузка ручная,,MN,,,m.a.simonov,,,2026-03-22 15:41:00,2026-03-22 15:41:00,,,,,,,,,,,N,,SHIPPING_DOC,EKS000017428,,,,,,,,2026-03-22 15:41:00,,,N,,0.00000,0.00000,0.00000,0.00000,,,,,,,,,,,,,0
2008342,Загрузка ручная,,MN,,,m.a.simonov,,,2026-03-22 15:41:00,2026-03-22 15:41:00,,,,,,,,,,,N,,SHIPPING_DOC,EKS000017429,,,,,,,,2026-03-22 15:41:00,,,N,,0.00000,0.00000,0.00000,0.00000,,,,,,,,,,,,,0
2008343,Загрузка ручная,,MN,,,m.a.simonov,,,2026-03-22 15:41:00,2026-03-22 15:41:00,,,,,,,,,,,N,,SHIPPING_DOC,EKS000017431,,,,,,,,2026-03-22 15:41:00,,,N,,0.00000,0.00000,0.00000,0.00000,,,,,,,,,,,,,0
2008344,Загрузка ручная,,MN,,,m.a.simonov,,,2026-03-22 15:41:00,2026-03-22 15:41:00,,,,,,,,,,,N,,SHIPPING_DOC,EKS000017432,,,,,,,,2026-03-22 15:41:00,,,N,,0.00000,0.00000,0.00000,0.00000,,,,,,,,,,,,,0
2008345,Загрузка ручная,,MN,,,m.a.simonov,,,2026-03-22 15:41:00,2026-03-22 15:41:00,,,,,,,,,,,N,,SHIPPING_DOC,EKS000017433,,,,,,,,2026-03-22 15:41:00,,,N,,0.00000,0.00000,0.00000,0.00000,,,,,,,,,,,,,0
2009563,Загрузка ручная,,MN,,,user2349,,,2026-03-23 12:33:26,2026-03-23 12:33:26,,,,,,,,,,,N,,SHIPPING_DOC,EKS000017685,,,,,,,,2026-03-23 12:33:26,,,N,,0.00000,0.00000,0.00000,0.00000,,,,,,,,,,,,,0
2009564,Загрузка ручная,,MN,,,user2349,,,2026-03-23 12:33:26,2026-03-23 12:33:26,,,,,,,,,,,N,,SHIPPING_DOC,EKS000017925,,,,,,,,2026-03-23 12:33:26,,,N,,0.00000,0.00000,0.00000,0.00000,,,,,,,,,,,,,0
2009565,Разгрузка механизмами,,MN,,,USER1215,,,2026-03-23 12:45:13,2026-03-23 12:45:13,,,,,,,,,,,N,,RECEIPT_DOC,EKS000005748,,,,,,,,2026-03-23 12:45:13,,,N,,0.00000,0.00000,0.00000,0.00000,,,,,,,,,,,,,0
2009566,Разгрузка ручная,,MN,,,USER1313,,,2026-03-23 12:45:19,2026-03-23 12:45:19,,,,,,,,,,,N,,RECEIPT_DOC,EKS000005748,,,,,,,,2026-03-23 12:45:19,,,N,,0.00000,0.00000,0.00000,0.00000,,,,,,,,,,,,,0
2009567,Разгрузка ручная,,MN,,,USER1322,,,2026-03-23 12:45:23,2026-03-23 12:45:23,,,,,,,,,,,N,,RECEIPT_DOC,EKS000005748,,,,,,,,2026-03-23 12:45:23,,,N,,0.00000,0.00000,0.00000,0.00000,,,,,,,,,,,,,0
2009568,Разгрузка механизмами,,MN,,,R.SAGAIDAK,,,2026-03-23 13:05:11,2026-03-23 13:05:11,,,,,,,,,,,N,,RECEIPT_DOC,EKS000005753,,,,,,,,2026-03-23 13:05:11,,,N,,0.00000,0.00000,0.00000,0.00000,,,,,,,,,,,,,0
2009569,Разгрузка ручная,,MN,,,R.SAGAIDAK,,,2026-03-23 13:05:11,2026-03-23 13:05:11,,,,,,,,,,,N,,RECEIPT_DOC,EKS000005753,,,,,,,,2026-03-23 13:05:11,,,N,,0.00000,0.00000,0.00000,0.00000,,,,,,,,,,,,,0
2009570,Разгрузка механизмами,,MN,,,R.SAGAIDAK,,,2026-03-23 13:19:00,2026-03-23 13:19:00,,,,,,,,,,,N,,RECEIPT_DOC,EKS000005754,,,,,,,,2026-03-23 13:19:00,,,N,,0.00000,0.00000,0.00000,0.00000,,,,,,,,,,,,,0
2009571,Разгрузка ручная,,MN,,,R.SAGAIDAK,,,2026-03-23 13:19:00,2026-03-23 13:19:00,,,,,,,,,,,N,,RECEIPT_DOC,EKS000005754,,,,,,,,2026-03-23 13:19:00,,,N,,0.00000,0.00000,0.00000,0.00000,,,,,,,,,,,,,0
2009572,Загрузка механизмами,,MN,,,user2349,,,2026-03-23 13:32:47,2026-03-23 13:32:47,,,,,,,,,,,N,,SHIPPING_DOC,EKS000017954,,,,,,,,2026-03-23 13:32:47,,,N,,0.00000,0.00000,0.00000,0.00000,,,,,,,,,,,,,0
2009573,Загрузка механизмами,,MN,,,user2349,,,2026-03-23 13:32:47,2026-03-23 13:32:47,,,,,,,,,,,N,,SHIPPING_DOC,EKS000017953,,,,,,,,2026-03-23 13:32:47,,,N,,0.00000,0.00000,0.00000,0.00000,,,,,,,,,,,,,0
2009574,Загрузка ручная,,MN,,,user2349,,,2026-03-23 13:32:47,2026-03-23 13:32:47,,,,,,,,,,,N,,SHIPPING_DOC,EKS000017954,,,,,,,,2026-03-23 13:32:47,,,N,,0.00000,0.00000,0.00000,0.00000,,,,,,,,,,,,,0
2009575,Загрузка ручная,,MN,,,user2349,,,2026-03-23 13:32:47,2026-03-23 13:32:47,,,,,,,,,,,N,,SHIPPING_DOC,EKS000017953,,,,,,,,2026-03-23 13:32:47,,,N,,0.00000,0.00000,0.00000,0.00000,,,,,,,,,,,,,0
2009576,Разгрузка механизмами,,MN,,,user3125,,,2026-03-23 13:34:11,2026-03-23 13:34:11,,,,,,,,,,,N,,RECEIPT_DOC,EKS000005755,,,,,,,,2026-03-23 13:34:11,,,N,,0.00000,0.00000,0.00000,0.00000,,,,,,,,,,,,,0
2009577,Разгрузка ручная,,MN,,,user3125,,,2026-03-23 13:34:11,2026-03-23 13:34:11,,,,,,,,,,,N,,RECEIPT_DOC,EKS000005755,,,,,,,,2026-03-23 13:34:11,,,N,,0.00000,0.00000,0.00000,0.00000,,,,,,,,,,,,,0
2009578,Разгрузка механизмами,,MN,,,user3125,,,2026-03-23 13:34:14,2026-03-23 13:34:14,,,,,,,,,,,N,,RECEIPT_DOC,EKS000005756,,,,,,,,2026-03-23 13:34:14,,,N,,0.00000,0.00000,0.00000,0.00000,,,,,,,,,,,,,0
2009579,Разгрузка ручная,,MN,,,user3125,,,2026-03-23 13:34:14,2026-03-23 13:34:14,,,,,,,,,,,N,,RECEIPT_DOC,EKS000005756,,,,,,,,2026-03-23 13:34:14,,,N,,0.00000,0.00000,0.00000,0.00000,,,,,,,,,,,,,0
2009580,Разгрузка механизмами,,MN,,,user3125,,,2026-03-23 13:34:18,2026-03-23 13:34:18,,,,,,,,,,,N,,RECEIPT_DOC,EKS000005757,,,,,,,,2026-03-23 13:34:18,,,N,,0.00000,0.00000,0.00000,0.00000,,,,,,,,,,,,,0
2009581,Разгрузка ручная,,MN,,,user3125,,,2026-03-23 13:34:18,2026-03-23 13:34:18,,,,,,,,,,,N,,RECEIPT_DOC,EKS000005757,,,,,,,,2026-03-23 13:34:18,,,N,,0.00000,0.00000,0.00000,0.00000,,,,,,,,,,,,,0
2009582,Разгрузка механизмами,,MN,,,user3125,,,2026-03-23 13:49:27,2026-03-23 13:49:27,,,,,,,,,,,N,,RECEIPT_DOC,EKS000005759,,,,,,,,2026-03-23 13:49:27,,,N,,0.00000,0.00000,0.00000,0.00000,,,,,,,,,,,,,0
2009583,Разгрузка ручная,,MN,,,user3125,,,2026-03-23 13:49:27,2026-03-23 13:49:27,,,,,,,,,,,N,,RECEIPT_DOC,EKS000005759,,,,,,,,2026-03-23 13:49:27,,,N,,0.00000,0.00000,0.00000,0.00000,,,,,,,,,,,,,0
2009584,Разгрузка механизмами,,MN,,,user3125,,,2026-03-23 13:50:18,2026-03-23 13:50:18,,,,,,,,,,,N,,RECEIPT_DOC,EKS000005760,,,,,,,,2026-03-23 13:50:18,,,N,,0.00000,0.00000,0.00000,0.00000,,,,,,,,,,,,,0
2009585,Разгрузка механизмами,,MN,,,user3125,,,2026-03-23 13:50:24,2026-03-23 13:50:24,,,,,,,,,,,N,,RECEIPT_DOC,EKS000005761,,,,,,,,2026-03-23 13:50:24,,,N,,0.00000,0.00000,0.00000,0.00000,,,,,,,,,,,,,0
2009586,Разгрузка ручная,,MN,,,user2361,,,2026-03-23 13:50:38,2026-03-23 13:50:38,,,,,,,,,,,N,,RECEIPT_DOC,EKS000005761,,,,,,,,2026-03-23 13:50:38,,,N,,0.00000,0.00000,0.00000,0.00000,,,,,,,,,,,,,0
2009587,Разгрузка ручная,,MN,,,user2361,,,2026-03-23 13:50:43,2026-03-23 13:50:43,,,,,,,,,,,N,,RECEIPT_DOC,EKS000005760,,,,,,,,2026-03-23 13:50:43,,,N,,0.00000,0.00000,0.00000,0.00000,,,,,,,,,,,,,0
2009588,Загрузка механизмами,,MN,,,user2349,,,2026-03-23 13:50:46,2026-03-23 13:50:46,,,,,,,,,,,N,,SHIPPING_DOC,EKS000017320,,,,,,,,2026-03-23 13:50:46,,,N,,0.00000,0.00000,0.00000,0.00000,,,,,,,,,,,,,0
2008986,Загрузка ручная,,MN,,,user2249,,,2026-03-23 07:06:17,2026-03-23 07:06:17,,,,,,,,,,,N,,SHIPPING_DOC,EKS000017587,,,,,,,,2026-03-23 07:06:17,,,N,,0.00000,0.00000,0.00000,0.00000,,,,,,,,,,,,,0
2008987,Загрузка ручная,,MN,,,user2249,,,2026-03-23 07:06:17,2026-03-23 07:06:17,,,,,,,,,,,N,,SHIPPING_DOC,EKS000017596,,,,,,,,2026-03-23 07:06:17,,,N,,0.00000,0.00000,0.00000,0.00000,,,,,,,,,,,,,0
2008988,Загрузка ручная,,MN,,,user2249,,,2026-03-23 07:06:17,2026-03-23 07:06:17,,,,,,,,,,,N,,SHIPPING_DOC,EKS000017597,,,,,,,,2026-03-23 07:06:17,,,N,,0.00000,0.00000,0.00000,0.00000,,,,,,,,,,,,,0
2008989,Загрузка ручная,,MN,,,user2249,,,2026-03-23 07:06:17,2026-03-23 07:06:17,,,,,,,,,,,N,,SHIPPING_DOC,EKS000017666,,,,,,,,2026-03-23 07:06:17,,,N,,0.00000,0.00000,0.00000,0.00000,,,,,,,,,,,,,0
2008990,Загрузка ручная,,MN,,,user2249,,,2026-03-23 07:06:17,2026-03-23 07:06:17,,,,,,,,,,,N,,SHIPPING_DOC,EKS000017677,,,,,,,,2026-03-23 07:06:17,,,N,,0.00000,0.00000,0.00000,0.00000,,,,,,,,,,,,,0
2008991,Загрузка ручная,,MN,,,user2249,,,2026-03-23 07:06:17,2026-03-23 07:06:17,,,,,,,,,,,N,,SHIPPING_DOC,EKS000017793,,,,,,,,2026-03-23 07:06:17,,,N,,0.00000,0.00000,0.00000,0.00000,,,,,,,,,,,,,0
2008992,Загрузка ручная,,MN,,,user2249,,,2026-03-23 07:06:17,2026-03-23 07:06:17,,,,,,,,,,,N,,SHIPPING_DOC,EKS000017794,,,,,,,,2026-03-23 07:06:17,,,N,,0.00000,0.00000,0.00000,0.00000,,,,,,,,,,,,,0
2008993,Загрузка ручная,,MN,,,user2249,,,2026-03-23 07:06:17,2026-03-23 07:06:17,,,,,,,,,,,N,,SHIPPING_DOC,EKS000017859,,,,,,,,2026-03-23 07:06:17,,,N,,0.00000,0.00000,0.00000,0.00000,,,,,,,,,,,,,0
2008994,Загрузка ручная,,MN,,,user2249,,,2026-03-23 07:06:17,2026-03-23 07:06:17,,,,,,,,,,,N,,SHIPPING_DOC,EKS000017873,,,,,,,,2026-03-23 07:06:17,,,N,,0.00000,0.00000,0.00000,0.00000,,,,,,,,,,,,,0
2008995,Загрузка механизмами,,MN,,,user2249,,,2026-03-23 07:06:32,2026-03-23 07:06:32,,,,,,,,,,,N,,SHIPPING_DOC,EKS000017469,,,,,,,,2026-03-23 07:06:32,,,N,,0.00000,0.00000,0.00000,0.00000,,,,,,,,,,,,,0
2008996,Загрузка механизмами,,MN,,,user2249,,,2026-03-23 07:06:32,2026-03-23 07:06:32,,,,,,,,,,,N,,SHIPPING_DOC,EKS000017493,,,,,,,,2026-03-23 07:06:32,,,N,,0.00000,0.00000,0.00000,0.00000,,,,,,,,,,,,,0
2008997,Загрузка механизмами,,MN,,,user2249,,,2026-03-23 07:06:32,2026-03-23 07:06:32,,,,,,,,,,,N,,SHIPPING_DOC,EKS000017494,,,,,,,,2026-03-23 07:06:32,,,N,,0.00000,0.00000,0.00000,0.00000,,,,,,,,,,,,,0
2008998,Загрузка механизмами,,MN,,,user2249,,,2026-03-23 07:06:32,2026-03-23 07:06:32,,,,,,,,,,,N,,SHIPPING_DOC,EKS000017544,,,,,,,,2026-03-23 07:06:32,,,N,,0.00000,0.00000,0.00000,0.00000,,,,,,,,,,,,,0
2008999,Загрузка механизмами,,MN,,,user2249,,,2026-03-23 07:06:32,2026-03-23 07:06:32,,,,,,,,,,,N,,SHIPPING_DOC,EKS000017577,,,,,,,,2026-03-23 07:06:32,,,N,,0.00000,0.00000,0.00000,0.00000,,,,,,,,,,,,,0
2009000,Загрузка механизмами,,MN,,,user2249,,,2026-03-23 07:06:32,2026-03-23 07:06:32,,,,,,,,,,,N,,SHIPPING_DOC,EKS000017589,,,,,,,,2026-03-23 07:06:32,,,N,,0.00000,0.00000,0.00000,0.00000,,,,,,,,,,,,,0
2009001,Загрузка механизмами,,MN,,,user2249,,,2026-03-23 07:06:32,2026-03-23 07:06:32,,,,,,,,,,,N,,SHIPPING_DOC,EKS000017680,,,,,,,,2026-03-23 07:06:32,,,N,,0.00000,0.00000,0.00000,0.00000,,,,,,,,,,,,,0
2009002,Загрузка механизмами,,MN,,,user2249,,,2026-03-23 07:06:32,2026-03-23 07:06:32,,,,,,,,,,,N,,SHIPPING_DOC,EKS000017785,,,,,,,,2026-03-23 07:06:32,,,N,,0.00000,0.00000,0.00000,0.00000,,,,,,,,,,,,,0
2009003,Загрузка механизмами,,MN,,,user2249,,,2026-03-23 07:06:32,2026-03-23 07:06:32,,,,,,,,,,,N,,SHIPPING_DOC,EKS000017786,,,,,,,,2026-03-23 07:06:32,,,N,,0.00000,0.00000,0.00000,0.00000,,,,,,,,,,,,,0
2009004,Загрузка механизмами,,MN,,,user2249,,,2026-03-23 07:06:32,2026-03-23 07:06:32,,,,,,,,,,,N,,SHIPPING_DOC,EKS000017829,,,,,,,,2026-03-23 07:06:32,,,N,,0.00000,0.00000,0.00000,0.00000,,,,,,,,,,,,,0
2009005,Загрузка механизмами,,MN,,,user2249,,,2026-03-23 07:06:32,2026-03-23 07:06:32,,,,,,,,,,,N,,SHIPPING_DOC,EKS000017830,,,,,,,,2026-03-23 07:06:32,,,N,,0.00000,0.00000,0.00000,0.00000,,,,,,,,,,,,,0
2009006,Загрузка механизмами,,MN,,,user2249,,,2026-03-23 07:06:32,2026-03-23 07:06:32,,,,,,,,,,,N,,SHIPPING_DOC,EKS000017832,,,,,,,,2026-03-23 07:06:32,,,N,,0.00000,0.00000,0.00000,0.00000,,,,,,,,,,,,,0
2009007,Загрузка механизмами,,MN,,,user2249,,,2026-03-23 07:06:32,2026-03-23 07:06:32,,,,,,,,,,,N,,SHIPPING_DOC,EKS000017850,,,,,,,,2026-03-23 07:06:32,,,N,,0.00000,0.00000,0.00000,0.00000,,,,,,,,,,,,,0
2009008,Загрузка механизмами,,MN,,,user2249,,,2026-03-23 07:06:32,2026-03-23 07:06:32,,,,,,,,,,,N,,SHIPPING_DOC,EKS000017860,,,,,,,,2026-03-23 07:06:32,,,N,,0.00000,0.00000,0.00000,0.00000,,,,,,,,,,,,,0
2009009,Загрузка ручная,,MN,,,user2249,,,2026-03-23 07:06:32,2026-03-23 07:06:32,,,,,,,,,,,N,,SHIPPING_DOC,EKS000017469,,,,,,,,2026-03-23 07:06:32,,,N,,0.00000,0.00000,0.00000,0.00000,,,,,,,,,,,,,0
2009010,Загрузка ручная,,MN,,,user2249,,,2026-03-23 07:06:32,2026-03-23 07:06:32,,,,,,,,,,,N,,SHIPPING_DOC,EKS000017493,,,,,,,,2026-03-23 07:06:32,,,N,,0.00000,0.00000,0.00000,0.00000,,,,,,,,,,,,,0
2009011,Загрузка ручная,,MN,,,user2249,,,2026-03-23 07:06:32,2026-03-23 07:06:32,,,,,,,,,,,N,,SHIPPING_DOC,EKS000017494,,,,,,,,2026-03-23 07:06:32,,,N,,0.00000,0.00000,0.00000,0.00000,,,,,,,,,,,,,0
2008346,Загрузка ручная,,MN,,,m.a.simonov,,,2026-03-22 15:41:00,2026-03-22 15:41:00,,,,,,,,,,,N,,SHIPPING_DOC,EKS000017434,,,,,,,,2026-03-22 15:41:00,,,N,,0.00000,0.00000,0.00000,0.00000,,,,,,,,,,,,,0
2008347,Загрузка ручная,,MN,,,m.a.simonov,,,2026-03-22 15:41:00,2026-03-22 15:41:00,,,,,,,,,,,N,,SHIPPING_DOC,EKS000017456,,,,,,,,2026-03-22 15:41:00,,,N,,0.00000,0.00000,0.00000,0.00000,,,,,,,,,,,,,0
2008348,Загрузка ручная,,MN,,,m.a.simonov,,,2026-03-22 15:41:00,2026-03-22 15:41:00,,,,,,,,,,,N,,SHIPPING_DOC,EKS000017471,,,,,,,,2026-03-22 15:41:00,,,N,,0.00000,0.00000,0.00000,0.00000,,,,,,,,,,,,,0
2008349,Загрузка ручная,,MN,,,m.a.simonov,,,2026-03-22 15:41:00,2026-03-22 15:41:00,,,,,,,,,,,N,,SHIPPING_DOC,EKS000017487,,,,,,,,2026-03-22 15:41:00,,,N,,0.00000,0.00000,0.00000,0.00000,,,,,,,,,,,,,0
2008350,Загрузка ручная,,MN,,,m.a.simonov,,,2026-03-22 15:41:00,2026-03-22 15:41:00,,,,,,,,,,,N,,SHIPPING_DOC,EKS000017590,,,,,,,,2026-03-22 15:41:00,,,N,,0.00000,0.00000,0.00000,0.00000,,,,,,,,,,,,,0
2008351,Загрузка ручная,,MN,,,m.a.simonov,,,2026-03-22 15:41:00,2026-03-22 15:41:00,,,,,,,,,,,N,,SHIPPING_DOC,EKS000017671,,,,,,,,2026-03-22 15:41:00,,,N,,0.00000,0.00000,0.00000,0.00000,,,,,,,,,,,,,0
2008352,Загрузка ручная,,MN,,,m.a.simonov,,,2026-03-22 15:41:00,2026-03-22 15:41:00,,,,,,,,,,,N,,SHIPPING_DOC,EKS000017683,,,,,,,,2026-03-22 15:41:00,,,N,,0.00000,0.00000,0.00000,0.00000,,,,,,,,,,,,,0
2008353,Загрузка ручная,,MN,,,m.a.simonov,,,2026-03-22 15:41:00,2026-03-22 15:41:00,,,,,,,,,,,N,,SHIPPING_DOC,EKS000017718,,,,,,,,2026-03-22 15:41:00,,,N,,0.00000,0.00000,0.00000,0.00000,,,,,,,,,,,,,0
2008354,Загрузка ручная,,MN,,,m.a.simonov,,,2026-03-22 15:41:00,2026-03-22 15:41:00,,,,,,,,,,,N,,SHIPPING_DOC,EKS000017719,,,,,,,,2026-03-22 15:41:00,,,N,,0.00000,0.00000,0.00000,0.00000,,,,,,,,,,,,,0
2008355,Загрузка ручная,,MN,,,m.a.simonov,,,2026-03-22 15:41:00,2026-03-22 15:41:00,,,,,,,,,,,N,,SHIPPING_DOC,EKS000017720,,,,,,,,2026-03-22 15:41:00,,,N,,0.00000,0.00000,0.00000,0.00000,,,,,,,,,,,,,0
2008356,Загрузка ручная,,MN,,,m.a.simonov,,,2026-03-22 15:41:00,2026-03-22 15:41:00,,,,,,,,,,,N,,SHIPPING_DOC,EKS000017721,,,,,,,,2026-03-22 15:41:00,,,N,,0.00000,0.00000,0.00000,0.00000,,,,,,,,,,,,,0
2008357,Загрузка ручная,,MN,,,m.a.simonov,,,2026-03-22 15:41:00,2026-03-22 15:41:00,,,,,,,,,,,N,,SHIPPING_DOC,EKS000017722,,,,,,,,2026-03-22 15:41:00,,,N,,0.00000,0.00000,0.00000,0.00000,,,,,,,,,,,,,0
2008358,Загрузка ручная,,MN,,,m.a.simonov,,,2026-03-22 15:41:00,2026-03-22 15:41:00,,,,,,,,,,,N,,SHIPPING_DOC,EKS000017725,,,,,,,,2026-03-22 15:41:00,,,N,,0.00000,0.00000,0.00000,0.00000,,,,,,,,,,,,,0
2009589,Загрузка ручная,,MN,,,user2349,,,2026-03-23 13:50:46,2026-03-23 13:50:46,,,,,,,,,,,N,,SHIPPING_DOC,EKS000017320,,,,,,,,2026-03-23 13:50:46,,,N,,0.00000,0.00000,0.00000,0.00000,,,,,,,,,,,,,0
2009590,Разгрузка ручная,,MN,,,user2361,,,2026-03-23 13:50:47,2026-03-23 13:50:47,,,,,,,,,,,N,,RECEIPT_DOC,EKS000005759,,,,,,,,2026-03-23 13:50:47,,,N,,0.00000,0.00000,0.00000,0.00000,,,,,,,,,,,,,0
2009591,Загрузка механизмами,,MN,,,user2349,,,2026-03-23 14:03:54,2026-03-23 14:03:54,,,,,,,,,,,N,,SHIPPING_DOC,EKS000017063,,,,,,,,2026-03-23 14:03:54,,,N,,0.00000,0.00000,0.00000,0.00000,,,,,,,,,,,,,0
2009592,Загрузка механизмами,,MN,,,user2349,,,2026-03-23 14:03:54,2026-03-23 14:03:54,,,,,,,,,,,N,,SHIPPING_DOC,EKS000017674,,,,,,,,2026-03-23 14:03:54,,,N,,0.00000,0.00000,0.00000,0.00000,,,,,,,,,,,,,0
2009593,Загрузка ручная,,MN,,,user2349,,,2026-03-23 14:03:54,2026-03-23 14:03:54,,,,,,,,,,,N,,SHIPPING_DOC,EKS000017063,,,,,,,,2026-03-23 14:03:54,,,N,,0.00000,0.00000,0.00000,0.00000,,,,,,,,,,,,,0
2009594,Загрузка ручная,,MN,,,user2349,,,2026-03-23 14:03:54,2026-03-23 14:03:54,,,,,,,,,,,N,,SHIPPING_DOC,EKS000017674,,,,,,,,2026-03-23 14:03:54,,,N,,0.00000,0.00000,0.00000,0.00000,,,,,,,,,,,,,0
2009595,Загрузка механизмами,,MN,,,user2349,,,2026-03-23 14:19:04,2026-03-23 14:19:04,,,,,,,,,,,N,,SHIPPING_DOC,EKS000017410,,,,,,,,2026-03-23 14:19:04,,,N,,0.00000,0.00000,0.00000,0.00000,,,,,,,,,,,,,0
2009596,Загрузка механизмами,,MN,,,user2349,,,2026-03-23 14:19:04,2026-03-23 14:19:04,,,,,,,,,,,N,,SHIPPING_DOC,EKS000017810,,,,,,,,2026-03-23 14:19:04,,,N,,0.00000,0.00000,0.00000,0.00000,,,,,,,,,,,,,0
2009597,Загрузка механизмами,,MN,,,user2349,,,2026-03-23 14:19:04,2026-03-23 14:19:04,,,,,,,,,,,N,,SHIPPING_DOC,EKS000017811,,,,,,,,2026-03-23 14:19:04,,,N,,0.00000,0.00000,0.00000,0.00000,,,,,,,,,,,,,0
2009598,Загрузка механизмами,,MN,,,user2349,,,2026-03-23 14:19:04,2026-03-23 14:19:04,,,,,,,,,,,N,,SHIPPING_DOC,EKS000017411,,,,,,,,2026-03-23 14:19:04,,,N,,0.00000,0.00000,0.00000,0.00000,,,,,,,,,,,,,0
2009599,Загрузка механизмами,,MN,,,user2349,,,2026-03-23 14:19:04,2026-03-23 14:19:04,,,,,,,,,,,N,,SHIPPING_DOC,EKS000017893,,,,,,,,2026-03-23 14:19:04,,,N,,0.00000,0.00000,0.00000,0.00000,,,,,,,,,,,,,0
2009600,Загрузка механизмами,,MN,,,user2349,,,2026-03-23 14:19:04,2026-03-23 14:19:04,,,,,,,,,,,N,,SHIPPING_DOC,EKS000017936,,,,,,,,2026-03-23 14:19:04,,,N,,0.00000,0.00000,0.00000,0.00000,,,,,,,,,,,,,0
2009601,Загрузка ручная,,MN,,,user2349,,,2026-03-23 14:19:04,2026-03-23 14:19:04,,,,,,,,,,,N,,SHIPPING_DOC,EKS000017410,,,,,,,,2026-03-23 14:19:04,,,N,,0.00000,0.00000,0.00000,0.00000,,,,,,,,,,,,,0
2009012,Загрузка ручная,,MN,,,user2249,,,2026-03-23 07:06:32,2026-03-23 07:06:32,,,,,,,,,,,N,,SHIPPING_DOC,EKS000017544,,,,,,,,2026-03-23 07:06:32,,,N,,0.00000,0.00000,0.00000,0.00000,,,,,,,,,,,,,0
2009013,Загрузка ручная,,MN,,,user2249,,,2026-03-23 07:06:32,2026-03-23 07:06:32,,,,,,,,,,,N,,SHIPPING_DOC,EKS000017577,,,,,,,,2026-03-23 07:06:32,,,N,,0.00000,0.00000,0.00000,0.00000,,,,,,,,,,,,,0
2009014,Загрузка ручная,,MN,,,user2249,,,2026-03-23 07:06:32,2026-03-23 07:06:32,,,,,,,,,,,N,,SHIPPING_DOC,EKS000017589,,,,,,,,2026-03-23 07:06:32,,,N,,0.00000,0.00000,0.00000,0.00000,,,,,,,,,,,,,0
2009015,Загрузка ручная,,MN,,,user2249,,,2026-03-23 07:06:32,2026-03-23 07:06:32,,,,,,,,,,,N,,SHIPPING_DOC,EKS000017680,,,,,,,,2026-03-23 07:06:32,,,N,,0.00000,0.00000,0.00000,0.00000,,,,,,,,,,,,,0
2009016,Загрузка ручная,,MN,,,user2249,,,2026-03-23 07:06:32,2026-03-23 07:06:32,,,,,,,,,,,N,,SHIPPING_DOC,EKS000017785,,,,,,,,2026-03-23 07:06:32,,,N,,0.00000,0.00000,0.00000,0.00000,,,,,,,,,,,,,0
2009017,Загрузка ручная,,MN,,,user2249,,,2026-03-23 07:06:32,2026-03-23 07:06:32,,,,,,,,,,,N,,SHIPPING_DOC,EKS000017786,,,,,,,,2026-03-23 07:06:32,,,N,,0.00000,0.00000,0.00000,0.00000,,,,,,,,,,,,,0
2009018,Загрузка ручная,,MN,,,user2249,,,2026-03-23 07:06:32,2026-03-23 07:06:32,,,,,,,,,,,N,,SHIPPING_DOC,EKS000017829,,,,,,,,2026-03-23 07:06:32,,,N,,0.00000,0.00000,0.00000,0.00000,,,,,,,,,,,,,0
2009019,Загрузка ручная,,MN,,,user2249,,,2026-03-23 07:06:32,2026-03-23 07:06:32,,,,,,,,,,,N,,SHIPPING_DOC,EKS000017830,,,,,,,,2026-03-23 07:06:32,,,N,,0.00000,0.00000,0.00000,0.00000,,,,,,,,,,,,,0
2009020,Загрузка ручная,,MN,,,user2249,,,2026-03-23 07:06:32,2026-03-23 07:06:32,,,,,,,,,,,N,,SHIPPING_DOC,EKS000017832,,,,,,,,2026-03-23 07:06:32,,,N,,0.00000,0.00000,0.00000,0.00000,,,,,,,,,,,,,0
2009021,Загрузка ручная,,MN,,,user2249,,,2026-03-23 07:06:32,2026-03-23 07:06:32,,,,,,,,,,,N,,SHIPPING_DOC,EKS000017850,,,,,,,,2026-03-23 07:06:32,,,N,,0.00000,0.00000,0.00000,0.00000,,,,,,,,,,,,,0
2009022,Загрузка ручная,,MN,,,user2249,,,2026-03-23 07:06:32,2026-03-23 07:06:32,,,,,,,,,,,N,,SHIPPING_DOC,EKS000017860,,,,,,,,2026-03-23 07:06:32,,,N,,0.00000,0.00000,0.00000,0.00000,,,,,,,,,,,,,0
2009023,Загрузка механизмами,,MN,,,user2249,,,2026-03-23 07:06:46,2026-03-23 07:06:46,,,,,,,,,,,N,,SHIPPING_DOC,EKS000017460,,,,,,,,2026-03-23 07:06:46,,,N,,0.00000,0.00000,0.00000,0.00000,,,,,,,,,,,,,0
2009024,Загрузка механизмами,,MN,,,user2249,,,2026-03-23 07:06:46,2026-03-23 07:06:46,,,,,,,,,,,N,,SHIPPING_DOC,EKS000017650,,,,,,,,2026-03-23 07:06:46,,,N,,0.00000,0.00000,0.00000,0.00000,,,,,,,,,,,,,0
2009025,Загрузка механизмами,,MN,,,user2249,,,2026-03-23 07:06:46,2026-03-23 07:06:46,,,,,,,,,,,N,,SHIPPING_DOC,EKS000017755,,,,,,,,2026-03-23 07:06:46,,,N,,0.00000,0.00000,0.00000,0.00000,,,,,,,,,,,,,0
2009026,Загрузка механизмами,,MN,,,user2249,,,2026-03-23 07:06:46,2026-03-23 07:06:46,,,,,,,,,,,N,,SHIPPING_DOC,EKS000017789,,,,,,,,2026-03-23 07:06:46,,,N,,0.00000,0.00000,0.00000,0.00000,,,,,,,,,,,,,0
2009027,Загрузка механизмами,,MN,,,user2249,,,2026-03-23 07:06:46,2026-03-23 07:06:46,,,,,,,,,,,N,,SHIPPING_DOC,EKS000017790,,,,,,,,2026-03-23 07:06:46,,,N,,0.00000,0.00000,0.00000,0.00000,,,,,,,,,,,,,0
2009028,Загрузка механизмами,,MN,,,user2249,,,2026-03-23 07:06:46,2026-03-23 07:06:46,,,,,,,,,,,N,,SHIPPING_DOC,EKS000017836,,,,,,,,2026-03-23 07:06:46,,,N,,0.00000,0.00000,0.00000,0.00000,,,,,,,,,,,,,0
2009029,Загрузка механизмами,,MN,,,user2249,,,2026-03-23 07:06:46,2026-03-23 07:06:46,,,,,,,,,,,N,,SHIPPING_DOC,EKS000017849,,,,,,,,2026-03-23 07:06:46,,,N,,0.00000,0.00000,0.00000,0.00000,,,,,,,,,,,,,0
2009030,Загрузка механизмами,,MN,,,user2249,,,2026-03-23 07:06:46,2026-03-23 07:06:46,,,,,,,,,,,N,,SHIPPING_DOC,EKS000017868,,,,,,,,2026-03-23 07:06:46,,,N,,0.00000,0.00000,0.00000,0.00000,,,,,,,,,,,,,0
2009031,Загрузка ручная,,MN,,,user2249,,,2026-03-23 07:06:46,2026-03-23 07:06:46,,,,,,,,,,,N,,SHIPPING_DOC,EKS000017460,,,,,,,,2026-03-23 07:06:46,,,N,,0.00000,0.00000,0.00000,0.00000,,,,,,,,,,,,,0
2009032,Загрузка ручная,,MN,,,user2249,,,2026-03-23 07:06:46,2026-03-23 07:06:46,,,,,,,,,,,N,,SHIPPING_DOC,EKS000017650,,,,,,,,2026-03-23 07:06:46,,,N,,0.00000,0.00000,0.00000,0.00000,,,,,,,,,,,,,0
2009033,Загрузка ручная,,MN,,,user2249,,,2026-03-23 07:06:46,2026-03-23 07:06:46,,,,,,,,,,,N,,SHIPPING_DOC,EKS000017755,,,,,,,,2026-03-23 07:06:46,,,N,,0.00000,0.00000,0.00000,0.00000,,,,,,,,,,,,,0
2009034,Загрузка ручная,,MN,,,user2249,,,2026-03-23 07:06:46,2026-03-23 07:06:46,,,,,,,,,,,N,,SHIPPING_DOC,EKS000017789,,,,,,,,2026-03-23 07:06:46,,,N,,0.00000,0.00000,0.00000,0.00000,,,,,,,,,,,,,0
2009035,Загрузка ручная,,MN,,,user2249,,,2026-03-23 07:06:46,2026-03-23 07:06:46,,,,,,,,,,,N,,SHIPPING_DOC,EKS000017790,,,,,,,,2026-03-23 07:06:46,,,N,,0.00000,0.00000,0.00000,0.00000,,,,,,,,,,,,,0
2009036,Загрузка ручная,,MN,,,user2249,,,2026-03-23 07:06:46,2026-03-23 07:06:46,,,,,,,,,,,N,,SHIPPING_DOC,EKS000017836,,,,,,,,2026-03-23 07:06:46,,,N,,0.00000,0.00000,0.00000,0.00000,,,,,,,,,,,,,0
2009037,Загрузка ручная,,MN,,,user2249,,,2026-03-23 07:06:46,2026-03-23 07:06:46,,,,,,,,,,,N,,SHIPPING_DOC,EKS000017849,,,,,,,,2026-03-23 07:06:46,,,N,,0.00000,0.00000,0.00000,0.00000,,,,,,,,,,,,,0
2009038,Загрузка ручная,,MN,,,user2249,,,2026-03-23 07:06:46,2026-03-23 07:06:46,,,,,,,,,,,N,,SHIPPING_DOC,EKS000017868,,,,,,,,2026-03-23 07:06:46,,,N,,0.00000,0.00000,0.00000,0.00000,,,,,,,,,,,,,0
2009039,Загрузка механизмами,,MN,,,user2334,,,2026-03-23 07:07:08,2026-03-23 07:07:08,,,,,,,,,,,N,,SHIPPING_DOC,EKS000017469,,,,,,,,2026-03-23 07:07:08,,,N,,0.00000,0.00000,0.00000,0.00000,,,,,,,,,,,,,0
2009040,Загрузка механизмами,,MN,,,user2334,,,2026-03-23 07:07:08,2026-03-23 07:07:08,,,,,,,,,,,N,,SHIPPING_DOC,EKS000017493,,,,,,,,2026-03-23 07:07:08,,,N,,0.00000,0.00000,0.00000,0.00000,,,,,,,,,,,,,0
2009041,Загрузка механизмами,,MN,,,user2334,,,2026-03-23 07:07:08,2026-03-23 07:07:08,,,,,,,,,,,N,,SHIPPING_DOC,EKS000017494,,,,,,,,2026-03-23 07:07:08,,,N,,0.00000,0.00000,0.00000,0.00000,,,,,,,,,,,,,0
2009042,Загрузка механизмами,,MN,,,user2334,,,2026-03-23 07:07:08,2026-03-23 07:07:08,,,,,,,,,,,N,,SHIPPING_DOC,EKS000017544,,,,,,,,2026-03-23 07:07:08,,,N,,0.00000,0.00000,0.00000,0.00000,,,,,,,,,,,,,0
2009043,Загрузка механизмами,,MN,,,user2334,,,2026-03-23 07:07:08,2026-03-23 07:07:08,,,,,,,,,,,N,,SHIPPING_DOC,EKS000017577,,,,,,,,2026-03-23 07:07:08,,,N,,0.00000,0.00000,0.00000,0.00000,,,,,,,,,,,,,0
2009044,Загрузка механизмами,,MN,,,user2334,,,2026-03-23 07:07:08,2026-03-23 07:07:08,,,,,,,,,,,N,,SHIPPING_DOC,EKS000017589,,,,,,,,2026-03-23 07:07:08,,,N,,0.00000,0.00000,0.00000,0.00000,,,,,,,,,,,,,0
2009045,Загрузка механизмами,,MN,,,user2334,,,2026-03-23 07:07:08,2026-03-23 07:07:08,,,,,,,,,,,N,,SHIPPING_DOC,EKS000017680,,,,,,,,2026-03-23 07:07:08,,,N,,0.00000,0.00000,0.00000,0.00000,,,,,,,,,,,,,0
2009046,Загрузка механизмами,,MN,,,user2334,,,2026-03-23 07:07:08,2026-03-23 07:07:08,,,,,,,,,,,N,,SHIPPING_DOC,EKS000017785,,,,,,,,2026-03-23 07:07:08,,,N,,0.00000,0.00000,0.00000,0.00000,,,,,,,,,,,,,0
2009047,Загрузка механизмами,,MN,,,user2334,,,2026-03-23 07:07:08,2026-03-23 07:07:08,,,,,,,,,,,N,,SHIPPING_DOC,EKS000017786,,,,,,,,2026-03-23 07:07:08,,,N,,0.00000,0.00000,0.00000,0.00000,,,,,,,,,,,,,0
2009048,Загрузка механизмами,,MN,,,user2334,,,2026-03-23 07:07:08,2026-03-23 07:07:08,,,,,,,,,,,N,,SHIPPING_DOC,EKS000017829,,,,,,,,2026-03-23 07:07:08,,,N,,0.00000,0.00000,0.00000,0.00000,,,,,,,,,,,,,0
2009049,Загрузка механизмами,,MN,,,user2334,,,2026-03-23 07:07:08,2026-03-23 07:07:08,,,,,,,,,,,N,,SHIPPING_DOC,EKS000017830,,,,,,,,2026-03-23 07:07:08,,,N,,0.00000,0.00000,0.00000,0.00000,,,,,,,,,,,,,0
2009050,Загрузка механизмами,,MN,,,user2334,,,2026-03-23 07:07:08,2026-03-23 07:07:08,,,,,,,,,,,N,,SHIPPING_DOC,EKS000017832,,,,,,,,2026-03-23 07:07:08,,,N,,0.00000,0.00000,0.00000,0.00000,,,,,,,,,,,,,0
2008359,Загрузка ручная,,MN,,,m.a.simonov,,,2026-03-22 15:41:00,2026-03-22 15:41:00,,,,,,,,,,,N,,SHIPPING_DOC,EKS000017740,,,,,,,,2026-03-22 15:41:00,,,N,,0.00000,0.00000,0.00000,0.00000,,,,,,,,,,,,,0
2008360,Загрузка ручная,,MN,,,m.a.simonov,,,2026-03-22 15:41:00,2026-03-22 15:41:00,,,,,,,,,,,N,,SHIPPING_DOC,EKS000017748,,,,,,,,2026-03-22 15:41:00,,,N,,0.00000,0.00000,0.00000,0.00000,,,,,,,,,,,,,0
2008361,Загрузка ручная,,MN,,,m.a.simonov,,,2026-03-22 15:41:00,2026-03-22 15:41:00,,,,,,,,,,,N,,SHIPPING_DOC,EKS000017773,,,,,,,,2026-03-22 15:41:00,,,N,,0.00000,0.00000,0.00000,0.00000,,,,,,,,,,,,,0
2008362,Загрузка ручная,,MN,,,m.a.simonov,,,2026-03-22 15:41:00,2026-03-22 15:41:00,,,,,,,,,,,N,,SHIPPING_DOC,EKS000017807,,,,,,,,2026-03-22 15:41:00,,,N,,0.00000,0.00000,0.00000,0.00000,,,,,,,,,,,,,0
2008363,Загрузка ручная,,MN,,,m.a.simonov,,,2026-03-22 15:41:00,2026-03-22 15:41:00,,,,,,,,,,,N,,SHIPPING_DOC,EKS000017808,,,,,,,,2026-03-22 15:41:00,,,N,,0.00000,0.00000,0.00000,0.00000,,,,,,,,,,,,,0
2008364,Загрузка механизмами,,MN,,,USER1319,,,2026-03-22 15:41:56,2026-03-22 15:41:56,,,,,,,,,,,N,,SHIPPING_DOC,EKS000017419,,,,,,,,2026-03-22 15:41:56,,,N,,0.00000,0.00000,0.00000,0.00000,,,,,,,,,,,,,0
2008365,Загрузка механизмами,,MN,,,USER1319,,,2026-03-22 15:41:56,2026-03-22 15:41:56,,,,,,,,,,,N,,SHIPPING_DOC,EKS000017428,,,,,,,,2026-03-22 15:41:56,,,N,,0.00000,0.00000,0.00000,0.00000,,,,,,,,,,,,,0
2008366,Загрузка механизмами,,MN,,,USER1319,,,2026-03-22 15:41:56,2026-03-22 15:41:56,,,,,,,,,,,N,,SHIPPING_DOC,EKS000017429,,,,,,,,2026-03-22 15:41:56,,,N,,0.00000,0.00000,0.00000,0.00000,,,,,,,,,,,,,0
2008367,Загрузка механизмами,,MN,,,USER1319,,,2026-03-22 15:41:56,2026-03-22 15:41:56,,,,,,,,,,,N,,SHIPPING_DOC,EKS000017431,,,,,,,,2026-03-22 15:41:56,,,N,,0.00000,0.00000,0.00000,0.00000,,,,,,,,,,,,,0
2008368,Загрузка механизмами,,MN,,,USER1319,,,2026-03-22 15:41:56,2026-03-22 15:41:56,,,,,,,,,,,N,,SHIPPING_DOC,EKS000017432,,,,,,,,2026-03-22 15:41:56,,,N,,0.00000,0.00000,0.00000,0.00000,,,,,,,,,,,,,0
2008369,Загрузка механизмами,,MN,,,USER1319,,,2026-03-22 15:41:56,2026-03-22 15:41:56,,,,,,,,,,,N,,SHIPPING_DOC,EKS000017433,,,,,,,,2026-03-22 15:41:56,,,N,,0.00000,0.00000,0.00000,0.00000,,,,,,,,,,,,,0
2008370,Загрузка механизмами,,MN,,,USER1319,,,2026-03-22 15:41:56,2026-03-22 15:41:56,,,,,,,,,,,N,,SHIPPING_DOC,EKS000017434,,,,,,,,2026-03-22 15:41:56,,,N,,0.00000,0.00000,0.00000,0.00000,,,,,,,,,,,,,0
2008371,Загрузка механизмами,,MN,,,USER1319,,,2026-03-22 15:41:56,2026-03-22 15:41:56,,,,,,,,,,,N,,SHIPPING_DOC,EKS000017456,,,,,,,,2026-03-22 15:41:56,,,N,,0.00000,0.00000,0.00000,0.00000,,,,,,,,,,,,,0
2008372,Загрузка механизмами,,MN,,,USER1319,,,2026-03-22 15:41:56,2026-03-22 15:41:56,,,,,,,,,,,N,,SHIPPING_DOC,EKS000017471,,,,,,,,2026-03-22 15:41:56,,,N,,0.00000,0.00000,0.00000,0.00000,,,,,,,,,,,,,0
2008373,Загрузка механизмами,,MN,,,USER1319,,,2026-03-22 15:41:56,2026-03-22 15:41:56,,,,,,,,,,,N,,SHIPPING_DOC,EKS000017487,,,,,,,,2026-03-22 15:41:56,,,N,,0.00000,0.00000,0.00000,0.00000,,,,,,,,,,,,,0
2008374,Загрузка механизмами,,MN,,,USER1319,,,2026-03-22 15:41:56,2026-03-22 15:41:56,,,,,,,,,,,N,,SHIPPING_DOC,EKS000017590,,,,,,,,2026-03-22 15:41:56,,,N,,0.00000,0.00000,0.00000,0.00000,,,,,,,,,,,,,0
2008375,Загрузка механизмами,,MN,,,USER1319,,,2026-03-22 15:41:56,2026-03-22 15:41:56,,,,,,,,,,,N,,SHIPPING_DOC,EKS000017671,,,,,,,,2026-03-22 15:41:56,,,N,,0.00000,0.00000,0.00000,0.00000,,,,,,,,,,,,,0
2008376,Загрузка механизмами,,MN,,,USER1319,,,2026-03-22 15:41:56,2026-03-22 15:41:56,,,,,,,,,,,N,,SHIPPING_DOC,EKS000017683,,,,,,,,2026-03-22 15:41:56,,,N,,0.00000,0.00000,0.00000,0.00000,,,,,,,,,,,,,0
2008377,Загрузка механизмами,,MN,,,USER1319,,,2026-03-22 15:41:56,2026-03-22 15:41:56,,,,,,,,,,,N,,SHIPPING_DOC,EKS000017718,,,,,,,,2026-03-22 15:41:56,,,N,,0.00000,0.00000,0.00000,0.00000,,,,,,,,,,,,,0
2008378,Загрузка механизмами,,MN,,,USER1319,,,2026-03-22 15:41:56,2026-03-22 15:41:56,,,,,,,,,,,N,,SHIPPING_DOC,EKS000017719,,,,,,,,2026-03-22 15:41:56,,,N,,0.00000,0.00000,0.00000,0.00000,,,,,,,,,,,,,0
2008379,Загрузка механизмами,,MN,,,USER1319,,,2026-03-22 15:41:56,2026-03-22 15:41:56,,,,,,,,,,,N,,SHIPPING_DOC,EKS000017720,,,,,,,,2026-03-22 15:41:56,,,N,,0.00000,0.00000,0.00000,0.00000,,,,,,,,,,,,,0
2008380,Загрузка механизмами,,MN,,,USER1319,,,2026-03-22 15:41:56,2026-03-22 15:41:56,,,,,,,,,,,N,,SHIPPING_DOC,EKS000017721,,,,,,,,2026-03-22 15:41:56,,,N,,0.00000,0.00000,0.00000,0.00000,,,,,,,,,,,,,0
2008381,Загрузка механизмами,,MN,,,USER1319,,,2026-03-22 15:41:56,2026-03-22 15:41:56,,,,,,,,,,,N,,SHIPPING_DOC,EKS000017722,,,,,,,,2026-03-22 15:41:56,,,N,,0.00000,0.00000,0.00000,0.00000,,,,,,,,,,,,,0
2008382,Загрузка механизмами,,MN,,,USER1319,,,2026-03-22 15:41:56,2026-03-22 15:41:56,,,,,,,,,,,N,,SHIPPING_DOC,EKS000017725,,,,,,,,2026-03-22 15:41:56,,,N,,0.00000,0.00000,0.00000,0.00000,,,,,,,,,,,,,0
2008383,Загрузка механизмами,,MN,,,USER1319,,,2026-03-22 15:41:56,2026-03-22 15:41:56,,,,,,,,,,,N,,SHIPPING_DOC,EKS000017740,,,,,,,,2026-03-22 15:41:56,,,N,,0.00000,0.00000,0.00000,0.00000,,,,,,,,,,,,,0
2009602,Загрузка ручная,,MN,,,user2349,,,2026-03-23 14:19:04,2026-03-23 14:19:04,,,,,,,,,,,N,,SHIPPING_DOC,EKS000017810,,,,,,,,2026-03-23 14:19:04,,,N,,0.00000,0.00000,0.00000,0.00000,,,,,,,,,,,,,0
2009603,Загрузка ручная,,MN,,,user2349,,,2026-03-23 14:19:04,2026-03-23 14:19:04,,,,,,,,,,,N,,SHIPPING_DOC,EKS000017811,,,,,,,,2026-03-23 14:19:04,,,N,,0.00000,0.00000,0.00000,0.00000,,,,,,,,,,,,,0
2009604,Загрузка ручная,,MN,,,user2349,,,2026-03-23 14:19:04,2026-03-23 14:19:04,,,,,,,,,,,N,,SHIPPING_DOC,EKS000017411,,,,,,,,2026-03-23 14:19:04,,,N,,0.00000,0.00000,0.00000,0.00000,,,,,,,,,,,,,0
2009605,Загрузка ручная,,MN,,,user2349,,,2026-03-23 14:19:04,2026-03-23 14:19:04,,,,,,,,,,,N,,SHIPPING_DOC,EKS000017893,,,,,,,,2026-03-23 14:19:04,,,N,,0.00000,0.00000,0.00000,0.00000,,,,,,,,,,,,,0
2009606,Загрузка ручная,,MN,,,user2349,,,2026-03-23 14:19:04,2026-03-23 14:19:04,,,,,,,,,,,N,,SHIPPING_DOC,EKS000017936,,,,,,,,2026-03-23 14:19:04,,,N,,0.00000,0.00000,0.00000,0.00000,,,,,,,,,,,,,0
2009607,Загрузка механизмами,,MN,,,USER2358,,,2026-03-23 14:27:22,2026-03-23 14:27:22,,,,,,,,,,,N,,SHIPPING_DOC,EKS000017410,,,,,,,,2026-03-23 14:27:22,,,N,,0.00000,0.00000,0.00000,0.00000,,,,,,,,,,,,,0
2009608,Загрузка механизмами,,MN,,,USER2358,,,2026-03-23 14:27:22,2026-03-23 14:27:22,,,,,,,,,,,N,,SHIPPING_DOC,EKS000017411,,,,,,,,2026-03-23 14:27:22,,,N,,0.00000,0.00000,0.00000,0.00000,,,,,,,,,,,,,0
2009609,Загрузка механизмами,,MN,,,USER2358,,,2026-03-23 14:27:22,2026-03-23 14:27:22,,,,,,,,,,,N,,SHIPPING_DOC,EKS000017810,,,,,,,,2026-03-23 14:27:22,,,N,,0.00000,0.00000,0.00000,0.00000,,,,,,,,,,,,,0
2009610,Загрузка механизмами,,MN,,,USER2358,,,2026-03-23 14:27:22,2026-03-23 14:27:22,,,,,,,,,,,N,,SHIPPING_DOC,EKS000017811,,,,,,,,2026-03-23 14:27:22,,,N,,0.00000,0.00000,0.00000,0.00000,,,,,,,,,,,,,0
2009611,Загрузка механизмами,,MN,,,USER2358,,,2026-03-23 14:27:22,2026-03-23 14:27:22,,,,,,,,,,,N,,SHIPPING_DOC,EKS000017936,,,,,,,,2026-03-23 14:27:22,,,N,,0.00000,0.00000,0.00000,0.00000,,,,,,,,,,,,,0
2009612,Загрузка механизмами,,MN,,,USER2358,,,2026-03-23 14:27:22,2026-03-23 14:27:22,,,,,,,,,,,N,,SHIPPING_DOC,EKS000017893,,,,,,,,2026-03-23 14:27:22,,,N,,0.00000,0.00000,0.00000,0.00000,,,,,,,,,,,,,0
2009613,Загрузка ручная,,MN,,,USER2358,,,2026-03-23 14:27:22,2026-03-23 14:27:22,,,,,,,,,,,N,,SHIPPING_DOC,EKS000017410,,,,,,,,2026-03-23 14:27:22,,,N,,0.00000,0.00000,0.00000,0.00000,,,,,,,,,,,,,0
2009614,Загрузка ручная,,MN,,,USER2358,,,2026-03-23 14:27:22,2026-03-23 14:27:22,,,,,,,,,,,N,,SHIPPING_DOC,EKS000017411,,,,,,,,2026-03-23 14:27:22,,,N,,0.00000,0.00000,0.00000,0.00000,,,,,,,,,,,,,0
2009051,Загрузка механизмами,,MN,,,user2334,,,2026-03-23 07:07:08,2026-03-23 07:07:08,,,,,,,,,,,N,,SHIPPING_DOC,EKS000017850,,,,,,,,2026-03-23 07:07:08,,,N,,0.00000,0.00000,0.00000,0.00000,,,,,,,,,,,,,0
2009052,Загрузка механизмами,,MN,,,user2334,,,2026-03-23 07:07:08,2026-03-23 07:07:08,,,,,,,,,,,N,,SHIPPING_DOC,EKS000017860,,,,,,,,2026-03-23 07:07:08,,,N,,0.00000,0.00000,0.00000,0.00000,,,,,,,,,,,,,0
2009053,Загрузка ручная,,MN,,,user2334,,,2026-03-23 07:07:08,2026-03-23 07:07:08,,,,,,,,,,,N,,SHIPPING_DOC,EKS000017469,,,,,,,,2026-03-23 07:07:08,,,N,,0.00000,0.00000,0.00000,0.00000,,,,,,,,,,,,,0
2009054,Загрузка ручная,,MN,,,user2334,,,2026-03-23 07:07:08,2026-03-23 07:07:08,,,,,,,,,,,N,,SHIPPING_DOC,EKS000017493,,,,,,,,2026-03-23 07:07:08,,,N,,0.00000,0.00000,0.00000,0.00000,,,,,,,,,,,,,0
2009055,Загрузка ручная,,MN,,,user2334,,,2026-03-23 07:07:08,2026-03-23 07:07:08,,,,,,,,,,,N,,SHIPPING_DOC,EKS000017494,,,,,,,,2026-03-23 07:07:08,,,N,,0.00000,0.00000,0.00000,0.00000,,,,,,,,,,,,,0
2009056,Загрузка ручная,,MN,,,user2334,,,2026-03-23 07:07:08,2026-03-23 07:07:08,,,,,,,,,,,N,,SHIPPING_DOC,EKS000017544,,,,,,,,2026-03-23 07:07:08,,,N,,0.00000,0.00000,0.00000,0.00000,,,,,,,,,,,,,0
2009057,Загрузка ручная,,MN,,,user2334,,,2026-03-23 07:07:08,2026-03-23 07:07:08,,,,,,,,,,,N,,SHIPPING_DOC,EKS000017577,,,,,,,,2026-03-23 07:07:08,,,N,,0.00000,0.00000,0.00000,0.00000,,,,,,,,,,,,,0
2009058,Загрузка ручная,,MN,,,user2334,,,2026-03-23 07:07:08,2026-03-23 07:07:08,,,,,,,,,,,N,,SHIPPING_DOC,EKS000017589,,,,,,,,2026-03-23 07:07:08,,,N,,0.00000,0.00000,0.00000,0.00000,,,,,,,,,,,,,0
2009059,Загрузка ручная,,MN,,,user2334,,,2026-03-23 07:07:08,2026-03-23 07:07:08,,,,,,,,,,,N,,SHIPPING_DOC,EKS000017680,,,,,,,,2026-03-23 07:07:08,,,N,,0.00000,0.00000,0.00000,0.00000,,,,,,,,,,,,,0
2009060,Загрузка ручная,,MN,,,user2334,,,2026-03-23 07:07:08,2026-03-23 07:07:08,,,,,,,,,,,N,,SHIPPING_DOC,EKS000017785,,,,,,,,2026-03-23 07:07:08,,,N,,0.00000,0.00000,0.00000,0.00000,,,,,,,,,,,,,0
2009061,Загрузка ручная,,MN,,,user2334,,,2026-03-23 07:07:08,2026-03-23 07:07:08,,,,,,,,,,,N,,SHIPPING_DOC,EKS000017786,,,,,,,,2026-03-23 07:07:08,,,N,,0.00000,0.00000,0.00000,0.00000,,,,,,,,,,,,,0
2009062,Загрузка ручная,,MN,,,user2334,,,2026-03-23 07:07:08,2026-03-23 07:07:08,,,,,,,,,,,N,,SHIPPING_DOC,EKS000017829,,,,,,,,2026-03-23 07:07:08,,,N,,0.00000,0.00000,0.00000,0.00000,,,,,,,,,,,,,0
2009063,Загрузка ручная,,MN,,,user2334,,,2026-03-23 07:07:08,2026-03-23 07:07:08,,,,,,,,,,,N,,SHIPPING_DOC,EKS000017830,,,,,,,,2026-03-23 07:07:08,,,N,,0.00000,0.00000,0.00000,0.00000,,,,,,,,,,,,,0
2009064,Загрузка ручная,,MN,,,user2334,,,2026-03-23 07:07:08,2026-03-23 07:07:08,,,,,,,,,,,N,,SHIPPING_DOC,EKS000017832,,,,,,,,2026-03-23 07:07:08,,,N,,0.00000,0.00000,0.00000,0.00000,,,,,,,,,,,,,0
2009065,Загрузка ручная,,MN,,,user2334,,,2026-03-23 07:07:08,2026-03-23 07:07:08,,,,,,,,,,,N,,SHIPPING_DOC,EKS000017850,,,,,,,,2026-03-23 07:07:08,,,N,,0.00000,0.00000,0.00000,0.00000,,,,,,,,,,,,,0
2009066,Загрузка ручная,,MN,,,user2334,,,2026-03-23 07:07:08,2026-03-23 07:07:08,,,,,,,,,,,N,,SHIPPING_DOC,EKS000017860,,,,,,,,2026-03-23 07:07:08,,,N,,0.00000,0.00000,0.00000,0.00000,,,,,,,,,,,,,0
2009067,Загрузка механизмами,,MN,,,user2249,,,2026-03-23 07:07:09,2026-03-23 07:07:09,,,,,,,,,,,N,,SHIPPING_DOC,EKS000088742,,,,,,,,2026-03-23 07:07:09,,,N,,0.00000,0.00000,0.00000,0.00000,,,,,,,,,,,,,0
2009068,Загрузка механизмами,,MN,,,user2249,,,2026-03-23 07:07:09,2026-03-23 07:07:09,,,,,,,,,,,N,,SHIPPING_DOC,EKS000088743,,,,,,,,2026-03-23 07:07:09,,,N,,0.00000,0.00000,0.00000,0.00000,,,,,,,,,,,,,0
2009069,Загрузка механизмами,,MN,,,user2249,,,2026-03-23 07:07:09,2026-03-23 07:07:09,,,,,,,,,,,N,,SHIPPING_DOC,EKS000016744,,,,,,,,2026-03-23 07:07:09,,,N,,0.00000,0.00000,0.00000,0.00000,,,,,,,,,,,,,0
2009070,Загрузка механизмами,,MN,,,user2249,,,2026-03-23 07:07:09,2026-03-23 07:07:09,,,,,,,,,,,N,,SHIPPING_DOC,EKS000017117,,,,,,,,2026-03-23 07:07:09,,,N,,0.00000,0.00000,0.00000,0.00000,,,,,,,,,,,,,0
2009071,Загрузка механизмами,,MN,,,user2249,,,2026-03-23 07:07:09,2026-03-23 07:07:09,,,,,,,,,,,N,,SHIPPING_DOC,EKS000017399,,,,,,,,2026-03-23 07:07:09,,,N,,0.00000,0.00000,0.00000,0.00000,,,,,,,,,,,,,0
2009072,Загрузка механизмами,,MN,,,user2249,,,2026-03-23 07:07:09,2026-03-23 07:07:09,,,,,,,,,,,N,,SHIPPING_DOC,EKS000017420,,,,,,,,2026-03-23 07:07:09,,,N,,0.00000,0.00000,0.00000,0.00000,,,,,,,,,,,,,0
2009073,Загрузка механизмами,,MN,,,user2249,,,2026-03-23 07:07:09,2026-03-23 07:07:09,,,,,,,,,,,N,,SHIPPING_DOC,O00000001459,,,,,,,,2026-03-23 07:07:09,,,N,,0.00000,0.00000,0.00000,0.00000,,,,,,,,,,,,,0
2009074,Загрузка механизмами,,MN,,,user2249,,,2026-03-23 07:07:09,2026-03-23 07:07:09,,,,,,,,,,,N,,SHIPPING_DOC,EKS000017450,,,,,,,,2026-03-23 07:07:09,,,N,,0.00000,0.00000,0.00000,0.00000,,,,,,,,,,,,,0
2009075,Загрузка механизмами,,MN,,,user2249,,,2026-03-23 07:07:09,2026-03-23 07:07:09,,,,,,,,,,,N,,SHIPPING_DOC,EKS000017454,,,,,,,,2026-03-23 07:07:09,,,N,,0.00000,0.00000,0.00000,0.00000,,,,,,,,,,,,,0
2009076,Загрузка механизмами,,MN,,,user2249,,,2026-03-23 07:07:09,2026-03-23 07:07:09,,,,,,,,,,,N,,SHIPPING_DOC,EKS000017457,,,,,,,,2026-03-23 07:07:09,,,N,,0.00000,0.00000,0.00000,0.00000,,,,,,,,,,,,,0
2009615,Загрузка ручная,,MN,,,USER2358,,,2026-03-23 14:27:22,2026-03-23 14:27:22,,,,,,,,,,,N,,SHIPPING_DOC,EKS000017810,,,,,,,,2026-03-23 14:27:22,,,N,,0.00000,0.00000,0.00000,0.00000,,,,,,,,,,,,,0
2009616,Загрузка ручная,,MN,,,USER2358,,,2026-03-23 14:27:22,2026-03-23 14:27:22,,,,,,,,,,,N,,SHIPPING_DOC,EKS000017811,,,,,,,,2026-03-23 14:27:22,,,N,,0.00000,0.00000,0.00000,0.00000,,,,,,,,,,,,,0
2009617,Загрузка ручная,,MN,,,USER2358,,,2026-03-23 14:27:22,2026-03-23 14:27:22,,,,,,,,,,,N,,SHIPPING_DOC,EKS000017936,,,,,,,,2026-03-23 14:27:22,,,N,,0.00000,0.00000,0.00000,0.00000,,,,,,,,,,,,,0
2009618,Загрузка ручная,,MN,,,USER2358,,,2026-03-23 14:27:22,2026-03-23 14:27:22,,,,,,,,,,,N,,SHIPPING_DOC,EKS000017893,,,,,,,,2026-03-23 14:27:22,,,N,,0.00000,0.00000,0.00000,0.00000,,,,,,,,,,,,,0
2009619,Разгрузка механизмами,,MN,,,user3125,,,2026-03-23 14:50:53,2026-03-23 14:50:53,,,,,,,,,,,N,,RECEIPT_DOC,EKS000005775,,,,,,,,2026-03-23 14:50:53,,,N,,0.00000,0.00000,0.00000,0.00000,,,,,,,,,,,,,0
2009620,Разгрузка ручная,,MN,,,user3125,,,2026-03-23 14:50:53,2026-03-23 14:50:53,,,,,,,,,,,N,,RECEIPT_DOC,EKS000005775,,,,,,,,2026-03-23 14:50:53,,,N,,0.00000,0.00000,0.00000,0.00000,,,,,,,,,,,,,0
2009621,Разгрузка механизмами,,MN,,,user3125,,,2026-03-23 14:51:03,2026-03-23 14:51:03,,,,,,,,,,,N,,RECEIPT_DOC,EKS000005776,,,,,,,,2026-03-23 14:51:03,,,N,,0.00000,0.00000,0.00000,0.00000,,,,,,,,,,,,,0
2009622,Разгрузка ручная,,MN,,,user3125,,,2026-03-23 14:51:03,2026-03-23 14:51:03,,,,,,,,,,,N,,RECEIPT_DOC,EKS000005776,,,,,,,,2026-03-23 14:51:03,,,N,,0.00000,0.00000,0.00000,0.00000,,,,,,,,,,,,,0
2009623,Разгрузка механизмами,,MN,,,user3125,,,2026-03-23 14:51:16,2026-03-23 14:51:16,,,,,,,,,,,N,,RECEIPT_DOC,EKS000005777,,,,,,,,2026-03-23 14:51:16,,,N,,0.00000,0.00000,0.00000,0.00000,,,,,,,,,,,,,0
2009624,Разгрузка ручная,,MN,,,user3125,,,2026-03-23 14:51:16,2026-03-23 14:51:16,,,,,,,,,,,N,,RECEIPT_DOC,EKS000005777,,,,,,,,2026-03-23 14:51:16,,,N,,0.00000,0.00000,0.00000,0.00000,,,,,,,,,,,,,0
2009625,Разгрузка механизмами,,MN,,,user3125,,,2026-03-23 14:51:21,2026-03-23 14:51:21,,,,,,,,,,,N,,RECEIPT_DOC,EKS000005778,,,,,,,,2026-03-23 14:51:21,,,N,,0.00000,0.00000,0.00000,0.00000,,,,,,,,,,,,,0
2009626,Разгрузка ручная,,MN,,,user3125,,,2026-03-23 14:51:21,2026-03-23 14:51:21,,,,,,,,,,,N,,RECEIPT_DOC,EKS000005778,,,,,,,,2026-03-23 14:51:21,,,N,,0.00000,0.00000,0.00000,0.00000,,,,,,,,,,,,,0
2009627,Разгрузка механизмами,,MN,,,user3125,,,2026-03-23 14:51:25,2026-03-23 14:51:25,,,,,,,,,,,N,,RECEIPT_DOC,EKS000005779,,,,,,,,2026-03-23 14:51:25,,,N,,0.00000,0.00000,0.00000,0.00000,,,,,,,,,,,,,0
2008384,Загрузка механизмами,,MN,,,USER1319,,,2026-03-22 15:41:56,2026-03-22 15:41:56,,,,,,,,,,,N,,SHIPPING_DOC,EKS000017748,,,,,,,,2026-03-22 15:41:56,,,N,,0.00000,0.00000,0.00000,0.00000,,,,,,,,,,,,,0
2008385,Загрузка механизмами,,MN,,,USER1319,,,2026-03-22 15:41:56,2026-03-22 15:41:56,,,,,,,,,,,N,,SHIPPING_DOC,EKS000017773,,,,,,,,2026-03-22 15:41:56,,,N,,0.00000,0.00000,0.00000,0.00000,,,,,,,,,,,,,0
2008386,Загрузка механизмами,,MN,,,USER1319,,,2026-03-22 15:41:56,2026-03-22 15:41:56,,,,,,,,,,,N,,SHIPPING_DOC,EKS000017807,,,,,,,,2026-03-22 15:41:56,,,N,,0.00000,0.00000,0.00000,0.00000,,,,,,,,,,,,,0
2008387,Загрузка механизмами,,MN,,,USER1319,,,2026-03-22 15:41:56,2026-03-22 15:41:56,,,,,,,,,,,N,,SHIPPING_DOC,EKS000017808,,,,,,,,2026-03-22 15:41:56,,,N,,0.00000,0.00000,0.00000,0.00000,,,,,,,,,,,,,0
2008388,Загрузка ручная,,MN,,,USER1319,,,2026-03-22 15:41:56,2026-03-22 15:41:56,,,,,,,,,,,N,,SHIPPING_DOC,EKS000017419,,,,,,,,2026-03-22 15:41:56,,,N,,0.00000,0.00000,0.00000,0.00000,,,,,,,,,,,,,0
2008389,Загрузка ручная,,MN,,,USER1319,,,2026-03-22 15:41:56,2026-03-22 15:41:56,,,,,,,,,,,N,,SHIPPING_DOC,EKS000017428,,,,,,,,2026-03-22 15:41:56,,,N,,0.00000,0.00000,0.00000,0.00000,,,,,,,,,,,,,0
2008390,Загрузка ручная,,MN,,,USER1319,,,2026-03-22 15:41:56,2026-03-22 15:41:56,,,,,,,,,,,N,,SHIPPING_DOC,EKS000017429,,,,,,,,2026-03-22 15:41:56,,,N,,0.00000,0.00000,0.00000,0.00000,,,,,,,,,,,,,0
2008391,Загрузка ручная,,MN,,,USER1319,,,2026-03-22 15:41:56,2026-03-22 15:41:56,,,,,,,,,,,N,,SHIPPING_DOC,EKS000017431,,,,,,,,2026-03-22 15:41:56,,,N,,0.00000,0.00000,0.00000,0.00000,,,,,,,,,,,,,0
2008392,Загрузка ручная,,MN,,,USER1319,,,2026-03-22 15:41:56,2026-03-22 15:41:56,,,,,,,,,,,N,,SHIPPING_DOC,EKS000017432,,,,,,,,2026-03-22 15:41:56,,,N,,0.00000,0.00000,0.00000,0.00000,,,,,,,,,,,,,0
2008393,Загрузка ручная,,MN,,,USER1319,,,2026-03-22 15:41:56,2026-03-22 15:41:56,,,,,,,,,,,N,,SHIPPING_DOC,EKS000017433,,,,,,,,2026-03-22 15:41:56,,,N,,0.00000,0.00000,0.00000,0.00000,,,,,,,,,,,,,0
2008394,Загрузка ручная,,MN,,,USER1319,,,2026-03-22 15:41:56,2026-03-22 15:41:56,,,,,,,,,,,N,,SHIPPING_DOC,EKS000017434,,,,,,,,2026-03-22 15:41:56,,,N,,0.00000,0.00000,0.00000,0.00000,,,,,,,,,,,,,0
2008395,Загрузка ручная,,MN,,,USER1319,,,2026-03-22 15:41:56,2026-03-22 15:41:56,,,,,,,,,,,N,,SHIPPING_DOC,EKS000017456,,,,,,,,2026-03-22 15:41:56,,,N,,0.00000,0.00000,0.00000,0.00000,,,,,,,,,,,,,0
2008396,Загрузка ручная,,MN,,,USER1319,,,2026-03-22 15:41:56,2026-03-22 15:41:56,,,,,,,,,,,N,,SHIPPING_DOC,EKS000017471,,,,,,,,2026-03-22 15:41:56,,,N,,0.00000,0.00000,0.00000,0.00000,,,,,,,,,,,,,0
2009077,Загрузка механизмами,,MN,,,user2249,,,2026-03-23 07:07:09,2026-03-23 07:07:09,,,,,,,,,,,N,,SHIPPING_DOC,EKS000017459,,,,,,,,2026-03-23 07:07:09,,,N,,0.00000,0.00000,0.00000,0.00000,,,,,,,,,,,,,0
2009078,Загрузка механизмами,,MN,,,user2249,,,2026-03-23 07:07:09,2026-03-23 07:07:09,,,,,,,,,,,N,,SHIPPING_DOC,EKS000017461,,,,,,,,2026-03-23 07:07:09,,,N,,0.00000,0.00000,0.00000,0.00000,,,,,,,,,,,,,0
2009079,Загрузка механизмами,,MN,,,user2249,,,2026-03-23 07:07:09,2026-03-23 07:07:09,,,,,,,,,,,N,,SHIPPING_DOC,EKS000017466,,,,,,,,2026-03-23 07:07:09,,,N,,0.00000,0.00000,0.00000,0.00000,,,,,,,,,,,,,0
2009080,Загрузка механизмами,,MN,,,user2249,,,2026-03-23 07:07:09,2026-03-23 07:07:09,,,,,,,,,,,N,,SHIPPING_DOC,EKS000017475,,,,,,,,2026-03-23 07:07:09,,,N,,0.00000,0.00000,0.00000,0.00000,,,,,,,,,,,,,0
2009081,Загрузка механизмами,,MN,,,user2249,,,2026-03-23 07:07:09,2026-03-23 07:07:09,,,,,,,,,,,N,,SHIPPING_DOC,EKS000017515,,,,,,,,2026-03-23 07:07:09,,,N,,0.00000,0.00000,0.00000,0.00000,,,,,,,,,,,,,0
2009082,Загрузка механизмами,,MN,,,user2249,,,2026-03-23 07:07:09,2026-03-23 07:07:09,,,,,,,,,,,N,,SHIPPING_DOC,EKS000017522,,,,,,,,2026-03-23 07:07:09,,,N,,0.00000,0.00000,0.00000,0.00000,,,,,,,,,,,,,0
2009083,Загрузка механизмами,,MN,,,user2249,,,2026-03-23 07:07:09,2026-03-23 07:07:09,,,,,,,,,,,N,,SHIPPING_DOC,EKS000017716,,,,,,,,2026-03-23 07:07:09,,,N,,0.00000,0.00000,0.00000,0.00000,,,,,,,,,,,,,0
2009084,Загрузка механизмами,,MN,,,user2249,,,2026-03-23 07:07:09,2026-03-23 07:07:09,,,,,,,,,,,N,,SHIPPING_DOC,EKS000017717,,,,,,,,2026-03-23 07:07:09,,,N,,0.00000,0.00000,0.00000,0.00000,,,,,,,,,,,,,0
2009085,Загрузка механизмами,,MN,,,user2249,,,2026-03-23 07:07:09,2026-03-23 07:07:09,,,,,,,,,,,N,,SHIPPING_DOC,EKS000017783,,,,,,,,2026-03-23 07:07:09,,,N,,0.00000,0.00000,0.00000,0.00000,,,,,,,,,,,,,0
2009086,Загрузка механизмами,,MN,,,user2249,,,2026-03-23 07:07:09,2026-03-23 07:07:09,,,,,,,,,,,N,,SHIPPING_DOC,EKS000017784,,,,,,,,2026-03-23 07:07:09,,,N,,0.00000,0.00000,0.00000,0.00000,,,,,,,,,,,,,0
2009087,Загрузка механизмами,,MN,,,user2249,,,2026-03-23 07:07:09,2026-03-23 07:07:09,,,,,,,,,,,N,,SHIPPING_DOC,EKS000017846,,,,,,,,2026-03-23 07:07:09,,,N,,0.00000,0.00000,0.00000,0.00000,,,,,,,,,,,,,0
2009088,Загрузка ручная,,MN,,,user2249,,,2026-03-23 07:07:09,2026-03-23 07:07:09,,,,,,,,,,,N,,SHIPPING_DOC,EKS000088742,,,,,,,,2026-03-23 07:07:09,,,N,,0.00000,0.00000,0.00000,0.00000,,,,,,,,,,,,,0
2009089,Загрузка ручная,,MN,,,user2249,,,2026-03-23 07:07:09,2026-03-23 07:07:09,,,,,,,,,,,N,,SHIPPING_DOC,EKS000088743,,,,,,,,2026-03-23 07:07:09,,,N,,0.00000,0.00000,0.00000,0.00000,,,,,,,,,,,,,0
2009628,Разгрузка ручная,,MN,,,user3125,,,2026-03-23 14:51:25,2026-03-23 14:51:25,,,,,,,,,,,N,,RECEIPT_DOC,EKS000005779,,,,,,,,2026-03-23 14:51:25,,,N,,0.00000,0.00000,0.00000,0.00000,,,,,,,,,,,,,0
2009629,Разгрузка механизмами,,MN,,,user3125,,,2026-03-23 14:51:29,2026-03-23 14:51:29,,,,,,,,,,,N,,RECEIPT_DOC,EKS000005780,,,,,,,,2026-03-23 14:51:29,,,N,,0.00000,0.00000,0.00000,0.00000,,,,,,,,,,,,,0
2009630,Разгрузка ручная,,MN,,,user3125,,,2026-03-23 14:51:29,2026-03-23 14:51:29,,,,,,,,,,,N,,RECEIPT_DOC,EKS000005780,,,,,,,,2026-03-23 14:51:29,,,N,,0.00000,0.00000,0.00000,0.00000,,,,,,,,,,,,,0
2009631,Разгрузка механизмами,,MN,,,user3125,,,2026-03-23 14:51:34,2026-03-23 14:51:34,,,,,,,,,,,N,,RECEIPT_DOC,EKS000005781,,,,,,,,2026-03-23 14:51:34,,,N,,0.00000,0.00000,0.00000,0.00000,,,,,,,,,,,,,0
2009632,Разгрузка ручная,,MN,,,user3125,,,2026-03-23 14:51:34,2026-03-23 14:51:34,,,,,,,,,,,N,,RECEIPT_DOC,EKS000005781,,,,,,,,2026-03-23 14:51:34,,,N,,0.00000,0.00000,0.00000,0.00000,,,,,,,,,,,,,0
2009633,Разгрузка механизмами,,MN,,,USER3125,,,2026-03-23 14:52:42,2026-03-23 14:52:42,,,,,,,,,,,N,,RECEIPT_DOC,EKS000005765,,,,,,,,2026-03-23 14:52:42,,,N,,0.00000,0.00000,0.00000,0.00000,,,,,,,,,,,,,0
2009634,Разгрузка ручная,,MN,,,USER3125,,,2026-03-23 14:52:42,2026-03-23 14:52:42,,,,,,,,,,,N,,RECEIPT_DOC,EKS000005765,,,,,,,,2026-03-23 14:52:42,,,N,,0.00000,0.00000,0.00000,0.00000,,,,,,,,,,,,,0
2009635,Разгрузка механизмами,,MN,,,USER3125,,,2026-03-23 14:52:47,2026-03-23 14:52:47,,,,,,,,,,,N,,RECEIPT_DOC,EKS000005766,,,,,,,,2026-03-23 14:52:47,,,N,,0.00000,0.00000,0.00000,0.00000,,,,,,,,,,,,,0
2009636,Разгрузка ручная,,MN,,,USER3125,,,2026-03-23 14:52:47,2026-03-23 14:52:47,,,,,,,,,,,N,,RECEIPT_DOC,EKS000005766,,,,,,,,2026-03-23 14:52:47,,,N,,0.00000,0.00000,0.00000,0.00000,,,,,,,,,,,,,0
2009637,Разгрузка механизмами,,MN,,,USER3125,,,2026-03-23 14:52:50,2026-03-23 14:52:50,,,,,,,,,,,N,,RECEIPT_DOC,EKS000005767,,,,,,,,2026-03-23 14:52:50,,,N,,0.00000,0.00000,0.00000,0.00000,,,,,,,,,,,,,0
2009638,Разгрузка ручная,,MN,,,USER3125,,,2026-03-23 14:52:50,2026-03-23 14:52:50,,,,,,,,,,,N,,RECEIPT_DOC,EKS000005767,,,,,,,,2026-03-23 14:52:50,,,N,,0.00000,0.00000,0.00000,0.00000,,,,,,,,,,,,,0
2009639,Разгрузка механизмами,,MN,,,USER3125,,,2026-03-23 14:52:53,2026-03-23 14:52:53,,,,,,,,,,,N,,RECEIPT_DOC,EKS000005768,,,,,,,,2026-03-23 14:52:53,,,N,,0.00000,0.00000,0.00000,0.00000,,,,,,,,,,,,,0
2009640,Разгрузка ручная,,MN,,,USER3125,,,2026-03-23 14:52:53,2026-03-23 14:52:53,,,,,,,,,,,N,,RECEIPT_DOC,EKS000005768,,,,,,,,2026-03-23 14:52:53,,,N,,0.00000,0.00000,0.00000,0.00000,,,,,,,,,,,,,0
2008397,Загрузка ручная,,MN,,,USER1319,,,2026-03-22 15:41:56,2026-03-22 15:41:56,,,,,,,,,,,N,,SHIPPING_DOC,EKS000017487,,,,,,,,2026-03-22 15:41:56,,,N,,0.00000,0.00000,0.00000,0.00000,,,,,,,,,,,,,0
2008398,Загрузка ручная,,MN,,,USER1319,,,2026-03-22 15:41:56,2026-03-22 15:41:56,,,,,,,,,,,N,,SHIPPING_DOC,EKS000017590,,,,,,,,2026-03-22 15:41:56,,,N,,0.00000,0.00000,0.00000,0.00000,,,,,,,,,,,,,0
2008399,Загрузка ручная,,MN,,,USER1319,,,2026-03-22 15:41:56,2026-03-22 15:41:56,,,,,,,,,,,N,,SHIPPING_DOC,EKS000017671,,,,,,,,2026-03-22 15:41:56,,,N,,0.00000,0.00000,0.00000,0.00000,,,,,,,,,,,,,0
2008400,Загрузка ручная,,MN,,,USER1319,,,2026-03-22 15:41:56,2026-03-22 15:41:56,,,,,,,,,,,N,,SHIPPING_DOC,EKS000017683,,,,,,,,2026-03-22 15:41:56,,,N,,0.00000,0.00000,0.00000,0.00000,,,,,,,,,,,,,0
2008401,Загрузка ручная,,MN,,,USER1319,,,2026-03-22 15:41:56,2026-03-22 15:41:56,,,,,,,,,,,N,,SHIPPING_DOC,EKS000017718,,,,,,,,2026-03-22 15:41:56,,,N,,0.00000,0.00000,0.00000,0.00000,,,,,,,,,,,,,0
2008402,Загрузка ручная,,MN,,,USER1319,,,2026-03-22 15:41:56,2026-03-22 15:41:56,,,,,,,,,,,N,,SHIPPING_DOC,EKS000017719,,,,,,,,2026-03-22 15:41:56,,,N,,0.00000,0.00000,0.00000,0.00000,,,,,,,,,,,,,0
2008403,Загрузка ручная,,MN,,,USER1319,,,2026-03-22 15:41:56,2026-03-22 15:41:56,,,,,,,,,,,N,,SHIPPING_DOC,EKS000017720,,,,,,,,2026-03-22 15:41:56,,,N,,0.00000,0.00000,0.00000,0.00000,,,,,,,,,,,,,0
2008404,Загрузка ручная,,MN,,,USER1319,,,2026-03-22 15:41:56,2026-03-22 15:41:56,,,,,,,,,,,N,,SHIPPING_DOC,EKS000017721,,,,,,,,2026-03-22 15:41:56,,,N,,0.00000,0.00000,0.00000,0.00000,,,,,,,,,,,,,0
2008405,Загрузка ручная,,MN,,,USER1319,,,2026-03-22 15:41:56,2026-03-22 15:41:56,,,,,,,,,,,N,,SHIPPING_DOC,EKS000017722,,,,,,,,2026-03-22 15:41:56,,,N,,0.00000,0.00000,0.00000,0.00000,,,,,,,,,,,,,0
2008406,Загрузка ручная,,MN,,,USER1319,,,2026-03-22 15:41:56,2026-03-22 15:41:56,,,,,,,,,,,N,,SHIPPING_DOC,EKS000017725,,,,,,,,2026-03-22 15:41:56,,,N,,0.00000,0.00000,0.00000,0.00000,,,,,,,,,,,,,0
2008407,Загрузка ручная,,MN,,,USER1319,,,2026-03-22 15:41:56,2026-03-22 15:41:56,,,,,,,,,,,N,,SHIPPING_DOC,EKS000017740,,,,,,,,2026-03-22 15:41:56,,,N,,0.00000,0.00000,0.00000,0.00000,,,,,,,,,,,,,0
2008408,Загрузка ручная,,MN,,,USER1319,,,2026-03-22 15:41:56,2026-03-22 15:41:56,,,,,,,,,,,N,,SHIPPING_DOC,EKS000017748,,,,,,,,2026-03-22 15:41:56,,,N,,0.00000,0.00000,0.00000,0.00000,,,,,,,,,,,,,0
2008409,Загрузка ручная,,MN,,,USER1319,,,2026-03-22 15:41:56,2026-03-22 15:41:56,,,,,,,,,,,N,,SHIPPING_DOC,EKS000017773,,,,,,,,2026-03-22 15:41:56,,,N,,0.00000,0.00000,0.00000,0.00000,,,,,,,,,,,,,0
2009090,Загрузка ручная,,MN,,,user2249,,,2026-03-23 07:07:09,2026-03-23 07:07:09,,,,,,,,,,,N,,SHIPPING_DOC,EKS000016744,,,,,,,,2026-03-23 07:07:09,,,N,,0.00000,0.00000,0.00000,0.00000,,,,,,,,,,,,,0
2009091,Загрузка ручная,,MN,,,user2249,,,2026-03-23 07:07:09,2026-03-23 07:07:09,,,,,,,,,,,N,,SHIPPING_DOC,EKS000017117,,,,,,,,2026-03-23 07:07:09,,,N,,0.00000,0.00000,0.00000,0.00000,,,,,,,,,,,,,0
2009092,Загрузка ручная,,MN,,,user2249,,,2026-03-23 07:07:09,2026-03-23 07:07:09,,,,,,,,,,,N,,SHIPPING_DOC,EKS000017399,,,,,,,,2026-03-23 07:07:09,,,N,,0.00000,0.00000,0.00000,0.00000,,,,,,,,,,,,,0
2009093,Загрузка ручная,,MN,,,user2249,,,2026-03-23 07:07:09,2026-03-23 07:07:09,,,,,,,,,,,N,,SHIPPING_DOC,EKS000017420,,,,,,,,2026-03-23 07:07:09,,,N,,0.00000,0.00000,0.00000,0.00000,,,,,,,,,,,,,0
2009094,Загрузка ручная,,MN,,,user2249,,,2026-03-23 07:07:09,2026-03-23 07:07:09,,,,,,,,,,,N,,SHIPPING_DOC,O00000001459,,,,,,,,2026-03-23 07:07:09,,,N,,0.00000,0.00000,0.00000,0.00000,,,,,,,,,,,,,0
2009095,Загрузка ручная,,MN,,,user2249,,,2026-03-23 07:07:09,2026-03-23 07:07:09,,,,,,,,,,,N,,SHIPPING_DOC,EKS000017450,,,,,,,,2026-03-23 07:07:09,,,N,,0.00000,0.00000,0.00000,0.00000,,,,,,,,,,,,,0
2009096,Загрузка ручная,,MN,,,user2249,,,2026-03-23 07:07:09,2026-03-23 07:07:09,,,,,,,,,,,N,,SHIPPING_DOC,EKS000017454,,,,,,,,2026-03-23 07:07:09,,,N,,0.00000,0.00000,0.00000,0.00000,,,,,,,,,,,,,0
2009097,Загрузка ручная,,MN,,,user2249,,,2026-03-23 07:07:09,2026-03-23 07:07:09,,,,,,,,,,,N,,SHIPPING_DOC,EKS000017457,,,,,,,,2026-03-23 07:07:09,,,N,,0.00000,0.00000,0.00000,0.00000,,,,,,,,,,,,,0
2009098,Загрузка ручная,,MN,,,user2249,,,2026-03-23 07:07:09,2026-03-23 07:07:09,,,,,,,,,,,N,,SHIPPING_DOC,EKS000017459,,,,,,,,2026-03-23 07:07:09,,,N,,0.00000,0.00000,0.00000,0.00000,,,,,,,,,,,,,0
2009099,Загрузка ручная,,MN,,,user2249,,,2026-03-23 07:07:09,2026-03-23 07:07:09,,,,,,,,,,,N,,SHIPPING_DOC,EKS000017461,,,,,,,,2026-03-23 07:07:09,,,N,,0.00000,0.00000,0.00000,0.00000,,,,,,,,,,,,,0
2009100,Загрузка ручная,,MN,,,user2249,,,2026-03-23 07:07:09,2026-03-23 07:07:09,,,,,,,,,,,N,,SHIPPING_DOC,EKS000017466,,,,,,,,2026-03-23 07:07:09,,,N,,0.00000,0.00000,0.00000,0.00000,,,,,,,,,,,,,0
2009101,Загрузка ручная,,MN,,,user2249,,,2026-03-23 07:07:09,2026-03-23 07:07:09,,,,,,,,,,,N,,SHIPPING_DOC,EKS000017475,,,,,,,,2026-03-23 07:07:09,,,N,,0.00000,0.00000,0.00000,0.00000,,,,,,,,,,,,,0
2009102,Загрузка ручная,,MN,,,user2249,,,2026-03-23 07:07:09,2026-03-23 07:07:09,,,,,,,,,,,N,,SHIPPING_DOC,EKS000017515,,,,,,,,2026-03-23 07:07:09,,,N,,0.00000,0.00000,0.00000,0.00000,,,,,,,,,,,,,0
2009641,Разгрузка механизмами,,MN,,,USER3125,,,2026-03-23 14:52:56,2026-03-23 14:52:56,,,,,,,,,,,N,,RECEIPT_DOC,EKS000005769,,,,,,,,2026-03-23 14:52:56,,,N,,0.00000,0.00000,0.00000,0.00000,,,,,,,,,,,,,0
2009642,Разгрузка ручная,,MN,,,USER3125,,,2026-03-23 14:52:56,2026-03-23 14:52:56,,,,,,,,,,,N,,RECEIPT_DOC,EKS000005769,,,,,,,,2026-03-23 14:52:56,,,N,,0.00000,0.00000,0.00000,0.00000,,,,,,,,,,,,,0
2009643,Разгрузка механизмами,,MN,,,USER3125,,,2026-03-23 14:53:00,2026-03-23 14:53:00,,,,,,,,,,,N,,RECEIPT_DOC,EKS000005770,,,,,,,,2026-03-23 14:53:00,,,N,,0.00000,0.00000,0.00000,0.00000,,,,,,,,,,,,,0
2009644,Разгрузка ручная,,MN,,,USER3125,,,2026-03-23 14:53:00,2026-03-23 14:53:00,,,,,,,,,,,N,,RECEIPT_DOC,EKS000005770,,,,,,,,2026-03-23 14:53:00,,,N,,0.00000,0.00000,0.00000,0.00000,,,,,,,,,,,,,0
2009645,Разгрузка механизмами,,MN,,,USER3125,,,2026-03-23 14:53:03,2026-03-23 14:53:03,,,,,,,,,,,N,,RECEIPT_DOC,EKS000005771,,,,,,,,2026-03-23 14:53:03,,,N,,0.00000,0.00000,0.00000,0.00000,,,,,,,,,,,,,0
2009646,Разгрузка ручная,,MN,,,USER3125,,,2026-03-23 14:53:03,2026-03-23 14:53:03,,,,,,,,,,,N,,RECEIPT_DOC,EKS000005771,,,,,,,,2026-03-23 14:53:03,,,N,,0.00000,0.00000,0.00000,0.00000,,,,,,,,,,,,,0
2009647,Разгрузка механизмами,,MN,,,USER3125,,,2026-03-23 14:53:06,2026-03-23 14:53:06,,,,,,,,,,,N,,RECEIPT_DOC,EKS000005772,,,,,,,,2026-03-23 14:53:06,,,N,,0.00000,0.00000,0.00000,0.00000,,,,,,,,,,,,,0
2009648,Разгрузка ручная,,MN,,,USER3125,,,2026-03-23 14:53:06,2026-03-23 14:53:06,,,,,,,,,,,N,,RECEIPT_DOC,EKS000005772,,,,,,,,2026-03-23 14:53:06,,,N,,0.00000,0.00000,0.00000,0.00000,,,,,,,,,,,,,0
2009649,Разгрузка механизмами,,MN,,,USER3125,,,2026-03-23 14:53:09,2026-03-23 14:53:09,,,,,,,,,,,N,,RECEIPT_DOC,EKS000005773,,,,,,,,2026-03-23 14:53:09,,,N,,0.00000,0.00000,0.00000,0.00000,,,,,,,,,,,,,0
2009650,Разгрузка ручная,,MN,,,USER3125,,,2026-03-23 14:53:09,2026-03-23 14:53:09,,,,,,,,,,,N,,RECEIPT_DOC,EKS000005773,,,,,,,,2026-03-23 14:53:09,,,N,,0.00000,0.00000,0.00000,0.00000,,,,,,,,,,,,,0
2009651,Разгрузка механизмами,,MN,,,USER1313,,,2026-03-23 14:55:13,2026-03-23 14:55:13,,,,,,,,,,,N,,RECEIPT_DOC,EKS000005774,,,,,,,,2026-03-23 14:55:13,,,N,,0.00000,0.00000,0.00000,0.00000,,,,,,,,,,,,,0
2009652,Разгрузка ручная,,MN,,,USER1199,,,2026-03-23 14:55:18,2026-03-23 14:55:18,,,,,,,,,,,N,,RECEIPT_DOC,EKS000005774,,,,,,,,2026-03-23 14:55:18,,,N,,0.00000,0.00000,0.00000,0.00000,,,,,,,,,,,,,0
2009653,Разгрузка механизмами,,MN,,,user3125,,,2026-03-23 15:34:36,2026-03-23 15:34:36,,,,,,,,,,,N,,RECEIPT_DOC,EKS000005782,,,,,,,,2026-03-23 15:34:36,,,N,,0.00000,0.00000,0.00000,0.00000,,,,,,,,,,,,,0
2008410,Загрузка ручная,,MN,,,USER1319,,,2026-03-22 15:41:56,2026-03-22 15:41:56,,,,,,,,,,,N,,SHIPPING_DOC,EKS000017807,,,,,,,,2026-03-22 15:41:56,,,N,,0.00000,0.00000,0.00000,0.00000,,,,,,,,,,,,,0
2008411,Загрузка ручная,,MN,,,USER1319,,,2026-03-22 15:41:56,2026-03-22 15:41:56,,,,,,,,,,,N,,SHIPPING_DOC,EKS000017808,,,,,,,,2026-03-22 15:41:56,,,N,,0.00000,0.00000,0.00000,0.00000,,,,,,,,,,,,,0
2008412,Загрузка механизмами,,MN,,,o.ivanov,,,2026-03-22 15:44:02,2026-03-22 15:44:02,,,,,,,,,,,N,,SHIPPING_DOC,EKS000088742,,,,,,,,2026-03-22 15:44:02,,,N,,0.00000,0.00000,0.00000,0.00000,,,,,,,,,,,,,0
2008413,Загрузка механизмами,,MN,,,o.ivanov,,,2026-03-22 15:44:02,2026-03-22 15:44:02,,,,,,,,,,,N,,SHIPPING_DOC,EKS000088743,,,,,,,,2026-03-22 15:44:02,,,N,,0.00000,0.00000,0.00000,0.00000,,,,,,,,,,,,,0
2008414,Загрузка механизмами,,MN,,,o.ivanov,,,2026-03-22 15:44:02,2026-03-22 15:44:02,,,,,,,,,,,N,,SHIPPING_DOC,EKS000016744,,,,,,,,2026-03-22 15:44:02,,,N,,0.00000,0.00000,0.00000,0.00000,,,,,,,,,,,,,0
2008415,Загрузка механизмами,,MN,,,o.ivanov,,,2026-03-22 15:44:02,2026-03-22 15:44:02,,,,,,,,,,,N,,SHIPPING_DOC,EKS000017117,,,,,,,,2026-03-22 15:44:02,,,N,,0.00000,0.00000,0.00000,0.00000,,,,,,,,,,,,,0
2008416,Загрузка механизмами,,MN,,,o.ivanov,,,2026-03-22 15:44:02,2026-03-22 15:44:02,,,,,,,,,,,N,,SHIPPING_DOC,EKS000017399,,,,,,,,2026-03-22 15:44:02,,,N,,0.00000,0.00000,0.00000,0.00000,,,,,,,,,,,,,0
2008417,Загрузка механизмами,,MN,,,o.ivanov,,,2026-03-22 15:44:02,2026-03-22 15:44:02,,,,,,,,,,,N,,SHIPPING_DOC,EKS000017420,,,,,,,,2026-03-22 15:44:02,,,N,,0.00000,0.00000,0.00000,0.00000,,,,,,,,,,,,,0
2008418,Загрузка механизмами,,MN,,,o.ivanov,,,2026-03-22 15:44:02,2026-03-22 15:44:02,,,,,,,,,,,N,,SHIPPING_DOC,O00000001459,,,,,,,,2026-03-22 15:44:02,,,N,,0.00000,0.00000,0.00000,0.00000,,,,,,,,,,,,,0
2008419,Загрузка механизмами,,MN,,,o.ivanov,,,2026-03-22 15:44:02,2026-03-22 15:44:02,,,,,,,,,,,N,,SHIPPING_DOC,EKS000017450,,,,,,,,2026-03-22 15:44:02,,,N,,0.00000,0.00000,0.00000,0.00000,,,,,,,,,,,,,0
2008420,Загрузка механизмами,,MN,,,o.ivanov,,,2026-03-22 15:44:02,2026-03-22 15:44:02,,,,,,,,,,,N,,SHIPPING_DOC,EKS000017454,,,,,,,,2026-03-22 15:44:02,,,N,,0.00000,0.00000,0.00000,0.00000,,,,,,,,,,,,,0
2008421,Загрузка механизмами,,MN,,,o.ivanov,,,2026-03-22 15:44:02,2026-03-22 15:44:02,,,,,,,,,,,N,,SHIPPING_DOC,EKS000017457,,,,,,,,2026-03-22 15:44:02,,,N,,0.00000,0.00000,0.00000,0.00000,,,,,,,,,,,,,0
2008422,Загрузка механизмами,,MN,,,o.ivanov,,,2026-03-22 15:44:02,2026-03-22 15:44:02,,,,,,,,,,,N,,SHIPPING_DOC,EKS000017459,,,,,,,,2026-03-22 15:44:02,,,N,,0.00000,0.00000,0.00000,0.00000,,,,,,,,,,,,,0
2008423,Загрузка механизмами,,MN,,,o.ivanov,,,2026-03-22 15:44:02,2026-03-22 15:44:02,,,,,,,,,,,N,,SHIPPING_DOC,EKS000017461,,,,,,,,2026-03-22 15:44:02,,,N,,0.00000,0.00000,0.00000,0.00000,,,,,,,,,,,,,0
2008424,Загрузка механизмами,,MN,,,o.ivanov,,,2026-03-22 15:44:02,2026-03-22 15:44:02,,,,,,,,,,,N,,SHIPPING_DOC,EKS000017466,,,,,,,,2026-03-22 15:44:02,,,N,,0.00000,0.00000,0.00000,0.00000,,,,,,,,,,,,,0
2008425,Загрузка механизмами,,MN,,,o.ivanov,,,2026-03-22 15:44:02,2026-03-22 15:44:02,,,,,,,,,,,N,,SHIPPING_DOC,EKS000017475,,,,,,,,2026-03-22 15:44:02,,,N,,0.00000,0.00000,0.00000,0.00000,,,,,,,,,,,,,0
2008426,Загрузка механизмами,,MN,,,o.ivanov,,,2026-03-22 15:44:02,2026-03-22 15:44:02,,,,,,,,,,,N,,SHIPPING_DOC,EKS000017515,,,,,,,,2026-03-22 15:44:02,,,N,,0.00000,0.00000,0.00000,0.00000,,,,,,,,,,,,,0
2008427,Загрузка механизмами,,MN,,,o.ivanov,,,2026-03-22 15:44:02,2026-03-22 15:44:02,,,,,,,,,,,N,,SHIPPING_DOC,EKS000017522,,,,,,,,2026-03-22 15:44:02,,,N,,0.00000,0.00000,0.00000,0.00000,,,,,,,,,,,,,0
2008428,Загрузка механизмами,,MN,,,o.ivanov,,,2026-03-22 15:44:02,2026-03-22 15:44:02,,,,,,,,,,,N,,SHIPPING_DOC,EKS000017716,,,,,,,,2026-03-22 15:44:02,,,N,,0.00000,0.00000,0.00000,0.00000,,,,,,,,,,,,,0
2008429,Загрузка механизмами,,MN,,,o.ivanov,,,2026-03-22 15:44:02,2026-03-22 15:44:02,,,,,,,,,,,N,,SHIPPING_DOC,EKS000017717,,,,,,,,2026-03-22 15:44:02,,,N,,0.00000,0.00000,0.00000,0.00000,,,,,,,,,,,,,0
2008430,Загрузка механизмами,,MN,,,o.ivanov,,,2026-03-22 15:44:02,2026-03-22 15:44:02,,,,,,,,,,,N,,SHIPPING_DOC,EKS000017783,,,,,,,,2026-03-22 15:44:02,,,N,,0.00000,0.00000,0.00000,0.00000,,,,,,,,,,,,,0
2008431,Загрузка механизмами,,MN,,,o.ivanov,,,2026-03-22 15:44:02,2026-03-22 15:44:02,,,,,,,,,,,N,,SHIPPING_DOC,EKS000017784,,,,,,,,2026-03-22 15:44:02,,,N,,0.00000,0.00000,0.00000,0.00000,,,,,,,,,,,,,0
2008432,Загрузка механизмами,,MN,,,o.ivanov,,,2026-03-22 15:44:02,2026-03-22 15:44:02,,,,,,,,,,,N,,SHIPPING_DOC,EKS000017846,,,,,,,,2026-03-22 15:44:02,,,N,,0.00000,0.00000,0.00000,0.00000,,,,,,,,,,,,,0
2008433,Загрузка ручная,,MN,,,o.ivanov,,,2026-03-22 15:44:02,2026-03-22 15:44:02,,,,,,,,,,,N,,SHIPPING_DOC,EKS000088742,,,,,,,,2026-03-22 15:44:02,,,N,,0.00000,0.00000,0.00000,0.00000,,,,,,,,,,,,,0
2008434,Загрузка ручная,,MN,,,o.ivanov,,,2026-03-22 15:44:02,2026-03-22 15:44:02,,,,,,,,,,,N,,SHIPPING_DOC,EKS000088743,,,,,,,,2026-03-22 15:44:02,,,N,,0.00000,0.00000,0.00000,0.00000,,,,,,,,,,,,,0
2008435,Загрузка ручная,,MN,,,o.ivanov,,,2026-03-22 15:44:02,2026-03-22 15:44:02,,,,,,,,,,,N,,SHIPPING_DOC,EKS000016744,,,,,,,,2026-03-22 15:44:02,,,N,,0.00000,0.00000,0.00000,0.00000,,,,,,,,,,,,,0
2009103,Загрузка ручная,,MN,,,user2249,,,2026-03-23 07:07:09,2026-03-23 07:07:09,,,,,,,,,,,N,,SHIPPING_DOC,EKS000017522,,,,,,,,2026-03-23 07:07:09,,,N,,0.00000,0.00000,0.00000,0.00000,,,,,,,,,,,,,0
2009104,Загрузка ручная,,MN,,,user2249,,,2026-03-23 07:07:09,2026-03-23 07:07:09,,,,,,,,,,,N,,SHIPPING_DOC,EKS000017716,,,,,,,,2026-03-23 07:07:09,,,N,,0.00000,0.00000,0.00000,0.00000,,,,,,,,,,,,,0
2009105,Загрузка ручная,,MN,,,user2249,,,2026-03-23 07:07:09,2026-03-23 07:07:09,,,,,,,,,,,N,,SHIPPING_DOC,EKS000017717,,,,,,,,2026-03-23 07:07:09,,,N,,0.00000,0.00000,0.00000,0.00000,,,,,,,,,,,,,0
2009106,Загрузка ручная,,MN,,,user2249,,,2026-03-23 07:07:09,2026-03-23 07:07:09,,,,,,,,,,,N,,SHIPPING_DOC,EKS000017783,,,,,,,,2026-03-23 07:07:09,,,N,,0.00000,0.00000,0.00000,0.00000,,,,,,,,,,,,,0
2009107,Загрузка ручная,,MN,,,user2249,,,2026-03-23 07:07:09,2026-03-23 07:07:09,,,,,,,,,,,N,,SHIPPING_DOC,EKS000017784,,,,,,,,2026-03-23 07:07:09,,,N,,0.00000,0.00000,0.00000,0.00000,,,,,,,,,,,,,0
2009108,Загрузка ручная,,MN,,,user2249,,,2026-03-23 07:07:09,2026-03-23 07:07:09,,,,,,,,,,,N,,SHIPPING_DOC,EKS000017846,,,,,,,,2026-03-23 07:07:09,,,N,,0.00000,0.00000,0.00000,0.00000,,,,,,,,,,,,,0
2009109,Загрузка механизмами,,MN,,,user2249,,,2026-03-23 07:07:27,2026-03-23 07:07:27,,,,,,,,,,,N,,SHIPPING_DOC,EKS000017488,,,,,,,,2026-03-23 07:07:27,,,N,,0.00000,0.00000,0.00000,0.00000,,,,,,,,,,,,,0
2009110,Загрузка механизмами,,MN,,,user2249,,,2026-03-23 07:07:27,2026-03-23 07:07:27,,,,,,,,,,,N,,SHIPPING_DOC,EKS000017496,,,,,,,,2026-03-23 07:07:27,,,N,,0.00000,0.00000,0.00000,0.00000,,,,,,,,,,,,,0
2009111,Загрузка механизмами,,MN,,,user2249,,,2026-03-23 07:07:27,2026-03-23 07:07:27,,,,,,,,,,,N,,SHIPPING_DOC,EKS000017497,,,,,,,,2026-03-23 07:07:27,,,N,,0.00000,0.00000,0.00000,0.00000,,,,,,,,,,,,,0
2009112,Загрузка механизмами,,MN,,,user2249,,,2026-03-23 07:07:27,2026-03-23 07:07:27,,,,,,,,,,,N,,SHIPPING_DOC,EKS000017501,,,,,,,,2026-03-23 07:07:27,,,N,,0.00000,0.00000,0.00000,0.00000,,,,,,,,,,,,,0
2009113,Загрузка механизмами,,MN,,,user2249,,,2026-03-23 07:07:27,2026-03-23 07:07:27,,,,,,,,,,,N,,SHIPPING_DOC,EKS000017506,,,,,,,,2026-03-23 07:07:27,,,N,,0.00000,0.00000,0.00000,0.00000,,,,,,,,,,,,,0
2009114,Загрузка механизмами,,MN,,,user2249,,,2026-03-23 07:07:27,2026-03-23 07:07:27,,,,,,,,,,,N,,SHIPPING_DOC,EKS000017507,,,,,,,,2026-03-23 07:07:27,,,N,,0.00000,0.00000,0.00000,0.00000,,,,,,,,,,,,,0
2009115,Загрузка механизмами,,MN,,,user2249,,,2026-03-23 07:07:27,2026-03-23 07:07:27,,,,,,,,,,,N,,SHIPPING_DOC,EKS000017538,,,,,,,,2026-03-23 07:07:27,,,N,,0.00000,0.00000,0.00000,0.00000,,,,,,,,,,,,,0
2009654,Разгрузка ручная,,MN,,,user3125,,,2026-03-23 15:34:36,2026-03-23 15:34:36,,,,,,,,,,,N,,RECEIPT_DOC,EKS000005782,,,,,,,,2026-03-23 15:34:36,,,N,,0.00000,0.00000,0.00000,0.00000,,,,,,,,,,,,,0
2009655,Разгрузка механизмами,,MN,,,user3125,,,2026-03-23 15:34:39,2026-03-23 15:34:39,,,,,,,,,,,N,,RECEIPT_DOC,EKS000005783,,,,,,,,2026-03-23 15:34:39,,,N,,0.00000,0.00000,0.00000,0.00000,,,,,,,,,,,,,0
2009656,Разгрузка ручная,,MN,,,user3125,,,2026-03-23 15:34:39,2026-03-23 15:34:39,,,,,,,,,,,N,,RECEIPT_DOC,EKS000005783,,,,,,,,2026-03-23 15:34:39,,,N,,0.00000,0.00000,0.00000,0.00000,,,,,,,,,,,,,0
2009657,Загрузка механизмами,,MN,,,e.ulishchenko,,,2026-03-23 15:46:38,2026-03-23 15:46:38,,,,,,,,,,,N,,SHIPPING_DOC,EKS000017409,,,,,,,,2026-03-23 15:46:38,,,N,,0.00000,0.00000,0.00000,0.00000,,,,,,,,,,,,,0
2009658,Загрузка механизмами,,MN,,,e.ulishchenko,,,2026-03-23 15:46:38,2026-03-23 15:46:38,,,,,,,,,,,N,,SHIPPING_DOC,EKS000017993,,,,,,,,2026-03-23 15:46:38,,,N,,0.00000,0.00000,0.00000,0.00000,,,,,,,,,,,,,0
2009659,Загрузка механизмами,,MN,,,e.ulishchenko,,,2026-03-23 15:46:38,2026-03-23 15:46:38,,,,,,,,,,,N,,SHIPPING_DOC,EKS000017996,,,,,,,,2026-03-23 15:46:38,,,N,,0.00000,0.00000,0.00000,0.00000,,,,,,,,,,,,,0
2009660,Загрузка механизмами,,MN,,,e.ulishchenko,,,2026-03-23 15:46:38,2026-03-23 15:46:38,,,,,,,,,,,N,,SHIPPING_DOC,EKS000018000,,,,,,,,2026-03-23 15:46:38,,,N,,0.00000,0.00000,0.00000,0.00000,,,,,,,,,,,,,0
2009661,Загрузка механизмами,,MN,,,e.ulishchenko,,,2026-03-23 15:46:38,2026-03-23 15:46:38,,,,,,,,,,,N,,SHIPPING_DOC,EKS000018054,,,,,,,,2026-03-23 15:46:38,,,N,,0.00000,0.00000,0.00000,0.00000,,,,,,,,,,,,,0
2009662,Загрузка механизмами,,MN,,,e.ulishchenko,,,2026-03-23 15:46:38,2026-03-23 15:46:38,,,,,,,,,,,N,,SHIPPING_DOC,TR-23/03/2026-10,,,,,,,,2026-03-23 15:46:38,,,N,,0.00000,0.00000,0.00000,0.00000,,,,,,,,,,,,,0
2009663,Загрузка механизмами,,MN,,,e.ulishchenko,,,2026-03-23 15:46:38,2026-03-23 15:46:38,,,,,,,,,,,N,,SHIPPING_DOC,EKS000018070,,,,,,,,2026-03-23 15:46:38,,,N,,0.00000,0.00000,0.00000,0.00000,,,,,,,,,,,,,0
2009664,Загрузка механизмами,,MN,,,e.ulishchenko,,,2026-03-23 15:46:38,2026-03-23 15:46:38,,,,,,,,,,,N,,SHIPPING_DOC,EKS000018073,,,,,,,,2026-03-23 15:46:38,,,N,,0.00000,0.00000,0.00000,0.00000,,,,,,,,,,,,,0
2009665,Загрузка механизмами,,MN,,,e.ulishchenko,,,2026-03-23 15:46:38,2026-03-23 15:46:38,,,,,,,,,,,N,,SHIPPING_DOC,EKS000018105,,,,,,,,2026-03-23 15:46:38,,,N,,0.00000,0.00000,0.00000,0.00000,,,,,,,,,,,,,0
2008436,Загрузка ручная,,MN,,,o.ivanov,,,2026-03-22 15:44:02,2026-03-22 15:44:02,,,,,,,,,,,N,,SHIPPING_DOC,EKS000017117,,,,,,,,2026-03-22 15:44:02,,,N,,0.00000,0.00000,0.00000,0.00000,,,,,,,,,,,,,0
2008437,Загрузка ручная,,MN,,,o.ivanov,,,2026-03-22 15:44:02,2026-03-22 15:44:02,,,,,,,,,,,N,,SHIPPING_DOC,EKS000017399,,,,,,,,2026-03-22 15:44:02,,,N,,0.00000,0.00000,0.00000,0.00000,,,,,,,,,,,,,0
2008438,Загрузка ручная,,MN,,,o.ivanov,,,2026-03-22 15:44:02,2026-03-22 15:44:02,,,,,,,,,,,N,,SHIPPING_DOC,EKS000017420,,,,,,,,2026-03-22 15:44:02,,,N,,0.00000,0.00000,0.00000,0.00000,,,,,,,,,,,,,0
2008439,Загрузка ручная,,MN,,,o.ivanov,,,2026-03-22 15:44:02,2026-03-22 15:44:02,,,,,,,,,,,N,,SHIPPING_DOC,O00000001459,,,,,,,,2026-03-22 15:44:02,,,N,,0.00000,0.00000,0.00000,0.00000,,,,,,,,,,,,,0
2008440,Загрузка ручная,,MN,,,o.ivanov,,,2026-03-22 15:44:02,2026-03-22 15:44:02,,,,,,,,,,,N,,SHIPPING_DOC,EKS000017450,,,,,,,,2026-03-22 15:44:02,,,N,,0.00000,0.00000,0.00000,0.00000,,,,,,,,,,,,,0
2008441,Загрузка ручная,,MN,,,o.ivanov,,,2026-03-22 15:44:02,2026-03-22 15:44:02,,,,,,,,,,,N,,SHIPPING_DOC,EKS000017454,,,,,,,,2026-03-22 15:44:02,,,N,,0.00000,0.00000,0.00000,0.00000,,,,,,,,,,,,,0
2008442,Загрузка ручная,,MN,,,o.ivanov,,,2026-03-22 15:44:02,2026-03-22 15:44:02,,,,,,,,,,,N,,SHIPPING_DOC,EKS000017457,,,,,,,,2026-03-22 15:44:02,,,N,,0.00000,0.00000,0.00000,0.00000,,,,,,,,,,,,,0
2008443,Загрузка ручная,,MN,,,o.ivanov,,,2026-03-22 15:44:02,2026-03-22 15:44:02,,,,,,,,,,,N,,SHIPPING_DOC,EKS000017459,,,,,,,,2026-03-22 15:44:02,,,N,,0.00000,0.00000,0.00000,0.00000,,,,,,,,,,,,,0
2008444,Загрузка ручная,,MN,,,o.ivanov,,,2026-03-22 15:44:02,2026-03-22 15:44:02,,,,,,,,,,,N,,SHIPPING_DOC,EKS000017461,,,,,,,,2026-03-22 15:44:02,,,N,,0.00000,0.00000,0.00000,0.00000,,,,,,,,,,,,,0
2008445,Загрузка ручная,,MN,,,o.ivanov,,,2026-03-22 15:44:02,2026-03-22 15:44:02,,,,,,,,,,,N,,SHIPPING_DOC,EKS000017466,,,,,,,,2026-03-22 15:44:02,,,N,,0.00000,0.00000,0.00000,0.00000,,,,,,,,,,,,,0
2008446,Загрузка ручная,,MN,,,o.ivanov,,,2026-03-22 15:44:02,2026-03-22 15:44:02,,,,,,,,,,,N,,SHIPPING_DOC,EKS000017475,,,,,,,,2026-03-22 15:44:02,,,N,,0.00000,0.00000,0.00000,0.00000,,,,,,,,,,,,,0
2008447,Загрузка ручная,,MN,,,o.ivanov,,,2026-03-22 15:44:02,2026-03-22 15:44:02,,,,,,,,,,,N,,SHIPPING_DOC,EKS000017515,,,,,,,,2026-03-22 15:44:02,,,N,,0.00000,0.00000,0.00000,0.00000,,,,,,,,,,,,,0
2008448,Загрузка ручная,,MN,,,o.ivanov,,,2026-03-22 15:44:02,2026-03-22 15:44:02,,,,,,,,,,,N,,SHIPPING_DOC,EKS000017522,,,,,,,,2026-03-22 15:44:02,,,N,,0.00000,0.00000,0.00000,0.00000,,,,,,,,,,,,,0
2009116,Загрузка механизмами,,MN,,,user2249,,,2026-03-23 07:07:27,2026-03-23 07:07:27,,,,,,,,,,,N,,SHIPPING_DOC,EKS000017542,,,,,,,,2026-03-23 07:07:27,,,N,,0.00000,0.00000,0.00000,0.00000,,,,,,,,,,,,,0
2009117,Загрузка механизмами,,MN,,,user2249,,,2026-03-23 07:07:27,2026-03-23 07:07:27,,,,,,,,,,,N,,SHIPPING_DOC,EKS000017555,,,,,,,,2026-03-23 07:07:27,,,N,,0.00000,0.00000,0.00000,0.00000,,,,,,,,,,,,,0
2009118,Загрузка механизмами,,MN,,,user2249,,,2026-03-23 07:07:27,2026-03-23 07:07:27,,,,,,,,,,,N,,SHIPPING_DOC,EKS000017564,,,,,,,,2026-03-23 07:07:27,,,N,,0.00000,0.00000,0.00000,0.00000,,,,,,,,,,,,,0
2009119,Загрузка механизмами,,MN,,,user2249,,,2026-03-23 07:07:27,2026-03-23 07:07:27,,,,,,,,,,,N,,SHIPPING_DOC,EKS000017586,,,,,,,,2026-03-23 07:07:27,,,N,,0.00000,0.00000,0.00000,0.00000,,,,,,,,,,,,,0
2009120,Загрузка механизмами,,MN,,,user2249,,,2026-03-23 07:07:27,2026-03-23 07:07:27,,,,,,,,,,,N,,SHIPPING_DOC,EKS000017606,,,,,,,,2026-03-23 07:07:27,,,N,,0.00000,0.00000,0.00000,0.00000,,,,,,,,,,,,,0
2009121,Загрузка механизмами,,MN,,,user2249,,,2026-03-23 07:07:27,2026-03-23 07:07:27,,,,,,,,,,,N,,SHIPPING_DOC,EKS000017639,,,,,,,,2026-03-23 07:07:27,,,N,,0.00000,0.00000,0.00000,0.00000,,,,,,,,,,,,,0
2009122,Загрузка механизмами,,MN,,,user2249,,,2026-03-23 07:07:27,2026-03-23 07:07:27,,,,,,,,,,,N,,SHIPPING_DOC,EKS000017645,,,,,,,,2026-03-23 07:07:27,,,N,,0.00000,0.00000,0.00000,0.00000,,,,,,,,,,,,,0
2009123,Загрузка механизмами,,MN,,,user2249,,,2026-03-23 07:07:27,2026-03-23 07:07:27,,,,,,,,,,,N,,SHIPPING_DOC,EKS000017695,,,,,,,,2026-03-23 07:07:27,,,N,,0.00000,0.00000,0.00000,0.00000,,,,,,,,,,,,,0
2009124,Загрузка механизмами,,MN,,,user2249,,,2026-03-23 07:07:27,2026-03-23 07:07:27,,,,,,,,,,,N,,SHIPPING_DOC,EKS000017776,,,,,,,,2026-03-23 07:07:27,,,N,,0.00000,0.00000,0.00000,0.00000,,,,,,,,,,,,,0
2009125,Загрузка механизмами,,MN,,,user2249,,,2026-03-23 07:07:27,2026-03-23 07:07:27,,,,,,,,,,,N,,SHIPPING_DOC,EKS000017795,,,,,,,,2026-03-23 07:07:27,,,N,,0.00000,0.00000,0.00000,0.00000,,,,,,,,,,,,,0
2009126,Загрузка механизмами,,MN,,,user2249,,,2026-03-23 07:07:27,2026-03-23 07:07:27,,,,,,,,,,,N,,SHIPPING_DOC,EKS000017796,,,,,,,,2026-03-23 07:07:27,,,N,,0.00000,0.00000,0.00000,0.00000,,,,,,,,,,,,,0
2009127,Загрузка механизмами,,MN,,,user2249,,,2026-03-23 07:07:27,2026-03-23 07:07:27,,,,,,,,,,,N,,SHIPPING_DOC,EKS000017821,,,,,,,,2026-03-23 07:07:27,,,N,,0.00000,0.00000,0.00000,0.00000,,,,,,,,,,,,,0
2009128,Загрузка механизмами,,MN,,,user2249,,,2026-03-23 07:07:27,2026-03-23 07:07:27,,,,,,,,,,,N,,SHIPPING_DOC,EKS000017826,,,,,,,,2026-03-23 07:07:27,,,N,,0.00000,0.00000,0.00000,0.00000,,,,,,,,,,,,,0
2009129,Загрузка механизмами,,MN,,,user2249,,,2026-03-23 07:07:27,2026-03-23 07:07:27,,,,,,,,,,,N,,SHIPPING_DOC,EKS000017844,,,,,,,,2026-03-23 07:07:27,,,N,,0.00000,0.00000,0.00000,0.00000,,,,,,,,,,,,,0
2009130,Загрузка ручная,,MN,,,user2249,,,2026-03-23 07:07:27,2026-03-23 07:07:27,,,,,,,,,,,N,,SHIPPING_DOC,EKS000017488,,,,,,,,2026-03-23 07:07:27,,,N,,0.00000,0.00000,0.00000,0.00000,,,,,,,,,,,,,0
2009131,Загрузка ручная,,MN,,,user2249,,,2026-03-23 07:07:27,2026-03-23 07:07:27,,,,,,,,,,,N,,SHIPPING_DOC,EKS000017496,,,,,,,,2026-03-23 07:07:27,,,N,,0.00000,0.00000,0.00000,0.00000,,,,,,,,,,,,,0
2009132,Загрузка ручная,,MN,,,user2249,,,2026-03-23 07:07:27,2026-03-23 07:07:27,,,,,,,,,,,N,,SHIPPING_DOC,EKS000017497,,,,,,,,2026-03-23 07:07:27,,,N,,0.00000,0.00000,0.00000,0.00000,,,,,,,,,,,,,0
2009133,Загрузка ручная,,MN,,,user2249,,,2026-03-23 07:07:27,2026-03-23 07:07:27,,,,,,,,,,,N,,SHIPPING_DOC,EKS000017501,,,,,,,,2026-03-23 07:07:27,,,N,,0.00000,0.00000,0.00000,0.00000,,,,,,,,,,,,,0
2009134,Загрузка ручная,,MN,,,user2249,,,2026-03-23 07:07:27,2026-03-23 07:07:27,,,,,,,,,,,N,,SHIPPING_DOC,EKS000017506,,,,,,,,2026-03-23 07:07:27,,,N,,0.00000,0.00000,0.00000,0.00000,,,,,,,,,,,,,0
2009135,Загрузка ручная,,MN,,,user2249,,,2026-03-23 07:07:27,2026-03-23 07:07:27,,,,,,,,,,,N,,SHIPPING_DOC,EKS000017507,,,,,,,,2026-03-23 07:07:27,,,N,,0.00000,0.00000,0.00000,0.00000,,,,,,,,,,,,,0
2009136,Загрузка ручная,,MN,,,user2249,,,2026-03-23 07:07:27,2026-03-23 07:07:27,,,,,,,,,,,N,,SHIPPING_DOC,EKS000017538,,,,,,,,2026-03-23 07:07:27,,,N,,0.00000,0.00000,0.00000,0.00000,,,,,,,,,,,,,0
2009137,Загрузка ручная,,MN,,,user2249,,,2026-03-23 07:07:27,2026-03-23 07:07:27,,,,,,,,,,,N,,SHIPPING_DOC,EKS000017542,,,,,,,,2026-03-23 07:07:27,,,N,,0.00000,0.00000,0.00000,0.00000,,,,,,,,,,,,,0
2009138,Загрузка ручная,,MN,,,user2249,,,2026-03-23 07:07:27,2026-03-23 07:07:27,,,,,,,,,,,N,,SHIPPING_DOC,EKS000017555,,,,,,,,2026-03-23 07:07:27,,,N,,0.00000,0.00000,0.00000,0.00000,,,,,,,,,,,,,0
2009139,Загрузка ручная,,MN,,,user2249,,,2026-03-23 07:07:27,2026-03-23 07:07:27,,,,,,,,,,,N,,SHIPPING_DOC,EKS000017564,,,,,,,,2026-03-23 07:07:27,,,N,,0.00000,0.00000,0.00000,0.00000,,,,,,,,,,,,,0
2009140,Загрузка ручная,,MN,,,user2249,,,2026-03-23 07:07:27,2026-03-23 07:07:27,,,,,,,,,,,N,,SHIPPING_DOC,EKS000017586,,,,,,,,2026-03-23 07:07:27,,,N,,0.00000,0.00000,0.00000,0.00000,,,,,,,,,,,,,0
2009666,Загрузка механизмами,,MN,,,e.ulishchenko,,,2026-03-23 15:46:38,2026-03-23 15:46:38,,,,,,,,,,,N,,SHIPPING_DOC,EKS000017876,,,,,,,,2026-03-23 15:46:38,,,N,,0.00000,0.00000,0.00000,0.00000,,,,,,,,,,,,,0
2009667,Загрузка ручная,,MN,,,e.ulishchenko,,,2026-03-23 15:46:38,2026-03-23 15:46:38,,,,,,,,,,,N,,SHIPPING_DOC,EKS000017409,,,,,,,,2026-03-23 15:46:38,,,N,,0.00000,0.00000,0.00000,0.00000,,,,,,,,,,,,,0
2009668,Загрузка ручная,,MN,,,e.ulishchenko,,,2026-03-23 15:46:38,2026-03-23 15:46:38,,,,,,,,,,,N,,SHIPPING_DOC,EKS000017993,,,,,,,,2026-03-23 15:46:38,,,N,,0.00000,0.00000,0.00000,0.00000,,,,,,,,,,,,,0
2009669,Загрузка ручная,,MN,,,e.ulishchenko,,,2026-03-23 15:46:38,2026-03-23 15:46:38,,,,,,,,,,,N,,SHIPPING_DOC,EKS000017996,,,,,,,,2026-03-23 15:46:38,,,N,,0.00000,0.00000,0.00000,0.00000,,,,,,,,,,,,,0
2009670,Загрузка ручная,,MN,,,e.ulishchenko,,,2026-03-23 15:46:38,2026-03-23 15:46:38,,,,,,,,,,,N,,SHIPPING_DOC,EKS000018000,,,,,,,,2026-03-23 15:46:38,,,N,,0.00000,0.00000,0.00000,0.00000,,,,,,,,,,,,,0
2009671,Загрузка ручная,,MN,,,e.ulishchenko,,,2026-03-23 15:46:38,2026-03-23 15:46:38,,,,,,,,,,,N,,SHIPPING_DOC,EKS000018054,,,,,,,,2026-03-23 15:46:38,,,N,,0.00000,0.00000,0.00000,0.00000,,,,,,,,,,,,,0
2009672,Загрузка ручная,,MN,,,e.ulishchenko,,,2026-03-23 15:46:38,2026-03-23 15:46:38,,,,,,,,,,,N,,SHIPPING_DOC,TR-23/03/2026-10,,,,,,,,2026-03-23 15:46:38,,,N,,0.00000,0.00000,0.00000,0.00000,,,,,,,,,,,,,0
2009673,Загрузка ручная,,MN,,,e.ulishchenko,,,2026-03-23 15:46:38,2026-03-23 15:46:38,,,,,,,,,,,N,,SHIPPING_DOC,EKS000018070,,,,,,,,2026-03-23 15:46:38,,,N,,0.00000,0.00000,0.00000,0.00000,,,,,,,,,,,,,0
2009674,Загрузка ручная,,MN,,,e.ulishchenko,,,2026-03-23 15:46:38,2026-03-23 15:46:38,,,,,,,,,,,N,,SHIPPING_DOC,EKS000018073,,,,,,,,2026-03-23 15:46:38,,,N,,0.00000,0.00000,0.00000,0.00000,,,,,,,,,,,,,0
2009675,Загрузка ручная,,MN,,,e.ulishchenko,,,2026-03-23 15:46:38,2026-03-23 15:46:38,,,,,,,,,,,N,,SHIPPING_DOC,EKS000018105,,,,,,,,2026-03-23 15:46:38,,,N,,0.00000,0.00000,0.00000,0.00000,,,,,,,,,,,,,0
2009676,Загрузка ручная,,MN,,,e.ulishchenko,,,2026-03-23 15:46:38,2026-03-23 15:46:38,,,,,,,,,,,N,,SHIPPING_DOC,EKS000017876,,,,,,,,2026-03-23 15:46:38,,,N,,0.00000,0.00000,0.00000,0.00000,,,,,,,,,,,,,0
2009677,Разгрузка механизмами,,MN,,,user3125,,,2026-03-23 15:50:35,2026-03-23 15:50:35,,,,,,,,,,,N,,RECEIPT_DOC,EKS000005784,,,,,,,,2026-03-23 15:50:35,,,N,,0.00000,0.00000,0.00000,0.00000,,,,,,,,,,,,,0
2008449,Загрузка ручная,,MN,,,o.ivanov,,,2026-03-22 15:44:02,2026-03-22 15:44:02,,,,,,,,,,,N,,SHIPPING_DOC,EKS000017716,,,,,,,,2026-03-22 15:44:02,,,N,,0.00000,0.00000,0.00000,0.00000,,,,,,,,,,,,,0
2008450,Загрузка ручная,,MN,,,o.ivanov,,,2026-03-22 15:44:02,2026-03-22 15:44:02,,,,,,,,,,,N,,SHIPPING_DOC,EKS000017717,,,,,,,,2026-03-22 15:44:02,,,N,,0.00000,0.00000,0.00000,0.00000,,,,,,,,,,,,,0
2008451,Загрузка ручная,,MN,,,o.ivanov,,,2026-03-22 15:44:02,2026-03-22 15:44:02,,,,,,,,,,,N,,SHIPPING_DOC,EKS000017783,,,,,,,,2026-03-22 15:44:02,,,N,,0.00000,0.00000,0.00000,0.00000,,,,,,,,,,,,,0
2008452,Загрузка ручная,,MN,,,o.ivanov,,,2026-03-22 15:44:02,2026-03-22 15:44:02,,,,,,,,,,,N,,SHIPPING_DOC,EKS000017784,,,,,,,,2026-03-22 15:44:02,,,N,,0.00000,0.00000,0.00000,0.00000,,,,,,,,,,,,,0
2008453,Загрузка ручная,,MN,,,o.ivanov,,,2026-03-22 15:44:02,2026-03-22 15:44:02,,,,,,,,,,,N,,SHIPPING_DOC,EKS000017846,,,,,,,,2026-03-22 15:44:02,,,N,,0.00000,0.00000,0.00000,0.00000,,,,,,,,,,,,,0
2008454,Загрузка ручная,,MN,,,n.vesnin,,,2026-03-22 16:11:11,2026-03-22 16:11:11,,,,,,,,,,,N,,SHIPPING_DOC,EKS000017488,,,,,,,,2026-03-22 16:11:11,,,N,,0.00000,0.00000,0.00000,0.00000,,,,,,,,,,,,,0
2008455,Загрузка ручная,,MN,,,n.vesnin,,,2026-03-22 16:11:11,2026-03-22 16:11:11,,,,,,,,,,,N,,SHIPPING_DOC,EKS000017496,,,,,,,,2026-03-22 16:11:11,,,N,,0.00000,0.00000,0.00000,0.00000,,,,,,,,,,,,,0
2008456,Загрузка ручная,,MN,,,n.vesnin,,,2026-03-22 16:11:11,2026-03-22 16:11:11,,,,,,,,,,,N,,SHIPPING_DOC,EKS000017497,,,,,,,,2026-03-22 16:11:11,,,N,,0.00000,0.00000,0.00000,0.00000,,,,,,,,,,,,,0
2008457,Загрузка ручная,,MN,,,n.vesnin,,,2026-03-22 16:11:11,2026-03-22 16:11:11,,,,,,,,,,,N,,SHIPPING_DOC,EKS000017501,,,,,,,,2026-03-22 16:11:11,,,N,,0.00000,0.00000,0.00000,0.00000,,,,,,,,,,,,,0
2008458,Загрузка ручная,,MN,,,n.vesnin,,,2026-03-22 16:11:11,2026-03-22 16:11:11,,,,,,,,,,,N,,SHIPPING_DOC,EKS000017506,,,,,,,,2026-03-22 16:11:11,,,N,,0.00000,0.00000,0.00000,0.00000,,,,,,,,,,,,,0
2008459,Загрузка ручная,,MN,,,n.vesnin,,,2026-03-22 16:11:11,2026-03-22 16:11:11,,,,,,,,,,,N,,SHIPPING_DOC,EKS000017507,,,,,,,,2026-03-22 16:11:11,,,N,,0.00000,0.00000,0.00000,0.00000,,,,,,,,,,,,,0
2008460,Загрузка ручная,,MN,,,n.vesnin,,,2026-03-22 16:11:11,2026-03-22 16:11:11,,,,,,,,,,,N,,SHIPPING_DOC,EKS000017538,,,,,,,,2026-03-22 16:11:11,,,N,,0.00000,0.00000,0.00000,0.00000,,,,,,,,,,,,,0
2008461,Загрузка ручная,,MN,,,n.vesnin,,,2026-03-22 16:11:11,2026-03-22 16:11:11,,,,,,,,,,,N,,SHIPPING_DOC,EKS000017542,,,,,,,,2026-03-22 16:11:11,,,N,,0.00000,0.00000,0.00000,0.00000,,,,,,,,,,,,,0
2009141,Загрузка ручная,,MN,,,user2249,,,2026-03-23 07:07:27,2026-03-23 07:07:27,,,,,,,,,,,N,,SHIPPING_DOC,EKS000017606,,,,,,,,2026-03-23 07:07:27,,,N,,0.00000,0.00000,0.00000,0.00000,,,,,,,,,,,,,0
2009142,Загрузка ручная,,MN,,,user2249,,,2026-03-23 07:07:27,2026-03-23 07:07:27,,,,,,,,,,,N,,SHIPPING_DOC,EKS000017639,,,,,,,,2026-03-23 07:07:27,,,N,,0.00000,0.00000,0.00000,0.00000,,,,,,,,,,,,,0
2009143,Загрузка ручная,,MN,,,user2249,,,2026-03-23 07:07:27,2026-03-23 07:07:27,,,,,,,,,,,N,,SHIPPING_DOC,EKS000017645,,,,,,,,2026-03-23 07:07:27,,,N,,0.00000,0.00000,0.00000,0.00000,,,,,,,,,,,,,0
2009144,Загрузка ручная,,MN,,,user2249,,,2026-03-23 07:07:27,2026-03-23 07:07:27,,,,,,,,,,,N,,SHIPPING_DOC,EKS000017695,,,,,,,,2026-03-23 07:07:27,,,N,,0.00000,0.00000,0.00000,0.00000,,,,,,,,,,,,,0
2009145,Загрузка ручная,,MN,,,user2249,,,2026-03-23 07:07:27,2026-03-23 07:07:27,,,,,,,,,,,N,,SHIPPING_DOC,EKS000017776,,,,,,,,2026-03-23 07:07:27,,,N,,0.00000,0.00000,0.00000,0.00000,,,,,,,,,,,,,0
2009146,Загрузка ручная,,MN,,,user2249,,,2026-03-23 07:07:27,2026-03-23 07:07:27,,,,,,,,,,,N,,SHIPPING_DOC,EKS000017795,,,,,,,,2026-03-23 07:07:27,,,N,,0.00000,0.00000,0.00000,0.00000,,,,,,,,,,,,,0
2009147,Загрузка ручная,,MN,,,user2249,,,2026-03-23 07:07:27,2026-03-23 07:07:27,,,,,,,,,,,N,,SHIPPING_DOC,EKS000017796,,,,,,,,2026-03-23 07:07:27,,,N,,0.00000,0.00000,0.00000,0.00000,,,,,,,,,,,,,0
2009148,Загрузка ручная,,MN,,,user2249,,,2026-03-23 07:07:27,2026-03-23 07:07:27,,,,,,,,,,,N,,SHIPPING_DOC,EKS000017821,,,,,,,,2026-03-23 07:07:27,,,N,,0.00000,0.00000,0.00000,0.00000,,,,,,,,,,,,,0
2009149,Загрузка ручная,,MN,,,user2249,,,2026-03-23 07:07:27,2026-03-23 07:07:27,,,,,,,,,,,N,,SHIPPING_DOC,EKS000017826,,,,,,,,2026-03-23 07:07:27,,,N,,0.00000,0.00000,0.00000,0.00000,,,,,,,,,,,,,0
2009150,Загрузка ручная,,MN,,,user2249,,,2026-03-23 07:07:27,2026-03-23 07:07:27,,,,,,,,,,,N,,SHIPPING_DOC,EKS000017844,,,,,,,,2026-03-23 07:07:27,,,N,,0.00000,0.00000,0.00000,0.00000,,,,,,,,,,,,,0
2009151,Загрузка механизмами,,MN,,,user2334,,,2026-03-23 07:07:32,2026-03-23 07:07:32,,,,,,,,,,,N,,SHIPPING_DOC,EKS000017489,,,,,,,,2026-03-23 07:07:32,,,N,,0.00000,0.00000,0.00000,0.00000,,,,,,,,,,,,,0
2009152,Загрузка механизмами,,MN,,,user2334,,,2026-03-23 07:07:32,2026-03-23 07:07:32,,,,,,,,,,,N,,SHIPPING_DOC,EKS000017490,,,,,,,,2026-03-23 07:07:32,,,N,,0.00000,0.00000,0.00000,0.00000,,,,,,,,,,,,,0
2009153,Загрузка механизмами,,MN,,,user2334,,,2026-03-23 07:07:32,2026-03-23 07:07:32,,,,,,,,,,,N,,SHIPPING_DOC,TR-20.03.2026-201,,,,,,,,2026-03-23 07:07:32,,,N,,0.00000,0.00000,0.00000,0.00000,,,,,,,,,,,,,0
2009678,Разгрузка ручная,,MN,,,user3125,,,2026-03-23 15:50:35,2026-03-23 15:50:35,,,,,,,,,,,N,,RECEIPT_DOC,EKS000005784,,,,,,,,2026-03-23 15:50:35,,,N,,0.00000,0.00000,0.00000,0.00000,,,,,,,,,,,,,0
2009679,Разгрузка механизмами,,MN,,,user3125,,,2026-03-23 15:50:40,2026-03-23 15:50:40,,,,,,,,,,,N,,RECEIPT_DOC,EKS000005785,,,,,,,,2026-03-23 15:50:40,,,N,,0.00000,0.00000,0.00000,0.00000,,,,,,,,,,,,,0
2009680,Разгрузка ручная,,MN,,,user3125,,,2026-03-23 15:50:40,2026-03-23 15:50:40,,,,,,,,,,,N,,RECEIPT_DOC,EKS000005785,,,,,,,,2026-03-23 15:50:40,,,N,,0.00000,0.00000,0.00000,0.00000,,,,,,,,,,,,,0
2009681,Разгрузка механизмами,,MN,,,user3125,,,2026-03-23 15:50:45,2026-03-23 15:50:45,,,,,,,,,,,N,,RECEIPT_DOC,EKS000005786,,,,,,,,2026-03-23 15:50:45,,,N,,0.00000,0.00000,0.00000,0.00000,,,,,,,,,,,,,0
2009682,Разгрузка ручная,,MN,,,user3125,,,2026-03-23 15:50:45,2026-03-23 15:50:45,,,,,,,,,,,N,,RECEIPT_DOC,EKS000005786,,,,,,,,2026-03-23 15:50:45,,,N,,0.00000,0.00000,0.00000,0.00000,,,,,,,,,,,,,0
2009683,Загрузка механизмами,,MN,,,user2349,,,2026-03-23 15:53:38,2026-03-23 15:53:38,,,,,,,,,,,N,,SHIPPING_DOC,TR-23/03/2026-12,,,,,,,,2026-03-23 15:53:38,,,N,,0.00000,0.00000,0.00000,0.00000,,,,,,,,,,,,,0
2009684,Загрузка механизмами,,MN,,,user2349,,,2026-03-23 15:53:38,2026-03-23 15:53:38,,,,,,,,,,,N,,SHIPPING_DOC,EKS000017944,,,,,,,,2026-03-23 15:53:38,,,N,,0.00000,0.00000,0.00000,0.00000,,,,,,,,,,,,,0
2009685,Загрузка механизмами,,MN,,,user2349,,,2026-03-23 15:53:38,2026-03-23 15:53:38,,,,,,,,,,,N,,SHIPPING_DOC,EKS000017989,,,,,,,,2026-03-23 15:53:38,,,N,,0.00000,0.00000,0.00000,0.00000,,,,,,,,,,,,,0
2009686,Загрузка механизмами,,MN,,,user2349,,,2026-03-23 15:53:38,2026-03-23 15:53:38,,,,,,,,,,,N,,SHIPPING_DOC,EKS000018001,,,,,,,,2026-03-23 15:53:38,,,N,,0.00000,0.00000,0.00000,0.00000,,,,,,,,,,,,,0
2009687,Загрузка механизмами,,MN,,,user2349,,,2026-03-23 15:53:38,2026-03-23 15:53:38,,,,,,,,,,,N,,SHIPPING_DOC,EKS000018003,,,,,,,,2026-03-23 15:53:38,,,N,,0.00000,0.00000,0.00000,0.00000,,,,,,,,,,,,,0
2009688,Загрузка механизмами,,MN,,,user2349,,,2026-03-23 15:53:38,2026-03-23 15:53:38,,,,,,,,,,,N,,SHIPPING_DOC,EKS000018007,,,,,,,,2026-03-23 15:53:38,,,N,,0.00000,0.00000,0.00000,0.00000,,,,,,,,,,,,,0
2009689,Загрузка механизмами,,MN,,,user2349,,,2026-03-23 15:53:38,2026-03-23 15:53:38,,,,,,,,,,,N,,SHIPPING_DOC,EKS000018031,,,,,,,,2026-03-23 15:53:38,,,N,,0.00000,0.00000,0.00000,0.00000,,,,,,,,,,,,,0
2009690,Загрузка механизмами,,MN,,,user2349,,,2026-03-23 15:53:38,2026-03-23 15:53:38,,,,,,,,,,,N,,SHIPPING_DOC,TR-23/03/2026-02,,,,,,,,2026-03-23 15:53:38,,,N,,0.00000,0.00000,0.00000,0.00000,,,,,,,,,,,,,0
2008462,Загрузка ручная,,MN,,,n.vesnin,,,2026-03-22 16:11:11,2026-03-22 16:11:11,,,,,,,,,,,N,,SHIPPING_DOC,EKS000017555,,,,,,,,2026-03-22 16:11:11,,,N,,0.00000,0.00000,0.00000,0.00000,,,,,,,,,,,,,0
2008463,Загрузка ручная,,MN,,,n.vesnin,,,2026-03-22 16:11:11,2026-03-22 16:11:11,,,,,,,,,,,N,,SHIPPING_DOC,EKS000017564,,,,,,,,2026-03-22 16:11:11,,,N,,0.00000,0.00000,0.00000,0.00000,,,,,,,,,,,,,0
2008464,Загрузка ручная,,MN,,,n.vesnin,,,2026-03-22 16:11:11,2026-03-22 16:11:11,,,,,,,,,,,N,,SHIPPING_DOC,EKS000017586,,,,,,,,2026-03-22 16:11:11,,,N,,0.00000,0.00000,0.00000,0.00000,,,,,,,,,,,,,0
2008465,Загрузка ручная,,MN,,,n.vesnin,,,2026-03-22 16:11:11,2026-03-22 16:11:11,,,,,,,,,,,N,,SHIPPING_DOC,EKS000017606,,,,,,,,2026-03-22 16:11:11,,,N,,0.00000,0.00000,0.00000,0.00000,,,,,,,,,,,,,0
2008466,Загрузка ручная,,MN,,,n.vesnin,,,2026-03-22 16:11:11,2026-03-22 16:11:11,,,,,,,,,,,N,,SHIPPING_DOC,EKS000017639,,,,,,,,2026-03-22 16:11:11,,,N,,0.00000,0.00000,0.00000,0.00000,,,,,,,,,,,,,0
2008467,Загрузка ручная,,MN,,,n.vesnin,,,2026-03-22 16:11:11,2026-03-22 16:11:11,,,,,,,,,,,N,,SHIPPING_DOC,EKS000017645,,,,,,,,2026-03-22 16:11:11,,,N,,0.00000,0.00000,0.00000,0.00000,,,,,,,,,,,,,0
2008468,Загрузка ручная,,MN,,,n.vesnin,,,2026-03-22 16:11:11,2026-03-22 16:11:11,,,,,,,,,,,N,,SHIPPING_DOC,EKS000017695,,,,,,,,2026-03-22 16:11:11,,,N,,0.00000,0.00000,0.00000,0.00000,,,,,,,,,,,,,0
2008469,Загрузка ручная,,MN,,,n.vesnin,,,2026-03-22 16:11:11,2026-03-22 16:11:11,,,,,,,,,,,N,,SHIPPING_DOC,EKS000017776,,,,,,,,2026-03-22 16:11:11,,,N,,0.00000,0.00000,0.00000,0.00000,,,,,,,,,,,,,0
2008470,Загрузка ручная,,MN,,,n.vesnin,,,2026-03-22 16:11:11,2026-03-22 16:11:11,,,,,,,,,,,N,,SHIPPING_DOC,EKS000017795,,,,,,,,2026-03-22 16:11:11,,,N,,0.00000,0.00000,0.00000,0.00000,,,,,,,,,,,,,0
2008471,Загрузка ручная,,MN,,,n.vesnin,,,2026-03-22 16:11:11,2026-03-22 16:11:11,,,,,,,,,,,N,,SHIPPING_DOC,EKS000017796,,,,,,,,2026-03-22 16:11:11,,,N,,0.00000,0.00000,0.00000,0.00000,,,,,,,,,,,,,0
2008472,Загрузка ручная,,MN,,,n.vesnin,,,2026-03-22 16:11:11,2026-03-22 16:11:11,,,,,,,,,,,N,,SHIPPING_DOC,EKS000017821,,,,,,,,2026-03-22 16:11:11,,,N,,0.00000,0.00000,0.00000,0.00000,,,,,,,,,,,,,0
2008473,Загрузка ручная,,MN,,,n.vesnin,,,2026-03-22 16:11:11,2026-03-22 16:11:11,,,,,,,,,,,N,,SHIPPING_DOC,EKS000017826,,,,,,,,2026-03-22 16:11:11,,,N,,0.00000,0.00000,0.00000,0.00000,,,,,,,,,,,,,0
2008474,Загрузка ручная,,MN,,,n.vesnin,,,2026-03-22 16:11:11,2026-03-22 16:11:11,,,,,,,,,,,N,,SHIPPING_DOC,EKS000017844,,,,,,,,2026-03-22 16:11:11,,,N,,0.00000,0.00000,0.00000,0.00000,,,,,,,,,,,,,0
2009154,Загрузка механизмами,,MN,,,user2334,,,2026-03-23 07:07:32,2026-03-23 07:07:32,,,,,,,,,,,N,,SHIPPING_DOC,EKS000017797,,,,,,,,2026-03-23 07:07:32,,,N,,0.00000,0.00000,0.00000,0.00000,,,,,,,,,,,,,0
2009155,Загрузка механизмами,,MN,,,user2334,,,2026-03-23 07:07:32,2026-03-23 07:07:32,,,,,,,,,,,N,,SHIPPING_DOC,EKS000017798,,,,,,,,2026-03-23 07:07:32,,,N,,0.00000,0.00000,0.00000,0.00000,,,,,,,,,,,,,0
2009156,Загрузка механизмами,,MN,,,user2334,,,2026-03-23 07:07:32,2026-03-23 07:07:32,,,,,,,,,,,N,,SHIPPING_DOC,EKS000017845,,,,,,,,2026-03-23 07:07:32,,,N,,0.00000,0.00000,0.00000,0.00000,,,,,,,,,,,,,0
2009157,Загрузка механизмами,,MN,,,user2334,,,2026-03-23 07:07:32,2026-03-23 07:07:32,,,,,,,,,,,N,,SHIPPING_DOC,EKS000017870,,,,,,,,2026-03-23 07:07:32,,,N,,0.00000,0.00000,0.00000,0.00000,,,,,,,,,,,,,0
2009158,Загрузка ручная,,MN,,,user2334,,,2026-03-23 07:07:32,2026-03-23 07:07:32,,,,,,,,,,,N,,SHIPPING_DOC,EKS000017489,,,,,,,,2026-03-23 07:07:32,,,N,,0.00000,0.00000,0.00000,0.00000,,,,,,,,,,,,,0
2009159,Загрузка ручная,,MN,,,user2334,,,2026-03-23 07:07:32,2026-03-23 07:07:32,,,,,,,,,,,N,,SHIPPING_DOC,EKS000017490,,,,,,,,2026-03-23 07:07:32,,,N,,0.00000,0.00000,0.00000,0.00000,,,,,,,,,,,,,0
2009160,Загрузка ручная,,MN,,,user2334,,,2026-03-23 07:07:32,2026-03-23 07:07:32,,,,,,,,,,,N,,SHIPPING_DOC,TR-20.03.2026-201,,,,,,,,2026-03-23 07:07:32,,,N,,0.00000,0.00000,0.00000,0.00000,,,,,,,,,,,,,0
2009161,Загрузка ручная,,MN,,,user2334,,,2026-03-23 07:07:32,2026-03-23 07:07:32,,,,,,,,,,,N,,SHIPPING_DOC,EKS000017797,,,,,,,,2026-03-23 07:07:32,,,N,,0.00000,0.00000,0.00000,0.00000,,,,,,,,,,,,,0
2009162,Загрузка ручная,,MN,,,user2334,,,2026-03-23 07:07:32,2026-03-23 07:07:32,,,,,,,,,,,N,,SHIPPING_DOC,EKS000017798,,,,,,,,2026-03-23 07:07:32,,,N,,0.00000,0.00000,0.00000,0.00000,,,,,,,,,,,,,0
2009163,Загрузка ручная,,MN,,,user2334,,,2026-03-23 07:07:32,2026-03-23 07:07:32,,,,,,,,,,,N,,SHIPPING_DOC,EKS000017845,,,,,,,,2026-03-23 07:07:32,,,N,,0.00000,0.00000,0.00000,0.00000,,,,,,,,,,,,,0
2009164,Загрузка ручная,,MN,,,user2334,,,2026-03-23 07:07:32,2026-03-23 07:07:32,,,,,,,,,,,N,,SHIPPING_DOC,EKS000017870,,,,,,,,2026-03-23 07:07:32,,,N,,0.00000,0.00000,0.00000,0.00000,,,,,,,,,,,,,0
2009165,Загрузка механизмами,,MN,,,user2249,,,2026-03-23 07:07:48,2026-03-23 07:07:48,,,,,,,,,,,N,,SHIPPING_DOC,EKS000017489,,,,,,,,2026-03-23 07:07:48,,,N,,0.00000,0.00000,0.00000,0.00000,,,,,,,,,,,,,0
2009166,Загрузка механизмами,,MN,,,user2249,,,2026-03-23 07:07:48,2026-03-23 07:07:48,,,,,,,,,,,N,,SHIPPING_DOC,EKS000017490,,,,,,,,2026-03-23 07:07:48,,,N,,0.00000,0.00000,0.00000,0.00000,,,,,,,,,,,,,0
2009691,Загрузка механизмами,,MN,,,user2349,,,2026-03-23 15:53:38,2026-03-23 15:53:38,,,,,,,,,,,N,,SHIPPING_DOC,EKS000018091,,,,,,,,2026-03-23 15:53:38,,,N,,0.00000,0.00000,0.00000,0.00000,,,,,,,,,,,,,0
2009692,Загрузка механизмами,,MN,,,user2349,,,2026-03-23 15:53:38,2026-03-23 15:53:38,,,,,,,,,,,N,,SHIPPING_DOC,EKS000018097,,,,,,,,2026-03-23 15:53:38,,,N,,0.00000,0.00000,0.00000,0.00000,,,,,,,,,,,,,0
2009693,Загрузка механизмами,,MN,,,user2349,,,2026-03-23 15:53:38,2026-03-23 15:53:38,,,,,,,,,,,N,,SHIPPING_DOC,EKS000018099,,,,,,,,2026-03-23 15:53:38,,,N,,0.00000,0.00000,0.00000,0.00000,,,,,,,,,,,,,0
2009694,Загрузка ручная,,MN,,,user2349,,,2026-03-23 15:53:38,2026-03-23 15:53:38,,,,,,,,,,,N,,SHIPPING_DOC,TR-23/03/2026-12,,,,,,,,2026-03-23 15:53:38,,,N,,0.00000,0.00000,0.00000,0.00000,,,,,,,,,,,,,0
2009695,Загрузка ручная,,MN,,,user2349,,,2026-03-23 15:53:38,2026-03-23 15:53:38,,,,,,,,,,,N,,SHIPPING_DOC,EKS000017944,,,,,,,,2026-03-23 15:53:38,,,N,,0.00000,0.00000,0.00000,0.00000,,,,,,,,,,,,,0
2009696,Загрузка ручная,,MN,,,user2349,,,2026-03-23 15:53:38,2026-03-23 15:53:38,,,,,,,,,,,N,,SHIPPING_DOC,EKS000017989,,,,,,,,2026-03-23 15:53:38,,,N,,0.00000,0.00000,0.00000,0.00000,,,,,,,,,,,,,0
2009697,Загрузка ручная,,MN,,,user2349,,,2026-03-23 15:53:38,2026-03-23 15:53:38,,,,,,,,,,,N,,SHIPPING_DOC,EKS000018001,,,,,,,,2026-03-23 15:53:38,,,N,,0.00000,0.00000,0.00000,0.00000,,,,,,,,,,,,,0
2009698,Загрузка ручная,,MN,,,user2349,,,2026-03-23 15:53:38,2026-03-23 15:53:38,,,,,,,,,,,N,,SHIPPING_DOC,EKS000018003,,,,,,,,2026-03-23 15:53:38,,,N,,0.00000,0.00000,0.00000,0.00000,,,,,,,,,,,,,0
2009699,Загрузка ручная,,MN,,,user2349,,,2026-03-23 15:53:38,2026-03-23 15:53:38,,,,,,,,,,,N,,SHIPPING_DOC,EKS000018007,,,,,,,,2026-03-23 15:53:38,,,N,,0.00000,0.00000,0.00000,0.00000,,,,,,,,,,,,,0
2009700,Загрузка ручная,,MN,,,user2349,,,2026-03-23 15:53:38,2026-03-23 15:53:38,,,,,,,,,,,N,,SHIPPING_DOC,EKS000018031,,,,,,,,2026-03-23 15:53:38,,,N,,0.00000,0.00000,0.00000,0.00000,,,,,,,,,,,,,0
2009701,Загрузка ручная,,MN,,,user2349,,,2026-03-23 15:53:38,2026-03-23 15:53:38,,,,,,,,,,,N,,SHIPPING_DOC,TR-23/03/2026-02,,,,,,,,2026-03-23 15:53:38,,,N,,0.00000,0.00000,0.00000,0.00000,,,,,,,,,,,,,0
2009702,Загрузка ручная,,MN,,,user2349,,,2026-03-23 15:53:38,2026-03-23 15:53:38,,,,,,,,,,,N,,SHIPPING_DOC,EKS000018091,,,,,,,,2026-03-23 15:53:38,,,N,,0.00000,0.00000,0.00000,0.00000,,,,,,,,,,,,,0
2009703,Загрузка ручная,,MN,,,user2349,,,2026-03-23 15:53:38,2026-03-23 15:53:38,,,,,,,,,,,N,,SHIPPING_DOC,EKS000018097,,,,,,,,2026-03-23 15:53:38,,,N,,0.00000,0.00000,0.00000,0.00000,,,,,,,,,,,,,0
2008475,Загрузка механизмами,,MN,,,USER1319,,,2026-03-22 16:44:40,2026-03-22 16:44:40,,,,,,,,,,,N,,SHIPPING_DOC,EKS000017567,,,,,,,,2026-03-22 16:44:40,,,N,,0.00000,0.00000,0.00000,0.00000,,,,,,,,,,,,,0
2008476,Загрузка механизмами,,MN,,,USER1319,,,2026-03-22 16:44:40,2026-03-22 16:44:40,,,,,,,,,,,N,,SHIPPING_DOC,EKS000017598,,,,,,,,2026-03-22 16:44:40,,,N,,0.00000,0.00000,0.00000,0.00000,,,,,,,,,,,,,0
2008477,Загрузка механизмами,,MN,,,USER1319,,,2026-03-22 16:44:40,2026-03-22 16:44:40,,,,,,,,,,,N,,SHIPPING_DOC,EKS000017602,,,,,,,,2026-03-22 16:44:40,,,N,,0.00000,0.00000,0.00000,0.00000,,,,,,,,,,,,,0
2008478,Загрузка механизмами,,MN,,,USER1319,,,2026-03-22 16:44:40,2026-03-22 16:44:40,,,,,,,,,,,N,,SHIPPING_DOC,EKS000017708,,,,,,,,2026-03-22 16:44:40,,,N,,0.00000,0.00000,0.00000,0.00000,,,,,,,,,,,,,0
2008479,Загрузка механизмами,,MN,,,USER1319,,,2026-03-22 16:44:40,2026-03-22 16:44:40,,,,,,,,,,,N,,SHIPPING_DOC,EKS000017710,,,,,,,,2026-03-22 16:44:40,,,N,,0.00000,0.00000,0.00000,0.00000,,,,,,,,,,,,,0
2008480,Загрузка ручная,,MN,,,USER1319,,,2026-03-22 16:44:40,2026-03-22 16:44:40,,,,,,,,,,,N,,SHIPPING_DOC,EKS000017567,,,,,,,,2026-03-22 16:44:40,,,N,,0.00000,0.00000,0.00000,0.00000,,,,,,,,,,,,,0
2008481,Загрузка ручная,,MN,,,USER1319,,,2026-03-22 16:44:40,2026-03-22 16:44:40,,,,,,,,,,,N,,SHIPPING_DOC,EKS000017598,,,,,,,,2026-03-22 16:44:40,,,N,,0.00000,0.00000,0.00000,0.00000,,,,,,,,,,,,,0
2008482,Загрузка ручная,,MN,,,USER1319,,,2026-03-22 16:44:40,2026-03-22 16:44:40,,,,,,,,,,,N,,SHIPPING_DOC,EKS000017602,,,,,,,,2026-03-22 16:44:40,,,N,,0.00000,0.00000,0.00000,0.00000,,,,,,,,,,,,,0
2008483,Загрузка ручная,,MN,,,USER1319,,,2026-03-22 16:44:40,2026-03-22 16:44:40,,,,,,,,,,,N,,SHIPPING_DOC,EKS000017708,,,,,,,,2026-03-22 16:44:40,,,N,,0.00000,0.00000,0.00000,0.00000,,,,,,,,,,,,,0
2008484,Загрузка ручная,,MN,,,USER1319,,,2026-03-22 16:44:40,2026-03-22 16:44:40,,,,,,,,,,,N,,SHIPPING_DOC,EKS000017710,,,,,,,,2026-03-22 16:44:40,,,N,,0.00000,0.00000,0.00000,0.00000,,,,,,,,,,,,,0
2008485,Загрузка механизмами,,MN,,,USER1319,,,2026-03-22 17:18:08,2026-03-22 17:18:08,,,,,,,,,,,N,,SHIPPING_DOC,EKS000017569,,,,,,,,2026-03-22 17:18:08,,,N,,0.00000,0.00000,0.00000,0.00000,,,,,,,,,,,,,0
2008486,Загрузка механизмами,,MN,,,USER1319,,,2026-03-22 17:18:08,2026-03-22 17:18:08,,,,,,,,,,,N,,SHIPPING_DOC,EKS000017571,,,,,,,,2026-03-22 17:18:08,,,N,,0.00000,0.00000,0.00000,0.00000,,,,,,,,,,,,,0
2008487,Загрузка механизмами,,MN,,,USER1319,,,2026-03-22 17:18:08,2026-03-22 17:18:08,,,,,,,,,,,N,,SHIPPING_DOC,EKS000017572,,,,,,,,2026-03-22 17:18:08,,,N,,0.00000,0.00000,0.00000,0.00000,,,,,,,,,,,,,0
2008488,Загрузка механизмами,,MN,,,USER1319,,,2026-03-22 17:18:08,2026-03-22 17:18:08,,,,,,,,,,,N,,SHIPPING_DOC,EKS000017576,,,,,,,,2026-03-22 17:18:08,,,N,,0.00000,0.00000,0.00000,0.00000,,,,,,,,,,,,,0
2008489,Загрузка механизмами,,MN,,,USER1319,,,2026-03-22 17:18:08,2026-03-22 17:18:08,,,,,,,,,,,N,,SHIPPING_DOC,EKS000017599,,,,,,,,2026-03-22 17:18:08,,,N,,0.00000,0.00000,0.00000,0.00000,,,,,,,,,,,,,0
2008490,Загрузка механизмами,,MN,,,USER1319,,,2026-03-22 17:18:08,2026-03-22 17:18:08,,,,,,,,,,,N,,SHIPPING_DOC,EKS000017607,,,,,,,,2026-03-22 17:18:08,,,N,,0.00000,0.00000,0.00000,0.00000,,,,,,,,,,,,,0
2008491,Загрузка механизмами,,MN,,,USER1319,,,2026-03-22 17:18:08,2026-03-22 17:18:08,,,,,,,,,,,N,,SHIPPING_DOC,EKS000017608,,,,,,,,2026-03-22 17:18:08,,,N,,0.00000,0.00000,0.00000,0.00000,,,,,,,,,,,,,0
2008492,Загрузка механизмами,,MN,,,USER1319,,,2026-03-22 17:18:08,2026-03-22 17:18:08,,,,,,,,,,,N,,SHIPPING_DOC,EKS000017642,,,,,,,,2026-03-22 17:18:08,,,N,,0.00000,0.00000,0.00000,0.00000,,,,,,,,,,,,,0
2008493,Загрузка механизмами,,MN,,,USER1319,,,2026-03-22 17:18:08,2026-03-22 17:18:08,,,,,,,,,,,N,,SHIPPING_DOC,EKS000017652,,,,,,,,2026-03-22 17:18:08,,,N,,0.00000,0.00000,0.00000,0.00000,,,,,,,,,,,,,0
2008494,Загрузка механизмами,,MN,,,USER1319,,,2026-03-22 17:18:08,2026-03-22 17:18:08,,,,,,,,,,,N,,SHIPPING_DOC,EKS000017656,,,,,,,,2026-03-22 17:18:08,,,N,,0.00000,0.00000,0.00000,0.00000,,,,,,,,,,,,,0
2008495,Загрузка механизмами,,MN,,,USER1319,,,2026-03-22 17:18:08,2026-03-22 17:18:08,,,,,,,,,,,N,,SHIPPING_DOC,EKS000017657,,,,,,,,2026-03-22 17:18:08,,,N,,0.00000,0.00000,0.00000,0.00000,,,,,,,,,,,,,0
2008496,Загрузка механизмами,,MN,,,USER1319,,,2026-03-22 17:18:08,2026-03-22 17:18:08,,,,,,,,,,,N,,SHIPPING_DOC,EKS000017669,,,,,,,,2026-03-22 17:18:08,,,N,,0.00000,0.00000,0.00000,0.00000,,,,,,,,,,,,,0
2008497,Загрузка механизмами,,MN,,,USER1319,,,2026-03-22 17:18:08,2026-03-22 17:18:08,,,,,,,,,,,N,,SHIPPING_DOC,EKS000017681,,,,,,,,2026-03-22 17:18:08,,,N,,0.00000,0.00000,0.00000,0.00000,,,,,,,,,,,,,0
2008498,Загрузка механизмами,,MN,,,USER1319,,,2026-03-22 17:18:08,2026-03-22 17:18:08,,,,,,,,,,,N,,SHIPPING_DOC,EKS000017682,,,,,,,,2026-03-22 17:18:08,,,N,,0.00000,0.00000,0.00000,0.00000,,,,,,,,,,,,,0
2008499,Загрузка механизмами,,MN,,,USER1319,,,2026-03-22 17:18:08,2026-03-22 17:18:08,,,,,,,,,,,N,,SHIPPING_DOC,EKS000017684,,,,,,,,2026-03-22 17:18:08,,,N,,0.00000,0.00000,0.00000,0.00000,,,,,,,,,,,,,0
2009167,Загрузка механизмами,,MN,,,user2249,,,2026-03-23 07:07:48,2026-03-23 07:07:48,,,,,,,,,,,N,,SHIPPING_DOC,TR-20.03.2026-201,,,,,,,,2026-03-23 07:07:48,,,N,,0.00000,0.00000,0.00000,0.00000,,,,,,,,,,,,,0
2009168,Загрузка механизмами,,MN,,,user2249,,,2026-03-23 07:07:48,2026-03-23 07:07:48,,,,,,,,,,,N,,SHIPPING_DOC,EKS000017797,,,,,,,,2026-03-23 07:07:48,,,N,,0.00000,0.00000,0.00000,0.00000,,,,,,,,,,,,,0
2009169,Загрузка механизмами,,MN,,,user2249,,,2026-03-23 07:07:48,2026-03-23 07:07:48,,,,,,,,,,,N,,SHIPPING_DOC,EKS000017798,,,,,,,,2026-03-23 07:07:48,,,N,,0.00000,0.00000,0.00000,0.00000,,,,,,,,,,,,,0
2009170,Загрузка механизмами,,MN,,,user2249,,,2026-03-23 07:07:48,2026-03-23 07:07:48,,,,,,,,,,,N,,SHIPPING_DOC,EKS000017845,,,,,,,,2026-03-23 07:07:48,,,N,,0.00000,0.00000,0.00000,0.00000,,,,,,,,,,,,,0
2009171,Загрузка механизмами,,MN,,,user2249,,,2026-03-23 07:07:48,2026-03-23 07:07:48,,,,,,,,,,,N,,SHIPPING_DOC,EKS000017870,,,,,,,,2026-03-23 07:07:48,,,N,,0.00000,0.00000,0.00000,0.00000,,,,,,,,,,,,,0
2009172,Загрузка ручная,,MN,,,user2249,,,2026-03-23 07:07:48,2026-03-23 07:07:48,,,,,,,,,,,N,,SHIPPING_DOC,EKS000017489,,,,,,,,2026-03-23 07:07:48,,,N,,0.00000,0.00000,0.00000,0.00000,,,,,,,,,,,,,0
2009173,Загрузка ручная,,MN,,,user2249,,,2026-03-23 07:07:48,2026-03-23 07:07:48,,,,,,,,,,,N,,SHIPPING_DOC,EKS000017490,,,,,,,,2026-03-23 07:07:48,,,N,,0.00000,0.00000,0.00000,0.00000,,,,,,,,,,,,,0
2009174,Загрузка ручная,,MN,,,user2249,,,2026-03-23 07:07:48,2026-03-23 07:07:48,,,,,,,,,,,N,,SHIPPING_DOC,TR-20.03.2026-201,,,,,,,,2026-03-23 07:07:48,,,N,,0.00000,0.00000,0.00000,0.00000,,,,,,,,,,,,,0
2009175,Загрузка ручная,,MN,,,user2249,,,2026-03-23 07:07:48,2026-03-23 07:07:48,,,,,,,,,,,N,,SHIPPING_DOC,EKS000017797,,,,,,,,2026-03-23 07:07:48,,,N,,0.00000,0.00000,0.00000,0.00000,,,,,,,,,,,,,0
2009176,Загрузка ручная,,MN,,,user2249,,,2026-03-23 07:07:48,2026-03-23 07:07:48,,,,,,,,,,,N,,SHIPPING_DOC,EKS000017798,,,,,,,,2026-03-23 07:07:48,,,N,,0.00000,0.00000,0.00000,0.00000,,,,,,,,,,,,,0
2009177,Загрузка ручная,,MN,,,user2249,,,2026-03-23 07:07:48,2026-03-23 07:07:48,,,,,,,,,,,N,,SHIPPING_DOC,EKS000017845,,,,,,,,2026-03-23 07:07:48,,,N,,0.00000,0.00000,0.00000,0.00000,,,,,,,,,,,,,0
2009178,Загрузка ручная,,MN,,,user2249,,,2026-03-23 07:07:48,2026-03-23 07:07:48,,,,,,,,,,,N,,SHIPPING_DOC,EKS000017870,,,,,,,,2026-03-23 07:07:48,,,N,,0.00000,0.00000,0.00000,0.00000,,,,,,,,,,,,,0
2009179,Загрузка механизмами,,MN,,,user2334,,,2026-03-23 07:07:50,2026-03-23 07:07:50,,,,,,,,,,,N,,SHIPPING_DOC,EKS000017488,,,,,,,,2026-03-23 07:07:50,,,N,,0.00000,0.00000,0.00000,0.00000,,,,,,,,,,,,,0
2009704,Загрузка ручная,,MN,,,user2349,,,2026-03-23 15:53:38,2026-03-23 15:53:38,,,,,,,,,,,N,,SHIPPING_DOC,EKS000018099,,,,,,,,2026-03-23 15:53:38,,,N,,0.00000,0.00000,0.00000,0.00000,,,,,,,,,,,,,0
2009705,Загрузка механизмами,,MN,,,USER2358,,,2026-03-23 15:54:11,2026-03-23 15:54:11,,,,,,,,,,,N,,SHIPPING_DOC,TR-23/03/2026-12,,,,,,,,2026-03-23 15:54:11,,,N,,0.00000,0.00000,0.00000,0.00000,,,,,,,,,,,,,0
2009706,Загрузка механизмами,,MN,,,USER2358,,,2026-03-23 15:54:11,2026-03-23 15:54:11,,,,,,,,,,,N,,SHIPPING_DOC,EKS000017944,,,,,,,,2026-03-23 15:54:11,,,N,,0.00000,0.00000,0.00000,0.00000,,,,,,,,,,,,,0
2009707,Загрузка механизмами,,MN,,,USER2358,,,2026-03-23 15:54:11,2026-03-23 15:54:11,,,,,,,,,,,N,,SHIPPING_DOC,EKS000017989,,,,,,,,2026-03-23 15:54:11,,,N,,0.00000,0.00000,0.00000,0.00000,,,,,,,,,,,,,0
2009708,Загрузка механизмами,,MN,,,USER2358,,,2026-03-23 15:54:11,2026-03-23 15:54:11,,,,,,,,,,,N,,SHIPPING_DOC,EKS000018001,,,,,,,,2026-03-23 15:54:11,,,N,,0.00000,0.00000,0.00000,0.00000,,,,,,,,,,,,,0
2009709,Загрузка механизмами,,MN,,,USER2358,,,2026-03-23 15:54:11,2026-03-23 15:54:11,,,,,,,,,,,N,,SHIPPING_DOC,EKS000018003,,,,,,,,2026-03-23 15:54:11,,,N,,0.00000,0.00000,0.00000,0.00000,,,,,,,,,,,,,0
2009710,Загрузка механизмами,,MN,,,USER2358,,,2026-03-23 15:54:11,2026-03-23 15:54:11,,,,,,,,,,,N,,SHIPPING_DOC,EKS000018007,,,,,,,,2026-03-23 15:54:11,,,N,,0.00000,0.00000,0.00000,0.00000,,,,,,,,,,,,,0
2009711,Загрузка механизмами,,MN,,,USER2358,,,2026-03-23 15:54:11,2026-03-23 15:54:11,,,,,,,,,,,N,,SHIPPING_DOC,EKS000018031,,,,,,,,2026-03-23 15:54:11,,,N,,0.00000,0.00000,0.00000,0.00000,,,,,,,,,,,,,0
2009712,Загрузка механизмами,,MN,,,USER2358,,,2026-03-23 15:54:11,2026-03-23 15:54:11,,,,,,,,,,,N,,SHIPPING_DOC,TR-23/03/2026-02,,,,,,,,2026-03-23 15:54:11,,,N,,0.00000,0.00000,0.00000,0.00000,,,,,,,,,,,,,0
2009713,Загрузка механизмами,,MN,,,USER2358,,,2026-03-23 15:54:11,2026-03-23 15:54:11,,,,,,,,,,,N,,SHIPPING_DOC,EKS000018091,,,,,,,,2026-03-23 15:54:11,,,N,,0.00000,0.00000,0.00000,0.00000,,,,,,,,,,,,,0
2009714,Загрузка механизмами,,MN,,,USER2358,,,2026-03-23 15:54:11,2026-03-23 15:54:11,,,,,,,,,,,N,,SHIPPING_DOC,EKS000018097,,,,,,,,2026-03-23 15:54:11,,,N,,0.00000,0.00000,0.00000,0.00000,,,,,,,,,,,,,0
2009715,Загрузка механизмами,,MN,,,USER2358,,,2026-03-23 15:54:11,2026-03-23 15:54:11,,,,,,,,,,,N,,SHIPPING_DOC,EKS000018099,,,,,,,,2026-03-23 15:54:11,,,N,,0.00000,0.00000,0.00000,0.00000,,,,,,,,,,,,,0
2008500,Загрузка механизмами,,MN,,,USER1319,,,2026-03-22 17:18:08,2026-03-22 17:18:08,,,,,,,,,,,N,,SHIPPING_DOC,EKS000017698,,,,,,,,2026-03-22 17:18:08,,,N,,0.00000,0.00000,0.00000,0.00000,,,,,,,,,,,,,0
2008501,Загрузка механизмами,,MN,,,USER1319,,,2026-03-22 17:18:08,2026-03-22 17:18:08,,,,,,,,,,,N,,SHIPPING_DOC,EKS000017727,,,,,,,,2026-03-22 17:18:08,,,N,,0.00000,0.00000,0.00000,0.00000,,,,,,,,,,,,,0
2008502,Загрузка механизмами,,MN,,,USER1319,,,2026-03-22 17:18:08,2026-03-22 17:18:08,,,,,,,,,,,N,,SHIPPING_DOC,EKS000017733,,,,,,,,2026-03-22 17:18:08,,,N,,0.00000,0.00000,0.00000,0.00000,,,,,,,,,,,,,0
2008503,Загрузка механизмами,,MN,,,USER1319,,,2026-03-22 17:18:08,2026-03-22 17:18:08,,,,,,,,,,,N,,SHIPPING_DOC,EKS000017787,,,,,,,,2026-03-22 17:18:08,,,N,,0.00000,0.00000,0.00000,0.00000,,,,,,,,,,,,,0
2008504,Загрузка механизмами,,MN,,,USER1319,,,2026-03-22 17:18:08,2026-03-22 17:18:08,,,,,,,,,,,N,,SHIPPING_DOC,EKS000017788,,,,,,,,2026-03-22 17:18:08,,,N,,0.00000,0.00000,0.00000,0.00000,,,,,,,,,,,,,0
2008505,Загрузка механизмами,,MN,,,USER1319,,,2026-03-22 17:18:08,2026-03-22 17:18:08,,,,,,,,,,,N,,SHIPPING_DOC,EKS000017842,,,,,,,,2026-03-22 17:18:08,,,N,,0.00000,0.00000,0.00000,0.00000,,,,,,,,,,,,,0
2008506,Загрузка механизмами,,MN,,,USER1319,,,2026-03-22 17:18:08,2026-03-22 17:18:08,,,,,,,,,,,N,,SHIPPING_DOC,EKS000017854,,,,,,,,2026-03-22 17:18:08,,,N,,0.00000,0.00000,0.00000,0.00000,,,,,,,,,,,,,0
2008507,Загрузка механизмами,,MN,,,USER1319,,,2026-03-22 17:18:08,2026-03-22 17:18:08,,,,,,,,,,,N,,SHIPPING_DOC,EKS000017869,,,,,,,,2026-03-22 17:18:08,,,N,,0.00000,0.00000,0.00000,0.00000,,,,,,,,,,,,,0
2008508,Загрузка ручная,,MN,,,USER1319,,,2026-03-22 17:18:08,2026-03-22 17:18:08,,,,,,,,,,,N,,SHIPPING_DOC,EKS000017569,,,,,,,,2026-03-22 17:18:08,,,N,,0.00000,0.00000,0.00000,0.00000,,,,,,,,,,,,,0
2008509,Загрузка ручная,,MN,,,USER1319,,,2026-03-22 17:18:08,2026-03-22 17:18:08,,,,,,,,,,,N,,SHIPPING_DOC,EKS000017571,,,,,,,,2026-03-22 17:18:08,,,N,,0.00000,0.00000,0.00000,0.00000,,,,,,,,,,,,,0
2008510,Загрузка ручная,,MN,,,USER1319,,,2026-03-22 17:18:08,2026-03-22 17:18:08,,,,,,,,,,,N,,SHIPPING_DOC,EKS000017572,,,,,,,,2026-03-22 17:18:08,,,N,,0.00000,0.00000,0.00000,0.00000,,,,,,,,,,,,,0
2008511,Загрузка ручная,,MN,,,USER1319,,,2026-03-22 17:18:08,2026-03-22 17:18:08,,,,,,,,,,,N,,SHIPPING_DOC,EKS000017576,,,,,,,,2026-03-22 17:18:08,,,N,,0.00000,0.00000,0.00000,0.00000,,,,,,,,,,,,,0
2008512,Загрузка ручная,,MN,,,USER1319,,,2026-03-22 17:18:08,2026-03-22 17:18:08,,,,,,,,,,,N,,SHIPPING_DOC,EKS000017599,,,,,,,,2026-03-22 17:18:08,,,N,,0.00000,0.00000,0.00000,0.00000,,,,,,,,,,,,,0
2008513,Загрузка ручная,,MN,,,USER1319,,,2026-03-22 17:18:08,2026-03-22 17:18:08,,,,,,,,,,,N,,SHIPPING_DOC,EKS000017607,,,,,,,,2026-03-22 17:18:08,,,N,,0.00000,0.00000,0.00000,0.00000,,,,,,,,,,,,,0
2008514,Загрузка ручная,,MN,,,USER1319,,,2026-03-22 17:18:08,2026-03-22 17:18:08,,,,,,,,,,,N,,SHIPPING_DOC,EKS000017608,,,,,,,,2026-03-22 17:18:08,,,N,,0.00000,0.00000,0.00000,0.00000,,,,,,,,,,,,,0
2008515,Загрузка ручная,,MN,,,USER1319,,,2026-03-22 17:18:08,2026-03-22 17:18:08,,,,,,,,,,,N,,SHIPPING_DOC,EKS000017642,,,,,,,,2026-03-22 17:18:08,,,N,,0.00000,0.00000,0.00000,0.00000,,,,,,,,,,,,,0
2008516,Загрузка ручная,,MN,,,USER1319,,,2026-03-22 17:18:08,2026-03-22 17:18:08,,,,,,,,,,,N,,SHIPPING_DOC,EKS000017652,,,,,,,,2026-03-22 17:18:08,,,N,,0.00000,0.00000,0.00000,0.00000,,,,,,,,,,,,,0
2008517,Загрузка ручная,,MN,,,USER1319,,,2026-03-22 17:18:08,2026-03-22 17:18:08,,,,,,,,,,,N,,SHIPPING_DOC,EKS000017656,,,,,,,,2026-03-22 17:18:08,,,N,,0.00000,0.00000,0.00000,0.00000,,,,,,,,,,,,,0
2008518,Загрузка ручная,,MN,,,USER1319,,,2026-03-22 17:18:08,2026-03-22 17:18:08,,,,,,,,,,,N,,SHIPPING_DOC,EKS000017657,,,,,,,,2026-03-22 17:18:08,,,N,,0.00000,0.00000,0.00000,0.00000,,,,,,,,,,,,,0
2008519,Загрузка ручная,,MN,,,USER1319,,,2026-03-22 17:18:08,2026-03-22 17:18:08,,,,,,,,,,,N,,SHIPPING_DOC,EKS000017669,,,,,,,,2026-03-22 17:18:08,,,N,,0.00000,0.00000,0.00000,0.00000,,,,,,,,,,,,,0
2008520,Загрузка ручная,,MN,,,USER1319,,,2026-03-22 17:18:08,2026-03-22 17:18:08,,,,,,,,,,,N,,SHIPPING_DOC,EKS000017681,,,,,,,,2026-03-22 17:18:08,,,N,,0.00000,0.00000,0.00000,0.00000,,,,,,,,,,,,,0
2008521,Загрузка ручная,,MN,,,USER1319,,,2026-03-22 17:18:08,2026-03-22 17:18:08,,,,,,,,,,,N,,SHIPPING_DOC,EKS000017682,,,,,,,,2026-03-22 17:18:08,,,N,,0.00000,0.00000,0.00000,0.00000,,,,,,,,,,,,,0
2008522,Загрузка ручная,,MN,,,USER1319,,,2026-03-22 17:18:08,2026-03-22 17:18:08,,,,,,,,,,,N,,SHIPPING_DOC,EKS000017684,,,,,,,,2026-03-22 17:18:08,,,N,,0.00000,0.00000,0.00000,0.00000,,,,,,,,,,,,,0
2008523,Загрузка ручная,,MN,,,USER1319,,,2026-03-22 17:18:08,2026-03-22 17:18:08,,,,,,,,,,,N,,SHIPPING_DOC,EKS000017698,,,,,,,,2026-03-22 17:18:08,,,N,,0.00000,0.00000,0.00000,0.00000,,,,,,,,,,,,,0
2008524,Загрузка ручная,,MN,,,USER1319,,,2026-03-22 17:18:08,2026-03-22 17:18:08,,,,,,,,,,,N,,SHIPPING_DOC,EKS000017727,,,,,,,,2026-03-22 17:18:08,,,N,,0.00000,0.00000,0.00000,0.00000,,,,,,,,,,,,,0
2008525,Загрузка ручная,,MN,,,USER1319,,,2026-03-22 17:18:08,2026-03-22 17:18:08,,,,,,,,,,,N,,SHIPPING_DOC,EKS000017733,,,,,,,,2026-03-22 17:18:08,,,N,,0.00000,0.00000,0.00000,0.00000,,,,,,,,,,,,,0
2009180,Загрузка механизмами,,MN,,,user2334,,,2026-03-23 07:07:50,2026-03-23 07:07:50,,,,,,,,,,,N,,SHIPPING_DOC,EKS000017496,,,,,,,,2026-03-23 07:07:50,,,N,,0.00000,0.00000,0.00000,0.00000,,,,,,,,,,,,,0
2009181,Загрузка механизмами,,MN,,,user2334,,,2026-03-23 07:07:50,2026-03-23 07:07:50,,,,,,,,,,,N,,SHIPPING_DOC,EKS000017497,,,,,,,,2026-03-23 07:07:50,,,N,,0.00000,0.00000,0.00000,0.00000,,,,,,,,,,,,,0
2009182,Загрузка механизмами,,MN,,,user2334,,,2026-03-23 07:07:50,2026-03-23 07:07:50,,,,,,,,,,,N,,SHIPPING_DOC,EKS000017501,,,,,,,,2026-03-23 07:07:50,,,N,,0.00000,0.00000,0.00000,0.00000,,,,,,,,,,,,,0
2009183,Загрузка механизмами,,MN,,,user2334,,,2026-03-23 07:07:50,2026-03-23 07:07:50,,,,,,,,,,,N,,SHIPPING_DOC,EKS000017506,,,,,,,,2026-03-23 07:07:50,,,N,,0.00000,0.00000,0.00000,0.00000,,,,,,,,,,,,,0
2009184,Загрузка механизмами,,MN,,,user2334,,,2026-03-23 07:07:50,2026-03-23 07:07:50,,,,,,,,,,,N,,SHIPPING_DOC,EKS000017507,,,,,,,,2026-03-23 07:07:50,,,N,,0.00000,0.00000,0.00000,0.00000,,,,,,,,,,,,,0
2009185,Загрузка механизмами,,MN,,,user2334,,,2026-03-23 07:07:50,2026-03-23 07:07:50,,,,,,,,,,,N,,SHIPPING_DOC,EKS000017538,,,,,,,,2026-03-23 07:07:50,,,N,,0.00000,0.00000,0.00000,0.00000,,,,,,,,,,,,,0
2009186,Загрузка механизмами,,MN,,,user2334,,,2026-03-23 07:07:50,2026-03-23 07:07:50,,,,,,,,,,,N,,SHIPPING_DOC,EKS000017542,,,,,,,,2026-03-23 07:07:50,,,N,,0.00000,0.00000,0.00000,0.00000,,,,,,,,,,,,,0
2009187,Загрузка механизмами,,MN,,,user2334,,,2026-03-23 07:07:50,2026-03-23 07:07:50,,,,,,,,,,,N,,SHIPPING_DOC,EKS000017555,,,,,,,,2026-03-23 07:07:50,,,N,,0.00000,0.00000,0.00000,0.00000,,,,,,,,,,,,,0
2009188,Загрузка механизмами,,MN,,,user2334,,,2026-03-23 07:07:50,2026-03-23 07:07:50,,,,,,,,,,,N,,SHIPPING_DOC,EKS000017564,,,,,,,,2026-03-23 07:07:50,,,N,,0.00000,0.00000,0.00000,0.00000,,,,,,,,,,,,,0
2009189,Загрузка механизмами,,MN,,,user2334,,,2026-03-23 07:07:50,2026-03-23 07:07:50,,,,,,,,,,,N,,SHIPPING_DOC,EKS000017586,,,,,,,,2026-03-23 07:07:50,,,N,,0.00000,0.00000,0.00000,0.00000,,,,,,,,,,,,,0
2009190,Загрузка механизмами,,MN,,,user2334,,,2026-03-23 07:07:50,2026-03-23 07:07:50,,,,,,,,,,,N,,SHIPPING_DOC,EKS000017606,,,,,,,,2026-03-23 07:07:50,,,N,,0.00000,0.00000,0.00000,0.00000,,,,,,,,,,,,,0
2009191,Загрузка механизмами,,MN,,,user2334,,,2026-03-23 07:07:50,2026-03-23 07:07:50,,,,,,,,,,,N,,SHIPPING_DOC,EKS000017639,,,,,,,,2026-03-23 07:07:50,,,N,,0.00000,0.00000,0.00000,0.00000,,,,,,,,,,,,,0
2009716,Загрузка ручная,,MN,,,USER2358,,,2026-03-23 15:54:11,2026-03-23 15:54:11,,,,,,,,,,,N,,SHIPPING_DOC,TR-23/03/2026-12,,,,,,,,2026-03-23 15:54:11,,,N,,0.00000,0.00000,0.00000,0.00000,,,,,,,,,,,,,0
2009717,Загрузка ручная,,MN,,,USER2358,,,2026-03-23 15:54:11,2026-03-23 15:54:11,,,,,,,,,,,N,,SHIPPING_DOC,EKS000017944,,,,,,,,2026-03-23 15:54:11,,,N,,0.00000,0.00000,0.00000,0.00000,,,,,,,,,,,,,0
2009718,Загрузка ручная,,MN,,,USER2358,,,2026-03-23 15:54:11,2026-03-23 15:54:11,,,,,,,,,,,N,,SHIPPING_DOC,EKS000017989,,,,,,,,2026-03-23 15:54:11,,,N,,0.00000,0.00000,0.00000,0.00000,,,,,,,,,,,,,0
2009719,Загрузка ручная,,MN,,,USER2358,,,2026-03-23 15:54:11,2026-03-23 15:54:11,,,,,,,,,,,N,,SHIPPING_DOC,EKS000018001,,,,,,,,2026-03-23 15:54:11,,,N,,0.00000,0.00000,0.00000,0.00000,,,,,,,,,,,,,0
2009720,Загрузка ручная,,MN,,,USER2358,,,2026-03-23 15:54:11,2026-03-23 15:54:11,,,,,,,,,,,N,,SHIPPING_DOC,EKS000018003,,,,,,,,2026-03-23 15:54:11,,,N,,0.00000,0.00000,0.00000,0.00000,,,,,,,,,,,,,0
2009721,Загрузка ручная,,MN,,,USER2358,,,2026-03-23 15:54:11,2026-03-23 15:54:11,,,,,,,,,,,N,,SHIPPING_DOC,EKS000018007,,,,,,,,2026-03-23 15:54:11,,,N,,0.00000,0.00000,0.00000,0.00000,,,,,,,,,,,,,0
2009722,Загрузка ручная,,MN,,,USER2358,,,2026-03-23 15:54:11,2026-03-23 15:54:11,,,,,,,,,,,N,,SHIPPING_DOC,EKS000018031,,,,,,,,2026-03-23 15:54:11,,,N,,0.00000,0.00000,0.00000,0.00000,,,,,,,,,,,,,0
2009723,Загрузка ручная,,MN,,,USER2358,,,2026-03-23 15:54:11,2026-03-23 15:54:11,,,,,,,,,,,N,,SHIPPING_DOC,TR-23/03/2026-02,,,,,,,,2026-03-23 15:54:11,,,N,,0.00000,0.00000,0.00000,0.00000,,,,,,,,,,,,,0
2009724,Загрузка ручная,,MN,,,USER2358,,,2026-03-23 15:54:11,2026-03-23 15:54:11,,,,,,,,,,,N,,SHIPPING_DOC,EKS000018091,,,,,,,,2026-03-23 15:54:11,,,N,,0.00000,0.00000,0.00000,0.00000,,,,,,,,,,,,,0
2009725,Загрузка ручная,,MN,,,USER2358,,,2026-03-23 15:54:11,2026-03-23 15:54:11,,,,,,,,,,,N,,SHIPPING_DOC,EKS000018097,,,,,,,,2026-03-23 15:54:11,,,N,,0.00000,0.00000,0.00000,0.00000,,,,,,,,,,,,,0
2009726,Загрузка ручная,,MN,,,USER2358,,,2026-03-23 15:54:11,2026-03-23 15:54:11,,,,,,,,,,,N,,SHIPPING_DOC,EKS000018099,,,,,,,,2026-03-23 15:54:11,,,N,,0.00000,0.00000,0.00000,0.00000,,,,,,,,,,,,,0
2009727,Загрузка механизмами,,MN,,,user2334,,,2026-03-23 16:09:22,2026-03-23 16:09:22,,,,,,,,,,,N,,SHIPPING_DOC,EKS000018066,,,,,,,,2026-03-23 16:09:22,,,N,,0.00000,0.00000,0.00000,0.00000,,,,,,,,,,,,,0
2009728,Загрузка ручная,,MN,,,user2334,,,2026-03-23 16:09:22,2026-03-23 16:09:22,,,,,,,,,,,N,,SHIPPING_DOC,EKS000018066,,,,,,,,2026-03-23 16:09:22,,,N,,0.00000,0.00000,0.00000,0.00000,,,,,,,,,,,,,0
2008526,Загрузка ручная,,MN,,,USER1319,,,2026-03-22 17:18:08,2026-03-22 17:18:08,,,,,,,,,,,N,,SHIPPING_DOC,EKS000017787,,,,,,,,2026-03-22 17:18:08,,,N,,0.00000,0.00000,0.00000,0.00000,,,,,,,,,,,,,0
2008527,Загрузка ручная,,MN,,,USER1319,,,2026-03-22 17:18:08,2026-03-22 17:18:08,,,,,,,,,,,N,,SHIPPING_DOC,EKS000017788,,,,,,,,2026-03-22 17:18:08,,,N,,0.00000,0.00000,0.00000,0.00000,,,,,,,,,,,,,0
2008528,Загрузка ручная,,MN,,,USER1319,,,2026-03-22 17:18:08,2026-03-22 17:18:08,,,,,,,,,,,N,,SHIPPING_DOC,EKS000017842,,,,,,,,2026-03-22 17:18:08,,,N,,0.00000,0.00000,0.00000,0.00000,,,,,,,,,,,,,0
2008529,Загрузка ручная,,MN,,,USER1319,,,2026-03-22 17:18:08,2026-03-22 17:18:08,,,,,,,,,,,N,,SHIPPING_DOC,EKS000017854,,,,,,,,2026-03-22 17:18:08,,,N,,0.00000,0.00000,0.00000,0.00000,,,,,,,,,,,,,0
2008530,Загрузка ручная,,MN,,,USER1319,,,2026-03-22 17:18:08,2026-03-22 17:18:08,,,,,,,,,,,N,,SHIPPING_DOC,EKS000017869,,,,,,,,2026-03-22 17:18:08,,,N,,0.00000,0.00000,0.00000,0.00000,,,,,,,,,,,,,0
2008531,Загрузка механизмами,,MN,,,m.a.simonov,,,2026-03-22 17:29:01,2026-03-22 17:29:01,,,,,,,,,,,N,,SHIPPING_DOC,EKS000017425,,,,,,,,2026-03-22 17:29:01,,,N,,0.00000,0.00000,0.00000,0.00000,,,,,,,,,,,,,0
2008532,Загрузка механизмами,,MN,,,m.a.simonov,,,2026-03-22 17:29:01,2026-03-22 17:29:01,,,,,,,,,,,N,,SHIPPING_DOC,EKS000017443,,,,,,,,2026-03-22 17:29:01,,,N,,0.00000,0.00000,0.00000,0.00000,,,,,,,,,,,,,0
2008533,Загрузка механизмами,,MN,,,m.a.simonov,,,2026-03-22 17:29:01,2026-03-22 17:29:01,,,,,,,,,,,N,,SHIPPING_DOC,EKS000017575,,,,,,,,2026-03-22 17:29:01,,,N,,0.00000,0.00000,0.00000,0.00000,,,,,,,,,,,,,0
2008534,Загрузка механизмами,,MN,,,m.a.simonov,,,2026-03-22 17:29:01,2026-03-22 17:29:01,,,,,,,,,,,N,,SHIPPING_DOC,EKS000017583,,,,,,,,2026-03-22 17:29:01,,,N,,0.00000,0.00000,0.00000,0.00000,,,,,,,,,,,,,0
2008535,Загрузка механизмами,,MN,,,m.a.simonov,,,2026-03-22 17:29:01,2026-03-22 17:29:01,,,,,,,,,,,N,,SHIPPING_DOC,EKS000017591,,,,,,,,2026-03-22 17:29:01,,,N,,0.00000,0.00000,0.00000,0.00000,,,,,,,,,,,,,0
2008536,Загрузка механизмами,,MN,,,m.a.simonov,,,2026-03-22 17:29:01,2026-03-22 17:29:01,,,,,,,,,,,N,,SHIPPING_DOC,EKS000017775,,,,,,,,2026-03-22 17:29:01,,,N,,0.00000,0.00000,0.00000,0.00000,,,,,,,,,,,,,0
2008537,Загрузка механизмами,,MN,,,m.a.simonov,,,2026-03-22 17:29:01,2026-03-22 17:29:01,,,,,,,,,,,N,,SHIPPING_DOC,EKS000017803,,,,,,,,2026-03-22 17:29:01,,,N,,0.00000,0.00000,0.00000,0.00000,,,,,,,,,,,,,0
2008538,Загрузка механизмами,,MN,,,m.a.simonov,,,2026-03-22 17:29:01,2026-03-22 17:29:01,,,,,,,,,,,N,,SHIPPING_DOC,EKS000017804,,,,,,,,2026-03-22 17:29:01,,,N,,0.00000,0.00000,0.00000,0.00000,,,,,,,,,,,,,0
2009192,Загрузка механизмами,,MN,,,user2334,,,2026-03-23 07:07:50,2026-03-23 07:07:50,,,,,,,,,,,N,,SHIPPING_DOC,EKS000017645,,,,,,,,2026-03-23 07:07:50,,,N,,0.00000,0.00000,0.00000,0.00000,,,,,,,,,,,,,0
2009193,Загрузка механизмами,,MN,,,user2334,,,2026-03-23 07:07:50,2026-03-23 07:07:50,,,,,,,,,,,N,,SHIPPING_DOC,EKS000017695,,,,,,,,2026-03-23 07:07:50,,,N,,0.00000,0.00000,0.00000,0.00000,,,,,,,,,,,,,0
2009194,Загрузка механизмами,,MN,,,user2334,,,2026-03-23 07:07:50,2026-03-23 07:07:50,,,,,,,,,,,N,,SHIPPING_DOC,EKS000017776,,,,,,,,2026-03-23 07:07:50,,,N,,0.00000,0.00000,0.00000,0.00000,,,,,,,,,,,,,0
2009195,Загрузка механизмами,,MN,,,user2334,,,2026-03-23 07:07:50,2026-03-23 07:07:50,,,,,,,,,,,N,,SHIPPING_DOC,EKS000017795,,,,,,,,2026-03-23 07:07:50,,,N,,0.00000,0.00000,0.00000,0.00000,,,,,,,,,,,,,0
2009196,Загрузка механизмами,,MN,,,user2334,,,2026-03-23 07:07:50,2026-03-23 07:07:50,,,,,,,,,,,N,,SHIPPING_DOC,EKS000017796,,,,,,,,2026-03-23 07:07:50,,,N,,0.00000,0.00000,0.00000,0.00000,,,,,,,,,,,,,0
2009197,Загрузка механизмами,,MN,,,user2334,,,2026-03-23 07:07:50,2026-03-23 07:07:50,,,,,,,,,,,N,,SHIPPING_DOC,EKS000017821,,,,,,,,2026-03-23 07:07:50,,,N,,0.00000,0.00000,0.00000,0.00000,,,,,,,,,,,,,0
2009198,Загрузка механизмами,,MN,,,user2334,,,2026-03-23 07:07:50,2026-03-23 07:07:50,,,,,,,,,,,N,,SHIPPING_DOC,EKS000017826,,,,,,,,2026-03-23 07:07:50,,,N,,0.00000,0.00000,0.00000,0.00000,,,,,,,,,,,,,0
2009199,Загрузка механизмами,,MN,,,user2334,,,2026-03-23 07:07:50,2026-03-23 07:07:50,,,,,,,,,,,N,,SHIPPING_DOC,EKS000017844,,,,,,,,2026-03-23 07:07:50,,,N,,0.00000,0.00000,0.00000,0.00000,,,,,,,,,,,,,0
2009200,Загрузка ручная,,MN,,,user2334,,,2026-03-23 07:07:50,2026-03-23 07:07:50,,,,,,,,,,,N,,SHIPPING_DOC,EKS000017488,,,,,,,,2026-03-23 07:07:50,,,N,,0.00000,0.00000,0.00000,0.00000,,,,,,,,,,,,,0
2009201,Загрузка ручная,,MN,,,user2334,,,2026-03-23 07:07:50,2026-03-23 07:07:50,,,,,,,,,,,N,,SHIPPING_DOC,EKS000017496,,,,,,,,2026-03-23 07:07:50,,,N,,0.00000,0.00000,0.00000,0.00000,,,,,,,,,,,,,0
2009202,Загрузка ручная,,MN,,,user2334,,,2026-03-23 07:07:50,2026-03-23 07:07:50,,,,,,,,,,,N,,SHIPPING_DOC,EKS000017497,,,,,,,,2026-03-23 07:07:50,,,N,,0.00000,0.00000,0.00000,0.00000,,,,,,,,,,,,,0
2009203,Загрузка ручная,,MN,,,user2334,,,2026-03-23 07:07:50,2026-03-23 07:07:50,,,,,,,,,,,N,,SHIPPING_DOC,EKS000017501,,,,,,,,2026-03-23 07:07:50,,,N,,0.00000,0.00000,0.00000,0.00000,,,,,,,,,,,,,0
2009204,Загрузка ручная,,MN,,,user2334,,,2026-03-23 07:07:50,2026-03-23 07:07:50,,,,,,,,,,,N,,SHIPPING_DOC,EKS000017506,,,,,,,,2026-03-23 07:07:50,,,N,,0.00000,0.00000,0.00000,0.00000,,,,,,,,,,,,,0
2009729,Разгрузка механизмами,,MN,,,USER2366,,,2026-03-23 16:14:41,2026-03-23 16:14:41,,,,,,,,,,,N,,RECEIPT_DOC,EKS000005788,,,,,,,,2026-03-23 16:14:41,,,N,,0.00000,0.00000,0.00000,0.00000,,,,,,,,,,,,,0
2009730,Разгрузка ручная,,MN,,,USER2366,,,2026-03-23 16:14:41,2026-03-23 16:14:41,,,,,,,,,,,N,,RECEIPT_DOC,EKS000005788,,,,,,,,2026-03-23 16:14:41,,,N,,0.00000,0.00000,0.00000,0.00000,,,,,,,,,,,,,0
2009731,Загрузка механизмами,,MN,,,user2334,,,2026-03-23 16:41:51,2026-03-23 16:41:51,,,,,,,,,,,N,,SHIPPING_DOC,EKS000018047,,,,,,,,2026-03-23 16:41:51,,,N,,0.00000,0.00000,0.00000,0.00000,,,,,,,,,,,,,0
2009732,Загрузка механизмами,,MN,,,user2334,,,2026-03-23 16:41:51,2026-03-23 16:41:51,,,,,,,,,,,N,,SHIPPING_DOC,EKS000018048,,,,,,,,2026-03-23 16:41:51,,,N,,0.00000,0.00000,0.00000,0.00000,,,,,,,,,,,,,0
2009733,Загрузка механизмами,,MN,,,user2334,,,2026-03-23 16:41:51,2026-03-23 16:41:51,,,,,,,,,,,N,,SHIPPING_DOC,EKS000018051,,,,,,,,2026-03-23 16:41:51,,,N,,0.00000,0.00000,0.00000,0.00000,,,,,,,,,,,,,0
2009734,Загрузка механизмами,,MN,,,user2334,,,2026-03-23 16:41:51,2026-03-23 16:41:51,,,,,,,,,,,N,,SHIPPING_DOC,EKS000018064,,,,,,,,2026-03-23 16:41:51,,,N,,0.00000,0.00000,0.00000,0.00000,,,,,,,,,,,,,0
2009735,Загрузка механизмами,,MN,,,user2334,,,2026-03-23 16:41:51,2026-03-23 16:41:51,,,,,,,,,,,N,,SHIPPING_DOC,EKS000018081,,,,,,,,2026-03-23 16:41:51,,,N,,0.00000,0.00000,0.00000,0.00000,,,,,,,,,,,,,0
2009736,Загрузка механизмами,,MN,,,user2334,,,2026-03-23 16:41:51,2026-03-23 16:41:51,,,,,,,,,,,N,,SHIPPING_DOC,EKS000018082,,,,,,,,2026-03-23 16:41:51,,,N,,0.00000,0.00000,0.00000,0.00000,,,,,,,,,,,,,0
2009737,Загрузка механизмами,,MN,,,user2334,,,2026-03-23 16:41:51,2026-03-23 16:41:51,,,,,,,,,,,N,,SHIPPING_DOC,EKS000018104,,,,,,,,2026-03-23 16:41:51,,,N,,0.00000,0.00000,0.00000,0.00000,,,,,,,,,,,,,0
2009738,Загрузка механизмами,,MN,,,user2334,,,2026-03-23 16:41:51,2026-03-23 16:41:51,,,,,,,,,,,N,,SHIPPING_DOC,EKS000018106,,,,,,,,2026-03-23 16:41:51,,,N,,0.00000,0.00000,0.00000,0.00000,,,,,,,,,,,,,0
2009739,Загрузка механизмами,,MN,,,user2334,,,2026-03-23 16:41:51,2026-03-23 16:41:51,,,,,,,,,,,N,,SHIPPING_DOC,EKS000018111,,,,,,,,2026-03-23 16:41:51,,,N,,0.00000,0.00000,0.00000,0.00000,,,,,,,,,,,,,0
2009740,Загрузка механизмами,,MN,,,user2334,,,2026-03-23 16:41:51,2026-03-23 16:41:51,,,,,,,,,,,N,,SHIPPING_DOC,EKS000018115,,,,,,,,2026-03-23 16:41:51,,,N,,0.00000,0.00000,0.00000,0.00000,,,,,,,,,,,,,0
2009741,Загрузка механизмами,,MN,,,user2334,,,2026-03-23 16:41:51,2026-03-23 16:41:51,,,,,,,,,,,N,,SHIPPING_DOC,EKS000018119,,,,,,,,2026-03-23 16:41:51,,,N,,0.00000,0.00000,0.00000,0.00000,,,,,,,,,,,,,0
2008539,Загрузка механизмами,,MN,,,m.a.simonov,,,2026-03-22 17:29:01,2026-03-22 17:29:01,,,,,,,,,,,N,,SHIPPING_DOC,EKS000017822,,,,,,,,2026-03-22 17:29:01,,,N,,0.00000,0.00000,0.00000,0.00000,,,,,,,,,,,,,0
2008540,Загрузка механизмами,,MN,,,m.a.simonov,,,2026-03-22 17:29:01,2026-03-22 17:29:01,,,,,,,,,,,N,,SHIPPING_DOC,EKS000017862,,,,,,,,2026-03-22 17:29:01,,,N,,0.00000,0.00000,0.00000,0.00000,,,,,,,,,,,,,0
2008541,Загрузка ручная,,MN,,,m.a.simonov,,,2026-03-22 17:29:01,2026-03-22 17:29:01,,,,,,,,,,,N,,SHIPPING_DOC,EKS000017425,,,,,,,,2026-03-22 17:29:01,,,N,,0.00000,0.00000,0.00000,0.00000,,,,,,,,,,,,,0
2008542,Загрузка ручная,,MN,,,m.a.simonov,,,2026-03-22 17:29:01,2026-03-22 17:29:01,,,,,,,,,,,N,,SHIPPING_DOC,EKS000017443,,,,,,,,2026-03-22 17:29:01,,,N,,0.00000,0.00000,0.00000,0.00000,,,,,,,,,,,,,0
2008543,Загрузка ручная,,MN,,,m.a.simonov,,,2026-03-22 17:29:01,2026-03-22 17:29:01,,,,,,,,,,,N,,SHIPPING_DOC,EKS000017575,,,,,,,,2026-03-22 17:29:01,,,N,,0.00000,0.00000,0.00000,0.00000,,,,,,,,,,,,,0
2008544,Загрузка ручная,,MN,,,m.a.simonov,,,2026-03-22 17:29:01,2026-03-22 17:29:01,,,,,,,,,,,N,,SHIPPING_DOC,EKS000017583,,,,,,,,2026-03-22 17:29:01,,,N,,0.00000,0.00000,0.00000,0.00000,,,,,,,,,,,,,0
2008545,Загрузка ручная,,MN,,,m.a.simonov,,,2026-03-22 17:29:01,2026-03-22 17:29:01,,,,,,,,,,,N,,SHIPPING_DOC,EKS000017591,,,,,,,,2026-03-22 17:29:01,,,N,,0.00000,0.00000,0.00000,0.00000,,,,,,,,,,,,,0
2008546,Загрузка ручная,,MN,,,m.a.simonov,,,2026-03-22 17:29:01,2026-03-22 17:29:01,,,,,,,,,,,N,,SHIPPING_DOC,EKS000017775,,,,,,,,2026-03-22 17:29:01,,,N,,0.00000,0.00000,0.00000,0.00000,,,,,,,,,,,,,0
2008547,Загрузка ручная,,MN,,,m.a.simonov,,,2026-03-22 17:29:01,2026-03-22 17:29:01,,,,,,,,,,,N,,SHIPPING_DOC,EKS000017803,,,,,,,,2026-03-22 17:29:01,,,N,,0.00000,0.00000,0.00000,0.00000,,,,,,,,,,,,,0
2008548,Загрузка ручная,,MN,,,m.a.simonov,,,2026-03-22 17:29:01,2026-03-22 17:29:01,,,,,,,,,,,N,,SHIPPING_DOC,EKS000017804,,,,,,,,2026-03-22 17:29:01,,,N,,0.00000,0.00000,0.00000,0.00000,,,,,,,,,,,,,0
2008549,Загрузка ручная,,MN,,,m.a.simonov,,,2026-03-22 17:29:01,2026-03-22 17:29:01,,,,,,,,,,,N,,SHIPPING_DOC,EKS000017822,,,,,,,,2026-03-22 17:29:01,,,N,,0.00000,0.00000,0.00000,0.00000,,,,,,,,,,,,,0
2008550,Загрузка ручная,,MN,,,m.a.simonov,,,2026-03-22 17:29:01,2026-03-22 17:29:01,,,,,,,,,,,N,,SHIPPING_DOC,EKS000017862,,,,,,,,2026-03-22 17:29:01,,,N,,0.00000,0.00000,0.00000,0.00000,,,,,,,,,,,,,0
2008551,Загрузка механизмами,,MN,,,o.ivanov,,,2026-03-22 18:19:46,2026-03-22 18:19:46,,,,,,,,,,,N,,SHIPPING_DOC,EKS000017444,,,,,,,,2026-03-22 18:19:46,,,N,,0.00000,0.00000,0.00000,0.00000,,,,,,,,,,,,,0
2009205,Загрузка ручная,,MN,,,user2334,,,2026-03-23 07:07:50,2026-03-23 07:07:50,,,,,,,,,,,N,,SHIPPING_DOC,EKS000017507,,,,,,,,2026-03-23 07:07:50,,,N,,0.00000,0.00000,0.00000,0.00000,,,,,,,,,,,,,0
2009206,Загрузка ручная,,MN,,,user2334,,,2026-03-23 07:07:50,2026-03-23 07:07:50,,,,,,,,,,,N,,SHIPPING_DOC,EKS000017538,,,,,,,,2026-03-23 07:07:50,,,N,,0.00000,0.00000,0.00000,0.00000,,,,,,,,,,,,,0
2009207,Загрузка ручная,,MN,,,user2334,,,2026-03-23 07:07:50,2026-03-23 07:07:50,,,,,,,,,,,N,,SHIPPING_DOC,EKS000017542,,,,,,,,2026-03-23 07:07:50,,,N,,0.00000,0.00000,0.00000,0.00000,,,,,,,,,,,,,0
2009208,Загрузка ручная,,MN,,,user2334,,,2026-03-23 07:07:50,2026-03-23 07:07:50,,,,,,,,,,,N,,SHIPPING_DOC,EKS000017555,,,,,,,,2026-03-23 07:07:50,,,N,,0.00000,0.00000,0.00000,0.00000,,,,,,,,,,,,,0
2009209,Загрузка ручная,,MN,,,user2334,,,2026-03-23 07:07:50,2026-03-23 07:07:50,,,,,,,,,,,N,,SHIPPING_DOC,EKS000017564,,,,,,,,2026-03-23 07:07:50,,,N,,0.00000,0.00000,0.00000,0.00000,,,,,,,,,,,,,0
2009210,Загрузка ручная,,MN,,,user2334,,,2026-03-23 07:07:50,2026-03-23 07:07:50,,,,,,,,,,,N,,SHIPPING_DOC,EKS000017586,,,,,,,,2026-03-23 07:07:50,,,N,,0.00000,0.00000,0.00000,0.00000,,,,,,,,,,,,,0
2009211,Загрузка ручная,,MN,,,user2334,,,2026-03-23 07:07:50,2026-03-23 07:07:50,,,,,,,,,,,N,,SHIPPING_DOC,EKS000017606,,,,,,,,2026-03-23 07:07:50,,,N,,0.00000,0.00000,0.00000,0.00000,,,,,,,,,,,,,0
2009212,Загрузка ручная,,MN,,,user2334,,,2026-03-23 07:07:50,2026-03-23 07:07:50,,,,,,,,,,,N,,SHIPPING_DOC,EKS000017639,,,,,,,,2026-03-23 07:07:50,,,N,,0.00000,0.00000,0.00000,0.00000,,,,,,,,,,,,,0
2009213,Загрузка ручная,,MN,,,user2334,,,2026-03-23 07:07:50,2026-03-23 07:07:50,,,,,,,,,,,N,,SHIPPING_DOC,EKS000017645,,,,,,,,2026-03-23 07:07:50,,,N,,0.00000,0.00000,0.00000,0.00000,,,,,,,,,,,,,0
2009214,Загрузка ручная,,MN,,,user2334,,,2026-03-23 07:07:50,2026-03-23 07:07:50,,,,,,,,,,,N,,SHIPPING_DOC,EKS000017695,,,,,,,,2026-03-23 07:07:50,,,N,,0.00000,0.00000,0.00000,0.00000,,,,,,,,,,,,,0
2009215,Загрузка ручная,,MN,,,user2334,,,2026-03-23 07:07:50,2026-03-23 07:07:50,,,,,,,,,,,N,,SHIPPING_DOC,EKS000017776,,,,,,,,2026-03-23 07:07:50,,,N,,0.00000,0.00000,0.00000,0.00000,,,,,,,,,,,,,0
2009216,Загрузка ручная,,MN,,,user2334,,,2026-03-23 07:07:50,2026-03-23 07:07:50,,,,,,,,,,,N,,SHIPPING_DOC,EKS000017795,,,,,,,,2026-03-23 07:07:50,,,N,,0.00000,0.00000,0.00000,0.00000,,,,,,,,,,,,,0
2009217,Загрузка ручная,,MN,,,user2334,,,2026-03-23 07:07:50,2026-03-23 07:07:50,,,,,,,,,,,N,,SHIPPING_DOC,EKS000017796,,,,,,,,2026-03-23 07:07:50,,,N,,0.00000,0.00000,0.00000,0.00000,,,,,,,,,,,,,0
2009742,Загрузка механизмами,,MN,,,user2334,,,2026-03-23 16:41:51,2026-03-23 16:41:51,,,,,,,,,,,N,,SHIPPING_DOC,EKS000018125,,,,,,,,2026-03-23 16:41:51,,,N,,0.00000,0.00000,0.00000,0.00000,,,,,,,,,,,,,0
2009743,Загрузка механизмами,,MN,,,user2334,,,2026-03-23 16:41:51,2026-03-23 16:41:51,,,,,,,,,,,N,,SHIPPING_DOC,EKS000018134,,,,,,,,2026-03-23 16:41:51,,,N,,0.00000,0.00000,0.00000,0.00000,,,,,,,,,,,,,0
2009744,Загрузка механизмами,,MN,,,user2334,,,2026-03-23 16:41:51,2026-03-23 16:41:51,,,,,,,,,,,N,,SHIPPING_DOC,EKS000018140,,,,,,,,2026-03-23 16:41:51,,,N,,0.00000,0.00000,0.00000,0.00000,,,,,,,,,,,,,0
2009745,Загрузка механизмами,,MN,,,user2334,,,2026-03-23 16:41:51,2026-03-23 16:41:51,,,,,,,,,,,N,,SHIPPING_DOC,EKS000018027,,,,,,,,2026-03-23 16:41:51,,,N,,0.00000,0.00000,0.00000,0.00000,,,,,,,,,,,,,0
2009746,Загрузка ручная,,MN,,,user2334,,,2026-03-23 16:41:51,2026-03-23 16:41:51,,,,,,,,,,,N,,SHIPPING_DOC,EKS000018047,,,,,,,,2026-03-23 16:41:51,,,N,,0.00000,0.00000,0.00000,0.00000,,,,,,,,,,,,,0
2009747,Загрузка ручная,,MN,,,user2334,,,2026-03-23 16:41:51,2026-03-23 16:41:51,,,,,,,,,,,N,,SHIPPING_DOC,EKS000018048,,,,,,,,2026-03-23 16:41:51,,,N,,0.00000,0.00000,0.00000,0.00000,,,,,,,,,,,,,0
2009748,Загрузка ручная,,MN,,,user2334,,,2026-03-23 16:41:51,2026-03-23 16:41:51,,,,,,,,,,,N,,SHIPPING_DOC,EKS000018051,,,,,,,,2026-03-23 16:41:51,,,N,,0.00000,0.00000,0.00000,0.00000,,,,,,,,,,,,,0
2009749,Загрузка ручная,,MN,,,user2334,,,2026-03-23 16:41:51,2026-03-23 16:41:51,,,,,,,,,,,N,,SHIPPING_DOC,EKS000018064,,,,,,,,2026-03-23 16:41:51,,,N,,0.00000,0.00000,0.00000,0.00000,,,,,,,,,,,,,0
2009750,Загрузка ручная,,MN,,,user2334,,,2026-03-23 16:41:51,2026-03-23 16:41:51,,,,,,,,,,,N,,SHIPPING_DOC,EKS000018081,,,,,,,,2026-03-23 16:41:51,,,N,,0.00000,0.00000,0.00000,0.00000,,,,,,,,,,,,,0
2009751,Загрузка ручная,,MN,,,user2334,,,2026-03-23 16:41:51,2026-03-23 16:41:51,,,,,,,,,,,N,,SHIPPING_DOC,EKS000018082,,,,,,,,2026-03-23 16:41:51,,,N,,0.00000,0.00000,0.00000,0.00000,,,,,,,,,,,,,0
2009752,Загрузка ручная,,MN,,,user2334,,,2026-03-23 16:41:51,2026-03-23 16:41:51,,,,,,,,,,,N,,SHIPPING_DOC,EKS000018104,,,,,,,,2026-03-23 16:41:51,,,N,,0.00000,0.00000,0.00000,0.00000,,,,,,,,,,,,,0
2009753,Загрузка ручная,,MN,,,user2334,,,2026-03-23 16:41:51,2026-03-23 16:41:51,,,,,,,,,,,N,,SHIPPING_DOC,EKS000018106,,,,,,,,2026-03-23 16:41:51,,,N,,0.00000,0.00000,0.00000,0.00000,,,,,,,,,,,,,0
2009754,Загрузка ручная,,MN,,,user2334,,,2026-03-23 16:41:51,2026-03-23 16:41:51,,,,,,,,,,,N,,SHIPPING_DOC,EKS000018111,,,,,,,,2026-03-23 16:41:51,,,N,,0.00000,0.00000,0.00000,0.00000,,,,,,,,,,,,,0
2009755,Загрузка ручная,,MN,,,user2334,,,2026-03-23 16:41:51,2026-03-23 16:41:51,,,,,,,,,,,N,,SHIPPING_DOC,EKS000018115,,,,,,,,2026-03-23 16:41:51,,,N,,0.00000,0.00000,0.00000,0.00000,,,,,,,,,,,,,0
2009756,Загрузка ручная,,MN,,,user2334,,,2026-03-23 16:41:51,2026-03-23 16:41:51,,,,,,,,,,,N,,SHIPPING_DOC,EKS000018119,,,,,,,,2026-03-23 16:41:51,,,N,,0.00000,0.00000,0.00000,0.00000,,,,,,,,,,,,,0
2009757,Загрузка ручная,,MN,,,user2334,,,2026-03-23 16:41:51,2026-03-23 16:41:51,,,,,,,,,,,N,,SHIPPING_DOC,EKS000018125,,,,,,,,2026-03-23 16:41:51,,,N,,0.00000,0.00000,0.00000,0.00000,,,,,,,,,,,,,0
2009758,Загрузка ручная,,MN,,,user2334,,,2026-03-23 16:41:51,2026-03-23 16:41:51,,,,,,,,,,,N,,SHIPPING_DOC,EKS000018134,,,,,,,,2026-03-23 16:41:51,,,N,,0.00000,0.00000,0.00000,0.00000,,,,,,,,,,,,,0
2009759,Загрузка ручная,,MN,,,user2334,,,2026-03-23 16:41:51,2026-03-23 16:41:51,,,,,,,,,,,N,,SHIPPING_DOC,EKS000018140,,,,,,,,2026-03-23 16:41:51,,,N,,0.00000,0.00000,0.00000,0.00000,,,,,,,,,,,,,0
2009760,Загрузка ручная,,MN,,,user2334,,,2026-03-23 16:41:51,2026-03-23 16:41:51,,,,,,,,,,,N,,SHIPPING_DOC,EKS000018027,,,,,,,,2026-03-23 16:41:51,,,N,,0.00000,0.00000,0.00000,0.00000,,,,,,,,,,,,,0
2009761,Загрузка механизмами,,MN,,,user2324,,,2026-03-23 16:48:24,2026-03-23 16:48:24,,,,,,,,,,,N,,SHIPPING_DOC,EKS000018052,,,,,,,,2026-03-23 16:48:24,,,N,,0.00000,0.00000,0.00000,0.00000,,,,,,,,,,,,,0
2009762,Загрузка ручная,,MN,,,user2324,,,2026-03-23 16:48:24,2026-03-23 16:48:24,,,,,,,,,,,N,,SHIPPING_DOC,EKS000018052,,,,,,,,2026-03-23 16:48:24,,,N,,0.00000,0.00000,0.00000,0.00000,,,,,,,,,,,,,0
2009763,Загрузка механизмами,,MN,,,user2249,,,2026-03-23 16:50:26,2026-03-23 16:50:26,,,,,,,,,,,N,,SHIPPING_DOC,EKS000018047,,,,,,,,2026-03-23 16:50:26,,,N,,0.00000,0.00000,0.00000,0.00000,,,,,,,,,,,,,0
2009764,Загрузка механизмами,,MN,,,user2249,,,2026-03-23 16:50:26,2026-03-23 16:50:26,,,,,,,,,,,N,,SHIPPING_DOC,EKS000018051,,,,,,,,2026-03-23 16:50:26,,,N,,0.00000,0.00000,0.00000,0.00000,,,,,,,,,,,,,0
2009765,Загрузка механизмами,,MN,,,user2249,,,2026-03-23 16:50:26,2026-03-23 16:50:26,,,,,,,,,,,N,,SHIPPING_DOC,EKS000018064,,,,,,,,2026-03-23 16:50:26,,,N,,0.00000,0.00000,0.00000,0.00000,,,,,,,,,,,,,0
2009766,Загрузка механизмами,,MN,,,user2249,,,2026-03-23 16:50:26,2026-03-23 16:50:26,,,,,,,,,,,N,,SHIPPING_DOC,EKS000018082,,,,,,,,2026-03-23 16:50:26,,,N,,0.00000,0.00000,0.00000,0.00000,,,,,,,,,,,,,0
2009767,Загрузка механизмами,,MN,,,user2249,,,2026-03-23 16:50:26,2026-03-23 16:50:26,,,,,,,,,,,N,,SHIPPING_DOC,EKS000018134,,,,,,,,2026-03-23 16:50:26,,,N,,0.00000,0.00000,0.00000,0.00000,,,,,,,,,,,,,0
2009218,Загрузка ручная,,MN,,,user2334,,,2026-03-23 07:07:50,2026-03-23 07:07:50,,,,,,,,,,,N,,SHIPPING_DOC,EKS000017821,,,,,,,,2026-03-23 07:07:50,,,N,,0.00000,0.00000,0.00000,0.00000,,,,,,,,,,,,,0
2009219,Загрузка ручная,,MN,,,user2334,,,2026-03-23 07:07:50,2026-03-23 07:07:50,,,,,,,,,,,N,,SHIPPING_DOC,EKS000017826,,,,,,,,2026-03-23 07:07:50,,,N,,0.00000,0.00000,0.00000,0.00000,,,,,,,,,,,,,0
2009220,Загрузка ручная,,MN,,,user2334,,,2026-03-23 07:07:50,2026-03-23 07:07:50,,,,,,,,,,,N,,SHIPPING_DOC,EKS000017844,,,,,,,,2026-03-23 07:07:50,,,N,,0.00000,0.00000,0.00000,0.00000,,,,,,,,,,,,,0
2009221,Загрузка механизмами,,MN,,,user2334,,,2026-03-23 07:08:31,2026-03-23 07:08:31,,,,,,,,,,,N,,SHIPPING_DOC,EKS000088742,,,,,,,,2026-03-23 07:08:31,,,N,,0.00000,0.00000,0.00000,0.00000,,,,,,,,,,,,,0
2009222,Загрузка механизмами,,MN,,,user2334,,,2026-03-23 07:08:31,2026-03-23 07:08:31,,,,,,,,,,,N,,SHIPPING_DOC,EKS000088743,,,,,,,,2026-03-23 07:08:31,,,N,,0.00000,0.00000,0.00000,0.00000,,,,,,,,,,,,,0
2009223,Загрузка механизмами,,MN,,,user2334,,,2026-03-23 07:08:31,2026-03-23 07:08:31,,,,,,,,,,,N,,SHIPPING_DOC,EKS000016744,,,,,,,,2026-03-23 07:08:31,,,N,,0.00000,0.00000,0.00000,0.00000,,,,,,,,,,,,,0
2009224,Загрузка механизмами,,MN,,,user2334,,,2026-03-23 07:08:31,2026-03-23 07:08:31,,,,,,,,,,,N,,SHIPPING_DOC,EKS000017117,,,,,,,,2026-03-23 07:08:31,,,N,,0.00000,0.00000,0.00000,0.00000,,,,,,,,,,,,,0
2009225,Загрузка механизмами,,MN,,,user2334,,,2026-03-23 07:08:31,2026-03-23 07:08:31,,,,,,,,,,,N,,SHIPPING_DOC,EKS000017399,,,,,,,,2026-03-23 07:08:31,,,N,,0.00000,0.00000,0.00000,0.00000,,,,,,,,,,,,,0
2009226,Загрузка механизмами,,MN,,,user2334,,,2026-03-23 07:08:31,2026-03-23 07:08:31,,,,,,,,,,,N,,SHIPPING_DOC,EKS000017420,,,,,,,,2026-03-23 07:08:31,,,N,,0.00000,0.00000,0.00000,0.00000,,,,,,,,,,,,,0
2009227,Загрузка механизмами,,MN,,,user2334,,,2026-03-23 07:08:31,2026-03-23 07:08:31,,,,,,,,,,,N,,SHIPPING_DOC,O00000001459,,,,,,,,2026-03-23 07:08:31,,,N,,0.00000,0.00000,0.00000,0.00000,,,,,,,,,,,,,0
2009228,Загрузка механизмами,,MN,,,user2334,,,2026-03-23 07:08:31,2026-03-23 07:08:31,,,,,,,,,,,N,,SHIPPING_DOC,EKS000017450,,,,,,,,2026-03-23 07:08:31,,,N,,0.00000,0.00000,0.00000,0.00000,,,,,,,,,,,,,0
2009229,Загрузка механизмами,,MN,,,user2334,,,2026-03-23 07:08:31,2026-03-23 07:08:31,,,,,,,,,,,N,,SHIPPING_DOC,EKS000017454,,,,,,,,2026-03-23 07:08:31,,,N,,0.00000,0.00000,0.00000,0.00000,,,,,,,,,,,,,0
2009230,Загрузка механизмами,,MN,,,user2334,,,2026-03-23 07:08:31,2026-03-23 07:08:31,,,,,,,,,,,N,,SHIPPING_DOC,EKS000017457,,,,,,,,2026-03-23 07:08:31,,,N,,0.00000,0.00000,0.00000,0.00000,,,,,,,,,,,,,0
2008552,Загрузка механизмами,,MN,,,o.ivanov,,,2026-03-22 18:19:46,2026-03-22 18:19:46,,,,,,,,,,,N,,SHIPPING_DOC,EKS000017464,,,,,,,,2026-03-22 18:19:46,,,N,,0.00000,0.00000,0.00000,0.00000,,,,,,,,,,,,,0
2008553,Загрузка механизмами,,MN,,,o.ivanov,,,2026-03-22 18:19:46,2026-03-22 18:19:46,,,,,,,,,,,N,,SHIPPING_DOC,EKS000017467,,,,,,,,2026-03-22 18:19:46,,,N,,0.00000,0.00000,0.00000,0.00000,,,,,,,,,,,,,0
2008554,Загрузка механизмами,,MN,,,o.ivanov,,,2026-03-22 18:19:46,2026-03-22 18:19:46,,,,,,,,,,,N,,SHIPPING_DOC,EKS000017476,,,,,,,,2026-03-22 18:19:46,,,N,,0.00000,0.00000,0.00000,0.00000,,,,,,,,,,,,,0
2008555,Загрузка механизмами,,MN,,,o.ivanov,,,2026-03-22 18:19:46,2026-03-22 18:19:46,,,,,,,,,,,N,,SHIPPING_DOC,EKS000017478,,,,,,,,2026-03-22 18:19:46,,,N,,0.00000,0.00000,0.00000,0.00000,,,,,,,,,,,,,0
2008556,Загрузка механизмами,,MN,,,o.ivanov,,,2026-03-22 18:19:46,2026-03-22 18:19:46,,,,,,,,,,,N,,SHIPPING_DOC,EKS000017480,,,,,,,,2026-03-22 18:19:46,,,N,,0.00000,0.00000,0.00000,0.00000,,,,,,,,,,,,,0
2008557,Загрузка механизмами,,MN,,,o.ivanov,,,2026-03-22 18:19:46,2026-03-22 18:19:46,,,,,,,,,,,N,,SHIPPING_DOC,EKS000017498,,,,,,,,2026-03-22 18:19:46,,,N,,0.00000,0.00000,0.00000,0.00000,,,,,,,,,,,,,0
2008558,Загрузка механизмами,,MN,,,o.ivanov,,,2026-03-22 18:19:46,2026-03-22 18:19:46,,,,,,,,,,,N,,SHIPPING_DOC,EKS000017502,,,,,,,,2026-03-22 18:19:46,,,N,,0.00000,0.00000,0.00000,0.00000,,,,,,,,,,,,,0
2008559,Загрузка механизмами,,MN,,,o.ivanov,,,2026-03-22 18:19:46,2026-03-22 18:19:46,,,,,,,,,,,N,,SHIPPING_DOC,EKS000017504,,,,,,,,2026-03-22 18:19:46,,,N,,0.00000,0.00000,0.00000,0.00000,,,,,,,,,,,,,0
2008560,Загрузка механизмами,,MN,,,o.ivanov,,,2026-03-22 18:19:46,2026-03-22 18:19:46,,,,,,,,,,,N,,SHIPPING_DOC,EKS000017505,,,,,,,,2026-03-22 18:19:46,,,N,,0.00000,0.00000,0.00000,0.00000,,,,,,,,,,,,,0
2008561,Загрузка механизмами,,MN,,,o.ivanov,,,2026-03-22 18:19:46,2026-03-22 18:19:46,,,,,,,,,,,N,,SHIPPING_DOC,EKS000017510,,,,,,,,2026-03-22 18:19:46,,,N,,0.00000,0.00000,0.00000,0.00000,,,,,,,,,,,,,0
2008562,Загрузка механизмами,,MN,,,o.ivanov,,,2026-03-22 18:19:46,2026-03-22 18:19:46,,,,,,,,,,,N,,SHIPPING_DOC,EKS000017517,,,,,,,,2026-03-22 18:19:46,,,N,,0.00000,0.00000,0.00000,0.00000,,,,,,,,,,,,,0
2008563,Загрузка механизмами,,MN,,,o.ivanov,,,2026-03-22 18:19:46,2026-03-22 18:19:46,,,,,,,,,,,N,,SHIPPING_DOC,EKS000017518,,,,,,,,2026-03-22 18:19:46,,,N,,0.00000,0.00000,0.00000,0.00000,,,,,,,,,,,,,0
2009231,Загрузка механизмами,,MN,,,user2334,,,2026-03-23 07:08:31,2026-03-23 07:08:31,,,,,,,,,,,N,,SHIPPING_DOC,EKS000017459,,,,,,,,2026-03-23 07:08:31,,,N,,0.00000,0.00000,0.00000,0.00000,,,,,,,,,,,,,0
2009232,Загрузка механизмами,,MN,,,user2334,,,2026-03-23 07:08:31,2026-03-23 07:08:31,,,,,,,,,,,N,,SHIPPING_DOC,EKS000017461,,,,,,,,2026-03-23 07:08:31,,,N,,0.00000,0.00000,0.00000,0.00000,,,,,,,,,,,,,0
2009233,Загрузка механизмами,,MN,,,user2334,,,2026-03-23 07:08:31,2026-03-23 07:08:31,,,,,,,,,,,N,,SHIPPING_DOC,EKS000017466,,,,,,,,2026-03-23 07:08:31,,,N,,0.00000,0.00000,0.00000,0.00000,,,,,,,,,,,,,0
2009234,Загрузка механизмами,,MN,,,user2334,,,2026-03-23 07:08:31,2026-03-23 07:08:31,,,,,,,,,,,N,,SHIPPING_DOC,EKS000017475,,,,,,,,2026-03-23 07:08:31,,,N,,0.00000,0.00000,0.00000,0.00000,,,,,,,,,,,,,0
2009235,Загрузка механизмами,,MN,,,user2334,,,2026-03-23 07:08:31,2026-03-23 07:08:31,,,,,,,,,,,N,,SHIPPING_DOC,EKS000017515,,,,,,,,2026-03-23 07:08:31,,,N,,0.00000,0.00000,0.00000,0.00000,,,,,,,,,,,,,0
2009236,Загрузка механизмами,,MN,,,user2334,,,2026-03-23 07:08:31,2026-03-23 07:08:31,,,,,,,,,,,N,,SHIPPING_DOC,EKS000017522,,,,,,,,2026-03-23 07:08:31,,,N,,0.00000,0.00000,0.00000,0.00000,,,,,,,,,,,,,0
2009237,Загрузка механизмами,,MN,,,user2334,,,2026-03-23 07:08:31,2026-03-23 07:08:31,,,,,,,,,,,N,,SHIPPING_DOC,EKS000017716,,,,,,,,2026-03-23 07:08:31,,,N,,0.00000,0.00000,0.00000,0.00000,,,,,,,,,,,,,0
2009238,Загрузка механизмами,,MN,,,user2334,,,2026-03-23 07:08:31,2026-03-23 07:08:31,,,,,,,,,,,N,,SHIPPING_DOC,EKS000017717,,,,,,,,2026-03-23 07:08:31,,,N,,0.00000,0.00000,0.00000,0.00000,,,,,,,,,,,,,0
2009239,Загрузка механизмами,,MN,,,user2334,,,2026-03-23 07:08:31,2026-03-23 07:08:31,,,,,,,,,,,N,,SHIPPING_DOC,EKS000017783,,,,,,,,2026-03-23 07:08:31,,,N,,0.00000,0.00000,0.00000,0.00000,,,,,,,,,,,,,0
2009240,Загрузка механизмами,,MN,,,user2334,,,2026-03-23 07:08:31,2026-03-23 07:08:31,,,,,,,,,,,N,,SHIPPING_DOC,EKS000017784,,,,,,,,2026-03-23 07:08:31,,,N,,0.00000,0.00000,0.00000,0.00000,,,,,,,,,,,,,0
2009241,Загрузка механизмами,,MN,,,user2334,,,2026-03-23 07:08:31,2026-03-23 07:08:31,,,,,,,,,,,N,,SHIPPING_DOC,EKS000017846,,,,,,,,2026-03-23 07:08:31,,,N,,0.00000,0.00000,0.00000,0.00000,,,,,,,,,,,,,0
2009242,Загрузка ручная,,MN,,,user2334,,,2026-03-23 07:08:31,2026-03-23 07:08:31,,,,,,,,,,,N,,SHIPPING_DOC,EKS000088742,,,,,,,,2026-03-23 07:08:31,,,N,,0.00000,0.00000,0.00000,0.00000,,,,,,,,,,,,,0
2009243,Загрузка ручная,,MN,,,user2334,,,2026-03-23 07:08:31,2026-03-23 07:08:31,,,,,,,,,,,N,,SHIPPING_DOC,EKS000088743,,,,,,,,2026-03-23 07:08:31,,,N,,0.00000,0.00000,0.00000,0.00000,,,,,,,,,,,,,0
2009768,Загрузка механизмами,,MN,,,user2249,,,2026-03-23 16:50:26,2026-03-23 16:50:26,,,,,,,,,,,N,,SHIPPING_DOC,EKS000018104,,,,,,,,2026-03-23 16:50:26,,,N,,0.00000,0.00000,0.00000,0.00000,,,,,,,,,,,,,0
2009769,Загрузка механизмами,,MN,,,user2249,,,2026-03-23 16:50:26,2026-03-23 16:50:26,,,,,,,,,,,N,,SHIPPING_DOC,EKS000018106,,,,,,,,2026-03-23 16:50:26,,,N,,0.00000,0.00000,0.00000,0.00000,,,,,,,,,,,,,0
2009770,Загрузка механизмами,,MN,,,user2249,,,2026-03-23 16:50:26,2026-03-23 16:50:26,,,,,,,,,,,N,,SHIPPING_DOC,EKS000018111,,,,,,,,2026-03-23 16:50:26,,,N,,0.00000,0.00000,0.00000,0.00000,,,,,,,,,,,,,0
2009771,Загрузка механизмами,,MN,,,user2249,,,2026-03-23 16:50:26,2026-03-23 16:50:26,,,,,,,,,,,N,,SHIPPING_DOC,EKS000018115,,,,,,,,2026-03-23 16:50:26,,,N,,0.00000,0.00000,0.00000,0.00000,,,,,,,,,,,,,0
2009772,Загрузка механизмами,,MN,,,user2249,,,2026-03-23 16:50:26,2026-03-23 16:50:26,,,,,,,,,,,N,,SHIPPING_DOC,EKS000018119,,,,,,,,2026-03-23 16:50:26,,,N,,0.00000,0.00000,0.00000,0.00000,,,,,,,,,,,,,0
2009773,Загрузка механизмами,,MN,,,user2249,,,2026-03-23 16:50:26,2026-03-23 16:50:26,,,,,,,,,,,N,,SHIPPING_DOC,EKS000018125,,,,,,,,2026-03-23 16:50:26,,,N,,0.00000,0.00000,0.00000,0.00000,,,,,,,,,,,,,0
2009774,Загрузка механизмами,,MN,,,user2249,,,2026-03-23 16:50:26,2026-03-23 16:50:26,,,,,,,,,,,N,,SHIPPING_DOC,EKS000018027,,,,,,,,2026-03-23 16:50:26,,,N,,0.00000,0.00000,0.00000,0.00000,,,,,,,,,,,,,0
2009775,Загрузка механизмами,,MN,,,user2249,,,2026-03-23 16:50:26,2026-03-23 16:50:26,,,,,,,,,,,N,,SHIPPING_DOC,EKS000018048,,,,,,,,2026-03-23 16:50:26,,,N,,0.00000,0.00000,0.00000,0.00000,,,,,,,,,,,,,0
2009776,Загрузка механизмами,,MN,,,user2249,,,2026-03-23 16:50:26,2026-03-23 16:50:26,,,,,,,,,,,N,,SHIPPING_DOC,EKS000018081,,,,,,,,2026-03-23 16:50:26,,,N,,0.00000,0.00000,0.00000,0.00000,,,,,,,,,,,,,0
2009777,Загрузка механизмами,,MN,,,user2249,,,2026-03-23 16:50:26,2026-03-23 16:50:26,,,,,,,,,,,N,,SHIPPING_DOC,EKS000018140,,,,,,,,2026-03-23 16:50:26,,,N,,0.00000,0.00000,0.00000,0.00000,,,,,,,,,,,,,0
2009778,Загрузка ручная,,MN,,,user2249,,,2026-03-23 16:50:26,2026-03-23 16:50:26,,,,,,,,,,,N,,SHIPPING_DOC,EKS000018047,,,,,,,,2026-03-23 16:50:26,,,N,,0.00000,0.00000,0.00000,0.00000,,,,,,,,,,,,,0
2009779,Загрузка ручная,,MN,,,user2249,,,2026-03-23 16:50:26,2026-03-23 16:50:26,,,,,,,,,,,N,,SHIPPING_DOC,EKS000018051,,,,,,,,2026-03-23 16:50:26,,,N,,0.00000,0.00000,0.00000,0.00000,,,,,,,,,,,,,0
2009780,Загрузка ручная,,MN,,,user2249,,,2026-03-23 16:50:26,2026-03-23 16:50:26,,,,,,,,,,,N,,SHIPPING_DOC,EKS000018064,,,,,,,,2026-03-23 16:50:26,,,N,,0.00000,0.00000,0.00000,0.00000,,,,,,,,,,,,,0
2009781,Загрузка ручная,,MN,,,user2249,,,2026-03-23 16:50:26,2026-03-23 16:50:26,,,,,,,,,,,N,,SHIPPING_DOC,EKS000018082,,,,,,,,2026-03-23 16:50:26,,,N,,0.00000,0.00000,0.00000,0.00000,,,,,,,,,,,,,0
2009782,Загрузка ручная,,MN,,,user2249,,,2026-03-23 16:50:26,2026-03-23 16:50:26,,,,,,,,,,,N,,SHIPPING_DOC,EKS000018134,,,,,,,,2026-03-23 16:50:26,,,N,,0.00000,0.00000,0.00000,0.00000,,,,,,,,,,,,,0
2009783,Загрузка ручная,,MN,,,user2249,,,2026-03-23 16:50:26,2026-03-23 16:50:26,,,,,,,,,,,N,,SHIPPING_DOC,EKS000018104,,,,,,,,2026-03-23 16:50:26,,,N,,0.00000,0.00000,0.00000,0.00000,,,,,,,,,,,,,0
2009784,Загрузка ручная,,MN,,,user2249,,,2026-03-23 16:50:26,2026-03-23 16:50:26,,,,,,,,,,,N,,SHIPPING_DOC,EKS000018106,,,,,,,,2026-03-23 16:50:26,,,N,,0.00000,0.00000,0.00000,0.00000,,,,,,,,,,,,,0
2009785,Загрузка ручная,,MN,,,user2249,,,2026-03-23 16:50:26,2026-03-23 16:50:26,,,,,,,,,,,N,,SHIPPING_DOC,EKS000018111,,,,,,,,2026-03-23 16:50:26,,,N,,0.00000,0.00000,0.00000,0.00000,,,,,,,,,,,,,0
2009786,Загрузка ручная,,MN,,,user2249,,,2026-03-23 16:50:26,2026-03-23 16:50:26,,,,,,,,,,,N,,SHIPPING_DOC,EKS000018115,,,,,,,,2026-03-23 16:50:26,,,N,,0.00000,0.00000,0.00000,0.00000,,,,,,,,,,,,,0
2009787,Загрузка ручная,,MN,,,user2249,,,2026-03-23 16:50:26,2026-03-23 16:50:26,,,,,,,,,,,N,,SHIPPING_DOC,EKS000018119,,,,,,,,2026-03-23 16:50:26,,,N,,0.00000,0.00000,0.00000,0.00000,,,,,,,,,,,,,0
2009788,Загрузка ручная,,MN,,,user2249,,,2026-03-23 16:50:26,2026-03-23 16:50:26,,,,,,,,,,,N,,SHIPPING_DOC,EKS000018125,,,,,,,,2026-03-23 16:50:26,,,N,,0.00000,0.00000,0.00000,0.00000,,,,,,,,,,,,,0
2009789,Загрузка ручная,,MN,,,user2249,,,2026-03-23 16:50:26,2026-03-23 16:50:26,,,,,,,,,,,N,,SHIPPING_DOC,EKS000018027,,,,,,,,2026-03-23 16:50:26,,,N,,0.00000,0.00000,0.00000,0.00000,,,,,,,,,,,,,0
2009790,Загрузка ручная,,MN,,,user2249,,,2026-03-23 16:50:26,2026-03-23 16:50:26,,,,,,,,,,,N,,SHIPPING_DOC,EKS000018048,,,,,,,,2026-03-23 16:50:26,,,N,,0.00000,0.00000,0.00000,0.00000,,,,,,,,,,,,,0
2009791,Загрузка ручная,,MN,,,user2249,,,2026-03-23 16:50:26,2026-03-23 16:50:26,,,,,,,,,,,N,,SHIPPING_DOC,EKS000018081,,,,,,,,2026-03-23 16:50:26,,,N,,0.00000,0.00000,0.00000,0.00000,,,,,,,,,,,,,0
2009792,Загрузка ручная,,MN,,,user2249,,,2026-03-23 16:50:26,2026-03-23 16:50:26,,,,,,,,,,,N,,SHIPPING_DOC,EKS000018140,,,,,,,,2026-03-23 16:50:26,,,N,,0.00000,0.00000,0.00000,0.00000,,,,,,,,,,,,,0
2009793,Загрузка механизмами,,MN,,,user2334,,,2026-03-23 17:10:29,2026-03-23 17:10:29,,,,,,,,,,,N,,SHIPPING_DOC,EKS000017781,,,,,,,,2026-03-23 17:10:29,,,N,,0.00000,0.00000,0.00000,0.00000,,,,,,,,,,,,,0
2008564,Загрузка механизмами,,MN,,,o.ivanov,,,2026-03-22 18:19:46,2026-03-22 18:19:46,,,,,,,,,,,N,,SHIPPING_DOC,EKS000017520,,,,,,,,2026-03-22 18:19:46,,,N,,0.00000,0.00000,0.00000,0.00000,,,,,,,,,,,,,0
2008565,Загрузка механизмами,,MN,,,o.ivanov,,,2026-03-22 18:19:46,2026-03-22 18:19:46,,,,,,,,,,,N,,SHIPPING_DOC,EKS000017536,,,,,,,,2026-03-22 18:19:46,,,N,,0.00000,0.00000,0.00000,0.00000,,,,,,,,,,,,,0
2008566,Загрузка механизмами,,MN,,,o.ivanov,,,2026-03-22 18:19:46,2026-03-22 18:19:46,,,,,,,,,,,N,,SHIPPING_DOC,EKS000017537,,,,,,,,2026-03-22 18:19:46,,,N,,0.00000,0.00000,0.00000,0.00000,,,,,,,,,,,,,0
2008567,Загрузка механизмами,,MN,,,o.ivanov,,,2026-03-22 18:19:46,2026-03-22 18:19:46,,,,,,,,,,,N,,SHIPPING_DOC,EKS000017545,,,,,,,,2026-03-22 18:19:46,,,N,,0.00000,0.00000,0.00000,0.00000,,,,,,,,,,,,,0
2008568,Загрузка механизмами,,MN,,,o.ivanov,,,2026-03-22 18:19:46,2026-03-22 18:19:46,,,,,,,,,,,N,,SHIPPING_DOC,EKS000017548,,,,,,,,2026-03-22 18:19:46,,,N,,0.00000,0.00000,0.00000,0.00000,,,,,,,,,,,,,0
2008569,Загрузка механизмами,,MN,,,o.ivanov,,,2026-03-22 18:19:46,2026-03-22 18:19:46,,,,,,,,,,,N,,SHIPPING_DOC,EKS000017558,,,,,,,,2026-03-22 18:19:46,,,N,,0.00000,0.00000,0.00000,0.00000,,,,,,,,,,,,,0
2008570,Загрузка механизмами,,MN,,,o.ivanov,,,2026-03-22 18:19:46,2026-03-22 18:19:46,,,,,,,,,,,N,,SHIPPING_DOC,EKS000017559,,,,,,,,2026-03-22 18:19:46,,,N,,0.00000,0.00000,0.00000,0.00000,,,,,,,,,,,,,0
2008571,Загрузка механизмами,,MN,,,o.ivanov,,,2026-03-22 18:19:46,2026-03-22 18:19:46,,,,,,,,,,,N,,SHIPPING_DOC,EKS000017562,,,,,,,,2026-03-22 18:19:46,,,N,,0.00000,0.00000,0.00000,0.00000,,,,,,,,,,,,,0
2008572,Загрузка механизмами,,MN,,,o.ivanov,,,2026-03-22 18:19:46,2026-03-22 18:19:46,,,,,,,,,,,N,,SHIPPING_DOC,EKS000017574,,,,,,,,2026-03-22 18:19:46,,,N,,0.00000,0.00000,0.00000,0.00000,,,,,,,,,,,,,0
2008573,Загрузка механизмами,,MN,,,o.ivanov,,,2026-03-22 18:19:46,2026-03-22 18:19:46,,,,,,,,,,,N,,SHIPPING_DOC,EKS000017578,,,,,,,,2026-03-22 18:19:46,,,N,,0.00000,0.00000,0.00000,0.00000,,,,,,,,,,,,,0
2008574,Загрузка механизмами,,MN,,,o.ivanov,,,2026-03-22 18:19:46,2026-03-22 18:19:46,,,,,,,,,,,N,,SHIPPING_DOC,EKS000017585,,,,,,,,2026-03-22 18:19:46,,,N,,0.00000,0.00000,0.00000,0.00000,,,,,,,,,,,,,0
2008575,Загрузка механизмами,,MN,,,o.ivanov,,,2026-03-22 18:19:46,2026-03-22 18:19:46,,,,,,,,,,,N,,SHIPPING_DOC,EKS000017592,,,,,,,,2026-03-22 18:19:46,,,N,,0.00000,0.00000,0.00000,0.00000,,,,,,,,,,,,,0
2009244,Загрузка ручная,,MN,,,user2334,,,2026-03-23 07:08:31,2026-03-23 07:08:31,,,,,,,,,,,N,,SHIPPING_DOC,EKS000016744,,,,,,,,2026-03-23 07:08:31,,,N,,0.00000,0.00000,0.00000,0.00000,,,,,,,,,,,,,0
2009245,Загрузка ручная,,MN,,,user2334,,,2026-03-23 07:08:31,2026-03-23 07:08:31,,,,,,,,,,,N,,SHIPPING_DOC,EKS000017117,,,,,,,,2026-03-23 07:08:31,,,N,,0.00000,0.00000,0.00000,0.00000,,,,,,,,,,,,,0
2009246,Загрузка ручная,,MN,,,user2334,,,2026-03-23 07:08:31,2026-03-23 07:08:31,,,,,,,,,,,N,,SHIPPING_DOC,EKS000017399,,,,,,,,2026-03-23 07:08:31,,,N,,0.00000,0.00000,0.00000,0.00000,,,,,,,,,,,,,0
2009247,Загрузка ручная,,MN,,,user2334,,,2026-03-23 07:08:31,2026-03-23 07:08:31,,,,,,,,,,,N,,SHIPPING_DOC,EKS000017420,,,,,,,,2026-03-23 07:08:31,,,N,,0.00000,0.00000,0.00000,0.00000,,,,,,,,,,,,,0
2009248,Загрузка ручная,,MN,,,user2334,,,2026-03-23 07:08:31,2026-03-23 07:08:31,,,,,,,,,,,N,,SHIPPING_DOC,O00000001459,,,,,,,,2026-03-23 07:08:31,,,N,,0.00000,0.00000,0.00000,0.00000,,,,,,,,,,,,,0
2009249,Загрузка ручная,,MN,,,user2334,,,2026-03-23 07:08:31,2026-03-23 07:08:31,,,,,,,,,,,N,,SHIPPING_DOC,EKS000017450,,,,,,,,2026-03-23 07:08:31,,,N,,0.00000,0.00000,0.00000,0.00000,,,,,,,,,,,,,0
2009250,Загрузка ручная,,MN,,,user2334,,,2026-03-23 07:08:31,2026-03-23 07:08:31,,,,,,,,,,,N,,SHIPPING_DOC,EKS000017454,,,,,,,,2026-03-23 07:08:31,,,N,,0.00000,0.00000,0.00000,0.00000,,,,,,,,,,,,,0
2009251,Загрузка ручная,,MN,,,user2334,,,2026-03-23 07:08:31,2026-03-23 07:08:31,,,,,,,,,,,N,,SHIPPING_DOC,EKS000017457,,,,,,,,2026-03-23 07:08:31,,,N,,0.00000,0.00000,0.00000,0.00000,,,,,,,,,,,,,0
2009252,Загрузка ручная,,MN,,,user2334,,,2026-03-23 07:08:31,2026-03-23 07:08:31,,,,,,,,,,,N,,SHIPPING_DOC,EKS000017459,,,,,,,,2026-03-23 07:08:31,,,N,,0.00000,0.00000,0.00000,0.00000,,,,,,,,,,,,,0
2009253,Загрузка ручная,,MN,,,user2334,,,2026-03-23 07:08:31,2026-03-23 07:08:31,,,,,,,,,,,N,,SHIPPING_DOC,EKS000017461,,,,,,,,2026-03-23 07:08:31,,,N,,0.00000,0.00000,0.00000,0.00000,,,,,,,,,,,,,0
2009254,Загрузка ручная,,MN,,,user2334,,,2026-03-23 07:08:31,2026-03-23 07:08:31,,,,,,,,,,,N,,SHIPPING_DOC,EKS000017466,,,,,,,,2026-03-23 07:08:31,,,N,,0.00000,0.00000,0.00000,0.00000,,,,,,,,,,,,,0
2009255,Загрузка ручная,,MN,,,user2334,,,2026-03-23 07:08:31,2026-03-23 07:08:31,,,,,,,,,,,N,,SHIPPING_DOC,EKS000017475,,,,,,,,2026-03-23 07:08:31,,,N,,0.00000,0.00000,0.00000,0.00000,,,,,,,,,,,,,0
2009256,Загрузка ручная,,MN,,,user2334,,,2026-03-23 07:08:31,2026-03-23 07:08:31,,,,,,,,,,,N,,SHIPPING_DOC,EKS000017515,,,,,,,,2026-03-23 07:08:31,,,N,,0.00000,0.00000,0.00000,0.00000,,,,,,,,,,,,,0
2009794,Загрузка механизмами,,MN,,,user2334,,,2026-03-23 17:10:29,2026-03-23 17:10:29,,,,,,,,,,,N,,SHIPPING_DOC,EKS000018020,,,,,,,,2026-03-23 17:10:29,,,N,,0.00000,0.00000,0.00000,0.00000,,,,,,,,,,,,,0
2009795,Загрузка механизмами,,MN,,,user2334,,,2026-03-23 17:10:29,2026-03-23 17:10:29,,,,,,,,,,,N,,SHIPPING_DOC,EKS000018035,,,,,,,,2026-03-23 17:10:29,,,N,,0.00000,0.00000,0.00000,0.00000,,,,,,,,,,,,,0
2009796,Загрузка механизмами,,MN,,,user2334,,,2026-03-23 17:10:29,2026-03-23 17:10:29,,,,,,,,,,,N,,SHIPPING_DOC,EKS000018122,,,,,,,,2026-03-23 17:10:29,,,N,,0.00000,0.00000,0.00000,0.00000,,,,,,,,,,,,,0
2009797,Загрузка механизмами,,MN,,,user2334,,,2026-03-23 17:10:29,2026-03-23 17:10:29,,,,,,,,,,,N,,SHIPPING_DOC,EKS000018157,,,,,,,,2026-03-23 17:10:29,,,N,,0.00000,0.00000,0.00000,0.00000,,,,,,,,,,,,,0
2009798,Загрузка механизмами,,MN,,,user2334,,,2026-03-23 17:10:29,2026-03-23 17:10:29,,,,,,,,,,,N,,SHIPPING_DOC,EKS000018038,,,,,,,,2026-03-23 17:10:29,,,N,,0.00000,0.00000,0.00000,0.00000,,,,,,,,,,,,,0
2009799,Загрузка ручная,,MN,,,user2334,,,2026-03-23 17:10:29,2026-03-23 17:10:29,,,,,,,,,,,N,,SHIPPING_DOC,EKS000017781,,,,,,,,2026-03-23 17:10:29,,,N,,0.00000,0.00000,0.00000,0.00000,,,,,,,,,,,,,0
2009800,Загрузка ручная,,MN,,,user2334,,,2026-03-23 17:10:29,2026-03-23 17:10:29,,,,,,,,,,,N,,SHIPPING_DOC,EKS000018020,,,,,,,,2026-03-23 17:10:29,,,N,,0.00000,0.00000,0.00000,0.00000,,,,,,,,,,,,,0
2009801,Загрузка ручная,,MN,,,user2334,,,2026-03-23 17:10:29,2026-03-23 17:10:29,,,,,,,,,,,N,,SHIPPING_DOC,EKS000018035,,,,,,,,2026-03-23 17:10:29,,,N,,0.00000,0.00000,0.00000,0.00000,,,,,,,,,,,,,0
2009802,Загрузка ручная,,MN,,,user2334,,,2026-03-23 17:10:29,2026-03-23 17:10:29,,,,,,,,,,,N,,SHIPPING_DOC,EKS000018122,,,,,,,,2026-03-23 17:10:29,,,N,,0.00000,0.00000,0.00000,0.00000,,,,,,,,,,,,,0
2009803,Загрузка ручная,,MN,,,user2334,,,2026-03-23 17:10:29,2026-03-23 17:10:29,,,,,,,,,,,N,,SHIPPING_DOC,EKS000018157,,,,,,,,2026-03-23 17:10:29,,,N,,0.00000,0.00000,0.00000,0.00000,,,,,,,,,,,,,0
2009804,Загрузка ручная,,MN,,,user2334,,,2026-03-23 17:10:29,2026-03-23 17:10:29,,,,,,,,,,,N,,SHIPPING_DOC,EKS000018038,,,,,,,,2026-03-23 17:10:29,,,N,,0.00000,0.00000,0.00000,0.00000,,,,,,,,,,,,,0
2009805,Загрузка механизмами,,MN,,,user2249,,,2026-03-23 17:13:32,2026-03-23 17:13:32,,,,,,,,,,,N,,SHIPPING_DOC,EKS000017781,,,,,,,,2026-03-23 17:13:32,,,N,,0.00000,0.00000,0.00000,0.00000,,,,,,,,,,,,,0
2009806,Загрузка механизмами,,MN,,,user2249,,,2026-03-23 17:13:32,2026-03-23 17:13:32,,,,,,,,,,,N,,SHIPPING_DOC,EKS000018122,,,,,,,,2026-03-23 17:13:32,,,N,,0.00000,0.00000,0.00000,0.00000,,,,,,,,,,,,,0
2008576,Загрузка механизмами,,MN,,,o.ivanov,,,2026-03-22 18:19:46,2026-03-22 18:19:46,,,,,,,,,,,N,,SHIPPING_DOC,EKS000017593,,,,,,,,2026-03-22 18:19:46,,,N,,0.00000,0.00000,0.00000,0.00000,,,,,,,,,,,,,0
2008577,Загрузка механизмами,,MN,,,o.ivanov,,,2026-03-22 18:19:46,2026-03-22 18:19:46,,,,,,,,,,,N,,SHIPPING_DOC,EKS000017594,,,,,,,,2026-03-22 18:19:46,,,N,,0.00000,0.00000,0.00000,0.00000,,,,,,,,,,,,,0
2008578,Загрузка механизмами,,MN,,,o.ivanov,,,2026-03-22 18:19:46,2026-03-22 18:19:46,,,,,,,,,,,N,,SHIPPING_DOC,EKS000017609,,,,,,,,2026-03-22 18:19:46,,,N,,0.00000,0.00000,0.00000,0.00000,,,,,,,,,,,,,0
2008579,Загрузка механизмами,,MN,,,o.ivanov,,,2026-03-22 18:19:46,2026-03-22 18:19:46,,,,,,,,,,,N,,SHIPPING_DOC,EKS000017632,,,,,,,,2026-03-22 18:19:46,,,N,,0.00000,0.00000,0.00000,0.00000,,,,,,,,,,,,,0
2008580,Загрузка механизмами,,MN,,,o.ivanov,,,2026-03-22 18:19:46,2026-03-22 18:19:46,,,,,,,,,,,N,,SHIPPING_DOC,EKS000017637,,,,,,,,2026-03-22 18:19:46,,,N,,0.00000,0.00000,0.00000,0.00000,,,,,,,,,,,,,0
2008581,Загрузка механизмами,,MN,,,o.ivanov,,,2026-03-22 18:19:46,2026-03-22 18:19:46,,,,,,,,,,,N,,SHIPPING_DOC,EKS000017640,,,,,,,,2026-03-22 18:19:46,,,N,,0.00000,0.00000,0.00000,0.00000,,,,,,,,,,,,,0
2008582,Загрузка механизмами,,MN,,,o.ivanov,,,2026-03-22 18:19:46,2026-03-22 18:19:46,,,,,,,,,,,N,,SHIPPING_DOC,EKS000017641,,,,,,,,2026-03-22 18:19:46,,,N,,0.00000,0.00000,0.00000,0.00000,,,,,,,,,,,,,0
2008583,Загрузка механизмами,,MN,,,o.ivanov,,,2026-03-22 18:19:46,2026-03-22 18:19:46,,,,,,,,,,,N,,SHIPPING_DOC,EKS000017651,,,,,,,,2026-03-22 18:19:46,,,N,,0.00000,0.00000,0.00000,0.00000,,,,,,,,,,,,,0
2008584,Загрузка механизмами,,MN,,,o.ivanov,,,2026-03-22 18:19:46,2026-03-22 18:19:46,,,,,,,,,,,N,,SHIPPING_DOC,EKS000017663,,,,,,,,2026-03-22 18:19:46,,,N,,0.00000,0.00000,0.00000,0.00000,,,,,,,,,,,,,0
2008585,Загрузка механизмами,,MN,,,o.ivanov,,,2026-03-22 18:19:46,2026-03-22 18:19:46,,,,,,,,,,,N,,SHIPPING_DOC,EKS000017673,,,,,,,,2026-03-22 18:19:46,,,N,,0.00000,0.00000,0.00000,0.00000,,,,,,,,,,,,,0
2008586,Загрузка механизмами,,MN,,,o.ivanov,,,2026-03-22 18:19:46,2026-03-22 18:19:46,,,,,,,,,,,N,,SHIPPING_DOC,TR-20.03.2026-203,,,,,,,,2026-03-22 18:19:46,,,N,,0.00000,0.00000,0.00000,0.00000,,,,,,,,,,,,,0
2008587,Загрузка механизмами,,MN,,,o.ivanov,,,2026-03-22 18:19:46,2026-03-22 18:19:46,,,,,,,,,,,N,,SHIPPING_DOC,EKS000017676,,,,,,,,2026-03-22 18:19:46,,,N,,0.00000,0.00000,0.00000,0.00000,,,,,,,,,,,,,0
2008588,Загрузка механизмами,,MN,,,o.ivanov,,,2026-03-22 18:19:46,2026-03-22 18:19:46,,,,,,,,,,,N,,SHIPPING_DOC,EKS000017701,,,,,,,,2026-03-22 18:19:46,,,N,,0.00000,0.00000,0.00000,0.00000,,,,,,,,,,,,,0
2008589,Загрузка механизмами,,MN,,,o.ivanov,,,2026-03-22 18:19:46,2026-03-22 18:19:46,,,,,,,,,,,N,,SHIPPING_DOC,EKS000017702,,,,,,,,2026-03-22 18:19:46,,,N,,0.00000,0.00000,0.00000,0.00000,,,,,,,,,,,,,0
2008590,Загрузка механизмами,,MN,,,o.ivanov,,,2026-03-22 18:19:46,2026-03-22 18:19:46,,,,,,,,,,,N,,SHIPPING_DOC,EKS000017706,,,,,,,,2026-03-22 18:19:46,,,N,,0.00000,0.00000,0.00000,0.00000,,,,,,,,,,,,,0
2008591,Загрузка механизмами,,MN,,,o.ivanov,,,2026-03-22 18:19:46,2026-03-22 18:19:46,,,,,,,,,,,N,,SHIPPING_DOC,EKS000017709,,,,,,,,2026-03-22 18:19:46,,,N,,0.00000,0.00000,0.00000,0.00000,,,,,,,,,,,,,0
2008592,Загрузка механизмами,,MN,,,o.ivanov,,,2026-03-22 18:19:46,2026-03-22 18:19:46,,,,,,,,,,,N,,SHIPPING_DOC,EKS000017712,,,,,,,,2026-03-22 18:19:46,,,N,,0.00000,0.00000,0.00000,0.00000,,,,,,,,,,,,,0
2008593,Загрузка механизмами,,MN,,,o.ivanov,,,2026-03-22 18:19:46,2026-03-22 18:19:46,,,,,,,,,,,N,,SHIPPING_DOC,EKS000017726,,,,,,,,2026-03-22 18:19:46,,,N,,0.00000,0.00000,0.00000,0.00000,,,,,,,,,,,,,0
2008594,Загрузка механизмами,,MN,,,o.ivanov,,,2026-03-22 18:19:46,2026-03-22 18:19:46,,,,,,,,,,,N,,SHIPPING_DOC,TR-20.03.2026-204,,,,,,,,2026-03-22 18:19:46,,,N,,0.00000,0.00000,0.00000,0.00000,,,,,,,,,,,,,0
2008595,Загрузка механизмами,,MN,,,o.ivanov,,,2026-03-22 18:19:46,2026-03-22 18:19:46,,,,,,,,,,,N,,SHIPPING_DOC,EKS000017736,,,,,,,,2026-03-22 18:19:46,,,N,,0.00000,0.00000,0.00000,0.00000,,,,,,,,,,,,,0
2008596,Загрузка механизмами,,MN,,,o.ivanov,,,2026-03-22 18:19:46,2026-03-22 18:19:46,,,,,,,,,,,N,,SHIPPING_DOC,EKS000017737,,,,,,,,2026-03-22 18:19:46,,,N,,0.00000,0.00000,0.00000,0.00000,,,,,,,,,,,,,0
2008597,Загрузка механизмами,,MN,,,o.ivanov,,,2026-03-22 18:19:46,2026-03-22 18:19:46,,,,,,,,,,,N,,SHIPPING_DOC,EKS000017738,,,,,,,,2026-03-22 18:19:46,,,N,,0.00000,0.00000,0.00000,0.00000,,,,,,,,,,,,,0
2008598,Загрузка механизмами,,MN,,,o.ivanov,,,2026-03-22 18:19:46,2026-03-22 18:19:46,,,,,,,,,,,N,,SHIPPING_DOC,EKS000017739,,,,,,,,2026-03-22 18:19:46,,,N,,0.00000,0.00000,0.00000,0.00000,,,,,,,,,,,,,0
2008599,Загрузка механизмами,,MN,,,o.ivanov,,,2026-03-22 18:19:46,2026-03-22 18:19:46,,,,,,,,,,,N,,SHIPPING_DOC,EKS000017741,,,,,,,,2026-03-22 18:19:46,,,N,,0.00000,0.00000,0.00000,0.00000,,,,,,,,,,,,,0
2009257,Загрузка ручная,,MN,,,user2334,,,2026-03-23 07:08:31,2026-03-23 07:08:31,,,,,,,,,,,N,,SHIPPING_DOC,EKS000017522,,,,,,,,2026-03-23 07:08:31,,,N,,0.00000,0.00000,0.00000,0.00000,,,,,,,,,,,,,0
2009258,Загрузка ручная,,MN,,,user2334,,,2026-03-23 07:08:31,2026-03-23 07:08:31,,,,,,,,,,,N,,SHIPPING_DOC,EKS000017716,,,,,,,,2026-03-23 07:08:31,,,N,,0.00000,0.00000,0.00000,0.00000,,,,,,,,,,,,,0
2009259,Загрузка ручная,,MN,,,user2334,,,2026-03-23 07:08:31,2026-03-23 07:08:31,,,,,,,,,,,N,,SHIPPING_DOC,EKS000017717,,,,,,,,2026-03-23 07:08:31,,,N,,0.00000,0.00000,0.00000,0.00000,,,,,,,,,,,,,0
2009260,Загрузка ручная,,MN,,,user2334,,,2026-03-23 07:08:31,2026-03-23 07:08:31,,,,,,,,,,,N,,SHIPPING_DOC,EKS000017783,,,,,,,,2026-03-23 07:08:31,,,N,,0.00000,0.00000,0.00000,0.00000,,,,,,,,,,,,,0
2009261,Загрузка ручная,,MN,,,user2334,,,2026-03-23 07:08:31,2026-03-23 07:08:31,,,,,,,,,,,N,,SHIPPING_DOC,EKS000017784,,,,,,,,2026-03-23 07:08:31,,,N,,0.00000,0.00000,0.00000,0.00000,,,,,,,,,,,,,0
2009262,Загрузка ручная,,MN,,,user2334,,,2026-03-23 07:08:31,2026-03-23 07:08:31,,,,,,,,,,,N,,SHIPPING_DOC,EKS000017846,,,,,,,,2026-03-23 07:08:31,,,N,,0.00000,0.00000,0.00000,0.00000,,,,,,,,,,,,,0
2009263,Загрузка механизмами,,MN,,,user2249,,,2026-03-23 07:21:19,2026-03-23 07:21:19,,,,,,,,,,,N,,SHIPPING_DOC,EKS000017451,,,,,,,,2026-03-23 07:21:19,,,N,,0.00000,0.00000,0.00000,0.00000,,,,,,,,,,,,,0
2009264,Загрузка механизмами,,MN,,,user2249,,,2026-03-23 07:21:19,2026-03-23 07:21:19,,,,,,,,,,,N,,SHIPPING_DOC,EKS000017541,,,,,,,,2026-03-23 07:21:19,,,N,,0.00000,0.00000,0.00000,0.00000,,,,,,,,,,,,,0
2009265,Загрузка механизмами,,MN,,,user2249,,,2026-03-23 07:21:19,2026-03-23 07:21:19,,,,,,,,,,,N,,SHIPPING_DOC,EKS000017662,,,,,,,,2026-03-23 07:21:19,,,N,,0.00000,0.00000,0.00000,0.00000,,,,,,,,,,,,,0
2009266,Загрузка механизмами,,MN,,,user2249,,,2026-03-23 07:21:19,2026-03-23 07:21:19,,,,,,,,,,,N,,SHIPPING_DOC,EKS000017805,,,,,,,,2026-03-23 07:21:19,,,N,,0.00000,0.00000,0.00000,0.00000,,,,,,,,,,,,,0
2009267,Загрузка механизмами,,MN,,,user2249,,,2026-03-23 07:21:19,2026-03-23 07:21:19,,,,,,,,,,,N,,SHIPPING_DOC,EKS000017806,,,,,,,,2026-03-23 07:21:19,,,N,,0.00000,0.00000,0.00000,0.00000,,,,,,,,,,,,,0
2009268,Загрузка механизмами,,MN,,,user2249,,,2026-03-23 07:21:19,2026-03-23 07:21:19,,,,,,,,,,,N,,SHIPPING_DOC,EKS000017847,,,,,,,,2026-03-23 07:21:19,,,N,,0.00000,0.00000,0.00000,0.00000,,,,,,,,,,,,,0
2009269,Загрузка механизмами,,MN,,,user2249,,,2026-03-23 07:21:19,2026-03-23 07:21:19,,,,,,,,,,,N,,SHIPPING_DOC,EKS000017872,,,,,,,,2026-03-23 07:21:19,,,N,,0.00000,0.00000,0.00000,0.00000,,,,,,,,,,,,,0
2009807,Загрузка механизмами,,MN,,,user2249,,,2026-03-23 17:13:32,2026-03-23 17:13:32,,,,,,,,,,,N,,SHIPPING_DOC,EKS000018157,,,,,,,,2026-03-23 17:13:32,,,N,,0.00000,0.00000,0.00000,0.00000,,,,,,,,,,,,,0
2009808,Загрузка механизмами,,MN,,,user2249,,,2026-03-23 17:13:32,2026-03-23 17:13:32,,,,,,,,,,,N,,SHIPPING_DOC,EKS000018038,,,,,,,,2026-03-23 17:13:32,,,N,,0.00000,0.00000,0.00000,0.00000,,,,,,,,,,,,,0
2009809,Загрузка механизмами,,MN,,,user2249,,,2026-03-23 17:13:32,2026-03-23 17:13:32,,,,,,,,,,,N,,SHIPPING_DOC,EKS000018020,,,,,,,,2026-03-23 17:13:32,,,N,,0.00000,0.00000,0.00000,0.00000,,,,,,,,,,,,,0
2009810,Загрузка механизмами,,MN,,,user2249,,,2026-03-23 17:13:32,2026-03-23 17:13:32,,,,,,,,,,,N,,SHIPPING_DOC,EKS000018035,,,,,,,,2026-03-23 17:13:32,,,N,,0.00000,0.00000,0.00000,0.00000,,,,,,,,,,,,,0
2009811,Загрузка ручная,,MN,,,user2249,,,2026-03-23 17:13:32,2026-03-23 17:13:32,,,,,,,,,,,N,,SHIPPING_DOC,EKS000017781,,,,,,,,2026-03-23 17:13:32,,,N,,0.00000,0.00000,0.00000,0.00000,,,,,,,,,,,,,0
2009812,Загрузка ручная,,MN,,,user2249,,,2026-03-23 17:13:32,2026-03-23 17:13:32,,,,,,,,,,,N,,SHIPPING_DOC,EKS000018122,,,,,,,,2026-03-23 17:13:32,,,N,,0.00000,0.00000,0.00000,0.00000,,,,,,,,,,,,,0
2009813,Загрузка ручная,,MN,,,user2249,,,2026-03-23 17:13:32,2026-03-23 17:13:32,,,,,,,,,,,N,,SHIPPING_DOC,EKS000018157,,,,,,,,2026-03-23 17:13:32,,,N,,0.00000,0.00000,0.00000,0.00000,,,,,,,,,,,,,0
2009814,Загрузка ручная,,MN,,,user2249,,,2026-03-23 17:13:32,2026-03-23 17:13:32,,,,,,,,,,,N,,SHIPPING_DOC,EKS000018038,,,,,,,,2026-03-23 17:13:32,,,N,,0.00000,0.00000,0.00000,0.00000,,,,,,,,,,,,,0
2009815,Загрузка ручная,,MN,,,user2249,,,2026-03-23 17:13:32,2026-03-23 17:13:32,,,,,,,,,,,N,,SHIPPING_DOC,EKS000018020,,,,,,,,2026-03-23 17:13:32,,,N,,0.00000,0.00000,0.00000,0.00000,,,,,,,,,,,,,0
2009816,Загрузка ручная,,MN,,,user2249,,,2026-03-23 17:13:32,2026-03-23 17:13:32,,,,,,,,,,,N,,SHIPPING_DOC,EKS000018035,,,,,,,,2026-03-23 17:13:32,,,N,,0.00000,0.00000,0.00000,0.00000,,,,,,,,,,,,,0
2009817,Разгрузка механизмами,,MN,,,R.SAGAIDAK,,,2026-03-23 17:17:11,2026-03-23 17:17:11,,,,,,,,,,,N,,RECEIPT_DOC,EKS000005789,,,,,,,,2026-03-23 17:17:11,,,N,,0.00000,0.00000,0.00000,0.00000,,,,,,,,,,,,,0
2009818,Разгрузка ручная,,MN,,,R.SAGAIDAK,,,2026-03-23 17:17:11,2026-03-23 17:17:11,,,,,,,,,,,N,,RECEIPT_DOC,EKS000005789,,,,,,,,2026-03-23 17:17:11,,,N,,0.00000,0.00000,0.00000,0.00000,,,,,,,,,,,,,0
2009819,Разгрузка механизмами,,MN,,,R.SAGAIDAK,,,2026-03-23 17:17:19,2026-03-23 17:17:19,,,,,,,,,,,N,,RECEIPT_DOC,EKS000005790,,,,,,,,2026-03-23 17:17:19,,,N,,0.00000,0.00000,0.00000,0.00000,,,,,,,,,,,,,0
2008600,Загрузка механизмами,,MN,,,o.ivanov,,,2026-03-22 18:19:46,2026-03-22 18:19:46,,,,,,,,,,,N,,SHIPPING_DOC,EKS000017742,,,,,,,,2026-03-22 18:19:46,,,N,,0.00000,0.00000,0.00000,0.00000,,,,,,,,,,,,,0
2008601,Загрузка механизмами,,MN,,,o.ivanov,,,2026-03-22 18:19:46,2026-03-22 18:19:46,,,,,,,,,,,N,,SHIPPING_DOC,EKS000017743,,,,,,,,2026-03-22 18:19:46,,,N,,0.00000,0.00000,0.00000,0.00000,,,,,,,,,,,,,0
2008602,Загрузка механизмами,,MN,,,o.ivanov,,,2026-03-22 18:19:46,2026-03-22 18:19:46,,,,,,,,,,,N,,SHIPPING_DOC,EKS000017744,,,,,,,,2026-03-22 18:19:46,,,N,,0.00000,0.00000,0.00000,0.00000,,,,,,,,,,,,,0
2008603,Загрузка механизмами,,MN,,,o.ivanov,,,2026-03-22 18:19:46,2026-03-22 18:19:46,,,,,,,,,,,N,,SHIPPING_DOC,EKS000017747,,,,,,,,2026-03-22 18:19:46,,,N,,0.00000,0.00000,0.00000,0.00000,,,,,,,,,,,,,0
2008604,Загрузка механизмами,,MN,,,o.ivanov,,,2026-03-22 18:19:46,2026-03-22 18:19:46,,,,,,,,,,,N,,SHIPPING_DOC,EKS000017754,,,,,,,,2026-03-22 18:19:46,,,N,,0.00000,0.00000,0.00000,0.00000,,,,,,,,,,,,,0
2008605,Загрузка механизмами,,MN,,,o.ivanov,,,2026-03-22 18:19:46,2026-03-22 18:19:46,,,,,,,,,,,N,,SHIPPING_DOC,EKS000017777,,,,,,,,2026-03-22 18:19:46,,,N,,0.00000,0.00000,0.00000,0.00000,,,,,,,,,,,,,0
2008606,Загрузка механизмами,,MN,,,o.ivanov,,,2026-03-22 18:19:46,2026-03-22 18:19:46,,,,,,,,,,,N,,SHIPPING_DOC,EKS000017812,,,,,,,,2026-03-22 18:19:46,,,N,,0.00000,0.00000,0.00000,0.00000,,,,,,,,,,,,,0
2008607,Загрузка механизмами,,MN,,,o.ivanov,,,2026-03-22 18:19:46,2026-03-22 18:19:46,,,,,,,,,,,N,,SHIPPING_DOC,EKS000017813,,,,,,,,2026-03-22 18:19:46,,,N,,0.00000,0.00000,0.00000,0.00000,,,,,,,,,,,,,0
2008608,Загрузка механизмами,,MN,,,o.ivanov,,,2026-03-22 18:19:46,2026-03-22 18:19:46,,,,,,,,,,,N,,SHIPPING_DOC,EKS000017816,,,,,,,,2026-03-22 18:19:46,,,N,,0.00000,0.00000,0.00000,0.00000,,,,,,,,,,,,,0
2008609,Загрузка механизмами,,MN,,,o.ivanov,,,2026-03-22 18:19:46,2026-03-22 18:19:46,,,,,,,,,,,N,,SHIPPING_DOC,EKS000017835,,,,,,,,2026-03-22 18:19:46,,,N,,0.00000,0.00000,0.00000,0.00000,,,,,,,,,,,,,0
2008610,Загрузка механизмами,,MN,,,o.ivanov,,,2026-03-22 18:19:46,2026-03-22 18:19:46,,,,,,,,,,,N,,SHIPPING_DOC,EKS000017838,,,,,,,,2026-03-22 18:19:46,,,N,,0.00000,0.00000,0.00000,0.00000,,,,,,,,,,,,,0
2008611,Загрузка механизмами,,MN,,,o.ivanov,,,2026-03-22 18:19:46,2026-03-22 18:19:46,,,,,,,,,,,N,,SHIPPING_DOC,EKS000017840,,,,,,,,2026-03-22 18:19:46,,,N,,0.00000,0.00000,0.00000,0.00000,,,,,,,,,,,,,0
2008612,Загрузка механизмами,,MN,,,o.ivanov,,,2026-03-22 18:19:46,2026-03-22 18:19:46,,,,,,,,,,,N,,SHIPPING_DOC,EKS000017841,,,,,,,,2026-03-22 18:19:46,,,N,,0.00000,0.00000,0.00000,0.00000,,,,,,,,,,,,,0
2008613,Загрузка механизмами,,MN,,,o.ivanov,,,2026-03-22 18:19:46,2026-03-22 18:19:46,,,,,,,,,,,N,,SHIPPING_DOC,EKS000017863,,,,,,,,2026-03-22 18:19:46,,,N,,0.00000,0.00000,0.00000,0.00000,,,,,,,,,,,,,0
2008614,Загрузка механизмами,,MN,,,o.ivanov,,,2026-03-22 18:19:46,2026-03-22 18:19:46,,,,,,,,,,,N,,SHIPPING_DOC,EKS000017867,,,,,,,,2026-03-22 18:19:46,,,N,,0.00000,0.00000,0.00000,0.00000,,,,,,,,,,,,,0
2008615,Загрузка ручная,,MN,,,o.ivanov,,,2026-03-22 18:19:46,2026-03-22 18:19:46,,,,,,,,,,,N,,SHIPPING_DOC,EKS000017444,,,,,,,,2026-03-22 18:19:46,,,N,,0.00000,0.00000,0.00000,0.00000,,,,,,,,,,,,,0
2008616,Загрузка ручная,,MN,,,o.ivanov,,,2026-03-22 18:19:46,2026-03-22 18:19:46,,,,,,,,,,,N,,SHIPPING_DOC,EKS000017464,,,,,,,,2026-03-22 18:19:46,,,N,,0.00000,0.00000,0.00000,0.00000,,,,,,,,,,,,,0
2008617,Загрузка ручная,,MN,,,o.ivanov,,,2026-03-22 18:19:46,2026-03-22 18:19:46,,,,,,,,,,,N,,SHIPPING_DOC,EKS000017467,,,,,,,,2026-03-22 18:19:46,,,N,,0.00000,0.00000,0.00000,0.00000,,,,,,,,,,,,,0
2008618,Загрузка ручная,,MN,,,o.ivanov,,,2026-03-22 18:19:46,2026-03-22 18:19:46,,,,,,,,,,,N,,SHIPPING_DOC,EKS000017476,,,,,,,,2026-03-22 18:19:46,,,N,,0.00000,0.00000,0.00000,0.00000,,,,,,,,,,,,,0
2008619,Загрузка ручная,,MN,,,o.ivanov,,,2026-03-22 18:19:46,2026-03-22 18:19:46,,,,,,,,,,,N,,SHIPPING_DOC,EKS000017478,,,,,,,,2026-03-22 18:19:46,,,N,,0.00000,0.00000,0.00000,0.00000,,,,,,,,,,,,,0
2008620,Загрузка ручная,,MN,,,o.ivanov,,,2026-03-22 18:19:46,2026-03-22 18:19:46,,,,,,,,,,,N,,SHIPPING_DOC,EKS000017480,,,,,,,,2026-03-22 18:19:46,,,N,,0.00000,0.00000,0.00000,0.00000,,,,,,,,,,,,,0
2008621,Загрузка ручная,,MN,,,o.ivanov,,,2026-03-22 18:19:46,2026-03-22 18:19:46,,,,,,,,,,,N,,SHIPPING_DOC,EKS000017498,,,,,,,,2026-03-22 18:19:46,,,N,,0.00000,0.00000,0.00000,0.00000,,,,,,,,,,,,,0
2008622,Загрузка ручная,,MN,,,o.ivanov,,,2026-03-22 18:19:46,2026-03-22 18:19:46,,,,,,,,,,,N,,SHIPPING_DOC,EKS000017502,,,,,,,,2026-03-22 18:19:46,,,N,,0.00000,0.00000,0.00000,0.00000,,,,,,,,,,,,,0
2008623,Загрузка ручная,,MN,,,o.ivanov,,,2026-03-22 18:19:46,2026-03-22 18:19:46,,,,,,,,,,,N,,SHIPPING_DOC,EKS000017504,,,,,,,,2026-03-22 18:19:46,,,N,,0.00000,0.00000,0.00000,0.00000,,,,,,,,,,,,,0
2008624,Загрузка ручная,,MN,,,o.ivanov,,,2026-03-22 18:19:46,2026-03-22 18:19:46,,,,,,,,,,,N,,SHIPPING_DOC,EKS000017505,,,,,,,,2026-03-22 18:19:46,,,N,,0.00000,0.00000,0.00000,0.00000,,,,,,,,,,,,,0
2009270,Загрузка ручная,,MN,,,user2249,,,2026-03-23 07:21:19,2026-03-23 07:21:19,,,,,,,,,,,N,,SHIPPING_DOC,EKS000017451,,,,,,,,2026-03-23 07:21:19,,,N,,0.00000,0.00000,0.00000,0.00000,,,,,,,,,,,,,0
2009271,Загрузка ручная,,MN,,,user2249,,,2026-03-23 07:21:19,2026-03-23 07:21:19,,,,,,,,,,,N,,SHIPPING_DOC,EKS000017541,,,,,,,,2026-03-23 07:21:19,,,N,,0.00000,0.00000,0.00000,0.00000,,,,,,,,,,,,,0
2009272,Загрузка ручная,,MN,,,user2249,,,2026-03-23 07:21:19,2026-03-23 07:21:19,,,,,,,,,,,N,,SHIPPING_DOC,EKS000017662,,,,,,,,2026-03-23 07:21:19,,,N,,0.00000,0.00000,0.00000,0.00000,,,,,,,,,,,,,0
2009273,Загрузка ручная,,MN,,,user2249,,,2026-03-23 07:21:19,2026-03-23 07:21:19,,,,,,,,,,,N,,SHIPPING_DOC,EKS000017805,,,,,,,,2026-03-23 07:21:19,,,N,,0.00000,0.00000,0.00000,0.00000,,,,,,,,,,,,,0
2009274,Загрузка ручная,,MN,,,user2249,,,2026-03-23 07:21:19,2026-03-23 07:21:19,,,,,,,,,,,N,,SHIPPING_DOC,EKS000017806,,,,,,,,2026-03-23 07:21:19,,,N,,0.00000,0.00000,0.00000,0.00000,,,,,,,,,,,,,0
2009275,Загрузка ручная,,MN,,,user2249,,,2026-03-23 07:21:19,2026-03-23 07:21:19,,,,,,,,,,,N,,SHIPPING_DOC,EKS000017847,,,,,,,,2026-03-23 07:21:19,,,N,,0.00000,0.00000,0.00000,0.00000,,,,,,,,,,,,,0
2009276,Загрузка ручная,,MN,,,user2249,,,2026-03-23 07:21:19,2026-03-23 07:21:19,,,,,,,,,,,N,,SHIPPING_DOC,EKS000017872,,,,,,,,2026-03-23 07:21:19,,,N,,0.00000,0.00000,0.00000,0.00000,,,,,,,,,,,,,0
2009277,Загрузка механизмами,,MN,,,user2334,,,2026-03-23 07:22:07,2026-03-23 07:22:07,,,,,,,,,,,N,,SHIPPING_DOC,EKS000017451,,,,,,,,2026-03-23 07:22:07,,,N,,0.00000,0.00000,0.00000,0.00000,,,,,,,,,,,,,0
2009278,Загрузка механизмами,,MN,,,user2334,,,2026-03-23 07:22:07,2026-03-23 07:22:07,,,,,,,,,,,N,,SHIPPING_DOC,EKS000017541,,,,,,,,2026-03-23 07:22:07,,,N,,0.00000,0.00000,0.00000,0.00000,,,,,,,,,,,,,0
2009279,Загрузка механизмами,,MN,,,user2334,,,2026-03-23 07:22:07,2026-03-23 07:22:07,,,,,,,,,,,N,,SHIPPING_DOC,EKS000017662,,,,,,,,2026-03-23 07:22:07,,,N,,0.00000,0.00000,0.00000,0.00000,,,,,,,,,,,,,0
2009280,Загрузка механизмами,,MN,,,user2334,,,2026-03-23 07:22:07,2026-03-23 07:22:07,,,,,,,,,,,N,,SHIPPING_DOC,EKS000017805,,,,,,,,2026-03-23 07:22:07,,,N,,0.00000,0.00000,0.00000,0.00000,,,,,,,,,,,,,0
2009281,Загрузка механизмами,,MN,,,user2334,,,2026-03-23 07:22:07,2026-03-23 07:22:07,,,,,,,,,,,N,,SHIPPING_DOC,EKS000017806,,,,,,,,2026-03-23 07:22:07,,,N,,0.00000,0.00000,0.00000,0.00000,,,,,,,,,,,,,0
2009282,Загрузка механизмами,,MN,,,user2334,,,2026-03-23 07:22:07,2026-03-23 07:22:07,,,,,,,,,,,N,,SHIPPING_DOC,EKS000017847,,,,,,,,2026-03-23 07:22:07,,,N,,0.00000,0.00000,0.00000,0.00000,,,,,,,,,,,,,0
2009820,Разгрузка ручная,,MN,,,R.SAGAIDAK,,,2026-03-23 17:17:19,2026-03-23 17:17:19,,,,,,,,,,,N,,RECEIPT_DOC,EKS000005790,,,,,,,,2026-03-23 17:17:19,,,N,,0.00000,0.00000,0.00000,0.00000,,,,,,,,,,,,,0
2009821,Разгрузка механизмами,,MN,,,R.SAGAIDAK,,,2026-03-23 17:17:23,2026-03-23 17:17:23,,,,,,,,,,,N,,RECEIPT_DOC,EKS000005791,,,,,,,,2026-03-23 17:17:23,,,N,,0.00000,0.00000,0.00000,0.00000,,,,,,,,,,,,,0
2009822,Разгрузка ручная,,MN,,,R.SAGAIDAK,,,2026-03-23 17:17:23,2026-03-23 17:17:23,,,,,,,,,,,N,,RECEIPT_DOC,EKS000005791,,,,,,,,2026-03-23 17:17:23,,,N,,0.00000,0.00000,0.00000,0.00000,,,,,,,,,,,,,0
2009823,Загрузка механизмами,,MN,,,user2249,,,2026-03-23 17:35:12,2026-03-23 17:35:12,,,,,,,,,,,N,,SHIPPING_DOC,EKS000018169,,,,,,,,2026-03-23 17:35:12,,,N,,0.00000,0.00000,0.00000,0.00000,,,,,,,,,,,,,0
2009824,Загрузка механизмами,,MN,,,user2249,,,2026-03-23 17:35:12,2026-03-23 17:35:12,,,,,,,,,,,N,,SHIPPING_DOC,EKS000018170,,,,,,,,2026-03-23 17:35:12,,,N,,0.00000,0.00000,0.00000,0.00000,,,,,,,,,,,,,0
2009825,Загрузка ручная,,MN,,,user2249,,,2026-03-23 17:35:12,2026-03-23 17:35:12,,,,,,,,,,,N,,SHIPPING_DOC,EKS000018169,,,,,,,,2026-03-23 17:35:12,,,N,,0.00000,0.00000,0.00000,0.00000,,,,,,,,,,,,,0
2009826,Загрузка ручная,,MN,,,user2249,,,2026-03-23 17:35:12,2026-03-23 17:35:12,,,,,,,,,,,N,,SHIPPING_DOC,EKS000018170,,,,,,,,2026-03-23 17:35:12,,,N,,0.00000,0.00000,0.00000,0.00000,,,,,,,,,,,,,0
2009827,Разгрузка механизмами,,MN,,,user3125,,,2026-03-23 18:12:18,2026-03-23 18:12:18,,,,,,,,,,,N,,RECEIPT_DOC,EKS000005792,,,,,,,,2026-03-23 18:12:18,,,N,,0.00000,0.00000,0.00000,0.00000,,,,,,,,,,,,,0
2009828,Разгрузка ручная,,MN,,,user3125,,,2026-03-23 18:12:18,2026-03-23 18:12:18,,,,,,,,,,,N,,RECEIPT_DOC,EKS000005792,,,,,,,,2026-03-23 18:12:18,,,N,,0.00000,0.00000,0.00000,0.00000,,,,,,,,,,,,,0
2009829,Разгрузка механизмами,,MN,,,user3125,,,2026-03-23 18:12:22,2026-03-23 18:12:22,,,,,,,,,,,N,,RECEIPT_DOC,EKS000005793,,,,,,,,2026-03-23 18:12:22,,,N,,0.00000,0.00000,0.00000,0.00000,,,,,,,,,,,,,0
2009830,Разгрузка ручная,,MN,,,user3125,,,2026-03-23 18:12:22,2026-03-23 18:12:22,,,,,,,,,,,N,,RECEIPT_DOC,EKS000005793,,,,,,,,2026-03-23 18:12:22,,,N,,0.00000,0.00000,0.00000,0.00000,,,,,,,,,,,,,0
2009831,Разгрузка механизмами,,MN,,,user3125,,,2026-03-23 18:12:24,2026-03-23 18:12:24,,,,,,,,,,,N,,RECEIPT_DOC,EKS000005794,,,,,,,,2026-03-23 18:12:24,,,N,,0.00000,0.00000,0.00000,0.00000,,,,,,,,,,,,,0
2009832,Разгрузка ручная,,MN,,,user3125,,,2026-03-23 18:12:24,2026-03-23 18:12:24,,,,,,,,,,,N,,RECEIPT_DOC,EKS000005794,,,,,,,,2026-03-23 18:12:24,,,N,,0.00000,0.00000,0.00000,0.00000,,,,,,,,,,,,,0
2008625,Загрузка ручная,,MN,,,o.ivanov,,,2026-03-22 18:19:46,2026-03-22 18:19:46,,,,,,,,,,,N,,SHIPPING_DOC,EKS000017510,,,,,,,,2026-03-22 18:19:46,,,N,,0.00000,0.00000,0.00000,0.00000,,,,,,,,,,,,,0
2008626,Загрузка ручная,,MN,,,o.ivanov,,,2026-03-22 18:19:46,2026-03-22 18:19:46,,,,,,,,,,,N,,SHIPPING_DOC,EKS000017517,,,,,,,,2026-03-22 18:19:46,,,N,,0.00000,0.00000,0.00000,0.00000,,,,,,,,,,,,,0
2008627,Загрузка ручная,,MN,,,o.ivanov,,,2026-03-22 18:19:46,2026-03-22 18:19:46,,,,,,,,,,,N,,SHIPPING_DOC,EKS000017518,,,,,,,,2026-03-22 18:19:46,,,N,,0.00000,0.00000,0.00000,0.00000,,,,,,,,,,,,,0
2008628,Загрузка ручная,,MN,,,o.ivanov,,,2026-03-22 18:19:46,2026-03-22 18:19:46,,,,,,,,,,,N,,SHIPPING_DOC,EKS000017520,,,,,,,,2026-03-22 18:19:46,,,N,,0.00000,0.00000,0.00000,0.00000,,,,,,,,,,,,,0
2008629,Загрузка ручная,,MN,,,o.ivanov,,,2026-03-22 18:19:46,2026-03-22 18:19:46,,,,,,,,,,,N,,SHIPPING_DOC,EKS000017536,,,,,,,,2026-03-22 18:19:46,,,N,,0.00000,0.00000,0.00000,0.00000,,,,,,,,,,,,,0
2008630,Загрузка ручная,,MN,,,o.ivanov,,,2026-03-22 18:19:46,2026-03-22 18:19:46,,,,,,,,,,,N,,SHIPPING_DOC,EKS000017537,,,,,,,,2026-03-22 18:19:46,,,N,,0.00000,0.00000,0.00000,0.00000,,,,,,,,,,,,,0
2008631,Загрузка ручная,,MN,,,o.ivanov,,,2026-03-22 18:19:46,2026-03-22 18:19:46,,,,,,,,,,,N,,SHIPPING_DOC,EKS000017545,,,,,,,,2026-03-22 18:19:46,,,N,,0.00000,0.00000,0.00000,0.00000,,,,,,,,,,,,,0
2008632,Загрузка ручная,,MN,,,o.ivanov,,,2026-03-22 18:19:46,2026-03-22 18:19:46,,,,,,,,,,,N,,SHIPPING_DOC,EKS000017548,,,,,,,,2026-03-22 18:19:46,,,N,,0.00000,0.00000,0.00000,0.00000,,,,,,,,,,,,,0
2008633,Загрузка ручная,,MN,,,o.ivanov,,,2026-03-22 18:19:46,2026-03-22 18:19:46,,,,,,,,,,,N,,SHIPPING_DOC,EKS000017558,,,,,,,,2026-03-22 18:19:46,,,N,,0.00000,0.00000,0.00000,0.00000,,,,,,,,,,,,,0
2008634,Загрузка ручная,,MN,,,o.ivanov,,,2026-03-22 18:19:46,2026-03-22 18:19:46,,,,,,,,,,,N,,SHIPPING_DOC,EKS000017559,,,,,,,,2026-03-22 18:19:46,,,N,,0.00000,0.00000,0.00000,0.00000,,,,,,,,,,,,,0
2008635,Загрузка ручная,,MN,,,o.ivanov,,,2026-03-22 18:19:46,2026-03-22 18:19:46,,,,,,,,,,,N,,SHIPPING_DOC,EKS000017562,,,,,,,,2026-03-22 18:19:46,,,N,,0.00000,0.00000,0.00000,0.00000,,,,,,,,,,,,,0
2008636,Загрузка ручная,,MN,,,o.ivanov,,,2026-03-22 18:19:46,2026-03-22 18:19:46,,,,,,,,,,,N,,SHIPPING_DOC,EKS000017574,,,,,,,,2026-03-22 18:19:46,,,N,,0.00000,0.00000,0.00000,0.00000,,,,,,,,,,,,,0
2008637,Загрузка ручная,,MN,,,o.ivanov,,,2026-03-22 18:19:46,2026-03-22 18:19:46,,,,,,,,,,,N,,SHIPPING_DOC,EKS000017578,,,,,,,,2026-03-22 18:19:46,,,N,,0.00000,0.00000,0.00000,0.00000,,,,,,,,,,,,,0
2008638,Загрузка ручная,,MN,,,o.ivanov,,,2026-03-22 18:19:46,2026-03-22 18:19:46,,,,,,,,,,,N,,SHIPPING_DOC,EKS000017585,,,,,,,,2026-03-22 18:19:46,,,N,,0.00000,0.00000,0.00000,0.00000,,,,,,,,,,,,,0
2008639,Загрузка ручная,,MN,,,o.ivanov,,,2026-03-22 18:19:46,2026-03-22 18:19:46,,,,,,,,,,,N,,SHIPPING_DOC,EKS000017592,,,,,,,,2026-03-22 18:19:46,,,N,,0.00000,0.00000,0.00000,0.00000,,,,,,,,,,,,,0
2008640,Загрузка ручная,,MN,,,o.ivanov,,,2026-03-22 18:19:46,2026-03-22 18:19:46,,,,,,,,,,,N,,SHIPPING_DOC,EKS000017593,,,,,,,,2026-03-22 18:19:46,,,N,,0.00000,0.00000,0.00000,0.00000,,,,,,,,,,,,,0
2008641,Загрузка ручная,,MN,,,o.ivanov,,,2026-03-22 18:19:46,2026-03-22 18:19:46,,,,,,,,,,,N,,SHIPPING_DOC,EKS000017594,,,,,,,,2026-03-22 18:19:46,,,N,,0.00000,0.00000,0.00000,0.00000,,,,,,,,,,,,,0
2008642,Загрузка ручная,,MN,,,o.ivanov,,,2026-03-22 18:19:46,2026-03-22 18:19:46,,,,,,,,,,,N,,SHIPPING_DOC,EKS000017609,,,,,,,,2026-03-22 18:19:46,,,N,,0.00000,0.00000,0.00000,0.00000,,,,,,,,,,,,,0
2008643,Загрузка ручная,,MN,,,o.ivanov,,,2026-03-22 18:19:46,2026-03-22 18:19:46,,,,,,,,,,,N,,SHIPPING_DOC,EKS000017632,,,,,,,,2026-03-22 18:19:46,,,N,,0.00000,0.00000,0.00000,0.00000,,,,,,,,,,,,,0
2008644,Загрузка ручная,,MN,,,o.ivanov,,,2026-03-22 18:19:46,2026-03-22 18:19:46,,,,,,,,,,,N,,SHIPPING_DOC,EKS000017637,,,,,,,,2026-03-22 18:19:46,,,N,,0.00000,0.00000,0.00000,0.00000,,,,,,,,,,,,,0
2008645,Загрузка ручная,,MN,,,o.ivanov,,,2026-03-22 18:19:46,2026-03-22 18:19:46,,,,,,,,,,,N,,SHIPPING_DOC,EKS000017640,,,,,,,,2026-03-22 18:19:46,,,N,,0.00000,0.00000,0.00000,0.00000,,,,,,,,,,,,,0
2008646,Загрузка ручная,,MN,,,o.ivanov,,,2026-03-22 18:19:46,2026-03-22 18:19:46,,,,,,,,,,,N,,SHIPPING_DOC,EKS000017641,,,,,,,,2026-03-22 18:19:46,,,N,,0.00000,0.00000,0.00000,0.00000,,,,,,,,,,,,,0
2008647,Загрузка ручная,,MN,,,o.ivanov,,,2026-03-22 18:19:46,2026-03-22 18:19:46,,,,,,,,,,,N,,SHIPPING_DOC,EKS000017651,,,,,,,,2026-03-22 18:19:46,,,N,,0.00000,0.00000,0.00000,0.00000,,,,,,,,,,,,,0
2008648,Загрузка ручная,,MN,,,o.ivanov,,,2026-03-22 18:19:46,2026-03-22 18:19:46,,,,,,,,,,,N,,SHIPPING_DOC,EKS000017663,,,,,,,,2026-03-22 18:19:46,,,N,,0.00000,0.00000,0.00000,0.00000,,,,,,,,,,,,,0
2008649,Загрузка ручная,,MN,,,o.ivanov,,,2026-03-22 18:19:46,2026-03-22 18:19:46,,,,,,,,,,,N,,SHIPPING_DOC,EKS000017673,,,,,,,,2026-03-22 18:19:46,,,N,,0.00000,0.00000,0.00000,0.00000,,,,,,,,,,,,,0
2008650,Загрузка ручная,,MN,,,o.ivanov,,,2026-03-22 18:19:46,2026-03-22 18:19:46,,,,,,,,,,,N,,SHIPPING_DOC,TR-20.03.2026-203,,,,,,,,2026-03-22 18:19:46,,,N,,0.00000,0.00000,0.00000,0.00000,,,,,,,,,,,,,0
2009283,Загрузка механизмами,,MN,,,user2334,,,2026-03-23 07:22:07,2026-03-23 07:22:07,,,,,,,,,,,N,,SHIPPING_DOC,EKS000017872,,,,,,,,2026-03-23 07:22:07,,,N,,0.00000,0.00000,0.00000,0.00000,,,,,,,,,,,,,0
2009284,Загрузка ручная,,MN,,,user2334,,,2026-03-23 07:22:07,2026-03-23 07:22:07,,,,,,,,,,,N,,SHIPPING_DOC,EKS000017451,,,,,,,,2026-03-23 07:22:07,,,N,,0.00000,0.00000,0.00000,0.00000,,,,,,,,,,,,,0
2009285,Загрузка ручная,,MN,,,user2334,,,2026-03-23 07:22:07,2026-03-23 07:22:07,,,,,,,,,,,N,,SHIPPING_DOC,EKS000017541,,,,,,,,2026-03-23 07:22:07,,,N,,0.00000,0.00000,0.00000,0.00000,,,,,,,,,,,,,0
2009286,Загрузка ручная,,MN,,,user2334,,,2026-03-23 07:22:07,2026-03-23 07:22:07,,,,,,,,,,,N,,SHIPPING_DOC,EKS000017662,,,,,,,,2026-03-23 07:22:07,,,N,,0.00000,0.00000,0.00000,0.00000,,,,,,,,,,,,,0
2009287,Загрузка ручная,,MN,,,user2334,,,2026-03-23 07:22:07,2026-03-23 07:22:07,,,,,,,,,,,N,,SHIPPING_DOC,EKS000017805,,,,,,,,2026-03-23 07:22:07,,,N,,0.00000,0.00000,0.00000,0.00000,,,,,,,,,,,,,0
2009288,Загрузка ручная,,MN,,,user2334,,,2026-03-23 07:22:07,2026-03-23 07:22:07,,,,,,,,,,,N,,SHIPPING_DOC,EKS000017806,,,,,,,,2026-03-23 07:22:07,,,N,,0.00000,0.00000,0.00000,0.00000,,,,,,,,,,,,,0
2009289,Загрузка ручная,,MN,,,user2334,,,2026-03-23 07:22:07,2026-03-23 07:22:07,,,,,,,,,,,N,,SHIPPING_DOC,EKS000017847,,,,,,,,2026-03-23 07:22:07,,,N,,0.00000,0.00000,0.00000,0.00000,,,,,,,,,,,,,0
2009290,Загрузка ручная,,MN,,,user2334,,,2026-03-23 07:22:07,2026-03-23 07:22:07,,,,,,,,,,,N,,SHIPPING_DOC,EKS000017872,,,,,,,,2026-03-23 07:22:07,,,N,,0.00000,0.00000,0.00000,0.00000,,,,,,,,,,,,,0
2009291,Загрузка механизмами,,MN,,,user2249,,,2026-03-23 07:33:28,2026-03-23 07:33:28,,,,,,,,,,,N,,SHIPPING_DOC,EKS000017495,,,,,,,,2026-03-23 07:33:28,,,N,,0.00000,0.00000,0.00000,0.00000,,,,,,,,,,,,,0
2009292,Загрузка механизмами,,MN,,,user2249,,,2026-03-23 07:33:28,2026-03-23 07:33:28,,,,,,,,,,,N,,SHIPPING_DOC,EKS000017549,,,,,,,,2026-03-23 07:33:28,,,N,,0.00000,0.00000,0.00000,0.00000,,,,,,,,,,,,,0
2009293,Загрузка механизмами,,MN,,,user2249,,,2026-03-23 07:33:28,2026-03-23 07:33:28,,,,,,,,,,,N,,SHIPPING_DOC,TR-20.03.2026-202,,,,,,,,2026-03-23 07:33:28,,,N,,0.00000,0.00000,0.00000,0.00000,,,,,,,,,,,,,0
2009294,Загрузка механизмами,,MN,,,user2249,,,2026-03-23 07:33:28,2026-03-23 07:33:28,,,,,,,,,,,N,,SHIPPING_DOC,EKS000017655,,,,,,,,2026-03-23 07:33:28,,,N,,0.00000,0.00000,0.00000,0.00000,,,,,,,,,,,,,0
2009295,Загрузка механизмами,,MN,,,user2249,,,2026-03-23 07:33:28,2026-03-23 07:33:28,,,,,,,,,,,N,,SHIPPING_DOC,EKS000017659,,,,,,,,2026-03-23 07:33:28,,,N,,0.00000,0.00000,0.00000,0.00000,,,,,,,,,,,,,0
2009833,Загрузка механизмами,,MN,,,user2334,,,2026-03-24 07:10:12,2026-03-24 07:10:12,,,,,,,,,,,N,,SHIPPING_DOC,EKS000016078,,,,,,,,2026-03-24 07:10:12,,,N,,0.00000,0.00000,0.00000,0.00000,,,,,,,,,,,,,0
2009834,Загрузка механизмами,,MN,,,user2334,,,2026-03-24 07:10:12,2026-03-24 07:10:12,,,,,,,,,,,N,,SHIPPING_DOC,EKS000017898,,,,,,,,2026-03-24 07:10:12,,,N,,0.00000,0.00000,0.00000,0.00000,,,,,,,,,,,,,0
2009835,Загрузка механизмами,,MN,,,user2334,,,2026-03-24 07:10:12,2026-03-24 07:10:12,,,,,,,,,,,N,,SHIPPING_DOC,EKS000017905,,,,,,,,2026-03-24 07:10:12,,,N,,0.00000,0.00000,0.00000,0.00000,,,,,,,,,,,,,0
2009836,Загрузка механизмами,,MN,,,user2334,,,2026-03-24 07:10:12,2026-03-24 07:10:12,,,,,,,,,,,N,,SHIPPING_DOC,EKS000018084,,,,,,,,2026-03-24 07:10:12,,,N,,0.00000,0.00000,0.00000,0.00000,,,,,,,,,,,,,0
2009837,Загрузка механизмами,,MN,,,user2334,,,2026-03-24 07:10:12,2026-03-24 07:10:12,,,,,,,,,,,N,,SHIPPING_DOC,EKS000018175,,,,,,,,2026-03-24 07:10:12,,,N,,0.00000,0.00000,0.00000,0.00000,,,,,,,,,,,,,0
2009838,Загрузка ручная,,MN,,,user2334,,,2026-03-24 07:10:12,2026-03-24 07:10:12,,,,,,,,,,,N,,SHIPPING_DOC,EKS000016078,,,,,,,,2026-03-24 07:10:12,,,N,,0.00000,0.00000,0.00000,0.00000,,,,,,,,,,,,,0
2009839,Загрузка ручная,,MN,,,user2334,,,2026-03-24 07:10:12,2026-03-24 07:10:12,,,,,,,,,,,N,,SHIPPING_DOC,EKS000017898,,,,,,,,2026-03-24 07:10:12,,,N,,0.00000,0.00000,0.00000,0.00000,,,,,,,,,,,,,0
2009840,Загрузка ручная,,MN,,,user2334,,,2026-03-24 07:10:12,2026-03-24 07:10:12,,,,,,,,,,,N,,SHIPPING_DOC,EKS000017905,,,,,,,,2026-03-24 07:10:12,,,N,,0.00000,0.00000,0.00000,0.00000,,,,,,,,,,,,,0
2009841,Загрузка ручная,,MN,,,user2334,,,2026-03-24 07:10:12,2026-03-24 07:10:12,,,,,,,,,,,N,,SHIPPING_DOC,EKS000018084,,,,,,,,2026-03-24 07:10:12,,,N,,0.00000,0.00000,0.00000,0.00000,,,,,,,,,,,,,0
2009842,Загрузка ручная,,MN,,,user2334,,,2026-03-24 07:10:12,2026-03-24 07:10:12,,,,,,,,,,,N,,SHIPPING_DOC,EKS000018175,,,,,,,,2026-03-24 07:10:12,,,N,,0.00000,0.00000,0.00000,0.00000,,,,,,,,,,,,,0
2009843,Загрузка механизмами,,MN,,,user2249,,,2026-03-24 07:10:17,2026-03-24 07:10:17,,,,,,,,,,,N,,SHIPPING_DOC,EKS000016078,,,,,,,,2026-03-24 07:10:17,,,N,,0.00000,0.00000,0.00000,0.00000,,,,,,,,,,,,,0
2009844,Загрузка механизмами,,MN,,,user2249,,,2026-03-24 07:10:17,2026-03-24 07:10:17,,,,,,,,,,,N,,SHIPPING_DOC,EKS000017898,,,,,,,,2026-03-24 07:10:17,,,N,,0.00000,0.00000,0.00000,0.00000,,,,,,,,,,,,,0
2009845,Загрузка механизмами,,MN,,,user2249,,,2026-03-24 07:10:17,2026-03-24 07:10:17,,,,,,,,,,,N,,SHIPPING_DOC,EKS000017905,,,,,,,,2026-03-24 07:10:17,,,N,,0.00000,0.00000,0.00000,0.00000,,,,,,,,,,,,,0
2009846,Загрузка механизмами,,MN,,,user2249,,,2026-03-24 07:10:17,2026-03-24 07:10:17,,,,,,,,,,,N,,SHIPPING_DOC,EKS000018084,,,,,,,,2026-03-24 07:10:17,,,N,,0.00000,0.00000,0.00000,0.00000,,,,,,,,,,,,,0
2009847,Загрузка механизмами,,MN,,,user2249,,,2026-03-24 07:10:17,2026-03-24 07:10:17,,,,,,,,,,,N,,SHIPPING_DOC,EKS000018175,,,,,,,,2026-03-24 07:10:17,,,N,,0.00000,0.00000,0.00000,0.00000,,,,,,,,,,,,,0
2009848,Загрузка ручная,,MN,,,user2249,,,2026-03-24 07:10:17,2026-03-24 07:10:17,,,,,,,,,,,N,,SHIPPING_DOC,EKS000016078,,,,,,,,2026-03-24 07:10:17,,,N,,0.00000,0.00000,0.00000,0.00000,,,,,,,,,,,,,0
2009849,Загрузка ручная,,MN,,,user2249,,,2026-03-24 07:10:17,2026-03-24 07:10:17,,,,,,,,,,,N,,SHIPPING_DOC,EKS000017898,,,,,,,,2026-03-24 07:10:17,,,N,,0.00000,0.00000,0.00000,0.00000,,,,,,,,,,,,,0
2009850,Загрузка ручная,,MN,,,user2249,,,2026-03-24 07:10:17,2026-03-24 07:10:17,,,,,,,,,,,N,,SHIPPING_DOC,EKS000017905,,,,,,,,2026-03-24 07:10:17,,,N,,0.00000,0.00000,0.00000,0.00000,,,,,,,,,,,,,0
2009851,Загрузка ручная,,MN,,,user2249,,,2026-03-24 07:10:17,2026-03-24 07:10:17,,,,,,,,,,,N,,SHIPPING_DOC,EKS000018084,,,,,,,,2026-03-24 07:10:17,,,N,,0.00000,0.00000,0.00000,0.00000,,,,,,,,,,,,,0
2009852,Загрузка ручная,,MN,,,user2249,,,2026-03-24 07:10:17,2026-03-24 07:10:17,,,,,,,,,,,N,,SHIPPING_DOC,EKS000018175,,,,,,,,2026-03-24 07:10:17,,,N,,0.00000,0.00000,0.00000,0.00000,,,,,,,,,,,,,0
2009853,Загрузка механизмами,,MN,,,user2334,,,2026-03-24 07:19:28,2026-03-24 07:19:28,,,,,,,,,,,N,,SHIPPING_DOC,EKS000015305,,,,,,,,2026-03-24 07:19:28,,,N,,0.00000,0.00000,0.00000,0.00000,,,,,,,,,,,,,0
2009854,Загрузка механизмами,,MN,,,user2334,,,2026-03-24 07:19:28,2026-03-24 07:19:28,,,,,,,,,,,N,,SHIPPING_DOC,EKS000016333,,,,,,,,2026-03-24 07:19:28,,,N,,0.00000,0.00000,0.00000,0.00000,,,,,,,,,,,,,0
2009855,Загрузка механизмами,,MN,,,user2334,,,2026-03-24 07:19:28,2026-03-24 07:19:28,,,,,,,,,,,N,,SHIPPING_DOC,EKS000016622,,,,,,,,2026-03-24 07:19:28,,,N,,0.00000,0.00000,0.00000,0.00000,,,,,,,,,,,,,0
2009856,Загрузка механизмами,,MN,,,user2334,,,2026-03-24 07:19:28,2026-03-24 07:19:28,,,,,,,,,,,N,,SHIPPING_DOC,EKS000016623,,,,,,,,2026-03-24 07:19:28,,,N,,0.00000,0.00000,0.00000,0.00000,,,,,,,,,,,,,0
2009857,Загрузка механизмами,,MN,,,user2334,,,2026-03-24 07:19:28,2026-03-24 07:19:28,,,,,,,,,,,N,,SHIPPING_DOC,O00000001447,,,,,,,,2026-03-24 07:19:28,,,N,,0.00000,0.00000,0.00000,0.00000,,,,,,,,,,,,,0
2009858,Загрузка механизмами,,MN,,,user2334,,,2026-03-24 07:19:28,2026-03-24 07:19:28,,,,,,,,,,,N,,SHIPPING_DOC,EKS000017416,,,,,,,,2026-03-24 07:19:28,,,N,,0.00000,0.00000,0.00000,0.00000,,,,,,,,,,,,,0
2008651,Загрузка ручная,,MN,,,o.ivanov,,,2026-03-22 18:19:46,2026-03-22 18:19:46,,,,,,,,,,,N,,SHIPPING_DOC,EKS000017676,,,,,,,,2026-03-22 18:19:46,,,N,,0.00000,0.00000,0.00000,0.00000,,,,,,,,,,,,,0
2008652,Загрузка ручная,,MN,,,o.ivanov,,,2026-03-22 18:19:46,2026-03-22 18:19:46,,,,,,,,,,,N,,SHIPPING_DOC,EKS000017701,,,,,,,,2026-03-22 18:19:46,,,N,,0.00000,0.00000,0.00000,0.00000,,,,,,,,,,,,,0
2008653,Загрузка ручная,,MN,,,o.ivanov,,,2026-03-22 18:19:46,2026-03-22 18:19:46,,,,,,,,,,,N,,SHIPPING_DOC,EKS000017702,,,,,,,,2026-03-22 18:19:46,,,N,,0.00000,0.00000,0.00000,0.00000,,,,,,,,,,,,,0
2008654,Загрузка ручная,,MN,,,o.ivanov,,,2026-03-22 18:19:46,2026-03-22 18:19:46,,,,,,,,,,,N,,SHIPPING_DOC,EKS000017706,,,,,,,,2026-03-22 18:19:46,,,N,,0.00000,0.00000,0.00000,0.00000,,,,,,,,,,,,,0
2008655,Загрузка ручная,,MN,,,o.ivanov,,,2026-03-22 18:19:46,2026-03-22 18:19:46,,,,,,,,,,,N,,SHIPPING_DOC,EKS000017709,,,,,,,,2026-03-22 18:19:46,,,N,,0.00000,0.00000,0.00000,0.00000,,,,,,,,,,,,,0
2008656,Загрузка ручная,,MN,,,o.ivanov,,,2026-03-22 18:19:46,2026-03-22 18:19:46,,,,,,,,,,,N,,SHIPPING_DOC,EKS000017712,,,,,,,,2026-03-22 18:19:46,,,N,,0.00000,0.00000,0.00000,0.00000,,,,,,,,,,,,,0
2008657,Загрузка ручная,,MN,,,o.ivanov,,,2026-03-22 18:19:46,2026-03-22 18:19:46,,,,,,,,,,,N,,SHIPPING_DOC,EKS000017726,,,,,,,,2026-03-22 18:19:46,,,N,,0.00000,0.00000,0.00000,0.00000,,,,,,,,,,,,,0
2008658,Загрузка ручная,,MN,,,o.ivanov,,,2026-03-22 18:19:46,2026-03-22 18:19:46,,,,,,,,,,,N,,SHIPPING_DOC,TR-20.03.2026-204,,,,,,,,2026-03-22 18:19:46,,,N,,0.00000,0.00000,0.00000,0.00000,,,,,,,,,,,,,0
2008659,Загрузка ручная,,MN,,,o.ivanov,,,2026-03-22 18:19:46,2026-03-22 18:19:46,,,,,,,,,,,N,,SHIPPING_DOC,EKS000017736,,,,,,,,2026-03-22 18:19:46,,,N,,0.00000,0.00000,0.00000,0.00000,,,,,,,,,,,,,0
2008660,Загрузка ручная,,MN,,,o.ivanov,,,2026-03-22 18:19:46,2026-03-22 18:19:46,,,,,,,,,,,N,,SHIPPING_DOC,EKS000017737,,,,,,,,2026-03-22 18:19:46,,,N,,0.00000,0.00000,0.00000,0.00000,,,,,,,,,,,,,0
2008661,Загрузка ручная,,MN,,,o.ivanov,,,2026-03-22 18:19:46,2026-03-22 18:19:46,,,,,,,,,,,N,,SHIPPING_DOC,EKS000017738,,,,,,,,2026-03-22 18:19:46,,,N,,0.00000,0.00000,0.00000,0.00000,,,,,,,,,,,,,0
2008662,Загрузка ручная,,MN,,,o.ivanov,,,2026-03-22 18:19:46,2026-03-22 18:19:46,,,,,,,,,,,N,,SHIPPING_DOC,EKS000017739,,,,,,,,2026-03-22 18:19:46,,,N,,0.00000,0.00000,0.00000,0.00000,,,,,,,,,,,,,0
2008663,Загрузка ручная,,MN,,,o.ivanov,,,2026-03-22 18:19:46,2026-03-22 18:19:46,,,,,,,,,,,N,,SHIPPING_DOC,EKS000017741,,,,,,,,2026-03-22 18:19:46,,,N,,0.00000,0.00000,0.00000,0.00000,,,,,,,,,,,,,0
2008664,Загрузка ручная,,MN,,,o.ivanov,,,2026-03-22 18:19:46,2026-03-22 18:19:46,,,,,,,,,,,N,,SHIPPING_DOC,EKS000017742,,,,,,,,2026-03-22 18:19:46,,,N,,0.00000,0.00000,0.00000,0.00000,,,,,,,,,,,,,0
2008665,Загрузка ручная,,MN,,,o.ivanov,,,2026-03-22 18:19:46,2026-03-22 18:19:46,,,,,,,,,,,N,,SHIPPING_DOC,EKS000017743,,,,,,,,2026-03-22 18:19:46,,,N,,0.00000,0.00000,0.00000,0.00000,,,,,,,,,,,,,0
2008666,Загрузка ручная,,MN,,,o.ivanov,,,2026-03-22 18:19:46,2026-03-22 18:19:46,,,,,,,,,,,N,,SHIPPING_DOC,EKS000017744,,,,,,,,2026-03-22 18:19:46,,,N,,0.00000,0.00000,0.00000,0.00000,,,,,,,,,,,,,0
2008667,Загрузка ручная,,MN,,,o.ivanov,,,2026-03-22 18:19:46,2026-03-22 18:19:46,,,,,,,,,,,N,,SHIPPING_DOC,EKS000017747,,,,,,,,2026-03-22 18:19:46,,,N,,0.00000,0.00000,0.00000,0.00000,,,,,,,,,,,,,0
2008668,Загрузка ручная,,MN,,,o.ivanov,,,2026-03-22 18:19:46,2026-03-22 18:19:46,,,,,,,,,,,N,,SHIPPING_DOC,EKS000017754,,,,,,,,2026-03-22 18:19:46,,,N,,0.00000,0.00000,0.00000,0.00000,,,,,,,,,,,,,0
2008669,Загрузка ручная,,MN,,,o.ivanov,,,2026-03-22 18:19:46,2026-03-22 18:19:46,,,,,,,,,,,N,,SHIPPING_DOC,EKS000017777,,,,,,,,2026-03-22 18:19:46,,,N,,0.00000,0.00000,0.00000,0.00000,,,,,,,,,,,,,0
2008670,Загрузка ручная,,MN,,,o.ivanov,,,2026-03-22 18:19:46,2026-03-22 18:19:46,,,,,,,,,,,N,,SHIPPING_DOC,EKS000017812,,,,,,,,2026-03-22 18:19:46,,,N,,0.00000,0.00000,0.00000,0.00000,,,,,,,,,,,,,0
2008671,Загрузка ручная,,MN,,,o.ivanov,,,2026-03-22 18:19:46,2026-03-22 18:19:46,,,,,,,,,,,N,,SHIPPING_DOC,EKS000017813,,,,,,,,2026-03-22 18:19:46,,,N,,0.00000,0.00000,0.00000,0.00000,,,,,,,,,,,,,0
2008672,Загрузка ручная,,MN,,,o.ivanov,,,2026-03-22 18:19:46,2026-03-22 18:19:46,,,,,,,,,,,N,,SHIPPING_DOC,EKS000017816,,,,,,,,2026-03-22 18:19:46,,,N,,0.00000,0.00000,0.00000,0.00000,,,,,,,,,,,,,0
2008673,Загрузка ручная,,MN,,,o.ivanov,,,2026-03-22 18:19:46,2026-03-22 18:19:46,,,,,,,,,,,N,,SHIPPING_DOC,EKS000017835,,,,,,,,2026-03-22 18:19:46,,,N,,0.00000,0.00000,0.00000,0.00000,,,,,,,,,,,,,0
2008674,Загрузка ручная,,MN,,,o.ivanov,,,2026-03-22 18:19:46,2026-03-22 18:19:46,,,,,,,,,,,N,,SHIPPING_DOC,EKS000017838,,,,,,,,2026-03-22 18:19:46,,,N,,0.00000,0.00000,0.00000,0.00000,,,,,,,,,,,,,0
2008675,Загрузка ручная,,MN,,,o.ivanov,,,2026-03-22 18:19:46,2026-03-22 18:19:46,,,,,,,,,,,N,,SHIPPING_DOC,EKS000017840,,,,,,,,2026-03-22 18:19:46,,,N,,0.00000,0.00000,0.00000,0.00000,,,,,,,,,,,,,0
2008676,Загрузка ручная,,MN,,,o.ivanov,,,2026-03-22 18:19:46,2026-03-22 18:19:46,,,,,,,,,,,N,,SHIPPING_DOC,EKS000017841,,,,,,,,2026-03-22 18:19:46,,,N,,0.00000,0.00000,0.00000,0.00000,,,,,,,,,,,,,0
2009296,Загрузка механизмами,,MN,,,user2249,,,2026-03-23 07:33:28,2026-03-23 07:33:28,,,,,,,,,,,N,,SHIPPING_DOC,EKS000017703,,,,,,,,2026-03-23 07:33:28,,,N,,0.00000,0.00000,0.00000,0.00000,,,,,,,,,,,,,0
2009297,Загрузка механизмами,,MN,,,user2249,,,2026-03-23 07:33:28,2026-03-23 07:33:28,,,,,,,,,,,N,,SHIPPING_DOC,EKS000017705,,,,,,,,2026-03-23 07:33:28,,,N,,0.00000,0.00000,0.00000,0.00000,,,,,,,,,,,,,0
2009298,Загрузка механизмами,,MN,,,user2249,,,2026-03-23 07:33:28,2026-03-23 07:33:28,,,,,,,,,,,N,,SHIPPING_DOC,EKS000017707,,,,,,,,2026-03-23 07:33:28,,,N,,0.00000,0.00000,0.00000,0.00000,,,,,,,,,,,,,0
2009299,Загрузка механизмами,,MN,,,user2249,,,2026-03-23 07:33:28,2026-03-23 07:33:28,,,,,,,,,,,N,,SHIPPING_DOC,EKS000017749,,,,,,,,2026-03-23 07:33:28,,,N,,0.00000,0.00000,0.00000,0.00000,,,,,,,,,,,,,0
2009300,Загрузка механизмами,,MN,,,user2249,,,2026-03-23 07:33:28,2026-03-23 07:33:28,,,,,,,,,,,N,,SHIPPING_DOC,EKS000017757,,,,,,,,2026-03-23 07:33:28,,,N,,0.00000,0.00000,0.00000,0.00000,,,,,,,,,,,,,0
2009301,Загрузка механизмами,,MN,,,user2249,,,2026-03-23 07:33:28,2026-03-23 07:33:28,,,,,,,,,,,N,,SHIPPING_DOC,EKS000017758,,,,,,,,2026-03-23 07:33:28,,,N,,0.00000,0.00000,0.00000,0.00000,,,,,,,,,,,,,0
2009302,Загрузка механизмами,,MN,,,user2249,,,2026-03-23 07:33:28,2026-03-23 07:33:28,,,,,,,,,,,N,,SHIPPING_DOC,EKS000017791,,,,,,,,2026-03-23 07:33:28,,,N,,0.00000,0.00000,0.00000,0.00000,,,,,,,,,,,,,0
2009303,Загрузка механизмами,,MN,,,user2249,,,2026-03-23 07:33:28,2026-03-23 07:33:28,,,,,,,,,,,N,,SHIPPING_DOC,EKS000017792,,,,,,,,2026-03-23 07:33:28,,,N,,0.00000,0.00000,0.00000,0.00000,,,,,,,,,,,,,0
2009304,Загрузка механизмами,,MN,,,user2249,,,2026-03-23 07:33:28,2026-03-23 07:33:28,,,,,,,,,,,N,,SHIPPING_DOC,EKS000017848,,,,,,,,2026-03-23 07:33:28,,,N,,0.00000,0.00000,0.00000,0.00000,,,,,,,,,,,,,0
2009305,Загрузка механизмами,,MN,,,user2249,,,2026-03-23 07:33:28,2026-03-23 07:33:28,,,,,,,,,,,N,,SHIPPING_DOC,EKS000017871,,,,,,,,2026-03-23 07:33:28,,,N,,0.00000,0.00000,0.00000,0.00000,,,,,,,,,,,,,0
2009306,Загрузка ручная,,MN,,,user2249,,,2026-03-23 07:33:28,2026-03-23 07:33:28,,,,,,,,,,,N,,SHIPPING_DOC,EKS000017495,,,,,,,,2026-03-23 07:33:28,,,N,,0.00000,0.00000,0.00000,0.00000,,,,,,,,,,,,,0
2009307,Загрузка ручная,,MN,,,user2249,,,2026-03-23 07:33:28,2026-03-23 07:33:28,,,,,,,,,,,N,,SHIPPING_DOC,EKS000017549,,,,,,,,2026-03-23 07:33:28,,,N,,0.00000,0.00000,0.00000,0.00000,,,,,,,,,,,,,0
2009308,Загрузка ручная,,MN,,,user2249,,,2026-03-23 07:33:28,2026-03-23 07:33:28,,,,,,,,,,,N,,SHIPPING_DOC,TR-20.03.2026-202,,,,,,,,2026-03-23 07:33:28,,,N,,0.00000,0.00000,0.00000,0.00000,,,,,,,,,,,,,0
2009859,Загрузка механизмами,,MN,,,user2334,,,2026-03-24 07:19:28,2026-03-24 07:19:28,,,,,,,,,,,N,,SHIPPING_DOC,EKS000017430,,,,,,,,2026-03-24 07:19:28,,,N,,0.00000,0.00000,0.00000,0.00000,,,,,,,,,,,,,0
2009860,Загрузка механизмами,,MN,,,user2334,,,2026-03-24 07:19:28,2026-03-24 07:19:28,,,,,,,,,,,N,,SHIPPING_DOC,EKS000017447,,,,,,,,2026-03-24 07:19:28,,,N,,0.00000,0.00000,0.00000,0.00000,,,,,,,,,,,,,0
2009861,Загрузка механизмами,,MN,,,user2334,,,2026-03-24 07:19:28,2026-03-24 07:19:28,,,,,,,,,,,N,,SHIPPING_DOC,EKS000017508,,,,,,,,2026-03-24 07:19:28,,,N,,0.00000,0.00000,0.00000,0.00000,,,,,,,,,,,,,0
2009862,Загрузка механизмами,,MN,,,user2334,,,2026-03-24 07:19:28,2026-03-24 07:19:28,,,,,,,,,,,N,,SHIPPING_DOC,EKS000017711,,,,,,,,2026-03-24 07:19:28,,,N,,0.00000,0.00000,0.00000,0.00000,,,,,,,,,,,,,0
2009863,Загрузка механизмами,,MN,,,user2334,,,2026-03-24 07:19:28,2026-03-24 07:19:28,,,,,,,,,,,N,,SHIPPING_DOC,EKS000017875,,,,,,,,2026-03-24 07:19:28,,,N,,0.00000,0.00000,0.00000,0.00000,,,,,,,,,,,,,0
2009864,Загрузка механизмами,,MN,,,user2334,,,2026-03-24 07:19:28,2026-03-24 07:19:28,,,,,,,,,,,N,,SHIPPING_DOC,EKS000017906,,,,,,,,2026-03-24 07:19:28,,,N,,0.00000,0.00000,0.00000,0.00000,,,,,,,,,,,,,0
2009865,Загрузка механизмами,,MN,,,user2334,,,2026-03-24 07:19:28,2026-03-24 07:19:28,,,,,,,,,,,N,,SHIPPING_DOC,EKS000017938,,,,,,,,2026-03-24 07:19:28,,,N,,0.00000,0.00000,0.00000,0.00000,,,,,,,,,,,,,0
2009866,Загрузка механизмами,,MN,,,user2334,,,2026-03-24 07:19:28,2026-03-24 07:19:28,,,,,,,,,,,N,,SHIPPING_DOC,EKS000017942,,,,,,,,2026-03-24 07:19:28,,,N,,0.00000,0.00000,0.00000,0.00000,,,,,,,,,,,,,0
2009867,Загрузка механизмами,,MN,,,user2334,,,2026-03-24 07:19:28,2026-03-24 07:19:28,,,,,,,,,,,N,,SHIPPING_DOC,EKS000017975,,,,,,,,2026-03-24 07:19:28,,,N,,0.00000,0.00000,0.00000,0.00000,,,,,,,,,,,,,0
2009868,Загрузка механизмами,,MN,,,user2334,,,2026-03-24 07:19:28,2026-03-24 07:19:28,,,,,,,,,,,N,,SHIPPING_DOC,EKS000018022,,,,,,,,2026-03-24 07:19:28,,,N,,0.00000,0.00000,0.00000,0.00000,,,,,,,,,,,,,0
2009869,Загрузка механизмами,,MN,,,user2334,,,2026-03-24 07:19:28,2026-03-24 07:19:28,,,,,,,,,,,N,,SHIPPING_DOC,EKS000018024,,,,,,,,2026-03-24 07:19:28,,,N,,0.00000,0.00000,0.00000,0.00000,,,,,,,,,,,,,0
2009870,Загрузка механизмами,,MN,,,user2334,,,2026-03-24 07:19:28,2026-03-24 07:19:28,,,,,,,,,,,N,,SHIPPING_DOC,EKS000018025,,,,,,,,2026-03-24 07:19:28,,,N,,0.00000,0.00000,0.00000,0.00000,,,,,,,,,,,,,0
2008677,Загрузка ручная,,MN,,,o.ivanov,,,2026-03-22 18:19:46,2026-03-22 18:19:46,,,,,,,,,,,N,,SHIPPING_DOC,EKS000017863,,,,,,,,2026-03-22 18:19:46,,,N,,0.00000,0.00000,0.00000,0.00000,,,,,,,,,,,,,0
2008678,Загрузка ручная,,MN,,,o.ivanov,,,2026-03-22 18:19:46,2026-03-22 18:19:46,,,,,,,,,,,N,,SHIPPING_DOC,EKS000017867,,,,,,,,2026-03-22 18:19:46,,,N,,0.00000,0.00000,0.00000,0.00000,,,,,,,,,,,,,0
2008679,Загрузка механизмами,,MN,,,USER1319,,,2026-03-22 18:19:53,2026-03-22 18:19:53,,,,,,,,,,,N,,SHIPPING_DOC,EKS000017444,,,,,,,,2026-03-22 18:19:53,,,N,,0.00000,0.00000,0.00000,0.00000,,,,,,,,,,,,,0
2008680,Загрузка механизмами,,MN,,,USER1319,,,2026-03-22 18:19:53,2026-03-22 18:19:53,,,,,,,,,,,N,,SHIPPING_DOC,EKS000017464,,,,,,,,2026-03-22 18:19:53,,,N,,0.00000,0.00000,0.00000,0.00000,,,,,,,,,,,,,0
2008681,Загрузка механизмами,,MN,,,USER1319,,,2026-03-22 18:19:53,2026-03-22 18:19:53,,,,,,,,,,,N,,SHIPPING_DOC,EKS000017467,,,,,,,,2026-03-22 18:19:53,,,N,,0.00000,0.00000,0.00000,0.00000,,,,,,,,,,,,,0
2008682,Загрузка механизмами,,MN,,,USER1319,,,2026-03-22 18:19:53,2026-03-22 18:19:53,,,,,,,,,,,N,,SHIPPING_DOC,EKS000017476,,,,,,,,2026-03-22 18:19:53,,,N,,0.00000,0.00000,0.00000,0.00000,,,,,,,,,,,,,0
2008683,Загрузка механизмами,,MN,,,USER1319,,,2026-03-22 18:19:53,2026-03-22 18:19:53,,,,,,,,,,,N,,SHIPPING_DOC,EKS000017478,,,,,,,,2026-03-22 18:19:53,,,N,,0.00000,0.00000,0.00000,0.00000,,,,,,,,,,,,,0
2008684,Загрузка механизмами,,MN,,,USER1319,,,2026-03-22 18:19:53,2026-03-22 18:19:53,,,,,,,,,,,N,,SHIPPING_DOC,EKS000017480,,,,,,,,2026-03-22 18:19:53,,,N,,0.00000,0.00000,0.00000,0.00000,,,,,,,,,,,,,0
2008685,Загрузка механизмами,,MN,,,USER1319,,,2026-03-22 18:19:53,2026-03-22 18:19:53,,,,,,,,,,,N,,SHIPPING_DOC,EKS000017498,,,,,,,,2026-03-22 18:19:53,,,N,,0.00000,0.00000,0.00000,0.00000,,,,,,,,,,,,,0
2008686,Загрузка механизмами,,MN,,,USER1319,,,2026-03-22 18:19:53,2026-03-22 18:19:53,,,,,,,,,,,N,,SHIPPING_DOC,EKS000017502,,,,,,,,2026-03-22 18:19:53,,,N,,0.00000,0.00000,0.00000,0.00000,,,,,,,,,,,,,0
2008687,Загрузка механизмами,,MN,,,USER1319,,,2026-03-22 18:19:53,2026-03-22 18:19:53,,,,,,,,,,,N,,SHIPPING_DOC,EKS000017504,,,,,,,,2026-03-22 18:19:53,,,N,,0.00000,0.00000,0.00000,0.00000,,,,,,,,,,,,,0
2008688,Загрузка механизмами,,MN,,,USER1319,,,2026-03-22 18:19:53,2026-03-22 18:19:53,,,,,,,,,,,N,,SHIPPING_DOC,EKS000017505,,,,,,,,2026-03-22 18:19:53,,,N,,0.00000,0.00000,0.00000,0.00000,,,,,,,,,,,,,0
2008689,Загрузка механизмами,,MN,,,USER1319,,,2026-03-22 18:19:53,2026-03-22 18:19:53,,,,,,,,,,,N,,SHIPPING_DOC,EKS000017510,,,,,,,,2026-03-22 18:19:53,,,N,,0.00000,0.00000,0.00000,0.00000,,,,,,,,,,,,,0
2008690,Загрузка механизмами,,MN,,,USER1319,,,2026-03-22 18:19:53,2026-03-22 18:19:53,,,,,,,,,,,N,,SHIPPING_DOC,EKS000017517,,,,,,,,2026-03-22 18:19:53,,,N,,0.00000,0.00000,0.00000,0.00000,,,,,,,,,,,,,0
2008691,Загрузка механизмами,,MN,,,USER1319,,,2026-03-22 18:19:53,2026-03-22 18:19:53,,,,,,,,,,,N,,SHIPPING_DOC,EKS000017518,,,,,,,,2026-03-22 18:19:53,,,N,,0.00000,0.00000,0.00000,0.00000,,,,,,,,,,,,,0
2008692,Загрузка механизмами,,MN,,,USER1319,,,2026-03-22 18:19:53,2026-03-22 18:19:53,,,,,,,,,,,N,,SHIPPING_DOC,EKS000017520,,,,,,,,2026-03-22 18:19:53,,,N,,0.00000,0.00000,0.00000,0.00000,,,,,,,,,,,,,0
2008693,Загрузка механизмами,,MN,,,USER1319,,,2026-03-22 18:19:53,2026-03-22 18:19:53,,,,,,,,,,,N,,SHIPPING_DOC,EKS000017536,,,,,,,,2026-03-22 18:19:53,,,N,,0.00000,0.00000,0.00000,0.00000,,,,,,,,,,,,,0
2008694,Загрузка механизмами,,MN,,,USER1319,,,2026-03-22 18:19:53,2026-03-22 18:19:53,,,,,,,,,,,N,,SHIPPING_DOC,EKS000017537,,,,,,,,2026-03-22 18:19:53,,,N,,0.00000,0.00000,0.00000,0.00000,,,,,,,,,,,,,0
2008695,Загрузка механизмами,,MN,,,USER1319,,,2026-03-22 18:19:53,2026-03-22 18:19:53,,,,,,,,,,,N,,SHIPPING_DOC,EKS000017545,,,,,,,,2026-03-22 18:19:53,,,N,,0.00000,0.00000,0.00000,0.00000,,,,,,,,,,,,,0
2008696,Загрузка механизмами,,MN,,,USER1319,,,2026-03-22 18:19:53,2026-03-22 18:19:53,,,,,,,,,,,N,,SHIPPING_DOC,EKS000017548,,,,,,,,2026-03-22 18:19:53,,,N,,0.00000,0.00000,0.00000,0.00000,,,,,,,,,,,,,0
2008697,Загрузка механизмами,,MN,,,USER1319,,,2026-03-22 18:19:53,2026-03-22 18:19:53,,,,,,,,,,,N,,SHIPPING_DOC,EKS000017558,,,,,,,,2026-03-22 18:19:53,,,N,,0.00000,0.00000,0.00000,0.00000,,,,,,,,,,,,,0
2008698,Загрузка механизмами,,MN,,,USER1319,,,2026-03-22 18:19:53,2026-03-22 18:19:53,,,,,,,,,,,N,,SHIPPING_DOC,EKS000017559,,,,,,,,2026-03-22 18:19:53,,,N,,0.00000,0.00000,0.00000,0.00000,,,,,,,,,,,,,0
2008699,Загрузка механизмами,,MN,,,USER1319,,,2026-03-22 18:19:53,2026-03-22 18:19:53,,,,,,,,,,,N,,SHIPPING_DOC,EKS000017562,,,,,,,,2026-03-22 18:19:53,,,N,,0.00000,0.00000,0.00000,0.00000,,,,,,,,,,,,,0
2008700,Загрузка механизмами,,MN,,,USER1319,,,2026-03-22 18:19:53,2026-03-22 18:19:53,,,,,,,,,,,N,,SHIPPING_DOC,EKS000017574,,,,,,,,2026-03-22 18:19:53,,,N,,0.00000,0.00000,0.00000,0.00000,,,,,,,,,,,,,0
2008701,Загрузка механизмами,,MN,,,USER1319,,,2026-03-22 18:19:53,2026-03-22 18:19:53,,,,,,,,,,,N,,SHIPPING_DOC,EKS000017578,,,,,,,,2026-03-22 18:19:53,,,N,,0.00000,0.00000,0.00000,0.00000,,,,,,,,,,,,,0
2009309,Загрузка ручная,,MN,,,user2249,,,2026-03-23 07:33:28,2026-03-23 07:33:28,,,,,,,,,,,N,,SHIPPING_DOC,EKS000017655,,,,,,,,2026-03-23 07:33:28,,,N,,0.00000,0.00000,0.00000,0.00000,,,,,,,,,,,,,0
2009310,Загрузка ручная,,MN,,,user2249,,,2026-03-23 07:33:28,2026-03-23 07:33:28,,,,,,,,,,,N,,SHIPPING_DOC,EKS000017659,,,,,,,,2026-03-23 07:33:28,,,N,,0.00000,0.00000,0.00000,0.00000,,,,,,,,,,,,,0
2009311,Загрузка ручная,,MN,,,user2249,,,2026-03-23 07:33:28,2026-03-23 07:33:28,,,,,,,,,,,N,,SHIPPING_DOC,EKS000017703,,,,,,,,2026-03-23 07:33:28,,,N,,0.00000,0.00000,0.00000,0.00000,,,,,,,,,,,,,0
2009312,Загрузка ручная,,MN,,,user2249,,,2026-03-23 07:33:28,2026-03-23 07:33:28,,,,,,,,,,,N,,SHIPPING_DOC,EKS000017705,,,,,,,,2026-03-23 07:33:28,,,N,,0.00000,0.00000,0.00000,0.00000,,,,,,,,,,,,,0
2009313,Загрузка ручная,,MN,,,user2249,,,2026-03-23 07:33:28,2026-03-23 07:33:28,,,,,,,,,,,N,,SHIPPING_DOC,EKS000017707,,,,,,,,2026-03-23 07:33:28,,,N,,0.00000,0.00000,0.00000,0.00000,,,,,,,,,,,,,0
2009314,Загрузка ручная,,MN,,,user2249,,,2026-03-23 07:33:28,2026-03-23 07:33:28,,,,,,,,,,,N,,SHIPPING_DOC,EKS000017749,,,,,,,,2026-03-23 07:33:28,,,N,,0.00000,0.00000,0.00000,0.00000,,,,,,,,,,,,,0
2009315,Загрузка ручная,,MN,,,user2249,,,2026-03-23 07:33:28,2026-03-23 07:33:28,,,,,,,,,,,N,,SHIPPING_DOC,EKS000017757,,,,,,,,2026-03-23 07:33:28,,,N,,0.00000,0.00000,0.00000,0.00000,,,,,,,,,,,,,0
2009316,Загрузка ручная,,MN,,,user2249,,,2026-03-23 07:33:28,2026-03-23 07:33:28,,,,,,,,,,,N,,SHIPPING_DOC,EKS000017758,,,,,,,,2026-03-23 07:33:28,,,N,,0.00000,0.00000,0.00000,0.00000,,,,,,,,,,,,,0
2009317,Загрузка ручная,,MN,,,user2249,,,2026-03-23 07:33:28,2026-03-23 07:33:28,,,,,,,,,,,N,,SHIPPING_DOC,EKS000017791,,,,,,,,2026-03-23 07:33:28,,,N,,0.00000,0.00000,0.00000,0.00000,,,,,,,,,,,,,0
2009318,Загрузка ручная,,MN,,,user2249,,,2026-03-23 07:33:28,2026-03-23 07:33:28,,,,,,,,,,,N,,SHIPPING_DOC,EKS000017792,,,,,,,,2026-03-23 07:33:28,,,N,,0.00000,0.00000,0.00000,0.00000,,,,,,,,,,,,,0
2009319,Загрузка ручная,,MN,,,user2249,,,2026-03-23 07:33:28,2026-03-23 07:33:28,,,,,,,,,,,N,,SHIPPING_DOC,EKS000017848,,,,,,,,2026-03-23 07:33:28,,,N,,0.00000,0.00000,0.00000,0.00000,,,,,,,,,,,,,0
2009320,Загрузка ручная,,MN,,,user2249,,,2026-03-23 07:33:28,2026-03-23 07:33:28,,,,,,,,,,,N,,SHIPPING_DOC,EKS000017871,,,,,,,,2026-03-23 07:33:28,,,N,,0.00000,0.00000,0.00000,0.00000,,,,,,,,,,,,,0
2009321,Загрузка механизмами,,MN,,,user2334,,,2026-03-23 07:34:24,2026-03-23 07:34:24,,,,,,,,,,,N,,SHIPPING_DOC,EKS000017495,,,,,,,,2026-03-23 07:34:24,,,N,,0.00000,0.00000,0.00000,0.00000,,,,,,,,,,,,,0
2009871,Загрузка механизмами,,MN,,,user2334,,,2026-03-24 07:19:28,2026-03-24 07:19:28,,,,,,,,,,,N,,SHIPPING_DOC,EKS000018032,,,,,,,,2026-03-24 07:19:28,,,N,,0.00000,0.00000,0.00000,0.00000,,,,,,,,,,,,,0
2009872,Загрузка механизмами,,MN,,,user2334,,,2026-03-24 07:19:28,2026-03-24 07:19:28,,,,,,,,,,,N,,SHIPPING_DOC,EKS000018039,,,,,,,,2026-03-24 07:19:28,,,N,,0.00000,0.00000,0.00000,0.00000,,,,,,,,,,,,,0
2009873,Загрузка механизмами,,MN,,,user2334,,,2026-03-24 07:19:28,2026-03-24 07:19:28,,,,,,,,,,,N,,SHIPPING_DOC,EKS000018062,,,,,,,,2026-03-24 07:19:28,,,N,,0.00000,0.00000,0.00000,0.00000,,,,,,,,,,,,,0
2009874,Загрузка механизмами,,MN,,,user2334,,,2026-03-24 07:19:28,2026-03-24 07:19:28,,,,,,,,,,,N,,SHIPPING_DOC,EKS000018065,,,,,,,,2026-03-24 07:19:28,,,N,,0.00000,0.00000,0.00000,0.00000,,,,,,,,,,,,,0
2009875,Загрузка механизмами,,MN,,,user2334,,,2026-03-24 07:19:28,2026-03-24 07:19:28,,,,,,,,,,,N,,SHIPPING_DOC,EKS000018067,,,,,,,,2026-03-24 07:19:28,,,N,,0.00000,0.00000,0.00000,0.00000,,,,,,,,,,,,,0
2009876,Загрузка механизмами,,MN,,,user2334,,,2026-03-24 07:19:28,2026-03-24 07:19:28,,,,,,,,,,,N,,SHIPPING_DOC,EKS000018068,,,,,,,,2026-03-24 07:19:28,,,N,,0.00000,0.00000,0.00000,0.00000,,,,,,,,,,,,,0
2009877,Загрузка механизмами,,MN,,,user2334,,,2026-03-24 07:19:28,2026-03-24 07:19:28,,,,,,,,,,,N,,SHIPPING_DOC,EKS000018072,,,,,,,,2026-03-24 07:19:28,,,N,,0.00000,0.00000,0.00000,0.00000,,,,,,,,,,,,,0
2009878,Загрузка механизмами,,MN,,,user2334,,,2026-03-24 07:19:28,2026-03-24 07:19:28,,,,,,,,,,,N,,SHIPPING_DOC,EKS000018079,,,,,,,,2026-03-24 07:19:28,,,N,,0.00000,0.00000,0.00000,0.00000,,,,,,,,,,,,,0
2009879,Загрузка механизмами,,MN,,,user2334,,,2026-03-24 07:19:28,2026-03-24 07:19:28,,,,,,,,,,,N,,SHIPPING_DOC,EKS000018107,,,,,,,,2026-03-24 07:19:28,,,N,,0.00000,0.00000,0.00000,0.00000,,,,,,,,,,,,,0
2009880,Загрузка механизмами,,MN,,,user2334,,,2026-03-24 07:19:28,2026-03-24 07:19:28,,,,,,,,,,,N,,SHIPPING_DOC,EKS000018117,,,,,,,,2026-03-24 07:19:28,,,N,,0.00000,0.00000,0.00000,0.00000,,,,,,,,,,,,,0
2009881,Загрузка механизмами,,MN,,,user2334,,,2026-03-24 07:19:28,2026-03-24 07:19:28,,,,,,,,,,,N,,SHIPPING_DOC,EKS000018121,,,,,,,,2026-03-24 07:19:28,,,N,,0.00000,0.00000,0.00000,0.00000,,,,,,,,,,,,,0
2009882,Загрузка механизмами,,MN,,,user2334,,,2026-03-24 07:19:28,2026-03-24 07:19:28,,,,,,,,,,,N,,SHIPPING_DOC,EKS000018144,,,,,,,,2026-03-24 07:19:28,,,N,,0.00000,0.00000,0.00000,0.00000,,,,,,,,,,,,,0
2008702,Загрузка механизмами,,MN,,,USER1319,,,2026-03-22 18:19:53,2026-03-22 18:19:53,,,,,,,,,,,N,,SHIPPING_DOC,EKS000017585,,,,,,,,2026-03-22 18:19:53,,,N,,0.00000,0.00000,0.00000,0.00000,,,,,,,,,,,,,0
2008703,Загрузка механизмами,,MN,,,USER1319,,,2026-03-22 18:19:53,2026-03-22 18:19:53,,,,,,,,,,,N,,SHIPPING_DOC,EKS000017592,,,,,,,,2026-03-22 18:19:53,,,N,,0.00000,0.00000,0.00000,0.00000,,,,,,,,,,,,,0
2008704,Загрузка механизмами,,MN,,,USER1319,,,2026-03-22 18:19:53,2026-03-22 18:19:53,,,,,,,,,,,N,,SHIPPING_DOC,EKS000017593,,,,,,,,2026-03-22 18:19:53,,,N,,0.00000,0.00000,0.00000,0.00000,,,,,,,,,,,,,0
2008705,Загрузка механизмами,,MN,,,USER1319,,,2026-03-22 18:19:53,2026-03-22 18:19:53,,,,,,,,,,,N,,SHIPPING_DOC,EKS000017594,,,,,,,,2026-03-22 18:19:53,,,N,,0.00000,0.00000,0.00000,0.00000,,,,,,,,,,,,,0
2008706,Загрузка механизмами,,MN,,,USER1319,,,2026-03-22 18:19:53,2026-03-22 18:19:53,,,,,,,,,,,N,,SHIPPING_DOC,EKS000017609,,,,,,,,2026-03-22 18:19:53,,,N,,0.00000,0.00000,0.00000,0.00000,,,,,,,,,,,,,0
2008707,Загрузка механизмами,,MN,,,USER1319,,,2026-03-22 18:19:53,2026-03-22 18:19:53,,,,,,,,,,,N,,SHIPPING_DOC,EKS000017632,,,,,,,,2026-03-22 18:19:53,,,N,,0.00000,0.00000,0.00000,0.00000,,,,,,,,,,,,,0
2008708,Загрузка механизмами,,MN,,,USER1319,,,2026-03-22 18:19:53,2026-03-22 18:19:53,,,,,,,,,,,N,,SHIPPING_DOC,EKS000017637,,,,,,,,2026-03-22 18:19:53,,,N,,0.00000,0.00000,0.00000,0.00000,,,,,,,,,,,,,0
2008709,Загрузка механизмами,,MN,,,USER1319,,,2026-03-22 18:19:53,2026-03-22 18:19:53,,,,,,,,,,,N,,SHIPPING_DOC,EKS000017640,,,,,,,,2026-03-22 18:19:53,,,N,,0.00000,0.00000,0.00000,0.00000,,,,,,,,,,,,,0
2008710,Загрузка механизмами,,MN,,,USER1319,,,2026-03-22 18:19:53,2026-03-22 18:19:53,,,,,,,,,,,N,,SHIPPING_DOC,EKS000017641,,,,,,,,2026-03-22 18:19:53,,,N,,0.00000,0.00000,0.00000,0.00000,,,,,,,,,,,,,0
2008711,Загрузка механизмами,,MN,,,USER1319,,,2026-03-22 18:19:53,2026-03-22 18:19:53,,,,,,,,,,,N,,SHIPPING_DOC,EKS000017651,,,,,,,,2026-03-22 18:19:53,,,N,,0.00000,0.00000,0.00000,0.00000,,,,,,,,,,,,,0
2008712,Загрузка механизмами,,MN,,,USER1319,,,2026-03-22 18:19:53,2026-03-22 18:19:53,,,,,,,,,,,N,,SHIPPING_DOC,EKS000017663,,,,,,,,2026-03-22 18:19:53,,,N,,0.00000,0.00000,0.00000,0.00000,,,,,,,,,,,,,0
2008713,Загрузка механизмами,,MN,,,USER1319,,,2026-03-22 18:19:53,2026-03-22 18:19:53,,,,,,,,,,,N,,SHIPPING_DOC,EKS000017673,,,,,,,,2026-03-22 18:19:53,,,N,,0.00000,0.00000,0.00000,0.00000,,,,,,,,,,,,,0
2009322,Загрузка механизмами,,MN,,,user2334,,,2026-03-23 07:34:24,2026-03-23 07:34:24,,,,,,,,,,,N,,SHIPPING_DOC,EKS000017549,,,,,,,,2026-03-23 07:34:24,,,N,,0.00000,0.00000,0.00000,0.00000,,,,,,,,,,,,,0
2009323,Загрузка механизмами,,MN,,,user2334,,,2026-03-23 07:34:24,2026-03-23 07:34:24,,,,,,,,,,,N,,SHIPPING_DOC,TR-20.03.2026-202,,,,,,,,2026-03-23 07:34:24,,,N,,0.00000,0.00000,0.00000,0.00000,,,,,,,,,,,,,0
2009324,Загрузка механизмами,,MN,,,user2334,,,2026-03-23 07:34:24,2026-03-23 07:34:24,,,,,,,,,,,N,,SHIPPING_DOC,EKS000017655,,,,,,,,2026-03-23 07:34:24,,,N,,0.00000,0.00000,0.00000,0.00000,,,,,,,,,,,,,0
2009325,Загрузка механизмами,,MN,,,user2334,,,2026-03-23 07:34:24,2026-03-23 07:34:24,,,,,,,,,,,N,,SHIPPING_DOC,EKS000017659,,,,,,,,2026-03-23 07:34:24,,,N,,0.00000,0.00000,0.00000,0.00000,,,,,,,,,,,,,0
2009326,Загрузка механизмами,,MN,,,user2334,,,2026-03-23 07:34:24,2026-03-23 07:34:24,,,,,,,,,,,N,,SHIPPING_DOC,EKS000017703,,,,,,,,2026-03-23 07:34:24,,,N,,0.00000,0.00000,0.00000,0.00000,,,,,,,,,,,,,0
2009327,Загрузка механизмами,,MN,,,user2334,,,2026-03-23 07:34:24,2026-03-23 07:34:24,,,,,,,,,,,N,,SHIPPING_DOC,EKS000017705,,,,,,,,2026-03-23 07:34:24,,,N,,0.00000,0.00000,0.00000,0.00000,,,,,,,,,,,,,0
2009328,Загрузка механизмами,,MN,,,user2334,,,2026-03-23 07:34:24,2026-03-23 07:34:24,,,,,,,,,,,N,,SHIPPING_DOC,EKS000017707,,,,,,,,2026-03-23 07:34:24,,,N,,0.00000,0.00000,0.00000,0.00000,,,,,,,,,,,,,0
2009329,Загрузка механизмами,,MN,,,user2334,,,2026-03-23 07:34:24,2026-03-23 07:34:24,,,,,,,,,,,N,,SHIPPING_DOC,EKS000017749,,,,,,,,2026-03-23 07:34:24,,,N,,0.00000,0.00000,0.00000,0.00000,,,,,,,,,,,,,0
2009330,Загрузка механизмами,,MN,,,user2334,,,2026-03-23 07:34:24,2026-03-23 07:34:24,,,,,,,,,,,N,,SHIPPING_DOC,EKS000017757,,,,,,,,2026-03-23 07:34:24,,,N,,0.00000,0.00000,0.00000,0.00000,,,,,,,,,,,,,0
2009331,Загрузка механизмами,,MN,,,user2334,,,2026-03-23 07:34:24,2026-03-23 07:34:24,,,,,,,,,,,N,,SHIPPING_DOC,EKS000017758,,,,,,,,2026-03-23 07:34:24,,,N,,0.00000,0.00000,0.00000,0.00000,,,,,,,,,,,,,0
2009332,Загрузка механизмами,,MN,,,user2334,,,2026-03-23 07:34:24,2026-03-23 07:34:24,,,,,,,,,,,N,,SHIPPING_DOC,EKS000017791,,,,,,,,2026-03-23 07:34:24,,,N,,0.00000,0.00000,0.00000,0.00000,,,,,,,,,,,,,0
2009333,Загрузка механизмами,,MN,,,user2334,,,2026-03-23 07:34:24,2026-03-23 07:34:24,,,,,,,,,,,N,,SHIPPING_DOC,EKS000017792,,,,,,,,2026-03-23 07:34:24,,,N,,0.00000,0.00000,0.00000,0.00000,,,,,,,,,,,,,0
2009334,Загрузка механизмами,,MN,,,user2334,,,2026-03-23 07:34:24,2026-03-23 07:34:24,,,,,,,,,,,N,,SHIPPING_DOC,EKS000017848,,,,,,,,2026-03-23 07:34:24,,,N,,0.00000,0.00000,0.00000,0.00000,,,,,,,,,,,,,0
2009335,Загрузка механизмами,,MN,,,user2334,,,2026-03-23 07:34:24,2026-03-23 07:34:24,,,,,,,,,,,N,,SHIPPING_DOC,EKS000017871,,,,,,,,2026-03-23 07:34:24,,,N,,0.00000,0.00000,0.00000,0.00000,,,,,,,,,,,,,0
2009336,Загрузка ручная,,MN,,,user2334,,,2026-03-23 07:34:24,2026-03-23 07:34:24,,,,,,,,,,,N,,SHIPPING_DOC,EKS000017495,,,,,,,,2026-03-23 07:34:24,,,N,,0.00000,0.00000,0.00000,0.00000,,,,,,,,,,,,,0
2009337,Загрузка ручная,,MN,,,user2334,,,2026-03-23 07:34:24,2026-03-23 07:34:24,,,,,,,,,,,N,,SHIPPING_DOC,EKS000017549,,,,,,,,2026-03-23 07:34:24,,,N,,0.00000,0.00000,0.00000,0.00000,,,,,,,,,,,,,0
2009338,Загрузка ручная,,MN,,,user2334,,,2026-03-23 07:34:24,2026-03-23 07:34:24,,,,,,,,,,,N,,SHIPPING_DOC,TR-20.03.2026-202,,,,,,,,2026-03-23 07:34:24,,,N,,0.00000,0.00000,0.00000,0.00000,,,,,,,,,,,,,0
2009339,Загрузка ручная,,MN,,,user2334,,,2026-03-23 07:34:24,2026-03-23 07:34:24,,,,,,,,,,,N,,SHIPPING_DOC,EKS000017655,,,,,,,,2026-03-23 07:34:24,,,N,,0.00000,0.00000,0.00000,0.00000,,,,,,,,,,,,,0
2009340,Загрузка ручная,,MN,,,user2334,,,2026-03-23 07:34:24,2026-03-23 07:34:24,,,,,,,,,,,N,,SHIPPING_DOC,EKS000017659,,,,,,,,2026-03-23 07:34:24,,,N,,0.00000,0.00000,0.00000,0.00000,,,,,,,,,,,,,0
2009341,Загрузка ручная,,MN,,,user2334,,,2026-03-23 07:34:24,2026-03-23 07:34:24,,,,,,,,,,,N,,SHIPPING_DOC,EKS000017703,,,,,,,,2026-03-23 07:34:24,,,N,,0.00000,0.00000,0.00000,0.00000,,,,,,,,,,,,,0
2009342,Загрузка ручная,,MN,,,user2334,,,2026-03-23 07:34:24,2026-03-23 07:34:24,,,,,,,,,,,N,,SHIPPING_DOC,EKS000017705,,,,,,,,2026-03-23 07:34:24,,,N,,0.00000,0.00000,0.00000,0.00000,,,,,,,,,,,,,0
2009343,Загрузка ручная,,MN,,,user2334,,,2026-03-23 07:34:24,2026-03-23 07:34:24,,,,,,,,,,,N,,SHIPPING_DOC,EKS000017707,,,,,,,,2026-03-23 07:34:24,,,N,,0.00000,0.00000,0.00000,0.00000,,,,,,,,,,,,,0
2009344,Загрузка ручная,,MN,,,user2334,,,2026-03-23 07:34:24,2026-03-23 07:34:24,,,,,,,,,,,N,,SHIPPING_DOC,EKS000017749,,,,,,,,2026-03-23 07:34:24,,,N,,0.00000,0.00000,0.00000,0.00000,,,,,,,,,,,,,0
2009345,Загрузка ручная,,MN,,,user2334,,,2026-03-23 07:34:24,2026-03-23 07:34:24,,,,,,,,,,,N,,SHIPPING_DOC,EKS000017757,,,,,,,,2026-03-23 07:34:24,,,N,,0.00000,0.00000,0.00000,0.00000,,,,,,,,,,,,,0
2009346,Загрузка ручная,,MN,,,user2334,,,2026-03-23 07:34:24,2026-03-23 07:34:24,,,,,,,,,,,N,,SHIPPING_DOC,EKS000017758,,,,,,,,2026-03-23 07:34:24,,,N,,0.00000,0.00000,0.00000,0.00000,,,,,,,,,,,,,0
2009883,Загрузка механизмами,,MN,,,user2334,,,2026-03-24 07:19:28,2026-03-24 07:19:28,,,,,,,,,,,N,,SHIPPING_DOC,EKS000018145,,,,,,,,2026-03-24 07:19:28,,,N,,0.00000,0.00000,0.00000,0.00000,,,,,,,,,,,,,0
2009884,Загрузка механизмами,,MN,,,user2334,,,2026-03-24 07:19:28,2026-03-24 07:19:28,,,,,,,,,,,N,,SHIPPING_DOC,EKS000018159,,,,,,,,2026-03-24 07:19:28,,,N,,0.00000,0.00000,0.00000,0.00000,,,,,,,,,,,,,0
2009885,Загрузка механизмами,,MN,,,user2334,,,2026-03-24 07:19:28,2026-03-24 07:19:28,,,,,,,,,,,N,,SHIPPING_DOC,EKS000018173,,,,,,,,2026-03-24 07:19:28,,,N,,0.00000,0.00000,0.00000,0.00000,,,,,,,,,,,,,0
2009886,Загрузка ручная,,MN,,,user2334,,,2026-03-24 07:19:28,2026-03-24 07:19:28,,,,,,,,,,,N,,SHIPPING_DOC,EKS000015305,,,,,,,,2026-03-24 07:19:28,,,N,,0.00000,0.00000,0.00000,0.00000,,,,,,,,,,,,,0
2009887,Загрузка ручная,,MN,,,user2334,,,2026-03-24 07:19:28,2026-03-24 07:19:28,,,,,,,,,,,N,,SHIPPING_DOC,EKS000016333,,,,,,,,2026-03-24 07:19:28,,,N,,0.00000,0.00000,0.00000,0.00000,,,,,,,,,,,,,0
2009888,Загрузка ручная,,MN,,,user2334,,,2026-03-24 07:19:28,2026-03-24 07:19:28,,,,,,,,,,,N,,SHIPPING_DOC,EKS000016622,,,,,,,,2026-03-24 07:19:28,,,N,,0.00000,0.00000,0.00000,0.00000,,,,,,,,,,,,,0
2009889,Загрузка ручная,,MN,,,user2334,,,2026-03-24 07:19:28,2026-03-24 07:19:28,,,,,,,,,,,N,,SHIPPING_DOC,EKS000016623,,,,,,,,2026-03-24 07:19:28,,,N,,0.00000,0.00000,0.00000,0.00000,,,,,,,,,,,,,0
2009890,Загрузка ручная,,MN,,,user2334,,,2026-03-24 07:19:28,2026-03-24 07:19:28,,,,,,,,,,,N,,SHIPPING_DOC,O00000001447,,,,,,,,2026-03-24 07:19:28,,,N,,0.00000,0.00000,0.00000,0.00000,,,,,,,,,,,,,0
2009891,Загрузка ручная,,MN,,,user2334,,,2026-03-24 07:19:28,2026-03-24 07:19:28,,,,,,,,,,,N,,SHIPPING_DOC,EKS000017416,,,,,,,,2026-03-24 07:19:28,,,N,,0.00000,0.00000,0.00000,0.00000,,,,,,,,,,,,,0
2009892,Загрузка ручная,,MN,,,user2334,,,2026-03-24 07:19:28,2026-03-24 07:19:28,,,,,,,,,,,N,,SHIPPING_DOC,EKS000017430,,,,,,,,2026-03-24 07:19:28,,,N,,0.00000,0.00000,0.00000,0.00000,,,,,,,,,,,,,0
2009893,Загрузка ручная,,MN,,,user2334,,,2026-03-24 07:19:28,2026-03-24 07:19:28,,,,,,,,,,,N,,SHIPPING_DOC,EKS000017447,,,,,,,,2026-03-24 07:19:28,,,N,,0.00000,0.00000,0.00000,0.00000,,,,,,,,,,,,,0
2009894,Загрузка ручная,,MN,,,user2334,,,2026-03-24 07:19:28,2026-03-24 07:19:28,,,,,,,,,,,N,,SHIPPING_DOC,EKS000017508,,,,,,,,2026-03-24 07:19:28,,,N,,0.00000,0.00000,0.00000,0.00000,,,,,,,,,,,,,0
2009895,Загрузка ручная,,MN,,,user2334,,,2026-03-24 07:19:28,2026-03-24 07:19:28,,,,,,,,,,,N,,SHIPPING_DOC,EKS000017711,,,,,,,,2026-03-24 07:19:28,,,N,,0.00000,0.00000,0.00000,0.00000,,,,,,,,,,,,,0
2008714,Загрузка механизмами,,MN,,,USER1319,,,2026-03-22 18:19:53,2026-03-22 18:19:53,,,,,,,,,,,N,,SHIPPING_DOC,TR-20.03.2026-203,,,,,,,,2026-03-22 18:19:53,,,N,,0.00000,0.00000,0.00000,0.00000,,,,,,,,,,,,,0
2008715,Загрузка механизмами,,MN,,,USER1319,,,2026-03-22 18:19:53,2026-03-22 18:19:53,,,,,,,,,,,N,,SHIPPING_DOC,EKS000017676,,,,,,,,2026-03-22 18:19:53,,,N,,0.00000,0.00000,0.00000,0.00000,,,,,,,,,,,,,0
2008716,Загрузка механизмами,,MN,,,USER1319,,,2026-03-22 18:19:53,2026-03-22 18:19:53,,,,,,,,,,,N,,SHIPPING_DOC,EKS000017701,,,,,,,,2026-03-22 18:19:53,,,N,,0.00000,0.00000,0.00000,0.00000,,,,,,,,,,,,,0
2008717,Загрузка механизмами,,MN,,,USER1319,,,2026-03-22 18:19:53,2026-03-22 18:19:53,,,,,,,,,,,N,,SHIPPING_DOC,EKS000017702,,,,,,,,2026-03-22 18:19:53,,,N,,0.00000,0.00000,0.00000,0.00000,,,,,,,,,,,,,0
2008718,Загрузка механизмами,,MN,,,USER1319,,,2026-03-22 18:19:53,2026-03-22 18:19:53,,,,,,,,,,,N,,SHIPPING_DOC,EKS000017706,,,,,,,,2026-03-22 18:19:53,,,N,,0.00000,0.00000,0.00000,0.00000,,,,,,,,,,,,,0
2008719,Загрузка механизмами,,MN,,,USER1319,,,2026-03-22 18:19:53,2026-03-22 18:19:53,,,,,,,,,,,N,,SHIPPING_DOC,EKS000017709,,,,,,,,2026-03-22 18:19:53,,,N,,0.00000,0.00000,0.00000,0.00000,,,,,,,,,,,,,0
2008720,Загрузка механизмами,,MN,,,USER1319,,,2026-03-22 18:19:53,2026-03-22 18:19:53,,,,,,,,,,,N,,SHIPPING_DOC,EKS000017712,,,,,,,,2026-03-22 18:19:53,,,N,,0.00000,0.00000,0.00000,0.00000,,,,,,,,,,,,,0
2008721,Загрузка механизмами,,MN,,,USER1319,,,2026-03-22 18:19:53,2026-03-22 18:19:53,,,,,,,,,,,N,,SHIPPING_DOC,EKS000017726,,,,,,,,2026-03-22 18:19:53,,,N,,0.00000,0.00000,0.00000,0.00000,,,,,,,,,,,,,0
2008722,Загрузка механизмами,,MN,,,USER1319,,,2026-03-22 18:19:53,2026-03-22 18:19:53,,,,,,,,,,,N,,SHIPPING_DOC,TR-20.03.2026-204,,,,,,,,2026-03-22 18:19:53,,,N,,0.00000,0.00000,0.00000,0.00000,,,,,,,,,,,,,0
2008723,Загрузка механизмами,,MN,,,USER1319,,,2026-03-22 18:19:53,2026-03-22 18:19:53,,,,,,,,,,,N,,SHIPPING_DOC,EKS000017736,,,,,,,,2026-03-22 18:19:53,,,N,,0.00000,0.00000,0.00000,0.00000,,,,,,,,,,,,,0
2008724,Загрузка механизмами,,MN,,,USER1319,,,2026-03-22 18:19:53,2026-03-22 18:19:53,,,,,,,,,,,N,,SHIPPING_DOC,EKS000017737,,,,,,,,2026-03-22 18:19:53,,,N,,0.00000,0.00000,0.00000,0.00000,,,,,,,,,,,,,0
2008725,Загрузка механизмами,,MN,,,USER1319,,,2026-03-22 18:19:53,2026-03-22 18:19:53,,,,,,,,,,,N,,SHIPPING_DOC,EKS000017738,,,,,,,,2026-03-22 18:19:53,,,N,,0.00000,0.00000,0.00000,0.00000,,,,,,,,,,,,,0
2009347,Загрузка ручная,,MN,,,user2334,,,2026-03-23 07:34:24,2026-03-23 07:34:24,,,,,,,,,,,N,,SHIPPING_DOC,EKS000017791,,,,,,,,2026-03-23 07:34:24,,,N,,0.00000,0.00000,0.00000,0.00000,,,,,,,,,,,,,0
2009348,Загрузка ручная,,MN,,,user2334,,,2026-03-23 07:34:24,2026-03-23 07:34:24,,,,,,,,,,,N,,SHIPPING_DOC,EKS000017792,,,,,,,,2026-03-23 07:34:24,,,N,,0.00000,0.00000,0.00000,0.00000,,,,,,,,,,,,,0
2009349,Загрузка ручная,,MN,,,user2334,,,2026-03-23 07:34:24,2026-03-23 07:34:24,,,,,,,,,,,N,,SHIPPING_DOC,EKS000017848,,,,,,,,2026-03-23 07:34:24,,,N,,0.00000,0.00000,0.00000,0.00000,,,,,,,,,,,,,0
2009350,Загрузка ручная,,MN,,,user2334,,,2026-03-23 07:34:24,2026-03-23 07:34:24,,,,,,,,,,,N,,SHIPPING_DOC,EKS000017871,,,,,,,,2026-03-23 07:34:24,,,N,,0.00000,0.00000,0.00000,0.00000,,,,,,,,,,,,,0
2009351,Загрузка механизмами,,MN,,,USER2358,,,2026-03-23 08:47:43,2026-03-23 08:47:43,,,,,,,,,,,N,,SHIPPING_DOC,EKS000017817,,,,,,,,2026-03-23 08:47:43,,,N,,0.00000,0.00000,0.00000,0.00000,,,,,,,,,,,,,0
2009352,Загрузка ручная,,MN,,,USER2358,,,2026-03-23 08:47:43,2026-03-23 08:47:43,,,,,,,,,,,N,,SHIPPING_DOC,EKS000017817,,,,,,,,2026-03-23 08:47:43,,,N,,0.00000,0.00000,0.00000,0.00000,,,,,,,,,,,,,0
2009353,Загрузка механизмами,,MN,,,e.ulishchenko,,,2026-03-23 08:49:47,2026-03-23 08:49:47,,,,,,,,,,,N,,SHIPPING_DOC,EKS000017137,,,,,,,,2026-03-23 08:49:47,,,N,,0.00000,0.00000,0.00000,0.00000,,,,,,,,,,,,,0
2009354,Загрузка ручная,,MN,,,e.ulishchenko,,,2026-03-23 08:49:47,2026-03-23 08:49:47,,,,,,,,,,,N,,SHIPPING_DOC,EKS000017137,,,,,,,,2026-03-23 08:49:47,,,N,,0.00000,0.00000,0.00000,0.00000,,,,,,,,,,,,,0
2009355,Загрузка механизмами,,MN,,,USER2358,,,2026-03-23 09:04:33,2026-03-23 09:04:33,,,,,,,,,,,N,,SHIPPING_DOC,EKS000017715,,,,,,,,2026-03-23 09:04:33,,,N,,0.00000,0.00000,0.00000,0.00000,,,,,,,,,,,,,0
2009356,Загрузка ручная,,MN,,,USER2358,,,2026-03-23 09:04:33,2026-03-23 09:04:33,,,,,,,,,,,N,,SHIPPING_DOC,EKS000017715,,,,,,,,2026-03-23 09:04:33,,,N,,0.00000,0.00000,0.00000,0.00000,,,,,,,,,,,,,0
2009357,Загрузка механизмами,,MN,,,user2349,,,2026-03-23 09:09:17,2026-03-23 09:09:17,,,,,,,,,,,N,,SHIPPING_DOC,EKS000017290,,,,,,,,2026-03-23 09:09:17,,,N,,0.00000,0.00000,0.00000,0.00000,,,,,,,,,,,,,0
2009358,Загрузка механизмами,,MN,,,user2349,,,2026-03-23 09:09:17,2026-03-23 09:09:17,,,,,,,,,,,N,,SHIPPING_DOC,EKS000017401,,,,,,,,2026-03-23 09:09:17,,,N,,0.00000,0.00000,0.00000,0.00000,,,,,,,,,,,,,0
2009359,Загрузка механизмами,,MN,,,user2349,,,2026-03-23 09:09:17,2026-03-23 09:09:17,,,,,,,,,,,N,,SHIPPING_DOC,EKS000017440,,,,,,,,2026-03-23 09:09:17,,,N,,0.00000,0.00000,0.00000,0.00000,,,,,,,,,,,,,0
2009360,Загрузка ручная,,MN,,,user2349,,,2026-03-23 09:09:17,2026-03-23 09:09:17,,,,,,,,,,,N,,SHIPPING_DOC,EKS000017290,,,,,,,,2026-03-23 09:09:17,,,N,,0.00000,0.00000,0.00000,0.00000,,,,,,,,,,,,,0
2009361,Загрузка ручная,,MN,,,user2349,,,2026-03-23 09:09:17,2026-03-23 09:09:17,,,,,,,,,,,N,,SHIPPING_DOC,EKS000017401,,,,,,,,2026-03-23 09:09:17,,,N,,0.00000,0.00000,0.00000,0.00000,,,,,,,,,,,,,0
2009362,Загрузка ручная,,MN,,,user2349,,,2026-03-23 09:09:17,2026-03-23 09:09:17,,,,,,,,,,,N,,SHIPPING_DOC,EKS000017440,,,,,,,,2026-03-23 09:09:17,,,N,,0.00000,0.00000,0.00000,0.00000,,,,,,,,,,,,,0
2009363,Загрузка механизмами,,MN,,,USER2358,,,2026-03-23 09:11:56,2026-03-23 09:11:56,,,,,,,,,,,N,,SHIPPING_DOC,EKS000017335,,,,,,,,2026-03-23 09:11:56,,,N,,0.00000,0.00000,0.00000,0.00000,,,,,,,,,,,,,0
2009364,Загрузка механизмами,,MN,,,USER2358,,,2026-03-23 09:11:56,2026-03-23 09:11:56,,,,,,,,,,,N,,SHIPPING_DOC,EKS000017565,,,,,,,,2026-03-23 09:11:56,,,N,,0.00000,0.00000,0.00000,0.00000,,,,,,,,,,,,,0
2009365,Загрузка механизмами,,MN,,,USER2358,,,2026-03-23 09:11:56,2026-03-23 09:11:56,,,,,,,,,,,N,,SHIPPING_DOC,EKS000017566,,,,,,,,2026-03-23 09:11:56,,,N,,0.00000,0.00000,0.00000,0.00000,,,,,,,,,,,,,0
2009366,Загрузка ручная,,MN,,,USER2358,,,2026-03-23 09:11:56,2026-03-23 09:11:56,,,,,,,,,,,N,,SHIPPING_DOC,EKS000017335,,,,,,,,2026-03-23 09:11:56,,,N,,0.00000,0.00000,0.00000,0.00000,,,,,,,,,,,,,0
2009367,Загрузка ручная,,MN,,,USER2358,,,2026-03-23 09:11:56,2026-03-23 09:11:56,,,,,,,,,,,N,,SHIPPING_DOC,EKS000017565,,,,,,,,2026-03-23 09:11:56,,,N,,0.00000,0.00000,0.00000,0.00000,,,,,,,,,,,,,0
2009368,Загрузка ручная,,MN,,,USER2358,,,2026-03-23 09:11:56,2026-03-23 09:11:56,,,,,,,,,,,N,,SHIPPING_DOC,EKS000017566,,,,,,,,2026-03-23 09:11:56,,,N,,0.00000,0.00000,0.00000,0.00000,,,,,,,,,,,,,0
2009369,Загрузка механизмами,,MN,,,e.ulishchenko,,,2026-03-23 09:17:34,2026-03-23 09:17:34,,,,,,,,,,,N,,SHIPPING_DOC,EKS000017713,,,,,,,,2026-03-23 09:17:34,,,N,,0.00000,0.00000,0.00000,0.00000,,,,,,,,,,,,,0
2009370,Загрузка ручная,,MN,,,e.ulishchenko,,,2026-03-23 09:17:34,2026-03-23 09:17:34,,,,,,,,,,,N,,SHIPPING_DOC,EKS000017713,,,,,,,,2026-03-23 09:17:34,,,N,,0.00000,0.00000,0.00000,0.00000,,,,,,,,,,,,,0
2009371,Загрузка механизмами,,MN,,,user2349,,,2026-03-23 09:19:14,2026-03-23 09:19:14,,,,,,,,,,,N,,SHIPPING_DOC,EKS000017687,,,,,,,,2026-03-23 09:19:14,,,N,,0.00000,0.00000,0.00000,0.00000,,,,,,,,,,,,,0
2009372,Загрузка механизмами,,MN,,,user2349,,,2026-03-23 09:19:14,2026-03-23 09:19:14,,,,,,,,,,,N,,SHIPPING_DOC,EKS000017688,,,,,,,,2026-03-23 09:19:14,,,N,,0.00000,0.00000,0.00000,0.00000,,,,,,,,,,,,,0
2009896,Загрузка ручная,,MN,,,user2334,,,2026-03-24 07:19:28,2026-03-24 07:19:28,,,,,,,,,,,N,,SHIPPING_DOC,EKS000017875,,,,,,,,2026-03-24 07:19:28,,,N,,0.00000,0.00000,0.00000,0.00000,,,,,,,,,,,,,0
2009897,Загрузка ручная,,MN,,,user2334,,,2026-03-24 07:19:28,2026-03-24 07:19:28,,,,,,,,,,,N,,SHIPPING_DOC,EKS000017906,,,,,,,,2026-03-24 07:19:28,,,N,,0.00000,0.00000,0.00000,0.00000,,,,,,,,,,,,,0
2009898,Загрузка ручная,,MN,,,user2334,,,2026-03-24 07:19:28,2026-03-24 07:19:28,,,,,,,,,,,N,,SHIPPING_DOC,EKS000017938,,,,,,,,2026-03-24 07:19:28,,,N,,0.00000,0.00000,0.00000,0.00000,,,,,,,,,,,,,0
2009899,Загрузка ручная,,MN,,,user2334,,,2026-03-24 07:19:28,2026-03-24 07:19:28,,,,,,,,,,,N,,SHIPPING_DOC,EKS000017942,,,,,,,,2026-03-24 07:19:28,,,N,,0.00000,0.00000,0.00000,0.00000,,,,,,,,,,,,,0
2009900,Загрузка ручная,,MN,,,user2334,,,2026-03-24 07:19:28,2026-03-24 07:19:28,,,,,,,,,,,N,,SHIPPING_DOC,EKS000017975,,,,,,,,2026-03-24 07:19:28,,,N,,0.00000,0.00000,0.00000,0.00000,,,,,,,,,,,,,0
2009901,Загрузка ручная,,MN,,,user2334,,,2026-03-24 07:19:28,2026-03-24 07:19:28,,,,,,,,,,,N,,SHIPPING_DOC,EKS000018022,,,,,,,,2026-03-24 07:19:28,,,N,,0.00000,0.00000,0.00000,0.00000,,,,,,,,,,,,,0
2009902,Загрузка ручная,,MN,,,user2334,,,2026-03-24 07:19:28,2026-03-24 07:19:28,,,,,,,,,,,N,,SHIPPING_DOC,EKS000018024,,,,,,,,2026-03-24 07:19:28,,,N,,0.00000,0.00000,0.00000,0.00000,,,,,,,,,,,,,0
2009903,Загрузка ручная,,MN,,,user2334,,,2026-03-24 07:19:28,2026-03-24 07:19:28,,,,,,,,,,,N,,SHIPPING_DOC,EKS000018025,,,,,,,,2026-03-24 07:19:28,,,N,,0.00000,0.00000,0.00000,0.00000,,,,,,,,,,,,,0
2009904,Загрузка ручная,,MN,,,user2334,,,2026-03-24 07:19:28,2026-03-24 07:19:28,,,,,,,,,,,N,,SHIPPING_DOC,EKS000018032,,,,,,,,2026-03-24 07:19:28,,,N,,0.00000,0.00000,0.00000,0.00000,,,,,,,,,,,,,0
2009905,Загрузка ручная,,MN,,,user2334,,,2026-03-24 07:19:28,2026-03-24 07:19:28,,,,,,,,,,,N,,SHIPPING_DOC,EKS000018039,,,,,,,,2026-03-24 07:19:28,,,N,,0.00000,0.00000,0.00000,0.00000,,,,,,,,,,,,,0
2009906,Загрузка ручная,,MN,,,user2334,,,2026-03-24 07:19:28,2026-03-24 07:19:28,,,,,,,,,,,N,,SHIPPING_DOC,EKS000018062,,,,,,,,2026-03-24 07:19:28,,,N,,0.00000,0.00000,0.00000,0.00000,,,,,,,,,,,,,0
2009907,Загрузка ручная,,MN,,,user2334,,,2026-03-24 07:19:28,2026-03-24 07:19:28,,,,,,,,,,,N,,SHIPPING_DOC,EKS000018065,,,,,,,,2026-03-24 07:19:28,,,N,,0.00000,0.00000,0.00000,0.00000,,,,,,,,,,,,,0
2009908,Загрузка ручная,,MN,,,user2334,,,2026-03-24 07:19:28,2026-03-24 07:19:28,,,,,,,,,,,N,,SHIPPING_DOC,EKS000018067,,,,,,,,2026-03-24 07:19:28,,,N,,0.00000,0.00000,0.00000,0.00000,,,,,,,,,,,,,0
2009909,Загрузка ручная,,MN,,,user2334,,,2026-03-24 07:19:28,2026-03-24 07:19:28,,,,,,,,,,,N,,SHIPPING_DOC,EKS000018068,,,,,,,,2026-03-24 07:19:28,,,N,,0.00000,0.00000,0.00000,0.00000,,,,,,,,,,,,,0
2009910,Загрузка ручная,,MN,,,user2334,,,2026-03-24 07:19:28,2026-03-24 07:19:28,,,,,,,,,,,N,,SHIPPING_DOC,EKS000018072,,,,,,,,2026-03-24 07:19:28,,,N,,0.00000,0.00000,0.00000,0.00000,,,,,,,,,,,,,0
2009911,Загрузка ручная,,MN,,,user2334,,,2026-03-24 07:19:28,2026-03-24 07:19:28,,,,,,,,,,,N,,SHIPPING_DOC,EKS000018079,,,,,,,,2026-03-24 07:19:28,,,N,,0.00000,0.00000,0.00000,0.00000,,,,,,,,,,,,,0
2009912,Загрузка ручная,,MN,,,user2334,,,2026-03-24 07:19:28,2026-03-24 07:19:28,,,,,,,,,,,N,,SHIPPING_DOC,EKS000018107,,,,,,,,2026-03-24 07:19:28,,,N,,0.00000,0.00000,0.00000,0.00000,,,,,,,,,,,,,0
2009913,Загрузка ручная,,MN,,,user2334,,,2026-03-24 07:19:28,2026-03-24 07:19:28,,,,,,,,,,,N,,SHIPPING_DOC,EKS000018117,,,,,,,,2026-03-24 07:19:28,,,N,,0.00000,0.00000,0.00000,0.00000,,,,,,,,,,,,,0
2009914,Загрузка ручная,,MN,,,user2334,,,2026-03-24 07:19:28,2026-03-24 07:19:28,,,,,,,,,,,N,,SHIPPING_DOC,EKS000018121,,,,,,,,2026-03-24 07:19:28,,,N,,0.00000,0.00000,0.00000,0.00000,,,,,,,,,,,,,0
2009915,Загрузка ручная,,MN,,,user2334,,,2026-03-24 07:19:28,2026-03-24 07:19:28,,,,,,,,,,,N,,SHIPPING_DOC,EKS000018144,,,,,,,,2026-03-24 07:19:28,,,N,,0.00000,0.00000,0.00000,0.00000,,,,,,,,,,,,,0
2009916,Загрузка ручная,,MN,,,user2334,,,2026-03-24 07:19:28,2026-03-24 07:19:28,,,,,,,,,,,N,,SHIPPING_DOC,EKS000018145,,,,,,,,2026-03-24 07:19:28,,,N,,0.00000,0.00000,0.00000,0.00000,,,,,,,,,,,,,0
2009917,Загрузка ручная,,MN,,,user2334,,,2026-03-24 07:19:28,2026-03-24 07:19:28,,,,,,,,,,,N,,SHIPPING_DOC,EKS000018159,,,,,,,,2026-03-24 07:19:28,,,N,,0.00000,0.00000,0.00000,0.00000,,,,,,,,,,,,,0
2009918,Загрузка ручная,,MN,,,user2334,,,2026-03-24 07:19:28,2026-03-24 07:19:28,,,,,,,,,,,N,,SHIPPING_DOC,EKS000018173,,,,,,,,2026-03-24 07:19:28,,,N,,0.00000,0.00000,0.00000,0.00000,,,,,,,,,,,,,0
2009919,Загрузка механизмами,,MN,,,user2249,,,2026-03-24 07:19:51,2026-03-24 07:19:51,,,,,,,,,,,N,,SHIPPING_DOC,EKS000015305,,,,,,,,2026-03-24 07:19:51,,,N,,0.00000,0.00000,0.00000,0.00000,,,,,,,,,,,,,0
2009920,Загрузка механизмами,,MN,,,user2249,,,2026-03-24 07:19:51,2026-03-24 07:19:51,,,,,,,,,,,N,,SHIPPING_DOC,EKS000016333,,,,,,,,2026-03-24 07:19:51,,,N,,0.00000,0.00000,0.00000,0.00000,,,,,,,,,,,,,0
2009921,Загрузка механизмами,,MN,,,user2249,,,2026-03-24 07:19:51,2026-03-24 07:19:51,,,,,,,,,,,N,,SHIPPING_DOC,EKS000016622,,,,,,,,2026-03-24 07:19:51,,,N,,0.00000,0.00000,0.00000,0.00000,,,,,,,,,,,,,0
2008726,Загрузка механизмами,,MN,,,USER1319,,,2026-03-22 18:19:53,2026-03-22 18:19:53,,,,,,,,,,,N,,SHIPPING_DOC,EKS000017739,,,,,,,,2026-03-22 18:19:53,,,N,,0.00000,0.00000,0.00000,0.00000,,,,,,,,,,,,,0
2008727,Загрузка механизмами,,MN,,,USER1319,,,2026-03-22 18:19:53,2026-03-22 18:19:53,,,,,,,,,,,N,,SHIPPING_DOC,EKS000017741,,,,,,,,2026-03-22 18:19:53,,,N,,0.00000,0.00000,0.00000,0.00000,,,,,,,,,,,,,0
2008728,Загрузка механизмами,,MN,,,USER1319,,,2026-03-22 18:19:53,2026-03-22 18:19:53,,,,,,,,,,,N,,SHIPPING_DOC,EKS000017742,,,,,,,,2026-03-22 18:19:53,,,N,,0.00000,0.00000,0.00000,0.00000,,,,,,,,,,,,,0
2008729,Загрузка механизмами,,MN,,,USER1319,,,2026-03-22 18:19:53,2026-03-22 18:19:53,,,,,,,,,,,N,,SHIPPING_DOC,EKS000017743,,,,,,,,2026-03-22 18:19:53,,,N,,0.00000,0.00000,0.00000,0.00000,,,,,,,,,,,,,0
2008730,Загрузка механизмами,,MN,,,USER1319,,,2026-03-22 18:19:53,2026-03-22 18:19:53,,,,,,,,,,,N,,SHIPPING_DOC,EKS000017744,,,,,,,,2026-03-22 18:19:53,,,N,,0.00000,0.00000,0.00000,0.00000,,,,,,,,,,,,,0
2008731,Загрузка механизмами,,MN,,,USER1319,,,2026-03-22 18:19:53,2026-03-22 18:19:53,,,,,,,,,,,N,,SHIPPING_DOC,EKS000017747,,,,,,,,2026-03-22 18:19:53,,,N,,0.00000,0.00000,0.00000,0.00000,,,,,,,,,,,,,0
2008732,Загрузка механизмами,,MN,,,USER1319,,,2026-03-22 18:19:53,2026-03-22 18:19:53,,,,,,,,,,,N,,SHIPPING_DOC,EKS000017754,,,,,,,,2026-03-22 18:19:53,,,N,,0.00000,0.00000,0.00000,0.00000,,,,,,,,,,,,,0
2008733,Загрузка механизмами,,MN,,,USER1319,,,2026-03-22 18:19:53,2026-03-22 18:19:53,,,,,,,,,,,N,,SHIPPING_DOC,EKS000017777,,,,,,,,2026-03-22 18:19:53,,,N,,0.00000,0.00000,0.00000,0.00000,,,,,,,,,,,,,0
2008734,Загрузка механизмами,,MN,,,USER1319,,,2026-03-22 18:19:53,2026-03-22 18:19:53,,,,,,,,,,,N,,SHIPPING_DOC,EKS000017812,,,,,,,,2026-03-22 18:19:53,,,N,,0.00000,0.00000,0.00000,0.00000,,,,,,,,,,,,,0
2008735,Загрузка механизмами,,MN,,,USER1319,,,2026-03-22 18:19:53,2026-03-22 18:19:53,,,,,,,,,,,N,,SHIPPING_DOC,EKS000017813,,,,,,,,2026-03-22 18:19:53,,,N,,0.00000,0.00000,0.00000,0.00000,,,,,,,,,,,,,0
2008736,Загрузка механизмами,,MN,,,USER1319,,,2026-03-22 18:19:53,2026-03-22 18:19:53,,,,,,,,,,,N,,SHIPPING_DOC,EKS000017816,,,,,,,,2026-03-22 18:19:53,,,N,,0.00000,0.00000,0.00000,0.00000,,,,,,,,,,,,,0
2008737,Загрузка механизмами,,MN,,,USER1319,,,2026-03-22 18:19:53,2026-03-22 18:19:53,,,,,,,,,,,N,,SHIPPING_DOC,EKS000017835,,,,,,,,2026-03-22 18:19:53,,,N,,0.00000,0.00000,0.00000,0.00000,,,,,,,,,,,,,0
2008738,Загрузка механизмами,,MN,,,USER1319,,,2026-03-22 18:19:53,2026-03-22 18:19:53,,,,,,,,,,,N,,SHIPPING_DOC,EKS000017838,,,,,,,,2026-03-22 18:19:53,,,N,,0.00000,0.00000,0.00000,0.00000,,,,,,,,,,,,,0
2008739,Загрузка механизмами,,MN,,,USER1319,,,2026-03-22 18:19:53,2026-03-22 18:19:53,,,,,,,,,,,N,,SHIPPING_DOC,EKS000017840,,,,,,,,2026-03-22 18:19:53,,,N,,0.00000,0.00000,0.00000,0.00000,,,,,,,,,,,,,0
2008740,Загрузка механизмами,,MN,,,USER1319,,,2026-03-22 18:19:53,2026-03-22 18:19:53,,,,,,,,,,,N,,SHIPPING_DOC,EKS000017841,,,,,,,,2026-03-22 18:19:53,,,N,,0.00000,0.00000,0.00000,0.00000,,,,,,,,,,,,,0
2008741,Загрузка механизмами,,MN,,,USER1319,,,2026-03-22 18:19:53,2026-03-22 18:19:53,,,,,,,,,,,N,,SHIPPING_DOC,EKS000017863,,,,,,,,2026-03-22 18:19:53,,,N,,0.00000,0.00000,0.00000,0.00000,,,,,,,,,,,,,0
2008742,Загрузка механизмами,,MN,,,USER1319,,,2026-03-22 18:19:53,2026-03-22 18:19:53,,,,,,,,,,,N,,SHIPPING_DOC,EKS000017867,,,,,,,,2026-03-22 18:19:53,,,N,,0.00000,0.00000,0.00000,0.00000,,,,,,,,,,,,,0
2008743,Загрузка ручная,,MN,,,USER1319,,,2026-03-22 18:19:53,2026-03-22 18:19:53,,,,,,,,,,,N,,SHIPPING_DOC,EKS000017444,,,,,,,,2026-03-22 18:19:53,,,N,,0.00000,0.00000,0.00000,0.00000,,,,,,,,,,,,,0
2008744,Загрузка ручная,,MN,,,USER1319,,,2026-03-22 18:19:53,2026-03-22 18:19:53,,,,,,,,,,,N,,SHIPPING_DOC,EKS000017464,,,,,,,,2026-03-22 18:19:53,,,N,,0.00000,0.00000,0.00000,0.00000,,,,,,,,,,,,,0
2008745,Загрузка ручная,,MN,,,USER1319,,,2026-03-22 18:19:53,2026-03-22 18:19:53,,,,,,,,,,,N,,SHIPPING_DOC,EKS000017467,,,,,,,,2026-03-22 18:19:53,,,N,,0.00000,0.00000,0.00000,0.00000,,,,,,,,,,,,,0
2008746,Загрузка ручная,,MN,,,USER1319,,,2026-03-22 18:19:53,2026-03-22 18:19:53,,,,,,,,,,,N,,SHIPPING_DOC,EKS000017476,,,,,,,,2026-03-22 18:19:53,,,N,,0.00000,0.00000,0.00000,0.00000,,,,,,,,,,,,,0
2008747,Загрузка ручная,,MN,,,USER1319,,,2026-03-22 18:19:53,2026-03-22 18:19:53,,,,,,,,,,,N,,SHIPPING_DOC,EKS000017478,,,,,,,,2026-03-22 18:19:53,,,N,,0.00000,0.00000,0.00000,0.00000,,,,,,,,,,,,,0
2008748,Загрузка ручная,,MN,,,USER1319,,,2026-03-22 18:19:53,2026-03-22 18:19:53,,,,,,,,,,,N,,SHIPPING_DOC,EKS000017480,,,,,,,,2026-03-22 18:19:53,,,N,,0.00000,0.00000,0.00000,0.00000,,,,,,,,,,,,,0
2008749,Загрузка ручная,,MN,,,USER1319,,,2026-03-22 18:19:53,2026-03-22 18:19:53,,,,,,,,,,,N,,SHIPPING_DOC,EKS000017498,,,,,,,,2026-03-22 18:19:53,,,N,,0.00000,0.00000,0.00000,0.00000,,,,,,,,,,,,,0
2008750,Загрузка ручная,,MN,,,USER1319,,,2026-03-22 18:19:53,2026-03-22 18:19:53,,,,,,,,,,,N,,SHIPPING_DOC,EKS000017502,,,,,,,,2026-03-22 18:19:53,,,N,,0.00000,0.00000,0.00000,0.00000,,,,,,,,,,,,,0
2009373,Загрузка механизмами,,MN,,,user2349,,,2026-03-23 09:19:14,2026-03-23 09:19:14,,,,,,,,,,,N,,SHIPPING_DOC,EKS000017689,,,,,,,,2026-03-23 09:19:14,,,N,,0.00000,0.00000,0.00000,0.00000,,,,,,,,,,,,,0
2009374,Загрузка механизмами,,MN,,,user2349,,,2026-03-23 09:19:14,2026-03-23 09:19:14,,,,,,,,,,,N,,SHIPPING_DOC,EKS000017690,,,,,,,,2026-03-23 09:19:14,,,N,,0.00000,0.00000,0.00000,0.00000,,,,,,,,,,,,,0
2009375,Загрузка механизмами,,MN,,,user2349,,,2026-03-23 09:19:14,2026-03-23 09:19:14,,,,,,,,,,,N,,SHIPPING_DOC,EKS000017691,,,,,,,,2026-03-23 09:19:14,,,N,,0.00000,0.00000,0.00000,0.00000,,,,,,,,,,,,,0
2009376,Загрузка механизмами,,MN,,,user2349,,,2026-03-23 09:19:14,2026-03-23 09:19:14,,,,,,,,,,,N,,SHIPPING_DOC,EKS000017692,,,,,,,,2026-03-23 09:19:14,,,N,,0.00000,0.00000,0.00000,0.00000,,,,,,,,,,,,,0
2009377,Загрузка механизмами,,MN,,,user2349,,,2026-03-23 09:19:14,2026-03-23 09:19:14,,,,,,,,,,,N,,SHIPPING_DOC,EKS000017693,,,,,,,,2026-03-23 09:19:14,,,N,,0.00000,0.00000,0.00000,0.00000,,,,,,,,,,,,,0
2009378,Загрузка ручная,,MN,,,user2349,,,2026-03-23 09:19:14,2026-03-23 09:19:14,,,,,,,,,,,N,,SHIPPING_DOC,EKS000017687,,,,,,,,2026-03-23 09:19:14,,,N,,0.00000,0.00000,0.00000,0.00000,,,,,,,,,,,,,0
2009379,Загрузка ручная,,MN,,,user2349,,,2026-03-23 09:19:14,2026-03-23 09:19:14,,,,,,,,,,,N,,SHIPPING_DOC,EKS000017688,,,,,,,,2026-03-23 09:19:14,,,N,,0.00000,0.00000,0.00000,0.00000,,,,,,,,,,,,,0
2009380,Загрузка ручная,,MN,,,user2349,,,2026-03-23 09:19:14,2026-03-23 09:19:14,,,,,,,,,,,N,,SHIPPING_DOC,EKS000017689,,,,,,,,2026-03-23 09:19:14,,,N,,0.00000,0.00000,0.00000,0.00000,,,,,,,,,,,,,0
2009381,Загрузка ручная,,MN,,,user2349,,,2026-03-23 09:19:14,2026-03-23 09:19:14,,,,,,,,,,,N,,SHIPPING_DOC,EKS000017690,,,,,,,,2026-03-23 09:19:14,,,N,,0.00000,0.00000,0.00000,0.00000,,,,,,,,,,,,,0
2009382,Загрузка ручная,,MN,,,user2349,,,2026-03-23 09:19:14,2026-03-23 09:19:14,,,,,,,,,,,N,,SHIPPING_DOC,EKS000017691,,,,,,,,2026-03-23 09:19:14,,,N,,0.00000,0.00000,0.00000,0.00000,,,,,,,,,,,,,0
2009383,Загрузка ручная,,MN,,,user2349,,,2026-03-23 09:19:14,2026-03-23 09:19:14,,,,,,,,,,,N,,SHIPPING_DOC,EKS000017692,,,,,,,,2026-03-23 09:19:14,,,N,,0.00000,0.00000,0.00000,0.00000,,,,,,,,,,,,,0
2009384,Загрузка ручная,,MN,,,user2349,,,2026-03-23 09:19:14,2026-03-23 09:19:14,,,,,,,,,,,N,,SHIPPING_DOC,EKS000017693,,,,,,,,2026-03-23 09:19:14,,,N,,0.00000,0.00000,0.00000,0.00000,,,,,,,,,,,,,0
2009385,Разгрузка механизмами,,MN,,,user2366,,,2026-03-23 09:22:37,2026-03-23 09:22:37,,,,,,,,,,,N,,RECEIPT_DOC,EKS000005727,,,,,,,,2026-03-23 09:22:37,,,N,,0.00000,0.00000,0.00000,0.00000,,,,,,,,,,,,,0
2009922,Загрузка механизмами,,MN,,,user2249,,,2026-03-24 07:19:51,2026-03-24 07:19:51,,,,,,,,,,,N,,SHIPPING_DOC,EKS000016623,,,,,,,,2026-03-24 07:19:51,,,N,,0.00000,0.00000,0.00000,0.00000,,,,,,,,,,,,,0
2009923,Загрузка механизмами,,MN,,,user2249,,,2026-03-24 07:19:51,2026-03-24 07:19:51,,,,,,,,,,,N,,SHIPPING_DOC,O00000001447,,,,,,,,2026-03-24 07:19:51,,,N,,0.00000,0.00000,0.00000,0.00000,,,,,,,,,,,,,0
2009924,Загрузка механизмами,,MN,,,user2249,,,2026-03-24 07:19:51,2026-03-24 07:19:51,,,,,,,,,,,N,,SHIPPING_DOC,EKS000017416,,,,,,,,2026-03-24 07:19:51,,,N,,0.00000,0.00000,0.00000,0.00000,,,,,,,,,,,,,0
2009925,Загрузка механизмами,,MN,,,user2249,,,2026-03-24 07:19:51,2026-03-24 07:19:51,,,,,,,,,,,N,,SHIPPING_DOC,EKS000017430,,,,,,,,2026-03-24 07:19:51,,,N,,0.00000,0.00000,0.00000,0.00000,,,,,,,,,,,,,0
2009926,Загрузка механизмами,,MN,,,user2249,,,2026-03-24 07:19:51,2026-03-24 07:19:51,,,,,,,,,,,N,,SHIPPING_DOC,EKS000017447,,,,,,,,2026-03-24 07:19:51,,,N,,0.00000,0.00000,0.00000,0.00000,,,,,,,,,,,,,0
2009927,Загрузка механизмами,,MN,,,user2249,,,2026-03-24 07:19:51,2026-03-24 07:19:51,,,,,,,,,,,N,,SHIPPING_DOC,EKS000017508,,,,,,,,2026-03-24 07:19:51,,,N,,0.00000,0.00000,0.00000,0.00000,,,,,,,,,,,,,0
2009928,Загрузка механизмами,,MN,,,user2249,,,2026-03-24 07:19:51,2026-03-24 07:19:51,,,,,,,,,,,N,,SHIPPING_DOC,EKS000017711,,,,,,,,2026-03-24 07:19:51,,,N,,0.00000,0.00000,0.00000,0.00000,,,,,,,,,,,,,0
2009929,Загрузка механизмами,,MN,,,user2249,,,2026-03-24 07:19:51,2026-03-24 07:19:51,,,,,,,,,,,N,,SHIPPING_DOC,EKS000017875,,,,,,,,2026-03-24 07:19:51,,,N,,0.00000,0.00000,0.00000,0.00000,,,,,,,,,,,,,0
2009930,Загрузка механизмами,,MN,,,user2249,,,2026-03-24 07:19:51,2026-03-24 07:19:51,,,,,,,,,,,N,,SHIPPING_DOC,EKS000017906,,,,,,,,2026-03-24 07:19:51,,,N,,0.00000,0.00000,0.00000,0.00000,,,,,,,,,,,,,0
2009931,Загрузка механизмами,,MN,,,user2249,,,2026-03-24 07:19:51,2026-03-24 07:19:51,,,,,,,,,,,N,,SHIPPING_DOC,EKS000017938,,,,,,,,2026-03-24 07:19:51,,,N,,0.00000,0.00000,0.00000,0.00000,,,,,,,,,,,,,0
2009932,Загрузка механизмами,,MN,,,user2249,,,2026-03-24 07:19:51,2026-03-24 07:19:51,,,,,,,,,,,N,,SHIPPING_DOC,EKS000017942,,,,,,,,2026-03-24 07:19:51,,,N,,0.00000,0.00000,0.00000,0.00000,,,,,,,,,,,,,0
2009933,Загрузка механизмами,,MN,,,user2249,,,2026-03-24 07:19:51,2026-03-24 07:19:51,,,,,,,,,,,N,,SHIPPING_DOC,EKS000017975,,,,,,,,2026-03-24 07:19:51,,,N,,0.00000,0.00000,0.00000,0.00000,,,,,,,,,,,,,0
2009934,Загрузка механизмами,,MN,,,user2249,,,2026-03-24 07:19:51,2026-03-24 07:19:51,,,,,,,,,,,N,,SHIPPING_DOC,EKS000018022,,,,,,,,2026-03-24 07:19:51,,,N,,0.00000,0.00000,0.00000,0.00000,,,,,,,,,,,,,0
2009935,Загрузка механизмами,,MN,,,user2249,,,2026-03-24 07:19:51,2026-03-24 07:19:51,,,,,,,,,,,N,,SHIPPING_DOC,EKS000018024,,,,,,,,2026-03-24 07:19:51,,,N,,0.00000,0.00000,0.00000,0.00000,,,,,,,,,,,,,0
2009936,Загрузка механизмами,,MN,,,user2249,,,2026-03-24 07:19:51,2026-03-24 07:19:51,,,,,,,,,,,N,,SHIPPING_DOC,EKS000018025,,,,,,,,2026-03-24 07:19:51,,,N,,0.00000,0.00000,0.00000,0.00000,,,,,,,,,,,,,0
2009937,Загрузка механизмами,,MN,,,user2249,,,2026-03-24 07:19:51,2026-03-24 07:19:51,,,,,,,,,,,N,,SHIPPING_DOC,EKS000018032,,,,,,,,2026-03-24 07:19:51,,,N,,0.00000,0.00000,0.00000,0.00000,,,,,,,,,,,,,0
2009938,Загрузка механизмами,,MN,,,user2249,,,2026-03-24 07:19:51,2026-03-24 07:19:51,,,,,,,,,,,N,,SHIPPING_DOC,EKS000018039,,,,,,,,2026-03-24 07:19:51,,,N,,0.00000,0.00000,0.00000,0.00000,,,,,,,,,,,,,0
2009939,Загрузка механизмами,,MN,,,user2249,,,2026-03-24 07:19:51,2026-03-24 07:19:51,,,,,,,,,,,N,,SHIPPING_DOC,EKS000018062,,,,,,,,2026-03-24 07:19:51,,,N,,0.00000,0.00000,0.00000,0.00000,,,,,,,,,,,,,0
2009940,Загрузка механизмами,,MN,,,user2249,,,2026-03-24 07:19:51,2026-03-24 07:19:51,,,,,,,,,,,N,,SHIPPING_DOC,EKS000018065,,,,,,,,2026-03-24 07:19:51,,,N,,0.00000,0.00000,0.00000,0.00000,,,,,,,,,,,,,0
2009941,Загрузка механизмами,,MN,,,user2249,,,2026-03-24 07:19:51,2026-03-24 07:19:51,,,,,,,,,,,N,,SHIPPING_DOC,EKS000018067,,,,,,,,2026-03-24 07:19:51,,,N,,0.00000,0.00000,0.00000,0.00000,,,,,,,,,,,,,0
2009942,Загрузка механизмами,,MN,,,user2249,,,2026-03-24 07:19:51,2026-03-24 07:19:51,,,,,,,,,,,N,,SHIPPING_DOC,EKS000018068,,,,,,,,2026-03-24 07:19:51,,,N,,0.00000,0.00000,0.00000,0.00000,,,,,,,,,,,,,0
2009943,Загрузка механизмами,,MN,,,user2249,,,2026-03-24 07:19:51,2026-03-24 07:19:51,,,,,,,,,,,N,,SHIPPING_DOC,EKS000018072,,,,,,,,2026-03-24 07:19:51,,,N,,0.00000,0.00000,0.00000,0.00000,,,,,,,,,,,,,0
2009944,Загрузка механизмами,,MN,,,user2249,,,2026-03-24 07:19:51,2026-03-24 07:19:51,,,,,,,,,,,N,,SHIPPING_DOC,EKS000018079,,,,,,,,2026-03-24 07:19:51,,,N,,0.00000,0.00000,0.00000,0.00000,,,,,,,,,,,,,0
2009945,Загрузка механизмами,,MN,,,user2249,,,2026-03-24 07:19:51,2026-03-24 07:19:51,,,,,,,,,,,N,,SHIPPING_DOC,EKS000018107,,,,,,,,2026-03-24 07:19:51,,,N,,0.00000,0.00000,0.00000,0.00000,,,,,,,,,,,,,0
2008751,Загрузка ручная,,MN,,,USER1319,,,2026-03-22 18:19:53,2026-03-22 18:19:53,,,,,,,,,,,N,,SHIPPING_DOC,EKS000017504,,,,,,,,2026-03-22 18:19:53,,,N,,0.00000,0.00000,0.00000,0.00000,,,,,,,,,,,,,0
2008752,Загрузка ручная,,MN,,,USER1319,,,2026-03-22 18:19:53,2026-03-22 18:19:53,,,,,,,,,,,N,,SHIPPING_DOC,EKS000017505,,,,,,,,2026-03-22 18:19:53,,,N,,0.00000,0.00000,0.00000,0.00000,,,,,,,,,,,,,0
2008753,Загрузка ручная,,MN,,,USER1319,,,2026-03-22 18:19:53,2026-03-22 18:19:53,,,,,,,,,,,N,,SHIPPING_DOC,EKS000017510,,,,,,,,2026-03-22 18:19:53,,,N,,0.00000,0.00000,0.00000,0.00000,,,,,,,,,,,,,0
2008754,Загрузка ручная,,MN,,,USER1319,,,2026-03-22 18:19:53,2026-03-22 18:19:53,,,,,,,,,,,N,,SHIPPING_DOC,EKS000017517,,,,,,,,2026-03-22 18:19:53,,,N,,0.00000,0.00000,0.00000,0.00000,,,,,,,,,,,,,0
2008755,Загрузка ручная,,MN,,,USER1319,,,2026-03-22 18:19:53,2026-03-22 18:19:53,,,,,,,,,,,N,,SHIPPING_DOC,EKS000017518,,,,,,,,2026-03-22 18:19:53,,,N,,0.00000,0.00000,0.00000,0.00000,,,,,,,,,,,,,0
2008756,Загрузка ручная,,MN,,,USER1319,,,2026-03-22 18:19:53,2026-03-22 18:19:53,,,,,,,,,,,N,,SHIPPING_DOC,EKS000017520,,,,,,,,2026-03-22 18:19:53,,,N,,0.00000,0.00000,0.00000,0.00000,,,,,,,,,,,,,0
2008757,Загрузка ручная,,MN,,,USER1319,,,2026-03-22 18:19:53,2026-03-22 18:19:53,,,,,,,,,,,N,,SHIPPING_DOC,EKS000017536,,,,,,,,2026-03-22 18:19:53,,,N,,0.00000,0.00000,0.00000,0.00000,,,,,,,,,,,,,0
2008758,Загрузка ручная,,MN,,,USER1319,,,2026-03-22 18:19:53,2026-03-22 18:19:53,,,,,,,,,,,N,,SHIPPING_DOC,EKS000017537,,,,,,,,2026-03-22 18:19:53,,,N,,0.00000,0.00000,0.00000,0.00000,,,,,,,,,,,,,0
2008759,Загрузка ручная,,MN,,,USER1319,,,2026-03-22 18:19:53,2026-03-22 18:19:53,,,,,,,,,,,N,,SHIPPING_DOC,EKS000017545,,,,,,,,2026-03-22 18:19:53,,,N,,0.00000,0.00000,0.00000,0.00000,,,,,,,,,,,,,0
2008760,Загрузка ручная,,MN,,,USER1319,,,2026-03-22 18:19:53,2026-03-22 18:19:53,,,,,,,,,,,N,,SHIPPING_DOC,EKS000017548,,,,,,,,2026-03-22 18:19:53,,,N,,0.00000,0.00000,0.00000,0.00000,,,,,,,,,,,,,0
2008761,Загрузка ручная,,MN,,,USER1319,,,2026-03-22 18:19:53,2026-03-22 18:19:53,,,,,,,,,,,N,,SHIPPING_DOC,EKS000017558,,,,,,,,2026-03-22 18:19:53,,,N,,0.00000,0.00000,0.00000,0.00000,,,,,,,,,,,,,0
2008762,Загрузка ручная,,MN,,,USER1319,,,2026-03-22 18:19:53,2026-03-22 18:19:53,,,,,,,,,,,N,,SHIPPING_DOC,EKS000017559,,,,,,,,2026-03-22 18:19:53,,,N,,0.00000,0.00000,0.00000,0.00000,,,,,,,,,,,,,0
2008763,Загрузка ручная,,MN,,,USER1319,,,2026-03-22 18:19:53,2026-03-22 18:19:53,,,,,,,,,,,N,,SHIPPING_DOC,EKS000017562,,,,,,,,2026-03-22 18:19:53,,,N,,0.00000,0.00000,0.00000,0.00000,,,,,,,,,,,,,0
2008764,Загрузка ручная,,MN,,,USER1319,,,2026-03-22 18:19:53,2026-03-22 18:19:53,,,,,,,,,,,N,,SHIPPING_DOC,EKS000017574,,,,,,,,2026-03-22 18:19:53,,,N,,0.00000,0.00000,0.00000,0.00000,,,,,,,,,,,,,0
2008765,Загрузка ручная,,MN,,,USER1319,,,2026-03-22 18:19:53,2026-03-22 18:19:53,,,,,,,,,,,N,,SHIPPING_DOC,EKS000017578,,,,,,,,2026-03-22 18:19:53,,,N,,0.00000,0.00000,0.00000,0.00000,,,,,,,,,,,,,0
2008766,Загрузка ручная,,MN,,,USER1319,,,2026-03-22 18:19:53,2026-03-22 18:19:53,,,,,,,,,,,N,,SHIPPING_DOC,EKS000017585,,,,,,,,2026-03-22 18:19:53,,,N,,0.00000,0.00000,0.00000,0.00000,,,,,,,,,,,,,0
2008767,Загрузка ручная,,MN,,,USER1319,,,2026-03-22 18:19:53,2026-03-22 18:19:53,,,,,,,,,,,N,,SHIPPING_DOC,EKS000017592,,,,,,,,2026-03-22 18:19:53,,,N,,0.00000,0.00000,0.00000,0.00000,,,,,,,,,,,,,0
2008768,Загрузка ручная,,MN,,,USER1319,,,2026-03-22 18:19:53,2026-03-22 18:19:53,,,,,,,,,,,N,,SHIPPING_DOC,EKS000017593,,,,,,,,2026-03-22 18:19:53,,,N,,0.00000,0.00000,0.00000,0.00000,,,,,,,,,,,,,0
2008769,Загрузка ручная,,MN,,,USER1319,,,2026-03-22 18:19:53,2026-03-22 18:19:53,,,,,,,,,,,N,,SHIPPING_DOC,EKS000017594,,,,,,,,2026-03-22 18:19:53,,,N,,0.00000,0.00000,0.00000,0.00000,,,,,,,,,,,,,0
2008770,Загрузка ручная,,MN,,,USER1319,,,2026-03-22 18:19:53,2026-03-22 18:19:53,,,,,,,,,,,N,,SHIPPING_DOC,EKS000017609,,,,,,,,2026-03-22 18:19:53,,,N,,0.00000,0.00000,0.00000,0.00000,,,,,,,,,,,,,0
2008771,Загрузка ручная,,MN,,,USER1319,,,2026-03-22 18:19:53,2026-03-22 18:19:53,,,,,,,,,,,N,,SHIPPING_DOC,EKS000017632,,,,,,,,2026-03-22 18:19:53,,,N,,0.00000,0.00000,0.00000,0.00000,,,,,,,,,,,,,0
2008772,Загрузка ручная,,MN,,,USER1319,,,2026-03-22 18:19:53,2026-03-22 18:19:53,,,,,,,,,,,N,,SHIPPING_DOC,EKS000017637,,,,,,,,2026-03-22 18:19:53,,,N,,0.00000,0.00000,0.00000,0.00000,,,,,,,,,,,,,0
2008773,Загрузка ручная,,MN,,,USER1319,,,2026-03-22 18:19:53,2026-03-22 18:19:53,,,,,,,,,,,N,,SHIPPING_DOC,EKS000017640,,,,,,,,2026-03-22 18:19:53,,,N,,0.00000,0.00000,0.00000,0.00000,,,,,,,,,,,,,0
2008774,Загрузка ручная,,MN,,,USER1319,,,2026-03-22 18:19:53,2026-03-22 18:19:53,,,,,,,,,,,N,,SHIPPING_DOC,EKS000017641,,,,,,,,2026-03-22 18:19:53,,,N,,0.00000,0.00000,0.00000,0.00000,,,,,,,,,,,,,0
2008775,Загрузка ручная,,MN,,,USER1319,,,2026-03-22 18:19:53,2026-03-22 18:19:53,,,,,,,,,,,N,,SHIPPING_DOC,EKS000017651,,,,,,,,2026-03-22 18:19:53,,,N,,0.00000,0.00000,0.00000,0.00000,,,,,,,,,,,,,0
2008776,Загрузка ручная,,MN,,,USER1319,,,2026-03-22 18:19:53,2026-03-22 18:19:53,,,,,,,,,,,N,,SHIPPING_DOC,EKS000017663,,,,,,,,2026-03-22 18:19:53,,,N,,0.00000,0.00000,0.00000,0.00000,,,,,,,,,,,,,0
2009386,Разгрузка ручная,,MN,,,user2366,,,2026-03-23 09:22:37,2026-03-23 09:22:37,,,,,,,,,,,N,,RECEIPT_DOC,EKS000005727,,,,,,,,2026-03-23 09:22:37,,,N,,0.00000,0.00000,0.00000,0.00000,,,,,,,,,,,,,0
2009387,Загрузка механизмами,,MN,,,USER2358,,,2026-03-23 09:25:36,2026-03-23 09:25:36,,,,,,,,,,,N,,SHIPPING_DOC,EKS000017728,,,,,,,,2026-03-23 09:25:36,,,N,,0.00000,0.00000,0.00000,0.00000,,,,,,,,,,,,,0
2009388,Загрузка механизмами,,MN,,,USER2358,,,2026-03-23 09:25:36,2026-03-23 09:25:36,,,,,,,,,,,N,,SHIPPING_DOC,EKS000017731,,,,,,,,2026-03-23 09:25:36,,,N,,0.00000,0.00000,0.00000,0.00000,,,,,,,,,,,,,0
2009389,Загрузка механизмами,,MN,,,USER2358,,,2026-03-23 09:25:36,2026-03-23 09:25:36,,,,,,,,,,,N,,SHIPPING_DOC,EKS000017753,,,,,,,,2026-03-23 09:25:36,,,N,,0.00000,0.00000,0.00000,0.00000,,,,,,,,,,,,,0
2009390,Загрузка механизмами,,MN,,,USER2358,,,2026-03-23 09:25:36,2026-03-23 09:25:36,,,,,,,,,,,N,,SHIPPING_DOC,EKS000017761,,,,,,,,2026-03-23 09:25:36,,,N,,0.00000,0.00000,0.00000,0.00000,,,,,,,,,,,,,0
2009391,Загрузка ручная,,MN,,,USER2358,,,2026-03-23 09:25:36,2026-03-23 09:25:36,,,,,,,,,,,N,,SHIPPING_DOC,EKS000017728,,,,,,,,2026-03-23 09:25:36,,,N,,0.00000,0.00000,0.00000,0.00000,,,,,,,,,,,,,0
2009392,Загрузка ручная,,MN,,,USER2358,,,2026-03-23 09:25:36,2026-03-23 09:25:36,,,,,,,,,,,N,,SHIPPING_DOC,EKS000017731,,,,,,,,2026-03-23 09:25:36,,,N,,0.00000,0.00000,0.00000,0.00000,,,,,,,,,,,,,0
2009393,Загрузка ручная,,MN,,,USER2358,,,2026-03-23 09:25:36,2026-03-23 09:25:36,,,,,,,,,,,N,,SHIPPING_DOC,EKS000017753,,,,,,,,2026-03-23 09:25:36,,,N,,0.00000,0.00000,0.00000,0.00000,,,,,,,,,,,,,0
2009394,Загрузка ручная,,MN,,,USER2358,,,2026-03-23 09:25:36,2026-03-23 09:25:36,,,,,,,,,,,N,,SHIPPING_DOC,EKS000017761,,,,,,,,2026-03-23 09:25:36,,,N,,0.00000,0.00000,0.00000,0.00000,,,,,,,,,,,,,0
2009395,Загрузка механизмами,,MN,,,e.ulishchenko,,,2026-03-23 09:29:00,2026-03-23 09:29:00,,,,,,,,,,,N,,SHIPPING_DOC,EKS000016940,,,,,,,,2026-03-23 09:29:00,,,N,,0.00000,0.00000,0.00000,0.00000,,,,,,,,,,,,,0
2009396,Загрузка ручная,,MN,,,e.ulishchenko,,,2026-03-23 09:29:00,2026-03-23 09:29:00,,,,,,,,,,,N,,SHIPPING_DOC,EKS000016940,,,,,,,,2026-03-23 09:29:00,,,N,,0.00000,0.00000,0.00000,0.00000,,,,,,,,,,,,,0
2009397,Загрузка механизмами,,MN,,,USER2358,,,2026-03-23 09:34:51,2026-03-23 09:34:51,,,,,,,,,,,N,,SHIPPING_DOC,O00000001463,,,,,,,,2026-03-23 09:34:51,,,N,,0.00000,0.00000,0.00000,0.00000,,,,,,,,,,,,,0
2009398,Загрузка ручная,,MN,,,USER2358,,,2026-03-23 09:34:51,2026-03-23 09:34:51,,,,,,,,,,,N,,SHIPPING_DOC,O00000001463,,,,,,,,2026-03-23 09:34:51,,,N,,0.00000,0.00000,0.00000,0.00000,,,,,,,,,,,,,0
2009399,Загрузка механизмами,,MN,,,e.ulishchenko,,,2026-03-23 09:35:16,2026-03-23 09:35:16,,,,,,,,,,,N,,SHIPPING_DOC,EKS000017820,,,,,,,,2026-03-23 09:35:16,,,N,,0.00000,0.00000,0.00000,0.00000,,,,,,,,,,,,,0
2009400,Загрузка ручная,,MN,,,e.ulishchenko,,,2026-03-23 09:35:16,2026-03-23 09:35:16,,,,,,,,,,,N,,SHIPPING_DOC,EKS000017820,,,,,,,,2026-03-23 09:35:16,,,N,,0.00000,0.00000,0.00000,0.00000,,,,,,,,,,,,,0
2009401,Загрузка механизмами,,MN,,,user2334,,,2026-03-23 09:35:37,2026-03-23 09:35:37,,,,,,,,,,,N,,SHIPPING_DOC,EKS000017704,,,,,,,,2026-03-23 09:35:37,,,N,,0.00000,0.00000,0.00000,0.00000,,,,,,,,,,,,,0
2009402,Загрузка механизмами,,MN,,,user2334,,,2026-03-23 09:35:37,2026-03-23 09:35:37,,,,,,,,,,,N,,SHIPPING_DOC,EKS000017877,,,,,,,,2026-03-23 09:35:37,,,N,,0.00000,0.00000,0.00000,0.00000,,,,,,,,,,,,,0
2009403,Загрузка ручная,,MN,,,user2334,,,2026-03-23 09:35:37,2026-03-23 09:35:37,,,,,,,,,,,N,,SHIPPING_DOC,EKS000017704,,,,,,,,2026-03-23 09:35:37,,,N,,0.00000,0.00000,0.00000,0.00000,,,,,,,,,,,,,0
2009404,Загрузка ручная,,MN,,,user2334,,,2026-03-23 09:35:37,2026-03-23 09:35:37,,,,,,,,,,,N,,SHIPPING_DOC,EKS000017877,,,,,,,,2026-03-23 09:35:37,,,N,,0.00000,0.00000,0.00000,0.00000,,,,,,,,,,,,,0
2009405,Загрузка механизмами,,MN,,,user2349,,,2026-03-23 09:41:44,2026-03-23 09:41:44,,,,,,,,,,,N,,SHIPPING_DOC,EKS000016278,,,,,,,,2026-03-23 09:41:44,,,N,,0.00000,0.00000,0.00000,0.00000,,,,,,,,,,,,,0
2009406,Загрузка механизмами,,MN,,,user2349,,,2026-03-23 09:41:44,2026-03-23 09:41:44,,,,,,,,,,,N,,SHIPPING_DOC,EKS000016343,,,,,,,,2026-03-23 09:41:44,,,N,,0.00000,0.00000,0.00000,0.00000,,,,,,,,,,,,,0
2009407,Загрузка механизмами,,MN,,,user2349,,,2026-03-23 09:41:44,2026-03-23 09:41:44,,,,,,,,,,,N,,SHIPPING_DOC,EKS000016359,,,,,,,,2026-03-23 09:41:44,,,N,,0.00000,0.00000,0.00000,0.00000,,,,,,,,,,,,,0
2009408,Загрузка механизмами,,MN,,,user2349,,,2026-03-23 09:41:44,2026-03-23 09:41:44,,,,,,,,,,,N,,SHIPPING_DOC,EKS000017613,,,,,,,,2026-03-23 09:41:44,,,N,,0.00000,0.00000,0.00000,0.00000,,,,,,,,,,,,,0
2009409,Загрузка механизмами,,MN,,,user2349,,,2026-03-23 09:41:44,2026-03-23 09:41:44,,,,,,,,,,,N,,SHIPPING_DOC,EKS000017614,,,,,,,,2026-03-23 09:41:44,,,N,,0.00000,0.00000,0.00000,0.00000,,,,,,,,,,,,,0
2009410,Загрузка механизмами,,MN,,,user2349,,,2026-03-23 09:41:44,2026-03-23 09:41:44,,,,,,,,,,,N,,SHIPPING_DOC,EKS000017615,,,,,,,,2026-03-23 09:41:44,,,N,,0.00000,0.00000,0.00000,0.00000,,,,,,,,,,,,,0
2009411,Загрузка механизмами,,MN,,,user2349,,,2026-03-23 09:41:44,2026-03-23 09:41:44,,,,,,,,,,,N,,SHIPPING_DOC,EKS000017616,,,,,,,,2026-03-23 09:41:44,,,N,,0.00000,0.00000,0.00000,0.00000,,,,,,,,,,,,,0
2009946,Загрузка механизмами,,MN,,,user2249,,,2026-03-24 07:19:51,2026-03-24 07:19:51,,,,,,,,,,,N,,SHIPPING_DOC,EKS000018117,,,,,,,,2026-03-24 07:19:51,,,N,,0.00000,0.00000,0.00000,0.00000,,,,,,,,,,,,,0
2009947,Загрузка механизмами,,MN,,,user2249,,,2026-03-24 07:19:51,2026-03-24 07:19:51,,,,,,,,,,,N,,SHIPPING_DOC,EKS000018121,,,,,,,,2026-03-24 07:19:51,,,N,,0.00000,0.00000,0.00000,0.00000,,,,,,,,,,,,,0
2009948,Загрузка механизмами,,MN,,,user2249,,,2026-03-24 07:19:51,2026-03-24 07:19:51,,,,,,,,,,,N,,SHIPPING_DOC,EKS000018144,,,,,,,,2026-03-24 07:19:51,,,N,,0.00000,0.00000,0.00000,0.00000,,,,,,,,,,,,,0
2009949,Загрузка механизмами,,MN,,,user2249,,,2026-03-24 07:19:51,2026-03-24 07:19:51,,,,,,,,,,,N,,SHIPPING_DOC,EKS000018145,,,,,,,,2026-03-24 07:19:51,,,N,,0.00000,0.00000,0.00000,0.00000,,,,,,,,,,,,,0
2009950,Загрузка механизмами,,MN,,,user2249,,,2026-03-24 07:19:51,2026-03-24 07:19:51,,,,,,,,,,,N,,SHIPPING_DOC,EKS000018159,,,,,,,,2026-03-24 07:19:51,,,N,,0.00000,0.00000,0.00000,0.00000,,,,,,,,,,,,,0
2009951,Загрузка механизмами,,MN,,,user2249,,,2026-03-24 07:19:51,2026-03-24 07:19:51,,,,,,,,,,,N,,SHIPPING_DOC,EKS000018173,,,,,,,,2026-03-24 07:19:51,,,N,,0.00000,0.00000,0.00000,0.00000,,,,,,,,,,,,,0
2009952,Загрузка ручная,,MN,,,user2249,,,2026-03-24 07:19:51,2026-03-24 07:19:51,,,,,,,,,,,N,,SHIPPING_DOC,EKS000015305,,,,,,,,2026-03-24 07:19:51,,,N,,0.00000,0.00000,0.00000,0.00000,,,,,,,,,,,,,0
2009953,Загрузка ручная,,MN,,,user2249,,,2026-03-24 07:19:51,2026-03-24 07:19:51,,,,,,,,,,,N,,SHIPPING_DOC,EKS000016333,,,,,,,,2026-03-24 07:19:51,,,N,,0.00000,0.00000,0.00000,0.00000,,,,,,,,,,,,,0
2009954,Загрузка ручная,,MN,,,user2249,,,2026-03-24 07:19:51,2026-03-24 07:19:51,,,,,,,,,,,N,,SHIPPING_DOC,EKS000016622,,,,,,,,2026-03-24 07:19:51,,,N,,0.00000,0.00000,0.00000,0.00000,,,,,,,,,,,,,0
2009955,Загрузка ручная,,MN,,,user2249,,,2026-03-24 07:19:51,2026-03-24 07:19:51,,,,,,,,,,,N,,SHIPPING_DOC,EKS000016623,,,,,,,,2026-03-24 07:19:51,,,N,,0.00000,0.00000,0.00000,0.00000,,,,,,,,,,,,,0
2009956,Загрузка ручная,,MN,,,user2249,,,2026-03-24 07:19:51,2026-03-24 07:19:51,,,,,,,,,,,N,,SHIPPING_DOC,O00000001447,,,,,,,,2026-03-24 07:19:51,,,N,,0.00000,0.00000,0.00000,0.00000,,,,,,,,,,,,,0
2009957,Загрузка ручная,,MN,,,user2249,,,2026-03-24 07:19:51,2026-03-24 07:19:51,,,,,,,,,,,N,,SHIPPING_DOC,EKS000017416,,,,,,,,2026-03-24 07:19:51,,,N,,0.00000,0.00000,0.00000,0.00000,,,,,,,,,,,,,0
2009958,Загрузка ручная,,MN,,,user2249,,,2026-03-24 07:19:51,2026-03-24 07:19:51,,,,,,,,,,,N,,SHIPPING_DOC,EKS000017430,,,,,,,,2026-03-24 07:19:51,,,N,,0.00000,0.00000,0.00000,0.00000,,,,,,,,,,,,,0
2009959,Загрузка ручная,,MN,,,user2249,,,2026-03-24 07:19:51,2026-03-24 07:19:51,,,,,,,,,,,N,,SHIPPING_DOC,EKS000017447,,,,,,,,2026-03-24 07:19:51,,,N,,0.00000,0.00000,0.00000,0.00000,,,,,,,,,,,,,0
2009960,Загрузка ручная,,MN,,,user2249,,,2026-03-24 07:19:51,2026-03-24 07:19:51,,,,,,,,,,,N,,SHIPPING_DOC,EKS000017508,,,,,,,,2026-03-24 07:19:51,,,N,,0.00000,0.00000,0.00000,0.00000,,,,,,,,,,,,,0
2009961,Загрузка ручная,,MN,,,user2249,,,2026-03-24 07:19:51,2026-03-24 07:19:51,,,,,,,,,,,N,,SHIPPING_DOC,EKS000017711,,,,,,,,2026-03-24 07:19:51,,,N,,0.00000,0.00000,0.00000,0.00000,,,,,,,,,,,,,0
2009962,Загрузка ручная,,MN,,,user2249,,,2026-03-24 07:19:51,2026-03-24 07:19:51,,,,,,,,,,,N,,SHIPPING_DOC,EKS000017875,,,,,,,,2026-03-24 07:19:51,,,N,,0.00000,0.00000,0.00000,0.00000,,,,,,,,,,,,,0
2009963,Загрузка ручная,,MN,,,user2249,,,2026-03-24 07:19:51,2026-03-24 07:19:51,,,,,,,,,,,N,,SHIPPING_DOC,EKS000017906,,,,,,,,2026-03-24 07:19:51,,,N,,0.00000,0.00000,0.00000,0.00000,,,,,,,,,,,,,0
2009964,Загрузка ручная,,MN,,,user2249,,,2026-03-24 07:19:51,2026-03-24 07:19:51,,,,,,,,,,,N,,SHIPPING_DOC,EKS000017938,,,,,,,,2026-03-24 07:19:51,,,N,,0.00000,0.00000,0.00000,0.00000,,,,,,,,,,,,,0
2009965,Загрузка ручная,,MN,,,user2249,,,2026-03-24 07:19:51,2026-03-24 07:19:51,,,,,,,,,,,N,,SHIPPING_DOC,EKS000017942,,,,,,,,2026-03-24 07:19:51,,,N,,0.00000,0.00000,0.00000,0.00000,,,,,,,,,,,,,0
2009966,Загрузка ручная,,MN,,,user2249,,,2026-03-24 07:19:51,2026-03-24 07:19:51,,,,,,,,,,,N,,SHIPPING_DOC,EKS000017975,,,,,,,,2026-03-24 07:19:51,,,N,,0.00000,0.00000,0.00000,0.00000,,,,,,,,,,,,,0
2009967,Загрузка ручная,,MN,,,user2249,,,2026-03-24 07:19:51,2026-03-24 07:19:51,,,,,,,,,,,N,,SHIPPING_DOC,EKS000018022,,,,,,,,2026-03-24 07:19:51,,,N,,0.00000,0.00000,0.00000,0.00000,,,,,,,,,,,,,0
2009968,Загрузка ручная,,MN,,,user2249,,,2026-03-24 07:19:51,2026-03-24 07:19:51,,,,,,,,,,,N,,SHIPPING_DOC,EKS000018024,,,,,,,,2026-03-24 07:19:51,,,N,,0.00000,0.00000,0.00000,0.00000,,,,,,,,,,,,,0
2009969,Загрузка ручная,,MN,,,user2249,,,2026-03-24 07:19:51,2026-03-24 07:19:51,,,,,,,,,,,N,,SHIPPING_DOC,EKS000018025,,,,,,,,2026-03-24 07:19:51,,,N,,0.00000,0.00000,0.00000,0.00000,,,,,,,,,,,,,0
2009970,Загрузка ручная,,MN,,,user2249,,,2026-03-24 07:19:51,2026-03-24 07:19:51,,,,,,,,,,,N,,SHIPPING_DOC,EKS000018032,,,,,,,,2026-03-24 07:19:51,,,N,,0.00000,0.00000,0.00000,0.00000,,,,,,,,,,,,,0
2009971,Загрузка ручная,,MN,,,user2249,,,2026-03-24 07:19:51,2026-03-24 07:19:51,,,,,,,,,,,N,,SHIPPING_DOC,EKS000018039,,,,,,,,2026-03-24 07:19:51,,,N,,0.00000,0.00000,0.00000,0.00000,,,,,,,,,,,,,0
2008777,Загрузка ручная,,MN,,,USER1319,,,2026-03-22 18:19:53,2026-03-22 18:19:53,,,,,,,,,,,N,,SHIPPING_DOC,EKS000017673,,,,,,,,2026-03-22 18:19:53,,,N,,0.00000,0.00000,0.00000,0.00000,,,,,,,,,,,,,0
2008778,Загрузка ручная,,MN,,,USER1319,,,2026-03-22 18:19:53,2026-03-22 18:19:53,,,,,,,,,,,N,,SHIPPING_DOC,TR-20.03.2026-203,,,,,,,,2026-03-22 18:19:53,,,N,,0.00000,0.00000,0.00000,0.00000,,,,,,,,,,,,,0
2008779,Загрузка ручная,,MN,,,USER1319,,,2026-03-22 18:19:53,2026-03-22 18:19:53,,,,,,,,,,,N,,SHIPPING_DOC,EKS000017676,,,,,,,,2026-03-22 18:19:53,,,N,,0.00000,0.00000,0.00000,0.00000,,,,,,,,,,,,,0
2008780,Загрузка ручная,,MN,,,USER1319,,,2026-03-22 18:19:53,2026-03-22 18:19:53,,,,,,,,,,,N,,SHIPPING_DOC,EKS000017701,,,,,,,,2026-03-22 18:19:53,,,N,,0.00000,0.00000,0.00000,0.00000,,,,,,,,,,,,,0
2008781,Загрузка ручная,,MN,,,USER1319,,,2026-03-22 18:19:53,2026-03-22 18:19:53,,,,,,,,,,,N,,SHIPPING_DOC,EKS000017702,,,,,,,,2026-03-22 18:19:53,,,N,,0.00000,0.00000,0.00000,0.00000,,,,,,,,,,,,,0
2008782,Загрузка ручная,,MN,,,USER1319,,,2026-03-22 18:19:53,2026-03-22 18:19:53,,,,,,,,,,,N,,SHIPPING_DOC,EKS000017706,,,,,,,,2026-03-22 18:19:53,,,N,,0.00000,0.00000,0.00000,0.00000,,,,,,,,,,,,,0
2008783,Загрузка ручная,,MN,,,USER1319,,,2026-03-22 18:19:53,2026-03-22 18:19:53,,,,,,,,,,,N,,SHIPPING_DOC,EKS000017709,,,,,,,,2026-03-22 18:19:53,,,N,,0.00000,0.00000,0.00000,0.00000,,,,,,,,,,,,,0
2008784,Загрузка ручная,,MN,,,USER1319,,,2026-03-22 18:19:53,2026-03-22 18:19:53,,,,,,,,,,,N,,SHIPPING_DOC,EKS000017712,,,,,,,,2026-03-22 18:19:53,,,N,,0.00000,0.00000,0.00000,0.00000,,,,,,,,,,,,,0
2008785,Загрузка ручная,,MN,,,USER1319,,,2026-03-22 18:19:53,2026-03-22 18:19:53,,,,,,,,,,,N,,SHIPPING_DOC,EKS000017726,,,,,,,,2026-03-22 18:19:53,,,N,,0.00000,0.00000,0.00000,0.00000,,,,,,,,,,,,,0
2008786,Загрузка ручная,,MN,,,USER1319,,,2026-03-22 18:19:53,2026-03-22 18:19:53,,,,,,,,,,,N,,SHIPPING_DOC,TR-20.03.2026-204,,,,,,,,2026-03-22 18:19:53,,,N,,0.00000,0.00000,0.00000,0.00000,,,,,,,,,,,,,0
2008787,Загрузка ручная,,MN,,,USER1319,,,2026-03-22 18:19:53,2026-03-22 18:19:53,,,,,,,,,,,N,,SHIPPING_DOC,EKS000017736,,,,,,,,2026-03-22 18:19:53,,,N,,0.00000,0.00000,0.00000,0.00000,,,,,,,,,,,,,0
2008788,Загрузка ручная,,MN,,,USER1319,,,2026-03-22 18:19:53,2026-03-22 18:19:53,,,,,,,,,,,N,,SHIPPING_DOC,EKS000017737,,,,,,,,2026-03-22 18:19:53,,,N,,0.00000,0.00000,0.00000,0.00000,,,,,,,,,,,,,0
2008789,Загрузка ручная,,MN,,,USER1319,,,2026-03-22 18:19:53,2026-03-22 18:19:53,,,,,,,,,,,N,,SHIPPING_DOC,EKS000017738,,,,,,,,2026-03-22 18:19:53,,,N,,0.00000,0.00000,0.00000,0.00000,,,,,,,,,,,,,0
2008790,Загрузка ручная,,MN,,,USER1319,,,2026-03-22 18:19:53,2026-03-22 18:19:53,,,,,,,,,,,N,,SHIPPING_DOC,EKS000017739,,,,,,,,2026-03-22 18:19:53,,,N,,0.00000,0.00000,0.00000,0.00000,,,,,,,,,,,,,0
2008791,Загрузка ручная,,MN,,,USER1319,,,2026-03-22 18:19:53,2026-03-22 18:19:53,,,,,,,,,,,N,,SHIPPING_DOC,EKS000017741,,,,,,,,2026-03-22 18:19:53,,,N,,0.00000,0.00000,0.00000,0.00000,,,,,,,,,,,,,0
2008792,Загрузка ручная,,MN,,,USER1319,,,2026-03-22 18:19:53,2026-03-22 18:19:53,,,,,,,,,,,N,,SHIPPING_DOC,EKS000017742,,,,,,,,2026-03-22 18:19:53,,,N,,0.00000,0.00000,0.00000,0.00000,,,,,,,,,,,,,0
2008793,Загрузка ручная,,MN,,,USER1319,,,2026-03-22 18:19:53,2026-03-22 18:19:53,,,,,,,,,,,N,,SHIPPING_DOC,EKS000017743,,,,,,,,2026-03-22 18:19:53,,,N,,0.00000,0.00000,0.00000,0.00000,,,,,,,,,,,,,0
2008794,Загрузка ручная,,MN,,,USER1319,,,2026-03-22 18:19:53,2026-03-22 18:19:53,,,,,,,,,,,N,,SHIPPING_DOC,EKS000017744,,,,,,,,2026-03-22 18:19:53,,,N,,0.00000,0.00000,0.00000,0.00000,,,,,,,,,,,,,0
2008795,Загрузка ручная,,MN,,,USER1319,,,2026-03-22 18:19:53,2026-03-22 18:19:53,,,,,,,,,,,N,,SHIPPING_DOC,EKS000017747,,,,,,,,2026-03-22 18:19:53,,,N,,0.00000,0.00000,0.00000,0.00000,,,,,,,,,,,,,0
2008796,Загрузка ручная,,MN,,,USER1319,,,2026-03-22 18:19:53,2026-03-22 18:19:53,,,,,,,,,,,N,,SHIPPING_DOC,EKS000017754,,,,,,,,2026-03-22 18:19:53,,,N,,0.00000,0.00000,0.00000,0.00000,,,,,,,,,,,,,0
2008797,Загрузка ручная,,MN,,,USER1319,,,2026-03-22 18:19:53,2026-03-22 18:19:53,,,,,,,,,,,N,,SHIPPING_DOC,EKS000017777,,,,,,,,2026-03-22 18:19:53,,,N,,0.00000,0.00000,0.00000,0.00000,,,,,,,,,,,,,0
2008798,Загрузка ручная,,MN,,,USER1319,,,2026-03-22 18:19:53,2026-03-22 18:19:53,,,,,,,,,,,N,,SHIPPING_DOC,EKS000017812,,,,,,,,2026-03-22 18:19:53,,,N,,0.00000,0.00000,0.00000,0.00000,,,,,,,,,,,,,0
2008799,Загрузка ручная,,MN,,,USER1319,,,2026-03-22 18:19:53,2026-03-22 18:19:53,,,,,,,,,,,N,,SHIPPING_DOC,EKS000017813,,,,,,,,2026-03-22 18:19:53,,,N,,0.00000,0.00000,0.00000,0.00000,,,,,,,,,,,,,0
2008800,Загрузка ручная,,MN,,,USER1319,,,2026-03-22 18:19:53,2026-03-22 18:19:53,,,,,,,,,,,N,,SHIPPING_DOC,EKS000017816,,,,,,,,2026-03-22 18:19:53,,,N,,0.00000,0.00000,0.00000,0.00000,,,,,,,,,,,,,0
2008801,Загрузка ручная,,MN,,,USER1319,,,2026-03-22 18:19:53,2026-03-22 18:19:53,,,,,,,,,,,N,,SHIPPING_DOC,EKS000017835,,,,,,,,2026-03-22 18:19:53,,,N,,0.00000,0.00000,0.00000,0.00000,,,,,,,,,,,,,0
2008802,Загрузка ручная,,MN,,,USER1319,,,2026-03-22 18:19:53,2026-03-22 18:19:53,,,,,,,,,,,N,,SHIPPING_DOC,EKS000017838,,,,,,,,2026-03-22 18:19:53,,,N,,0.00000,0.00000,0.00000,0.00000,,,,,,,,,,,,,0
2009412,Загрузка механизмами,,MN,,,user2349,,,2026-03-23 09:41:44,2026-03-23 09:41:44,,,,,,,,,,,N,,SHIPPING_DOC,EKS000017617,,,,,,,,2026-03-23 09:41:44,,,N,,0.00000,0.00000,0.00000,0.00000,,,,,,,,,,,,,0
2009413,Загрузка механизмами,,MN,,,user2349,,,2026-03-23 09:41:44,2026-03-23 09:41:44,,,,,,,,,,,N,,SHIPPING_DOC,EKS000017622,,,,,,,,2026-03-23 09:41:44,,,N,,0.00000,0.00000,0.00000,0.00000,,,,,,,,,,,,,0
2009414,Загрузка механизмами,,MN,,,user2349,,,2026-03-23 09:41:44,2026-03-23 09:41:44,,,,,,,,,,,N,,SHIPPING_DOC,EKS000017623,,,,,,,,2026-03-23 09:41:44,,,N,,0.00000,0.00000,0.00000,0.00000,,,,,,,,,,,,,0
2009415,Загрузка механизмами,,MN,,,user2349,,,2026-03-23 09:41:44,2026-03-23 09:41:44,,,,,,,,,,,N,,SHIPPING_DOC,EKS000017697,,,,,,,,2026-03-23 09:41:44,,,N,,0.00000,0.00000,0.00000,0.00000,,,,,,,,,,,,,0
2009416,Загрузка ручная,,MN,,,user2349,,,2026-03-23 09:41:44,2026-03-23 09:41:44,,,,,,,,,,,N,,SHIPPING_DOC,EKS000016278,,,,,,,,2026-03-23 09:41:44,,,N,,0.00000,0.00000,0.00000,0.00000,,,,,,,,,,,,,0
2009417,Загрузка ручная,,MN,,,user2349,,,2026-03-23 09:41:44,2026-03-23 09:41:44,,,,,,,,,,,N,,SHIPPING_DOC,EKS000016343,,,,,,,,2026-03-23 09:41:44,,,N,,0.00000,0.00000,0.00000,0.00000,,,,,,,,,,,,,0
2009418,Загрузка ручная,,MN,,,user2349,,,2026-03-23 09:41:44,2026-03-23 09:41:44,,,,,,,,,,,N,,SHIPPING_DOC,EKS000016359,,,,,,,,2026-03-23 09:41:44,,,N,,0.00000,0.00000,0.00000,0.00000,,,,,,,,,,,,,0
2009419,Загрузка ручная,,MN,,,user2349,,,2026-03-23 09:41:44,2026-03-23 09:41:44,,,,,,,,,,,N,,SHIPPING_DOC,EKS000017613,,,,,,,,2026-03-23 09:41:44,,,N,,0.00000,0.00000,0.00000,0.00000,,,,,,,,,,,,,0
2009420,Загрузка ручная,,MN,,,user2349,,,2026-03-23 09:41:44,2026-03-23 09:41:44,,,,,,,,,,,N,,SHIPPING_DOC,EKS000017614,,,,,,,,2026-03-23 09:41:44,,,N,,0.00000,0.00000,0.00000,0.00000,,,,,,,,,,,,,0
2009421,Загрузка ручная,,MN,,,user2349,,,2026-03-23 09:41:44,2026-03-23 09:41:44,,,,,,,,,,,N,,SHIPPING_DOC,EKS000017615,,,,,,,,2026-03-23 09:41:44,,,N,,0.00000,0.00000,0.00000,0.00000,,,,,,,,,,,,,0
2009422,Загрузка ручная,,MN,,,user2349,,,2026-03-23 09:41:44,2026-03-23 09:41:44,,,,,,,,,,,N,,SHIPPING_DOC,EKS000017616,,,,,,,,2026-03-23 09:41:44,,,N,,0.00000,0.00000,0.00000,0.00000,,,,,,,,,,,,,0
2009423,Загрузка ручная,,MN,,,user2349,,,2026-03-23 09:41:44,2026-03-23 09:41:44,,,,,,,,,,,N,,SHIPPING_DOC,EKS000017617,,,,,,,,2026-03-23 09:41:44,,,N,,0.00000,0.00000,0.00000,0.00000,,,,,,,,,,,,,0
2009424,Загрузка ручная,,MN,,,user2349,,,2026-03-23 09:41:44,2026-03-23 09:41:44,,,,,,,,,,,N,,SHIPPING_DOC,EKS000017622,,,,,,,,2026-03-23 09:41:44,,,N,,0.00000,0.00000,0.00000,0.00000,,,,,,,,,,,,,0
2009425,Загрузка ручная,,MN,,,user2349,,,2026-03-23 09:41:44,2026-03-23 09:41:44,,,,,,,,,,,N,,SHIPPING_DOC,EKS000017623,,,,,,,,2026-03-23 09:41:44,,,N,,0.00000,0.00000,0.00000,0.00000,,,,,,,,,,,,,0
2009426,Загрузка ручная,,MN,,,user2349,,,2026-03-23 09:41:44,2026-03-23 09:41:44,,,,,,,,,,,N,,SHIPPING_DOC,EKS000017697,,,,,,,,2026-03-23 09:41:44,,,N,,0.00000,0.00000,0.00000,0.00000,,,,,,,,,,,,,0
2009427,Загрузка механизмами,,MN,,,USER2358,,,2026-03-23 09:48:36,2026-03-23 09:48:36,,,,,,,,,,,N,,SHIPPING_DOC,EKS000017595,,,,,,,,2026-03-23 09:48:36,,,N,,0.00000,0.00000,0.00000,0.00000,,,,,,,,,,,,,0
2009428,Загрузка ручная,,MN,,,USER2358,,,2026-03-23 09:48:36,2026-03-23 09:48:36,,,,,,,,,,,N,,SHIPPING_DOC,EKS000017595,,,,,,,,2026-03-23 09:48:36,,,N,,0.00000,0.00000,0.00000,0.00000,,,,,,,,,,,,,0
2009429,Разгрузка механизмами,,MN,,,USER3125,,,2026-03-23 09:49:42,2026-03-23 09:49:42,,,,,,,,,,,N,,RECEIPT_DOC,O00000001480,,,,,,,,2026-03-23 09:49:42,,,N,,0.00000,0.00000,0.00000,0.00000,,,,,,,,,,,,,0
2009430,Разгрузка ручная,,MN,,,USER3125,,,2026-03-23 09:49:42,2026-03-23 09:49:42,,,,,,,,,,,N,,RECEIPT_DOC,O00000001480,,,,,,,,2026-03-23 09:49:42,,,N,,0.00000,0.00000,0.00000,0.00000,,,,,,,,,,,,,0
2009431,Загрузка механизмами,,MN,,,USER2358,,,2026-03-23 09:56:54,2026-03-23 09:56:54,,,,,,,,,,,N,,SHIPPING_DOC,EKS000017633,,,,,,,,2026-03-23 09:56:54,,,N,,0.00000,0.00000,0.00000,0.00000,,,,,,,,,,,,,0
2009432,Загрузка ручная,,MN,,,USER2358,,,2026-03-23 09:56:54,2026-03-23 09:56:54,,,,,,,,,,,N,,SHIPPING_DOC,EKS000017633,,,,,,,,2026-03-23 09:56:54,,,N,,0.00000,0.00000,0.00000,0.00000,,,,,,,,,,,,,0
2009433,Загрузка механизмами,,MN,,,user2349,,,2026-03-23 10:11:06,2026-03-23 10:11:06,,,,,,,,,,,N,,SHIPPING_DOC,EKS000017611,,,,,,,,2026-03-23 10:11:06,,,N,,0.00000,0.00000,0.00000,0.00000,,,,,,,,,,,,,0
2009434,Загрузка ручная,,MN,,,user2349,,,2026-03-23 10:11:06,2026-03-23 10:11:06,,,,,,,,,,,N,,SHIPPING_DOC,EKS000017611,,,,,,,,2026-03-23 10:11:06,,,N,,0.00000,0.00000,0.00000,0.00000,,,,,,,,,,,,,0
2009435,Загрузка механизмами,,MN,,,USER2358,,,2026-03-23 10:13:26,2026-03-23 10:13:26,,,,,,,,,,,N,,SHIPPING_DOC,EKS000017714,,,,,,,,2026-03-23 10:13:26,,,N,,0.00000,0.00000,0.00000,0.00000,,,,,,,,,,,,,0
2009436,Загрузка ручная,,MN,,,USER2358,,,2026-03-23 10:13:26,2026-03-23 10:13:26,,,,,,,,,,,N,,SHIPPING_DOC,EKS000017714,,,,,,,,2026-03-23 10:13:26,,,N,,0.00000,0.00000,0.00000,0.00000,,,,,,,,,,,,,0
2009437,Загрузка механизмами,,MN,,,e.ulishchenko,,,2026-03-23 10:14:22,2026-03-23 10:14:22,,,,,,,,,,,N,,SHIPPING_DOC,EKS000017653,,,,,,,,2026-03-23 10:14:22,,,N,,0.00000,0.00000,0.00000,0.00000,,,,,,,,,,,,,0
2009972,Загрузка ручная,,MN,,,user2249,,,2026-03-24 07:19:51,2026-03-24 07:19:51,,,,,,,,,,,N,,SHIPPING_DOC,EKS000018062,,,,,,,,2026-03-24 07:19:51,,,N,,0.00000,0.00000,0.00000,0.00000,,,,,,,,,,,,,0
2009973,Загрузка ручная,,MN,,,user2249,,,2026-03-24 07:19:51,2026-03-24 07:19:51,,,,,,,,,,,N,,SHIPPING_DOC,EKS000018065,,,,,,,,2026-03-24 07:19:51,,,N,,0.00000,0.00000,0.00000,0.00000,,,,,,,,,,,,,0
2009974,Загрузка ручная,,MN,,,user2249,,,2026-03-24 07:19:51,2026-03-24 07:19:51,,,,,,,,,,,N,,SHIPPING_DOC,EKS000018067,,,,,,,,2026-03-24 07:19:51,,,N,,0.00000,0.00000,0.00000,0.00000,,,,,,,,,,,,,0
2009975,Загрузка ручная,,MN,,,user2249,,,2026-03-24 07:19:51,2026-03-24 07:19:51,,,,,,,,,,,N,,SHIPPING_DOC,EKS000018068,,,,,,,,2026-03-24 07:19:51,,,N,,0.00000,0.00000,0.00000,0.00000,,,,,,,,,,,,,0
2009976,Загрузка ручная,,MN,,,user2249,,,2026-03-24 07:19:51,2026-03-24 07:19:51,,,,,,,,,,,N,,SHIPPING_DOC,EKS000018072,,,,,,,,2026-03-24 07:19:51,,,N,,0.00000,0.00000,0.00000,0.00000,,,,,,,,,,,,,0
2009977,Загрузка ручная,,MN,,,user2249,,,2026-03-24 07:19:51,2026-03-24 07:19:51,,,,,,,,,,,N,,SHIPPING_DOC,EKS000018079,,,,,,,,2026-03-24 07:19:51,,,N,,0.00000,0.00000,0.00000,0.00000,,,,,,,,,,,,,0
2009978,Загрузка ручная,,MN,,,user2249,,,2026-03-24 07:19:51,2026-03-24 07:19:51,,,,,,,,,,,N,,SHIPPING_DOC,EKS000018107,,,,,,,,2026-03-24 07:19:51,,,N,,0.00000,0.00000,0.00000,0.00000,,,,,,,,,,,,,0
2009979,Загрузка ручная,,MN,,,user2249,,,2026-03-24 07:19:51,2026-03-24 07:19:51,,,,,,,,,,,N,,SHIPPING_DOC,EKS000018117,,,,,,,,2026-03-24 07:19:51,,,N,,0.00000,0.00000,0.00000,0.00000,,,,,,,,,,,,,0
2009980,Загрузка ручная,,MN,,,user2249,,,2026-03-24 07:19:51,2026-03-24 07:19:51,,,,,,,,,,,N,,SHIPPING_DOC,EKS000018121,,,,,,,,2026-03-24 07:19:51,,,N,,0.00000,0.00000,0.00000,0.00000,,,,,,,,,,,,,0
2009981,Загрузка ручная,,MN,,,user2249,,,2026-03-24 07:19:51,2026-03-24 07:19:51,,,,,,,,,,,N,,SHIPPING_DOC,EKS000018144,,,,,,,,2026-03-24 07:19:51,,,N,,0.00000,0.00000,0.00000,0.00000,,,,,,,,,,,,,0
2009982,Загрузка ручная,,MN,,,user2249,,,2026-03-24 07:19:51,2026-03-24 07:19:51,,,,,,,,,,,N,,SHIPPING_DOC,EKS000018145,,,,,,,,2026-03-24 07:19:51,,,N,,0.00000,0.00000,0.00000,0.00000,,,,,,,,,,,,,0
2009983,Загрузка ручная,,MN,,,user2249,,,2026-03-24 07:19:51,2026-03-24 07:19:51,,,,,,,,,,,N,,SHIPPING_DOC,EKS000018159,,,,,,,,2026-03-24 07:19:51,,,N,,0.00000,0.00000,0.00000,0.00000,,,,,,,,,,,,,0
2009984,Загрузка ручная,,MN,,,user2249,,,2026-03-24 07:19:51,2026-03-24 07:19:51,,,,,,,,,,,N,,SHIPPING_DOC,EKS000018173,,,,,,,,2026-03-24 07:19:51,,,N,,0.00000,0.00000,0.00000,0.00000,,,,,,,,,,,,,0
2008803,Загрузка ручная,,MN,,,USER1319,,,2026-03-22 18:19:53,2026-03-22 18:19:53,,,,,,,,,,,N,,SHIPPING_DOC,EKS000017840,,,,,,,,2026-03-22 18:19:53,,,N,,0.00000,0.00000,0.00000,0.00000,,,,,,,,,,,,,0
2008804,Загрузка ручная,,MN,,,USER1319,,,2026-03-22 18:19:53,2026-03-22 18:19:53,,,,,,,,,,,N,,SHIPPING_DOC,EKS000017841,,,,,,,,2026-03-22 18:19:53,,,N,,0.00000,0.00000,0.00000,0.00000,,,,,,,,,,,,,0
2008805,Загрузка ручная,,MN,,,USER1319,,,2026-03-22 18:19:53,2026-03-22 18:19:53,,,,,,,,,,,N,,SHIPPING_DOC,EKS000017863,,,,,,,,2026-03-22 18:19:53,,,N,,0.00000,0.00000,0.00000,0.00000,,,,,,,,,,,,,0
2008806,Загрузка ручная,,MN,,,USER1319,,,2026-03-22 18:19:53,2026-03-22 18:19:53,,,,,,,,,,,N,,SHIPPING_DOC,EKS000017867,,,,,,,,2026-03-22 18:19:53,,,N,,0.00000,0.00000,0.00000,0.00000,,,,,,,,,,,,,0
2008807,Загрузка механизмами,,MN,,,m.a.simonov,,,2026-03-22 18:49:38,2026-03-22 18:49:38,,,,,,,,,,,N,,SHIPPING_DOC,EKS000017444,,,,,,,,2026-03-22 18:49:38,,,N,,0.00000,0.00000,0.00000,0.00000,,,,,,,,,,,,,0
2008808,Загрузка механизмами,,MN,,,m.a.simonov,,,2026-03-22 18:49:38,2026-03-22 18:49:38,,,,,,,,,,,N,,SHIPPING_DOC,EKS000017464,,,,,,,,2026-03-22 18:49:38,,,N,,0.00000,0.00000,0.00000,0.00000,,,,,,,,,,,,,0
2008809,Загрузка механизмами,,MN,,,m.a.simonov,,,2026-03-22 18:49:38,2026-03-22 18:49:38,,,,,,,,,,,N,,SHIPPING_DOC,EKS000017467,,,,,,,,2026-03-22 18:49:38,,,N,,0.00000,0.00000,0.00000,0.00000,,,,,,,,,,,,,0
2008810,Загрузка механизмами,,MN,,,m.a.simonov,,,2026-03-22 18:49:38,2026-03-22 18:49:38,,,,,,,,,,,N,,SHIPPING_DOC,EKS000017476,,,,,,,,2026-03-22 18:49:38,,,N,,0.00000,0.00000,0.00000,0.00000,,,,,,,,,,,,,0
2008811,Загрузка механизмами,,MN,,,m.a.simonov,,,2026-03-22 18:49:38,2026-03-22 18:49:38,,,,,,,,,,,N,,SHIPPING_DOC,EKS000017478,,,,,,,,2026-03-22 18:49:38,,,N,,0.00000,0.00000,0.00000,0.00000,,,,,,,,,,,,,0
2008812,Загрузка механизмами,,MN,,,m.a.simonov,,,2026-03-22 18:49:38,2026-03-22 18:49:38,,,,,,,,,,,N,,SHIPPING_DOC,EKS000017480,,,,,,,,2026-03-22 18:49:38,,,N,,0.00000,0.00000,0.00000,0.00000,,,,,,,,,,,,,0
2008813,Загрузка механизмами,,MN,,,m.a.simonov,,,2026-03-22 18:49:38,2026-03-22 18:49:38,,,,,,,,,,,N,,SHIPPING_DOC,EKS000017498,,,,,,,,2026-03-22 18:49:38,,,N,,0.00000,0.00000,0.00000,0.00000,,,,,,,,,,,,,0
2008814,Загрузка механизмами,,MN,,,m.a.simonov,,,2026-03-22 18:49:38,2026-03-22 18:49:38,,,,,,,,,,,N,,SHIPPING_DOC,EKS000017502,,,,,,,,2026-03-22 18:49:38,,,N,,0.00000,0.00000,0.00000,0.00000,,,,,,,,,,,,,0
2008815,Загрузка механизмами,,MN,,,m.a.simonov,,,2026-03-22 18:49:38,2026-03-22 18:49:38,,,,,,,,,,,N,,SHIPPING_DOC,EKS000017504,,,,,,,,2026-03-22 18:49:38,,,N,,0.00000,0.00000,0.00000,0.00000,,,,,,,,,,,,,0
2009438,Загрузка ручная,,MN,,,e.ulishchenko,,,2026-03-23 10:14:22,2026-03-23 10:14:22,,,,,,,,,,,N,,SHIPPING_DOC,EKS000017653,,,,,,,,2026-03-23 10:14:22,,,N,,0.00000,0.00000,0.00000,0.00000,,,,,,,,,,,,,0
2009439,Загрузка механизмами,,MN,,,e.ulishchenko,,,2026-03-23 10:22:27,2026-03-23 10:22:27,,,,,,,,,,,N,,SHIPPING_DOC,EKS000017603,,,,,,,,2026-03-23 10:22:27,,,N,,0.00000,0.00000,0.00000,0.00000,,,,,,,,,,,,,0
2009440,Загрузка ручная,,MN,,,e.ulishchenko,,,2026-03-23 10:22:27,2026-03-23 10:22:27,,,,,,,,,,,N,,SHIPPING_DOC,EKS000017603,,,,,,,,2026-03-23 10:22:27,,,N,,0.00000,0.00000,0.00000,0.00000,,,,,,,,,,,,,0
2009441,Загрузка механизмами,,MN,,,user2349,,,2026-03-23 10:23:31,2026-03-23 10:23:31,,,,,,,,,,,N,,SHIPPING_DOC,EKS000017610,,,,,,,,2026-03-23 10:23:31,,,N,,0.00000,0.00000,0.00000,0.00000,,,,,,,,,,,,,0
2009442,Загрузка механизмами,,MN,,,user2349,,,2026-03-23 10:23:31,2026-03-23 10:23:31,,,,,,,,,,,N,,SHIPPING_DOC,EKS000017612,,,,,,,,2026-03-23 10:23:31,,,N,,0.00000,0.00000,0.00000,0.00000,,,,,,,,,,,,,0
2009443,Загрузка механизмами,,MN,,,user2349,,,2026-03-23 10:23:31,2026-03-23 10:23:31,,,,,,,,,,,N,,SHIPPING_DOC,EKS000017618,,,,,,,,2026-03-23 10:23:31,,,N,,0.00000,0.00000,0.00000,0.00000,,,,,,,,,,,,,0
2009444,Загрузка механизмами,,MN,,,user2349,,,2026-03-23 10:23:31,2026-03-23 10:23:31,,,,,,,,,,,N,,SHIPPING_DOC,EKS000017619,,,,,,,,2026-03-23 10:23:31,,,N,,0.00000,0.00000,0.00000,0.00000,,,,,,,,,,,,,0
2009445,Загрузка механизмами,,MN,,,user2349,,,2026-03-23 10:23:31,2026-03-23 10:23:31,,,,,,,,,,,N,,SHIPPING_DOC,EKS000017620,,,,,,,,2026-03-23 10:23:31,,,N,,0.00000,0.00000,0.00000,0.00000,,,,,,,,,,,,,0
2009446,Загрузка механизмами,,MN,,,user2349,,,2026-03-23 10:23:31,2026-03-23 10:23:31,,,,,,,,,,,N,,SHIPPING_DOC,EKS000017621,,,,,,,,2026-03-23 10:23:31,,,N,,0.00000,0.00000,0.00000,0.00000,,,,,,,,,,,,,0
2009447,Загрузка ручная,,MN,,,user2349,,,2026-03-23 10:23:31,2026-03-23 10:23:31,,,,,,,,,,,N,,SHIPPING_DOC,EKS000017610,,,,,,,,2026-03-23 10:23:31,,,N,,0.00000,0.00000,0.00000,0.00000,,,,,,,,,,,,,0
2009448,Загрузка ручная,,MN,,,user2349,,,2026-03-23 10:23:31,2026-03-23 10:23:31,,,,,,,,,,,N,,SHIPPING_DOC,EKS000017612,,,,,,,,2026-03-23 10:23:31,,,N,,0.00000,0.00000,0.00000,0.00000,,,,,,,,,,,,,0
2009449,Загрузка ручная,,MN,,,user2349,,,2026-03-23 10:23:31,2026-03-23 10:23:31,,,,,,,,,,,N,,SHIPPING_DOC,EKS000017618,,,,,,,,2026-03-23 10:23:31,,,N,,0.00000,0.00000,0.00000,0.00000,,,,,,,,,,,,,0
2009450,Загрузка ручная,,MN,,,user2349,,,2026-03-23 10:23:31,2026-03-23 10:23:31,,,,,,,,,,,N,,SHIPPING_DOC,EKS000017619,,,,,,,,2026-03-23 10:23:31,,,N,,0.00000,0.00000,0.00000,0.00000,,,,,,,,,,,,,0
2009985,Загрузка механизмами,,MN,,,user2334,,,2026-03-24 07:42:32,2026-03-24 07:42:32,,,,,,,,,,,N,,SHIPPING_DOC,EKS000017907,,,,,,,,2026-03-24 07:42:32,,,N,,0.00000,0.00000,0.00000,0.00000,,,,,,,,,,,,,0
2009986,Загрузка механизмами,,MN,,,user2334,,,2026-03-24 07:42:32,2026-03-24 07:42:32,,,,,,,,,,,N,,SHIPPING_DOC,EKS000018108,,,,,,,,2026-03-24 07:42:32,,,N,,0.00000,0.00000,0.00000,0.00000,,,,,,,,,,,,,0
2009987,Загрузка механизмами,,MN,,,user2334,,,2026-03-24 07:42:32,2026-03-24 07:42:32,,,,,,,,,,,N,,SHIPPING_DOC,EKS000018128,,,,,,,,2026-03-24 07:42:32,,,N,,0.00000,0.00000,0.00000,0.00000,,,,,,,,,,,,,0
2009988,Загрузка механизмами,,MN,,,user2334,,,2026-03-24 07:42:32,2026-03-24 07:42:32,,,,,,,,,,,N,,SHIPPING_DOC,EKS000018176,,,,,,,,2026-03-24 07:42:32,,,N,,0.00000,0.00000,0.00000,0.00000,,,,,,,,,,,,,0
2009989,Загрузка механизмами,,MN,,,user2334,,,2026-03-24 07:42:32,2026-03-24 07:42:32,,,,,,,,,,,N,,SHIPPING_DOC,EKS000018189,,,,,,,,2026-03-24 07:42:32,,,N,,0.00000,0.00000,0.00000,0.00000,,,,,,,,,,,,,0
2009990,Загрузка ручная,,MN,,,user2334,,,2026-03-24 07:42:32,2026-03-24 07:42:32,,,,,,,,,,,N,,SHIPPING_DOC,EKS000017907,,,,,,,,2026-03-24 07:42:32,,,N,,0.00000,0.00000,0.00000,0.00000,,,,,,,,,,,,,0
2009991,Загрузка ручная,,MN,,,user2334,,,2026-03-24 07:42:32,2026-03-24 07:42:32,,,,,,,,,,,N,,SHIPPING_DOC,EKS000018108,,,,,,,,2026-03-24 07:42:32,,,N,,0.00000,0.00000,0.00000,0.00000,,,,,,,,,,,,,0
2009992,Загрузка ручная,,MN,,,user2334,,,2026-03-24 07:42:32,2026-03-24 07:42:32,,,,,,,,,,,N,,SHIPPING_DOC,EKS000018128,,,,,,,,2026-03-24 07:42:32,,,N,,0.00000,0.00000,0.00000,0.00000,,,,,,,,,,,,,0
2009993,Загрузка ручная,,MN,,,user2334,,,2026-03-24 07:42:32,2026-03-24 07:42:32,,,,,,,,,,,N,,SHIPPING_DOC,EKS000018176,,,,,,,,2026-03-24 07:42:32,,,N,,0.00000,0.00000,0.00000,0.00000,,,,,,,,,,,,,0
2009994,Загрузка ручная,,MN,,,user2334,,,2026-03-24 07:42:32,2026-03-24 07:42:32,,,,,,,,,,,N,,SHIPPING_DOC,EKS000018189,,,,,,,,2026-03-24 07:42:32,,,N,,0.00000,0.00000,0.00000,0.00000,,,,,,,,,,,,,0
2009995,Загрузка механизмами,,MN,,,user2249,,,2026-03-24 07:44:04,2026-03-24 07:44:04,,,,,,,,,,,N,,SHIPPING_DOC,EKS000018108,,,,,,,,2026-03-24 07:44:04,,,N,,0.00000,0.00000,0.00000,0.00000,,,,,,,,,,,,,0
2009996,Загрузка механизмами,,MN,,,user2249,,,2026-03-24 07:44:04,2026-03-24 07:44:04,,,,,,,,,,,N,,SHIPPING_DOC,EKS000018128,,,,,,,,2026-03-24 07:44:04,,,N,,0.00000,0.00000,0.00000,0.00000,,,,,,,,,,,,,0
2009997,Загрузка механизмами,,MN,,,user2249,,,2026-03-24 07:44:04,2026-03-24 07:44:04,,,,,,,,,,,N,,SHIPPING_DOC,EKS000018189,,,,,,,,2026-03-24 07:44:04,,,N,,0.00000,0.00000,0.00000,0.00000,,,,,,,,,,,,,0
2009998,Загрузка механизмами,,MN,,,user2249,,,2026-03-24 07:44:04,2026-03-24 07:44:04,,,,,,,,,,,N,,SHIPPING_DOC,EKS000017907,,,,,,,,2026-03-24 07:44:04,,,N,,0.00000,0.00000,0.00000,0.00000,,,,,,,,,,,,,0
2009999,Загрузка механизмами,,MN,,,user2249,,,2026-03-24 07:44:04,2026-03-24 07:44:04,,,,,,,,,,,N,,SHIPPING_DOC,EKS000018176,,,,,,,,2026-03-24 07:44:04,,,N,,0.00000,0.00000,0.00000,0.00000,,,,,,,,,,,,,0
2010000,Загрузка ручная,,MN,,,user2249,,,2026-03-24 07:44:04,2026-03-24 07:44:04,,,,,,,,,,,N,,SHIPPING_DOC,EKS000018108,,,,,,,,2026-03-24 07:44:04,,,N,,0.00000,0.00000,0.00000,0.00000,,,,,,,,,,,,,0
2010001,Загрузка ручная,,MN,,,user2249,,,2026-03-24 07:44:04,2026-03-24 07:44:04,,,,,,,,,,,N,,SHIPPING_DOC,EKS000018128,,,,,,,,2026-03-24 07:44:04,,,N,,0.00000,0.00000,0.00000,0.00000,,,,,,,,,,,,,0
2010002,Загрузка ручная,,MN,,,user2249,,,2026-03-24 07:44:04,2026-03-24 07:44:04,,,,,,,,,,,N,,SHIPPING_DOC,EKS000018189,,,,,,,,2026-03-24 07:44:04,,,N,,0.00000,0.00000,0.00000,0.00000,,,,,,,,,,,,,0
2010003,Загрузка ручная,,MN,,,user2249,,,2026-03-24 07:44:04,2026-03-24 07:44:04,,,,,,,,,,,N,,SHIPPING_DOC,EKS000017907,,,,,,,,2026-03-24 07:44:04,,,N,,0.00000,0.00000,0.00000,0.00000,,,,,,,,,,,,,0
2010004,Загрузка ручная,,MN,,,user2249,,,2026-03-24 07:44:04,2026-03-24 07:44:04,,,,,,,,,,,N,,SHIPPING_DOC,EKS000018176,,,,,,,,2026-03-24 07:44:04,,,N,,0.00000,0.00000,0.00000,0.00000,,,,,,,,,,,,,0
2010005,Загрузка механизмами,,MN,,,user2334,,,2026-03-24 07:50:09,2026-03-24 07:50:09,,,,,,,,,,,N,,SHIPPING_DOC,EKS000017919,,,,,,,,2026-03-24 07:50:09,,,N,,0.00000,0.00000,0.00000,0.00000,,,,,,,,,,,,,0
2010006,Загрузка механизмами,,MN,,,user2334,,,2026-03-24 07:50:09,2026-03-24 07:50:09,,,,,,,,,,,N,,SHIPPING_DOC,EKS000017969,,,,,,,,2026-03-24 07:50:09,,,N,,0.00000,0.00000,0.00000,0.00000,,,,,,,,,,,,,0
2010007,Загрузка механизмами,,MN,,,user2334,,,2026-03-24 07:50:09,2026-03-24 07:50:09,,,,,,,,,,,N,,SHIPPING_DOC,EKS000017980,,,,,,,,2026-03-24 07:50:09,,,N,,0.00000,0.00000,0.00000,0.00000,,,,,,,,,,,,,0
2010008,Загрузка механизмами,,MN,,,user2334,,,2026-03-24 07:50:09,2026-03-24 07:50:09,,,,,,,,,,,N,,SHIPPING_DOC,EKS000018059,,,,,,,,2026-03-24 07:50:09,,,N,,0.00000,0.00000,0.00000,0.00000,,,,,,,,,,,,,0
2010009,Загрузка механизмами,,MN,,,user2334,,,2026-03-24 07:50:09,2026-03-24 07:50:09,,,,,,,,,,,N,,SHIPPING_DOC,EKS000018063,,,,,,,,2026-03-24 07:50:09,,,N,,0.00000,0.00000,0.00000,0.00000,,,,,,,,,,,,,0
2010010,Загрузка механизмами,,MN,,,user2334,,,2026-03-24 07:50:09,2026-03-24 07:50:09,,,,,,,,,,,N,,SHIPPING_DOC,TR-23/03/2026-09,,,,,,,,2026-03-24 07:50:09,,,N,,0.00000,0.00000,0.00000,0.00000,,,,,,,,,,,,,0
2009451,Загрузка ручная,,MN,,,user2349,,,2026-03-23 10:23:31,2026-03-23 10:23:31,,,,,,,,,,,N,,SHIPPING_DOC,EKS000017620,,,,,,,,2026-03-23 10:23:31,,,N,,0.00000,0.00000,0.00000,0.00000,,,,,,,,,,,,,0
2009452,Загрузка ручная,,MN,,,user2349,,,2026-03-23 10:23:31,2026-03-23 10:23:31,,,,,,,,,,,N,,SHIPPING_DOC,EKS000017621,,,,,,,,2026-03-23 10:23:31,,,N,,0.00000,0.00000,0.00000,0.00000,,,,,,,,,,,,,0
2009453,Загрузка механизмами,,MN,,,USER2358,,,2026-03-23 10:26:25,2026-03-23 10:26:25,,,,,,,,,,,N,,SHIPPING_DOC,EKS000017646,,,,,,,,2026-03-23 10:26:25,,,N,,0.00000,0.00000,0.00000,0.00000,,,,,,,,,,,,,0
2009454,Загрузка механизмами,,MN,,,USER2358,,,2026-03-23 10:26:25,2026-03-23 10:26:25,,,,,,,,,,,N,,SHIPPING_DOC,EKS000017647,,,,,,,,2026-03-23 10:26:25,,,N,,0.00000,0.00000,0.00000,0.00000,,,,,,,,,,,,,0
2009455,Загрузка ручная,,MN,,,USER2358,,,2026-03-23 10:26:25,2026-03-23 10:26:25,,,,,,,,,,,N,,SHIPPING_DOC,EKS000017646,,,,,,,,2026-03-23 10:26:25,,,N,,0.00000,0.00000,0.00000,0.00000,,,,,,,,,,,,,0
2009456,Загрузка ручная,,MN,,,USER2358,,,2026-03-23 10:26:25,2026-03-23 10:26:25,,,,,,,,,,,N,,SHIPPING_DOC,EKS000017647,,,,,,,,2026-03-23 10:26:25,,,N,,0.00000,0.00000,0.00000,0.00000,,,,,,,,,,,,,0
2009457,Загрузка механизмами,,MN,,,e.ulishchenko,,,2026-03-23 10:27:04,2026-03-23 10:27:04,,,,,,,,,,,N,,SHIPPING_DOC,EKS000017734,,,,,,,,2026-03-23 10:27:04,,,N,,0.00000,0.00000,0.00000,0.00000,,,,,,,,,,,,,0
2009458,Загрузка механизмами,,MN,,,e.ulishchenko,,,2026-03-23 10:27:04,2026-03-23 10:27:04,,,,,,,,,,,N,,SHIPPING_DOC,EKS000017735,,,,,,,,2026-03-23 10:27:04,,,N,,0.00000,0.00000,0.00000,0.00000,,,,,,,,,,,,,0
2009459,Загрузка ручная,,MN,,,e.ulishchenko,,,2026-03-23 10:27:04,2026-03-23 10:27:04,,,,,,,,,,,N,,SHIPPING_DOC,EKS000017734,,,,,,,,2026-03-23 10:27:04,,,N,,0.00000,0.00000,0.00000,0.00000,,,,,,,,,,,,,0
2009460,Загрузка ручная,,MN,,,e.ulishchenko,,,2026-03-23 10:27:04,2026-03-23 10:27:04,,,,,,,,,,,N,,SHIPPING_DOC,EKS000017735,,,,,,,,2026-03-23 10:27:04,,,N,,0.00000,0.00000,0.00000,0.00000,,,,,,,,,,,,,0
2010885,Загрузка механизмами,,MN,,,USER2358,,,2026-03-24 19:39:18,2026-03-24 19:39:18,,,,,,,,,,,N,,SHIPPING_DOC,EKS000018493,,,,,,,,2026-03-24 19:39:18,,,N,,0.00000,0.00000,0.00000,0.00000,,,,,,,,,,,,,0
2010886,Загрузка механизмами,,MN,,,USER2358,,,2026-03-24 19:39:18,2026-03-24 19:39:18,,,,,,,,,,,N,,SHIPPING_DOC,EKS000018494,,,,,,,,2026-03-24 19:39:18,,,N,,0.00000,0.00000,0.00000,0.00000,,,,,,,,,,,,,0
2010887,Загрузка механизмами,,MN,,,USER2358,,,2026-03-24 19:39:18,2026-03-24 19:39:18,,,,,,,,,,,N,,SHIPPING_DOC,EKS000018525,,,,,,,,2026-03-24 19:39:18,,,N,,0.00000,0.00000,0.00000,0.00000,,,,,,,,,,,,,0
2010888,Загрузка механизмами,,MN,,,USER2358,,,2026-03-24 19:39:18,2026-03-24 19:39:18,,,,,,,,,,,N,,SHIPPING_DOC,EKS000018572,,,,,,,,2026-03-24 19:39:18,,,N,,0.00000,0.00000,0.00000,0.00000,,,,,,,,,,,,,0
2010889,Загрузка механизмами,,MN,,,USER2358,,,2026-03-24 19:39:18,2026-03-24 19:39:18,,,,,,,,,,,N,,SHIPPING_DOC,EKS000018574,,,,,,,,2026-03-24 19:39:18,,,N,,0.00000,0.00000,0.00000,0.00000,,,,,,,,,,,,,0
2010890,Загрузка ручная,,MN,,,USER2358,,,2026-03-24 19:39:18,2026-03-24 19:39:18,,,,,,,,,,,N,,SHIPPING_DOC,EKS000017892,,,,,,,,2026-03-24 19:39:18,,,N,,0.00000,0.00000,0.00000,0.00000,,,,,,,,,,,,,0
2010891,Загрузка ручная,,MN,,,USER2358,,,2026-03-24 19:39:18,2026-03-24 19:39:18,,,,,,,,,,,N,,SHIPPING_DOC,EKS000017912,,,,,,,,2026-03-24 19:39:18,,,N,,0.00000,0.00000,0.00000,0.00000,,,,,,,,,,,,,0
2010892,Загрузка ручная,,MN,,,USER2358,,,2026-03-24 19:39:18,2026-03-24 19:39:18,,,,,,,,,,,N,,SHIPPING_DOC,EKS000017937,,,,,,,,2026-03-24 19:39:18,,,N,,0.00000,0.00000,0.00000,0.00000,,,,,,,,,,,,,0
2010893,Загрузка ручная,,MN,,,USER2358,,,2026-03-24 19:39:18,2026-03-24 19:39:18,,,,,,,,,,,N,,SHIPPING_DOC,EKS000017971,,,,,,,,2026-03-24 19:39:18,,,N,,0.00000,0.00000,0.00000,0.00000,,,,,,,,,,,,,0
2010894,Загрузка ручная,,MN,,,USER2358,,,2026-03-24 19:39:18,2026-03-24 19:39:18,,,,,,,,,,,N,,SHIPPING_DOC,EKS000018017,,,,,,,,2026-03-24 19:39:18,,,N,,0.00000,0.00000,0.00000,0.00000,,,,,,,,,,,,,0
2010895,Загрузка ручная,,MN,,,USER2358,,,2026-03-24 19:39:18,2026-03-24 19:39:18,,,,,,,,,,,N,,SHIPPING_DOC,EKS000018076,,,,,,,,2026-03-24 19:39:18,,,N,,0.00000,0.00000,0.00000,0.00000,,,,,,,,,,,,,0
2010896,Загрузка ручная,,MN,,,USER2358,,,2026-03-24 19:39:18,2026-03-24 19:39:18,,,,,,,,,,,N,,SHIPPING_DOC,EKS000018087,,,,,,,,2026-03-24 19:39:18,,,N,,0.00000,0.00000,0.00000,0.00000,,,,,,,,,,,,,0
2010897,Загрузка ручная,,MN,,,USER2358,,,2026-03-24 19:39:18,2026-03-24 19:39:18,,,,,,,,,,,N,,SHIPPING_DOC,EKS000018089,,,,,,,,2026-03-24 19:39:18,,,N,,0.00000,0.00000,0.00000,0.00000,,,,,,,,,,,,,0
2010898,Загрузка ручная,,MN,,,USER2358,,,2026-03-24 19:39:18,2026-03-24 19:39:18,,,,,,,,,,,N,,SHIPPING_DOC,EKS000018092,,,,,,,,2026-03-24 19:39:18,,,N,,0.00000,0.00000,0.00000,0.00000,,,,,,,,,,,,,0
2010899,Загрузка ручная,,MN,,,USER2358,,,2026-03-24 19:39:18,2026-03-24 19:39:18,,,,,,,,,,,N,,SHIPPING_DOC,EKS000018093,,,,,,,,2026-03-24 19:39:18,,,N,,0.00000,0.00000,0.00000,0.00000,,,,,,,,,,,,,0
2010900,Загрузка ручная,,MN,,,USER2358,,,2026-03-24 19:39:18,2026-03-24 19:39:18,,,,,,,,,,,N,,SHIPPING_DOC,EKS000018109,,,,,,,,2026-03-24 19:39:18,,,N,,0.00000,0.00000,0.00000,0.00000,,,,,,,,,,,,,0
2010011,Загрузка механизмами,,MN,,,user2334,,,2026-03-24 07:50:09,2026-03-24 07:50:09,,,,,,,,,,,N,,SHIPPING_DOC,EKS000018083,,,,,,,,2026-03-24 07:50:09,,,N,,0.00000,0.00000,0.00000,0.00000,,,,,,,,,,,,,0
2010012,Загрузка механизмами,,MN,,,user2334,,,2026-03-24 07:50:09,2026-03-24 07:50:09,,,,,,,,,,,N,,SHIPPING_DOC,EKS000018130,,,,,,,,2026-03-24 07:50:09,,,N,,0.00000,0.00000,0.00000,0.00000,,,,,,,,,,,,,0
2010013,Загрузка ручная,,MN,,,user2334,,,2026-03-24 07:50:09,2026-03-24 07:50:09,,,,,,,,,,,N,,SHIPPING_DOC,EKS000017919,,,,,,,,2026-03-24 07:50:09,,,N,,0.00000,0.00000,0.00000,0.00000,,,,,,,,,,,,,0
2010014,Загрузка ручная,,MN,,,user2334,,,2026-03-24 07:50:09,2026-03-24 07:50:09,,,,,,,,,,,N,,SHIPPING_DOC,EKS000017969,,,,,,,,2026-03-24 07:50:09,,,N,,0.00000,0.00000,0.00000,0.00000,,,,,,,,,,,,,0
2010015,Загрузка ручная,,MN,,,user2334,,,2026-03-24 07:50:09,2026-03-24 07:50:09,,,,,,,,,,,N,,SHIPPING_DOC,EKS000017980,,,,,,,,2026-03-24 07:50:09,,,N,,0.00000,0.00000,0.00000,0.00000,,,,,,,,,,,,,0
2010016,Загрузка ручная,,MN,,,user2334,,,2026-03-24 07:50:09,2026-03-24 07:50:09,,,,,,,,,,,N,,SHIPPING_DOC,EKS000018059,,,,,,,,2026-03-24 07:50:09,,,N,,0.00000,0.00000,0.00000,0.00000,,,,,,,,,,,,,0
2010017,Загрузка ручная,,MN,,,user2334,,,2026-03-24 07:50:09,2026-03-24 07:50:09,,,,,,,,,,,N,,SHIPPING_DOC,EKS000018063,,,,,,,,2026-03-24 07:50:09,,,N,,0.00000,0.00000,0.00000,0.00000,,,,,,,,,,,,,0
2010018,Загрузка ручная,,MN,,,user2334,,,2026-03-24 07:50:09,2026-03-24 07:50:09,,,,,,,,,,,N,,SHIPPING_DOC,TR-23/03/2026-09,,,,,,,,2026-03-24 07:50:09,,,N,,0.00000,0.00000,0.00000,0.00000,,,,,,,,,,,,,0
2010019,Загрузка ручная,,MN,,,user2334,,,2026-03-24 07:50:09,2026-03-24 07:50:09,,,,,,,,,,,N,,SHIPPING_DOC,EKS000018083,,,,,,,,2026-03-24 07:50:09,,,N,,0.00000,0.00000,0.00000,0.00000,,,,,,,,,,,,,0
2010020,Загрузка ручная,,MN,,,user2334,,,2026-03-24 07:50:09,2026-03-24 07:50:09,,,,,,,,,,,N,,SHIPPING_DOC,EKS000018130,,,,,,,,2026-03-24 07:50:09,,,N,,0.00000,0.00000,0.00000,0.00000,,,,,,,,,,,,,0
2010021,Загрузка механизмами,,MN,,,user2249,,,2026-03-24 07:50:38,2026-03-24 07:50:38,,,,,,,,,,,N,,SHIPPING_DOC,EKS000017969,,,,,,,,2026-03-24 07:50:38,,,N,,0.00000,0.00000,0.00000,0.00000,,,,,,,,,,,,,0
2010022,Загрузка механизмами,,MN,,,user2249,,,2026-03-24 07:50:38,2026-03-24 07:50:38,,,,,,,,,,,N,,SHIPPING_DOC,EKS000017980,,,,,,,,2026-03-24 07:50:38,,,N,,0.00000,0.00000,0.00000,0.00000,,,,,,,,,,,,,0
2010023,Загрузка механизмами,,MN,,,user2249,,,2026-03-24 07:50:38,2026-03-24 07:50:38,,,,,,,,,,,N,,SHIPPING_DOC,EKS000018059,,,,,,,,2026-03-24 07:50:38,,,N,,0.00000,0.00000,0.00000,0.00000,,,,,,,,,,,,,0
2008816,Загрузка механизмами,,MN,,,m.a.simonov,,,2026-03-22 18:49:38,2026-03-22 18:49:38,,,,,,,,,,,N,,SHIPPING_DOC,EKS000017505,,,,,,,,2026-03-22 18:49:38,,,N,,0.00000,0.00000,0.00000,0.00000,,,,,,,,,,,,,0
2008817,Загрузка механизмами,,MN,,,m.a.simonov,,,2026-03-22 18:49:38,2026-03-22 18:49:38,,,,,,,,,,,N,,SHIPPING_DOC,EKS000017510,,,,,,,,2026-03-22 18:49:38,,,N,,0.00000,0.00000,0.00000,0.00000,,,,,,,,,,,,,0
2008818,Загрузка механизмами,,MN,,,m.a.simonov,,,2026-03-22 18:49:38,2026-03-22 18:49:38,,,,,,,,,,,N,,SHIPPING_DOC,EKS000017517,,,,,,,,2026-03-22 18:49:38,,,N,,0.00000,0.00000,0.00000,0.00000,,,,,,,,,,,,,0
2008819,Загрузка механизмами,,MN,,,m.a.simonov,,,2026-03-22 18:49:38,2026-03-22 18:49:38,,,,,,,,,,,N,,SHIPPING_DOC,EKS000017518,,,,,,,,2026-03-22 18:49:38,,,N,,0.00000,0.00000,0.00000,0.00000,,,,,,,,,,,,,0
2008820,Загрузка механизмами,,MN,,,m.a.simonov,,,2026-03-22 18:49:38,2026-03-22 18:49:38,,,,,,,,,,,N,,SHIPPING_DOC,EKS000017520,,,,,,,,2026-03-22 18:49:38,,,N,,0.00000,0.00000,0.00000,0.00000,,,,,,,,,,,,,0
2008821,Загрузка механизмами,,MN,,,m.a.simonov,,,2026-03-22 18:49:38,2026-03-22 18:49:38,,,,,,,,,,,N,,SHIPPING_DOC,EKS000017536,,,,,,,,2026-03-22 18:49:38,,,N,,0.00000,0.00000,0.00000,0.00000,,,,,,,,,,,,,0
2008822,Загрузка механизмами,,MN,,,m.a.simonov,,,2026-03-22 18:49:38,2026-03-22 18:49:38,,,,,,,,,,,N,,SHIPPING_DOC,EKS000017537,,,,,,,,2026-03-22 18:49:38,,,N,,0.00000,0.00000,0.00000,0.00000,,,,,,,,,,,,,0
2008823,Загрузка механизмами,,MN,,,m.a.simonov,,,2026-03-22 18:49:38,2026-03-22 18:49:38,,,,,,,,,,,N,,SHIPPING_DOC,EKS000017545,,,,,,,,2026-03-22 18:49:38,,,N,,0.00000,0.00000,0.00000,0.00000,,,,,,,,,,,,,0
2008824,Загрузка механизмами,,MN,,,m.a.simonov,,,2026-03-22 18:49:38,2026-03-22 18:49:38,,,,,,,,,,,N,,SHIPPING_DOC,EKS000017548,,,,,,,,2026-03-22 18:49:38,,,N,,0.00000,0.00000,0.00000,0.00000,,,,,,,,,,,,,0
2008825,Загрузка механизмами,,MN,,,m.a.simonov,,,2026-03-22 18:49:38,2026-03-22 18:49:38,,,,,,,,,,,N,,SHIPPING_DOC,EKS000017558,,,,,,,,2026-03-22 18:49:38,,,N,,0.00000,0.00000,0.00000,0.00000,,,,,,,,,,,,,0
2008826,Загрузка механизмами,,MN,,,m.a.simonov,,,2026-03-22 18:49:38,2026-03-22 18:49:38,,,,,,,,,,,N,,SHIPPING_DOC,EKS000017559,,,,,,,,2026-03-22 18:49:38,,,N,,0.00000,0.00000,0.00000,0.00000,,,,,,,,,,,,,0
2008827,Загрузка механизмами,,MN,,,m.a.simonov,,,2026-03-22 18:49:38,2026-03-22 18:49:38,,,,,,,,,,,N,,SHIPPING_DOC,EKS000017562,,,,,,,,2026-03-22 18:49:38,,,N,,0.00000,0.00000,0.00000,0.00000,,,,,,,,,,,,,0
2008828,Загрузка механизмами,,MN,,,m.a.simonov,,,2026-03-22 18:49:38,2026-03-22 18:49:38,,,,,,,,,,,N,,SHIPPING_DOC,EKS000017574,,,,,,,,2026-03-22 18:49:38,,,N,,0.00000,0.00000,0.00000,0.00000,,,,,,,,,,,,,0
2008829,Загрузка механизмами,,MN,,,m.a.simonov,,,2026-03-22 18:49:38,2026-03-22 18:49:38,,,,,,,,,,,N,,SHIPPING_DOC,EKS000017578,,,,,,,,2026-03-22 18:49:38,,,N,,0.00000,0.00000,0.00000,0.00000,,,,,,,,,,,,,0
2008830,Загрузка механизмами,,MN,,,m.a.simonov,,,2026-03-22 18:49:38,2026-03-22 18:49:38,,,,,,,,,,,N,,SHIPPING_DOC,EKS000017585,,,,,,,,2026-03-22 18:49:38,,,N,,0.00000,0.00000,0.00000,0.00000,,,,,,,,,,,,,0
2008831,Загрузка механизмами,,MN,,,m.a.simonov,,,2026-03-22 18:49:38,2026-03-22 18:49:38,,,,,,,,,,,N,,SHIPPING_DOC,EKS000017592,,,,,,,,2026-03-22 18:49:38,,,N,,0.00000,0.00000,0.00000,0.00000,,,,,,,,,,,,,0
2008832,Загрузка механизмами,,MN,,,m.a.simonov,,,2026-03-22 18:49:38,2026-03-22 18:49:38,,,,,,,,,,,N,,SHIPPING_DOC,EKS000017593,,,,,,,,2026-03-22 18:49:38,,,N,,0.00000,0.00000,0.00000,0.00000,,,,,,,,,,,,,0
2008833,Загрузка механизмами,,MN,,,m.a.simonov,,,2026-03-22 18:49:38,2026-03-22 18:49:38,,,,,,,,,,,N,,SHIPPING_DOC,EKS000017594,,,,,,,,2026-03-22 18:49:38,,,N,,0.00000,0.00000,0.00000,0.00000,,,,,,,,,,,,,0
2008834,Загрузка механизмами,,MN,,,m.a.simonov,,,2026-03-22 18:49:38,2026-03-22 18:49:38,,,,,,,,,,,N,,SHIPPING_DOC,EKS000017609,,,,,,,,2026-03-22 18:49:38,,,N,,0.00000,0.00000,0.00000,0.00000,,,,,,,,,,,,,0
2008835,Загрузка механизмами,,MN,,,m.a.simonov,,,2026-03-22 18:49:38,2026-03-22 18:49:38,,,,,,,,,,,N,,SHIPPING_DOC,EKS000017632,,,,,,,,2026-03-22 18:49:38,,,N,,0.00000,0.00000,0.00000,0.00000,,,,,,,,,,,,,0
2008836,Загрузка механизмами,,MN,,,m.a.simonov,,,2026-03-22 18:49:38,2026-03-22 18:49:38,,,,,,,,,,,N,,SHIPPING_DOC,EKS000017637,,,,,,,,2026-03-22 18:49:38,,,N,,0.00000,0.00000,0.00000,0.00000,,,,,,,,,,,,,0
2008837,Загрузка механизмами,,MN,,,m.a.simonov,,,2026-03-22 18:49:38,2026-03-22 18:49:38,,,,,,,,,,,N,,SHIPPING_DOC,EKS000017640,,,,,,,,2026-03-22 18:49:38,,,N,,0.00000,0.00000,0.00000,0.00000,,,,,,,,,,,,,0
2008838,Загрузка механизмами,,MN,,,m.a.simonov,,,2026-03-22 18:49:38,2026-03-22 18:49:38,,,,,,,,,,,N,,SHIPPING_DOC,EKS000017641,,,,,,,,2026-03-22 18:49:38,,,N,,0.00000,0.00000,0.00000,0.00000,,,,,,,,,,,,,0
2008839,Загрузка механизмами,,MN,,,m.a.simonov,,,2026-03-22 18:49:38,2026-03-22 18:49:38,,,,,,,,,,,N,,SHIPPING_DOC,EKS000017651,,,,,,,,2026-03-22 18:49:38,,,N,,0.00000,0.00000,0.00000,0.00000,,,,,,,,,,,,,0
2010901,Загрузка ручная,,MN,,,USER2358,,,2026-03-24 19:39:18,2026-03-24 19:39:18,,,,,,,,,,,N,,SHIPPING_DOC,EKS000018141,,,,,,,,2026-03-24 19:39:18,,,N,,0.00000,0.00000,0.00000,0.00000,,,,,,,,,,,,,0
2010902,Загрузка ручная,,MN,,,USER2358,,,2026-03-24 19:39:18,2026-03-24 19:39:18,,,,,,,,,,,N,,SHIPPING_DOC,EKS000018186,,,,,,,,2026-03-24 19:39:18,,,N,,0.00000,0.00000,0.00000,0.00000,,,,,,,,,,,,,0
2010903,Загрузка ручная,,MN,,,USER2358,,,2026-03-24 19:39:18,2026-03-24 19:39:18,,,,,,,,,,,N,,SHIPPING_DOC,EKS000018193,,,,,,,,2026-03-24 19:39:18,,,N,,0.00000,0.00000,0.00000,0.00000,,,,,,,,,,,,,0
2010904,Загрузка ручная,,MN,,,USER2358,,,2026-03-24 19:39:18,2026-03-24 19:39:18,,,,,,,,,,,N,,SHIPPING_DOC,EKS000018210,,,,,,,,2026-03-24 19:39:18,,,N,,0.00000,0.00000,0.00000,0.00000,,,,,,,,,,,,,0
2010905,Загрузка ручная,,MN,,,USER2358,,,2026-03-24 19:39:18,2026-03-24 19:39:18,,,,,,,,,,,N,,SHIPPING_DOC,EKS000018291,,,,,,,,2026-03-24 19:39:18,,,N,,0.00000,0.00000,0.00000,0.00000,,,,,,,,,,,,,0
2010906,Загрузка ручная,,MN,,,USER2358,,,2026-03-24 19:39:18,2026-03-24 19:39:18,,,,,,,,,,,N,,SHIPPING_DOC,EKS000018311,,,,,,,,2026-03-24 19:39:18,,,N,,0.00000,0.00000,0.00000,0.00000,,,,,,,,,,,,,0
2010907,Загрузка ручная,,MN,,,USER2358,,,2026-03-24 19:39:18,2026-03-24 19:39:18,,,,,,,,,,,N,,SHIPPING_DOC,EKS000018333,,,,,,,,2026-03-24 19:39:18,,,N,,0.00000,0.00000,0.00000,0.00000,,,,,,,,,,,,,0
2010908,Загрузка ручная,,MN,,,USER2358,,,2026-03-24 19:39:18,2026-03-24 19:39:18,,,,,,,,,,,N,,SHIPPING_DOC,EKS000018335,,,,,,,,2026-03-24 19:39:18,,,N,,0.00000,0.00000,0.00000,0.00000,,,,,,,,,,,,,0
2010909,Загрузка ручная,,MN,,,USER2358,,,2026-03-24 19:39:18,2026-03-24 19:39:18,,,,,,,,,,,N,,SHIPPING_DOC,EKS000018370,,,,,,,,2026-03-24 19:39:18,,,N,,0.00000,0.00000,0.00000,0.00000,,,,,,,,,,,,,0
2010910,Загрузка ручная,,MN,,,USER2358,,,2026-03-24 19:39:18,2026-03-24 19:39:18,,,,,,,,,,,N,,SHIPPING_DOC,EKS000018448,,,,,,,,2026-03-24 19:39:18,,,N,,0.00000,0.00000,0.00000,0.00000,,,,,,,,,,,,,0
2010911,Загрузка ручная,,MN,,,USER2358,,,2026-03-24 19:39:18,2026-03-24 19:39:18,,,,,,,,,,,N,,SHIPPING_DOC,EKS000018493,,,,,,,,2026-03-24 19:39:18,,,N,,0.00000,0.00000,0.00000,0.00000,,,,,,,,,,,,,0
2010912,Загрузка ручная,,MN,,,USER2358,,,2026-03-24 19:39:18,2026-03-24 19:39:18,,,,,,,,,,,N,,SHIPPING_DOC,EKS000018494,,,,,,,,2026-03-24 19:39:18,,,N,,0.00000,0.00000,0.00000,0.00000,,,,,,,,,,,,,0
2010913,Загрузка ручная,,MN,,,USER2358,,,2026-03-24 19:39:18,2026-03-24 19:39:18,,,,,,,,,,,N,,SHIPPING_DOC,EKS000018525,,,,,,,,2026-03-24 19:39:18,,,N,,0.00000,0.00000,0.00000,0.00000,,,,,,,,,,,,,0
2010024,Загрузка механизмами,,MN,,,user2249,,,2026-03-24 07:50:38,2026-03-24 07:50:38,,,,,,,,,,,N,,SHIPPING_DOC,EKS000018063,,,,,,,,2026-03-24 07:50:38,,,N,,0.00000,0.00000,0.00000,0.00000,,,,,,,,,,,,,0
2010025,Загрузка механизмами,,MN,,,user2249,,,2026-03-24 07:50:38,2026-03-24 07:50:38,,,,,,,,,,,N,,SHIPPING_DOC,TR-23/03/2026-09,,,,,,,,2026-03-24 07:50:38,,,N,,0.00000,0.00000,0.00000,0.00000,,,,,,,,,,,,,0
2010026,Загрузка механизмами,,MN,,,user2249,,,2026-03-24 07:50:38,2026-03-24 07:50:38,,,,,,,,,,,N,,SHIPPING_DOC,EKS000018083,,,,,,,,2026-03-24 07:50:38,,,N,,0.00000,0.00000,0.00000,0.00000,,,,,,,,,,,,,0
2010027,Загрузка механизмами,,MN,,,user2249,,,2026-03-24 07:50:38,2026-03-24 07:50:38,,,,,,,,,,,N,,SHIPPING_DOC,EKS000018130,,,,,,,,2026-03-24 07:50:38,,,N,,0.00000,0.00000,0.00000,0.00000,,,,,,,,,,,,,0
2010028,Загрузка механизмами,,MN,,,user2249,,,2026-03-24 07:50:38,2026-03-24 07:50:38,,,,,,,,,,,N,,SHIPPING_DOC,EKS000017919,,,,,,,,2026-03-24 07:50:38,,,N,,0.00000,0.00000,0.00000,0.00000,,,,,,,,,,,,,0
2010029,Загрузка ручная,,MN,,,user2249,,,2026-03-24 07:50:38,2026-03-24 07:50:38,,,,,,,,,,,N,,SHIPPING_DOC,EKS000017969,,,,,,,,2026-03-24 07:50:38,,,N,,0.00000,0.00000,0.00000,0.00000,,,,,,,,,,,,,0
2010030,Загрузка ручная,,MN,,,user2249,,,2026-03-24 07:50:38,2026-03-24 07:50:38,,,,,,,,,,,N,,SHIPPING_DOC,EKS000017980,,,,,,,,2026-03-24 07:50:38,,,N,,0.00000,0.00000,0.00000,0.00000,,,,,,,,,,,,,0
2010031,Загрузка ручная,,MN,,,user2249,,,2026-03-24 07:50:38,2026-03-24 07:50:38,,,,,,,,,,,N,,SHIPPING_DOC,EKS000018059,,,,,,,,2026-03-24 07:50:38,,,N,,0.00000,0.00000,0.00000,0.00000,,,,,,,,,,,,,0
2010032,Загрузка ручная,,MN,,,user2249,,,2026-03-24 07:50:38,2026-03-24 07:50:38,,,,,,,,,,,N,,SHIPPING_DOC,EKS000018063,,,,,,,,2026-03-24 07:50:38,,,N,,0.00000,0.00000,0.00000,0.00000,,,,,,,,,,,,,0
2010033,Загрузка ручная,,MN,,,user2249,,,2026-03-24 07:50:38,2026-03-24 07:50:38,,,,,,,,,,,N,,SHIPPING_DOC,TR-23/03/2026-09,,,,,,,,2026-03-24 07:50:38,,,N,,0.00000,0.00000,0.00000,0.00000,,,,,,,,,,,,,0
2010034,Загрузка ручная,,MN,,,user2249,,,2026-03-24 07:50:38,2026-03-24 07:50:38,,,,,,,,,,,N,,SHIPPING_DOC,EKS000018083,,,,,,,,2026-03-24 07:50:38,,,N,,0.00000,0.00000,0.00000,0.00000,,,,,,,,,,,,,0
2010035,Загрузка ручная,,MN,,,user2249,,,2026-03-24 07:50:38,2026-03-24 07:50:38,,,,,,,,,,,N,,SHIPPING_DOC,EKS000018130,,,,,,,,2026-03-24 07:50:38,,,N,,0.00000,0.00000,0.00000,0.00000,,,,,,,,,,,,,0
2010036,Загрузка ручная,,MN,,,user2249,,,2026-03-24 07:50:38,2026-03-24 07:50:38,,,,,,,,,,,N,,SHIPPING_DOC,EKS000017919,,,,,,,,2026-03-24 07:50:38,,,N,,0.00000,0.00000,0.00000,0.00000,,,,,,,,,,,,,0
2008840,Загрузка механизмами,,MN,,,m.a.simonov,,,2026-03-22 18:49:38,2026-03-22 18:49:38,,,,,,,,,,,N,,SHIPPING_DOC,EKS000017663,,,,,,,,2026-03-22 18:49:38,,,N,,0.00000,0.00000,0.00000,0.00000,,,,,,,,,,,,,0
2008841,Загрузка механизмами,,MN,,,m.a.simonov,,,2026-03-22 18:49:38,2026-03-22 18:49:38,,,,,,,,,,,N,,SHIPPING_DOC,EKS000017673,,,,,,,,2026-03-22 18:49:38,,,N,,0.00000,0.00000,0.00000,0.00000,,,,,,,,,,,,,0
2008842,Загрузка механизмами,,MN,,,m.a.simonov,,,2026-03-22 18:49:38,2026-03-22 18:49:38,,,,,,,,,,,N,,SHIPPING_DOC,TR-20.03.2026-203,,,,,,,,2026-03-22 18:49:38,,,N,,0.00000,0.00000,0.00000,0.00000,,,,,,,,,,,,,0
2008843,Загрузка механизмами,,MN,,,m.a.simonov,,,2026-03-22 18:49:38,2026-03-22 18:49:38,,,,,,,,,,,N,,SHIPPING_DOC,EKS000017676,,,,,,,,2026-03-22 18:49:38,,,N,,0.00000,0.00000,0.00000,0.00000,,,,,,,,,,,,,0
2008844,Загрузка механизмами,,MN,,,m.a.simonov,,,2026-03-22 18:49:38,2026-03-22 18:49:38,,,,,,,,,,,N,,SHIPPING_DOC,EKS000017701,,,,,,,,2026-03-22 18:49:38,,,N,,0.00000,0.00000,0.00000,0.00000,,,,,,,,,,,,,0
2008845,Загрузка механизмами,,MN,,,m.a.simonov,,,2026-03-22 18:49:38,2026-03-22 18:49:38,,,,,,,,,,,N,,SHIPPING_DOC,EKS000017702,,,,,,,,2026-03-22 18:49:38,,,N,,0.00000,0.00000,0.00000,0.00000,,,,,,,,,,,,,0
2008846,Загрузка механизмами,,MN,,,m.a.simonov,,,2026-03-22 18:49:38,2026-03-22 18:49:38,,,,,,,,,,,N,,SHIPPING_DOC,EKS000017706,,,,,,,,2026-03-22 18:49:38,,,N,,0.00000,0.00000,0.00000,0.00000,,,,,,,,,,,,,0
2008847,Загрузка механизмами,,MN,,,m.a.simonov,,,2026-03-22 18:49:38,2026-03-22 18:49:38,,,,,,,,,,,N,,SHIPPING_DOC,EKS000017709,,,,,,,,2026-03-22 18:49:38,,,N,,0.00000,0.00000,0.00000,0.00000,,,,,,,,,,,,,0
2008848,Загрузка механизмами,,MN,,,m.a.simonov,,,2026-03-22 18:49:38,2026-03-22 18:49:38,,,,,,,,,,,N,,SHIPPING_DOC,EKS000017712,,,,,,,,2026-03-22 18:49:38,,,N,,0.00000,0.00000,0.00000,0.00000,,,,,,,,,,,,,0
2008849,Загрузка механизмами,,MN,,,m.a.simonov,,,2026-03-22 18:49:38,2026-03-22 18:49:38,,,,,,,,,,,N,,SHIPPING_DOC,EKS000017726,,,,,,,,2026-03-22 18:49:38,,,N,,0.00000,0.00000,0.00000,0.00000,,,,,,,,,,,,,0
2008850,Загрузка механизмами,,MN,,,m.a.simonov,,,2026-03-22 18:49:38,2026-03-22 18:49:38,,,,,,,,,,,N,,SHIPPING_DOC,TR-20.03.2026-204,,,,,,,,2026-03-22 18:49:38,,,N,,0.00000,0.00000,0.00000,0.00000,,,,,,,,,,,,,0
2008851,Загрузка механизмами,,MN,,,m.a.simonov,,,2026-03-22 18:49:38,2026-03-22 18:49:38,,,,,,,,,,,N,,SHIPPING_DOC,EKS000017736,,,,,,,,2026-03-22 18:49:38,,,N,,0.00000,0.00000,0.00000,0.00000,,,,,,,,,,,,,0
2010914,Загрузка ручная,,MN,,,USER2358,,,2026-03-24 19:39:18,2026-03-24 19:39:18,,,,,,,,,,,N,,SHIPPING_DOC,EKS000018572,,,,,,,,2026-03-24 19:39:18,,,N,,0.00000,0.00000,0.00000,0.00000,,,,,,,,,,,,,0
2010915,Загрузка ручная,,MN,,,USER2358,,,2026-03-24 19:39:18,2026-03-24 19:39:18,,,,,,,,,,,N,,SHIPPING_DOC,EKS000018574,,,,,,,,2026-03-24 19:39:18,,,N,,0.00000,0.00000,0.00000,0.00000,,,,,,,,,,,,,0
2010916,Загрузка механизмами,,MN,,,user2349,,,2026-03-24 19:39:42,2026-03-24 19:39:42,,,,,,,,,,,N,,SHIPPING_DOC,EKS000017892,,,,,,,,2026-03-24 19:39:42,,,N,,0.00000,0.00000,0.00000,0.00000,,,,,,,,,,,,,0
2010917,Загрузка механизмами,,MN,,,user2349,,,2026-03-24 19:39:42,2026-03-24 19:39:42,,,,,,,,,,,N,,SHIPPING_DOC,EKS000017912,,,,,,,,2026-03-24 19:39:42,,,N,,0.00000,0.00000,0.00000,0.00000,,,,,,,,,,,,,0
2010918,Загрузка механизмами,,MN,,,user2349,,,2026-03-24 19:39:42,2026-03-24 19:39:42,,,,,,,,,,,N,,SHIPPING_DOC,EKS000017937,,,,,,,,2026-03-24 19:39:42,,,N,,0.00000,0.00000,0.00000,0.00000,,,,,,,,,,,,,0
2010919,Загрузка механизмами,,MN,,,user2349,,,2026-03-24 19:39:42,2026-03-24 19:39:42,,,,,,,,,,,N,,SHIPPING_DOC,EKS000017971,,,,,,,,2026-03-24 19:39:42,,,N,,0.00000,0.00000,0.00000,0.00000,,,,,,,,,,,,,0
2010920,Загрузка механизмами,,MN,,,user2349,,,2026-03-24 19:39:42,2026-03-24 19:39:42,,,,,,,,,,,N,,SHIPPING_DOC,EKS000018017,,,,,,,,2026-03-24 19:39:42,,,N,,0.00000,0.00000,0.00000,0.00000,,,,,,,,,,,,,0
2010921,Загрузка механизмами,,MN,,,user2349,,,2026-03-24 19:39:42,2026-03-24 19:39:42,,,,,,,,,,,N,,SHIPPING_DOC,EKS000018076,,,,,,,,2026-03-24 19:39:42,,,N,,0.00000,0.00000,0.00000,0.00000,,,,,,,,,,,,,0
2010922,Загрузка механизмами,,MN,,,user2349,,,2026-03-24 19:39:42,2026-03-24 19:39:42,,,,,,,,,,,N,,SHIPPING_DOC,EKS000018087,,,,,,,,2026-03-24 19:39:42,,,N,,0.00000,0.00000,0.00000,0.00000,,,,,,,,,,,,,0
2010923,Загрузка механизмами,,MN,,,user2349,,,2026-03-24 19:39:42,2026-03-24 19:39:42,,,,,,,,,,,N,,SHIPPING_DOC,EKS000018089,,,,,,,,2026-03-24 19:39:42,,,N,,0.00000,0.00000,0.00000,0.00000,,,,,,,,,,,,,0
2010924,Загрузка механизмами,,MN,,,user2349,,,2026-03-24 19:39:42,2026-03-24 19:39:42,,,,,,,,,,,N,,SHIPPING_DOC,EKS000018092,,,,,,,,2026-03-24 19:39:42,,,N,,0.00000,0.00000,0.00000,0.00000,,,,,,,,,,,,,0
2010925,Загрузка механизмами,,MN,,,user2349,,,2026-03-24 19:39:42,2026-03-24 19:39:42,,,,,,,,,,,N,,SHIPPING_DOC,EKS000018093,,,,,,,,2026-03-24 19:39:42,,,N,,0.00000,0.00000,0.00000,0.00000,,,,,,,,,,,,,0
2010926,Загрузка механизмами,,MN,,,user2349,,,2026-03-24 19:39:42,2026-03-24 19:39:42,,,,,,,,,,,N,,SHIPPING_DOC,EKS000018109,,,,,,,,2026-03-24 19:39:42,,,N,,0.00000,0.00000,0.00000,0.00000,,,,,,,,,,,,,0
2010037,Загрузка механизмами,,MN,,,user2249,,,2026-03-24 07:59:53,2026-03-24 07:59:53,,,,,,,,,,,N,,SHIPPING_DOC,EKS000017927,,,,,,,,2026-03-24 07:59:53,,,N,,0.00000,0.00000,0.00000,0.00000,,,,,,,,,,,,,0
2010038,Загрузка механизмами,,MN,,,user2249,,,2026-03-24 07:59:53,2026-03-24 07:59:53,,,,,,,,,,,N,,SHIPPING_DOC,EKS000018195,,,,,,,,2026-03-24 07:59:53,,,N,,0.00000,0.00000,0.00000,0.00000,,,,,,,,,,,,,0
2010039,Загрузка ручная,,MN,,,user2249,,,2026-03-24 07:59:53,2026-03-24 07:59:53,,,,,,,,,,,N,,SHIPPING_DOC,EKS000017927,,,,,,,,2026-03-24 07:59:53,,,N,,0.00000,0.00000,0.00000,0.00000,,,,,,,,,,,,,0
2010040,Загрузка ручная,,MN,,,user2249,,,2026-03-24 07:59:53,2026-03-24 07:59:53,,,,,,,,,,,N,,SHIPPING_DOC,EKS000018195,,,,,,,,2026-03-24 07:59:53,,,N,,0.00000,0.00000,0.00000,0.00000,,,,,,,,,,,,,0
2010041,Загрузка механизмами,,MN,,,user2334,,,2026-03-24 08:01:10,2026-03-24 08:01:10,,,,,,,,,,,N,,SHIPPING_DOC,EKS000018008,,,,,,,,2026-03-24 08:01:10,,,N,,0.00000,0.00000,0.00000,0.00000,,,,,,,,,,,,,0
2010042,Загрузка механизмами,,MN,,,user2334,,,2026-03-24 08:01:10,2026-03-24 08:01:10,,,,,,,,,,,N,,SHIPPING_DOC,EKS000018010,,,,,,,,2026-03-24 08:01:10,,,N,,0.00000,0.00000,0.00000,0.00000,,,,,,,,,,,,,0
2010043,Загрузка механизмами,,MN,,,user2334,,,2026-03-24 08:01:10,2026-03-24 08:01:10,,,,,,,,,,,N,,SHIPPING_DOC,EKS000018113,,,,,,,,2026-03-24 08:01:10,,,N,,0.00000,0.00000,0.00000,0.00000,,,,,,,,,,,,,0
2010044,Загрузка механизмами,,MN,,,user2334,,,2026-03-24 08:01:10,2026-03-24 08:01:10,,,,,,,,,,,N,,SHIPPING_DOC,EKS000018118,,,,,,,,2026-03-24 08:01:10,,,N,,0.00000,0.00000,0.00000,0.00000,,,,,,,,,,,,,0
2010045,Загрузка механизмами,,MN,,,user2334,,,2026-03-24 08:01:10,2026-03-24 08:01:10,,,,,,,,,,,N,,SHIPPING_DOC,EKS000018174,,,,,,,,2026-03-24 08:01:10,,,N,,0.00000,0.00000,0.00000,0.00000,,,,,,,,,,,,,0
2010046,Загрузка механизмами,,MN,,,user2334,,,2026-03-24 08:01:10,2026-03-24 08:01:10,,,,,,,,,,,N,,SHIPPING_DOC,EKS000018185,,,,,,,,2026-03-24 08:01:10,,,N,,0.00000,0.00000,0.00000,0.00000,,,,,,,,,,,,,0
2010047,Загрузка механизмами,,MN,,,user2334,,,2026-03-24 08:01:10,2026-03-24 08:01:10,,,,,,,,,,,N,,SHIPPING_DOC,EKS000018188,,,,,,,,2026-03-24 08:01:10,,,N,,0.00000,0.00000,0.00000,0.00000,,,,,,,,,,,,,0
2010048,Загрузка механизмами,,MN,,,user2334,,,2026-03-24 08:01:10,2026-03-24 08:01:10,,,,,,,,,,,N,,SHIPPING_DOC,EKS000018197,,,,,,,,2026-03-24 08:01:10,,,N,,0.00000,0.00000,0.00000,0.00000,,,,,,,,,,,,,0
2010049,Загрузка механизмами,,MN,,,user2334,,,2026-03-24 08:01:10,2026-03-24 08:01:10,,,,,,,,,,,N,,SHIPPING_DOC,EKS000017926,,,,,,,,2026-03-24 08:01:10,,,N,,0.00000,0.00000,0.00000,0.00000,,,,,,,,,,,,,0
2008852,Загрузка механизмами,,MN,,,m.a.simonov,,,2026-03-22 18:49:38,2026-03-22 18:49:38,,,,,,,,,,,N,,SHIPPING_DOC,EKS000017737,,,,,,,,2026-03-22 18:49:38,,,N,,0.00000,0.00000,0.00000,0.00000,,,,,,,,,,,,,0
2008853,Загрузка механизмами,,MN,,,m.a.simonov,,,2026-03-22 18:49:38,2026-03-22 18:49:38,,,,,,,,,,,N,,SHIPPING_DOC,EKS000017738,,,,,,,,2026-03-22 18:49:38,,,N,,0.00000,0.00000,0.00000,0.00000,,,,,,,,,,,,,0
2008854,Загрузка механизмами,,MN,,,m.a.simonov,,,2026-03-22 18:49:38,2026-03-22 18:49:38,,,,,,,,,,,N,,SHIPPING_DOC,EKS000017739,,,,,,,,2026-03-22 18:49:38,,,N,,0.00000,0.00000,0.00000,0.00000,,,,,,,,,,,,,0
2008855,Загрузка механизмами,,MN,,,m.a.simonov,,,2026-03-22 18:49:38,2026-03-22 18:49:38,,,,,,,,,,,N,,SHIPPING_DOC,EKS000017741,,,,,,,,2026-03-22 18:49:38,,,N,,0.00000,0.00000,0.00000,0.00000,,,,,,,,,,,,,0
2008856,Загрузка механизмами,,MN,,,m.a.simonov,,,2026-03-22 18:49:38,2026-03-22 18:49:38,,,,,,,,,,,N,,SHIPPING_DOC,EKS000017742,,,,,,,,2026-03-22 18:49:38,,,N,,0.00000,0.00000,0.00000,0.00000,,,,,,,,,,,,,0
2011607,Загрузка механизмами,,MN,,,user1215,,,2026-03-25 08:30:06,2026-03-25 08:30:06,,,,,,,,,,,N,,SHIPPING_DOC,EKS000018262,,,,,,,,2026-03-25 08:30:06,,,N,,0.00000,0.00000,0.00000,0.00000,,,,,,,,,,,,,0
2011608,Загрузка механизмами,,MN,,,user1215,,,2026-03-25 08:30:06,2026-03-25 08:30:06,,,,,,,,,,,N,,SHIPPING_DOC,EKS000018271,,,,,,,,2026-03-25 08:30:06,,,N,,0.00000,0.00000,0.00000,0.00000,,,,,,,,,,,,,0
2011609,Загрузка механизмами,,MN,,,user1215,,,2026-03-25 08:30:06,2026-03-25 08:30:06,,,,,,,,,,,N,,SHIPPING_DOC,EKS000018391,,,,,,,,2026-03-25 08:30:06,,,N,,0.00000,0.00000,0.00000,0.00000,,,,,,,,,,,,,0
2011610,Загрузка механизмами,,MN,,,user1215,,,2026-03-25 08:30:06,2026-03-25 08:30:06,,,,,,,,,,,N,,SHIPPING_DOC,EKS000018417,,,,,,,,2026-03-25 08:30:06,,,N,,0.00000,0.00000,0.00000,0.00000,,,,,,,,,,,,,0
2011611,Загрузка механизмами,,MN,,,user1215,,,2026-03-25 08:30:06,2026-03-25 08:30:06,,,,,,,,,,,N,,SHIPPING_DOC,EKS000018423,,,,,,,,2026-03-25 08:30:06,,,N,,0.00000,0.00000,0.00000,0.00000,,,,,,,,,,,,,0
2011612,Загрузка механизмами,,MN,,,user1215,,,2026-03-25 08:30:06,2026-03-25 08:30:06,,,,,,,,,,,N,,SHIPPING_DOC,EKS000018429,,,,,,,,2026-03-25 08:30:06,,,N,,0.00000,0.00000,0.00000,0.00000,,,,,,,,,,,,,0
2011613,Загрузка механизмами,,MN,,,user1215,,,2026-03-25 08:30:06,2026-03-25 08:30:06,,,,,,,,,,,N,,SHIPPING_DOC,EKS000018430,,,,,,,,2026-03-25 08:30:06,,,N,,0.00000,0.00000,0.00000,0.00000,,,,,,,,,,,,,0
2010927,Загрузка механизмами,,MN,,,user2349,,,2026-03-24 19:39:42,2026-03-24 19:39:42,,,,,,,,,,,N,,SHIPPING_DOC,EKS000018141,,,,,,,,2026-03-24 19:39:42,,,N,,0.00000,0.00000,0.00000,0.00000,,,,,,,,,,,,,0
2010928,Загрузка механизмами,,MN,,,user2349,,,2026-03-24 19:39:42,2026-03-24 19:39:42,,,,,,,,,,,N,,SHIPPING_DOC,EKS000018186,,,,,,,,2026-03-24 19:39:42,,,N,,0.00000,0.00000,0.00000,0.00000,,,,,,,,,,,,,0
2010929,Загрузка механизмами,,MN,,,user2349,,,2026-03-24 19:39:42,2026-03-24 19:39:42,,,,,,,,,,,N,,SHIPPING_DOC,EKS000018193,,,,,,,,2026-03-24 19:39:42,,,N,,0.00000,0.00000,0.00000,0.00000,,,,,,,,,,,,,0
2010930,Загрузка механизмами,,MN,,,user2349,,,2026-03-24 19:39:42,2026-03-24 19:39:42,,,,,,,,,,,N,,SHIPPING_DOC,EKS000018210,,,,,,,,2026-03-24 19:39:42,,,N,,0.00000,0.00000,0.00000,0.00000,,,,,,,,,,,,,0
2010931,Загрузка механизмами,,MN,,,user2349,,,2026-03-24 19:39:42,2026-03-24 19:39:42,,,,,,,,,,,N,,SHIPPING_DOC,EKS000018291,,,,,,,,2026-03-24 19:39:42,,,N,,0.00000,0.00000,0.00000,0.00000,,,,,,,,,,,,,0
2010932,Загрузка механизмами,,MN,,,user2349,,,2026-03-24 19:39:42,2026-03-24 19:39:42,,,,,,,,,,,N,,SHIPPING_DOC,EKS000018311,,,,,,,,2026-03-24 19:39:42,,,N,,0.00000,0.00000,0.00000,0.00000,,,,,,,,,,,,,0
2010933,Загрузка механизмами,,MN,,,user2349,,,2026-03-24 19:39:42,2026-03-24 19:39:42,,,,,,,,,,,N,,SHIPPING_DOC,EKS000018333,,,,,,,,2026-03-24 19:39:42,,,N,,0.00000,0.00000,0.00000,0.00000,,,,,,,,,,,,,0
2010934,Загрузка механизмами,,MN,,,user2349,,,2026-03-24 19:39:42,2026-03-24 19:39:42,,,,,,,,,,,N,,SHIPPING_DOC,EKS000018335,,,,,,,,2026-03-24 19:39:42,,,N,,0.00000,0.00000,0.00000,0.00000,,,,,,,,,,,,,0
2010935,Загрузка механизмами,,MN,,,user2349,,,2026-03-24 19:39:42,2026-03-24 19:39:42,,,,,,,,,,,N,,SHIPPING_DOC,EKS000018370,,,,,,,,2026-03-24 19:39:42,,,N,,0.00000,0.00000,0.00000,0.00000,,,,,,,,,,,,,0
2010936,Загрузка механизмами,,MN,,,user2349,,,2026-03-24 19:39:42,2026-03-24 19:39:42,,,,,,,,,,,N,,SHIPPING_DOC,EKS000018448,,,,,,,,2026-03-24 19:39:42,,,N,,0.00000,0.00000,0.00000,0.00000,,,,,,,,,,,,,0
2010937,Загрузка механизмами,,MN,,,user2349,,,2026-03-24 19:39:42,2026-03-24 19:39:42,,,,,,,,,,,N,,SHIPPING_DOC,EKS000018493,,,,,,,,2026-03-24 19:39:42,,,N,,0.00000,0.00000,0.00000,0.00000,,,,,,,,,,,,,0
2010938,Загрузка механизмами,,MN,,,user2349,,,2026-03-24 19:39:42,2026-03-24 19:39:42,,,,,,,,,,,N,,SHIPPING_DOC,EKS000018494,,,,,,,,2026-03-24 19:39:42,,,N,,0.00000,0.00000,0.00000,0.00000,,,,,,,,,,,,,0
2010939,Загрузка механизмами,,MN,,,user2349,,,2026-03-24 19:39:42,2026-03-24 19:39:42,,,,,,,,,,,N,,SHIPPING_DOC,EKS000018525,,,,,,,,2026-03-24 19:39:42,,,N,,0.00000,0.00000,0.00000,0.00000,,,,,,,,,,,,,0
2010940,Загрузка механизмами,,MN,,,user2349,,,2026-03-24 19:39:42,2026-03-24 19:39:42,,,,,,,,,,,N,,SHIPPING_DOC,EKS000018572,,,,,,,,2026-03-24 19:39:42,,,N,,0.00000,0.00000,0.00000,0.00000,,,,,,,,,,,,,0
2010941,Загрузка механизмами,,MN,,,user2349,,,2026-03-24 19:39:42,2026-03-24 19:39:42,,,,,,,,,,,N,,SHIPPING_DOC,EKS000018574,,,,,,,,2026-03-24 19:39:42,,,N,,0.00000,0.00000,0.00000,0.00000,,,,,,,,,,,,,0
2010942,Загрузка ручная,,MN,,,user2349,,,2026-03-24 19:39:42,2026-03-24 19:39:42,,,,,,,,,,,N,,SHIPPING_DOC,EKS000017892,,,,,,,,2026-03-24 19:39:42,,,N,,0.00000,0.00000,0.00000,0.00000,,,,,,,,,,,,,0
2010943,Загрузка ручная,,MN,,,user2349,,,2026-03-24 19:39:42,2026-03-24 19:39:42,,,,,,,,,,,N,,SHIPPING_DOC,EKS000017912,,,,,,,,2026-03-24 19:39:42,,,N,,0.00000,0.00000,0.00000,0.00000,,,,,,,,,,,,,0
2010944,Загрузка ручная,,MN,,,user2349,,,2026-03-24 19:39:42,2026-03-24 19:39:42,,,,,,,,,,,N,,SHIPPING_DOC,EKS000017937,,,,,,,,2026-03-24 19:39:42,,,N,,0.00000,0.00000,0.00000,0.00000,,,,,,,,,,,,,0
2010945,Загрузка ручная,,MN,,,user2349,,,2026-03-24 19:39:42,2026-03-24 19:39:42,,,,,,,,,,,N,,SHIPPING_DOC,EKS000017971,,,,,,,,2026-03-24 19:39:42,,,N,,0.00000,0.00000,0.00000,0.00000,,,,,,,,,,,,,0
2010946,Загрузка ручная,,MN,,,user2349,,,2026-03-24 19:39:42,2026-03-24 19:39:42,,,,,,,,,,,N,,SHIPPING_DOC,EKS000018017,,,,,,,,2026-03-24 19:39:42,,,N,,0.00000,0.00000,0.00000,0.00000,,,,,,,,,,,,,0
2010947,Загрузка ручная,,MN,,,user2349,,,2026-03-24 19:39:42,2026-03-24 19:39:42,,,,,,,,,,,N,,SHIPPING_DOC,EKS000018076,,,,,,,,2026-03-24 19:39:42,,,N,,0.00000,0.00000,0.00000,0.00000,,,,,,,,,,,,,0
2010948,Загрузка ручная,,MN,,,user2349,,,2026-03-24 19:39:42,2026-03-24 19:39:42,,,,,,,,,,,N,,SHIPPING_DOC,EKS000018087,,,,,,,,2026-03-24 19:39:42,,,N,,0.00000,0.00000,0.00000,0.00000,,,,,,,,,,,,,0
2010949,Загрузка ручная,,MN,,,user2349,,,2026-03-24 19:39:42,2026-03-24 19:39:42,,,,,,,,,,,N,,SHIPPING_DOC,EKS000018089,,,,,,,,2026-03-24 19:39:42,,,N,,0.00000,0.00000,0.00000,0.00000,,,,,,,,,,,,,0
2010950,Загрузка ручная,,MN,,,user2349,,,2026-03-24 19:39:42,2026-03-24 19:39:42,,,,,,,,,,,N,,SHIPPING_DOC,EKS000018092,,,,,,,,2026-03-24 19:39:42,,,N,,0.00000,0.00000,0.00000,0.00000,,,,,,,,,,,,,0
2010951,Загрузка ручная,,MN,,,user2349,,,2026-03-24 19:39:42,2026-03-24 19:39:42,,,,,,,,,,,N,,SHIPPING_DOC,EKS000018093,,,,,,,,2026-03-24 19:39:42,,,N,,0.00000,0.00000,0.00000,0.00000,,,,,,,,,,,,,0
2011614,Загрузка механизмами,,MN,,,user1215,,,2026-03-25 08:30:06,2026-03-25 08:30:06,,,,,,,,,,,N,,SHIPPING_DOC,EKS000018460,,,,,,,,2026-03-25 08:30:06,,,N,,0.00000,0.00000,0.00000,0.00000,,,,,,,,,,,,,0
2011615,Загрузка механизмами,,MN,,,user1215,,,2026-03-25 08:30:06,2026-03-25 08:30:06,,,,,,,,,,,N,,SHIPPING_DOC,EKS000018480,,,,,,,,2026-03-25 08:30:06,,,N,,0.00000,0.00000,0.00000,0.00000,,,,,,,,,,,,,0
2011616,Загрузка механизмами,,MN,,,user1215,,,2026-03-25 08:30:06,2026-03-25 08:30:06,,,,,,,,,,,N,,SHIPPING_DOC,EKS000018537,,,,,,,,2026-03-25 08:30:06,,,N,,0.00000,0.00000,0.00000,0.00000,,,,,,,,,,,,,0
2011617,Загрузка механизмами,,MN,,,user1215,,,2026-03-25 08:30:06,2026-03-25 08:30:06,,,,,,,,,,,N,,SHIPPING_DOC,EKS000018555,,,,,,,,2026-03-25 08:30:06,,,N,,0.00000,0.00000,0.00000,0.00000,,,,,,,,,,,,,0
2011618,Загрузка механизмами,,MN,,,user1215,,,2026-03-25 08:30:06,2026-03-25 08:30:06,,,,,,,,,,,N,,SHIPPING_DOC,EKS000018587,,,,,,,,2026-03-25 08:30:06,,,N,,0.00000,0.00000,0.00000,0.00000,,,,,,,,,,,,,0
2011619,Загрузка ручная,,MN,,,user1215,,,2026-03-25 08:30:06,2026-03-25 08:30:06,,,,,,,,,,,N,,SHIPPING_DOC,EKS000018248,,,,,,,,2026-03-25 08:30:06,,,N,,0.00000,0.00000,0.00000,0.00000,,,,,,,,,,,,,0
2011620,Загрузка ручная,,MN,,,user1215,,,2026-03-25 08:30:06,2026-03-25 08:30:06,,,,,,,,,,,N,,SHIPPING_DOC,EKS000018262,,,,,,,,2026-03-25 08:30:06,,,N,,0.00000,0.00000,0.00000,0.00000,,,,,,,,,,,,,0
2011621,Загрузка ручная,,MN,,,user1215,,,2026-03-25 08:30:06,2026-03-25 08:30:06,,,,,,,,,,,N,,SHIPPING_DOC,EKS000018271,,,,,,,,2026-03-25 08:30:06,,,N,,0.00000,0.00000,0.00000,0.00000,,,,,,,,,,,,,0
2011622,Загрузка ручная,,MN,,,user1215,,,2026-03-25 08:30:06,2026-03-25 08:30:06,,,,,,,,,,,N,,SHIPPING_DOC,EKS000018391,,,,,,,,2026-03-25 08:30:06,,,N,,0.00000,0.00000,0.00000,0.00000,,,,,,,,,,,,,0
2011623,Загрузка ручная,,MN,,,user1215,,,2026-03-25 08:30:06,2026-03-25 08:30:06,,,,,,,,,,,N,,SHIPPING_DOC,EKS000018417,,,,,,,,2026-03-25 08:30:06,,,N,,0.00000,0.00000,0.00000,0.00000,,,,,,,,,,,,,0
2011624,Загрузка ручная,,MN,,,user1215,,,2026-03-25 08:30:06,2026-03-25 08:30:06,,,,,,,,,,,N,,SHIPPING_DOC,EKS000018423,,,,,,,,2026-03-25 08:30:06,,,N,,0.00000,0.00000,0.00000,0.00000,,,,,,,,,,,,,0
2011625,Загрузка ручная,,MN,,,user1215,,,2026-03-25 08:30:06,2026-03-25 08:30:06,,,,,,,,,,,N,,SHIPPING_DOC,EKS000018429,,,,,,,,2026-03-25 08:30:06,,,N,,0.00000,0.00000,0.00000,0.00000,,,,,,,,,,,,,0
2011626,Загрузка ручная,,MN,,,user1215,,,2026-03-25 08:30:06,2026-03-25 08:30:06,,,,,,,,,,,N,,SHIPPING_DOC,EKS000018430,,,,,,,,2026-03-25 08:30:06,,,N,,0.00000,0.00000,0.00000,0.00000,,,,,,,,,,,,,0
2010050,Загрузка ручная,,MN,,,user2334,,,2026-03-24 08:01:10,2026-03-24 08:01:10,,,,,,,,,,,N,,SHIPPING_DOC,EKS000018008,,,,,,,,2026-03-24 08:01:10,,,N,,0.00000,0.00000,0.00000,0.00000,,,,,,,,,,,,,0
2010051,Загрузка ручная,,MN,,,user2334,,,2026-03-24 08:01:10,2026-03-24 08:01:10,,,,,,,,,,,N,,SHIPPING_DOC,EKS000018010,,,,,,,,2026-03-24 08:01:10,,,N,,0.00000,0.00000,0.00000,0.00000,,,,,,,,,,,,,0
2010052,Загрузка ручная,,MN,,,user2334,,,2026-03-24 08:01:10,2026-03-24 08:01:10,,,,,,,,,,,N,,SHIPPING_DOC,EKS000018113,,,,,,,,2026-03-24 08:01:10,,,N,,0.00000,0.00000,0.00000,0.00000,,,,,,,,,,,,,0
2010053,Загрузка ручная,,MN,,,user2334,,,2026-03-24 08:01:10,2026-03-24 08:01:10,,,,,,,,,,,N,,SHIPPING_DOC,EKS000018118,,,,,,,,2026-03-24 08:01:10,,,N,,0.00000,0.00000,0.00000,0.00000,,,,,,,,,,,,,0
2010054,Загрузка ручная,,MN,,,user2334,,,2026-03-24 08:01:10,2026-03-24 08:01:10,,,,,,,,,,,N,,SHIPPING_DOC,EKS000018174,,,,,,,,2026-03-24 08:01:10,,,N,,0.00000,0.00000,0.00000,0.00000,,,,,,,,,,,,,0
2010055,Загрузка ручная,,MN,,,user2334,,,2026-03-24 08:01:10,2026-03-24 08:01:10,,,,,,,,,,,N,,SHIPPING_DOC,EKS000018185,,,,,,,,2026-03-24 08:01:10,,,N,,0.00000,0.00000,0.00000,0.00000,,,,,,,,,,,,,0
2010056,Загрузка ручная,,MN,,,user2334,,,2026-03-24 08:01:10,2026-03-24 08:01:10,,,,,,,,,,,N,,SHIPPING_DOC,EKS000018188,,,,,,,,2026-03-24 08:01:10,,,N,,0.00000,0.00000,0.00000,0.00000,,,,,,,,,,,,,0
2010057,Загрузка ручная,,MN,,,user2334,,,2026-03-24 08:01:10,2026-03-24 08:01:10,,,,,,,,,,,N,,SHIPPING_DOC,EKS000018197,,,,,,,,2026-03-24 08:01:10,,,N,,0.00000,0.00000,0.00000,0.00000,,,,,,,,,,,,,0
2010058,Загрузка ручная,,MN,,,user2334,,,2026-03-24 08:01:10,2026-03-24 08:01:10,,,,,,,,,,,N,,SHIPPING_DOC,EKS000017926,,,,,,,,2026-03-24 08:01:10,,,N,,0.00000,0.00000,0.00000,0.00000,,,,,,,,,,,,,0
2010059,Загрузка механизмами,,MN,,,USER2358,,,2026-03-24 08:19:28,2026-03-24 08:19:28,,,,,,,,,,,N,,SHIPPING_DOC,EKS000017624,,,,,,,,2026-03-24 08:19:28,,,N,,0.00000,0.00000,0.00000,0.00000,,,,,,,,,,,,,0
2010060,Загрузка механизмами,,MN,,,USER2358,,,2026-03-24 08:19:28,2026-03-24 08:19:28,,,,,,,,,,,N,,SHIPPING_DOC,EKS000017675,,,,,,,,2026-03-24 08:19:28,,,N,,0.00000,0.00000,0.00000,0.00000,,,,,,,,,,,,,0
2010061,Загрузка механизмами,,MN,,,USER2358,,,2026-03-24 08:19:28,2026-03-24 08:19:28,,,,,,,,,,,N,,SHIPPING_DOC,EKS000017730,,,,,,,,2026-03-24 08:19:28,,,N,,0.00000,0.00000,0.00000,0.00000,,,,,,,,,,,,,0
2010062,Загрузка механизмами,,MN,,,USER2358,,,2026-03-24 08:19:28,2026-03-24 08:19:28,,,,,,,,,,,N,,SHIPPING_DOC,EKS000017778,,,,,,,,2026-03-24 08:19:28,,,N,,0.00000,0.00000,0.00000,0.00000,,,,,,,,,,,,,0
2010952,Загрузка ручная,,MN,,,user2349,,,2026-03-24 19:39:42,2026-03-24 19:39:42,,,,,,,,,,,N,,SHIPPING_DOC,EKS000018109,,,,,,,,2026-03-24 19:39:42,,,N,,0.00000,0.00000,0.00000,0.00000,,,,,,,,,,,,,0
2010953,Загрузка ручная,,MN,,,user2349,,,2026-03-24 19:39:42,2026-03-24 19:39:42,,,,,,,,,,,N,,SHIPPING_DOC,EKS000018141,,,,,,,,2026-03-24 19:39:42,,,N,,0.00000,0.00000,0.00000,0.00000,,,,,,,,,,,,,0
2010954,Загрузка ручная,,MN,,,user2349,,,2026-03-24 19:39:42,2026-03-24 19:39:42,,,,,,,,,,,N,,SHIPPING_DOC,EKS000018186,,,,,,,,2026-03-24 19:39:42,,,N,,0.00000,0.00000,0.00000,0.00000,,,,,,,,,,,,,0
2010955,Загрузка ручная,,MN,,,user2349,,,2026-03-24 19:39:42,2026-03-24 19:39:42,,,,,,,,,,,N,,SHIPPING_DOC,EKS000018193,,,,,,,,2026-03-24 19:39:42,,,N,,0.00000,0.00000,0.00000,0.00000,,,,,,,,,,,,,0
2010956,Загрузка ручная,,MN,,,user2349,,,2026-03-24 19:39:42,2026-03-24 19:39:42,,,,,,,,,,,N,,SHIPPING_DOC,EKS000018210,,,,,,,,2026-03-24 19:39:42,,,N,,0.00000,0.00000,0.00000,0.00000,,,,,,,,,,,,,0
2010957,Загрузка ручная,,MN,,,user2349,,,2026-03-24 19:39:42,2026-03-24 19:39:42,,,,,,,,,,,N,,SHIPPING_DOC,EKS000018291,,,,,,,,2026-03-24 19:39:42,,,N,,0.00000,0.00000,0.00000,0.00000,,,,,,,,,,,,,0
2010958,Загрузка ручная,,MN,,,user2349,,,2026-03-24 19:39:42,2026-03-24 19:39:42,,,,,,,,,,,N,,SHIPPING_DOC,EKS000018311,,,,,,,,2026-03-24 19:39:42,,,N,,0.00000,0.00000,0.00000,0.00000,,,,,,,,,,,,,0
2010959,Загрузка ручная,,MN,,,user2349,,,2026-03-24 19:39:42,2026-03-24 19:39:42,,,,,,,,,,,N,,SHIPPING_DOC,EKS000018333,,,,,,,,2026-03-24 19:39:42,,,N,,0.00000,0.00000,0.00000,0.00000,,,,,,,,,,,,,0
2010960,Загрузка ручная,,MN,,,user2349,,,2026-03-24 19:39:42,2026-03-24 19:39:42,,,,,,,,,,,N,,SHIPPING_DOC,EKS000018335,,,,,,,,2026-03-24 19:39:42,,,N,,0.00000,0.00000,0.00000,0.00000,,,,,,,,,,,,,0
2010961,Загрузка ручная,,MN,,,user2349,,,2026-03-24 19:39:42,2026-03-24 19:39:42,,,,,,,,,,,N,,SHIPPING_DOC,EKS000018370,,,,,,,,2026-03-24 19:39:42,,,N,,0.00000,0.00000,0.00000,0.00000,,,,,,,,,,,,,0
2010962,Загрузка ручная,,MN,,,user2349,,,2026-03-24 19:39:42,2026-03-24 19:39:42,,,,,,,,,,,N,,SHIPPING_DOC,EKS000018448,,,,,,,,2026-03-24 19:39:42,,,N,,0.00000,0.00000,0.00000,0.00000,,,,,,,,,,,,,0
2010963,Загрузка ручная,,MN,,,user2349,,,2026-03-24 19:39:42,2026-03-24 19:39:42,,,,,,,,,,,N,,SHIPPING_DOC,EKS000018493,,,,,,,,2026-03-24 19:39:42,,,N,,0.00000,0.00000,0.00000,0.00000,,,,,,,,,,,,,0
2010964,Загрузка ручная,,MN,,,user2349,,,2026-03-24 19:39:42,2026-03-24 19:39:42,,,,,,,,,,,N,,SHIPPING_DOC,EKS000018494,,,,,,,,2026-03-24 19:39:42,,,N,,0.00000,0.00000,0.00000,0.00000,,,,,,,,,,,,,0
2011627,Загрузка ручная,,MN,,,user1215,,,2026-03-25 08:30:06,2026-03-25 08:30:06,,,,,,,,,,,N,,SHIPPING_DOC,EKS000018460,,,,,,,,2026-03-25 08:30:06,,,N,,0.00000,0.00000,0.00000,0.00000,,,,,,,,,,,,,0
2011628,Загрузка ручная,,MN,,,user1215,,,2026-03-25 08:30:06,2026-03-25 08:30:06,,,,,,,,,,,N,,SHIPPING_DOC,EKS000018480,,,,,,,,2026-03-25 08:30:06,,,N,,0.00000,0.00000,0.00000,0.00000,,,,,,,,,,,,,0
2011629,Загрузка ручная,,MN,,,user1215,,,2026-03-25 08:30:06,2026-03-25 08:30:06,,,,,,,,,,,N,,SHIPPING_DOC,EKS000018537,,,,,,,,2026-03-25 08:30:06,,,N,,0.00000,0.00000,0.00000,0.00000,,,,,,,,,,,,,0
2011630,Загрузка ручная,,MN,,,user1215,,,2026-03-25 08:30:06,2026-03-25 08:30:06,,,,,,,,,,,N,,SHIPPING_DOC,EKS000018555,,,,,,,,2026-03-25 08:30:06,,,N,,0.00000,0.00000,0.00000,0.00000,,,,,,,,,,,,,0
2011631,Загрузка ручная,,MN,,,user1215,,,2026-03-25 08:30:06,2026-03-25 08:30:06,,,,,,,,,,,N,,SHIPPING_DOC,EKS000018587,,,,,,,,2026-03-25 08:30:06,,,N,,0.00000,0.00000,0.00000,0.00000,,,,,,,,,,,,,0
2011632,Загрузка механизмами,,MN,,,user1215,,,2026-03-25 08:42:18,2026-03-25 08:42:18,,,,,,,,,,,N,,SHIPPING_DOC,EKS000018249,,,,,,,,2026-03-25 08:42:18,,,N,,0.00000,0.00000,0.00000,0.00000,,,,,,,,,,,,,0
2011633,Загрузка механизмами,,MN,,,user1215,,,2026-03-25 08:42:18,2026-03-25 08:42:18,,,,,,,,,,,N,,SHIPPING_DOC,EKS000018289,,,,,,,,2026-03-25 08:42:18,,,N,,0.00000,0.00000,0.00000,0.00000,,,,,,,,,,,,,0
2011634,Загрузка механизмами,,MN,,,user1215,,,2026-03-25 08:42:18,2026-03-25 08:42:18,,,,,,,,,,,N,,SHIPPING_DOC,EKS000018298,,,,,,,,2026-03-25 08:42:18,,,N,,0.00000,0.00000,0.00000,0.00000,,,,,,,,,,,,,0
2011635,Загрузка механизмами,,MN,,,user1215,,,2026-03-25 08:42:18,2026-03-25 08:42:18,,,,,,,,,,,N,,SHIPPING_DOC,EKS000018410,,,,,,,,2026-03-25 08:42:18,,,N,,0.00000,0.00000,0.00000,0.00000,,,,,,,,,,,,,0
2011636,Загрузка механизмами,,MN,,,user1215,,,2026-03-25 08:42:18,2026-03-25 08:42:18,,,,,,,,,,,N,,SHIPPING_DOC,EKS000018434,,,,,,,,2026-03-25 08:42:18,,,N,,0.00000,0.00000,0.00000,0.00000,,,,,,,,,,,,,0
2011637,Загрузка механизмами,,MN,,,user1215,,,2026-03-25 08:42:18,2026-03-25 08:42:18,,,,,,,,,,,N,,SHIPPING_DOC,EKS000018436,,,,,,,,2026-03-25 08:42:18,,,N,,0.00000,0.00000,0.00000,0.00000,,,,,,,,,,,,,0
2011638,Загрузка механизмами,,MN,,,user1215,,,2026-03-25 08:42:18,2026-03-25 08:42:18,,,,,,,,,,,N,,SHIPPING_DOC,EKS000018439,,,,,,,,2026-03-25 08:42:18,,,N,,0.00000,0.00000,0.00000,0.00000,,,,,,,,,,,,,0
2011639,Загрузка механизмами,,MN,,,user1215,,,2026-03-25 08:42:18,2026-03-25 08:42:18,,,,,,,,,,,N,,SHIPPING_DOC,EKS000018440,,,,,,,,2026-03-25 08:42:18,,,N,,0.00000,0.00000,0.00000,0.00000,,,,,,,,,,,,,0
2010063,Загрузка механизмами,,MN,,,USER2358,,,2026-03-24 08:19:28,2026-03-24 08:19:28,,,,,,,,,,,N,,SHIPPING_DOC,EKS000018036,,,,,,,,2026-03-24 08:19:28,,,N,,0.00000,0.00000,0.00000,0.00000,,,,,,,,,,,,,0
2010064,Загрузка механизмами,,MN,,,USER2358,,,2026-03-24 08:19:28,2026-03-24 08:19:28,,,,,,,,,,,N,,SHIPPING_DOC,EKS000018037,,,,,,,,2026-03-24 08:19:28,,,N,,0.00000,0.00000,0.00000,0.00000,,,,,,,,,,,,,0
2010065,Загрузка механизмами,,MN,,,USER2358,,,2026-03-24 08:19:28,2026-03-24 08:19:28,,,,,,,,,,,N,,SHIPPING_DOC,EKS000018040,,,,,,,,2026-03-24 08:19:28,,,N,,0.00000,0.00000,0.00000,0.00000,,,,,,,,,,,,,0
2010066,Загрузка механизмами,,MN,,,USER2358,,,2026-03-24 08:19:28,2026-03-24 08:19:28,,,,,,,,,,,N,,SHIPPING_DOC,EKS000018112,,,,,,,,2026-03-24 08:19:28,,,N,,0.00000,0.00000,0.00000,0.00000,,,,,,,,,,,,,0
2010067,Загрузка механизмами,,MN,,,USER2358,,,2026-03-24 08:19:28,2026-03-24 08:19:28,,,,,,,,,,,N,,SHIPPING_DOC,EKS000018116,,,,,,,,2026-03-24 08:19:28,,,N,,0.00000,0.00000,0.00000,0.00000,,,,,,,,,,,,,0
2010068,Загрузка механизмами,,MN,,,USER2358,,,2026-03-24 08:19:28,2026-03-24 08:19:28,,,,,,,,,,,N,,SHIPPING_DOC,EKS000018120,,,,,,,,2026-03-24 08:19:28,,,N,,0.00000,0.00000,0.00000,0.00000,,,,,,,,,,,,,0
2010069,Загрузка механизмами,,MN,,,USER2358,,,2026-03-24 08:19:28,2026-03-24 08:19:28,,,,,,,,,,,N,,SHIPPING_DOC,EKS000018198,,,,,,,,2026-03-24 08:19:28,,,N,,0.00000,0.00000,0.00000,0.00000,,,,,,,,,,,,,0
2010070,Загрузка механизмами,,MN,,,USER2358,,,2026-03-24 08:19:28,2026-03-24 08:19:28,,,,,,,,,,,N,,SHIPPING_DOC,EKS000018199,,,,,,,,2026-03-24 08:19:28,,,N,,0.00000,0.00000,0.00000,0.00000,,,,,,,,,,,,,0
2010071,Загрузка ручная,,MN,,,USER2358,,,2026-03-24 08:19:28,2026-03-24 08:19:28,,,,,,,,,,,N,,SHIPPING_DOC,EKS000017624,,,,,,,,2026-03-24 08:19:28,,,N,,0.00000,0.00000,0.00000,0.00000,,,,,,,,,,,,,0
2010072,Загрузка ручная,,MN,,,USER2358,,,2026-03-24 08:19:28,2026-03-24 08:19:28,,,,,,,,,,,N,,SHIPPING_DOC,EKS000017675,,,,,,,,2026-03-24 08:19:28,,,N,,0.00000,0.00000,0.00000,0.00000,,,,,,,,,,,,,0
2010073,Загрузка ручная,,MN,,,USER2358,,,2026-03-24 08:19:28,2026-03-24 08:19:28,,,,,,,,,,,N,,SHIPPING_DOC,EKS000017730,,,,,,,,2026-03-24 08:19:28,,,N,,0.00000,0.00000,0.00000,0.00000,,,,,,,,,,,,,0
2010074,Загрузка ручная,,MN,,,USER2358,,,2026-03-24 08:19:28,2026-03-24 08:19:28,,,,,,,,,,,N,,SHIPPING_DOC,EKS000017778,,,,,,,,2026-03-24 08:19:28,,,N,,0.00000,0.00000,0.00000,0.00000,,,,,,,,,,,,,0
2010075,Загрузка ручная,,MN,,,USER2358,,,2026-03-24 08:19:28,2026-03-24 08:19:28,,,,,,,,,,,N,,SHIPPING_DOC,EKS000018036,,,,,,,,2026-03-24 08:19:28,,,N,,0.00000,0.00000,0.00000,0.00000,,,,,,,,,,,,,0
2010965,Загрузка ручная,,MN,,,user2349,,,2026-03-24 19:39:42,2026-03-24 19:39:42,,,,,,,,,,,N,,SHIPPING_DOC,EKS000018525,,,,,,,,2026-03-24 19:39:42,,,N,,0.00000,0.00000,0.00000,0.00000,,,,,,,,,,,,,0
2010966,Загрузка ручная,,MN,,,user2349,,,2026-03-24 19:39:42,2026-03-24 19:39:42,,,,,,,,,,,N,,SHIPPING_DOC,EKS000018572,,,,,,,,2026-03-24 19:39:42,,,N,,0.00000,0.00000,0.00000,0.00000,,,,,,,,,,,,,0
2010967,Загрузка ручная,,MN,,,user2349,,,2026-03-24 19:39:42,2026-03-24 19:39:42,,,,,,,,,,,N,,SHIPPING_DOC,EKS000018574,,,,,,,,2026-03-24 19:39:42,,,N,,0.00000,0.00000,0.00000,0.00000,,,,,,,,,,,,,0
2010968,Загрузка механизмами,,MN,,,user2349,,,2026-03-24 20:12:54,2026-03-24 20:12:54,,,,,,,,,,,N,,SHIPPING_DOC,EKS000017904,,,,,,,,2026-03-24 20:12:54,,,N,,0.00000,0.00000,0.00000,0.00000,,,,,,,,,,,,,0
2010969,Загрузка механизмами,,MN,,,user2349,,,2026-03-24 20:12:54,2026-03-24 20:12:54,,,,,,,,,,,N,,SHIPPING_DOC,EKS000017909,,,,,,,,2026-03-24 20:12:54,,,N,,0.00000,0.00000,0.00000,0.00000,,,,,,,,,,,,,0
2010970,Загрузка механизмами,,MN,,,user2349,,,2026-03-24 20:12:54,2026-03-24 20:12:54,,,,,,,,,,,N,,SHIPPING_DOC,EKS000017910,,,,,,,,2026-03-24 20:12:54,,,N,,0.00000,0.00000,0.00000,0.00000,,,,,,,,,,,,,0
2010971,Загрузка механизмами,,MN,,,user2349,,,2026-03-24 20:12:54,2026-03-24 20:12:54,,,,,,,,,,,N,,SHIPPING_DOC,EKS000017911,,,,,,,,2026-03-24 20:12:54,,,N,,0.00000,0.00000,0.00000,0.00000,,,,,,,,,,,,,0
2010972,Загрузка механизмами,,MN,,,user2349,,,2026-03-24 20:12:54,2026-03-24 20:12:54,,,,,,,,,,,N,,SHIPPING_DOC,EKS000017913,,,,,,,,2026-03-24 20:12:54,,,N,,0.00000,0.00000,0.00000,0.00000,,,,,,,,,,,,,0
2010973,Загрузка механизмами,,MN,,,user2349,,,2026-03-24 20:12:54,2026-03-24 20:12:54,,,,,,,,,,,N,,SHIPPING_DOC,EKS000017914,,,,,,,,2026-03-24 20:12:54,,,N,,0.00000,0.00000,0.00000,0.00000,,,,,,,,,,,,,0
2010974,Загрузка механизмами,,MN,,,user2349,,,2026-03-24 20:12:54,2026-03-24 20:12:54,,,,,,,,,,,N,,SHIPPING_DOC,EKS000017916,,,,,,,,2026-03-24 20:12:54,,,N,,0.00000,0.00000,0.00000,0.00000,,,,,,,,,,,,,0
2010975,Загрузка механизмами,,MN,,,user2349,,,2026-03-24 20:12:54,2026-03-24 20:12:54,,,,,,,,,,,N,,SHIPPING_DOC,EKS000017917,,,,,,,,2026-03-24 20:12:54,,,N,,0.00000,0.00000,0.00000,0.00000,,,,,,,,,,,,,0
2010976,Загрузка механизмами,,MN,,,user2349,,,2026-03-24 20:12:54,2026-03-24 20:12:54,,,,,,,,,,,N,,SHIPPING_DOC,EKS000017924,,,,,,,,2026-03-24 20:12:54,,,N,,0.00000,0.00000,0.00000,0.00000,,,,,,,,,,,,,0
2010977,Загрузка механизмами,,MN,,,user2349,,,2026-03-24 20:12:54,2026-03-24 20:12:54,,,,,,,,,,,N,,SHIPPING_DOC,EKS000017945,,,,,,,,2026-03-24 20:12:54,,,N,,0.00000,0.00000,0.00000,0.00000,,,,,,,,,,,,,0
2011640,Загрузка механизмами,,MN,,,user1215,,,2026-03-25 08:42:18,2026-03-25 08:42:18,,,,,,,,,,,N,,SHIPPING_DOC,EKS000018482,,,,,,,,2026-03-25 08:42:18,,,N,,0.00000,0.00000,0.00000,0.00000,,,,,,,,,,,,,0
2011641,Загрузка механизмами,,MN,,,user1215,,,2026-03-25 08:42:18,2026-03-25 08:42:18,,,,,,,,,,,N,,SHIPPING_DOC,EKS000018498,,,,,,,,2026-03-25 08:42:18,,,N,,0.00000,0.00000,0.00000,0.00000,,,,,,,,,,,,,0
2011642,Загрузка механизмами,,MN,,,user1215,,,2026-03-25 08:42:18,2026-03-25 08:42:18,,,,,,,,,,,N,,SHIPPING_DOC,EKS000018550,,,,,,,,2026-03-25 08:42:18,,,N,,0.00000,0.00000,0.00000,0.00000,,,,,,,,,,,,,0
2011643,Загрузка механизмами,,MN,,,user1215,,,2026-03-25 08:42:18,2026-03-25 08:42:18,,,,,,,,,,,N,,SHIPPING_DOC,EKS000018551,,,,,,,,2026-03-25 08:42:18,,,N,,0.00000,0.00000,0.00000,0.00000,,,,,,,,,,,,,0
2011644,Загрузка механизмами,,MN,,,user1215,,,2026-03-25 08:42:18,2026-03-25 08:42:18,,,,,,,,,,,N,,SHIPPING_DOC,EKS000018588,,,,,,,,2026-03-25 08:42:18,,,N,,0.00000,0.00000,0.00000,0.00000,,,,,,,,,,,,,0
2011645,Загрузка механизмами,,MN,,,user1215,,,2026-03-25 08:42:18,2026-03-25 08:42:18,,,,,,,,,,,N,,SHIPPING_DOC,EKS000018593,,,,,,,,2026-03-25 08:42:18,,,N,,0.00000,0.00000,0.00000,0.00000,,,,,,,,,,,,,0
2011646,Загрузка ручная,,MN,,,user1215,,,2026-03-25 08:42:18,2026-03-25 08:42:18,,,,,,,,,,,N,,SHIPPING_DOC,EKS000018249,,,,,,,,2026-03-25 08:42:18,,,N,,0.00000,0.00000,0.00000,0.00000,,,,,,,,,,,,,0
2011647,Загрузка ручная,,MN,,,user1215,,,2026-03-25 08:42:18,2026-03-25 08:42:18,,,,,,,,,,,N,,SHIPPING_DOC,EKS000018289,,,,,,,,2026-03-25 08:42:18,,,N,,0.00000,0.00000,0.00000,0.00000,,,,,,,,,,,,,0
2011648,Загрузка ручная,,MN,,,user1215,,,2026-03-25 08:42:18,2026-03-25 08:42:18,,,,,,,,,,,N,,SHIPPING_DOC,EKS000018298,,,,,,,,2026-03-25 08:42:18,,,N,,0.00000,0.00000,0.00000,0.00000,,,,,,,,,,,,,0
2011649,Загрузка ручная,,MN,,,user1215,,,2026-03-25 08:42:18,2026-03-25 08:42:18,,,,,,,,,,,N,,SHIPPING_DOC,EKS000018410,,,,,,,,2026-03-25 08:42:18,,,N,,0.00000,0.00000,0.00000,0.00000,,,,,,,,,,,,,0
2011650,Загрузка ручная,,MN,,,user1215,,,2026-03-25 08:42:18,2026-03-25 08:42:18,,,,,,,,,,,N,,SHIPPING_DOC,EKS000018434,,,,,,,,2026-03-25 08:42:18,,,N,,0.00000,0.00000,0.00000,0.00000,,,,,,,,,,,,,0
2011651,Загрузка ручная,,MN,,,user1215,,,2026-03-25 08:42:18,2026-03-25 08:42:18,,,,,,,,,,,N,,SHIPPING_DOC,EKS000018436,,,,,,,,2026-03-25 08:42:18,,,N,,0.00000,0.00000,0.00000,0.00000,,,,,,,,,,,,,0
2011652,Загрузка ручная,,MN,,,user1215,,,2026-03-25 08:42:18,2026-03-25 08:42:18,,,,,,,,,,,N,,SHIPPING_DOC,EKS000018439,,,,,,,,2026-03-25 08:42:18,,,N,,0.00000,0.00000,0.00000,0.00000,,,,,,,,,,,,,0
2010076,Загрузка ручная,,MN,,,USER2358,,,2026-03-24 08:19:28,2026-03-24 08:19:28,,,,,,,,,,,N,,SHIPPING_DOC,EKS000018037,,,,,,,,2026-03-24 08:19:28,,,N,,0.00000,0.00000,0.00000,0.00000,,,,,,,,,,,,,0
2010077,Загрузка ручная,,MN,,,USER2358,,,2026-03-24 08:19:28,2026-03-24 08:19:28,,,,,,,,,,,N,,SHIPPING_DOC,EKS000018040,,,,,,,,2026-03-24 08:19:28,,,N,,0.00000,0.00000,0.00000,0.00000,,,,,,,,,,,,,0
2010078,Загрузка ручная,,MN,,,USER2358,,,2026-03-24 08:19:28,2026-03-24 08:19:28,,,,,,,,,,,N,,SHIPPING_DOC,EKS000018112,,,,,,,,2026-03-24 08:19:28,,,N,,0.00000,0.00000,0.00000,0.00000,,,,,,,,,,,,,0
2010079,Загрузка ручная,,MN,,,USER2358,,,2026-03-24 08:19:28,2026-03-24 08:19:28,,,,,,,,,,,N,,SHIPPING_DOC,EKS000018116,,,,,,,,2026-03-24 08:19:28,,,N,,0.00000,0.00000,0.00000,0.00000,,,,,,,,,,,,,0
2010080,Загрузка ручная,,MN,,,USER2358,,,2026-03-24 08:19:28,2026-03-24 08:19:28,,,,,,,,,,,N,,SHIPPING_DOC,EKS000018120,,,,,,,,2026-03-24 08:19:28,,,N,,0.00000,0.00000,0.00000,0.00000,,,,,,,,,,,,,0
2010081,Загрузка ручная,,MN,,,USER2358,,,2026-03-24 08:19:28,2026-03-24 08:19:28,,,,,,,,,,,N,,SHIPPING_DOC,EKS000018198,,,,,,,,2026-03-24 08:19:28,,,N,,0.00000,0.00000,0.00000,0.00000,,,,,,,,,,,,,0
2010082,Загрузка ручная,,MN,,,USER2358,,,2026-03-24 08:19:28,2026-03-24 08:19:28,,,,,,,,,,,N,,SHIPPING_DOC,EKS000018199,,,,,,,,2026-03-24 08:19:28,,,N,,0.00000,0.00000,0.00000,0.00000,,,,,,,,,,,,,0
2010083,Загрузка механизмами,,MN,,,user2249,,,2026-03-24 08:31:02,2026-03-24 08:31:02,,,,,,,,,,,N,,SHIPPING_DOC,EKS000017918,,,,,,,,2026-03-24 08:31:02,,,N,,0.00000,0.00000,0.00000,0.00000,,,,,,,,,,,,,0
2010084,Загрузка механизмами,,MN,,,USER2358,,,2026-03-24 08:31:14,2026-03-24 08:31:14,,,,,,,,,,,N,,SHIPPING_DOC,EKS000018046,,,,,,,,2026-03-24 08:31:14,,,N,,0.00000,0.00000,0.00000,0.00000,,,,,,,,,,,,,0
2010085,Загрузка ручная,,MN,,,USER2358,,,2026-03-24 08:31:14,2026-03-24 08:31:14,,,,,,,,,,,N,,SHIPPING_DOC,EKS000018046,,,,,,,,2026-03-24 08:31:14,,,N,,0.00000,0.00000,0.00000,0.00000,,,,,,,,,,,,,0
2010086,Разгрузка механизмами,,MN,,,user2361,,,2026-03-24 08:43:46,2026-03-24 08:43:46,,,,,,,,,,,N,,RECEIPT_DOC,eks000005796,,,,,,,,2026-03-24 08:43:46,,,N,,0.00000,0.00000,0.00000,0.00000,,,,,,,,,,,,,0
2010087,Разгрузка ручная,,MN,,,user2361,,,2026-03-24 08:43:46,2026-03-24 08:43:46,,,,,,,,,,,N,,RECEIPT_DOC,eks000005796,,,,,,,,2026-03-24 08:43:46,,,N,,0.00000,0.00000,0.00000,0.00000,,,,,,,,,,,,,0
2010088,Разгрузка механизмами,,MN,,,user2361,,,2026-03-24 08:43:50,2026-03-24 08:43:50,,,,,,,,,,,N,,RECEIPT_DOC,eks000005797,,,,,,,,2026-03-24 08:43:50,,,N,,0.00000,0.00000,0.00000,0.00000,,,,,,,,,,,,,0
2010978,Загрузка механизмами,,MN,,,user2349,,,2026-03-24 20:12:54,2026-03-24 20:12:54,,,,,,,,,,,N,,SHIPPING_DOC,EKS000017946,,,,,,,,2026-03-24 20:12:54,,,N,,0.00000,0.00000,0.00000,0.00000,,,,,,,,,,,,,0
2010979,Загрузка механизмами,,MN,,,user2349,,,2026-03-24 20:12:54,2026-03-24 20:12:54,,,,,,,,,,,N,,SHIPPING_DOC,EKS000017947,,,,,,,,2026-03-24 20:12:54,,,N,,0.00000,0.00000,0.00000,0.00000,,,,,,,,,,,,,0
2010980,Загрузка механизмами,,MN,,,user2349,,,2026-03-24 20:12:54,2026-03-24 20:12:54,,,,,,,,,,,N,,SHIPPING_DOC,EKS000017950,,,,,,,,2026-03-24 20:12:54,,,N,,0.00000,0.00000,0.00000,0.00000,,,,,,,,,,,,,0
2010981,Загрузка механизмами,,MN,,,user2349,,,2026-03-24 20:12:54,2026-03-24 20:12:54,,,,,,,,,,,N,,SHIPPING_DOC,EKS000017956,,,,,,,,2026-03-24 20:12:54,,,N,,0.00000,0.00000,0.00000,0.00000,,,,,,,,,,,,,0
2010982,Загрузка механизмами,,MN,,,user2349,,,2026-03-24 20:12:54,2026-03-24 20:12:54,,,,,,,,,,,N,,SHIPPING_DOC,EKS000017959,,,,,,,,2026-03-24 20:12:54,,,N,,0.00000,0.00000,0.00000,0.00000,,,,,,,,,,,,,0
2010983,Загрузка механизмами,,MN,,,user2349,,,2026-03-24 20:12:54,2026-03-24 20:12:54,,,,,,,,,,,N,,SHIPPING_DOC,EKS000017961,,,,,,,,2026-03-24 20:12:54,,,N,,0.00000,0.00000,0.00000,0.00000,,,,,,,,,,,,,0
2010984,Загрузка механизмами,,MN,,,user2349,,,2026-03-24 20:12:54,2026-03-24 20:12:54,,,,,,,,,,,N,,SHIPPING_DOC,EKS000017977,,,,,,,,2026-03-24 20:12:54,,,N,,0.00000,0.00000,0.00000,0.00000,,,,,,,,,,,,,0
2010985,Загрузка механизмами,,MN,,,user2349,,,2026-03-24 20:12:54,2026-03-24 20:12:54,,,,,,,,,,,N,,SHIPPING_DOC,EKS000017981,,,,,,,,2026-03-24 20:12:54,,,N,,0.00000,0.00000,0.00000,0.00000,,,,,,,,,,,,,0
2010986,Загрузка механизмами,,MN,,,user2349,,,2026-03-24 20:12:54,2026-03-24 20:12:54,,,,,,,,,,,N,,SHIPPING_DOC,EKS000017984,,,,,,,,2026-03-24 20:12:54,,,N,,0.00000,0.00000,0.00000,0.00000,,,,,,,,,,,,,0
2010987,Загрузка механизмами,,MN,,,user2349,,,2026-03-24 20:12:54,2026-03-24 20:12:54,,,,,,,,,,,N,,SHIPPING_DOC,EKS000017985,,,,,,,,2026-03-24 20:12:54,,,N,,0.00000,0.00000,0.00000,0.00000,,,,,,,,,,,,,0
2010988,Загрузка механизмами,,MN,,,user2349,,,2026-03-24 20:12:54,2026-03-24 20:12:54,,,,,,,,,,,N,,SHIPPING_DOC,EKS000018002,,,,,,,,2026-03-24 20:12:54,,,N,,0.00000,0.00000,0.00000,0.00000,,,,,,,,,,,,,0
2010989,Загрузка механизмами,,MN,,,user2349,,,2026-03-24 20:12:54,2026-03-24 20:12:54,,,,,,,,,,,N,,SHIPPING_DOC,EKS000018006,,,,,,,,2026-03-24 20:12:54,,,N,,0.00000,0.00000,0.00000,0.00000,,,,,,,,,,,,,0
2011653,Загрузка ручная,,MN,,,user1215,,,2026-03-25 08:42:18,2026-03-25 08:42:18,,,,,,,,,,,N,,SHIPPING_DOC,EKS000018440,,,,,,,,2026-03-25 08:42:18,,,N,,0.00000,0.00000,0.00000,0.00000,,,,,,,,,,,,,0
2011654,Загрузка ручная,,MN,,,user1215,,,2026-03-25 08:42:18,2026-03-25 08:42:18,,,,,,,,,,,N,,SHIPPING_DOC,EKS000018482,,,,,,,,2026-03-25 08:42:18,,,N,,0.00000,0.00000,0.00000,0.00000,,,,,,,,,,,,,0
2011655,Загрузка ручная,,MN,,,user1215,,,2026-03-25 08:42:18,2026-03-25 08:42:18,,,,,,,,,,,N,,SHIPPING_DOC,EKS000018498,,,,,,,,2026-03-25 08:42:18,,,N,,0.00000,0.00000,0.00000,0.00000,,,,,,,,,,,,,0
2011656,Загрузка ручная,,MN,,,user1215,,,2026-03-25 08:42:18,2026-03-25 08:42:18,,,,,,,,,,,N,,SHIPPING_DOC,EKS000018550,,,,,,,,2026-03-25 08:42:18,,,N,,0.00000,0.00000,0.00000,0.00000,,,,,,,,,,,,,0
2011657,Загрузка ручная,,MN,,,user1215,,,2026-03-25 08:42:18,2026-03-25 08:42:18,,,,,,,,,,,N,,SHIPPING_DOC,EKS000018551,,,,,,,,2026-03-25 08:42:18,,,N,,0.00000,0.00000,0.00000,0.00000,,,,,,,,,,,,,0
2011658,Загрузка ручная,,MN,,,user1215,,,2026-03-25 08:42:18,2026-03-25 08:42:18,,,,,,,,,,,N,,SHIPPING_DOC,EKS000018588,,,,,,,,2026-03-25 08:42:18,,,N,,0.00000,0.00000,0.00000,0.00000,,,,,,,,,,,,,0
2011659,Загрузка ручная,,MN,,,user1215,,,2026-03-25 08:42:18,2026-03-25 08:42:18,,,,,,,,,,,N,,SHIPPING_DOC,EKS000018593,,,,,,,,2026-03-25 08:42:18,,,N,,0.00000,0.00000,0.00000,0.00000,,,,,,,,,,,,,0
2011660,Загрузка механизмами,,MN,,,USER1319,,,2026-03-25 08:51:03,2026-03-25 08:51:03,,,,,,,,,,,N,,SHIPPING_DOC,EKS000018488,,,,,,,,2026-03-25 08:51:03,,,N,,0.00000,0.00000,0.00000,0.00000,,,,,,,,,,,,,0
2011661,Загрузка ручная,,MN,,,USER1319,,,2026-03-25 08:51:03,2026-03-25 08:51:03,,,,,,,,,,,N,,SHIPPING_DOC,EKS000018488,,,,,,,,2026-03-25 08:51:03,,,N,,0.00000,0.00000,0.00000,0.00000,,,,,,,,,,,,,0
2011662,Разгрузка ручная,,MN,,,user1199,,,2026-03-25 08:57:53,2026-03-25 08:57:53,,,,,,,,,,,N,,RECEIPT_DOC,EKS000005936,,,,,,,,2026-03-25 08:57:53,,,N,,0.00000,0.00000,0.00000,0.00000,,,,,,,,,,,,,0
2011663,Разгрузка ручная,,MN,,,user1199,,,2026-03-25 08:58:01,2026-03-25 08:58:01,,,,,,,,,,,N,,RECEIPT_DOC,EKS000005937,,,,,,,,2026-03-25 08:58:01,,,N,,0.00000,0.00000,0.00000,0.00000,,,,,,,,,,,,,0
2011664,Загрузка механизмами,,MN,,,USER1319,,,2026-03-25 09:01:12,2026-03-25 09:01:12,,,,,,,,,,,N,,SHIPPING_DOC,EKS000017699,,,,,,,,2026-03-25 09:01:12,,,N,,0.00000,0.00000,0.00000,0.00000,,,,,,,,,,,,,0
2011665,Загрузка механизмами,,MN,,,USER1319,,,2026-03-25 09:01:12,2026-03-25 09:01:12,,,,,,,,,,,N,,SHIPPING_DOC,EKS000018569,,,,,,,,2026-03-25 09:01:12,,,N,,0.00000,0.00000,0.00000,0.00000,,,,,,,,,,,,,0
2010089,Разгрузка ручная,,MN,,,user2361,,,2026-03-24 08:43:50,2026-03-24 08:43:50,,,,,,,,,,,N,,RECEIPT_DOC,eks000005797,,,,,,,,2026-03-24 08:43:50,,,N,,0.00000,0.00000,0.00000,0.00000,,,,,,,,,,,,,0
2010090,Разгрузка механизмами,,MN,,,user2361,,,2026-03-24 08:49:08,2026-03-24 08:49:08,,,,,,,,,,,N,,RECEIPT_DOC,EKS000005798,,,,,,,,2026-03-24 08:49:08,,,N,,0.00000,0.00000,0.00000,0.00000,,,,,,,,,,,,,0
2010091,Разгрузка ручная,,MN,,,user2361,,,2026-03-24 08:49:08,2026-03-24 08:49:08,,,,,,,,,,,N,,RECEIPT_DOC,EKS000005798,,,,,,,,2026-03-24 08:49:08,,,N,,0.00000,0.00000,0.00000,0.00000,,,,,,,,,,,,,0
2010092,Загрузка механизмами,,MN,,,user2349,,,2026-03-24 09:03:03,2026-03-24 09:03:03,,,,,,,,,,,N,,SHIPPING_DOC,EKS000018052,,,,,,,,2026-03-24 09:03:03,,,N,,0.00000,0.00000,0.00000,0.00000,,,,,,,,,,,,,0
2010093,Загрузка ручная,,MN,,,user2349,,,2026-03-24 09:03:03,2026-03-24 09:03:03,,,,,,,,,,,N,,SHIPPING_DOC,EKS000018052,,,,,,,,2026-03-24 09:03:03,,,N,,0.00000,0.00000,0.00000,0.00000,,,,,,,,,,,,,0
2010094,Загрузка механизмами,,MN,,,USER2358,,,2026-03-24 09:06:18,2026-03-24 09:06:18,,,,,,,,,,,N,,SHIPPING_DOC,EKS000017270,,,,,,,,2026-03-24 09:06:18,,,N,,0.00000,0.00000,0.00000,0.00000,,,,,,,,,,,,,0
2010095,Загрузка ручная,,MN,,,USER2358,,,2026-03-24 09:06:18,2026-03-24 09:06:18,,,,,,,,,,,N,,SHIPPING_DOC,EKS000017270,,,,,,,,2026-03-24 09:06:18,,,N,,0.00000,0.00000,0.00000,0.00000,,,,,,,,,,,,,0
2010096,Загрузка механизмами,,MN,,,USER2358,,,2026-03-24 09:10:04,2026-03-24 09:10:04,,,,,,,,,,,N,,SHIPPING_DOC,EKS000017986,,,,,,,,2026-03-24 09:10:04,,,N,,0.00000,0.00000,0.00000,0.00000,,,,,,,,,,,,,0
2010097,Загрузка ручная,,MN,,,USER2358,,,2026-03-24 09:10:04,2026-03-24 09:10:04,,,,,,,,,,,N,,SHIPPING_DOC,EKS000017986,,,,,,,,2026-03-24 09:10:04,,,N,,0.00000,0.00000,0.00000,0.00000,,,,,,,,,,,,,0
2010098,Загрузка механизмами,,MN,,,e.ulishchenko,,,2026-03-24 09:11:38,2026-03-24 09:11:38,,,,,,,,,,,N,,SHIPPING_DOC,EKS000016581,,,,,,,,2026-03-24 09:11:38,,,N,,0.00000,0.00000,0.00000,0.00000,,,,,,,,,,,,,0
2010099,Загрузка механизмами,,MN,,,e.ulishchenko,,,2026-03-24 09:11:38,2026-03-24 09:11:38,,,,,,,,,,,N,,SHIPPING_DOC,EKS000016583,,,,,,,,2026-03-24 09:11:38,,,N,,0.00000,0.00000,0.00000,0.00000,,,,,,,,,,,,,0
2010100,Загрузка механизмами,,MN,,,e.ulishchenko,,,2026-03-24 09:11:38,2026-03-24 09:11:38,,,,,,,,,,,N,,SHIPPING_DOC,EKS000018160,,,,,,,,2026-03-24 09:11:38,,,N,,0.00000,0.00000,0.00000,0.00000,,,,,,,,,,,,,0
2010101,Загрузка механизмами,,MN,,,e.ulishchenko,,,2026-03-24 09:11:38,2026-03-24 09:11:38,,,,,,,,,,,N,,SHIPPING_DOC,EKS000018161,,,,,,,,2026-03-24 09:11:38,,,N,,0.00000,0.00000,0.00000,0.00000,,,,,,,,,,,,,0
2010990,Загрузка механизмами,,MN,,,user2349,,,2026-03-24 20:12:54,2026-03-24 20:12:54,,,,,,,,,,,N,,SHIPPING_DOC,EKS000018009,,,,,,,,2026-03-24 20:12:54,,,N,,0.00000,0.00000,0.00000,0.00000,,,,,,,,,,,,,0
2010991,Загрузка механизмами,,MN,,,user2349,,,2026-03-24 20:12:54,2026-03-24 20:12:54,,,,,,,,,,,N,,SHIPPING_DOC,EKS000018011,,,,,,,,2026-03-24 20:12:54,,,N,,0.00000,0.00000,0.00000,0.00000,,,,,,,,,,,,,0
2010992,Загрузка механизмами,,MN,,,user2349,,,2026-03-24 20:12:54,2026-03-24 20:12:54,,,,,,,,,,,N,,SHIPPING_DOC,EKS000018013,,,,,,,,2026-03-24 20:12:54,,,N,,0.00000,0.00000,0.00000,0.00000,,,,,,,,,,,,,0
2010993,Загрузка механизмами,,MN,,,user2349,,,2026-03-24 20:12:54,2026-03-24 20:12:54,,,,,,,,,,,N,,SHIPPING_DOC,EKS000018021,,,,,,,,2026-03-24 20:12:54,,,N,,0.00000,0.00000,0.00000,0.00000,,,,,,,,,,,,,0
2010994,Загрузка механизмами,,MN,,,user2349,,,2026-03-24 20:12:54,2026-03-24 20:12:54,,,,,,,,,,,N,,SHIPPING_DOC,EKS000018043,,,,,,,,2026-03-24 20:12:54,,,N,,0.00000,0.00000,0.00000,0.00000,,,,,,,,,,,,,0
2010995,Загрузка механизмами,,MN,,,user2349,,,2026-03-24 20:12:54,2026-03-24 20:12:54,,,,,,,,,,,N,,SHIPPING_DOC,TR-23/03/2026-03,,,,,,,,2026-03-24 20:12:54,,,N,,0.00000,0.00000,0.00000,0.00000,,,,,,,,,,,,,0
2010996,Загрузка механизмами,,MN,,,user2349,,,2026-03-24 20:12:54,2026-03-24 20:12:54,,,,,,,,,,,N,,SHIPPING_DOC,EKS000018049,,,,,,,,2026-03-24 20:12:54,,,N,,0.00000,0.00000,0.00000,0.00000,,,,,,,,,,,,,0
2010997,Загрузка механизмами,,MN,,,user2349,,,2026-03-24 20:12:54,2026-03-24 20:12:54,,,,,,,,,,,N,,SHIPPING_DOC,EKS000018053,,,,,,,,2026-03-24 20:12:54,,,N,,0.00000,0.00000,0.00000,0.00000,,,,,,,,,,,,,0
2010998,Загрузка механизмами,,MN,,,user2349,,,2026-03-24 20:12:54,2026-03-24 20:12:54,,,,,,,,,,,N,,SHIPPING_DOC,EKS000018056,,,,,,,,2026-03-24 20:12:54,,,N,,0.00000,0.00000,0.00000,0.00000,,,,,,,,,,,,,0
2010999,Загрузка механизмами,,MN,,,user2349,,,2026-03-24 20:12:54,2026-03-24 20:12:54,,,,,,,,,,,N,,SHIPPING_DOC,EKS000018058,,,,,,,,2026-03-24 20:12:54,,,N,,0.00000,0.00000,0.00000,0.00000,,,,,,,,,,,,,0
2011000,Загрузка механизмами,,MN,,,user2349,,,2026-03-24 20:12:54,2026-03-24 20:12:54,,,,,,,,,,,N,,SHIPPING_DOC,EKS000018074,,,,,,,,2026-03-24 20:12:54,,,N,,0.00000,0.00000,0.00000,0.00000,,,,,,,,,,,,,0
2011001,Загрузка механизмами,,MN,,,user2349,,,2026-03-24 20:12:54,2026-03-24 20:12:54,,,,,,,,,,,N,,SHIPPING_DOC,EKS000018075,,,,,,,,2026-03-24 20:12:54,,,N,,0.00000,0.00000,0.00000,0.00000,,,,,,,,,,,,,0
2010102,Загрузка механизмами,,MN,,,e.ulishchenko,,,2026-03-24 09:11:38,2026-03-24 09:11:38,,,,,,,,,,,N,,SHIPPING_DOC,EKS000018167,,,,,,,,2026-03-24 09:11:38,,,N,,0.00000,0.00000,0.00000,0.00000,,,,,,,,,,,,,0
2010103,Загрузка ручная,,MN,,,e.ulishchenko,,,2026-03-24 09:11:38,2026-03-24 09:11:38,,,,,,,,,,,N,,SHIPPING_DOC,EKS000016581,,,,,,,,2026-03-24 09:11:38,,,N,,0.00000,0.00000,0.00000,0.00000,,,,,,,,,,,,,0
2010104,Загрузка ручная,,MN,,,e.ulishchenko,,,2026-03-24 09:11:38,2026-03-24 09:11:38,,,,,,,,,,,N,,SHIPPING_DOC,EKS000016583,,,,,,,,2026-03-24 09:11:38,,,N,,0.00000,0.00000,0.00000,0.00000,,,,,,,,,,,,,0
2010105,Загрузка ручная,,MN,,,e.ulishchenko,,,2026-03-24 09:11:38,2026-03-24 09:11:38,,,,,,,,,,,N,,SHIPPING_DOC,EKS000018160,,,,,,,,2026-03-24 09:11:38,,,N,,0.00000,0.00000,0.00000,0.00000,,,,,,,,,,,,,0
2010106,Загрузка ручная,,MN,,,e.ulishchenko,,,2026-03-24 09:11:38,2026-03-24 09:11:38,,,,,,,,,,,N,,SHIPPING_DOC,EKS000018161,,,,,,,,2026-03-24 09:11:38,,,N,,0.00000,0.00000,0.00000,0.00000,,,,,,,,,,,,,0
2010107,Загрузка ручная,,MN,,,e.ulishchenko,,,2026-03-24 09:11:38,2026-03-24 09:11:38,,,,,,,,,,,N,,SHIPPING_DOC,EKS000018167,,,,,,,,2026-03-24 09:11:38,,,N,,0.00000,0.00000,0.00000,0.00000,,,,,,,,,,,,,0
2010108,Загрузка механизмами,,MN,,,USER2358,,,2026-03-24 09:19:16,2026-03-24 09:19:16,,,,,,,,,,,N,,SHIPPING_DOC,ESS000000023,,,,,,,,2026-03-24 09:19:16,,,N,,0.00000,0.00000,0.00000,0.00000,,,,,,,,,,,,,0
2010109,Загрузка ручная,,MN,,,USER2358,,,2026-03-24 09:19:16,2026-03-24 09:19:16,,,,,,,,,,,N,,SHIPPING_DOC,ESS000000023,,,,,,,,2026-03-24 09:19:16,,,N,,0.00000,0.00000,0.00000,0.00000,,,,,,,,,,,,,0
2010110,Загрузка механизмами,,MN,,,USER2358,,,2026-03-24 09:22:31,2026-03-24 09:22:31,,,,,,,,,,,N,,SHIPPING_DOC,EKS000018178,,,,,,,,2026-03-24 09:22:31,,,N,,0.00000,0.00000,0.00000,0.00000,,,,,,,,,,,,,0
2010111,Загрузка механизмами,,MN,,,USER2358,,,2026-03-24 09:22:31,2026-03-24 09:22:31,,,,,,,,,,,N,,SHIPPING_DOC,EKS000018180,,,,,,,,2026-03-24 09:22:31,,,N,,0.00000,0.00000,0.00000,0.00000,,,,,,,,,,,,,0
2010112,Загрузка ручная,,MN,,,USER2358,,,2026-03-24 09:22:31,2026-03-24 09:22:31,,,,,,,,,,,N,,SHIPPING_DOC,EKS000018178,,,,,,,,2026-03-24 09:22:31,,,N,,0.00000,0.00000,0.00000,0.00000,,,,,,,,,,,,,0
2010113,Загрузка ручная,,MN,,,USER2358,,,2026-03-24 09:22:31,2026-03-24 09:22:31,,,,,,,,,,,N,,SHIPPING_DOC,EKS000018180,,,,,,,,2026-03-24 09:22:31,,,N,,0.00000,0.00000,0.00000,0.00000,,,,,,,,,,,,,0
2010114,Загрузка механизмами,,MN,,,e.ulishchenko,,,2026-03-24 09:23:51,2026-03-24 09:23:51,,,,,,,,,,,N,,SHIPPING_DOC,EKS000017992,,,,,,,,2026-03-24 09:23:51,,,N,,0.00000,0.00000,0.00000,0.00000,,,,,,,,,,,,,0
2010115,Загрузка механизмами,,MN,,,e.ulishchenko,,,2026-03-24 09:23:51,2026-03-24 09:23:51,,,,,,,,,,,N,,SHIPPING_DOC,EKS000017994,,,,,,,,2026-03-24 09:23:51,,,N,,0.00000,0.00000,0.00000,0.00000,,,,,,,,,,,,,0
2010116,Загрузка ручная,,MN,,,e.ulishchenko,,,2026-03-24 09:23:51,2026-03-24 09:23:51,,,,,,,,,,,N,,SHIPPING_DOC,EKS000017992,,,,,,,,2026-03-24 09:23:51,,,N,,0.00000,0.00000,0.00000,0.00000,,,,,,,,,,,,,0
2010117,Загрузка ручная,,MN,,,e.ulishchenko,,,2026-03-24 09:23:51,2026-03-24 09:23:51,,,,,,,,,,,N,,SHIPPING_DOC,EKS000017994,,,,,,,,2026-03-24 09:23:51,,,N,,0.00000,0.00000,0.00000,0.00000,,,,,,,,,,,,,0
2010118,Разгрузка механизмами,,MN,,,user2361,,,2026-03-24 09:25:41,2026-03-24 09:25:41,,,,,,,,,,,N,,RECEIPT_DOC,EKS000005802,,,,,,,,2026-03-24 09:25:41,,,N,,0.00000,0.00000,0.00000,0.00000,,,,,,,,,,,,,0
2010119,Разгрузка ручная,,MN,,,user2361,,,2026-03-24 09:25:41,2026-03-24 09:25:41,,,,,,,,,,,N,,RECEIPT_DOC,EKS000005802,,,,,,,,2026-03-24 09:25:41,,,N,,0.00000,0.00000,0.00000,0.00000,,,,,,,,,,,,,0
2010120,Загрузка механизмами,,MN,,,USER2358,,,2026-03-24 09:29:41,2026-03-24 09:29:41,,,,,,,,,,,N,,SHIPPING_DOC,EKS000018085,,,,,,,,2026-03-24 09:29:41,,,N,,0.00000,0.00000,0.00000,0.00000,,,,,,,,,,,,,0
2010121,Загрузка механизмами,,MN,,,USER2358,,,2026-03-24 09:29:41,2026-03-24 09:29:41,,,,,,,,,,,N,,SHIPPING_DOC,EKS000018086,,,,,,,,2026-03-24 09:29:41,,,N,,0.00000,0.00000,0.00000,0.00000,,,,,,,,,,,,,0
2010122,Загрузка ручная,,MN,,,USER2358,,,2026-03-24 09:29:41,2026-03-24 09:29:41,,,,,,,,,,,N,,SHIPPING_DOC,EKS000018085,,,,,,,,2026-03-24 09:29:41,,,N,,0.00000,0.00000,0.00000,0.00000,,,,,,,,,,,,,0
2010123,Загрузка ручная,,MN,,,USER2358,,,2026-03-24 09:29:41,2026-03-24 09:29:41,,,,,,,,,,,N,,SHIPPING_DOC,EKS000018086,,,,,,,,2026-03-24 09:29:41,,,N,,0.00000,0.00000,0.00000,0.00000,,,,,,,,,,,,,0
2010124,Загрузка механизмами,,MN,,,USER2358,,,2026-03-24 09:34:54,2026-03-24 09:34:54,,,,,,,,,,,N,,SHIPPING_DOC,EKS000016256,,,,,,,,2026-03-24 09:34:54,,,N,,0.00000,0.00000,0.00000,0.00000,,,,,,,,,,,,,0
2010125,Загрузка механизмами,,MN,,,USER2358,,,2026-03-24 09:34:54,2026-03-24 09:34:54,,,,,,,,,,,N,,SHIPPING_DOC,EKS000017039,,,,,,,,2026-03-24 09:34:54,,,N,,0.00000,0.00000,0.00000,0.00000,,,,,,,,,,,,,0
2010126,Загрузка механизмами,,MN,,,USER2358,,,2026-03-24 09:34:54,2026-03-24 09:34:54,,,,,,,,,,,N,,SHIPPING_DOC,EKS000018018,,,,,,,,2026-03-24 09:34:54,,,N,,0.00000,0.00000,0.00000,0.00000,,,,,,,,,,,,,0
2010127,Загрузка ручная,,MN,,,USER2358,,,2026-03-24 09:34:54,2026-03-24 09:34:54,,,,,,,,,,,N,,SHIPPING_DOC,EKS000016256,,,,,,,,2026-03-24 09:34:54,,,N,,0.00000,0.00000,0.00000,0.00000,,,,,,,,,,,,,0
2011666,Загрузка ручная,,MN,,,USER1319,,,2026-03-25 09:01:12,2026-03-25 09:01:12,,,,,,,,,,,N,,SHIPPING_DOC,EKS000017699,,,,,,,,2026-03-25 09:01:12,,,N,,0.00000,0.00000,0.00000,0.00000,,,,,,,,,,,,,0
2011667,Загрузка ручная,,MN,,,USER1319,,,2026-03-25 09:01:12,2026-03-25 09:01:12,,,,,,,,,,,N,,SHIPPING_DOC,EKS000018569,,,,,,,,2026-03-25 09:01:12,,,N,,0.00000,0.00000,0.00000,0.00000,,,,,,,,,,,,,0
2011668,Загрузка механизмами,,MN,,,User1322,,,2026-03-25 09:05:00,2026-03-25 09:05:00,,,,,,,,,,,N,,SHIPPING_DOC,EKS000018433,,,,,,,,2026-03-25 09:05:00,,,N,,0.00000,0.00000,0.00000,0.00000,,,,,,,,,,,,,0
2011669,Загрузка ручная,,MN,,,User1322,,,2026-03-25 09:05:00,2026-03-25 09:05:00,,,,,,,,,,,N,,SHIPPING_DOC,EKS000018433,,,,,,,,2026-03-25 09:05:00,,,N,,0.00000,0.00000,0.00000,0.00000,,,,,,,,,,,,,0
2011670,Загрузка механизмами,,MN,,,user1215,,,2026-03-25 09:09:21,2026-03-25 09:09:21,,,,,,,,,,,N,,SHIPPING_DOC,EKS000014955,,,,,,,,2026-03-25 09:09:21,,,N,,0.00000,0.00000,0.00000,0.00000,,,,,,,,,,,,,0
2011671,Загрузка механизмами,,MN,,,user1215,,,2026-03-25 09:09:21,2026-03-25 09:09:21,,,,,,,,,,,N,,SHIPPING_DOC,EKS000014957,,,,,,,,2026-03-25 09:09:21,,,N,,0.00000,0.00000,0.00000,0.00000,,,,,,,,,,,,,0
2011672,Загрузка ручная,,MN,,,user1215,,,2026-03-25 09:09:21,2026-03-25 09:09:21,,,,,,,,,,,N,,SHIPPING_DOC,EKS000014955,,,,,,,,2026-03-25 09:09:21,,,N,,0.00000,0.00000,0.00000,0.00000,,,,,,,,,,,,,0
2011673,Загрузка ручная,,MN,,,user1215,,,2026-03-25 09:09:21,2026-03-25 09:09:21,,,,,,,,,,,N,,SHIPPING_DOC,EKS000014957,,,,,,,,2026-03-25 09:09:21,,,N,,0.00000,0.00000,0.00000,0.00000,,,,,,,,,,,,,0
2011674,Загрузка механизмами,,MN,,,USER1319,,,2026-03-25 09:10:58,2026-03-25 09:10:58,,,,,,,,,,,N,,SHIPPING_DOC,EKS000018413,,,,,,,,2026-03-25 09:10:58,,,N,,0.00000,0.00000,0.00000,0.00000,,,,,,,,,,,,,0
2011675,Загрузка механизмами,,MN,,,USER1319,,,2026-03-25 09:10:58,2026-03-25 09:10:58,,,,,,,,,,,N,,SHIPPING_DOC,EKS000018496,,,,,,,,2026-03-25 09:10:58,,,N,,0.00000,0.00000,0.00000,0.00000,,,,,,,,,,,,,0
2011676,Загрузка механизмами,,MN,,,USER1319,,,2026-03-25 09:10:58,2026-03-25 09:10:58,,,,,,,,,,,N,,SHIPPING_DOC,EKS000018500,,,,,,,,2026-03-25 09:10:58,,,N,,0.00000,0.00000,0.00000,0.00000,,,,,,,,,,,,,0
2011677,Загрузка механизмами,,MN,,,USER1319,,,2026-03-25 09:10:58,2026-03-25 09:10:58,,,,,,,,,,,N,,SHIPPING_DOC,EKS000018533,,,,,,,,2026-03-25 09:10:58,,,N,,0.00000,0.00000,0.00000,0.00000,,,,,,,,,,,,,0
2011678,Загрузка ручная,,MN,,,USER1319,,,2026-03-25 09:10:58,2026-03-25 09:10:58,,,,,,,,,,,N,,SHIPPING_DOC,EKS000018413,,,,,,,,2026-03-25 09:10:58,,,N,,0.00000,0.00000,0.00000,0.00000,,,,,,,,,,,,,0
2011002,Загрузка механизмами,,MN,,,user2349,,,2026-03-24 20:12:54,2026-03-24 20:12:54,,,,,,,,,,,N,,SHIPPING_DOC,EKS000018090,,,,,,,,2026-03-24 20:12:54,,,N,,0.00000,0.00000,0.00000,0.00000,,,,,,,,,,,,,0
2011003,Загрузка механизмами,,MN,,,user2349,,,2026-03-24 20:12:54,2026-03-24 20:12:54,,,,,,,,,,,N,,SHIPPING_DOC,EKS000018096,,,,,,,,2026-03-24 20:12:54,,,N,,0.00000,0.00000,0.00000,0.00000,,,,,,,,,,,,,0
2011004,Загрузка механизмами,,MN,,,user2349,,,2026-03-24 20:12:54,2026-03-24 20:12:54,,,,,,,,,,,N,,SHIPPING_DOC,EKS000018100,,,,,,,,2026-03-24 20:12:54,,,N,,0.00000,0.00000,0.00000,0.00000,,,,,,,,,,,,,0
2011005,Загрузка механизмами,,MN,,,user2349,,,2026-03-24 20:12:54,2026-03-24 20:12:54,,,,,,,,,,,N,,SHIPPING_DOC,EKS000018101,,,,,,,,2026-03-24 20:12:54,,,N,,0.00000,0.00000,0.00000,0.00000,,,,,,,,,,,,,0
2011006,Загрузка механизмами,,MN,,,user2349,,,2026-03-24 20:12:54,2026-03-24 20:12:54,,,,,,,,,,,N,,SHIPPING_DOC,EKS000018102,,,,,,,,2026-03-24 20:12:54,,,N,,0.00000,0.00000,0.00000,0.00000,,,,,,,,,,,,,0
2011007,Загрузка механизмами,,MN,,,user2349,,,2026-03-24 20:12:54,2026-03-24 20:12:54,,,,,,,,,,,N,,SHIPPING_DOC,EKS000018103,,,,,,,,2026-03-24 20:12:54,,,N,,0.00000,0.00000,0.00000,0.00000,,,,,,,,,,,,,0
2011008,Загрузка механизмами,,MN,,,user2349,,,2026-03-24 20:12:54,2026-03-24 20:12:54,,,,,,,,,,,N,,SHIPPING_DOC,EKS000018114,,,,,,,,2026-03-24 20:12:54,,,N,,0.00000,0.00000,0.00000,0.00000,,,,,,,,,,,,,0
2011009,Загрузка механизмами,,MN,,,user2349,,,2026-03-24 20:12:54,2026-03-24 20:12:54,,,,,,,,,,,N,,SHIPPING_DOC,EKS000018126,,,,,,,,2026-03-24 20:12:54,,,N,,0.00000,0.00000,0.00000,0.00000,,,,,,,,,,,,,0
2011010,Загрузка механизмами,,MN,,,user2349,,,2026-03-24 20:12:54,2026-03-24 20:12:54,,,,,,,,,,,N,,SHIPPING_DOC,TR-23/03/2026-11,,,,,,,,2026-03-24 20:12:54,,,N,,0.00000,0.00000,0.00000,0.00000,,,,,,,,,,,,,0
2011011,Загрузка механизмами,,MN,,,user2349,,,2026-03-24 20:12:54,2026-03-24 20:12:54,,,,,,,,,,,N,,SHIPPING_DOC,EKS000018142,,,,,,,,2026-03-24 20:12:54,,,N,,0.00000,0.00000,0.00000,0.00000,,,,,,,,,,,,,0
2011012,Загрузка механизмами,,MN,,,user2349,,,2026-03-24 20:12:54,2026-03-24 20:12:54,,,,,,,,,,,N,,SHIPPING_DOC,EKS000018150,,,,,,,,2026-03-24 20:12:54,,,N,,0.00000,0.00000,0.00000,0.00000,,,,,,,,,,,,,0
2011013,Загрузка механизмами,,MN,,,user2349,,,2026-03-24 20:12:54,2026-03-24 20:12:54,,,,,,,,,,,N,,SHIPPING_DOC,EKS000018151,,,,,,,,2026-03-24 20:12:54,,,N,,0.00000,0.00000,0.00000,0.00000,,,,,,,,,,,,,0
2010128,Загрузка ручная,,MN,,,USER2358,,,2026-03-24 09:34:54,2026-03-24 09:34:54,,,,,,,,,,,N,,SHIPPING_DOC,EKS000017039,,,,,,,,2026-03-24 09:34:54,,,N,,0.00000,0.00000,0.00000,0.00000,,,,,,,,,,,,,0
2010129,Загрузка ручная,,MN,,,USER2358,,,2026-03-24 09:34:54,2026-03-24 09:34:54,,,,,,,,,,,N,,SHIPPING_DOC,EKS000018018,,,,,,,,2026-03-24 09:34:54,,,N,,0.00000,0.00000,0.00000,0.00000,,,,,,,,,,,,,0
2010130,Разгрузка механизмами,,MN,,,user3125,,,2026-03-24 09:36:02,2026-03-24 09:36:02,,,,,,,,,,,N,,RECEIPT_DOC,EKS000005804,,,,,,,,2026-03-24 09:36:02,,,N,,0.00000,0.00000,0.00000,0.00000,,,,,,,,,,,,,0
2010131,Разгрузка ручная,,MN,,,user2366,,,2026-03-24 09:36:10,2026-03-24 09:36:10,,,,,,,,,,,N,,RECEIPT_DOC,EKS000005804,,,,,,,,2026-03-24 09:36:10,,,N,,0.00000,0.00000,0.00000,0.00000,,,,,,,,,,,,,0
2010132,Разгрузка механизмами,,MN,,,USER3125,,,2026-03-24 09:36:19,2026-03-24 09:36:19,,,,,,,,,,,N,,RECEIPT_DOC,EKS000005803,,,,,,,,2026-03-24 09:36:19,,,N,,0.00000,0.00000,0.00000,0.00000,,,,,,,,,,,,,0
2010133,Разгрузка механизмами,,MN,,,USER3125,,,2026-03-24 09:36:25,2026-03-24 09:36:25,,,,,,,,,,,N,,RECEIPT_DOC,EKS000005807,,,,,,,,2026-03-24 09:36:25,,,N,,0.00000,0.00000,0.00000,0.00000,,,,,,,,,,,,,0
2010134,Разгрузка ручная,,MN,,,USER2366,,,2026-03-24 09:36:31,2026-03-24 09:36:31,,,,,,,,,,,N,,RECEIPT_DOC,EKS000005807,,,,,,,,2026-03-24 09:36:31,,,N,,0.00000,0.00000,0.00000,0.00000,,,,,,,,,,,,,0
2010135,Разгрузка ручная,,MN,,,USER2366,,,2026-03-24 09:36:36,2026-03-24 09:36:36,,,,,,,,,,,N,,RECEIPT_DOC,EKS000005803,,,,,,,,2026-03-24 09:36:36,,,N,,0.00000,0.00000,0.00000,0.00000,,,,,,,,,,,,,0
2010136,Загрузка механизмами,,MN,,,user2349,,,2026-03-24 09:39:15,2026-03-24 09:39:15,,,,,,,,,,,N,,SHIPPING_DOC,EKS000018162,,,,,,,,2026-03-24 09:39:15,,,N,,0.00000,0.00000,0.00000,0.00000,,,,,,,,,,,,,0
2010137,Загрузка ручная,,MN,,,user2349,,,2026-03-24 09:39:15,2026-03-24 09:39:15,,,,,,,,,,,N,,SHIPPING_DOC,EKS000018162,,,,,,,,2026-03-24 09:39:15,,,N,,0.00000,0.00000,0.00000,0.00000,,,,,,,,,,,,,0
2010138,Загрузка механизмами,,MN,,,user2349,,,2026-03-24 09:42:48,2026-03-24 09:42:48,,,,,,,,,,,N,,SHIPPING_DOC,EKS000018143,,,,,,,,2026-03-24 09:42:48,,,N,,0.00000,0.00000,0.00000,0.00000,,,,,,,,,,,,,0
2010139,Загрузка ручная,,MN,,,user2349,,,2026-03-24 09:42:48,2026-03-24 09:42:48,,,,,,,,,,,N,,SHIPPING_DOC,EKS000018143,,,,,,,,2026-03-24 09:42:48,,,N,,0.00000,0.00000,0.00000,0.00000,,,,,,,,,,,,,0
2010140,Загрузка механизмами,,MN,,,user2334,,,2026-03-24 09:43:00,2026-03-24 09:43:00,,,,,,,,,,,N,,SHIPPING_DOC,EKS000018147,,,,,,,,2026-03-24 09:43:00,,,N,,0.00000,0.00000,0.00000,0.00000,,,,,,,,,,,,,0
2011679,Загрузка ручная,,MN,,,USER1319,,,2026-03-25 09:10:58,2026-03-25 09:10:58,,,,,,,,,,,N,,SHIPPING_DOC,EKS000018496,,,,,,,,2026-03-25 09:10:58,,,N,,0.00000,0.00000,0.00000,0.00000,,,,,,,,,,,,,0
2011680,Загрузка ручная,,MN,,,USER1319,,,2026-03-25 09:10:58,2026-03-25 09:10:58,,,,,,,,,,,N,,SHIPPING_DOC,EKS000018500,,,,,,,,2026-03-25 09:10:58,,,N,,0.00000,0.00000,0.00000,0.00000,,,,,,,,,,,,,0
2011681,Загрузка ручная,,MN,,,USER1319,,,2026-03-25 09:10:58,2026-03-25 09:10:58,,,,,,,,,,,N,,SHIPPING_DOC,EKS000018533,,,,,,,,2026-03-25 09:10:58,,,N,,0.00000,0.00000,0.00000,0.00000,,,,,,,,,,,,,0
2011682,Загрузка механизмами,,MN,,,User1322,,,2026-03-25 09:13:24,2026-03-25 09:13:24,,,,,,,,,,,N,,SHIPPING_DOC,EKS000018293,,,,,,,,2026-03-25 09:13:24,,,N,,0.00000,0.00000,0.00000,0.00000,,,,,,,,,,,,,0
2011683,Загрузка ручная,,MN,,,User1322,,,2026-03-25 09:13:24,2026-03-25 09:13:24,,,,,,,,,,,N,,SHIPPING_DOC,EKS000018293,,,,,,,,2026-03-25 09:13:24,,,N,,0.00000,0.00000,0.00000,0.00000,,,,,,,,,,,,,0
2011684,Загрузка механизмами,,MN,,,USER1319,,,2026-03-25 09:23:03,2026-03-25 09:23:03,,,,,,,,,,,N,,SHIPPING_DOC,EKS000016417,,,,,,,,2026-03-25 09:23:03,,,N,,0.00000,0.00000,0.00000,0.00000,,,,,,,,,,,,,0
2011685,Загрузка механизмами,,MN,,,USER1319,,,2026-03-25 09:23:03,2026-03-25 09:23:03,,,,,,,,,,,N,,SHIPPING_DOC,EKS000017887,,,,,,,,2026-03-25 09:23:03,,,N,,0.00000,0.00000,0.00000,0.00000,,,,,,,,,,,,,0
2011686,Загрузка ручная,,MN,,,USER1319,,,2026-03-25 09:23:03,2026-03-25 09:23:03,,,,,,,,,,,N,,SHIPPING_DOC,EKS000016417,,,,,,,,2026-03-25 09:23:03,,,N,,0.00000,0.00000,0.00000,0.00000,,,,,,,,,,,,,0
2011687,Загрузка ручная,,MN,,,USER1319,,,2026-03-25 09:23:03,2026-03-25 09:23:03,,,,,,,,,,,N,,SHIPPING_DOC,EKS000017887,,,,,,,,2026-03-25 09:23:03,,,N,,0.00000,0.00000,0.00000,0.00000,,,,,,,,,,,,,0
2011688,Загрузка механизмами,,MN,,,USER1319,,,2026-03-25 09:35:29,2026-03-25 09:35:29,,,,,,,,,,,N,,SHIPPING_DOC,EKS000018639,,,,,,,,2026-03-25 09:35:29,,,N,,0.00000,0.00000,0.00000,0.00000,,,,,,,,,,,,,0
2011689,Загрузка ручная,,MN,,,USER1319,,,2026-03-25 09:35:30,2026-03-25 09:35:30,,,,,,,,,,,N,,SHIPPING_DOC,EKS000018639,,,,,,,,2026-03-25 09:35:30,,,N,,0.00000,0.00000,0.00000,0.00000,,,,,,,,,,,,,0
2011690,Загрузка механизмами,,MN,,,user1215,,,2026-03-25 09:37:12,2026-03-25 09:37:12,,,,,,,,,,,N,,SHIPPING_DOC,EKS000018326,,,,,,,,2026-03-25 09:37:12,,,N,,0.00000,0.00000,0.00000,0.00000,,,,,,,,,,,,,0
2011691,Загрузка механизмами,,MN,,,user1215,,,2026-03-25 09:37:12,2026-03-25 09:37:12,,,,,,,,,,,N,,SHIPPING_DOC,EKS000018338,,,,,,,,2026-03-25 09:37:12,,,N,,0.00000,0.00000,0.00000,0.00000,,,,,,,,,,,,,0
2011014,Загрузка механизмами,,MN,,,user2349,,,2026-03-24 20:12:54,2026-03-24 20:12:54,,,,,,,,,,,N,,SHIPPING_DOC,EKS000018163,,,,,,,,2026-03-24 20:12:54,,,N,,0.00000,0.00000,0.00000,0.00000,,,,,,,,,,,,,0
2011015,Загрузка механизмами,,MN,,,user2349,,,2026-03-24 20:12:54,2026-03-24 20:12:54,,,,,,,,,,,N,,SHIPPING_DOC,EKS000018172,,,,,,,,2026-03-24 20:12:54,,,N,,0.00000,0.00000,0.00000,0.00000,,,,,,,,,,,,,0
2011016,Загрузка механизмами,,MN,,,user2349,,,2026-03-24 20:12:54,2026-03-24 20:12:54,,,,,,,,,,,N,,SHIPPING_DOC,EKS000018181,,,,,,,,2026-03-24 20:12:54,,,N,,0.00000,0.00000,0.00000,0.00000,,,,,,,,,,,,,0
2011017,Загрузка механизмами,,MN,,,user2349,,,2026-03-24 20:12:54,2026-03-24 20:12:54,,,,,,,,,,,N,,SHIPPING_DOC,EKS000018182,,,,,,,,2026-03-24 20:12:54,,,N,,0.00000,0.00000,0.00000,0.00000,,,,,,,,,,,,,0
2011018,Загрузка механизмами,,MN,,,user2349,,,2026-03-24 20:12:54,2026-03-24 20:12:54,,,,,,,,,,,N,,SHIPPING_DOC,EKS000018183,,,,,,,,2026-03-24 20:12:54,,,N,,0.00000,0.00000,0.00000,0.00000,,,,,,,,,,,,,0
2011019,Загрузка механизмами,,MN,,,user2349,,,2026-03-24 20:12:54,2026-03-24 20:12:54,,,,,,,,,,,N,,SHIPPING_DOC,EKS000018184,,,,,,,,2026-03-24 20:12:54,,,N,,0.00000,0.00000,0.00000,0.00000,,,,,,,,,,,,,0
2011020,Загрузка механизмами,,MN,,,user2349,,,2026-03-24 20:12:54,2026-03-24 20:12:54,,,,,,,,,,,N,,SHIPPING_DOC,EKS000018190,,,,,,,,2026-03-24 20:12:54,,,N,,0.00000,0.00000,0.00000,0.00000,,,,,,,,,,,,,0
2011021,Загрузка механизмами,,MN,,,user2349,,,2026-03-24 20:12:54,2026-03-24 20:12:54,,,,,,,,,,,N,,SHIPPING_DOC,EKS000018192,,,,,,,,2026-03-24 20:12:54,,,N,,0.00000,0.00000,0.00000,0.00000,,,,,,,,,,,,,0
2011022,Загрузка механизмами,,MN,,,user2349,,,2026-03-24 20:12:54,2026-03-24 20:12:54,,,,,,,,,,,N,,SHIPPING_DOC,EKS000018196,,,,,,,,2026-03-24 20:12:54,,,N,,0.00000,0.00000,0.00000,0.00000,,,,,,,,,,,,,0
2011023,Загрузка механизмами,,MN,,,user2349,,,2026-03-24 20:12:54,2026-03-24 20:12:54,,,,,,,,,,,N,,SHIPPING_DOC,EKS000018204,,,,,,,,2026-03-24 20:12:54,,,N,,0.00000,0.00000,0.00000,0.00000,,,,,,,,,,,,,0
2011024,Загрузка механизмами,,MN,,,user2349,,,2026-03-24 20:12:54,2026-03-24 20:12:54,,,,,,,,,,,N,,SHIPPING_DOC,EKS000018211,,,,,,,,2026-03-24 20:12:54,,,N,,0.00000,0.00000,0.00000,0.00000,,,,,,,,,,,,,0
2011025,Загрузка механизмами,,MN,,,user2349,,,2026-03-24 20:12:54,2026-03-24 20:12:54,,,,,,,,,,,N,,SHIPPING_DOC,EKS000018229,,,,,,,,2026-03-24 20:12:54,,,N,,0.00000,0.00000,0.00000,0.00000,,,,,,,,,,,,,0
2010141,Загрузка ручная,,MN,,,user2334,,,2026-03-24 09:43:00,2026-03-24 09:43:00,,,,,,,,,,,N,,SHIPPING_DOC,EKS000018147,,,,,,,,2026-03-24 09:43:00,,,N,,0.00000,0.00000,0.00000,0.00000,,,,,,,,,,,,,0
2010142,Загрузка механизмами,,MN,,,user2349,,,2026-03-24 09:50:20,2026-03-24 09:50:20,,,,,,,,,,,N,,SHIPPING_DOC,O00000001522,,,,,,,,2026-03-24 09:50:20,,,N,,0.00000,0.00000,0.00000,0.00000,,,,,,,,,,,,,0
2010143,Загрузка ручная,,MN,,,user2349,,,2026-03-24 09:50:20,2026-03-24 09:50:20,,,,,,,,,,,N,,SHIPPING_DOC,O00000001522,,,,,,,,2026-03-24 09:50:20,,,N,,0.00000,0.00000,0.00000,0.00000,,,,,,,,,,,,,0
2010144,Загрузка механизмами,,MN,,,user2349,,,2026-03-24 09:53:12,2026-03-24 09:53:12,,,,,,,,,,,N,,SHIPPING_DOC,O00000001531,,,,,,,,2026-03-24 09:53:12,,,N,,0.00000,0.00000,0.00000,0.00000,,,,,,,,,,,,,0
2010145,Загрузка ручная,,MN,,,user2349,,,2026-03-24 09:53:12,2026-03-24 09:53:12,,,,,,,,,,,N,,SHIPPING_DOC,O00000001531,,,,,,,,2026-03-24 09:53:12,,,N,,0.00000,0.00000,0.00000,0.00000,,,,,,,,,,,,,0
2010146,Разгрузка механизмами,,MN,,,user3125,,,2026-03-24 09:56:16,2026-03-24 09:56:16,,,,,,,,,,,N,,RECEIPT_DOC,EKS000005805,,,,,,,,2026-03-24 09:56:16,,,N,,0.00000,0.00000,0.00000,0.00000,,,,,,,,,,,,,0
2010147,Разгрузка механизмами,,MN,,,user3125,,,2026-03-24 09:56:23,2026-03-24 09:56:23,,,,,,,,,,,N,,RECEIPT_DOC,EKS000005806,,,,,,,,2026-03-24 09:56:23,,,N,,0.00000,0.00000,0.00000,0.00000,,,,,,,,,,,,,0
2010148,Разгрузка ручная,,MN,,,user2366,,,2026-03-24 09:56:33,2026-03-24 09:56:33,,,,,,,,,,,N,,RECEIPT_DOC,EKS000005806,,,,,,,,2026-03-24 09:56:33,,,N,,0.00000,0.00000,0.00000,0.00000,,,,,,,,,,,,,0
2010149,Разгрузка ручная,,MN,,,user2366,,,2026-03-24 09:56:37,2026-03-24 09:56:37,,,,,,,,,,,N,,RECEIPT_DOC,EKS000005805,,,,,,,,2026-03-24 09:56:37,,,N,,0.00000,0.00000,0.00000,0.00000,,,,,,,,,,,,,0
2010150,Загрузка механизмами,,MN,,,USER2358,,,2026-03-24 09:59:01,2026-03-24 09:59:01,,,,,,,,,,,N,,SHIPPING_DOC,EKS000017973,,,,,,,,2026-03-24 09:59:01,,,N,,0.00000,0.00000,0.00000,0.00000,,,,,,,,,,,,,0
2010151,Загрузка механизмами,,MN,,,USER2358,,,2026-03-24 09:59:01,2026-03-24 09:59:01,,,,,,,,,,,N,,SHIPPING_DOC,EKS000017974,,,,,,,,2026-03-24 09:59:01,,,N,,0.00000,0.00000,0.00000,0.00000,,,,,,,,,,,,,0
2010152,Загрузка ручная,,MN,,,USER2358,,,2026-03-24 09:59:01,2026-03-24 09:59:01,,,,,,,,,,,N,,SHIPPING_DOC,EKS000017973,,,,,,,,2026-03-24 09:59:01,,,N,,0.00000,0.00000,0.00000,0.00000,,,,,,,,,,,,,0
2010153,Загрузка ручная,,MN,,,USER2358,,,2026-03-24 09:59:01,2026-03-24 09:59:01,,,,,,,,,,,N,,SHIPPING_DOC,EKS000017974,,,,,,,,2026-03-24 09:59:01,,,N,,0.00000,0.00000,0.00000,0.00000,,,,,,,,,,,,,0
2011692,Загрузка ручная,,MN,,,user1215,,,2026-03-25 09:37:12,2026-03-25 09:37:12,,,,,,,,,,,N,,SHIPPING_DOC,EKS000018326,,,,,,,,2026-03-25 09:37:12,,,N,,0.00000,0.00000,0.00000,0.00000,,,,,,,,,,,,,0
2011693,Загрузка ручная,,MN,,,user1215,,,2026-03-25 09:37:12,2026-03-25 09:37:12,,,,,,,,,,,N,,SHIPPING_DOC,EKS000018338,,,,,,,,2026-03-25 09:37:12,,,N,,0.00000,0.00000,0.00000,0.00000,,,,,,,,,,,,,0
2011694,Загрузка механизмами,,MN,,,User1322,,,2026-03-25 09:44:00,2026-03-25 09:44:00,,,,,,,,,,,N,,SHIPPING_DOC,EKS000018604,,,,,,,,2026-03-25 09:44:00,,,N,,0.00000,0.00000,0.00000,0.00000,,,,,,,,,,,,,0
2011695,Загрузка механизмами,,MN,,,User1322,,,2026-03-25 09:44:00,2026-03-25 09:44:00,,,,,,,,,,,N,,SHIPPING_DOC,EKS000018605,,,,,,,,2026-03-25 09:44:00,,,N,,0.00000,0.00000,0.00000,0.00000,,,,,,,,,,,,,0
2011696,Загрузка ручная,,MN,,,User1322,,,2026-03-25 09:44:00,2026-03-25 09:44:00,,,,,,,,,,,N,,SHIPPING_DOC,EKS000018604,,,,,,,,2026-03-25 09:44:00,,,N,,0.00000,0.00000,0.00000,0.00000,,,,,,,,,,,,,0
2011697,Загрузка ручная,,MN,,,User1322,,,2026-03-25 09:44:00,2026-03-25 09:44:00,,,,,,,,,,,N,,SHIPPING_DOC,EKS000018605,,,,,,,,2026-03-25 09:44:00,,,N,,0.00000,0.00000,0.00000,0.00000,,,,,,,,,,,,,0
2011698,Загрузка механизмами,,MN,,,USER1319,,,2026-03-25 09:46:04,2026-03-25 09:46:04,,,,,,,,,,,N,,SHIPPING_DOC,EKS000018524,,,,,,,,2026-03-25 09:46:04,,,N,,0.00000,0.00000,0.00000,0.00000,,,,,,,,,,,,,0
2011699,Загрузка механизмами,,MN,,,USER1319,,,2026-03-25 09:46:04,2026-03-25 09:46:04,,,,,,,,,,,N,,SHIPPING_DOC,EKS000018531,,,,,,,,2026-03-25 09:46:04,,,N,,0.00000,0.00000,0.00000,0.00000,,,,,,,,,,,,,0
2011700,Загрузка ручная,,MN,,,USER1319,,,2026-03-25 09:46:04,2026-03-25 09:46:04,,,,,,,,,,,N,,SHIPPING_DOC,EKS000018524,,,,,,,,2026-03-25 09:46:04,,,N,,0.00000,0.00000,0.00000,0.00000,,,,,,,,,,,,,0
2011701,Загрузка ручная,,MN,,,USER1319,,,2026-03-25 09:46:04,2026-03-25 09:46:04,,,,,,,,,,,N,,SHIPPING_DOC,EKS000018531,,,,,,,,2026-03-25 09:46:04,,,N,,0.00000,0.00000,0.00000,0.00000,,,,,,,,,,,,,0
2011702,Загрузка механизмами,,MN,,,USER1319,,,2026-03-25 09:50:36,2026-03-25 09:50:36,,,,,,,,,,,N,,SHIPPING_DOC,EKS000016795,,,,,,,,2026-03-25 09:50:36,,,N,,0.00000,0.00000,0.00000,0.00000,,,,,,,,,,,,,0
2011703,Загрузка механизмами,,MN,,,USER1319,,,2026-03-25 09:50:36,2026-03-25 09:50:36,,,,,,,,,,,N,,SHIPPING_DOC,EKS000017631,,,,,,,,2026-03-25 09:50:36,,,N,,0.00000,0.00000,0.00000,0.00000,,,,,,,,,,,,,0
2011704,Загрузка механизмами,,MN,,,USER1319,,,2026-03-25 09:50:36,2026-03-25 09:50:36,,,,,,,,,,,N,,SHIPPING_DOC,EKS000017634,,,,,,,,2026-03-25 09:50:36,,,N,,0.00000,0.00000,0.00000,0.00000,,,,,,,,,,,,,0
2011026,Загрузка механизмами,,MN,,,user2349,,,2026-03-24 20:12:54,2026-03-24 20:12:54,,,,,,,,,,,N,,SHIPPING_DOC,EKS000018230,,,,,,,,2026-03-24 20:12:54,,,N,,0.00000,0.00000,0.00000,0.00000,,,,,,,,,,,,,0
2011027,Загрузка механизмами,,MN,,,user2349,,,2026-03-24 20:12:54,2026-03-24 20:12:54,,,,,,,,,,,N,,SHIPPING_DOC,EKS000018267,,,,,,,,2026-03-24 20:12:54,,,N,,0.00000,0.00000,0.00000,0.00000,,,,,,,,,,,,,0
2011028,Загрузка механизмами,,MN,,,user2349,,,2026-03-24 20:12:54,2026-03-24 20:12:54,,,,,,,,,,,N,,SHIPPING_DOC,EKS000018278,,,,,,,,2026-03-24 20:12:54,,,N,,0.00000,0.00000,0.00000,0.00000,,,,,,,,,,,,,0
2011029,Загрузка механизмами,,MN,,,user2349,,,2026-03-24 20:12:54,2026-03-24 20:12:54,,,,,,,,,,,N,,SHIPPING_DOC,EKS000018283,,,,,,,,2026-03-24 20:12:54,,,N,,0.00000,0.00000,0.00000,0.00000,,,,,,,,,,,,,0
2011030,Загрузка механизмами,,MN,,,user2349,,,2026-03-24 20:12:54,2026-03-24 20:12:54,,,,,,,,,,,N,,SHIPPING_DOC,EKS000018286,,,,,,,,2026-03-24 20:12:54,,,N,,0.00000,0.00000,0.00000,0.00000,,,,,,,,,,,,,0
2011031,Загрузка механизмами,,MN,,,user2349,,,2026-03-24 20:12:54,2026-03-24 20:12:54,,,,,,,,,,,N,,SHIPPING_DOC,EKS000018292,,,,,,,,2026-03-24 20:12:54,,,N,,0.00000,0.00000,0.00000,0.00000,,,,,,,,,,,,,0
2011032,Загрузка механизмами,,MN,,,user2349,,,2026-03-24 20:12:54,2026-03-24 20:12:54,,,,,,,,,,,N,,SHIPPING_DOC,EKS000018300,,,,,,,,2026-03-24 20:12:54,,,N,,0.00000,0.00000,0.00000,0.00000,,,,,,,,,,,,,0
2011033,Загрузка механизмами,,MN,,,user2349,,,2026-03-24 20:12:54,2026-03-24 20:12:54,,,,,,,,,,,N,,SHIPPING_DOC,EKS000018309,,,,,,,,2026-03-24 20:12:54,,,N,,0.00000,0.00000,0.00000,0.00000,,,,,,,,,,,,,0
2011034,Загрузка механизмами,,MN,,,user2349,,,2026-03-24 20:12:54,2026-03-24 20:12:54,,,,,,,,,,,N,,SHIPPING_DOC,EKS000018313,,,,,,,,2026-03-24 20:12:54,,,N,,0.00000,0.00000,0.00000,0.00000,,,,,,,,,,,,,0
2011035,Загрузка механизмами,,MN,,,user2349,,,2026-03-24 20:12:54,2026-03-24 20:12:54,,,,,,,,,,,N,,SHIPPING_DOC,EKS000018319,,,,,,,,2026-03-24 20:12:54,,,N,,0.00000,0.00000,0.00000,0.00000,,,,,,,,,,,,,0
2011036,Загрузка механизмами,,MN,,,user2349,,,2026-03-24 20:12:54,2026-03-24 20:12:54,,,,,,,,,,,N,,SHIPPING_DOC,EKS000018328,,,,,,,,2026-03-24 20:12:54,,,N,,0.00000,0.00000,0.00000,0.00000,,,,,,,,,,,,,0
2011037,Загрузка механизмами,,MN,,,user2349,,,2026-03-24 20:12:54,2026-03-24 20:12:54,,,,,,,,,,,N,,SHIPPING_DOC,EKS000018343,,,,,,,,2026-03-24 20:12:54,,,N,,0.00000,0.00000,0.00000,0.00000,,,,,,,,,,,,,0
2010154,Загрузка механизмами,,MN,,,USER2358,,,2026-03-24 10:05:17,2026-03-24 10:05:17,,,,,,,,,,,N,,SHIPPING_DOC,EKS000018166,,,,,,,,2026-03-24 10:05:17,,,N,,0.00000,0.00000,0.00000,0.00000,,,,,,,,,,,,,0
2010155,Загрузка ручная,,MN,,,USER2358,,,2026-03-24 10:05:17,2026-03-24 10:05:17,,,,,,,,,,,N,,SHIPPING_DOC,EKS000018166,,,,,,,,2026-03-24 10:05:17,,,N,,0.00000,0.00000,0.00000,0.00000,,,,,,,,,,,,,0
2010156,Загрузка механизмами,,MN,,,user2349,,,2026-03-24 10:09:58,2026-03-24 10:09:58,,,,,,,,,,,N,,SHIPPING_DOC,EKS000018276,,,,,,,,2026-03-24 10:09:58,,,N,,0.00000,0.00000,0.00000,0.00000,,,,,,,,,,,,,0
2010157,Загрузка ручная,,MN,,,user2349,,,2026-03-24 10:09:58,2026-03-24 10:09:58,,,,,,,,,,,N,,SHIPPING_DOC,EKS000018276,,,,,,,,2026-03-24 10:09:58,,,N,,0.00000,0.00000,0.00000,0.00000,,,,,,,,,,,,,0
2010158,Загрузка механизмами,,MN,,,USER2358,,,2026-03-24 10:10:00,2026-03-24 10:10:00,,,,,,,,,,,N,,SHIPPING_DOC,EKS000018060,,,,,,,,2026-03-24 10:10:00,,,N,,0.00000,0.00000,0.00000,0.00000,,,,,,,,,,,,,0
2010159,Загрузка ручная,,MN,,,USER2358,,,2026-03-24 10:10:00,2026-03-24 10:10:00,,,,,,,,,,,N,,SHIPPING_DOC,EKS000018060,,,,,,,,2026-03-24 10:10:00,,,N,,0.00000,0.00000,0.00000,0.00000,,,,,,,,,,,,,0
2010160,Загрузка механизмами,,MN,,,USER2358,,,2026-03-24 10:11:10,2026-03-24 10:11:10,,,,,,,,,,,N,,SHIPPING_DOC,EKS000016769,,,,,,,,2026-03-24 10:11:10,,,N,,0.00000,0.00000,0.00000,0.00000,,,,,,,,,,,,,0
2010161,Загрузка механизмами,,MN,,,USER2358,,,2026-03-24 10:11:10,2026-03-24 10:11:10,,,,,,,,,,,N,,SHIPPING_DOC,EKS000018014,,,,,,,,2026-03-24 10:11:10,,,N,,0.00000,0.00000,0.00000,0.00000,,,,,,,,,,,,,0
2010162,Загрузка механизмами,,MN,,,USER2358,,,2026-03-24 10:11:10,2026-03-24 10:11:10,,,,,,,,,,,N,,SHIPPING_DOC,EKS000018016,,,,,,,,2026-03-24 10:11:10,,,N,,0.00000,0.00000,0.00000,0.00000,,,,,,,,,,,,,0
2010163,Загрузка ручная,,MN,,,USER2358,,,2026-03-24 10:11:10,2026-03-24 10:11:10,,,,,,,,,,,N,,SHIPPING_DOC,EKS000016769,,,,,,,,2026-03-24 10:11:10,,,N,,0.00000,0.00000,0.00000,0.00000,,,,,,,,,,,,,0
2010164,Загрузка ручная,,MN,,,USER2358,,,2026-03-24 10:11:10,2026-03-24 10:11:10,,,,,,,,,,,N,,SHIPPING_DOC,EKS000018014,,,,,,,,2026-03-24 10:11:10,,,N,,0.00000,0.00000,0.00000,0.00000,,,,,,,,,,,,,0
2010165,Загрузка ручная,,MN,,,USER2358,,,2026-03-24 10:11:10,2026-03-24 10:11:10,,,,,,,,,,,N,,SHIPPING_DOC,EKS000018016,,,,,,,,2026-03-24 10:11:10,,,N,,0.00000,0.00000,0.00000,0.00000,,,,,,,,,,,,,0
2010166,Загрузка механизмами,,MN,,,user2349,,,2026-03-24 10:17:39,2026-03-24 10:17:39,,,,,,,,,,,N,,SHIPPING_DOC,EKS000017964,,,,,,,,2026-03-24 10:17:39,,,N,,0.00000,0.00000,0.00000,0.00000,,,,,,,,,,,,,0
2011705,Загрузка механизмами,,MN,,,USER1319,,,2026-03-25 09:50:36,2026-03-25 09:50:36,,,,,,,,,,,N,,SHIPPING_DOC,EKS000018213,,,,,,,,2026-03-25 09:50:36,,,N,,0.00000,0.00000,0.00000,0.00000,,,,,,,,,,,,,0
2011706,Загрузка механизмами,,MN,,,USER1319,,,2026-03-25 09:50:36,2026-03-25 09:50:36,,,,,,,,,,,N,,SHIPPING_DOC,EKS000018215,,,,,,,,2026-03-25 09:50:36,,,N,,0.00000,0.00000,0.00000,0.00000,,,,,,,,,,,,,0
2011707,Загрузка механизмами,,MN,,,USER1319,,,2026-03-25 09:50:36,2026-03-25 09:50:36,,,,,,,,,,,N,,SHIPPING_DOC,EKS000018640,,,,,,,,2026-03-25 09:50:36,,,N,,0.00000,0.00000,0.00000,0.00000,,,,,,,,,,,,,0
2011708,Загрузка ручная,,MN,,,USER1319,,,2026-03-25 09:50:36,2026-03-25 09:50:36,,,,,,,,,,,N,,SHIPPING_DOC,EKS000016795,,,,,,,,2026-03-25 09:50:36,,,N,,0.00000,0.00000,0.00000,0.00000,,,,,,,,,,,,,0
2011709,Загрузка ручная,,MN,,,USER1319,,,2026-03-25 09:50:36,2026-03-25 09:50:36,,,,,,,,,,,N,,SHIPPING_DOC,EKS000017631,,,,,,,,2026-03-25 09:50:36,,,N,,0.00000,0.00000,0.00000,0.00000,,,,,,,,,,,,,0
2011710,Загрузка ручная,,MN,,,USER1319,,,2026-03-25 09:50:36,2026-03-25 09:50:36,,,,,,,,,,,N,,SHIPPING_DOC,EKS000017634,,,,,,,,2026-03-25 09:50:36,,,N,,0.00000,0.00000,0.00000,0.00000,,,,,,,,,,,,,0
2011711,Загрузка ручная,,MN,,,USER1319,,,2026-03-25 09:50:36,2026-03-25 09:50:36,,,,,,,,,,,N,,SHIPPING_DOC,EKS000018213,,,,,,,,2026-03-25 09:50:36,,,N,,0.00000,0.00000,0.00000,0.00000,,,,,,,,,,,,,0
2011712,Загрузка ручная,,MN,,,USER1319,,,2026-03-25 09:50:36,2026-03-25 09:50:36,,,,,,,,,,,N,,SHIPPING_DOC,EKS000018215,,,,,,,,2026-03-25 09:50:36,,,N,,0.00000,0.00000,0.00000,0.00000,,,,,,,,,,,,,0
2011713,Загрузка ручная,,MN,,,USER1319,,,2026-03-25 09:50:36,2026-03-25 09:50:36,,,,,,,,,,,N,,SHIPPING_DOC,EKS000018640,,,,,,,,2026-03-25 09:50:36,,,N,,0.00000,0.00000,0.00000,0.00000,,,,,,,,,,,,,0
2011714,Загрузка механизмами,,MN,,,USER1319,,,2026-03-25 10:05:54,2026-03-25 10:05:54,,,,,,,,,,,N,,SHIPPING_DOC,EKS000018368,,,,,,,,2026-03-25 10:05:54,,,N,,0.00000,0.00000,0.00000,0.00000,,,,,,,,,,,,,0
2011715,Загрузка ручная,,MN,,,USER1319,,,2026-03-25 10:05:54,2026-03-25 10:05:54,,,,,,,,,,,N,,SHIPPING_DOC,EKS000018368,,,,,,,,2026-03-25 10:05:54,,,N,,0.00000,0.00000,0.00000,0.00000,,,,,,,,,,,,,0
2011716,Загрузка механизмами,,MN,,,user1215,,,2026-03-25 10:06:45,2026-03-25 10:06:45,,,,,,,,,,,N,,SHIPPING_DOC,EKS000018647,,,,,,,,2026-03-25 10:06:45,,,N,,0.00000,0.00000,0.00000,0.00000,,,,,,,,,,,,,0
2011717,Загрузка ручная,,MN,,,user1215,,,2026-03-25 10:06:45,2026-03-25 10:06:45,,,,,,,,,,,N,,SHIPPING_DOC,EKS000018647,,,,,,,,2026-03-25 10:06:45,,,N,,0.00000,0.00000,0.00000,0.00000,,,,,,,,,,,,,0
2011038,Загрузка механизмами,,MN,,,user2349,,,2026-03-24 20:12:54,2026-03-24 20:12:54,,,,,,,,,,,N,,SHIPPING_DOC,EKS000018344,,,,,,,,2026-03-24 20:12:54,,,N,,0.00000,0.00000,0.00000,0.00000,,,,,,,,,,,,,0
2011039,Загрузка механизмами,,MN,,,user2349,,,2026-03-24 20:12:54,2026-03-24 20:12:54,,,,,,,,,,,N,,SHIPPING_DOC,EKS000018355,,,,,,,,2026-03-24 20:12:54,,,N,,0.00000,0.00000,0.00000,0.00000,,,,,,,,,,,,,0
2011040,Загрузка механизмами,,MN,,,user2349,,,2026-03-24 20:12:54,2026-03-24 20:12:54,,,,,,,,,,,N,,SHIPPING_DOC,EKS000018359,,,,,,,,2026-03-24 20:12:54,,,N,,0.00000,0.00000,0.00000,0.00000,,,,,,,,,,,,,0
2011041,Загрузка механизмами,,MN,,,user2349,,,2026-03-24 20:12:54,2026-03-24 20:12:54,,,,,,,,,,,N,,SHIPPING_DOC,EKS000018361,,,,,,,,2026-03-24 20:12:54,,,N,,0.00000,0.00000,0.00000,0.00000,,,,,,,,,,,,,0
2011042,Загрузка механизмами,,MN,,,user2349,,,2026-03-24 20:12:54,2026-03-24 20:12:54,,,,,,,,,,,N,,SHIPPING_DOC,EKS000018364,,,,,,,,2026-03-24 20:12:54,,,N,,0.00000,0.00000,0.00000,0.00000,,,,,,,,,,,,,0
2011043,Загрузка механизмами,,MN,,,user2349,,,2026-03-24 20:12:54,2026-03-24 20:12:54,,,,,,,,,,,N,,SHIPPING_DOC,EKS000018365,,,,,,,,2026-03-24 20:12:54,,,N,,0.00000,0.00000,0.00000,0.00000,,,,,,,,,,,,,0
2011044,Загрузка механизмами,,MN,,,user2349,,,2026-03-24 20:12:54,2026-03-24 20:12:54,,,,,,,,,,,N,,SHIPPING_DOC,EKS000018366,,,,,,,,2026-03-24 20:12:54,,,N,,0.00000,0.00000,0.00000,0.00000,,,,,,,,,,,,,0
2011045,Загрузка механизмами,,MN,,,user2349,,,2026-03-24 20:12:54,2026-03-24 20:12:54,,,,,,,,,,,N,,SHIPPING_DOC,EKS000018378,,,,,,,,2026-03-24 20:12:54,,,N,,0.00000,0.00000,0.00000,0.00000,,,,,,,,,,,,,0
2011046,Загрузка механизмами,,MN,,,user2349,,,2026-03-24 20:12:54,2026-03-24 20:12:54,,,,,,,,,,,N,,SHIPPING_DOC,EKS000018379,,,,,,,,2026-03-24 20:12:54,,,N,,0.00000,0.00000,0.00000,0.00000,,,,,,,,,,,,,0
2011047,Загрузка механизмами,,MN,,,user2349,,,2026-03-24 20:12:54,2026-03-24 20:12:54,,,,,,,,,,,N,,SHIPPING_DOC,EKS000018380,,,,,,,,2026-03-24 20:12:54,,,N,,0.00000,0.00000,0.00000,0.00000,,,,,,,,,,,,,0
2011048,Загрузка механизмами,,MN,,,user2349,,,2026-03-24 20:12:54,2026-03-24 20:12:54,,,,,,,,,,,N,,SHIPPING_DOC,EKS000018381,,,,,,,,2026-03-24 20:12:54,,,N,,0.00000,0.00000,0.00000,0.00000,,,,,,,,,,,,,0
2011049,Загрузка механизмами,,MN,,,user2349,,,2026-03-24 20:12:54,2026-03-24 20:12:54,,,,,,,,,,,N,,SHIPPING_DOC,EKS000018383,,,,,,,,2026-03-24 20:12:54,,,N,,0.00000,0.00000,0.00000,0.00000,,,,,,,,,,,,,0
2010167,Загрузка механизмами,,MN,,,user2349,,,2026-03-24 10:17:39,2026-03-24 10:17:39,,,,,,,,,,,N,,SHIPPING_DOC,EKS000018194,,,,,,,,2026-03-24 10:17:39,,,N,,0.00000,0.00000,0.00000,0.00000,,,,,,,,,,,,,0
2010168,Загрузка ручная,,MN,,,user2349,,,2026-03-24 10:17:39,2026-03-24 10:17:39,,,,,,,,,,,N,,SHIPPING_DOC,EKS000017964,,,,,,,,2026-03-24 10:17:39,,,N,,0.00000,0.00000,0.00000,0.00000,,,,,,,,,,,,,0
2010169,Загрузка ручная,,MN,,,user2349,,,2026-03-24 10:17:39,2026-03-24 10:17:39,,,,,,,,,,,N,,SHIPPING_DOC,EKS000018194,,,,,,,,2026-03-24 10:17:39,,,N,,0.00000,0.00000,0.00000,0.00000,,,,,,,,,,,,,0
2010170,Загрузка механизмами,,MN,,,USER2358,,,2026-03-24 10:19:11,2026-03-24 10:19:11,,,,,,,,,,,N,,SHIPPING_DOC,EKS000017696,,,,,,,,2026-03-24 10:19:11,,,N,,0.00000,0.00000,0.00000,0.00000,,,,,,,,,,,,,0
2010171,Загрузка ручная,,MN,,,USER2358,,,2026-03-24 10:19:11,2026-03-24 10:19:11,,,,,,,,,,,N,,SHIPPING_DOC,EKS000017696,,,,,,,,2026-03-24 10:19:11,,,N,,0.00000,0.00000,0.00000,0.00000,,,,,,,,,,,,,0
2010172,Разгрузка механизмами,,MN,,,user3125,,,2026-03-24 10:25:39,2026-03-24 10:25:39,,,,,,,,,,,N,,RECEIPT_DOC,EKS000005813,,,,,,,,2026-03-24 10:25:39,,,N,,0.00000,0.00000,0.00000,0.00000,,,,,,,,,,,,,0
2010173,Разгрузка ручная,,MN,,,user2366,,,2026-03-24 10:25:45,2026-03-24 10:25:45,,,,,,,,,,,N,,RECEIPT_DOC,EKS000005813,,,,,,,,2026-03-24 10:25:45,,,N,,0.00000,0.00000,0.00000,0.00000,,,,,,,,,,,,,0
2010174,Разгрузка механизмами,,MN,,,USER3125,,,2026-03-24 10:28:35,2026-03-24 10:28:35,,,,,,,,,,,N,,RECEIPT_DOC,EKS000005814,,,,,,,,2026-03-24 10:28:35,,,N,,0.00000,0.00000,0.00000,0.00000,,,,,,,,,,,,,0
2011718,Загрузка механизмами,,MN,,,USER1319,,,2026-03-25 10:08:56,2026-03-25 10:08:56,,,,,,,,,,,N,,SHIPPING_DOC,EKS000018028,,,,,,,,2026-03-25 10:08:56,,,N,,0.00000,0.00000,0.00000,0.00000,,,,,,,,,,,,,0
2011719,Загрузка механизмами,,MN,,,USER1319,,,2026-03-25 10:08:56,2026-03-25 10:08:56,,,,,,,,,,,N,,SHIPPING_DOC,EKS000018123,,,,,,,,2026-03-25 10:08:56,,,N,,0.00000,0.00000,0.00000,0.00000,,,,,,,,,,,,,0
2011720,Загрузка механизмами,,MN,,,USER1319,,,2026-03-25 10:08:56,2026-03-25 10:08:56,,,,,,,,,,,N,,SHIPPING_DOC,EKS000018218,,,,,,,,2026-03-25 10:08:56,,,N,,0.00000,0.00000,0.00000,0.00000,,,,,,,,,,,,,0
2011721,Загрузка механизмами,,MN,,,USER1319,,,2026-03-25 10:08:56,2026-03-25 10:08:56,,,,,,,,,,,N,,SHIPPING_DOC,EKS000018473,,,,,,,,2026-03-25 10:08:56,,,N,,0.00000,0.00000,0.00000,0.00000,,,,,,,,,,,,,0
2011722,Загрузка ручная,,MN,,,USER1319,,,2026-03-25 10:08:56,2026-03-25 10:08:56,,,,,,,,,,,N,,SHIPPING_DOC,EKS000018028,,,,,,,,2026-03-25 10:08:56,,,N,,0.00000,0.00000,0.00000,0.00000,,,,,,,,,,,,,0
2011723,Загрузка ручная,,MN,,,USER1319,,,2026-03-25 10:08:56,2026-03-25 10:08:56,,,,,,,,,,,N,,SHIPPING_DOC,EKS000018123,,,,,,,,2026-03-25 10:08:56,,,N,,0.00000,0.00000,0.00000,0.00000,,,,,,,,,,,,,0
2011724,Загрузка ручная,,MN,,,USER1319,,,2026-03-25 10:08:56,2026-03-25 10:08:56,,,,,,,,,,,N,,SHIPPING_DOC,EKS000018218,,,,,,,,2026-03-25 10:08:56,,,N,,0.00000,0.00000,0.00000,0.00000,,,,,,,,,,,,,0
2011725,Загрузка ручная,,MN,,,USER1319,,,2026-03-25 10:08:56,2026-03-25 10:08:56,,,,,,,,,,,N,,SHIPPING_DOC,EKS000018473,,,,,,,,2026-03-25 10:08:56,,,N,,0.00000,0.00000,0.00000,0.00000,,,,,,,,,,,,,0
2011726,Загрузка механизмами,,MN,,,USER1319,,,2026-03-25 10:21:01,2026-03-25 10:21:01,,,,,,,,,,,N,,SHIPPING_DOC,EKS000018541,,,,,,,,2026-03-25 10:21:01,,,N,,0.00000,0.00000,0.00000,0.00000,,,,,,,,,,,,,0
2011727,Загрузка ручная,,MN,,,USER1319,,,2026-03-25 10:21:01,2026-03-25 10:21:01,,,,,,,,,,,N,,SHIPPING_DOC,EKS000018541,,,,,,,,2026-03-25 10:21:01,,,N,,0.00000,0.00000,0.00000,0.00000,,,,,,,,,,,,,0
2011728,Загрузка механизмами,,MN,,,user1215,,,2026-03-25 10:26:09,2026-03-25 10:26:09,,,,,,,,,,,N,,SHIPPING_DOC,EKS000018357,,,,,,,,2026-03-25 10:26:09,,,N,,0.00000,0.00000,0.00000,0.00000,,,,,,,,,,,,,0
2011729,Загрузка механизмами,,MN,,,user1215,,,2026-03-25 10:26:09,2026-03-25 10:26:09,,,,,,,,,,,N,,SHIPPING_DOC,EKS000018513,,,,,,,,2026-03-25 10:26:09,,,N,,0.00000,0.00000,0.00000,0.00000,,,,,,,,,,,,,0
2011730,Загрузка ручная,,MN,,,user1215,,,2026-03-25 10:26:09,2026-03-25 10:26:09,,,,,,,,,,,N,,SHIPPING_DOC,EKS000018357,,,,,,,,2026-03-25 10:26:09,,,N,,0.00000,0.00000,0.00000,0.00000,,,,,,,,,,,,,0
2011731,Загрузка ручная,,MN,,,user1215,,,2026-03-25 10:26:09,2026-03-25 10:26:09,,,,,,,,,,,N,,SHIPPING_DOC,EKS000018513,,,,,,,,2026-03-25 10:26:09,,,N,,0.00000,0.00000,0.00000,0.00000,,,,,,,,,,,,,0
2011732,Загрузка механизмами,,MN,,,USER1319,,,2026-03-25 10:26:48,2026-03-25 10:26:48,,,,,,,,,,,N,,SHIPPING_DOC,EKS000018332,,,,,,,,2026-03-25 10:26:48,,,N,,0.00000,0.00000,0.00000,0.00000,,,,,,,,,,,,,0
2011733,Загрузка ручная,,MN,,,USER1319,,,2026-03-25 10:26:48,2026-03-25 10:26:48,,,,,,,,,,,N,,SHIPPING_DOC,EKS000018332,,,,,,,,2026-03-25 10:26:48,,,N,,0.00000,0.00000,0.00000,0.00000,,,,,,,,,,,,,0
2011734,Загрузка механизмами,,MN,,,USER1319,,,2026-03-25 10:29:36,2026-03-25 10:29:36,,,,,,,,,,,N,,SHIPPING_DOC,EKS000018562,,,,,,,,2026-03-25 10:29:36,,,N,,0.00000,0.00000,0.00000,0.00000,,,,,,,,,,,,,0
2011735,Загрузка механизмами,,MN,,,USER1319,,,2026-03-25 10:29:36,2026-03-25 10:29:36,,,,,,,,,,,N,,SHIPPING_DOC,EKS000018563,,,,,,,,2026-03-25 10:29:36,,,N,,0.00000,0.00000,0.00000,0.00000,,,,,,,,,,,,,0
2011736,Загрузка ручная,,MN,,,USER1319,,,2026-03-25 10:29:36,2026-03-25 10:29:36,,,,,,,,,,,N,,SHIPPING_DOC,EKS000018562,,,,,,,,2026-03-25 10:29:36,,,N,,0.00000,0.00000,0.00000,0.00000,,,,,,,,,,,,,0
2011737,Загрузка ручная,,MN,,,USER1319,,,2026-03-25 10:29:36,2026-03-25 10:29:36,,,,,,,,,,,N,,SHIPPING_DOC,EKS000018563,,,,,,,,2026-03-25 10:29:36,,,N,,0.00000,0.00000,0.00000,0.00000,,,,,,,,,,,,,0
2011738,Загрузка механизмами,,MN,,,o.ivanov,,,2026-03-25 10:31:51,2026-03-25 10:31:51,,,,,,,,,,,N,,SHIPPING_DOC,EKS000018275,,,,,,,,2026-03-25 10:31:51,,,N,,0.00000,0.00000,0.00000,0.00000,,,,,,,,,,,,,0
2011739,Загрузка ручная,,MN,,,o.ivanov,,,2026-03-25 10:31:51,2026-03-25 10:31:51,,,,,,,,,,,N,,SHIPPING_DOC,EKS000018275,,,,,,,,2026-03-25 10:31:51,,,N,,0.00000,0.00000,0.00000,0.00000,,,,,,,,,,,,,0
2011740,Загрузка механизмами,,MN,,,USER1319,,,2026-03-25 10:41:28,2026-03-25 10:41:28,,,,,,,,,,,N,,SHIPPING_DOC,EKS000017573,,,,,,,,2026-03-25 10:41:28,,,N,,0.00000,0.00000,0.00000,0.00000,,,,,,,,,,,,,0
2011741,Загрузка механизмами,,MN,,,USER1319,,,2026-03-25 10:41:28,2026-03-25 10:41:28,,,,,,,,,,,N,,SHIPPING_DOC,EKS000017998,,,,,,,,2026-03-25 10:41:28,,,N,,0.00000,0.00000,0.00000,0.00000,,,,,,,,,,,,,0
2011742,Загрузка механизмами,,MN,,,USER1319,,,2026-03-25 10:41:28,2026-03-25 10:41:28,,,,,,,,,,,N,,SHIPPING_DOC,EKS000018094,,,,,,,,2026-03-25 10:41:28,,,N,,0.00000,0.00000,0.00000,0.00000,,,,,,,,,,,,,0
2011743,Загрузка механизмами,,MN,,,USER1319,,,2026-03-25 10:41:28,2026-03-25 10:41:28,,,,,,,,,,,N,,SHIPPING_DOC,EKS000018360,,,,,,,,2026-03-25 10:41:28,,,N,,0.00000,0.00000,0.00000,0.00000,,,,,,,,,,,,,0
2011050,Загрузка механизмами,,MN,,,user2349,,,2026-03-24 20:12:54,2026-03-24 20:12:54,,,,,,,,,,,N,,SHIPPING_DOC,EKS000018387,,,,,,,,2026-03-24 20:12:54,,,N,,0.00000,0.00000,0.00000,0.00000,,,,,,,,,,,,,0
2011051,Загрузка механизмами,,MN,,,user2349,,,2026-03-24 20:12:54,2026-03-24 20:12:54,,,,,,,,,,,N,,SHIPPING_DOC,EKS000018399,,,,,,,,2026-03-24 20:12:54,,,N,,0.00000,0.00000,0.00000,0.00000,,,,,,,,,,,,,0
2011052,Загрузка механизмами,,MN,,,user2349,,,2026-03-24 20:12:54,2026-03-24 20:12:54,,,,,,,,,,,N,,SHIPPING_DOC,EKS000018400,,,,,,,,2026-03-24 20:12:54,,,N,,0.00000,0.00000,0.00000,0.00000,,,,,,,,,,,,,0
2011053,Загрузка механизмами,,MN,,,user2349,,,2026-03-24 20:12:54,2026-03-24 20:12:54,,,,,,,,,,,N,,SHIPPING_DOC,EKS000018406,,,,,,,,2026-03-24 20:12:54,,,N,,0.00000,0.00000,0.00000,0.00000,,,,,,,,,,,,,0
2011054,Загрузка механизмами,,MN,,,user2349,,,2026-03-24 20:12:54,2026-03-24 20:12:54,,,,,,,,,,,N,,SHIPPING_DOC,EKS000018416,,,,,,,,2026-03-24 20:12:54,,,N,,0.00000,0.00000,0.00000,0.00000,,,,,,,,,,,,,0
2011055,Загрузка механизмами,,MN,,,user2349,,,2026-03-24 20:12:54,2026-03-24 20:12:54,,,,,,,,,,,N,,SHIPPING_DOC,TR-24/03/2026-02,,,,,,,,2026-03-24 20:12:54,,,N,,0.00000,0.00000,0.00000,0.00000,,,,,,,,,,,,,0
2011056,Загрузка механизмами,,MN,,,user2349,,,2026-03-24 20:12:54,2026-03-24 20:12:54,,,,,,,,,,,N,,SHIPPING_DOC,EKS000018419,,,,,,,,2026-03-24 20:12:54,,,N,,0.00000,0.00000,0.00000,0.00000,,,,,,,,,,,,,0
2011057,Загрузка механизмами,,MN,,,user2349,,,2026-03-24 20:12:54,2026-03-24 20:12:54,,,,,,,,,,,N,,SHIPPING_DOC,EKS000018427,,,,,,,,2026-03-24 20:12:54,,,N,,0.00000,0.00000,0.00000,0.00000,,,,,,,,,,,,,0
2011058,Загрузка механизмами,,MN,,,user2349,,,2026-03-24 20:12:54,2026-03-24 20:12:54,,,,,,,,,,,N,,SHIPPING_DOC,EKS000018432,,,,,,,,2026-03-24 20:12:54,,,N,,0.00000,0.00000,0.00000,0.00000,,,,,,,,,,,,,0
2011059,Загрузка механизмами,,MN,,,user2349,,,2026-03-24 20:12:54,2026-03-24 20:12:54,,,,,,,,,,,N,,SHIPPING_DOC,EKS000018449,,,,,,,,2026-03-24 20:12:54,,,N,,0.00000,0.00000,0.00000,0.00000,,,,,,,,,,,,,0
2011060,Загрузка механизмами,,MN,,,user2349,,,2026-03-24 20:12:54,2026-03-24 20:12:54,,,,,,,,,,,N,,SHIPPING_DOC,EKS000018456,,,,,,,,2026-03-24 20:12:54,,,N,,0.00000,0.00000,0.00000,0.00000,,,,,,,,,,,,,0
2011061,Загрузка механизмами,,MN,,,user2349,,,2026-03-24 20:12:54,2026-03-24 20:12:54,,,,,,,,,,,N,,SHIPPING_DOC,EKS000018466,,,,,,,,2026-03-24 20:12:54,,,N,,0.00000,0.00000,0.00000,0.00000,,,,,,,,,,,,,0
2011744,Загрузка механизмами,,MN,,,USER1319,,,2026-03-25 10:41:28,2026-03-25 10:41:28,,,,,,,,,,,N,,SHIPPING_DOC,EKS000018558,,,,,,,,2026-03-25 10:41:28,,,N,,0.00000,0.00000,0.00000,0.00000,,,,,,,,,,,,,0
2011745,Загрузка ручная,,MN,,,USER1319,,,2026-03-25 10:41:28,2026-03-25 10:41:28,,,,,,,,,,,N,,SHIPPING_DOC,EKS000017573,,,,,,,,2026-03-25 10:41:28,,,N,,0.00000,0.00000,0.00000,0.00000,,,,,,,,,,,,,0
2011746,Загрузка ручная,,MN,,,USER1319,,,2026-03-25 10:41:28,2026-03-25 10:41:28,,,,,,,,,,,N,,SHIPPING_DOC,EKS000017998,,,,,,,,2026-03-25 10:41:28,,,N,,0.00000,0.00000,0.00000,0.00000,,,,,,,,,,,,,0
2011747,Загрузка ручная,,MN,,,USER1319,,,2026-03-25 10:41:28,2026-03-25 10:41:28,,,,,,,,,,,N,,SHIPPING_DOC,EKS000018094,,,,,,,,2026-03-25 10:41:28,,,N,,0.00000,0.00000,0.00000,0.00000,,,,,,,,,,,,,0
2011748,Загрузка ручная,,MN,,,USER1319,,,2026-03-25 10:41:28,2026-03-25 10:41:28,,,,,,,,,,,N,,SHIPPING_DOC,EKS000018360,,,,,,,,2026-03-25 10:41:28,,,N,,0.00000,0.00000,0.00000,0.00000,,,,,,,,,,,,,0
2011749,Загрузка ручная,,MN,,,USER1319,,,2026-03-25 10:41:28,2026-03-25 10:41:28,,,,,,,,,,,N,,SHIPPING_DOC,EKS000018558,,,,,,,,2026-03-25 10:41:28,,,N,,0.00000,0.00000,0.00000,0.00000,,,,,,,,,,,,,0
2011750,Разгрузка механизмами,,MN,,,user1237,,,2026-03-25 10:42:24,2026-03-25 10:42:24,,,,,,,,,,,N,,RECEIPT_DOC,EKS000005942,,,,,,,,2026-03-25 10:42:24,,,N,,0.00000,0.00000,0.00000,0.00000,,,,,,,,,,,,,0
2011751,Разгрузка ручная,,MN,,,user1237,,,2026-03-25 10:42:24,2026-03-25 10:42:24,,,,,,,,,,,N,,RECEIPT_DOC,EKS000005942,,,,,,,,2026-03-25 10:42:24,,,N,,0.00000,0.00000,0.00000,0.00000,,,,,,,,,,,,,0
2011752,Загрузка механизмами,,MN,,,USER1319,,,2026-03-25 10:44:50,2026-03-25 10:44:50,,,,,,,,,,,N,,SHIPPING_DOC,EKS000018384,,,,,,,,2026-03-25 10:44:50,,,N,,0.00000,0.00000,0.00000,0.00000,,,,,,,,,,,,,0
2011753,Загрузка механизмами,,MN,,,USER1319,,,2026-03-25 10:44:50,2026-03-25 10:44:50,,,,,,,,,,,N,,SHIPPING_DOC,EKS000018412,,,,,,,,2026-03-25 10:44:50,,,N,,0.00000,0.00000,0.00000,0.00000,,,,,,,,,,,,,0
2011754,Загрузка механизмами,,MN,,,USER1319,,,2026-03-25 10:44:50,2026-03-25 10:44:50,,,,,,,,,,,N,,SHIPPING_DOC,EKS000018420,,,,,,,,2026-03-25 10:44:50,,,N,,0.00000,0.00000,0.00000,0.00000,,,,,,,,,,,,,0
2011755,Загрузка механизмами,,MN,,,USER1319,,,2026-03-25 10:44:50,2026-03-25 10:44:50,,,,,,,,,,,N,,SHIPPING_DOC,EKS000018441,,,,,,,,2026-03-25 10:44:50,,,N,,0.00000,0.00000,0.00000,0.00000,,,,,,,,,,,,,0
2011756,Загрузка механизмами,,MN,,,USER1319,,,2026-03-25 10:44:50,2026-03-25 10:44:50,,,,,,,,,,,N,,SHIPPING_DOC,EKS000018451,,,,,,,,2026-03-25 10:44:50,,,N,,0.00000,0.00000,0.00000,0.00000,,,,,,,,,,,,,0
2011757,Загрузка механизмами,,MN,,,USER1319,,,2026-03-25 10:44:50,2026-03-25 10:44:50,,,,,,,,,,,N,,SHIPPING_DOC,EKS000018545,,,,,,,,2026-03-25 10:44:50,,,N,,0.00000,0.00000,0.00000,0.00000,,,,,,,,,,,,,0
2011758,Загрузка механизмами,,MN,,,USER1319,,,2026-03-25 10:44:50,2026-03-25 10:44:50,,,,,,,,,,,N,,SHIPPING_DOC,EKS000018583,,,,,,,,2026-03-25 10:44:50,,,N,,0.00000,0.00000,0.00000,0.00000,,,,,,,,,,,,,0
2011759,Загрузка механизмами,,MN,,,USER1319,,,2026-03-25 10:44:50,2026-03-25 10:44:50,,,,,,,,,,,N,,SHIPPING_DOC,EKS000018651,,,,,,,,2026-03-25 10:44:50,,,N,,0.00000,0.00000,0.00000,0.00000,,,,,,,,,,,,,0
2011760,Загрузка ручная,,MN,,,USER1319,,,2026-03-25 10:44:50,2026-03-25 10:44:50,,,,,,,,,,,N,,SHIPPING_DOC,EKS000018384,,,,,,,,2026-03-25 10:44:50,,,N,,0.00000,0.00000,0.00000,0.00000,,,,,,,,,,,,,0
2011761,Загрузка ручная,,MN,,,USER1319,,,2026-03-25 10:44:50,2026-03-25 10:44:50,,,,,,,,,,,N,,SHIPPING_DOC,EKS000018412,,,,,,,,2026-03-25 10:44:50,,,N,,0.00000,0.00000,0.00000,0.00000,,,,,,,,,,,,,0
2011762,Загрузка ручная,,MN,,,USER1319,,,2026-03-25 10:44:50,2026-03-25 10:44:50,,,,,,,,,,,N,,SHIPPING_DOC,EKS000018420,,,,,,,,2026-03-25 10:44:50,,,N,,0.00000,0.00000,0.00000,0.00000,,,,,,,,,,,,,0
2011763,Загрузка ручная,,MN,,,USER1319,,,2026-03-25 10:44:50,2026-03-25 10:44:50,,,,,,,,,,,N,,SHIPPING_DOC,EKS000018441,,,,,,,,2026-03-25 10:44:50,,,N,,0.00000,0.00000,0.00000,0.00000,,,,,,,,,,,,,0
2011764,Загрузка ручная,,MN,,,USER1319,,,2026-03-25 10:44:50,2026-03-25 10:44:50,,,,,,,,,,,N,,SHIPPING_DOC,EKS000018451,,,,,,,,2026-03-25 10:44:50,,,N,,0.00000,0.00000,0.00000,0.00000,,,,,,,,,,,,,0
2011765,Загрузка ручная,,MN,,,USER1319,,,2026-03-25 10:44:50,2026-03-25 10:44:50,,,,,,,,,,,N,,SHIPPING_DOC,EKS000018545,,,,,,,,2026-03-25 10:44:50,,,N,,0.00000,0.00000,0.00000,0.00000,,,,,,,,,,,,,0
2011766,Загрузка ручная,,MN,,,USER1319,,,2026-03-25 10:44:50,2026-03-25 10:44:50,,,,,,,,,,,N,,SHIPPING_DOC,EKS000018583,,,,,,,,2026-03-25 10:44:50,,,N,,0.00000,0.00000,0.00000,0.00000,,,,,,,,,,,,,0
2011767,Загрузка ручная,,MN,,,USER1319,,,2026-03-25 10:44:50,2026-03-25 10:44:50,,,,,,,,,,,N,,SHIPPING_DOC,EKS000018651,,,,,,,,2026-03-25 10:44:50,,,N,,0.00000,0.00000,0.00000,0.00000,,,,,,,,,,,,,0
2011768,Загрузка механизмами,,MN,,,User1322,,,2026-03-25 10:45:55,2026-03-25 10:45:55,,,,,,,,,,,N,,SHIPPING_DOC,EKS000017573,,,,,,,,2026-03-25 10:45:55,,,N,,0.00000,0.00000,0.00000,0.00000,,,,,,,,,,,,,0
2011769,Загрузка механизмами,,MN,,,User1322,,,2026-03-25 10:45:55,2026-03-25 10:45:55,,,,,,,,,,,N,,SHIPPING_DOC,EKS000017998,,,,,,,,2026-03-25 10:45:55,,,N,,0.00000,0.00000,0.00000,0.00000,,,,,,,,,,,,,0
2011770,Загрузка механизмами,,MN,,,User1322,,,2026-03-25 10:45:55,2026-03-25 10:45:55,,,,,,,,,,,N,,SHIPPING_DOC,EKS000018094,,,,,,,,2026-03-25 10:45:55,,,N,,0.00000,0.00000,0.00000,0.00000,,,,,,,,,,,,,0
2011771,Загрузка механизмами,,MN,,,User1322,,,2026-03-25 10:45:55,2026-03-25 10:45:55,,,,,,,,,,,N,,SHIPPING_DOC,EKS000018360,,,,,,,,2026-03-25 10:45:55,,,N,,0.00000,0.00000,0.00000,0.00000,,,,,,,,,,,,,0
2011772,Загрузка механизмами,,MN,,,User1322,,,2026-03-25 10:45:55,2026-03-25 10:45:55,,,,,,,,,,,N,,SHIPPING_DOC,EKS000018558,,,,,,,,2026-03-25 10:45:55,,,N,,0.00000,0.00000,0.00000,0.00000,,,,,,,,,,,,,0
2011773,Загрузка ручная,,MN,,,User1322,,,2026-03-25 10:45:55,2026-03-25 10:45:55,,,,,,,,,,,N,,SHIPPING_DOC,EKS000017573,,,,,,,,2026-03-25 10:45:55,,,N,,0.00000,0.00000,0.00000,0.00000,,,,,,,,,,,,,0
2011774,Загрузка ручная,,MN,,,User1322,,,2026-03-25 10:45:55,2026-03-25 10:45:55,,,,,,,,,,,N,,SHIPPING_DOC,EKS000017998,,,,,,,,2026-03-25 10:45:55,,,N,,0.00000,0.00000,0.00000,0.00000,,,,,,,,,,,,,0
2011775,Загрузка ручная,,MN,,,User1322,,,2026-03-25 10:45:55,2026-03-25 10:45:55,,,,,,,,,,,N,,SHIPPING_DOC,EKS000018094,,,,,,,,2026-03-25 10:45:55,,,N,,0.00000,0.00000,0.00000,0.00000,,,,,,,,,,,,,0
2011776,Загрузка ручная,,MN,,,User1322,,,2026-03-25 10:45:55,2026-03-25 10:45:55,,,,,,,,,,,N,,SHIPPING_DOC,EKS000018360,,,,,,,,2026-03-25 10:45:55,,,N,,0.00000,0.00000,0.00000,0.00000,,,,,,,,,,,,,0
2011777,Загрузка ручная,,MN,,,User1322,,,2026-03-25 10:45:55,2026-03-25 10:45:55,,,,,,,,,,,N,,SHIPPING_DOC,EKS000018558,,,,,,,,2026-03-25 10:45:55,,,N,,0.00000,0.00000,0.00000,0.00000,,,,,,,,,,,,,0
2011778,Загрузка механизмами,,MN,,,O.IVANOV,,,2026-03-25 10:50:00,2026-03-25 10:50:00,,,,,,,,,,,N,,SHIPPING_DOC,EKS000018431,,,,,,,,2026-03-25 10:50:00,,,N,,0.00000,0.00000,0.00000,0.00000,,,,,,,,,,,,,0
2011779,Загрузка механизмами,,MN,,,O.IVANOV,,,2026-03-25 10:50:00,2026-03-25 10:50:00,,,,,,,,,,,N,,SHIPPING_DOC,EKS000018487,,,,,,,,2026-03-25 10:50:00,,,N,,0.00000,0.00000,0.00000,0.00000,,,,,,,,,,,,,0
2011780,Загрузка механизмами,,MN,,,O.IVANOV,,,2026-03-25 10:50:00,2026-03-25 10:50:00,,,,,,,,,,,N,,SHIPPING_DOC,EKS000018628,,,,,,,,2026-03-25 10:50:00,,,N,,0.00000,0.00000,0.00000,0.00000,,,,,,,,,,,,,0
2011781,Загрузка ручная,,MN,,,O.IVANOV,,,2026-03-25 10:50:00,2026-03-25 10:50:00,,,,,,,,,,,N,,SHIPPING_DOC,EKS000018431,,,,,,,,2026-03-25 10:50:00,,,N,,0.00000,0.00000,0.00000,0.00000,,,,,,,,,,,,,0
2011782,Загрузка ручная,,MN,,,O.IVANOV,,,2026-03-25 10:50:00,2026-03-25 10:50:00,,,,,,,,,,,N,,SHIPPING_DOC,EKS000018487,,,,,,,,2026-03-25 10:50:00,,,N,,0.00000,0.00000,0.00000,0.00000,,,,,,,,,,,,,0
2011062,Загрузка механизмами,,MN,,,user2349,,,2026-03-24 20:12:54,2026-03-24 20:12:54,,,,,,,,,,,N,,SHIPPING_DOC,EKS000018469,,,,,,,,2026-03-24 20:12:54,,,N,,0.00000,0.00000,0.00000,0.00000,,,,,,,,,,,,,0
2011063,Загрузка механизмами,,MN,,,user2349,,,2026-03-24 20:12:54,2026-03-24 20:12:54,,,,,,,,,,,N,,SHIPPING_DOC,EKS000018455,,,,,,,,2026-03-24 20:12:54,,,N,,0.00000,0.00000,0.00000,0.00000,,,,,,,,,,,,,0
2011064,Загрузка механизмами,,MN,,,user2349,,,2026-03-24 20:12:54,2026-03-24 20:12:54,,,,,,,,,,,N,,SHIPPING_DOC,EKS000018476,,,,,,,,2026-03-24 20:12:54,,,N,,0.00000,0.00000,0.00000,0.00000,,,,,,,,,,,,,0
2011065,Загрузка механизмами,,MN,,,user2349,,,2026-03-24 20:12:54,2026-03-24 20:12:54,,,,,,,,,,,N,,SHIPPING_DOC,EKS000018479,,,,,,,,2026-03-24 20:12:54,,,N,,0.00000,0.00000,0.00000,0.00000,,,,,,,,,,,,,0
2011066,Загрузка механизмами,,MN,,,user2349,,,2026-03-24 20:12:54,2026-03-24 20:12:54,,,,,,,,,,,N,,SHIPPING_DOC,TR-24/03/2026-06,,,,,,,,2026-03-24 20:12:54,,,N,,0.00000,0.00000,0.00000,0.00000,,,,,,,,,,,,,0
2011067,Загрузка механизмами,,MN,,,user2349,,,2026-03-24 20:12:54,2026-03-24 20:12:54,,,,,,,,,,,N,,SHIPPING_DOC,EKS000018489,,,,,,,,2026-03-24 20:12:54,,,N,,0.00000,0.00000,0.00000,0.00000,,,,,,,,,,,,,0
2011068,Загрузка механизмами,,MN,,,user2349,,,2026-03-24 20:12:54,2026-03-24 20:12:54,,,,,,,,,,,N,,SHIPPING_DOC,EKS000018490,,,,,,,,2026-03-24 20:12:54,,,N,,0.00000,0.00000,0.00000,0.00000,,,,,,,,,,,,,0
2011069,Загрузка механизмами,,MN,,,user2349,,,2026-03-24 20:12:54,2026-03-24 20:12:54,,,,,,,,,,,N,,SHIPPING_DOC,EKS000018505,,,,,,,,2026-03-24 20:12:54,,,N,,0.00000,0.00000,0.00000,0.00000,,,,,,,,,,,,,0
2011070,Загрузка механизмами,,MN,,,user2349,,,2026-03-24 20:12:54,2026-03-24 20:12:54,,,,,,,,,,,N,,SHIPPING_DOC,EKS000018511,,,,,,,,2026-03-24 20:12:54,,,N,,0.00000,0.00000,0.00000,0.00000,,,,,,,,,,,,,0
2011071,Загрузка механизмами,,MN,,,user2349,,,2026-03-24 20:12:54,2026-03-24 20:12:54,,,,,,,,,,,N,,SHIPPING_DOC,EKS000018516,,,,,,,,2026-03-24 20:12:54,,,N,,0.00000,0.00000,0.00000,0.00000,,,,,,,,,,,,,0
2011072,Загрузка механизмами,,MN,,,user2349,,,2026-03-24 20:12:54,2026-03-24 20:12:54,,,,,,,,,,,N,,SHIPPING_DOC,EKS000018529,,,,,,,,2026-03-24 20:12:54,,,N,,0.00000,0.00000,0.00000,0.00000,,,,,,,,,,,,,0
2011073,Загрузка механизмами,,MN,,,user2349,,,2026-03-24 20:12:54,2026-03-24 20:12:54,,,,,,,,,,,N,,SHIPPING_DOC,EKS000018534,,,,,,,,2026-03-24 20:12:54,,,N,,0.00000,0.00000,0.00000,0.00000,,,,,,,,,,,,,0
2011074,Загрузка механизмами,,MN,,,user2349,,,2026-03-24 20:12:54,2026-03-24 20:12:54,,,,,,,,,,,N,,SHIPPING_DOC,EKS000018539,,,,,,,,2026-03-24 20:12:54,,,N,,0.00000,0.00000,0.00000,0.00000,,,,,,,,,,,,,0
2011075,Загрузка механизмами,,MN,,,user2349,,,2026-03-24 20:12:54,2026-03-24 20:12:54,,,,,,,,,,,N,,SHIPPING_DOC,EKS000018540,,,,,,,,2026-03-24 20:12:54,,,N,,0.00000,0.00000,0.00000,0.00000,,,,,,,,,,,,,0
2011076,Загрузка механизмами,,MN,,,user2349,,,2026-03-24 20:12:54,2026-03-24 20:12:54,,,,,,,,,,,N,,SHIPPING_DOC,EKS000018559,,,,,,,,2026-03-24 20:12:54,,,N,,0.00000,0.00000,0.00000,0.00000,,,,,,,,,,,,,0
2011077,Загрузка механизмами,,MN,,,user2349,,,2026-03-24 20:12:54,2026-03-24 20:12:54,,,,,,,,,,,N,,SHIPPING_DOC,EKS000018570,,,,,,,,2026-03-24 20:12:54,,,N,,0.00000,0.00000,0.00000,0.00000,,,,,,,,,,,,,0
2011078,Загрузка механизмами,,MN,,,user2349,,,2026-03-24 20:12:54,2026-03-24 20:12:54,,,,,,,,,,,N,,SHIPPING_DOC,EKS000018575,,,,,,,,2026-03-24 20:12:54,,,N,,0.00000,0.00000,0.00000,0.00000,,,,,,,,,,,,,0
2011079,Загрузка механизмами,,MN,,,user2349,,,2026-03-24 20:12:54,2026-03-24 20:12:54,,,,,,,,,,,N,,SHIPPING_DOC,EKS000018596,,,,,,,,2026-03-24 20:12:54,,,N,,0.00000,0.00000,0.00000,0.00000,,,,,,,,,,,,,0
2011080,Загрузка механизмами,,MN,,,user2349,,,2026-03-24 20:12:54,2026-03-24 20:12:54,,,,,,,,,,,N,,SHIPPING_DOC,EKS000018577,,,,,,,,2026-03-24 20:12:54,,,N,,0.00000,0.00000,0.00000,0.00000,,,,,,,,,,,,,0
2011081,Загрузка механизмами,,MN,,,user2349,,,2026-03-24 20:12:54,2026-03-24 20:12:54,,,,,,,,,,,N,,SHIPPING_DOC,EKS000018601,,,,,,,,2026-03-24 20:12:54,,,N,,0.00000,0.00000,0.00000,0.00000,,,,,,,,,,,,,0
2011082,Загрузка механизмами,,MN,,,user2349,,,2026-03-24 20:12:54,2026-03-24 20:12:54,,,,,,,,,,,N,,SHIPPING_DOC,EKS000018608,,,,,,,,2026-03-24 20:12:54,,,N,,0.00000,0.00000,0.00000,0.00000,,,,,,,,,,,,,0
2011083,Загрузка механизмами,,MN,,,user2349,,,2026-03-24 20:12:54,2026-03-24 20:12:54,,,,,,,,,,,N,,SHIPPING_DOC,EKS000018610,,,,,,,,2026-03-24 20:12:54,,,N,,0.00000,0.00000,0.00000,0.00000,,,,,,,,,,,,,0
2011084,Загрузка механизмами,,MN,,,user2349,,,2026-03-24 20:12:54,2026-03-24 20:12:54,,,,,,,,,,,N,,SHIPPING_DOC,EKS000018611,,,,,,,,2026-03-24 20:12:54,,,N,,0.00000,0.00000,0.00000,0.00000,,,,,,,,,,,,,0
2011085,Загрузка механизмами,,MN,,,user2349,,,2026-03-24 20:12:54,2026-03-24 20:12:54,,,,,,,,,,,N,,SHIPPING_DOC,EKS000018612,,,,,,,,2026-03-24 20:12:54,,,N,,0.00000,0.00000,0.00000,0.00000,,,,,,,,,,,,,0
2011086,Загрузка механизмами,,MN,,,user2349,,,2026-03-24 20:12:54,2026-03-24 20:12:54,,,,,,,,,,,N,,SHIPPING_DOC,EKS000018613,,,,,,,,2026-03-24 20:12:54,,,N,,0.00000,0.00000,0.00000,0.00000,,,,,,,,,,,,,0
2011087,Загрузка механизмами,,MN,,,user2349,,,2026-03-24 20:12:54,2026-03-24 20:12:54,,,,,,,,,,,N,,SHIPPING_DOC,EKS000018592,,,,,,,,2026-03-24 20:12:54,,,N,,0.00000,0.00000,0.00000,0.00000,,,,,,,,,,,,,0
2011088,Загрузка механизмами,,MN,,,user2349,,,2026-03-24 20:12:54,2026-03-24 20:12:54,,,,,,,,,,,N,,SHIPPING_DOC,EKS000018616,,,,,,,,2026-03-24 20:12:54,,,N,,0.00000,0.00000,0.00000,0.00000,,,,,,,,,,,,,0
2011089,Загрузка механизмами,,MN,,,user2349,,,2026-03-24 20:12:54,2026-03-24 20:12:54,,,,,,,,,,,N,,SHIPPING_DOC,EKS000018617,,,,,,,,2026-03-24 20:12:54,,,N,,0.00000,0.00000,0.00000,0.00000,,,,,,,,,,,,,0
2011090,Загрузка ручная,,MN,,,user2349,,,2026-03-24 20:12:54,2026-03-24 20:12:54,,,,,,,,,,,N,,SHIPPING_DOC,EKS000017904,,,,,,,,2026-03-24 20:12:54,,,N,,0.00000,0.00000,0.00000,0.00000,,,,,,,,,,,,,0
2011091,Загрузка ручная,,MN,,,user2349,,,2026-03-24 20:12:54,2026-03-24 20:12:54,,,,,,,,,,,N,,SHIPPING_DOC,EKS000017909,,,,,,,,2026-03-24 20:12:54,,,N,,0.00000,0.00000,0.00000,0.00000,,,,,,,,,,,,,0
2011092,Загрузка ручная,,MN,,,user2349,,,2026-03-24 20:12:54,2026-03-24 20:12:54,,,,,,,,,,,N,,SHIPPING_DOC,EKS000017910,,,,,,,,2026-03-24 20:12:54,,,N,,0.00000,0.00000,0.00000,0.00000,,,,,,,,,,,,,0
2011093,Загрузка ручная,,MN,,,user2349,,,2026-03-24 20:12:54,2026-03-24 20:12:54,,,,,,,,,,,N,,SHIPPING_DOC,EKS000017911,,,,,,,,2026-03-24 20:12:54,,,N,,0.00000,0.00000,0.00000,0.00000,,,,,,,,,,,,,0
2011094,Загрузка ручная,,MN,,,user2349,,,2026-03-24 20:12:54,2026-03-24 20:12:54,,,,,,,,,,,N,,SHIPPING_DOC,EKS000017913,,,,,,,,2026-03-24 20:12:54,,,N,,0.00000,0.00000,0.00000,0.00000,,,,,,,,,,,,,0
2011095,Загрузка ручная,,MN,,,user2349,,,2026-03-24 20:12:54,2026-03-24 20:12:54,,,,,,,,,,,N,,SHIPPING_DOC,EKS000017914,,,,,,,,2026-03-24 20:12:54,,,N,,0.00000,0.00000,0.00000,0.00000,,,,,,,,,,,,,0
2011096,Загрузка ручная,,MN,,,user2349,,,2026-03-24 20:12:54,2026-03-24 20:12:54,,,,,,,,,,,N,,SHIPPING_DOC,EKS000017916,,,,,,,,2026-03-24 20:12:54,,,N,,0.00000,0.00000,0.00000,0.00000,,,,,,,,,,,,,0
2011097,Загрузка ручная,,MN,,,user2349,,,2026-03-24 20:12:54,2026-03-24 20:12:54,,,,,,,,,,,N,,SHIPPING_DOC,EKS000017917,,,,,,,,2026-03-24 20:12:54,,,N,,0.00000,0.00000,0.00000,0.00000,,,,,,,,,,,,,0
2011098,Загрузка ручная,,MN,,,user2349,,,2026-03-24 20:12:54,2026-03-24 20:12:54,,,,,,,,,,,N,,SHIPPING_DOC,EKS000017924,,,,,,,,2026-03-24 20:12:54,,,N,,0.00000,0.00000,0.00000,0.00000,,,,,,,,,,,,,0
2011783,Загрузка ручная,,MN,,,O.IVANOV,,,2026-03-25 10:50:00,2026-03-25 10:50:00,,,,,,,,,,,N,,SHIPPING_DOC,EKS000018628,,,,,,,,2026-03-25 10:50:00,,,N,,0.00000,0.00000,0.00000,0.00000,,,,,,,,,,,,,0
2011784,Загрузка механизмами,,MN,,,USER1319,,,2026-03-25 10:51:32,2026-03-25 10:51:32,,,,,,,,,,,N,,SHIPPING_DOC,EKS000018553,,,,,,,,2026-03-25 10:51:32,,,N,,0.00000,0.00000,0.00000,0.00000,,,,,,,,,,,,,0
2011785,Загрузка ручная,,MN,,,USER1319,,,2026-03-25 10:51:32,2026-03-25 10:51:32,,,,,,,,,,,N,,SHIPPING_DOC,EKS000018553,,,,,,,,2026-03-25 10:51:32,,,N,,0.00000,0.00000,0.00000,0.00000,,,,,,,,,,,,,0
2011786,Загрузка механизмами,,MN,,,USER1319,,,2026-03-25 11:02:18,2026-03-25 11:02:18,,,,,,,,,,,N,,SHIPPING_DOC,EKS000018369,,,,,,,,2026-03-25 11:02:18,,,N,,0.00000,0.00000,0.00000,0.00000,,,,,,,,,,,,,0
2011787,Загрузка механизмами,,MN,,,USER1319,,,2026-03-25 11:02:18,2026-03-25 11:02:18,,,,,,,,,,,N,,SHIPPING_DOC,EKS000018375,,,,,,,,2026-03-25 11:02:18,,,N,,0.00000,0.00000,0.00000,0.00000,,,,,,,,,,,,,0
2011788,Загрузка ручная,,MN,,,USER1319,,,2026-03-25 11:02:18,2026-03-25 11:02:18,,,,,,,,,,,N,,SHIPPING_DOC,EKS000018369,,,,,,,,2026-03-25 11:02:18,,,N,,0.00000,0.00000,0.00000,0.00000,,,,,,,,,,,,,0
2011789,Загрузка ручная,,MN,,,USER1319,,,2026-03-25 11:02:18,2026-03-25 11:02:18,,,,,,,,,,,N,,SHIPPING_DOC,EKS000018375,,,,,,,,2026-03-25 11:02:18,,,N,,0.00000,0.00000,0.00000,0.00000,,,,,,,,,,,,,0
2011790,Загрузка механизмами,,MN,,,user1215,,,2026-03-25 11:05:39,2026-03-25 11:05:39,,,,,,,,,,,N,,SHIPPING_DOC,EKS000018523,,,,,,,,2026-03-25 11:05:39,,,N,,0.00000,0.00000,0.00000,0.00000,,,,,,,,,,,,,0
2011791,Загрузка ручная,,MN,,,user1215,,,2026-03-25 11:05:39,2026-03-25 11:05:39,,,,,,,,,,,N,,SHIPPING_DOC,EKS000018523,,,,,,,,2026-03-25 11:05:39,,,N,,0.00000,0.00000,0.00000,0.00000,,,,,,,,,,,,,0
2011792,Загрузка механизмами,,MN,,,user1215,,,2026-03-25 11:13:02,2026-03-25 11:13:02,,,,,,,,,,,N,,SHIPPING_DOC,EKS000018712,,,,,,,,2026-03-25 11:13:02,,,N,,0.00000,0.00000,0.00000,0.00000,,,,,,,,,,,,,0
2011793,Загрузка ручная,,MN,,,user1215,,,2026-03-25 11:13:02,2026-03-25 11:13:02,,,,,,,,,,,N,,SHIPPING_DOC,EKS000018712,,,,,,,,2026-03-25 11:13:02,,,N,,0.00000,0.00000,0.00000,0.00000,,,,,,,,,,,,,0
2011794,Загрузка механизмами,,MN,,,user1215,,,2026-03-25 11:15:40,2026-03-25 11:15:40,,,,,,,,,,,N,,SHIPPING_DOC,EKS000018222,,,,,,,,2026-03-25 11:15:40,,,N,,0.00000,0.00000,0.00000,0.00000,,,,,,,,,,,,,0
2011795,Загрузка механизмами,,MN,,,user1215,,,2026-03-25 11:15:40,2026-03-25 11:15:40,,,,,,,,,,,N,,SHIPPING_DOC,EKS000018223,,,,,,,,2026-03-25 11:15:40,,,N,,0.00000,0.00000,0.00000,0.00000,,,,,,,,,,,,,0
2011796,Загрузка ручная,,MN,,,user1215,,,2026-03-25 11:15:40,2026-03-25 11:15:40,,,,,,,,,,,N,,SHIPPING_DOC,EKS000018222,,,,,,,,2026-03-25 11:15:40,,,N,,0.00000,0.00000,0.00000,0.00000,,,,,,,,,,,,,0
2011797,Загрузка ручная,,MN,,,user1215,,,2026-03-25 11:15:40,2026-03-25 11:15:40,,,,,,,,,,,N,,SHIPPING_DOC,EKS000018223,,,,,,,,2026-03-25 11:15:40,,,N,,0.00000,0.00000,0.00000,0.00000,,,,,,,,,,,,,0
2011798,Загрузка механизмами,,MN,,,USER1319,,,2026-03-25 11:35:23,2026-03-25 11:35:23,,,,,,,,,,,N,,SHIPPING_DOC,EKS000018641,,,,,,,,2026-03-25 11:35:23,,,N,,0.00000,0.00000,0.00000,0.00000,,,,,,,,,,,,,0
2011799,Загрузка ручная,,MN,,,USER1319,,,2026-03-25 11:35:23,2026-03-25 11:35:23,,,,,,,,,,,N,,SHIPPING_DOC,EKS000018641,,,,,,,,2026-03-25 11:35:23,,,N,,0.00000,0.00000,0.00000,0.00000,,,,,,,,,,,,,0
2011800,Разгрузка механизмами,,MN,,,user1237,,,2026-03-25 11:38:21,2026-03-25 11:38:21,,,,,,,,,,,N,,RECEIPT_DOC,EKS000005945,,,,,,,,2026-03-25 11:38:21,,,N,,0.00000,0.00000,0.00000,0.00000,,,,,,,,,,,,,0
2011801,Разгрузка ручная,,MN,,,user1199,,,2026-03-25 11:38:36,2026-03-25 11:38:36,,,,,,,,,,,N,,RECEIPT_DOC,EKS000005945,,,,,,,,2026-03-25 11:38:36,,,N,,0.00000,0.00000,0.00000,0.00000,,,,,,,,,,,,,0
2011802,Разгрузка механизмами,,MN,,,user1215,,,2026-03-25 11:40:56,2026-03-25 11:40:56,,,,,,,,,,,N,,RECEIPT_DOC,EKS000005957,,,,,,,,2026-03-25 11:40:56,,,N,,0.00000,0.00000,0.00000,0.00000,,,,,,,,,,,,,0
2011803,Разгрузка ручная,,MN,,,user1215,,,2026-03-25 11:40:56,2026-03-25 11:40:56,,,,,,,,,,,N,,RECEIPT_DOC,EKS000005957,,,,,,,,2026-03-25 11:40:56,,,N,,0.00000,0.00000,0.00000,0.00000,,,,,,,,,,,,,0
2011804,Загрузка механизмами,,MN,,,USER1319,,,2026-03-25 11:53:13,2026-03-25 11:53:13,,,,,,,,,,,N,,SHIPPING_DOC,EKS000018686,,,,,,,,2026-03-25 11:53:13,,,N,,0.00000,0.00000,0.00000,0.00000,,,,,,,,,,,,,0
2011805,Загрузка механизмами,,MN,,,USER1319,,,2026-03-25 11:53:13,2026-03-25 11:53:13,,,,,,,,,,,N,,SHIPPING_DOC,EKS000018690,,,,,,,,2026-03-25 11:53:13,,,N,,0.00000,0.00000,0.00000,0.00000,,,,,,,,,,,,,0
2011806,Загрузка механизмами,,MN,,,USER1319,,,2026-03-25 11:53:13,2026-03-25 11:53:13,,,,,,,,,,,N,,SHIPPING_DOC,EKS000018719,,,,,,,,2026-03-25 11:53:13,,,N,,0.00000,0.00000,0.00000,0.00000,,,,,,,,,,,,,0
2011807,Загрузка ручная,,MN,,,USER1319,,,2026-03-25 11:53:13,2026-03-25 11:53:13,,,,,,,,,,,N,,SHIPPING_DOC,EKS000018686,,,,,,,,2026-03-25 11:53:13,,,N,,0.00000,0.00000,0.00000,0.00000,,,,,,,,,,,,,0
2011808,Загрузка ручная,,MN,,,USER1319,,,2026-03-25 11:53:13,2026-03-25 11:53:13,,,,,,,,,,,N,,SHIPPING_DOC,EKS000018690,,,,,,,,2026-03-25 11:53:13,,,N,,0.00000,0.00000,0.00000,0.00000,,,,,,,,,,,,,0
2011099,Загрузка ручная,,MN,,,user2349,,,2026-03-24 20:12:54,2026-03-24 20:12:54,,,,,,,,,,,N,,SHIPPING_DOC,EKS000017945,,,,,,,,2026-03-24 20:12:54,,,N,,0.00000,0.00000,0.00000,0.00000,,,,,,,,,,,,,0
2011100,Загрузка ручная,,MN,,,user2349,,,2026-03-24 20:12:54,2026-03-24 20:12:54,,,,,,,,,,,N,,SHIPPING_DOC,EKS000017946,,,,,,,,2026-03-24 20:12:54,,,N,,0.00000,0.00000,0.00000,0.00000,,,,,,,,,,,,,0
2011101,Загрузка ручная,,MN,,,user2349,,,2026-03-24 20:12:54,2026-03-24 20:12:54,,,,,,,,,,,N,,SHIPPING_DOC,EKS000017947,,,,,,,,2026-03-24 20:12:54,,,N,,0.00000,0.00000,0.00000,0.00000,,,,,,,,,,,,,0
2011102,Загрузка ручная,,MN,,,user2349,,,2026-03-24 20:12:54,2026-03-24 20:12:54,,,,,,,,,,,N,,SHIPPING_DOC,EKS000017950,,,,,,,,2026-03-24 20:12:54,,,N,,0.00000,0.00000,0.00000,0.00000,,,,,,,,,,,,,0
2011103,Загрузка ручная,,MN,,,user2349,,,2026-03-24 20:12:54,2026-03-24 20:12:54,,,,,,,,,,,N,,SHIPPING_DOC,EKS000017956,,,,,,,,2026-03-24 20:12:54,,,N,,0.00000,0.00000,0.00000,0.00000,,,,,,,,,,,,,0
2011104,Загрузка ручная,,MN,,,user2349,,,2026-03-24 20:12:54,2026-03-24 20:12:54,,,,,,,,,,,N,,SHIPPING_DOC,EKS000017959,,,,,,,,2026-03-24 20:12:54,,,N,,0.00000,0.00000,0.00000,0.00000,,,,,,,,,,,,,0
2011105,Загрузка ручная,,MN,,,user2349,,,2026-03-24 20:12:54,2026-03-24 20:12:54,,,,,,,,,,,N,,SHIPPING_DOC,EKS000017961,,,,,,,,2026-03-24 20:12:54,,,N,,0.00000,0.00000,0.00000,0.00000,,,,,,,,,,,,,0
2011106,Загрузка ручная,,MN,,,user2349,,,2026-03-24 20:12:54,2026-03-24 20:12:54,,,,,,,,,,,N,,SHIPPING_DOC,EKS000017977,,,,,,,,2026-03-24 20:12:54,,,N,,0.00000,0.00000,0.00000,0.00000,,,,,,,,,,,,,0
2011107,Загрузка ручная,,MN,,,user2349,,,2026-03-24 20:12:54,2026-03-24 20:12:54,,,,,,,,,,,N,,SHIPPING_DOC,EKS000017981,,,,,,,,2026-03-24 20:12:54,,,N,,0.00000,0.00000,0.00000,0.00000,,,,,,,,,,,,,0
2011108,Загрузка ручная,,MN,,,user2349,,,2026-03-24 20:12:54,2026-03-24 20:12:54,,,,,,,,,,,N,,SHIPPING_DOC,EKS000017984,,,,,,,,2026-03-24 20:12:54,,,N,,0.00000,0.00000,0.00000,0.00000,,,,,,,,,,,,,0
2011109,Загрузка ручная,,MN,,,user2349,,,2026-03-24 20:12:54,2026-03-24 20:12:54,,,,,,,,,,,N,,SHIPPING_DOC,EKS000017985,,,,,,,,2026-03-24 20:12:54,,,N,,0.00000,0.00000,0.00000,0.00000,,,,,,,,,,,,,0
2011110,Загрузка ручная,,MN,,,user2349,,,2026-03-24 20:12:54,2026-03-24 20:12:54,,,,,,,,,,,N,,SHIPPING_DOC,EKS000018002,,,,,,,,2026-03-24 20:12:54,,,N,,0.00000,0.00000,0.00000,0.00000,,,,,,,,,,,,,0
2011111,Загрузка ручная,,MN,,,user2349,,,2026-03-24 20:12:54,2026-03-24 20:12:54,,,,,,,,,,,N,,SHIPPING_DOC,EKS000018006,,,,,,,,2026-03-24 20:12:54,,,N,,0.00000,0.00000,0.00000,0.00000,,,,,,,,,,,,,0
2011112,Загрузка ручная,,MN,,,user2349,,,2026-03-24 20:12:54,2026-03-24 20:12:54,,,,,,,,,,,N,,SHIPPING_DOC,EKS000018009,,,,,,,,2026-03-24 20:12:54,,,N,,0.00000,0.00000,0.00000,0.00000,,,,,,,,,,,,,0
2011113,Загрузка ручная,,MN,,,user2349,,,2026-03-24 20:12:54,2026-03-24 20:12:54,,,,,,,,,,,N,,SHIPPING_DOC,EKS000018011,,,,,,,,2026-03-24 20:12:54,,,N,,0.00000,0.00000,0.00000,0.00000,,,,,,,,,,,,,0
2011114,Загрузка ручная,,MN,,,user2349,,,2026-03-24 20:12:54,2026-03-24 20:12:54,,,,,,,,,,,N,,SHIPPING_DOC,EKS000018013,,,,,,,,2026-03-24 20:12:54,,,N,,0.00000,0.00000,0.00000,0.00000,,,,,,,,,,,,,0
2011115,Загрузка ручная,,MN,,,user2349,,,2026-03-24 20:12:54,2026-03-24 20:12:54,,,,,,,,,,,N,,SHIPPING_DOC,EKS000018021,,,,,,,,2026-03-24 20:12:54,,,N,,0.00000,0.00000,0.00000,0.00000,,,,,,,,,,,,,0
2011116,Загрузка ручная,,MN,,,user2349,,,2026-03-24 20:12:54,2026-03-24 20:12:54,,,,,,,,,,,N,,SHIPPING_DOC,EKS000018043,,,,,,,,2026-03-24 20:12:54,,,N,,0.00000,0.00000,0.00000,0.00000,,,,,,,,,,,,,0
2011117,Загрузка ручная,,MN,,,user2349,,,2026-03-24 20:12:54,2026-03-24 20:12:54,,,,,,,,,,,N,,SHIPPING_DOC,TR-23/03/2026-03,,,,,,,,2026-03-24 20:12:54,,,N,,0.00000,0.00000,0.00000,0.00000,,,,,,,,,,,,,0
2011118,Загрузка ручная,,MN,,,user2349,,,2026-03-24 20:12:54,2026-03-24 20:12:54,,,,,,,,,,,N,,SHIPPING_DOC,EKS000018049,,,,,,,,2026-03-24 20:12:54,,,N,,0.00000,0.00000,0.00000,0.00000,,,,,,,,,,,,,0
2011119,Загрузка ручная,,MN,,,user2349,,,2026-03-24 20:12:54,2026-03-24 20:12:54,,,,,,,,,,,N,,SHIPPING_DOC,EKS000018053,,,,,,,,2026-03-24 20:12:54,,,N,,0.00000,0.00000,0.00000,0.00000,,,,,,,,,,,,,0
2011120,Загрузка ручная,,MN,,,user2349,,,2026-03-24 20:12:54,2026-03-24 20:12:54,,,,,,,,,,,N,,SHIPPING_DOC,EKS000018056,,,,,,,,2026-03-24 20:12:54,,,N,,0.00000,0.00000,0.00000,0.00000,,,,,,,,,,,,,0
2011121,Загрузка ручная,,MN,,,user2349,,,2026-03-24 20:12:54,2026-03-24 20:12:54,,,,,,,,,,,N,,SHIPPING_DOC,EKS000018058,,,,,,,,2026-03-24 20:12:54,,,N,,0.00000,0.00000,0.00000,0.00000,,,,,,,,,,,,,0
2011122,Загрузка ручная,,MN,,,user2349,,,2026-03-24 20:12:54,2026-03-24 20:12:54,,,,,,,,,,,N,,SHIPPING_DOC,EKS000018074,,,,,,,,2026-03-24 20:12:54,,,N,,0.00000,0.00000,0.00000,0.00000,,,,,,,,,,,,,0
2011123,Загрузка ручная,,MN,,,user2349,,,2026-03-24 20:12:54,2026-03-24 20:12:54,,,,,,,,,,,N,,SHIPPING_DOC,EKS000018075,,,,,,,,2026-03-24 20:12:54,,,N,,0.00000,0.00000,0.00000,0.00000,,,,,,,,,,,,,0
2011124,Загрузка ручная,,MN,,,user2349,,,2026-03-24 20:12:54,2026-03-24 20:12:54,,,,,,,,,,,N,,SHIPPING_DOC,EKS000018090,,,,,,,,2026-03-24 20:12:54,,,N,,0.00000,0.00000,0.00000,0.00000,,,,,,,,,,,,,0
2011809,Загрузка ручная,,MN,,,USER1319,,,2026-03-25 11:53:13,2026-03-25 11:53:13,,,,,,,,,,,N,,SHIPPING_DOC,EKS000018719,,,,,,,,2026-03-25 11:53:13,,,N,,0.00000,0.00000,0.00000,0.00000,,,,,,,,,,,,,0
2011810,Разгрузка механизмами,,MN,,,user1199,,,2026-03-25 12:03:48,2026-03-25 12:03:48,,,,,,,,,,,N,,RECEIPT_DOC,EKS000005950,,,,,,,,2026-03-25 12:03:48,,,N,,0.00000,0.00000,0.00000,0.00000,,,,,,,,,,,,,0
2011811,Разгрузка ручная,,MN,,,user1199,,,2026-03-25 12:03:48,2026-03-25 12:03:48,,,,,,,,,,,N,,RECEIPT_DOC,EKS000005950,,,,,,,,2026-03-25 12:03:48,,,N,,0.00000,0.00000,0.00000,0.00000,,,,,,,,,,,,,0
2011812,Разгрузка механизмами,,MN,,,user1237,,,2026-03-25 12:12:03,2026-03-25 12:12:03,,,,,,,,,,,N,,RECEIPT_DOC,EKS000005949,,,,,,,,2026-03-25 12:12:03,,,N,,0.00000,0.00000,0.00000,0.00000,,,,,,,,,,,,,0
2011813,Разгрузка ручная,,MN,,,user1237,,,2026-03-25 12:12:03,2026-03-25 12:12:03,,,,,,,,,,,N,,RECEIPT_DOC,EKS000005949,,,,,,,,2026-03-25 12:12:03,,,N,,0.00000,0.00000,0.00000,0.00000,,,,,,,,,,,,,0
2011814,Загрузка механизмами,,MN,,,USER1319,,,2026-03-25 12:20:49,2026-03-25 12:20:49,,,,,,,,,,,N,,SHIPPING_DOC,EKS000018627,,,,,,,,2026-03-25 12:20:49,,,N,,0.00000,0.00000,0.00000,0.00000,,,,,,,,,,,,,0
2011815,Загрузка механизмами,,MN,,,USER1319,,,2026-03-25 12:20:49,2026-03-25 12:20:49,,,,,,,,,,,N,,SHIPPING_DOC,EKS000018648,,,,,,,,2026-03-25 12:20:49,,,N,,0.00000,0.00000,0.00000,0.00000,,,,,,,,,,,,,0
2011816,Загрузка механизмами,,MN,,,USER1319,,,2026-03-25 12:20:49,2026-03-25 12:20:49,,,,,,,,,,,N,,SHIPPING_DOC,EKS000018649,,,,,,,,2026-03-25 12:20:49,,,N,,0.00000,0.00000,0.00000,0.00000,,,,,,,,,,,,,0
2011817,Загрузка механизмами,,MN,,,USER1319,,,2026-03-25 12:20:49,2026-03-25 12:20:49,,,,,,,,,,,N,,SHIPPING_DOC,EKS000018661,,,,,,,,2026-03-25 12:20:49,,,N,,0.00000,0.00000,0.00000,0.00000,,,,,,,,,,,,,0
2011818,Загрузка механизмами,,MN,,,USER1319,,,2026-03-25 12:20:49,2026-03-25 12:20:49,,,,,,,,,,,N,,SHIPPING_DOC,EKS000018710,,,,,,,,2026-03-25 12:20:49,,,N,,0.00000,0.00000,0.00000,0.00000,,,,,,,,,,,,,0
2011819,Загрузка механизмами,,MN,,,USER1319,,,2026-03-25 12:20:49,2026-03-25 12:20:49,,,,,,,,,,,N,,SHIPPING_DOC,EKS000018713,,,,,,,,2026-03-25 12:20:49,,,N,,0.00000,0.00000,0.00000,0.00000,,,,,,,,,,,,,0
2011820,Загрузка механизмами,,MN,,,USER1319,,,2026-03-25 12:20:49,2026-03-25 12:20:49,,,,,,,,,,,N,,SHIPPING_DOC,EKS000018715,,,,,,,,2026-03-25 12:20:49,,,N,,0.00000,0.00000,0.00000,0.00000,,,,,,,,,,,,,0
2011821,Загрузка ручная,,MN,,,USER1319,,,2026-03-25 12:20:49,2026-03-25 12:20:49,,,,,,,,,,,N,,SHIPPING_DOC,EKS000018627,,,,,,,,2026-03-25 12:20:49,,,N,,0.00000,0.00000,0.00000,0.00000,,,,,,,,,,,,,0
2011822,Загрузка ручная,,MN,,,USER1319,,,2026-03-25 12:20:49,2026-03-25 12:20:49,,,,,,,,,,,N,,SHIPPING_DOC,EKS000018648,,,,,,,,2026-03-25 12:20:49,,,N,,0.00000,0.00000,0.00000,0.00000,,,,,,,,,,,,,0
2011823,Загрузка ручная,,MN,,,USER1319,,,2026-03-25 12:20:49,2026-03-25 12:20:49,,,,,,,,,,,N,,SHIPPING_DOC,EKS000018649,,,,,,,,2026-03-25 12:20:49,,,N,,0.00000,0.00000,0.00000,0.00000,,,,,,,,,,,,,0
2011824,Загрузка ручная,,MN,,,USER1319,,,2026-03-25 12:20:49,2026-03-25 12:20:49,,,,,,,,,,,N,,SHIPPING_DOC,EKS000018661,,,,,,,,2026-03-25 12:20:49,,,N,,0.00000,0.00000,0.00000,0.00000,,,,,,,,,,,,,0
2011825,Загрузка ручная,,MN,,,USER1319,,,2026-03-25 12:20:49,2026-03-25 12:20:49,,,,,,,,,,,N,,SHIPPING_DOC,EKS000018710,,,,,,,,2026-03-25 12:20:49,,,N,,0.00000,0.00000,0.00000,0.00000,,,,,,,,,,,,,0
2011826,Загрузка ручная,,MN,,,USER1319,,,2026-03-25 12:20:49,2026-03-25 12:20:49,,,,,,,,,,,N,,SHIPPING_DOC,EKS000018713,,,,,,,,2026-03-25 12:20:49,,,N,,0.00000,0.00000,0.00000,0.00000,,,,,,,,,,,,,0
2011827,Загрузка ручная,,MN,,,USER1319,,,2026-03-25 12:20:49,2026-03-25 12:20:49,,,,,,,,,,,N,,SHIPPING_DOC,EKS000018715,,,,,,,,2026-03-25 12:20:49,,,N,,0.00000,0.00000,0.00000,0.00000,,,,,,,,,,,,,0
2011828,Разгрузка механизмами,,MN,,,user1199,,,2026-03-25 12:27:15,2026-03-25 12:27:15,,,,,,,,,,,N,,RECEIPT_DOC,EKS000005951,,,,,,,,2026-03-25 12:27:15,,,N,,0.00000,0.00000,0.00000,0.00000,,,,,,,,,,,,,0
2011829,Разгрузка ручная,,MN,,,user1199,,,2026-03-25 12:27:15,2026-03-25 12:27:15,,,,,,,,,,,N,,RECEIPT_DOC,EKS000005951,,,,,,,,2026-03-25 12:27:15,,,N,,0.00000,0.00000,0.00000,0.00000,,,,,,,,,,,,,0
2011830,Загрузка механизмами,,MN,,,user1215,,,2026-03-25 13:01:22,2026-03-25 13:01:22,,,,,,,,,,,N,,SHIPPING_DOC,EKS000018692,,,,,,,,2026-03-25 13:01:22,,,N,,0.00000,0.00000,0.00000,0.00000,,,,,,,,,,,,,0
2011831,Загрузка механизмами,,MN,,,user1215,,,2026-03-25 13:01:22,2026-03-25 13:01:22,,,,,,,,,,,N,,SHIPPING_DOC,EKS000018682,,,,,,,,2026-03-25 13:01:22,,,N,,0.00000,0.00000,0.00000,0.00000,,,,,,,,,,,,,0
2011832,Загрузка ручная,,MN,,,user1215,,,2026-03-25 13:01:22,2026-03-25 13:01:22,,,,,,,,,,,N,,SHIPPING_DOC,EKS000018692,,,,,,,,2026-03-25 13:01:22,,,N,,0.00000,0.00000,0.00000,0.00000,,,,,,,,,,,,,0
2011833,Загрузка ручная,,MN,,,user1215,,,2026-03-25 13:01:22,2026-03-25 13:01:22,,,,,,,,,,,N,,SHIPPING_DOC,EKS000018682,,,,,,,,2026-03-25 13:01:22,,,N,,0.00000,0.00000,0.00000,0.00000,,,,,,,,,,,,,0
2011834,Разгрузка механизмами,,MN,,,v.plevako,,,2026-03-25 13:15:35,2026-03-25 13:15:35,,,,,,,,,,,N,,RECEIPT_DOC,EKS000006007,,,,,,,,2026-03-25 13:15:35,,,N,,0.00000,0.00000,0.00000,0.00000,,,,,,,,,,,,,0
2011125,Загрузка ручная,,MN,,,user2349,,,2026-03-24 20:12:54,2026-03-24 20:12:54,,,,,,,,,,,N,,SHIPPING_DOC,EKS000018096,,,,,,,,2026-03-24 20:12:54,,,N,,0.00000,0.00000,0.00000,0.00000,,,,,,,,,,,,,0
2011126,Загрузка ручная,,MN,,,user2349,,,2026-03-24 20:12:54,2026-03-24 20:12:54,,,,,,,,,,,N,,SHIPPING_DOC,EKS000018100,,,,,,,,2026-03-24 20:12:54,,,N,,0.00000,0.00000,0.00000,0.00000,,,,,,,,,,,,,0
2011127,Загрузка ручная,,MN,,,user2349,,,2026-03-24 20:12:54,2026-03-24 20:12:54,,,,,,,,,,,N,,SHIPPING_DOC,EKS000018101,,,,,,,,2026-03-24 20:12:54,,,N,,0.00000,0.00000,0.00000,0.00000,,,,,,,,,,,,,0
2011128,Загрузка ручная,,MN,,,user2349,,,2026-03-24 20:12:54,2026-03-24 20:12:54,,,,,,,,,,,N,,SHIPPING_DOC,EKS000018102,,,,,,,,2026-03-24 20:12:54,,,N,,0.00000,0.00000,0.00000,0.00000,,,,,,,,,,,,,0
2011129,Загрузка ручная,,MN,,,user2349,,,2026-03-24 20:12:54,2026-03-24 20:12:54,,,,,,,,,,,N,,SHIPPING_DOC,EKS000018103,,,,,,,,2026-03-24 20:12:54,,,N,,0.00000,0.00000,0.00000,0.00000,,,,,,,,,,,,,0
2011130,Загрузка ручная,,MN,,,user2349,,,2026-03-24 20:12:54,2026-03-24 20:12:54,,,,,,,,,,,N,,SHIPPING_DOC,EKS000018114,,,,,,,,2026-03-24 20:12:54,,,N,,0.00000,0.00000,0.00000,0.00000,,,,,,,,,,,,,0
2011131,Загрузка ручная,,MN,,,user2349,,,2026-03-24 20:12:54,2026-03-24 20:12:54,,,,,,,,,,,N,,SHIPPING_DOC,EKS000018126,,,,,,,,2026-03-24 20:12:54,,,N,,0.00000,0.00000,0.00000,0.00000,,,,,,,,,,,,,0
2011132,Загрузка ручная,,MN,,,user2349,,,2026-03-24 20:12:54,2026-03-24 20:12:54,,,,,,,,,,,N,,SHIPPING_DOC,TR-23/03/2026-11,,,,,,,,2026-03-24 20:12:54,,,N,,0.00000,0.00000,0.00000,0.00000,,,,,,,,,,,,,0
2011133,Загрузка ручная,,MN,,,user2349,,,2026-03-24 20:12:54,2026-03-24 20:12:54,,,,,,,,,,,N,,SHIPPING_DOC,EKS000018142,,,,,,,,2026-03-24 20:12:54,,,N,,0.00000,0.00000,0.00000,0.00000,,,,,,,,,,,,,0
2011134,Загрузка ручная,,MN,,,user2349,,,2026-03-24 20:12:54,2026-03-24 20:12:54,,,,,,,,,,,N,,SHIPPING_DOC,EKS000018150,,,,,,,,2026-03-24 20:12:54,,,N,,0.00000,0.00000,0.00000,0.00000,,,,,,,,,,,,,0
2011135,Загрузка ручная,,MN,,,user2349,,,2026-03-24 20:12:54,2026-03-24 20:12:54,,,,,,,,,,,N,,SHIPPING_DOC,EKS000018151,,,,,,,,2026-03-24 20:12:54,,,N,,0.00000,0.00000,0.00000,0.00000,,,,,,,,,,,,,0
2011136,Загрузка ручная,,MN,,,user2349,,,2026-03-24 20:12:54,2026-03-24 20:12:54,,,,,,,,,,,N,,SHIPPING_DOC,EKS000018163,,,,,,,,2026-03-24 20:12:54,,,N,,0.00000,0.00000,0.00000,0.00000,,,,,,,,,,,,,0
2011137,Загрузка ручная,,MN,,,user2349,,,2026-03-24 20:12:54,2026-03-24 20:12:54,,,,,,,,,,,N,,SHIPPING_DOC,EKS000018172,,,,,,,,2026-03-24 20:12:54,,,N,,0.00000,0.00000,0.00000,0.00000,,,,,,,,,,,,,0
2011138,Загрузка ручная,,MN,,,user2349,,,2026-03-24 20:12:54,2026-03-24 20:12:54,,,,,,,,,,,N,,SHIPPING_DOC,EKS000018181,,,,,,,,2026-03-24 20:12:54,,,N,,0.00000,0.00000,0.00000,0.00000,,,,,,,,,,,,,0
2011139,Загрузка ручная,,MN,,,user2349,,,2026-03-24 20:12:54,2026-03-24 20:12:54,,,,,,,,,,,N,,SHIPPING_DOC,EKS000018182,,,,,,,,2026-03-24 20:12:54,,,N,,0.00000,0.00000,0.00000,0.00000,,,,,,,,,,,,,0
2011140,Загрузка ручная,,MN,,,user2349,,,2026-03-24 20:12:54,2026-03-24 20:12:54,,,,,,,,,,,N,,SHIPPING_DOC,EKS000018183,,,,,,,,2026-03-24 20:12:54,,,N,,0.00000,0.00000,0.00000,0.00000,,,,,,,,,,,,,0
2011141,Загрузка ручная,,MN,,,user2349,,,2026-03-24 20:12:54,2026-03-24 20:12:54,,,,,,,,,,,N,,SHIPPING_DOC,EKS000018184,,,,,,,,2026-03-24 20:12:54,,,N,,0.00000,0.00000,0.00000,0.00000,,,,,,,,,,,,,0
2011142,Загрузка ручная,,MN,,,user2349,,,2026-03-24 20:12:54,2026-03-24 20:12:54,,,,,,,,,,,N,,SHIPPING_DOC,EKS000018190,,,,,,,,2026-03-24 20:12:54,,,N,,0.00000,0.00000,0.00000,0.00000,,,,,,,,,,,,,0
2011143,Загрузка ручная,,MN,,,user2349,,,2026-03-24 20:12:54,2026-03-24 20:12:54,,,,,,,,,,,N,,SHIPPING_DOC,EKS000018192,,,,,,,,2026-03-24 20:12:54,,,N,,0.00000,0.00000,0.00000,0.00000,,,,,,,,,,,,,0
2011144,Загрузка ручная,,MN,,,user2349,,,2026-03-24 20:12:54,2026-03-24 20:12:54,,,,,,,,,,,N,,SHIPPING_DOC,EKS000018196,,,,,,,,2026-03-24 20:12:54,,,N,,0.00000,0.00000,0.00000,0.00000,,,,,,,,,,,,,0
2011145,Загрузка ручная,,MN,,,user2349,,,2026-03-24 20:12:54,2026-03-24 20:12:54,,,,,,,,,,,N,,SHIPPING_DOC,EKS000018204,,,,,,,,2026-03-24 20:12:54,,,N,,0.00000,0.00000,0.00000,0.00000,,,,,,,,,,,,,0
2011146,Загрузка ручная,,MN,,,user2349,,,2026-03-24 20:12:54,2026-03-24 20:12:54,,,,,,,,,,,N,,SHIPPING_DOC,EKS000018211,,,,,,,,2026-03-24 20:12:54,,,N,,0.00000,0.00000,0.00000,0.00000,,,,,,,,,,,,,0
2011147,Загрузка ручная,,MN,,,user2349,,,2026-03-24 20:12:54,2026-03-24 20:12:54,,,,,,,,,,,N,,SHIPPING_DOC,EKS000018229,,,,,,,,2026-03-24 20:12:54,,,N,,0.00000,0.00000,0.00000,0.00000,,,,,,,,,,,,,0
2011148,Загрузка ручная,,MN,,,user2349,,,2026-03-24 20:12:54,2026-03-24 20:12:54,,,,,,,,,,,N,,SHIPPING_DOC,EKS000018230,,,,,,,,2026-03-24 20:12:54,,,N,,0.00000,0.00000,0.00000,0.00000,,,,,,,,,,,,,0
2011149,Загрузка ручная,,MN,,,user2349,,,2026-03-24 20:12:54,2026-03-24 20:12:54,,,,,,,,,,,N,,SHIPPING_DOC,EKS000018267,,,,,,,,2026-03-24 20:12:54,,,N,,0.00000,0.00000,0.00000,0.00000,,,,,,,,,,,,,0
2011150,Загрузка ручная,,MN,,,user2349,,,2026-03-24 20:12:54,2026-03-24 20:12:54,,,,,,,,,,,N,,SHIPPING_DOC,EKS000018278,,,,,,,,2026-03-24 20:12:54,,,N,,0.00000,0.00000,0.00000,0.00000,,,,,,,,,,,,,0
2011151,Загрузка ручная,,MN,,,user2349,,,2026-03-24 20:12:54,2026-03-24 20:12:54,,,,,,,,,,,N,,SHIPPING_DOC,EKS000018283,,,,,,,,2026-03-24 20:12:54,,,N,,0.00000,0.00000,0.00000,0.00000,,,,,,,,,,,,,0
2011152,Загрузка ручная,,MN,,,user2349,,,2026-03-24 20:12:54,2026-03-24 20:12:54,,,,,,,,,,,N,,SHIPPING_DOC,EKS000018286,,,,,,,,2026-03-24 20:12:54,,,N,,0.00000,0.00000,0.00000,0.00000,,,,,,,,,,,,,0
2011153,Загрузка ручная,,MN,,,user2349,,,2026-03-24 20:12:54,2026-03-24 20:12:54,,,,,,,,,,,N,,SHIPPING_DOC,EKS000018292,,,,,,,,2026-03-24 20:12:54,,,N,,0.00000,0.00000,0.00000,0.00000,,,,,,,,,,,,,0
2011154,Загрузка ручная,,MN,,,user2349,,,2026-03-24 20:12:54,2026-03-24 20:12:54,,,,,,,,,,,N,,SHIPPING_DOC,EKS000018300,,,,,,,,2026-03-24 20:12:54,,,N,,0.00000,0.00000,0.00000,0.00000,,,,,,,,,,,,,0
2011155,Загрузка ручная,,MN,,,user2349,,,2026-03-24 20:12:54,2026-03-24 20:12:54,,,,,,,,,,,N,,SHIPPING_DOC,EKS000018309,,,,,,,,2026-03-24 20:12:54,,,N,,0.00000,0.00000,0.00000,0.00000,,,,,,,,,,,,,0
2011156,Загрузка ручная,,MN,,,user2349,,,2026-03-24 20:12:54,2026-03-24 20:12:54,,,,,,,,,,,N,,SHIPPING_DOC,EKS000018313,,,,,,,,2026-03-24 20:12:54,,,N,,0.00000,0.00000,0.00000,0.00000,,,,,,,,,,,,,0
2011157,Загрузка ручная,,MN,,,user2349,,,2026-03-24 20:12:54,2026-03-24 20:12:54,,,,,,,,,,,N,,SHIPPING_DOC,EKS000018319,,,,,,,,2026-03-24 20:12:54,,,N,,0.00000,0.00000,0.00000,0.00000,,,,,,,,,,,,,0
2011158,Загрузка ручная,,MN,,,user2349,,,2026-03-24 20:12:54,2026-03-24 20:12:54,,,,,,,,,,,N,,SHIPPING_DOC,EKS000018328,,,,,,,,2026-03-24 20:12:54,,,N,,0.00000,0.00000,0.00000,0.00000,,,,,,,,,,,,,0
2011159,Загрузка ручная,,MN,,,user2349,,,2026-03-24 20:12:54,2026-03-24 20:12:54,,,,,,,,,,,N,,SHIPPING_DOC,EKS000018343,,,,,,,,2026-03-24 20:12:54,,,N,,0.00000,0.00000,0.00000,0.00000,,,,,,,,,,,,,0
2011160,Загрузка ручная,,MN,,,user2349,,,2026-03-24 20:12:54,2026-03-24 20:12:54,,,,,,,,,,,N,,SHIPPING_DOC,EKS000018344,,,,,,,,2026-03-24 20:12:54,,,N,,0.00000,0.00000,0.00000,0.00000,,,,,,,,,,,,,0
2011161,Загрузка ручная,,MN,,,user2349,,,2026-03-24 20:12:54,2026-03-24 20:12:54,,,,,,,,,,,N,,SHIPPING_DOC,EKS000018355,,,,,,,,2026-03-24 20:12:54,,,N,,0.00000,0.00000,0.00000,0.00000,,,,,,,,,,,,,0
2011162,Загрузка ручная,,MN,,,user2349,,,2026-03-24 20:12:54,2026-03-24 20:12:54,,,,,,,,,,,N,,SHIPPING_DOC,EKS000018359,,,,,,,,2026-03-24 20:12:54,,,N,,0.00000,0.00000,0.00000,0.00000,,,,,,,,,,,,,0
2011163,Загрузка ручная,,MN,,,user2349,,,2026-03-24 20:12:54,2026-03-24 20:12:54,,,,,,,,,,,N,,SHIPPING_DOC,EKS000018361,,,,,,,,2026-03-24 20:12:54,,,N,,0.00000,0.00000,0.00000,0.00000,,,,,,,,,,,,,0
2011835,Разгрузка ручная,,MN,,,v.plevako,,,2026-03-25 13:15:35,2026-03-25 13:15:35,,,,,,,,,,,N,,RECEIPT_DOC,EKS000006007,,,,,,,,2026-03-25 13:15:35,,,N,,0.00000,0.00000,0.00000,0.00000,,,,,,,,,,,,,0
2011836,Разгрузка механизмами,,MN,,,v.plevako,,,2026-03-25 13:15:40,2026-03-25 13:15:40,,,,,,,,,,,N,,RECEIPT_DOC,EKS000006008,,,,,,,,2026-03-25 13:15:40,,,N,,0.00000,0.00000,0.00000,0.00000,,,,,,,,,,,,,0
2011837,Разгрузка ручная,,MN,,,v.plevako,,,2026-03-25 13:15:40,2026-03-25 13:15:40,,,,,,,,,,,N,,RECEIPT_DOC,EKS000006008,,,,,,,,2026-03-25 13:15:40,,,N,,0.00000,0.00000,0.00000,0.00000,,,,,,,,,,,,,0
2011838,Разгрузка механизмами,,MN,,,v.plevako,,,2026-03-25 13:15:44,2026-03-25 13:15:44,,,,,,,,,,,N,,RECEIPT_DOC,EKS000006009,,,,,,,,2026-03-25 13:15:44,,,N,,0.00000,0.00000,0.00000,0.00000,,,,,,,,,,,,,0
2011839,Разгрузка ручная,,MN,,,v.plevako,,,2026-03-25 13:15:44,2026-03-25 13:15:44,,,,,,,,,,,N,,RECEIPT_DOC,EKS000006009,,,,,,,,2026-03-25 13:15:44,,,N,,0.00000,0.00000,0.00000,0.00000,,,,,,,,,,,,,0
2011840,Разгрузка механизмами,,MN,,,user1313,,,2026-03-25 13:18:53,2026-03-25 13:18:53,,,,,,,,,,,N,,RECEIPT_DOC,EKS000006002,,,,,,,,2026-03-25 13:18:53,,,N,,0.00000,0.00000,0.00000,0.00000,,,,,,,,,,,,,0
2011841,Разгрузка ручная,,MN,,,user1313,,,2026-03-25 13:18:53,2026-03-25 13:18:53,,,,,,,,,,,N,,RECEIPT_DOC,EKS000006002,,,,,,,,2026-03-25 13:18:53,,,N,,0.00000,0.00000,0.00000,0.00000,,,,,,,,,,,,,0
2011164,Загрузка ручная,,MN,,,user2349,,,2026-03-24 20:12:54,2026-03-24 20:12:54,,,,,,,,,,,N,,SHIPPING_DOC,EKS000018364,,,,,,,,2026-03-24 20:12:54,,,N,,0.00000,0.00000,0.00000,0.00000,,,,,,,,,,,,,0
2011165,Загрузка ручная,,MN,,,user2349,,,2026-03-24 20:12:54,2026-03-24 20:12:54,,,,,,,,,,,N,,SHIPPING_DOC,EKS000018365,,,,,,,,2026-03-24 20:12:54,,,N,,0.00000,0.00000,0.00000,0.00000,,,,,,,,,,,,,0
2011166,Загрузка ручная,,MN,,,user2349,,,2026-03-24 20:12:54,2026-03-24 20:12:54,,,,,,,,,,,N,,SHIPPING_DOC,EKS000018366,,,,,,,,2026-03-24 20:12:54,,,N,,0.00000,0.00000,0.00000,0.00000,,,,,,,,,,,,,0
2011167,Загрузка ручная,,MN,,,user2349,,,2026-03-24 20:12:54,2026-03-24 20:12:54,,,,,,,,,,,N,,SHIPPING_DOC,EKS000018378,,,,,,,,2026-03-24 20:12:54,,,N,,0.00000,0.00000,0.00000,0.00000,,,,,,,,,,,,,0
2011168,Загрузка ручная,,MN,,,user2349,,,2026-03-24 20:12:54,2026-03-24 20:12:54,,,,,,,,,,,N,,SHIPPING_DOC,EKS000018379,,,,,,,,2026-03-24 20:12:54,,,N,,0.00000,0.00000,0.00000,0.00000,,,,,,,,,,,,,0
2011169,Загрузка ручная,,MN,,,user2349,,,2026-03-24 20:12:54,2026-03-24 20:12:54,,,,,,,,,,,N,,SHIPPING_DOC,EKS000018380,,,,,,,,2026-03-24 20:12:54,,,N,,0.00000,0.00000,0.00000,0.00000,,,,,,,,,,,,,0
2011170,Загрузка ручная,,MN,,,user2349,,,2026-03-24 20:12:54,2026-03-24 20:12:54,,,,,,,,,,,N,,SHIPPING_DOC,EKS000018381,,,,,,,,2026-03-24 20:12:54,,,N,,0.00000,0.00000,0.00000,0.00000,,,,,,,,,,,,,0
2011171,Загрузка ручная,,MN,,,user2349,,,2026-03-24 20:12:54,2026-03-24 20:12:54,,,,,,,,,,,N,,SHIPPING_DOC,EKS000018383,,,,,,,,2026-03-24 20:12:54,,,N,,0.00000,0.00000,0.00000,0.00000,,,,,,,,,,,,,0
2011172,Загрузка ручная,,MN,,,user2349,,,2026-03-24 20:12:54,2026-03-24 20:12:54,,,,,,,,,,,N,,SHIPPING_DOC,EKS000018387,,,,,,,,2026-03-24 20:12:54,,,N,,0.00000,0.00000,0.00000,0.00000,,,,,,,,,,,,,0
2011173,Загрузка ручная,,MN,,,user2349,,,2026-03-24 20:12:54,2026-03-24 20:12:54,,,,,,,,,,,N,,SHIPPING_DOC,EKS000018399,,,,,,,,2026-03-24 20:12:54,,,N,,0.00000,0.00000,0.00000,0.00000,,,,,,,,,,,,,0
2011174,Загрузка ручная,,MN,,,user2349,,,2026-03-24 20:12:54,2026-03-24 20:12:54,,,,,,,,,,,N,,SHIPPING_DOC,EKS000018400,,,,,,,,2026-03-24 20:12:54,,,N,,0.00000,0.00000,0.00000,0.00000,,,,,,,,,,,,,0
2011175,Загрузка ручная,,MN,,,user2349,,,2026-03-24 20:12:54,2026-03-24 20:12:54,,,,,,,,,,,N,,SHIPPING_DOC,EKS000018406,,,,,,,,2026-03-24 20:12:54,,,N,,0.00000,0.00000,0.00000,0.00000,,,,,,,,,,,,,0
2011176,Загрузка ручная,,MN,,,user2349,,,2026-03-24 20:12:54,2026-03-24 20:12:54,,,,,,,,,,,N,,SHIPPING_DOC,EKS000018416,,,,,,,,2026-03-24 20:12:54,,,N,,0.00000,0.00000,0.00000,0.00000,,,,,,,,,,,,,0
2011177,Загрузка ручная,,MN,,,user2349,,,2026-03-24 20:12:54,2026-03-24 20:12:54,,,,,,,,,,,N,,SHIPPING_DOC,TR-24/03/2026-02,,,,,,,,2026-03-24 20:12:54,,,N,,0.00000,0.00000,0.00000,0.00000,,,,,,,,,,,,,0
2011178,Загрузка ручная,,MN,,,user2349,,,2026-03-24 20:12:54,2026-03-24 20:12:54,,,,,,,,,,,N,,SHIPPING_DOC,EKS000018419,,,,,,,,2026-03-24 20:12:54,,,N,,0.00000,0.00000,0.00000,0.00000,,,,,,,,,,,,,0
2011179,Загрузка ручная,,MN,,,user2349,,,2026-03-24 20:12:54,2026-03-24 20:12:54,,,,,,,,,,,N,,SHIPPING_DOC,EKS000018427,,,,,,,,2026-03-24 20:12:54,,,N,,0.00000,0.00000,0.00000,0.00000,,,,,,,,,,,,,0
2011180,Загрузка ручная,,MN,,,user2349,,,2026-03-24 20:12:54,2026-03-24 20:12:54,,,,,,,,,,,N,,SHIPPING_DOC,EKS000018432,,,,,,,,2026-03-24 20:12:54,,,N,,0.00000,0.00000,0.00000,0.00000,,,,,,,,,,,,,0
2011181,Загрузка ручная,,MN,,,user2349,,,2026-03-24 20:12:54,2026-03-24 20:12:54,,,,,,,,,,,N,,SHIPPING_DOC,EKS000018449,,,,,,,,2026-03-24 20:12:54,,,N,,0.00000,0.00000,0.00000,0.00000,,,,,,,,,,,,,0
2011182,Загрузка ручная,,MN,,,user2349,,,2026-03-24 20:12:54,2026-03-24 20:12:54,,,,,,,,,,,N,,SHIPPING_DOC,EKS000018456,,,,,,,,2026-03-24 20:12:54,,,N,,0.00000,0.00000,0.00000,0.00000,,,,,,,,,,,,,0
2011183,Загрузка ручная,,MN,,,user2349,,,2026-03-24 20:12:54,2026-03-24 20:12:54,,,,,,,,,,,N,,SHIPPING_DOC,EKS000018466,,,,,,,,2026-03-24 20:12:54,,,N,,0.00000,0.00000,0.00000,0.00000,,,,,,,,,,,,,0
2011184,Загрузка ручная,,MN,,,user2349,,,2026-03-24 20:12:54,2026-03-24 20:12:54,,,,,,,,,,,N,,SHIPPING_DOC,EKS000018469,,,,,,,,2026-03-24 20:12:54,,,N,,0.00000,0.00000,0.00000,0.00000,,,,,,,,,,,,,0
2011185,Загрузка ручная,,MN,,,user2349,,,2026-03-24 20:12:54,2026-03-24 20:12:54,,,,,,,,,,,N,,SHIPPING_DOC,EKS000018455,,,,,,,,2026-03-24 20:12:54,,,N,,0.00000,0.00000,0.00000,0.00000,,,,,,,,,,,,,0
2011186,Загрузка ручная,,MN,,,user2349,,,2026-03-24 20:12:54,2026-03-24 20:12:54,,,,,,,,,,,N,,SHIPPING_DOC,EKS000018476,,,,,,,,2026-03-24 20:12:54,,,N,,0.00000,0.00000,0.00000,0.00000,,,,,,,,,,,,,0
2011187,Загрузка ручная,,MN,,,user2349,,,2026-03-24 20:12:54,2026-03-24 20:12:54,,,,,,,,,,,N,,SHIPPING_DOC,EKS000018479,,,,,,,,2026-03-24 20:12:54,,,N,,0.00000,0.00000,0.00000,0.00000,,,,,,,,,,,,,0
2011188,Загрузка ручная,,MN,,,user2349,,,2026-03-24 20:12:54,2026-03-24 20:12:54,,,,,,,,,,,N,,SHIPPING_DOC,TR-24/03/2026-06,,,,,,,,2026-03-24 20:12:54,,,N,,0.00000,0.00000,0.00000,0.00000,,,,,,,,,,,,,0
2011189,Загрузка ручная,,MN,,,user2349,,,2026-03-24 20:12:54,2026-03-24 20:12:54,,,,,,,,,,,N,,SHIPPING_DOC,EKS000018489,,,,,,,,2026-03-24 20:12:54,,,N,,0.00000,0.00000,0.00000,0.00000,,,,,,,,,,,,,0
2011190,Загрузка ручная,,MN,,,user2349,,,2026-03-24 20:12:54,2026-03-24 20:12:54,,,,,,,,,,,N,,SHIPPING_DOC,EKS000018490,,,,,,,,2026-03-24 20:12:54,,,N,,0.00000,0.00000,0.00000,0.00000,,,,,,,,,,,,,0
2011191,Загрузка ручная,,MN,,,user2349,,,2026-03-24 20:12:54,2026-03-24 20:12:54,,,,,,,,,,,N,,SHIPPING_DOC,EKS000018505,,,,,,,,2026-03-24 20:12:54,,,N,,0.00000,0.00000,0.00000,0.00000,,,,,,,,,,,,,0
2011192,Загрузка ручная,,MN,,,user2349,,,2026-03-24 20:12:54,2026-03-24 20:12:54,,,,,,,,,,,N,,SHIPPING_DOC,EKS000018511,,,,,,,,2026-03-24 20:12:54,,,N,,0.00000,0.00000,0.00000,0.00000,,,,,,,,,,,,,0
2011193,Загрузка ручная,,MN,,,user2349,,,2026-03-24 20:12:54,2026-03-24 20:12:54,,,,,,,,,,,N,,SHIPPING_DOC,EKS000018516,,,,,,,,2026-03-24 20:12:54,,,N,,0.00000,0.00000,0.00000,0.00000,,,,,,,,,,,,,0
2011194,Загрузка ручная,,MN,,,user2349,,,2026-03-24 20:12:54,2026-03-24 20:12:54,,,,,,,,,,,N,,SHIPPING_DOC,EKS000018529,,,,,,,,2026-03-24 20:12:54,,,N,,0.00000,0.00000,0.00000,0.00000,,,,,,,,,,,,,0
2011195,Загрузка ручная,,MN,,,user2349,,,2026-03-24 20:12:54,2026-03-24 20:12:54,,,,,,,,,,,N,,SHIPPING_DOC,EKS000018534,,,,,,,,2026-03-24 20:12:54,,,N,,0.00000,0.00000,0.00000,0.00000,,,,,,,,,,,,,0
2011196,Загрузка ручная,,MN,,,user2349,,,2026-03-24 20:12:54,2026-03-24 20:12:54,,,,,,,,,,,N,,SHIPPING_DOC,EKS000018539,,,,,,,,2026-03-24 20:12:54,,,N,,0.00000,0.00000,0.00000,0.00000,,,,,,,,,,,,,0
2011197,Загрузка ручная,,MN,,,user2349,,,2026-03-24 20:12:54,2026-03-24 20:12:54,,,,,,,,,,,N,,SHIPPING_DOC,EKS000018540,,,,,,,,2026-03-24 20:12:54,,,N,,0.00000,0.00000,0.00000,0.00000,,,,,,,,,,,,,0
2011198,Загрузка ручная,,MN,,,user2349,,,2026-03-24 20:12:54,2026-03-24 20:12:54,,,,,,,,,,,N,,SHIPPING_DOC,EKS000018559,,,,,,,,2026-03-24 20:12:54,,,N,,0.00000,0.00000,0.00000,0.00000,,,,,,,,,,,,,0
2011199,Загрузка ручная,,MN,,,user2349,,,2026-03-24 20:12:54,2026-03-24 20:12:54,,,,,,,,,,,N,,SHIPPING_DOC,EKS000018570,,,,,,,,2026-03-24 20:12:54,,,N,,0.00000,0.00000,0.00000,0.00000,,,,,,,,,,,,,0
2011200,Загрузка ручная,,MN,,,user2349,,,2026-03-24 20:12:54,2026-03-24 20:12:54,,,,,,,,,,,N,,SHIPPING_DOC,EKS000018575,,,,,,,,2026-03-24 20:12:54,,,N,,0.00000,0.00000,0.00000,0.00000,,,,,,,,,,,,,0
2011201,Загрузка ручная,,MN,,,user2349,,,2026-03-24 20:12:54,2026-03-24 20:12:54,,,,,,,,,,,N,,SHIPPING_DOC,EKS000018596,,,,,,,,2026-03-24 20:12:54,,,N,,0.00000,0.00000,0.00000,0.00000,,,,,,,,,,,,,0
2011202,Загрузка ручная,,MN,,,user2349,,,2026-03-24 20:12:54,2026-03-24 20:12:54,,,,,,,,,,,N,,SHIPPING_DOC,EKS000018577,,,,,,,,2026-03-24 20:12:54,,,N,,0.00000,0.00000,0.00000,0.00000,,,,,,,,,,,,,0
2011203,Загрузка ручная,,MN,,,user2349,,,2026-03-24 20:12:54,2026-03-24 20:12:54,,,,,,,,,,,N,,SHIPPING_DOC,EKS000018601,,,,,,,,2026-03-24 20:12:54,,,N,,0.00000,0.00000,0.00000,0.00000,,,,,,,,,,,,,0
2011204,Загрузка ручная,,MN,,,user2349,,,2026-03-24 20:12:54,2026-03-24 20:12:54,,,,,,,,,,,N,,SHIPPING_DOC,EKS000018608,,,,,,,,2026-03-24 20:12:54,,,N,,0.00000,0.00000,0.00000,0.00000,,,,,,,,,,,,,0
2011205,Загрузка ручная,,MN,,,user2349,,,2026-03-24 20:12:54,2026-03-24 20:12:54,,,,,,,,,,,N,,SHIPPING_DOC,EKS000018610,,,,,,,,2026-03-24 20:12:54,,,N,,0.00000,0.00000,0.00000,0.00000,,,,,,,,,,,,,0
2011206,Загрузка ручная,,MN,,,user2349,,,2026-03-24 20:12:54,2026-03-24 20:12:54,,,,,,,,,,,N,,SHIPPING_DOC,EKS000018611,,,,,,,,2026-03-24 20:12:54,,,N,,0.00000,0.00000,0.00000,0.00000,,,,,,,,,,,,,0
2011207,Загрузка ручная,,MN,,,user2349,,,2026-03-24 20:12:54,2026-03-24 20:12:54,,,,,,,,,,,N,,SHIPPING_DOC,EKS000018612,,,,,,,,2026-03-24 20:12:54,,,N,,0.00000,0.00000,0.00000,0.00000,,,,,,,,,,,,,0
2011208,Загрузка ручная,,MN,,,user2349,,,2026-03-24 20:12:54,2026-03-24 20:12:54,,,,,,,,,,,N,,SHIPPING_DOC,EKS000018613,,,,,,,,2026-03-24 20:12:54,,,N,,0.00000,0.00000,0.00000,0.00000,,,,,,,,,,,,,0
2011209,Загрузка ручная,,MN,,,user2349,,,2026-03-24 20:12:54,2026-03-24 20:12:54,,,,,,,,,,,N,,SHIPPING_DOC,EKS000018592,,,,,,,,2026-03-24 20:12:54,,,N,,0.00000,0.00000,0.00000,0.00000,,,,,,,,,,,,,0
2011210,Загрузка ручная,,MN,,,user2349,,,2026-03-24 20:12:54,2026-03-24 20:12:54,,,,,,,,,,,N,,SHIPPING_DOC,EKS000018616,,,,,,,,2026-03-24 20:12:54,,,N,,0.00000,0.00000,0.00000,0.00000,,,,,,,,,,,,,0
2011211,Загрузка ручная,,MN,,,user2349,,,2026-03-24 20:12:54,2026-03-24 20:12:54,,,,,,,,,,,N,,SHIPPING_DOC,EKS000018617,,,,,,,,2026-03-24 20:12:54,,,N,,0.00000,0.00000,0.00000,0.00000,,,,,,,,,,,,,0
2011212,Загрузка механизмами,,MN,,,USER2358,,,2026-03-24 20:17:54,2026-03-24 20:17:54,,,,,,,,,,,N,,SHIPPING_DOC,EKS000017904,,,,,,,,2026-03-24 20:17:54,,,N,,0.00000,0.00000,0.00000,0.00000,,,,,,,,,,,,,0
2011213,Загрузка механизмами,,MN,,,USER2358,,,2026-03-24 20:17:54,2026-03-24 20:17:54,,,,,,,,,,,N,,SHIPPING_DOC,EKS000017909,,,,,,,,2026-03-24 20:17:54,,,N,,0.00000,0.00000,0.00000,0.00000,,,,,,,,,,,,,0
2011214,Загрузка механизмами,,MN,,,USER2358,,,2026-03-24 20:17:54,2026-03-24 20:17:54,,,,,,,,,,,N,,SHIPPING_DOC,EKS000017910,,,,,,,,2026-03-24 20:17:54,,,N,,0.00000,0.00000,0.00000,0.00000,,,,,,,,,,,,,0
2011215,Загрузка механизмами,,MN,,,USER2358,,,2026-03-24 20:17:54,2026-03-24 20:17:54,,,,,,,,,,,N,,SHIPPING_DOC,EKS000017911,,,,,,,,2026-03-24 20:17:54,,,N,,0.00000,0.00000,0.00000,0.00000,,,,,,,,,,,,,0
2011216,Загрузка механизмами,,MN,,,USER2358,,,2026-03-24 20:17:54,2026-03-24 20:17:54,,,,,,,,,,,N,,SHIPPING_DOC,EKS000017913,,,,,,,,2026-03-24 20:17:54,,,N,,0.00000,0.00000,0.00000,0.00000,,,,,,,,,,,,,0
2011217,Загрузка механизмами,,MN,,,USER2358,,,2026-03-24 20:17:54,2026-03-24 20:17:54,,,,,,,,,,,N,,SHIPPING_DOC,EKS000017914,,,,,,,,2026-03-24 20:17:54,,,N,,0.00000,0.00000,0.00000,0.00000,,,,,,,,,,,,,0
2011218,Загрузка механизмами,,MN,,,USER2358,,,2026-03-24 20:17:54,2026-03-24 20:17:54,,,,,,,,,,,N,,SHIPPING_DOC,EKS000017916,,,,,,,,2026-03-24 20:17:54,,,N,,0.00000,0.00000,0.00000,0.00000,,,,,,,,,,,,,0
2011219,Загрузка механизмами,,MN,,,USER2358,,,2026-03-24 20:17:54,2026-03-24 20:17:54,,,,,,,,,,,N,,SHIPPING_DOC,EKS000017917,,,,,,,,2026-03-24 20:17:54,,,N,,0.00000,0.00000,0.00000,0.00000,,,,,,,,,,,,,0
2011220,Загрузка механизмами,,MN,,,USER2358,,,2026-03-24 20:17:54,2026-03-24 20:17:54,,,,,,,,,,,N,,SHIPPING_DOC,EKS000017924,,,,,,,,2026-03-24 20:17:54,,,N,,0.00000,0.00000,0.00000,0.00000,,,,,,,,,,,,,0
2011221,Загрузка механизмами,,MN,,,USER2358,,,2026-03-24 20:17:54,2026-03-24 20:17:54,,,,,,,,,,,N,,SHIPPING_DOC,EKS000017945,,,,,,,,2026-03-24 20:17:54,,,N,,0.00000,0.00000,0.00000,0.00000,,,,,,,,,,,,,0
2011222,Загрузка механизмами,,MN,,,USER2358,,,2026-03-24 20:17:54,2026-03-24 20:17:54,,,,,,,,,,,N,,SHIPPING_DOC,EKS000017946,,,,,,,,2026-03-24 20:17:54,,,N,,0.00000,0.00000,0.00000,0.00000,,,,,,,,,,,,,0
2011223,Загрузка механизмами,,MN,,,USER2358,,,2026-03-24 20:17:54,2026-03-24 20:17:54,,,,,,,,,,,N,,SHIPPING_DOC,EKS000017947,,,,,,,,2026-03-24 20:17:54,,,N,,0.00000,0.00000,0.00000,0.00000,,,,,,,,,,,,,0
2011224,Загрузка механизмами,,MN,,,USER2358,,,2026-03-24 20:17:54,2026-03-24 20:17:54,,,,,,,,,,,N,,SHIPPING_DOC,EKS000017950,,,,,,,,2026-03-24 20:17:54,,,N,,0.00000,0.00000,0.00000,0.00000,,,,,,,,,,,,,0
2011225,Загрузка механизмами,,MN,,,USER2358,,,2026-03-24 20:17:54,2026-03-24 20:17:54,,,,,,,,,,,N,,SHIPPING_DOC,EKS000017956,,,,,,,,2026-03-24 20:17:54,,,N,,0.00000,0.00000,0.00000,0.00000,,,,,,,,,,,,,0
2011226,Загрузка механизмами,,MN,,,USER2358,,,2026-03-24 20:17:54,2026-03-24 20:17:54,,,,,,,,,,,N,,SHIPPING_DOC,EKS000017959,,,,,,,,2026-03-24 20:17:54,,,N,,0.00000,0.00000,0.00000,0.00000,,,,,,,,,,,,,0
2011227,Загрузка механизмами,,MN,,,USER2358,,,2026-03-24 20:17:54,2026-03-24 20:17:54,,,,,,,,,,,N,,SHIPPING_DOC,EKS000017961,,,,,,,,2026-03-24 20:17:54,,,N,,0.00000,0.00000,0.00000,0.00000,,,,,,,,,,,,,0
2011228,Загрузка механизмами,,MN,,,USER2358,,,2026-03-24 20:17:54,2026-03-24 20:17:54,,,,,,,,,,,N,,SHIPPING_DOC,EKS000017977,,,,,,,,2026-03-24 20:17:54,,,N,,0.00000,0.00000,0.00000,0.00000,,,,,,,,,,,,,0
2011229,Загрузка механизмами,,MN,,,USER2358,,,2026-03-24 20:17:54,2026-03-24 20:17:54,,,,,,,,,,,N,,SHIPPING_DOC,EKS000017981,,,,,,,,2026-03-24 20:17:54,,,N,,0.00000,0.00000,0.00000,0.00000,,,,,,,,,,,,,0
2011230,Загрузка механизмами,,MN,,,USER2358,,,2026-03-24 20:17:54,2026-03-24 20:17:54,,,,,,,,,,,N,,SHIPPING_DOC,EKS000017984,,,,,,,,2026-03-24 20:17:54,,,N,,0.00000,0.00000,0.00000,0.00000,,,,,,,,,,,,,0
2011231,Загрузка механизмами,,MN,,,USER2358,,,2026-03-24 20:17:54,2026-03-24 20:17:54,,,,,,,,,,,N,,SHIPPING_DOC,EKS000017985,,,,,,,,2026-03-24 20:17:54,,,N,,0.00000,0.00000,0.00000,0.00000,,,,,,,,,,,,,0
2011232,Загрузка механизмами,,MN,,,USER2358,,,2026-03-24 20:17:54,2026-03-24 20:17:54,,,,,,,,,,,N,,SHIPPING_DOC,EKS000018002,,,,,,,,2026-03-24 20:17:54,,,N,,0.00000,0.00000,0.00000,0.00000,,,,,,,,,,,,,0
2011233,Загрузка механизмами,,MN,,,USER2358,,,2026-03-24 20:17:54,2026-03-24 20:17:54,,,,,,,,,,,N,,SHIPPING_DOC,EKS000018006,,,,,,,,2026-03-24 20:17:54,,,N,,0.00000,0.00000,0.00000,0.00000,,,,,,,,,,,,,0
2011234,Загрузка механизмами,,MN,,,USER2358,,,2026-03-24 20:17:54,2026-03-24 20:17:54,,,,,,,,,,,N,,SHIPPING_DOC,EKS000018009,,,,,,,,2026-03-24 20:17:54,,,N,,0.00000,0.00000,0.00000,0.00000,,,,,,,,,,,,,0
2011235,Загрузка механизмами,,MN,,,USER2358,,,2026-03-24 20:17:54,2026-03-24 20:17:54,,,,,,,,,,,N,,SHIPPING_DOC,EKS000018011,,,,,,,,2026-03-24 20:17:54,,,N,,0.00000,0.00000,0.00000,0.00000,,,,,,,,,,,,,0
2011236,Загрузка механизмами,,MN,,,USER2358,,,2026-03-24 20:17:54,2026-03-24 20:17:54,,,,,,,,,,,N,,SHIPPING_DOC,EKS000018013,,,,,,,,2026-03-24 20:17:54,,,N,,0.00000,0.00000,0.00000,0.00000,,,,,,,,,,,,,0
2011237,Загрузка механизмами,,MN,,,USER2358,,,2026-03-24 20:17:54,2026-03-24 20:17:54,,,,,,,,,,,N,,SHIPPING_DOC,EKS000018021,,,,,,,,2026-03-24 20:17:54,,,N,,0.00000,0.00000,0.00000,0.00000,,,,,,,,,,,,,0
2011238,Загрузка механизмами,,MN,,,USER2358,,,2026-03-24 20:17:54,2026-03-24 20:17:54,,,,,,,,,,,N,,SHIPPING_DOC,EKS000018043,,,,,,,,2026-03-24 20:17:54,,,N,,0.00000,0.00000,0.00000,0.00000,,,,,,,,,,,,,0
2011239,Загрузка механизмами,,MN,,,USER2358,,,2026-03-24 20:17:54,2026-03-24 20:17:54,,,,,,,,,,,N,,SHIPPING_DOC,TR-23/03/2026-03,,,,,,,,2026-03-24 20:17:54,,,N,,0.00000,0.00000,0.00000,0.00000,,,,,,,,,,,,,0
2011240,Загрузка механизмами,,MN,,,USER2358,,,2026-03-24 20:17:54,2026-03-24 20:17:54,,,,,,,,,,,N,,SHIPPING_DOC,EKS000018049,,,,,,,,2026-03-24 20:17:54,,,N,,0.00000,0.00000,0.00000,0.00000,,,,,,,,,,,,,0
2011241,Загрузка механизмами,,MN,,,USER2358,,,2026-03-24 20:17:54,2026-03-24 20:17:54,,,,,,,,,,,N,,SHIPPING_DOC,EKS000018053,,,,,,,,2026-03-24 20:17:54,,,N,,0.00000,0.00000,0.00000,0.00000,,,,,,,,,,,,,0
2011242,Загрузка механизмами,,MN,,,USER2358,,,2026-03-24 20:17:54,2026-03-24 20:17:54,,,,,,,,,,,N,,SHIPPING_DOC,EKS000018056,,,,,,,,2026-03-24 20:17:54,,,N,,0.00000,0.00000,0.00000,0.00000,,,,,,,,,,,,,0
2011243,Загрузка механизмами,,MN,,,USER2358,,,2026-03-24 20:17:54,2026-03-24 20:17:54,,,,,,,,,,,N,,SHIPPING_DOC,EKS000018058,,,,,,,,2026-03-24 20:17:54,,,N,,0.00000,0.00000,0.00000,0.00000,,,,,,,,,,,,,0
2011244,Загрузка механизмами,,MN,,,USER2358,,,2026-03-24 20:17:54,2026-03-24 20:17:54,,,,,,,,,,,N,,SHIPPING_DOC,EKS000018074,,,,,,,,2026-03-24 20:17:54,,,N,,0.00000,0.00000,0.00000,0.00000,,,,,,,,,,,,,0
2011245,Загрузка механизмами,,MN,,,USER2358,,,2026-03-24 20:17:54,2026-03-24 20:17:54,,,,,,,,,,,N,,SHIPPING_DOC,EKS000018075,,,,,,,,2026-03-24 20:17:54,,,N,,0.00000,0.00000,0.00000,0.00000,,,,,,,,,,,,,0
2011246,Загрузка механизмами,,MN,,,USER2358,,,2026-03-24 20:17:54,2026-03-24 20:17:54,,,,,,,,,,,N,,SHIPPING_DOC,EKS000018090,,,,,,,,2026-03-24 20:17:54,,,N,,0.00000,0.00000,0.00000,0.00000,,,,,,,,,,,,,0
2011247,Загрузка механизмами,,MN,,,USER2358,,,2026-03-24 20:17:54,2026-03-24 20:17:54,,,,,,,,,,,N,,SHIPPING_DOC,EKS000018096,,,,,,,,2026-03-24 20:17:54,,,N,,0.00000,0.00000,0.00000,0.00000,,,,,,,,,,,,,0
2011248,Загрузка механизмами,,MN,,,USER2358,,,2026-03-24 20:17:54,2026-03-24 20:17:54,,,,,,,,,,,N,,SHIPPING_DOC,EKS000018100,,,,,,,,2026-03-24 20:17:54,,,N,,0.00000,0.00000,0.00000,0.00000,,,,,,,,,,,,,0
2011249,Загрузка механизмами,,MN,,,USER2358,,,2026-03-24 20:17:54,2026-03-24 20:17:54,,,,,,,,,,,N,,SHIPPING_DOC,EKS000018101,,,,,,,,2026-03-24 20:17:54,,,N,,0.00000,0.00000,0.00000,0.00000,,,,,,,,,,,,,0
2011250,Загрузка механизмами,,MN,,,USER2358,,,2026-03-24 20:17:54,2026-03-24 20:17:54,,,,,,,,,,,N,,SHIPPING_DOC,EKS000018102,,,,,,,,2026-03-24 20:17:54,,,N,,0.00000,0.00000,0.00000,0.00000,,,,,,,,,,,,,0
2011251,Загрузка механизмами,,MN,,,USER2358,,,2026-03-24 20:17:54,2026-03-24 20:17:54,,,,,,,,,,,N,,SHIPPING_DOC,EKS000018103,,,,,,,,2026-03-24 20:17:54,,,N,,0.00000,0.00000,0.00000,0.00000,,,,,,,,,,,,,0
2011252,Загрузка механизмами,,MN,,,USER2358,,,2026-03-24 20:17:54,2026-03-24 20:17:54,,,,,,,,,,,N,,SHIPPING_DOC,EKS000018114,,,,,,,,2026-03-24 20:17:54,,,N,,0.00000,0.00000,0.00000,0.00000,,,,,,,,,,,,,0
2011253,Загрузка механизмами,,MN,,,USER2358,,,2026-03-24 20:17:54,2026-03-24 20:17:54,,,,,,,,,,,N,,SHIPPING_DOC,EKS000018126,,,,,,,,2026-03-24 20:17:54,,,N,,0.00000,0.00000,0.00000,0.00000,,,,,,,,,,,,,0
2011254,Загрузка механизмами,,MN,,,USER2358,,,2026-03-24 20:17:54,2026-03-24 20:17:54,,,,,,,,,,,N,,SHIPPING_DOC,TR-23/03/2026-11,,,,,,,,2026-03-24 20:17:54,,,N,,0.00000,0.00000,0.00000,0.00000,,,,,,,,,,,,,0
2011255,Загрузка механизмами,,MN,,,USER2358,,,2026-03-24 20:17:54,2026-03-24 20:17:54,,,,,,,,,,,N,,SHIPPING_DOC,EKS000018142,,,,,,,,2026-03-24 20:17:54,,,N,,0.00000,0.00000,0.00000,0.00000,,,,,,,,,,,,,0
2011256,Загрузка механизмами,,MN,,,USER2358,,,2026-03-24 20:17:54,2026-03-24 20:17:54,,,,,,,,,,,N,,SHIPPING_DOC,EKS000018150,,,,,,,,2026-03-24 20:17:54,,,N,,0.00000,0.00000,0.00000,0.00000,,,,,,,,,,,,,0
2011257,Загрузка механизмами,,MN,,,USER2358,,,2026-03-24 20:17:54,2026-03-24 20:17:54,,,,,,,,,,,N,,SHIPPING_DOC,EKS000018151,,,,,,,,2026-03-24 20:17:54,,,N,,0.00000,0.00000,0.00000,0.00000,,,,,,,,,,,,,0
2011258,Загрузка механизмами,,MN,,,USER2358,,,2026-03-24 20:17:54,2026-03-24 20:17:54,,,,,,,,,,,N,,SHIPPING_DOC,EKS000018163,,,,,,,,2026-03-24 20:17:54,,,N,,0.00000,0.00000,0.00000,0.00000,,,,,,,,,,,,,0
2011259,Загрузка механизмами,,MN,,,USER2358,,,2026-03-24 20:17:54,2026-03-24 20:17:54,,,,,,,,,,,N,,SHIPPING_DOC,EKS000018172,,,,,,,,2026-03-24 20:17:54,,,N,,0.00000,0.00000,0.00000,0.00000,,,,,,,,,,,,,0
2011260,Загрузка механизмами,,MN,,,USER2358,,,2026-03-24 20:17:54,2026-03-24 20:17:54,,,,,,,,,,,N,,SHIPPING_DOC,EKS000018181,,,,,,,,2026-03-24 20:17:54,,,N,,0.00000,0.00000,0.00000,0.00000,,,,,,,,,,,,,0
2011261,Загрузка механизмами,,MN,,,USER2358,,,2026-03-24 20:17:54,2026-03-24 20:17:54,,,,,,,,,,,N,,SHIPPING_DOC,EKS000018182,,,,,,,,2026-03-24 20:17:54,,,N,,0.00000,0.00000,0.00000,0.00000,,,,,,,,,,,,,0
2011262,Загрузка механизмами,,MN,,,USER2358,,,2026-03-24 20:17:54,2026-03-24 20:17:54,,,,,,,,,,,N,,SHIPPING_DOC,EKS000018183,,,,,,,,2026-03-24 20:17:54,,,N,,0.00000,0.00000,0.00000,0.00000,,,,,,,,,,,,,0
2011263,Загрузка механизмами,,MN,,,USER2358,,,2026-03-24 20:17:54,2026-03-24 20:17:54,,,,,,,,,,,N,,SHIPPING_DOC,EKS000018184,,,,,,,,2026-03-24 20:17:54,,,N,,0.00000,0.00000,0.00000,0.00000,,,,,,,,,,,,,0
2011264,Загрузка механизмами,,MN,,,USER2358,,,2026-03-24 20:17:54,2026-03-24 20:17:54,,,,,,,,,,,N,,SHIPPING_DOC,EKS000018190,,,,,,,,2026-03-24 20:17:54,,,N,,0.00000,0.00000,0.00000,0.00000,,,,,,,,,,,,,0
2011265,Загрузка механизмами,,MN,,,USER2358,,,2026-03-24 20:17:54,2026-03-24 20:17:54,,,,,,,,,,,N,,SHIPPING_DOC,EKS000018192,,,,,,,,2026-03-24 20:17:54,,,N,,0.00000,0.00000,0.00000,0.00000,,,,,,,,,,,,,0
2011266,Загрузка механизмами,,MN,,,USER2358,,,2026-03-24 20:17:54,2026-03-24 20:17:54,,,,,,,,,,,N,,SHIPPING_DOC,EKS000018196,,,,,,,,2026-03-24 20:17:54,,,N,,0.00000,0.00000,0.00000,0.00000,,,,,,,,,,,,,0
2011267,Загрузка механизмами,,MN,,,USER2358,,,2026-03-24 20:17:54,2026-03-24 20:17:54,,,,,,,,,,,N,,SHIPPING_DOC,EKS000018204,,,,,,,,2026-03-24 20:17:54,,,N,,0.00000,0.00000,0.00000,0.00000,,,,,,,,,,,,,0
2011268,Загрузка механизмами,,MN,,,USER2358,,,2026-03-24 20:17:54,2026-03-24 20:17:54,,,,,,,,,,,N,,SHIPPING_DOC,EKS000018211,,,,,,,,2026-03-24 20:17:54,,,N,,0.00000,0.00000,0.00000,0.00000,,,,,,,,,,,,,0
2011269,Загрузка механизмами,,MN,,,USER2358,,,2026-03-24 20:17:54,2026-03-24 20:17:54,,,,,,,,,,,N,,SHIPPING_DOC,EKS000018229,,,,,,,,2026-03-24 20:17:54,,,N,,0.00000,0.00000,0.00000,0.00000,,,,,,,,,,,,,0
2011270,Загрузка механизмами,,MN,,,USER2358,,,2026-03-24 20:17:54,2026-03-24 20:17:54,,,,,,,,,,,N,,SHIPPING_DOC,EKS000018230,,,,,,,,2026-03-24 20:17:54,,,N,,0.00000,0.00000,0.00000,0.00000,,,,,,,,,,,,,0
2011271,Загрузка механизмами,,MN,,,USER2358,,,2026-03-24 20:17:54,2026-03-24 20:17:54,,,,,,,,,,,N,,SHIPPING_DOC,EKS000018278,,,,,,,,2026-03-24 20:17:54,,,N,,0.00000,0.00000,0.00000,0.00000,,,,,,,,,,,,,0
2011272,Загрузка механизмами,,MN,,,USER2358,,,2026-03-24 20:17:54,2026-03-24 20:17:54,,,,,,,,,,,N,,SHIPPING_DOC,EKS000018292,,,,,,,,2026-03-24 20:17:54,,,N,,0.00000,0.00000,0.00000,0.00000,,,,,,,,,,,,,0
2011273,Загрузка механизмами,,MN,,,USER2358,,,2026-03-24 20:17:54,2026-03-24 20:17:54,,,,,,,,,,,N,,SHIPPING_DOC,EKS000018309,,,,,,,,2026-03-24 20:17:54,,,N,,0.00000,0.00000,0.00000,0.00000,,,,,,,,,,,,,0
2011274,Загрузка механизмами,,MN,,,USER2358,,,2026-03-24 20:17:54,2026-03-24 20:17:54,,,,,,,,,,,N,,SHIPPING_DOC,EKS000018313,,,,,,,,2026-03-24 20:17:54,,,N,,0.00000,0.00000,0.00000,0.00000,,,,,,,,,,,,,0
2011275,Загрузка механизмами,,MN,,,USER2358,,,2026-03-24 20:17:54,2026-03-24 20:17:54,,,,,,,,,,,N,,SHIPPING_DOC,EKS000018328,,,,,,,,2026-03-24 20:17:54,,,N,,0.00000,0.00000,0.00000,0.00000,,,,,,,,,,,,,0
2011276,Загрузка механизмами,,MN,,,USER2358,,,2026-03-24 20:17:54,2026-03-24 20:17:54,,,,,,,,,,,N,,SHIPPING_DOC,EKS000018343,,,,,,,,2026-03-24 20:17:54,,,N,,0.00000,0.00000,0.00000,0.00000,,,,,,,,,,,,,0
2011277,Загрузка механизмами,,MN,,,USER2358,,,2026-03-24 20:17:54,2026-03-24 20:17:54,,,,,,,,,,,N,,SHIPPING_DOC,EKS000018344,,,,,,,,2026-03-24 20:17:54,,,N,,0.00000,0.00000,0.00000,0.00000,,,,,,,,,,,,,0
2011278,Загрузка механизмами,,MN,,,USER2358,,,2026-03-24 20:17:54,2026-03-24 20:17:54,,,,,,,,,,,N,,SHIPPING_DOC,EKS000018355,,,,,,,,2026-03-24 20:17:54,,,N,,0.00000,0.00000,0.00000,0.00000,,,,,,,,,,,,,0
2011279,Загрузка механизмами,,MN,,,USER2358,,,2026-03-24 20:17:54,2026-03-24 20:17:54,,,,,,,,,,,N,,SHIPPING_DOC,EKS000018359,,,,,,,,2026-03-24 20:17:54,,,N,,0.00000,0.00000,0.00000,0.00000,,,,,,,,,,,,,0
2011280,Загрузка механизмами,,MN,,,USER2358,,,2026-03-24 20:17:54,2026-03-24 20:17:54,,,,,,,,,,,N,,SHIPPING_DOC,EKS000018361,,,,,,,,2026-03-24 20:17:54,,,N,,0.00000,0.00000,0.00000,0.00000,,,,,,,,,,,,,0
2011281,Загрузка механизмами,,MN,,,USER2358,,,2026-03-24 20:17:54,2026-03-24 20:17:54,,,,,,,,,,,N,,SHIPPING_DOC,EKS000018364,,,,,,,,2026-03-24 20:17:54,,,N,,0.00000,0.00000,0.00000,0.00000,,,,,,,,,,,,,0
2011282,Загрузка механизмами,,MN,,,USER2358,,,2026-03-24 20:17:54,2026-03-24 20:17:54,,,,,,,,,,,N,,SHIPPING_DOC,EKS000018366,,,,,,,,2026-03-24 20:17:54,,,N,,0.00000,0.00000,0.00000,0.00000,,,,,,,,,,,,,0
2011283,Загрузка механизмами,,MN,,,USER2358,,,2026-03-24 20:17:54,2026-03-24 20:17:54,,,,,,,,,,,N,,SHIPPING_DOC,EKS000018378,,,,,,,,2026-03-24 20:17:54,,,N,,0.00000,0.00000,0.00000,0.00000,,,,,,,,,,,,,0
2011284,Загрузка механизмами,,MN,,,USER2358,,,2026-03-24 20:17:54,2026-03-24 20:17:54,,,,,,,,,,,N,,SHIPPING_DOC,EKS000018379,,,,,,,,2026-03-24 20:17:54,,,N,,0.00000,0.00000,0.00000,0.00000,,,,,,,,,,,,,0
2011285,Загрузка механизмами,,MN,,,USER2358,,,2026-03-24 20:17:54,2026-03-24 20:17:54,,,,,,,,,,,N,,SHIPPING_DOC,EKS000018380,,,,,,,,2026-03-24 20:17:54,,,N,,0.00000,0.00000,0.00000,0.00000,,,,,,,,,,,,,0
2011286,Загрузка механизмами,,MN,,,USER2358,,,2026-03-24 20:17:54,2026-03-24 20:17:54,,,,,,,,,,,N,,SHIPPING_DOC,EKS000018381,,,,,,,,2026-03-24 20:17:54,,,N,,0.00000,0.00000,0.00000,0.00000,,,,,,,,,,,,,0
2011287,Загрузка механизмами,,MN,,,USER2358,,,2026-03-24 20:17:54,2026-03-24 20:17:54,,,,,,,,,,,N,,SHIPPING_DOC,EKS000018387,,,,,,,,2026-03-24 20:17:54,,,N,,0.00000,0.00000,0.00000,0.00000,,,,,,,,,,,,,0
2011288,Загрузка механизмами,,MN,,,USER2358,,,2026-03-24 20:17:54,2026-03-24 20:17:54,,,,,,,,,,,N,,SHIPPING_DOC,TR-24/03/2026-02,,,,,,,,2026-03-24 20:17:54,,,N,,0.00000,0.00000,0.00000,0.00000,,,,,,,,,,,,,0
2011289,Загрузка механизмами,,MN,,,USER2358,,,2026-03-24 20:17:54,2026-03-24 20:17:54,,,,,,,,,,,N,,SHIPPING_DOC,EKS000018449,,,,,,,,2026-03-24 20:17:54,,,N,,0.00000,0.00000,0.00000,0.00000,,,,,,,,,,,,,0
2011290,Загрузка механизмами,,MN,,,USER2358,,,2026-03-24 20:17:54,2026-03-24 20:17:54,,,,,,,,,,,N,,SHIPPING_DOC,EKS000018456,,,,,,,,2026-03-24 20:17:54,,,N,,0.00000,0.00000,0.00000,0.00000,,,,,,,,,,,,,0
2011291,Загрузка механизмами,,MN,,,USER2358,,,2026-03-24 20:17:54,2026-03-24 20:17:54,,,,,,,,,,,N,,SHIPPING_DOC,EKS000018466,,,,,,,,2026-03-24 20:17:54,,,N,,0.00000,0.00000,0.00000,0.00000,,,,,,,,,,,,,0
2011292,Загрузка механизмами,,MN,,,USER2358,,,2026-03-24 20:17:54,2026-03-24 20:17:54,,,,,,,,,,,N,,SHIPPING_DOC,EKS000018469,,,,,,,,2026-03-24 20:17:54,,,N,,0.00000,0.00000,0.00000,0.00000,,,,,,,,,,,,,0
2011293,Загрузка механизмами,,MN,,,USER2358,,,2026-03-24 20:17:54,2026-03-24 20:17:54,,,,,,,,,,,N,,SHIPPING_DOC,EKS000018455,,,,,,,,2026-03-24 20:17:54,,,N,,0.00000,0.00000,0.00000,0.00000,,,,,,,,,,,,,0
2011294,Загрузка механизмами,,MN,,,USER2358,,,2026-03-24 20:17:54,2026-03-24 20:17:54,,,,,,,,,,,N,,SHIPPING_DOC,EKS000018479,,,,,,,,2026-03-24 20:17:54,,,N,,0.00000,0.00000,0.00000,0.00000,,,,,,,,,,,,,0
2011295,Загрузка механизмами,,MN,,,USER2358,,,2026-03-24 20:17:54,2026-03-24 20:17:54,,,,,,,,,,,N,,SHIPPING_DOC,TR-24/03/2026-06,,,,,,,,2026-03-24 20:17:54,,,N,,0.00000,0.00000,0.00000,0.00000,,,,,,,,,,,,,0
2011296,Загрузка механизмами,,MN,,,USER2358,,,2026-03-24 20:17:54,2026-03-24 20:17:54,,,,,,,,,,,N,,SHIPPING_DOC,EKS000018505,,,,,,,,2026-03-24 20:17:54,,,N,,0.00000,0.00000,0.00000,0.00000,,,,,,,,,,,,,0
2011297,Загрузка механизмами,,MN,,,USER2358,,,2026-03-24 20:17:54,2026-03-24 20:17:54,,,,,,,,,,,N,,SHIPPING_DOC,EKS000018511,,,,,,,,2026-03-24 20:17:54,,,N,,0.00000,0.00000,0.00000,0.00000,,,,,,,,,,,,,0
2011298,Загрузка механизмами,,MN,,,USER2358,,,2026-03-24 20:17:54,2026-03-24 20:17:54,,,,,,,,,,,N,,SHIPPING_DOC,EKS000018516,,,,,,,,2026-03-24 20:17:54,,,N,,0.00000,0.00000,0.00000,0.00000,,,,,,,,,,,,,0
2011299,Загрузка механизмами,,MN,,,USER2358,,,2026-03-24 20:17:54,2026-03-24 20:17:54,,,,,,,,,,,N,,SHIPPING_DOC,EKS000018529,,,,,,,,2026-03-24 20:17:54,,,N,,0.00000,0.00000,0.00000,0.00000,,,,,,,,,,,,,0
2011300,Загрузка механизмами,,MN,,,USER2358,,,2026-03-24 20:17:54,2026-03-24 20:17:54,,,,,,,,,,,N,,SHIPPING_DOC,EKS000018534,,,,,,,,2026-03-24 20:17:54,,,N,,0.00000,0.00000,0.00000,0.00000,,,,,,,,,,,,,0
2011301,Загрузка механизмами,,MN,,,USER2358,,,2026-03-24 20:17:54,2026-03-24 20:17:54,,,,,,,,,,,N,,SHIPPING_DOC,EKS000018539,,,,,,,,2026-03-24 20:17:54,,,N,,0.00000,0.00000,0.00000,0.00000,,,,,,,,,,,,,0
2011302,Загрузка механизмами,,MN,,,USER2358,,,2026-03-24 20:17:54,2026-03-24 20:17:54,,,,,,,,,,,N,,SHIPPING_DOC,EKS000018540,,,,,,,,2026-03-24 20:17:54,,,N,,0.00000,0.00000,0.00000,0.00000,,,,,,,,,,,,,0
2011303,Загрузка механизмами,,MN,,,USER2358,,,2026-03-24 20:17:54,2026-03-24 20:17:54,,,,,,,,,,,N,,SHIPPING_DOC,EKS000018559,,,,,,,,2026-03-24 20:17:54,,,N,,0.00000,0.00000,0.00000,0.00000,,,,,,,,,,,,,0
2011304,Загрузка механизмами,,MN,,,USER2358,,,2026-03-24 20:17:54,2026-03-24 20:17:54,,,,,,,,,,,N,,SHIPPING_DOC,EKS000018570,,,,,,,,2026-03-24 20:17:54,,,N,,0.00000,0.00000,0.00000,0.00000,,,,,,,,,,,,,0
2011305,Загрузка механизмами,,MN,,,USER2358,,,2026-03-24 20:17:54,2026-03-24 20:17:54,,,,,,,,,,,N,,SHIPPING_DOC,EKS000018575,,,,,,,,2026-03-24 20:17:54,,,N,,0.00000,0.00000,0.00000,0.00000,,,,,,,,,,,,,0
2011306,Загрузка механизмами,,MN,,,USER2358,,,2026-03-24 20:17:54,2026-03-24 20:17:54,,,,,,,,,,,N,,SHIPPING_DOC,EKS000018596,,,,,,,,2026-03-24 20:17:54,,,N,,0.00000,0.00000,0.00000,0.00000,,,,,,,,,,,,,0
2011307,Загрузка механизмами,,MN,,,USER2358,,,2026-03-24 20:17:54,2026-03-24 20:17:54,,,,,,,,,,,N,,SHIPPING_DOC,EKS000018577,,,,,,,,2026-03-24 20:17:54,,,N,,0.00000,0.00000,0.00000,0.00000,,,,,,,,,,,,,0
2011308,Загрузка механизмами,,MN,,,USER2358,,,2026-03-24 20:17:54,2026-03-24 20:17:54,,,,,,,,,,,N,,SHIPPING_DOC,EKS000018601,,,,,,,,2026-03-24 20:17:54,,,N,,0.00000,0.00000,0.00000,0.00000,,,,,,,,,,,,,0
2011309,Загрузка механизмами,,MN,,,USER2358,,,2026-03-24 20:17:54,2026-03-24 20:17:54,,,,,,,,,,,N,,SHIPPING_DOC,EKS000018610,,,,,,,,2026-03-24 20:17:54,,,N,,0.00000,0.00000,0.00000,0.00000,,,,,,,,,,,,,0
2011310,Загрузка механизмами,,MN,,,USER2358,,,2026-03-24 20:17:54,2026-03-24 20:17:54,,,,,,,,,,,N,,SHIPPING_DOC,EKS000018613,,,,,,,,2026-03-24 20:17:54,,,N,,0.00000,0.00000,0.00000,0.00000,,,,,,,,,,,,,0
2011311,Загрузка механизмами,,MN,,,USER2358,,,2026-03-24 20:17:54,2026-03-24 20:17:54,,,,,,,,,,,N,,SHIPPING_DOC,EKS000018592,,,,,,,,2026-03-24 20:17:54,,,N,,0.00000,0.00000,0.00000,0.00000,,,,,,,,,,,,,0
2011312,Загрузка механизмами,,MN,,,USER2358,,,2026-03-24 20:17:54,2026-03-24 20:17:54,,,,,,,,,,,N,,SHIPPING_DOC,EKS000018616,,,,,,,,2026-03-24 20:17:54,,,N,,0.00000,0.00000,0.00000,0.00000,,,,,,,,,,,,,0
2011313,Загрузка механизмами,,MN,,,USER2358,,,2026-03-24 20:17:54,2026-03-24 20:17:54,,,,,,,,,,,N,,SHIPPING_DOC,EKS000018267,,,,,,,,2026-03-24 20:17:54,,,N,,0.00000,0.00000,0.00000,0.00000,,,,,,,,,,,,,0
2011314,Загрузка механизмами,,MN,,,USER2358,,,2026-03-24 20:17:54,2026-03-24 20:17:54,,,,,,,,,,,N,,SHIPPING_DOC,EKS000018286,,,,,,,,2026-03-24 20:17:54,,,N,,0.00000,0.00000,0.00000,0.00000,,,,,,,,,,,,,0
2011315,Загрузка механизмами,,MN,,,USER2358,,,2026-03-24 20:17:54,2026-03-24 20:17:54,,,,,,,,,,,N,,SHIPPING_DOC,EKS000018300,,,,,,,,2026-03-24 20:17:54,,,N,,0.00000,0.00000,0.00000,0.00000,,,,,,,,,,,,,0
2011316,Загрузка механизмами,,MN,,,USER2358,,,2026-03-24 20:17:54,2026-03-24 20:17:54,,,,,,,,,,,N,,SHIPPING_DOC,EKS000018365,,,,,,,,2026-03-24 20:17:54,,,N,,0.00000,0.00000,0.00000,0.00000,,,,,,,,,,,,,0
2011317,Загрузка механизмами,,MN,,,USER2358,,,2026-03-24 20:17:54,2026-03-24 20:17:54,,,,,,,,,,,N,,SHIPPING_DOC,EKS000018383,,,,,,,,2026-03-24 20:17:54,,,N,,0.00000,0.00000,0.00000,0.00000,,,,,,,,,,,,,0
2011318,Загрузка механизмами,,MN,,,USER2358,,,2026-03-24 20:17:54,2026-03-24 20:17:54,,,,,,,,,,,N,,SHIPPING_DOC,EKS000018406,,,,,,,,2026-03-24 20:17:54,,,N,,0.00000,0.00000,0.00000,0.00000,,,,,,,,,,,,,0
2011319,Загрузка механизмами,,MN,,,USER2358,,,2026-03-24 20:17:54,2026-03-24 20:17:54,,,,,,,,,,,N,,SHIPPING_DOC,EKS000018476,,,,,,,,2026-03-24 20:17:54,,,N,,0.00000,0.00000,0.00000,0.00000,,,,,,,,,,,,,0
2011320,Загрузка механизмами,,MN,,,USER2358,,,2026-03-24 20:17:54,2026-03-24 20:17:54,,,,,,,,,,,N,,SHIPPING_DOC,EKS000018608,,,,,,,,2026-03-24 20:17:54,,,N,,0.00000,0.00000,0.00000,0.00000,,,,,,,,,,,,,0
2011321,Загрузка механизмами,,MN,,,USER2358,,,2026-03-24 20:17:54,2026-03-24 20:17:54,,,,,,,,,,,N,,SHIPPING_DOC,EKS000018612,,,,,,,,2026-03-24 20:17:54,,,N,,0.00000,0.00000,0.00000,0.00000,,,,,,,,,,,,,0
2011322,Загрузка механизмами,,MN,,,USER2358,,,2026-03-24 20:17:54,2026-03-24 20:17:54,,,,,,,,,,,N,,SHIPPING_DOC,EKS000018283,,,,,,,,2026-03-24 20:17:54,,,N,,0.00000,0.00000,0.00000,0.00000,,,,,,,,,,,,,0
2011323,Загрузка механизмами,,MN,,,USER2358,,,2026-03-24 20:17:54,2026-03-24 20:17:54,,,,,,,,,,,N,,SHIPPING_DOC,EKS000018319,,,,,,,,2026-03-24 20:17:54,,,N,,0.00000,0.00000,0.00000,0.00000,,,,,,,,,,,,,0
2011324,Загрузка механизмами,,MN,,,USER2358,,,2026-03-24 20:17:54,2026-03-24 20:17:54,,,,,,,,,,,N,,SHIPPING_DOC,EKS000018399,,,,,,,,2026-03-24 20:17:54,,,N,,0.00000,0.00000,0.00000,0.00000,,,,,,,,,,,,,0
2011325,Загрузка механизмами,,MN,,,USER2358,,,2026-03-24 20:17:54,2026-03-24 20:17:54,,,,,,,,,,,N,,SHIPPING_DOC,EKS000018400,,,,,,,,2026-03-24 20:17:54,,,N,,0.00000,0.00000,0.00000,0.00000,,,,,,,,,,,,,0
2011326,Загрузка механизмами,,MN,,,USER2358,,,2026-03-24 20:17:54,2026-03-24 20:17:54,,,,,,,,,,,N,,SHIPPING_DOC,EKS000018416,,,,,,,,2026-03-24 20:17:54,,,N,,0.00000,0.00000,0.00000,0.00000,,,,,,,,,,,,,0
2011327,Загрузка механизмами,,MN,,,USER2358,,,2026-03-24 20:17:54,2026-03-24 20:17:54,,,,,,,,,,,N,,SHIPPING_DOC,EKS000018419,,,,,,,,2026-03-24 20:17:54,,,N,,0.00000,0.00000,0.00000,0.00000,,,,,,,,,,,,,0
2011328,Загрузка механизмами,,MN,,,USER2358,,,2026-03-24 20:17:54,2026-03-24 20:17:54,,,,,,,,,,,N,,SHIPPING_DOC,EKS000018427,,,,,,,,2026-03-24 20:17:54,,,N,,0.00000,0.00000,0.00000,0.00000,,,,,,,,,,,,,0
2011329,Загрузка механизмами,,MN,,,USER2358,,,2026-03-24 20:17:54,2026-03-24 20:17:54,,,,,,,,,,,N,,SHIPPING_DOC,EKS000018432,,,,,,,,2026-03-24 20:17:54,,,N,,0.00000,0.00000,0.00000,0.00000,,,,,,,,,,,,,0
2011330,Загрузка механизмами,,MN,,,USER2358,,,2026-03-24 20:17:54,2026-03-24 20:17:54,,,,,,,,,,,N,,SHIPPING_DOC,EKS000018489,,,,,,,,2026-03-24 20:17:54,,,N,,0.00000,0.00000,0.00000,0.00000,,,,,,,,,,,,,0
2011331,Загрузка механизмами,,MN,,,USER2358,,,2026-03-24 20:17:54,2026-03-24 20:17:54,,,,,,,,,,,N,,SHIPPING_DOC,EKS000018490,,,,,,,,2026-03-24 20:17:54,,,N,,0.00000,0.00000,0.00000,0.00000,,,,,,,,,,,,,0
2011332,Загрузка механизмами,,MN,,,USER2358,,,2026-03-24 20:17:54,2026-03-24 20:17:54,,,,,,,,,,,N,,SHIPPING_DOC,EKS000018611,,,,,,,,2026-03-24 20:17:54,,,N,,0.00000,0.00000,0.00000,0.00000,,,,,,,,,,,,,0
2011333,Загрузка механизмами,,MN,,,USER2358,,,2026-03-24 20:17:54,2026-03-24 20:17:54,,,,,,,,,,,N,,SHIPPING_DOC,EKS000018617,,,,,,,,2026-03-24 20:17:54,,,N,,0.00000,0.00000,0.00000,0.00000,,,,,,,,,,,,,0
2011334,Загрузка ручная,,MN,,,USER2358,,,2026-03-24 20:17:54,2026-03-24 20:17:54,,,,,,,,,,,N,,SHIPPING_DOC,EKS000017904,,,,,,,,2026-03-24 20:17:54,,,N,,0.00000,0.00000,0.00000,0.00000,,,,,,,,,,,,,0
2011335,Загрузка ручная,,MN,,,USER2358,,,2026-03-24 20:17:54,2026-03-24 20:17:54,,,,,,,,,,,N,,SHIPPING_DOC,EKS000017909,,,,,,,,2026-03-24 20:17:54,,,N,,0.00000,0.00000,0.00000,0.00000,,,,,,,,,,,,,0
2011336,Загрузка ручная,,MN,,,USER2358,,,2026-03-24 20:17:54,2026-03-24 20:17:54,,,,,,,,,,,N,,SHIPPING_DOC,EKS000017910,,,,,,,,2026-03-24 20:17:54,,,N,,0.00000,0.00000,0.00000,0.00000,,,,,,,,,,,,,0
2011337,Загрузка ручная,,MN,,,USER2358,,,2026-03-24 20:17:54,2026-03-24 20:17:54,,,,,,,,,,,N,,SHIPPING_DOC,EKS000017911,,,,,,,,2026-03-24 20:17:54,,,N,,0.00000,0.00000,0.00000,0.00000,,,,,,,,,,,,,0
2011338,Загрузка ручная,,MN,,,USER2358,,,2026-03-24 20:17:54,2026-03-24 20:17:54,,,,,,,,,,,N,,SHIPPING_DOC,EKS000017913,,,,,,,,2026-03-24 20:17:54,,,N,,0.00000,0.00000,0.00000,0.00000,,,,,,,,,,,,,0
2011339,Загрузка ручная,,MN,,,USER2358,,,2026-03-24 20:17:54,2026-03-24 20:17:54,,,,,,,,,,,N,,SHIPPING_DOC,EKS000017914,,,,,,,,2026-03-24 20:17:54,,,N,,0.00000,0.00000,0.00000,0.00000,,,,,,,,,,,,,0
2011340,Загрузка ручная,,MN,,,USER2358,,,2026-03-24 20:17:54,2026-03-24 20:17:54,,,,,,,,,,,N,,SHIPPING_DOC,EKS000017916,,,,,,,,2026-03-24 20:17:54,,,N,,0.00000,0.00000,0.00000,0.00000,,,,,,,,,,,,,0
2011341,Загрузка ручная,,MN,,,USER2358,,,2026-03-24 20:17:54,2026-03-24 20:17:54,,,,,,,,,,,N,,SHIPPING_DOC,EKS000017917,,,,,,,,2026-03-24 20:17:54,,,N,,0.00000,0.00000,0.00000,0.00000,,,,,,,,,,,,,0
2011342,Загрузка ручная,,MN,,,USER2358,,,2026-03-24 20:17:54,2026-03-24 20:17:54,,,,,,,,,,,N,,SHIPPING_DOC,EKS000017924,,,,,,,,2026-03-24 20:17:54,,,N,,0.00000,0.00000,0.00000,0.00000,,,,,,,,,,,,,0
2011343,Загрузка ручная,,MN,,,USER2358,,,2026-03-24 20:17:54,2026-03-24 20:17:54,,,,,,,,,,,N,,SHIPPING_DOC,EKS000017945,,,,,,,,2026-03-24 20:17:54,,,N,,0.00000,0.00000,0.00000,0.00000,,,,,,,,,,,,,0
2011344,Загрузка ручная,,MN,,,USER2358,,,2026-03-24 20:17:54,2026-03-24 20:17:54,,,,,,,,,,,N,,SHIPPING_DOC,EKS000017946,,,,,,,,2026-03-24 20:17:54,,,N,,0.00000,0.00000,0.00000,0.00000,,,,,,,,,,,,,0
2011345,Загрузка ручная,,MN,,,USER2358,,,2026-03-24 20:17:54,2026-03-24 20:17:54,,,,,,,,,,,N,,SHIPPING_DOC,EKS000017947,,,,,,,,2026-03-24 20:17:54,,,N,,0.00000,0.00000,0.00000,0.00000,,,,,,,,,,,,,0
2011346,Загрузка ручная,,MN,,,USER2358,,,2026-03-24 20:17:54,2026-03-24 20:17:54,,,,,,,,,,,N,,SHIPPING_DOC,EKS000017950,,,,,,,,2026-03-24 20:17:54,,,N,,0.00000,0.00000,0.00000,0.00000,,,,,,,,,,,,,0
2011347,Загрузка ручная,,MN,,,USER2358,,,2026-03-24 20:17:54,2026-03-24 20:17:54,,,,,,,,,,,N,,SHIPPING_DOC,EKS000017956,,,,,,,,2026-03-24 20:17:54,,,N,,0.00000,0.00000,0.00000,0.00000,,,,,,,,,,,,,0
2011348,Загрузка ручная,,MN,,,USER2358,,,2026-03-24 20:17:54,2026-03-24 20:17:54,,,,,,,,,,,N,,SHIPPING_DOC,EKS000017959,,,,,,,,2026-03-24 20:17:54,,,N,,0.00000,0.00000,0.00000,0.00000,,,,,,,,,,,,,0
2011349,Загрузка ручная,,MN,,,USER2358,,,2026-03-24 20:17:54,2026-03-24 20:17:54,,,,,,,,,,,N,,SHIPPING_DOC,EKS000017961,,,,,,,,2026-03-24 20:17:54,,,N,,0.00000,0.00000,0.00000,0.00000,,,,,,,,,,,,,0
2011350,Загрузка ручная,,MN,,,USER2358,,,2026-03-24 20:17:54,2026-03-24 20:17:54,,,,,,,,,,,N,,SHIPPING_DOC,EKS000017977,,,,,,,,2026-03-24 20:17:54,,,N,,0.00000,0.00000,0.00000,0.00000,,,,,,,,,,,,,0
2011351,Загрузка ручная,,MN,,,USER2358,,,2026-03-24 20:17:54,2026-03-24 20:17:54,,,,,,,,,,,N,,SHIPPING_DOC,EKS000017981,,,,,,,,2026-03-24 20:17:54,,,N,,0.00000,0.00000,0.00000,0.00000,,,,,,,,,,,,,0
2011352,Загрузка ручная,,MN,,,USER2358,,,2026-03-24 20:17:54,2026-03-24 20:17:54,,,,,,,,,,,N,,SHIPPING_DOC,EKS000017984,,,,,,,,2026-03-24 20:17:54,,,N,,0.00000,0.00000,0.00000,0.00000,,,,,,,,,,,,,0
2011353,Загрузка ручная,,MN,,,USER2358,,,2026-03-24 20:17:54,2026-03-24 20:17:54,,,,,,,,,,,N,,SHIPPING_DOC,EKS000017985,,,,,,,,2026-03-24 20:17:54,,,N,,0.00000,0.00000,0.00000,0.00000,,,,,,,,,,,,,0
2011354,Загрузка ручная,,MN,,,USER2358,,,2026-03-24 20:17:54,2026-03-24 20:17:54,,,,,,,,,,,N,,SHIPPING_DOC,EKS000018002,,,,,,,,2026-03-24 20:17:54,,,N,,0.00000,0.00000,0.00000,0.00000,,,,,,,,,,,,,0
2011355,Загрузка ручная,,MN,,,USER2358,,,2026-03-24 20:17:54,2026-03-24 20:17:54,,,,,,,,,,,N,,SHIPPING_DOC,EKS000018006,,,,,,,,2026-03-24 20:17:54,,,N,,0.00000,0.00000,0.00000,0.00000,,,,,,,,,,,,,0
2011356,Загрузка ручная,,MN,,,USER2358,,,2026-03-24 20:17:54,2026-03-24 20:17:54,,,,,,,,,,,N,,SHIPPING_DOC,EKS000018009,,,,,,,,2026-03-24 20:17:54,,,N,,0.00000,0.00000,0.00000,0.00000,,,,,,,,,,,,,0
2011357,Загрузка ручная,,MN,,,USER2358,,,2026-03-24 20:17:54,2026-03-24 20:17:54,,,,,,,,,,,N,,SHIPPING_DOC,EKS000018011,,,,,,,,2026-03-24 20:17:54,,,N,,0.00000,0.00000,0.00000,0.00000,,,,,,,,,,,,,0
2011358,Загрузка ручная,,MN,,,USER2358,,,2026-03-24 20:17:54,2026-03-24 20:17:54,,,,,,,,,,,N,,SHIPPING_DOC,EKS000018013,,,,,,,,2026-03-24 20:17:54,,,N,,0.00000,0.00000,0.00000,0.00000,,,,,,,,,,,,,0
2011359,Загрузка ручная,,MN,,,USER2358,,,2026-03-24 20:17:54,2026-03-24 20:17:54,,,,,,,,,,,N,,SHIPPING_DOC,EKS000018021,,,,,,,,2026-03-24 20:17:54,,,N,,0.00000,0.00000,0.00000,0.00000,,,,,,,,,,,,,0
2011360,Загрузка ручная,,MN,,,USER2358,,,2026-03-24 20:17:54,2026-03-24 20:17:54,,,,,,,,,,,N,,SHIPPING_DOC,EKS000018043,,,,,,,,2026-03-24 20:17:54,,,N,,0.00000,0.00000,0.00000,0.00000,,,,,,,,,,,,,0
2011361,Загрузка ручная,,MN,,,USER2358,,,2026-03-24 20:17:54,2026-03-24 20:17:54,,,,,,,,,,,N,,SHIPPING_DOC,TR-23/03/2026-03,,,,,,,,2026-03-24 20:17:54,,,N,,0.00000,0.00000,0.00000,0.00000,,,,,,,,,,,,,0
2011362,Загрузка ручная,,MN,,,USER2358,,,2026-03-24 20:17:54,2026-03-24 20:17:54,,,,,,,,,,,N,,SHIPPING_DOC,EKS000018049,,,,,,,,2026-03-24 20:17:54,,,N,,0.00000,0.00000,0.00000,0.00000,,,,,,,,,,,,,0
2011363,Загрузка ручная,,MN,,,USER2358,,,2026-03-24 20:17:54,2026-03-24 20:17:54,,,,,,,,,,,N,,SHIPPING_DOC,EKS000018053,,,,,,,,2026-03-24 20:17:54,,,N,,0.00000,0.00000,0.00000,0.00000,,,,,,,,,,,,,0
2011364,Загрузка ручная,,MN,,,USER2358,,,2026-03-24 20:17:54,2026-03-24 20:17:54,,,,,,,,,,,N,,SHIPPING_DOC,EKS000018056,,,,,,,,2026-03-24 20:17:54,,,N,,0.00000,0.00000,0.00000,0.00000,,,,,,,,,,,,,0
2011365,Загрузка ручная,,MN,,,USER2358,,,2026-03-24 20:17:54,2026-03-24 20:17:54,,,,,,,,,,,N,,SHIPPING_DOC,EKS000018058,,,,,,,,2026-03-24 20:17:54,,,N,,0.00000,0.00000,0.00000,0.00000,,,,,,,,,,,,,0
2011366,Загрузка ручная,,MN,,,USER2358,,,2026-03-24 20:17:54,2026-03-24 20:17:54,,,,,,,,,,,N,,SHIPPING_DOC,EKS000018074,,,,,,,,2026-03-24 20:17:54,,,N,,0.00000,0.00000,0.00000,0.00000,,,,,,,,,,,,,0
2011367,Загрузка ручная,,MN,,,USER2358,,,2026-03-24 20:17:54,2026-03-24 20:17:54,,,,,,,,,,,N,,SHIPPING_DOC,EKS000018075,,,,,,,,2026-03-24 20:17:54,,,N,,0.00000,0.00000,0.00000,0.00000,,,,,,,,,,,,,0
2011368,Загрузка ручная,,MN,,,USER2358,,,2026-03-24 20:17:54,2026-03-24 20:17:54,,,,,,,,,,,N,,SHIPPING_DOC,EKS000018090,,,,,,,,2026-03-24 20:17:54,,,N,,0.00000,0.00000,0.00000,0.00000,,,,,,,,,,,,,0
2011369,Загрузка ручная,,MN,,,USER2358,,,2026-03-24 20:17:54,2026-03-24 20:17:54,,,,,,,,,,,N,,SHIPPING_DOC,EKS000018096,,,,,,,,2026-03-24 20:17:54,,,N,,0.00000,0.00000,0.00000,0.00000,,,,,,,,,,,,,0
2011370,Загрузка ручная,,MN,,,USER2358,,,2026-03-24 20:17:54,2026-03-24 20:17:54,,,,,,,,,,,N,,SHIPPING_DOC,EKS000018100,,,,,,,,2026-03-24 20:17:54,,,N,,0.00000,0.00000,0.00000,0.00000,,,,,,,,,,,,,0
2011371,Загрузка ручная,,MN,,,USER2358,,,2026-03-24 20:17:54,2026-03-24 20:17:54,,,,,,,,,,,N,,SHIPPING_DOC,EKS000018101,,,,,,,,2026-03-24 20:17:54,,,N,,0.00000,0.00000,0.00000,0.00000,,,,,,,,,,,,,0
2011372,Загрузка ручная,,MN,,,USER2358,,,2026-03-24 20:17:54,2026-03-24 20:17:54,,,,,,,,,,,N,,SHIPPING_DOC,EKS000018102,,,,,,,,2026-03-24 20:17:54,,,N,,0.00000,0.00000,0.00000,0.00000,,,,,,,,,,,,,0
2011373,Загрузка ручная,,MN,,,USER2358,,,2026-03-24 20:17:54,2026-03-24 20:17:54,,,,,,,,,,,N,,SHIPPING_DOC,EKS000018103,,,,,,,,2026-03-24 20:17:54,,,N,,0.00000,0.00000,0.00000,0.00000,,,,,,,,,,,,,0
2011374,Загрузка ручная,,MN,,,USER2358,,,2026-03-24 20:17:54,2026-03-24 20:17:54,,,,,,,,,,,N,,SHIPPING_DOC,EKS000018114,,,,,,,,2026-03-24 20:17:54,,,N,,0.00000,0.00000,0.00000,0.00000,,,,,,,,,,,,,0
2011375,Загрузка ручная,,MN,,,USER2358,,,2026-03-24 20:17:54,2026-03-24 20:17:54,,,,,,,,,,,N,,SHIPPING_DOC,EKS000018126,,,,,,,,2026-03-24 20:17:54,,,N,,0.00000,0.00000,0.00000,0.00000,,,,,,,,,,,,,0
2011376,Загрузка ручная,,MN,,,USER2358,,,2026-03-24 20:17:54,2026-03-24 20:17:54,,,,,,,,,,,N,,SHIPPING_DOC,TR-23/03/2026-11,,,,,,,,2026-03-24 20:17:54,,,N,,0.00000,0.00000,0.00000,0.00000,,,,,,,,,,,,,0
2011377,Загрузка ручная,,MN,,,USER2358,,,2026-03-24 20:17:54,2026-03-24 20:17:54,,,,,,,,,,,N,,SHIPPING_DOC,EKS000018142,,,,,,,,2026-03-24 20:17:54,,,N,,0.00000,0.00000,0.00000,0.00000,,,,,,,,,,,,,0
2011378,Загрузка ручная,,MN,,,USER2358,,,2026-03-24 20:17:54,2026-03-24 20:17:54,,,,,,,,,,,N,,SHIPPING_DOC,EKS000018150,,,,,,,,2026-03-24 20:17:54,,,N,,0.00000,0.00000,0.00000,0.00000,,,,,,,,,,,,,0
2011379,Загрузка ручная,,MN,,,USER2358,,,2026-03-24 20:17:54,2026-03-24 20:17:54,,,,,,,,,,,N,,SHIPPING_DOC,EKS000018151,,,,,,,,2026-03-24 20:17:54,,,N,,0.00000,0.00000,0.00000,0.00000,,,,,,,,,,,,,0
2011380,Загрузка ручная,,MN,,,USER2358,,,2026-03-24 20:17:54,2026-03-24 20:17:54,,,,,,,,,,,N,,SHIPPING_DOC,EKS000018163,,,,,,,,2026-03-24 20:17:54,,,N,,0.00000,0.00000,0.00000,0.00000,,,,,,,,,,,,,0
2011381,Загрузка ручная,,MN,,,USER2358,,,2026-03-24 20:17:54,2026-03-24 20:17:54,,,,,,,,,,,N,,SHIPPING_DOC,EKS000018172,,,,,,,,2026-03-24 20:17:54,,,N,,0.00000,0.00000,0.00000,0.00000,,,,,,,,,,,,,0
2011382,Загрузка ручная,,MN,,,USER2358,,,2026-03-24 20:17:54,2026-03-24 20:17:54,,,,,,,,,,,N,,SHIPPING_DOC,EKS000018181,,,,,,,,2026-03-24 20:17:54,,,N,,0.00000,0.00000,0.00000,0.00000,,,,,,,,,,,,,0
2011383,Загрузка ручная,,MN,,,USER2358,,,2026-03-24 20:17:54,2026-03-24 20:17:54,,,,,,,,,,,N,,SHIPPING_DOC,EKS000018182,,,,,,,,2026-03-24 20:17:54,,,N,,0.00000,0.00000,0.00000,0.00000,,,,,,,,,,,,,0
2011384,Загрузка ручная,,MN,,,USER2358,,,2026-03-24 20:17:54,2026-03-24 20:17:54,,,,,,,,,,,N,,SHIPPING_DOC,EKS000018183,,,,,,,,2026-03-24 20:17:54,,,N,,0.00000,0.00000,0.00000,0.00000,,,,,,,,,,,,,0
2011385,Загрузка ручная,,MN,,,USER2358,,,2026-03-24 20:17:54,2026-03-24 20:17:54,,,,,,,,,,,N,,SHIPPING_DOC,EKS000018184,,,,,,,,2026-03-24 20:17:54,,,N,,0.00000,0.00000,0.00000,0.00000,,,,,,,,,,,,,0
2011386,Загрузка ручная,,MN,,,USER2358,,,2026-03-24 20:17:54,2026-03-24 20:17:54,,,,,,,,,,,N,,SHIPPING_DOC,EKS000018190,,,,,,,,2026-03-24 20:17:54,,,N,,0.00000,0.00000,0.00000,0.00000,,,,,,,,,,,,,0
2011387,Загрузка ручная,,MN,,,USER2358,,,2026-03-24 20:17:54,2026-03-24 20:17:54,,,,,,,,,,,N,,SHIPPING_DOC,EKS000018192,,,,,,,,2026-03-24 20:17:54,,,N,,0.00000,0.00000,0.00000,0.00000,,,,,,,,,,,,,0
2011388,Загрузка ручная,,MN,,,USER2358,,,2026-03-24 20:17:54,2026-03-24 20:17:54,,,,,,,,,,,N,,SHIPPING_DOC,EKS000018196,,,,,,,,2026-03-24 20:17:54,,,N,,0.00000,0.00000,0.00000,0.00000,,,,,,,,,,,,,0
2011389,Загрузка ручная,,MN,,,USER2358,,,2026-03-24 20:17:54,2026-03-24 20:17:54,,,,,,,,,,,N,,SHIPPING_DOC,EKS000018204,,,,,,,,2026-03-24 20:17:54,,,N,,0.00000,0.00000,0.00000,0.00000,,,,,,,,,,,,,0
2011390,Загрузка ручная,,MN,,,USER2358,,,2026-03-24 20:17:54,2026-03-24 20:17:54,,,,,,,,,,,N,,SHIPPING_DOC,EKS000018211,,,,,,,,2026-03-24 20:17:54,,,N,,0.00000,0.00000,0.00000,0.00000,,,,,,,,,,,,,0
2011391,Загрузка ручная,,MN,,,USER2358,,,2026-03-24 20:17:54,2026-03-24 20:17:54,,,,,,,,,,,N,,SHIPPING_DOC,EKS000018229,,,,,,,,2026-03-24 20:17:54,,,N,,0.00000,0.00000,0.00000,0.00000,,,,,,,,,,,,,0
2011392,Загрузка ручная,,MN,,,USER2358,,,2026-03-24 20:17:54,2026-03-24 20:17:54,,,,,,,,,,,N,,SHIPPING_DOC,EKS000018230,,,,,,,,2026-03-24 20:17:54,,,N,,0.00000,0.00000,0.00000,0.00000,,,,,,,,,,,,,0
2011393,Загрузка ручная,,MN,,,USER2358,,,2026-03-24 20:17:54,2026-03-24 20:17:54,,,,,,,,,,,N,,SHIPPING_DOC,EKS000018278,,,,,,,,2026-03-24 20:17:54,,,N,,0.00000,0.00000,0.00000,0.00000,,,,,,,,,,,,,0
2011394,Загрузка ручная,,MN,,,USER2358,,,2026-03-24 20:17:54,2026-03-24 20:17:54,,,,,,,,,,,N,,SHIPPING_DOC,EKS000018292,,,,,,,,2026-03-24 20:17:54,,,N,,0.00000,0.00000,0.00000,0.00000,,,,,,,,,,,,,0
2011395,Загрузка ручная,,MN,,,USER2358,,,2026-03-24 20:17:54,2026-03-24 20:17:54,,,,,,,,,,,N,,SHIPPING_DOC,EKS000018309,,,,,,,,2026-03-24 20:17:54,,,N,,0.00000,0.00000,0.00000,0.00000,,,,,,,,,,,,,0
2011396,Загрузка ручная,,MN,,,USER2358,,,2026-03-24 20:17:54,2026-03-24 20:17:54,,,,,,,,,,,N,,SHIPPING_DOC,EKS000018313,,,,,,,,2026-03-24 20:17:54,,,N,,0.00000,0.00000,0.00000,0.00000,,,,,,,,,,,,,0
2011397,Загрузка ручная,,MN,,,USER2358,,,2026-03-24 20:17:54,2026-03-24 20:17:54,,,,,,,,,,,N,,SHIPPING_DOC,EKS000018328,,,,,,,,2026-03-24 20:17:54,,,N,,0.00000,0.00000,0.00000,0.00000,,,,,,,,,,,,,0
2011398,Загрузка ручная,,MN,,,USER2358,,,2026-03-24 20:17:54,2026-03-24 20:17:54,,,,,,,,,,,N,,SHIPPING_DOC,EKS000018343,,,,,,,,2026-03-24 20:17:54,,,N,,0.00000,0.00000,0.00000,0.00000,,,,,,,,,,,,,0
2011399,Загрузка ручная,,MN,,,USER2358,,,2026-03-24 20:17:54,2026-03-24 20:17:54,,,,,,,,,,,N,,SHIPPING_DOC,EKS000018344,,,,,,,,2026-03-24 20:17:54,,,N,,0.00000,0.00000,0.00000,0.00000,,,,,,,,,,,,,0
2011400,Загрузка ручная,,MN,,,USER2358,,,2026-03-24 20:17:54,2026-03-24 20:17:54,,,,,,,,,,,N,,SHIPPING_DOC,EKS000018355,,,,,,,,2026-03-24 20:17:54,,,N,,0.00000,0.00000,0.00000,0.00000,,,,,,,,,,,,,0
2011401,Загрузка ручная,,MN,,,USER2358,,,2026-03-24 20:17:54,2026-03-24 20:17:54,,,,,,,,,,,N,,SHIPPING_DOC,EKS000018359,,,,,,,,2026-03-24 20:17:54,,,N,,0.00000,0.00000,0.00000,0.00000,,,,,,,,,,,,,0
2011402,Загрузка ручная,,MN,,,USER2358,,,2026-03-24 20:17:54,2026-03-24 20:17:54,,,,,,,,,,,N,,SHIPPING_DOC,EKS000018361,,,,,,,,2026-03-24 20:17:54,,,N,,0.00000,0.00000,0.00000,0.00000,,,,,,,,,,,,,0
2011403,Загрузка ручная,,MN,,,USER2358,,,2026-03-24 20:17:54,2026-03-24 20:17:54,,,,,,,,,,,N,,SHIPPING_DOC,EKS000018364,,,,,,,,2026-03-24 20:17:54,,,N,,0.00000,0.00000,0.00000,0.00000,,,,,,,,,,,,,0
2011404,Загрузка ручная,,MN,,,USER2358,,,2026-03-24 20:17:54,2026-03-24 20:17:54,,,,,,,,,,,N,,SHIPPING_DOC,EKS000018366,,,,,,,,2026-03-24 20:17:54,,,N,,0.00000,0.00000,0.00000,0.00000,,,,,,,,,,,,,0
2011405,Загрузка ручная,,MN,,,USER2358,,,2026-03-24 20:17:54,2026-03-24 20:17:54,,,,,,,,,,,N,,SHIPPING_DOC,EKS000018378,,,,,,,,2026-03-24 20:17:54,,,N,,0.00000,0.00000,0.00000,0.00000,,,,,,,,,,,,,0
2011406,Загрузка ручная,,MN,,,USER2358,,,2026-03-24 20:17:54,2026-03-24 20:17:54,,,,,,,,,,,N,,SHIPPING_DOC,EKS000018379,,,,,,,,2026-03-24 20:17:54,,,N,,0.00000,0.00000,0.00000,0.00000,,,,,,,,,,,,,0
2011407,Загрузка ручная,,MN,,,USER2358,,,2026-03-24 20:17:54,2026-03-24 20:17:54,,,,,,,,,,,N,,SHIPPING_DOC,EKS000018380,,,,,,,,2026-03-24 20:17:54,,,N,,0.00000,0.00000,0.00000,0.00000,,,,,,,,,,,,,0
2011408,Загрузка ручная,,MN,,,USER2358,,,2026-03-24 20:17:54,2026-03-24 20:17:54,,,,,,,,,,,N,,SHIPPING_DOC,EKS000018381,,,,,,,,2026-03-24 20:17:54,,,N,,0.00000,0.00000,0.00000,0.00000,,,,,,,,,,,,,0
2011409,Загрузка ручная,,MN,,,USER2358,,,2026-03-24 20:17:54,2026-03-24 20:17:54,,,,,,,,,,,N,,SHIPPING_DOC,EKS000018387,,,,,,,,2026-03-24 20:17:54,,,N,,0.00000,0.00000,0.00000,0.00000,,,,,,,,,,,,,0
2011410,Загрузка ручная,,MN,,,USER2358,,,2026-03-24 20:17:54,2026-03-24 20:17:54,,,,,,,,,,,N,,SHIPPING_DOC,TR-24/03/2026-02,,,,,,,,2026-03-24 20:17:54,,,N,,0.00000,0.00000,0.00000,0.00000,,,,,,,,,,,,,0
2011411,Загрузка ручная,,MN,,,USER2358,,,2026-03-24 20:17:54,2026-03-24 20:17:54,,,,,,,,,,,N,,SHIPPING_DOC,EKS000018449,,,,,,,,2026-03-24 20:17:54,,,N,,0.00000,0.00000,0.00000,0.00000,,,,,,,,,,,,,0
2011412,Загрузка ручная,,MN,,,USER2358,,,2026-03-24 20:17:54,2026-03-24 20:17:54,,,,,,,,,,,N,,SHIPPING_DOC,EKS000018456,,,,,,,,2026-03-24 20:17:54,,,N,,0.00000,0.00000,0.00000,0.00000,,,,,,,,,,,,,0
2011413,Загрузка ручная,,MN,,,USER2358,,,2026-03-24 20:17:54,2026-03-24 20:17:54,,,,,,,,,,,N,,SHIPPING_DOC,EKS000018466,,,,,,,,2026-03-24 20:17:54,,,N,,0.00000,0.00000,0.00000,0.00000,,,,,,,,,,,,,0
2011414,Загрузка ручная,,MN,,,USER2358,,,2026-03-24 20:17:54,2026-03-24 20:17:54,,,,,,,,,,,N,,SHIPPING_DOC,EKS000018469,,,,,,,,2026-03-24 20:17:54,,,N,,0.00000,0.00000,0.00000,0.00000,,,,,,,,,,,,,0
2011415,Загрузка ручная,,MN,,,USER2358,,,2026-03-24 20:17:54,2026-03-24 20:17:54,,,,,,,,,,,N,,SHIPPING_DOC,EKS000018455,,,,,,,,2026-03-24 20:17:54,,,N,,0.00000,0.00000,0.00000,0.00000,,,,,,,,,,,,,0
2011416,Загрузка ручная,,MN,,,USER2358,,,2026-03-24 20:17:54,2026-03-24 20:17:54,,,,,,,,,,,N,,SHIPPING_DOC,EKS000018479,,,,,,,,2026-03-24 20:17:54,,,N,,0.00000,0.00000,0.00000,0.00000,,,,,,,,,,,,,0
2011417,Загрузка ручная,,MN,,,USER2358,,,2026-03-24 20:17:54,2026-03-24 20:17:54,,,,,,,,,,,N,,SHIPPING_DOC,TR-24/03/2026-06,,,,,,,,2026-03-24 20:17:54,,,N,,0.00000,0.00000,0.00000,0.00000,,,,,,,,,,,,,0
2011418,Загрузка ручная,,MN,,,USER2358,,,2026-03-24 20:17:54,2026-03-24 20:17:54,,,,,,,,,,,N,,SHIPPING_DOC,EKS000018505,,,,,,,,2026-03-24 20:17:54,,,N,,0.00000,0.00000,0.00000,0.00000,,,,,,,,,,,,,0
2011419,Загрузка ручная,,MN,,,USER2358,,,2026-03-24 20:17:54,2026-03-24 20:17:54,,,,,,,,,,,N,,SHIPPING_DOC,EKS000018511,,,,,,,,2026-03-24 20:17:54,,,N,,0.00000,0.00000,0.00000,0.00000,,,,,,,,,,,,,0
2011420,Загрузка ручная,,MN,,,USER2358,,,2026-03-24 20:17:54,2026-03-24 20:17:54,,,,,,,,,,,N,,SHIPPING_DOC,EKS000018516,,,,,,,,2026-03-24 20:17:54,,,N,,0.00000,0.00000,0.00000,0.00000,,,,,,,,,,,,,0
2011421,Загрузка ручная,,MN,,,USER2358,,,2026-03-24 20:17:54,2026-03-24 20:17:54,,,,,,,,,,,N,,SHIPPING_DOC,EKS000018529,,,,,,,,2026-03-24 20:17:54,,,N,,0.00000,0.00000,0.00000,0.00000,,,,,,,,,,,,,0
2011422,Загрузка ручная,,MN,,,USER2358,,,2026-03-24 20:17:54,2026-03-24 20:17:54,,,,,,,,,,,N,,SHIPPING_DOC,EKS000018534,,,,,,,,2026-03-24 20:17:54,,,N,,0.00000,0.00000,0.00000,0.00000,,,,,,,,,,,,,0
2011423,Загрузка ручная,,MN,,,USER2358,,,2026-03-24 20:17:54,2026-03-24 20:17:54,,,,,,,,,,,N,,SHIPPING_DOC,EKS000018539,,,,,,,,2026-03-24 20:17:54,,,N,,0.00000,0.00000,0.00000,0.00000,,,,,,,,,,,,,0
2011424,Загрузка ручная,,MN,,,USER2358,,,2026-03-24 20:17:54,2026-03-24 20:17:54,,,,,,,,,,,N,,SHIPPING_DOC,EKS000018540,,,,,,,,2026-03-24 20:17:54,,,N,,0.00000,0.00000,0.00000,0.00000,,,,,,,,,,,,,0
2011425,Загрузка ручная,,MN,,,USER2358,,,2026-03-24 20:17:54,2026-03-24 20:17:54,,,,,,,,,,,N,,SHIPPING_DOC,EKS000018559,,,,,,,,2026-03-24 20:17:54,,,N,,0.00000,0.00000,0.00000,0.00000,,,,,,,,,,,,,0
2011426,Загрузка ручная,,MN,,,USER2358,,,2026-03-24 20:17:54,2026-03-24 20:17:54,,,,,,,,,,,N,,SHIPPING_DOC,EKS000018570,,,,,,,,2026-03-24 20:17:54,,,N,,0.00000,0.00000,0.00000,0.00000,,,,,,,,,,,,,0
2011427,Загрузка ручная,,MN,,,USER2358,,,2026-03-24 20:17:54,2026-03-24 20:17:54,,,,,,,,,,,N,,SHIPPING_DOC,EKS000018575,,,,,,,,2026-03-24 20:17:54,,,N,,0.00000,0.00000,0.00000,0.00000,,,,,,,,,,,,,0
2011428,Загрузка ручная,,MN,,,USER2358,,,2026-03-24 20:17:54,2026-03-24 20:17:54,,,,,,,,,,,N,,SHIPPING_DOC,EKS000018596,,,,,,,,2026-03-24 20:17:54,,,N,,0.00000,0.00000,0.00000,0.00000,,,,,,,,,,,,,0
2011429,Загрузка ручная,,MN,,,USER2358,,,2026-03-24 20:17:54,2026-03-24 20:17:54,,,,,,,,,,,N,,SHIPPING_DOC,EKS000018577,,,,,,,,2026-03-24 20:17:54,,,N,,0.00000,0.00000,0.00000,0.00000,,,,,,,,,,,,,0
2011430,Загрузка ручная,,MN,,,USER2358,,,2026-03-24 20:17:54,2026-03-24 20:17:54,,,,,,,,,,,N,,SHIPPING_DOC,EKS000018601,,,,,,,,2026-03-24 20:17:54,,,N,,0.00000,0.00000,0.00000,0.00000,,,,,,,,,,,,,0
2011431,Загрузка ручная,,MN,,,USER2358,,,2026-03-24 20:17:54,2026-03-24 20:17:54,,,,,,,,,,,N,,SHIPPING_DOC,EKS000018610,,,,,,,,2026-03-24 20:17:54,,,N,,0.00000,0.00000,0.00000,0.00000,,,,,,,,,,,,,0
2011432,Загрузка ручная,,MN,,,USER2358,,,2026-03-24 20:17:54,2026-03-24 20:17:54,,,,,,,,,,,N,,SHIPPING_DOC,EKS000018613,,,,,,,,2026-03-24 20:17:54,,,N,,0.00000,0.00000,0.00000,0.00000,,,,,,,,,,,,,0
2011433,Загрузка ручная,,MN,,,USER2358,,,2026-03-24 20:17:54,2026-03-24 20:17:54,,,,,,,,,,,N,,SHIPPING_DOC,EKS000018592,,,,,,,,2026-03-24 20:17:54,,,N,,0.00000,0.00000,0.00000,0.00000,,,,,,,,,,,,,0
2011434,Загрузка ручная,,MN,,,USER2358,,,2026-03-24 20:17:54,2026-03-24 20:17:54,,,,,,,,,,,N,,SHIPPING_DOC,EKS000018616,,,,,,,,2026-03-24 20:17:54,,,N,,0.00000,0.00000,0.00000,0.00000,,,,,,,,,,,,,0
2011435,Загрузка ручная,,MN,,,USER2358,,,2026-03-24 20:17:54,2026-03-24 20:17:54,,,,,,,,,,,N,,SHIPPING_DOC,EKS000018267,,,,,,,,2026-03-24 20:17:54,,,N,,0.00000,0.00000,0.00000,0.00000,,,,,,,,,,,,,0
2011436,Загрузка ручная,,MN,,,USER2358,,,2026-03-24 20:17:54,2026-03-24 20:17:54,,,,,,,,,,,N,,SHIPPING_DOC,EKS000018286,,,,,,,,2026-03-24 20:17:54,,,N,,0.00000,0.00000,0.00000,0.00000,,,,,,,,,,,,,0
2011437,Загрузка ручная,,MN,,,USER2358,,,2026-03-24 20:17:54,2026-03-24 20:17:54,,,,,,,,,,,N,,SHIPPING_DOC,EKS000018300,,,,,,,,2026-03-24 20:17:54,,,N,,0.00000,0.00000,0.00000,0.00000,,,,,,,,,,,,,0
2011438,Загрузка ручная,,MN,,,USER2358,,,2026-03-24 20:17:54,2026-03-24 20:17:54,,,,,,,,,,,N,,SHIPPING_DOC,EKS000018365,,,,,,,,2026-03-24 20:17:54,,,N,,0.00000,0.00000,0.00000,0.00000,,,,,,,,,,,,,0
2011439,Загрузка ручная,,MN,,,USER2358,,,2026-03-24 20:17:54,2026-03-24 20:17:54,,,,,,,,,,,N,,SHIPPING_DOC,EKS000018383,,,,,,,,2026-03-24 20:17:54,,,N,,0.00000,0.00000,0.00000,0.00000,,,,,,,,,,,,,0
2011440,Загрузка ручная,,MN,,,USER2358,,,2026-03-24 20:17:54,2026-03-24 20:17:54,,,,,,,,,,,N,,SHIPPING_DOC,EKS000018406,,,,,,,,2026-03-24 20:17:54,,,N,,0.00000,0.00000,0.00000,0.00000,,,,,,,,,,,,,0
2011441,Загрузка ручная,,MN,,,USER2358,,,2026-03-24 20:17:54,2026-03-24 20:17:54,,,,,,,,,,,N,,SHIPPING_DOC,EKS000018476,,,,,,,,2026-03-24 20:17:54,,,N,,0.00000,0.00000,0.00000,0.00000,,,,,,,,,,,,,0
2011442,Загрузка ручная,,MN,,,USER2358,,,2026-03-24 20:17:54,2026-03-24 20:17:54,,,,,,,,,,,N,,SHIPPING_DOC,EKS000018608,,,,,,,,2026-03-24 20:17:54,,,N,,0.00000,0.00000,0.00000,0.00000,,,,,,,,,,,,,0
2011443,Загрузка ручная,,MN,,,USER2358,,,2026-03-24 20:17:54,2026-03-24 20:17:54,,,,,,,,,,,N,,SHIPPING_DOC,EKS000018612,,,,,,,,2026-03-24 20:17:54,,,N,,0.00000,0.00000,0.00000,0.00000,,,,,,,,,,,,,0
2011444,Загрузка ручная,,MN,,,USER2358,,,2026-03-24 20:17:54,2026-03-24 20:17:54,,,,,,,,,,,N,,SHIPPING_DOC,EKS000018283,,,,,,,,2026-03-24 20:17:54,,,N,,0.00000,0.00000,0.00000,0.00000,,,,,,,,,,,,,0
2011445,Загрузка ручная,,MN,,,USER2358,,,2026-03-24 20:17:54,2026-03-24 20:17:54,,,,,,,,,,,N,,SHIPPING_DOC,EKS000018319,,,,,,,,2026-03-24 20:17:54,,,N,,0.00000,0.00000,0.00000,0.00000,,,,,,,,,,,,,0
2011446,Загрузка ручная,,MN,,,USER2358,,,2026-03-24 20:17:54,2026-03-24 20:17:54,,,,,,,,,,,N,,SHIPPING_DOC,EKS000018399,,,,,,,,2026-03-24 20:17:54,,,N,,0.00000,0.00000,0.00000,0.00000,,,,,,,,,,,,,0
2011447,Загрузка ручная,,MN,,,USER2358,,,2026-03-24 20:17:54,2026-03-24 20:17:54,,,,,,,,,,,N,,SHIPPING_DOC,EKS000018400,,,,,,,,2026-03-24 20:17:54,,,N,,0.00000,0.00000,0.00000,0.00000,,,,,,,,,,,,,0
2011448,Загрузка ручная,,MN,,,USER2358,,,2026-03-24 20:17:54,2026-03-24 20:17:54,,,,,,,,,,,N,,SHIPPING_DOC,EKS000018416,,,,,,,,2026-03-24 20:17:54,,,N,,0.00000,0.00000,0.00000,0.00000,,,,,,,,,,,,,0
2011449,Загрузка ручная,,MN,,,USER2358,,,2026-03-24 20:17:54,2026-03-24 20:17:54,,,,,,,,,,,N,,SHIPPING_DOC,EKS000018419,,,,,,,,2026-03-24 20:17:54,,,N,,0.00000,0.00000,0.00000,0.00000,,,,,,,,,,,,,0
2011450,Загрузка ручная,,MN,,,USER2358,,,2026-03-24 20:17:54,2026-03-24 20:17:54,,,,,,,,,,,N,,SHIPPING_DOC,EKS000018427,,,,,,,,2026-03-24 20:17:54,,,N,,0.00000,0.00000,0.00000,0.00000,,,,,,,,,,,,,0
2011451,Загрузка ручная,,MN,,,USER2358,,,2026-03-24 20:17:54,2026-03-24 20:17:54,,,,,,,,,,,N,,SHIPPING_DOC,EKS000018432,,,,,,,,2026-03-24 20:17:54,,,N,,0.00000,0.00000,0.00000,0.00000,,,,,,,,,,,,,0
2011452,Загрузка ручная,,MN,,,USER2358,,,2026-03-24 20:17:54,2026-03-24 20:17:54,,,,,,,,,,,N,,SHIPPING_DOC,EKS000018489,,,,,,,,2026-03-24 20:17:54,,,N,,0.00000,0.00000,0.00000,0.00000,,,,,,,,,,,,,0
2011453,Загрузка ручная,,MN,,,USER2358,,,2026-03-24 20:17:54,2026-03-24 20:17:54,,,,,,,,,,,N,,SHIPPING_DOC,EKS000018490,,,,,,,,2026-03-24 20:17:54,,,N,,0.00000,0.00000,0.00000,0.00000,,,,,,,,,,,,,0
2011454,Загрузка ручная,,MN,,,USER2358,,,2026-03-24 20:17:54,2026-03-24 20:17:54,,,,,,,,,,,N,,SHIPPING_DOC,EKS000018611,,,,,,,,2026-03-24 20:17:54,,,N,,0.00000,0.00000,0.00000,0.00000,,,,,,,,,,,,,0
2011455,Загрузка ручная,,MN,,,USER2358,,,2026-03-24 20:17:54,2026-03-24 20:17:54,,,,,,,,,,,N,,SHIPPING_DOC,EKS000018617,,,,,,,,2026-03-24 20:17:54,,,N,,0.00000,0.00000,0.00000,0.00000,,,,,,,,,,,,,0
2011456,Загрузка механизмами,,MN,,,user1215,,,2026-03-25 07:07:08,2026-03-25 07:07:08,,,,,,,,,,,N,,SHIPPING_DOC,EKS000018220,,,,,,,,2026-03-25 07:07:08,,,N,,0.00000,0.00000,0.00000,0.00000,,,,,,,,,,,,,0
2011457,Загрузка механизмами,,MN,,,user1215,,,2026-03-25 07:07:08,2026-03-25 07:07:08,,,,,,,,,,,N,,SHIPPING_DOC,EKS000018590,,,,,,,,2026-03-25 07:07:08,,,N,,0.00000,0.00000,0.00000,0.00000,,,,,,,,,,,,,0
2011458,Загрузка ручная,,MN,,,user1215,,,2026-03-25 07:07:08,2026-03-25 07:07:08,,,,,,,,,,,N,,SHIPPING_DOC,EKS000018220,,,,,,,,2026-03-25 07:07:08,,,N,,0.00000,0.00000,0.00000,0.00000,,,,,,,,,,,,,0
2011459,Загрузка ручная,,MN,,,user1215,,,2026-03-25 07:07:08,2026-03-25 07:07:08,,,,,,,,,,,N,,SHIPPING_DOC,EKS000018590,,,,,,,,2026-03-25 07:07:08,,,N,,0.00000,0.00000,0.00000,0.00000,,,,,,,,,,,,,0
2011460,Загрузка механизмами,,MN,,,user1215,,,2026-03-25 07:12:39,2026-03-25 07:12:39,,,,,,,,,,,N,,SHIPPING_DOC,EKS000018219,,,,,,,,2026-03-25 07:12:39,,,N,,0.00000,0.00000,0.00000,0.00000,,,,,,,,,,,,,0
2011461,Загрузка механизмами,,MN,,,user1215,,,2026-03-25 07:12:39,2026-03-25 07:12:39,,,,,,,,,,,N,,SHIPPING_DOC,EKS000018233,,,,,,,,2026-03-25 07:12:39,,,N,,0.00000,0.00000,0.00000,0.00000,,,,,,,,,,,,,0
2011462,Загрузка механизмами,,MN,,,user1215,,,2026-03-25 07:12:39,2026-03-25 07:12:39,,,,,,,,,,,N,,SHIPPING_DOC,EKS000018235,,,,,,,,2026-03-25 07:12:39,,,N,,0.00000,0.00000,0.00000,0.00000,,,,,,,,,,,,,0
2011463,Загрузка механизмами,,MN,,,user1215,,,2026-03-25 07:12:39,2026-03-25 07:12:39,,,,,,,,,,,N,,SHIPPING_DOC,EKS000018236,,,,,,,,2026-03-25 07:12:39,,,N,,0.00000,0.00000,0.00000,0.00000,,,,,,,,,,,,,0
2011464,Загрузка механизмами,,MN,,,user1215,,,2026-03-25 07:12:39,2026-03-25 07:12:39,,,,,,,,,,,N,,SHIPPING_DOC,EKS000018238,,,,,,,,2026-03-25 07:12:39,,,N,,0.00000,0.00000,0.00000,0.00000,,,,,,,,,,,,,0
2011465,Загрузка механизмами,,MN,,,user1215,,,2026-03-25 07:12:39,2026-03-25 07:12:39,,,,,,,,,,,N,,SHIPPING_DOC,EKS000018239,,,,,,,,2026-03-25 07:12:39,,,N,,0.00000,0.00000,0.00000,0.00000,,,,,,,,,,,,,0
2011466,Загрузка механизмами,,MN,,,user1215,,,2026-03-25 07:12:39,2026-03-25 07:12:39,,,,,,,,,,,N,,SHIPPING_DOC,EKS000018242,,,,,,,,2026-03-25 07:12:39,,,N,,0.00000,0.00000,0.00000,0.00000,,,,,,,,,,,,,0
2011467,Загрузка механизмами,,MN,,,user1215,,,2026-03-25 07:12:39,2026-03-25 07:12:39,,,,,,,,,,,N,,SHIPPING_DOC,EKS000018247,,,,,,,,2026-03-25 07:12:39,,,N,,0.00000,0.00000,0.00000,0.00000,,,,,,,,,,,,,0
2011468,Загрузка механизмами,,MN,,,user1215,,,2026-03-25 07:12:39,2026-03-25 07:12:39,,,,,,,,,,,N,,SHIPPING_DOC,EKS000018252,,,,,,,,2026-03-25 07:12:39,,,N,,0.00000,0.00000,0.00000,0.00000,,,,,,,,,,,,,0
2011469,Загрузка механизмами,,MN,,,user1215,,,2026-03-25 07:12:39,2026-03-25 07:12:39,,,,,,,,,,,N,,SHIPPING_DOC,EKS000018253,,,,,,,,2026-03-25 07:12:39,,,N,,0.00000,0.00000,0.00000,0.00000,,,,,,,,,,,,,0
2011470,Загрузка механизмами,,MN,,,user1215,,,2026-03-25 07:12:39,2026-03-25 07:12:39,,,,,,,,,,,N,,SHIPPING_DOC,EKS000018255,,,,,,,,2026-03-25 07:12:39,,,N,,0.00000,0.00000,0.00000,0.00000,,,,,,,,,,,,,0
2011471,Загрузка механизмами,,MN,,,user1215,,,2026-03-25 07:12:39,2026-03-25 07:12:39,,,,,,,,,,,N,,SHIPPING_DOC,EKS000018256,,,,,,,,2026-03-25 07:12:39,,,N,,0.00000,0.00000,0.00000,0.00000,,,,,,,,,,,,,0
2011472,Загрузка механизмами,,MN,,,user1215,,,2026-03-25 07:12:39,2026-03-25 07:12:39,,,,,,,,,,,N,,SHIPPING_DOC,EKS000018257,,,,,,,,2026-03-25 07:12:39,,,N,,0.00000,0.00000,0.00000,0.00000,,,,,,,,,,,,,0
2011473,Загрузка механизмами,,MN,,,user1215,,,2026-03-25 07:12:39,2026-03-25 07:12:39,,,,,,,,,,,N,,SHIPPING_DOC,EKS000018258,,,,,,,,2026-03-25 07:12:39,,,N,,0.00000,0.00000,0.00000,0.00000,,,,,,,,,,,,,0
2011474,Загрузка механизмами,,MN,,,user1215,,,2026-03-25 07:12:39,2026-03-25 07:12:39,,,,,,,,,,,N,,SHIPPING_DOC,EKS000018260,,,,,,,,2026-03-25 07:12:39,,,N,,0.00000,0.00000,0.00000,0.00000,,,,,,,,,,,,,0
2011475,Загрузка механизмами,,MN,,,user1215,,,2026-03-25 07:12:39,2026-03-25 07:12:39,,,,,,,,,,,N,,SHIPPING_DOC,EKS000018261,,,,,,,,2026-03-25 07:12:39,,,N,,0.00000,0.00000,0.00000,0.00000,,,,,,,,,,,,,0
2011476,Загрузка механизмами,,MN,,,user1215,,,2026-03-25 07:12:39,2026-03-25 07:12:39,,,,,,,,,,,N,,SHIPPING_DOC,EKS000018263,,,,,,,,2026-03-25 07:12:39,,,N,,0.00000,0.00000,0.00000,0.00000,,,,,,,,,,,,,0
2011477,Загрузка механизмами,,MN,,,user1215,,,2026-03-25 07:12:39,2026-03-25 07:12:39,,,,,,,,,,,N,,SHIPPING_DOC,EKS000018264,,,,,,,,2026-03-25 07:12:39,,,N,,0.00000,0.00000,0.00000,0.00000,,,,,,,,,,,,,0
2011478,Загрузка механизмами,,MN,,,user1215,,,2026-03-25 07:12:39,2026-03-25 07:12:39,,,,,,,,,,,N,,SHIPPING_DOC,EKS000018268,,,,,,,,2026-03-25 07:12:39,,,N,,0.00000,0.00000,0.00000,0.00000,,,,,,,,,,,,,0
2011479,Загрузка механизмами,,MN,,,user1215,,,2026-03-25 07:12:39,2026-03-25 07:12:39,,,,,,,,,,,N,,SHIPPING_DOC,EKS000018285,,,,,,,,2026-03-25 07:12:39,,,N,,0.00000,0.00000,0.00000,0.00000,,,,,,,,,,,,,0
2011480,Загрузка механизмами,,MN,,,user1215,,,2026-03-25 07:12:39,2026-03-25 07:12:39,,,,,,,,,,,N,,SHIPPING_DOC,EKS000018324,,,,,,,,2026-03-25 07:12:39,,,N,,0.00000,0.00000,0.00000,0.00000,,,,,,,,,,,,,0
2011481,Загрузка механизмами,,MN,,,user1215,,,2026-03-25 07:12:39,2026-03-25 07:12:39,,,,,,,,,,,N,,SHIPPING_DOC,EKS000018325,,,,,,,,2026-03-25 07:12:39,,,N,,0.00000,0.00000,0.00000,0.00000,,,,,,,,,,,,,0
2011482,Загрузка механизмами,,MN,,,user1215,,,2026-03-25 07:12:39,2026-03-25 07:12:39,,,,,,,,,,,N,,SHIPPING_DOC,EKS000018334,,,,,,,,2026-03-25 07:12:39,,,N,,0.00000,0.00000,0.00000,0.00000,,,,,,,,,,,,,0
2011483,Загрузка механизмами,,MN,,,user1215,,,2026-03-25 07:12:39,2026-03-25 07:12:39,,,,,,,,,,,N,,SHIPPING_DOC,EKS000018371,,,,,,,,2026-03-25 07:12:39,,,N,,0.00000,0.00000,0.00000,0.00000,,,,,,,,,,,,,0
2011484,Загрузка механизмами,,MN,,,user1215,,,2026-03-25 07:12:39,2026-03-25 07:12:39,,,,,,,,,,,N,,SHIPPING_DOC,EKS000018474,,,,,,,,2026-03-25 07:12:39,,,N,,0.00000,0.00000,0.00000,0.00000,,,,,,,,,,,,,0
2011485,Загрузка механизмами,,MN,,,user1215,,,2026-03-25 07:12:39,2026-03-25 07:12:39,,,,,,,,,,,N,,SHIPPING_DOC,EKS000018509,,,,,,,,2026-03-25 07:12:39,,,N,,0.00000,0.00000,0.00000,0.00000,,,,,,,,,,,,,0
2011486,Загрузка механизмами,,MN,,,user1215,,,2026-03-25 07:12:39,2026-03-25 07:12:39,,,,,,,,,,,N,,SHIPPING_DOC,EKS000018514,,,,,,,,2026-03-25 07:12:39,,,N,,0.00000,0.00000,0.00000,0.00000,,,,,,,,,,,,,0
2011487,Загрузка механизмами,,MN,,,user1215,,,2026-03-25 07:12:39,2026-03-25 07:12:39,,,,,,,,,,,N,,SHIPPING_DOC,EKS000018517,,,,,,,,2026-03-25 07:12:39,,,N,,0.00000,0.00000,0.00000,0.00000,,,,,,,,,,,,,0
2011488,Загрузка механизмами,,MN,,,user1215,,,2026-03-25 07:12:39,2026-03-25 07:12:39,,,,,,,,,,,N,,SHIPPING_DOC,EKS000018526,,,,,,,,2026-03-25 07:12:39,,,N,,0.00000,0.00000,0.00000,0.00000,,,,,,,,,,,,,0
2011489,Загрузка механизмами,,MN,,,user1215,,,2026-03-25 07:12:39,2026-03-25 07:12:39,,,,,,,,,,,N,,SHIPPING_DOC,EKS000018527,,,,,,,,2026-03-25 07:12:39,,,N,,0.00000,0.00000,0.00000,0.00000,,,,,,,,,,,,,0
2011490,Загрузка механизмами,,MN,,,user1215,,,2026-03-25 07:12:39,2026-03-25 07:12:39,,,,,,,,,,,N,,SHIPPING_DOC,EKS000018528,,,,,,,,2026-03-25 07:12:39,,,N,,0.00000,0.00000,0.00000,0.00000,,,,,,,,,,,,,0
2011491,Загрузка механизмами,,MN,,,user1215,,,2026-03-25 07:12:39,2026-03-25 07:12:39,,,,,,,,,,,N,,SHIPPING_DOC,EKS000018530,,,,,,,,2026-03-25 07:12:39,,,N,,0.00000,0.00000,0.00000,0.00000,,,,,,,,,,,,,0
2011492,Загрузка механизмами,,MN,,,user1215,,,2026-03-25 07:12:39,2026-03-25 07:12:39,,,,,,,,,,,N,,SHIPPING_DOC,EKS000018578,,,,,,,,2026-03-25 07:12:39,,,N,,0.00000,0.00000,0.00000,0.00000,,,,,,,,,,,,,0
2011493,Загрузка механизмами,,MN,,,user1215,,,2026-03-25 07:12:39,2026-03-25 07:12:39,,,,,,,,,,,N,,SHIPPING_DOC,EKS000018589,,,,,,,,2026-03-25 07:12:39,,,N,,0.00000,0.00000,0.00000,0.00000,,,,,,,,,,,,,0
2011494,Загрузка механизмами,,MN,,,user1215,,,2026-03-25 07:12:39,2026-03-25 07:12:39,,,,,,,,,,,N,,SHIPPING_DOC,EKS000018619,,,,,,,,2026-03-25 07:12:39,,,N,,0.00000,0.00000,0.00000,0.00000,,,,,,,,,,,,,0
2011495,Загрузка ручная,,MN,,,user1215,,,2026-03-25 07:12:39,2026-03-25 07:12:39,,,,,,,,,,,N,,SHIPPING_DOC,EKS000018219,,,,,,,,2026-03-25 07:12:39,,,N,,0.00000,0.00000,0.00000,0.00000,,,,,,,,,,,,,0
2011496,Загрузка ручная,,MN,,,user1215,,,2026-03-25 07:12:39,2026-03-25 07:12:39,,,,,,,,,,,N,,SHIPPING_DOC,EKS000018233,,,,,,,,2026-03-25 07:12:39,,,N,,0.00000,0.00000,0.00000,0.00000,,,,,,,,,,,,,0
2011497,Загрузка ручная,,MN,,,user1215,,,2026-03-25 07:12:39,2026-03-25 07:12:39,,,,,,,,,,,N,,SHIPPING_DOC,EKS000018235,,,,,,,,2026-03-25 07:12:39,,,N,,0.00000,0.00000,0.00000,0.00000,,,,,,,,,,,,,0
2011498,Загрузка ручная,,MN,,,user1215,,,2026-03-25 07:12:39,2026-03-25 07:12:39,,,,,,,,,,,N,,SHIPPING_DOC,EKS000018236,,,,,,,,2026-03-25 07:12:39,,,N,,0.00000,0.00000,0.00000,0.00000,,,,,,,,,,,,,0
2011499,Загрузка ручная,,MN,,,user1215,,,2026-03-25 07:12:39,2026-03-25 07:12:39,,,,,,,,,,,N,,SHIPPING_DOC,EKS000018238,,,,,,,,2026-03-25 07:12:39,,,N,,0.00000,0.00000,0.00000,0.00000,,,,,,,,,,,,,0
2011500,Загрузка ручная,,MN,,,user1215,,,2026-03-25 07:12:39,2026-03-25 07:12:39,,,,,,,,,,,N,,SHIPPING_DOC,EKS000018239,,,,,,,,2026-03-25 07:12:39,,,N,,0.00000,0.00000,0.00000,0.00000,,,,,,,,,,,,,0
2011501,Загрузка ручная,,MN,,,user1215,,,2026-03-25 07:12:39,2026-03-25 07:12:39,,,,,,,,,,,N,,SHIPPING_DOC,EKS000018242,,,,,,,,2026-03-25 07:12:39,,,N,,0.00000,0.00000,0.00000,0.00000,,,,,,,,,,,,,0
2011502,Загрузка ручная,,MN,,,user1215,,,2026-03-25 07:12:39,2026-03-25 07:12:39,,,,,,,,,,,N,,SHIPPING_DOC,EKS000018247,,,,,,,,2026-03-25 07:12:39,,,N,,0.00000,0.00000,0.00000,0.00000,,,,,,,,,,,,,0
2011503,Загрузка ручная,,MN,,,user1215,,,2026-03-25 07:12:39,2026-03-25 07:12:39,,,,,,,,,,,N,,SHIPPING_DOC,EKS000018252,,,,,,,,2026-03-25 07:12:39,,,N,,0.00000,0.00000,0.00000,0.00000,,,,,,,,,,,,,0
2011504,Загрузка ручная,,MN,,,user1215,,,2026-03-25 07:12:39,2026-03-25 07:12:39,,,,,,,,,,,N,,SHIPPING_DOC,EKS000018253,,,,,,,,2026-03-25 07:12:39,,,N,,0.00000,0.00000,0.00000,0.00000,,,,,,,,,,,,,0
2011505,Загрузка ручная,,MN,,,user1215,,,2026-03-25 07:12:39,2026-03-25 07:12:39,,,,,,,,,,,N,,SHIPPING_DOC,EKS000018255,,,,,,,,2026-03-25 07:12:39,,,N,,0.00000,0.00000,0.00000,0.00000,,,,,,,,,,,,,0
2011506,Загрузка ручная,,MN,,,user1215,,,2026-03-25 07:12:39,2026-03-25 07:12:39,,,,,,,,,,,N,,SHIPPING_DOC,EKS000018256,,,,,,,,2026-03-25 07:12:39,,,N,,0.00000,0.00000,0.00000,0.00000,,,,,,,,,,,,,0
2011507,Загрузка ручная,,MN,,,user1215,,,2026-03-25 07:12:39,2026-03-25 07:12:39,,,,,,,,,,,N,,SHIPPING_DOC,EKS000018257,,,,,,,,2026-03-25 07:12:39,,,N,,0.00000,0.00000,0.00000,0.00000,,,,,,,,,,,,,0
2011508,Загрузка ручная,,MN,,,user1215,,,2026-03-25 07:12:39,2026-03-25 07:12:39,,,,,,,,,,,N,,SHIPPING_DOC,EKS000018258,,,,,,,,2026-03-25 07:12:39,,,N,,0.00000,0.00000,0.00000,0.00000,,,,,,,,,,,,,0
2011509,Загрузка ручная,,MN,,,user1215,,,2026-03-25 07:12:39,2026-03-25 07:12:39,,,,,,,,,,,N,,SHIPPING_DOC,EKS000018260,,,,,,,,2026-03-25 07:12:39,,,N,,0.00000,0.00000,0.00000,0.00000,,,,,,,,,,,,,0
2011510,Загрузка ручная,,MN,,,user1215,,,2026-03-25 07:12:39,2026-03-25 07:12:39,,,,,,,,,,,N,,SHIPPING_DOC,EKS000018261,,,,,,,,2026-03-25 07:12:39,,,N,,0.00000,0.00000,0.00000,0.00000,,,,,,,,,,,,,0
2011511,Загрузка ручная,,MN,,,user1215,,,2026-03-25 07:12:39,2026-03-25 07:12:39,,,,,,,,,,,N,,SHIPPING_DOC,EKS000018263,,,,,,,,2026-03-25 07:12:39,,,N,,0.00000,0.00000,0.00000,0.00000,,,,,,,,,,,,,0
2011512,Загрузка ручная,,MN,,,user1215,,,2026-03-25 07:12:39,2026-03-25 07:12:39,,,,,,,,,,,N,,SHIPPING_DOC,EKS000018264,,,,,,,,2026-03-25 07:12:39,,,N,,0.00000,0.00000,0.00000,0.00000,,,,,,,,,,,,,0
2011513,Загрузка ручная,,MN,,,user1215,,,2026-03-25 07:12:39,2026-03-25 07:12:39,,,,,,,,,,,N,,SHIPPING_DOC,EKS000018268,,,,,,,,2026-03-25 07:12:39,,,N,,0.00000,0.00000,0.00000,0.00000,,,,,,,,,,,,,0
2011514,Загрузка ручная,,MN,,,user1215,,,2026-03-25 07:12:39,2026-03-25 07:12:39,,,,,,,,,,,N,,SHIPPING_DOC,EKS000018285,,,,,,,,2026-03-25 07:12:39,,,N,,0.00000,0.00000,0.00000,0.00000,,,,,,,,,,,,,0
2011515,Загрузка ручная,,MN,,,user1215,,,2026-03-25 07:12:39,2026-03-25 07:12:39,,,,,,,,,,,N,,SHIPPING_DOC,EKS000018324,,,,,,,,2026-03-25 07:12:39,,,N,,0.00000,0.00000,0.00000,0.00000,,,,,,,,,,,,,0
2011516,Загрузка ручная,,MN,,,user1215,,,2026-03-25 07:12:39,2026-03-25 07:12:39,,,,,,,,,,,N,,SHIPPING_DOC,EKS000018325,,,,,,,,2026-03-25 07:12:39,,,N,,0.00000,0.00000,0.00000,0.00000,,,,,,,,,,,,,0
2011517,Загрузка ручная,,MN,,,user1215,,,2026-03-25 07:12:39,2026-03-25 07:12:39,,,,,,,,,,,N,,SHIPPING_DOC,EKS000018334,,,,,,,,2026-03-25 07:12:39,,,N,,0.00000,0.00000,0.00000,0.00000,,,,,,,,,,,,,0
2011518,Загрузка ручная,,MN,,,user1215,,,2026-03-25 07:12:39,2026-03-25 07:12:39,,,,,,,,,,,N,,SHIPPING_DOC,EKS000018371,,,,,,,,2026-03-25 07:12:39,,,N,,0.00000,0.00000,0.00000,0.00000,,,,,,,,,,,,,0
2011519,Загрузка ручная,,MN,,,user1215,,,2026-03-25 07:12:39,2026-03-25 07:12:39,,,,,,,,,,,N,,SHIPPING_DOC,EKS000018474,,,,,,,,2026-03-25 07:12:39,,,N,,0.00000,0.00000,0.00000,0.00000,,,,,,,,,,,,,0
2011520,Загрузка ручная,,MN,,,user1215,,,2026-03-25 07:12:39,2026-03-25 07:12:39,,,,,,,,,,,N,,SHIPPING_DOC,EKS000018509,,,,,,,,2026-03-25 07:12:39,,,N,,0.00000,0.00000,0.00000,0.00000,,,,,,,,,,,,,0
2011521,Загрузка ручная,,MN,,,user1215,,,2026-03-25 07:12:39,2026-03-25 07:12:39,,,,,,,,,,,N,,SHIPPING_DOC,EKS000018514,,,,,,,,2026-03-25 07:12:39,,,N,,0.00000,0.00000,0.00000,0.00000,,,,,,,,,,,,,0
2011522,Загрузка ручная,,MN,,,user1215,,,2026-03-25 07:12:39,2026-03-25 07:12:39,,,,,,,,,,,N,,SHIPPING_DOC,EKS000018517,,,,,,,,2026-03-25 07:12:39,,,N,,0.00000,0.00000,0.00000,0.00000,,,,,,,,,,,,,0
2011523,Загрузка ручная,,MN,,,user1215,,,2026-03-25 07:12:39,2026-03-25 07:12:39,,,,,,,,,,,N,,SHIPPING_DOC,EKS000018526,,,,,,,,2026-03-25 07:12:39,,,N,,0.00000,0.00000,0.00000,0.00000,,,,,,,,,,,,,0
2011524,Загрузка ручная,,MN,,,user1215,,,2026-03-25 07:12:39,2026-03-25 07:12:39,,,,,,,,,,,N,,SHIPPING_DOC,EKS000018527,,,,,,,,2026-03-25 07:12:39,,,N,,0.00000,0.00000,0.00000,0.00000,,,,,,,,,,,,,0
2011525,Загрузка ручная,,MN,,,user1215,,,2026-03-25 07:12:39,2026-03-25 07:12:39,,,,,,,,,,,N,,SHIPPING_DOC,EKS000018528,,,,,,,,2026-03-25 07:12:39,,,N,,0.00000,0.00000,0.00000,0.00000,,,,,,,,,,,,,0
2011526,Загрузка ручная,,MN,,,user1215,,,2026-03-25 07:12:39,2026-03-25 07:12:39,,,,,,,,,,,N,,SHIPPING_DOC,EKS000018530,,,,,,,,2026-03-25 07:12:39,,,N,,0.00000,0.00000,0.00000,0.00000,,,,,,,,,,,,,0
2011527,Загрузка ручная,,MN,,,user1215,,,2026-03-25 07:12:39,2026-03-25 07:12:39,,,,,,,,,,,N,,SHIPPING_DOC,EKS000018578,,,,,,,,2026-03-25 07:12:39,,,N,,0.00000,0.00000,0.00000,0.00000,,,,,,,,,,,,,0
2011528,Загрузка ручная,,MN,,,user1215,,,2026-03-25 07:12:39,2026-03-25 07:12:39,,,,,,,,,,,N,,SHIPPING_DOC,EKS000018589,,,,,,,,2026-03-25 07:12:39,,,N,,0.00000,0.00000,0.00000,0.00000,,,,,,,,,,,,,0
2011529,Загрузка ручная,,MN,,,user1215,,,2026-03-25 07:12:39,2026-03-25 07:12:39,,,,,,,,,,,N,,SHIPPING_DOC,EKS000018619,,,,,,,,2026-03-25 07:12:39,,,N,,0.00000,0.00000,0.00000,0.00000,,,,,,,,,,,,,0
2011530,Загрузка механизмами,,MN,,,user1215,,,2026-03-25 07:48:12,2026-03-25 07:48:12,,,,,,,,,,,N,,SHIPPING_DOC,EKS000017939,,,,,,,,2026-03-25 07:48:12,,,N,,0.00000,0.00000,0.00000,0.00000,,,,,,,,,,,,,0
2011531,Загрузка механизмами,,MN,,,user1215,,,2026-03-25 07:48:12,2026-03-25 07:48:12,,,,,,,,,,,N,,SHIPPING_DOC,EKS000018030,,,,,,,,2026-03-25 07:48:12,,,N,,0.00000,0.00000,0.00000,0.00000,,,,,,,,,,,,,0
2011532,Загрузка механизмами,,MN,,,user1215,,,2026-03-25 07:48:12,2026-03-25 07:48:12,,,,,,,,,,,N,,SHIPPING_DOC,EKS000018136,,,,,,,,2026-03-25 07:48:12,,,N,,0.00000,0.00000,0.00000,0.00000,,,,,,,,,,,,,0
2011533,Загрузка механизмами,,MN,,,user1215,,,2026-03-25 07:48:12,2026-03-25 07:48:12,,,,,,,,,,,N,,SHIPPING_DOC,EKS000018224,,,,,,,,2026-03-25 07:48:12,,,N,,0.00000,0.00000,0.00000,0.00000,,,,,,,,,,,,,0
2011534,Загрузка механизмами,,MN,,,user1215,,,2026-03-25 07:48:12,2026-03-25 07:48:12,,,,,,,,,,,N,,SHIPPING_DOC,EKS000018228,,,,,,,,2026-03-25 07:48:12,,,N,,0.00000,0.00000,0.00000,0.00000,,,,,,,,,,,,,0
2011535,Загрузка механизмами,,MN,,,user1215,,,2026-03-25 07:48:12,2026-03-25 07:48:12,,,,,,,,,,,N,,SHIPPING_DOC,EKS000018244,,,,,,,,2026-03-25 07:48:12,,,N,,0.00000,0.00000,0.00000,0.00000,,,,,,,,,,,,,0
2011536,Загрузка механизмами,,MN,,,user1215,,,2026-03-25 07:48:12,2026-03-25 07:48:12,,,,,,,,,,,N,,SHIPPING_DOC,EKS000018245,,,,,,,,2026-03-25 07:48:12,,,N,,0.00000,0.00000,0.00000,0.00000,,,,,,,,,,,,,0
2011537,Загрузка механизмами,,MN,,,user1215,,,2026-03-25 07:48:12,2026-03-25 07:48:12,,,,,,,,,,,N,,SHIPPING_DOC,EKS000018251,,,,,,,,2026-03-25 07:48:12,,,N,,0.00000,0.00000,0.00000,0.00000,,,,,,,,,,,,,0
2011538,Загрузка механизмами,,MN,,,user1215,,,2026-03-25 07:48:12,2026-03-25 07:48:12,,,,,,,,,,,N,,SHIPPING_DOC,EKS000018259,,,,,,,,2026-03-25 07:48:12,,,N,,0.00000,0.00000,0.00000,0.00000,,,,,,,,,,,,,0
2011539,Загрузка механизмами,,MN,,,user1215,,,2026-03-25 07:48:12,2026-03-25 07:48:12,,,,,,,,,,,N,,SHIPPING_DOC,EKS000018314,,,,,,,,2026-03-25 07:48:12,,,N,,0.00000,0.00000,0.00000,0.00000,,,,,,,,,,,,,0
2011540,Загрузка механизмами,,MN,,,user1215,,,2026-03-25 07:48:12,2026-03-25 07:48:12,,,,,,,,,,,N,,SHIPPING_DOC,EKS000018414,,,,,,,,2026-03-25 07:48:12,,,N,,0.00000,0.00000,0.00000,0.00000,,,,,,,,,,,,,0
2011541,Загрузка механизмами,,MN,,,user1215,,,2026-03-25 07:48:12,2026-03-25 07:48:12,,,,,,,,,,,N,,SHIPPING_DOC,EKS000018425,,,,,,,,2026-03-25 07:48:12,,,N,,0.00000,0.00000,0.00000,0.00000,,,,,,,,,,,,,0
2011542,Загрузка механизмами,,MN,,,user1215,,,2026-03-25 07:48:12,2026-03-25 07:48:12,,,,,,,,,,,N,,SHIPPING_DOC,EKS000018465,,,,,,,,2026-03-25 07:48:12,,,N,,0.00000,0.00000,0.00000,0.00000,,,,,,,,,,,,,0
2011543,Загрузка механизмами,,MN,,,user1215,,,2026-03-25 07:48:12,2026-03-25 07:48:12,,,,,,,,,,,N,,SHIPPING_DOC,EKS000018472,,,,,,,,2026-03-25 07:48:12,,,N,,0.00000,0.00000,0.00000,0.00000,,,,,,,,,,,,,0
2011544,Загрузка механизмами,,MN,,,user1215,,,2026-03-25 07:48:12,2026-03-25 07:48:12,,,,,,,,,,,N,,SHIPPING_DOC,EKS000018512,,,,,,,,2026-03-25 07:48:12,,,N,,0.00000,0.00000,0.00000,0.00000,,,,,,,,,,,,,0
2011545,Загрузка механизмами,,MN,,,user1215,,,2026-03-25 07:48:12,2026-03-25 07:48:12,,,,,,,,,,,N,,SHIPPING_DOC,EKS000018586,,,,,,,,2026-03-25 07:48:12,,,N,,0.00000,0.00000,0.00000,0.00000,,,,,,,,,,,,,0
2011546,Загрузка механизмами,,MN,,,user1215,,,2026-03-25 07:48:12,2026-03-25 07:48:12,,,,,,,,,,,N,,SHIPPING_DOC,EKS000018606,,,,,,,,2026-03-25 07:48:12,,,N,,0.00000,0.00000,0.00000,0.00000,,,,,,,,,,,,,0
2011547,Загрузка механизмами,,MN,,,user1215,,,2026-03-25 07:48:12,2026-03-25 07:48:12,,,,,,,,,,,N,,SHIPPING_DOC,EKS000018618,,,,,,,,2026-03-25 07:48:12,,,N,,0.00000,0.00000,0.00000,0.00000,,,,,,,,,,,,,0
2011548,Загрузка ручная,,MN,,,user1215,,,2026-03-25 07:48:12,2026-03-25 07:48:12,,,,,,,,,,,N,,SHIPPING_DOC,EKS000017939,,,,,,,,2026-03-25 07:48:12,,,N,,0.00000,0.00000,0.00000,0.00000,,,,,,,,,,,,,0
2011549,Загрузка ручная,,MN,,,user1215,,,2026-03-25 07:48:12,2026-03-25 07:48:12,,,,,,,,,,,N,,SHIPPING_DOC,EKS000018030,,,,,,,,2026-03-25 07:48:12,,,N,,0.00000,0.00000,0.00000,0.00000,,,,,,,,,,,,,0
2011550,Загрузка ручная,,MN,,,user1215,,,2026-03-25 07:48:12,2026-03-25 07:48:12,,,,,,,,,,,N,,SHIPPING_DOC,EKS000018136,,,,,,,,2026-03-25 07:48:12,,,N,,0.00000,0.00000,0.00000,0.00000,,,,,,,,,,,,,0
2011551,Загрузка ручная,,MN,,,user1215,,,2026-03-25 07:48:12,2026-03-25 07:48:12,,,,,,,,,,,N,,SHIPPING_DOC,EKS000018224,,,,,,,,2026-03-25 07:48:12,,,N,,0.00000,0.00000,0.00000,0.00000,,,,,,,,,,,,,0
2011552,Загрузка ручная,,MN,,,user1215,,,2026-03-25 07:48:12,2026-03-25 07:48:12,,,,,,,,,,,N,,SHIPPING_DOC,EKS000018228,,,,,,,,2026-03-25 07:48:12,,,N,,0.00000,0.00000,0.00000,0.00000,,,,,,,,,,,,,0
2011553,Загрузка ручная,,MN,,,user1215,,,2026-03-25 07:48:12,2026-03-25 07:48:12,,,,,,,,,,,N,,SHIPPING_DOC,EKS000018244,,,,,,,,2026-03-25 07:48:12,,,N,,0.00000,0.00000,0.00000,0.00000,,,,,,,,,,,,,0
2011554,Загрузка ручная,,MN,,,user1215,,,2026-03-25 07:48:12,2026-03-25 07:48:12,,,,,,,,,,,N,,SHIPPING_DOC,EKS000018245,,,,,,,,2026-03-25 07:48:12,,,N,,0.00000,0.00000,0.00000,0.00000,,,,,,,,,,,,,0
2011555,Загрузка ручная,,MN,,,user1215,,,2026-03-25 07:48:12,2026-03-25 07:48:12,,,,,,,,,,,N,,SHIPPING_DOC,EKS000018251,,,,,,,,2026-03-25 07:48:12,,,N,,0.00000,0.00000,0.00000,0.00000,,,,,,,,,,,,,0
2011556,Загрузка ручная,,MN,,,user1215,,,2026-03-25 07:48:12,2026-03-25 07:48:12,,,,,,,,,,,N,,SHIPPING_DOC,EKS000018259,,,,,,,,2026-03-25 07:48:12,,,N,,0.00000,0.00000,0.00000,0.00000,,,,,,,,,,,,,0
2011557,Загрузка ручная,,MN,,,user1215,,,2026-03-25 07:48:12,2026-03-25 07:48:12,,,,,,,,,,,N,,SHIPPING_DOC,EKS000018314,,,,,,,,2026-03-25 07:48:12,,,N,,0.00000,0.00000,0.00000,0.00000,,,,,,,,,,,,,0
2011558,Загрузка ручная,,MN,,,user1215,,,2026-03-25 07:48:12,2026-03-25 07:48:12,,,,,,,,,,,N,,SHIPPING_DOC,EKS000018414,,,,,,,,2026-03-25 07:48:12,,,N,,0.00000,0.00000,0.00000,0.00000,,,,,,,,,,,,,0
2011559,Загрузка ручная,,MN,,,user1215,,,2026-03-25 07:48:12,2026-03-25 07:48:12,,,,,,,,,,,N,,SHIPPING_DOC,EKS000018425,,,,,,,,2026-03-25 07:48:12,,,N,,0.00000,0.00000,0.00000,0.00000,,,,,,,,,,,,,0
2011560,Загрузка ручная,,MN,,,user1215,,,2026-03-25 07:48:12,2026-03-25 07:48:12,,,,,,,,,,,N,,SHIPPING_DOC,EKS000018465,,,,,,,,2026-03-25 07:48:12,,,N,,0.00000,0.00000,0.00000,0.00000,,,,,,,,,,,,,0
2011561,Загрузка ручная,,MN,,,user1215,,,2026-03-25 07:48:12,2026-03-25 07:48:12,,,,,,,,,,,N,,SHIPPING_DOC,EKS000018472,,,,,,,,2026-03-25 07:48:12,,,N,,0.00000,0.00000,0.00000,0.00000,,,,,,,,,,,,,0
2011562,Загрузка ручная,,MN,,,user1215,,,2026-03-25 07:48:12,2026-03-25 07:48:12,,,,,,,,,,,N,,SHIPPING_DOC,EKS000018512,,,,,,,,2026-03-25 07:48:12,,,N,,0.00000,0.00000,0.00000,0.00000,,,,,,,,,,,,,0
2011563,Загрузка ручная,,MN,,,user1215,,,2026-03-25 07:48:12,2026-03-25 07:48:12,,,,,,,,,,,N,,SHIPPING_DOC,EKS000018586,,,,,,,,2026-03-25 07:48:12,,,N,,0.00000,0.00000,0.00000,0.00000,,,,,,,,,,,,,0
2011564,Загрузка ручная,,MN,,,user1215,,,2026-03-25 07:48:12,2026-03-25 07:48:12,,,,,,,,,,,N,,SHIPPING_DOC,EKS000018606,,,,,,,,2026-03-25 07:48:12,,,N,,0.00000,0.00000,0.00000,0.00000,,,,,,,,,,,,,0
2011565,Загрузка ручная,,MN,,,user1215,,,2026-03-25 07:48:12,2026-03-25 07:48:12,,,,,,,,,,,N,,SHIPPING_DOC,EKS000018618,,,,,,,,2026-03-25 07:48:12,,,N,,0.00000,0.00000,0.00000,0.00000,,,,,,,,,,,,,0
2011566,Загрузка механизмами,,MN,,,user1215,,,2026-03-25 08:08:12,2026-03-25 08:08:12,,,,,,,,,,,N,,SHIPPING_DOC,EKS000018225,,,,,,,,2026-03-25 08:08:12,,,N,,0.00000,0.00000,0.00000,0.00000,,,,,,,,,,,,,0
2011567,Загрузка механизмами,,MN,,,user1215,,,2026-03-25 08:08:12,2026-03-25 08:08:12,,,,,,,,,,,N,,SHIPPING_DOC,EKS000018290,,,,,,,,2026-03-25 08:08:12,,,N,,0.00000,0.00000,0.00000,0.00000,,,,,,,,,,,,,0
2011568,Загрузка механизмами,,MN,,,user1215,,,2026-03-25 08:08:12,2026-03-25 08:08:12,,,,,,,,,,,N,,SHIPPING_DOC,EKS000018329,,,,,,,,2026-03-25 08:08:12,,,N,,0.00000,0.00000,0.00000,0.00000,,,,,,,,,,,,,0
2011569,Загрузка механизмами,,MN,,,user1215,,,2026-03-25 08:08:12,2026-03-25 08:08:12,,,,,,,,,,,N,,SHIPPING_DOC,EKS000018409,,,,,,,,2026-03-25 08:08:12,,,N,,0.00000,0.00000,0.00000,0.00000,,,,,,,,,,,,,0
2011570,Загрузка механизмами,,MN,,,user1215,,,2026-03-25 08:08:12,2026-03-25 08:08:12,,,,,,,,,,,N,,SHIPPING_DOC,TR-24/03/2026-03,,,,,,,,2026-03-25 08:08:12,,,N,,0.00000,0.00000,0.00000,0.00000,,,,,,,,,,,,,0
2011571,Загрузка механизмами,,MN,,,user1215,,,2026-03-25 08:08:12,2026-03-25 08:08:12,,,,,,,,,,,N,,SHIPPING_DOC,EKS000018462,,,,,,,,2026-03-25 08:08:12,,,N,,0.00000,0.00000,0.00000,0.00000,,,,,,,,,,,,,0
2011572,Загрузка механизмами,,MN,,,user1215,,,2026-03-25 08:08:12,2026-03-25 08:08:12,,,,,,,,,,,N,,SHIPPING_DOC,EKS000018554,,,,,,,,2026-03-25 08:08:12,,,N,,0.00000,0.00000,0.00000,0.00000,,,,,,,,,,,,,0
2011573,Загрузка механизмами,,MN,,,user1215,,,2026-03-25 08:08:12,2026-03-25 08:08:12,,,,,,,,,,,N,,SHIPPING_DOC,EKS000018560,,,,,,,,2026-03-25 08:08:12,,,N,,0.00000,0.00000,0.00000,0.00000,,,,,,,,,,,,,0
2011574,Загрузка механизмами,,MN,,,user1215,,,2026-03-25 08:08:12,2026-03-25 08:08:12,,,,,,,,,,,N,,SHIPPING_DOC,EKS000018591,,,,,,,,2026-03-25 08:08:12,,,N,,0.00000,0.00000,0.00000,0.00000,,,,,,,,,,,,,0
2011575,Загрузка ручная,,MN,,,user1215,,,2026-03-25 08:08:12,2026-03-25 08:08:12,,,,,,,,,,,N,,SHIPPING_DOC,EKS000018225,,,,,,,,2026-03-25 08:08:12,,,N,,0.00000,0.00000,0.00000,0.00000,,,,,,,,,,,,,0
2011576,Загрузка ручная,,MN,,,user1215,,,2026-03-25 08:08:12,2026-03-25 08:08:12,,,,,,,,,,,N,,SHIPPING_DOC,EKS000018290,,,,,,,,2026-03-25 08:08:12,,,N,,0.00000,0.00000,0.00000,0.00000,,,,,,,,,,,,,0
2011577,Загрузка ручная,,MN,,,user1215,,,2026-03-25 08:08:12,2026-03-25 08:08:12,,,,,,,,,,,N,,SHIPPING_DOC,EKS000018329,,,,,,,,2026-03-25 08:08:12,,,N,,0.00000,0.00000,0.00000,0.00000,,,,,,,,,,,,,0
2011578,Загрузка ручная,,MN,,,user1215,,,2026-03-25 08:08:12,2026-03-25 08:08:12,,,,,,,,,,,N,,SHIPPING_DOC,EKS000018409,,,,,,,,2026-03-25 08:08:12,,,N,,0.00000,0.00000,0.00000,0.00000,,,,,,,,,,,,,0
2011579,Загрузка ручная,,MN,,,user1215,,,2026-03-25 08:08:12,2026-03-25 08:08:12,,,,,,,,,,,N,,SHIPPING_DOC,TR-24/03/2026-03,,,,,,,,2026-03-25 08:08:12,,,N,,0.00000,0.00000,0.00000,0.00000,,,,,,,,,,,,,0
2011580,Загрузка ручная,,MN,,,user1215,,,2026-03-25 08:08:12,2026-03-25 08:08:12,,,,,,,,,,,N,,SHIPPING_DOC,EKS000018462,,,,,,,,2026-03-25 08:08:12,,,N,,0.00000,0.00000,0.00000,0.00000,,,,,,,,,,,,,0
2011581,Загрузка ручная,,MN,,,user1215,,,2026-03-25 08:08:12,2026-03-25 08:08:12,,,,,,,,,,,N,,SHIPPING_DOC,EKS000018554,,,,,,,,2026-03-25 08:08:12,,,N,,0.00000,0.00000,0.00000,0.00000,,,,,,,,,,,,,0
2011582,Загрузка ручная,,MN,,,user1215,,,2026-03-25 08:08:12,2026-03-25 08:08:12,,,,,,,,,,,N,,SHIPPING_DOC,EKS000018560,,,,,,,,2026-03-25 08:08:12,,,N,,0.00000,0.00000,0.00000,0.00000,,,,,,,,,,,,,0
2011583,Загрузка ручная,,MN,,,user1215,,,2026-03-25 08:08:12,2026-03-25 08:08:12,,,,,,,,,,,N,,SHIPPING_DOC,EKS000018591,,,,,,,,2026-03-25 08:08:12,,,N,,0.00000,0.00000,0.00000,0.00000,,,,,,,,,,,,,0
2011584,Загрузка механизмами,,MN,,,user1215,,,2026-03-25 08:15:46,2026-03-25 08:15:46,,,,,,,,,,,N,,SHIPPING_DOC,EKS000018241,,,,,,,,2026-03-25 08:15:46,,,N,,0.00000,0.00000,0.00000,0.00000,,,,,,,,,,,,,0
2011585,Загрузка механизмами,,MN,,,user1215,,,2026-03-25 08:15:46,2026-03-25 08:15:46,,,,,,,,,,,N,,SHIPPING_DOC,EKS000018363,,,,,,,,2026-03-25 08:15:46,,,N,,0.00000,0.00000,0.00000,0.00000,,,,,,,,,,,,,0
2011586,Загрузка механизмами,,MN,,,user1215,,,2026-03-25 08:15:46,2026-03-25 08:15:46,,,,,,,,,,,N,,SHIPPING_DOC,EKS000018415,,,,,,,,2026-03-25 08:15:46,,,N,,0.00000,0.00000,0.00000,0.00000,,,,,,,,,,,,,0
2011587,Загрузка механизмами,,MN,,,user1215,,,2026-03-25 08:15:46,2026-03-25 08:15:46,,,,,,,,,,,N,,SHIPPING_DOC,EKS000018426,,,,,,,,2026-03-25 08:15:46,,,N,,0.00000,0.00000,0.00000,0.00000,,,,,,,,,,,,,0
2011588,Загрузка механизмами,,MN,,,user1215,,,2026-03-25 08:15:46,2026-03-25 08:15:46,,,,,,,,,,,N,,SHIPPING_DOC,EKS000018471,,,,,,,,2026-03-25 08:15:46,,,N,,0.00000,0.00000,0.00000,0.00000,,,,,,,,,,,,,0
2011589,Загрузка механизмами,,MN,,,user1215,,,2026-03-25 08:15:46,2026-03-25 08:15:46,,,,,,,,,,,N,,SHIPPING_DOC,EKS000018504,,,,,,,,2026-03-25 08:15:46,,,N,,0.00000,0.00000,0.00000,0.00000,,,,,,,,,,,,,0
2011590,Загрузка механизмами,,MN,,,user1215,,,2026-03-25 08:15:46,2026-03-25 08:15:46,,,,,,,,,,,N,,SHIPPING_DOC,EKS000018579,,,,,,,,2026-03-25 08:15:46,,,N,,0.00000,0.00000,0.00000,0.00000,,,,,,,,,,,,,0
2011591,Загрузка механизмами,,MN,,,user1215,,,2026-03-25 08:15:46,2026-03-25 08:15:46,,,,,,,,,,,N,,SHIPPING_DOC,EKS000018598,,,,,,,,2026-03-25 08:15:46,,,N,,0.00000,0.00000,0.00000,0.00000,,,,,,,,,,,,,0
2011592,Загрузка ручная,,MN,,,user1215,,,2026-03-25 08:15:46,2026-03-25 08:15:46,,,,,,,,,,,N,,SHIPPING_DOC,EKS000018241,,,,,,,,2026-03-25 08:15:46,,,N,,0.00000,0.00000,0.00000,0.00000,,,,,,,,,,,,,0
2011593,Загрузка ручная,,MN,,,user1215,,,2026-03-25 08:15:46,2026-03-25 08:15:46,,,,,,,,,,,N,,SHIPPING_DOC,EKS000018363,,,,,,,,2026-03-25 08:15:46,,,N,,0.00000,0.00000,0.00000,0.00000,,,,,,,,,,,,,0
2011594,Загрузка ручная,,MN,,,user1215,,,2026-03-25 08:15:46,2026-03-25 08:15:46,,,,,,,,,,,N,,SHIPPING_DOC,EKS000018415,,,,,,,,2026-03-25 08:15:46,,,N,,0.00000,0.00000,0.00000,0.00000,,,,,,,,,,,,,0
2011595,Загрузка ручная,,MN,,,user1215,,,2026-03-25 08:15:46,2026-03-25 08:15:46,,,,,,,,,,,N,,SHIPPING_DOC,EKS000018426,,,,,,,,2026-03-25 08:15:46,,,N,,0.00000,0.00000,0.00000,0.00000,,,,,,,,,,,,,0
2011596,Загрузка ручная,,MN,,,user1215,,,2026-03-25 08:15:46,2026-03-25 08:15:46,,,,,,,,,,,N,,SHIPPING_DOC,EKS000018471,,,,,,,,2026-03-25 08:15:46,,,N,,0.00000,0.00000,0.00000,0.00000,,,,,,,,,,,,,0
2011597,Загрузка ручная,,MN,,,user1215,,,2026-03-25 08:15:46,2026-03-25 08:15:46,,,,,,,,,,,N,,SHIPPING_DOC,EKS000018504,,,,,,,,2026-03-25 08:15:46,,,N,,0.00000,0.00000,0.00000,0.00000,,,,,,,,,,,,,0
2011598,Загрузка ручная,,MN,,,user1215,,,2026-03-25 08:15:46,2026-03-25 08:15:46,,,,,,,,,,,N,,SHIPPING_DOC,EKS000018579,,,,,,,,2026-03-25 08:15:46,,,N,,0.00000,0.00000,0.00000,0.00000,,,,,,,,,,,,,0
2011599,Загрузка ручная,,MN,,,user1215,,,2026-03-25 08:15:46,2026-03-25 08:15:46,,,,,,,,,,,N,,SHIPPING_DOC,EKS000018598,,,,,,,,2026-03-25 08:15:46,,,N,,0.00000,0.00000,0.00000,0.00000,,,,,,,,,,,,,0
2011600,Загрузка механизмами,,MN,,,user1215,,,2026-03-25 08:25:19,2026-03-25 08:25:19,,,,,,,,,,,N,,SHIPPING_DOC,EKS000018240,,,,,,,,2026-03-25 08:25:19,,,N,,0.00000,0.00000,0.00000,0.00000,,,,,,,,,,,,,0
2011601,Загрузка механизмами,,MN,,,user1215,,,2026-03-25 08:25:19,2026-03-25 08:25:19,,,,,,,,,,,N,,SHIPPING_DOC,EKS000018464,,,,,,,,2026-03-25 08:25:19,,,N,,0.00000,0.00000,0.00000,0.00000,,,,,,,,,,,,,0
2011602,Загрузка механизмами,,MN,,,user1215,,,2026-03-25 08:25:19,2026-03-25 08:25:19,,,,,,,,,,,N,,SHIPPING_DOC,EKS000018549,,,,,,,,2026-03-25 08:25:19,,,N,,0.00000,0.00000,0.00000,0.00000,,,,,,,,,,,,,0
2011603,Загрузка ручная,,MN,,,user1215,,,2026-03-25 08:25:19,2026-03-25 08:25:19,,,,,,,,,,,N,,SHIPPING_DOC,EKS000018240,,,,,,,,2026-03-25 08:25:19,,,N,,0.00000,0.00000,0.00000,0.00000,,,,,,,,,,,,,0
2011604,Загрузка ручная,,MN,,,user1215,,,2026-03-25 08:25:19,2026-03-25 08:25:19,,,,,,,,,,,N,,SHIPPING_DOC,EKS000018464,,,,,,,,2026-03-25 08:25:19,,,N,,0.00000,0.00000,0.00000,0.00000,,,,,,,,,,,,,0
2011605,Загрузка ручная,,MN,,,user1215,,,2026-03-25 08:25:19,2026-03-25 08:25:19,,,,,,,,,,,N,,SHIPPING_DOC,EKS000018549,,,,,,,,2026-03-25 08:25:19,,,N,,0.00000,0.00000,0.00000,0.00000,,,,,,,,,,,,,0
2011606,Загрузка механизмами,,MN,,,user1215,,,2026-03-25 08:30:06,2026-03-25 08:30:06,,,,,,,,,,,N,,SHIPPING_DOC,EKS000018248,,,,,,,,2026-03-25 08:30:06,,,N,,0.00000,0.00000,0.00000,0.00000,,,,,,,,,,,,,0
2010188,Разгрузка механизмами,,MN,,,user3125,,,2026-03-24 10:39:30,2026-03-24 10:39:30,,,,,,,,,,,N,,RECEIPT_DOC,EKS000005819,,,,,,,,2026-03-24 10:39:30,,,N,,0.00000,0.00000,0.00000,0.00000,,,,,,,,,,,,,0
2010189,Разгрузка механизмами,,MN,,,user3125,,,2026-03-24 10:39:34,2026-03-24 10:39:34,,,,,,,,,,,N,,RECEIPT_DOC,EKS000005820,,,,,,,,2026-03-24 10:39:34,,,N,,0.00000,0.00000,0.00000,0.00000,,,,,,,,,,,,,0
2010190,Разгрузка ручная,,MN,,,user2366,,,2026-03-24 10:39:39,2026-03-24 10:39:39,,,,,,,,,,,N,,RECEIPT_DOC,EKS000005820,,,,,,,,2026-03-24 10:39:39,,,N,,0.00000,0.00000,0.00000,0.00000,,,,,,,,,,,,,0
2010191,Разгрузка ручная,,MN,,,user2366,,,2026-03-24 10:39:42,2026-03-24 10:39:42,,,,,,,,,,,N,,RECEIPT_DOC,EKS000005819,,,,,,,,2026-03-24 10:39:42,,,N,,0.00000,0.00000,0.00000,0.00000,,,,,,,,,,,,,0
2010192,Разгрузка ручная,,MN,,,user2366,,,2026-03-24 10:39:45,2026-03-24 10:39:45,,,,,,,,,,,N,,RECEIPT_DOC,EKS000005818,,,,,,,,2026-03-24 10:39:45,,,N,,0.00000,0.00000,0.00000,0.00000,,,,,,,,,,,,,0
2010193,Разгрузка ручная,,MN,,,user2366,,,2026-03-24 10:39:47,2026-03-24 10:39:47,,,,,,,,,,,N,,RECEIPT_DOC,EKS000005817,,,,,,,,2026-03-24 10:39:47,,,N,,0.00000,0.00000,0.00000,0.00000,,,,,,,,,,,,,0
2010194,Загрузка механизмами,,MN,,,e.ulishchenko,,,2026-03-24 10:50:42,2026-03-24 10:50:42,,,,,,,,,,,N,,SHIPPING_DOC,EKS000018280,,,,,,,,2026-03-24 10:50:42,,,N,,0.00000,0.00000,0.00000,0.00000,,,,,,,,,,,,,0
2010195,Загрузка ручная,,MN,,,e.ulishchenko,,,2026-03-24 10:50:42,2026-03-24 10:50:42,,,,,,,,,,,N,,SHIPPING_DOC,EKS000018280,,,,,,,,2026-03-24 10:50:42,,,N,,0.00000,0.00000,0.00000,0.00000,,,,,,,,,,,,,0
2010196,Загрузка механизмами,,MN,,,user2349,,,2026-03-24 10:53:01,2026-03-24 10:53:01,,,,,,,,,,,N,,SHIPPING_DOC,EKS000018287,,,,,,,,2026-03-24 10:53:01,,,N,,0.00000,0.00000,0.00000,0.00000,,,,,,,,,,,,,0
2010197,Загрузка ручная,,MN,,,user2349,,,2026-03-24 10:53:01,2026-03-24 10:53:01,,,,,,,,,,,N,,SHIPPING_DOC,EKS000018287,,,,,,,,2026-03-24 10:53:01,,,N,,0.00000,0.00000,0.00000,0.00000,,,,,,,,,,,,,0
2010198,Разгрузка механизмами,,MN,,,user3125,,,2026-03-24 10:59:59,2026-03-24 10:59:59,,,,,,,,,,,N,,RECEIPT_DOC,EKS000005826,,,,,,,,2026-03-24 10:59:59,,,N,,0.00000,0.00000,0.00000,0.00000,,,,,,,,,,,,,0
2010199,Разгрузка ручная,,MN,,,user3125,,,2026-03-24 10:59:59,2026-03-24 10:59:59,,,,,,,,,,,N,,RECEIPT_DOC,EKS000005826,,,,,,,,2026-03-24 10:59:59,,,N,,0.00000,0.00000,0.00000,0.00000,,,,,,,,,,,,,0
2010200,Разгрузка механизмами,,MN,,,user3125,,,2026-03-24 11:00:02,2026-03-24 11:00:02,,,,,,,,,,,N,,RECEIPT_DOC,EKS000005827,,,,,,,,2026-03-24 11:00:02,,,N,,0.00000,0.00000,0.00000,0.00000,,,,,,,,,,,,,0
2010201,Разгрузка ручная,,MN,,,user3125,,,2026-03-24 11:00:02,2026-03-24 11:00:02,,,,,,,,,,,N,,RECEIPT_DOC,EKS000005827,,,,,,,,2026-03-24 11:00:02,,,N,,0.00000,0.00000,0.00000,0.00000,,,,,,,,,,,,,0
2010202,Разгрузка механизмами,,MN,,,user3125,,,2026-03-24 11:00:04,2026-03-24 11:00:04,,,,,,,,,,,N,,RECEIPT_DOC,EKS000005828,,,,,,,,2026-03-24 11:00:04,,,N,,0.00000,0.00000,0.00000,0.00000,,,,,,,,,,,,,0
2010203,Разгрузка ручная,,MN,,,user3125,,,2026-03-24 11:00:04,2026-03-24 11:00:04,,,,,,,,,,,N,,RECEIPT_DOC,EKS000005828,,,,,,,,2026-03-24 11:00:04,,,N,,0.00000,0.00000,0.00000,0.00000,,,,,,,,,,,,,0
2010204,Разгрузка механизмами,,MN,,,user3125,,,2026-03-24 11:00:06,2026-03-24 11:00:06,,,,,,,,,,,N,,RECEIPT_DOC,EKS000005829,,,,,,,,2026-03-24 11:00:06,,,N,,0.00000,0.00000,0.00000,0.00000,,,,,,,,,,,,,0
2010205,Разгрузка ручная,,MN,,,user3125,,,2026-03-24 11:00:06,2026-03-24 11:00:06,,,,,,,,,,,N,,RECEIPT_DOC,EKS000005829,,,,,,,,2026-03-24 11:00:06,,,N,,0.00000,0.00000,0.00000,0.00000,,,,,,,,,,,,,0
2010206,Разгрузка механизмами,,MN,,,user3125,,,2026-03-24 11:00:10,2026-03-24 11:00:10,,,,,,,,,,,N,,RECEIPT_DOC,EKS000005830,,,,,,,,2026-03-24 11:00:10,,,N,,0.00000,0.00000,0.00000,0.00000,,,,,,,,,,,,,0
2010207,Разгрузка ручная,,MN,,,user3125,,,2026-03-24 11:00:10,2026-03-24 11:00:10,,,,,,,,,,,N,,RECEIPT_DOC,EKS000005830,,,,,,,,2026-03-24 11:00:10,,,N,,0.00000,0.00000,0.00000,0.00000,,,,,,,,,,,,,0
2010208,Загрузка механизмами,,MN,,,USER2358,,,2026-03-24 11:00:12,2026-03-24 11:00:12,,,,,,,,,,,N,,SHIPPING_DOC,EKS000018294,,,,,,,,2026-03-24 11:00:12,,,N,,0.00000,0.00000,0.00000,0.00000,,,,,,,,,,,,,0
2010209,Загрузка механизмами,,MN,,,USER2358,,,2026-03-24 11:00:12,2026-03-24 11:00:12,,,,,,,,,,,N,,SHIPPING_DOC,EKS000018295,,,,,,,,2026-03-24 11:00:12,,,N,,0.00000,0.00000,0.00000,0.00000,,,,,,,,,,,,,0
2010210,Загрузка ручная,,MN,,,USER2358,,,2026-03-24 11:00:12,2026-03-24 11:00:12,,,,,,,,,,,N,,SHIPPING_DOC,EKS000018294,,,,,,,,2026-03-24 11:00:12,,,N,,0.00000,0.00000,0.00000,0.00000,,,,,,,,,,,,,0
2010211,Загрузка ручная,,MN,,,USER2358,,,2026-03-24 11:00:12,2026-03-24 11:00:12,,,,,,,,,,,N,,SHIPPING_DOC,EKS000018295,,,,,,,,2026-03-24 11:00:12,,,N,,0.00000,0.00000,0.00000,0.00000,,,,,,,,,,,,,0
2010212,Разгрузка механизмами,,MN,,,user3125,,,2026-03-24 11:00:13,2026-03-24 11:00:13,,,,,,,,,,,N,,RECEIPT_DOC,EKS000005831,,,,,,,,2026-03-24 11:00:13,,,N,,0.00000,0.00000,0.00000,0.00000,,,,,,,,,,,,,0
2010213,Разгрузка ручная,,MN,,,user3125,,,2026-03-24 11:00:13,2026-03-24 11:00:13,,,,,,,,,,,N,,RECEIPT_DOC,EKS000005831,,,,,,,,2026-03-24 11:00:13,,,N,,0.00000,0.00000,0.00000,0.00000,,,,,,,,,,,,,0
2010214,Разгрузка механизмами,,MN,,,user3125,,,2026-03-24 11:00:15,2026-03-24 11:00:15,,,,,,,,,,,N,,RECEIPT_DOC,EKS000005832,,,,,,,,2026-03-24 11:00:15,,,N,,0.00000,0.00000,0.00000,0.00000,,,,,,,,,,,,,0
2010215,Разгрузка ручная,,MN,,,user3125,,,2026-03-24 11:00:15,2026-03-24 11:00:15,,,,,,,,,,,N,,RECEIPT_DOC,EKS000005832,,,,,,,,2026-03-24 11:00:15,,,N,,0.00000,0.00000,0.00000,0.00000,,,,,,,,,,,,,0
2010216,Разгрузка механизмами,,MN,,,user3125,,,2026-03-24 11:00:18,2026-03-24 11:00:18,,,,,,,,,,,N,,RECEIPT_DOC,EKS000005833,,,,,,,,2026-03-24 11:00:18,,,N,,0.00000,0.00000,0.00000,0.00000,,,,,,,,,,,,,0
2010217,Разгрузка ручная,,MN,,,user3125,,,2026-03-24 11:00:18,2026-03-24 11:00:18,,,,,,,,,,,N,,RECEIPT_DOC,EKS000005833,,,,,,,,2026-03-24 11:00:18,,,N,,0.00000,0.00000,0.00000,0.00000,,,,,,,,,,,,,0
2010218,Разгрузка механизмами,,MN,,,user3125,,,2026-03-24 11:00:21,2026-03-24 11:00:21,,,,,,,,,,,N,,RECEIPT_DOC,EKS000005834,,,,,,,,2026-03-24 11:00:21,,,N,,0.00000,0.00000,0.00000,0.00000,,,,,,,,,,,,,0
2010219,Разгрузка ручная,,MN,,,user3125,,,2026-03-24 11:00:21,2026-03-24 11:00:21,,,,,,,,,,,N,,RECEIPT_DOC,EKS000005834,,,,,,,,2026-03-24 11:00:21,,,N,,0.00000,0.00000,0.00000,0.00000,,,,,,,,,,,,,0
2010220,Разгрузка механизмами,,MN,,,user3125,,,2026-03-24 11:00:24,2026-03-24 11:00:24,,,,,,,,,,,N,,RECEIPT_DOC,EKS000005835,,,,,,,,2026-03-24 11:00:24,,,N,,0.00000,0.00000,0.00000,0.00000,,,,,,,,,,,,,0
2010221,Разгрузка ручная,,MN,,,user3125,,,2026-03-24 11:00:24,2026-03-24 11:00:24,,,,,,,,,,,N,,RECEIPT_DOC,EKS000005835,,,,,,,,2026-03-24 11:00:24,,,N,,0.00000,0.00000,0.00000,0.00000,,,,,,,,,,,,,0
2010222,Разгрузка механизмами,,MN,,,user3125,,,2026-03-24 11:00:26,2026-03-24 11:00:26,,,,,,,,,,,N,,RECEIPT_DOC,EKS000005836,,,,,,,,2026-03-24 11:00:26,,,N,,0.00000,0.00000,0.00000,0.00000,,,,,,,,,,,,,0
2010223,Разгрузка ручная,,MN,,,user3125,,,2026-03-24 11:00:26,2026-03-24 11:00:26,,,,,,,,,,,N,,RECEIPT_DOC,EKS000005836,,,,,,,,2026-03-24 11:00:26,,,N,,0.00000,0.00000,0.00000,0.00000,,,,,,,,,,,,,0
2010224,Разгрузка механизмами,,MN,,,user3125,,,2026-03-24 11:00:30,2026-03-24 11:00:30,,,,,,,,,,,N,,RECEIPT_DOC,EKS000005837,,,,,,,,2026-03-24 11:00:30,,,N,,0.00000,0.00000,0.00000,0.00000,,,,,,,,,,,,,0
2010225,Разгрузка ручная,,MN,,,user3125,,,2026-03-24 11:00:30,2026-03-24 11:00:30,,,,,,,,,,,N,,RECEIPT_DOC,EKS000005837,,,,,,,,2026-03-24 11:00:30,,,N,,0.00000,0.00000,0.00000,0.00000,,,,,,,,,,,,,0
2010226,Разгрузка механизмами,,MN,,,USER3125,,,2026-03-24 11:00:38,2026-03-24 11:00:38,,,,,,,,,,,N,,RECEIPT_DOC,EKS000005824,,,,,,,,2026-03-24 11:00:38,,,N,,0.00000,0.00000,0.00000,0.00000,,,,,,,,,,,,,0
2010227,Разгрузка механизмами,,MN,,,USER3125,,,2026-03-24 11:00:43,2026-03-24 11:00:43,,,,,,,,,,,N,,RECEIPT_DOC,EKS000005825,,,,,,,,2026-03-24 11:00:43,,,N,,0.00000,0.00000,0.00000,0.00000,,,,,,,,,,,,,0
2010228,Разгрузка ручная,,MN,,,USER2366,,,2026-03-24 11:00:49,2026-03-24 11:00:49,,,,,,,,,,,N,,RECEIPT_DOC,EKS000005825,,,,,,,,2026-03-24 11:00:49,,,N,,0.00000,0.00000,0.00000,0.00000,,,,,,,,,,,,,0
2010229,Разгрузка ручная,,MN,,,USER2366,,,2026-03-24 11:00:54,2026-03-24 11:00:54,,,,,,,,,,,N,,RECEIPT_DOC,EKS000005824,,,,,,,,2026-03-24 11:00:54,,,N,,0.00000,0.00000,0.00000,0.00000,,,,,,,,,,,,,0
2010230,Разгрузка механизмами,,MN,,,USER3125,,,2026-03-24 11:04:33,2026-03-24 11:04:33,,,,,,,,,,,N,,RECEIPT_DOC,EKS000005841,,,,,,,,2026-03-24 11:04:33,,,N,,0.00000,0.00000,0.00000,0.00000,,,,,,,,,,,,,0
2010231,Разгрузка механизмами,,MN,,,user3125,,,2026-03-24 11:04:35,2026-03-24 11:04:35,,,,,,,,,,,N,,RECEIPT_DOC,EKS000005838,,,,,,,,2026-03-24 11:04:35,,,N,,0.00000,0.00000,0.00000,0.00000,,,,,,,,,,,,,0
2010232,Разгрузка ручная,,MN,,,user3125,,,2026-03-24 11:04:35,2026-03-24 11:04:35,,,,,,,,,,,N,,RECEIPT_DOC,EKS000005838,,,,,,,,2026-03-24 11:04:35,,,N,,0.00000,0.00000,0.00000,0.00000,,,,,,,,,,,,,0
2010233,Разгрузка механизмами,,MN,,,USER3125,,,2026-03-24 11:04:37,2026-03-24 11:04:37,,,,,,,,,,,N,,RECEIPT_DOC,EKS000005842,,,,,,,,2026-03-24 11:04:37,,,N,,0.00000,0.00000,0.00000,0.00000,,,,,,,,,,,,,0
2010234,Разгрузка механизмами,,MN,,,USER3125,,,2026-03-24 11:04:40,2026-03-24 11:04:40,,,,,,,,,,,N,,RECEIPT_DOC,EKS000005843,,,,,,,,2026-03-24 11:04:40,,,N,,0.00000,0.00000,0.00000,0.00000,,,,,,,,,,,,,0
2010235,Разгрузка механизмами,,MN,,,USER3125,,,2026-03-24 11:04:44,2026-03-24 11:04:44,,,,,,,,,,,N,,RECEIPT_DOC,EKS000005844,,,,,,,,2026-03-24 11:04:44,,,N,,0.00000,0.00000,0.00000,0.00000,,,,,,,,,,,,,0
2010236,Разгрузка механизмами,,MN,,,USER3125,,,2026-03-24 11:04:46,2026-03-24 11:04:46,,,,,,,,,,,N,,RECEIPT_DOC,EKS000005845,,,,,,,,2026-03-24 11:04:46,,,N,,0.00000,0.00000,0.00000,0.00000,,,,,,,,,,,,,0
2010237,Разгрузка механизмами,,MN,,,USER3125,,,2026-03-24 11:04:49,2026-03-24 11:04:49,,,,,,,,,,,N,,RECEIPT_DOC,EKS000005846,,,,,,,,2026-03-24 11:04:49,,,N,,0.00000,0.00000,0.00000,0.00000,,,,,,,,,,,,,0
2010238,Разгрузка механизмами,,MN,,,USER3125,,,2026-03-24 11:04:52,2026-03-24 11:04:52,,,,,,,,,,,N,,RECEIPT_DOC,EKS000005847,,,,,,,,2026-03-24 11:04:52,,,N,,0.00000,0.00000,0.00000,0.00000,,,,,,,,,,,,,0
2010239,Разгрузка механизмами,,MN,,,USER3125,,,2026-03-24 11:04:55,2026-03-24 11:04:55,,,,,,,,,,,N,,RECEIPT_DOC,EKS000005848,,,,,,,,2026-03-24 11:04:55,,,N,,0.00000,0.00000,0.00000,0.00000,,,,,,,,,,,,,0
2010240,Разгрузка механизмами,,MN,,,USER3125,,,2026-03-24 11:04:58,2026-03-24 11:04:58,,,,,,,,,,,N,,RECEIPT_DOC,EKS000005849,,,,,,,,2026-03-24 11:04:58,,,N,,0.00000,0.00000,0.00000,0.00000,,,,,,,,,,,,,0
2010241,Разгрузка механизмами,,MN,,,USER3125,,,2026-03-24 11:05:02,2026-03-24 11:05:02,,,,,,,,,,,N,,RECEIPT_DOC,EKS000005850,,,,,,,,2026-03-24 11:05:02,,,N,,0.00000,0.00000,0.00000,0.00000,,,,,,,,,,,,,0
2010242,Разгрузка механизмами,,MN,,,USER3125,,,2026-03-24 11:05:05,2026-03-24 11:05:05,,,,,,,,,,,N,,RECEIPT_DOC,EKS000005851,,,,,,,,2026-03-24 11:05:05,,,N,,0.00000,0.00000,0.00000,0.00000,,,,,,,,,,,,,0
2010243,Разгрузка механизмами,,MN,,,USER3125,,,2026-03-24 11:05:09,2026-03-24 11:05:09,,,,,,,,,,,N,,RECEIPT_DOC,EKS000005852,,,,,,,,2026-03-24 11:05:09,,,N,,0.00000,0.00000,0.00000,0.00000,,,,,,,,,,,,,0
2010244,Разгрузка механизмами,,MN,,,USER2334,,,2026-03-24 11:05:15,2026-03-24 11:05:15,,,,,,,,,,,N,,RECEIPT_DOC,EKS000005852,,,,,,,,2026-03-24 11:05:15,,,N,,0.00000,0.00000,0.00000,0.00000,,,,,,,,,,,,,0
2010245,Разгрузка механизмами,,MN,,,USER2334,,,2026-03-24 11:05:18,2026-03-24 11:05:18,,,,,,,,,,,N,,RECEIPT_DOC,EKS000005851,,,,,,,,2026-03-24 11:05:18,,,N,,0.00000,0.00000,0.00000,0.00000,,,,,,,,,,,,,0
2010246,Разгрузка механизмами,,MN,,,USER2334,,,2026-03-24 11:05:21,2026-03-24 11:05:21,,,,,,,,,,,N,,RECEIPT_DOC,EKS000005850,,,,,,,,2026-03-24 11:05:21,,,N,,0.00000,0.00000,0.00000,0.00000,,,,,,,,,,,,,0
2010247,Разгрузка механизмами,,MN,,,USER2334,,,2026-03-24 11:05:26,2026-03-24 11:05:26,,,,,,,,,,,N,,RECEIPT_DOC,EKS000005849,,,,,,,,2026-03-24 11:05:26,,,N,,0.00000,0.00000,0.00000,0.00000,,,,,,,,,,,,,0
2010248,Разгрузка механизмами,,MN,,,USER2334,,,2026-03-24 11:05:29,2026-03-24 11:05:29,,,,,,,,,,,N,,RECEIPT_DOC,EKS000005848,,,,,,,,2026-03-24 11:05:29,,,N,,0.00000,0.00000,0.00000,0.00000,,,,,,,,,,,,,0
2010249,Разгрузка механизмами,,MN,,,USER2334,,,2026-03-24 11:05:33,2026-03-24 11:05:33,,,,,,,,,,,N,,RECEIPT_DOC,EKS000005847,,,,,,,,2026-03-24 11:05:33,,,N,,0.00000,0.00000,0.00000,0.00000,,,,,,,,,,,,,0
2010250,Разгрузка механизмами,,MN,,,USER2334,,,2026-03-24 11:05:36,2026-03-24 11:05:36,,,,,,,,,,,N,,RECEIPT_DOC,EKS000005846,,,,,,,,2026-03-24 11:05:36,,,N,,0.00000,0.00000,0.00000,0.00000,,,,,,,,,,,,,0
2010251,Разгрузка механизмами,,MN,,,USER2334,,,2026-03-24 11:05:39,2026-03-24 11:05:39,,,,,,,,,,,N,,RECEIPT_DOC,EKS000005845,,,,,,,,2026-03-24 11:05:39,,,N,,0.00000,0.00000,0.00000,0.00000,,,,,,,,,,,,,0
2010252,Разгрузка механизмами,,MN,,,USER2334,,,2026-03-24 11:05:42,2026-03-24 11:05:42,,,,,,,,,,,N,,RECEIPT_DOC,EKS000005844,,,,,,,,2026-03-24 11:05:42,,,N,,0.00000,0.00000,0.00000,0.00000,,,,,,,,,,,,,0
2010253,Разгрузка механизмами,,MN,,,USER2334,,,2026-03-24 11:05:46,2026-03-24 11:05:46,,,,,,,,,,,N,,RECEIPT_DOC,EKS000005843,,,,,,,,2026-03-24 11:05:46,,,N,,0.00000,0.00000,0.00000,0.00000,,,,,,,,,,,,,0
2010254,Разгрузка механизмами,,MN,,,USER2334,,,2026-03-24 11:05:49,2026-03-24 11:05:49,,,,,,,,,,,N,,RECEIPT_DOC,EKS000005842,,,,,,,,2026-03-24 11:05:49,,,N,,0.00000,0.00000,0.00000,0.00000,,,,,,,,,,,,,0
2010255,Разгрузка механизмами,,MN,,,USER2334,,,2026-03-24 11:05:54,2026-03-24 11:05:54,,,,,,,,,,,N,,RECEIPT_DOC,EKS000005841,,,,,,,,2026-03-24 11:05:54,,,N,,0.00000,0.00000,0.00000,0.00000,,,,,,,,,,,,,0
2010256,Загрузка механизмами,,MN,,,user2349,,,2026-03-24 11:15:59,2026-03-24 11:15:59,,,,,,,,,,,N,,SHIPPING_DOC,EKS000018322,,,,,,,,2026-03-24 11:15:59,,,N,,0.00000,0.00000,0.00000,0.00000,,,,,,,,,,,,,0
2010257,Загрузка ручная,,MN,,,user2349,,,2026-03-24 11:15:59,2026-03-24 11:15:59,,,,,,,,,,,N,,SHIPPING_DOC,EKS000018322,,,,,,,,2026-03-24 11:15:59,,,N,,0.00000,0.00000,0.00000,0.00000,,,,,,,,,,,,,0
2010258,Загрузка механизмами,,MN,,,e.ulishchenko,,,2026-03-24 11:22:38,2026-03-24 11:22:38,,,,,,,,,,,N,,SHIPPING_DOC,EKS000018042,,,,,,,,2026-03-24 11:22:38,,,N,,0.00000,0.00000,0.00000,0.00000,,,,,,,,,,,,,0
2010259,Загрузка механизмами,,MN,,,e.ulishchenko,,,2026-03-24 11:22:38,2026-03-24 11:22:38,,,,,,,,,,,N,,SHIPPING_DOC,EKS000018045,,,,,,,,2026-03-24 11:22:38,,,N,,0.00000,0.00000,0.00000,0.00000,,,,,,,,,,,,,0
2010260,Загрузка ручная,,MN,,,e.ulishchenko,,,2026-03-24 11:22:38,2026-03-24 11:22:38,,,,,,,,,,,N,,SHIPPING_DOC,EKS000018042,,,,,,,,2026-03-24 11:22:38,,,N,,0.00000,0.00000,0.00000,0.00000,,,,,,,,,,,,,0
2010261,Загрузка ручная,,MN,,,e.ulishchenko,,,2026-03-24 11:22:38,2026-03-24 11:22:38,,,,,,,,,,,N,,SHIPPING_DOC,EKS000018045,,,,,,,,2026-03-24 11:22:38,,,N,,0.00000,0.00000,0.00000,0.00000,,,,,,,,,,,,,0
2010262,Разгрузка механизмами,,MN,,,user2366,,,2026-03-24 11:23:31,2026-03-24 11:23:31,,,,,,,,,,,N,,RECEIPT_DOC,EKS000005853,,,,,,,,2026-03-24 11:23:31,,,N,,0.00000,0.00000,0.00000,0.00000,,,,,,,,,,,,,0
2010263,Разгрузка ручная,,MN,,,user2366,,,2026-03-24 11:23:31,2026-03-24 11:23:31,,,,,,,,,,,N,,RECEIPT_DOC,EKS000005853,,,,,,,,2026-03-24 11:23:31,,,N,,0.00000,0.00000,0.00000,0.00000,,,,,,,,,,,,,0
2010264,Загрузка механизмами,,MN,,,e.ulishchenko,,,2026-03-24 11:23:53,2026-03-24 11:23:53,,,,,,,,,,,N,,SHIPPING_DOC,EKS000017997,,,,,,,,2026-03-24 11:23:53,,,N,,0.00000,0.00000,0.00000,0.00000,,,,,,,,,,,,,0
2010265,Загрузка ручная,,MN,,,e.ulishchenko,,,2026-03-24 11:23:53,2026-03-24 11:23:53,,,,,,,,,,,N,,SHIPPING_DOC,EKS000017997,,,,,,,,2026-03-24 11:23:53,,,N,,0.00000,0.00000,0.00000,0.00000,,,,,,,,,,,,,0
2010266,Разгрузка механизмами,,MN,,,user2366,,,2026-03-24 11:38:37,2026-03-24 11:38:37,,,,,,,,,,,N,,RECEIPT_DOC,EKS000005839,,,,,,,,2026-03-24 11:38:37,,,N,,0.00000,0.00000,0.00000,0.00000,,,,,,,,,,,,,0
2010267,Разгрузка ручная,,MN,,,user2366,,,2026-03-24 11:38:37,2026-03-24 11:38:37,,,,,,,,,,,N,,RECEIPT_DOC,EKS000005839,,,,,,,,2026-03-24 11:38:37,,,N,,0.00000,0.00000,0.00000,0.00000,,,,,,,,,,,,,0
2010268,Разгрузка механизмами,,MN,,,user2366,,,2026-03-24 11:38:42,2026-03-24 11:38:42,,,,,,,,,,,N,,RECEIPT_DOC,EKS000005840,,,,,,,,2026-03-24 11:38:42,,,N,,0.00000,0.00000,0.00000,0.00000,,,,,,,,,,,,,0
2010269,Разгрузка ручная,,MN,,,user2366,,,2026-03-24 11:38:42,2026-03-24 11:38:42,,,,,,,,,,,N,,RECEIPT_DOC,EKS000005840,,,,,,,,2026-03-24 11:38:42,,,N,,0.00000,0.00000,0.00000,0.00000,,,,,,,,,,,,,0
2010270,Загрузка механизмами,,MN,,,e.ulishchenko,,,2026-03-24 11:38:58,2026-03-24 11:38:58,,,,,,,,,,,N,,SHIPPING_DOC,EKS000018200,,,,,,,,2026-03-24 11:38:58,,,N,,0.00000,0.00000,0.00000,0.00000,,,,,,,,,,,,,0
2010271,Загрузка механизмами,,MN,,,e.ulishchenko,,,2026-03-24 11:38:58,2026-03-24 11:38:58,,,,,,,,,,,N,,SHIPPING_DOC,EKS000018205,,,,,,,,2026-03-24 11:38:58,,,N,,0.00000,0.00000,0.00000,0.00000,,,,,,,,,,,,,0
2010272,Загрузка механизмами,,MN,,,e.ulishchenko,,,2026-03-24 11:38:58,2026-03-24 11:38:58,,,,,,,,,,,N,,SHIPPING_DOC,EKS000018214,,,,,,,,2026-03-24 11:38:58,,,N,,0.00000,0.00000,0.00000,0.00000,,,,,,,,,,,,,0
2010273,Загрузка механизмами,,MN,,,e.ulishchenko,,,2026-03-24 11:38:58,2026-03-24 11:38:58,,,,,,,,,,,N,,SHIPPING_DOC,EKS000018234,,,,,,,,2026-03-24 11:38:58,,,N,,0.00000,0.00000,0.00000,0.00000,,,,,,,,,,,,,0
2010274,Загрузка механизмами,,MN,,,e.ulishchenko,,,2026-03-24 11:38:58,2026-03-24 11:38:58,,,,,,,,,,,N,,SHIPPING_DOC,EKS000018237,,,,,,,,2026-03-24 11:38:58,,,N,,0.00000,0.00000,0.00000,0.00000,,,,,,,,,,,,,0
2010275,Загрузка механизмами,,MN,,,e.ulishchenko,,,2026-03-24 11:38:58,2026-03-24 11:38:58,,,,,,,,,,,N,,SHIPPING_DOC,EKS000018274,,,,,,,,2026-03-24 11:38:58,,,N,,0.00000,0.00000,0.00000,0.00000,,,,,,,,,,,,,0
2010276,Загрузка механизмами,,MN,,,e.ulishchenko,,,2026-03-24 11:38:58,2026-03-24 11:38:58,,,,,,,,,,,N,,SHIPPING_DOC,EKS000018299,,,,,,,,2026-03-24 11:38:58,,,N,,0.00000,0.00000,0.00000,0.00000,,,,,,,,,,,,,0
2010277,Загрузка механизмами,,MN,,,e.ulishchenko,,,2026-03-24 11:38:58,2026-03-24 11:38:58,,,,,,,,,,,N,,SHIPPING_DOC,EKS000018312,,,,,,,,2026-03-24 11:38:58,,,N,,0.00000,0.00000,0.00000,0.00000,,,,,,,,,,,,,0
2010278,Загрузка механизмами,,MN,,,e.ulishchenko,,,2026-03-24 11:38:58,2026-03-24 11:38:58,,,,,,,,,,,N,,SHIPPING_DOC,EKS000018315,,,,,,,,2026-03-24 11:38:58,,,N,,0.00000,0.00000,0.00000,0.00000,,,,,,,,,,,,,0
2010279,Загрузка механизмами,,MN,,,e.ulishchenko,,,2026-03-24 11:38:58,2026-03-24 11:38:58,,,,,,,,,,,N,,SHIPPING_DOC,EKS000018317,,,,,,,,2026-03-24 11:38:58,,,N,,0.00000,0.00000,0.00000,0.00000,,,,,,,,,,,,,0
2010280,Загрузка механизмами,,MN,,,e.ulishchenko,,,2026-03-24 11:38:58,2026-03-24 11:38:58,,,,,,,,,,,N,,SHIPPING_DOC,EKS000018318,,,,,,,,2026-03-24 11:38:58,,,N,,0.00000,0.00000,0.00000,0.00000,,,,,,,,,,,,,0
2010281,Загрузка ручная,,MN,,,e.ulishchenko,,,2026-03-24 11:38:58,2026-03-24 11:38:58,,,,,,,,,,,N,,SHIPPING_DOC,EKS000018200,,,,,,,,2026-03-24 11:38:58,,,N,,0.00000,0.00000,0.00000,0.00000,,,,,,,,,,,,,0
2010282,Загрузка ручная,,MN,,,e.ulishchenko,,,2026-03-24 11:38:58,2026-03-24 11:38:58,,,,,,,,,,,N,,SHIPPING_DOC,EKS000018205,,,,,,,,2026-03-24 11:38:58,,,N,,0.00000,0.00000,0.00000,0.00000,,,,,,,,,,,,,0
2010283,Загрузка ручная,,MN,,,e.ulishchenko,,,2026-03-24 11:38:58,2026-03-24 11:38:58,,,,,,,,,,,N,,SHIPPING_DOC,EKS000018214,,,,,,,,2026-03-24 11:38:58,,,N,,0.00000,0.00000,0.00000,0.00000,,,,,,,,,,,,,0
2010284,Загрузка ручная,,MN,,,e.ulishchenko,,,2026-03-24 11:38:58,2026-03-24 11:38:58,,,,,,,,,,,N,,SHIPPING_DOC,EKS000018234,,,,,,,,2026-03-24 11:38:58,,,N,,0.00000,0.00000,0.00000,0.00000,,,,,,,,,,,,,0
2010285,Загрузка ручная,,MN,,,e.ulishchenko,,,2026-03-24 11:38:58,2026-03-24 11:38:58,,,,,,,,,,,N,,SHIPPING_DOC,EKS000018237,,,,,,,,2026-03-24 11:38:58,,,N,,0.00000,0.00000,0.00000,0.00000,,,,,,,,,,,,,0
2010286,Загрузка ручная,,MN,,,e.ulishchenko,,,2026-03-24 11:38:58,2026-03-24 11:38:58,,,,,,,,,,,N,,SHIPPING_DOC,EKS000018274,,,,,,,,2026-03-24 11:38:58,,,N,,0.00000,0.00000,0.00000,0.00000,,,,,,,,,,,,,0
2010287,Загрузка ручная,,MN,,,e.ulishchenko,,,2026-03-24 11:38:58,2026-03-24 11:38:58,,,,,,,,,,,N,,SHIPPING_DOC,EKS000018299,,,,,,,,2026-03-24 11:38:58,,,N,,0.00000,0.00000,0.00000,0.00000,,,,,,,,,,,,,0
2010288,Загрузка ручная,,MN,,,e.ulishchenko,,,2026-03-24 11:38:58,2026-03-24 11:38:58,,,,,,,,,,,N,,SHIPPING_DOC,EKS000018312,,,,,,,,2026-03-24 11:38:58,,,N,,0.00000,0.00000,0.00000,0.00000,,,,,,,,,,,,,0
2010289,Загрузка ручная,,MN,,,e.ulishchenko,,,2026-03-24 11:38:58,2026-03-24 11:38:58,,,,,,,,,,,N,,SHIPPING_DOC,EKS000018315,,,,,,,,2026-03-24 11:38:58,,,N,,0.00000,0.00000,0.00000,0.00000,,,,,,,,,,,,,0
2010290,Загрузка ручная,,MN,,,e.ulishchenko,,,2026-03-24 11:38:58,2026-03-24 11:38:58,,,,,,,,,,,N,,SHIPPING_DOC,EKS000018317,,,,,,,,2026-03-24 11:38:58,,,N,,0.00000,0.00000,0.00000,0.00000,,,,,,,,,,,,,0
2010291,Загрузка ручная,,MN,,,e.ulishchenko,,,2026-03-24 11:38:58,2026-03-24 11:38:58,,,,,,,,,,,N,,SHIPPING_DOC,EKS000018318,,,,,,,,2026-03-24 11:38:58,,,N,,0.00000,0.00000,0.00000,0.00000,,,,,,,,,,,,,0
2010292,Загрузка механизмами,,MN,,,USER2358,,,2026-03-24 11:39:20,2026-03-24 11:39:20,,,,,,,,,,,N,,SHIPPING_DOC,EKS000018179,,,,,,,,2026-03-24 11:39:20,,,N,,0.00000,0.00000,0.00000,0.00000,,,,,,,,,,,,,0
2010293,Загрузка ручная,,MN,,,USER2358,,,2026-03-24 11:39:20,2026-03-24 11:39:20,,,,,,,,,,,N,,SHIPPING_DOC,EKS000018179,,,,,,,,2026-03-24 11:39:20,,,N,,0.00000,0.00000,0.00000,0.00000,,,,,,,,,,,,,0
2010294,Загрузка механизмами,,MN,,,USER2358,,,2026-03-24 11:56:59,2026-03-24 11:56:59,,,,,,,,,,,N,,SHIPPING_DOC,EKS000018202,,,,,,,,2026-03-24 11:56:59,,,N,,0.00000,0.00000,0.00000,0.00000,,,,,,,,,,,,,0
2010295,Загрузка ручная,,MN,,,USER2358,,,2026-03-24 11:56:59,2026-03-24 11:56:59,,,,,,,,,,,N,,SHIPPING_DOC,EKS000018202,,,,,,,,2026-03-24 11:56:59,,,N,,0.00000,0.00000,0.00000,0.00000,,,,,,,,,,,,,0
2010296,Разгрузка механизмами,,MN,,,user3125,,,2026-03-24 11:57:17,2026-03-24 11:57:17,,,,,,,,,,,N,,RECEIPT_DOC,EKS000005856,,,,,,,,2026-03-24 11:57:17,,,N,,0.00000,0.00000,0.00000,0.00000,,,,,,,,,,,,,0
2010297,Разгрузка ручная,,MN,,,user3125,,,2026-03-24 11:57:17,2026-03-24 11:57:17,,,,,,,,,,,N,,RECEIPT_DOC,EKS000005856,,,,,,,,2026-03-24 11:57:17,,,N,,0.00000,0.00000,0.00000,0.00000,,,,,,,,,,,,,0
2010298,Загрузка механизмами,,MN,,,user2349,,,2026-03-24 11:58:33,2026-03-24 11:58:33,,,,,,,,,,,N,,SHIPPING_DOC,EKS000018202,,,,,,,,2026-03-24 11:58:33,,,N,,0.00000,0.00000,0.00000,0.00000,,,,,,,,,,,,,0
2010299,Загрузка ручная,,MN,,,user2349,,,2026-03-24 11:58:33,2026-03-24 11:58:33,,,,,,,,,,,N,,SHIPPING_DOC,EKS000018202,,,,,,,,2026-03-24 11:58:33,,,N,,0.00000,0.00000,0.00000,0.00000,,,,,,,,,,,,,0
2010300,Разгрузка механизмами,,MN,,,user2361,,,2026-03-24 12:07:55,2026-03-24 12:07:55,,,,,,,,,,,N,,RECEIPT_DOC,EKS000005854,,,,,,,,2026-03-24 12:07:55,,,N,,0.00000,0.00000,0.00000,0.00000,,,,,,,,,,,,,0
2010301,Разгрузка ручная,,MN,,,user2361,,,2026-03-24 12:07:55,2026-03-24 12:07:55,,,,,,,,,,,N,,RECEIPT_DOC,EKS000005854,,,,,,,,2026-03-24 12:07:55,,,N,,0.00000,0.00000,0.00000,0.00000,,,,,,,,,,,,,0
2010302,Разгрузка механизмами,,MN,,,user2361,,,2026-03-24 12:07:57,2026-03-24 12:07:57,,,,,,,,,,,N,,RECEIPT_DOC,EKS000005855,,,,,,,,2026-03-24 12:07:57,,,N,,0.00000,0.00000,0.00000,0.00000,,,,,,,,,,,,,0
2010303,Разгрузка ручная,,MN,,,user2361,,,2026-03-24 12:07:57,2026-03-24 12:07:57,,,,,,,,,,,N,,RECEIPT_DOC,EKS000005855,,,,,,,,2026-03-24 12:07:57,,,N,,0.00000,0.00000,0.00000,0.00000,,,,,,,,,,,,,0
2010304,Загрузка механизмами,,MN,,,e.ulishchenko,,,2026-03-24 12:16:36,2026-03-24 12:16:36,,,,,,,,,,,N,,SHIPPING_DOC,EKS000018208,,,,,,,,2026-03-24 12:16:36,,,N,,0.00000,0.00000,0.00000,0.00000,,,,,,,,,,,,,0
2010305,Загрузка механизмами,,MN,,,e.ulishchenko,,,2026-03-24 12:16:36,2026-03-24 12:16:36,,,,,,,,,,,N,,SHIPPING_DOC,EKS000017883,,,,,,,,2026-03-24 12:16:36,,,N,,0.00000,0.00000,0.00000,0.00000,,,,,,,,,,,,,0
2010306,Загрузка ручная,,MN,,,e.ulishchenko,,,2026-03-24 12:16:36,2026-03-24 12:16:36,,,,,,,,,,,N,,SHIPPING_DOC,EKS000018208,,,,,,,,2026-03-24 12:16:36,,,N,,0.00000,0.00000,0.00000,0.00000,,,,,,,,,,,,,0
2010307,Загрузка ручная,,MN,,,e.ulishchenko,,,2026-03-24 12:16:36,2026-03-24 12:16:36,,,,,,,,,,,N,,SHIPPING_DOC,EKS000017883,,,,,,,,2026-03-24 12:16:36,,,N,,0.00000,0.00000,0.00000,0.00000,,,,,,,,,,,,,0
2010308,Загрузка механизмами,,MN,,,USER2358,,,2026-03-24 12:16:39,2026-03-24 12:16:39,,,,,,,,,,,N,,SHIPPING_DOC,EKS000017878,,,,,,,,2026-03-24 12:16:39,,,N,,0.00000,0.00000,0.00000,0.00000,,,,,,,,,,,,,0
2010309,Загрузка механизмами,,MN,,,USER2358,,,2026-03-24 12:16:39,2026-03-24 12:16:39,,,,,,,,,,,N,,SHIPPING_DOC,EKS000018203,,,,,,,,2026-03-24 12:16:39,,,N,,0.00000,0.00000,0.00000,0.00000,,,,,,,,,,,,,0
2010310,Загрузка ручная,,MN,,,USER2358,,,2026-03-24 12:16:39,2026-03-24 12:16:39,,,,,,,,,,,N,,SHIPPING_DOC,EKS000017878,,,,,,,,2026-03-24 12:16:39,,,N,,0.00000,0.00000,0.00000,0.00000,,,,,,,,,,,,,0
2010311,Загрузка ручная,,MN,,,USER2358,,,2026-03-24 12:16:39,2026-03-24 12:16:39,,,,,,,,,,,N,,SHIPPING_DOC,EKS000018203,,,,,,,,2026-03-24 12:16:39,,,N,,0.00000,0.00000,0.00000,0.00000,,,,,,,,,,,,,0
2010312,Загрузка механизмами,,MN,,,user2349,,,2026-03-24 12:18:19,2026-03-24 12:18:19,,,,,,,,,,,N,,SHIPPING_DOC,EKS000017878,,,,,,,,2026-03-24 12:18:19,,,N,,0.00000,0.00000,0.00000,0.00000,,,,,,,,,,,,,0
2010313,Загрузка механизмами,,MN,,,user2349,,,2026-03-24 12:18:19,2026-03-24 12:18:19,,,,,,,,,,,N,,SHIPPING_DOC,EKS000018203,,,,,,,,2026-03-24 12:18:19,,,N,,0.00000,0.00000,0.00000,0.00000,,,,,,,,,,,,,0
2010314,Загрузка ручная,,MN,,,user2349,,,2026-03-24 12:18:19,2026-03-24 12:18:19,,,,,,,,,,,N,,SHIPPING_DOC,EKS000017878,,,,,,,,2026-03-24 12:18:19,,,N,,0.00000,0.00000,0.00000,0.00000,,,,,,,,,,,,,0
2010315,Загрузка ручная,,MN,,,user2349,,,2026-03-24 12:18:19,2026-03-24 12:18:19,,,,,,,,,,,N,,SHIPPING_DOC,EKS000018203,,,,,,,,2026-03-24 12:18:19,,,N,,0.00000,0.00000,0.00000,0.00000,,,,,,,,,,,,,0
2010316,Загрузка механизмами,,MN,,,e.ulishchenko,,,2026-03-24 12:27:11,2026-03-24 12:27:11,,,,,,,,,,,N,,SHIPPING_DOC,EKS000017894,,,,,,,,2026-03-24 12:27:11,,,N,,0.00000,0.00000,0.00000,0.00000,,,,,,,,,,,,,0
2010317,Загрузка механизмами,,MN,,,e.ulishchenko,,,2026-03-24 12:27:11,2026-03-24 12:27:11,,,,,,,,,,,N,,SHIPPING_DOC,EKS000018212,,,,,,,,2026-03-24 12:27:11,,,N,,0.00000,0.00000,0.00000,0.00000,,,,,,,,,,,,,0
2010318,Загрузка ручная,,MN,,,e.ulishchenko,,,2026-03-24 12:27:11,2026-03-24 12:27:11,,,,,,,,,,,N,,SHIPPING_DOC,EKS000017894,,,,,,,,2026-03-24 12:27:11,,,N,,0.00000,0.00000,0.00000,0.00000,,,,,,,,,,,,,0
2010319,Загрузка ручная,,MN,,,e.ulishchenko,,,2026-03-24 12:27:11,2026-03-24 12:27:11,,,,,,,,,,,N,,SHIPPING_DOC,EKS000018212,,,,,,,,2026-03-24 12:27:11,,,N,,0.00000,0.00000,0.00000,0.00000,,,,,,,,,,,,,0
2010320,Загрузка механизмами,,MN,,,user2349,,,2026-03-24 12:27:12,2026-03-24 12:27:12,,,,,,,,,,,N,,SHIPPING_DOC,EKS000017894,,,,,,,,2026-03-24 12:27:12,,,N,,0.00000,0.00000,0.00000,0.00000,,,,,,,,,,,,,0
2010321,Загрузка механизмами,,MN,,,user2349,,,2026-03-24 12:27:12,2026-03-24 12:27:12,,,,,,,,,,,N,,SHIPPING_DOC,EKS000018212,,,,,,,,2026-03-24 12:27:12,,,N,,0.00000,0.00000,0.00000,0.00000,,,,,,,,,,,,,0
2010322,Загрузка ручная,,MN,,,user2349,,,2026-03-24 12:27:12,2026-03-24 12:27:12,,,,,,,,,,,N,,SHIPPING_DOC,EKS000017894,,,,,,,,2026-03-24 12:27:12,,,N,,0.00000,0.00000,0.00000,0.00000,,,,,,,,,,,,,0
2010323,Загрузка ручная,,MN,,,user2349,,,2026-03-24 12:27:12,2026-03-24 12:27:12,,,,,,,,,,,N,,SHIPPING_DOC,EKS000018212,,,,,,,,2026-03-24 12:27:12,,,N,,0.00000,0.00000,0.00000,0.00000,,,,,,,,,,,,,0
2010324,Разгрузка механизмами,,MN,,,r.sagaidak,,,2026-03-24 12:27:38,2026-03-24 12:27:38,,,,,,,,,,,N,,RECEIPT_DOC,EKS000005857,,,,,,,,2026-03-24 12:27:38,,,N,,0.00000,0.00000,0.00000,0.00000,,,,,,,,,,,,,0
2010325,Разгрузка ручная,,MN,,,r.sagaidak,,,2026-03-24 12:27:38,2026-03-24 12:27:38,,,,,,,,,,,N,,RECEIPT_DOC,EKS000005857,,,,,,,,2026-03-24 12:27:38,,,N,,0.00000,0.00000,0.00000,0.00000,,,,,,,,,,,,,0
2010326,Загрузка механизмами,,MN,,,USER2358,,,2026-03-24 12:30:02,2026-03-24 12:30:02,,,,,,,,,,,N,,SHIPPING_DOC,EKS000017894,,,,,,,,2026-03-24 12:30:02,,,N,,0.00000,0.00000,0.00000,0.00000,,,,,,,,,,,,,0
2010327,Загрузка механизмами,,MN,,,USER2358,,,2026-03-24 12:30:02,2026-03-24 12:30:02,,,,,,,,,,,N,,SHIPPING_DOC,EKS000018212,,,,,,,,2026-03-24 12:30:02,,,N,,0.00000,0.00000,0.00000,0.00000,,,,,,,,,,,,,0
2010328,Загрузка ручная,,MN,,,USER2358,,,2026-03-24 12:30:02,2026-03-24 12:30:02,,,,,,,,,,,N,,SHIPPING_DOC,EKS000017894,,,,,,,,2026-03-24 12:30:02,,,N,,0.00000,0.00000,0.00000,0.00000,,,,,,,,,,,,,0
2010329,Загрузка ручная,,MN,,,USER2358,,,2026-03-24 12:30:02,2026-03-24 12:30:02,,,,,,,,,,,N,,SHIPPING_DOC,EKS000018212,,,,,,,,2026-03-24 12:30:02,,,N,,0.00000,0.00000,0.00000,0.00000,,,,,,,,,,,,,0
2010330,Загрузка механизмами,,MN,,,e.ulishchenko,,,2026-03-24 12:36:22,2026-03-24 12:36:22,,,,,,,,,,,N,,SHIPPING_DOC,EKS000017880,,,,,,,,2026-03-24 12:36:22,,,N,,0.00000,0.00000,0.00000,0.00000,,,,,,,,,,,,,0
2010331,Загрузка механизмами,,MN,,,e.ulishchenko,,,2026-03-24 12:36:22,2026-03-24 12:36:22,,,,,,,,,,,N,,SHIPPING_DOC,EKS000018206,,,,,,,,2026-03-24 12:36:22,,,N,,0.00000,0.00000,0.00000,0.00000,,,,,,,,,,,,,0
2010332,Загрузка ручная,,MN,,,e.ulishchenko,,,2026-03-24 12:36:22,2026-03-24 12:36:22,,,,,,,,,,,N,,SHIPPING_DOC,EKS000017880,,,,,,,,2026-03-24 12:36:22,,,N,,0.00000,0.00000,0.00000,0.00000,,,,,,,,,,,,,0
2010333,Загрузка ручная,,MN,,,e.ulishchenko,,,2026-03-24 12:36:22,2026-03-24 12:36:22,,,,,,,,,,,N,,SHIPPING_DOC,EKS000018206,,,,,,,,2026-03-24 12:36:22,,,N,,0.00000,0.00000,0.00000,0.00000,,,,,,,,,,,,,0
2010334,Загрузка механизмами,,MN,,,user2349,,,2026-03-24 12:39:45,2026-03-24 12:39:45,,,,,,,,,,,N,,SHIPPING_DOC,EKS000018297,,,,,,,,2026-03-24 12:39:45,,,N,,0.00000,0.00000,0.00000,0.00000,,,,,,,,,,,,,0
2010335,Загрузка механизмами,,MN,,,user2349,,,2026-03-24 12:39:45,2026-03-24 12:39:45,,,,,,,,,,,N,,SHIPPING_DOC,EKS000018301,,,,,,,,2026-03-24 12:39:45,,,N,,0.00000,0.00000,0.00000,0.00000,,,,,,,,,,,,,0
2010336,Загрузка ручная,,MN,,,user2349,,,2026-03-24 12:39:45,2026-03-24 12:39:45,,,,,,,,,,,N,,SHIPPING_DOC,EKS000018297,,,,,,,,2026-03-24 12:39:45,,,N,,0.00000,0.00000,0.00000,0.00000,,,,,,,,,,,,,0
2010337,Загрузка ручная,,MN,,,user2349,,,2026-03-24 12:39:45,2026-03-24 12:39:45,,,,,,,,,,,N,,SHIPPING_DOC,EKS000018301,,,,,,,,2026-03-24 12:39:45,,,N,,0.00000,0.00000,0.00000,0.00000,,,,,,,,,,,,,0
2010338,Разгрузка механизмами,,MN,,,user3125,,,2026-03-24 12:54:08,2026-03-24 12:54:08,,,,,,,,,,,N,,RECEIPT_DOC,EKS000005858,,,,,,,,2026-03-24 12:54:08,,,N,,0.00000,0.00000,0.00000,0.00000,,,,,,,,,,,,,0
2010339,Разгрузка механизмами,,MN,,,user3125,,,2026-03-24 12:54:10,2026-03-24 12:54:10,,,,,,,,,,,N,,RECEIPT_DOC,EKS000005859,,,,,,,,2026-03-24 12:54:10,,,N,,0.00000,0.00000,0.00000,0.00000,,,,,,,,,,,,,0
2010340,Разгрузка механизмами,,MN,,,user3125,,,2026-03-24 12:54:14,2026-03-24 12:54:14,,,,,,,,,,,N,,RECEIPT_DOC,EKS000005860,,,,,,,,2026-03-24 12:54:14,,,N,,0.00000,0.00000,0.00000,0.00000,,,,,,,,,,,,,0
2010341,Разгрузка механизмами,,MN,,,user3125,,,2026-03-24 12:54:17,2026-03-24 12:54:17,,,,,,,,,,,N,,RECEIPT_DOC,EKS000005861,,,,,,,,2026-03-24 12:54:17,,,N,,0.00000,0.00000,0.00000,0.00000,,,,,,,,,,,,,0
2010342,Разгрузка ручная,,MN,,,user2366,,,2026-03-24 12:54:22,2026-03-24 12:54:22,,,,,,,,,,,N,,RECEIPT_DOC,EKS000005861,,,,,,,,2026-03-24 12:54:22,,,N,,0.00000,0.00000,0.00000,0.00000,,,,,,,,,,,,,0
2010343,Разгрузка ручная,,MN,,,user2366,,,2026-03-24 12:54:24,2026-03-24 12:54:24,,,,,,,,,,,N,,RECEIPT_DOC,EKS000005860,,,,,,,,2026-03-24 12:54:24,,,N,,0.00000,0.00000,0.00000,0.00000,,,,,,,,,,,,,0
2010344,Разгрузка ручная,,MN,,,user2366,,,2026-03-24 12:54:27,2026-03-24 12:54:27,,,,,,,,,,,N,,RECEIPT_DOC,EKS000005859,,,,,,,,2026-03-24 12:54:27,,,N,,0.00000,0.00000,0.00000,0.00000,,,,,,,,,,,,,0
2010345,Разгрузка ручная,,MN,,,user2366,,,2026-03-24 12:54:31,2026-03-24 12:54:31,,,,,,,,,,,N,,RECEIPT_DOC,EKS000005858,,,,,,,,2026-03-24 12:54:31,,,N,,0.00000,0.00000,0.00000,0.00000,,,,,,,,,,,,,0
2010346,Разгрузка механизмами,,MN,,,user2366,,,2026-03-24 13:24:17,2026-03-24 13:24:17,,,,,,,,,,,N,,RECEIPT_DOC,EKS000005863,,,,,,,,2026-03-24 13:24:17,,,N,,0.00000,0.00000,0.00000,0.00000,,,,,,,,,,,,,0
2010347,Разгрузка ручная,,MN,,,user2366,,,2026-03-24 13:24:17,2026-03-24 13:24:17,,,,,,,,,,,N,,RECEIPT_DOC,EKS000005863,,,,,,,,2026-03-24 13:24:17,,,N,,0.00000,0.00000,0.00000,0.00000,,,,,,,,,,,,,0
2010348,Разгрузка механизмами,,MN,,,user2366,,,2026-03-24 13:24:23,2026-03-24 13:24:23,,,,,,,,,,,N,,RECEIPT_DOC,EKS000005864,,,,,,,,2026-03-24 13:24:23,,,N,,0.00000,0.00000,0.00000,0.00000,,,,,,,,,,,,,0
2010349,Разгрузка ручная,,MN,,,user2366,,,2026-03-24 13:24:23,2026-03-24 13:24:23,,,,,,,,,,,N,,RECEIPT_DOC,EKS000005864,,,,,,,,2026-03-24 13:24:23,,,N,,0.00000,0.00000,0.00000,0.00000,,,,,,,,,,,,,0
2010350,Разгрузка механизмами,,MN,,,r.sagaidak,,,2026-03-24 13:24:42,2026-03-24 13:24:42,,,,,,,,,,,N,,RECEIPT_DOC,EKS000005865,,,,,,,,2026-03-24 13:24:42,,,N,,0.00000,0.00000,0.00000,0.00000,,,,,,,,,,,,,0
2010351,Разгрузка ручная,,MN,,,r.sagaidak,,,2026-03-24 13:24:42,2026-03-24 13:24:42,,,,,,,,,,,N,,RECEIPT_DOC,EKS000005865,,,,,,,,2026-03-24 13:24:42,,,N,,0.00000,0.00000,0.00000,0.00000,,,,,,,,,,,,,0
2010352,Разгрузка механизмами,,MN,,,user3125,,,2026-03-24 13:33:15,2026-03-24 13:33:15,,,,,,,,,,,N,,RECEIPT_DOC,EKS000005866,,,,,,,,2026-03-24 13:33:15,,,N,,0.00000,0.00000,0.00000,0.00000,,,,,,,,,,,,,0
2010353,Разгрузка механизмами,,MN,,,user3125,,,2026-03-24 13:34:15,2026-03-24 13:34:15,,,,,,,,,,,N,,RECEIPT_DOC,EKS000005867,,,,,,,,2026-03-24 13:34:15,,,N,,0.00000,0.00000,0.00000,0.00000,,,,,,,,,,,,,0
2010354,Разгрузка механизмами,,MN,,,user3125,,,2026-03-24 13:34:23,2026-03-24 13:34:23,,,,,,,,,,,N,,RECEIPT_DOC,EKS000005868,,,,,,,,2026-03-24 13:34:23,,,N,,0.00000,0.00000,0.00000,0.00000,,,,,,,,,,,,,0
2010355,Разгрузка ручная,,MN,,,user2334,,,2026-03-24 13:34:36,2026-03-24 13:34:36,,,,,,,,,,,N,,RECEIPT_DOC,EKS000005868,,,,,,,,2026-03-24 13:34:36,,,N,,0.00000,0.00000,0.00000,0.00000,,,,,,,,,,,,,0
2010356,Разгрузка ручная,,MN,,,user2334,,,2026-03-24 13:34:41,2026-03-24 13:34:41,,,,,,,,,,,N,,RECEIPT_DOC,EKS000005867,,,,,,,,2026-03-24 13:34:41,,,N,,0.00000,0.00000,0.00000,0.00000,,,,,,,,,,,,,0
2010357,Разгрузка ручная,,MN,,,user2334,,,2026-03-24 13:34:45,2026-03-24 13:34:45,,,,,,,,,,,N,,RECEIPT_DOC,EKS000005866,,,,,,,,2026-03-24 13:34:45,,,N,,0.00000,0.00000,0.00000,0.00000,,,,,,,,,,,,,0
2010358,Разгрузка механизмами,,MN,,,user3125,,,2026-03-24 13:47:05,2026-03-24 13:47:05,,,,,,,,,,,N,,RECEIPT_DOC,EKS000005871,,,,,,,,2026-03-24 13:47:05,,,N,,0.00000,0.00000,0.00000,0.00000,,,,,,,,,,,,,0
2010359,Разгрузка ручная,,MN,,,user3125,,,2026-03-24 13:47:05,2026-03-24 13:47:05,,,,,,,,,,,N,,RECEIPT_DOC,EKS000005871,,,,,,,,2026-03-24 13:47:05,,,N,,0.00000,0.00000,0.00000,0.00000,,,,,,,,,,,,,0
2010360,Разгрузка механизмами,,MN,,,user3125,,,2026-03-24 13:47:07,2026-03-24 13:47:07,,,,,,,,,,,N,,RECEIPT_DOC,EKS000005872,,,,,,,,2026-03-24 13:47:07,,,N,,0.00000,0.00000,0.00000,0.00000,,,,,,,,,,,,,0
2010361,Разгрузка ручная,,MN,,,user3125,,,2026-03-24 13:47:07,2026-03-24 13:47:07,,,,,,,,,,,N,,RECEIPT_DOC,EKS000005872,,,,,,,,2026-03-24 13:47:07,,,N,,0.00000,0.00000,0.00000,0.00000,,,,,,,,,,,,,0
2010362,Разгрузка механизмами,,MN,,,user3125,,,2026-03-24 13:47:10,2026-03-24 13:47:10,,,,,,,,,,,N,,RECEIPT_DOC,EKS000005873,,,,,,,,2026-03-24 13:47:10,,,N,,0.00000,0.00000,0.00000,0.00000,,,,,,,,,,,,,0
2010363,Разгрузка ручная,,MN,,,user3125,,,2026-03-24 13:47:10,2026-03-24 13:47:10,,,,,,,,,,,N,,RECEIPT_DOC,EKS000005873,,,,,,,,2026-03-24 13:47:10,,,N,,0.00000,0.00000,0.00000,0.00000,,,,,,,,,,,,,0
2010364,Разгрузка механизмами,,MN,,,user3125,,,2026-03-24 13:47:12,2026-03-24 13:47:12,,,,,,,,,,,N,,RECEIPT_DOC,EKS000005874,,,,,,,,2026-03-24 13:47:12,,,N,,0.00000,0.00000,0.00000,0.00000,,,,,,,,,,,,,0
2010365,Разгрузка ручная,,MN,,,user3125,,,2026-03-24 13:47:12,2026-03-24 13:47:12,,,,,,,,,,,N,,RECEIPT_DOC,EKS000005874,,,,,,,,2026-03-24 13:47:12,,,N,,0.00000,0.00000,0.00000,0.00000,,,,,,,,,,,,,0
2010366,Разгрузка механизмами,,MN,,,user3125,,,2026-03-24 13:47:15,2026-03-24 13:47:15,,,,,,,,,,,N,,RECEIPT_DOC,EKS000005875,,,,,,,,2026-03-24 13:47:15,,,N,,0.00000,0.00000,0.00000,0.00000,,,,,,,,,,,,,0
2010367,Разгрузка ручная,,MN,,,user3125,,,2026-03-24 13:47:15,2026-03-24 13:47:15,,,,,,,,,,,N,,RECEIPT_DOC,EKS000005875,,,,,,,,2026-03-24 13:47:15,,,N,,0.00000,0.00000,0.00000,0.00000,,,,,,,,,,,,,0
2010368,Разгрузка механизмами,,MN,,,user3125,,,2026-03-24 13:47:17,2026-03-24 13:47:17,,,,,,,,,,,N,,RECEIPT_DOC,EKS000005876,,,,,,,,2026-03-24 13:47:17,,,N,,0.00000,0.00000,0.00000,0.00000,,,,,,,,,,,,,0
2010369,Разгрузка ручная,,MN,,,user3125,,,2026-03-24 13:47:17,2026-03-24 13:47:17,,,,,,,,,,,N,,RECEIPT_DOC,EKS000005876,,,,,,,,2026-03-24 13:47:17,,,N,,0.00000,0.00000,0.00000,0.00000,,,,,,,,,,,,,0
2010370,Разгрузка механизмами,,MN,,,user3125,,,2026-03-24 13:47:19,2026-03-24 13:47:19,,,,,,,,,,,N,,RECEIPT_DOC,EKS000005877,,,,,,,,2026-03-24 13:47:19,,,N,,0.00000,0.00000,0.00000,0.00000,,,,,,,,,,,,,0
2010371,Разгрузка ручная,,MN,,,user3125,,,2026-03-24 13:47:19,2026-03-24 13:47:19,,,,,,,,,,,N,,RECEIPT_DOC,EKS000005877,,,,,,,,2026-03-24 13:47:19,,,N,,0.00000,0.00000,0.00000,0.00000,,,,,,,,,,,,,0
2010372,Разгрузка механизмами,,MN,,,user3125,,,2026-03-24 13:47:23,2026-03-24 13:47:23,,,,,,,,,,,N,,RECEIPT_DOC,EKS000005878,,,,,,,,2026-03-24 13:47:23,,,N,,0.00000,0.00000,0.00000,0.00000,,,,,,,,,,,,,0
2010373,Разгрузка ручная,,MN,,,user3125,,,2026-03-24 13:47:23,2026-03-24 13:47:23,,,,,,,,,,,N,,RECEIPT_DOC,EKS000005878,,,,,,,,2026-03-24 13:47:23,,,N,,0.00000,0.00000,0.00000,0.00000,,,,,,,,,,,,,0
2010374,Разгрузка механизмами,,MN,,,r.sagaidak,,,2026-03-24 14:11:42,2026-03-24 14:11:42,,,,,,,,,,,N,,RECEIPT_DOC,EKS000005879,,,,,,,,2026-03-24 14:11:42,,,N,,0.00000,0.00000,0.00000,0.00000,,,,,,,,,,,,,0
2010375,Разгрузка ручная,,MN,,,r.sagaidak,,,2026-03-24 14:11:42,2026-03-24 14:11:42,,,,,,,,,,,N,,RECEIPT_DOC,EKS000005879,,,,,,,,2026-03-24 14:11:42,,,N,,0.00000,0.00000,0.00000,0.00000,,,,,,,,,,,,,0
2010376,Разгрузка механизмами,,MN,,,r.sagaidak,,,2026-03-24 14:11:48,2026-03-24 14:11:48,,,,,,,,,,,N,,RECEIPT_DOC,EKS000005880,,,,,,,,2026-03-24 14:11:48,,,N,,0.00000,0.00000,0.00000,0.00000,,,,,,,,,,,,,0
2010377,Разгрузка ручная,,MN,,,r.sagaidak,,,2026-03-24 14:11:48,2026-03-24 14:11:48,,,,,,,,,,,N,,RECEIPT_DOC,EKS000005880,,,,,,,,2026-03-24 14:11:48,,,N,,0.00000,0.00000,0.00000,0.00000,,,,,,,,,,,,,0
2010378,Загрузка механизмами,,MN,,,USER2358,,,2026-03-24 14:19:33,2026-03-24 14:19:33,,,,,,,,,,,N,,SHIPPING_DOC,EKS000017588,,,,,,,,2026-03-24 14:19:33,,,N,,0.00000,0.00000,0.00000,0.00000,,,,,,,,,,,,,0
2010379,Загрузка механизмами,,MN,,,USER2358,,,2026-03-24 14:19:33,2026-03-24 14:19:33,,,,,,,,,,,N,,SHIPPING_DOC,EKS000018129,,,,,,,,2026-03-24 14:19:33,,,N,,0.00000,0.00000,0.00000,0.00000,,,,,,,,,,,,,0
2010380,Загрузка ручная,,MN,,,USER2358,,,2026-03-24 14:19:33,2026-03-24 14:19:33,,,,,,,,,,,N,,SHIPPING_DOC,EKS000017588,,,,,,,,2026-03-24 14:19:33,,,N,,0.00000,0.00000,0.00000,0.00000,,,,,,,,,,,,,0
2010381,Загрузка ручная,,MN,,,USER2358,,,2026-03-24 14:19:33,2026-03-24 14:19:33,,,,,,,,,,,N,,SHIPPING_DOC,EKS000018129,,,,,,,,2026-03-24 14:19:33,,,N,,0.00000,0.00000,0.00000,0.00000,,,,,,,,,,,,,0
2010382,Загрузка механизмами,,MN,,,user2349,,,2026-03-24 14:19:52,2026-03-24 14:19:52,,,,,,,,,,,N,,SHIPPING_DOC,EKS000018129,,,,,,,,2026-03-24 14:19:52,,,N,,0.00000,0.00000,0.00000,0.00000,,,,,,,,,,,,,0
2010383,Загрузка механизмами,,MN,,,user2349,,,2026-03-24 14:19:52,2026-03-24 14:19:52,,,,,,,,,,,N,,SHIPPING_DOC,EKS000017588,,,,,,,,2026-03-24 14:19:52,,,N,,0.00000,0.00000,0.00000,0.00000,,,,,,,,,,,,,0
2010384,Загрузка ручная,,MN,,,user2349,,,2026-03-24 14:19:52,2026-03-24 14:19:52,,,,,,,,,,,N,,SHIPPING_DOC,EKS000018129,,,,,,,,2026-03-24 14:19:52,,,N,,0.00000,0.00000,0.00000,0.00000,,,,,,,,,,,,,0
2010385,Загрузка ручная,,MN,,,user2349,,,2026-03-24 14:19:52,2026-03-24 14:19:52,,,,,,,,,,,N,,SHIPPING_DOC,EKS000017588,,,,,,,,2026-03-24 14:19:52,,,N,,0.00000,0.00000,0.00000,0.00000,,,,,,,,,,,,,0
2010386,Загрузка механизмами,,MN,,,USER2358,,,2026-03-24 14:24:33,2026-03-24 14:24:33,,,,,,,,,,,N,,SHIPPING_DOC,EKS000018350,,,,,,,,2026-03-24 14:24:33,,,N,,0.00000,0.00000,0.00000,0.00000,,,,,,,,,,,,,0
2010387,Загрузка ручная,,MN,,,USER2358,,,2026-03-24 14:24:33,2026-03-24 14:24:33,,,,,,,,,,,N,,SHIPPING_DOC,EKS000018350,,,,,,,,2026-03-24 14:24:33,,,N,,0.00000,0.00000,0.00000,0.00000,,,,,,,,,,,,,0
2010388,Разгрузка механизмами,,MN,,,user3125,,,2026-03-24 14:27:05,2026-03-24 14:27:05,,,,,,,,,,,N,,RECEIPT_DOC,EKS000005882,,,,,,,,2026-03-24 14:27:05,,,N,,0.00000,0.00000,0.00000,0.00000,,,,,,,,,,,,,0
2010389,Разгрузка ручная,,MN,,,user3125,,,2026-03-24 14:27:05,2026-03-24 14:27:05,,,,,,,,,,,N,,RECEIPT_DOC,EKS000005882,,,,,,,,2026-03-24 14:27:05,,,N,,0.00000,0.00000,0.00000,0.00000,,,,,,,,,,,,,0
2010390,Разгрузка механизмами,,MN,,,user3125,,,2026-03-24 14:27:10,2026-03-24 14:27:10,,,,,,,,,,,N,,RECEIPT_DOC,EKS000005883,,,,,,,,2026-03-24 14:27:10,,,N,,0.00000,0.00000,0.00000,0.00000,,,,,,,,,,,,,0
2010391,Разгрузка ручная,,MN,,,user3125,,,2026-03-24 14:27:10,2026-03-24 14:27:10,,,,,,,,,,,N,,RECEIPT_DOC,EKS000005883,,,,,,,,2026-03-24 14:27:10,,,N,,0.00000,0.00000,0.00000,0.00000,,,,,,,,,,,,,0
2010392,Разгрузка механизмами,,MN,,,user3125,,,2026-03-24 14:27:14,2026-03-24 14:27:14,,,,,,,,,,,N,,RECEIPT_DOC,EKS000005884,,,,,,,,2026-03-24 14:27:14,,,N,,0.00000,0.00000,0.00000,0.00000,,,,,,,,,,,,,0
2010393,Разгрузка ручная,,MN,,,user3125,,,2026-03-24 14:27:14,2026-03-24 14:27:14,,,,,,,,,,,N,,RECEIPT_DOC,EKS000005884,,,,,,,,2026-03-24 14:27:14,,,N,,0.00000,0.00000,0.00000,0.00000,,,,,,,,,,,,,0
2010394,Разгрузка механизмами,,MN,,,user3125,,,2026-03-24 14:27:20,2026-03-24 14:27:20,,,,,,,,,,,N,,RECEIPT_DOC,EKS000005885,,,,,,,,2026-03-24 14:27:20,,,N,,0.00000,0.00000,0.00000,0.00000,,,,,,,,,,,,,0
2010395,Разгрузка ручная,,MN,,,user3125,,,2026-03-24 14:27:20,2026-03-24 14:27:20,,,,,,,,,,,N,,RECEIPT_DOC,EKS000005885,,,,,,,,2026-03-24 14:27:20,,,N,,0.00000,0.00000,0.00000,0.00000,,,,,,,,,,,,,0
2010396,Разгрузка механизмами,,MN,,,user3125,,,2026-03-24 14:27:24,2026-03-24 14:27:24,,,,,,,,,,,N,,RECEIPT_DOC,EKS000005886,,,,,,,,2026-03-24 14:27:24,,,N,,0.00000,0.00000,0.00000,0.00000,,,,,,,,,,,,,0
2010397,Разгрузка ручная,,MN,,,user3125,,,2026-03-24 14:27:24,2026-03-24 14:27:24,,,,,,,,,,,N,,RECEIPT_DOC,EKS000005886,,,,,,,,2026-03-24 14:27:24,,,N,,0.00000,0.00000,0.00000,0.00000,,,,,,,,,,,,,0
2010398,Разгрузка механизмами,,MN,,,user3125,,,2026-03-24 14:27:28,2026-03-24 14:27:28,,,,,,,,,,,N,,RECEIPT_DOC,EKS000005887,,,,,,,,2026-03-24 14:27:28,,,N,,0.00000,0.00000,0.00000,0.00000,,,,,,,,,,,,,0
2010399,Разгрузка ручная,,MN,,,user3125,,,2026-03-24 14:27:28,2026-03-24 14:27:28,,,,,,,,,,,N,,RECEIPT_DOC,EKS000005887,,,,,,,,2026-03-24 14:27:28,,,N,,0.00000,0.00000,0.00000,0.00000,,,,,,,,,,,,,0
2010400,Разгрузка механизмами,,MN,,,user3125,,,2026-03-24 14:27:32,2026-03-24 14:27:32,,,,,,,,,,,N,,RECEIPT_DOC,EKS000005888,,,,,,,,2026-03-24 14:27:32,,,N,,0.00000,0.00000,0.00000,0.00000,,,,,,,,,,,,,0
2010401,Разгрузка ручная,,MN,,,user3125,,,2026-03-24 14:27:32,2026-03-24 14:27:32,,,,,,,,,,,N,,RECEIPT_DOC,EKS000005888,,,,,,,,2026-03-24 14:27:32,,,N,,0.00000,0.00000,0.00000,0.00000,,,,,,,,,,,,,0
2010402,Разгрузка механизмами,,MN,,,user3125,,,2026-03-24 14:27:36,2026-03-24 14:27:36,,,,,,,,,,,N,,RECEIPT_DOC,EKS000005889,,,,,,,,2026-03-24 14:27:36,,,N,,0.00000,0.00000,0.00000,0.00000,,,,,,,,,,,,,0
2010403,Разгрузка ручная,,MN,,,user3125,,,2026-03-24 14:27:36,2026-03-24 14:27:36,,,,,,,,,,,N,,RECEIPT_DOC,EKS000005889,,,,,,,,2026-03-24 14:27:36,,,N,,0.00000,0.00000,0.00000,0.00000,,,,,,,,,,,,,0
2010404,Разгрузка механизмами,,MN,,,user3125,,,2026-03-24 14:27:40,2026-03-24 14:27:40,,,,,,,,,,,N,,RECEIPT_DOC,EKS000005890,,,,,,,,2026-03-24 14:27:40,,,N,,0.00000,0.00000,0.00000,0.00000,,,,,,,,,,,,,0
2010405,Разгрузка ручная,,MN,,,user3125,,,2026-03-24 14:27:40,2026-03-24 14:27:40,,,,,,,,,,,N,,RECEIPT_DOC,EKS000005890,,,,,,,,2026-03-24 14:27:40,,,N,,0.00000,0.00000,0.00000,0.00000,,,,,,,,,,,,,0
2010406,Разгрузка механизмами,,MN,,,user3125,,,2026-03-24 14:27:45,2026-03-24 14:27:45,,,,,,,,,,,N,,RECEIPT_DOC,EKS000005891,,,,,,,,2026-03-24 14:27:45,,,N,,0.00000,0.00000,0.00000,0.00000,,,,,,,,,,,,,0
2010407,Разгрузка ручная,,MN,,,user3125,,,2026-03-24 14:27:45,2026-03-24 14:27:45,,,,,,,,,,,N,,RECEIPT_DOC,EKS000005891,,,,,,,,2026-03-24 14:27:45,,,N,,0.00000,0.00000,0.00000,0.00000,,,,,,,,,,,,,0
2010408,Разгрузка механизмами,,MN,,,user3125,,,2026-03-24 14:27:52,2026-03-24 14:27:52,,,,,,,,,,,N,,RECEIPT_DOC,EKS000005892,,,,,,,,2026-03-24 14:27:52,,,N,,0.00000,0.00000,0.00000,0.00000,,,,,,,,,,,,,0
2010409,Разгрузка ручная,,MN,,,user3125,,,2026-03-24 14:27:52,2026-03-24 14:27:52,,,,,,,,,,,N,,RECEIPT_DOC,EKS000005892,,,,,,,,2026-03-24 14:27:52,,,N,,0.00000,0.00000,0.00000,0.00000,,,,,,,,,,,,,0
2010410,Разгрузка механизмами,,MN,,,user3125,,,2026-03-24 14:27:56,2026-03-24 14:27:56,,,,,,,,,,,N,,RECEIPT_DOC,EKS000005893,,,,,,,,2026-03-24 14:27:56,,,N,,0.00000,0.00000,0.00000,0.00000,,,,,,,,,,,,,0
2010411,Разгрузка ручная,,MN,,,user3125,,,2026-03-24 14:27:56,2026-03-24 14:27:56,,,,,,,,,,,N,,RECEIPT_DOC,EKS000005893,,,,,,,,2026-03-24 14:27:56,,,N,,0.00000,0.00000,0.00000,0.00000,,,,,,,,,,,,,0
2010412,Разгрузка механизмами,,MN,,,user3125,,,2026-03-24 14:28:00,2026-03-24 14:28:00,,,,,,,,,,,N,,RECEIPT_DOC,EKS000005894,,,,,,,,2026-03-24 14:28:00,,,N,,0.00000,0.00000,0.00000,0.00000,,,,,,,,,,,,,0
2010413,Разгрузка ручная,,MN,,,user3125,,,2026-03-24 14:28:00,2026-03-24 14:28:00,,,,,,,,,,,N,,RECEIPT_DOC,EKS000005894,,,,,,,,2026-03-24 14:28:00,,,N,,0.00000,0.00000,0.00000,0.00000,,,,,,,,,,,,,0
2010414,Разгрузка механизмами,,MN,,,user3125,,,2026-03-24 14:28:04,2026-03-24 14:28:04,,,,,,,,,,,N,,RECEIPT_DOC,EKS000005895,,,,,,,,2026-03-24 14:28:04,,,N,,0.00000,0.00000,0.00000,0.00000,,,,,,,,,,,,,0
2010415,Разгрузка ручная,,MN,,,user3125,,,2026-03-24 14:28:04,2026-03-24 14:28:04,,,,,,,,,,,N,,RECEIPT_DOC,EKS000005895,,,,,,,,2026-03-24 14:28:04,,,N,,0.00000,0.00000,0.00000,0.00000,,,,,,,,,,,,,0
2010416,Разгрузка механизмами,,MN,,,user3125,,,2026-03-24 14:28:09,2026-03-24 14:28:09,,,,,,,,,,,N,,RECEIPT_DOC,EKS000005896,,,,,,,,2026-03-24 14:28:09,,,N,,0.00000,0.00000,0.00000,0.00000,,,,,,,,,,,,,0
2010417,Разгрузка ручная,,MN,,,user3125,,,2026-03-24 14:28:09,2026-03-24 14:28:09,,,,,,,,,,,N,,RECEIPT_DOC,EKS000005896,,,,,,,,2026-03-24 14:28:09,,,N,,0.00000,0.00000,0.00000,0.00000,,,,,,,,,,,,,0
2010418,Разгрузка механизмами,,MN,,,user3125,,,2026-03-24 14:28:12,2026-03-24 14:28:12,,,,,,,,,,,N,,RECEIPT_DOC,EKS000005897,,,,,,,,2026-03-24 14:28:12,,,N,,0.00000,0.00000,0.00000,0.00000,,,,,,,,,,,,,0
2010419,Разгрузка ручная,,MN,,,user3125,,,2026-03-24 14:28:12,2026-03-24 14:28:12,,,,,,,,,,,N,,RECEIPT_DOC,EKS000005897,,,,,,,,2026-03-24 14:28:12,,,N,,0.00000,0.00000,0.00000,0.00000,,,,,,,,,,,,,0
2010420,Разгрузка механизмами,,MN,,,user3125,,,2026-03-24 14:28:16,2026-03-24 14:28:16,,,,,,,,,,,N,,RECEIPT_DOC,EKS000005898,,,,,,,,2026-03-24 14:28:16,,,N,,0.00000,0.00000,0.00000,0.00000,,,,,,,,,,,,,0
2010421,Разгрузка ручная,,MN,,,user3125,,,2026-03-24 14:28:16,2026-03-24 14:28:16,,,,,,,,,,,N,,RECEIPT_DOC,EKS000005898,,,,,,,,2026-03-24 14:28:16,,,N,,0.00000,0.00000,0.00000,0.00000,,,,,,,,,,,,,0
2010422,Разгрузка механизмами,,MN,,,user3125,,,2026-03-24 14:28:20,2026-03-24 14:28:20,,,,,,,,,,,N,,RECEIPT_DOC,EKS000005899,,,,,,,,2026-03-24 14:28:20,,,N,,0.00000,0.00000,0.00000,0.00000,,,,,,,,,,,,,0
2010423,Разгрузка ручная,,MN,,,user3125,,,2026-03-24 14:28:20,2026-03-24 14:28:20,,,,,,,,,,,N,,RECEIPT_DOC,EKS000005899,,,,,,,,2026-03-24 14:28:20,,,N,,0.00000,0.00000,0.00000,0.00000,,,,,,,,,,,,,0
2010424,Разгрузка механизмами,,MN,,,user3125,,,2026-03-24 14:28:26,2026-03-24 14:28:26,,,,,,,,,,,N,,RECEIPT_DOC,EKS000005900,,,,,,,,2026-03-24 14:28:26,,,N,,0.00000,0.00000,0.00000,0.00000,,,,,,,,,,,,,0
2010425,Разгрузка ручная,,MN,,,user3125,,,2026-03-24 14:28:26,2026-03-24 14:28:26,,,,,,,,,,,N,,RECEIPT_DOC,EKS000005900,,,,,,,,2026-03-24 14:28:26,,,N,,0.00000,0.00000,0.00000,0.00000,,,,,,,,,,,,,0
2010426,Разгрузка механизмами,,MN,,,user3125,,,2026-03-24 14:28:30,2026-03-24 14:28:30,,,,,,,,,,,N,,RECEIPT_DOC,EKS000005901,,,,,,,,2026-03-24 14:28:30,,,N,,0.00000,0.00000,0.00000,0.00000,,,,,,,,,,,,,0
2010427,Разгрузка ручная,,MN,,,user3125,,,2026-03-24 14:28:30,2026-03-24 14:28:30,,,,,,,,,,,N,,RECEIPT_DOC,EKS000005901,,,,,,,,2026-03-24 14:28:30,,,N,,0.00000,0.00000,0.00000,0.00000,,,,,,,,,,,,,0
2010428,Разгрузка механизмами,,MN,,,user3125,,,2026-03-24 14:28:35,2026-03-24 14:28:35,,,,,,,,,,,N,,RECEIPT_DOC,EKS000005902,,,,,,,,2026-03-24 14:28:35,,,N,,0.00000,0.00000,0.00000,0.00000,,,,,,,,,,,,,0
2010429,Разгрузка ручная,,MN,,,user3125,,,2026-03-24 14:28:35,2026-03-24 14:28:35,,,,,,,,,,,N,,RECEIPT_DOC,EKS000005902,,,,,,,,2026-03-24 14:28:35,,,N,,0.00000,0.00000,0.00000,0.00000,,,,,,,,,,,,,0
2010430,Разгрузка механизмами,,MN,,,user3125,,,2026-03-24 14:28:39,2026-03-24 14:28:39,,,,,,,,,,,N,,RECEIPT_DOC,EKS000005903,,,,,,,,2026-03-24 14:28:39,,,N,,0.00000,0.00000,0.00000,0.00000,,,,,,,,,,,,,0
2010431,Разгрузка ручная,,MN,,,user3125,,,2026-03-24 14:28:39,2026-03-24 14:28:39,,,,,,,,,,,N,,RECEIPT_DOC,EKS000005903,,,,,,,,2026-03-24 14:28:39,,,N,,0.00000,0.00000,0.00000,0.00000,,,,,,,,,,,,,0
2010432,Разгрузка механизмами,,MN,,,user3125,,,2026-03-24 14:28:43,2026-03-24 14:28:43,,,,,,,,,,,N,,RECEIPT_DOC,EKS000005904,,,,,,,,2026-03-24 14:28:43,,,N,,0.00000,0.00000,0.00000,0.00000,,,,,,,,,,,,,0
2010433,Разгрузка ручная,,MN,,,user3125,,,2026-03-24 14:28:43,2026-03-24 14:28:43,,,,,,,,,,,N,,RECEIPT_DOC,EKS000005904,,,,,,,,2026-03-24 14:28:43,,,N,,0.00000,0.00000,0.00000,0.00000,,,,,,,,,,,,,0
2010434,Разгрузка механизмами,,MN,,,USER3125,,,2026-03-24 14:32:41,2026-03-24 14:32:41,,,,,,,,,,,N,,RECEIPT_DOC,EKS000005905,,,,,,,,2026-03-24 14:32:41,,,N,,0.00000,0.00000,0.00000,0.00000,,,,,,,,,,,,,0
2010435,Разгрузка ручная,,MN,,,USER3125,,,2026-03-24 14:32:41,2026-03-24 14:32:41,,,,,,,,,,,N,,RECEIPT_DOC,EKS000005905,,,,,,,,2026-03-24 14:32:41,,,N,,0.00000,0.00000,0.00000,0.00000,,,,,,,,,,,,,0
2010436,Разгрузка механизмами,,MN,,,USER3125,,,2026-03-24 14:32:45,2026-03-24 14:32:45,,,,,,,,,,,N,,RECEIPT_DOC,EKS000005906,,,,,,,,2026-03-24 14:32:45,,,N,,0.00000,0.00000,0.00000,0.00000,,,,,,,,,,,,,0
2010437,Разгрузка ручная,,MN,,,USER3125,,,2026-03-24 14:32:45,2026-03-24 14:32:45,,,,,,,,,,,N,,RECEIPT_DOC,EKS000005906,,,,,,,,2026-03-24 14:32:45,,,N,,0.00000,0.00000,0.00000,0.00000,,,,,,,,,,,,,0
2010438,Разгрузка механизмами,,MN,,,USER3125,,,2026-03-24 14:32:49,2026-03-24 14:32:49,,,,,,,,,,,N,,RECEIPT_DOC,EKS000005907,,,,,,,,2026-03-24 14:32:49,,,N,,0.00000,0.00000,0.00000,0.00000,,,,,,,,,,,,,0
2010439,Разгрузка ручная,,MN,,,USER3125,,,2026-03-24 14:32:49,2026-03-24 14:32:49,,,,,,,,,,,N,,RECEIPT_DOC,EKS000005907,,,,,,,,2026-03-24 14:32:49,,,N,,0.00000,0.00000,0.00000,0.00000,,,,,,,,,,,,,0
2010440,Разгрузка механизмами,,MN,,,user3125,,,2026-03-24 14:42:15,2026-03-24 14:42:15,,,,,,,,,,,N,,RECEIPT_DOC,EKS000005908,,,,,,,,2026-03-24 14:42:15,,,N,,0.00000,0.00000,0.00000,0.00000,,,,,,,,,,,,,0
2010441,Разгрузка ручная,,MN,,,user3125,,,2026-03-24 14:42:15,2026-03-24 14:42:15,,,,,,,,,,,N,,RECEIPT_DOC,EKS000005908,,,,,,,,2026-03-24 14:42:15,,,N,,0.00000,0.00000,0.00000,0.00000,,,,,,,,,,,,,0
2010442,Разгрузка механизмами,,MN,,,user3125,,,2026-03-24 14:42:18,2026-03-24 14:42:18,,,,,,,,,,,N,,RECEIPT_DOC,EKS000005909,,,,,,,,2026-03-24 14:42:18,,,N,,0.00000,0.00000,0.00000,0.00000,,,,,,,,,,,,,0
2010443,Разгрузка ручная,,MN,,,user3125,,,2026-03-24 14:42:18,2026-03-24 14:42:18,,,,,,,,,,,N,,RECEIPT_DOC,EKS000005909,,,,,,,,2026-03-24 14:42:18,,,N,,0.00000,0.00000,0.00000,0.00000,,,,,,,,,,,,,0
2010444,Разгрузка механизмами,,MN,,,user3125,,,2026-03-24 14:42:21,2026-03-24 14:42:21,,,,,,,,,,,N,,RECEIPT_DOC,EKS000005910,,,,,,,,2026-03-24 14:42:21,,,N,,0.00000,0.00000,0.00000,0.00000,,,,,,,,,,,,,0
2010445,Разгрузка ручная,,MN,,,user3125,,,2026-03-24 14:42:21,2026-03-24 14:42:21,,,,,,,,,,,N,,RECEIPT_DOC,EKS000005910,,,,,,,,2026-03-24 14:42:21,,,N,,0.00000,0.00000,0.00000,0.00000,,,,,,,,,,,,,0
2010446,Разгрузка механизмами,,MN,,,user3125,,,2026-03-24 14:42:24,2026-03-24 14:42:24,,,,,,,,,,,N,,RECEIPT_DOC,EKS000005911,,,,,,,,2026-03-24 14:42:24,,,N,,0.00000,0.00000,0.00000,0.00000,,,,,,,,,,,,,0
2010447,Разгрузка ручная,,MN,,,user3125,,,2026-03-24 14:42:24,2026-03-24 14:42:24,,,,,,,,,,,N,,RECEIPT_DOC,EKS000005911,,,,,,,,2026-03-24 14:42:24,,,N,,0.00000,0.00000,0.00000,0.00000,,,,,,,,,,,,,0
2010448,Разгрузка механизмами,,MN,,,user3125,,,2026-03-24 14:42:26,2026-03-24 14:42:26,,,,,,,,,,,N,,RECEIPT_DOC,EKS000005912,,,,,,,,2026-03-24 14:42:26,,,N,,0.00000,0.00000,0.00000,0.00000,,,,,,,,,,,,,0
2010449,Разгрузка ручная,,MN,,,user3125,,,2026-03-24 14:42:26,2026-03-24 14:42:26,,,,,,,,,,,N,,RECEIPT_DOC,EKS000005912,,,,,,,,2026-03-24 14:42:26,,,N,,0.00000,0.00000,0.00000,0.00000,,,,,,,,,,,,,0
2010450,Разгрузка механизмами,,MN,,,user3125,,,2026-03-24 14:42:29,2026-03-24 14:42:29,,,,,,,,,,,N,,RECEIPT_DOC,EKS000005913,,,,,,,,2026-03-24 14:42:29,,,N,,0.00000,0.00000,0.00000,0.00000,,,,,,,,,,,,,0
2010451,Разгрузка ручная,,MN,,,user3125,,,2026-03-24 14:42:29,2026-03-24 14:42:29,,,,,,,,,,,N,,RECEIPT_DOC,EKS000005913,,,,,,,,2026-03-24 14:42:29,,,N,,0.00000,0.00000,0.00000,0.00000,,,,,,,,,,,,,0
2010452,Разгрузка механизмами,,MN,,,user3125,,,2026-03-24 14:42:32,2026-03-24 14:42:32,,,,,,,,,,,N,,RECEIPT_DOC,EKS000005914,,,,,,,,2026-03-24 14:42:32,,,N,,0.00000,0.00000,0.00000,0.00000,,,,,,,,,,,,,0
2010453,Разгрузка ручная,,MN,,,user3125,,,2026-03-24 14:42:32,2026-03-24 14:42:32,,,,,,,,,,,N,,RECEIPT_DOC,EKS000005914,,,,,,,,2026-03-24 14:42:32,,,N,,0.00000,0.00000,0.00000,0.00000,,,,,,,,,,,,,0
2010454,Загрузка механизмами,,MN,,,user2349,,,2026-03-24 14:47:06,2026-03-24 14:47:06,,,,,,,,,,,N,,SHIPPING_DOC,EKS000018382,,,,,,,,2026-03-24 14:47:06,,,N,,0.00000,0.00000,0.00000,0.00000,,,,,,,,,,,,,0
2010455,Загрузка ручная,,MN,,,user2349,,,2026-03-24 14:47:06,2026-03-24 14:47:06,,,,,,,,,,,N,,SHIPPING_DOC,EKS000018382,,,,,,,,2026-03-24 14:47:06,,,N,,0.00000,0.00000,0.00000,0.00000,,,,,,,,,,,,,0
2010456,Загрузка механизмами,,MN,,,USER2358,,,2026-03-24 14:47:43,2026-03-24 14:47:43,,,,,,,,,,,N,,SHIPPING_DOC,EKS000018382,,,,,,,,2026-03-24 14:47:43,,,N,,0.00000,0.00000,0.00000,0.00000,,,,,,,,,,,,,0
2010457,Загрузка ручная,,MN,,,USER2358,,,2026-03-24 14:47:43,2026-03-24 14:47:43,,,,,,,,,,,N,,SHIPPING_DOC,EKS000018382,,,,,,,,2026-03-24 14:47:43,,,N,,0.00000,0.00000,0.00000,0.00000,,,,,,,,,,,,,0
2010458,Загрузка механизмами,,MN,,,USER2358,,,2026-03-24 15:01:13,2026-03-24 15:01:13,,,,,,,,,,,N,,SHIPPING_DOC,EKS000017880,,,,,,,,2026-03-24 15:01:13,,,N,,0.00000,0.00000,0.00000,0.00000,,,,,,,,,,,,,0
2010459,Загрузка механизмами,,MN,,,USER2358,,,2026-03-24 15:01:13,2026-03-24 15:01:13,,,,,,,,,,,N,,SHIPPING_DOC,EKS000018206,,,,,,,,2026-03-24 15:01:13,,,N,,0.00000,0.00000,0.00000,0.00000,,,,,,,,,,,,,0
2010460,Загрузка ручная,,MN,,,USER2358,,,2026-03-24 15:01:13,2026-03-24 15:01:13,,,,,,,,,,,N,,SHIPPING_DOC,EKS000017880,,,,,,,,2026-03-24 15:01:13,,,N,,0.00000,0.00000,0.00000,0.00000,,,,,,,,,,,,,0
2010461,Загрузка ручная,,MN,,,USER2358,,,2026-03-24 15:01:13,2026-03-24 15:01:13,,,,,,,,,,,N,,SHIPPING_DOC,EKS000018206,,,,,,,,2026-03-24 15:01:13,,,N,,0.00000,0.00000,0.00000,0.00000,,,,,,,,,,,,,0
2010462,Разгрузка механизмами,,MN,,,USER2366,,,2026-03-24 15:07:00,2026-03-24 15:07:00,,,,,,,,,,,N,,RECEIPT_DOC,EKS000005916,,,,,,,,2026-03-24 15:07:00,,,N,,0.00000,0.00000,0.00000,0.00000,,,,,,,,,,,,,0
2010463,Разгрузка ручная,,MN,,,USER2366,,,2026-03-24 15:07:00,2026-03-24 15:07:00,,,,,,,,,,,N,,RECEIPT_DOC,EKS000005916,,,,,,,,2026-03-24 15:07:00,,,N,,0.00000,0.00000,0.00000,0.00000,,,,,,,,,,,,,0
2010464,Разгрузка механизмами,,MN,,,USER2366,,,2026-03-24 15:07:05,2026-03-24 15:07:05,,,,,,,,,,,N,,RECEIPT_DOC,EKS000005917,,,,,,,,2026-03-24 15:07:05,,,N,,0.00000,0.00000,0.00000,0.00000,,,,,,,,,,,,,0
2010465,Разгрузка ручная,,MN,,,USER2366,,,2026-03-24 15:07:05,2026-03-24 15:07:05,,,,,,,,,,,N,,RECEIPT_DOC,EKS000005917,,,,,,,,2026-03-24 15:07:05,,,N,,0.00000,0.00000,0.00000,0.00000,,,,,,,,,,,,,0
2010466,Разгрузка механизмами,,MN,,,USER2366,,,2026-03-24 15:07:09,2026-03-24 15:07:09,,,,,,,,,,,N,,RECEIPT_DOC,EKS000005918,,,,,,,,2026-03-24 15:07:09,,,N,,0.00000,0.00000,0.00000,0.00000,,,,,,,,,,,,,0
2010467,Разгрузка ручная,,MN,,,USER2366,,,2026-03-24 15:07:09,2026-03-24 15:07:09,,,,,,,,,,,N,,RECEIPT_DOC,EKS000005918,,,,,,,,2026-03-24 15:07:09,,,N,,0.00000,0.00000,0.00000,0.00000,,,,,,,,,,,,,0
2010468,Разгрузка механизмами,,MN,,,USER2366,,,2026-03-24 15:07:12,2026-03-24 15:07:12,,,,,,,,,,,N,,RECEIPT_DOC,EKS000005919,,,,,,,,2026-03-24 15:07:12,,,N,,0.00000,0.00000,0.00000,0.00000,,,,,,,,,,,,,0
2010469,Разгрузка ручная,,MN,,,USER2366,,,2026-03-24 15:07:12,2026-03-24 15:07:12,,,,,,,,,,,N,,RECEIPT_DOC,EKS000005919,,,,,,,,2026-03-24 15:07:12,,,N,,0.00000,0.00000,0.00000,0.00000,,,,,,,,,,,,,0
2010470,Разгрузка механизмами,,MN,,,USER2366,,,2026-03-24 15:07:16,2026-03-24 15:07:16,,,,,,,,,,,N,,RECEIPT_DOC,EKS000005920,,,,,,,,2026-03-24 15:07:16,,,N,,0.00000,0.00000,0.00000,0.00000,,,,,,,,,,,,,0
2010471,Разгрузка ручная,,MN,,,USER2366,,,2026-03-24 15:07:16,2026-03-24 15:07:16,,,,,,,,,,,N,,RECEIPT_DOC,EKS000005920,,,,,,,,2026-03-24 15:07:16,,,N,,0.00000,0.00000,0.00000,0.00000,,,,,,,,,,,,,0
2010472,Разгрузка механизмами,,MN,,,USER2366,,,2026-03-24 15:07:20,2026-03-24 15:07:20,,,,,,,,,,,N,,RECEIPT_DOC,EKS000005921,,,,,,,,2026-03-24 15:07:20,,,N,,0.00000,0.00000,0.00000,0.00000,,,,,,,,,,,,,0
2010473,Разгрузка ручная,,MN,,,USER2366,,,2026-03-24 15:07:20,2026-03-24 15:07:20,,,,,,,,,,,N,,RECEIPT_DOC,EKS000005921,,,,,,,,2026-03-24 15:07:20,,,N,,0.00000,0.00000,0.00000,0.00000,,,,,,,,,,,,,0
2010474,Разгрузка механизмами,,MN,,,USER2366,,,2026-03-24 15:07:23,2026-03-24 15:07:23,,,,,,,,,,,N,,RECEIPT_DOC,EKS000005922,,,,,,,,2026-03-24 15:07:23,,,N,,0.00000,0.00000,0.00000,0.00000,,,,,,,,,,,,,0
2010475,Разгрузка ручная,,MN,,,USER2366,,,2026-03-24 15:07:23,2026-03-24 15:07:23,,,,,,,,,,,N,,RECEIPT_DOC,EKS000005922,,,,,,,,2026-03-24 15:07:23,,,N,,0.00000,0.00000,0.00000,0.00000,,,,,,,,,,,,,0
2010476,Разгрузка механизмами,,MN,,,USER2366,,,2026-03-24 15:07:26,2026-03-24 15:07:26,,,,,,,,,,,N,,RECEIPT_DOC,EKS000005923,,,,,,,,2026-03-24 15:07:26,,,N,,0.00000,0.00000,0.00000,0.00000,,,,,,,,,,,,,0
2010477,Разгрузка ручная,,MN,,,USER2366,,,2026-03-24 15:07:26,2026-03-24 15:07:26,,,,,,,,,,,N,,RECEIPT_DOC,EKS000005923,,,,,,,,2026-03-24 15:07:26,,,N,,0.00000,0.00000,0.00000,0.00000,,,,,,,,,,,,,0
2010478,Разгрузка механизмами,,MN,,,USER2366,,,2026-03-24 15:07:29,2026-03-24 15:07:29,,,,,,,,,,,N,,RECEIPT_DOC,EKS000005924,,,,,,,,2026-03-24 15:07:29,,,N,,0.00000,0.00000,0.00000,0.00000,,,,,,,,,,,,,0
2010479,Разгрузка ручная,,MN,,,USER2366,,,2026-03-24 15:07:29,2026-03-24 15:07:29,,,,,,,,,,,N,,RECEIPT_DOC,EKS000005924,,,,,,,,2026-03-24 15:07:29,,,N,,0.00000,0.00000,0.00000,0.00000,,,,,,,,,,,,,0
2010480,Разгрузка механизмами,,MN,,,USER2366,,,2026-03-24 15:07:32,2026-03-24 15:07:32,,,,,,,,,,,N,,RECEIPT_DOC,EKS000005925,,,,,,,,2026-03-24 15:07:32,,,N,,0.00000,0.00000,0.00000,0.00000,,,,,,,,,,,,,0
2010481,Разгрузка ручная,,MN,,,USER2366,,,2026-03-24 15:07:32,2026-03-24 15:07:32,,,,,,,,,,,N,,RECEIPT_DOC,EKS000005925,,,,,,,,2026-03-24 15:07:32,,,N,,0.00000,0.00000,0.00000,0.00000,,,,,,,,,,,,,0
2010482,Разгрузка механизмами,,MN,,,USER3125,,,2026-03-24 15:43:34,2026-03-24 15:43:34,,,,,,,,,,,N,,RECEIPT_DOC,EKS000005926,,,,,,,,2026-03-24 15:43:34,,,N,,0.00000,0.00000,0.00000,0.00000,,,,,,,,,,,,,0
2010483,Разгрузка ручная,,MN,,,USER3125,,,2026-03-24 15:43:34,2026-03-24 15:43:34,,,,,,,,,,,N,,RECEIPT_DOC,EKS000005926,,,,,,,,2026-03-24 15:43:34,,,N,,0.00000,0.00000,0.00000,0.00000,,,,,,,,,,,,,0
2010484,Разгрузка механизмами,,MN,,,USER3125,,,2026-03-24 15:43:38,2026-03-24 15:43:38,,,,,,,,,,,N,,RECEIPT_DOC,EKS000005927,,,,,,,,2026-03-24 15:43:38,,,N,,0.00000,0.00000,0.00000,0.00000,,,,,,,,,,,,,0
2010485,Разгрузка ручная,,MN,,,USER3125,,,2026-03-24 15:43:38,2026-03-24 15:43:38,,,,,,,,,,,N,,RECEIPT_DOC,EKS000005927,,,,,,,,2026-03-24 15:43:38,,,N,,0.00000,0.00000,0.00000,0.00000,,,,,,,,,,,,,0
2010486,Разгрузка механизмами,,MN,,,USER3125,,,2026-03-24 15:43:41,2026-03-24 15:43:41,,,,,,,,,,,N,,RECEIPT_DOC,EKS000005928,,,,,,,,2026-03-24 15:43:41,,,N,,0.00000,0.00000,0.00000,0.00000,,,,,,,,,,,,,0
2010487,Разгрузка ручная,,MN,,,USER3125,,,2026-03-24 15:43:41,2026-03-24 15:43:41,,,,,,,,,,,N,,RECEIPT_DOC,EKS000005928,,,,,,,,2026-03-24 15:43:41,,,N,,0.00000,0.00000,0.00000,0.00000,,,,,,,,,,,,,0
2010488,Разгрузка механизмами,,MN,,,USER3125,,,2026-03-24 15:43:44,2026-03-24 15:43:44,,,,,,,,,,,N,,RECEIPT_DOC,EKS000005929,,,,,,,,2026-03-24 15:43:44,,,N,,0.00000,0.00000,0.00000,0.00000,,,,,,,,,,,,,0
2010489,Разгрузка ручная,,MN,,,USER3125,,,2026-03-24 15:43:44,2026-03-24 15:43:44,,,,,,,,,,,N,,RECEIPT_DOC,EKS000005929,,,,,,,,2026-03-24 15:43:44,,,N,,0.00000,0.00000,0.00000,0.00000,,,,,,,,,,,,,0
2010490,Разгрузка механизмами,,MN,,,USER3125,,,2026-03-24 15:43:48,2026-03-24 15:43:48,,,,,,,,,,,N,,RECEIPT_DOC,EKS000005930,,,,,,,,2026-03-24 15:43:48,,,N,,0.00000,0.00000,0.00000,0.00000,,,,,,,,,,,,,0
2010491,Разгрузка ручная,,MN,,,USER3125,,,2026-03-24 15:43:48,2026-03-24 15:43:48,,,,,,,,,,,N,,RECEIPT_DOC,EKS000005930,,,,,,,,2026-03-24 15:43:48,,,N,,0.00000,0.00000,0.00000,0.00000,,,,,,,,,,,,,0
2010492,Разгрузка механизмами,,MN,,,USER3125,,,2026-03-24 15:43:53,2026-03-24 15:43:53,,,,,,,,,,,N,,RECEIPT_DOC,EKS000005931,,,,,,,,2026-03-24 15:43:53,,,N,,0.00000,0.00000,0.00000,0.00000,,,,,,,,,,,,,0
2010493,Разгрузка ручная,,MN,,,USER3125,,,2026-03-24 15:43:53,2026-03-24 15:43:53,,,,,,,,,,,N,,RECEIPT_DOC,EKS000005931,,,,,,,,2026-03-24 15:43:53,,,N,,0.00000,0.00000,0.00000,0.00000,,,,,,,,,,,,,0
2010494,Разгрузка механизмами,,MN,,,USER3125,,,2026-03-24 15:43:56,2026-03-24 15:43:56,,,,,,,,,,,N,,RECEIPT_DOC,EKS000005932,,,,,,,,2026-03-24 15:43:56,,,N,,0.00000,0.00000,0.00000,0.00000,,,,,,,,,,,,,0
2010495,Разгрузка ручная,,MN,,,USER3125,,,2026-03-24 15:43:56,2026-03-24 15:43:56,,,,,,,,,,,N,,RECEIPT_DOC,EKS000005932,,,,,,,,2026-03-24 15:43:56,,,N,,0.00000,0.00000,0.00000,0.00000,,,,,,,,,,,,,0
2010496,Загрузка механизмами,,MN,,,user2349,,,2026-03-24 15:55:27,2026-03-24 15:55:27,,,,,,,,,,,N,,SHIPPING_DOC,EKS000018483,,,,,,,,2026-03-24 15:55:27,,,N,,0.00000,0.00000,0.00000,0.00000,,,,,,,,,,,,,0
2010497,Загрузка механизмами,,MN,,,user2349,,,2026-03-24 15:55:27,2026-03-24 15:55:27,,,,,,,,,,,N,,SHIPPING_DOC,EKS000018486,,,,,,,,2026-03-24 15:55:27,,,N,,0.00000,0.00000,0.00000,0.00000,,,,,,,,,,,,,0
2010498,Загрузка ручная,,MN,,,user2349,,,2026-03-24 15:55:27,2026-03-24 15:55:27,,,,,,,,,,,N,,SHIPPING_DOC,EKS000018483,,,,,,,,2026-03-24 15:55:27,,,N,,0.00000,0.00000,0.00000,0.00000,,,,,,,,,,,,,0
2010499,Загрузка ручная,,MN,,,user2349,,,2026-03-24 15:55:27,2026-03-24 15:55:27,,,,,,,,,,,N,,SHIPPING_DOC,EKS000018486,,,,,,,,2026-03-24 15:55:27,,,N,,0.00000,0.00000,0.00000,0.00000,,,,,,,,,,,,,0
2010500,Загрузка механизмами,,MN,,,e.ulishchenko,,,2026-03-24 16:03:18,2026-03-24 16:03:18,,,,,,,,,,,N,,SHIPPING_DOC,EKS000018153,,,,,,,,2026-03-24 16:03:18,,,N,,0.00000,0.00000,0.00000,0.00000,,,,,,,,,,,,,0
2010501,Загрузка ручная,,MN,,,e.ulishchenko,,,2026-03-24 16:03:18,2026-03-24 16:03:18,,,,,,,,,,,N,,SHIPPING_DOC,EKS000018153,,,,,,,,2026-03-24 16:03:18,,,N,,0.00000,0.00000,0.00000,0.00000,,,,,,,,,,,,,0
2010502,Загрузка механизмами,,MN,,,user2349,,,2026-03-24 16:17:26,2026-03-24 16:17:26,,,,,,,,,,,N,,SHIPPING_DOC,EKS000018485,,,,,,,,2026-03-24 16:17:26,,,N,,0.00000,0.00000,0.00000,0.00000,,,,,,,,,,,,,0
2010503,Загрузка механизмами,,MN,,,user2349,,,2026-03-24 16:17:26,2026-03-24 16:17:26,,,,,,,,,,,N,,SHIPPING_DOC,EKS000018356,,,,,,,,2026-03-24 16:17:26,,,N,,0.00000,0.00000,0.00000,0.00000,,,,,,,,,,,,,0
2010504,Загрузка механизмами,,MN,,,user2349,,,2026-03-24 16:17:26,2026-03-24 16:17:26,,,,,,,,,,,N,,SHIPPING_DOC,EKS000018470,,,,,,,,2026-03-24 16:17:26,,,N,,0.00000,0.00000,0.00000,0.00000,,,,,,,,,,,,,0
2010505,Загрузка механизмами,,MN,,,user2349,,,2026-03-24 16:17:26,2026-03-24 16:17:26,,,,,,,,,,,N,,SHIPPING_DOC,EKS000018243,,,,,,,,2026-03-24 16:17:26,,,N,,0.00000,0.00000,0.00000,0.00000,,,,,,,,,,,,,0
2010506,Загрузка механизмами,,MN,,,user2349,,,2026-03-24 16:17:26,2026-03-24 16:17:26,,,,,,,,,,,N,,SHIPPING_DOC,EKS000018246,,,,,,,,2026-03-24 16:17:26,,,N,,0.00000,0.00000,0.00000,0.00000,,,,,,,,,,,,,0
2010507,Загрузка механизмами,,MN,,,user2349,,,2026-03-24 16:17:26,2026-03-24 16:17:26,,,,,,,,,,,N,,SHIPPING_DOC,EKS000018250,,,,,,,,2026-03-24 16:17:26,,,N,,0.00000,0.00000,0.00000,0.00000,,,,,,,,,,,,,0
2010508,Загрузка механизмами,,MN,,,user2349,,,2026-03-24 16:17:26,2026-03-24 16:17:26,,,,,,,,,,,N,,SHIPPING_DOC,EKS000018266,,,,,,,,2026-03-24 16:17:26,,,N,,0.00000,0.00000,0.00000,0.00000,,,,,,,,,,,,,0
2010509,Загрузка механизмами,,MN,,,user2349,,,2026-03-24 16:17:26,2026-03-24 16:17:26,,,,,,,,,,,N,,SHIPPING_DOC,EKS000018281,,,,,,,,2026-03-24 16:17:26,,,N,,0.00000,0.00000,0.00000,0.00000,,,,,,,,,,,,,0
2010510,Загрузка механизмами,,MN,,,user2349,,,2026-03-24 16:17:26,2026-03-24 16:17:26,,,,,,,,,,,N,,SHIPPING_DOC,EKS000018304,,,,,,,,2026-03-24 16:17:26,,,N,,0.00000,0.00000,0.00000,0.00000,,,,,,,,,,,,,0
2010511,Загрузка механизмами,,MN,,,user2349,,,2026-03-24 16:17:26,2026-03-24 16:17:26,,,,,,,,,,,N,,SHIPPING_DOC,EKS000018305,,,,,,,,2026-03-24 16:17:26,,,N,,0.00000,0.00000,0.00000,0.00000,,,,,,,,,,,,,0
2010512,Загрузка механизмами,,MN,,,user2349,,,2026-03-24 16:17:26,2026-03-24 16:17:26,,,,,,,,,,,N,,SHIPPING_DOC,EKS000018306,,,,,,,,2026-03-24 16:17:26,,,N,,0.00000,0.00000,0.00000,0.00000,,,,,,,,,,,,,0
2010513,Загрузка механизмами,,MN,,,user2349,,,2026-03-24 16:17:26,2026-03-24 16:17:26,,,,,,,,,,,N,,SHIPPING_DOC,EKS000018307,,,,,,,,2026-03-24 16:17:26,,,N,,0.00000,0.00000,0.00000,0.00000,,,,,,,,,,,,,0
2010514,Загрузка механизмами,,MN,,,user2349,,,2026-03-24 16:17:26,2026-03-24 16:17:26,,,,,,,,,,,N,,SHIPPING_DOC,EKS000018308,,,,,,,,2026-03-24 16:17:26,,,N,,0.00000,0.00000,0.00000,0.00000,,,,,,,,,,,,,0
2010515,Загрузка механизмами,,MN,,,user2349,,,2026-03-24 16:17:26,2026-03-24 16:17:26,,,,,,,,,,,N,,SHIPPING_DOC,EKS000018321,,,,,,,,2026-03-24 16:17:26,,,N,,0.00000,0.00000,0.00000,0.00000,,,,,,,,,,,,,0
2010516,Загрузка механизмами,,MN,,,user2349,,,2026-03-24 16:17:26,2026-03-24 16:17:26,,,,,,,,,,,N,,SHIPPING_DOC,EKS000018330,,,,,,,,2026-03-24 16:17:26,,,N,,0.00000,0.00000,0.00000,0.00000,,,,,,,,,,,,,0
2010517,Загрузка механизмами,,MN,,,user2349,,,2026-03-24 16:17:26,2026-03-24 16:17:26,,,,,,,,,,,N,,SHIPPING_DOC,EKS000018336,,,,,,,,2026-03-24 16:17:26,,,N,,0.00000,0.00000,0.00000,0.00000,,,,,,,,,,,,,0
2010518,Загрузка механизмами,,MN,,,user2349,,,2026-03-24 16:17:26,2026-03-24 16:17:26,,,,,,,,,,,N,,SHIPPING_DOC,EKS000018320,,,,,,,,2026-03-24 16:17:26,,,N,,0.00000,0.00000,0.00000,0.00000,,,,,,,,,,,,,0
2010519,Загрузка механизмами,,MN,,,user2349,,,2026-03-24 16:17:26,2026-03-24 16:17:26,,,,,,,,,,,N,,SHIPPING_DOC,EKS000018351,,,,,,,,2026-03-24 16:17:26,,,N,,0.00000,0.00000,0.00000,0.00000,,,,,,,,,,,,,0
2010520,Загрузка механизмами,,MN,,,user2349,,,2026-03-24 16:17:26,2026-03-24 16:17:26,,,,,,,,,,,N,,SHIPPING_DOC,EKS000018352,,,,,,,,2026-03-24 16:17:26,,,N,,0.00000,0.00000,0.00000,0.00000,,,,,,,,,,,,,0
2010521,Загрузка механизмами,,MN,,,user2349,,,2026-03-24 16:17:26,2026-03-24 16:17:26,,,,,,,,,,,N,,SHIPPING_DOC,EKS000018354,,,,,,,,2026-03-24 16:17:26,,,N,,0.00000,0.00000,0.00000,0.00000,,,,,,,,,,,,,0
2010522,Загрузка механизмами,,MN,,,user2349,,,2026-03-24 16:17:26,2026-03-24 16:17:26,,,,,,,,,,,N,,SHIPPING_DOC,EKS000018358,,,,,,,,2026-03-24 16:17:26,,,N,,0.00000,0.00000,0.00000,0.00000,,,,,,,,,,,,,0
2010523,Загрузка механизмами,,MN,,,user2349,,,2026-03-24 16:17:26,2026-03-24 16:17:26,,,,,,,,,,,N,,SHIPPING_DOC,TR-24/03/2026-05,,,,,,,,2026-03-24 16:17:26,,,N,,0.00000,0.00000,0.00000,0.00000,,,,,,,,,,,,,0
2010524,Загрузка ручная,,MN,,,user2349,,,2026-03-24 16:17:26,2026-03-24 16:17:26,,,,,,,,,,,N,,SHIPPING_DOC,EKS000018485,,,,,,,,2026-03-24 16:17:26,,,N,,0.00000,0.00000,0.00000,0.00000,,,,,,,,,,,,,0
2010525,Загрузка ручная,,MN,,,user2349,,,2026-03-24 16:17:26,2026-03-24 16:17:26,,,,,,,,,,,N,,SHIPPING_DOC,EKS000018356,,,,,,,,2026-03-24 16:17:26,,,N,,0.00000,0.00000,0.00000,0.00000,,,,,,,,,,,,,0
2010526,Загрузка ручная,,MN,,,user2349,,,2026-03-24 16:17:26,2026-03-24 16:17:26,,,,,,,,,,,N,,SHIPPING_DOC,EKS000018470,,,,,,,,2026-03-24 16:17:26,,,N,,0.00000,0.00000,0.00000,0.00000,,,,,,,,,,,,,0
2010527,Загрузка ручная,,MN,,,user2349,,,2026-03-24 16:17:26,2026-03-24 16:17:26,,,,,,,,,,,N,,SHIPPING_DOC,EKS000018243,,,,,,,,2026-03-24 16:17:26,,,N,,0.00000,0.00000,0.00000,0.00000,,,,,,,,,,,,,0
2010528,Загрузка ручная,,MN,,,user2349,,,2026-03-24 16:17:26,2026-03-24 16:17:26,,,,,,,,,,,N,,SHIPPING_DOC,EKS000018246,,,,,,,,2026-03-24 16:17:26,,,N,,0.00000,0.00000,0.00000,0.00000,,,,,,,,,,,,,0
2010529,Загрузка ручная,,MN,,,user2349,,,2026-03-24 16:17:26,2026-03-24 16:17:26,,,,,,,,,,,N,,SHIPPING_DOC,EKS000018250,,,,,,,,2026-03-24 16:17:26,,,N,,0.00000,0.00000,0.00000,0.00000,,,,,,,,,,,,,0
2010530,Загрузка ручная,,MN,,,user2349,,,2026-03-24 16:17:26,2026-03-24 16:17:26,,,,,,,,,,,N,,SHIPPING_DOC,EKS000018266,,,,,,,,2026-03-24 16:17:26,,,N,,0.00000,0.00000,0.00000,0.00000,,,,,,,,,,,,,0
2010531,Загрузка ручная,,MN,,,user2349,,,2026-03-24 16:17:26,2026-03-24 16:17:26,,,,,,,,,,,N,,SHIPPING_DOC,EKS000018281,,,,,,,,2026-03-24 16:17:26,,,N,,0.00000,0.00000,0.00000,0.00000,,,,,,,,,,,,,0
2010532,Загрузка ручная,,MN,,,user2349,,,2026-03-24 16:17:26,2026-03-24 16:17:26,,,,,,,,,,,N,,SHIPPING_DOC,EKS000018304,,,,,,,,2026-03-24 16:17:26,,,N,,0.00000,0.00000,0.00000,0.00000,,,,,,,,,,,,,0
2010533,Загрузка ручная,,MN,,,user2349,,,2026-03-24 16:17:26,2026-03-24 16:17:26,,,,,,,,,,,N,,SHIPPING_DOC,EKS000018305,,,,,,,,2026-03-24 16:17:26,,,N,,0.00000,0.00000,0.00000,0.00000,,,,,,,,,,,,,0
2010534,Загрузка ручная,,MN,,,user2349,,,2026-03-24 16:17:26,2026-03-24 16:17:26,,,,,,,,,,,N,,SHIPPING_DOC,EKS000018306,,,,,,,,2026-03-24 16:17:26,,,N,,0.00000,0.00000,0.00000,0.00000,,,,,,,,,,,,,0
2010535,Загрузка ручная,,MN,,,user2349,,,2026-03-24 16:17:26,2026-03-24 16:17:26,,,,,,,,,,,N,,SHIPPING_DOC,EKS000018307,,,,,,,,2026-03-24 16:17:26,,,N,,0.00000,0.00000,0.00000,0.00000,,,,,,,,,,,,,0
2010536,Загрузка ручная,,MN,,,user2349,,,2026-03-24 16:17:26,2026-03-24 16:17:26,,,,,,,,,,,N,,SHIPPING_DOC,EKS000018308,,,,,,,,2026-03-24 16:17:26,,,N,,0.00000,0.00000,0.00000,0.00000,,,,,,,,,,,,,0
2010537,Загрузка ручная,,MN,,,user2349,,,2026-03-24 16:17:26,2026-03-24 16:17:26,,,,,,,,,,,N,,SHIPPING_DOC,EKS000018321,,,,,,,,2026-03-24 16:17:26,,,N,,0.00000,0.00000,0.00000,0.00000,,,,,,,,,,,,,0
2010538,Загрузка ручная,,MN,,,user2349,,,2026-03-24 16:17:26,2026-03-24 16:17:26,,,,,,,,,,,N,,SHIPPING_DOC,EKS000018330,,,,,,,,2026-03-24 16:17:26,,,N,,0.00000,0.00000,0.00000,0.00000,,,,,,,,,,,,,0
2010539,Загрузка ручная,,MN,,,user2349,,,2026-03-24 16:17:26,2026-03-24 16:17:26,,,,,,,,,,,N,,SHIPPING_DOC,EKS000018336,,,,,,,,2026-03-24 16:17:26,,,N,,0.00000,0.00000,0.00000,0.00000,,,,,,,,,,,,,0
2010540,Загрузка ручная,,MN,,,user2349,,,2026-03-24 16:17:26,2026-03-24 16:17:26,,,,,,,,,,,N,,SHIPPING_DOC,EKS000018320,,,,,,,,2026-03-24 16:17:26,,,N,,0.00000,0.00000,0.00000,0.00000,,,,,,,,,,,,,0
2010541,Загрузка ручная,,MN,,,user2349,,,2026-03-24 16:17:26,2026-03-24 16:17:26,,,,,,,,,,,N,,SHIPPING_DOC,EKS000018351,,,,,,,,2026-03-24 16:17:26,,,N,,0.00000,0.00000,0.00000,0.00000,,,,,,,,,,,,,0
2010542,Загрузка ручная,,MN,,,user2349,,,2026-03-24 16:17:26,2026-03-24 16:17:26,,,,,,,,,,,N,,SHIPPING_DOC,EKS000018352,,,,,,,,2026-03-24 16:17:26,,,N,,0.00000,0.00000,0.00000,0.00000,,,,,,,,,,,,,0
2010543,Загрузка ручная,,MN,,,user2349,,,2026-03-24 16:17:26,2026-03-24 16:17:26,,,,,,,,,,,N,,SHIPPING_DOC,EKS000018354,,,,,,,,2026-03-24 16:17:26,,,N,,0.00000,0.00000,0.00000,0.00000,,,,,,,,,,,,,0
2010544,Загрузка ручная,,MN,,,user2349,,,2026-03-24 16:17:26,2026-03-24 16:17:26,,,,,,,,,,,N,,SHIPPING_DOC,EKS000018358,,,,,,,,2026-03-24 16:17:26,,,N,,0.00000,0.00000,0.00000,0.00000,,,,,,,,,,,,,0
2010545,Загрузка ручная,,MN,,,user2349,,,2026-03-24 16:17:26,2026-03-24 16:17:26,,,,,,,,,,,N,,SHIPPING_DOC,TR-24/03/2026-05,,,,,,,,2026-03-24 16:17:26,,,N,,0.00000,0.00000,0.00000,0.00000,,,,,,,,,,,,,0
2010546,Загрузка механизмами,,MN,,,USER2358,,,2026-03-24 16:18:26,2026-03-24 16:18:26,,,,,,,,,,,N,,SHIPPING_DOC,EKS000018485,,,,,,,,2026-03-24 16:18:26,,,N,,0.00000,0.00000,0.00000,0.00000,,,,,,,,,,,,,0
2010547,Загрузка механизмами,,MN,,,USER2358,,,2026-03-24 16:18:26,2026-03-24 16:18:26,,,,,,,,,,,N,,SHIPPING_DOC,EKS000018356,,,,,,,,2026-03-24 16:18:26,,,N,,0.00000,0.00000,0.00000,0.00000,,,,,,,,,,,,,0
2010548,Загрузка механизмами,,MN,,,USER2358,,,2026-03-24 16:18:26,2026-03-24 16:18:26,,,,,,,,,,,N,,SHIPPING_DOC,EKS000018470,,,,,,,,2026-03-24 16:18:26,,,N,,0.00000,0.00000,0.00000,0.00000,,,,,,,,,,,,,0
2010549,Загрузка механизмами,,MN,,,USER2358,,,2026-03-24 16:18:26,2026-03-24 16:18:26,,,,,,,,,,,N,,SHIPPING_DOC,EKS000018243,,,,,,,,2026-03-24 16:18:26,,,N,,0.00000,0.00000,0.00000,0.00000,,,,,,,,,,,,,0
2010550,Загрузка механизмами,,MN,,,USER2358,,,2026-03-24 16:18:26,2026-03-24 16:18:26,,,,,,,,,,,N,,SHIPPING_DOC,EKS000018246,,,,,,,,2026-03-24 16:18:26,,,N,,0.00000,0.00000,0.00000,0.00000,,,,,,,,,,,,,0
2010551,Загрузка механизмами,,MN,,,USER2358,,,2026-03-24 16:18:26,2026-03-24 16:18:26,,,,,,,,,,,N,,SHIPPING_DOC,EKS000018250,,,,,,,,2026-03-24 16:18:26,,,N,,0.00000,0.00000,0.00000,0.00000,,,,,,,,,,,,,0
2010552,Загрузка механизмами,,MN,,,USER2358,,,2026-03-24 16:18:26,2026-03-24 16:18:26,,,,,,,,,,,N,,SHIPPING_DOC,EKS000018266,,,,,,,,2026-03-24 16:18:26,,,N,,0.00000,0.00000,0.00000,0.00000,,,,,,,,,,,,,0
2010553,Загрузка механизмами,,MN,,,USER2358,,,2026-03-24 16:18:26,2026-03-24 16:18:26,,,,,,,,,,,N,,SHIPPING_DOC,EKS000018281,,,,,,,,2026-03-24 16:18:26,,,N,,0.00000,0.00000,0.00000,0.00000,,,,,,,,,,,,,0
2010554,Загрузка механизмами,,MN,,,USER2358,,,2026-03-24 16:18:26,2026-03-24 16:18:26,,,,,,,,,,,N,,SHIPPING_DOC,EKS000018304,,,,,,,,2026-03-24 16:18:26,,,N,,0.00000,0.00000,0.00000,0.00000,,,,,,,,,,,,,0
2010555,Загрузка механизмами,,MN,,,USER2358,,,2026-03-24 16:18:26,2026-03-24 16:18:26,,,,,,,,,,,N,,SHIPPING_DOC,EKS000018305,,,,,,,,2026-03-24 16:18:26,,,N,,0.00000,0.00000,0.00000,0.00000,,,,,,,,,,,,,0
2010556,Загрузка механизмами,,MN,,,USER2358,,,2026-03-24 16:18:26,2026-03-24 16:18:26,,,,,,,,,,,N,,SHIPPING_DOC,EKS000018306,,,,,,,,2026-03-24 16:18:26,,,N,,0.00000,0.00000,0.00000,0.00000,,,,,,,,,,,,,0
2010557,Загрузка механизмами,,MN,,,USER2358,,,2026-03-24 16:18:26,2026-03-24 16:18:26,,,,,,,,,,,N,,SHIPPING_DOC,EKS000018307,,,,,,,,2026-03-24 16:18:26,,,N,,0.00000,0.00000,0.00000,0.00000,,,,,,,,,,,,,0
2010558,Загрузка механизмами,,MN,,,USER2358,,,2026-03-24 16:18:26,2026-03-24 16:18:26,,,,,,,,,,,N,,SHIPPING_DOC,EKS000018308,,,,,,,,2026-03-24 16:18:26,,,N,,0.00000,0.00000,0.00000,0.00000,,,,,,,,,,,,,0
2010559,Загрузка механизмами,,MN,,,USER2358,,,2026-03-24 16:18:26,2026-03-24 16:18:26,,,,,,,,,,,N,,SHIPPING_DOC,EKS000018321,,,,,,,,2026-03-24 16:18:26,,,N,,0.00000,0.00000,0.00000,0.00000,,,,,,,,,,,,,0
2010560,Загрузка механизмами,,MN,,,USER2358,,,2026-03-24 16:18:26,2026-03-24 16:18:26,,,,,,,,,,,N,,SHIPPING_DOC,EKS000018330,,,,,,,,2026-03-24 16:18:26,,,N,,0.00000,0.00000,0.00000,0.00000,,,,,,,,,,,,,0
2010561,Загрузка механизмами,,MN,,,USER2358,,,2026-03-24 16:18:26,2026-03-24 16:18:26,,,,,,,,,,,N,,SHIPPING_DOC,EKS000018336,,,,,,,,2026-03-24 16:18:26,,,N,,0.00000,0.00000,0.00000,0.00000,,,,,,,,,,,,,0
2010562,Загрузка механизмами,,MN,,,USER2358,,,2026-03-24 16:18:26,2026-03-24 16:18:26,,,,,,,,,,,N,,SHIPPING_DOC,EKS000018320,,,,,,,,2026-03-24 16:18:26,,,N,,0.00000,0.00000,0.00000,0.00000,,,,,,,,,,,,,0
2010563,Загрузка механизмами,,MN,,,USER2358,,,2026-03-24 16:18:26,2026-03-24 16:18:26,,,,,,,,,,,N,,SHIPPING_DOC,EKS000018351,,,,,,,,2026-03-24 16:18:26,,,N,,0.00000,0.00000,0.00000,0.00000,,,,,,,,,,,,,0
2010564,Загрузка механизмами,,MN,,,USER2358,,,2026-03-24 16:18:26,2026-03-24 16:18:26,,,,,,,,,,,N,,SHIPPING_DOC,EKS000018352,,,,,,,,2026-03-24 16:18:26,,,N,,0.00000,0.00000,0.00000,0.00000,,,,,,,,,,,,,0
2010565,Загрузка механизмами,,MN,,,USER2358,,,2026-03-24 16:18:26,2026-03-24 16:18:26,,,,,,,,,,,N,,SHIPPING_DOC,EKS000018354,,,,,,,,2026-03-24 16:18:26,,,N,,0.00000,0.00000,0.00000,0.00000,,,,,,,,,,,,,0
2010566,Загрузка механизмами,,MN,,,USER2358,,,2026-03-24 16:18:26,2026-03-24 16:18:26,,,,,,,,,,,N,,SHIPPING_DOC,EKS000018358,,,,,,,,2026-03-24 16:18:26,,,N,,0.00000,0.00000,0.00000,0.00000,,,,,,,,,,,,,0
2010567,Загрузка механизмами,,MN,,,USER2358,,,2026-03-24 16:18:26,2026-03-24 16:18:26,,,,,,,,,,,N,,SHIPPING_DOC,TR-24/03/2026-05,,,,,,,,2026-03-24 16:18:26,,,N,,0.00000,0.00000,0.00000,0.00000,,,,,,,,,,,,,0
2010568,Загрузка ручная,,MN,,,USER2358,,,2026-03-24 16:18:26,2026-03-24 16:18:26,,,,,,,,,,,N,,SHIPPING_DOC,EKS000018485,,,,,,,,2026-03-24 16:18:26,,,N,,0.00000,0.00000,0.00000,0.00000,,,,,,,,,,,,,0
2010569,Загрузка ручная,,MN,,,USER2358,,,2026-03-24 16:18:26,2026-03-24 16:18:26,,,,,,,,,,,N,,SHIPPING_DOC,EKS000018356,,,,,,,,2026-03-24 16:18:26,,,N,,0.00000,0.00000,0.00000,0.00000,,,,,,,,,,,,,0
2010570,Загрузка ручная,,MN,,,USER2358,,,2026-03-24 16:18:26,2026-03-24 16:18:26,,,,,,,,,,,N,,SHIPPING_DOC,EKS000018470,,,,,,,,2026-03-24 16:18:26,,,N,,0.00000,0.00000,0.00000,0.00000,,,,,,,,,,,,,0
2010571,Загрузка ручная,,MN,,,USER2358,,,2026-03-24 16:18:26,2026-03-24 16:18:26,,,,,,,,,,,N,,SHIPPING_DOC,EKS000018243,,,,,,,,2026-03-24 16:18:26,,,N,,0.00000,0.00000,0.00000,0.00000,,,,,,,,,,,,,0
2010572,Загрузка ручная,,MN,,,USER2358,,,2026-03-24 16:18:26,2026-03-24 16:18:26,,,,,,,,,,,N,,SHIPPING_DOC,EKS000018246,,,,,,,,2026-03-24 16:18:26,,,N,,0.00000,0.00000,0.00000,0.00000,,,,,,,,,,,,,0
2010573,Загрузка ручная,,MN,,,USER2358,,,2026-03-24 16:18:26,2026-03-24 16:18:26,,,,,,,,,,,N,,SHIPPING_DOC,EKS000018250,,,,,,,,2026-03-24 16:18:26,,,N,,0.00000,0.00000,0.00000,0.00000,,,,,,,,,,,,,0
2010574,Загрузка ручная,,MN,,,USER2358,,,2026-03-24 16:18:26,2026-03-24 16:18:26,,,,,,,,,,,N,,SHIPPING_DOC,EKS000018266,,,,,,,,2026-03-24 16:18:26,,,N,,0.00000,0.00000,0.00000,0.00000,,,,,,,,,,,,,0
2010575,Загрузка ручная,,MN,,,USER2358,,,2026-03-24 16:18:26,2026-03-24 16:18:26,,,,,,,,,,,N,,SHIPPING_DOC,EKS000018281,,,,,,,,2026-03-24 16:18:26,,,N,,0.00000,0.00000,0.00000,0.00000,,,,,,,,,,,,,0
2010576,Загрузка ручная,,MN,,,USER2358,,,2026-03-24 16:18:26,2026-03-24 16:18:26,,,,,,,,,,,N,,SHIPPING_DOC,EKS000018304,,,,,,,,2026-03-24 16:18:26,,,N,,0.00000,0.00000,0.00000,0.00000,,,,,,,,,,,,,0
2010577,Загрузка ручная,,MN,,,USER2358,,,2026-03-24 16:18:26,2026-03-24 16:18:26,,,,,,,,,,,N,,SHIPPING_DOC,EKS000018305,,,,,,,,2026-03-24 16:18:26,,,N,,0.00000,0.00000,0.00000,0.00000,,,,,,,,,,,,,0
2010578,Загрузка ручная,,MN,,,USER2358,,,2026-03-24 16:18:26,2026-03-24 16:18:26,,,,,,,,,,,N,,SHIPPING_DOC,EKS000018306,,,,,,,,2026-03-24 16:18:26,,,N,,0.00000,0.00000,0.00000,0.00000,,,,,,,,,,,,,0
2010579,Загрузка ручная,,MN,,,USER2358,,,2026-03-24 16:18:26,2026-03-24 16:18:26,,,,,,,,,,,N,,SHIPPING_DOC,EKS000018307,,,,,,,,2026-03-24 16:18:26,,,N,,0.00000,0.00000,0.00000,0.00000,,,,,,,,,,,,,0
2010580,Загрузка ручная,,MN,,,USER2358,,,2026-03-24 16:18:26,2026-03-24 16:18:26,,,,,,,,,,,N,,SHIPPING_DOC,EKS000018308,,,,,,,,2026-03-24 16:18:26,,,N,,0.00000,0.00000,0.00000,0.00000,,,,,,,,,,,,,0
2010581,Загрузка ручная,,MN,,,USER2358,,,2026-03-24 16:18:26,2026-03-24 16:18:26,,,,,,,,,,,N,,SHIPPING_DOC,EKS000018321,,,,,,,,2026-03-24 16:18:26,,,N,,0.00000,0.00000,0.00000,0.00000,,,,,,,,,,,,,0
2010582,Загрузка ручная,,MN,,,USER2358,,,2026-03-24 16:18:26,2026-03-24 16:18:26,,,,,,,,,,,N,,SHIPPING_DOC,EKS000018330,,,,,,,,2026-03-24 16:18:26,,,N,,0.00000,0.00000,0.00000,0.00000,,,,,,,,,,,,,0
2010583,Загрузка ручная,,MN,,,USER2358,,,2026-03-24 16:18:26,2026-03-24 16:18:26,,,,,,,,,,,N,,SHIPPING_DOC,EKS000018336,,,,,,,,2026-03-24 16:18:26,,,N,,0.00000,0.00000,0.00000,0.00000,,,,,,,,,,,,,0
2010584,Загрузка ручная,,MN,,,USER2358,,,2026-03-24 16:18:26,2026-03-24 16:18:26,,,,,,,,,,,N,,SHIPPING_DOC,EKS000018320,,,,,,,,2026-03-24 16:18:26,,,N,,0.00000,0.00000,0.00000,0.00000,,,,,,,,,,,,,0
2010585,Загрузка ручная,,MN,,,USER2358,,,2026-03-24 16:18:26,2026-03-24 16:18:26,,,,,,,,,,,N,,SHIPPING_DOC,EKS000018351,,,,,,,,2026-03-24 16:18:26,,,N,,0.00000,0.00000,0.00000,0.00000,,,,,,,,,,,,,0
2010586,Загрузка ручная,,MN,,,USER2358,,,2026-03-24 16:18:26,2026-03-24 16:18:26,,,,,,,,,,,N,,SHIPPING_DOC,EKS000018352,,,,,,,,2026-03-24 16:18:26,,,N,,0.00000,0.00000,0.00000,0.00000,,,,,,,,,,,,,0
2010587,Загрузка ручная,,MN,,,USER2358,,,2026-03-24 16:18:26,2026-03-24 16:18:26,,,,,,,,,,,N,,SHIPPING_DOC,EKS000018354,,,,,,,,2026-03-24 16:18:26,,,N,,0.00000,0.00000,0.00000,0.00000,,,,,,,,,,,,,0
2010588,Загрузка ручная,,MN,,,USER2358,,,2026-03-24 16:18:26,2026-03-24 16:18:26,,,,,,,,,,,N,,SHIPPING_DOC,EKS000018358,,,,,,,,2026-03-24 16:18:26,,,N,,0.00000,0.00000,0.00000,0.00000,,,,,,,,,,,,,0
2010589,Загрузка ручная,,MN,,,USER2358,,,2026-03-24 16:18:26,2026-03-24 16:18:26,,,,,,,,,,,N,,SHIPPING_DOC,TR-24/03/2026-05,,,,,,,,2026-03-24 16:18:26,,,N,,0.00000,0.00000,0.00000,0.00000,,,,,,,,,,,,,0
2010590,Загрузка механизмами,,MN,,,user2249,,,2026-03-24 17:08:38,2026-03-24 17:08:38,,,,,,,,,,,N,,SHIPPING_DOC,EKS000018394,,,,,,,,2026-03-24 17:08:38,,,N,,0.00000,0.00000,0.00000,0.00000,,,,,,,,,,,,,0
2010591,Загрузка механизмами,,MN,,,user2249,,,2026-03-24 17:08:38,2026-03-24 17:08:38,,,,,,,,,,,N,,SHIPPING_DOC,EKS000018444,,,,,,,,2026-03-24 17:08:38,,,N,,0.00000,0.00000,0.00000,0.00000,,,,,,,,,,,,,0
2010592,Загрузка механизмами,,MN,,,user2249,,,2026-03-24 17:08:38,2026-03-24 17:08:38,,,,,,,,,,,N,,SHIPPING_DOC,EKS000018452,,,,,,,,2026-03-24 17:08:38,,,N,,0.00000,0.00000,0.00000,0.00000,,,,,,,,,,,,,0
2010593,Загрузка механизмами,,MN,,,user2249,,,2026-03-24 17:08:38,2026-03-24 17:08:38,,,,,,,,,,,N,,SHIPPING_DOC,EKS000018454,,,,,,,,2026-03-24 17:08:38,,,N,,0.00000,0.00000,0.00000,0.00000,,,,,,,,,,,,,0
2010594,Загрузка механизмами,,MN,,,user2249,,,2026-03-24 17:08:38,2026-03-24 17:08:38,,,,,,,,,,,N,,SHIPPING_DOC,EKS000018458,,,,,,,,2026-03-24 17:08:38,,,N,,0.00000,0.00000,0.00000,0.00000,,,,,,,,,,,,,0
2010595,Загрузка механизмами,,MN,,,user2249,,,2026-03-24 17:08:38,2026-03-24 17:08:38,,,,,,,,,,,N,,SHIPPING_DOC,EKS000018461,,,,,,,,2026-03-24 17:08:38,,,N,,0.00000,0.00000,0.00000,0.00000,,,,,,,,,,,,,0
2010596,Загрузка механизмами,,MN,,,user2249,,,2026-03-24 17:08:38,2026-03-24 17:08:38,,,,,,,,,,,N,,SHIPPING_DOC,EKS000018475,,,,,,,,2026-03-24 17:08:38,,,N,,0.00000,0.00000,0.00000,0.00000,,,,,,,,,,,,,0
2010597,Загрузка механизмами,,MN,,,user2249,,,2026-03-24 17:08:38,2026-03-24 17:08:38,,,,,,,,,,,N,,SHIPPING_DOC,EKS000018492,,,,,,,,2026-03-24 17:08:38,,,N,,0.00000,0.00000,0.00000,0.00000,,,,,,,,,,,,,0
2010598,Загрузка механизмами,,MN,,,user2249,,,2026-03-24 17:08:38,2026-03-24 17:08:38,,,,,,,,,,,N,,SHIPPING_DOC,EKS000018506,,,,,,,,2026-03-24 17:08:38,,,N,,0.00000,0.00000,0.00000,0.00000,,,,,,,,,,,,,0
2010599,Загрузка механизмами,,MN,,,user2249,,,2026-03-24 17:08:38,2026-03-24 17:08:38,,,,,,,,,,,N,,SHIPPING_DOC,EKS000018507,,,,,,,,2026-03-24 17:08:38,,,N,,0.00000,0.00000,0.00000,0.00000,,,,,,,,,,,,,0
2010600,Загрузка механизмами,,MN,,,user2249,,,2026-03-24 17:08:38,2026-03-24 17:08:38,,,,,,,,,,,N,,SHIPPING_DOC,EKS000018508,,,,,,,,2026-03-24 17:08:38,,,N,,0.00000,0.00000,0.00000,0.00000,,,,,,,,,,,,,0
2010601,Загрузка механизмами,,MN,,,user2249,,,2026-03-24 17:08:38,2026-03-24 17:08:38,,,,,,,,,,,N,,SHIPPING_DOC,EKS000018510,,,,,,,,2026-03-24 17:08:38,,,N,,0.00000,0.00000,0.00000,0.00000,,,,,,,,,,,,,0
2010602,Загрузка механизмами,,MN,,,user2249,,,2026-03-24 17:08:38,2026-03-24 17:08:38,,,,,,,,,,,N,,SHIPPING_DOC,EKS000018520,,,,,,,,2026-03-24 17:08:38,,,N,,0.00000,0.00000,0.00000,0.00000,,,,,,,,,,,,,0
2010603,Загрузка механизмами,,MN,,,user2249,,,2026-03-24 17:08:38,2026-03-24 17:08:38,,,,,,,,,,,N,,SHIPPING_DOC,EKS000018536,,,,,,,,2026-03-24 17:08:38,,,N,,0.00000,0.00000,0.00000,0.00000,,,,,,,,,,,,,0
2010604,Загрузка механизмами,,MN,,,user2249,,,2026-03-24 17:08:38,2026-03-24 17:08:38,,,,,,,,,,,N,,SHIPPING_DOC,EKS000018543,,,,,,,,2026-03-24 17:08:38,,,N,,0.00000,0.00000,0.00000,0.00000,,,,,,,,,,,,,0
2010605,Загрузка механизмами,,MN,,,user2249,,,2026-03-24 17:08:38,2026-03-24 17:08:38,,,,,,,,,,,N,,SHIPPING_DOC,EKS000018546,,,,,,,,2026-03-24 17:08:38,,,N,,0.00000,0.00000,0.00000,0.00000,,,,,,,,,,,,,0
2010606,Загрузка ручная,,MN,,,user2249,,,2026-03-24 17:08:38,2026-03-24 17:08:38,,,,,,,,,,,N,,SHIPPING_DOC,EKS000018394,,,,,,,,2026-03-24 17:08:38,,,N,,0.00000,0.00000,0.00000,0.00000,,,,,,,,,,,,,0
2010607,Загрузка ручная,,MN,,,user2249,,,2026-03-24 17:08:38,2026-03-24 17:08:38,,,,,,,,,,,N,,SHIPPING_DOC,EKS000018444,,,,,,,,2026-03-24 17:08:38,,,N,,0.00000,0.00000,0.00000,0.00000,,,,,,,,,,,,,0
2010608,Загрузка ручная,,MN,,,user2249,,,2026-03-24 17:08:38,2026-03-24 17:08:38,,,,,,,,,,,N,,SHIPPING_DOC,EKS000018452,,,,,,,,2026-03-24 17:08:38,,,N,,0.00000,0.00000,0.00000,0.00000,,,,,,,,,,,,,0
2010609,Загрузка ручная,,MN,,,user2249,,,2026-03-24 17:08:38,2026-03-24 17:08:38,,,,,,,,,,,N,,SHIPPING_DOC,EKS000018454,,,,,,,,2026-03-24 17:08:38,,,N,,0.00000,0.00000,0.00000,0.00000,,,,,,,,,,,,,0
2010610,Загрузка ручная,,MN,,,user2249,,,2026-03-24 17:08:38,2026-03-24 17:08:38,,,,,,,,,,,N,,SHIPPING_DOC,EKS000018458,,,,,,,,2026-03-24 17:08:38,,,N,,0.00000,0.00000,0.00000,0.00000,,,,,,,,,,,,,0
2010611,Загрузка ручная,,MN,,,user2249,,,2026-03-24 17:08:38,2026-03-24 17:08:38,,,,,,,,,,,N,,SHIPPING_DOC,EKS000018461,,,,,,,,2026-03-24 17:08:38,,,N,,0.00000,0.00000,0.00000,0.00000,,,,,,,,,,,,,0
2010612,Загрузка ручная,,MN,,,user2249,,,2026-03-24 17:08:38,2026-03-24 17:08:38,,,,,,,,,,,N,,SHIPPING_DOC,EKS000018475,,,,,,,,2026-03-24 17:08:38,,,N,,0.00000,0.00000,0.00000,0.00000,,,,,,,,,,,,,0
2010613,Загрузка ручная,,MN,,,user2249,,,2026-03-24 17:08:38,2026-03-24 17:08:38,,,,,,,,,,,N,,SHIPPING_DOC,EKS000018492,,,,,,,,2026-03-24 17:08:38,,,N,,0.00000,0.00000,0.00000,0.00000,,,,,,,,,,,,,0
2010614,Загрузка ручная,,MN,,,user2249,,,2026-03-24 17:08:38,2026-03-24 17:08:38,,,,,,,,,,,N,,SHIPPING_DOC,EKS000018506,,,,,,,,2026-03-24 17:08:38,,,N,,0.00000,0.00000,0.00000,0.00000,,,,,,,,,,,,,0
2010615,Загрузка ручная,,MN,,,user2249,,,2026-03-24 17:08:38,2026-03-24 17:08:38,,,,,,,,,,,N,,SHIPPING_DOC,EKS000018507,,,,,,,,2026-03-24 17:08:38,,,N,,0.00000,0.00000,0.00000,0.00000,,,,,,,,,,,,,0
2010616,Загрузка ручная,,MN,,,user2249,,,2026-03-24 17:08:38,2026-03-24 17:08:38,,,,,,,,,,,N,,SHIPPING_DOC,EKS000018508,,,,,,,,2026-03-24 17:08:38,,,N,,0.00000,0.00000,0.00000,0.00000,,,,,,,,,,,,,0
2010617,Загрузка ручная,,MN,,,user2249,,,2026-03-24 17:08:38,2026-03-24 17:08:38,,,,,,,,,,,N,,SHIPPING_DOC,EKS000018510,,,,,,,,2026-03-24 17:08:38,,,N,,0.00000,0.00000,0.00000,0.00000,,,,,,,,,,,,,0
2010618,Загрузка ручная,,MN,,,user2249,,,2026-03-24 17:08:38,2026-03-24 17:08:38,,,,,,,,,,,N,,SHIPPING_DOC,EKS000018520,,,,,,,,2026-03-24 17:08:38,,,N,,0.00000,0.00000,0.00000,0.00000,,,,,,,,,,,,,0
2010619,Загрузка ручная,,MN,,,user2249,,,2026-03-24 17:08:38,2026-03-24 17:08:38,,,,,,,,,,,N,,SHIPPING_DOC,EKS000018536,,,,,,,,2026-03-24 17:08:38,,,N,,0.00000,0.00000,0.00000,0.00000,,,,,,,,,,,,,0
2010620,Загрузка ручная,,MN,,,user2249,,,2026-03-24 17:08:38,2026-03-24 17:08:38,,,,,,,,,,,N,,SHIPPING_DOC,EKS000018543,,,,,,,,2026-03-24 17:08:38,,,N,,0.00000,0.00000,0.00000,0.00000,,,,,,,,,,,,,0
2010621,Загрузка ручная,,MN,,,user2249,,,2026-03-24 17:08:38,2026-03-24 17:08:38,,,,,,,,,,,N,,SHIPPING_DOC,EKS000018546,,,,,,,,2026-03-24 17:08:38,,,N,,0.00000,0.00000,0.00000,0.00000,,,,,,,,,,,,,0
2010622,Загрузка механизмами,,MN,,,user2334,,,2026-03-24 17:14:50,2026-03-24 17:14:50,,,,,,,,,,,N,,SHIPPING_DOC,EKS000018444,,,,,,,,2026-03-24 17:14:50,,,N,,0.00000,0.00000,0.00000,0.00000,,,,,,,,,,,,,0
2010623,Загрузка механизмами,,MN,,,user2334,,,2026-03-24 17:14:50,2026-03-24 17:14:50,,,,,,,,,,,N,,SHIPPING_DOC,EKS000018452,,,,,,,,2026-03-24 17:14:50,,,N,,0.00000,0.00000,0.00000,0.00000,,,,,,,,,,,,,0
2010624,Загрузка механизмами,,MN,,,user2334,,,2026-03-24 17:14:50,2026-03-24 17:14:50,,,,,,,,,,,N,,SHIPPING_DOC,EKS000018454,,,,,,,,2026-03-24 17:14:50,,,N,,0.00000,0.00000,0.00000,0.00000,,,,,,,,,,,,,0
2010625,Загрузка механизмами,,MN,,,user2334,,,2026-03-24 17:14:50,2026-03-24 17:14:50,,,,,,,,,,,N,,SHIPPING_DOC,EKS000018458,,,,,,,,2026-03-24 17:14:50,,,N,,0.00000,0.00000,0.00000,0.00000,,,,,,,,,,,,,0
2010626,Загрузка механизмами,,MN,,,user2334,,,2026-03-24 17:14:50,2026-03-24 17:14:50,,,,,,,,,,,N,,SHIPPING_DOC,EKS000018461,,,,,,,,2026-03-24 17:14:50,,,N,,0.00000,0.00000,0.00000,0.00000,,,,,,,,,,,,,0
2010627,Загрузка механизмами,,MN,,,user2334,,,2026-03-24 17:14:50,2026-03-24 17:14:50,,,,,,,,,,,N,,SHIPPING_DOC,EKS000018475,,,,,,,,2026-03-24 17:14:50,,,N,,0.00000,0.00000,0.00000,0.00000,,,,,,,,,,,,,0
2010628,Загрузка механизмами,,MN,,,user2334,,,2026-03-24 17:14:50,2026-03-24 17:14:50,,,,,,,,,,,N,,SHIPPING_DOC,EKS000018492,,,,,,,,2026-03-24 17:14:50,,,N,,0.00000,0.00000,0.00000,0.00000,,,,,,,,,,,,,0
2010629,Загрузка механизмами,,MN,,,user2334,,,2026-03-24 17:14:50,2026-03-24 17:14:50,,,,,,,,,,,N,,SHIPPING_DOC,EKS000018506,,,,,,,,2026-03-24 17:14:50,,,N,,0.00000,0.00000,0.00000,0.00000,,,,,,,,,,,,,0
2010630,Загрузка механизмами,,MN,,,user2334,,,2026-03-24 17:14:50,2026-03-24 17:14:50,,,,,,,,,,,N,,SHIPPING_DOC,EKS000018507,,,,,,,,2026-03-24 17:14:50,,,N,,0.00000,0.00000,0.00000,0.00000,,,,,,,,,,,,,0
2010631,Загрузка механизмами,,MN,,,user2334,,,2026-03-24 17:14:50,2026-03-24 17:14:50,,,,,,,,,,,N,,SHIPPING_DOC,EKS000018508,,,,,,,,2026-03-24 17:14:50,,,N,,0.00000,0.00000,0.00000,0.00000,,,,,,,,,,,,,0
2010632,Загрузка механизмами,,MN,,,user2334,,,2026-03-24 17:14:50,2026-03-24 17:14:50,,,,,,,,,,,N,,SHIPPING_DOC,EKS000018510,,,,,,,,2026-03-24 17:14:50,,,N,,0.00000,0.00000,0.00000,0.00000,,,,,,,,,,,,,0
2010633,Загрузка механизмами,,MN,,,user2334,,,2026-03-24 17:14:50,2026-03-24 17:14:50,,,,,,,,,,,N,,SHIPPING_DOC,EKS000018536,,,,,,,,2026-03-24 17:14:50,,,N,,0.00000,0.00000,0.00000,0.00000,,,,,,,,,,,,,0
2010634,Загрузка механизмами,,MN,,,user2334,,,2026-03-24 17:14:50,2026-03-24 17:14:50,,,,,,,,,,,N,,SHIPPING_DOC,EKS000018543,,,,,,,,2026-03-24 17:14:50,,,N,,0.00000,0.00000,0.00000,0.00000,,,,,,,,,,,,,0
2010635,Загрузка механизмами,,MN,,,user2334,,,2026-03-24 17:14:50,2026-03-24 17:14:50,,,,,,,,,,,N,,SHIPPING_DOC,EKS000018546,,,,,,,,2026-03-24 17:14:50,,,N,,0.00000,0.00000,0.00000,0.00000,,,,,,,,,,,,,0
2010636,Загрузка механизмами,,MN,,,user2334,,,2026-03-24 17:14:50,2026-03-24 17:14:50,,,,,,,,,,,N,,SHIPPING_DOC,EKS000018394,,,,,,,,2026-03-24 17:14:50,,,N,,0.00000,0.00000,0.00000,0.00000,,,,,,,,,,,,,0
2010637,Загрузка механизмами,,MN,,,user2334,,,2026-03-24 17:14:50,2026-03-24 17:14:50,,,,,,,,,,,N,,SHIPPING_DOC,EKS000018520,,,,,,,,2026-03-24 17:14:50,,,N,,0.00000,0.00000,0.00000,0.00000,,,,,,,,,,,,,0
2010638,Загрузка ручная,,MN,,,user2334,,,2026-03-24 17:14:50,2026-03-24 17:14:50,,,,,,,,,,,N,,SHIPPING_DOC,EKS000018444,,,,,,,,2026-03-24 17:14:50,,,N,,0.00000,0.00000,0.00000,0.00000,,,,,,,,,,,,,0
2010639,Загрузка ручная,,MN,,,user2334,,,2026-03-24 17:14:50,2026-03-24 17:14:50,,,,,,,,,,,N,,SHIPPING_DOC,EKS000018452,,,,,,,,2026-03-24 17:14:50,,,N,,0.00000,0.00000,0.00000,0.00000,,,,,,,,,,,,,0
2010640,Загрузка ручная,,MN,,,user2334,,,2026-03-24 17:14:50,2026-03-24 17:14:50,,,,,,,,,,,N,,SHIPPING_DOC,EKS000018454,,,,,,,,2026-03-24 17:14:50,,,N,,0.00000,0.00000,0.00000,0.00000,,,,,,,,,,,,,0
2010641,Загрузка ручная,,MN,,,user2334,,,2026-03-24 17:14:50,2026-03-24 17:14:50,,,,,,,,,,,N,,SHIPPING_DOC,EKS000018458,,,,,,,,2026-03-24 17:14:50,,,N,,0.00000,0.00000,0.00000,0.00000,,,,,,,,,,,,,0
2010642,Загрузка ручная,,MN,,,user2334,,,2026-03-24 17:14:50,2026-03-24 17:14:50,,,,,,,,,,,N,,SHIPPING_DOC,EKS000018461,,,,,,,,2026-03-24 17:14:50,,,N,,0.00000,0.00000,0.00000,0.00000,,,,,,,,,,,,,0
2010643,Загрузка ручная,,MN,,,user2334,,,2026-03-24 17:14:50,2026-03-24 17:14:50,,,,,,,,,,,N,,SHIPPING_DOC,EKS000018475,,,,,,,,2026-03-24 17:14:50,,,N,,0.00000,0.00000,0.00000,0.00000,,,,,,,,,,,,,0
2010644,Загрузка ручная,,MN,,,user2334,,,2026-03-24 17:14:50,2026-03-24 17:14:50,,,,,,,,,,,N,,SHIPPING_DOC,EKS000018492,,,,,,,,2026-03-24 17:14:50,,,N,,0.00000,0.00000,0.00000,0.00000,,,,,,,,,,,,,0
2010645,Загрузка ручная,,MN,,,user2334,,,2026-03-24 17:14:50,2026-03-24 17:14:50,,,,,,,,,,,N,,SHIPPING_DOC,EKS000018506,,,,,,,,2026-03-24 17:14:50,,,N,,0.00000,0.00000,0.00000,0.00000,,,,,,,,,,,,,0
2010646,Загрузка ручная,,MN,,,user2334,,,2026-03-24 17:14:50,2026-03-24 17:14:50,,,,,,,,,,,N,,SHIPPING_DOC,EKS000018507,,,,,,,,2026-03-24 17:14:50,,,N,,0.00000,0.00000,0.00000,0.00000,,,,,,,,,,,,,0
2010647,Загрузка ручная,,MN,,,user2334,,,2026-03-24 17:14:50,2026-03-24 17:14:50,,,,,,,,,,,N,,SHIPPING_DOC,EKS000018508,,,,,,,,2026-03-24 17:14:50,,,N,,0.00000,0.00000,0.00000,0.00000,,,,,,,,,,,,,0
2010648,Загрузка ручная,,MN,,,user2334,,,2026-03-24 17:14:50,2026-03-24 17:14:50,,,,,,,,,,,N,,SHIPPING_DOC,EKS000018510,,,,,,,,2026-03-24 17:14:50,,,N,,0.00000,0.00000,0.00000,0.00000,,,,,,,,,,,,,0
2010649,Загрузка ручная,,MN,,,user2334,,,2026-03-24 17:14:50,2026-03-24 17:14:50,,,,,,,,,,,N,,SHIPPING_DOC,EKS000018536,,,,,,,,2026-03-24 17:14:50,,,N,,0.00000,0.00000,0.00000,0.00000,,,,,,,,,,,,,0
2010650,Загрузка ручная,,MN,,,user2334,,,2026-03-24 17:14:50,2026-03-24 17:14:50,,,,,,,,,,,N,,SHIPPING_DOC,EKS000018543,,,,,,,,2026-03-24 17:14:50,,,N,,0.00000,0.00000,0.00000,0.00000,,,,,,,,,,,,,0
2010651,Загрузка ручная,,MN,,,user2334,,,2026-03-24 17:14:50,2026-03-24 17:14:50,,,,,,,,,,,N,,SHIPPING_DOC,EKS000018546,,,,,,,,2026-03-24 17:14:50,,,N,,0.00000,0.00000,0.00000,0.00000,,,,,,,,,,,,,0
2010652,Загрузка ручная,,MN,,,user2334,,,2026-03-24 17:14:50,2026-03-24 17:14:50,,,,,,,,,,,N,,SHIPPING_DOC,EKS000018394,,,,,,,,2026-03-24 17:14:50,,,N,,0.00000,0.00000,0.00000,0.00000,,,,,,,,,,,,,0
2010653,Загрузка ручная,,MN,,,user2334,,,2026-03-24 17:14:50,2026-03-24 17:14:50,,,,,,,,,,,N,,SHIPPING_DOC,EKS000018520,,,,,,,,2026-03-24 17:14:50,,,N,,0.00000,0.00000,0.00000,0.00000,,,,,,,,,,,,,0
2010654,Загрузка механизмами,,MN,,,user2249,,,2026-03-24 17:27:22,2026-03-24 17:27:22,,,,,,,,,,,N,,SHIPPING_DOC,EKS000018209,,,,,,,,2026-03-24 17:27:22,,,N,,0.00000,0.00000,0.00000,0.00000,,,,,,,,,,,,,0
2010655,Загрузка механизмами,,MN,,,user2249,,,2026-03-24 17:27:22,2026-03-24 17:27:22,,,,,,,,,,,N,,SHIPPING_DOC,EKS000018272,,,,,,,,2026-03-24 17:27:22,,,N,,0.00000,0.00000,0.00000,0.00000,,,,,,,,,,,,,0
2010656,Загрузка механизмами,,MN,,,user2249,,,2026-03-24 17:27:22,2026-03-24 17:27:22,,,,,,,,,,,N,,SHIPPING_DOC,EKS000018544,,,,,,,,2026-03-24 17:27:22,,,N,,0.00000,0.00000,0.00000,0.00000,,,,,,,,,,,,,0
2010657,Загрузка механизмами,,MN,,,user2249,,,2026-03-24 17:27:22,2026-03-24 17:27:22,,,,,,,,,,,N,,SHIPPING_DOC,EKS000018582,,,,,,,,2026-03-24 17:27:22,,,N,,0.00000,0.00000,0.00000,0.00000,,,,,,,,,,,,,0
2010658,Загрузка механизмами,,MN,,,user2249,,,2026-03-24 17:27:22,2026-03-24 17:27:22,,,,,,,,,,,N,,SHIPPING_DOC,EKS000018547,,,,,,,,2026-03-24 17:27:22,,,N,,0.00000,0.00000,0.00000,0.00000,,,,,,,,,,,,,0
2010659,Загрузка ручная,,MN,,,user2249,,,2026-03-24 17:27:22,2026-03-24 17:27:22,,,,,,,,,,,N,,SHIPPING_DOC,EKS000018209,,,,,,,,2026-03-24 17:27:22,,,N,,0.00000,0.00000,0.00000,0.00000,,,,,,,,,,,,,0
2010660,Загрузка ручная,,MN,,,user2249,,,2026-03-24 17:27:22,2026-03-24 17:27:22,,,,,,,,,,,N,,SHIPPING_DOC,EKS000018272,,,,,,,,2026-03-24 17:27:22,,,N,,0.00000,0.00000,0.00000,0.00000,,,,,,,,,,,,,0
2010661,Загрузка ручная,,MN,,,user2249,,,2026-03-24 17:27:22,2026-03-24 17:27:22,,,,,,,,,,,N,,SHIPPING_DOC,EKS000018544,,,,,,,,2026-03-24 17:27:22,,,N,,0.00000,0.00000,0.00000,0.00000,,,,,,,,,,,,,0
2010662,Загрузка ручная,,MN,,,user2249,,,2026-03-24 17:27:22,2026-03-24 17:27:22,,,,,,,,,,,N,,SHIPPING_DOC,EKS000018582,,,,,,,,2026-03-24 17:27:22,,,N,,0.00000,0.00000,0.00000,0.00000,,,,,,,,,,,,,0
2010663,Загрузка ручная,,MN,,,user2249,,,2026-03-24 17:27:22,2026-03-24 17:27:22,,,,,,,,,,,N,,SHIPPING_DOC,EKS000018547,,,,,,,,2026-03-24 17:27:22,,,N,,0.00000,0.00000,0.00000,0.00000,,,,,,,,,,,,,0
2010664,Загрузка механизмами,,MN,,,user2334,,,2026-03-24 17:30:51,2026-03-24 17:30:51,,,,,,,,,,,N,,SHIPPING_DOC,EKS000018272,,,,,,,,2026-03-24 17:30:51,,,N,,0.00000,0.00000,0.00000,0.00000,,,,,,,,,,,,,0
2010665,Загрузка механизмами,,MN,,,user2334,,,2026-03-24 17:30:51,2026-03-24 17:30:51,,,,,,,,,,,N,,SHIPPING_DOC,EKS000018582,,,,,,,,2026-03-24 17:30:51,,,N,,0.00000,0.00000,0.00000,0.00000,,,,,,,,,,,,,0
2010666,Загрузка механизмами,,MN,,,user2334,,,2026-03-24 17:30:51,2026-03-24 17:30:51,,,,,,,,,,,N,,SHIPPING_DOC,EKS000018544,,,,,,,,2026-03-24 17:30:51,,,N,,0.00000,0.00000,0.00000,0.00000,,,,,,,,,,,,,0
2010667,Загрузка механизмами,,MN,,,user2334,,,2026-03-24 17:30:51,2026-03-24 17:30:51,,,,,,,,,,,N,,SHIPPING_DOC,EKS000018209,,,,,,,,2026-03-24 17:30:51,,,N,,0.00000,0.00000,0.00000,0.00000,,,,,,,,,,,,,0
2010668,Загрузка механизмами,,MN,,,user2334,,,2026-03-24 17:30:51,2026-03-24 17:30:51,,,,,,,,,,,N,,SHIPPING_DOC,EKS000018547,,,,,,,,2026-03-24 17:30:51,,,N,,0.00000,0.00000,0.00000,0.00000,,,,,,,,,,,,,0
2010669,Загрузка ручная,,MN,,,user2334,,,2026-03-24 17:30:51,2026-03-24 17:30:51,,,,,,,,,,,N,,SHIPPING_DOC,EKS000018272,,,,,,,,2026-03-24 17:30:51,,,N,,0.00000,0.00000,0.00000,0.00000,,,,,,,,,,,,,0
2010670,Загрузка ручная,,MN,,,user2334,,,2026-03-24 17:30:51,2026-03-24 17:30:51,,,,,,,,,,,N,,SHIPPING_DOC,EKS000018582,,,,,,,,2026-03-24 17:30:51,,,N,,0.00000,0.00000,0.00000,0.00000,,,,,,,,,,,,,0
2010671,Загрузка ручная,,MN,,,user2334,,,2026-03-24 17:30:51,2026-03-24 17:30:51,,,,,,,,,,,N,,SHIPPING_DOC,EKS000018544,,,,,,,,2026-03-24 17:30:51,,,N,,0.00000,0.00000,0.00000,0.00000,,,,,,,,,,,,,0
2010672,Загрузка ручная,,MN,,,user2334,,,2026-03-24 17:30:51,2026-03-24 17:30:51,,,,,,,,,,,N,,SHIPPING_DOC,EKS000018209,,,,,,,,2026-03-24 17:30:51,,,N,,0.00000,0.00000,0.00000,0.00000,,,,,,,,,,,,,0
2010673,Загрузка ручная,,MN,,,user2334,,,2026-03-24 17:30:51,2026-03-24 17:30:51,,,,,,,,,,,N,,SHIPPING_DOC,EKS000018547,,,,,,,,2026-03-24 17:30:51,,,N,,0.00000,0.00000,0.00000,0.00000,,,,,,,,,,,,,0
2010674,Загрузка механизмами,,MN,,,user2349,,,2026-03-24 17:38:11,2026-03-24 17:38:11,,,,,,,,,,,N,,SHIPPING_DOC,EKS000018521,,,,,,,,2026-03-24 17:38:11,,,N,,0.00000,0.00000,0.00000,0.00000,,,,,,,,,,,,,0
2010675,Загрузка механизмами,,MN,,,user2349,,,2026-03-24 17:38:11,2026-03-24 17:38:11,,,,,,,,,,,N,,SHIPPING_DOC,EKS000018542,,,,,,,,2026-03-24 17:38:11,,,N,,0.00000,0.00000,0.00000,0.00000,,,,,,,,,,,,,0
2010676,Загрузка механизмами,,MN,,,user2349,,,2026-03-24 17:38:11,2026-03-24 17:38:11,,,,,,,,,,,N,,SHIPPING_DOC,EKS000018217,,,,,,,,2026-03-24 17:38:11,,,N,,0.00000,0.00000,0.00000,0.00000,,,,,,,,,,,,,0
2010677,Загрузка механизмами,,MN,,,user2349,,,2026-03-24 17:38:11,2026-03-24 17:38:11,,,,,,,,,,,N,,SHIPPING_DOC,EKS000018428,,,,,,,,2026-03-24 17:38:11,,,N,,0.00000,0.00000,0.00000,0.00000,,,,,,,,,,,,,0
2010678,Загрузка механизмами,,MN,,,user2349,,,2026-03-24 17:38:11,2026-03-24 17:38:11,,,,,,,,,,,N,,SHIPPING_DOC,TR-23/03/2026-13,,,,,,,,2026-03-24 17:38:11,,,N,,0.00000,0.00000,0.00000,0.00000,,,,,,,,,,,,,0
2010679,Загрузка механизмами,,MN,,,user2349,,,2026-03-24 17:38:11,2026-03-24 17:38:11,,,,,,,,,,,N,,SHIPPING_DOC,EKS000018270,,,,,,,,2026-03-24 17:38:11,,,N,,0.00000,0.00000,0.00000,0.00000,,,,,,,,,,,,,0
2010680,Загрузка механизмами,,MN,,,user2349,,,2026-03-24 17:38:11,2026-03-24 17:38:11,,,,,,,,,,,N,,SHIPPING_DOC,EKS000018422,,,,,,,,2026-03-24 17:38:11,,,N,,0.00000,0.00000,0.00000,0.00000,,,,,,,,,,,,,0
2010681,Загрузка механизмами,,MN,,,user2349,,,2026-03-24 17:38:11,2026-03-24 17:38:11,,,,,,,,,,,N,,SHIPPING_DOC,EKS000018442,,,,,,,,2026-03-24 17:38:11,,,N,,0.00000,0.00000,0.00000,0.00000,,,,,,,,,,,,,0
2010682,Загрузка механизмами,,MN,,,user2349,,,2026-03-24 17:38:11,2026-03-24 17:38:11,,,,,,,,,,,N,,SHIPPING_DOC,EKS000018502,,,,,,,,2026-03-24 17:38:11,,,N,,0.00000,0.00000,0.00000,0.00000,,,,,,,,,,,,,0
2010683,Загрузка ручная,,MN,,,user2349,,,2026-03-24 17:38:11,2026-03-24 17:38:11,,,,,,,,,,,N,,SHIPPING_DOC,EKS000018521,,,,,,,,2026-03-24 17:38:11,,,N,,0.00000,0.00000,0.00000,0.00000,,,,,,,,,,,,,0
2010684,Загрузка ручная,,MN,,,user2349,,,2026-03-24 17:38:11,2026-03-24 17:38:11,,,,,,,,,,,N,,SHIPPING_DOC,EKS000018542,,,,,,,,2026-03-24 17:38:11,,,N,,0.00000,0.00000,0.00000,0.00000,,,,,,,,,,,,,0
2010685,Загрузка ручная,,MN,,,user2349,,,2026-03-24 17:38:11,2026-03-24 17:38:11,,,,,,,,,,,N,,SHIPPING_DOC,EKS000018217,,,,,,,,2026-03-24 17:38:11,,,N,,0.00000,0.00000,0.00000,0.00000,,,,,,,,,,,,,0
2010686,Загрузка ручная,,MN,,,user2349,,,2026-03-24 17:38:11,2026-03-24 17:38:11,,,,,,,,,,,N,,SHIPPING_DOC,EKS000018428,,,,,,,,2026-03-24 17:38:11,,,N,,0.00000,0.00000,0.00000,0.00000,,,,,,,,,,,,,0
2010687,Загрузка ручная,,MN,,,user2349,,,2026-03-24 17:38:11,2026-03-24 17:38:11,,,,,,,,,,,N,,SHIPPING_DOC,TR-23/03/2026-13,,,,,,,,2026-03-24 17:38:11,,,N,,0.00000,0.00000,0.00000,0.00000,,,,,,,,,,,,,0
2010688,Загрузка ручная,,MN,,,user2349,,,2026-03-24 17:38:11,2026-03-24 17:38:11,,,,,,,,,,,N,,SHIPPING_DOC,EKS000018270,,,,,,,,2026-03-24 17:38:11,,,N,,0.00000,0.00000,0.00000,0.00000,,,,,,,,,,,,,0
2010689,Загрузка ручная,,MN,,,user2349,,,2026-03-24 17:38:11,2026-03-24 17:38:11,,,,,,,,,,,N,,SHIPPING_DOC,EKS000018422,,,,,,,,2026-03-24 17:38:11,,,N,,0.00000,0.00000,0.00000,0.00000,,,,,,,,,,,,,0
2010690,Загрузка ручная,,MN,,,user2349,,,2026-03-24 17:38:11,2026-03-24 17:38:11,,,,,,,,,,,N,,SHIPPING_DOC,EKS000018442,,,,,,,,2026-03-24 17:38:11,,,N,,0.00000,0.00000,0.00000,0.00000,,,,,,,,,,,,,0
2010691,Загрузка ручная,,MN,,,user2349,,,2026-03-24 17:38:11,2026-03-24 17:38:11,,,,,,,,,,,N,,SHIPPING_DOC,EKS000018502,,,,,,,,2026-03-24 17:38:11,,,N,,0.00000,0.00000,0.00000,0.00000,,,,,,,,,,,,,0
2010692,Загрузка механизмами,,MN,,,USER2358,,,2026-03-24 17:39:18,2026-03-24 17:39:18,,,,,,,,,,,N,,SHIPPING_DOC,EKS000018521,,,,,,,,2026-03-24 17:39:18,,,N,,0.00000,0.00000,0.00000,0.00000,,,,,,,,,,,,,0
2010693,Загрузка механизмами,,MN,,,USER2358,,,2026-03-24 17:39:18,2026-03-24 17:39:18,,,,,,,,,,,N,,SHIPPING_DOC,EKS000018542,,,,,,,,2026-03-24 17:39:18,,,N,,0.00000,0.00000,0.00000,0.00000,,,,,,,,,,,,,0
2010694,Загрузка механизмами,,MN,,,USER2358,,,2026-03-24 17:39:18,2026-03-24 17:39:18,,,,,,,,,,,N,,SHIPPING_DOC,EKS000018217,,,,,,,,2026-03-24 17:39:18,,,N,,0.00000,0.00000,0.00000,0.00000,,,,,,,,,,,,,0
2010695,Загрузка механизмами,,MN,,,USER2358,,,2026-03-24 17:39:18,2026-03-24 17:39:18,,,,,,,,,,,N,,SHIPPING_DOC,EKS000018428,,,,,,,,2026-03-24 17:39:18,,,N,,0.00000,0.00000,0.00000,0.00000,,,,,,,,,,,,,0
2010696,Загрузка механизмами,,MN,,,USER2358,,,2026-03-24 17:39:18,2026-03-24 17:39:18,,,,,,,,,,,N,,SHIPPING_DOC,TR-23/03/2026-13,,,,,,,,2026-03-24 17:39:18,,,N,,0.00000,0.00000,0.00000,0.00000,,,,,,,,,,,,,0
2010697,Загрузка механизмами,,MN,,,USER2358,,,2026-03-24 17:39:18,2026-03-24 17:39:18,,,,,,,,,,,N,,SHIPPING_DOC,EKS000018270,,,,,,,,2026-03-24 17:39:18,,,N,,0.00000,0.00000,0.00000,0.00000,,,,,,,,,,,,,0
2010698,Загрузка механизмами,,MN,,,USER2358,,,2026-03-24 17:39:18,2026-03-24 17:39:18,,,,,,,,,,,N,,SHIPPING_DOC,EKS000018422,,,,,,,,2026-03-24 17:39:18,,,N,,0.00000,0.00000,0.00000,0.00000,,,,,,,,,,,,,0
2010699,Загрузка механизмами,,MN,,,USER2358,,,2026-03-24 17:39:18,2026-03-24 17:39:18,,,,,,,,,,,N,,SHIPPING_DOC,EKS000018442,,,,,,,,2026-03-24 17:39:18,,,N,,0.00000,0.00000,0.00000,0.00000,,,,,,,,,,,,,0
2010700,Загрузка механизмами,,MN,,,USER2358,,,2026-03-24 17:39:18,2026-03-24 17:39:18,,,,,,,,,,,N,,SHIPPING_DOC,EKS000018502,,,,,,,,2026-03-24 17:39:18,,,N,,0.00000,0.00000,0.00000,0.00000,,,,,,,,,,,,,0
2010701,Загрузка ручная,,MN,,,USER2358,,,2026-03-24 17:39:18,2026-03-24 17:39:18,,,,,,,,,,,N,,SHIPPING_DOC,EKS000018521,,,,,,,,2026-03-24 17:39:18,,,N,,0.00000,0.00000,0.00000,0.00000,,,,,,,,,,,,,0
2010702,Загрузка ручная,,MN,,,USER2358,,,2026-03-24 17:39:18,2026-03-24 17:39:18,,,,,,,,,,,N,,SHIPPING_DOC,EKS000018542,,,,,,,,2026-03-24 17:39:18,,,N,,0.00000,0.00000,0.00000,0.00000,,,,,,,,,,,,,0
2010703,Загрузка ручная,,MN,,,USER2358,,,2026-03-24 17:39:18,2026-03-24 17:39:18,,,,,,,,,,,N,,SHIPPING_DOC,EKS000018217,,,,,,,,2026-03-24 17:39:18,,,N,,0.00000,0.00000,0.00000,0.00000,,,,,,,,,,,,,0
2010704,Загрузка ручная,,MN,,,USER2358,,,2026-03-24 17:39:18,2026-03-24 17:39:18,,,,,,,,,,,N,,SHIPPING_DOC,EKS000018428,,,,,,,,2026-03-24 17:39:18,,,N,,0.00000,0.00000,0.00000,0.00000,,,,,,,,,,,,,0
2010705,Загрузка ручная,,MN,,,USER2358,,,2026-03-24 17:39:18,2026-03-24 17:39:18,,,,,,,,,,,N,,SHIPPING_DOC,TR-23/03/2026-13,,,,,,,,2026-03-24 17:39:18,,,N,,0.00000,0.00000,0.00000,0.00000,,,,,,,,,,,,,0
2010706,Загрузка ручная,,MN,,,USER2358,,,2026-03-24 17:39:18,2026-03-24 17:39:18,,,,,,,,,,,N,,SHIPPING_DOC,EKS000018270,,,,,,,,2026-03-24 17:39:18,,,N,,0.00000,0.00000,0.00000,0.00000,,,,,,,,,,,,,0
2010707,Загрузка ручная,,MN,,,USER2358,,,2026-03-24 17:39:18,2026-03-24 17:39:18,,,,,,,,,,,N,,SHIPPING_DOC,EKS000018422,,,,,,,,2026-03-24 17:39:18,,,N,,0.00000,0.00000,0.00000,0.00000,,,,,,,,,,,,,0
2010708,Загрузка ручная,,MN,,,USER2358,,,2026-03-24 17:39:18,2026-03-24 17:39:18,,,,,,,,,,,N,,SHIPPING_DOC,EKS000018442,,,,,,,,2026-03-24 17:39:18,,,N,,0.00000,0.00000,0.00000,0.00000,,,,,,,,,,,,,0
2010709,Загрузка ручная,,MN,,,USER2358,,,2026-03-24 17:39:18,2026-03-24 17:39:18,,,,,,,,,,,N,,SHIPPING_DOC,EKS000018502,,,,,,,,2026-03-24 17:39:18,,,N,,0.00000,0.00000,0.00000,0.00000,,,,,,,,,,,,,0
2010710,Загрузка механизмами,,MN,,,user2334,,,2026-03-24 17:49:58,2026-03-24 17:49:58,,,,,,,,,,,N,,SHIPPING_DOC,EKS000018594,,,,,,,,2026-03-24 17:49:58,,,N,,0.00000,0.00000,0.00000,0.00000,,,,,,,,,,,,,0
2010711,Загрузка ручная,,MN,,,user2334,,,2026-03-24 17:49:58,2026-03-24 17:49:58,,,,,,,,,,,N,,SHIPPING_DOC,EKS000018594,,,,,,,,2026-03-24 17:49:58,,,N,,0.00000,0.00000,0.00000,0.00000,,,,,,,,,,,,,0
2010712,Загрузка механизмами,,MN,,,e.ulishchenko,,,2026-03-24 17:52:48,2026-03-24 17:52:48,,,,,,,,,,,N,,SHIPPING_DOC,EKS000018468,,,,,,,,2026-03-24 17:52:48,,,N,,0.00000,0.00000,0.00000,0.00000,,,,,,,,,,,,,0
2010713,Загрузка механизмами,,MN,,,e.ulishchenko,,,2026-03-24 17:52:48,2026-03-24 17:52:48,,,,,,,,,,,N,,SHIPPING_DOC,EKS000018602,,,,,,,,2026-03-24 17:52:48,,,N,,0.00000,0.00000,0.00000,0.00000,,,,,,,,,,,,,0
2010714,Загрузка механизмами,,MN,,,e.ulishchenko,,,2026-03-24 17:52:48,2026-03-24 17:52:48,,,,,,,,,,,N,,SHIPPING_DOC,EKS000018603,,,,,,,,2026-03-24 17:52:48,,,N,,0.00000,0.00000,0.00000,0.00000,,,,,,,,,,,,,0
2010715,Загрузка механизмами,,MN,,,e.ulishchenko,,,2026-03-24 17:52:48,2026-03-24 17:52:48,,,,,,,,,,,N,,SHIPPING_DOC,EKS000018609,,,,,,,,2026-03-24 17:52:48,,,N,,0.00000,0.00000,0.00000,0.00000,,,,,,,,,,,,,0
2010716,Загрузка механизмами,,MN,,,e.ulishchenko,,,2026-03-24 17:52:48,2026-03-24 17:52:48,,,,,,,,,,,N,,SHIPPING_DOC,EKS000018446,,,,,,,,2026-03-24 17:52:48,,,N,,0.00000,0.00000,0.00000,0.00000,,,,,,,,,,,,,0
2010717,Загрузка механизмами,,MN,,,e.ulishchenko,,,2026-03-24 17:52:48,2026-03-24 17:52:48,,,,,,,,,,,N,,SHIPPING_DOC,EKS000018519,,,,,,,,2026-03-24 17:52:48,,,N,,0.00000,0.00000,0.00000,0.00000,,,,,,,,,,,,,0
2010718,Загрузка механизмами,,MN,,,e.ulishchenko,,,2026-03-24 17:52:48,2026-03-24 17:52:48,,,,,,,,,,,N,,SHIPPING_DOC,EKS000018557,,,,,,,,2026-03-24 17:52:48,,,N,,0.00000,0.00000,0.00000,0.00000,,,,,,,,,,,,,0
2010719,Загрузка механизмами,,MN,,,e.ulishchenko,,,2026-03-24 17:52:48,2026-03-24 17:52:48,,,,,,,,,,,N,,SHIPPING_DOC,EKS000018564,,,,,,,,2026-03-24 17:52:48,,,N,,0.00000,0.00000,0.00000,0.00000,,,,,,,,,,,,,0
2010720,Загрузка механизмами,,MN,,,e.ulishchenko,,,2026-03-24 17:52:48,2026-03-24 17:52:48,,,,,,,,,,,N,,SHIPPING_DOC,EKS000017930,,,,,,,,2026-03-24 17:52:48,,,N,,0.00000,0.00000,0.00000,0.00000,,,,,,,,,,,,,0
2010721,Загрузка механизмами,,MN,,,e.ulishchenko,,,2026-03-24 17:52:48,2026-03-24 17:52:48,,,,,,,,,,,N,,SHIPPING_DOC,EKS000017967,,,,,,,,2026-03-24 17:52:48,,,N,,0.00000,0.00000,0.00000,0.00000,,,,,,,,,,,,,0
2010722,Загрузка механизмами,,MN,,,e.ulishchenko,,,2026-03-24 17:52:48,2026-03-24 17:52:48,,,,,,,,,,,N,,SHIPPING_DOC,EKS000017968,,,,,,,,2026-03-24 17:52:48,,,N,,0.00000,0.00000,0.00000,0.00000,,,,,,,,,,,,,0
2010723,Загрузка механизмами,,MN,,,e.ulishchenko,,,2026-03-24 17:52:48,2026-03-24 17:52:48,,,,,,,,,,,N,,SHIPPING_DOC,EKS000017970,,,,,,,,2026-03-24 17:52:48,,,N,,0.00000,0.00000,0.00000,0.00000,,,,,,,,,,,,,0
2010724,Загрузка механизмами,,MN,,,e.ulishchenko,,,2026-03-24 17:52:48,2026-03-24 17:52:48,,,,,,,,,,,N,,SHIPPING_DOC,EKS000017972,,,,,,,,2026-03-24 17:52:48,,,N,,0.00000,0.00000,0.00000,0.00000,,,,,,,,,,,,,0
2010725,Загрузка механизмами,,MN,,,e.ulishchenko,,,2026-03-24 17:52:48,2026-03-24 17:52:48,,,,,,,,,,,N,,SHIPPING_DOC,EKS000017983,,,,,,,,2026-03-24 17:52:48,,,N,,0.00000,0.00000,0.00000,0.00000,,,,,,,,,,,,,0
2010726,Загрузка механизмами,,MN,,,e.ulishchenko,,,2026-03-24 17:52:48,2026-03-24 17:52:48,,,,,,,,,,,N,,SHIPPING_DOC,EKS000018019,,,,,,,,2026-03-24 17:52:48,,,N,,0.00000,0.00000,0.00000,0.00000,,,,,,,,,,,,,0
2010727,Загрузка механизмами,,MN,,,e.ulishchenko,,,2026-03-24 17:52:48,2026-03-24 17:52:48,,,,,,,,,,,N,,SHIPPING_DOC,EKS000018023,,,,,,,,2026-03-24 17:52:48,,,N,,0.00000,0.00000,0.00000,0.00000,,,,,,,,,,,,,0
2010728,Загрузка механизмами,,MN,,,e.ulishchenko,,,2026-03-24 17:52:48,2026-03-24 17:52:48,,,,,,,,,,,N,,SHIPPING_DOC,EKS000018033,,,,,,,,2026-03-24 17:52:48,,,N,,0.00000,0.00000,0.00000,0.00000,,,,,,,,,,,,,0
2010729,Загрузка механизмами,,MN,,,e.ulishchenko,,,2026-03-24 17:52:48,2026-03-24 17:52:48,,,,,,,,,,,N,,SHIPPING_DOC,EKS000018057,,,,,,,,2026-03-24 17:52:48,,,N,,0.00000,0.00000,0.00000,0.00000,,,,,,,,,,,,,0
2010730,Загрузка механизмами,,MN,,,e.ulishchenko,,,2026-03-24 17:52:48,2026-03-24 17:52:48,,,,,,,,,,,N,,SHIPPING_DOC,EKS000018077,,,,,,,,2026-03-24 17:52:48,,,N,,0.00000,0.00000,0.00000,0.00000,,,,,,,,,,,,,0
2010731,Загрузка механизмами,,MN,,,e.ulishchenko,,,2026-03-24 17:52:48,2026-03-24 17:52:48,,,,,,,,,,,N,,SHIPPING_DOC,EKS000018124,,,,,,,,2026-03-24 17:52:48,,,N,,0.00000,0.00000,0.00000,0.00000,,,,,,,,,,,,,0
2010732,Загрузка механизмами,,MN,,,e.ulishchenko,,,2026-03-24 17:52:48,2026-03-24 17:52:48,,,,,,,,,,,N,,SHIPPING_DOC,EKS000018132,,,,,,,,2026-03-24 17:52:48,,,N,,0.00000,0.00000,0.00000,0.00000,,,,,,,,,,,,,0
2010733,Загрузка механизмами,,MN,,,e.ulishchenko,,,2026-03-24 17:52:48,2026-03-24 17:52:48,,,,,,,,,,,N,,SHIPPING_DOC,EKS000018135,,,,,,,,2026-03-24 17:52:48,,,N,,0.00000,0.00000,0.00000,0.00000,,,,,,,,,,,,,0
2010734,Загрузка механизмами,,MN,,,e.ulishchenko,,,2026-03-24 17:52:48,2026-03-24 17:52:48,,,,,,,,,,,N,,SHIPPING_DOC,EKS000018138,,,,,,,,2026-03-24 17:52:48,,,N,,0.00000,0.00000,0.00000,0.00000,,,,,,,,,,,,,0
2010735,Загрузка механизмами,,MN,,,e.ulishchenko,,,2026-03-24 17:52:48,2026-03-24 17:52:48,,,,,,,,,,,N,,SHIPPING_DOC,EKS000018146,,,,,,,,2026-03-24 17:52:48,,,N,,0.00000,0.00000,0.00000,0.00000,,,,,,,,,,,,,0
2010736,Загрузка механизмами,,MN,,,e.ulishchenko,,,2026-03-24 17:52:48,2026-03-24 17:52:48,,,,,,,,,,,N,,SHIPPING_DOC,EKS000018154,,,,,,,,2026-03-24 17:52:48,,,N,,0.00000,0.00000,0.00000,0.00000,,,,,,,,,,,,,0
2010737,Загрузка механизмами,,MN,,,e.ulishchenko,,,2026-03-24 17:52:48,2026-03-24 17:52:48,,,,,,,,,,,N,,SHIPPING_DOC,EKS000018155,,,,,,,,2026-03-24 17:52:48,,,N,,0.00000,0.00000,0.00000,0.00000,,,,,,,,,,,,,0
2010738,Загрузка механизмами,,MN,,,e.ulishchenko,,,2026-03-24 17:52:48,2026-03-24 17:52:48,,,,,,,,,,,N,,SHIPPING_DOC,EKS000018221,,,,,,,,2026-03-24 17:52:48,,,N,,0.00000,0.00000,0.00000,0.00000,,,,,,,,,,,,,0
2010739,Загрузка механизмами,,MN,,,e.ulishchenko,,,2026-03-24 17:52:48,2026-03-24 17:52:48,,,,,,,,,,,N,,SHIPPING_DOC,EKS000018254,,,,,,,,2026-03-24 17:52:48,,,N,,0.00000,0.00000,0.00000,0.00000,,,,,,,,,,,,,0
2010740,Загрузка механизмами,,MN,,,e.ulishchenko,,,2026-03-24 17:52:48,2026-03-24 17:52:48,,,,,,,,,,,N,,SHIPPING_DOC,EKS000018265,,,,,,,,2026-03-24 17:52:48,,,N,,0.00000,0.00000,0.00000,0.00000,,,,,,,,,,,,,0
2010741,Загрузка механизмами,,MN,,,e.ulishchenko,,,2026-03-24 17:52:48,2026-03-24 17:52:48,,,,,,,,,,,N,,SHIPPING_DOC,EKS000018340,,,,,,,,2026-03-24 17:52:48,,,N,,0.00000,0.00000,0.00000,0.00000,,,,,,,,,,,,,0
2010742,Загрузка механизмами,,MN,,,e.ulishchenko,,,2026-03-24 17:52:48,2026-03-24 17:52:48,,,,,,,,,,,N,,SHIPPING_DOC,EKS000018341,,,,,,,,2026-03-24 17:52:48,,,N,,0.00000,0.00000,0.00000,0.00000,,,,,,,,,,,,,0
2010743,Загрузка механизмами,,MN,,,e.ulishchenko,,,2026-03-24 17:52:48,2026-03-24 17:52:48,,,,,,,,,,,N,,SHIPPING_DOC,EKS000018345,,,,,,,,2026-03-24 17:52:48,,,N,,0.00000,0.00000,0.00000,0.00000,,,,,,,,,,,,,0
2010744,Загрузка механизмами,,MN,,,e.ulishchenko,,,2026-03-24 17:52:48,2026-03-24 17:52:48,,,,,,,,,,,N,,SHIPPING_DOC,EKS000018346,,,,,,,,2026-03-24 17:52:48,,,N,,0.00000,0.00000,0.00000,0.00000,,,,,,,,,,,,,0
2010745,Загрузка механизмами,,MN,,,e.ulishchenko,,,2026-03-24 17:52:48,2026-03-24 17:52:48,,,,,,,,,,,N,,SHIPPING_DOC,EKS000018347,,,,,,,,2026-03-24 17:52:48,,,N,,0.00000,0.00000,0.00000,0.00000,,,,,,,,,,,,,0
2010746,Загрузка механизмами,,MN,,,e.ulishchenko,,,2026-03-24 17:52:48,2026-03-24 17:52:48,,,,,,,,,,,N,,SHIPPING_DOC,EKS000018348,,,,,,,,2026-03-24 17:52:48,,,N,,0.00000,0.00000,0.00000,0.00000,,,,,,,,,,,,,0
2010747,Загрузка механизмами,,MN,,,e.ulishchenko,,,2026-03-24 17:52:48,2026-03-24 17:52:48,,,,,,,,,,,N,,SHIPPING_DOC,EKS000018385,,,,,,,,2026-03-24 17:52:48,,,N,,0.00000,0.00000,0.00000,0.00000,,,,,,,,,,,,,0
2010748,Загрузка механизмами,,MN,,,e.ulishchenko,,,2026-03-24 17:52:48,2026-03-24 17:52:48,,,,,,,,,,,N,,SHIPPING_DOC,EKS000018386,,,,,,,,2026-03-24 17:52:48,,,N,,0.00000,0.00000,0.00000,0.00000,,,,,,,,,,,,,0
2010749,Загрузка механизмами,,MN,,,e.ulishchenko,,,2026-03-24 17:52:48,2026-03-24 17:52:48,,,,,,,,,,,N,,SHIPPING_DOC,EKS000018397,,,,,,,,2026-03-24 17:52:48,,,N,,0.00000,0.00000,0.00000,0.00000,,,,,,,,,,,,,0
2010750,Загрузка механизмами,,MN,,,e.ulishchenko,,,2026-03-24 17:52:48,2026-03-24 17:52:48,,,,,,,,,,,N,,SHIPPING_DOC,EKS000018401,,,,,,,,2026-03-24 17:52:48,,,N,,0.00000,0.00000,0.00000,0.00000,,,,,,,,,,,,,0
2010751,Загрузка механизмами,,MN,,,e.ulishchenko,,,2026-03-24 17:52:48,2026-03-24 17:52:48,,,,,,,,,,,N,,SHIPPING_DOC,EKS000018402,,,,,,,,2026-03-24 17:52:48,,,N,,0.00000,0.00000,0.00000,0.00000,,,,,,,,,,,,,0
2010752,Загрузка механизмами,,MN,,,e.ulishchenko,,,2026-03-24 17:52:48,2026-03-24 17:52:48,,,,,,,,,,,N,,SHIPPING_DOC,EKS000018404,,,,,,,,2026-03-24 17:52:48,,,N,,0.00000,0.00000,0.00000,0.00000,,,,,,,,,,,,,0
2010753,Загрузка механизмами,,MN,,,e.ulishchenko,,,2026-03-24 17:52:48,2026-03-24 17:52:48,,,,,,,,,,,N,,SHIPPING_DOC,EKS000018407,,,,,,,,2026-03-24 17:52:48,,,N,,0.00000,0.00000,0.00000,0.00000,,,,,,,,,,,,,0
2010754,Загрузка механизмами,,MN,,,e.ulishchenko,,,2026-03-24 17:52:48,2026-03-24 17:52:48,,,,,,,,,,,N,,SHIPPING_DOC,EKS000018424,,,,,,,,2026-03-24 17:52:48,,,N,,0.00000,0.00000,0.00000,0.00000,,,,,,,,,,,,,0
2010755,Загрузка механизмами,,MN,,,e.ulishchenko,,,2026-03-24 17:52:48,2026-03-24 17:52:48,,,,,,,,,,,N,,SHIPPING_DOC,EKS000018437,,,,,,,,2026-03-24 17:52:48,,,N,,0.00000,0.00000,0.00000,0.00000,,,,,,,,,,,,,0
2010756,Загрузка механизмами,,MN,,,e.ulishchenko,,,2026-03-24 17:52:48,2026-03-24 17:52:48,,,,,,,,,,,N,,SHIPPING_DOC,EKS000018450,,,,,,,,2026-03-24 17:52:48,,,N,,0.00000,0.00000,0.00000,0.00000,,,,,,,,,,,,,0
2010757,Загрузка механизмами,,MN,,,e.ulishchenko,,,2026-03-24 17:52:48,2026-03-24 17:52:48,,,,,,,,,,,N,,SHIPPING_DOC,EKS000018459,,,,,,,,2026-03-24 17:52:48,,,N,,0.00000,0.00000,0.00000,0.00000,,,,,,,,,,,,,0
2010758,Загрузка механизмами,,MN,,,e.ulishchenko,,,2026-03-24 17:52:48,2026-03-24 17:52:48,,,,,,,,,,,N,,SHIPPING_DOC,EKS000018463,,,,,,,,2026-03-24 17:52:48,,,N,,0.00000,0.00000,0.00000,0.00000,,,,,,,,,,,,,0
2010759,Загрузка механизмами,,MN,,,e.ulishchenko,,,2026-03-24 17:52:48,2026-03-24 17:52:48,,,,,,,,,,,N,,SHIPPING_DOC,EKS000018478,,,,,,,,2026-03-24 17:52:48,,,N,,0.00000,0.00000,0.00000,0.00000,,,,,,,,,,,,,0
2010760,Загрузка механизмами,,MN,,,e.ulishchenko,,,2026-03-24 17:52:48,2026-03-24 17:52:48,,,,,,,,,,,N,,SHIPPING_DOC,EKS000018481,,,,,,,,2026-03-24 17:52:48,,,N,,0.00000,0.00000,0.00000,0.00000,,,,,,,,,,,,,0
2010761,Загрузка механизмами,,MN,,,e.ulishchenko,,,2026-03-24 17:52:48,2026-03-24 17:52:48,,,,,,,,,,,N,,SHIPPING_DOC,EKS000018491,,,,,,,,2026-03-24 17:52:48,,,N,,0.00000,0.00000,0.00000,0.00000,,,,,,,,,,,,,0
2010762,Загрузка механизмами,,MN,,,e.ulishchenko,,,2026-03-24 17:52:48,2026-03-24 17:52:48,,,,,,,,,,,N,,SHIPPING_DOC,EKS000018538,,,,,,,,2026-03-24 17:52:48,,,N,,0.00000,0.00000,0.00000,0.00000,,,,,,,,,,,,,0
2010763,Загрузка механизмами,,MN,,,e.ulishchenko,,,2026-03-24 17:52:48,2026-03-24 17:52:48,,,,,,,,,,,N,,SHIPPING_DOC,EKS000018548,,,,,,,,2026-03-24 17:52:48,,,N,,0.00000,0.00000,0.00000,0.00000,,,,,,,,,,,,,0
2010764,Загрузка механизмами,,MN,,,e.ulishchenko,,,2026-03-24 17:52:48,2026-03-24 17:52:48,,,,,,,,,,,N,,SHIPPING_DOC,EKS000018556,,,,,,,,2026-03-24 17:52:48,,,N,,0.00000,0.00000,0.00000,0.00000,,,,,,,,,,,,,0
2010765,Загрузка механизмами,,MN,,,e.ulishchenko,,,2026-03-24 17:52:48,2026-03-24 17:52:48,,,,,,,,,,,N,,SHIPPING_DOC,EKS000018561,,,,,,,,2026-03-24 17:52:48,,,N,,0.00000,0.00000,0.00000,0.00000,,,,,,,,,,,,,0
2010766,Загрузка механизмами,,MN,,,e.ulishchenko,,,2026-03-24 17:52:48,2026-03-24 17:52:48,,,,,,,,,,,N,,SHIPPING_DOC,EKS000018568,,,,,,,,2026-03-24 17:52:48,,,N,,0.00000,0.00000,0.00000,0.00000,,,,,,,,,,,,,0
2010767,Загрузка механизмами,,MN,,,e.ulishchenko,,,2026-03-24 17:52:48,2026-03-24 17:52:48,,,,,,,,,,,N,,SHIPPING_DOC,EKS000018571,,,,,,,,2026-03-24 17:52:48,,,N,,0.00000,0.00000,0.00000,0.00000,,,,,,,,,,,,,0
2010768,Загрузка механизмами,,MN,,,e.ulishchenko,,,2026-03-24 17:52:48,2026-03-24 17:52:48,,,,,,,,,,,N,,SHIPPING_DOC,EKS000018573,,,,,,,,2026-03-24 17:52:48,,,N,,0.00000,0.00000,0.00000,0.00000,,,,,,,,,,,,,0
2010769,Загрузка механизмами,,MN,,,e.ulishchenko,,,2026-03-24 17:52:48,2026-03-24 17:52:48,,,,,,,,,,,N,,SHIPPING_DOC,EKS000018576,,,,,,,,2026-03-24 17:52:48,,,N,,0.00000,0.00000,0.00000,0.00000,,,,,,,,,,,,,0
2010770,Загрузка механизмами,,MN,,,e.ulishchenko,,,2026-03-24 17:52:48,2026-03-24 17:52:48,,,,,,,,,,,N,,SHIPPING_DOC,EKS000018580,,,,,,,,2026-03-24 17:52:48,,,N,,0.00000,0.00000,0.00000,0.00000,,,,,,,,,,,,,0
2010771,Загрузка механизмами,,MN,,,e.ulishchenko,,,2026-03-24 17:52:48,2026-03-24 17:52:48,,,,,,,,,,,N,,SHIPPING_DOC,EKS000018585,,,,,,,,2026-03-24 17:52:48,,,N,,0.00000,0.00000,0.00000,0.00000,,,,,,,,,,,,,0
2010772,Загрузка механизмами,,MN,,,e.ulishchenko,,,2026-03-24 17:52:48,2026-03-24 17:52:48,,,,,,,,,,,N,,SHIPPING_DOC,EKS000018595,,,,,,,,2026-03-24 17:52:48,,,N,,0.00000,0.00000,0.00000,0.00000,,,,,,,,,,,,,0
2010773,Загрузка механизмами,,MN,,,e.ulishchenko,,,2026-03-24 17:52:48,2026-03-24 17:52:48,,,,,,,,,,,N,,SHIPPING_DOC,EKS000018597,,,,,,,,2026-03-24 17:52:48,,,N,,0.00000,0.00000,0.00000,0.00000,,,,,,,,,,,,,0
2010774,Загрузка механизмами,,MN,,,e.ulishchenko,,,2026-03-24 17:52:48,2026-03-24 17:52:48,,,,,,,,,,,N,,SHIPPING_DOC,EKS000018600,,,,,,,,2026-03-24 17:52:48,,,N,,0.00000,0.00000,0.00000,0.00000,,,,,,,,,,,,,0
2010775,Загрузка механизмами,,MN,,,e.ulishchenko,,,2026-03-24 17:52:48,2026-03-24 17:52:48,,,,,,,,,,,N,,SHIPPING_DOC,EKS000018522,,,,,,,,2026-03-24 17:52:48,,,N,,0.00000,0.00000,0.00000,0.00000,,,,,,,,,,,,,0
2010776,Загрузка ручная,,MN,,,e.ulishchenko,,,2026-03-24 17:52:48,2026-03-24 17:52:48,,,,,,,,,,,N,,SHIPPING_DOC,EKS000018468,,,,,,,,2026-03-24 17:52:48,,,N,,0.00000,0.00000,0.00000,0.00000,,,,,,,,,,,,,0
2010777,Загрузка ручная,,MN,,,e.ulishchenko,,,2026-03-24 17:52:48,2026-03-24 17:52:48,,,,,,,,,,,N,,SHIPPING_DOC,EKS000018602,,,,,,,,2026-03-24 17:52:48,,,N,,0.00000,0.00000,0.00000,0.00000,,,,,,,,,,,,,0
2010778,Загрузка ручная,,MN,,,e.ulishchenko,,,2026-03-24 17:52:48,2026-03-24 17:52:48,,,,,,,,,,,N,,SHIPPING_DOC,EKS000018603,,,,,,,,2026-03-24 17:52:48,,,N,,0.00000,0.00000,0.00000,0.00000,,,,,,,,,,,,,0
2010779,Загрузка ручная,,MN,,,e.ulishchenko,,,2026-03-24 17:52:48,2026-03-24 17:52:48,,,,,,,,,,,N,,SHIPPING_DOC,EKS000018609,,,,,,,,2026-03-24 17:52:48,,,N,,0.00000,0.00000,0.00000,0.00000,,,,,,,,,,,,,0
2010780,Загрузка ручная,,MN,,,e.ulishchenko,,,2026-03-24 17:52:48,2026-03-24 17:52:48,,,,,,,,,,,N,,SHIPPING_DOC,EKS000018446,,,,,,,,2026-03-24 17:52:48,,,N,,0.00000,0.00000,0.00000,0.00000,,,,,,,,,,,,,0
2010781,Загрузка ручная,,MN,,,e.ulishchenko,,,2026-03-24 17:52:48,2026-03-24 17:52:48,,,,,,,,,,,N,,SHIPPING_DOC,EKS000018519,,,,,,,,2026-03-24 17:52:48,,,N,,0.00000,0.00000,0.00000,0.00000,,,,,,,,,,,,,0
2010782,Загрузка ручная,,MN,,,e.ulishchenko,,,2026-03-24 17:52:48,2026-03-24 17:52:48,,,,,,,,,,,N,,SHIPPING_DOC,EKS000018557,,,,,,,,2026-03-24 17:52:48,,,N,,0.00000,0.00000,0.00000,0.00000,,,,,,,,,,,,,0
2010783,Загрузка ручная,,MN,,,e.ulishchenko,,,2026-03-24 17:52:48,2026-03-24 17:52:48,,,,,,,,,,,N,,SHIPPING_DOC,EKS000018564,,,,,,,,2026-03-24 17:52:48,,,N,,0.00000,0.00000,0.00000,0.00000,,,,,,,,,,,,,0
2010784,Загрузка ручная,,MN,,,e.ulishchenko,,,2026-03-24 17:52:48,2026-03-24 17:52:48,,,,,,,,,,,N,,SHIPPING_DOC,EKS000017930,,,,,,,,2026-03-24 17:52:48,,,N,,0.00000,0.00000,0.00000,0.00000,,,,,,,,,,,,,0
2010785,Загрузка ручная,,MN,,,e.ulishchenko,,,2026-03-24 17:52:48,2026-03-24 17:52:48,,,,,,,,,,,N,,SHIPPING_DOC,EKS000017967,,,,,,,,2026-03-24 17:52:48,,,N,,0.00000,0.00000,0.00000,0.00000,,,,,,,,,,,,,0
2010786,Загрузка ручная,,MN,,,e.ulishchenko,,,2026-03-24 17:52:48,2026-03-24 17:52:48,,,,,,,,,,,N,,SHIPPING_DOC,EKS000017968,,,,,,,,2026-03-24 17:52:48,,,N,,0.00000,0.00000,0.00000,0.00000,,,,,,,,,,,,,0
2010787,Загрузка ручная,,MN,,,e.ulishchenko,,,2026-03-24 17:52:48,2026-03-24 17:52:48,,,,,,,,,,,N,,SHIPPING_DOC,EKS000017970,,,,,,,,2026-03-24 17:52:48,,,N,,0.00000,0.00000,0.00000,0.00000,,,,,,,,,,,,,0
2010788,Загрузка ручная,,MN,,,e.ulishchenko,,,2026-03-24 17:52:48,2026-03-24 17:52:48,,,,,,,,,,,N,,SHIPPING_DOC,EKS000017972,,,,,,,,2026-03-24 17:52:48,,,N,,0.00000,0.00000,0.00000,0.00000,,,,,,,,,,,,,0
2010789,Загрузка ручная,,MN,,,e.ulishchenko,,,2026-03-24 17:52:48,2026-03-24 17:52:48,,,,,,,,,,,N,,SHIPPING_DOC,EKS000017983,,,,,,,,2026-03-24 17:52:48,,,N,,0.00000,0.00000,0.00000,0.00000,,,,,,,,,,,,,0
2010790,Загрузка ручная,,MN,,,e.ulishchenko,,,2026-03-24 17:52:48,2026-03-24 17:52:48,,,,,,,,,,,N,,SHIPPING_DOC,EKS000018019,,,,,,,,2026-03-24 17:52:48,,,N,,0.00000,0.00000,0.00000,0.00000,,,,,,,,,,,,,0
2010791,Загрузка ручная,,MN,,,e.ulishchenko,,,2026-03-24 17:52:48,2026-03-24 17:52:48,,,,,,,,,,,N,,SHIPPING_DOC,EKS000018023,,,,,,,,2026-03-24 17:52:48,,,N,,0.00000,0.00000,0.00000,0.00000,,,,,,,,,,,,,0
2010792,Загрузка ручная,,MN,,,e.ulishchenko,,,2026-03-24 17:52:48,2026-03-24 17:52:48,,,,,,,,,,,N,,SHIPPING_DOC,EKS000018033,,,,,,,,2026-03-24 17:52:48,,,N,,0.00000,0.00000,0.00000,0.00000,,,,,,,,,,,,,0
2010793,Загрузка ручная,,MN,,,e.ulishchenko,,,2026-03-24 17:52:48,2026-03-24 17:52:48,,,,,,,,,,,N,,SHIPPING_DOC,EKS000018057,,,,,,,,2026-03-24 17:52:48,,,N,,0.00000,0.00000,0.00000,0.00000,,,,,,,,,,,,,0
2010794,Загрузка ручная,,MN,,,e.ulishchenko,,,2026-03-24 17:52:48,2026-03-24 17:52:48,,,,,,,,,,,N,,SHIPPING_DOC,EKS000018077,,,,,,,,2026-03-24 17:52:48,,,N,,0.00000,0.00000,0.00000,0.00000,,,,,,,,,,,,,0
2010795,Загрузка ручная,,MN,,,e.ulishchenko,,,2026-03-24 17:52:48,2026-03-24 17:52:48,,,,,,,,,,,N,,SHIPPING_DOC,EKS000018124,,,,,,,,2026-03-24 17:52:48,,,N,,0.00000,0.00000,0.00000,0.00000,,,,,,,,,,,,,0
2010796,Загрузка ручная,,MN,,,e.ulishchenko,,,2026-03-24 17:52:48,2026-03-24 17:52:48,,,,,,,,,,,N,,SHIPPING_DOC,EKS000018132,,,,,,,,2026-03-24 17:52:48,,,N,,0.00000,0.00000,0.00000,0.00000,,,,,,,,,,,,,0
2010797,Загрузка ручная,,MN,,,e.ulishchenko,,,2026-03-24 17:52:48,2026-03-24 17:52:48,,,,,,,,,,,N,,SHIPPING_DOC,EKS000018135,,,,,,,,2026-03-24 17:52:48,,,N,,0.00000,0.00000,0.00000,0.00000,,,,,,,,,,,,,0
2010798,Загрузка ручная,,MN,,,e.ulishchenko,,,2026-03-24 17:52:48,2026-03-24 17:52:48,,,,,,,,,,,N,,SHIPPING_DOC,EKS000018138,,,,,,,,2026-03-24 17:52:48,,,N,,0.00000,0.00000,0.00000,0.00000,,,,,,,,,,,,,0
2010799,Загрузка ручная,,MN,,,e.ulishchenko,,,2026-03-24 17:52:48,2026-03-24 17:52:48,,,,,,,,,,,N,,SHIPPING_DOC,EKS000018146,,,,,,,,2026-03-24 17:52:48,,,N,,0.00000,0.00000,0.00000,0.00000,,,,,,,,,,,,,0
2010800,Загрузка ручная,,MN,,,e.ulishchenko,,,2026-03-24 17:52:48,2026-03-24 17:52:48,,,,,,,,,,,N,,SHIPPING_DOC,EKS000018154,,,,,,,,2026-03-24 17:52:48,,,N,,0.00000,0.00000,0.00000,0.00000,,,,,,,,,,,,,0
2010801,Загрузка ручная,,MN,,,e.ulishchenko,,,2026-03-24 17:52:48,2026-03-24 17:52:48,,,,,,,,,,,N,,SHIPPING_DOC,EKS000018155,,,,,,,,2026-03-24 17:52:48,,,N,,0.00000,0.00000,0.00000,0.00000,,,,,,,,,,,,,0
2010802,Загрузка ручная,,MN,,,e.ulishchenko,,,2026-03-24 17:52:48,2026-03-24 17:52:48,,,,,,,,,,,N,,SHIPPING_DOC,EKS000018221,,,,,,,,2026-03-24 17:52:48,,,N,,0.00000,0.00000,0.00000,0.00000,,,,,,,,,,,,,0
2010803,Загрузка ручная,,MN,,,e.ulishchenko,,,2026-03-24 17:52:48,2026-03-24 17:52:48,,,,,,,,,,,N,,SHIPPING_DOC,EKS000018254,,,,,,,,2026-03-24 17:52:48,,,N,,0.00000,0.00000,0.00000,0.00000,,,,,,,,,,,,,0
2010804,Загрузка ручная,,MN,,,e.ulishchenko,,,2026-03-24 17:52:48,2026-03-24 17:52:48,,,,,,,,,,,N,,SHIPPING_DOC,EKS000018265,,,,,,,,2026-03-24 17:52:48,,,N,,0.00000,0.00000,0.00000,0.00000,,,,,,,,,,,,,0
2010805,Загрузка ручная,,MN,,,e.ulishchenko,,,2026-03-24 17:52:48,2026-03-24 17:52:48,,,,,,,,,,,N,,SHIPPING_DOC,EKS000018340,,,,,,,,2026-03-24 17:52:48,,,N,,0.00000,0.00000,0.00000,0.00000,,,,,,,,,,,,,0
2010806,Загрузка ручная,,MN,,,e.ulishchenko,,,2026-03-24 17:52:48,2026-03-24 17:52:48,,,,,,,,,,,N,,SHIPPING_DOC,EKS000018341,,,,,,,,2026-03-24 17:52:48,,,N,,0.00000,0.00000,0.00000,0.00000,,,,,,,,,,,,,0
2010807,Загрузка ручная,,MN,,,e.ulishchenko,,,2026-03-24 17:52:48,2026-03-24 17:52:48,,,,,,,,,,,N,,SHIPPING_DOC,EKS000018345,,,,,,,,2026-03-24 17:52:48,,,N,,0.00000,0.00000,0.00000,0.00000,,,,,,,,,,,,,0
2010808,Загрузка ручная,,MN,,,e.ulishchenko,,,2026-03-24 17:52:48,2026-03-24 17:52:48,,,,,,,,,,,N,,SHIPPING_DOC,EKS000018346,,,,,,,,2026-03-24 17:52:48,,,N,,0.00000,0.00000,0.00000,0.00000,,,,,,,,,,,,,0
2010809,Загрузка ручная,,MN,,,e.ulishchenko,,,2026-03-24 17:52:48,2026-03-24 17:52:48,,,,,,,,,,,N,,SHIPPING_DOC,EKS000018347,,,,,,,,2026-03-24 17:52:48,,,N,,0.00000,0.00000,0.00000,0.00000,,,,,,,,,,,,,0
2010810,Загрузка ручная,,MN,,,e.ulishchenko,,,2026-03-24 17:52:48,2026-03-24 17:52:48,,,,,,,,,,,N,,SHIPPING_DOC,EKS000018348,,,,,,,,2026-03-24 17:52:48,,,N,,0.00000,0.00000,0.00000,0.00000,,,,,,,,,,,,,0
2010811,Загрузка ручная,,MN,,,e.ulishchenko,,,2026-03-24 17:52:48,2026-03-24 17:52:48,,,,,,,,,,,N,,SHIPPING_DOC,EKS000018385,,,,,,,,2026-03-24 17:52:48,,,N,,0.00000,0.00000,0.00000,0.00000,,,,,,,,,,,,,0
2010812,Загрузка ручная,,MN,,,e.ulishchenko,,,2026-03-24 17:52:48,2026-03-24 17:52:48,,,,,,,,,,,N,,SHIPPING_DOC,EKS000018386,,,,,,,,2026-03-24 17:52:48,,,N,,0.00000,0.00000,0.00000,0.00000,,,,,,,,,,,,,0
2010813,Загрузка ручная,,MN,,,e.ulishchenko,,,2026-03-24 17:52:48,2026-03-24 17:52:48,,,,,,,,,,,N,,SHIPPING_DOC,EKS000018397,,,,,,,,2026-03-24 17:52:48,,,N,,0.00000,0.00000,0.00000,0.00000,,,,,,,,,,,,,0
2010814,Загрузка ручная,,MN,,,e.ulishchenko,,,2026-03-24 17:52:48,2026-03-24 17:52:48,,,,,,,,,,,N,,SHIPPING_DOC,EKS000018401,,,,,,,,2026-03-24 17:52:48,,,N,,0.00000,0.00000,0.00000,0.00000,,,,,,,,,,,,,0
2010815,Загрузка ручная,,MN,,,e.ulishchenko,,,2026-03-24 17:52:48,2026-03-24 17:52:48,,,,,,,,,,,N,,SHIPPING_DOC,EKS000018402,,,,,,,,2026-03-24 17:52:48,,,N,,0.00000,0.00000,0.00000,0.00000,,,,,,,,,,,,,0
2010816,Загрузка ручная,,MN,,,e.ulishchenko,,,2026-03-24 17:52:48,2026-03-24 17:52:48,,,,,,,,,,,N,,SHIPPING_DOC,EKS000018404,,,,,,,,2026-03-24 17:52:48,,,N,,0.00000,0.00000,0.00000,0.00000,,,,,,,,,,,,,0
2010817,Загрузка ручная,,MN,,,e.ulishchenko,,,2026-03-24 17:52:48,2026-03-24 17:52:48,,,,,,,,,,,N,,SHIPPING_DOC,EKS000018407,,,,,,,,2026-03-24 17:52:48,,,N,,0.00000,0.00000,0.00000,0.00000,,,,,,,,,,,,,0
2010818,Загрузка ручная,,MN,,,e.ulishchenko,,,2026-03-24 17:52:48,2026-03-24 17:52:48,,,,,,,,,,,N,,SHIPPING_DOC,EKS000018424,,,,,,,,2026-03-24 17:52:48,,,N,,0.00000,0.00000,0.00000,0.00000,,,,,,,,,,,,,0
2010819,Загрузка ручная,,MN,,,e.ulishchenko,,,2026-03-24 17:52:48,2026-03-24 17:52:48,,,,,,,,,,,N,,SHIPPING_DOC,EKS000018437,,,,,,,,2026-03-24 17:52:48,,,N,,0.00000,0.00000,0.00000,0.00000,,,,,,,,,,,,,0
2010820,Загрузка ручная,,MN,,,e.ulishchenko,,,2026-03-24 17:52:48,2026-03-24 17:52:48,,,,,,,,,,,N,,SHIPPING_DOC,EKS000018450,,,,,,,,2026-03-24 17:52:48,,,N,,0.00000,0.00000,0.00000,0.00000,,,,,,,,,,,,,0
2010821,Загрузка ручная,,MN,,,e.ulishchenko,,,2026-03-24 17:52:48,2026-03-24 17:52:48,,,,,,,,,,,N,,SHIPPING_DOC,EKS000018459,,,,,,,,2026-03-24 17:52:48,,,N,,0.00000,0.00000,0.00000,0.00000,,,,,,,,,,,,,0
2010822,Загрузка ручная,,MN,,,e.ulishchenko,,,2026-03-24 17:52:48,2026-03-24 17:52:48,,,,,,,,,,,N,,SHIPPING_DOC,EKS000018463,,,,,,,,2026-03-24 17:52:48,,,N,,0.00000,0.00000,0.00000,0.00000,,,,,,,,,,,,,0
2010823,Загрузка ручная,,MN,,,e.ulishchenko,,,2026-03-24 17:52:48,2026-03-24 17:52:48,,,,,,,,,,,N,,SHIPPING_DOC,EKS000018478,,,,,,,,2026-03-24 17:52:48,,,N,,0.00000,0.00000,0.00000,0.00000,,,,,,,,,,,,,0
2010824,Загрузка ручная,,MN,,,e.ulishchenko,,,2026-03-24 17:52:48,2026-03-24 17:52:48,,,,,,,,,,,N,,SHIPPING_DOC,EKS000018481,,,,,,,,2026-03-24 17:52:48,,,N,,0.00000,0.00000,0.00000,0.00000,,,,,,,,,,,,,0
2010825,Загрузка ручная,,MN,,,e.ulishchenko,,,2026-03-24 17:52:48,2026-03-24 17:52:48,,,,,,,,,,,N,,SHIPPING_DOC,EKS000018491,,,,,,,,2026-03-24 17:52:48,,,N,,0.00000,0.00000,0.00000,0.00000,,,,,,,,,,,,,0
2010826,Загрузка ручная,,MN,,,e.ulishchenko,,,2026-03-24 17:52:48,2026-03-24 17:52:48,,,,,,,,,,,N,,SHIPPING_DOC,EKS000018538,,,,,,,,2026-03-24 17:52:48,,,N,,0.00000,0.00000,0.00000,0.00000,,,,,,,,,,,,,0
2010827,Загрузка ручная,,MN,,,e.ulishchenko,,,2026-03-24 17:52:48,2026-03-24 17:52:48,,,,,,,,,,,N,,SHIPPING_DOC,EKS000018548,,,,,,,,2026-03-24 17:52:48,,,N,,0.00000,0.00000,0.00000,0.00000,,,,,,,,,,,,,0
2010828,Загрузка ручная,,MN,,,e.ulishchenko,,,2026-03-24 17:52:48,2026-03-24 17:52:48,,,,,,,,,,,N,,SHIPPING_DOC,EKS000018556,,,,,,,,2026-03-24 17:52:48,,,N,,0.00000,0.00000,0.00000,0.00000,,,,,,,,,,,,,0
2010829,Загрузка ручная,,MN,,,e.ulishchenko,,,2026-03-24 17:52:48,2026-03-24 17:52:48,,,,,,,,,,,N,,SHIPPING_DOC,EKS000018561,,,,,,,,2026-03-24 17:52:48,,,N,,0.00000,0.00000,0.00000,0.00000,,,,,,,,,,,,,0
2010830,Загрузка ручная,,MN,,,e.ulishchenko,,,2026-03-24 17:52:48,2026-03-24 17:52:48,,,,,,,,,,,N,,SHIPPING_DOC,EKS000018568,,,,,,,,2026-03-24 17:52:48,,,N,,0.00000,0.00000,0.00000,0.00000,,,,,,,,,,,,,0
2010831,Загрузка ручная,,MN,,,e.ulishchenko,,,2026-03-24 17:52:48,2026-03-24 17:52:48,,,,,,,,,,,N,,SHIPPING_DOC,EKS000018571,,,,,,,,2026-03-24 17:52:48,,,N,,0.00000,0.00000,0.00000,0.00000,,,,,,,,,,,,,0
2010832,Загрузка ручная,,MN,,,e.ulishchenko,,,2026-03-24 17:52:48,2026-03-24 17:52:48,,,,,,,,,,,N,,SHIPPING_DOC,EKS000018573,,,,,,,,2026-03-24 17:52:48,,,N,,0.00000,0.00000,0.00000,0.00000,,,,,,,,,,,,,0
2010833,Загрузка ручная,,MN,,,e.ulishchenko,,,2026-03-24 17:52:48,2026-03-24 17:52:48,,,,,,,,,,,N,,SHIPPING_DOC,EKS000018576,,,,,,,,2026-03-24 17:52:48,,,N,,0.00000,0.00000,0.00000,0.00000,,,,,,,,,,,,,0
2010834,Загрузка ручная,,MN,,,e.ulishchenko,,,2026-03-24 17:52:48,2026-03-24 17:52:48,,,,,,,,,,,N,,SHIPPING_DOC,EKS000018580,,,,,,,,2026-03-24 17:52:48,,,N,,0.00000,0.00000,0.00000,0.00000,,,,,,,,,,,,,0
2010835,Загрузка ручная,,MN,,,e.ulishchenko,,,2026-03-24 17:52:48,2026-03-24 17:52:48,,,,,,,,,,,N,,SHIPPING_DOC,EKS000018585,,,,,,,,2026-03-24 17:52:48,,,N,,0.00000,0.00000,0.00000,0.00000,,,,,,,,,,,,,0
2010836,Загрузка ручная,,MN,,,e.ulishchenko,,,2026-03-24 17:52:48,2026-03-24 17:52:48,,,,,,,,,,,N,,SHIPPING_DOC,EKS000018595,,,,,,,,2026-03-24 17:52:48,,,N,,0.00000,0.00000,0.00000,0.00000,,,,,,,,,,,,,0
2010837,Загрузка ручная,,MN,,,e.ulishchenko,,,2026-03-24 17:52:48,2026-03-24 17:52:48,,,,,,,,,,,N,,SHIPPING_DOC,EKS000018597,,,,,,,,2026-03-24 17:52:48,,,N,,0.00000,0.00000,0.00000,0.00000,,,,,,,,,,,,,0
2010838,Загрузка ручная,,MN,,,e.ulishchenko,,,2026-03-24 17:52:48,2026-03-24 17:52:48,,,,,,,,,,,N,,SHIPPING_DOC,EKS000018600,,,,,,,,2026-03-24 17:52:48,,,N,,0.00000,0.00000,0.00000,0.00000,,,,,,,,,,,,,0
2010839,Загрузка ручная,,MN,,,e.ulishchenko,,,2026-03-24 17:52:48,2026-03-24 17:52:48,,,,,,,,,,,N,,SHIPPING_DOC,EKS000018522,,,,,,,,2026-03-24 17:52:48,,,N,,0.00000,0.00000,0.00000,0.00000,,,,,,,,,,,,,0
2010840,Загрузка механизмами,,MN,,,user2349,,,2026-03-24 18:32:57,2026-03-24 18:32:57,,,,,,,,,,,N,,SHIPPING_DOC,EKS000018435,,,,,,,,2026-03-24 18:32:57,,,N,,0.00000,0.00000,0.00000,0.00000,,,,,,,,,,,,,0
2010841,Загрузка механизмами,,MN,,,user2349,,,2026-03-24 18:32:57,2026-03-24 18:32:57,,,,,,,,,,,N,,SHIPPING_DOC,EKS000018552,,,,,,,,2026-03-24 18:32:57,,,N,,0.00000,0.00000,0.00000,0.00000,,,,,,,,,,,,,0
2010842,Загрузка механизмами,,MN,,,user2349,,,2026-03-24 18:32:57,2026-03-24 18:32:57,,,,,,,,,,,N,,SHIPPING_DOC,EKS000018187,,,,,,,,2026-03-24 18:32:57,,,N,,0.00000,0.00000,0.00000,0.00000,,,,,,,,,,,,,0
2010843,Загрузка механизмами,,MN,,,user2349,,,2026-03-24 18:32:57,2026-03-24 18:32:57,,,,,,,,,,,N,,SHIPPING_DOC,EKS000018191,,,,,,,,2026-03-24 18:32:57,,,N,,0.00000,0.00000,0.00000,0.00000,,,,,,,,,,,,,0
2010844,Загрузка механизмами,,MN,,,user2349,,,2026-03-24 18:32:57,2026-03-24 18:32:57,,,,,,,,,,,N,,SHIPPING_DOC,EKS000018566,,,,,,,,2026-03-24 18:32:57,,,N,,0.00000,0.00000,0.00000,0.00000,,,,,,,,,,,,,0
2010845,Загрузка механизмами,,MN,,,user2349,,,2026-03-24 18:32:57,2026-03-24 18:32:57,,,,,,,,,,,N,,SHIPPING_DOC,EKS000018567,,,,,,,,2026-03-24 18:32:57,,,N,,0.00000,0.00000,0.00000,0.00000,,,,,,,,,,,,,0
2010846,Загрузка ручная,,MN,,,user2349,,,2026-03-24 18:32:57,2026-03-24 18:32:57,,,,,,,,,,,N,,SHIPPING_DOC,EKS000018435,,,,,,,,2026-03-24 18:32:57,,,N,,0.00000,0.00000,0.00000,0.00000,,,,,,,,,,,,,0
2010847,Загрузка ручная,,MN,,,user2349,,,2026-03-24 18:32:57,2026-03-24 18:32:57,,,,,,,,,,,N,,SHIPPING_DOC,EKS000018552,,,,,,,,2026-03-24 18:32:57,,,N,,0.00000,0.00000,0.00000,0.00000,,,,,,,,,,,,,0
2010848,Загрузка ручная,,MN,,,user2349,,,2026-03-24 18:32:57,2026-03-24 18:32:57,,,,,,,,,,,N,,SHIPPING_DOC,EKS000018187,,,,,,,,2026-03-24 18:32:57,,,N,,0.00000,0.00000,0.00000,0.00000,,,,,,,,,,,,,0
2010849,Загрузка ручная,,MN,,,user2349,,,2026-03-24 18:32:57,2026-03-24 18:32:57,,,,,,,,,,,N,,SHIPPING_DOC,EKS000018191,,,,,,,,2026-03-24 18:32:57,,,N,,0.00000,0.00000,0.00000,0.00000,,,,,,,,,,,,,0
2010850,Загрузка ручная,,MN,,,user2349,,,2026-03-24 18:32:57,2026-03-24 18:32:57,,,,,,,,,,,N,,SHIPPING_DOC,EKS000018566,,,,,,,,2026-03-24 18:32:57,,,N,,0.00000,0.00000,0.00000,0.00000,,,,,,,,,,,,,0
2010851,Загрузка ручная,,MN,,,user2349,,,2026-03-24 18:32:57,2026-03-24 18:32:57,,,,,,,,,,,N,,SHIPPING_DOC,EKS000018567,,,,,,,,2026-03-24 18:32:57,,,N,,0.00000,0.00000,0.00000,0.00000,,,,,,,,,,,,,0
2010852,Загрузка механизмами,,MN,,,USER2358,,,2026-03-24 18:44:15,2026-03-24 18:44:15,,,,,,,,,,,N,,SHIPPING_DOC,EKS000018435,,,,,,,,2026-03-24 18:44:15,,,N,,0.00000,0.00000,0.00000,0.00000,,,,,,,,,,,,,0
2010853,Загрузка механизмами,,MN,,,USER2358,,,2026-03-24 18:44:15,2026-03-24 18:44:15,,,,,,,,,,,N,,SHIPPING_DOC,EKS000018552,,,,,,,,2026-03-24 18:44:15,,,N,,0.00000,0.00000,0.00000,0.00000,,,,,,,,,,,,,0
2010854,Загрузка механизмами,,MN,,,USER2358,,,2026-03-24 18:44:15,2026-03-24 18:44:15,,,,,,,,,,,N,,SHIPPING_DOC,EKS000018187,,,,,,,,2026-03-24 18:44:15,,,N,,0.00000,0.00000,0.00000,0.00000,,,,,,,,,,,,,0
2010855,Загрузка механизмами,,MN,,,USER2358,,,2026-03-24 18:44:15,2026-03-24 18:44:15,,,,,,,,,,,N,,SHIPPING_DOC,EKS000018191,,,,,,,,2026-03-24 18:44:15,,,N,,0.00000,0.00000,0.00000,0.00000,,,,,,,,,,,,,0
2010856,Загрузка механизмами,,MN,,,USER2358,,,2026-03-24 18:44:15,2026-03-24 18:44:15,,,,,,,,,,,N,,SHIPPING_DOC,EKS000018566,,,,,,,,2026-03-24 18:44:15,,,N,,0.00000,0.00000,0.00000,0.00000,,,,,,,,,,,,,0
2010857,Загрузка механизмами,,MN,,,USER2358,,,2026-03-24 18:44:15,2026-03-24 18:44:15,,,,,,,,,,,N,,SHIPPING_DOC,EKS000018567,,,,,,,,2026-03-24 18:44:15,,,N,,0.00000,0.00000,0.00000,0.00000,,,,,,,,,,,,,0
2010858,Загрузка ручная,,MN,,,USER2358,,,2026-03-24 18:44:16,2026-03-24 18:44:16,,,,,,,,,,,N,,SHIPPING_DOC,EKS000018435,,,,,,,,2026-03-24 18:44:16,,,N,,0.00000,0.00000,0.00000,0.00000,,,,,,,,,,,,,0
2010859,Загрузка ручная,,MN,,,USER2358,,,2026-03-24 18:44:16,2026-03-24 18:44:16,,,,,,,,,,,N,,SHIPPING_DOC,EKS000018552,,,,,,,,2026-03-24 18:44:16,,,N,,0.00000,0.00000,0.00000,0.00000,,,,,,,,,,,,,0
2010860,Загрузка ручная,,MN,,,USER2358,,,2026-03-24 18:44:16,2026-03-24 18:44:16,,,,,,,,,,,N,,SHIPPING_DOC,EKS000018187,,,,,,,,2026-03-24 18:44:16,,,N,,0.00000,0.00000,0.00000,0.00000,,,,,,,,,,,,,0
2010861,Загрузка ручная,,MN,,,USER2358,,,2026-03-24 18:44:16,2026-03-24 18:44:16,,,,,,,,,,,N,,SHIPPING_DOC,EKS000018191,,,,,,,,2026-03-24 18:44:16,,,N,,0.00000,0.00000,0.00000,0.00000,,,,,,,,,,,,,0
2010862,Загрузка ручная,,MN,,,USER2358,,,2026-03-24 18:44:16,2026-03-24 18:44:16,,,,,,,,,,,N,,SHIPPING_DOC,EKS000018566,,,,,,,,2026-03-24 18:44:16,,,N,,0.00000,0.00000,0.00000,0.00000,,,,,,,,,,,,,0
2010863,Загрузка ручная,,MN,,,USER2358,,,2026-03-24 18:44:16,2026-03-24 18:44:16,,,,,,,,,,,N,,SHIPPING_DOC,EKS000018567,,,,,,,,2026-03-24 18:44:16,,,N,,0.00000,0.00000,0.00000,0.00000,,,,,,,,,,,,,0
2010864,Загрузка механизмами,,MN,,,USER2358,,,2026-03-24 19:39:18,2026-03-24 19:39:18,,,,,,,,,,,N,,SHIPPING_DOC,EKS000017892,,,,,,,,2026-03-24 19:39:18,,,N,,0.00000,0.00000,0.00000,0.00000,,,,,,,,,,,,,0
2010865,Загрузка механизмами,,MN,,,USER2358,,,2026-03-24 19:39:18,2026-03-24 19:39:18,,,,,,,,,,,N,,SHIPPING_DOC,EKS000017912,,,,,,,,2026-03-24 19:39:18,,,N,,0.00000,0.00000,0.00000,0.00000,,,,,,,,,,,,,0
2010866,Загрузка механизмами,,MN,,,USER2358,,,2026-03-24 19:39:18,2026-03-24 19:39:18,,,,,,,,,,,N,,SHIPPING_DOC,EKS000017937,,,,,,,,2026-03-24 19:39:18,,,N,,0.00000,0.00000,0.00000,0.00000,,,,,,,,,,,,,0
2010867,Загрузка механизмами,,MN,,,USER2358,,,2026-03-24 19:39:18,2026-03-24 19:39:18,,,,,,,,,,,N,,SHIPPING_DOC,EKS000017971,,,,,,,,2026-03-24 19:39:18,,,N,,0.00000,0.00000,0.00000,0.00000,,,,,,,,,,,,,0
2010868,Загрузка механизмами,,MN,,,USER2358,,,2026-03-24 19:39:18,2026-03-24 19:39:18,,,,,,,,,,,N,,SHIPPING_DOC,EKS000018017,,,,,,,,2026-03-24 19:39:18,,,N,,0.00000,0.00000,0.00000,0.00000,,,,,,,,,,,,,0
2010869,Загрузка механизмами,,MN,,,USER2358,,,2026-03-24 19:39:18,2026-03-24 19:39:18,,,,,,,,,,,N,,SHIPPING_DOC,EKS000018076,,,,,,,,2026-03-24 19:39:18,,,N,,0.00000,0.00000,0.00000,0.00000,,,,,,,,,,,,,0
2010870,Загрузка механизмами,,MN,,,USER2358,,,2026-03-24 19:39:18,2026-03-24 19:39:18,,,,,,,,,,,N,,SHIPPING_DOC,EKS000018087,,,,,,,,2026-03-24 19:39:18,,,N,,0.00000,0.00000,0.00000,0.00000,,,,,,,,,,,,,0
2010871,Загрузка механизмами,,MN,,,USER2358,,,2026-03-24 19:39:18,2026-03-24 19:39:18,,,,,,,,,,,N,,SHIPPING_DOC,EKS000018089,,,,,,,,2026-03-24 19:39:18,,,N,,0.00000,0.00000,0.00000,0.00000,,,,,,,,,,,,,0
2010872,Загрузка механизмами,,MN,,,USER2358,,,2026-03-24 19:39:18,2026-03-24 19:39:18,,,,,,,,,,,N,,SHIPPING_DOC,EKS000018092,,,,,,,,2026-03-24 19:39:18,,,N,,0.00000,0.00000,0.00000,0.00000,,,,,,,,,,,,,0
2010873,Загрузка механизмами,,MN,,,USER2358,,,2026-03-24 19:39:18,2026-03-24 19:39:18,,,,,,,,,,,N,,SHIPPING_DOC,EKS000018093,,,,,,,,2026-03-24 19:39:18,,,N,,0.00000,0.00000,0.00000,0.00000,,,,,,,,,,,,,0
2010874,Загрузка механизмами,,MN,,,USER2358,,,2026-03-24 19:39:18,2026-03-24 19:39:18,,,,,,,,,,,N,,SHIPPING_DOC,EKS000018109,,,,,,,,2026-03-24 19:39:18,,,N,,0.00000,0.00000,0.00000,0.00000,,,,,,,,,,,,,0
2010875,Загрузка механизмами,,MN,,,USER2358,,,2026-03-24 19:39:18,2026-03-24 19:39:18,,,,,,,,,,,N,,SHIPPING_DOC,EKS000018141,,,,,,,,2026-03-24 19:39:18,,,N,,0.00000,0.00000,0.00000,0.00000,,,,,,,,,,,,,0
2010876,Загрузка механизмами,,MN,,,USER2358,,,2026-03-24 19:39:18,2026-03-24 19:39:18,,,,,,,,,,,N,,SHIPPING_DOC,EKS000018186,,,,,,,,2026-03-24 19:39:18,,,N,,0.00000,0.00000,0.00000,0.00000,,,,,,,,,,,,,0
2010877,Загрузка механизмами,,MN,,,USER2358,,,2026-03-24 19:39:18,2026-03-24 19:39:18,,,,,,,,,,,N,,SHIPPING_DOC,EKS000018193,,,,,,,,2026-03-24 19:39:18,,,N,,0.00000,0.00000,0.00000,0.00000,,,,,,,,,,,,,0
2010878,Загрузка механизмами,,MN,,,USER2358,,,2026-03-24 19:39:18,2026-03-24 19:39:18,,,,,,,,,,,N,,SHIPPING_DOC,EKS000018210,,,,,,,,2026-03-24 19:39:18,,,N,,0.00000,0.00000,0.00000,0.00000,,,,,,,,,,,,,0
2010879,Загрузка механизмами,,MN,,,USER2358,,,2026-03-24 19:39:18,2026-03-24 19:39:18,,,,,,,,,,,N,,SHIPPING_DOC,EKS000018291,,,,,,,,2026-03-24 19:39:18,,,N,,0.00000,0.00000,0.00000,0.00000,,,,,,,,,,,,,0
2010880,Загрузка механизмами,,MN,,,USER2358,,,2026-03-24 19:39:18,2026-03-24 19:39:18,,,,,,,,,,,N,,SHIPPING_DOC,EKS000018311,,,,,,,,2026-03-24 19:39:18,,,N,,0.00000,0.00000,0.00000,0.00000,,,,,,,,,,,,,0
2010881,Загрузка механизмами,,MN,,,USER2358,,,2026-03-24 19:39:18,2026-03-24 19:39:18,,,,,,,,,,,N,,SHIPPING_DOC,EKS000018333,,,,,,,,2026-03-24 19:39:18,,,N,,0.00000,0.00000,0.00000,0.00000,,,,,,,,,,,,,0
2010882,Загрузка механизмами,,MN,,,USER2358,,,2026-03-24 19:39:18,2026-03-24 19:39:18,,,,,,,,,,,N,,SHIPPING_DOC,EKS000018335,,,,,,,,2026-03-24 19:39:18,,,N,,0.00000,0.00000,0.00000,0.00000,,,,,,,,,,,,,0
2010883,Загрузка механизмами,,MN,,,USER2358,,,2026-03-24 19:39:18,2026-03-24 19:39:18,,,,,,,,,,,N,,SHIPPING_DOC,EKS000018370,,,,,,,,2026-03-24 19:39:18,,,N,,0.00000,0.00000,0.00000,0.00000,,,,,,,,,,,,,0
2010884,Загрузка механизмами,,MN,,,USER2358,,,2026-03-24 19:39:18,2026-03-24 19:39:18,,,,,,,,,,,N,,SHIPPING_DOC,EKS000018448,,,,,,,,2026-03-24 19:39:18,,,N,,0.00000,0.00000,0.00000,0.00000,,,,,,,,,,,,,0
