320566,WH1,ЭКС,EKS000005222,СП,Кросс-докинг,2026-03-26 00:00:00,2026-03-16 17:17:43,,Электрорешения ООО,"127273, г. Москва, г. Москва, ул. Отрадная, д. 2Б"," стр.9, оф. этаж 5",,,,,Третьяков С.М.,,,,100,,,ЭКС-000005222   ,,5174,,,O00000007251    ,Электрорешения ООО,,17,17,198.00000,,84.55000,КГ,381360.24000,,2577682.27000,900,2026-03-16 00:00:00,N,900,2026-03-16 00:00:00,N,7721403552,771501001,Адресный СКЛАД РЦ (WMS),ЭКС-000006318   ,,,0.00000,0.00000,a.manokhin,RTH_UpdateHeader,2026-03-16 17:17:43,N,,,,,,,,,,,,,,,2026-03-16 16:20:05,2026-03-16 16:20:05,2026-03-16 16:35:46,305813,ILSSRV,2026-03-16 16:08:51,,,0c43d532-e1fe-454e-9f33-2021615fa599
320567,WH1,ЭКС,EKS000005223,СП,Кросс-докинг,2026-03-26 00:00:00,2026-03-16 16:57:06,,Электрорешения ООО,"127273, г. Москва, г. Москва, ул. Отрадная, д. 2Б"," стр.9, оф. этаж 5",,,,,Третьяков С.М.,,,,100,,,ЭКС-000005223   ,,5174,,,O00000007250    ,Электрорешения ООО,,1,1,1.00000,,0.02000,КГ,105.00000,,264.73000,900,2026-03-16 00:00:00,N,900,2026-03-16 00:00:00,N,7721403552,771501001,Адресный СКЛАД РЦ (WMS),ЭКС-000006317   ,,,0.00000,0.00000,a.manokhin,RTH_UpdateHeader,2026-03-16 16:57:06,N,,,,,,,,,,,,,,,2026-03-16 16:32:09,2026-03-16 16:32:09,2026-03-16 16:32:09,305814,ILSSRV,2026-03-16 16:08:51,,,160a14f4-231c-4429-a39a-1a975ca3279b
320568,WH1,ЭКС,EKS000005224,СП,Кросс-докинг,2026-03-26 00:00:00,2026-03-16 17:03:22,,Электрорешения ООО,"127273, г. Москва, г. Москва, ул. Отрадная, д. 2Б"," стр.9, оф. этаж 5",,,,,Третьяков С.М.,,,,100,,,ЭКС-000005224   ,,5174,,,O00000007249    ,Электрорешения ООО,,1,1,54.00000,,81.00000,КГ,106920.00000,,837883.44000,900,2026-03-16 00:00:00,N,900,2026-03-16 00:00:00,N,7721403552,771501001,Адресный СКЛАД РЦ (WMS),ЭКС-000006316   ,,,0.00000,0.00000,a.manokhin,RTH_UpdateHeader,2026-03-16 17:03:22,N,,,,,,,,,,,,,,,2026-03-16 16:28:15,2026-03-16 16:28:15,2026-03-16 16:28:16,305815,ILSSRV,2026-03-16 16:08:51,,,966cc6c3-cf50-4edb-b1e4-3f9cb1750050
320569,WH1,ЭКС,EKS000005225,СП,Кросс-докинг,2026-03-26 00:00:00,2026-03-16 17:17:01,,Электрорешения ООО,"127273, г. Москва, г. Москва, ул. Отрадная, д. 2Б"," стр.9, оф. этаж 5",,,,,Третьяков С.М.,,,,100,,,ЭКС-000005225   ,,5174,,,O00000007254    ,Электрорешения ООО,,1,1,3.00000,,0.21000,,144.00000,,1023.75000,900,2026-03-16 00:00:00,N,900,2026-03-16 00:00:00,N,7721403552,771501001,Адресный СКЛАД РЦ (WMS),ЭКС-000006321   ,,,0.00000,0.00000,a.manokhin,RTH_UpdateHeader,2026-03-16 17:17:01,N,,,,,,,,,,,,,,,2026-03-16 16:30:51,2026-03-16 16:30:51,2026-03-16 16:30:51,305816,ILSSRV,2026-03-16 16:08:52,,,0c43d532-e1fe-454e-9f33-2021615fa599
320570,WH1,ЭКС,EKS000005226,СП,Закупка,2026-03-26 00:00:00,2026-03-16 17:13:43,,Электрорешения ООО,"127273, г. Москва, г. Москва, ул. Отрадная, д. 2Б"," стр.9, оф. этаж 5",,,,,Третьяков С.М.,,,,100,,,ЭКС-000005226   ,,5174,,,O00000007253    ,Электрорешения ООО,,2,2,2.00000,,1.40000,КГ,6306.00000,,12600.69000,900,2026-03-16 00:00:00,N,900,2026-03-16 00:00:00,N,7721403552,771501001,Адресный СКЛАД РЦ (WMS),ЭКС-000006320   ,,,0.00000,0.00000,a.manokhin,RTH_UpdateHeader,2026-03-16 17:13:43,N,,,,,,,,,,,,,,,2026-03-16 16:28:59,2026-03-16 16:28:59,2026-03-16 16:29:14,305817,ILSSRV,2026-03-16 16:08:52,,,15ac26a3-5860-41b1-bd7e-65201a5f2cf4
320571,WH1,ЭКС,EKS000005227,СП,Кросс-докинг,2026-03-26 00:00:00,2026-03-16 17:01:03,,Электрорешения ООО,"127273, г. Москва, г. Москва, ул. Отрадная, д. 2Б"," стр.9, оф. этаж 5",,,,,Третьяков С.М.,,,,100,,,ЭКС-000005227   ,,5174,,,O00000007252    ,Электрорешения ООО,,2,1,10.00000,,0.60000,КГ,3220.00000,,35980.00000,900,2026-03-16 00:00:00,N,900,2026-03-16 00:00:00,N,7721403552,771501001,Адресный СКЛАД РЦ (WMS),ЭКС-000006319   ,,,0.00000,0.00000,a.manokhin,RTH_UpdateHeader,2026-03-16 17:01:03,N,,,,,,,,,,,,,,,2026-03-16 16:34:56,2026-03-16 16:34:56,2026-03-16 16:35:13,305818,ILSSRV,2026-03-16 16:09:47,,,ede15883-145c-4b07-9d3e-86f5ee4c93b2
320619,WH1,ЭКС,EKS000005272,СП,Закупка,2026-03-26 00:00:00,2026-03-17 13:37:02,,Арлайт РУС ООО,"101000, г. Москва, пер. Уланский, д. 22 стр.1,"," пом.I,эт.5, оф. 501",,,,,Кузьмин М.С.,,,,100,,,ЭКС-000005272   ,,26-12571201324,,,O00000007708    ,Деловые Линии ООО,,14,17,182.00000,,34.42000,,83960.12500,,7812193.67000,900,2026-03-17 00:00:00,N,100,2026-03-17 00:00:00,N,7743089178,770801001,Адресный СКЛАД РЦ (WMS),ЭКС-000006474   ,,,0.00000,0.00000,d.ermakov,RTH_UpdateHeader,2026-03-17 13:37:02,N,,,,,,,,,,,,,,,2026-03-17 11:48:51,2026-03-17 11:48:51,,305864,ILSSRV,2026-03-17 10:02:39,,,504bfdbe-4d2e-411b-b0f9-3ba0f6c6ecc3
320752,WH1,ЭКС,EKS000005394,СП,Кросс-докинг,2026-03-25 00:00:00,2026-03-18 15:13:40,,Арлайт РУС ООО,"101000, г. Москва, пер. Уланский, д. 22 стр.1,"," пом.I,эт.5, оф. 501",,,,,Кузьмин М.С.,,,,100,,,ЭКС-000005394   ,,26-12571195373,,,O00000007851    ,Деловые Линии ООО,,12,12,96.00000,,13.11200,,35465.50000,,5171350.91000,900,2026-03-18 00:00:00,N,900,2026-03-18 00:00:00,N,7743089178,770801001,Адресный СКЛАД РЦ (WMS),ЭКС-000006342   ,,,0.00000,0.00000,s.novak,RTH_UpdateHeader,2026-03-18 15:13:40,N,,,,,,,,,,,,,,,2026-03-18 12:19:14,2026-03-18 12:19:14,2026-03-18 12:39:31,305989,ILSSRV,2026-03-18 10:36:46,,,9f43daf0-8583-4e8b-90ff-b91b08b2356c
320753,WH1,ЭКС,EKS000005395,СП,Закупка,2026-03-24 00:00:00,2026-03-18 14:29:17,,Вольтум,"117485, г. Москва, ул. Обручева, д. 30/1, оф. _",,,,,,Куграшова О.В.,,,,100,,,ЭКС-000005395   ,,26-03681039643,,,O00000007855    ,Деловые Линии ООО,,14,9,114.00000,,7.11500,,27363.00000,,843526.32000,900,2026-03-18 00:00:00,N,900,2026-03-18 00:00:00,N,9728140546,772801001,Адресный СКЛАД РЦ (WMS),ЭКС-000006289   ,,,0.00000,0.00000,a.rudenko,RTH_UpdateHeader,2026-03-18 14:29:17,N,,,,,,,,,,,,,,,2026-03-18 12:16:08,2026-03-18 12:16:08,2026-03-18 12:40:08,305990,ILSSRV,2026-03-18 10:37:46,,,972929e4-9f70-41a3-9cc6-8ec8f8087945
320754,WH1,ЭКС,EKS000005396,СП,Закупка,2026-03-24 00:00:00,2026-03-18 14:31:32,,Вольтум,"117485, г. Москва, ул. Обручева, д. 30/1, оф. _",,,,,,Куграшова О.В.,,,,100,,,ЭКС-000005396   ,,26-03681039643,,,O00000007855    ,Деловые Линии ООО,,25,18,159.00000,,11.16000,КГ,38418.45000,,1273720.76000,900,2026-03-18 00:00:00,N,900,2026-03-18 00:00:00,N,9728140546,772801001,Адресный СКЛАД РЦ (WMS),ЭКС-000006290   ,,,0.00000,0.00000,a.rudenko,RTH_UpdateHeader,2026-03-18 14:31:32,N,,,,,,,,,,,,,,,2026-03-18 12:20:30,2026-03-18 12:20:30,2026-03-18 12:37:23,305991,ILSSRV,2026-03-18 10:37:51,,,85836a6b-29dd-46de-94c1-e952f141f21f
320794,WH1,ЭКС,EKS000005435,СП,Кросс-докинг,2026-03-23 00:00:00,2026-03-18 16:07:34,,СИСТЭМ ЭЛЕКТРИК АО (ранее Шнейдер Электрик АО до 2,"127018, г. Москва, г. Москва, ул. Двинцев, д. 12,", оф. 15,,,,,Куграшова О.В.,,,,100,,,ЭКС-000005435   ,,,,,O00000007558    ,СИСТЭМ ЭЛЕКТРИК АО (ранее,,14,12,147.00000,,8.30000,КГ,50313.25000,,917572.50000,900,2026-03-18 00:00:00,N,900,2026-03-18 00:00:00,N,7712092928,997150001,Адресный СКЛАД РЦ (WMS),ЭКС-000006583   ,,,0.00000,0.00000,s.novak,RTH_UpdateHeader,2026-03-18 16:07:34,N,,,,,,,,,,,,,,,2026-03-18 14:46:35,2026-03-18 14:46:35,2026-03-18 14:54:29,306031,ILSSRV,2026-03-18 14:42:06,,,ed95f62f-eaf3-4927-93e5-8a869b61391e
320823,WH1,ЭКС,EKS000005462,СП,Закупка,2026-03-27 00:00:00,2026-03-19 10:36:41,,ОБО Беттерманн ООО,"142143, Московская обл., г.о. Подольск, дер."," Валищево, территория промышленного парка"," ""Валищево"" д.2, стр.13",,,,Киселев А.В.,,,,100,,,ЭКС-000005462   ,,,,,O00000007568    ,,,1,1,20.00000,,9.85000,,40687.50000,,938308.00000,900,2026-03-19 00:00:00,N,900,2026-03-19 00:00:00,N,7722296960,507401001,Адресный СКЛАД РЦ (WMS),ЭКС-000006595   ,,,0.00000,0.00000,a.savitskiy,RTH_UpdateHeader,2026-03-19 10:36:41,N,,,,,,,,,,,,,,,2026-03-19 09:20:40,2026-03-19 09:20:40,2026-03-19 09:20:40,306058,ILSSRV,2026-03-19 09:12:23,,,b9147ee3-352c-4679-8f76-29e800e93904
320834,WH1,ЭКС,EKS000005473,СП,Закупка,2026-03-24 00:00:00,2026-03-19 13:17:55,,Торговый дом Ферекс ,"""Торговый дом ""Ферекс"" ООО Татарстан Лаишевский", р-н,,,,,Лангеман Э.Г.,,,,100,,,ЭКС-000005473   ,,26-01301032237,,,O00000007893    ,Деловые Линии ООО,,0,1,4.00000,,0.00000,,0.00000,,125009.92000,100,2026-03-19 00:00:00,N,100,2026-03-19 00:00:00,N,1624012390,162401001,Адресный СКЛАД РЦ (WMS),ЭКС-000006860   ,,,0.00000,0.00000,zmeevskiy,f1addb8b-4234-4f64-92ed-da07ffad79f8,2026-03-19 13:17:55,N,,,,,,,,,,,,,,,,,,306069,ILSSRV,2026-03-19 09:41:23,,,9a579361-1bc7-42a1-9122-f79287ef2f80
320849,WH1,ЭКС,EKS000005488,СП,Закупка,2026-03-26 00:00:00,2026-03-19 10:35:31,,Арлайт РУС ООО,"101000, г. Москва, пер. Уланский, д. 22 стр.1,"," пом.I,эт.5, оф. 501",,,,,Кузьмин М.С.,,,,100,,,ЭКС-000005488   ,,26-12571201324,,,O00000007708    ,Деловые Линии ООО,,4,4,18.00000,,5.71000,КГ,10650.00000,,56058.31000,900,2026-03-19 00:00:00,N,900,2026-03-19 00:00:00,N,7743089178,770801001,Адресный СКЛАД РЦ (WMS),ЭКС-000006474   ,,,0.00000,0.00000,a.savitskiy,RTH_UpdateHeader,2026-03-19 10:35:31,N,,,,,,,,,,,,,,,2026-03-19 10:29:01,2026-03-19 10:29:01,2026-03-19 10:31:51,306084,ILSSRV,2026-03-19 10:12:30,,,4b905bd5-4e1a-4f7a-ab05-e4f251ef6c1c
320896,WH1,ЭКС,EKS000005533,СП,Кросс-докинг,2026-03-29 00:00:00,2026-03-19 18:17:54,,Электрорешения ООО,"127273, г. Москва, г. Москва, ул. Отрадная, д. 2Б"," стр.9, оф. этаж 5",,,,,Третьяков С.М.,,,,100,,,ЭКС-000005533   ,,5399,,,O00000007591    ,Электрорешения ООО,,12,6,13715.00000,,247.36000,КГ,4922455.00000,,519606301.14000,900,2026-03-19 00:00:00,N,900,2026-03-19 00:00:00,N,7721403552,771501001,Адресный СКЛАД РЦ (WMS),ЭКС-000006621   ,,,0.00000,0.00000,r.sagaidak,RTH_UpdateHeader,2026-03-19 18:17:54,N,,,,,,,,,,,,,,,2026-03-19 16:12:57,2026-03-19 16:12:57,2026-03-19 17:35:18,306129,ILSSRV,2026-03-19 15:45:52,,,2c80ca8a-45f5-4b76-956a-7d92796e9ef3
320897,WH1,ЭКС,EKS000005534,СП,Кросс-докинг,2026-03-29 00:00:00,2026-03-19 18:10:30,,Электрорешения ООО,"127273, г. Москва, г. Москва, ул. Отрадная, д. 2Б"," стр.9, оф. этаж 5",,,,,Третьяков С.М.,,,,100,,,ЭКС-000005534   ,,5399,,,O00000007593    ,Электрорешения ООО,,4,2,124.00000,,10.17000,КГ,47280.00000,,1205604.52000,900,2026-03-19 00:00:00,N,900,2026-03-19 00:00:00,N,7721403552,771501001,Адресный СКЛАД РЦ (WMS),ЭКС-000006623   ,,,0.00000,0.00000,a.manokhin,RTH_UpdateHeader,2026-03-19 18:10:30,N,,,,,,,,,,,,,,,2026-03-19 16:24:20,2026-03-19 16:24:20,2026-03-19 16:39:22,306130,ILSSRV,2026-03-19 15:45:53,,,6463cbbb-3b0f-4f19-bbc8-d97034444642
320898,WH1,ЭКС,EKS000005535,СП,Закупка,2026-03-29 00:00:00,2026-03-19 18:05:58,,Электрорешения ООО,"127273, г. Москва, г. Москва, ул. Отрадная, д. 2Б"," стр.9, оф. этаж 5",,,,,Третьяков С.М.,,,,100,,,ЭКС-000005535   ,,5399,,,O00000007651    ,,,10,10,361.00000,,14.20000,КГ,45692.00000,,439213.83000,900,2026-03-19 00:00:00,N,900,2026-03-19 00:00:00,N,7721403552,771501001,Адресный СКЛАД РЦ (WMS),ЭКС-000006619   ,,,0.00000,0.00000,r.sagaidak,RTH_UpdateHeader,2026-03-19 18:05:58,N,,,,,,,,,,,,,,,2026-03-19 16:14:45,2026-03-19 16:14:45,2026-03-19 17:17:15,306131,ILSSRV,2026-03-19 15:46:54,,,c3871e27-a44c-4942-b134-333291bba624
320899,WH1,ЭКС,EKS000005536,СП,Кросс-докинг,2026-03-29 00:00:00,2026-03-19 18:07:42,,Электрорешения ООО,"127273, г. Москва, г. Москва, ул. Отрадная, д. 2Б"," стр.9, оф. этаж 5",,,,,Третьяков С.М.,,,,100,,,ЭКС-000005536   ,,5399,,,O00000007602    ,Электрорешения ООО,,1,1,4.00000,,0.36000,КГ,980.00000,,1550.40000,900,2026-03-19 00:00:00,N,900,2026-03-19 00:00:00,N,7721403552,771501001,Адресный СКЛАД РЦ (WMS),ЭКС-000006632   ,,,0.00000,0.00000,r.sagaidak,RTH_UpdateHeader,2026-03-19 18:07:42,N,,,,,,,,,,,,,,,2026-03-19 16:18:48,2026-03-19 16:18:48,2026-03-19 16:18:48,306132,ILSSRV,2026-03-19 15:46:54,,,8543ac9d-4b10-4816-a4e3-0df3d0e621a3
320900,WH1,ЭКС,EKS000005537,СП,Кросс-докинг,2026-03-29 00:00:00,2026-03-19 18:11:33,,Электрорешения ООО,"127273, г. Москва, г. Москва, ул. Отрадная, д. 2Б"," стр.9, оф. этаж 5",,,,,Третьяков С.М.,,,,100,,,ЭКС-000005537   ,,5399,,,O00000007604    ,Электрорешения ООО,,4,4,203.00000,,3.39000,,18180.00000,,834700.15000,900,2026-03-19 00:00:00,N,900,2026-03-19 00:00:00,N,7721403552,771501001,Адресный СКЛАД РЦ (WMS),ЭКС-000006634   ,,,0.00000,0.00000,a.manokhin,RTH_UpdateHeader,2026-03-19 18:11:33,N,,,,,,,,,,,,,,,2026-03-19 16:30:23,2026-03-19 16:30:23,2026-03-19 16:37:30,306133,ILSSRV,2026-03-19 15:46:56,,,c08b2323-5e97-4bff-84f3-ebb594a85a0e
320901,WH1,ЭКС,EKS000005538,СП,Кросс-докинг,2026-03-29 00:00:00,2026-03-19 18:23:36,,Электрорешения ООО,"127273, г. Москва, г. Москва, ул. Отрадная, д. 2Б"," стр.9, оф. этаж 5",,,,,Третьяков С.М.,,,,100,,,ЭКС-000005538   ,,5399,,,O00000007599    ,Электрорешения ООО,,1,1,3100.00000,,155.00000,КГ,1550000.00000,,89180800.00000,900,2026-03-19 00:00:00,N,900,2026-03-19 00:00:00,N,7721403552,771501001,Адресный СКЛАД РЦ (WMS),ЭКС-000006629   ,,,0.00000,0.00000,a.manokhin,RTH_UpdateHeader,2026-03-19 18:23:36,N,,,,,,,,,,,,,,,2026-03-19 17:34:42,2026-03-19 17:34:42,2026-03-19 17:34:42,306134,ILSSRV,2026-03-19 15:46:56,,,31276ab6-383b-4cfc-bd0f-78f9874b7b53
320902,WH1,ЭКС,EKS000005539,СП,Кросс-докинг,2026-03-29 00:00:00,2026-03-19 17:34:04,,Электрорешения ООО,"127273, г. Москва, г. Москва, ул. Отрадная, д. 2Б"," стр.9, оф. этаж 5",,,,,Третьяков С.М.,,,,100,,,ЭКС-000005539   ,,5399,,,O00000007588    ,Электрорешения ООО,,1,1,20.00000,,15.00000,КГ,9000.00000,,52628.00000,900,2026-03-19 00:00:00,N,900,2026-03-19 00:00:00,N,7721403552,771501001,Адресный СКЛАД РЦ (WMS),ЭКС-000006617   ,,,0.00000,0.00000,r.sagaidak,RTH_UpdateHeader,2026-03-19 17:34:04,N,,,,,,,,,,,,,,,2026-03-19 16:59:22,2026-03-19 16:59:22,2026-03-19 16:59:22,306135,ILSSRV,2026-03-19 15:46:57,,,d33ee150-da4b-4a33-8dbe-781ae0a15d3d
320903,WH1,ЭКС,EKS000005540,СП,Кросс-докинг,2026-03-29 00:00:00,2026-03-19 17:12:22,,Электрорешения ООО,"127273, г. Москва, г. Москва, ул. Отрадная, д. 2Б"," стр.9, оф. этаж 5",,,,,Третьяков С.М.,,,,100,,,ЭКС-000005540   ,,5399,,,O00000007601    ,Электрорешения ООО,,3,1,36.00000,,36.80000,,83828.00000,,2537671.68000,900,2026-03-19 00:00:00,N,900,2026-03-19 00:00:00,N,7721403552,771501001,Адресный СКЛАД РЦ (WMS),ЭКС-000006631   ,,,0.00000,0.00000,r.sagaidak,RTH_UpdateHeader,2026-03-19 17:12:22,N,,,,,,,,,,,,,,,2026-03-19 16:22:12,2026-03-19 16:22:12,2026-03-19 16:23:10,306136,ILSSRV,2026-03-19 15:46:57,,,a2071f14-93fb-49cd-92ae-8dd6417e827f
320904,WH1,ЭКС,EKS000005541,СП,Кросс-докинг,2026-03-29 00:00:00,2026-03-19 18:10:52,,Электрорешения ООО,"127273, г. Москва, г. Москва, ул. Отрадная, д. 2Б"," стр.9, оф. этаж 5",,,,,Третьяков С.М.,,,,100,,,ЭКС-000005541   ,,5399,,,O00000007596    ,Электрорешения ООО,,1,1,2.00000,,2.00000,КГ,6426.00000,,7535.92000,900,2026-03-19 00:00:00,N,900,2026-03-19 00:00:00,N,7721403552,771501001,Адресный СКЛАД РЦ (WMS),ЭКС-000006626   ,,,0.00000,0.00000,r.sagaidak,RTH_UpdateHeader,2026-03-19 18:10:52,N,,,,,,,,,,,,,,,2026-03-19 16:26:48,2026-03-19 16:26:48,2026-03-19 16:26:48,306137,ILSSRV,2026-03-19 15:46:57,,,6463cbbb-3b0f-4f19-bbc8-d97034444642
320905,WH1,ЭКС,EKS000005542,СП,Кросс-докинг,2026-03-29 00:00:00,2026-03-19 18:03:23,,Электрорешения ООО,"127273, г. Москва, г. Москва, ул. Отрадная, д. 2Б"," стр.9, оф. этаж 5",,,,,Третьяков С.М.,,,,100,,,ЭКС-000005542   ,,5399,,,O00000007597    ,Электрорешения ООО,,3,3,85.00000,,17.75000,КГ,74655.00000,,1319145.25000,900,2026-03-19 00:00:00,N,900,2026-03-19 00:00:00,N,7721403552,771501001,Адресный СКЛАД РЦ (WMS),ЭКС-000006627   ,,,0.00000,0.00000,a.manokhin,RTH_UpdateHeader,2026-03-19 18:03:23,N,,,,,,,,,,,,,,,2026-03-19 16:18:05,2026-03-19 16:18:05,2026-03-19 17:01:57,306138,ILSSRV,2026-03-19 15:46:58,,,91681032-feff-48b6-8909-54b728e05177
320906,WH1,ЭКС,EKS000005543,СП,Кросс-докинг,2026-03-29 00:00:00,2026-03-19 18:07:15,,Электрорешения ООО,"127273, г. Москва, г. Москва, ул. Отрадная, д. 2Б"," стр.9, оф. этаж 5",,,,,Третьяков С.М.,,,,100,,,ЭКС-000005543   ,,5399,,,O00000007592    ,Электрорешения ООО,,8,8,89.00000,,13.22000,КГ,18429.60000,,483752.15000,900,2026-03-19 00:00:00,N,900,2026-03-19 00:00:00,N,7721403552,771501001,Адресный СКЛАД РЦ (WMS),ЭКС-000006622   ,,,0.00000,0.00000,r.sagaidak,RTH_UpdateHeader,2026-03-19 18:07:15,N,,,,,,,,,,,,,,,2026-03-19 17:18:01,2026-03-19 17:18:01,2026-03-19 17:21:09,306139,ILSSRV,2026-03-19 15:47:00,,,8543ac9d-4b10-4816-a4e3-0df3d0e621a3
320907,WH1,ЭКС,EKS000005544,СП,Кросс-докинг,2026-03-29 00:00:00,2026-03-19 18:06:41,,Электрорешения ООО,"127273, г. Москва, г. Москва, ул. Отрадная, д. 2Б"," стр.9, оф. этаж 5",,,,,Третьяков С.М.,,,,100,,,ЭКС-000005544   ,,5399,,,O00000007594    ,Электрорешения ООО,,9,9,1010.00000,,198.60000,,1605656.00000,,4819648.06000,900,2026-03-19 00:00:00,N,900,2026-03-19 00:00:00,N,7721403552,771501001,Адресный СКЛАД РЦ (WMS),ЭКС-000006624   ,,,0.00000,0.00000,r.sagaidak,RTH_UpdateHeader,2026-03-19 18:06:41,N,,,,,,,,,,,,,,,2026-03-19 16:25:20,2026-03-19 16:25:20,2026-03-19 17:08:51,306140,ILSSRV,2026-03-19 15:47:53,,,c3871e27-a44c-4942-b134-333291bba624
320908,WH1,ЭКС,EKS000005545,СП,Кросс-докинг,2026-03-29 00:00:00,2026-03-19 16:33:39,,Электрорешения ООО,"127273, г. Москва, г. Москва, ул. Отрадная, д. 2Б"," стр.9, оф. этаж 5",,,,,Третьяков С.М.,,,,100,,,ЭКС-000005545   ,,5399,,,O00000007589    ,Электрорешения ООО,,1,1,480.00000,,48.00000,КГ,447552.00000,,11662848.00000,900,2026-03-19 00:00:00,N,900,2026-03-19 00:00:00,N,7721403552,771501001,Адресный СКЛАД РЦ (WMS),ЭКС-000006618   ,,,0.00000,0.00000,r.sagaidak,RTH_UpdateHeader,2026-03-19 16:33:39,N,,,,,,,,,,,,,,,2026-03-19 16:27:21,2026-03-19 16:27:21,2026-03-19 16:27:22,306141,ILSSRV,2026-03-19 15:47:54,,,67cf3e45-b1fe-4823-bcb5-23df6b40a45c
320909,WH1,ЭКС,EKS000005546,СП,Кросс-докинг,2026-03-29 00:00:00,2026-03-19 17:35:10,,Электрорешения ООО,"127273, г. Москва, г. Москва, ул. Отрадная, д. 2Б"," стр.9, оф. этаж 5",,,,,Третьяков С.М.,,,,100,,,ЭКС-000005546   ,,5399,,,O00000007590    ,Электрорешения ООО,,4,3,755.00000,,50.10000,КГ,468870.00000,,9737908.00000,900,2026-03-19 00:00:00,N,900,2026-03-19 00:00:00,N,7721403552,771501001,Адресный СКЛАД РЦ (WMS),ЭКС-000006620   ,,,0.00000,0.00000,r.sagaidak,RTH_UpdateHeader,2026-03-19 17:35:10,N,,,,,,,,,,,,,,,2026-03-19 16:10:32,2026-03-19 16:10:32,2026-03-19 16:53:56,306142,ILSSRV,2026-03-19 15:47:55,,,87bc7ac9-4d4b-424f-86b8-2e6bcf8decff
320910,WH1,ЭКС,EKS000005547,СП,Кросс-докинг,2026-03-29 00:00:00,2026-03-19 17:59:46,,Электрорешения ООО,"127273, г. Москва, г. Москва, ул. Отрадная, д. 2Б"," стр.9, оф. этаж 5",,,,,Третьяков С.М.,,,,100,,,ЭКС-000005547   ,,5399,,,O00000007605    ,Электрорешения ООО,,1,1,1.00000,,0.20000,КГ,720.00000,,362.83000,900,2026-03-19 00:00:00,N,900,2026-03-19 00:00:00,N,7721403552,771501001,Адресный СКЛАД РЦ (WMS),ЭКС-000006635   ,,,0.00000,0.00000,r.sagaidak,RTH_UpdateHeader,2026-03-19 17:59:46,N,,,,,,,,,,,,,,,2026-03-19 16:12:38,2026-03-19 16:12:38,2026-03-19 16:12:38,306143,ILSSRV,2026-03-19 15:47:55,,,59d9338e-2a0e-4049-bb7a-3f4d1a13c4bd
320911,WH1,ЭКС,EKS000005548,СП,Кросс-докинг,2026-03-29 00:00:00,2026-03-19 17:22:50,,Электрорешения ООО,"127273, г. Москва, г. Москва, ул. Отрадная, д. 2Б"," стр.9, оф. этаж 5",,,,,Третьяков С.М.,,,,100,,,ЭКС-000005548   ,,5399,,,O00000007603    ,Электрорешения ООО,,1,1,10.00000,,0.30000,КГ,810.00000,,2375.00000,900,2026-03-19 00:00:00,N,900,2026-03-19 00:00:00,N,7721403552,771501001,Адресный СКЛАД РЦ (WMS),ЭКС-000006633   ,,,0.00000,0.00000,a.manokhin,RTH_UpdateHeader,2026-03-19 17:22:50,N,,,,,,,,,,,,,,,2026-03-19 16:29:27,2026-03-19 16:29:27,2026-03-19 16:29:27,306144,ILSSRV,2026-03-19 15:47:55,,,1aced944-ea57-4485-a02c-d804876d5567
320912,WH1,ЭКС,EKS000005549,СП,Закупка,2026-03-29 00:00:00,2026-03-19 17:59:09,,Электрорешения ООО,"127273, г. Москва, г. Москва, ул. Отрадная, д. 2Б"," стр.9, оф. этаж 5",,,,,Третьяков С.М.,,,,100,,,ЭКС-000005549   ,,5399,,,O00000007598    ,Электрорешения ООО,,1,1,8.00000,,0.80000,КГ,1120.00000,,136056.96000,900,2026-03-19 00:00:00,N,900,2026-03-19 00:00:00,N,7721403552,771501001,Адресный СКЛАД РЦ (WMS),ЭКС-000006628   ,,,0.00000,0.00000,r.sagaidak,RTH_UpdateHeader,2026-03-19 17:59:09,N,,,,,,,,,,,,,,,2026-03-19 16:12:02,2026-03-19 16:12:02,2026-03-19 16:12:02,306145,ILSSRV,2026-03-19 15:47:56,,,59d9338e-2a0e-4049-bb7a-3f4d1a13c4bd
320913,WH1,ЭКС,EKS000005550,СП,Кросс-докинг,2026-03-29 00:00:00,2026-03-19 18:10:44,,Электрорешения ООО,"127273, г. Москва, г. Москва, ул. Отрадная, д. 2Б"," стр.9, оф. этаж 5",,,,,Третьяков С.М.,,,,100,,,ЭКС-000005550   ,,5399,,,O00000007600    ,Электрорешения ООО,,5,3,372.00000,,95.26000,КГ,105008.00000,,36151314.56000,900,2026-03-19 00:00:00,N,900,2026-03-19 00:00:00,N,7721403552,771501001,Адресный СКЛАД РЦ (WMS),ЭКС-000006630   ,,,0.00000,0.00000,a.manokhin,RTH_UpdateHeader,2026-03-19 18:10:44,N,,,,,,,,,,,,,,,2026-03-19 16:28:46,2026-03-19 16:28:46,2026-03-19 16:38:52,306146,ILSSRV,2026-03-19 15:47:56,,,6463cbbb-3b0f-4f19-bbc8-d97034444642
320914,WH1,ЭКС,EKS000005551,СП,Закупка,2026-03-29 00:00:00,2026-03-19 17:59:30,,Электрорешения ООО,"127273, г. Москва, г. Москва, ул. Отрадная, д. 2Б"," стр.9, оф. этаж 5",,,,,Третьяков С.М.,,,,100,,,ЭКС-000005551   ,,5399,,,O00000007595    ,Электрорешения ООО,,1,1,1.00000,,0.10000,КГ,420.00000,,897.54000,900,2026-03-19 00:00:00,N,900,2026-03-19 00:00:00,N,7721403552,771501001,Адресный СКЛАД РЦ (WMS),ЭКС-000006625   ,,,0.00000,0.00000,r.sagaidak,RTH_UpdateHeader,2026-03-19 17:59:30,N,,,,,,,,,,,,,,,2026-03-19 16:12:17,2026-03-19 16:12:17,2026-03-19 16:12:18,306147,ILSSRV,2026-03-19 15:47:57,,,59d9338e-2a0e-4049-bb7a-3f4d1a13c4bd
320915,WH1,ЭКС,EKS000005552,СП,Кросс-докинг,2026-03-29 00:00:00,2026-03-19 17:56:19,,Электрорешения ООО,"127273, г. Москва, г. Москва, ул. Отрадная, д. 2Б"," стр.9, оф. этаж 5",,,,,Третьяков С.М.,,,,100,,,ЭКС-000005552   ,,5399,,,O00000007585    ,Электрорешения ООО,,2,1,29.00000,,5.80000,КГ,47125.00000,,291541.06000,900,2026-03-19 00:00:00,N,900,2026-03-19 00:00:00,N,7721403552,771501001,Адресный СКЛАД РЦ (WMS),ЭКС-000006614   ,,,0.00000,0.00000,r.sagaidak,RTH_UpdateHeader,2026-03-19 17:56:19,N,,,,,,,,,,,,,,,2026-03-19 16:50:29,2026-03-19 16:50:29,2026-03-19 16:51:42,306148,ILSSRV,2026-03-19 15:47:58,,,52fc469e-baa9-473d-9e91-535573ed6b89
320916,WH1,ЭКС,EKS000005553,СП,Кросс-докинг,2026-03-29 00:00:00,2026-03-19 18:07:57,,Электрорешения ООО,"127273, г. Москва, г. Москва, ул. Отрадная, д. 2Б"," стр.9, оф. этаж 5",,,,,Третьяков С.М.,,,,100,,,ЭКС-000005553   ,,5399,,,O00000007583    ,Электрорешения ООО,,8,3,154.00000,,38.96000,КГ,167265.00000,,3344780.10000,900,2026-03-19 00:00:00,N,900,2026-03-19 00:00:00,N,7721403552,771501001,Адресный СКЛАД РЦ (WMS),ЭКС-000006612   ,,,0.00000,0.00000,a.manokhin,RTH_UpdateHeader,2026-03-19 18:07:57,N,,,,,,,,,,,,,,,2026-03-19 16:20:55,2026-03-19 16:20:55,2026-03-19 17:11:46,306149,ILSSRV,2026-03-19 15:48:53,,,8543ac9d-4b10-4816-a4e3-0df3d0e621a3
320917,WH1,ЭКС,EKS000005554,СП,Кросс-докинг,2026-03-29 00:00:00,2026-03-19 18:05:14,,Электрорешения ООО,"127273, г. Москва, г. Москва, ул. Отрадная, д. 2Б"," стр.9, оф. этаж 5",,,,,Третьяков С.М.,,,,100,,,ЭКС-000005554   ,,5399,,,O00000007584    ,Электрорешения ООО,,2,2,21.00000,,1.30000,КГ,3950.00000,,19366.28000,900,2026-03-19 00:00:00,N,900,2026-03-19 00:00:00,N,7721403552,771501001,Адресный СКЛАД РЦ (WMS),ЭКС-000006613   ,,,0.00000,0.00000,a.manokhin,RTH_UpdateHeader,2026-03-19 18:05:14,N,,,,,,,,,,,,,,,2026-03-19 16:50:27,2026-03-19 16:50:27,2026-03-19 16:50:36,306150,ILSSRV,2026-03-19 15:48:54,,,c3871e27-a44c-4942-b134-333291bba624
320918,WH1,ЭКС,EKS000005555,СП,Закупка,2026-03-29 00:00:00,2026-03-19 19:01:02,,Электрорешения ООО,"127273, г. Москва, г. Москва, ул. Отрадная, д. 2Б"," стр.9, оф. этаж 5",,,,,Третьяков С.М.,,,,100,,,ЭКС-000005555   ,,5399,,,O00000007660    ,,,47,43,195.00000,,139.39300,,1675390.30000,,1446505.55000,900,2026-03-19 00:00:00,N,900,2026-03-19 00:00:00,N,7721403552,771501001,Адресный СКЛАД РЦ (WMS),ЭКС-000006611   ,,,0.00000,0.00000,r.sagaidak,RTH_UpdateHeader,2026-03-19 19:01:02,N,,,,,,,,,,,,,,,2026-03-19 16:15:45,2026-03-19 16:15:45,2026-03-19 17:28:43,306151,ILSSRV,2026-03-19 15:49:05,,,2efe81ba-c076-414c-a803-13ea47cb17ee
320919,WH1,ЭКС,EKS000005556,СП,Кросс-докинг,2026-03-29 00:00:00,2026-03-19 18:09:44,,Электрорешения ООО,"127273, г. Москва, г. Москва, ул. Отрадная, д. 2Б"," стр.9, оф. этаж 5",,,,,Третьяков С.М.,,,,100,,,ЭКС-000005556   ,,5399,,,O00000007586    ,Электрорешения ООО,,2,1,16.00000,,1.33000,КГ,6110.00000,,33597.44000,900,2026-03-19 00:00:00,N,900,2026-03-19 00:00:00,N,7721403552,771501001,Адресный СКЛАД РЦ (WMS),ЭКС-000006615   ,,,0.00000,0.00000,r.sagaidak,RTH_UpdateHeader,2026-03-19 18:09:44,N,,,,,,,,,,,,,,,2026-03-19 16:13:57,2026-03-19 16:13:57,2026-03-19 16:14:13,306152,ILSSRV,2026-03-19 15:49:06,,,6463cbbb-3b0f-4f19-bbc8-d97034444642
320920,WH1,ЭКС,EKS000005557,СП,Закупка,2026-03-29 00:00:00,2026-03-19 18:09:24,,Электрорешения ООО,"127273, г. Москва, г. Москва, ул. Отрадная, д. 2Б"," стр.9, оф. этаж 5",,,,,Третьяков С.М.,,,,100,,,ЭКС-000005557   ,,5399,,,O00000007659    ,,,15,14,57.00000,,20.09000,,78344.70000,,290461.87000,900,2026-03-19 00:00:00,N,900,2026-03-19 00:00:00,N,7721403552,771501001,Адресный СКЛАД РЦ (WMS),ЭКС-000006610   ,,,0.00000,0.00000,a.manokhin,RTH_UpdateHeader,2026-03-19 18:09:24,N,,,,,,,,,,,,,,,2026-03-19 16:12:58,2026-03-19 16:12:58,2026-03-19 17:08:56,306153,ILSSRV,2026-03-19 15:49:10,,,6463cbbb-3b0f-4f19-bbc8-d97034444642
320921,WH1,ЭКС,EKS000005558,СП,Кросс-докинг,2026-03-29 00:00:00,2026-03-19 18:01:37,,Электрорешения ООО,"127273, г. Москва, г. Москва, ул. Отрадная, д. 2Б"," стр.9, оф. этаж 5",,,,,Третьяков С.М.,,,,100,,,ЭКС-000005558   ,,5399,,,O00000007587    ,Электрорешения ООО,,1,1,160.00000,,12.90000,,51480.00000,,2599168.00000,900,2026-03-19 00:00:00,N,900,2026-03-19 00:00:00,N,7721403552,771501001,Адресный СКЛАД РЦ (WMS),ЭКС-000006616   ,,,0.00000,0.00000,r.sagaidak,RTH_UpdateHeader,2026-03-19 18:01:37,N,,,,,,,,,,,,,,,2026-03-19 16:56:02,2026-03-19 16:56:02,2026-03-19 16:56:02,306154,ILSSRV,2026-03-19 15:49:10,,,c96f509b-7009-4dbe-aaea-1c9089c581a0
320966,WH1,ЭКС,EKS000005598,СП,Закупка,2026-03-23 00:00:00,2026-03-20 09:51:03,,ИМПЭКС  ООО  (ст-ком),"430001, Мордовия Респ, г Саранск, ул Пролетарская",", д. 130А, офис 5",,,,,Косова Т.В.,,,,100,,,ЭКС-000005598   ,,26-01051005578,,,O00000008220    ,Деловые Линии ООО,,2,2,328.00000,,24.00000,КГ,558656.00000,,16104286.08000,900,2026-03-20 00:00:00,N,900,2026-03-20 00:00:00,N,1327037434,132701001,Адресный СКЛАД РЦ (WMS),ЭКС-000006582   ,,,0.00000,0.00000,a.savitskiy,RTH_UpdateHeader,2026-03-20 09:51:03,N,,,,,,,,,,,,,,,2026-03-20 09:24:30,2026-03-20 09:24:30,2026-03-20 09:25:33,306194,ILSSRV,2026-03-20 09:12:31,,,1a1259ca-9f5e-4c9a-b01d-d73fa76076c2
320972,WH1,ЭКС,EKS000005604,СП,Закупка,2026-03-27 00:00:00,2026-03-20 11:25:23,,Вольтум,"117485, г. Москва, ул. Обручева, д. 30/1, оф. _",,,,,,Куграшова О.В.,,,,100,,,ЭКС-000005604   ,,26-03681044253,,,O00000008162    ,Деловые Линии ООО,,21,16,164.00000,,12.72000,,39380.65000,,1417512.77000,900,2026-03-20 00:00:00,N,900,2026-03-20 00:00:00,N,9728140546,772801001,Адресный СКЛАД РЦ (WMS),ЭКС-000006530   ,,,0.00000,0.00000,a.manokhin,RTH_UpdateHeader,2026-03-20 11:25:23,N,,,,,,,,,,,,,,,2026-03-20 09:34:41,2026-03-20 09:34:41,2026-03-20 09:55:05,306200,ILSSRV,2026-03-20 09:15:35,,,572b2ed2-0c94-4643-9179-60de7a2b4e53
320988,WH1,ЭКС,EKS000005619,СП,Закупка,2026-03-26 00:00:00,2026-03-20 12:07:09,,ВЕРКЕЛЬ ООО,"117418, г. Москва, г. Москва, ул. Зюзинская, д. 6"," корп2, оф. этаж3 помXVI ком31",,,,,Куграшова О.В.,,,,100,,,ЭКС-000005619   ,,,,,O00000007557    ,,,16,16,39.00000,,3.08500,,9716.75000,,71251.62000,900,2026-03-20 00:00:00,N,900,2026-03-20 00:00:00,N,7751526880,772701001,Адресный СКЛАД РЦ (WMS),ЭКС-000006531   ,,,0.00000,0.00000,a.manokhin,RTH_UpdateHeader,2026-03-20 12:07:09,N,,,,,,,,,,,,,,,2026-03-20 11:36:06,2026-03-20 11:36:06,2026-03-20 11:42:47,306215,ILSSRV,2026-03-20 11:33:45,,,0ea4369a-1a36-4e33-b777-0715f6aa5f8c
321023,WH1,ЭКС,EKS000005653,СП,Закупка,2026-03-23 00:00:00,2026-03-20 19:04:33,,СмартТулз ООО,"140143, Московская область, дп Родники, Трудовая"," ул, д. 10, помещ. 1, этаж 3, ком 319",,,,,Петров И.В.,,,,100,,,ЭКС-000005653   ,,,,,O00000008295    ,,,7,6,37.00000,,46.29000,,377038.50000,,338670.77000,900,2026-03-20 00:00:00,N,100,2026-03-20 00:00:00,N,9705129000,504001001,Адресный СКЛАД РЦ (WMS),ЭКС-000007214   ,,,0.00000,0.00000,a.habibov,RTH_UpdateHeader,2026-03-20 19:04:33,N,,,,,,,,,,,,,,,2026-03-20 15:34:42,2026-03-20 15:34:42,,306250,ILSSRV,2026-03-20 13:00:50,,,ffd109cf-934e-4cd6-9755-a105463cf089
321032,WH1,ЭКС,EKS000005660,СП,Закупка,2026-03-30 00:00:00,2026-03-20 16:22:42,,Диэлектрические кабельные системы АО (ДКС),"170017, Тверская область, г. Тверь, ул. Бочкина,", д. 15,,,,,Гилета О.В.,,,,100,,,ЭКС-000005660   ,,,,,O00000007624    ,,,1,1,17.00000,,0.17000,КГ,3060.00000,,157684.18000,900,2026-03-20 00:00:00,N,900,2026-03-20 00:00:00,N,6905062011,695001001,Адресный СКЛАД РЦ (WMS),ЭКС-000006657   ,,,0.00000,0.00000,r.sagaidak,RTH_UpdateHeader,2026-03-20 16:22:42,N,,,,,,,,,,,,,,,2026-03-20 15:32:43,2026-03-20 15:32:43,2026-03-20 15:32:43,306258,ILSSRV,2026-03-20 14:08:49,,,fdffe3f0-815f-4e83-ad50-31805d5ac1bb
321061,WH1,ЭКС,EKS000005688,СП,Закупка,2026-03-30 00:00:00,2026-03-20 16:56:57,,ВсеИнструменты.ру,"109451, г. Москва, г. Москва, ул. Братиславская,"," д. 16к1, оф. 3",,,,,Третьяков С.М.,,,,100,,,ЭКС-000005688   ,,,,,O00000046593    ,,,1,1,1.00000,,0.10000,,315.00000,,1370.49000,900,2026-03-20 00:00:00,N,900,2026-03-20 00:00:00,N,7722753969,772301001,Адресный СКЛАД РЦ (WMS),ЭКС-000041117   ,,,0.00000,0.00000,n.bezrukov,RTH_UpdateHeader,2026-03-20 16:56:57,N,,,,,,,,,,,,,,,2026-03-20 16:25:09,2026-03-20 16:25:09,2026-03-20 16:25:10,306286,ILSSRV,2026-03-20 15:54:59,,,f3bd8f45-57a9-4e3b-a9b3-3a7742c1da78
321082,WH1,ЭКС,EKS000005707,СП,Закупка,2026-03-26 00:00:00,2026-03-20 19:13:20,,СИСТЭМ ЭЛЕКТРИК АО (ранее Шнейдер Электрик АО до 2,"127018, г. Москва, г. Москва, ул. Двинцев, д. 12,", оф. 15,,,,,Куграшова О.В.,,,,100,,,ЭКС-000005707   ,,,,,O00000007768    ,СИСТЭМ ЭЛЕКТРИК АО (ранее,,39,22,12539.00000,,765.33250,КГ,4874506.00000,,2810850988.51000,900,2026-03-20 00:00:00,N,900,2026-03-20 00:00:00,N,7712092928,997150001,Адресный СКЛАД РЦ (WMS),ЭКС-000006776   ,,,0.00000,0.00000,a.savitskiy,RTH_UpdateHeader,2026-03-20 19:13:20,N,,,,,,,,,,,,,,,2026-03-20 17:45:59,2026-03-20 17:45:59,2026-03-20 18:28:36,306305,ILSSRV,2026-03-20 17:07:14,,,52ff3dee-e913-4543-a13d-b4fd48fa327c
321085,WH1,ЭКС,EKS000005710,СП,Закупка,2026-03-23 00:00:00,2026-03-20 18:21:16,,ВСЕСВЕТОДИОДЫ ООО ,"119361, Москва г. Озерная ул. дом №42, строение 3",,,,,,Лангеман Э.Г.,,,,100,,,ЭКС-000005710   ,,,,,O00000008294    ,Спирин Антон Алексеевич И,,4,2,63.00000,,120.60000,КГ,649722.00000,,3829916.07000,900,2026-03-20 00:00:00,N,900,2026-03-20 00:00:00,N,7729770787,772901001,Адресный СКЛАД РЦ (WMS),ЭКС-000007251   ,,,0.00000,0.00000,r.sagaidak,RTH_UpdateHeader,2026-03-20 18:21:16,N,,,,,,,,,,,,,,,2026-03-20 18:16:44,2026-03-20 18:16:44,2026-03-20 18:18:20,306308,ILSSRV,2026-03-20 17:15:05,,,1b83c7cf-8ab5-4c60-8ab4-bea1c9396f37
321087,WH1,ЭКС,EKS000005712,СП,Закупка,2026-03-23 00:00:00,2026-03-21 10:45:58,,Новатек-Электро ООО,"195197, Санкт-Петербург г, Кондратьевский пр-кт,"," дом № 21, корпус 1, оф.314",,,,,Третьяков С.М.,,,,100,,,ЭКС-000005712   ,,26-51580020004,,,O00000008345    ,Деловые Линии ООО,,3,3,20.00000,,4.70000,КГ,23329.00000,,632783.14000,900,2026-03-21 00:00:00,N,900,2026-03-21 00:00:00,N,7804509841,780401001,Адресный СКЛАД РЦ (WMS),ЭКС-000007169   ,,,0.00000,0.00000,a.rudenko,RTH_UpdateHeader,2026-03-21 10:45:58,N,,,,,,,,,,,,,,,2026-03-21 09:54:14,2026-03-21 09:54:14,2026-03-21 09:55:05,306310,ILSSRV,2026-03-21 09:45:36,,,36599266-068d-46da-aa8f-1c8687592879
321088,WH1,ЭКС,EKS000005713,СП,Кросс-докинг,2026-03-30 00:00:00,2026-03-21 10:51:21,,Арлайт РУС ООО,"101000, г. Москва, пер. Уланский, д. 22 стр.1,"," пом.I,эт.5, оф. 501",,,,,Кузьмин М.С.,,,,100,,,ЭКС-000005713   ,,26-12571205172,,,O00000008312    ,Деловые Линии ООО,,16,13,138.00000,,9.34000,,37561.00000,,3241613.04000,900,2026-03-21 00:00:00,N,900,2026-03-21 00:00:00,N,7743089178,770801001,Адресный СКЛАД РЦ (WMS),ЭКС-000006777   ,,,0.00000,0.00000,a.rudenko,RTH_UpdateHeader,2026-03-21 10:51:21,N,,,,,,,,,,,,,,,2026-03-21 09:58:12,2026-03-21 09:58:12,2026-03-21 10:29:02,306311,ILSSRV,2026-03-21 09:46:34,,,5507b8cc-ba2f-4234-b1af-919eaedda88e
321090,WH1,ЭКС,EKS000005715,СП,Закупка,2026-03-24 00:00:00,2026-03-21 14:00:00,,"ООО ""РЕСУРС ПРИКАМЬЯ""","г.Пермь., ул. Деревообделочная, д.8, оф. 404",,,,,,Лихушина Н.И.,,,,100,,,ЭКС-000005715   ,,26-04011022357,,,O00000008283    ,Деловые Линии ООО,,2,2,66.00000,,321.00000,,1227204.00000,,10592241.84000,900,2026-03-21 00:00:00,N,900,2026-03-21 00:00:00,N,5903132590,590301001,Адресный СКЛАД РЦ (WMS),ЭКС-000006578   ,,,0.00000,0.00000,V.plevako,RTH_UpdateHeader,2026-03-21 14:00:00,N,,,,,,,,,,,,,,,2026-03-21 10:28:25,2026-03-21 10:28:25,2026-03-21 10:56:36,306313,ILSSRV,2026-03-21 09:46:35,,,5f60a0a4-4e47-4f76-82c9-5302251404db
321091,WH1,ЭКС,EKS000005716,СП,Закупка,2026-03-24 00:00:00,2026-03-21 13:57:54,,"ООО ""РЕСУРС ПРИКАМЬЯ""","г.Пермь., ул. Деревообделочная, д.8, оф. 404",,,,,,Лихушина Н.И.,,,,100,,,ЭКС-000005716   ,,26-04011022357,,,O00000008283    ,Деловые Линии ООО,,1,1,35.00000,,70.00000,,810000.00000,,1682868.25000,900,2026-03-21 00:00:00,N,900,2026-03-21 00:00:00,N,5903132590,590301001,Адресный СКЛАД РЦ (WMS),ЭКС-000006580   ,,,0.00000,0.00000,V.plevako,RTH_UpdateHeader,2026-03-21 13:57:54,N,,,,,,,,,,,,,,,2026-03-21 10:31:48,2026-03-21 10:31:48,2026-03-21 10:31:48,306314,ILSSRV,2026-03-21 09:46:35,,,6fcccbfa-a24c-48ae-8968-084819f251e6
321094,WH1,ЭКС,EKS000005719,СП,Закупка,2026-03-23 00:00:00,2026-03-21 14:23:49,,ТРЕД МАРК,"660074, Г.Красноярск, ул.Борисова, д.14, оф 310",,,,,,Петров И.В.,,,,100,,,ЭКС-000005719   ,,26-00311029158,,,O00000008311    ,Деловые Линии ООО,,1,1,30.00000,,1.80000,КГ,2160.00000,,72180.00000,900,2026-03-21 00:00:00,N,900,2026-03-21 00:00:00,N,2463227404,246301001,Адресный СКЛАД РЦ (WMS),ЭКС-000007040   ,,,0.00000,0.00000,a.rudenko,RTH_UpdateHeader,2026-03-21 14:23:49,N,,,,,,,,,,,,,,,2026-03-21 12:32:05,2026-03-21 12:32:05,2026-03-21 12:32:05,306317,ILSSRV,2026-03-21 09:47:33,,,529a1120-f4ff-4511-94cf-f491b1f4a096
321095,WH1,ЭКС,EKS000005720,СП,Закупка,2026-03-23 00:00:00,2026-03-21 14:26:29,,ТРЕД МАРК,"660074, Г.Красноярск, ул.Борисова, д.14, оф 310",,,,,,Петров И.В.,,,,100,,,ЭКС-000005720   ,,26-00311029158,,,O00000008311    ,Деловые Линии ООО,,4,3,1360.00000,,80.10000,КГ,140863.50000,,73984904.00000,900,2026-03-21 00:00:00,N,900,2026-03-21 00:00:00,N,2463227404,246301001,Адресный СКЛАД РЦ (WMS),ЭКС-000007041   ,,,0.00000,0.00000,a.rudenko,RTH_UpdateHeader,2026-03-21 14:26:29,N,,,,,,,,,,,,,,,2026-03-21 12:15:14,2026-03-21 12:15:14,2026-03-21 12:32:59,306318,ILSSRV,2026-03-21 09:47:34,,,5718c038-e1a5-423e-abb6-67f0a25f56f9
321101,WH1,ЭКС,O00000001479,СП,Закупка,2026-03-23 00:00:00,2026-03-23 09:57:11,,"Курский электроаппаратный  завод ООО (ООО""КЭАЗ"")","305044, Курская область, город Курск, ул. 2-я"," Рабочая, д. 23, помещение В1, помещение 2/2",,,,,Самоличенко В.А.,,,,100,,,О00-000001479   ,,,,,O00000008451    ,,,1,1,1.00000,,0.20000,КГ,350.62500,,2390.00000,900,2026-03-23 00:00:00,N,900,2026-03-23 00:00:00,N,4632025039,463201001,Адресный СКЛАД РЦ (WMS),О00-000000138   ,,,0.00000,0.00000,r.sagaidak,RTH_UpdateHeader,2026-03-23 09:57:11,N,,,,,,,,,,,,,,,2026-03-23 09:10:03,2026-03-23 09:10:03,2026-03-23 09:10:04,306324,ILSSRV,2026-03-23 09:09:36,,,c4f8704e-466d-442c-8dd0-6a8a315fcafb
321102,WH1,ЭКС,EKS000005726,СП,Возврат-Филиал,2026-03-23 00:00:00,2026-03-23 09:28:54,,БАРНАУЛ Электрокомплектсервис ЗАО (Барнаул РСК),"630073, Новосибирская область, г. Новосибирск,"," ул. Гоголя, д. 23, оф. 5",,,,,Новоселов А.В.,,,,100,,,ЭКС-000005726   ,,,,,,,,1,1,2.00000,,27.70000,КГ,20280.00000,,23114.16000,900,2026-03-23 00:00:00,N,900,2026-03-23 00:00:00,N,5407159273,222445001,Адресный СКЛАД РЦ (WMS),ЭКС-000003713   ,,,0.00000,0.00000,a.savitskiy,RTH_UpdateHeader,2026-03-23 09:28:54,N,,,,,,,,,,,,,,,2026-03-23 09:26:47,2026-03-23 09:26:47,2026-03-23 09:26:48,306325,ILSSRV,2026-03-23 09:11:36,,,2a5b03d7-e12d-4b8e-8686-83847d10bd45
321103,WH1,ЭКС,EKS000005727,СП,Закупка,2026-03-23 00:00:00,2026-03-23 09:25:39,,МСТ ООО  (FERON),"630088, Новосибирская обл, Новосибирск г,"," Петухова ул, дом № 37/2, строение 1, тел.",,,,,Косова Т.В.,,,,100,,,ЭКС-000005727   ,,,,,O00000008453    ,,,1,1,40.00000,,17.98000,КГ,156000.00000,,1614944.00000,900,2026-03-23 00:00:00,N,900,2026-03-23 00:00:00,N,5403065426,540301001,Адресный СКЛАД РЦ (WMS),ЭКС-000007402   ,,,0.00000,0.00000,a.manokhin,RTH_UpdateHeader,2026-03-23 09:25:39,N,,,,,,,,,,,,,,,2026-03-23 09:22:54,2026-03-23 09:22:54,2026-03-23 09:22:54,306326,ILSSRV,2026-03-23 09:18:38,,,3e47980d-8aee-4af5-9eba-7fe2d3f97e22
321104,WH1,ЭКС,O00000001480,СП,Закупка,2026-03-23 00:00:00,2026-03-23 09:56:12,,Гермес-Трейд Комплект ООО,"117403, г.Москва, ул.Никопольская, д.4, стр.1,", пом.7.,,,,,Княжева Ю.В.,,,,100,,,О00-000001480   ,,,,,O00000008464    ,,,3,3,13.00000,,17.50600,КГ,80768.50000,,388123.97000,900,2026-03-23 00:00:00,N,900,2026-03-23 00:00:00,N,2536141529,772401001,Адресный СКЛАД РЦ (WMS),О00-000000139   ,,,0.00000,0.00000,a.savitskiy,RTH_UpdateHeader,2026-03-23 09:56:12,N,,,,,,,,,,,,,,,2026-03-23 09:50:27,2026-03-23 09:50:27,2026-03-23 09:51:38,306327,ILSSRV,2026-03-23 09:28:35,,,91e1360c-27c2-4337-a2e0-bf966809d4d5
321108,WH1,ЭКС,EKS000005731,СП,Кросс-докинг,2026-04-01 00:00:00,2026-03-23 12:06:11,,Электрорешения ООО,"127273, г. Москва, г. Москва, ул. Отрадная, д. 2Б"," стр.9, оф. этаж 5",,,,,Третьяков С.М.,,,,100,,,ЭКС-000005731   ,,5669,,,O00000007900    ,Электрорешения ООО,,2,1,9.00000,,26.00000,КГ,261000.00000,,522888.21000,900,2026-03-23 00:00:00,N,900,2026-03-23 00:00:00,N,7721403552,771501001,Адресный СКЛАД РЦ (WMS),ЭКС-000006873   ,,,0.00000,0.00000,a.savitskiy,RTH_UpdateHeader,2026-03-23 12:06:11,N,,,,,,,,,,,,,,,2026-03-23 11:27:09,2026-03-23 11:27:09,2026-03-23 11:27:18,306331,ILSSRV,2026-03-23 10:34:42,,,c9fce651-73b1-4a1f-9756-b0ddf3e797bb
321109,WH1,ЭКС,EKS000005732,СП,Закупка,2026-04-01 00:00:00,2026-03-23 12:14:43,,Электрорешения ООО,"127273, г. Москва, г. Москва, ул. Отрадная, д. 2Б"," стр.9, оф. этаж 5",,,,,Третьяков С.М.,,,,100,,,ЭКС-000005732   ,,5669,,,O00000007901    ,Электрорешения ООО,,1,1,1.00000,,0.20000,КГ,280.00000,,563.13000,900,2026-03-23 00:00:00,N,900,2026-03-23 00:00:00,N,7721403552,771501001,Адресный СКЛАД РЦ (WMS),ЭКС-000006874   ,,,0.00000,0.00000,a.savitskiy,RTH_UpdateHeader,2026-03-23 12:14:43,N,,,,,,,,,,,,,,,2026-03-23 11:33:10,2026-03-23 11:33:10,2026-03-23 11:33:11,306332,ILSSRV,2026-03-23 10:34:42,,,f8180bd5-df2e-4279-8c07-344c5ce8227f
321110,WH1,ЭКС,EKS000005733,СП,Кросс-докинг,2026-04-01 00:00:00,2026-03-23 12:08:49,,Электрорешения ООО,"127273, г. Москва, г. Москва, ул. Отрадная, д. 2Б"," стр.9, оф. этаж 5",,,,,Третьяков С.М.,,,,100,,,ЭКС-000005733   ,,5669,,,O00000007902    ,Электрорешения ООО,,1,1,12.00000,,3.60000,КГ,4752.00000,,56763.36000,900,2026-03-23 00:00:00,N,900,2026-03-23 00:00:00,N,7721403552,771501001,Адресный СКЛАД РЦ (WMS),ЭКС-000006875   ,,,0.00000,0.00000,a.savitskiy,RTH_UpdateHeader,2026-03-23 12:08:49,N,,,,,,,,,,,,,,,2026-03-23 11:38:20,2026-03-23 11:38:20,2026-03-23 11:38:20,306333,ILSSRV,2026-03-23 10:34:43,,,1d039d6c-45ba-48b8-9aae-a171cc3d64f2
321111,WH1,ЭКС,EKS000005734,СП,Кросс-докинг,2026-04-01 00:00:00,2026-03-23 12:16:40,,Электрорешения ООО,"127273, г. Москва, г. Москва, ул. Отрадная, д. 2Б"," стр.9, оф. этаж 5",,,,,Третьяков С.М.,,,,100,,,ЭКС-000005734   ,,5669,,,O00000007903    ,Электрорешения ООО,,4,4,37.00000,,0.79000,,2021.00000,,13004.64000,900,2026-03-23 00:00:00,N,900,2026-03-23 00:00:00,N,7721403552,771501001,Адресный СКЛАД РЦ (WMS),ЭКС-000006876   ,,,0.00000,0.00000,a.savitskiy,RTH_UpdateHeader,2026-03-23 12:16:40,N,,,,,,,,,,,,,,,2026-03-23 11:31:09,2026-03-23 11:31:09,2026-03-23 11:32:30,306334,ILSSRV,2026-03-23 10:34:44,,,7cda31ce-4443-4028-900f-bd8d421823b4
321112,WH1,ЭКС,EKS000005735,СП,Кросс-докинг,2026-04-01 00:00:00,2026-03-23 16:42:14,,Электрорешения ООО,"127273, г. Москва, г. Москва, ул. Отрадная, д. 2Б"," стр.9, оф. этаж 5",,,,,Третьяков С.М.,,,,100,,,ЭКС-000005735   ,,5669,,,O00000007904    ,Электрорешения ООО,,7,7,62.00000,,25.20000,КГ,71861.00000,,414594.59000,900,2026-03-23 00:00:00,N,100,2026-03-23 00:00:00,N,7721403552,771501001,Адресный СКЛАД РЦ (WMS),ЭКС-000006877   ,,,0.00000,0.00000,a.habibov,RTH_UpdateHeader,2026-03-23 16:42:14,N,,,,,,,,,,,,,,,2026-03-23 11:04:08,2026-03-23 11:04:08,,306335,ILSSRV,2026-03-23 10:34:45,,,988d1f25-f006-4a66-bf24-294f697730e7
321113,WH1,ЭКС,EKS000005736,СП,Кросс-докинг,2026-04-01 00:00:00,2026-03-23 12:32:48,,Электрорешения ООО,"127273, г. Москва, г. Москва, ул. Отрадная, д. 2Б"," стр.9, оф. этаж 5",,,,,Третьяков С.М.,,,,100,,,ЭКС-000005736   ,,5669,,,O00000007905    ,Электрорешения ООО,,1,1,5.00000,,20.00000,КГ,1500.00000,,120740.50000,900,2026-03-23 00:00:00,N,900,2026-03-23 00:00:00,N,7721403552,771501001,Адресный СКЛАД РЦ (WMS),ЭКС-000006878   ,,,0.00000,0.00000,a.savitskiy,RTH_UpdateHeader,2026-03-23 12:32:48,N,,,,,,,,,,,,,,,2026-03-23 11:31:54,2026-03-23 11:31:54,2026-03-23 11:31:55,306336,ILSSRV,2026-03-23 10:34:46,,,a05bb73c-7514-4a36-b47a-b1c16ed3b6f3
321114,WH1,ЭКС,EKS000005737,СП,Кросс-докинг,2026-04-01 00:00:00,2026-03-23 12:42:01,,Электрорешения ООО,"127273, г. Москва, г. Москва, ул. Отрадная, д. 2Б"," стр.9, оф. этаж 5",,,,,Третьяков С.М.,,,,100,,,ЭКС-000005737   ,,5669,,,O00000007906    ,Электрорешения ООО,,6,5,17.00000,,7.01200,КГ,17331.00000,,171760.71000,900,2026-03-23 00:00:00,N,900,2026-03-23 00:00:00,N,7721403552,771501001,Адресный СКЛАД РЦ (WMS),ЭКС-000006879   ,,,0.00000,0.00000,a.savitskiy,RTH_UpdateHeader,2026-03-23 12:42:01,N,,,,,,,,,,,,,,,2026-03-23 11:07:59,2026-03-23 11:07:59,2026-03-23 11:10:05,306337,ILSSRV,2026-03-23 10:35:43,,,ff067b41-daa3-4780-a6a3-6e9c74594f21
321115,WH1,ЭКС,EKS000005738,СП,Кросс-докинг,2026-04-01 00:00:00,2026-03-23 12:10:03,,Электрорешения ООО,"127273, г. Москва, г. Москва, ул. Отрадная, д. 2Б"," стр.9, оф. этаж 5",,,,,Третьяков С.М.,,,,100,,,ЭКС-000005738   ,,5669,,,O00000007907    ,Электрорешения ООО,,1,1,1.00000,,0.45000,,510.00000,,1579.24000,900,2026-03-23 00:00:00,N,900,2026-03-23 00:00:00,N,7721403552,771501001,Адресный СКЛАД РЦ (WMS),ЭКС-000006880   ,,,0.00000,0.00000,a.savitskiy,RTH_UpdateHeader,2026-03-23 12:10:03,N,,,,,,,,,,,,,,,2026-03-23 11:43:44,2026-03-23 11:43:44,2026-03-23 11:43:44,306338,ILSSRV,2026-03-23 10:35:43,,,1d039d6c-45ba-48b8-9aae-a171cc3d64f2
321116,WH1,ЭКС,EKS000005739,СП,Кросс-докинг,2026-04-01 00:00:00,2026-03-23 12:44:31,,Электрорешения ООО,"127273, г. Москва, г. Москва, ул. Отрадная, д. 2Б"," стр.9, оф. этаж 5",,,,,Третьяков С.М.,,,,100,,,ЭКС-000005739   ,,5669,,,O00000007908    ,Электрорешения ООО,,18,18,194.00000,,29.36000,,67262.41375,,1354480.76000,900,2026-03-23 00:00:00,N,900,2026-03-23 00:00:00,N,7721403552,771501001,Адресный СКЛАД РЦ (WMS),ЭКС-000006881   ,,,0.00000,0.00000,a.savitskiy,RTH_UpdateHeader,2026-03-23 12:44:31,N,,,,,,,,,,,,,,,2026-03-23 10:57:25,2026-03-23 10:57:25,2026-03-23 11:51:26,306339,ILSSRV,2026-03-23 10:35:47,,,efb26f90-b2b9-4c62-806d-10c98013be93
321117,WH1,ЭКС,TR-23/03/2026-01,ТР,транзит,2026-03-23 00:00:00,2026-03-23 10:52:14,рц,EKF Иркутск,,,,,,,,,,,0,,,,,,,,,,,1,1,1.00000,,1.00000,,1.00000,,0.00000,900,2026-03-23 00:00:00,N,900,2026-03-23 00:00:00,N,,,,,,,0.00000,0.00000,r.sagaidak,RTH_UpdateHeader,2026-03-23 10:52:14,Y,рц,,,,,,,,EKF Иркутск,,,,,,2026-03-23 10:51:27,2026-03-23 10:51:27,2026-03-23 10:51:28,,r.sagaidak,2026-03-23 10:39:35,,,6e7b8d7d-e248-4c12-b875-9e279d9c0a54
321118,WH1,ЭКС,TR-23/03/2026-02,ТР,транзит,2026-03-23 00:00:00,2026-03-23 10:52:09,рц,EKF Красноярск,,,,,,,,,,,0,,,,,,,,,,,1,1,1.00000,,1.00000,,1.00000,,0.00000,900,2026-03-23 00:00:00,N,900,2026-03-23 00:00:00,N,,,,,,,0.00000,0.00000,r.sagaidak,RTH_UpdateHeader,2026-03-23 10:52:09,Y,рц,,,,,,,,EKF Красноярск,,,,,,2026-03-23 10:51:33,2026-03-23 10:51:33,2026-03-23 10:51:33,,r.sagaidak,2026-03-23 10:41:47,,,6e7b8d7d-e248-4c12-b875-9e279d9c0a54
321119,WH1,ЭКС,TR-23/03/2026-03,ТР,транзит,2026-03-23 00:00:00,2026-03-23 10:52:20,рц,EKF Барнаул,,,,,,,,,,,0,,,,,,,,,,,1,1,1.00000,,1.00000,,1.00000,,0.00000,900,2026-03-23 00:00:00,N,900,2026-03-23 00:00:00,N,,,,,,,0.00000,0.00000,r.sagaidak,RTH_UpdateHeader,2026-03-23 10:52:20,Y,рц,,,,,,,,EKF Барнаул,,,,,,2026-03-23 10:51:22,2026-03-23 10:51:22,2026-03-23 10:51:23,,r.sagaidak,2026-03-23 10:42:56,,,6e7b8d7d-e248-4c12-b875-9e279d9c0a54
321123,WH1,ЭКС,EKS000005743,СП,Закупка,2026-03-23 00:00:00,2026-03-23 14:14:50,,Орион ООО   (ЭРА) новый (до 01/10/24- ВИП Маркет,"143003, Московская область, г.о. Одинцовский, г."," Одинцово, ул. Маршала Бирюзова, д. 12, оф. 10",6,,,,Косова Т.В.,,,,100,,,ЭКС-000005743   ,,,,,O00000007783    ,,,9,8,4279.00000,,128.81000,,948591.00000,,306114515.00000,900,2026-03-23 00:00:00,N,900,2026-03-23 00:00:00,N,5032161850,503201001,Адресный СКЛАД РЦ (WMS),ЭКС-000006780   ,,,0.00000,0.00000,a.manokhin,RTH_UpdateHeader,2026-03-23 14:14:50,N,,,,,,,,,,,,,,,2026-03-23 11:33:17,2026-03-23 11:33:17,2026-03-23 12:17:17,306343,ILSSRV,2026-03-23 11:13:46,,,9a5d592e-251f-49e1-b69c-1a8c429a7881
321125,WH1,ЭКС,EKS000005745,СП,Закупка,2026-03-30 00:00:00,2026-03-23 12:24:56,,СПК ПромИнвестКабель ООО,"614030, г.Пермь, ул.Янаульская 30-138",,,,,,Козлова М.А.,,,,100,,,ЭКС-000005745   ,,122011391,,,O00000008475    ,КИТ. ТК  ООО,,1,1,109.00000,,27.68600,КГ,10900.00000,,781056.94000,900,2026-03-23 00:00:00,N,900,2026-03-23 00:00:00,N,5907054960,590701001,Адресный СКЛАД РЦ (WMS),ЭКС-000006665   ,,,0.00000,0.00000,n.bezrukov,RTH_UpdateHeader,2026-03-23 12:24:56,N,,,,,,,,,,,,,,,2026-03-23 12:05:43,2026-03-23 12:05:43,2026-03-23 12:05:43,306345,ILSSRV,2026-03-23 11:50:46,,,96808786-8494-48bb-8fc8-55d2fbf3b4ce
321127,WH1,ЭКС,EKS000005747,СП,Закупка,2026-03-23 00:00:00,2026-03-23 12:40:12,,Кулманаков Николай Сергеевич ИП,,,,,,,Колупаев В.Г.,,,,100,,,ЭКС-000005747   ,,,,,O00000008515    ,,,1,1,11.00000,,22.00000,КГ,127127.00000,,271070.25000,900,2026-03-23 00:00:00,N,900,2026-03-23 00:00:00,N,,,Адресный СКЛАД РЦ (WMS),ЭКС-000007438   ,,,0.00000,0.00000,r.sagaidak,RTH_UpdateHeader,2026-03-23 12:40:12,N,,,,,,,,,,,,,,,2026-03-23 12:17:23,2026-03-23 12:17:23,2026-03-23 12:17:23,306347,ILSSRV,2026-03-23 12:10:45,,,9766a435-8519-4c58-b01a-fda9278cc194
321128,WH1,ЭКС,EKS000005748,СП,Закупка,2026-03-23 00:00:00,2026-03-23 16:42:27,,Кабельный завод Кабэкс ООО,"623283 Свердловская обл., м.о. Ревда, г. Ревда,"," ул. Нахимова, зд. 13",,,,,Лихушина Н.И.,,,,100,,,ЭКС-000005748   ,,,,,O00000008490    ,,,18,14,85353.00000,,21713.73400,КГ,27704916.00000,,60835618935.42000,900,2026-03-23 00:00:00,N,100,2026-03-23 00:00:00,N,5940200262,660850001,Адресный СКЛАД РЦ (WMS),ЭКС-000007415   ,,,0.00000,0.00000,a.habibov,RTH_UpdateHeader,2026-03-23 16:42:27,N,,,,,,,,,,,,,,,2026-03-23 12:30:07,2026-03-23 12:30:07,,306348,ILSSRV,2026-03-23 12:11:49,,,988d1f25-f006-4a66-bf24-294f697730e7
321129,WH1,ЭКС,EKS000005749,СП,Закупка,2026-03-23 00:00:00,2026-03-23 14:22:51,,Промэко ООО,"630084, Новосибирская область, город Новосибирск,"," улица Авиастроителей, 39 Б",,,,,Дунав М.И.,,,,100,,,ЭКС-000005749   ,,,,,O00000008439    ,,,1,1,4500.00000,,299.25000,,273780.00000,,1173285000.00000,900,2026-03-23 00:00:00,N,900,2026-03-23 00:00:00,N,5410131623,541001001,Адресный СКЛАД РЦ (WMS),ЭКС-000007400   ,,,0.00000,0.00000,a.savitskiy,RTH_UpdateHeader,2026-03-23 14:22:51,N,,,,,,,,,,,,,,,2026-03-23 12:27:21,2026-03-23 12:27:21,2026-03-23 12:27:21,306349,ILSSRV,2026-03-23 12:15:46,,,7e813b0b-6f2b-4c3a-b0cf-f8965eb448a9
321130,WH1,ЭКС,EKS000005750,СП,Кросс-докинг,2026-03-23 00:00:00,2026-03-23 14:11:45,,Техэлектро-Сибирь ООО,"630058, Новосибирская область, г. Новосибирск,"," ул. Плотинная, д. 5/5, оф. 5",,,,,Гилета О.В.,,,,100,,,ЭКС-000005750   ,,,,,O00000008452    ,Техэлектро-Сибирь ООО,,16,16,2098.00000,,17.66000,КГ,44774.00000,,4836896.73000,900,2026-03-23 00:00:00,N,900,2026-03-23 00:00:00,N,5408293176,540801001,Адресный СКЛАД РЦ (WMS),ЭКС-000007403   ,,,0.00000,0.00000,r.sagaidak,RTH_UpdateHeader,2026-03-23 14:11:45,N,,,,,,,,,,,,,,,2026-03-23 12:28:58,2026-03-23 12:28:58,2026-03-23 12:35:44,306350,ILSSRV,2026-03-23 12:26:53,,,a3aca545-d6fc-47a6-b775-8dc3fac4aa54
321132,WH1,ЭКС,EKS000005752,СП,Возврат-Филиал,2026-03-23 00:00:00,2026-03-23 14:01:26,,3.Электрокомплектсервис ЗАО (Электрика 3),"630005, Новосибирская область, г. Новосибирск,"," ул. Гоголя, д. 23, оф. 5",,,,,Новоселов А.В.,,,,100,,,ЭКС-000005752   ,,,,,,,,1,1,100.00000,,2.72000,КГ,11200.00000,,364300.00000,900,2026-03-23 00:00:00,N,900,2026-03-23 00:00:00,N,5407159273,540601001,Адресный СКЛАД РЦ (WMS),ЭКС-000005847   ,,,0.00000,0.00000,r.sagaidak,RTH_UpdateHeader,2026-03-23 14:01:26,N,,,,,,,,,,,,,,,2026-03-23 12:53:43,2026-03-23 12:53:43,2026-03-23 12:53:43,306352,ILSSRV,2026-03-23 12:37:50,,,6c0e61a3-12ec-4a00-9e53-780c97f5100a
321134,WH1,ЭКС,EKS000005754,СП,Закупка,2026-03-23 00:00:00,2026-03-23 14:02:57,,"Курский электроаппаратный  завод ООО (ООО""КЭАЗ"")","305044, Курская область, город Курск, ул. 2-я","Рабочая, д. 23, помещение В1, помещение 2/2",,,,,Самоличенко В.А.,,,,0,,,ЭКС-000005754,,,,,O00000008519,,,11,11,97.00000,,18.67000,КГ,28223.35000,,1871574.00000,900,2026-03-23 00:00:00,N,900,2026-03-23 00:00:00,N,4632025039,463201001,Адресный СКЛАД РЦ (WMS),ЭКС-000007441,,,0.00000,0.00000,zmeevskiy,RTH_UpdateHeader,2026-03-23 14:02:57,N,,,,,,,,,,,,,,,2026-03-23 13:26:11,2026-03-23 13:26:11,2026-03-23 13:30:12,306354,ILSSRV,2026-03-23 13:17:55,,,45fbb5a4-56dd-478a-8929-3e3444fa7bba
321135,WH1,ЭКС,EKS000005755,СП,Кросс-докинг,2026-03-27 00:00:00,2026-03-23 15:08:06,,СИСТЭМ ЭЛЕКТРИК АО (ранее Шнейдер Электрик АО до 2,"127018, г. Москва, г. Москва, ул. Двинцев, д. 12,", оф. 15,,,,,Куграшова О.В.,,,,100,,,ЭКС-000005755   ,,,,,O00000007892    ,СИСТЭМ ЭЛЕКТРИК АО (ранее,,23,22,327.00000,,23.90000,КГ,163116.12500,,2398530.62000,900,2026-03-23 00:00:00,N,900,2026-03-23 00:00:00,N,7712092928,997150001,Адресный СКЛАД РЦ (WMS),ЭКС-000006866   ,,,0.00000,0.00000,a.manokhin,RTH_UpdateHeader,2026-03-23 15:08:06,N,,,,,,,,,,,,,,,2026-03-23 13:33:26,2026-03-23 13:33:26,2026-03-23 13:48:06,306355,ILSSRV,2026-03-23 13:27:55,,,eda25382-3a79-41fe-9279-ebb25ce557a6
321136,WH1,ЭКС,TR-23/03/2026-04,ТР,транзит,2026-03-23 00:00:00,2026-03-23 13:58:47,рц,Иркутск барабаны №1,,,,,,,,,,,0,,,,,,,,,,,1,1,1.00000,,1.00000,,1.00000,,0.00000,900,2026-03-23 00:00:00,N,900,2026-03-23 00:00:00,N,,,,,,,0.00000,0.00000,r.sagaidak,RTH_UpdateHeader,2026-03-23 13:58:47,Y,рц,,,,,,,,Иркутск барабаны №1,,,,,,2026-03-23 13:50:20,2026-03-23 13:50:20,2026-03-23 13:50:21,,r.sagaidak,2026-03-23 13:24:32,,,eaf0e21a-3415-4a81-b884-ef00ae15b681
321137,WH1,ЭКС,TR-23/03/2026-05,ТР,транзит,2026-03-23 00:00:00,2026-03-23 13:58:41,рц,Иркутск барабаны №2,,,,,,,,,,,0,,,,,,,,,,,1,1,1.00000,,1.00000,,1.00000,,0.00000,900,2026-03-23 00:00:00,N,900,2026-03-23 00:00:00,N,,,,,,,0.00000,0.00000,r.sagaidak,RTH_UpdateHeader,2026-03-23 13:58:41,Y,рц,,,,,,,,Иркутск барабаны №2,,,,,,2026-03-23 13:50:25,2026-03-23 13:50:25,2026-03-23 13:50:26,,r.sagaidak,2026-03-23 13:29:08,,,eaf0e21a-3415-4a81-b884-ef00ae15b681
321138,WH1,ЭКС,EKS000005756,СП,Кросс-докинг,2026-03-29 00:00:00,2026-03-23 14:45:08,,СИСТЭМ ЭЛЕКТРИК АО (ранее Шнейдер Электрик АО до 2,"127018, г. Москва, г. Москва, ул. Двинцев, д. 12,", оф. 15,,,,,Куграшова О.В.,,,,100,,,ЭКС-000005756   ,,,,,O00000008229    ,СИСТЭМ ЭЛЕКТРИК АО (ранее,,10,8,1204.00000,,82.55000,КГ,508442.00000,,87951620.16000,900,2026-03-23 00:00:00,N,900,2026-03-23 00:00:00,N,7712092928,997150001,Адресный СКЛАД РЦ (WMS),ЭКС-000007197   ,,,0.00000,0.00000,n.bezrukov,RTH_UpdateHeader,2026-03-23 14:45:08,N,,,,,,,,,,,,,,,2026-03-23 13:56:27,2026-03-23 13:56:27,2026-03-23 14:00:37,306356,ILSSRV,2026-03-23 13:29:52,,,4a28aa79-4983-43cc-896a-9c9a8cff5d69
321139,WH1,ЭКС,EKS000005757,СП,Закупка,2026-03-29 00:00:00,2026-03-23 15:06:51,,СИСТЭМ ЭЛЕКТРИК АО (ранее Шнейдер Электрик АО до 2,"127018, г. Москва, г. Москва, ул. Двинцев, д. 12,", оф. 15,,,,,Куграшова О.В.,,,,100,,,ЭКС-000005757   ,,,,,O00000008538    ,,,82,63,3061.00000,,309.93600,,1392019.87000,,134075764.88000,900,2026-03-23 00:00:00,N,900,2026-03-23 00:00:00,N,7712092928,997150001,Адресный СКЛАД РЦ (WMS),ЭКС-000007196   ,,,0.00000,0.00000,a.savitskiy,RTH_UpdateHeader,2026-03-23 15:06:51,N,,,,,,,,,,,,,,,2026-03-23 13:50:01,2026-03-23 13:50:01,2026-03-23 14:31:01,306357,ILSSRV,2026-03-23 13:32:06,,,2dff79cb-4b02-4168-b871-7b072517dda1
321141,WH1,ЭКС,EKS000005759,СП,Закупка,2026-03-23 00:00:00,2026-03-23 14:02:04,,ТД Электротехмонтаж АО,"191144, г. Санкт-Петербург, ул. Советская, д. 44,", оф. литера Б. помещ.6-Н,,,,,Дунав М.И.,,,,100,,,ЭКС-000005759   ,,,,,O00000008508    ,,,1,1,500.00000,,9.85000,,12000.00000,,3915000.00000,900,2026-03-23 00:00:00,N,900,2026-03-23 00:00:00,N,7842224734,784201001,Адресный СКЛАД РЦ (WMS),ЭКС-000007434   ,,,0.00000,0.00000,a.savitskiy,RTH_UpdateHeader,2026-03-23 14:02:04,N,,,,,,,,,,,,,,,2026-03-23 13:52:59,2026-03-23 13:52:59,2026-03-23 13:52:59,306359,ILSSRV,2026-03-23 13:34:51,,,6c0e61a3-12ec-4a00-9e53-780c97f5100a
321142,WH1,ЭКС,EKS000005760,СП,Закупка,2026-03-23 00:00:00,2026-03-23 16:02:03,,ТД Электротехмонтаж АО,"191144, г. Санкт-Петербург, ул. Советская, д. 44,", оф. литера Б. помещ.6-Н,,,,,Лихушина Н.И.,,,,100,,,ЭКС-000005760   ,,,,,O00000008535    ,,,1,1,92.00000,,669.11600,КГ,1205604.00000,,50298335.68000,900,2026-03-23 00:00:00,N,900,2026-03-23 00:00:00,N,7842224734,784201001,Адресный СКЛАД РЦ (WMS),ЭКС-000007433   ,,,0.00000,0.00000,n.bezrukov,RTH_UpdateHeader,2026-03-23 16:02:03,N,,,,,,,,,,,,,,,2026-03-23 14:38:06,2026-03-23 14:38:06,2026-03-23 14:38:06,306360,ILSSRV,2026-03-23 13:35:51,,,4317dd01-2584-4e92-bf91-0ac2756837c1
321143,WH1,ЭКС,EKS000005761,СП,Закупка,2026-03-23 00:00:00,2026-03-23 14:49:53,,ТД Электротехмонтаж АО,"191144, г. Санкт-Петербург, ул. Советская, д. 44,", оф. литера Б. помещ.6-Н,,,,,Лихушина Н.И.,,,,100,,,ЭКС-000005761   ,,,,,O00000008536    ,,,1,1,50.00000,,5.00000,КГ,1250.00000,,142425.00000,900,2026-03-23 00:00:00,N,900,2026-03-23 00:00:00,N,7842224734,784201001,Адресный СКЛАД РЦ (WMS),ЭКС-000007435   ,,,0.00000,0.00000,a.savitskiy,RTH_UpdateHeader,2026-03-23 14:49:53,N,,,,,,,,,,,,,,,2026-03-23 14:32:33,2026-03-23 14:32:33,2026-03-23 14:32:33,306361,ILSSRV,2026-03-23 13:35:51,,,2712ee00-284b-4e67-a7e2-33514ddad3c1
321144,WH1,ЭКС,TR-23/03/2026-06,ТР,транзит,2026-03-23 00:00:00,2026-03-23 13:58:35,рц,Иркутск барабаны №3,,,,,,,,,,,0,,,,,,,,,,,1,1,1.00000,,1.00000,,1.00000,,0.00000,900,2026-03-23 00:00:00,N,900,2026-03-23 00:00:00,N,,,,,,,0.00000,0.00000,r.sagaidak,RTH_UpdateHeader,2026-03-23 13:58:35,Y,рц,,,,,,,,Иркутск барабаны №3,,,,,,2026-03-23 13:50:29,2026-03-23 13:50:29,2026-03-23 13:50:30,,r.sagaidak,2026-03-23 13:43:41,,,eaf0e21a-3415-4a81-b884-ef00ae15b681
321145,WH1,ЭКС,TR-23/03/2026-07,ТР,транзит,2026-03-23 00:00:00,2026-03-23 13:58:29,рц,Иркутск барабаны №4,,,,,,,,,,,0,,,,,,,,,,,1,1,1.00000,,1.00000,,1.00000,,0.00000,900,2026-03-23 00:00:00,N,900,2026-03-23 00:00:00,N,,,,,,,0.00000,0.00000,r.sagaidak,RTH_UpdateHeader,2026-03-23 13:58:29,Y,рц,,,,,,,,Иркутск барабаны №4,,,,,,2026-03-23 13:50:34,2026-03-23 13:50:34,2026-03-23 13:50:34,,r.sagaidak,2026-03-23 13:44:38,,,eaf0e21a-3415-4a81-b884-ef00ae15b681
321146,WH1,ЭКС,TR-23/03/2026-08,ТР,транзит,2026-03-23 00:00:00,2026-03-23 13:58:22,рц,Иркутск барабаны №5,,,,,,,,,,,0,,,,,,,,,,,1,1,1.00000,,1.00000,,1.00000,,0.00000,900,2026-03-23 00:00:00,N,900,2026-03-23 00:00:00,N,,,,,,,0.00000,0.00000,r.sagaidak,RTH_UpdateHeader,2026-03-23 13:58:22,Y,рц,,,,,,,,Иркутск барабаны №5,,,,,,2026-03-23 13:50:38,2026-03-23 13:50:38,2026-03-23 13:50:38,,r.sagaidak,2026-03-23 13:45:40,,,eaf0e21a-3415-4a81-b884-ef00ae15b681
321147,WH1,ЭКС,TR-23/03/2026-09,ТР,транзит,2026-03-23 00:00:00,2026-03-23 13:58:17,рц,Электрика-7,,,,,,,,,,,0,,,,,,,,,,,1,1,1.00000,,1.00000,,1.00000,,0.00000,900,2026-03-23 00:00:00,N,900,2026-03-23 00:00:00,N,,,,,,,0.00000,0.00000,r.sagaidak,RTH_UpdateHeader,2026-03-23 13:58:17,Y,рц,,,,,,,,Электрика-7,,,,,,2026-03-23 13:50:42,2026-03-23 13:50:42,2026-03-23 13:50:42,,r.sagaidak,2026-03-23 13:48:40,,,eaf0e21a-3415-4a81-b884-ef00ae15b681
321148,WH1,ЭКС,EKS000005762,СП,Закупка,2026-03-23 00:00:00,2026-03-23 14:56:11,,НЭМЗ ИНЖИНИРИНГ ООО,"630088, г. Новосибирск, ул. Петухова, 69, офис 1",,,,,,Иваненко П.В.,,,,100,,,ЭКС-000005762   ,,,,,O00000008525    ,,,3,3,3.00000,,42.00000,,125290.00000,,76847.41000,900,2026-03-23 00:00:00,N,900,2026-03-23 00:00:00,N,5403054262,540301001,Адресный СКЛАД РЦ (WMS),ЭКС-000007445   ,,,0.00000,0.00000,n.bezrukov,RTH_UpdateHeader,2026-03-23 14:56:11,N,,,,,,,,,,,,,,,2026-03-23 14:07:00,2026-03-23 14:07:00,2026-03-23 14:07:38,306362,ILSSRV,2026-03-23 13:56:56,,,ddc92b64-d533-46a2-9178-db235103b3fd
321149,WH1,ЭКС,EKS000005763,СП,Закупка,2026-03-23 00:00:00,2026-03-23 14:44:06,,НЭМЗ ИНЖИНИРИНГ ООО,"630088, г. Новосибирск, ул. Петухова, 69, офис 1",,,,,,Иваненко П.В.,,,,100,,,ЭКС-000005763   ,,,,,O00000008526    ,,,2,2,2.00000,,35.00000,,126936.00000,,37725.23000,900,2026-03-23 00:00:00,N,900,2026-03-23 00:00:00,N,5403054262,540301001,Адресный СКЛАД РЦ (WMS),ЭКС-000007446   ,,,0.00000,0.00000,n.bezrukov,RTH_UpdateHeader,2026-03-23 14:44:06,N,,,,,,,,,,,,,,,2026-03-23 14:07:21,2026-03-23 14:07:21,2026-03-23 14:07:32,306363,ILSSRV,2026-03-23 13:56:56,,,288b0005-deb3-4371-a13f-350acdbbef23
321150,WH1,ЭКС,TR-23/03/2026-10,ТР,транзит,2026-03-23 00:00:00,2026-03-23 14:04:29,рц,ОМСК,,,,,,,,,,,0,,,,,,,,,,,1,1,1.00000,,1.00000,,1.00000,,0.00000,900,2026-03-23 00:00:00,N,900,2026-03-23 00:00:00,N,,,,,,,0.00000,0.00000,r.sagaidak,RTH_UpdateHeader,2026-03-23 14:04:29,Y,рц,,,,,,,,ОМСК,,,,,,2026-03-23 14:03:38,2026-03-23 14:03:38,2026-03-23 14:03:38,,r.sagaidak,2026-03-23 14:02:38,,,45fbb5a4-56dd-478a-8929-3e3444fa7bba
321151,WH1,ЭКС,EKS000005764,СП,Закупка,2026-03-23 00:00:00,2026-03-23 15:50:40,,СИБИРЬ-ЗИТАР ООО,"630025, Новосибирская область, г. Новосибирск,"," ул. 2-я Складская, д. 2 корп. 3, оф. 1",,,,,Петров И.В.,,,,100,,,ЭКС-000005764   ,,,,,O00000008555    ,,,5,4,577.00000,,24.22000,,18366.12500,,3725854.68000,900,2026-03-23 00:00:00,N,900,2026-03-23 00:00:00,N,5404505197,540901001,Адресный СКЛАД РЦ (WMS),ЭКС-000007461   ,,,0.00000,0.00000,n.bezrukov,RTH_UpdateHeader,2026-03-23 15:50:40,N,,,,,,,,,,,,,,,2026-03-23 14:29:39,2026-03-23 14:29:39,2026-03-23 14:32:21,306364,ILSSRV,2026-03-23 14:10:54,,,15fc8881-26f7-46b2-b625-4c068ebc7709
321152,WH1,ЭКС,EKS000005765,СП,Закупка,2026-03-23 00:00:00,2026-03-23 15:28:58,,СНАБСИБЭЛЕКТРО  ООО (новый),"630007, Новосибирская область, г. Новосибирск,"," ул. Фабричная, д. 11, оф. 2",,,,,Шаповалов П.Г.,,,,100,,,ЭКС-000005765   ,,26-02951005073 ,,,O00000008457    ,Деловые Линии ООО,,2,1,23.00000,,3.70000,КГ,2673.00000,,202009.23000,900,2026-03-23 00:00:00,N,900,2026-03-23 00:00:00,N,7714790036,540701001,Адресный СКЛАД РЦ (WMS),ЭКС-000006381   ,,,0.00000,0.00000,a.manokhin,RTH_UpdateHeader,2026-03-23 15:28:58,N,,,,,,,,,,,,,,,2026-03-23 15:07:49,2026-03-23 15:07:49,2026-03-23 15:07:59,306365,ILSSRV,2026-03-23 14:12:53,,,79002f5d-0b2a-4e93-b520-d17fc351173d
321153,WH1,ЭКС,EKS000005766,СП,Закупка,2026-03-23 00:00:00,2026-03-23 15:55:26,,Элком-Электро ООО,"129226, г. Москва, г. Москва, ул."," Сельскохозяйственная, д. 16А, оф. 4/1/13",,,,,Самоличенко В.А.,,,,100,,,ЭКС-000005766   ,,26-02551041564,,,O00000008383    ,Деловые Линии ООО,,1,1,6.00000,,1.20000,КГ,540.00000,,13767.84000,900,2026-03-23 00:00:00,N,900,2026-03-23 00:00:00,N,7703214111,771701001,Адресный СКЛАД РЦ (WMS),ЭКС-000007409   ,,,0.00000,0.00000,a.manokhin,RTH_UpdateHeader,2026-03-23 15:55:26,N,,,,,,,,,,,,,,,2026-03-23 14:53:42,2026-03-23 14:53:42,2026-03-23 14:53:42,306366,ILSSRV,2026-03-23 14:17:54,,,121cf447-062c-4020-9f2b-c91b29b51b52
321154,WH1,ЭКС,EKS000005767,СП,Закупка,2026-03-23 00:00:00,2026-03-23 15:54:45,,Элком-Электро ООО,"129226, г. Москва, г. Москва, ул."," Сельскохозяйственная, д. 16А, оф. 4/1/13",,,,,Третьяков С.М.,,,,100,,,ЭКС-000005767   ,,26-02551041564,,,O00000008383    ,Деловые Линии ООО,,1,1,1.00000,,0.10000,КГ,216.00000,,816.64000,900,2026-03-23 00:00:00,N,900,2026-03-23 00:00:00,N,7703214111,771701001,Адресный СКЛАД РЦ (WMS),ЭКС-000007410   ,,,0.00000,0.00000,a.manokhin,RTH_UpdateHeader,2026-03-23 15:54:45,N,,,,,,,,,,,,,,,2026-03-23 14:53:05,2026-03-23 14:53:05,2026-03-23 14:53:05,306367,ILSSRV,2026-03-23 14:17:54,,,96539d09-66da-4f6a-b6c0-a8005f15f26d
321155,WH1,ЭКС,EKS000005768,СП,Закупка,2026-03-23 00:00:00,2026-03-23 15:10:48,,СНАБСИБЭЛЕКТРО  ООО (новый),"630007, Новосибирская область, г. Новосибирск,"," ул. Фабричная, д. 11, оф. 2",,,,,Любаева С.В.,,,,100,,,ЭКС-000005768   ,,,,,O00000008296    ,,,1,1,80.00000,,121.60000,,873600.00000,,9654144.00000,900,2026-03-23 00:00:00,N,900,2026-03-23 00:00:00,N,7714790036,540701001,Адресный СКЛАД РЦ (WMS),ЭКС-000007246   ,,,0.00000,0.00000,n.bezrukov,RTH_UpdateHeader,2026-03-23 15:10:48,N,,,,,,,,,,,,,,,2026-03-23 15:06:45,2026-03-23 15:06:45,2026-03-23 15:06:45,306368,ILSSRV,2026-03-23 14:24:56,,,53637a97-ff83-4cb0-bdce-9d8f37ea1133
321156,WH1,ЭКС,EKS000005769,СП,Закупка,2026-03-23 00:00:00,2026-03-23 16:54:31,,СНАБСИБЭЛЕКТРО  ООО (новый),"630007, Новосибирская область, г. Новосибирск,"," ул. Фабричная, д. 11, оф. 2",,,,,Шаповалов П.Г.,,,,100,,,ЭКС-000005769   ,,,,,O00000008556    ,,,13,10,227.00000,,9.58000,КГ,28517.90000,,462364.37000,900,2026-03-23 00:00:00,N,900,2026-03-23 00:00:00,N,7714790036,540701001,Адресный СКЛАД РЦ (WMS),ЭКС-000007464   ,,,0.00000,0.00000,n.bezrukov,RTH_UpdateHeader,2026-03-23 16:54:31,N,,,,,,,,,,,,,,,2026-03-23 14:56:05,2026-03-23 14:56:05,2026-03-23 15:08:57,306369,ILSSRV,2026-03-23 14:24:58,,,dcf5058c-bcfd-4836-b60d-2ddee3003ad8
321157,WH1,ЭКС,EKS000005770,СП,Закупка,2026-03-23 00:00:00,2026-03-23 15:36:41,,СНАБСИБЭЛЕКТРО  ООО (новый),"630007, Новосибирская область, г. Новосибирск,"," ул. Фабричная, д. 11, оф. 2",,,,,Третьяков С.М.,,,,100,,,ЭКС-000005770   ,,,,,O00000008558    ,,,1,1,30.00000,,0.30000,КГ,120.00000,,60291.00000,900,2026-03-23 00:00:00,N,900,2026-03-23 00:00:00,N,7714790036,540701001,Адресный СКЛАД РЦ (WMS),ЭКС-000007466   ,,,0.00000,0.00000,n.bezrukov,RTH_UpdateHeader,2026-03-23 15:36:41,N,,,,,,,,,,,,,,,2026-03-23 15:09:26,2026-03-23 15:09:25,2026-03-23 15:09:26,306370,ILSSRV,2026-03-23 14:25:56,,,3e69f6e0-a73c-41e1-b017-01a9cc9c84e4
321158,WH1,ЭКС,EKS000005771,СП,Закупка,2026-03-23 00:00:00,2026-03-23 15:35:49,,СНАБСИБЭЛЕКТРО  ООО (новый),"630007, Новосибирская область, г. Новосибирск,"," ул. Фабричная, д. 11, оф. 2",,,,,Косова Т.В.,,,,100,,,ЭКС-000005771   ,,,,,O00000008559    ,,,1,1,23.00000,,0.46000,,9200.00000,,30343.44000,900,2026-03-23 00:00:00,N,900,2026-03-23 00:00:00,N,7714790036,540701001,Адресный СКЛАД РЦ (WMS),ЭКС-000007467   ,,,0.00000,0.00000,n.bezrukov,RTH_UpdateHeader,2026-03-23 15:35:49,N,,,,,,,,,,,,,,,2026-03-23 15:04:13,2026-03-23 15:04:13,2026-03-23 15:04:13,306371,ILSSRV,2026-03-23 14:25:56,,,3e69f6e0-a73c-41e1-b017-01a9cc9c84e4
321159,WH1,ЭКС,EKS000005772,СП,Закупка,2026-03-23 00:00:00,2026-03-23 15:34:14,,СНАБСИБЭЛЕКТРО  ООО (новый),"630007, Новосибирская область, г. Новосибирск,"," ул. Фабричная, д. 11, оф. 2",,,,,Козлова М.А.,,,,100,,,ЭКС-000005772   ,,,,,O00000008560    ,,,6,6,943.00000,,550.99200,КГ,3165200.00000,,59201910.04000,900,2026-03-23 00:00:00,N,900,2026-03-23 00:00:00,N,7714790036,540701001,Адресный СКЛАД РЦ (WMS),ЭКС-000007473   ,,,0.00000,0.00000,n.bezrukov,RTH_UpdateHeader,2026-03-23 15:34:14,N,,,,,,,,,,,,,,,2026-03-23 14:53:50,2026-03-23 14:53:50,2026-03-23 15:16:23,306372,ILSSRV,2026-03-23 14:25:58,,,8ec6ccdd-1b68-4c19-895b-99b0d96b188e
321162,WH1,ЭКС,EKS000005775,СП,Закупка,2026-03-23 00:00:00,2026-03-23 15:39:04,,Орион ООО   (ЭРА) новый (до 01/10/24- ВИП Маркет,"143003, Московская область, г.о. Одинцовский, г."," Одинцово, ул. Маршала Бирюзова, д. 12, оф. 10",6,,,,Косова Т.В.,,,,100,,,ЭКС-000005775   ,,,,,O00000008547    ,,,4,4,13.00000,,11.25000,,149957.50000,,28995.00000,900,2026-03-23 00:00:00,N,900,2026-03-23 00:00:00,N,5032161850,503201001,Адресный СКЛАД РЦ (WMS),ЭКС-000007459   ,,,0.00000,0.00000,a.savitskiy,RTH_UpdateHeader,2026-03-23 15:39:04,N,,,,,,,,,,,,,,,2026-03-23 14:59:27,2026-03-23 14:59:27,2026-03-23 15:20:01,306375,ILSSRV,2026-03-23 14:46:55,,,8f3f06df-2f40-4c6d-b88c-ddc24df43d45
321163,WH1,ЭКС,EKS000005776,СП,Закупка,2026-03-23 00:00:00,2026-03-23 16:01:03,,Орион ООО   (ЭРА) новый (до 01/10/24- ВИП Маркет,"143003, Московская область, г.о. Одинцовский, г."," Одинцово, ул. Маршала Бирюзова, д. 12, оф. 10",6,,,,Косова Т.В.,,,,100,,,ЭКС-000005776   ,,,,,O00000008546    ,,,16,12,1632.00000,,79.28000,КГ,70612.00000,,30030425.50000,900,2026-03-23 00:00:00,N,900,2026-03-23 00:00:00,N,5032161850,503201001,Адресный СКЛАД РЦ (WMS),ЭКС-000007458   ,,,0.00000,0.00000,a.savitskiy,RTH_UpdateHeader,2026-03-23 16:01:03,N,,,,,,,,,,,,,,,2026-03-23 14:55:20,2026-03-23 14:55:20,2026-03-23 15:36:37,306376,ILSSRV,2026-03-23 14:46:59,,,4317dd01-2584-4e92-bf91-0ac2756837c1
321164,WH1,ЭКС,EKS000005777,СП,Закупка,2026-03-23 00:00:00,2026-03-23 15:58:04,,Орион ООО   (ЭРА) новый (до 01/10/24- ВИП Маркет,"143003, Московская область, г.о. Одинцовский, г."," Одинцово, ул. Маршала Бирюзова, д. 12, оф. 10",6,,,,Косова Т.В.,,,,100,,,ЭКС-000005777   ,,,,,O00000008545    ,,,3,3,9.00000,,18.50500,КГ,94389.37500,,13804.00000,900,2026-03-23 00:00:00,N,900,2026-03-23 00:00:00,N,5032161850,503201001,Адресный СКЛАД РЦ (WMS),ЭКС-000007457   ,,,0.00000,0.00000,a.savitskiy,RTH_UpdateHeader,2026-03-23 15:58:04,N,,,,,,,,,,,,,,,2026-03-23 14:58:30,2026-03-23 14:58:30,2026-03-23 15:17:05,306377,ILSSRV,2026-03-23 14:47:00,,,c3e079b6-f8e7-477e-8255-61cdf4d02fc9
321165,WH1,ЭКС,EKS000005778,СП,Закупка,2026-03-23 00:00:00,2026-03-23 15:38:03,,Орион ООО   (ЭРА) новый (до 01/10/24- ВИП Маркет,"143003, Московская область, г.о. Одинцовский, г."," Одинцово, ул. Маршала Бирюзова, д. 12, оф. 10",6,,,,Косова Т.В.,,,,100,,,ЭКС-000005778   ,,,,,O00000008543    ,,,2,2,8.00000,,5.00000,КГ,18904.00000,,24308.00000,900,2026-03-23 00:00:00,N,900,2026-03-23 00:00:00,N,5032161850,503201001,Адресный СКЛАД РЦ (WMS),ЭКС-000007456   ,,,0.00000,0.00000,a.savitskiy,RTH_UpdateHeader,2026-03-23 15:38:03,N,,,,,,,,,,,,,,,2026-03-23 15:13:33,2026-03-23 15:13:33,2026-03-23 15:13:51,306378,ILSSRV,2026-03-23 14:47:55,,,f98acca7-24fa-4b1b-88e5-e9a51b491b15
321166,WH1,ЭКС,EKS000005779,СП,Закупка,2026-03-23 00:00:00,2026-03-23 15:36:11,,Орион ООО   (ЭРА) новый (до 01/10/24- ВИП Маркет,"143003, Московская область, г.о. Одинцовский, г."," Одинцово, ул. Маршала Бирюзова, д. 12, оф. 10",6,,,,Косова Т.В.,,,,100,,,ЭКС-000005779   ,,,,,O00000008542    ,,,1,1,25.00000,,0.25000,КГ,1440.00000,,9687.50000,900,2026-03-23 00:00:00,N,900,2026-03-23 00:00:00,N,5032161850,503201001,Адресный СКЛАД РЦ (WMS),ЭКС-000007455   ,,,0.00000,0.00000,a.savitskiy,RTH_UpdateHeader,2026-03-23 15:36:11,N,,,,,,,,,,,,,,,2026-03-23 15:11:37,2026-03-23 15:11:37,2026-03-23 15:11:37,306379,ILSSRV,2026-03-23 14:47:55,,,3e69f6e0-a73c-41e1-b017-01a9cc9c84e4
321167,WH1,ЭКС,EKS000005780,СП,Закупка,2026-03-23 00:00:00,2026-03-23 15:56:57,,Орион ООО   (ЭРА) новый (до 01/10/24- ВИП Маркет,"143003, Московская область, г.о. Одинцовский, г."," Одинцово, ул. Маршала Бирюзова, д. 12, оф. 10",6,,,,Косова Т.В.,,,,100,,,ЭКС-000005780   ,,,,,O00000008541    ,,,2,1,25.00000,,22.50000,КГ,48822.00000,,168750.00000,900,2026-03-23 00:00:00,N,900,2026-03-23 00:00:00,N,5032161850,503201001,Адресный СКЛАД РЦ (WMS),ЭКС-000007454   ,,,0.00000,0.00000,a.savitskiy,RTH_UpdateHeader,2026-03-23 15:56:57,N,,,,,,,,,,,,,,,2026-03-23 14:57:27,2026-03-23 14:57:27,2026-03-23 15:12:53,306380,ILSSRV,2026-03-23 14:47:56,,,121cf447-062c-4020-9f2b-c91b29b51b52
321168,WH1,ЭКС,EKS000005781,СП,Закупка,2026-03-23 00:00:00,2026-03-23 15:25:08,,Орион ООО   (ЭРА) новый (до 01/10/24- ВИП Маркет,"143003, Московская область, г.о. Одинцовский, г."," Одинцово, ул. Маршала Бирюзова, д. 12, оф. 10",6,,,,Косова Т.В.,,,,100,,,ЭКС-000005781   ,,,,,O00000008550    ,,,2,1,500.00000,,80.00000,КГ,1346400.00000,,100462500.00000,900,2026-03-23 00:00:00,N,900,2026-03-23 00:00:00,N,5032161850,503201001,Адресный СКЛАД РЦ (WMS),ЭКС-000007460   ,,,0.00000,0.00000,a.savitskiy,RTH_UpdateHeader,2026-03-23 15:25:08,N,,,,,,,,,,,,,,,2026-03-23 15:21:38,2026-03-23 15:21:38,2026-03-23 15:21:56,306381,ILSSRV,2026-03-23 14:50:56,,,910fe4b4-84f9-4125-be1a-f639b2d81c50
321169,WH1,ЭКС,TR-23/03/2026-11,ТР,транзит,2026-03-23 00:00:00,2026-03-23 15:34:27,рц,ИЭК Барнаул,,,,,,,,,,,0,,,,,,,,,,,1,1,1.00000,,1.00000,,1.00000,,0.00000,900,2026-03-23 00:00:00,N,900,2026-03-23 00:00:00,N,,,,,,,0.00000,0.00000,r.sagaidak,RTH_UpdateHeader,2026-03-23 15:34:27,Y,рц,,,,,,,,ИЭК Барнаул,,,,,,2026-03-23 15:33:52,2026-03-23 15:33:52,2026-03-23 15:33:52,,r.sagaidak,2026-03-23 15:26:50,,,8ec6ccdd-1b68-4c19-895b-99b0d96b188e
321170,WH1,ЭКС,EKS000005782,СП,Закупка,2026-03-27 00:00:00,2026-03-23 17:43:04,,Диэлектрические кабельные системы АО (ДКС),"170017, Тверская область, г. Тверь, ул. Бочкина,", д. 15,,,,,Гилета О.В.,,,,100,,,ЭКС-000005782   ,,,,,O00000008574    ,,,12,9,10818.00000,,202.66000,КГ,1131876.00000,,328955820.88000,900,2026-03-23 00:00:00,N,900,2026-03-23 00:00:00,N,6905062011,695001001,Адресный СКЛАД РЦ (WMS),ЭКС-000007475   ,,,0.00000,0.00000,a.manokhin,RTH_UpdateHeader,2026-03-23 17:43:04,N,,,,,,,,,,,,,,,2026-03-23 15:46:05,2026-03-23 15:46:05,2026-03-23 16:02:33,306382,ILSSRV,2026-03-23 15:30:00,,,6c948875-7e3b-4846-a3d7-f91a0522731c
321171,WH1,ЭКС,EKS000005783,СП,Закупка,2026-03-27 00:00:00,2026-03-23 17:37:39,,Диэлектрические кабельные системы АО (ДКС),"170017, Тверская область, г. Тверь, ул. Бочкина,", д. 15,,,,,Гилета О.В.,,,,100,,,ЭКС-000005783   ,,,,,O00000008577    ,,,28,28,772.00000,,142.38000,КГ,1010941.05200,,2184369.45000,900,2026-03-23 00:00:00,N,900,2026-03-23 00:00:00,N,6905062011,695001001,Адресный СКЛАД РЦ (WMS),ЭКС-000007483   ,,,0.00000,0.00000,a.manokhin,RTH_UpdateHeader,2026-03-23 17:37:39,N,,,,,,,,,,,,,,,2026-03-23 15:36:33,2026-03-23 15:36:33,2026-03-23 16:04:12,306383,ILSSRV,2026-03-23 15:30:07,,,8719cf4e-55e6-4aa9-9095-ce2b74842481
321172,WH1,ЭКС,TR-23/03/2026-12,ТР,транзит,2026-03-23 00:00:00,2026-03-23 15:34:22,рц,ИЭК Красноярск,,,,,,,,,,,0,,,,,,,,,,,1,1,1.00000,,1.00000,,1.00000,,0.00000,900,2026-03-23 00:00:00,N,900,2026-03-23 00:00:00,N,,,,,,,0.00000,0.00000,r.sagaidak,RTH_UpdateHeader,2026-03-23 15:34:22,Y,рц,,,,,,,,ИЭК Красноярск,,,,,,2026-03-23 15:33:56,2026-03-23 15:33:56,2026-03-23 15:33:56,,r.sagaidak,2026-03-23 15:31:24,,,8ec6ccdd-1b68-4c19-895b-99b0d96b188e
321173,WH1,ЭКС,EKS000005784,СП,Закупка,2026-03-23 00:00:00,2026-03-23 17:38:01,,ИЭК ХОЛДИНГ АО,"142100, Московская область, г Подольск, пр-кт"," Ленина, д. 107/49, офис 457",,,,,Шаповалов П.Г.,,,,100,,,ЭКС-000005784   ,,,,,O00000008552    ,,,22,17,2457.00000,,208.43200,КГ,1506808.94250,,46301520.19000,900,2026-03-23 00:00:00,N,900,2026-03-23 00:00:00,N,5074092485,507401001,Адресный СКЛАД РЦ (WMS),ЭКС-000007468   ,,,0.00000,0.00000,n.bezrukov,RTH_UpdateHeader,2026-03-23 17:38:01,N,,,,,,,,,,,,,,,2026-03-23 15:51:52,2026-03-23 15:51:52,2026-03-23 16:05:45,306384,ILSSRV,2026-03-23 15:49:07,,,8719cf4e-55e6-4aa9-9095-ce2b74842481
321174,WH1,ЭКС,EKS000005785,СП,Закупка,2026-03-23 00:00:00,2026-03-23 17:17:47,,ИЭК ХОЛДИНГ АО,"142100, Московская область, г Подольск, пр-кт"," Ленина, д. 107/49, офис 457",,,,,Шаповалов П.Г.,,,,100,,,ЭКС-000005785   ,,,,,O00000008553    ,,,17,15,272.00000,,67.06700,КГ,311374.53125,,2037857.34000,900,2026-03-23 00:00:00,N,900,2026-03-23 00:00:00,N,5074092485,507401001,Адресный СКЛАД РЦ (WMS),ЭКС-000007469   ,,,0.00000,0.00000,a.savitskiy,RTH_UpdateHeader,2026-03-23 17:17:47,N,,,,,,,,,,,,,,,2026-03-23 15:51:48,2026-03-23 15:51:48,2026-03-23 16:03:44,306385,ILSSRV,2026-03-23 15:49:12,,,ee422df4-7fde-40ef-8b91-4964f5402fa5
321175,WH1,ЭКС,EKS000005786,СП,Закупка,2026-03-23 00:00:00,2026-03-23 17:22:16,,ИЭК ХОЛДИНГ АО,"142100, Московская область, г Подольск, пр-кт"," Ленина, д. 107/49, офис 457",,,,,Шаповалов П.Г.,,,,100,,,ЭКС-000005786   ,,,,,O00000008554    ,,,21,21,98.00000,,44.36000,,145921.20000,,295839.11000,900,2026-03-23 00:00:00,N,900,2026-03-23 00:00:00,N,5074092485,507401001,Адресный СКЛАД РЦ (WMS),ЭКС-000007470   ,,,0.00000,0.00000,a.savitskiy,RTH_UpdateHeader,2026-03-23 17:22:16,N,,,,,,,,,,,,,,,2026-03-23 15:53:25,2026-03-23 15:53:25,2026-03-23 16:12:31,306386,ILSSRV,2026-03-23 15:49:16,,,ec94bfb0-d6bd-49d0-b805-98f5c4c7a40f
321176,WH1,ЭКС,EKS000005787,СП,Закупка,2026-03-23 00:00:00,2026-03-23 16:17:02,,1.ЧИП и ДИП АО ,"129110, г Москва ул. Гиляровского, д.39, стр.1",,,,,,Любаева С.В.,,,,100,,,ЭКС-000005787   ,,,,,O00000008586    ,,,2,2,4.00000,,0.14000,КГ,851.40000,,8918.04000,900,2026-03-23 00:00:00,N,900,2026-03-23 00:00:00,N,7729108750,772901001,Адресный СКЛАД РЦ (WMS),ЭКС-000005789   ,,,0.00000,0.00000,r.sagaidak,RTH_UpdateHeader,2026-03-23 16:17:02,N,,,,,,,,,,,,,,,2026-03-23 16:07:41,2026-03-23 16:07:41,2026-03-23 16:08:17,306387,ILSSRV,2026-03-23 16:07:00,,,b1d805c3-a851-4e83-83be-886de2a4a04c
321177,WH1,ЭКС,EKS000005788,СП,Закупка,2026-03-23 00:00:00,2026-03-23 16:34:42,,ЗУБР НСК ООО (Ювента),"635012 НСО, г. Новосибирск, с. Марусино, ул.", Строителей 1А,,,,,Петров И.В.,,,,100,,,ЭКС-000005788   ,,,,,O00000008582    ,,,6,6,10.00000,,17.88000,,48523.12500,,56669.78000,900,2026-03-23 00:00:00,N,900,2026-03-23 00:00:00,N,5410138957,541001001,Адресный СКЛАД РЦ (WMS),ЭКС-000007486   ,,,0.00000,0.00000,n.bezrukov,RTH_UpdateHeader,2026-03-23 16:34:42,N,,,,,,,,,,,,,,,2026-03-23 16:15:10,2026-03-23 16:15:10,2026-03-23 16:20:44,306388,ILSSRV,2026-03-23 16:13:03,,,135d6531-f8f7-4ff5-92c4-bd81a59f367e
321178,WH1,ЭКС,TR-23/03/2026-13,ТР,транзит,2026-03-23 00:00:00,2026-03-23 16:33:56,рц,Кемерово,,,,,,,,,,,0,,,,,,,,,,,1,1,1.00000,,1.00000,,1.00000,,0.00000,900,2026-03-23 00:00:00,N,900,2026-03-23 00:00:00,N,,,,,,,0.00000,0.00000,r.sagaidak,RTH_UpdateHeader,2026-03-23 16:33:56,Y,рц,,,,,,,,Кемерово,,,,,,2026-03-23 16:33:01,2026-03-23 16:33:01,2026-03-23 16:33:01,,r.sagaidak,2026-03-23 16:30:48,,,135d6531-f8f7-4ff5-92c4-bd81a59f367e
321182,WH1,ЭКС,EKS000005792,СП,Закупка,2026-03-23 00:00:00,2026-03-23 18:28:18,,Р-Климат,"119049, Москва г, Большая Якиманка ул, дом 35,"," строение 1,
этаж 3, помещение 1, комната 4",,,,,Петров И.В.,,,,100,,,ЭКС-000005792   ,,,,,O00000008522    ,,,2,2,7.00000,,3.10000,КГ,16434.00000,,37732.51000,900,2026-03-23 00:00:00,N,900,2026-03-23 00:00:00,N,7706739893,770601001,Адресный СКЛАД РЦ (WMS),ЭКС-000007443   ,,,0.00000,0.00000,a.manokhin,RTH_UpdateHeader,2026-03-23 18:28:18,N,,,,,,,,,,,,,,,2026-03-23 18:17:31,2026-03-23 18:17:31,2026-03-23 18:21:03,306392,ILSSRV,2026-03-23 18:08:09,,,8500010d-c254-4e3c-98a3-70e8a4e44cac
321183,WH1,ЭКС,EKS000005793,СП,Закупка,2026-03-23 00:00:00,2026-03-23 18:26:57,,Р-Климат,"119049, Москва г, Большая Якиманка ул, дом 35,"," строение 1,
этаж 3, помещение 1, комната 4",,,,,Петров И.В.,,,,100,,,ЭКС-000005793   ,,,,,O00000008528    ,,,1,1,2.00000,,5.00000,,9600.00000,,67004.28000,900,2026-03-23 00:00:00,N,900,2026-03-23 00:00:00,N,7706739893,770601001,Адресный СКЛАД РЦ (WMS),ЭКС-000007444   ,,,0.00000,0.00000,a.manokhin,RTH_UpdateHeader,2026-03-23 18:26:57,N,,,,,,,,,,,,,,,2026-03-23 18:14:32,2026-03-23 18:14:32,2026-03-23 18:14:33,306393,ILSSRV,2026-03-23 18:08:10,,,af98c117-093a-4446-aff6-fbc774fedfdb
321184,WH1,ЭКС,EKS000005794,СП,Закупка,2026-03-23 00:00:00,2026-03-23 18:27:56,,Р-Климат,"119049, Москва г, Большая Якиманка ул, дом 35,"," строение 1,
этаж 3, помещение 1, комната 4",,,,,Петров И.В.,,,,100,,,ЭКС-000005794   ,,,,,O00000008529    ,,,4,4,35.00000,,60.56000,,451200.00000,,618607.53000,900,2026-03-23 00:00:00,N,900,2026-03-23 00:00:00,N,7706739893,770601001,Адресный СКЛАД РЦ (WMS),ЭКС-000007447   ,,,0.00000,0.00000,a.manokhin,RTH_UpdateHeader,2026-03-23 18:27:56,N,,,,,,,,,,,,,,,2026-03-23 18:16:01,2026-03-23 18:16:01,2026-03-23 18:19:47,306394,ILSSRV,2026-03-23 18:09:10,,,8500010d-c254-4e3c-98a3-70e8a4e44cac
321185,WH1,ЭКС,EKS000005795,СП,Возврат-Филиал,2026-03-24 00:00:00,2026-03-24 08:31:48,,КРАСНОЯРСК Электрокомплектсервис(КР_РСК),"630005, Новосибирская область, г. Новосибирск,"," ул. Гоголя, д. 23, оф. 5",,,,,Новоселов А.В.,,,,100,,,ЭКС-000005795   ,,,,,,,,1,1,1.00000,,0.40000,КГ,252.00000,,2286.61000,900,2026-03-24 00:00:00,N,900,2026-03-24 00:00:00,N,5407159273,246345001,Адресный склад БРАКА (WMS,ЭКС-000005818   ,,,0.00000,0.00000,r.sagaidak,RTH_UpdateHeader,2026-03-24 08:31:48,N,,,,,,,,,,,,,,,2026-03-24 08:22:36,2026-03-24 08:22:36,2026-03-24 08:22:36,306395,ILSSRV,2026-03-24 08:20:20,,,c880d020-b85a-494c-9773-071215a59012
321186,WH1,ЭКС,EKS000005796,СП,Закупка,2026-03-23 00:00:00,2026-03-24 08:46:10,,ВИРА-ГРУПП ООО,"630084, Новосибирская обл., г.Новосибирск,"," ул.Авиастроителей, дом №26, помещение  34",,,,,Косолапова Л.В.,,,,100,,,ЭКС-000005796   ,,,,,O00000008501    ,Спирин Антон Алексеевич И,,1,1,200.00000,,26.00000,КГ,16200.00000,,1393600.00000,900,2026-03-24 00:00:00,N,900,2026-03-24 00:00:00,N,5401959523,540101001,Адресный СКЛАД РЦ (WMS),ЭКС-000007413   ,,,0.00000,0.00000,a.manokhin,RTH_UpdateHeader,2026-03-24 08:46:10,N,,,,,,,,,,,,,,,2026-03-24 08:44:14,2026-03-24 08:44:14,2026-03-24 08:44:14,306396,ILSSRV,2026-03-24 08:37:23,,,de15ba28-fe71-40b4-a08a-fdcaef5eeb01
321187,WH1,ЭКС,EKS000005797,СП,Закупка,2026-03-23 00:00:00,2026-03-24 08:45:54,,ВИРА-ГРУПП ООО,"630084, Новосибирская обл., г.Новосибирск,"," ул.Авиастроителей, дом №26, помещение  34",,,,,Косолапова Л.В.,,,,100,,,ЭКС-000005797   ,,,,,O00000008501    ,Спирин Антон Алексеевич И,,1,1,100.00000,,2.00000,КГ,1600.00000,,342500.00000,900,2026-03-24 00:00:00,N,900,2026-03-24 00:00:00,N,5401959523,540101001,Адресный СКЛАД РЦ (WMS),ЭКС-000007421   ,,,0.00000,0.00000,a.manokhin,RTH_UpdateHeader,2026-03-24 08:45:54,N,,,,,,,,,,,,,,,2026-03-24 08:44:42,2026-03-24 08:44:42,2026-03-24 08:44:42,306397,ILSSRV,2026-03-24 08:37:23,,,de15ba28-fe71-40b4-a08a-fdcaef5eeb01
321188,WH1,ЭКС,EKS000005798,СП,Закупка,2026-03-23 00:00:00,2026-03-24 08:56:44,,Тайле Рус,"127410 г.Москва, Алтуфьевское шоссе, д.41",,,,,,Козлова М.А.,,,,100,,,ЭКС-000005798   ,,,,,O00000008502    ,Спирин Антон Алексеевич И,,2,2,3.00000,,48.70000,КГ,112140.00000,,113372.87000,900,2026-03-24 00:00:00,N,900,2026-03-24 00:00:00,N,7715603560,771501001,Адресный СКЛАД РЦ (WMS),ЭКС-000007420   ,,,0.00000,0.00000,a.savitskiy,RTH_UpdateHeader,2026-03-24 08:56:44,N,,,,,,,,,,,,,,,2026-03-24 08:49:28,2026-03-24 08:49:28,2026-03-24 08:53:03,306398,ILSSRV,2026-03-24 08:37:24,,,3debb9af-13f1-4656-aedb-1fbb061c77c4
321189,WH1,ЭКС,EKS000005799,СП,Закупка,2026-03-23 00:00:00,2026-03-24 10:11:47,,Приборика ООО,"630090, Новосибирская область, г. Новосибирск,"," ул. Николаева, д. 11/5, оф. 817",,,,,Аверин А.И.,,,,100,,,ЭКС-000005799   ,,,,,O00000008503    ,Спирин Антон Алексеевич И,,1,1,5.00000,,3.50000,КГ,28600.00000,,183412.00000,900,2026-03-24 00:00:00,N,900,2026-03-24 00:00:00,N,5408223796,540801001,Адресный СКЛАД РЦ (WMS),ЭКС-000007350   ,,,0.00000,0.00000,a.manokhin,RTH_UpdateHeader,2026-03-24 10:11:47,N,,,,,,,,,,,,,,,2026-03-24 08:48:44,2026-03-24 08:48:44,2026-03-24 08:48:44,306399,ILSSRV,2026-03-24 08:37:24,,,03e6d6ba-b935-480e-b16d-e83f0ead6625
321190,WH1,ЭКС,EKS000005800,СП,Закупка,2026-03-24 00:00:00,2026-03-24 10:24:35,,"ТОРГОВЫЙ ДОМ ""ТОР"" ООО","630099, Новосибирская область, г. Новосибирск,"," пер. Чаплыгина, д. 2/1, оф. 503",,,,,Петров И.В.,,,,100,,,ЭКС-000005800   ,,,,,O00000008500    ,Спирин Антон Алексеевич И,,1,1,1.00000,,0.50000,КГ,10880.00000,,3105.00000,900,2026-03-24 00:00:00,N,900,2026-03-24 00:00:00,N,5405963778,540701001,Адресный СКЛАД РЦ (WMS),ЭКС-000007530   ,,,0.00000,0.00000,r.sagaidak,RTH_UpdateHeader,2026-03-24 10:24:35,N,,,,,,,,,,,,,,,2026-03-24 08:49:03,2026-03-24 08:49:03,2026-03-24 08:49:03,306400,ILSSRV,2026-03-24 08:48:25,,,628c2541-4491-41c0-9dab-88130590c436
321191,WH1,ЭКС,EKS000005801,СП,Закупка,2026-03-24 00:00:00,2026-03-24 18:33:23,,ЗАО Металлист ,"636462, Томская область,г.Колпашево, ул.Обская", 67/1,,,,,Дунав М.И.,,,,100,,,ЭКС-000005801   ,,,,,O00000008615    ,,,1,1,2000.00000,,114.00000,КГ,103680.00000,,92565900.00000,900,2026-03-24 00:00:00,N,100,2026-03-24 00:00:00,N,7007000059,700701001,Адресный СКЛАД РЦ (WMS),ЭКС-000007531   ,,,0.00000,0.00000,a.habibov,RTH_UpdateHeader,2026-03-24 18:33:23,N,,,,,,,,,,,,,,,2026-03-24 09:55:28,2026-03-24 09:55:28,,306401,ILSSRV,2026-03-24 09:10:25,,,cb5f54ef-2c17-4737-a4c4-d8d8744bdb23
321192,WH1,ЭКС,EKS000005802,СП,Закупка,2026-03-26 00:00:00,2026-03-24 10:51:02,,СМАРТ ХИТ ООО,"109431, РФ, г. Москва, ул. Привольная, д.70, этаж"," 5, помещение №25, офис №825",,,,,Козлова М.А.,,,,100,,,ЭКС-000005802   ,,,,,O00000008623    ,,,38,28,367.00000,,220.73000,КГ,1314380.75000,,9533857.82000,900,2026-03-24 00:00:00,N,900,2026-03-24 00:00:00,N,7713770333,772101001,Адресный СКЛАД РЦ (WMS),ЭКС-000007060   ,,,0.00000,0.00000,a.manokhin,RTH_UpdateHeader,2026-03-24 10:51:02,N,,,,,,,,,,,,,,,2026-03-24 09:28:08,2026-03-24 09:28:08,2026-03-24 10:01:11,306402,ILSSRV,2026-03-24 09:19:33,,,de5d6ff0-00f6-4c70-8d8c-5772e7557f01
321193,WH1,ЭКС,EKS000005803,СП,Кросс-докинг,2026-03-31 00:00:00,2026-03-24 10:48:34,,Арлайт РУС ООО,"101000, г. Москва, пер. Уланский, д. 22 стр.1,"," пом.I,эт.5, оф. 501",,,,,Кузьмин М.С.,,,,100,,,ЭКС-000005803   ,,26-12571216865,,,O00000008573    ,Деловые Линии ООО,,36,34,556.00000,,62.58300,,405070.00000,,28267516.98000,900,2026-03-24 00:00:00,N,900,2026-03-24 00:00:00,N,7743089178,770801001,Адресный СКЛАД РЦ (WMS),ЭКС-000006890   ,,,0.00000,0.00000,n.bezrukov,RTH_UpdateHeader,2026-03-24 10:48:34,N,,,,,,,,,,,,,,,2026-03-24 09:40:10,2026-03-24 09:40:10,2026-03-24 10:22:44,306403,ILSSRV,2026-03-24 09:30:36,,,bf8aa8b3-72cf-41d4-80e6-e349670b8888
321194,WH1,ЭКС,EKS000005804,СП,Закупка,2026-03-24 00:00:00,2026-03-24 10:31:07,,Вольтум,"117485, г. Москва, ул. Обручева, д. 30/1, оф. _",,,,,,Куграшова О.В.,,,,100,,,ЭКС-000005804   ,,26-03681048622,,,O00000008576    ,Деловые Линии ООО,,22,16,244.00000,,18.81000,КГ,58788.25000,,3134680.95000,900,2026-03-24 00:00:00,N,900,2026-03-24 00:00:00,N,9728140546,772801001,Адресный СКЛАД РЦ (WMS),ЭКС-000006828   ,,,0.00000,0.00000,a.savitskiy,RTH_UpdateHeader,2026-03-24 10:31:07,N,,,,,,,,,,,,,,,2026-03-24 09:36:49,2026-03-24 09:36:49,2026-03-24 09:53:43,306404,ILSSRV,2026-03-24 09:33:33,,,34b44880-6f4a-4b41-b8bf-e0ab291081b5
321197,WH1,ЭКС,EKS000005807,СП,Закупка,2026-03-23 00:00:00,2026-03-24 10:44:11,,ПО Электротехник ЗАО,"109518, г. Москва, бульвар Волжский, д. 5, корп. 1",,,,,,Третьяков С.М.,,,,100,,,ЭКС-000005807   ,,26-02441217412,,,O00000008578    ,Деловые Линии ООО,,2,2,16.00000,,7.40000,КГ,16896.00000,,139612.92000,900,2026-03-24 00:00:00,N,900,2026-03-24 00:00:00,N,7721249325,772101001,Адресный СКЛАД РЦ (WMS),ЭКС-000006849   ,,,0.00000,0.00000,n.bezrukov,RTH_UpdateHeader,2026-03-24 10:44:11,N,,,,,,,,,,,,,,,2026-03-24 09:37:45,2026-03-24 09:37:45,2026-03-24 09:38:04,306407,ILSSRV,2026-03-24 09:34:30,,,abadd5c9-7a0b-4db3-99dc-b45aaacbc367
321199,WH1,ЭКС,EKS000005809,СП,Закупка,2026-03-24 00:00:00,2026-03-24 10:28:50,,Торговый дом Ферекс ,"""Торговый дом ""Ферекс"" ООО Татарстан Лаишевский", р-н,,,,,Лангеман Э.Г.,,,,100,,,ЭКС-000005809   ,,26-01301040175,,,O00000008575    ,Деловые Линии ООО,,1,1,4.00000,,9.20000,,42240.00000,,125009.92000,900,2026-03-24 00:00:00,N,900,2026-03-24 00:00:00,N,1624012390,162401001,Адресный СКЛАД РЦ (WMS),ЭКС-000006860   ,,,0.00000,0.00000,a.manokhin,RTH_UpdateHeader,2026-03-24 10:28:50,N,,,,,,,,,,,,,,,2026-03-24 10:13:41,2026-03-24 10:13:41,2026-03-24 10:13:41,306409,ILSSRV,2026-03-24 09:36:30,,,d44d3457-0570-4c68-9d0f-1bfaa6e7f542
321201,WH1,ЭКС,EKS000005811,СП,Закупка,2026-03-26 00:00:00,2026-03-24 10:42:09,,ИЭК ХОЛДИНГ АО,"142100, Московская область, г Подольск, пр-кт"," Ленина, д. 107/49, офис 457",,,,,Шаповалов П.Г.,,,,100,,,ЭКС-000005811   ,,26-02321031516,,,O00000008504    ,Деловые Линии ООО,,1,1,1.00000,,2.00000,КГ,7392.00000,,9255.22000,900,2026-03-24 00:00:00,N,900,2026-03-24 00:00:00,N,5074092485,507401001,Адресный СКЛАД РЦ (WMS),ЭКС-000006693   ,,,0.00000,0.00000,a.manokhin,RTH_UpdateHeader,2026-03-24 10:42:09,N,,,,,,,,,,,,,,,2026-03-24 10:18:17,2026-03-24 10:18:17,2026-03-24 10:18:17,306411,ILSSRV,2026-03-24 09:36:30,,,3095497d-86b1-47a8-8c7a-4c0c2c18ecf7
321202,WH1,ЭКС,EKS000005812,СП,Закупка,2026-03-23 00:00:00,2026-03-24 10:52:20,,ТЗ групп ООО,"194156, г. Санкт-Петербург, Большой"," Сампсониевский 
проспект д 94, лит. А, пом 1 Н",,,,,Третьяков С.М.,,,,100,,,ЭКС-000005812   ,,26-02441220359,,,O00000008506    ,Деловые Линии ООО,,1,1,10.00000,,0.10000,КГ,420.00000,,28607.00000,900,2026-03-24 00:00:00,N,900,2026-03-24 00:00:00,N,7814598978,781401001,Адресный СКЛАД РЦ (WMS),ЭКС-000006797   ,,,0.00000,0.00000,a.manokhin,RTH_UpdateHeader,2026-03-24 10:52:20,N,,,,,,,,,,,,,,,2026-03-24 10:20:10,2026-03-24 10:20:10,2026-03-24 10:20:11,306412,ILSSRV,2026-03-24 09:37:30,,,de5d6ff0-00f6-4c70-8d8c-5772e7557f01
321207,WH1,ЭКС,EKS000005817,СП,Закупка,2026-03-24 00:00:00,2026-03-24 12:26:26,,ОМИНТЕХ ООО,Общество с ограниченной ответственностью," ""ОМИНТЕХ"", ИНН 5506143676, КПП 771401001,"," 
127137 г. Москва, ул. Правды, д. 24, стр. 4, эт",,,,Колупаев В.Г.,,,,100,,,ЭКС-000005817   ,,26-00391020664,,,O00000008568    ,Деловые Линии ООО,,2,1,30.00000,,6.00000,КГ,54600.00000,,762786.00000,900,2026-03-24 00:00:00,N,900,2026-03-24 00:00:00,N,5506143676,771401001,Адресный СКЛАД РЦ (WMS),ЭКС-000007292   ,,,0.00000,0.00000,a.manokhin,RTH_UpdateHeader,2026-03-24 12:26:26,N,,,,,,,,,,,,,,,2026-03-24 10:41:10,2026-03-24 10:41:10,2026-03-24 10:46:32,306417,ILSSRV,2026-03-24 09:39:30,,,895c900a-2e43-4dec-9e8b-7d5bf49b5e76
321208,WH1,ЭКС,EKS000005818,СП,Закупка,2026-03-24 00:00:00,2026-03-24 12:23:47,,ОМИНТЕХ ООО,Общество с ограниченной ответственностью," ""ОМИНТЕХ"", ИНН 5506143676, КПП 771401001,"," 
127137 г. Москва, ул. Правды, д. 24, стр. 4, эт",,,,Колупаев В.Г.,,,,100,,,ЭКС-000005818   ,,26-00391020664,,,O00000008568    ,Деловые Линии ООО,,2,1,24.00000,,9.60000,КГ,41680.00000,,767687.04000,900,2026-03-24 00:00:00,N,900,2026-03-24 00:00:00,N,5506143676,771401001,Адресный СКЛАД РЦ (WMS),ЭКС-000007293   ,,,0.00000,0.00000,a.manokhin,RTH_UpdateHeader,2026-03-24 12:23:47,N,,,,,,,,,,,,,,,2026-03-24 10:49:04,2026-03-24 10:49:04,2026-03-24 10:50:02,306418,ILSSRV,2026-03-24 09:39:30,,,4a01e41f-99e7-4682-8df4-28d0ec683728
321209,WH1,ЭКС,EKS000005819,СП,Закупка,2026-03-24 00:00:00,2026-03-24 12:24:14,,ОМИНТЕХ ООО,Общество с ограниченной ответственностью," ""ОМИНТЕХ"", ИНН 5506143676, КПП 771401001,"," 
127137 г. Москва, ул. Правды, д. 24, стр. 4, эт",,,,Колупаев В.Г.,,,,100,,,ЭКС-000005819   ,,26-00391020664,,,O00000008568    ,Деловые Линии ООО,,4,3,60.00000,,26.00000,КГ,104972.00000,,1089590.00000,900,2026-03-24 00:00:00,N,900,2026-03-24 00:00:00,N,5506143676,771401001,Адресный СКЛАД РЦ (WMS),ЭКС-000007294   ,,,0.00000,0.00000,a.manokhin,RTH_UpdateHeader,2026-03-24 12:24:14,N,,,,,,,,,,,,,,,2026-03-24 10:42:09,2026-03-24 10:42:09,2026-03-24 10:50:57,306419,ILSSRV,2026-03-24 09:39:31,,,4a01e41f-99e7-4682-8df4-28d0ec683728
321210,WH1,ЭКС,EKS000005820,СП,Закупка,2026-03-24 00:00:00,2026-03-24 12:25:20,,ОМИНТЕХ ООО,Общество с ограниченной ответственностью," ""ОМИНТЕХ"", ИНН 5506143676, КПП 771401001,"," 
127137 г. Москва, ул. Правды, д. 24, стр. 4, эт",,,,Колупаев В.Г.,,,,100,,,ЭКС-000005820   ,,26-00391020664,,,O00000008568    ,Деловые Линии ООО,,2,2,35.00000,,10.20000,КГ,56700.00000,,540533.75000,900,2026-03-24 00:00:00,N,900,2026-03-24 00:00:00,N,5506143676,771401001,Адресный СКЛАД РЦ (WMS),ЭКС-000007295   ,,,0.00000,0.00000,a.manokhin,RTH_UpdateHeader,2026-03-24 12:25:20,N,,,,,,,,,,,,,,,2026-03-24 10:42:46,2026-03-24 10:42:46,2026-03-24 10:48:30,306420,ILSSRV,2026-03-24 09:39:32,,,895c900a-2e43-4dec-9e8b-7d5bf49b5e76
321211,WH1,ЭКС,EKS000005821,СП,Закупка,2026-03-24 00:00:00,2026-03-24 10:46:04,,Элком-Электро ООО,"129226, г. Москва, г. Москва, ул."," Сельскохозяйственная, д. 16А, оф. 4/1/13",,,,,Косолапова Л.В.,,,,100,,,ЭКС-000005821   ,,26-02551045177,,,O00000008570    ,Деловые Линии ООО,,1,1,70.00000,,21.00000,КГ,28000.00000,,745290.00000,900,2026-03-24 00:00:00,N,900,2026-03-24 00:00:00,N,7703214111,771701001,Адресный СКЛАД РЦ (WMS),ЭКС-000007411   ,,,0.00000,0.00000,a.savitskiy,RTH_UpdateHeader,2026-03-24 10:46:04,N,,,,,,,,,,,,,,,2026-03-24 10:45:04,2026-03-24 10:45:04,2026-03-24 10:45:04,306421,ILSSRV,2026-03-24 09:40:31,,,5ffa7ffa-7932-42ed-bc61-f13cf3466e2c
321212,WH1,ЭКС,EKS000005822,СП,Закупка,2026-03-23 00:00:00,2026-03-24 12:22:39,,РЕЖКАБЕЛЬ ООО,"620102, г.Екатеринбург, ул. Радищева, д.61",,,,,,Козлова М.А.,,,,100,,,ЭКС-000005822   ,,26-00411012755,,,O00000008572    ,Деловые Линии ООО,,1,1,1505.00000,,752.50000,,1205604.00000,,453005000.00000,900,2026-03-24 00:00:00,N,900,2026-03-24 00:00:00,N,6677010893,667701001,Адресный СКЛАД РЦ (WMS),ЭКС-000006997   ,,,0.00000,0.00000,a.savitskiy,RTH_UpdateHeader,2026-03-24 12:22:39,N,,,,,,,,,,,,,,,2026-03-24 10:57:05,2026-03-24 10:57:05,2026-03-24 10:57:07,306422,ILSSRV,2026-03-24 09:40:31,,,1c8c4c94-3896-4992-8ba1-a5ed6d6fe7a8
321216,WH1,ЭКС,EKS000005826,СП,Закупка,2026-03-27 00:00:00,2026-03-24 12:44:40,,"Торговый Дом Морозова (ООО ""ТДМ"")","117405, г. Москва, г. Москва, ул. Дорожная, д."," 60Б, этаж 6, оф. 647",,,,,Феденькова Д.Ю.,,,,100,,,ЭКС-000005826   ,,,,,O00000008401    ,,,3,3,579.00000,,0.56000,КГ,2275.12500,,349244.83000,900,2026-03-24 00:00:00,N,900,2026-03-24 00:00:00,N,7724417909,772401001,Адресный СКЛАД РЦ (WMS),ЭКС-000007339   ,,,0.00000,0.00000,a.manokhin,RTH_UpdateHeader,2026-03-24 12:44:40,N,,,,,,,,,,,,,,,2026-03-24 11:11:28,2026-03-24 11:11:28,2026-03-24 11:13:37,306426,ILSSRV,2026-03-24 10:18:34,,,d7d08b2d-8115-4f91-8837-f6965464963e
321217,WH1,ЭКС,EKS000005827,СП,Закупка,2026-03-27 00:00:00,2026-03-24 12:42:16,,"Торговый Дом Морозова (ООО ""ТДМ"")","117405, г. Москва, г. Москва, ул. Дорожная, д."," 60Б, этаж 6, оф. 647",,,,,Феденькова Д.Ю.,,,,100,,,ЭКС-000005827   ,,,,,O00000008600    ,,,4,4,14.00000,,5.85000,КГ,14277.00000,,98893.24000,900,2026-03-24 00:00:00,N,900,2026-03-24 00:00:00,N,7724417909,772401001,Адресный СКЛАД РЦ (WMS),ЭКС-000007338   ,,,0.00000,0.00000,a.manokhin,RTH_UpdateHeader,2026-03-24 12:42:16,N,,,,,,,,,,,,,,,2026-03-24 11:33:35,2026-03-24 11:33:35,2026-03-24 11:37:45,306427,ILSSRV,2026-03-24 10:18:35,,,c14bb21a-a197-4df0-a6a9-8d6eb7f9a3fd
321218,WH1,ЭКС,EKS000005828,СП,Закупка,2026-03-27 00:00:00,2026-03-24 12:15:22,,"Торговый Дом Морозова (ООО ""ТДМ"")","117405, г. Москва, г. Москва, ул. Дорожная, д."," 60Б, этаж 6, оф. 647",,,,,Феденькова Д.Ю.,,,,100,,,ЭКС-000005828   ,,,,,O00000008399    ,,,2,1,332.00000,,29.55000,КГ,287392.00000,,20795962.08000,900,2026-03-24 00:00:00,N,900,2026-03-24 00:00:00,N,7724417909,772401001,Адресный СКЛАД РЦ (WMS),ЭКС-000007336   ,,,0.00000,0.00000,a.manokhin,RTH_UpdateHeader,2026-03-24 12:15:22,N,,,,,,,,,,,,,,,2026-03-24 11:09:22,2026-03-24 11:09:22,2026-03-24 11:28:49,306428,ILSSRV,2026-03-24 10:18:35,,,f3853e50-a959-4990-bfbd-8f9bb071fef1
321219,WH1,ЭКС,EKS000005829,СП,Закупка,2026-03-27 00:00:00,2026-03-24 12:17:28,,"Торговый Дом Морозова (ООО ""ТДМ"")","117405, г. Москва, г. Москва, ул. Дорожная, д."," 60Б, этаж 6, оф. 647",,,,,Феденькова Д.Ю.,,,,100,,,ЭКС-000005829   ,,,,,O00000008398    ,,,1,1,20.00000,,0.40000,КГ,1260.00000,,72116.00000,900,2026-03-24 00:00:00,N,900,2026-03-24 00:00:00,N,7724417909,772401001,Адресный СКЛАД РЦ (WMS),ЭКС-000007335   ,,,0.00000,0.00000,a.manokhin,RTH_UpdateHeader,2026-03-24 12:17:28,N,,,,,,,,,,,,,,,2026-03-24 11:10:50,2026-03-24 11:10:49,2026-03-24 11:10:50,306429,ILSSRV,2026-03-24 10:18:35,,,8d53a742-497b-4629-bd16-d88461f6ba7f
321220,WH1,ЭКС,EKS000005830,СП,Закупка,2026-03-27 00:00:00,2026-03-24 12:20:04,,"Торговый Дом Морозова (ООО ""ТДМ"")","117405, г. Москва, г. Москва, ул. Дорожная, д."," 60Б, этаж 6, оф. 647",,,,,Феденькова Д.Ю.,,,,100,,,ЭКС-000005830   ,,,,,O00000008396    ,,,1,1,1.00000,,0.24000,,285.00000,,443.16000,900,2026-03-24 00:00:00,N,900,2026-03-24 00:00:00,N,7724417909,772401001,Адресный СКЛАД РЦ (WMS),ЭКС-000007333   ,,,0.00000,0.00000,a.manokhin,RTH_UpdateHeader,2026-03-24 12:20:04,N,,,,,,,,,,,,,,,2026-03-24 11:19:04,2026-03-24 11:19:04,2026-03-24 11:19:05,306430,ILSSRV,2026-03-24 10:19:34,,,bd787baa-c879-48a1-b659-cc1ad4e302e1
321221,WH1,ЭКС,EKS000005831,СП,Закупка,2026-03-27 00:00:00,2026-03-24 12:41:21,,"Торговый Дом Морозова (ООО ""ТДМ"")","117405, г. Москва, г. Москва, ул. Дорожная, д."," 60Б, этаж 6, оф. 647",,,,,Феденькова Д.Ю.,,,,100,,,ЭКС-000005831   ,,,,,O00000008394    ,,,5,5,29.00000,,11.46000,КГ,22851.00000,,163234.55000,900,2026-03-24 00:00:00,N,900,2026-03-24 00:00:00,N,7724417909,772401001,Адресный СКЛАД РЦ (WMS),ЭКС-000007331   ,,,0.00000,0.00000,a.manokhin,RTH_UpdateHeader,2026-03-24 12:41:21,N,,,,,,,,,,,,,,,2026-03-24 11:43:07,2026-03-24 11:43:07,2026-03-24 11:46:23,306431,ILSSRV,2026-03-24 10:19:36,,,c14bb21a-a197-4df0-a6a9-8d6eb7f9a3fd
321222,WH1,ЭКС,EKS000005832,СП,Закупка,2026-03-27 00:00:00,2026-03-24 12:44:07,,"Торговый Дом Морозова (ООО ""ТДМ"")","117405, г. Москва, г. Москва, ул. Дорожная, д."," 60Б, этаж 6, оф. 647",,,,,Феденькова Д.Ю.,,,,100,,,ЭКС-000005832   ,,,,,O00000008392    ,,,14,12,852.00000,,55.38000,,224719.50000,,7424604.15000,900,2026-03-24 00:00:00,N,900,2026-03-24 00:00:00,N,7724417909,772401001,Адресный СКЛАД РЦ (WMS),ЭКС-000007330   ,,,0.00000,0.00000,a.manokhin,RTH_UpdateHeader,2026-03-24 12:44:07,N,,,,,,,,,,,,,,,2026-03-24 11:01:11,2026-03-24 11:01:11,2026-03-24 12:02:49,306432,ILSSRV,2026-03-24 10:19:41,,,d7d08b2d-8115-4f91-8837-f6965464963e
321223,WH1,ЭКС,EKS000005833,СП,Закупка,2026-03-27 00:00:00,2026-03-24 12:12:12,,"Торговый Дом Морозова (ООО ""ТДМ"")","117405, г. Москва, г. Москва, ул. Дорожная, д."," 60Б, этаж 6, оф. 647",,,,,Феденькова Д.Ю.,,,,100,,,ЭКС-000005833   ,,,,,O00000008391    ,,,1,1,1.00000,,5.00000,КГ,11750.00000,,4863.86000,900,2026-03-24 00:00:00,N,900,2026-03-24 00:00:00,N,7724417909,772401001,Адресный СКЛАД РЦ (WMS),ЭКС-000007329   ,,,0.00000,0.00000,a.manokhin,RTH_UpdateHeader,2026-03-24 12:12:12,N,,,,,,,,,,,,,,,2026-03-24 11:19:52,2026-03-24 11:19:52,2026-03-24 11:19:52,306433,ILSSRV,2026-03-24 10:20:34,,,4c04843b-27d6-4aad-bcd1-8b8e47a14c83
321224,WH1,ЭКС,EKS000005834,СП,Закупка,2026-03-27 00:00:00,2026-03-24 12:20:29,,"Торговый Дом Морозова (ООО ""ТДМ"")","117405, г. Москва, г. Москва, ул. Дорожная, д."," 60Б, этаж 6, оф. 647",,,,,Феденькова Д.Ю.,,,,100,,,ЭКС-000005834   ,,,,,O00000008395    ,,,1,1,1.00000,,0.60000,КГ,2308.50000,,1462.39000,900,2026-03-24 00:00:00,N,900,2026-03-24 00:00:00,N,7724417909,772401001,Адресный СКЛАД РЦ (WMS),ЭКС-000007332   ,,,0.00000,0.00000,a.manokhin,RTH_UpdateHeader,2026-03-24 12:20:29,N,,,,,,,,,,,,,,,2026-03-24 11:17:40,2026-03-24 11:17:40,2026-03-24 11:17:40,306434,ILSSRV,2026-03-24 10:20:34,,,bd787baa-c879-48a1-b659-cc1ad4e302e1
321225,WH1,ЭКС,EKS000005835,СП,Закупка,2026-03-27 00:00:00,2026-03-24 12:44:51,,"Торговый Дом Морозова (ООО ""ТДМ"")","117405, г. Москва, г. Москва, ул. Дорожная, д."," 60Б, этаж 6, оф. 647",,,,,Феденькова Д.Ю.,,,,100,,,ЭКС-000005835   ,,,,,O00000008389    ,,,2,1,144.00000,,15.12000,КГ,21392.00000,,1912688.64000,900,2026-03-24 00:00:00,N,900,2026-03-24 00:00:00,N,7724417909,772401001,Адресный СКЛАД РЦ (WMS),ЭКС-000007328   ,,,0.00000,0.00000,a.manokhin,RTH_UpdateHeader,2026-03-24 12:44:51,N,,,,,,,,,,,,,,,2026-03-24 11:10:06,2026-03-24 11:10:06,2026-03-24 11:32:01,306435,ILSSRV,2026-03-24 10:20:34,,,2328622e-57b4-415e-b2a7-bd469a3cda7c
321226,WH1,ЭКС,EKS000005836,СП,Закупка,2026-03-27 00:00:00,2026-03-24 12:29:03,,"Торговый Дом Морозова (ООО ""ТДМ"")","117405, г. Москва, г. Москва, ул. Дорожная, д."," 60Б, этаж 6, оф. 647",,,,,Феденькова Д.Ю.,,,,100,,,ЭКС-000005836   ,,,,,O00000008400    ,,,2,1,120.00000,,10.56000,КГ,46400.00000,,2209680.00000,900,2026-03-24 00:00:00,N,900,2026-03-24 00:00:00,N,7724417909,772401001,Адресный СКЛАД РЦ (WMS),ЭКС-000007337   ,,,0.00000,0.00000,a.manokhin,RTH_UpdateHeader,2026-03-24 12:29:03,N,,,,,,,,,,,,,,,2026-03-24 11:04:41,2026-03-24 11:04:41,2026-03-24 11:21:34,306436,ILSSRV,2026-03-24 10:20:35,,,7fafdca0-c51c-49c1-bc19-a1a27e54664c
321227,WH1,ЭКС,EKS000005837,СП,Закупка,2026-03-27 00:00:00,2026-03-24 12:43:43,,"Торговый Дом Морозова (ООО ""ТДМ"")","117405, г. Москва, г. Москва, ул. Дорожная, д."," 60Б, этаж 6, оф. 647",,,,,Феденькова Д.Ю.,,,,100,,,ЭКС-000005837   ,,,,,O00000008397    ,,,9,9,297.00000,,47.51000,,90767.87500,,3869418.44000,900,2026-03-24 00:00:00,N,900,2026-03-24 00:00:00,N,7724417909,772401001,Адресный СКЛАД РЦ (WMS),ЭКС-000007334   ,,,0.00000,0.00000,a.manokhin,RTH_UpdateHeader,2026-03-24 12:43:43,N,,,,,,,,,,,,,,,2026-03-24 11:21:00,2026-03-24 11:21:00,2026-03-24 12:04:08,306437,ILSSRV,2026-03-24 10:21:36,,,d7d08b2d-8115-4f91-8837-f6965464963e
321228,WH1,ЭКС,EKS000005838,СП,Закупка,2026-03-24 00:00:00,2026-03-24 12:37:41,,ИН ХОУМ  ООО,"690025, Приморский край, Владивосток, Успенского"," ул., дом "" 62, офис 3",,,,,Косова Т.В.,,,,100,,,ЭКС-000005838   ,,,,,O00000008480    ,,,12,12,190.00000,,79.88000,,388240.00000,,951048.97000,900,2026-03-24 00:00:00,N,900,2026-03-24 00:00:00,N,2543143037,540445001,Адресный СКЛАД РЦ (WMS),ЭКС-000007414   ,,,0.00000,0.00000,a.savitskiy,RTH_UpdateHeader,2026-03-24 12:37:41,N,,,,,,,,,,,,,,,2026-03-24 11:05:22,2026-03-24 11:05:22,2026-03-24 11:20:38,306438,ILSSRV,2026-03-24 10:24:33,,,1fdacfba-0571-4073-a58e-b4cfa2a0e05f
321229,WH1,ЭКС,EKS000005839,СП,Закупка,2026-03-24 00:00:00,2026-03-24 12:15:39,,Приборы Охраны ООО,"630108,РФ,г.Новосибирск, ул. Пархоменко, 7",,,,,,Самоличенко В.А.,,,,100,,,ЭКС-000005839   ,,,,,O00000008626    ,,,1,1,1.00000,,0.30000,КГ,1955.00000,,28888.52000,900,2026-03-24 00:00:00,N,900,2026-03-24 00:00:00,N,5404353096,540401001,Адресный СКЛАД РЦ (WMS),ЭКС-000007536   ,,,0.00000,0.00000,a.savitskiy,RTH_UpdateHeader,2026-03-24 12:15:39,N,,,,,,,,,,,,,,,2026-03-24 11:44:47,2026-03-24 11:44:47,2026-03-24 11:44:47,306439,ILSSRV,2026-03-24 10:49:35,,,f3853e50-a959-4990-bfbd-8f9bb071fef1
321230,WH1,ЭКС,EKS000005840,СП,Закупка,2026-03-24 00:00:00,2026-03-24 12:32:45,,Приборы Охраны ООО,"630108,РФ,г.Новосибирск, ул. Пархоменко, 7",,,,,,Самоличенко В.А.,,,,100,,,ЭКС-000005840   ,,,,,O00000008627    ,,,7,6,48.00000,,86.02000,КГ,213496.12500,,1300841.35000,900,2026-03-24 00:00:00,N,900,2026-03-24 00:00:00,N,5404353096,540401001,Адресный СКЛАД РЦ (WMS),ЭКС-000007538   ,,,0.00000,0.00000,a.savitskiy,RTH_UpdateHeader,2026-03-24 12:32:45,N,,,,,,,,,,,,,,,2026-03-24 11:39:38,2026-03-24 11:39:38,2026-03-24 11:44:21,306440,ILSSRV,2026-03-24 10:49:36,,,c6d58eab-3725-4384-9e69-7202f7ea3732
321231,WH1,ЭКС,EKS000005841,СП,Закупка,2026-03-24 00:00:00,2026-03-24 13:14:16,,ВТЛ  ООО (JAZZWAY),"192102, г. Санкт-Петербург, г. Санкт-Петербург,"," ул. Бухарестская, д. 22 к2, оф. лит Д",,,,,Косова Т.В.,,,,100,,,ЭКС-000005841   ,,,,,O00000008077    ,,,2,2,9.00000,,2.36000,КГ,18592.50000,,42782.02000,900,2026-03-24 00:00:00,N,900,2026-03-24 00:00:00,N,7816340170,781601001,Адресный СКЛАД РЦ (WMS),ЭКС-000006955   ,,,0.00000,0.00000,n.bezrukov,RTH_UpdateHeader,2026-03-24 13:14:16,N,,,,,,,,,,,,,,,2026-03-24 12:42:23,2026-03-24 12:42:23,2026-03-24 12:42:43,306441,ILSSRV,2026-03-24 10:58:37,,,dd72f407-22e4-4f78-9114-e3229d0c1ba9
321232,WH1,ЭКС,EKS000005842,СП,Закупка,2026-03-24 00:00:00,2026-03-24 12:56:35,,ВТЛ  ООО (JAZZWAY),"192102, г. Санкт-Петербург, г. Санкт-Петербург,"," ул. Бухарестская, д. 22 к2, оф. лит Д",,,,,Косова Т.В.,,,,100,,,ЭКС-000005842   ,,,,,O00000008082    ,,,50,44,6302.00000,,612.05500,КГ,3997404.40000,,117569157.53000,900,2026-03-24 00:00:00,N,900,2026-03-24 00:00:00,N,7816340170,781601001,Адресный СКЛАД РЦ (WMS),ЭКС-000006959   ,,,0.00000,0.00000,n.bezrukov,RTH_UpdateHeader,2026-03-24 12:56:35,N,,,,,,,,,,,,,,,2026-03-24 11:06:38,2026-03-24 11:06:38,2026-03-24 12:41:36,306442,ILSSRV,2026-03-24 10:59:56,,,72f9e4f7-8a9d-4f71-acb4-148c4b67d79f
321233,WH1,ЭКС,EKS000005843,СП,Закупка,2026-03-24 00:00:00,2026-03-24 13:14:41,,ВТЛ  ООО (JAZZWAY),"192102, г. Санкт-Петербург, г. Санкт-Петербург,"," ул. Бухарестская, д. 22 к2, оф. лит Д",,,,,Косова Т.В.,,,,100,,,ЭКС-000005843   ,,,,,O00000008079    ,,,1,1,40.00000,,4.00000,КГ,16560.00000,,169584.00000,900,2026-03-24 00:00:00,N,900,2026-03-24 00:00:00,N,7816340170,781601001,Адресный СКЛАД РЦ (WMS),ЭКС-000006958   ,,,0.00000,0.00000,n.bezrukov,RTH_UpdateHeader,2026-03-24 13:14:41,N,,,,,,,,,,,,,,,2026-03-24 12:44:25,2026-03-24 12:44:25,2026-03-24 12:44:25,306443,ILSSRV,2026-03-24 10:59:57,,,dd72f407-22e4-4f78-9114-e3229d0c1ba9
321234,WH1,ЭКС,EKS000005844,СП,Закупка,2026-03-24 00:00:00,2026-03-24 12:54:57,,ВТЛ  ООО (JAZZWAY),"192102, г. Санкт-Петербург, г. Санкт-Петербург,"," ул. Бухарестская, д. 22 к2, оф. лит Д",,,,,Косова Т.В.,,,,100,,,ЭКС-000005844   ,,,,,O00000008078    ,,,3,3,420.00000,,143.10000,КГ,784480.00000,,48294756.00000,900,2026-03-24 00:00:00,N,900,2026-03-24 00:00:00,N,7816340170,781601001,Адресный СКЛАД РЦ (WMS),ЭКС-000006957   ,,,0.00000,0.00000,n.bezrukov,RTH_UpdateHeader,2026-03-24 12:54:57,N,,,,,,,,,,,,,,,2026-03-24 11:12:02,2026-03-24 11:12:02,2026-03-24 12:49:21,306444,ILSSRV,2026-03-24 10:59:58,,,72f9e4f7-8a9d-4f71-acb4-148c4b67d79f
321235,WH1,ЭКС,EKS000005845,СП,Закупка,2026-03-24 00:00:00,2026-03-24 13:15:57,,ВТЛ  ООО (JAZZWAY),"192102, г. Санкт-Петербург, г. Санкт-Петербург,"," ул. Бухарестская, д. 22 к2, оф. лит Д",,,,,Косова Т.В.,,,,100,,,ЭКС-000005845   ,,,,,O00000008040    ,,,2,2,107.00000,,51.40000,КГ,1081890.00000,,9877071.21000,900,2026-03-24 00:00:00,N,900,2026-03-24 00:00:00,N,7816340170,781601001,Адресный СКЛАД РЦ (WMS),ЭКС-000006954   ,,,0.00000,0.00000,n.bezrukov,RTH_UpdateHeader,2026-03-24 13:15:57,N,,,,,,,,,,,,,,,2026-03-24 12:21:48,2026-03-24 12:21:48,2026-03-24 12:45:50,306445,ILSSRV,2026-03-24 10:59:59,,,2c2804f3-7167-494a-8b99-84d1d918c977
321236,WH1,ЭКС,EKS000005846,СП,Закупка,2026-03-24 00:00:00,2026-03-24 12:52:08,,ВТЛ  ООО (JAZZWAY),"192102, г. Санкт-Петербург, г. Санкт-Петербург,"," ул. Бухарестская, д. 22 к2, оф. лит Д",,,,,Косова Т.В.,,,,100,,,ЭКС-000005846   ,,,,,O00000008039    ,,,1,1,10.00000,,8.00000,КГ,14400.00000,,56103.00000,900,2026-03-24 00:00:00,N,900,2026-03-24 00:00:00,N,7816340170,781601001,Адресный СКЛАД РЦ (WMS),ЭКС-000006953   ,,,0.00000,0.00000,n.bezrukov,RTH_UpdateHeader,2026-03-24 12:52:08,N,,,,,,,,,,,,,,,2026-03-24 12:47:51,2026-03-24 12:47:51,2026-03-24 12:47:51,306446,ILSSRV,2026-03-24 11:00:37,,,1e497fd5-0417-4f72-b928-556edd52befe
321237,WH1,ЭКС,EKS000005847,СП,Закупка,2026-03-24 00:00:00,2026-03-24 13:29:21,,ВТЛ  ООО (JAZZWAY),"192102, г. Санкт-Петербург, г. Санкт-Петербург,"," ул. Бухарестская, д. 22 к2, оф. лит Д",,,,,Косова Т.В.,,,,100,,,ЭКС-000005847   ,,,,,O00000008038    ,,,6,6,1062.00000,,64.40000,КГ,200539.00000,,27749155.52000,900,2026-03-24 00:00:00,N,900,2026-03-24 00:00:00,N,7816340170,781601001,Адресный СКЛАД РЦ (WMS),ЭКС-000006952   ,,,0.00000,0.00000,n.bezrukov,RTH_UpdateHeader,2026-03-24 13:29:21,N,,,,,,,,,,,,,,,2026-03-24 11:07:43,2026-03-24 11:07:43,2026-03-24 12:46:28,306447,ILSSRV,2026-03-24 11:00:39,,,f8b49aca-62c6-46ef-8439-7c8defc86902
321238,WH1,ЭКС,EKS000005848,СП,Закупка,2026-03-24 00:00:00,2026-03-24 13:11:31,,ВТЛ  ООО (JAZZWAY),"192102, г. Санкт-Петербург, г. Санкт-Петербург,"," ул. Бухарестская, д. 22 к2, оф. лит Д",,,,,Косова Т.В.,,,,100,,,ЭКС-000005848   ,,,,,O00000008018    ,,,1,1,3.00000,,0.18000,КГ,675.00000,,2809.71000,900,2026-03-24 00:00:00,N,900,2026-03-24 00:00:00,N,7816340170,781601001,Адресный СКЛАД РЦ (WMS),ЭКС-000006950   ,,,0.00000,0.00000,n.bezrukov,RTH_UpdateHeader,2026-03-24 13:11:31,N,,,,,,,,,,,,,,,2026-03-24 12:43:55,2026-03-24 12:43:55,2026-03-24 12:43:55,306448,ILSSRV,2026-03-24 11:00:39,,,86a16b7a-95b8-4f0d-8736-9bcad96f4894
321239,WH1,ЭКС,EKS000005849,СП,Закупка,2026-03-24 00:00:00,2026-03-24 13:26:50,,ВТЛ  ООО (JAZZWAY),"192102, г. Санкт-Петербург, г. Санкт-Петербург,"," ул. Бухарестская, д. 22 к2, оф. лит Д",,,,,Косова Т.В.,,,,100,,,ЭКС-000005849   ,,,,,O00000008015    ,,,1,1,4.00000,,1.12000,КГ,2740.50000,,13217.92000,900,2026-03-24 00:00:00,N,900,2026-03-24 00:00:00,N,7816340170,781601001,Адресный СКЛАД РЦ (WMS),ЭКС-000006949   ,,,0.00000,0.00000,n.bezrukov,RTH_UpdateHeader,2026-03-24 13:26:50,N,,,,,,,,,,,,,,,2026-03-24 12:47:00,2026-03-24 12:47:00,2026-03-24 12:47:00,306449,ILSSRV,2026-03-24 11:00:39,,,27c13817-6ce0-4e76-bc63-4e64494fea7b
321240,WH1,ЭКС,EKS000005850,СП,Закупка,2026-03-24 00:00:00,2026-03-24 13:26:43,,ВТЛ  ООО (JAZZWAY),"192102, г. Санкт-Петербург, г. Санкт-Петербург,"," ул. Бухарестская, д. 22 к2, оф. лит Д",,,,,Косова Т.В.,,,,100,,,ЭКС-000005850   ,,,,,O00000008013    ,,,1,1,4.00000,,1.12000,КГ,2740.50000,,13217.92000,900,2026-03-24 00:00:00,N,900,2026-03-24 00:00:00,N,7816340170,781601001,Адресный СКЛАД РЦ (WMS),ЭКС-000006948   ,,,0.00000,0.00000,n.bezrukov,RTH_UpdateHeader,2026-03-24 13:26:43,N,,,,,,,,,,,,,,,2026-03-24 12:47:28,2026-03-24 12:47:28,2026-03-24 12:47:29,306450,ILSSRV,2026-03-24 11:00:40,,,d4fae356-a563-4741-8bf1-0cb5becaaaa1
321241,WH1,ЭКС,EKS000005851,СП,Закупка,2026-03-24 00:00:00,2026-03-24 13:25:22,,ВТЛ  ООО (JAZZWAY),"192102, г. Санкт-Петербург, г. Санкт-Петербург,"," ул. Бухарестская, д. 22 к2, оф. лит Д",,,,,Косова Т.В.,,,,100,,,ЭКС-000005851   ,,,,,O00000008005    ,,,2,2,17.00000,,1.15000,КГ,1620.00000,,82372.25000,900,2026-03-24 00:00:00,N,900,2026-03-24 00:00:00,N,7816340170,781601001,Адресный СКЛАД РЦ (WMS),ЭКС-000006947   ,,,0.00000,0.00000,n.bezrukov,RTH_UpdateHeader,2026-03-24 13:25:22,N,,,,,,,,,,,,,,,2026-03-24 12:44:51,2026-03-24 12:44:51,2026-03-24 12:45:25,306451,ILSSRV,2026-03-24 11:01:38,,,d4fae356-a563-4741-8bf1-0cb5becaaaa1
321242,WH1,ЭКС,EKS000005852,СП,Закупка,2026-03-24 00:00:00,2026-03-24 11:21:30,,ВТЛ  ООО (JAZZWAY),"192102, г. Санкт-Петербург, г. Санкт-Петербург,"," ул. Бухарестская, д. 22 к2, оф. лит Д",,,,,Косова Т.В.,,,,100,,,ЭКС-000005852   ,,,,,O00000008032    ,,,1,1,1.00000,,3.70000,КГ,17850.00000,,9912.62000,900,2026-03-24 00:00:00,N,900,2026-03-24 00:00:00,N,7816340170,781601001,Адресный СКЛАД РЦ (WMS),ЭКС-000006951   ,,,0.00000,0.00000,n.bezrukov,RTH_UpdateHeader,2026-03-24 11:21:30,N,,,,,,,,,,,,,,,2026-03-24 11:10:51,2026-03-24 11:10:51,2026-03-24 11:10:51,306452,ILSSRV,2026-03-24 11:01:38,,,d3aa8dbf-10eb-4a9f-b83d-4dd480663d83
321243,WH1,ЭКС,EKS000005853,СП,Закупка,2026-03-24 00:00:00,2026-03-24 12:12:32,,"ООО ""ВЕКТОР ЭНЕРДЖИ""","109544, Город Москва, вн.тер.г. муниципальный"," округ Таганский, ул Большая Андроньевская, д. 17",", ком. 523, этаж 5,",,,,Иваненко П.В.,,,,100,,,ЭКС-000005853   ,,,,,O00000008580    ,,,1,1,2.00000,,85.60000,,53650.00000,,74727.88000,900,2026-03-24 00:00:00,N,900,2026-03-24 00:00:00,N,9709079335,770901001,Адресный СКЛАД РЦ (WMS),ЭКС-000007485   ,,,0.00000,0.00000,a.savitskiy,RTH_UpdateHeader,2026-03-24 12:12:32,N,,,,,,,,,,,,,,,2026-03-24 11:26:16,2026-03-24 11:26:16,2026-03-24 11:26:16,306453,ILSSRV,2026-03-24 11:21:36,,,4c04843b-27d6-4aad-bcd1-8b8e47a14c83
321244,WH1,ЭКС,EKS000005854,СП,Возврат-Филиал,2026-03-24 00:00:00,2026-03-24 18:32:59,,И. ЭЛЕКТРОКОМПЛЕКТСЕРВИС ЗАО (Ипподромская),"630005, Новосибирская область, г. Новосибирск,"," ул. Гоголя, д. 23, оф. 5",,,,,Новоселов А.В.,,,,100,,,ЭКС-000005854   ,,,,,,,,32,31,73.00000,,91.93000,КГ,465369.00000,,193688.08000,900,2026-03-24 00:00:00,N,100,2026-03-24 00:00:00,N,5407159273,540445007,Адресный СКЛАД РЦ (WMS),ЭКС-000005932   ,,,0.00000,0.00000,a.habibov,RTH_UpdateHeader,2026-03-24 18:32:59,N,,,,,,,,,,,,,,,2026-03-24 11:38:25,2026-03-24 11:38:25,,306454,ILSSRV,2026-03-24 11:32:49,,,2a7da5b8-9312-4886-9cf7-528093ff0707
321245,WH1,ЭКС,EKS000005855,СП,Возврат-Филиал,2026-03-24 00:00:00,2026-03-24 18:33:14,,И. ЭЛЕКТРОКОМПЛЕКТСЕРВИС ЗАО (Ипподромская),"630005, Новосибирская область, г. Новосибирск,"," ул. Гоголя, д. 23, оф. 5",,,,,Новоселов А.В.,,,,100,,,ЭКС-000005855   ,,,,,,,,0,3,5.00000,,1.70000,КГ,2770.00000,,9325.31000,100,2026-03-24 00:00:00,N,100,2026-03-24 00:00:00,N,5407159273,540445007,Адресный СКЛАД РЦ (WMS),ЭКС-000005933   ,,,0.00000,0.00000,a.habibov,166e7655-9a36-4259-af63-2592a0b098f8,2026-03-24 18:33:14,N,,,,,,,,,,,,,,,,,,306455,ILSSRV,2026-03-24 11:32:53,,,cb5f54ef-2c17-4737-a4c4-d8d8744bdb23
321246,WH1,ЭКС,EKS000005856,СП,Закупка,2026-03-24 00:00:00,2026-03-24 13:28:21,,ЗЭТА АО,"630501, Новосибирская обл, Новосибирский р-н,"," Краснообск рп, Восточная ул, дом № 4/1, офис 1",0,,,,Княжева Ю.В.,,,,100,,,ЭКС-000005856   ,,,,,O00000008616    ,,,37,31,8568.00000,,442.25000,,1910632.00000,,39228340.78000,900,2026-03-24 00:00:00,N,900,2026-03-24 00:00:00,N,5405340660,540345003,Адресный СКЛАД РЦ (WMS),ЭКС-000007532   ,,,0.00000,0.00000,a.savitskiy,RTH_UpdateHeader,2026-03-24 13:28:21,N,,,,,,,,,,,,,,,2026-03-24 11:59:08,2026-03-24 11:59:08,2026-03-24 12:52:29,306456,ILSSRV,2026-03-24 11:55:47,,,27c13817-6ce0-4e76-bc63-4e64494fea7b
321247,WH1,ЭКС,EKS000005857,СП,Закупка,2026-03-24 00:00:00,2026-03-24 12:39:43,,Сила тока ООО,"630112, Новосибирск, Ипподромская, д. 30, кв. 84",,,,,,Иваненко П.В.,,,,100,,,ЭКС-000005857   ,,,,,O00000008636    ,Алексеев Евгений Эдуардов,,1,1,2.00000,,8.76000,,25088.00000,,19285.80000,900,2026-03-24 00:00:00,N,900,2026-03-24 00:00:00,N,5406844445,540601001,Адресный СКЛАД РЦ (WMS),ЭКС-000007489   ,,,0.00000,0.00000,a.manokhin,RTH_UpdateHeader,2026-03-24 12:39:43,N,,,,,,,,,,,,,,,2026-03-24 12:28:52,2026-03-24 12:28:52,2026-03-24 12:28:52,306457,ILSSRV,2026-03-24 12:22:44,,,e8a4e0fa-4a33-4e08-924c-99b8511fb8d0
321248,WH1,ЭКС,EKS000005858,СП,Закупка,2026-03-24 00:00:00,2026-03-24 13:02:24,,ТПК ДЕКО ООО ,"630007, Новосибирская область, г. Новосибирск,"," ул. Кривощековская, д. 1, оф. 313",,,,,Лангеман Э.Г.,,,,100,,,ЭКС-000005858   ,,,,,O00000008657    ,,,2,1,9.00000,,11.00000,КГ,208661.50000,,218766.42000,900,2026-03-24 00:00:00,N,900,2026-03-24 00:00:00,N,5406603947,540601001,Адресный СКЛАД РЦ (WMS),ЭКС-000007580   ,,,0.00000,0.00000,a.manokhin,RTH_UpdateHeader,2026-03-24 13:02:24,N,,,,,,,,,,,,,,,2026-03-24 12:54:59,2026-03-24 12:54:59,2026-03-24 12:57:09,306458,ILSSRV,2026-03-24 12:52:45,,,79be62a5-24e6-43c4-9b33-8ffc4b003b76
321249,WH1,ЭКС,EKS000005859,СП,Закупка,2026-03-24 00:00:00,2026-03-24 13:03:01,,ТПК ДЕКО ООО ,"630007, Новосибирская область, г. Новосибирск,"," ул. Кривощековская, д. 1, оф. 313",,,,,Колупаев В.Г.,,,,100,,,ЭКС-000005859   ,,,,,O00000008658    ,,,1,1,1.00000,,1.60000,КГ,11781.00000,,4418.03000,900,2026-03-24 00:00:00,N,900,2026-03-24 00:00:00,N,5406603947,540601001,Адресный СКЛАД РЦ (WMS),ЭКС-000007581   ,,,0.00000,0.00000,a.manokhin,RTH_UpdateHeader,2026-03-24 13:03:01,N,,,,,,,,,,,,,,,2026-03-24 12:55:14,2026-03-24 12:55:14,2026-03-24 12:55:15,306459,ILSSRV,2026-03-24 12:52:45,,,fe3f0a9f-4a93-452d-9e46-841047b6b2c6
321250,WH1,ЭКС,EKS000005860,СП,Закупка,2026-03-24 00:00:00,2026-03-24 13:05:06,,ТПК ДЕКО ООО ,"630007, Новосибирская область, г. Новосибирск,"," ул. Кривощековская, д. 1, оф. 313",,,,,Лангеман Э.Г.,,,,100,,,ЭКС-000005860   ,,,,,O00000008664    ,,,1,1,25.00000,,20.00000,КГ,461160.00000,,1970287.50000,900,2026-03-24 00:00:00,N,900,2026-03-24 00:00:00,N,5406603947,540601001,Адресный СКЛАД РЦ (WMS),ЭКС-000007582   ,,,0.00000,0.00000,a.manokhin,RTH_UpdateHeader,2026-03-24 13:05:06,N,,,,,,,,,,,,,,,2026-03-24 13:02:54,2026-03-24 13:02:54,2026-03-24 13:02:54,306460,ILSSRV,2026-03-24 12:52:45,,,a32249c8-b69d-437e-905d-08ff457c40f9
321251,WH1,ЭКС,EKS000005861,СП,Закупка,2026-03-24 00:00:00,2026-03-24 12:59:22,,ТПК ДЕКО ООО ,"630007, Новосибирская область, г. Новосибирск,"," ул. Кривощековская, д. 1, оф. 313",,,,,Лангеман Э.Г.,,,,100,,,ЭКС-000005861   ,,,,,O00000008671    ,,,1,1,15.00000,,24.00000,КГ,237600.00000,,295026.75000,900,2026-03-24 00:00:00,N,900,2026-03-24 00:00:00,N,5406603947,540601001,Адресный СКЛАД РЦ (WMS),ЭКС-000007583   ,,,0.00000,0.00000,a.manokhin,RTH_UpdateHeader,2026-03-24 12:59:22,N,,,,,,,,,,,,,,,2026-03-24 12:55:46,2026-03-24 12:55:46,2026-03-24 12:55:46,306461,ILSSRV,2026-03-24 12:52:46,,,bc2a889d-bc43-44fd-aa79-675402378b52
321252,WH1,ЭКС,TR-24/03/2026-02,ТР,транзит,2026-03-24 00:00:00,2026-03-24 13:19:29,рц,Барнаул,,,,,,,,,,,0,,,,,,,,,,,1,1,1.00000,,1.00000,,1.00000,,0.00000,900,2026-03-24 00:00:00,N,900,2026-03-24 00:00:00,N,,,,,,,0.00000,0.00000,r.sagaidak,RTH_UpdateHeader,2026-03-24 13:19:29,Y,рц,,,,,,,,Барнаул,,,,,,2026-03-24 13:08:54,2026-03-24 13:08:54,2026-03-24 13:08:55,,r.sagaidak,2026-03-24 13:05:38,,,424e2fa0-5b54-467b-981b-8f7b883442bc
321253,WH1,ЭКС,TR-24/03/2026-03,ТР,транзит,2026-03-24 00:00:00,2026-03-24 13:19:16,рц,Ипподромская,,,,,,,,,,,0,,,,,,,,,,,1,1,1.00000,,1.00000,,1.00000,,0.00000,900,2026-03-24 00:00:00,N,900,2026-03-24 00:00:00,N,,,,,,,0.00000,0.00000,r.sagaidak,RTH_UpdateHeader,2026-03-24 13:19:16,Y,рц,,,,,,,,Ипподромская,,,,,,2026-03-24 13:08:59,2026-03-24 13:08:59,2026-03-24 13:09:00,,r.sagaidak,2026-03-24 13:06:40,,,424e2fa0-5b54-467b-981b-8f7b883442bc
321255,WH1,ЭКС,EKS000005863,СП,Закупка,2026-03-24 00:00:00,2026-03-24 13:39:39,,Спецавтоматика ООО,"129347, г. Москва, улица Егора Абакумова, д.10,", корп.2,,,,,Иваненко П.В.,,,,100,,,ЭКС-000005863   ,,,,,O00000008514    ,,,2,2,3.00000,,50.60000,КГ,76800.00000,,81225.34000,900,2026-03-24 00:00:00,N,900,2026-03-24 00:00:00,N,7716571953,771601001,Адресный СКЛАД РЦ (WMS),ЭКС-000007437   ,,,0.00000,0.00000,a.manokhin,RTH_UpdateHeader,2026-03-24 13:39:39,N,,,,,,,,,,,,,,,2026-03-24 13:22:46,2026-03-24 13:22:46,2026-03-24 13:23:41,306463,ILSSRV,2026-03-24 13:15:50,,,52429bd9-699c-4a12-a01a-32d524ec4cc1
321256,WH1,ЭКС,EKS000005864,СП,Закупка,2026-03-24 00:00:00,2026-03-24 13:36:00,,Спецавтоматика ООО,"129347, г. Москва, улица Егора Абакумова, д.10,", корп.2,,,,,Третьяков С.М.,,,,100,,,ЭКС-000005864   ,,,,,O00000008517    ,,,1,1,1.00000,,18.60000,КГ,38269.12500,,17714.43000,900,2026-03-24 00:00:00,N,900,2026-03-24 00:00:00,N,7716571953,771601001,Адресный СКЛАД РЦ (WMS),ЭКС-000007439   ,,,0.00000,0.00000,a.manokhin,RTH_UpdateHeader,2026-03-24 13:36:00,N,,,,,,,,,,,,,,,2026-03-24 13:23:15,2026-03-24 13:23:15,2026-03-24 13:23:16,306464,ILSSRV,2026-03-24 13:15:50,,,024fc427-20b3-4990-b29d-17f145e359a8
321257,WH1,ЭКС,EKS000005865,СП,Закупка,2026-03-24 00:00:00,2026-03-24 13:38:08,,МИР ИНСТРУМЕНТА ООО,"142700, Московская область, г. Видное, ул."," Радиальная 3-я, д. 8, помещ. 1-Н, комн 2",,,,,Петров И.В.,,,,100,,,ЭКС-000005865   ,,,,,O00000008620    ,,,5,5,10.00000,,14.96000,,83233.00000,,35400.02000,900,2026-03-24 00:00:00,N,900,2026-03-24 00:00:00,N,7722537534,774950001,Адресный СКЛАД РЦ (WMS),ЭКС-000007535   ,,,0.00000,0.00000,a.manokhin,RTH_UpdateHeader,2026-03-24 13:38:08,N,,,,,,,,,,,,,,,2026-03-24 13:25:15,2026-03-24 13:25:15,2026-03-24 13:28:26,306465,ILSSRV,2026-03-24 13:16:51,,,3e85d7ae-87fc-4c06-ac86-ef02070510bb
321258,WH1,ЭКС,EKS000005866,СП,Закупка,2026-03-24 00:00:00,2026-03-24 14:47:17,,ИЭК ХОЛДИНГ АО,"142100, Московская область, г Подольск, пр-кт","Ленина, д. 107/49, офис 457",,,,,Шаповалов П.Г.,,,,0,,,ЭКС-000005866,,,,,O00000008640,,,39,34,7638.00000,,607.29000,,2367072.00000,,393690670.20000,900,2026-03-24 00:00:00,N,900,2026-03-24 00:00:00,N,5074092485,507401001,Адресный СКЛАД РЦ (WMS),ЭКС-000007559,,,0.00000,0.00000,n.bezrukov,RTH_UpdateHeader,2026-03-24 14:47:17,N,,,,,,,,,,,,,,,2026-03-24 13:45:21,2026-03-24 13:45:21,2026-03-24 14:20:52,306466,ILSSRV,2026-03-24 13:23:55,,,066f73e0-5f98-40d3-9b86-e107b3d6208d
321259,WH1,ЭКС,EKS000005867,СП,Закупка,2026-03-24 00:00:00,2026-03-24 14:38:43,,ИЭК ХОЛДИНГ АО,"142100, Московская область, г Подольск, пр-кт"," Ленина, д. 107/49, офис 457",,,,,Шаповалов П.Г.,,,,100,,,ЭКС-000005867   ,,,,,O00000008643    ,,,30,28,471.00000,,224.58600,,1199768.93500,,9235379.95000,900,2026-03-24 00:00:00,N,900,2026-03-24 00:00:00,N,5074092485,507401001,Адресный СКЛАД РЦ (WMS),ЭКС-000007560   ,,,0.00000,0.00000,n.bezrukov,RTH_UpdateHeader,2026-03-24 14:38:43,N,,,,,,,,,,,,,,,2026-03-24 13:43:45,2026-03-24 13:43:45,2026-03-24 14:26:35,306467,ILSSRV,2026-03-24 13:24:02,,,87ea8eb4-1989-4004-a9a6-02393a754d1b
321260,WH1,ЭКС,EKS000005868,СП,Закупка,2026-03-24 00:00:00,2026-03-24 15:53:56,,ИЭК ХОЛДИНГ АО,"142100, Московская область, г Подольск, пр-кт"," Ленина, д. 107/49, офис 457",,,,,Шаповалов П.Г.,,,,100,,,ЭКС-000005868   ,,,,,O00000008644    ,,,14,13,2202.00000,,576.23800,КГ,2076516.75000,,42788406.44000,900,2026-03-24 00:00:00,N,900,2026-03-24 00:00:00,N,5074092485,507401001,Адресный СКЛАД РЦ (WMS),ЭКС-000007561   ,,,0.00000,0.00000,n.bezrukov,RTH_UpdateHeader,2026-03-24 15:53:56,N,,,,,,,,,,,,,,,2026-03-24 13:58:49,2026-03-24 13:58:49,2026-03-24 14:22:03,306468,ILSSRV,2026-03-24 13:24:06,,,1e9fb611-fad4-4e24-9261-b93696e2e047
321261,WH1,ЭКС,EKS000005869,СП,Закупка,2026-03-24 00:00:00,2026-03-24 14:39:16,,ЗУБР НСК ООО (Ювента),"635012 НСО, г. Новосибирск, с. Марусино, ул.", Строителей 1А,,,,,Петров И.В.,,,,100,,,ЭКС-000005869   ,,,,,O00000008698    ,,,3,3,32.00000,,10.14000,КГ,44688.00000,,41070.21000,900,2026-03-24 00:00:00,N,900,2026-03-24 00:00:00,N,5410138957,541001001,Адресный СКЛАД РЦ (WMS),ЭКС-000007621   ,,,0.00000,0.00000,a.manokhin,RTH_UpdateHeader,2026-03-24 14:39:16,N,,,,,,,,,,,,,,,2026-03-24 13:33:29,2026-03-24 13:33:29,2026-03-24 13:35:06,306469,ILSSRV,2026-03-24 13:31:48,,,62f1f551-ba52-4d0b-8d3f-4883c7b1dcc9
321263,WH1,ЭКС,EKS000005871,СП,Закупка,2026-03-24 00:00:00,2026-03-24 14:43:26,,Орион ООО   (ЭРА) новый (до 01/10/24- ВИП Маркет,"143003, Московская область, г.о. Одинцовский, г."," Одинцово, ул. Маршала Бирюзова, д. 12, оф. 10",6,,,,Косова Т.В.,,,,100,,,ЭКС-000005871   ,,,,,O00000008675    ,,,2,1,59.00000,,14.95000,КГ,15036.00000,,905060.00000,900,2026-03-24 00:00:00,N,900,2026-03-24 00:00:00,N,5032161850,503201001,Адресный СКЛАД РЦ (WMS),ЭКС-000007584   ,,,0.00000,0.00000,a.manokhin,RTH_UpdateHeader,2026-03-24 14:43:26,N,,,,,,,,,,,,,,,2026-03-24 13:49:10,2026-03-24 13:49:10,2026-03-24 13:51:09,306471,ILSSRV,2026-03-24 13:44:50,,,1f39ac14-7ea9-4845-b6d0-40a19e791224
321264,WH1,ЭКС,EKS000005872,СП,Закупка,2026-03-24 00:00:00,2026-03-24 14:41:50,,Орион ООО   (ЭРА) новый (до 01/10/24- ВИП Маркет,"143003, Московская область, г.о. Одинцовский, г."," Одинцово, ул. Маршала Бирюзова, д. 12, оф. 10",6,,,,Косова Т.В.,,,,100,,,ЭКС-000005872   ,,,,,O00000008676    ,,,2,1,20.00000,,0.83000,,3168.00000,,17800.00000,900,2026-03-24 00:00:00,N,900,2026-03-24 00:00:00,N,5032161850,503201001,Адресный СКЛАД РЦ (WMS),ЭКС-000007585   ,,,0.00000,0.00000,a.manokhin,RTH_UpdateHeader,2026-03-24 14:41:50,N,,,,,,,,,,,,,,,2026-03-24 13:53:33,2026-03-24 13:53:33,2026-03-24 13:53:44,306472,ILSSRV,2026-03-24 13:44:51,,,aea6a94f-fd48-4851-87f4-ad10732dbb94
321265,WH1,ЭКС,EKS000005873,СП,Закупка,2026-03-24 00:00:00,2026-03-24 14:50:42,,Орион ООО   (ЭРА) новый (до 01/10/24- ВИП Маркет,"143003, Московская область, г.о. Одинцовский, г."," Одинцово, ул. Маршала Бирюзова, д. 12, оф. 10",6,,,,Косова Т.В.,,,,100,,,ЭКС-000005873   ,,,,,O00000008678    ,,,3,3,63.00000,,6.28000,КГ,3836.00000,,74958.00000,900,2026-03-24 00:00:00,N,900,2026-03-24 00:00:00,N,5032161850,503201001,Адресный СКЛАД РЦ (WMS),ЭКС-000007586   ,,,0.00000,0.00000,a.manokhin,RTH_UpdateHeader,2026-03-24 14:50:42,N,,,,,,,,,,,,,,,2026-03-24 13:54:29,2026-03-24 13:54:29,2026-03-24 13:54:57,306473,ILSSRV,2026-03-24 13:44:51,,,bd60c93a-6ff2-42ec-9687-ee830a69dfc1
321266,WH1,ЭКС,EKS000005874,СП,Закупка,2026-03-24 00:00:00,2026-03-24 14:22:31,,Орион ООО   (ЭРА) новый (до 01/10/24- ВИП Маркет,"143003, Московская область, г.о. Одинцовский, г."," Одинцово, ул. Маршала Бирюзова, д. 12, оф. 10",6,,,,Косова Т.В.,,,,100,,,ЭКС-000005874   ,,,,,O00000008680    ,,,1,1,8.00000,,0.48000,КГ,1344.00000,,12896.00000,900,2026-03-24 00:00:00,N,900,2026-03-24 00:00:00,N,5032161850,503201001,Адресный СКЛАД РЦ (WMS),ЭКС-000007587   ,,,0.00000,0.00000,a.manokhin,RTH_UpdateHeader,2026-03-24 14:22:31,N,,,,,,,,,,,,,,,2026-03-24 13:50:36,2026-03-24 13:50:36,2026-03-24 13:50:36,306474,ILSSRV,2026-03-24 13:44:52,,,c01b9d5f-fdc6-4630-8af0-05a1a044f388
321267,WH1,ЭКС,EKS000005875,СП,Закупка,2026-03-24 00:00:00,2026-03-24 14:22:08,,Орион ООО   (ЭРА) новый (до 01/10/24- ВИП Маркет,"143003, Московская область, г.о. Одинцовский, г."," Одинцово, ул. Маршала Бирюзова, д. 12, оф. 10",6,,,,Косова Т.В.,,,,100,,,ЭКС-000005875   ,,,,,O00000008681    ,,,2,2,12.00000,,41.00000,КГ,384200.00000,,46364.00000,900,2026-03-24 00:00:00,N,900,2026-03-24 00:00:00,N,5032161850,503201001,Адресный СКЛАД РЦ (WMS),ЭКС-000007588   ,,,0.00000,0.00000,a.manokhin,RTH_UpdateHeader,2026-03-24 14:22:08,N,,,,,,,,,,,,,,,2026-03-24 13:48:48,2026-03-24 13:48:48,2026-03-24 13:49:45,306475,ILSSRV,2026-03-24 13:44:52,,,c01b9d5f-fdc6-4630-8af0-05a1a044f388
321268,WH1,ЭКС,EKS000005876,СП,Закупка,2026-03-24 00:00:00,2026-03-24 14:23:01,,Орион ООО   (ЭРА) новый (до 01/10/24- ВИП Маркет,"143003, Московская область, г.о. Одинцовский, г."," Одинцово, ул. Маршала Бирюзова, д. 12, оф. 10",6,,,,Косова Т.В.,,,,100,,,ЭКС-000005876   ,,,,,O00000008683    ,,,2,2,14.00000,,36.00000,КГ,184540.00000,,45496.00000,900,2026-03-24 00:00:00,N,900,2026-03-24 00:00:00,N,5032161850,503201001,Адресный СКЛАД РЦ (WMS),ЭКС-000007589   ,,,0.00000,0.00000,a.manokhin,RTH_UpdateHeader,2026-03-24 14:23:01,N,,,,,,,,,,,,,,,2026-03-24 13:48:07,2026-03-24 13:48:07,2026-03-24 13:50:12,306476,ILSSRV,2026-03-24 13:44:53,,,6673ab77-9aa3-4952-a7a8-10f7758b246b
321269,WH1,ЭКС,EKS000005877,СП,Закупка,2026-03-24 00:00:00,2026-03-24 14:00:32,,Орион ООО   (ЭРА) новый (до 01/10/24- ВИП Маркет,"143003, Московская область, г.о. Одинцовский, г."," Одинцово, ул. Маршала Бирюзова, д. 12, оф. 10",6,,,,Косова Т.В.,,,,100,,,ЭКС-000005877   ,,,,,O00000008685    ,,,1,1,10.00000,,4.40000,КГ,21000.00000,,21408.00000,900,2026-03-24 00:00:00,N,900,2026-03-24 00:00:00,N,5032161850,503201001,Адресный СКЛАД РЦ (WMS),ЭКС-000007590   ,,,0.00000,0.00000,a.manokhin,RTH_UpdateHeader,2026-03-24 14:00:32,N,,,,,,,,,,,,,,,2026-03-24 13:58:15,2026-03-24 13:58:15,2026-03-24 13:58:15,306477,ILSSRV,2026-03-24 13:45:51,,,45dbb752-bcf8-4a13-b33c-c4b99d7e3e60
321270,WH1,ЭКС,EKS000005878,СП,Закупка,2026-03-24 00:00:00,2026-03-24 14:13:24,,Орион ООО   (ЭРА) новый (до 01/10/24- ВИП Маркет,"143003, Московская область, г.о. Одинцовский, г."," Одинцово, ул. Маршала Бирюзова, д. 12, оф. 10",6,,,,Косова Т.В.,,,,100,,,ЭКС-000005878   ,,,,,O00000008687    ,,,2,2,301.00000,,143.55000,КГ,889200.00000,,20071003.00000,900,2026-03-24 00:00:00,N,900,2026-03-24 00:00:00,N,5032161850,503201001,Адресный СКЛАД РЦ (WMS),ЭКС-000007591   ,,,0.00000,0.00000,a.manokhin,RTH_UpdateHeader,2026-03-24 14:13:24,N,,,,,,,,,,,,,,,2026-03-24 13:57:00,2026-03-24 13:57:00,2026-03-24 13:58:50,306478,ILSSRV,2026-03-24 13:45:51,,,b7d7a092-619b-4bff-9cfa-53093c16f05a
321271,WH1,ЭКС,EKS000005879,СП,Закупка,2026-03-24 00:00:00,2026-03-24 15:35:04,,НЭМЗ ИНЖИНИРИНГ ООО,"630088, г. Новосибирск, ул. Петухова, 69, офис 1",,,,,,Новоселов А.В.,,,,100,,,ЭКС-000005879   ,,,,,O00000008653    ,,,1,1,20.00000,,28.80000,,13680.00000,,574428.00000,900,2026-03-24 00:00:00,N,900,2026-03-24 00:00:00,N,5403054262,540301001,Адресный СКЛАД РЦ (WMS),ЭКС-000007574   ,,,0.00000,0.00000,a.manokhin,RTH_UpdateHeader,2026-03-24 15:35:04,N,,,,,,,,,,,,,,,2026-03-24 14:20:14,2026-03-24 14:20:14,2026-03-24 14:20:15,306479,ILSSRV,2026-03-24 13:59:48,,,f13aa01e-792c-447f-be0a-6184372d7b45
321272,WH1,ЭКС,EKS000005880,СП,Закупка,2026-03-24 00:00:00,2026-03-24 14:29:26,,НЭМЗ ИНЖИНИРИНГ ООО,"630088, г. Новосибирск, ул. Петухова, 69, офис 1",,,,,,Иваненко П.В.,,,,100,,,ЭКС-000005880   ,,,,,O00000008654    ,,,2,2,5.00000,,210.00000,,1175312.00000,,909299.32000,900,2026-03-24 00:00:00,N,900,2026-03-24 00:00:00,N,5403054262,540301001,Адресный СКЛАД РЦ (WMS),ЭКС-000007575   ,,,0.00000,0.00000,a.manokhin,RTH_UpdateHeader,2026-03-24 14:29:26,N,,,,,,,,,,,,,,,2026-03-24 14:23:09,2026-03-24 14:23:09,2026-03-24 14:26:36,306480,ILSSRV,2026-03-24 13:59:49,,,40e789b4-7524-41aa-806d-da7fe44ad1ea
321274,WH1,ЭКС,EKS000005882,СП,Закупка,2026-03-25 00:00:00,2026-03-24 16:36:22,,Промрукав ООО,"109316, г. Москва, г. Москва, пр-кт."," Волгоградский, д. 35, оф. 510/5",,,,,Гилета О.В.,,,,100,,,ЭКС-000005882   ,,,,,O00000008665    ,,,2,1,1800.00000,,9.00000,КГ,49440.00000,,12571200.00000,900,2026-03-24 00:00:00,N,900,2026-03-24 00:00:00,N,7722467171,772201001,Адресный СКЛАД РЦ (WMS),ЭКС-000007594   ,,,0.00000,0.00000,a.savitskiy,RTH_UpdateHeader,2026-03-24 16:36:22,N,,,,,,,,,,,,,,,2026-03-24 15:24:25,2026-03-24 15:24:25,2026-03-24 15:55:23,306482,ILSSRV,2026-03-24 14:19:53,,,edf5ab03-69fa-433f-afb8-9eb591d6182a
321275,WH1,ЭКС,EKS000005883,СП,Закупка,2026-03-25 00:00:00,2026-03-24 15:37:51,,Промрукав ООО,"109316, г. Москва, г. Москва, пр-кт."," Волгоградский, д. 35, оф. 510/5",,,,,Гилета О.В.,,,,100,,,ЭКС-000005883   ,,,,,O00000008667    ,,,2,2,190.00000,,2.70000,КГ,16628.00000,,131301.00000,900,2026-03-24 00:00:00,N,900,2026-03-24 00:00:00,N,7722467171,772201001,Адресный СКЛАД РЦ (WMS),ЭКС-000007595   ,,,0.00000,0.00000,a.savitskiy,RTH_UpdateHeader,2026-03-24 15:37:51,N,,,,,,,,,,,,,,,2026-03-24 14:31:58,2026-03-24 14:31:58,2026-03-24 15:09:54,306483,ILSSRV,2026-03-24 14:19:53,,,7e4ebeec-8ab2-4bfd-96e2-356aab5b84f7
321276,WH1,ЭКС,EKS000005884,СП,Закупка,2026-03-25 00:00:00,2026-03-24 17:08:09,,Промрукав ООО,"109316, г. Москва, г. Москва, пр-кт."," Волгоградский, д. 35, оф. 510/5",,,,,Гилета О.В.,,,,100,,,ЭКС-000005884   ,,,,,O00000008670    ,,,1,1,912.00000,,59.22000,,343602.00000,,48108072.96000,900,2026-03-24 00:00:00,N,900,2026-03-24 00:00:00,N,7722467171,772201001,Адресный СКЛАД РЦ (WMS),ЭКС-000007596   ,,,0.00000,0.00000,a.savitskiy,RTH_UpdateHeader,2026-03-24 17:08:09,N,,,,,,,,,,,,,,,2026-03-24 15:37:55,2026-03-24 15:37:55,2026-03-24 15:37:55,306484,ILSSRV,2026-03-24 14:19:53,,,85e98ea0-159a-4c98-9294-7e35e03002bc
321277,WH1,ЭКС,EKS000005885,СП,Закупка,2026-03-25 00:00:00,2026-03-24 15:05:29,,Промрукав ООО,"109316, г. Москва, г. Москва, пр-кт."," Волгоградский, д. 35, оф. 510/5",,,,,Гилета О.В.,,,,100,,,ЭКС-000005885   ,,,,,O00000008672    ,,,1,1,1000.00000,,2.00000,КГ,12992.00000,,4460000.00000,900,2026-03-24 00:00:00,N,900,2026-03-24 00:00:00,N,7722467171,772201001,Адресный СКЛАД РЦ (WMS),ЭКС-000007597   ,,,0.00000,0.00000,a.savitskiy,RTH_UpdateHeader,2026-03-24 15:05:29,N,,,,,,,,,,,,,,,2026-03-24 14:37:23,2026-03-24 14:37:23,2026-03-24 14:37:23,306485,ILSSRV,2026-03-24 14:19:54,,,ec0db5bd-4baa-41c8-8950-d601f8fdd7a8
321278,WH1,ЭКС,EKS000005886,СП,Закупка,2026-03-25 00:00:00,2026-03-24 15:24:43,,Промрукав ООО,"109316, г. Москва, г. Москва, пр-кт."," Волгоградский, д. 35, оф. 510/5",,,,,Гилета О.В.,,,,100,,,ЭКС-000005886   ,,,,,O00000008674    ,,,1,1,700.00000,,0.63000,,4105.50000,,509600.00000,900,2026-03-24 00:00:00,N,900,2026-03-24 00:00:00,N,7722467171,772201001,Адресный СКЛАД РЦ (WMS),ЭКС-000007601   ,,,0.00000,0.00000,a.savitskiy,RTH_UpdateHeader,2026-03-24 15:24:43,N,,,,,,,,,,,,,,,2026-03-24 15:00:26,2026-03-24 15:00:26,2026-03-24 15:00:26,306486,ILSSRV,2026-03-24 14:19:54,,,d34020cc-7195-4979-800a-756d8e54cfe8
321279,WH1,ЭКС,EKS000005887,СП,Закупка,2026-03-25 00:00:00,2026-03-24 17:01:14,,Промрукав ООО,"109316, г. Москва, г. Москва, пр-кт."," Волгоградский, д. 35, оф. 510/5",,,,,Гилета О.В.,,,,100,,,ЭКС-000005887   ,,,,,O00000008677    ,,,19,11,15120.00000,,182.10000,КГ,1326607.50000,,277255012.00000,900,2026-03-24 00:00:00,N,900,2026-03-24 00:00:00,N,7722467171,772201001,Адресный СКЛАД РЦ (WMS),ЭКС-000007603   ,,,0.00000,0.00000,a.savitskiy,RTH_UpdateHeader,2026-03-24 17:01:14,N,,,,,,,,,,,,,,,2026-03-24 14:25:28,2026-03-24 14:25:28,2026-03-24 16:02:48,306487,ILSSRV,2026-03-24 14:19:57,,,c961a68f-2bc7-43e9-93ff-042517c68522
321280,WH1,ЭКС,EKS000005888,СП,Закупка,2026-03-25 00:00:00,2026-03-24 17:21:48,,Промрукав ООО,"109316, г. Москва, г. Москва, пр-кт."," Волгоградский, д. 35, оф. 510/5",,,,,Гилета О.В.,,,,100,,,ЭКС-000005888   ,,,,,O00000008679    ,,,2,2,1728.00000,,101.20000,КГ,702336.00000,,91607408.64000,900,2026-03-24 00:00:00,N,900,2026-03-24 00:00:00,N,7722467171,772201001,Адресный СКЛАД РЦ (WMS),ЭКС-000007605   ,,,0.00000,0.00000,a.savitskiy,RTH_UpdateHeader,2026-03-24 17:21:48,N,,,,,,,,,,,,,,,2026-03-24 15:41:16,2026-03-24 15:41:16,2026-03-24 15:48:21,306488,ILSSRV,2026-03-24 14:19:58,,,096a9c58-8da9-486f-b659-319b49a0b842
321281,WH1,ЭКС,EKS000005889,СП,Закупка,2026-03-25 00:00:00,2026-03-24 16:26:41,,Промрукав ООО,"109316, г. Москва, г. Москва, пр-кт."," Волгоградский, д. 35, оф. 510/5",,,,,Гилета О.В.,,,,100,,,ЭКС-000005889   ,,,,,O00000008682    ,,,8,6,3026.00000,,48.34000,КГ,172945.25000,,19717939.68000,900,2026-03-24 00:00:00,N,900,2026-03-24 00:00:00,N,7722467171,772201001,Адресный СКЛАД РЦ (WMS),ЭКС-000007607   ,,,0.00000,0.00000,a.savitskiy,RTH_UpdateHeader,2026-03-24 16:26:41,N,,,,,,,,,,,,,,,2026-03-24 14:33:23,2026-03-24 14:33:23,2026-03-24 15:56:22,306489,ILSSRV,2026-03-24 14:20:55,,,b4d48764-9257-4879-a0be-ccdb5bea050f
321282,WH1,ЭКС,EKS000005890,СП,Закупка,2026-03-25 00:00:00,2026-03-24 16:59:40,,Промрукав ООО,"109316, г. Москва, г. Москва, пр-кт."," Волгоградский, д. 35, оф. 510/5",,,,,Гилета О.В.,,,,100,,,ЭКС-000005890   ,,,,,O00000008684    ,,,6,6,755.00000,,34.90000,КГ,229200.00000,,2155934.50000,900,2026-03-24 00:00:00,N,900,2026-03-24 00:00:00,N,7722467171,772201001,Адресный СКЛАД РЦ (WMS),ЭКС-000007608   ,,,0.00000,0.00000,a.savitskiy,RTH_UpdateHeader,2026-03-24 16:59:40,N,,,,,,,,,,,,,,,2026-03-24 14:52:08,2026-03-24 14:52:08,2026-03-24 16:08:23,306490,ILSSRV,2026-03-24 14:20:56,,,3c5e3f58-fb3f-4ff8-af3d-e019d3a83e5b
321283,WH1,ЭКС,EKS000005891,СП,Закупка,2026-03-25 00:00:00,2026-03-24 15:37:16,,Промрукав ООО,"109316, г. Москва, г. Москва, пр-кт."," Волгоградский, д. 35, оф. 510/5",,,,,Гилета О.В.,,,,100,,,ЭКС-000005891   ,,,,,O00000008686    ,,,1,1,150.00000,,7.00000,КГ,9900.00000,,103725.00000,900,2026-03-24 00:00:00,N,900,2026-03-24 00:00:00,N,7722467171,772201001,Адресный СКЛАД РЦ (WMS),ЭКС-000007609   ,,,0.00000,0.00000,a.savitskiy,RTH_UpdateHeader,2026-03-24 15:37:16,N,,,,,,,,,,,,,,,2026-03-24 14:32:21,2026-03-24 14:32:21,2026-03-24 14:32:22,306491,ILSSRV,2026-03-24 14:20:57,,,7e4ebeec-8ab2-4bfd-96e2-356aab5b84f7
321284,WH1,ЭКС,EKS000005892,СП,Закупка,2026-03-25 00:00:00,2026-03-24 16:32:18,,Промрукав ООО,"109316, г. Москва, г. Москва, пр-кт."," Волгоградский, д. 35, оф. 510/5",,,,,Гилета О.В.,,,,100,,,ЭКС-000005892   ,,,,,O00000008688    ,,,5,3,1722.00000,,211.00000,КГ,1680896.00000,,97764829.20000,900,2026-03-24 00:00:00,N,900,2026-03-24 00:00:00,N,7722467171,772201001,Адресный СКЛАД РЦ (WMS),ЭКС-000007610   ,,,0.00000,0.00000,a.savitskiy,RTH_UpdateHeader,2026-03-24 16:32:18,N,,,,,,,,,,,,,,,2026-03-24 14:39:34,2026-03-24 14:39:34,2026-03-24 15:44:09,306492,ILSSRV,2026-03-24 14:20:57,,,ef5ead89-83de-4cb4-876d-e4f8512eb01b
321285,WH1,ЭКС,EKS000005893,СП,Закупка,2026-03-25 00:00:00,2026-03-24 16:35:53,,Промрукав ООО,"109316, г. Москва, г. Москва, пр-кт."," Волгоградский, д. 35, оф. 510/5",,,,,Гилета О.В.,,,,100,,,ЭКС-000005893   ,,,,,O00000008690    ,,,2,2,200.00000,,5.30000,КГ,45675.00000,,468700.00000,900,2026-03-24 00:00:00,N,900,2026-03-24 00:00:00,N,7722467171,772201001,Адресный СКЛАД РЦ (WMS),ЭКС-000007611   ,,,0.00000,0.00000,a.savitskiy,RTH_UpdateHeader,2026-03-24 16:35:53,N,,,,,,,,,,,,,,,2026-03-24 15:56:00,2026-03-24 15:56:00,2026-03-24 16:05:45,306493,ILSSRV,2026-03-24 14:20:58,,,edf5ab03-69fa-433f-afb8-9eb591d6182a
321286,WH1,ЭКС,EKS000005894,СП,Закупка,2026-03-25 00:00:00,2026-03-24 16:29:20,,Промрукав ООО,"109316, г. Москва, г. Москва, пр-кт."," Волгоградский, д. 35, оф. 510/5",,,,,Гилета О.В.,,,,100,,,ЭКС-000005894   ,,,,,O00000008691    ,,,1,1,200.00000,,4.44000,,55125.00000,,1250400.00000,900,2026-03-24 00:00:00,N,900,2026-03-24 00:00:00,N,7722467171,772201001,Адресный СКЛАД РЦ (WMS),ЭКС-000007612   ,,,0.00000,0.00000,a.savitskiy,RTH_UpdateHeader,2026-03-24 16:29:20,N,,,,,,,,,,,,,,,2026-03-24 15:47:43,2026-03-24 15:47:43,2026-03-24 15:47:43,306494,ILSSRV,2026-03-24 14:20:58,,,4c863b8c-dad1-452a-888f-c0375922731f
321287,WH1,ЭКС,EKS000005895,СП,Закупка,2026-03-25 00:00:00,2026-03-24 17:05:04,,Промрукав ООО,"109316, г. Москва, г. Москва, пр-кт."," Волгоградский, д. 35, оф. 510/5",,,,,Гилета О.В.,,,,100,,,ЭКС-000005895   ,,,,,O00000008692    ,,,1,1,450.00000,,18.00000,КГ,360000.00000,,3215700.00000,900,2026-03-24 00:00:00,N,900,2026-03-24 00:00:00,N,7722467171,772201001,Адресный СКЛАД РЦ (WMS),ЭКС-000007614   ,,,0.00000,0.00000,a.savitskiy,RTH_UpdateHeader,2026-03-24 17:05:04,N,,,,,,,,,,,,,,,2026-03-24 16:08:01,2026-03-24 16:08:01,2026-03-24 16:08:01,306495,ILSSRV,2026-03-24 14:20:59,,,a27b9ebe-1c70-4b20-b35a-746f5270b5fc
321288,WH1,ЭКС,EKS000005896,СП,Закупка,2026-03-25 00:00:00,2026-03-24 16:42:35,,Промрукав ООО,"109316, г. Москва, г. Москва, пр-кт."," Волгоградский, д. 35, оф. 510/5",,,,,Гилета О.В.,,,,100,,,ЭКС-000005896   ,,,,,O00000008693    ,,,4,4,580.00000,,19.90000,КГ,264748.00000,,1116958.00000,900,2026-03-24 00:00:00,N,900,2026-03-24 00:00:00,N,7722467171,772201001,Адресный СКЛАД РЦ (WMS),ЭКС-000007616   ,,,0.00000,0.00000,a.savitskiy,RTH_UpdateHeader,2026-03-24 16:42:35,N,,,,,,,,,,,,,,,2026-03-24 14:32:40,2026-03-24 14:32:40,2026-03-24 16:06:57,306496,ILSSRV,2026-03-24 14:21:00,,,146dc78c-42ac-4cc7-a72a-4ade65766eac
321289,WH1,ЭКС,EKS000005897,СП,Кросс-докинг,2026-03-25 00:00:00,2026-03-24 16:33:25,,Промрукав ООО,"109316, г. Москва, г. Москва, пр-кт."," Волгоградский, д. 35, оф. 510/5",,,,,Гилета О.В.,,,,100,,,ЭКС-000005897   ,,,,,O00000008668    ,Промрукав ООО,,1,1,105.00000,,9.00000,КГ,43616.00000,,395907.75000,900,2026-03-24 00:00:00,N,900,2026-03-24 00:00:00,N,7722467171,772201001,Адресный СКЛАД РЦ (WMS),ЭКС-000007613   ,,,0.00000,0.00000,a.savitskiy,RTH_UpdateHeader,2026-03-24 16:33:25,N,,,,,,,,,,,,,,,2026-03-24 15:43:40,2026-03-24 15:43:40,2026-03-24 15:43:40,306497,ILSSRV,2026-03-24 14:21:00,,,0b69a33a-cef9-4aa4-8000-d5d50d39e2c8
321290,WH1,ЭКС,EKS000005898,СП,Кросс-докинг,2026-03-25 00:00:00,2026-03-24 18:33:33,,Промрукав ООО,"109316, г. Москва, г. Москва, пр-кт."," Волгоградский, д. 35, оф. 510/5",,,,,Гилета О.В.,,,,100,,,ЭКС-000005898   ,,,,,O00000008666    ,Промрукав ООО,,0,1,800.00000,,56.00000,КГ,320000.00000,,21555200.00000,100,2026-03-24 00:00:00,N,100,2026-03-24 00:00:00,N,7722467171,772201001,Адресный СКЛАД РЦ (WMS),ЭКС-000007606   ,,,0.00000,0.00000,a.habibov,,2026-03-24 18:33:33,N,,,,,,,,,,,,,,,,,,306498,ILSSRV,2026-03-24 14:21:01,,,cb5f54ef-2c17-4737-a4c4-d8d8744bdb23
321291,WH1,ЭКС,EKS000005899,СП,Кросс-докинг,2026-03-25 00:00:00,2026-03-24 16:33:04,,Промрукав ООО,"109316, г. Москва, г. Москва, пр-кт."," Волгоградский, д. 35, оф. 510/5",,,,,Гилета О.В.,,,,100,,,ЭКС-000005899   ,,,,,O00000008663    ,Промрукав ООО,,2,1,280.00000,,2.80000,КГ,105000.00000,,912576.00000,900,2026-03-24 00:00:00,N,900,2026-03-24 00:00:00,N,7722467171,772201001,Адресный СКЛАД РЦ (WMS),ЭКС-000007604   ,,,0.00000,0.00000,a.savitskiy,RTH_UpdateHeader,2026-03-24 16:33:04,N,,,,,,,,,,,,,,,2026-03-24 15:17:12,2026-03-24 15:17:12,2026-03-24 15:32:48,306499,ILSSRV,2026-03-24 14:21:02,,,0b69a33a-cef9-4aa4-8000-d5d50d39e2c8
321292,WH1,ЭКС,EKS000005900,СП,Кросс-докинг,2026-03-25 00:00:00,2026-03-24 15:24:27,,Промрукав ООО,"109316, г. Москва, г. Москва, пр-кт."," Волгоградский, д. 35, оф. 510/5",,,,,Гилета О.В.,,,,100,,,ЭКС-000005900   ,,,,,O00000008662    ,Промрукав ООО,,2,2,120.00000,,0.28000,,144.80000,,166728.00000,900,2026-03-24 00:00:00,N,900,2026-03-24 00:00:00,N,7722467171,772201001,Адресный СКЛАД РЦ (WMS),ЭКС-000007602   ,,,0.00000,0.00000,a.savitskiy,RTH_UpdateHeader,2026-03-24 15:24:27,N,,,,,,,,,,,,,,,2026-03-24 14:55:51,2026-03-24 14:55:51,2026-03-24 14:56:46,306500,ILSSRV,2026-03-24 14:21:53,,,d34020cc-7195-4979-800a-756d8e54cfe8
321293,WH1,ЭКС,EKS000005901,СП,Кросс-докинг,2026-03-25 00:00:00,2026-03-24 15:38:31,,Промрукав ООО,"109316, г. Москва, г. Москва, пр-кт."," Волгоградский, д. 35, оф. 510/5",,,,,Гилета О.В.,,,,100,,,ЭКС-000005901   ,,,,,O00000008661    ,Промрукав ООО,,4,4,49.00000,,7.43000,КГ,30488.00000,,37538.50000,900,2026-03-24 00:00:00,N,900,2026-03-24 00:00:00,N,7722467171,772201001,Адресный СКЛАД РЦ (WMS),ЭКС-000007600   ,,,0.00000,0.00000,a.savitskiy,RTH_UpdateHeader,2026-03-24 15:38:31,N,,,,,,,,,,,,,,,2026-03-24 14:47:08,2026-03-24 14:47:08,2026-03-24 15:11:10,306501,ILSSRV,2026-03-24 14:21:54,,,7e4ebeec-8ab2-4bfd-96e2-356aab5b84f7
321294,WH1,ЭКС,EKS000005902,СП,Кросс-докинг,2026-03-25 00:00:00,2026-03-24 15:03:36,,Промрукав ООО,"109316, г. Москва, г. Москва, пр-кт."," Волгоградский, д. 35, оф. 510/5",,,,,Гилета О.В.,,,,100,,,ЭКС-000005902   ,,,,,O00000008660    ,Промрукав ООО,,1,1,19.00000,,4.75000,,2660.00000,,125970.95000,900,2026-03-24 00:00:00,N,900,2026-03-24 00:00:00,N,7722467171,772201001,Адресный СКЛАД РЦ (WMS),ЭКС-000007599   ,,,0.00000,0.00000,a.savitskiy,RTH_UpdateHeader,2026-03-24 15:03:36,N,,,,,,,,,,,,,,,2026-03-24 14:50:58,2026-03-24 14:50:58,2026-03-24 14:50:58,306502,ILSSRV,2026-03-24 14:21:54,,,9f507d71-a12e-41e5-b077-39e036b72915
321295,WH1,ЭКС,EKS000005903,СП,Кросс-докинг,2026-03-25 00:00:00,2026-03-24 15:35:47,,Промрукав ООО,"109316, г. Москва, г. Москва, пр-кт."," Волгоградский, д. 35, оф. 510/5",,,,,Гилета О.В.,,,,100,,,ЭКС-000005903   ,,,,,O00000008669    ,Промрукав ООО,,1,1,60.00000,,0.90000,,4416.00000,,76680.00000,900,2026-03-24 00:00:00,N,900,2026-03-24 00:00:00,N,7722467171,772201001,Адресный СКЛАД РЦ (WMS),ЭКС-000007615   ,,,0.00000,0.00000,a.savitskiy,RTH_UpdateHeader,2026-03-24 15:35:47,N,,,,,,,,,,,,,,,2026-03-24 15:08:57,2026-03-24 15:08:57,2026-03-24 15:08:57,306503,ILSSRV,2026-03-24 14:21:54,,,f13aa01e-792c-447f-be0a-6184372d7b45
321296,WH1,ЭКС,EKS000005904,СП,Кросс-докинг,2026-03-25 00:00:00,2026-03-24 15:41:43,,Промрукав ООО,"109316, г. Москва, г. Москва, пр-кт."," Волгоградский, д. 35, оф. 510/5",,,,,Гилета О.В.,,,,100,,,ЭКС-000005904   ,,,,,O00000008659    ,Промрукав ООО,,1,1,80.00000,,13.96000,,7360.00000,,728064.00000,900,2026-03-24 00:00:00,N,900,2026-03-24 00:00:00,N,7722467171,772201001,Адресный СКЛАД РЦ (WMS),ЭКС-000007598   ,,,0.00000,0.00000,a.savitskiy,RTH_UpdateHeader,2026-03-24 15:41:43,N,,,,,,,,,,,,,,,2026-03-24 15:14:19,2026-03-24 15:14:19,2026-03-24 15:14:19,306504,ILSSRV,2026-03-24 14:21:55,,,3339db82-6fd3-4709-af79-36b0f8f2559f
321297,WH1,ЭКС,EKS000005905,СП,Закупка,2026-03-24 00:00:00,2026-03-24 15:40:55,,ТД Электротехмонтаж АО,"191144, г. Санкт-Петербург, ул. Советская, д. 44,", оф. литера Б. помещ.6-Н,,,,,Колупаев В.Г.,,,,100,,,ЭКС-000005905   ,,,,,O00000008695    ,,,2,2,15.00000,,3.42000,КГ,15204.00000,,148008.42000,900,2026-03-24 00:00:00,N,900,2026-03-24 00:00:00,N,7842224734,784201001,Адресный СКЛАД РЦ (WMS),ЭКС-000007617   ,,,0.00000,0.00000,n.bezrukov,RTH_UpdateHeader,2026-03-24 15:40:55,N,,,,,,,,,,,,,,,2026-03-24 14:36:27,2026-03-24 14:36:27,2026-03-24 14:37:33,306505,ILSSRV,2026-03-24 14:26:54,,,d223f59f-af5e-43fb-b06b-e7ee8dc87a7f
321298,WH1,ЭКС,EKS000005906,СП,Закупка,2026-03-24 00:00:00,2026-03-24 15:50:51,,ТД Электротехмонтаж АО,"191144, г. Санкт-Петербург, ул. Советская, д. 44,", оф. литера Б. помещ.6-Н,,,,,Дунав М.И.,,,,100,,,ЭКС-000005906   ,,,,,O00000008696    ,,,1,1,45.00000,,114.84000,КГ,810000.00000,,4664142.00000,900,2026-03-24 00:00:00,N,900,2026-03-24 00:00:00,N,7842224734,784201001,Адресный СКЛАД РЦ (WMS),ЭКС-000007620   ,,,0.00000,0.00000,n.bezrukov,RTH_UpdateHeader,2026-03-24 15:50:51,N,,,,,,,,,,,,,,,2026-03-24 14:44:26,2026-03-24 14:44:26,2026-03-24 14:44:26,306506,ILSSRV,2026-03-24 14:27:54,,,908d22e9-e2de-46e0-9ca0-70d37a6a5b36
321299,WH1,ЭКС,EKS000005907,СП,Закупка,2026-03-24 00:00:00,2026-03-24 15:46:51,,ТД Электротехмонтаж АО,"191144, г. Санкт-Петербург, ул. Советская, д. 44,", оф. литера Б. помещ.6-Н,,,,,Петров И.В.,,,,100,,,ЭКС-000005907   ,,,,,O00000008705    ,,,1,1,2.00000,,4.66000,КГ,47232.00000,,10271.48000,900,2026-03-24 00:00:00,N,900,2026-03-24 00:00:00,N,7842224734,784201001,Адресный СКЛАД РЦ (WMS),ЭКС-000007618   ,,,0.00000,0.00000,n.bezrukov,RTH_UpdateHeader,2026-03-24 15:46:51,N,,,,,,,,,,,,,,,2026-03-24 14:36:42,2026-03-24 14:36:42,2026-03-24 14:36:42,306507,ILSSRV,2026-03-24 14:27:54,,,6925803b-abfb-475d-8f6a-cc5c6a759d28
321300,WH1,ЭКС,O00000001513,СП,Закупка,2026-03-24 00:00:00,2026-03-24 15:27:45,,Приборы Охраны ООО,"630108,РФ,г.Новосибирск, ул. Пархоменко, 7",,,,,,Косолапова Л.В.,,,,100,,,О00-000001513   ,,,,,O00000008712    ,,,1,1,1.00000,,0.11000,КГ,200.00000,,715.00000,900,2026-03-24 00:00:00,N,900,2026-03-24 00:00:00,N,5404353096,540401001,Адресный СКЛАД РЦ (WMS),О00-000000142   ,,,0.00000,0.00000,a.savitskiy,RTH_UpdateHeader,2026-03-24 15:27:45,N,,,,,,,,,,,,,,,2026-03-24 15:10:24,2026-03-24 15:10:24,2026-03-24 15:10:24,306508,ILSSRV,2026-03-24 14:30:55,,,6f7627fe-496e-45e5-985e-267389e41149
321301,WH1,ЭКС,EKS000005908,СП,Закупка,2026-03-24 00:00:00,2026-03-24 15:27:54,,СНАБСИБЭЛЕКТРО  ООО (новый),"630007, Новосибирская область, г. Новосибирск,"," ул. Фабричная, д. 11, оф. 2",,,,,Лихушина Н.И.,,,,100,,,ЭКС-000005908   ,,,,,O00000008701    ,,,1,1,45.00000,,13.83075,КГ,6480.00000,,328556.25000,900,2026-03-24 00:00:00,N,900,2026-03-24 00:00:00,N,7714790036,540701001,Адресный СКЛАД РЦ (WMS),ЭКС-000007628   ,,,0.00000,0.00000,a.manokhin,RTH_UpdateHeader,2026-03-24 15:27:54,N,,,,,,,,,,,,,,,2026-03-24 15:13:19,2026-03-24 15:13:19,2026-03-24 15:13:19,306509,ILSSRV,2026-03-24 14:37:52,,,6f7627fe-496e-45e5-985e-267389e41149
321302,WH1,ЭКС,EKS000005909,СП,Закупка,2026-03-24 00:00:00,2026-03-24 15:55:28,,СНАБСИБЭЛЕКТРО  ООО (новый),"630007, Новосибирская область, г. Новосибирск,"," ул. Фабричная, д. 11, оф. 2",,,,,Третьяков С.М.,,,,100,,,ЭКС-000005909   ,,,,,O00000008702    ,,,2,2,5.00000,,0.54000,,544.00000,,15039.66000,900,2026-03-24 00:00:00,N,900,2026-03-24 00:00:00,N,7714790036,540701001,Адресный СКЛАД РЦ (WMS),ЭКС-000007623   ,,,0.00000,0.00000,a.manokhin,RTH_UpdateHeader,2026-03-24 15:55:28,N,,,,,,,,,,,,,,,2026-03-24 15:18:04,2026-03-24 15:18:04,2026-03-24 15:19:32,306510,ILSSRV,2026-03-24 14:37:52,,,d537b43f-7c01-49dd-ae60-9617fcd6ffe3
321303,WH1,ЭКС,EKS000005910,СП,Закупка,2026-03-24 00:00:00,2026-03-24 15:46:09,,СНАБСИБЭЛЕКТРО  ООО (новый),"630007, Новосибирская область, г. Новосибирск,"," ул. Фабричная, д. 11, оф. 2",,,,,Княжева Ю.В.,,,,100,,,ЭКС-000005910   ,,,,,O00000008704    ,,,1,1,576.00000,,4.00000,КГ,144000.00000,,3500236.80000,900,2026-03-24 00:00:00,N,900,2026-03-24 00:00:00,N,7714790036,540701001,Адресный СКЛАД РЦ (WMS),ЭКС-000007624   ,,,0.00000,0.00000,a.manokhin,RTH_UpdateHeader,2026-03-24 15:46:09,N,,,,,,,,,,,,,,,2026-03-24 15:06:20,2026-03-24 15:06:20,2026-03-24 15:06:21,306511,ILSSRV,2026-03-24 14:37:53,,,6925803b-abfb-475d-8f6a-cc5c6a759d28
321304,WH1,ЭКС,EKS000005911,СП,Закупка,2026-03-24 00:00:00,2026-03-24 15:50:07,,СНАБСИБЭЛЕКТРО  ООО (новый),"630007, Новосибирская область, г. Новосибирск,"," ул. Фабричная, д. 11, оф. 2",,,,,Лихушина Н.И.,,,,100,,,ЭКС-000005911   ,,,,,O00000008708    ,,,4,4,1281.00000,,727.60745,КГ,934253.36000,,144983090.69000,900,2026-03-24 00:00:00,N,900,2026-03-24 00:00:00,N,7714790036,540701001,Адресный СКЛАД РЦ (WMS),ЭКС-000007629   ,,,0.00000,0.00000,a.manokhin,RTH_UpdateHeader,2026-03-24 15:50:07,N,,,,,,,,,,,,,,,2026-03-24 14:59:44,2026-03-24 14:59:44,2026-03-24 15:24:09,306512,ILSSRV,2026-03-24 14:37:53,,,908d22e9-e2de-46e0-9ca0-70d37a6a5b36
321305,WH1,ЭКС,EKS000005912,СП,Закупка,2026-03-24 00:00:00,2026-03-24 15:56:45,,СНАБСИБЭЛЕКТРО  ООО (новый),"630007, Новосибирская область, г. Новосибирск,"," ул. Фабричная, д. 11, оф. 2",,,,,Княжева Ю.В.,,,,100,,,ЭКС-000005912   ,,,,,O00000008710    ,,,19,13,13472.00000,,281.16100,КГ,3267852.50000,,622297041.38000,900,2026-03-24 00:00:00,N,900,2026-03-24 00:00:00,N,7714790036,540701001,Адресный СКЛАД РЦ (WMS),ЭКС-000007625   ,,,0.00000,0.00000,a.manokhin,RTH_UpdateHeader,2026-03-24 15:56:45,N,,,,,,,,,,,,,,,2026-03-24 14:48:22,2026-03-24 14:48:22,2026-03-24 15:20:18,306513,ILSSRV,2026-03-24 14:37:57,,,d537b43f-7c01-49dd-ae60-9617fcd6ffe3
321306,WH1,ЭКС,EKS000005913,СП,Закупка,2026-03-24 00:00:00,2026-03-24 15:08:41,,СНАБСИБЭЛЕКТРО  ООО (новый),"630007, Новосибирская область, г. Новосибирск,"," ул. Фабричная, д. 11, оф. 2",,,,,Колупаев В.Г.,,,,100,,,ЭКС-000005913   ,,,,,O00000008711    ,,,1,1,4.00000,,4.00000,КГ,28800.00000,,24135.36000,900,2026-03-24 00:00:00,N,900,2026-03-24 00:00:00,N,7714790036,540701001,Адресный СКЛАД РЦ (WMS),ЭКС-000007626   ,,,0.00000,0.00000,a.manokhin,RTH_UpdateHeader,2026-03-24 15:08:41,N,,,,,,,,,,,,,,,2026-03-24 15:06:48,2026-03-24 15:06:48,2026-03-24 15:06:48,306514,ILSSRV,2026-03-24 14:37:58,,,1a946c9d-c901-4010-94af-04cbddb3fa72
321307,WH1,ЭКС,EKS000005914,СП,Закупка,2026-03-24 00:00:00,2026-03-24 15:54:50,,СНАБСИБЭЛЕКТРО  ООО (новый),"630007, Новосибирская область, г. Новосибирск,"," ул. Фабричная, д. 11, оф. 2",,,,,Шаповалов П.Г.,,,,100,,,ЭКС-000005914   ,,,,,O00000008715    ,,,3,3,17.00000,,0.91000,КГ,1633.00000,,10187.64000,900,2026-03-24 00:00:00,N,900,2026-03-24 00:00:00,N,7714790036,540701001,Адресный СКЛАД РЦ (WMS),ЭКС-000007627   ,,,0.00000,0.00000,a.manokhin,RTH_UpdateHeader,2026-03-24 15:54:50,N,,,,,,,,,,,,,,,2026-03-24 15:12:07,2026-03-24 15:12:07,2026-03-24 15:16:41,306515,ILSSRV,2026-03-24 14:37:58,,,1e9fb611-fad4-4e24-9261-b93696e2e047
321308,WH1,ЭКС,EKS000005915,СП,Закупка,2026-03-24 00:00:00,2026-03-24 15:11:59,,ТД Электротехмонтаж АО,"191144, г. Санкт-Петербург, ул. Советская, д. 44,", оф. литера Б. помещ.6-Н,,,,,Дунав М.И.,,,,100,,,ЭКС-000005915   ,,,,,O00000008650    ,ИП ГАДЕЛЬШИН АРТУР АЙДАРО,,1,1,400.00000,,80.00000,КГ,40000.00000,,26360000.00000,900,2026-03-24 00:00:00,N,900,2026-03-24 00:00:00,N,7842224734,784201001,Адресный СКЛАД РЦ (WMS),ЭКС-000007569   ,,,0.00000,0.00000,n.bezrukov,RTH_UpdateHeader,2026-03-24 15:11:59,N,,,,,,,,,,,,,,,2026-03-24 15:02:04,2026-03-24 15:02:04,2026-03-24 15:02:04,306516,ILSSRV,2026-03-24 14:49:54,,,a59bdb1c-ed07-4eaa-af3d-192cd558b892
321309,WH1,ЭКС,TR-24/03/2026-05,ТР,транзит,2026-03-24 00:00:00,2026-03-24 15:08:54,рц,ИЭК Красноярск,,,,,,,,,,,0,,,,,,,,,,,1,1,1.00000,,1.00000,,1.00000,,0.00000,900,2026-03-24 00:00:00,N,900,2026-03-24 00:00:00,N,,,,,,,0.00000,0.00000,r.sagaidak,RTH_UpdateHeader,2026-03-24 15:08:54,Y,рц,,,,,,,,ИЭК Красноярск,,,,,,2026-03-24 15:08:25,2026-03-24 15:08:25,2026-03-24 15:08:25,,r.sagaidak,2026-03-24 14:58:00,,,1a946c9d-c901-4010-94af-04cbddb3fa72
321310,WH1,ЭКС,TR-24/03/2026-06,ТР,транзит,2026-03-24 00:00:00,2026-03-24 15:08:59,рц,ИЭК Барнаул,,,,,,,,,,,0,,,,,,,,,,,1,1,1.00000,,1.00000,,1.00000,,0.00000,900,2026-03-24 00:00:00,N,900,2026-03-24 00:00:00,N,,,,,,,0.00000,0.00000,r.sagaidak,RTH_UpdateHeader,2026-03-24 15:08:59,Y,рц,,,,,,,,ИЭК Барнаул,,,,,,2026-03-24 15:08:21,2026-03-24 15:08:21,2026-03-24 15:08:21,,r.sagaidak,2026-03-24 14:59:27,,,0fb5f643-e585-44c9-beb6-b22bbf1b52bd
321311,WH1,ЭКС,EKS000005916,СП,Закупка,2026-03-24 00:00:00,2026-03-24 15:54:57,,ВсеИнструменты.ру,"109451, г. Москва, г. Москва, ул. Братиславская,"," д. 16к1, оф. 3",,,,,Лангеман Э.Г.,,,,100,,,ЭКС-000005916   ,,,,,O00000008720    ,,,1,1,2.00000,,0.44000,,1320.00000,,11403.28000,900,2026-03-24 00:00:00,N,900,2026-03-24 00:00:00,N,7722753969,772301001,Адресный СКЛАД РЦ (WMS),ЭКС-000007637   ,,,0.00000,0.00000,n.bezrukov,RTH_UpdateHeader,2026-03-24 15:54:57,N,,,,,,,,,,,,,,,2026-03-24 15:24:32,2026-03-24 15:24:32,2026-03-24 15:24:33,306517,ILSSRV,2026-03-24 15:02:56,,,1e9fb611-fad4-4e24-9261-b93696e2e047
321312,WH1,ЭКС,EKS000005917,СП,Закупка,2026-03-24 00:00:00,2026-03-24 15:57:43,,ВсеИнструменты.ру,"109451, г. Москва, г. Москва, ул. Братиславская,"," д. 16к1, оф. 3",,,,,Лангеман Э.Г.,,,,100,,,ЭКС-000005917   ,,,,,O00000008719    ,,,1,1,20.00000,,2.20000,КГ,5265.00000,,100000.00000,900,2026-03-24 00:00:00,N,900,2026-03-24 00:00:00,N,7722753969,772301001,Адресный СКЛАД РЦ (WMS),ЭКС-000007636   ,,,0.00000,0.00000,n.bezrukov,RTH_UpdateHeader,2026-03-24 15:57:43,N,,,,,,,,,,,,,,,2026-03-24 15:25:36,2026-03-24 15:25:36,2026-03-24 15:25:37,306518,ILSSRV,2026-03-24 15:02:56,,,685ad7bb-92d1-4ab5-8795-ed52b5801758
321313,WH1,ЭКС,EKS000005918,СП,Закупка,2026-03-24 00:00:00,2026-03-24 15:55:36,,ВсеИнструменты.ру,"109451, г. Москва, г. Москва, ул. Братиславская,"," д. 16к1, оф. 3",,,,,Петров И.В.,,,,100,,,ЭКС-000005918   ,,,,,O00000008718    ,,,2,2,11.00000,,2.37000,КГ,5058.37500,,28531.95000,900,2026-03-24 00:00:00,N,900,2026-03-24 00:00:00,N,7722753969,772301001,Адресный СКЛАД РЦ (WMS),ЭКС-000007634   ,,,0.00000,0.00000,n.bezrukov,RTH_UpdateHeader,2026-03-24 15:55:36,N,,,,,,,,,,,,,,,2026-03-24 15:19:54,2026-03-24 15:19:54,2026-03-24 15:21:36,306519,ILSSRV,2026-03-24 15:02:57,,,d537b43f-7c01-49dd-ae60-9617fcd6ffe3
321314,WH1,ЭКС,EKS000005919,СП,Закупка,2026-03-24 00:00:00,2026-03-24 15:52:27,,ВсеИнструменты.ру,"109451, г. Москва, г. Москва, ул. Братиславская,"," д. 16к1, оф. 3",,,,,Лангеман Э.Г.,,,,100,,,ЭКС-000005919   ,,,,,O00000008717    ,,,1,1,5.00000,,2.80000,,9100.00000,,394713.00000,900,2026-03-24 00:00:00,N,900,2026-03-24 00:00:00,N,7722753969,772301001,Адресный СКЛАД РЦ (WMS),ЭКС-000007635   ,,,0.00000,0.00000,n.bezrukov,RTH_UpdateHeader,2026-03-24 15:52:27,N,,,,,,,,,,,,,,,2026-03-24 15:15:15,2026-03-24 15:15:15,2026-03-24 15:15:16,306520,ILSSRV,2026-03-24 15:02:57,,,966a9160-4d4e-405a-9541-d9126cc83019
321315,WH1,ЭКС,EKS000005920,СП,Закупка,2026-03-24 00:00:00,2026-03-24 15:57:36,,ВсеИнструменты.ру,"109451, г. Москва, г. Москва, ул. Братиславская,"," д. 16к1, оф. 3",,,,,Петров И.В.,,,,100,,,ЭКС-000005920   ,,,,,O00000008716    ,,,1,1,10.00000,,3.00000,КГ,6000.00000,,20000.00000,900,2026-03-24 00:00:00,N,900,2026-03-24 00:00:00,N,7722753969,772301001,Адресный СКЛАД РЦ (WMS),ЭКС-000007632   ,,,0.00000,0.00000,n.bezrukov,RTH_UpdateHeader,2026-03-24 15:57:36,N,,,,,,,,,,,,,,,2026-03-24 15:25:00,2026-03-24 15:25:00,2026-03-24 15:25:00,306521,ILSSRV,2026-03-24 15:02:57,,,685ad7bb-92d1-4ab5-8795-ed52b5801758
321316,WH1,ЭКС,EKS000005921,СП,Закупка,2026-03-24 00:00:00,2026-03-24 15:38:11,,ВсеИнструменты.ру,"109451, г. Москва, г. Москва, ул. Братиславская,"," д. 16к1, оф. 3",,,,,Петров И.В.,,,,100,,,ЭКС-000005921   ,,,,,O00000008700    ,,,1,1,1.00000,,0.02000,,45.00000,,263.11000,900,2026-03-24 00:00:00,N,900,2026-03-24 00:00:00,N,7722753969,772301001,Адресный СКЛАД РЦ (WMS),ЭКС-000007622   ,,,0.00000,0.00000,n.bezrukov,RTH_UpdateHeader,2026-03-24 15:38:11,N,,,,,,,,,,,,,,,2026-03-24 15:17:47,2026-03-24 15:17:47,2026-03-24 15:17:48,306522,ILSSRV,2026-03-24 15:02:57,,,7e4ebeec-8ab2-4bfd-96e2-356aab5b84f7
321317,WH1,ЭКС,EKS000005922,СП,Закупка,2026-03-24 00:00:00,2026-03-24 15:41:50,,ВсеИнструменты.ру,"109451, г. Москва, г. Москва, ул. Братиславская,"," д. 16к1, оф. 3",,,,,Любаева С.В.,,,,100,,,ЭКС-000005922   ,,,,,O00000007750    ,,,1,1,1.00000,,0.44000,,616.00000,,676.23000,900,2026-03-24 00:00:00,N,900,2026-03-24 00:00:00,N,7722753969,772301001,Адресный СКЛАД РЦ (WMS),ЭКС-000006760   ,,,0.00000,0.00000,n.bezrukov,RTH_UpdateHeader,2026-03-24 15:41:50,N,,,,,,,,,,,,,,,2026-03-24 15:16:40,2026-03-24 15:16:40,2026-03-24 15:16:40,306523,ILSSRV,2026-03-24 15:03:57,,,3339db82-6fd3-4709-af79-36b0f8f2559f
321318,WH1,ЭКС,EKS000005923,СП,Закупка,2026-03-24 00:00:00,2026-03-24 15:37:41,,ВсеИнструменты.ру,"109451, г. Москва, г. Москва, ул. Братиславская,"," д. 16к1, оф. 3",,,,,Любаева С.В.,,,,100,,,ЭКС-000005923   ,,,,,O00000007709    ,,,1,1,2.00000,,0.36000,,384.00000,,2996.72000,900,2026-03-24 00:00:00,N,900,2026-03-24 00:00:00,N,7722753969,772301001,Адресный СКЛАД РЦ (WMS),ЭКС-000006695   ,,,0.00000,0.00000,n.bezrukov,RTH_UpdateHeader,2026-03-24 15:37:41,N,,,,,,,,,,,,,,,2026-03-24 15:19:14,2026-03-24 15:19:14,2026-03-24 15:19:14,306524,ILSSRV,2026-03-24 15:03:57,,,7e4ebeec-8ab2-4bfd-96e2-356aab5b84f7
321319,WH1,ЭКС,EKS000005924,СП,Закупка,2026-03-23 00:00:00,2026-03-24 15:39:40,,ВсеИнструменты.ру,"109451, г. Москва, г. Москва, ул. Братиславская,"," д. 16к1, оф. 3",,,,,Любаева С.В.,,,,100,,,ЭКС-000005924   ,,,,,O00000006836    ,,,2,2,10.00000,,0.07500,,150.00000,,16209.00000,900,2026-03-24 00:00:00,N,900,2026-03-24 00:00:00,N,7722753969,772301001,Адресный СКЛАД РЦ (WMS),ЭКС-000005919   ,,,0.00000,0.00000,n.bezrukov,RTH_UpdateHeader,2026-03-24 15:39:40,N,,,,,,,,,,,,,,,2026-03-24 15:12:21,2026-03-24 15:12:21,2026-03-24 15:12:47,306525,ILSSRV,2026-03-24 15:03:57,,,d223f59f-af5e-43fb-b06b-e7ee8dc87a7f
321320,WH1,ЭКС,EKS000005925,СП,Закупка,2026-03-23 00:00:00,2026-03-24 15:43:59,,ВсеИнструменты.ру,"109451, г. Москва, г. Москва, ул. Братиславская,"," д. 16к1, оф. 3",,,,,Любаева С.В.,,,,100,,,ЭКС-000005925   ,,,,,O00000007070    ,,,1,1,9.00000,,4.86000,КГ,82620.00000,,123159.69000,900,2026-03-24 00:00:00,N,900,2026-03-24 00:00:00,N,7722753969,772301001,Адресный СКЛАД РЦ (WMS),ЭКС-000006158   ,,,0.00000,0.00000,n.bezrukov,RTH_UpdateHeader,2026-03-24 15:43:59,N,,,,,,,,,,,,,,,2026-03-24 15:08:04,2026-03-24 15:08:04,2026-03-24 15:08:04,306526,ILSSRV,2026-03-24 15:03:58,,,e63f8cd7-3f10-458a-9667-684303b6da38
321321,WH1,ЭКС,EKS000005926,СП,Закупка,2026-03-24 00:00:00,2026-03-24 17:02:40,,Диэлектрические кабельные системы АО (ДКС),"170017, Тверская область, г. Тверь, ул. Бочкина,", д. 15,,,,,Гилета О.В.,,,,100,,,ЭКС-000005926   ,,,,,O00000008723    ,,,17,1,165.00000,,2440.00000,КГ,18807000.00000,,153754004.25000,900,2026-03-24 00:00:00,N,900,2026-03-24 00:00:00,N,6905062011,695001001,Адресный СКЛАД РЦ (WMS),ЭКС-000007641   ,,,0.00000,0.00000,n.bezrukov,RTH_UpdateHeader,2026-03-24 17:02:40,N,,,,,,,,,,,,,,,2026-03-24 15:39:49,2026-03-24 15:39:49,2026-03-24 16:37:16,306527,ILSSRV,2026-03-24 15:26:56,,,c961a68f-2bc7-43e9-93ff-042517c68522
321322,WH1,ЭКС,EKS000005927,СП,Закупка,2026-03-24 00:00:00,2026-03-24 17:12:51,,Диэлектрические кабельные системы АО (ДКС),"170017, Тверская область, г. Тверь, ул. Бочкина,", д. 15,,,,,Гилета О.В.,,,,100,,,ЭКС-000005927   ,,,,,O00000008728    ,,,27,21,1133.00000,,318.55000,КГ,1299485.60000,,14037830.26000,900,2026-03-24 00:00:00,N,900,2026-03-24 00:00:00,N,6905062011,695001001,Адресный СКЛАД РЦ (WMS),ЭКС-000007644   ,,,0.00000,0.00000,n.bezrukov,RTH_UpdateHeader,2026-03-24 17:12:51,N,,,,,,,,,,,,,,,2026-03-24 16:02:34,2026-03-24 16:02:34,2026-03-24 16:57:41,306528,ILSSRV,2026-03-24 15:27:02,,,3ad87a09-36d1-424f-9a4d-9422bdf42be9
321323,WH1,ЭКС,EKS000005928,СП,Закупка,2026-03-24 00:00:00,2026-03-24 17:03:47,,Диэлектрические кабельные системы АО (ДКС),"170017, Тверская область, г. Тверь, ул. Бочкина,", д. 15,,,,,Гилета О.В.,,,,100,,,ЭКС-000005928   ,,,,,O00000008729    ,,,5,5,355.00000,,37.98000,КГ,228490.00000,,12379670.58000,900,2026-03-24 00:00:00,N,900,2026-03-24 00:00:00,N,6905062011,695001001,Адресный СКЛАД РЦ (WMS),ЭКС-000007645   ,,,0.00000,0.00000,n.bezrukov,RTH_UpdateHeader,2026-03-24 17:03:47,N,,,,,,,,,,,,,,,2026-03-24 16:07:44,2026-03-24 16:07:44,2026-03-24 17:02:42,306529,ILSSRV,2026-03-24 15:27:04,,,a27b9ebe-1c70-4b20-b35a-746f5270b5fc
321324,WH1,ЭКС,EKS000005929,СП,Закупка,2026-03-24 00:00:00,2026-03-24 17:21:17,,Диэлектрические кабельные системы АО (ДКС),"170017, Тверская область, г. Тверь, ул. Бочкина,", д. 15,,,,,Гилета О.В.,,,,100,,,ЭКС-000005929   ,,,,,O00000008730    ,,,6,6,212.00000,,23.61000,,98986.50000,,189571.08000,900,2026-03-24 00:00:00,N,900,2026-03-24 00:00:00,N,6905062011,695001001,Адресный СКЛАД РЦ (WMS),ЭКС-000007646   ,,,0.00000,0.00000,n.bezrukov,RTH_UpdateHeader,2026-03-24 17:21:17,N,,,,,,,,,,,,,,,2026-03-24 16:05:03,2026-03-24 16:05:03,2026-03-24 16:42:23,306530,ILSSRV,2026-03-24 15:27:06,,,096a9c58-8da9-486f-b659-319b49a0b842
321325,WH1,ЭКС,EKS000005930,СП,Закупка,2026-03-24 00:00:00,2026-03-24 16:52:56,,Диэлектрические кабельные системы АО (ДКС),"170017, Тверская область, г. Тверь, ул. Бочкина,", д. 15,,,,,Гилета О.В.,,,,100,,,ЭКС-000005930   ,,,,,O00000008722    ,,,21,17,1451.00000,,84.07000,,441117.96000,,7861046.62000,900,2026-03-24 00:00:00,N,900,2026-03-24 00:00:00,N,6905062011,695001001,Адресный СКЛАД РЦ (WMS),ЭКС-000007640   ,,,0.00000,0.00000,n.bezrukov,RTH_UpdateHeader,2026-03-24 16:52:56,N,,,,,,,,,,,,,,,2026-03-24 15:44:27,2026-03-24 15:44:27,2026-03-24 16:14:15,306531,ILSSRV,2026-03-24 15:28:01,,,75b019f4-f708-4fd1-b970-ab47d34c379c
321326,WH1,ЭКС,EKS000005931,СП,Закупка,2026-03-24 00:00:00,2026-03-24 17:13:17,,Диэлектрические кабельные системы АО (ДКС),"170017, Тверская область, г. Тверь, ул. Бочкина,", д. 15,,,,,Гилета О.В.,,,,100,,,ЭКС-000005931   ,,,,,O00000008725    ,,,32,16,6416.00000,,275.01000,,702824.00000,,375158564.87000,900,2026-03-24 00:00:00,N,900,2026-03-24 00:00:00,N,6905062011,695001001,Адресный СКЛАД РЦ (WMS),ЭКС-000007642   ,,,0.00000,0.00000,n.bezrukov,RTH_UpdateHeader,2026-03-24 17:13:17,N,,,,,,,,,,,,,,,2026-03-24 15:47:52,2026-03-24 15:47:52,2026-03-24 16:40:40,306532,ILSSRV,2026-03-24 15:28:05,,,337cdec1-1e7f-4cc3-ab68-ec40dab731f9
321327,WH1,ЭКС,EKS000005932,СП,Закупка,2026-03-24 00:00:00,2026-03-24 16:46:33,,Диэлектрические кабельные системы АО (ДКС),"170017, Тверская область, г. Тверь, ул. Бочкина,", д. 15,,,,,Гилета О.В.,,,,100,,,ЭКС-000005932   ,,,,,O00000008727    ,,,1,1,10.00000,,0.90000,КГ,360.00000,,31203.00000,900,2026-03-24 00:00:00,N,900,2026-03-24 00:00:00,N,6905062011,695001001,Адресный СКЛАД РЦ (WMS),ЭКС-000007643   ,,,0.00000,0.00000,n.bezrukov,RTH_UpdateHeader,2026-03-24 16:46:33,N,,,,,,,,,,,,,,,2026-03-24 16:04:45,2026-03-24 16:04:45,2026-03-24 16:04:45,306533,ILSSRV,2026-03-24 15:28:05,,,76f697eb-ebfb-435a-ae36-153fff0cc317
321328,WH1,ЭКС,EKS000005933,СП,Закупка,2026-03-23 00:00:00,2026-03-24 16:40:27,,ВсеИнструменты.ру,"109451, г. Москва, г. Москва, ул. Братиславская,"," д. 16к1, оф. 3",,,,,Любаева С.В.,,,,100,,,ЭКС-000005933   ,,,,,O00000008033    ,,,1,1,2.00000,,2.00000,КГ,18000.00000,,6141.00000,900,2026-03-24 00:00:00,N,900,2026-03-24 00:00:00,N,7722753969,772301001,Адресный СКЛАД РЦ (WMS),ЭКС-000006996   ,,,0.00000,0.00000,n.bezrukov,RTH_UpdateHeader,2026-03-24 16:40:27,N,,,,,,,,,,,,,,,2026-03-24 15:29:13,2026-03-24 15:29:13,2026-03-24 15:29:13,306534,ILSSRV,2026-03-24 15:28:56,,,34255bf0-627b-4d1c-9677-43622dea8cf0
321329,WH1,ЭКС,EKS000005934,СП,Кросс-докинг,2026-03-26 00:00:00,2026-03-24 16:37:22,,СИСТЭМ ЭЛЕКТРИК АО (ранее Шнейдер Электрик АО до 2,"127018, г. Москва, г. Москва, ул. Двинцев, д. 12,", оф. 15,,,,,Куграшова О.В.,,,,100,,,ЭКС-000005934   ,,,,,O00000007767    ,СИСТЭМ ЭЛЕКТРИК АО (ранее,,1,1,80.00000,,2.76000,,3900.00000,,1627136.00000,900,2026-03-24 00:00:00,N,900,2026-03-24 00:00:00,N,7712092928,997150001,Адресный СКЛАД РЦ (WMS),ЭКС-000006775   ,,,0.00000,0.00000,a.savitskiy,RTH_UpdateHeader,2026-03-24 16:37:22,N,,,,,,,,,,,,,,,2026-03-24 16:26:19,2026-03-24 16:26:19,2026-03-24 16:26:19,306535,ILSSRV,2026-03-24 16:20:01,,,86d4b0e6-e5ea-4aca-99c8-55f4f2e0008c
321330,WH1,ЭКС,TR-24/03/2026-07,ТР,транзит,2026-03-24 00:00:00,2026-03-24 17:45:05,рц,Ювелс Красноярск №1,,,,,,,,,,,0,,,,,,,,,,,1,1,1.00000,,1.00000,,1.00000,,0.00000,900,2026-03-24 00:00:00,N,900,2026-03-24 00:00:00,N,,,,,,,0.00000,0.00000,r.sagaidak,RTH_UpdateHeader,2026-03-24 17:45:05,Y,рц,,,,,,,,Ювелс Красноярск №1,,,,,,2026-03-24 17:43:16,2026-03-24 17:43:16,2026-03-24 17:43:18,,r.sagaidak,2026-03-24 17:37:40,,,09d6692b-1fc8-49a3-82d3-da8fb4c9c48e
321331,WH1,ЭКС,TR-24/03/2026-08,ТР,транзит,2026-03-24 00:00:00,2026-03-24 17:44:59,рц,Ювелс Красноярск №2,,,,,,,,,,,0,,,,,,,,,,,1,1,1.00000,,1.00000,,1.00000,,0.00000,900,2026-03-24 00:00:00,N,900,2026-03-24 00:00:00,N,,,,,,,0.00000,0.00000,r.sagaidak,RTH_UpdateHeader,2026-03-24 17:44:59,Y,рц,,,,,,,,Ювелс Красноярск №2,,,,,,2026-03-24 17:43:25,2026-03-24 17:43:25,2026-03-24 17:43:27,,r.sagaidak,2026-03-24 17:39:40,,,09d6692b-1fc8-49a3-82d3-da8fb4c9c48e
321332,WH1,ЭКС,TR-24/03/2026-09,ТР,транзит,2026-03-24 00:00:00,2026-03-24 17:44:53,рц,Ювелс Красноярск №3,,,,,,,,,,,0,,,,,,,,,,,1,1,1.00000,,1.00000,,1.00000,,0.00000,900,2026-03-24 00:00:00,N,900,2026-03-24 00:00:00,N,,,,,,,0.00000,0.00000,r.sagaidak,RTH_UpdateHeader,2026-03-24 17:44:53,Y,рц,,,,,,,,Ювелс Красноярск №3,,,,,,2026-03-24 17:43:34,2026-03-24 17:43:34,2026-03-24 17:43:35,,r.sagaidak,2026-03-24 17:40:40,,,09d6692b-1fc8-49a3-82d3-da8fb4c9c48e
321333,WH1,ЭКС,EKS000005935,СП,Закупка,2026-03-24 00:00:00,2026-03-24 18:09:43,,ВсеИнструменты.ру,"109451, г. Москва, г. Москва, ул. Братиславская,"," д. 16к1, оф. 3",,,,,Петров И.В.,,,,100,,,ЭКС-000005935   ,,,,,O00000008756    ,,,4,4,32.00000,,12.62000,,12360.00000,,73304.44000,900,2026-03-24 00:00:00,N,900,2026-03-24 00:00:00,N,7722753969,772301001,Адресный СКЛАД РЦ (WMS),ЭКС-000007659   ,,,0.00000,0.00000,r.sagaidak,RTH_UpdateHeader,2026-03-24 18:09:43,N,,,,,,,,,,,,,,,2026-03-24 17:54:37,2026-03-24 17:54:37,2026-03-24 17:56:28,306536,ILSSRV,2026-03-24 17:44:09,,,7d9222be-4ff2-4bd4-8a84-3e584a44eb14
321334,WH1,ЭКС,EKS000005936,СП,Закупка,2026-03-24 00:00:00,2026-03-25 09:05:17,,СМАРТ БЭТТЕРИЗ ООО,"123007, г. Москва, Хорошёвское шоссе, д. 32А, 4"," этаж, помещение № VIа, офис № 415/2",,,,,Иваненко П.В.,,,,100,,,ЭКС-000005936   ,,,,,O00000008646    ,Спирин Антон Алексеевич И,,1,1,4.00000,,10.00000,КГ,3600.00000,,22363.84000,900,2026-03-25 00:00:00,N,900,2026-03-25 00:00:00,N,7714450590,771401001,Адресный СКЛАД РЦ (WMS),ЭКС-000007553   ,,,0.00000,0.00000,r.sorokin,RTH_UpdateHeader,2026-03-25 09:05:17,N,,,,,,,,,,,,,,,2026-03-25 08:58:50,2026-03-25 08:58:50,2026-03-25 08:58:52,306537,ILSSRV,2026-03-25 08:46:34,,,f344e78e-6fa0-4d94-b15c-2ab327e7c146
321335,WH1,ЭКС,EKS000005937,СП,Закупка,2026-03-24 00:00:00,2026-03-25 09:06:15,,СМАРТ БЭТТЕРИЗ ООО,"123007, г. Москва, Хорошёвское шоссе, д. 32А, 4"," этаж, помещение № VIа, офис № 415/2",,,,,Иваненко П.В.,,,,100,,,ЭКС-000005937   ,,,,,O00000008638    ,Спирин Антон Алексеевич И,,1,1,1.00000,,30.00000,,19440.00000,,15430.33000,900,2026-03-25 00:00:00,N,900,2026-03-25 00:00:00,N,7714450590,771401001,Адресный СКЛАД РЦ (WMS),ЭКС-000007547   ,,,0.00000,0.00000,r.sorokin,RTH_UpdateHeader,2026-03-25 09:06:15,N,,,,,,,,,,,,,,,2026-03-25 09:02:25,2026-03-25 09:02:25,2026-03-25 09:02:25,306538,ILSSRV,2026-03-25 08:46:35,,,f344e78e-6fa0-4d94-b15c-2ab327e7c146
321337,WH1,ЭКС,EKS000005939,СП,Возврат-Филиал,2026-03-25 00:00:00,2026-03-25 11:39:00,,ИР_РСК Электрокомплектсервис ЗАО,"630005, Новосибирская область, г. Новосибирск,"," ул. Гоголя, д. 23, оф. 5",,,,,Новоселов А.В.,,,,100,,,ЭКС-000005939   ,,,,,,,,1,1,1.00000,,5.00000,КГ,42250.00000,,2215.26000,900,2026-03-25 00:00:00,N,900,2026-03-25 00:00:00,N,5407159273,384945001,Адресный склад БРАКА (WMS,ЭКС-000005423   ,,,0.00000,0.00000,r.sorokin,RTH_UpdateHeader,2026-03-25 11:39:00,N,,,,,,,,,,,,,,,2026-03-25 09:10:56,2026-03-25 09:10:56,2026-03-25 09:10:57,306540,ILSSRV,2026-03-25 09:05:38,,,094e4f0d-af2e-4142-9a18-53f4ad635c55
321338,WH1,ЭКС,EKS000005940,СП,Возврат-Филиал,2026-03-25 00:00:00,2026-03-25 11:36:52,,ИР_РСК Электрокомплектсервис ЗАО,"630005, Новосибирская область, г. Новосибирск,"," ул. Гоголя, д. 23, оф. 5",,,,,Новоселов А.В.,,,,100,,,ЭКС-000005940   ,,,,,,,,1,1,1.00000,,4.00000,КГ,44000.00000,,1931.35000,900,2026-03-25 00:00:00,N,900,2026-03-25 00:00:00,N,5407159273,384945001,Адресный склад БРАКА (WMS,ЭКС-000005424   ,,,0.00000,0.00000,r.sorokin,RTH_UpdateHeader,2026-03-25 11:36:52,N,,,,,,,,,,,,,,,2026-03-25 09:14:55,2026-03-25 09:14:55,2026-03-25 09:14:55,306541,ILSSRV,2026-03-25 09:05:39,,,270aa346-51f2-4111-ac1f-40d8f960a170
321339,WH1,ЭКС,EKS000005941,СП,Возврат-Филиал,2026-03-25 00:00:00,2026-03-25 11:38:55,,ИР_РСК Электрокомплектсервис ЗАО,"630005, Новосибирская область, г. Новосибирск,"," ул. Гоголя, д. 23, оф. 5",,,,,Новоселов А.В.,,,,100,,,ЭКС-000005941   ,,,,,,,,1,1,1.00000,,5.00000,КГ,42250.00000,,2215.26000,900,2026-03-25 00:00:00,N,900,2026-03-25 00:00:00,N,5407159273,384945001,Адресный склад БРАКА (WMS,ЭКС-000005425   ,,,0.00000,0.00000,r.sorokin,RTH_UpdateHeader,2026-03-25 11:38:55,N,,,,,,,,,,,,,,,2026-03-25 09:16:03,2026-03-25 09:16:03,2026-03-25 09:16:03,306542,ILSSRV,2026-03-25 09:05:39,,,094e4f0d-af2e-4142-9a18-53f4ad635c55
321340,WH1,ЭКС,EKS000005942,СП,Закупка,2026-03-24 00:00:00,,,"Кабельная компания ""Интро"" ООО","620034, Свердловская обл., г.Екатеринбург,","ул.Колмогорова, дом 3, оф.1001",,,,,Косолапова Л.В.,,,,0,,,ЭКС-000005942,,26-01371030504,,,O00000008714,Деловые Линии ООО,,2,2,59.00000,,23.50000,КГ,14244.50000,,688889.20000,300,2026-03-25 00:00:00,N,300,2026-03-25 00:00:00,N,6658425395,665801001,Адресный СКЛАД РЦ (WMS),ЭКС-000007472,,,0.00000,0.00000,zmeevskiy,,2026-03-25 11:55:36,N,,,,,,,,,,,,,,,2026-03-25 10:45:53,2026-03-25 10:45:53,2026-03-25 10:49:04,306543,ILSSRV,2026-03-25 09:51:43,,,
321342,WH1,ЭКС,EKS000005944,СП,Закупка,2026-03-25 00:00:00,,,Свет-Декор ООО,"121596, г. Москва, г. Москва, ул. Горбунова, д. 1",", оф. 1",,,,,Кузьмин М.С.,,,,100,,,ЭКС-000005944   ,,26-12571227895,,,O00000008703    ,Деловые Линии ООО,,1,1,1.00000,,1.20000,,15200.00000,,4147.54000,300,2026-03-25 00:00:00,N,300,2026-03-25 00:00:00,N,9731047314,773101001,Адресный СКЛАД РЦ (WMS),ЭКС-000007514   ,,,0.00000,0.00000,r.sorokin,processInvWithNoToLoc,2026-03-25 11:04:02,N,,,,,,,,,,,,,,,2026-03-25 11:04:00,2026-03-25 11:04:00,2026-03-25 11:04:00,306545,ILSSRV,2026-03-25 09:52:43,,,
321343,WH1,ЭКС,EKS000005945,СП,Закупка,2026-03-25 00:00:00,,,ООО «АЛИОТ»,"197198, г. Санкт-Петербург, вн.тер.г."," муниципальныи? округ округ Петровскии?, ул."," Ждановская, д. 45 ЛИТЕРА А, помещ. 60-Н, офис 19",,,,Кузьмин М.С.,,,,100,,,ЭКС-000005945   ,,26-03681044320,,,O00000008731    ,Деловые Линии ООО,,4,4,372.00000,,51.74000,КГ,318709.50000,,23360042.08000,900,2026-03-25 00:00:00,N,300,2026-03-25 00:00:00,N,7805727063,781301001,Адресный СКЛАД РЦ (WMS),ЭКС-000006938   ,,,0.00000,0.00000,o.ivanov,RTH_UpdateHeader,2026-03-25 11:59:55,N,,,,,,,,,,,,,,,2026-03-25 11:41:20,2026-03-25 11:41:20,2026-03-25 11:56:59,306546,ILSSRV,2026-03-25 09:52:44,,,
321344,WH1,ЭКС,EKS000005946,СП,Закупка,2026-03-24 00:00:00,,,ДОМ СВЕТА ООО,"115088,Москва г, Угрешская ул. , дом №2 ,"," строение 84 , эт,2 ,пом 01г",,,,,Кузьмин М.С.,,,,100,,,ЭКС-000005946   ,,26-02441250850,,,O00000008648    ,Деловые Линии ООО,,2,2,2.00000,,7.20000,,27472.00000,,4459.84000,300,2026-03-25 00:00:00,N,300,2026-03-25 00:00:00,N,9723089007,772301001,Адресный СКЛАД РЦ (WMS),ЭКС-000007101   ,,,0.00000,0.00000,r.sorokin,processInvWithNoToLoc,2026-03-25 11:48:58,N,,,,,,,,,,,,,,,2026-03-25 11:41:39,2026-03-25 11:41:39,2026-03-25 11:48:58,306547,ILSSRV,2026-03-25 09:57:44,,,
321345,WH1,ЭКС,EKS000005947,СП,Закупка,2026-03-24 00:00:00,,,ДОМ СВЕТА ООО,"115088,Москва г, Угрешская ул. , дом №2 ,"," строение 84 , эт,2 ,пом 01г",,,,,Кузьмин М.С.,,,,100,,,ЭКС-000005947   ,,26-02441250850,,,O00000008648    ,Деловые Линии ООО,,3,3,8.00000,,6.20000,,40730.00000,,27411.84000,300,2026-03-25 00:00:00,N,300,2026-03-25 00:00:00,N,9723089007,772301001,Адресный СКЛАД РЦ (WMS),ЭКС-000007102   ,,,0.00000,0.00000,r.sorokin,processInvWithNoToLoc,2026-03-25 11:46:16,N,,,,,,,,,,,,,,,2026-03-25 11:36:16,2026-03-25 11:36:16,2026-03-25 11:46:15,306548,ILSSRV,2026-03-25 09:57:45,,,
321346,WH1,ЭКС,EKS000005948,СП,Закупка,2026-03-25 00:00:00,,,ЛАЙТИНГ-РУС   ООО,"127410,г. Москва, Алтуфьевское шоссе, дом 37,"," строение 01, эт. 02,  пом. 271, офис В",,,,,Косова Т.В.,,,,100,,,ЭКС-000005948   ,,26-12571227747,,,O00000008726    ,Деловые Линии ООО,,0,10,1121.00000,,1668.40000,,4265180.00000,,402750625.88000,100,2026-03-25 00:00:00,N,100,2026-03-25 00:00:00,N,7726335521,771501001 ,Адресный СКЛАД РЦ (WMS),ЭКС-000007452   ,,,0.00000,0.00000,ILSSRV,56ebf153-9bf1-4a9d-8daa-b65eea770b6c,2026-03-25 10:02:42,N,,,,,,,,,,,,,,,,,,306549,ILSSRV,2026-03-25 10:02:42,,,
321347,WH1,ЭКС,EKS000005949,СП,Закупка,2026-03-25 00:00:00,,,ЛАЙТИНГ-РУС   ООО,"127410,г. Москва, Алтуфьевское шоссе, дом 37,"," строение 01, эт. 02,  пом. 271, офис В",,,,,Косова Т.В.,,,,100,,,ЭКС-000005949   ,,26-12571222048,,,O00000008706    ,Деловые Линии ООО,,13,28,1569.00000,,80.60000,КГ,734911.00000,,83642923.96000,900,2026-03-25 00:00:00,N,100,2026-03-25 00:00:00,N,7726335521,771501001 ,Адресный СКЛАД РЦ (WMS),ЭКС-000007029   ,,,0.00000,0.00000,r.sorokin,,2026-03-25 13:04:48,N,,,,,,,,,,,,,,,2026-03-25 12:26:20,2026-03-25 12:26:20,,306550,ILSSRV,2026-03-25 10:26:59,,,
321348,WH1,ЭКС,EKS000005950,СП,Закупка,2026-03-24 00:00:00,,,"ООО ""ТИЛАЙТ""","129343, г. Москва, проезд. Серебрякова, д. 2к1,", оф. 96/12,,,,,Кузьмин М.С.,,,,100,,,ЭКС-000005950   ,,26-03681029740,,,O00000008732    ,Деловые Линии ООО,,3,3,3.00000,,2.60000,,38595.00000,,6638.25000,300,2026-03-25 00:00:00,N,300,2026-03-25 00:00:00,N,7716954025,771601001,Адресный СКЛАД РЦ (WMS),ЭКС-000006930   ,,,0.00000,0.00000,o.ivanov,processInvWithNoToLoc,2026-03-25 12:13:04,N,,,,,,,,,,,,,,,2026-03-25 12:07:26,2026-03-25 12:07:26,2026-03-25 12:13:03,306551,ILSSRV,2026-03-25 10:31:46,,,
321349,WH1,ЭКС,EKS000005951,СП,Закупка,2026-03-25 00:00:00,,,ПО Электротехник ЗАО,"109518, г. Москва, бульвар Волжский, д. 5, корп. 1",,,,,,Третьяков С.М.,,,,100,,,ЭКС-000005951   ,,26-02441254381,,,O00000008699    ,Деловые Линии ООО,,4,4,7.00000,,7.65000,,13720.00000,,21114.22000,300,2026-03-25 00:00:00,N,300,2026-03-25 00:00:00,N,7721249325,772101001,Адресный СКЛАД РЦ (WMS),ЭКС-000007487   ,,,0.00000,0.00000,o.ivanov,processInvWithNoToLoc,2026-03-25 12:34:28,N,,,,,,,,,,,,,,,2026-03-25 12:28:47,2026-03-25 12:28:47,2026-03-25 12:34:28,306552,ILSSRV,2026-03-25 10:31:47,,,
321350,WH1,ЭКС,EKS000005952,СП,Кросс-докинг,2026-04-02 00:00:00,,,Арлайт РУС ООО,"101000, г. Москва, пер. Уланский, д. 22 стр.1,"," пом.I,эт.5, оф. 501",,,,,Кузьмин М.С.,,,,100,,,ЭКС-000005952   ,,26-12571228753,,,O00000008713    ,Деловые Линии ООО,,0,11,184.00000,,9.54000,,24826.00000,,2096628.73000,100,2026-03-25 00:00:00,N,100,2026-03-25 00:00:00,N,7743089178,770801001,Адресный СКЛАД РЦ (WMS),ЭКС-000007201   ,,,0.00000,0.00000,ILSSRV,d7adbf5e-b291-4c33-9a2c-4bdb5011187f,2026-03-25 10:31:50,N,,,,,,,,,,,,,,,,,,306553,ILSSRV,2026-03-25 10:31:50,,,
321351,WH1,ЭКС,EKS000005953,СП,Закупка,2026-03-25 00:00:00,,,СТ групп ООО,"125130 г. Москва, ул. Нарвская, д.1А, помещ. I,", офис 6,,,,,Кузьмин М.С.,,,,100,,,ЭКС-000005953   ,,26-12571228528,,,O00000008724    ,Деловые Линии ООО,,0,1,1.00000,,0.00000,,0.00000,,10160.25000,100,2026-03-25 00:00:00,N,100,2026-03-25 00:00:00,N,7743352260,774301001,Адресный СКЛАД РЦ (WMS),ЭКС-000007533   ,,,0.00000,0.00000,ILSSRV,3276dc86-0a0b-4d0b-8487-f763651dcf7f,2026-03-25 10:32:46,N,,,,,,,,,,,,,,,,,,306554,ILSSRV,2026-03-25 10:32:46,,,
321352,WH1,ЭКС,EKS000005954,СП,Кросс-докинг,2026-04-01 00:00:00,,,Арлайт РУС ООО,"101000, г. Москва, пер. Уланский, д. 22 стр.1,"," пом.I,эт.5, оф. 501",,,,,Кузьмин М.С.,,,,100,,,ЭКС-000005954   ,,26-12571222887,,,O00000008709    ,Деловые Линии ООО,,0,12,121.00000,,30.73000,,53073.00000,,2454276.92000,100,2026-03-25 00:00:00,N,100,2026-03-25 00:00:00,N,7743089178,770801001,Адресный СКЛАД РЦ (WMS),ЭКС-000007051   ,,,0.00000,0.00000,ILSSRV,9f615b22-2ae6-4d49-8150-33acfce9ec7d,2026-03-25 10:38:48,N,,,,,,,,,,,,,,,,,,306555,ILSSRV,2026-03-25 10:38:48,,,
321353,WH1,ЭКС,EKS000005955,СП,Закупка,2026-04-01 00:00:00,,,Арлайт РУС ООО,"101000, г. Москва, пер. Уланский, д. 22 стр.1,"," пом.I,эт.5, оф. 501",,,,,Кузьмин М.С.,,,,100,,,ЭКС-000005955   ,,26-12571222887,,,O00000008709    ,Деловые Линии ООО,,0,1,1.00000,,0.10000,КГ,100.00000,,728.50000,100,2026-03-25 00:00:00,N,100,2026-03-25 00:00:00,N,7743089178,770801001,Адресный СКЛАД РЦ (WMS),ЭКС-000007056   ,,,0.00000,0.00000,ILSSRV,9f615b22-2ae6-4d49-8150-33acfce9ec7d,2026-03-25 10:38:50,N,,,,,,,,,,,,,,,,,,306556,ILSSRV,2026-03-25 10:38:50,,,
321354,WH1,ЭКС,EKS000005956,СП,Закупка,2026-03-24 00:00:00,,,МИР ИНСТРУМЕНТА ООО,"142700, Московская область, г. Видное, ул."," Радиальная 3-я, д. 8, помещ. 1-Н, комн 2",,,,,Петров И.В.,,,,100,,,ЭКС-000005956   ,,,,,O00000008753    ,,,0,5,15.00000,,13.60400,,136848.00000,,24572.19000,100,2026-03-25 00:00:00,N,100,2026-03-25 00:00:00,N,7722537534,774950001,Адресный СКЛАД РЦ (WMS),ЭКС-000007658   ,,,0.00000,0.00000,ILSSRV,01ec2f9c-cea4-49f9-bc27-740ff842be25,2026-03-25 10:43:44,N,,,,,,,,,,,,,,,,,,306557,ILSSRV,2026-03-25 10:43:44,,,
321355,WH1,ЭКС,EKS000005957,СП,Закупка,2026-03-25 00:00:00,2026-03-25 11:58:04,,МГК Световые Технологии ООО,"127273, г. Москва, г. Москва, ул. Отрадная, д. 2Б", стр. 7,,,,,Лангеман Э.Г.,,,,100,,,ЭКС-000005957   ,,,,,O00000008493    ,,,3,2,54.00000,,178.00000,КГ,2290512.00000,,14259076.56000,900,2026-03-25 00:00:00,N,900,2026-03-25 00:00:00,N,7715723321,771501001,Адресный СКЛАД РЦ (WMS),ЭКС-000007419   ,,,0.00000,0.00000,v.plevako,RTH_UpdateHeader,2026-03-25 11:58:04,N,,,,,,,,,,,,,,,2026-03-25 11:43:41,2026-03-25 11:43:41,2026-03-25 11:46:52,306558,ILSSRV,2026-03-25 10:43:45,,,8e324da8-33a7-44b8-a958-144259bb9fde
321356,WH1,ЭКС,EKS000005958,СП,Закупка,2026-03-25 00:00:00,,,МСТ ООО  (FERON),"630088, Новосибирская обл, Новосибирск г,"," Петухова ул, дом № 37/2, строение 1, тел.",,,,,Косова Т.В.,,,,100,,,ЭКС-000005958   ,,,,,O00000008824    ,,,0,4,17.00000,,3.80000,,13275.00000,,28155.28000,100,2026-03-25 00:00:00,N,100,2026-03-25 00:00:00,N,5403065426,540301001,Адресный СКЛАД РЦ (WMS),ЭКС-000007719   ,,,0.00000,0.00000,ILSSRV,c4097396-efee-4656-8e31-2a9f681c20b1,2026-03-25 10:53:46,N,,,,,,,,,,,,,,,,,,306559,ILSSRV,2026-03-25 10:53:46,,,
321357,WH1,ЭКС,EKS000005959,СП,Закупка,2026-03-25 00:00:00,,,МСТ ООО  (FERON),"630088, Новосибирская обл, Новосибирск г,"," Петухова ул, дом № 37/2, строение 1, тел.",,,,,Косова Т.В.,,,,100,,,ЭКС-000005959   ,,,,,O00000008831    ,,,0,9,80.00000,,29.90000,,161080.00000,,866064.16000,100,2026-03-25 00:00:00,N,100,2026-03-25 00:00:00,N,5403065426,540301001,Адресный СКЛАД РЦ (WMS),ЭКС-000007718   ,,,0.00000,0.00000,ILSSRV,daf7fec1-c40a-4b26-94c6-92a557366b2e,2026-03-25 10:54:47,N,,,,,,,,,,,,,,,,,,306560,ILSSRV,2026-03-25 10:54:47,,,
321359,WH1,ЭКС,EKS000005961,СП,Кросс-докинг,2026-03-25 00:00:00,,,Промрукав ООО,"109316, г. Москва, г. Москва, пр-кт."," Волгоградский, д. 35, оф. 510/5",,,,,Гилета О.В.,,,,100,,,ЭКС-000005961   ,,,,,O00000008666    ,Промрукав ООО,,0,1,800.00000,,56.00000,КГ,320000.00000,,21555200.00000,100,2026-03-25 00:00:00,N,100,2026-03-25 00:00:00,N,7722467171,772201001,Адресный СКЛАД РЦ (WMS),ЭКС-000007606   ,,,0.00000,0.00000,ILSSRV,698b4508-37a9-4a95-a1aa-4e65eed123c2,2026-03-25 10:57:46,N,,,,,,,,,,,,,,,,,,306562,ILSSRV,2026-03-25 10:57:46,,,
321360,WH1,ЭКС,EKS000005962,СП,Закупка,2026-03-23 00:00:00,,,ЕВРОСВЕТ ООО ,"1РФ, 142111, г. Москва, вн. тер. г. муниципальный"," округ Щербинка, г. Щербинка, ул. Кутузова, д",.12,,,,Кузьмин М.С.,,,,100,,,ЭКС-000005962   ,,999974477217,,,O00000008814    ,Первая Экспедициионная Ко,,1,1,9.00000,,5.58000,КГ,72000.00000,,190217.16000,300,2026-03-25 00:00:00,N,300,2026-03-25 00:00:00,N,7706526398,775101001,Адресный СКЛАД РЦ (WMS),ЭКС-000006784   ,,,0.00000,0.00000,v.plevako,processInvWithNoToLoc,2026-03-25 11:49:29,N,,,,,,,,,,,,,,,2026-03-25 11:49:28,2026-03-25 11:49:28,2026-03-25 11:49:28,306563,ILSSRV,2026-03-25 11:15:50,,,
321361,WH1,ЭКС,EKS000005963,СП,Закупка,2026-03-30 00:00:00,,,ВЕРКЕЛЬ ООО,"117418, г. Москва, г. Москва, ул. Зюзинская, д. 6"," корп2, оф. этаж3 помXVI ком31",,,,,Куграшова О.В.,,,,100,,,ЭКС-000005963   ,,999971216533,,,O00000008630    ,,,0,23,470.00000,,40.25300,,108855.12500,,32378393.69000,100,2026-03-25 00:00:00,N,100,2026-03-25 00:00:00,N,7751526880,772701001,Адресный СКЛАД РЦ (WMS),ЭКС-000007540   ,,,0.00000,0.00000,ILSSRV,686c958e-c9a9-4c51-ab2a-422a1c72757e,2026-03-25 11:15:55,N,,,,,,,,,,,,,,,,,,306564,ILSSRV,2026-03-25 11:15:55,,,
321362,WH1,ЭКС,EKS000005964,СП,Закупка,2026-03-25 00:00:00,,,Техэлектро-Сибирь ООО,"630058, Новосибирская область, г. Новосибирск,"," ул. Плотинная, д. 5/5, оф. 5",,,,,Гилета О.В.,,,,100,,,ЭКС-000005964   ,,,,,O00000008801    ,,,0,3,6306.00000,,45.60000,КГ,37500.00000,,40929558.08000,100,2026-03-25 00:00:00,N,100,2026-03-25 00:00:00,N,5408293176,540801001,Адресный СКЛАД РЦ (WMS),ЭКС-000007679   ,,,0.00000,0.00000,ILSSRV,87ac0f31-3b48-4a69-993a-a481b8dd713e,2026-03-25 11:16:50,N,,,,,,,,,,,,,,,,,,306565,ILSSRV,2026-03-25 11:16:50,,,
321363,WH1,ЭКС,EKS000005965,СП,Закупка,2026-03-25 00:00:00,,,Техэлектро-Сибирь ООО,"630058, Новосибирская область, г. Новосибирск,"," ул. Плотинная, д. 5/5, оф. 5",,,,,Гилета О.В.,,,,100,,,ЭКС-000005965   ,,,,,O00000008802    ,,,0,9,2157.00000,,117.14000,КГ,327780.00000,,28178958.51000,100,2026-03-25 00:00:00,N,100,2026-03-25 00:00:00,N,5408293176,540801001,Адресный СКЛАД РЦ (WMS),ЭКС-000007681   ,,,0.00000,0.00000,ILSSRV,012f31d7-7595-4b1c-9290-209573d3502e,2026-03-25 11:17:52,N,,,,,,,,,,,,,,,,,,306566,ILSSRV,2026-03-25 11:17:52,,,
321364,WH1,ЭКС,EKS000005966,СП,Закупка,2026-03-25 00:00:00,,,Техэлектро-Сибирь ООО,"630058, Новосибирская область, г. Новосибирск,"," ул. Плотинная, д. 5/5, оф. 5",,,,,Гилета О.В.,,,,100,,,ЭКС-000005966   ,,,,,O00000008805    ,,,0,20,89093.00000,,1212.14000,,1262478.00000,,4979701786.30000,100,2026-03-25 00:00:00,N,100,2026-03-25 00:00:00,N,5408293176,540801001,Адресный СКЛАД РЦ (WMS),ЭКС-000007686   ,,,0.00000,0.00000,ILSSRV,012f31d7-7595-4b1c-9290-209573d3502e,2026-03-25 11:17:58,N,,,,,,,,,,,,,,,,,,306567,ILSSRV,2026-03-25 11:17:58,,,
321365,WH1,ЭКС,EKS000005967,СП,Закупка,2026-03-25 00:00:00,,,Техэлектро-Сибирь ООО,"630058, Новосибирская область, г. Новосибирск,"," ул. Плотинная, д. 5/5, оф. 5",,,,,Гилета О.В.,,,,100,,,ЭКС-000005967   ,,,,,O00000008809    ,,,0,22,3500.00000,,65.51000,КГ,29825.00000,,5947306.84000,100,2026-03-25 00:00:00,N,100,2026-03-25 00:00:00,N,5408293176,540801001,Адресный СКЛАД РЦ (WMS),ЭКС-000007695   ,,,0.00000,0.00000,ILSSRV,012f31d7-7595-4b1c-9290-209573d3502e,2026-03-25 11:18:04,N,,,,,,,,,,,,,,,,,,306568,ILSSRV,2026-03-25 11:18:04,,,
321366,WH1,ЭКС,EKS000005968,СП,Кросс-докинг,2026-03-25 00:00:00,,,Техэлектро-Сибирь ООО,"630058, Новосибирская область, г. Новосибирск,"," ул. Плотинная, д. 5/5, оф. 5",,,,,Гилета О.В.,,,,100,,,ЭКС-000005968   ,,,,,O00000008793    ,Техэлектро-Сибирь ООО,,0,1,1.00000,,0.00000,,0.00000,,673.68000,100,2026-03-25 00:00:00,N,100,2026-03-25 00:00:00,N,5408293176,540801001,Адресный СКЛАД РЦ (WMS),ЭКС-000007694   ,,,0.00000,0.00000,ILSSRV,012f31d7-7595-4b1c-9290-209573d3502e,2026-03-25 11:18:05,N,,,,,,,,,,,,,,,,,,306569,ILSSRV,2026-03-25 11:18:05,,,
321367,WH1,ЭКС,EKS000005969,СП,Кросс-докинг,2026-03-25 00:00:00,,,Техэлектро-Сибирь ООО,"630058, Новосибирская область, г. Новосибирск,"," ул. Плотинная, д. 5/5, оф. 5",,,,,Гилета О.В.,,,,100,,,ЭКС-000005969   ,,,,,O00000008792    ,Техэлектро-Сибирь ООО,,0,1,100.00000,,0.80000,КГ,512.00000,,271600.00000,100,2026-03-25 00:00:00,N,100,2026-03-25 00:00:00,N,5408293176,540801001,Адресный СКЛАД РЦ (WMS),ЭКС-000007693   ,,,0.00000,0.00000,ILSSRV,012f31d7-7595-4b1c-9290-209573d3502e,2026-03-25 11:18:05,N,,,,,,,,,,,,,,,,,,306570,ILSSRV,2026-03-25 11:18:05,,,
321368,WH1,ЭКС,EKS000005970,СП,Кросс-докинг,2026-03-25 00:00:00,,,Техэлектро-Сибирь ООО,"630058, Новосибирская область, г. Новосибирск,"," ул. Плотинная, д. 5/5, оф. 5",,,,,Гилета О.В.,,,,100,,,ЭКС-000005970   ,,,,,O00000008791    ,Техэлектро-Сибирь ООО,,0,1,60.00000,,25.20000,КГ,48000.00000,,764820.00000,100,2026-03-25 00:00:00,N,100,2026-03-25 00:00:00,N,5408293176,540801001,Адресный СКЛАД РЦ (WMS),ЭКС-000007692   ,,,0.00000,0.00000,ILSSRV,012f31d7-7595-4b1c-9290-209573d3502e,2026-03-25 11:18:05,N,,,,,,,,,,,,,,,,,,306571,ILSSRV,2026-03-25 11:18:05,,,
321369,WH1,ЭКС,EKS000005971,СП,Кросс-докинг,2026-03-25 00:00:00,,,Техэлектро-Сибирь ООО,"630058, Новосибирская область, г. Новосибирск,"," ул. Плотинная, д. 5/5, оф. 5",,,,,Гилета О.В.,,,,100,,,ЭКС-000005971   ,,,,,O00000008789    ,Техэлектро-Сибирь ООО,,0,1,20.00000,,0.60000,КГ,320.00000,,29284.00000,100,2026-03-25 00:00:00,N,100,2026-03-25 00:00:00,N,5408293176,540801001,Адресный СКЛАД РЦ (WMS),ЭКС-000007691   ,,,0.00000,0.00000,ILSSRV,012f31d7-7595-4b1c-9290-209573d3502e,2026-03-25 11:18:05,N,,,,,,,,,,,,,,,,,,306572,ILSSRV,2026-03-25 11:18:05,,,
321370,WH1,ЭКС,EKS000005972,СП,Закупка,2026-03-25 00:00:00,,,Техэлектро-Сибирь ООО,"630058, Новосибирская область, г. Новосибирск,"," ул. Плотинная, д. 5/5, оф. 5",,,,,Гилета О.В.,,,,100,,,ЭКС-000005972   ,,,,,O00000008788    ,Техэлектро-Сибирь ООО,,0,1,2.00000,,2.00000,КГ,640.00000,,13392.56000,100,2026-03-25 00:00:00,N,100,2026-03-25 00:00:00,N,5408293176,540801001,Адресный СКЛАД РЦ (WMS),ЭКС-000007690   ,,,0.00000,0.00000,ILSSRV,012f31d7-7595-4b1c-9290-209573d3502e,2026-03-25 11:18:06,N,,,,,,,,,,,,,,,,,,306573,ILSSRV,2026-03-25 11:18:06,,,
321371,WH1,ЭКС,EKS000005973,СП,Кросс-докинг,2026-03-25 00:00:00,,,Техэлектро-Сибирь ООО,"630058, Новосибирская область, г. Новосибирск,"," ул. Плотинная, д. 5/5, оф. 5",,,,,Гилета О.В.,,,,100,,,ЭКС-000005973   ,,,,,O00000008787    ,Техэлектро-Сибирь ООО,,0,6,11.00000,,24.60000,КГ,88482.50000,,56730.95000,100,2026-03-25 00:00:00,N,100,2026-03-25 00:00:00,N,5408293176,540801001,Адресный СКЛАД РЦ (WMS),ЭКС-000007689   ,,,0.00000,0.00000,ILSSRV,012f31d7-7595-4b1c-9290-209573d3502e,2026-03-25 11:18:08,N,,,,,,,,,,,,,,,,,,306574,ILSSRV,2026-03-25 11:18:08,,,
321372,WH1,ЭКС,EKS000005974,СП,Закупка,2026-03-25 00:00:00,,,Техэлектро-Сибирь ООО,"630058, Новосибирская область, г. Новосибирск,"," ул. Плотинная, д. 5/5, оф. 5",,,,,Гилета О.В.,,,,100,,,ЭКС-000005974   ,,,,,O00000008785    ,Техэлектро-Сибирь ООО,,0,3,4020.00000,,39.30000,КГ,1291.00000,,172600840.00000,100,2026-03-25 00:00:00,N,100,2026-03-25 00:00:00,N,5408293176,540801001,Адресный СКЛАД РЦ (WMS),ЭКС-000007687   ,,,0.00000,0.00000,ILSSRV,012f31d7-7595-4b1c-9290-209573d3502e,2026-03-25 11:18:08,N,,,,,,,,,,,,,,,,,,306575,ILSSRV,2026-03-25 11:18:08,,,
321373,WH1,ЭКС,EKS000005975,СП,Закупка,2026-03-25 00:00:00,,,Техэлектро-Сибирь ООО,"630058, Новосибирская область, г. Новосибирск,"," ул. Плотинная, д. 5/5, оф. 5",,,,,Гилета О.В.,,,,100,,,ЭКС-000005975   ,,,,,O00000008784    ,Техэлектро-Сибирь ООО,,0,1,4.00000,,0.04000,КГ,200.00000,,1493.12000,100,2026-03-25 00:00:00,N,100,2026-03-25 00:00:00,N,5408293176,540801001,Адресный СКЛАД РЦ (WMS),ЭКС-000007685   ,,,0.00000,0.00000,ILSSRV,0c3b2c74-2211-4fdc-a5cd-f74d8bad541e,2026-03-25 11:18:45,N,,,,,,,,,,,,,,,,,,306576,ILSSRV,2026-03-25 11:18:45,,,
321374,WH1,ЭКС,EKS000005976,СП,Кросс-докинг,2026-03-25 00:00:00,,,Техэлектро-Сибирь ООО,"630058, Новосибирская область, г. Новосибирск,"," ул. Плотинная, д. 5/5, оф. 5",,,,,Гилета О.В.,,,,100,,,ЭКС-000005976   ,,,,,O00000008783    ,Техэлектро-Сибирь ООО,,0,1,100.00000,,0.80000,КГ,512.00000,,271600.00000,100,2026-03-25 00:00:00,N,100,2026-03-25 00:00:00,N,5408293176,540801001,Адресный СКЛАД РЦ (WMS),ЭКС-000007684   ,,,0.00000,0.00000,ILSSRV,0c3b2c74-2211-4fdc-a5cd-f74d8bad541e,2026-03-25 11:18:46,N,,,,,,,,,,,,,,,,,,306577,ILSSRV,2026-03-25 11:18:46,,,
321375,WH1,ЭКС,EKS000005977,СП,Закупка,2026-03-25 00:00:00,,,Техэлектро-Сибирь ООО,"630058, Новосибирская область, г. Новосибирск,"," ул. Плотинная, д. 5/5, оф. 5",,,,,Гилета О.В.,,,,100,,,ЭКС-000005977   ,,,,,O00000008782    ,Техэлектро-Сибирь ООО,,0,1,400.00000,,4.00000,КГ,82.00000,,868800.00000,100,2026-03-25 00:00:00,N,100,2026-03-25 00:00:00,N,5408293176,540801001,Адресный СКЛАД РЦ (WMS),ЭКС-000007683   ,,,0.00000,0.00000,ILSSRV,0c3b2c74-2211-4fdc-a5cd-f74d8bad541e,2026-03-25 11:18:46,N,,,,,,,,,,,,,,,,,,306578,ILSSRV,2026-03-25 11:18:46,,,
321376,WH1,ЭКС,EKS000005978,СП,Кросс-докинг,2026-03-25 00:00:00,,,Техэлектро-Сибирь ООО,"630058, Новосибирская область, г. Новосибирск,"," ул. Плотинная, д. 5/5, оф. 5",,,,,Гилета О.В.,,,,100,,,ЭКС-000005978   ,,,,,O00000008781    ,Техэлектро-Сибирь ООО,,0,1,1.00000,,0.67000,КГ,1584.00000,,2309.68000,100,2026-03-25 00:00:00,N,100,2026-03-25 00:00:00,N,5408293176,540801001,Адресный СКЛАД РЦ (WMS),ЭКС-000007682   ,,,0.00000,0.00000,ILSSRV,0c3b2c74-2211-4fdc-a5cd-f74d8bad541e,2026-03-25 11:18:46,N,,,,,,,,,,,,,,,,,,306579,ILSSRV,2026-03-25 11:18:46,,,
321377,WH1,ЭКС,EKS000005979,СП,Кросс-докинг,2026-03-25 00:00:00,,,Техэлектро-Сибирь ООО,"630058, Новосибирская область, г. Новосибирск,"," ул. Плотинная, д. 5/5, оф. 5",,,,,Гилета О.В.,,,,100,,,ЭКС-000005979   ,,,,,O00000008780    ,Техэлектро-Сибирь ООО,,0,1,100.00000,,0.10000,КГ,28.90000,,426500.00000,100,2026-03-25 00:00:00,N,100,2026-03-25 00:00:00,N,5408293176,540801001,Адресный СКЛАД РЦ (WMS),ЭКС-000007680   ,,,0.00000,0.00000,ILSSRV,0c3b2c74-2211-4fdc-a5cd-f74d8bad541e,2026-03-25 11:18:47,N,,,,,,,,,,,,,,,,,,306580,ILSSRV,2026-03-25 11:18:47,,,
321378,WH1,ЭКС,EKS000005980,СП,Кросс-докинг,2026-03-25 00:00:00,,,Техэлектро-Сибирь ООО,"630058, Новосибирская область, г. Новосибирск,"," ул. Плотинная, д. 5/5, оф. 5",,,,,Гилета О.В.,,,,100,,,ЭКС-000005980   ,,,,,O00000008786    ,Техэлектро-Сибирь ООО,,0,1,100.00000,,0.80000,КГ,512.00000,,271600.00000,100,2026-03-25 00:00:00,N,100,2026-03-25 00:00:00,N,5408293176,540801001,Адресный СКЛАД РЦ (WMS),ЭКС-000007688   ,,,0.00000,0.00000,ILSSRV,0a48976b-01d4-416e-8c27-f96b411a32e8,2026-03-25 11:19:46,N,,,,,,,,,,,,,,,,,,306581,ILSSRV,2026-03-25 11:19:46,,,
321379,WH1,ЭКС,EKS000005981,СП,Кросс-докинг,2026-03-25 00:00:00,,,Техэлектро-Сибирь ООО,"630058, Новосибирская область, г. Новосибирск,"," ул. Плотинная, д. 5/5, оф. 5",,,,,Гилета О.В.,,,,100,,,ЭКС-000005981   ,,,,,O00000008778    ,Техэлектро-Сибирь ООО,,0,1,1.00000,,0.30000,КГ,726.00000,,670.49000,100,2026-03-25 00:00:00,N,100,2026-03-25 00:00:00,N,5408293176,540801001,Адресный СКЛАД РЦ (WMS),ЭКС-000007678   ,,,0.00000,0.00000,ILSSRV,0a48976b-01d4-416e-8c27-f96b411a32e8,2026-03-25 11:19:46,N,,,,,,,,,,,,,,,,,,306582,ILSSRV,2026-03-25 11:19:46,,,
321380,WH1,ЭКС,EKS000005982,СП,Кросс-докинг,2026-03-25 00:00:00,,,Техэлектро-Сибирь ООО,"630058, Новосибирская область, г. Новосибирск,"," ул. Плотинная, д. 5/5, оф. 5",,,,,Гилета О.В.,,,,100,,,ЭКС-000005982   ,,,,,O00000008767    ,Техэлектро-Сибирь ООО,,0,1,10.00000,,2.00000,КГ,900.00000,,62166.00000,100,2026-03-25 00:00:00,N,100,2026-03-25 00:00:00,N,5408293176,540801001,Адресный СКЛАД РЦ (WMS),ЭКС-000007668   ,,,0.00000,0.00000,ILSSRV,0a48976b-01d4-416e-8c27-f96b411a32e8,2026-03-25 11:19:46,N,,,,,,,,,,,,,,,,,,306583,ILSSRV,2026-03-25 11:19:46,,,
321381,WH1,ЭКС,EKS000005983,СП,Кросс-докинг,2026-03-25 00:00:00,,,Техэлектро-Сибирь ООО,"630058, Новосибирская область, г. Новосибирск,"," ул. Плотинная, д. 5/5, оф. 5",,,,,Гилета О.В.,,,,100,,,ЭКС-000005983   ,,,,,O00000008768    ,Техэлектро-Сибирь ООО,,0,1,25.00000,,7.50000,КГ,40000.00000,,81981.25000,100,2026-03-25 00:00:00,N,100,2026-03-25 00:00:00,N,5408293176,540801001,Адресный СКЛАД РЦ (WMS),ЭКС-000007669   ,,,0.00000,0.00000,ILSSRV,0a48976b-01d4-416e-8c27-f96b411a32e8,2026-03-25 11:19:46,N,,,,,,,,,,,,,,,,,,306584,ILSSRV,2026-03-25 11:19:46,,,
321382,WH1,ЭКС,EKS000005984,СП,Закупка,2026-03-25 00:00:00,,,Техэлектро-Сибирь ООО,"630058, Новосибирская область, г. Новосибирск,"," ул. Плотинная, д. 5/5, оф. 5",,,,,Гилета О.В.,,,,100,,,ЭКС-000005984   ,,,,,O00000008769    ,Техэлектро-Сибирь ООО,,0,3,20.00000,,6.00000,КГ,15660.00000,,105031.04000,100,2026-03-25 00:00:00,N,100,2026-03-25 00:00:00,N,5408293176,540801001,Адресный СКЛАД РЦ (WMS),ЭКС-000007670   ,,,0.00000,0.00000,ILSSRV,0a48976b-01d4-416e-8c27-f96b411a32e8,2026-03-25 11:19:47,N,,,,,,,,,,,,,,,,,,306585,ILSSRV,2026-03-25 11:19:47,,,
321383,WH1,ЭКС,EKS000005985,СП,Кросс-докинг,2026-03-25 00:00:00,,,Техэлектро-Сибирь ООО,"630058, Новосибирская область, г. Новосибирск,"," ул. Плотинная, д. 5/5, оф. 5",,,,,Гилета О.В.,,,,100,,,ЭКС-000005985   ,,,,,O00000008770    ,Техэлектро-Сибирь ООО,,0,7,2122.00000,,80.00000,КГ,260003.00000,,40561698.66000,100,2026-03-25 00:00:00,N,100,2026-03-25 00:00:00,N,5408293176,540801001,Адресный СКЛАД РЦ (WMS),ЭКС-000007671   ,,,0.00000,0.00000,ILSSRV,0a48976b-01d4-416e-8c27-f96b411a32e8,2026-03-25 11:19:49,N,,,,,,,,,,,,,,,,,,306586,ILSSRV,2026-03-25 11:19:49,,,
321384,WH1,ЭКС,EKS000005986,СП,Кросс-докинг,2026-03-25 00:00:00,,,Техэлектро-Сибирь ООО,"630058, Новосибирская область, г. Новосибирск,"," ул. Плотинная, д. 5/5, оф. 5",,,,,Гилета О.В.,,,,100,,,ЭКС-000005986   ,,,,,O00000008771    ,Техэлектро-Сибирь ООО,,0,1,8.00000,,0.56000,КГ,7680.00000,,42300.16000,100,2026-03-25 00:00:00,N,100,2026-03-25 00:00:00,N,5408293176,540801001,Адресный СКЛАД РЦ (WMS),ЭКС-000007672   ,,,0.00000,0.00000,ILSSRV,0a48976b-01d4-416e-8c27-f96b411a32e8,2026-03-25 11:19:50,N,,,,,,,,,,,,,,,,,,306587,ILSSRV,2026-03-25 11:19:50,,,
321385,WH1,ЭКС,EKS000005987,СП,Закупка,2026-03-25 00:00:00,,,Техэлектро-Сибирь ООО,"630058, Новосибирская область, г. Новосибирск,"," ул. Плотинная, д. 5/5, оф. 5",,,,,Гилета О.В.,,,,100,,,ЭКС-000005987   ,,,,,O00000008772    ,Техэлектро-Сибирь ООО,,0,2,1100.00000,,11.00000,КГ,4623.00000,,2212300.00000,100,2026-03-25 00:00:00,N,100,2026-03-25 00:00:00,N,5408293176,540801001,Адресный СКЛАД РЦ (WMS),ЭКС-000007673   ,,,0.00000,0.00000,ILSSRV,1a36a502-a099-446e-a740-58e2ae86c7a4,2026-03-25 11:20:46,N,,,,,,,,,,,,,,,,,,306588,ILSSRV,2026-03-25 11:20:46,,,
321386,WH1,ЭКС,EKS000005988,СП,Кросс-докинг,2026-03-25 00:00:00,,,Техэлектро-Сибирь ООО,"630058, Новосибирская область, г. Новосибирск,"," ул. Плотинная, д. 5/5, оф. 5",,,,,Гилета О.В.,,,,100,,,ЭКС-000005988   ,,,,,O00000008773    ,Техэлектро-Сибирь ООО,,0,31,19055.00000,,311.91000,КГ,486859.50000,,422072413.25000,100,2026-03-25 00:00:00,N,100,2026-03-25 00:00:00,N,5408293176,540801001,Адресный СКЛАД РЦ (WMS),ЭКС-000007674   ,,,0.00000,0.00000,ILSSRV,1a36a502-a099-446e-a740-58e2ae86c7a4,2026-03-25 11:20:56,N,,,,,,,,,,,,,,,,,,306589,ILSSRV,2026-03-25 11:20:56,,,
321387,WH1,ЭКС,EKS000005989,СП,Закупка,2026-03-25 00:00:00,,,Техэлектро-Сибирь ООО,"630058, Новосибирская область, г. Новосибирск,"," ул. Плотинная, д. 5/5, оф. 5",,,,,Гилета О.В.,,,,100,,,ЭКС-000005989   ,,,,,O00000008774    ,Техэлектро-Сибирь ООО,,0,2,4700.00000,,61.00000,КГ,1419.00000,,230716600.00000,100,2026-03-25 00:00:00,N,100,2026-03-25 00:00:00,N,5408293176,540801001,Адресный СКЛАД РЦ (WMS),ЭКС-000007675   ,,,0.00000,0.00000,ILSSRV,1a36a502-a099-446e-a740-58e2ae86c7a4,2026-03-25 11:20:57,N,,,,,,,,,,,,,,,,,,306590,ILSSRV,2026-03-25 11:20:57,,,
321388,WH1,ЭКС,EKS000005990,СП,Кросс-докинг,2026-03-25 00:00:00,,,Техэлектро-Сибирь ООО,"630058, Новосибирская область, г. Новосибирск,"," ул. Плотинная, д. 5/5, оф. 5",,,,,Гилета О.В.,,,,100,,,ЭКС-000005990   ,,,,,O00000008775    ,Техэлектро-Сибирь ООО,,0,1,20.00000,,4.00000,КГ,1800.00000,,248664.00000,100,2026-03-25 00:00:00,N,100,2026-03-25 00:00:00,N,5408293176,540801001,Адресный СКЛАД РЦ (WMS),ЭКС-000007676   ,,,0.00000,0.00000,ILSSRV,1a36a502-a099-446e-a740-58e2ae86c7a4,2026-03-25 11:20:57,N,,,,,,,,,,,,,,,,,,306591,ILSSRV,2026-03-25 11:20:57,,,
321389,WH1,ЭКС,EKS000005991,СП,Кросс-докинг,2026-03-25 00:00:00,,,Техэлектро-Сибирь ООО,"630058, Новосибирская область, г. Новосибирск,"," ул. Плотинная, д. 5/5, оф. 5",,,,,Гилета О.В.,,,,100,,,ЭКС-000005991   ,,,,,O00000008776    ,Техэлектро-Сибирь ООО,,0,3,480.00000,,124.80000,КГ,642400.00000,,13736200.00000,100,2026-03-25 00:00:00,N,100,2026-03-25 00:00:00,N,5408293176,540801001,Адресный СКЛАД РЦ (WMS),ЭКС-000007677   ,,,0.00000,0.00000,ILSSRV,1a36a502-a099-446e-a740-58e2ae86c7a4,2026-03-25 11:20:58,N,,,,,,,,,,,,,,,,,,306592,ILSSRV,2026-03-25 11:20:58,,,
321390,WH1,ЭКС,EKS000005992,СП,Кросс-докинг,2026-03-26 00:00:00,,,Электрорешения ООО,"127273, г. Москва, г. Москва, ул. Отрадная, д. 2Б"," стр.9, оф. этаж 5",,,,,Третьяков С.М.,,,,100,,,ЭКС-000005992   ,,5843,,,O00000008171    ,Электрорешения ООО,,0,2,3.00000,,21.00000,КГ,76500.00000,,82305.11000,100,2026-03-25 00:00:00,N,100,2026-03-25 00:00:00,N,7721403552,771501001,Адресный СКЛАД РЦ (WMS),ЭКС-000007123   ,,,0.00000,0.00000,ILSSRV,16903315-77b7-49e5-ad96-b1ea7a6922dd,2026-03-25 11:59:49,N,,,,,,,,,,,,,,,,,,306593,ILSSRV,2026-03-25 11:59:49,,,
321391,WH1,ЭКС,EKS000005993,СП,Кросс-докинг,2026-03-26 00:00:00,,,Электрорешения ООО,"127273, г. Москва, г. Москва, ул. Отрадная, д. 2Б"," стр.9, оф. этаж 5",,,,,Третьяков С.М.,,,,100,,,ЭКС-000005993   ,,5843,,,O00000008172    ,Электрорешения ООО,,0,3,14.00000,,0.42000,КГ,1236.00000,,5172.33000,100,2026-03-25 00:00:00,N,100,2026-03-25 00:00:00,N,7721403552,771501001,Адресный СКЛАД РЦ (WMS),ЭКС-000007126   ,,,0.00000,0.00000,ILSSRV,16903315-77b7-49e5-ad96-b1ea7a6922dd,2026-03-25 11:59:50,N,,,,,,,,,,,,,,,,,,306594,ILSSRV,2026-03-25 11:59:50,,,
321392,WH1,ЭКС,EKS000005994,СП,Кросс-докинг,2026-03-26 00:00:00,,,Электрорешения ООО,"127273, г. Москва, г. Москва, ул. Отрадная, д. 2Б"," стр.9, оф. этаж 5",,,,,Третьяков С.М.,,,,100,,,ЭКС-000005994   ,,5843,,,O00000008164    ,Электрорешения ООО,,0,9,153.00000,,37.20000,,50820.00000,,8208392.48000,100,2026-03-25 00:00:00,N,100,2026-03-25 00:00:00,N,7721403552,771501001,Адресный СКЛАД РЦ (WMS),ЭКС-000007109   ,,,0.00000,0.00000,ILSSRV,16903315-77b7-49e5-ad96-b1ea7a6922dd,2026-03-25 11:59:53,N,,,,,,,,,,,,,,,,,,306595,ILSSRV,2026-03-25 11:59:53,,,
321393,WH1,ЭКС,EKS000005995,СП,Кросс-докинг,2026-03-26 00:00:00,,,Электрорешения ООО,"127273, г. Москва, г. Москва, ул. Отрадная, д. 2Б"," стр.9, оф. этаж 5",,,,,Третьяков С.М.,,,,100,,,ЭКС-000005995   ,,5843,,,O00000008163    ,Электрорешения ООО,,0,1,1.00000,,0.20000,КГ,675.00000,,3475.41000,100,2026-03-25 00:00:00,N,100,2026-03-25 00:00:00,N,7721403552,771501001,Адресный СКЛАД РЦ (WMS),ЭКС-000007107   ,,,0.00000,0.00000,ILSSRV,16903315-77b7-49e5-ad96-b1ea7a6922dd,2026-03-25 11:59:53,N,,,,,,,,,,,,,,,,,,306596,ILSSRV,2026-03-25 11:59:53,,,
321394,WH1,ЭКС,EKS000005996,СП,Закупка,2026-03-26 00:00:00,,,Электрорешения ООО,"127273, г. Москва, г. Москва, ул. Отрадная, д. 2Б"," стр.9, оф. этаж 5",,,,,Третьяков С.М.,,,,100,,,ЭКС-000005996   ,,5843,,,O00000008223    ,,,0,1,2.00000,,0.40000,КГ,1350.00000,,10689.08000,100,2026-03-25 00:00:00,N,100,2026-03-25 00:00:00,N,7721403552,771501001,Адресный СКЛАД РЦ (WMS),ЭКС-000007117   ,,,0.00000,0.00000,ILSSRV,16903315-77b7-49e5-ad96-b1ea7a6922dd,2026-03-25 11:59:54,N,,,,,,,,,,,,,,,,,,306597,ILSSRV,2026-03-25 11:59:54,,,
321395,WH1,ЭКС,EKS000005997,СП,Закупка,2026-03-26 00:00:00,,,Электрорешения ООО,"127273, г. Москва, г. Москва, ул. Отрадная, д. 2Б"," стр.9, оф. этаж 5",,,,,Третьяков С.М.,,,,100,,,ЭКС-000005997   ,,5843,,,O00000008166    ,Электрорешения ООО,,0,1,8.00000,,1.60000,КГ,5400.00000,,220677.76000,100,2026-03-25 00:00:00,N,100,2026-03-25 00:00:00,N,7721403552,771501001,Адресный СКЛАД РЦ (WMS),ЭКС-000007111   ,,,0.00000,0.00000,ILSSRV,16903315-77b7-49e5-ad96-b1ea7a6922dd,2026-03-25 11:59:54,N,,,,,,,,,,,,,,,,,,306598,ILSSRV,2026-03-25 11:59:54,,,
321396,WH1,ЭКС,EKS000005998,СП,Кросс-докинг,2026-03-26 00:00:00,,,Электрорешения ООО,"127273, г. Москва, г. Москва, ул. Отрадная, д. 2Б"," стр.9, оф. этаж 5",,,,,Третьяков С.М.,,,,100,,,ЭКС-000005998   ,,5843,,,O00000008175    ,Электрорешения ООО,,0,2,238.00000,,27.20000,КГ,101898.00000,,6209477.12000,100,2026-03-25 00:00:00,N,100,2026-03-25 00:00:00,N,7721403552,771501001,Адресный СКЛАД РЦ (WMS),ЭКС-000007131   ,,,0.00000,0.00000,ILSSRV,16903315-77b7-49e5-ad96-b1ea7a6922dd,2026-03-25 11:59:55,N,,,,,,,,,,,,,,,,,,306599,ILSSRV,2026-03-25 11:59:55,,,
321397,WH1,ЭКС,EKS000005999,СП,Кросс-докинг,2026-03-26 00:00:00,,,Электрорешения ООО,"127273, г. Москва, г. Москва, ул. Отрадная, д. 2Б"," стр.9, оф. этаж 5",,,,,Третьяков С.М.,,,,100,,,ЭКС-000005999   ,,5843,,,O00000008173    ,Электрорешения ООО,,0,8,26.00000,,4.43000,КГ,7160.00000,,77739.33000,100,2026-03-25 00:00:00,N,100,2026-03-25 00:00:00,N,7721403552,771501001,Адресный СКЛАД РЦ (WMS),ЭКС-000007128   ,,,0.00000,0.00000,ILSSRV,16903315-77b7-49e5-ad96-b1ea7a6922dd,2026-03-25 11:59:57,N,,,,,,,,,,,,,,,,,,306600,ILSSRV,2026-03-25 11:59:57,,,
321398,WH1,ЭКС,EKS000006000,СП,Закупка,2026-03-26 00:00:00,,,Электрорешения ООО,"127273, г. Москва, г. Москва, ул. Отрадная, д. 2Б"," стр.9, оф. этаж 5",,,,,Третьяков С.М.,,,,100,,,ЭКС-000006000   ,,5843,,,O00000008170    ,Электрорешения ООО,,0,1,3.00000,,0.60000,КГ,2025.00000,,39098.34000,100,2026-03-25 00:00:00,N,100,2026-03-25 00:00:00,N,7721403552,771501001,Адресный СКЛАД РЦ (WMS),ЭКС-000007121   ,,,0.00000,0.00000,ILSSRV,b5501dc9-1a7a-4f99-9c73-97dd8c43ea9b,2026-03-25 12:00:49,N,,,,,,,,,,,,,,,,,,306601,ILSSRV,2026-03-25 12:00:49,,,
321399,WH1,ЭКС,EKS000006001,СП,Кросс-докинг,2026-03-26 00:00:00,,,Электрорешения ООО,"127273, г. Москва, г. Москва, ул. Отрадная, д. 2Б"," стр.9, оф. этаж 5",,,,,Третьяков С.М.,,,,100,,,ЭКС-000006001   ,,5843,,,O00000008167    ,Электрорешения ООО,,0,2,15.00000,,2.85000,КГ,3340.00000,,35548.00000,100,2026-03-25 00:00:00,N,100,2026-03-25 00:00:00,N,7721403552,771501001,Адресный СКЛАД РЦ (WMS),ЭКС-000007119   ,,,0.00000,0.00000,ILSSRV,b5501dc9-1a7a-4f99-9c73-97dd8c43ea9b,2026-03-25 12:00:50,N,,,,,,,,,,,,,,,,,,306602,ILSSRV,2026-03-25 12:00:50,,,
321400,WH1,ЭКС,EKS000006002,СП,Закупка,2026-03-25 00:00:00,,,Креусс АО,"129337, Москва, Ярославское шоссе, д.1 стр.1",,,,,,Петров И.В.,,,,100,,,ЭКС-000006002   ,,,,,O00000008841    ,,,4,7,8.00000,,9.56000,КГ,69048.00000,,1469118.61000,900,2026-03-25 00:00:00,N,100,2026-03-25 00:00:00,N,9716005493,771601001,Адресный СКЛАД РЦ (WMS),ЭКС-000007735   ,,,0.00000,0.00000,v.plevako,RTH_UpdateHeader,2026-03-25 13:23:17,N,,,,,,,,,,,,,,,2026-03-25 13:20:40,2026-03-25 13:20:40,,306603,ILSSRV,2026-03-25 12:06:52,,,
321401,WH1,ЭКС,EKS000006003,СП,Закупка,2026-03-25 00:00:00,,,Промэко ООО,"630084, Новосибирская область, город Новосибирск,"," улица Авиастроителей, 39 Б",,,,,Дунав М.И.,,,,100,,,ЭКС-000006003   ,,,,,O00000008858    ,,,0,1,100.00000,,0.00000,,0.00000,,55800.00000,100,2026-03-25 00:00:00,N,100,2026-03-25 00:00:00,N,5410131623,541001001,Адресный СКЛАД РЦ (WMS),ЭКС-000007748   ,,,0.00000,0.00000,ILSSRV,6db67efa-de7b-4753-a001-64380dbc4771,2026-03-25 12:12:52,N,,,,,,,,,,,,,,,,,,306604,ILSSRV,2026-03-25 12:12:52,,,
321402,WH1,ЭКС,EKS000006004,СП,Закупка,2026-03-25 00:00:00,,,Промэко ООО,"630084, Новосибирская область, город Новосибирск,"," улица Авиастроителей, 39 Б",,,,,Козлова М.А.,,,,100,,,ЭКС-000006004   ,,,,,O00000008846    ,,,0,1,2072.00000,,393.68000,КГ,219818.48000,,351139519.36000,100,2026-03-25 00:00:00,N,100,2026-03-25 00:00:00,N,5410131623,541001001,Адресный СКЛАД РЦ (WMS),ЭКС-000007740   ,,,0.00000,0.00000,ILSSRV,08c91a09-8638-4291-acb6-9d5e72372d1b,2026-03-25 12:13:52,N,,,,,,,,,,,,,,,,,,306605,ILSSRV,2026-03-25 12:13:52,,,
321403,WH1,ЭКС,EKS000006005,СП,Закупка,2026-03-25 00:00:00,,,Промэко ООО,"630084, Новосибирская область, город Новосибирск,"," улица Авиастроителей, 39 Б",,,,,Козлова М.А.,,,,100,,,ЭКС-000006005   ,,,,,O00000008849    ,,,0,2,8009.00000,,1227.71000,КГ,738794.81000,,2693008844.99000,100,2026-03-25 00:00:00,N,100,2026-03-25 00:00:00,N,5410131623,541001001,Адресный СКЛАД РЦ (WMS),ЭКС-000007741   ,,,0.00000,0.00000,ILSSRV,08c91a09-8638-4291-acb6-9d5e72372d1b,2026-03-25 12:13:52,N,,,,,,,,,,,,,,,,,,306606,ILSSRV,2026-03-25 12:13:52,,,
321404,WH1,ЭКС,EKS000006006,СП,Возврат-Филиал,2026-03-25 00:00:00,,,3.Электрокомплектсервис ЗАО (Электрика 3),"630005, Новосибирская область, г. Новосибирск,"," ул. Гоголя, д. 23, оф. 5",,,,,Новоселов А.В.,,,,100,,,ЭКС-000006006   ,,,,,,,,1,1,1.00000,,0.15000,КГ,252.00000,,1835.18000,300,2026-03-25 00:00:00,N,300,2026-03-25 00:00:00,N,5407159273,540601001,Адресный склад БРАКА (WMS,ЭКС-000005994   ,,,0.00000,0.00000,v.plevako,processInvWithNoToLoc,2026-03-25 13:13:26,N,,,,,,,,,,,,,,,2026-03-25 13:13:24,2026-03-25 13:13:24,2026-03-25 13:13:24,306607,ILSSRV,2026-03-25 12:21:54,,,
321405,WH1,ЭКС,EKS000006007,СП,Закупка,2026-03-25 00:00:00,,,Грандекс ООО,"630126, г. Новосибирск, ул. Выборная, д. 201,", ком.2.,,,,,Козлова М.А.,,,,100,,,ЭКС-000006007   ,,,,,O00000008867    ,,,1,1,3.00000,,0.36000,КГ,1260.00000,,28010.70000,300,2026-03-25 00:00:00,N,300,2026-03-25 00:00:00,N,5405459916,540501001,Адресный СКЛАД РЦ (WMS),ЭКС-000007750   ,,,0.00000,0.00000,v.plevako,processInvWithNoToLoc,2026-03-25 13:14:28,N,,,,,,,,,,,,,,,2026-03-25 13:14:28,2026-03-25 13:14:28,2026-03-25 13:14:28,306608,ILSSRV,2026-03-25 12:31:50,,,
321406,WH1,ЭКС,EKS000006008,СП,Закупка,2026-03-25 00:00:00,2026-03-25 13:22:16,,Грандекс ООО,"630126, г. Новосибирск, ул. Выборная, д. 201,", ком.2.,,,,,Козлова М.А.,,,,100,,,ЭКС-000006008   ,,,,,O00000008870    ,,,1,1,1000.00000,,64.50000,КГ,133920.00000,,75410000.00000,900,2026-03-25 00:00:00,N,900,2026-03-25 00:00:00,N,5405459916,540501001,Адресный СКЛАД РЦ (WMS),ЭКС-000007751   ,,,0.00000,0.00000,v.plevako,RTH_UpdateHeader,2026-03-25 13:22:16,N,,,,,,,,,,,,,,,2026-03-25 13:12:42,2026-03-25 13:12:42,2026-03-25 13:12:43,306609,ILSSRV,2026-03-25 12:31:51,,,e1f3aec9-6539-4062-b258-891241cfbda8
321407,WH1,ЭКС,EKS000006009,СП,Закупка,2026-03-25 00:00:00,,,Грандекс ООО,"630126, г. Новосибирск, ул. Выборная, д. 201,", ком.2.,,,,,Козлова М.А.,,,,100,,,ЭКС-000006009   ,,,,,O00000008873    ,,,2,2,9.00000,,11.61000,КГ,30329.00000,,69929.60000,300,2026-03-25 00:00:00,N,300,2026-03-25 00:00:00,N,5405459916,540501001,Адресный СКЛАД РЦ (WMS),ЭКС-000007752   ,,,0.00000,0.00000,v.plevako,processInvWithNoToLoc,2026-03-25 13:17:16,N,,,,,,,,,,,,,,,2026-03-25 13:16:14,2026-03-25 13:16:14,2026-03-25 13:17:15,306610,ILSSRV,2026-03-25 12:31:51,,,
321408,WH1,ЭКС,EKS000006010,СП,Закупка,2026-03-25 00:00:00,,,ВсеИнструменты.ру,"109451, г. Москва, г. Москва, ул. Братиславская,"," д. 16к1, оф. 3",,,,,Аверин А.И.,,,,100,,,ЭКС-000006010   ,,,,,O00000008405    ,,,0,1,15.00000,,0.30000,КГ,1125.00000,,198627.75000,100,2026-03-25 00:00:00,N,100,2026-03-25 00:00:00,N,7722753969,772301001,Адресный СКЛАД РЦ (WMS),ЭКС-000007353   ,,,0.00000,0.00000,ILSSRV,a26a2f32-279c-419d-ab89-109d303aa9f0,2026-03-25 12:35:51,N,,,,,,,,,,,,,,,,,,306611,ILSSRV,2026-03-25 12:35:51,,,
321409,WH1,ЭКС,EKS000006011,СП,Закупка,2026-03-25 00:00:00,,,ВсеИнструменты.ру,"109451, г. Москва, г. Москва, ул. Братиславская,"," д. 16к1, оф. 3",,,,,Аверин А.И.,,,,100,,,ЭКС-000006011   ,,,,,O00000008404    ,,,0,1,1.00000,,0.00000,,0.00000,,6504.92000,100,2026-03-25 00:00:00,N,100,2026-03-25 00:00:00,N,7722753969,772301001,Адресный СКЛАД РЦ (WMS),ЭКС-000007351   ,,,0.00000,0.00000,ILSSRV,a26a2f32-279c-419d-ab89-109d303aa9f0,2026-03-25 12:35:51,N,,,,,,,,,,,,,,,,,,306612,ILSSRV,2026-03-25 12:35:51,,,
321410,WH1,ЭКС,EKS000006012,СП,Закупка,2026-03-25 00:00:00,,,"Курский электроаппаратный  завод ООО (ООО""КЭАЗ"")","305044, Курская область, город Курск, ул. 2-я"," Рабочая, д. 23, помещение В1, помещение 2/2",,,,,Самоличенко В.А.,,,,100,,,ЭКС-000006012   ,,,,,O00000008844    ,,,0,45,337.00000,,115.13000,,278198.10000,,2116417.05000,100,2026-03-25 00:00:00,N,100,2026-03-25 00:00:00,N,4632025039,463201001,Адресный СКЛАД РЦ (WMS),ЭКС-000007737   ,,,0.00000,0.00000,ILSSRV,5c3812b4-f226-4ec7-96c6-0f8f691aa47f,2026-03-25 12:38:03,N,,,,,,,,,,,,,,,,,,306613,ILSSRV,2026-03-25 12:38:03,,,
321411,WH1,ЭКС,EKS000006013,СП,Закупка,2026-03-24 00:00:00,,,Кабельный завод Кабэкс ООО,"623283 Свердловская обл., м.о. Ревда, г. Ревда,"," ул. Нахимова, зд. 13",,,,,Косолапова Л.В.,,,,100,,,ЭКС-000006013   ,,,,,O00000008596    ,,,0,21,54396.00000,,20279.21400,,10110728.85000,,26662120944.07000,100,2026-03-25 00:00:00,N,100,2026-03-25 00:00:00,N,5940200262,660850001,Адресный СКЛАД РЦ (WMS),ЭКС-000007491   ,,,0.00000,0.00000,ILSSRV,d01e5676-8b2a-47d9-9f18-55f46226240f,2026-03-25 12:39:57,N,,,,,,,,,,,,,,,,,,306614,ILSSRV,2026-03-25 12:39:57,,,
321412,WH1,,TR-25.03.2026-01,ТР,Транзит,2026-03-25 00:00:00,2026-03-25 12:58:47,РЦ Новосибирск,БЕРДСК  № 69089 Креусс,,,,,,,,,,,0,,,,,,,,,,,1,1,1.00000,,1.00000,,1.00000,,0.00000,900,2026-03-25 00:00:00,N,900,2026-03-25 00:00:00,N,,,,,,,0.00000,0.00000,V.plevako,RTH_UpdateHeader,2026-03-25 12:58:47,Y,РЦ Новосибирск,,,,,,,,БЕРДСК  № 69089 Креусс,,,,,,2026-03-25 12:49:07,2026-03-25 12:49:07,2026-03-25 12:49:08,,V.plevako,2026-03-25 12:46:27,,,81737881-5388-402a-af9f-7da59f32a761
321413,WH1,ЭКС,EKS000006014,СП,Закупка,2026-03-25 00:00:00,,,Орион ООО   (ЭРА) новый (до 01/10/24- ВИП Маркет,"143003, Московская область, г.о. Одинцовский, г."," Одинцово, ул. Маршала Бирюзова, д. 12, оф. 10",6,,,,Косова Т.В.,,,,100,,,ЭКС-000006014   ,,,,,O00000008855    ,,,0,3,116.00000,,3.29500,КГ,12372.00000,,242155.00000,100,2026-03-25 00:00:00,N,100,2026-03-25 00:00:00,N,5032161850,503201001,Адресный СКЛАД РЦ (WMS),ЭКС-000007742   ,,,0.00000,0.00000,ILSSRV,ec558f6b-ccf8-40b1-9c77-d1c07e25ecec,2026-03-25 13:01:57,N,,,,,,,,,,,,,,,,,,306615,ILSSRV,2026-03-25 13:01:57,,,
321414,WH1,ЭКС,EKS000006015,СП,Закупка,2026-03-25 00:00:00,,,Орион ООО   (ЭРА) новый (до 01/10/24- ВИП Маркет,"143003, Московская область, г.о. Одинцовский, г."," Одинцово, ул. Маршала Бирюзова, д. 12, оф. 10",6,,,,Косова Т.В.,,,,100,,,ЭКС-000006015   ,,,,,O00000008857    ,,,0,5,250.00000,,17.50000,КГ,24500.00000,,625000.00000,100,2026-03-25 00:00:00,N,100,2026-03-25 00:00:00,N,5032161850,503201001,Адресный СКЛАД РЦ (WMS),ЭКС-000007743   ,,,0.00000,0.00000,ILSSRV,ec558f6b-ccf8-40b1-9c77-d1c07e25ecec,2026-03-25 13:01:59,N,,,,,,,,,,,,,,,,,,306616,ILSSRV,2026-03-25 13:01:59,,,
321415,WH1,ЭКС,EKS000006016,СП,Закупка,2026-03-25 00:00:00,,,Орион ООО   (ЭРА) новый (до 01/10/24- ВИП Маркет,"143003, Московская область, г.о. Одинцовский, г."," Одинцово, ул. Маршала Бирюзова, д. 12, оф. 10",6,,,,Косова Т.В.,,,,100,,,ЭКС-000006016   ,,,,,O00000008859    ,,,0,7,119.00000,,33.11000,КГ,400132.50000,,180635.50000,100,2026-03-25 00:00:00,N,100,2026-03-25 00:00:00,N,5032161850,503201001,Адресный СКЛАД РЦ (WMS),ЭКС-000007744   ,,,0.00000,0.00000,ILSSRV,ec558f6b-ccf8-40b1-9c77-d1c07e25ecec,2026-03-25 13:02:01,N,,,,,,,,,,,,,,,,,,306617,ILSSRV,2026-03-25 13:02:01,,,
321416,WH1,ЭКС,EKS000006017,СП,Закупка,2026-03-25 00:00:00,,,Орион ООО   (ЭРА) новый (до 01/10/24- ВИП Маркет,"143003, Московская область, г.о. Одинцовский, г."," Одинцово, ул. Маршала Бирюзова, д. 12, оф. 10",6,,,,Косова Т.В.,,,,100,,,ЭКС-000006017   ,,,,,O00000008860    ,,,0,1,12.00000,,42.00000,КГ,401760.00000,,455400.00000,100,2026-03-25 00:00:00,N,100,2026-03-25 00:00:00,N,5032161850,503201001,Адресный СКЛАД РЦ (WMS),ЭКС-000007745   ,,,0.00000,0.00000,ILSSRV,ec558f6b-ccf8-40b1-9c77-d1c07e25ecec,2026-03-25 13:02:01,N,,,,,,,,,,,,,,,,,,306618,ILSSRV,2026-03-25 13:02:01,,,
321417,WH1,ЭКС,EKS000006018,СП,Закупка,2026-03-25 00:00:00,,,Орион ООО   (ЭРА) новый (до 01/10/24- ВИП Маркет,"143003, Московская область, г.о. Одинцовский, г."," Одинцово, ул. Маршала Бирюзова, д. 12, оф. 10",6,,,,Косова Т.В.,,,,100,,,ЭКС-000006018   ,,,,,O00000008861    ,,,0,6,137.00000,,14.26500,,205774.00000,,1227592.00000,100,2026-03-25 00:00:00,N,100,2026-03-25 00:00:00,N,5032161850,503201001,Адресный СКЛАД РЦ (WMS),ЭКС-000007746   ,,,0.00000,0.00000,ILSSRV,ec558f6b-ccf8-40b1-9c77-d1c07e25ecec,2026-03-25 13:02:03,N,,,,,,,,,,,,,,,,,,306619,ILSSRV,2026-03-25 13:02:03,,,
321418,WH1,ЭКС,EKS000006019,СП,Закупка,2026-03-25 00:00:00,,,Орион ООО   (ЭРА) новый (до 01/10/24- ВИП Маркет,"143003, Московская область, г.о. Одинцовский, г."," Одинцово, ул. Маршала Бирюзова, д. 12, оф. 10",6,,,,Косова Т.В.,,,,100,,,ЭКС-000006019   ,,,,,O00000008862    ,,,0,1,4.00000,,14.00000,КГ,133920.00000,,50600.00000,100,2026-03-25 00:00:00,N,100,2026-03-25 00:00:00,N,5032161850,503201001,Адресный СКЛАД РЦ (WMS),ЭКС-000007747   ,,,0.00000,0.00000,ILSSRV,ec558f6b-ccf8-40b1-9c77-d1c07e25ecec,2026-03-25 13:02:04,N,,,,,,,,,,,,,,,,,,306620,ILSSRV,2026-03-25 13:02:03,,,
321419,WH1,ЭКС,EKS000006020,СП,Закупка,2026-03-25 00:00:00,,,ВсеИнструменты.ру,"109451, г. Москва, г. Москва, ул. Братиславская,"," д. 16к1, оф. 3",,,,,Петров И.В.,,,,100,,,ЭКС-000006020   ,,,,,O00000008885    ,,,0,2,3.00000,,0.04000,КГ,234.00000,,2989.38000,100,2026-03-25 00:00:00,N,100,2026-03-25 00:00:00,N,7722753969,772301001,Адресный СКЛАД РЦ (WMS),ЭКС-000007763   ,,,0.00000,0.00000,ILSSRV,f469ebe4-4b2f-4a4b-9a6e-bfd4f1643fa5,2026-03-25 13:04:57,N,,,,,,,,,,,,,,,,,,306621,ILSSRV,2026-03-25 13:04:57,,,
321420,WH1,ЭКС,EKS000006021,СП,Закупка,2026-03-25 00:00:00,,,ВсеИнструменты.ру,"109451, г. Москва, г. Москва, ул. Братиславская,"," д. 16к1, оф. 3",,,,,Лангеман Э.Г.,,,,100,,,ЭКС-000006021   ,,,,,O00000008874    ,,,0,1,7.00000,,0.00000,,0.00000,,51650.41000,100,2026-03-25 00:00:00,N,100,2026-03-25 00:00:00,N,7722753969,772301001,Адресный СКЛАД РЦ (WMS),ЭКС-000007753   ,,,0.00000,0.00000,ILSSRV,f469ebe4-4b2f-4a4b-9a6e-bfd4f1643fa5,2026-03-25 13:04:58,N,,,,,,,,,,,,,,,,,,306622,ILSSRV,2026-03-25 13:04:57,,,
