1902851,,WH1,303380,EKS000020998,15765,"Шина ""N""(ноль) 2х7 на DIN-рейку в корпусе ИЭК YND10-2-07-100",,,ЭКС,10.00000,ШТ,10.00000,ЭКС-000020998   ,,5834711.00000,,,0.13400,КГ,9.00000,6.00000,5.00000,СМ,,,,25446.00000,,,,,,Дортман Анна Павловна,Феденькова Д.Ю.,YND10-2-07-100,ШТ,Базовый,ЭлектроОптТорг ООО,0.00000,0.00000,vihristuk,,2026-03-22 22:05:35,,254.46000,2544.60000,,,N,N,N,,False,1.34000,,,,,,0,ЭКС-000047977   ,2025-09-16 00:00:00,,,,,10.00000,1885149,2,,,,,,,,A,,Годен,,,
1924936,,WH1,307204,EKS000024588,747071,"Провод ПуГВнг(А)-LS 1х1,0 оранжевый",,,ЭКС,1100.00000,М,0.00000,ЭКС-000024588   ,,5863793.00000,,,0.01750,КГ,100.00000,0.28000,0.28000,СМ,,,,10986800.00000,,,,,,,Дунав М.И.,У0000001888ор,М,Базовый,ЗАО Металлист ,0.00000,0.00000,v.kochev,,2026-03-23 09:36:56,,9.08000,9988.00000,,,Y,N,N,,False,19.25000,,,,,,0,,2025-10-21 00:00:00,,,,,1100.00000,1907039,1,,,01,,,,,C,,Годен,,,
1924940,,WH1,307204,EKS000024588,428971,"Провод ПуГВнг(А)-LS 1х1,5 черный",,,ЭКС,2200.00000,М,0.00000,ЭКС-000024588   ,,5863797.00000,,,0.02340,КГ,100.00000,0.31000,0.31000,СМ,,,,63694400.00000,,,,,,Коробейников Николай Алек,Дунав М.И.,У0000001889ч,М,Базовый,ЗАО Металлист,0.00000,0.00000,v.kochev,,2026-03-23 09:38:09,,13.16000,28952.00000,,,Y,N,N,,False,51.48000,,,,,,0,,2025-10-21 00:00:00,,,,,2200.00000,1907043,1,,,01,,,,,C,,Годен,,,
1927831,,WH1,307717,EKS000025065,428971,"Провод ПуГВнг(А)-LS 1х1,5 черный",,,ЭКС,100.00000,М,0.00000,ЭКС-000025065   ,,5867484.00000,,,0.02340,КГ,100.00000,0.31000,0.31000,СМ,,,,133400.00000,,,,,,Коробейников Николай Алек,Дунав М.И.,У0000001889ч,М,Базовый,ЗАО Металлист,0.00000,0.00000,v.kochev,,2026-03-23 09:38:09,,13.34000,1334.00000,,,Y,N,N,,False,2.34000,,,,,,0,,2025-10-24 00:00:00,,,,,100.00000,1909899,1,,,01,,,,,C,,Годен,,,
1927832,,WH1,307717,EKS000025065,428971,"Провод ПуГВнг(А)-LS 1х1,5 черный",,,ЭКС,100.00000,М,0.00000,ЭКС-000025065   ,,5867485.00000,,,0.02340,КГ,100.00000,0.31000,0.31000,СМ,,,,133400.00000,,,,,,Коробейников Николай Алек,Дунав М.И.,У0000001889ч,М,Базовый,ЗАО Металлист,0.00000,0.00000,v.kochev,,2026-03-23 09:38:09,,13.34000,1334.00000,,,Y,N,N,,False,2.34000,,,,,,0,,2025-10-24 00:00:00,,,,,100.00000,1909900,1,,,01,,,,,C,,Годен,,,
1927833,,WH1,307717,EKS000025065,428971,"Провод ПуГВнг(А)-LS 1х1,5 черный",,,ЭКС,100.00000,М,0.00000,ЭКС-000025065   ,,5867486.00000,,,0.02340,КГ,100.00000,0.31000,0.31000,СМ,,,,133400.00000,,,,,,Коробейников Николай Алек,Дунав М.И.,У0000001889ч,М,Базовый,ЗАО Металлист,0.00000,0.00000,v.kochev,,2026-03-23 09:38:09,,13.34000,1334.00000,,,Y,N,N,,False,2.34000,,,,,,0,,2025-10-24 00:00:00,,,,,100.00000,1909901,1,,,01,,,,,C,,Годен,,,
1927955,,WH1,307717,EKS000025065,338337,Зажим анкерный ЗАБ 16-25 (DN 123),,,ЭКС,10.00000,ШТ,0.00000,ЭКС-000025065   ,,5867508.00000,,,0.16300,КГ,22.00000,8.00000,6.00000,СМ,,,,10706.00000,,,,,,Коробейников Николай Алек,Дунав М.И.,UZA-14-D16-D25-S,ШТ,Базовый,ЭлектроОптТорг ООО,0.00000,0.00000,vihristuk,,2026-03-22 20:20:15,,107.06000,1070.60000,,,N,N,N,,False,1.63000,,,,,,0,,2025-10-24 00:00:00,,,,,10.00000,1910023,2,,,,,,,,C,,Годен,,,
1936821,,WH1,309489,EKS000026723,428971,"Провод ПуГВнг(А)-LS 1х1,5 черный",,,ЭКС,3000.00000,М,0.00000,ЭКС-000026723   ,,5880344.00000,,,0.02340,КГ,100.00000,0.31000,0.31000,СМ,,,,122670000.00000,,,,,,Коробейников Николай Алек,Дунав М.И.,У0000001889ч,М,Базовый,ЗАО Металлист,0.00000,0.00000,v.kochev,,2026-03-23 09:38:09,,13.63000,40890.00000,,,Y,N,N,,False,70.20000,,,,,,0,,2025-11-12 00:00:00,,,,,3000.00000,1918800,1,,,01,,,,,C,,Годен,,,
1939150,,WH1,309900,EKS000027110,302900,"Розетка с з/к, 16А, мех-зм, Atlasdesign Грифель  ATN000743",,,ЭКС,20.00000,ШТ,0.00000,ЭКС-000027110   ,,5883462.00000,,,0.08200,КГ,8.00000,8.00000,5.00000,СМ,,,,88284.00000,,,,,,Дортман Анна Павловна,Куграшова О.В.,ATN000743,ШТ,Базовый,Шнейдер Электрик АО,0.00000,0.00000,vihristuk,,2026-03-22 17:33:13,,220.71000,4414.20000,,,N,N,N,,False,1.64000,,,,,,0,,2025-11-15 00:00:00,,,,,20.00000,1921110,2,,,,,,,,C,,Годен,,,
1943625,,WH1,310728,EKS000027856,162087,"Кабель ВВГнг(A)-FR-LS 4х1,5 ок(N)-0,66 Кабэкс",,,ЭКС,3300.00000,М,0.00000,ЭКС-000027856   ,,5889644.00000,,,0.38400,КГ,100.00000,1.59000,1.59000,СМ,,False,,751627800.00000,15.9,,,,,Коробейников Николай Алек,Лихушина Н.И.,ТХМ00373475,М,Базовый,Кабельный завод Кабэкс ОО,0.00000,0.00000,v.kochev,,2026-03-23 09:58:33,,69.02000,227766.00000,,,Y,N,N,,False,1267.20000,,,,,,0,,2025-11-21 00:00:00,,,,,3300.00000,1925522,1,,,01,,,,,C,,Годен,,,
1945932,,WH1,311134,EKS000028225,101287,Корпус навес метал учет ЩУРН-3/12зо-1 36 12мод (540х310х165) IP31 ИЭК MKM35-N-12-31-ZO,,,ЭКС,3.00000,ШТ,0.00000,ЭКС-000028225   ,,5892629.00000,,,7.50000,КГ,55.00000,32.00000,17.00000,СМ,,,,27966.51000,,,,,,Дортман Анна Павловна,Феденькова Д.Ю.,MKM35-N-12-31-ZO,ШТ,Базовый,ЭлектроОптТорг ООО,0.00000,0.00000,vihristuk,,2026-03-22 17:44:14,,3107.39000,9322.17000,,,N,N,N,,False,22.50000,,,,,,0,,2025-11-21 00:00:00,,,,,3.00000,1927796,2,,,,,,,,C,,Годен,,,
1947817,,WH1,311450,EKS000028518,64409,Корпус навес метал учет ЩУРН-3/18мод (500x300x160) IP31 EKF mb23-3/18,,,ЭКС,10.00000,ШТ,1.00000,ЭКС-000028518   ,,5895015.00000,,,3.50000,КГ,52.00000,32.00000,18.00000,СМ,,,,265142.00000,,,,,,Дортман Анна Павловна,Феденькова Д.Ю.,mb23-3/18,ШТ,Базовый,Электрорешения ООО,0.00000,0.00000,vihristuk,,2026-03-22 17:36:18,,2651.42000,26514.20000,,,N,N,N,,False,35.00000,,,,,,0,,2025-11-28 00:00:00,,,,,10.00000,1929665,2,,,,,,,,C,,Годен,,,
1948596,,WH1,311557,EKS000028616,428971,"Провод ПуГВнг(А)-LS 1х1,5 черный",,,ЭКС,3000.00000,М,0.00000,ЭКС-000028616   ,,5896144.00000,,,0.02340,КГ,100.00000,0.31000,0.31000,СМ,,,,126810000.00000,,,,,,Коробейников Николай Алек,Дунав М.И.,У0000001889ч,М,Базовый,ЗАО Металлист,0.00000,0.00000,v.kochev,,2026-03-23 09:38:09,,14.09000,42270.00000,,,Y,N,N,,False,70.20000,,,,,,0,,2025-12-01 00:00:00,,,,,3000.00000,1930435,1,,,01,,,,,C,,Годен,,,
1952267,,WH1,312277,EKS000029280,296881,Провод ПУГВнг(A)-LS 1х35 (N),,,ЭКС,1353.00000,М,0.00000,ЭКС-000029280   ,,5901241.00000,,,0.44800,КГ,100.00000,1.05000,1.05000,СМ,,,,569374317.27000,12,,,,,Заказной,Дунав М.И.,Х0000002545с,М,Заказной товар,ЗАО Металлист,0.00000,0.00000,v.kochev,,2026-03-23 10:08:49,,311.03000,420823.59000,,,Y,N,N,,False,606.14400,,,,,,0,ЭКС-000060180   ,2025-12-09 00:00:00,,,,,1353.00000,1934056,1,,,01,,,,,C,,Годен,,,
1954332,,WH1,312634,EKS000029601,591892,Дюбель-хомут 5х10мм нейлон черный для плоского кабеля (100шт) EKF PROxima,,,ЭКС,618.00000,УП,218.00000,ЭКС-000029601   ,,5903714.00000,,,0.06700,КГ,18.00000,10.00000,4.00000,СМ,,False,,29973395.52000,,,,,,Дортман Анна Павловна,Гилета О.В.,plc-cd1-5x10b,УП,Базовый,Электрорешения ООО,0.00000,0.00000,vihristuk,,2026-03-22 21:13:02,,78.48000,48500.64000,,,N,N,N,,False,41.40600,,,,,,0,,2025-12-09 00:00:00,,,,,618.00000,1936098,2,,,,,,,,A,,Годен,,,
1956488,,WH1,313038,EKS000029988,127669,Корпус навесн. пласт. 1 ряд / 12 модулей ЩРН-П-12 IP41 ИЭК,,,ЭКС,3.00000,ШТ,0.00000,ЭКС-000029988   ,,5906866.00000,,,0.76000,КГ,26.00000,21.00000,10.00000,СМ,,,,6401.97000,,,,,,Дортман Анна Павловна,Феденькова Д.Ю.,MKP12-N-12-40-10,ШТ,Суперсклад,ЭлектроОптТорг ООО,0.00000,0.00000,vihristuk,,2026-03-22 21:15:48,,711.33000,2133.99000,,,N,N,N,,False,2.28000,,,,,,0,,2025-12-15 00:00:00,,,,,3.00000,1938234,2,,,,,,,,A,,Годен,,,
1957666,,WH1,313264,EKS000030201,183446,"Выключатель с/п 2кл. б/рамки ""Glossa"" белый GSL000151",,,ЭКС,10.00000,ШТ,0.00000,ЭКС-000030201   ,,5908701.00000,,,0.08050,КГ,7.00000,7.00000,4.00000,СМ,,,,14024.00000,,,,,,Дортман Анна Павловна,Куграшова О.В.,GSL000151,ШТ,Суперсклад,Шнейдер Электрик АО,0.00000,0.00000,vihristuk,,2026-03-22 16:43:53,,140.24000,1402.40000,,,N,N,N,,False,0.80500,,,,,,0,,2025-12-17 00:00:00,,,,,10.00000,1939399,2,,,,,,,,A,,Годен,,,
1959793,,WH1,313658,EKS000030567,747071,"Провод ПуГВнг(А)-LS 1х1,0 оранжевый",,,ЭКС,1000.00000,М,0.00000,ЭКС-000030567   ,,5911364.00000,,,0.01750,КГ,100.00000,0.28000,0.28000,СМ,,,,9720000.00000,,,,,,,Дунав М.И.,У0000001888ор,М,Базовый,ЗАО Металлист,0.00000,0.00000,v.kochev,,2026-03-23 09:36:57,,9.72000,9720.00000,,,Y,N,N,,False,17.50000,,,,,,0,,2025-12-15 00:00:00,,,,,1000.00000,1941501,1,,,01,,,,,C,,Годен,,,
1959804,,WH1,313658,EKS000030567,747071,"Провод ПуГВнг(А)-LS 1х1,0 оранжевый",,,ЭКС,200.00000,М,0.00000,ЭКС-000030567   ,,5911375.00000,,,0.01750,КГ,100.00000,0.28000,0.28000,СМ,,,,388800.00000,,,,,,,Дунав М.И.,У0000001888ор,М,Базовый,ЗАО Металлист,0.00000,0.00000,v.kochev,,2026-03-23 09:36:57,,9.72000,1944.00000,,,Y,N,N,,False,3.50000,,,,,,0,,2025-12-15 00:00:00,,,,,200.00000,1941512,1,,,01,,,,,C,,Годен,,,
1961697,,WH1,314112,EKS000030989,677191,"Выключатель 2-кл. СП, 10А, Минск белый",,,ЭКС,3704.00000,ШТ,0.00000,ЭКС-000030989   ,,5913933.00000,,,0.07900,КГ,8.00000,8.00000,4.00000,СМ,,,,835936202.88000,,,,,,,Гилета О.В.,ERV10-023-10,ШТ,Товар филиала,Электрорешения ООО,0.00000,0.00000,vihristuk,,2026-03-22 20:11:53,,60.93000,225684.72000,,,N,N,N,,False,292.61600,,,,,,0,,2026-01-01 00:00:00,,,,,3704.00000,1943375,2,,,,,,,,C,,Годен,,,
1961705,,WH1,314112,EKS000030989,591892,Дюбель-хомут 5х10мм нейлон черный для плоского кабеля (100шт) EKF PROxima,,,ЭКС,859.00000,УП,0.00000,ЭКС-000030989   ,,5913887.00000,,,0.06700,КГ,18.00000,10.00000,4.00000,СМ,,False,,57901522.07000,,,,,,Дортман Анна Павловна,Гилета О.В.,plc-cd1-5x10b,УП,Базовый,Электрорешения ООО,0.00000,0.00000,vihristuk,,2026-03-22 21:13:02,,78.47000,67405.73000,,,N,N,N,,False,57.55300,,,,,,0,,2026-01-01 00:00:00,,,,,859.00000,1943383,2,,,,,,,,A,,Годен,,,
1969756,,WH1,315901,EKS000000887,302623,"Рамка 4-пост, универсальная, Atlasdesign Белый  ATN000104",,,ЭКС,405.00000,ШТ,0.00000,ЭКС-000000887   ,,5925197.00000,,,0.06700,КГ,35.00000,10.00000,1.00000,СМ,,,,23611398.75000,,,,,,Дортман Анна Павловна,Куграшова О.В.,ATN000104,ШТ,Базовый,Шнейдер Электрик АО,0.00000,0.00000,vihristuk,,2026-03-22 21:35:38,,143.95000,58299.75000,,,N,N,N,,False,27.13500,,,,,,0,,2026-01-29 00:00:00,,,,,405.00000,1951275,2,,,,,,,,A,,Годен,,,
1969774,,WH1,315901,EKS000000887,302656,"Розетка компьютерная RJ45, мех-зм, Atlasdesign Белый  ATN000183",,,ЭКС,470.00000,ШТ,0.00000,ЭКС-000000887   ,,5925211.00000,,,0.07000,КГ,9.00000,9.00000,5.00000,СМ,,,,84684224.00000,,,,,,Дортман Анна Павловна,Куграшова О.В.,ATN000183,ШТ,Суперсклад,Шнейдер Электрик АО,0.00000,0.00000,vihristuk,,2026-03-22 21:32:58,,383.36000,180179.20000,,,N,N,N,,False,32.90000,,,,,,0,,2026-01-29 00:00:00,,,,,470.00000,1951293,2,,,,,,,,A,,Годен,,,
1969811,,WH1,315901,EKS000000887,302900,"Розетка с з/к, 16А, мех-зм, Atlasdesign Грифель  ATN000743",,,ЭКС,360.00000,ШТ,360.00000,ЭКС-000000887   ,,5925243.00000,,,0.08200,КГ,8.00000,8.00000,5.00000,СМ,,,,26985312.00000,,,,,,Дортман Анна Павловна,Куграшова О.В.,ATN000743,ШТ,Базовый,Шнейдер Электрик АО,0.00000,0.00000,vihristuk,,2026-03-22 17:33:13,,208.22000,74959.20000,,,N,N,N,,False,29.52000,,,,,,0,,2026-01-29 00:00:00,,,,,360.00000,1951330,2,,,,,,,,C,,Годен,,,
1985129,,WH1,319044,EKS000003779,15768,"Шина ""N""(ноль) 4х7 на DIN-рейку в корпусе ИЭК YND10-4-07-100",,,ЭКС,5.00000,ШТ,0.00000,ЭКС-000003779   ,,5945508.00000,,,0.24800,КГ,10.00000,9.00000,5.00000,СМ,,True,,14178.00000,,8536908500,,,,Лузянин Е.М.,Феденькова Д.Ю.,YND10-4-07-100,ШТ,Базовый,ЭлектроОптТорг ООО,0.00000,0.00000,vihristuk,,2026-03-22 17:07:26,,567.12000,2835.60000,,,N,N,N,,True,1.24000,,,,,,0,,2026-02-26 00:00:00,,,,,5.00000,1966424,2,,,,,,,,A,,Годен,,,
1987779,,WH1,319570,EKS000004277,810738,"Провод ПВС 2х0,75 Бухта 20м Промэко",,,ЭКС,30.00000,ШТ,0.00000,ЭКС-000004277   ,,5949071.00000,,,0.35000,КГ,18.00000,5.00000,18.00000,СМ,,,,326727.00000,,,,,,,Лихушина Н.И.,kz800200720,ШТ,Базовый,Промэко ООО,0.00000,0.00000,vihristuk,,2026-03-22 16:26:08,,363.03000,10890.90000,,,N,N,N,,False,10.50000,,,,,,0,,2026-03-03 00:00:00,,,,,30.00000,1969047,2,,,,,,,,C,,Годен,,,
1990070,,WH1,320010,EKS000004698,158301,"Кабель ВВГнг(A)-LS 3х10 ок(N,PE)-1",,,ЭКС,500.00000,М,0.00000,ЭКС-000004698   ,,5952170.00000,,,0.65900,КГ,100.00000,1.78000,1.78000,СМ,,,,71825000.00000,,,,,,Заказной,Лихушина Н.И.,ТХМ00351490,М,Заказной товар,Кабельный завод Кабэкс ОО,0.00000,0.00000,v.kochev,,2026-03-23 09:41:55,,287.30000,143650.00000,,,Y,N,N,,False,329.50000,,,,,,0,ЭКС-000066314   ,2026-03-06 00:00:00,,,,,500.00000,1971325,1,,,01,,,,,C,,Годен,,,
1992056,,WH1,320336,EKS000005010,428971,"Провод ПуГВнг(А)-LS 1х1,5 черный",,,ЭКС,2800.00000,М,0.00000,ЭКС-000005010   ,,5955631.00000,,,0.02340,КГ,100.00000,0.31000,0.31000,СМ,,,,112974400.00000,,,,,,Коробейников Николай Алек,Дунав М.И.,У0000001889ч,М,Базовый,ЗАО Металлист,0.00000,0.00000,v.kochev,,2026-03-23 09:38:09,,14.41000,40348.00000,,,Y,N,N,,False,65.52000,,,,,,0,,2026-03-12 00:00:00,,,,,2800.00000,1973297,1,,,01,,,,,C,,Годен,,,
1992063,,WH1,320336,EKS000005010,747071,"Провод ПуГВнг(А)-LS 1х1,0 оранжевый",,,ЭКС,1400.00000,М,0.00000,ЭКС-000005010,,5955638.00000,,,0.01750,КГ,100.00000,0.28000,0.28000,СМ,,,,18064480.00000,,,,,,,Дунав М.И.,У0000001888ор,М,Базовый,ЗАО Металлист,0.00000,0.00000,v.kochev,,2026-03-23 09:36:57,,10.16000,12903.20000,,Y,Y,N,N,,False,24.50000,,,,,,0,,2026-03-12 00:00:00,,,,,1270.00000,1973304,1,,,01,,,,,C,,Годен,,,
1992069,,WH1,320336,EKS000005010,747071,"Провод ПуГВнг(А)-LS 1х1,0 оранжевый",,,ЭКС,130.00000,М,130.00000,ЭКС-000005010   ,,5955662.00000,,,0.01750,КГ,100.00000,0.28000,0.28000,СМ,,,,171704.00000,,,,,,,Дунав М.И.,У0000001888ор,М,Базовый,ЗАО Металлист,0.00000,0.00000,v.kochev,,2026-03-23 09:36:57,,10.16000,1320.80000,,,Y,N,N,,False,2.27500,,,,,,0,,2026-03-12 00:00:00,,,,,130.00000,1973310,1,,,01,,,,,C,,Годен,,,
1992907,,WH1,320472,EKS000005134,162086,"Кабель ВВГнг(A)-FR-LS 3х6 ок(N,PE)-0,66",,,ЭКС,1181.00000,М,0.00000,ЭКС-000005134   ,,5956741.00000,,,0.59600,КГ,100.00000,1.85000,1.85000,СМ,,False,,279328785.47000,16.4,,,,,Коробейников Николай Алек,Лихушина Н.И.,ТХМ00373474,М,Товар РЦ,Кабельный завод Кабэкс ОО,0.00000,0.00000,v.kochev,,2026-03-23 09:57:42,,200.27000,236518.87000,,,Y,N,N,,False,703.87600,,,,,,0,,2026-03-12 00:00:00,,,,,1181.00000,1974137,1,,,01,,,,,C,,Годен,,,
1993001,,WH1,320506,EKS000005165,92144,"Кабель АВВГнг(A)-LS 5х2,5",,,ЭКС,1455.00000,М,0.00000,ЭКС-000005165   ,,5957012.00000,,,0.27800,КГ,100.00000,1.39000,1.39000,СМ,,,,53793605.25000,,,,,,Заказной,Лихушина Н.И.,92144,М,Заказной товар,,0.00000,0.00000,v.kochev,,2026-03-23 09:14:02,,25.41000,36971.55000,,,Y,N,N,,False,404.49000,,,,,,0,ЭКС-000008812   ,2026-03-16 00:00:00,,,,,1455.00000,1974230,1,,,01,,,,,C,,Годен,,,
1995363,,WH1,320959,EKS000005591,391563,Провод АС 240/32,,,ЭКС,30.00000,М,0.00000,ЭКС-000005591   ,,5960127.00000,,,0.92100,КГ,100.00000,2.16000,2.16000,СМ,,,,232380.00000,,,,,,Заказной,Дунав М.И.,391563,М,Заказной товар,Сибкабель АО,0.00000,0.00000,v.kochev,,2026-03-23 09:27:14,,258.20000,7746.00000,,,Y,N,N,,False,27.63000,,,,,,0,ЭКС-000007088   ,2026-03-19 00:00:00,,,,,30.00000,1976570,1,,,,,,,,C,,Годен,,,
1996082,,WH1,321052,EKS000005680,274846,Кабель ВБШвнг(A)-LS 4х185 мс(N)-1,,,ЭКС,200.00000,М,0.00000,ЭКС-000005680   ,,5961138.00000,,,9.65900,КГ,100.00000,5.36000,5.36000,СМ,,,,284838400.00000,54.3,,,,,Заказной,Лихушина Н.И.,ТХМ00343513,М,Заказной товар,Кабельный завод Кабэкс ОО,0.00000,0.00000,v.kochev,,2026-03-23 09:56:53,,7120.96000,1424192.00000,,,Y,N,N,,False,1931.80000,,,,,,0,ЭКС-000011982   ,2026-03-20 00:00:00,,,,,200.00000,1977287,1,,,01,,,,,C,,Годен,,,
1996346,,WH1,321100,EKS000005725,859715,Кабель ВВГнг(A)-LS 2х10 ок(N)-1,,,ЭКС,90.00000,М,0.00000,ЭКС-000005725   ,,5961484.00000,,,0.53300,КГ,100.00000,1.65000,1.65000,СМ,,False,,1598778.00000,,,,,,Заказной,Лихушина Н.И.,ТХМ00351491,М,Заказной товар,Кабельный завод Кабэкс ОО,0.00000,0.00000,v.kochev,,2026-03-23 09:16:08,,197.38000,17764.20000,,,Y,N,N,,False,47.97000,,,,,,0,ЭКС-000066314   ,2026-03-20 00:00:00,,,,,90.00000,1977548,1,,,,,,,,C,,Годен,,,
1996350,,WH1,321101,O00000001479,463490,КЭАЗ Выключатель автоматический OptiDin BM63-3C6-10-УХЛ3,,,ЭКС,1.00000,ШТ,0.00000,О00-000001479   ,,5961532.00000,,,0.20000,КГ,8.50000,7.50000,5.50000,СМ,,,,2390.00000,,,,,,Заказной,Шаповалов П.Г.,249248,ШТ,Заказной товар,Курский электроаппаратный,0.00000,0.00000,r.sagaidak,,2026-03-23 09:10:03,,2390.00000,2390.00000,,,N,N,N,,False,0.20000,,,,,,0,,2026-03-23 00:00:00,,,,,1.00000,1977552,2,,,,,,,,C,,Годен,,,
1996351,,WH1,321102,EKS000005726,674092,"Кабель ВВГ-Пнг(A)-LS 3х4 ок (N,РЕ)-0,66 бухта 50м ЭКС желт.",,,ЭКС,2.00000,ШТ,0.00000,ЭКС-000005726   ,,5961533.00000,,,13.85000,КГ,26.00000,26.00000,15.00000,СМ,,False,,23114.16000,,,,,,Коробейников Николай Алек,Козлова М.А.,674092,ШТ,Выводится из ассортимента,ИП Даммер Виктор Яковлеви,0.00000,0.00000,a.savitskiy,,2026-03-23 09:26:47,,5778.54000,11557.08000,,,N,N,N,,False,27.70000,,,,,,0,,2026-03-23 00:00:00,,,,,2.00000,1977553,2,,,,,,,KPP_shtuki,C,,Годен,,,
1996352,,WH1,321103,EKS000005727,674591,Светильник светодиодный линейный Feron AL5095 IP65 36W 4000K 1210x70x43мм,,,ЭКС,40.00000,ШТ,0.00000,ЭКС-000005727   ,,5961534.00000,,,0.40000,КГ,120.00000,7.00000,5.00000,СМ,,False,,1614944.00000,,,,,,Заказной,Косова Т.В.,32602,ШТ,Заказной товар,МСТ ООО  (FERON),0.00000,0.00000,a.manokhin,,2026-03-23 09:22:54,,1009.34000,40373.60000,,,N,N,N,,False,16.00000,,,,,,0,ЭКС-000012197   ,2026-03-23 00:00:00,,,,,40.00000,1977554,2,,,,,,,,C,,Годен,,,
1996353,,WH1,321104,O00000001480,7671,"Счетчик  Меркурий 230AМ-03 0,5S 5-7,5А/380В",,,ЭКС,2.00000,ШТ,0.00000,О00-000001480   ,,5961537.00000,,,1.34200,КГ,27.00000,18.00000,9.00000,СМ,,,,15231.44000,,,,,,,Княжева Ю.В.,,ШТ,Базовый,Гермес-Трейд Комплект ООО,0.00000,0.00000,a.savitskiy,,2026-03-23 09:51:38,,3807.86000,7615.72000,,,Y,N,N,,False,2.68400,,,,,,0,,2026-03-23 00:00:00,,,,,2.00000,1977555,2,,,,,,,Schetchik,B,,Годен,,,
1996354,,WH1,321104,O00000001480,7670,"Счетчик  Меркурий 230AМ-02 1,0 10-100А/380В",,,ЭКС,1.00000,ШТ,0.00000,О00-000001480   ,,5961536.00000,,,1.34200,КГ,34.00000,10.50000,18.50000,СМ,,,,3808.53000,,,,,,,Княжева Ю.В.,,ШТ,Базовый,Гермес-Трейд Комплект ООО,0.00000,0.00000,a.savitskiy,,2026-03-23 09:51:07,,3808.53000,3808.53000,,,Y,N,N,,False,1.34200,,,,,,0,,2026-03-23 00:00:00,,,,,1.00000,1977556,2,,,,,,,Schetchik,B,,Годен,,,
1996355,,WH1,321104,O00000001480,7669,"Счетчик  Меркурий 230AМ-01 1,0 5-50А(5-60A)/380В",,,ЭКС,10.00000,ШТ,0.00000,О00-000001480   ,,5961535.00000,,,1.34800,КГ,34.00000,10.00000,18.00000,СМ,,,,369084.00000,,,,,,,Княжева Ю.В.,,ШТ,Базовый,Гермес-Трейд Комплект ООО,0.00000,0.00000,a.savitskiy,,2026-03-23 09:50:27,,3690.84000,36908.40000,,,Y,N,N,,False,13.48000,,,,,,0,,2026-03-23 00:00:00,,,,,10.00000,1977557,2,,,,,,,Schetchik,C,,Годен,,,
1996356,,WH1,321105,EKS000005728,516336,"Диск алмазный сегментный 125 мм, для УШМ, по бетону, кирпичу и камню (Kranz)",,,ЭКС,20.00000,ШТ,0.00000,ЭКС-000005728   ,,5961549.00000,,,0.10000,КГ,13.00000,13.00000,0.60000,СМ,,,,65424.00000,,,,,,Дортман Анна Павловна,Петров И.В.,KR-90-0101,ШТ,Новинка,"ООО ""СДС""",0.00000,0.00000,n.bezrukov,,2026-03-23 10:56:15,,163.56000,3271.20000,,,N,N,N,,False,2.00000,,,,,,0,,2026-03-20 00:00:00,,,,,20.00000,1977558,2,,,,,,,,B,,Годен,,,
1996357,,WH1,321105,EKS000005728,512088,Бур по бетону 6x110x50 мм (2 грани) SDS-Plus (Kranz),,,ЭКС,643.00000,ШТ,0.00000,ЭКС-000005728   ,,5961548.00000,,,0.10000,КГ,19.00000,4.00000,2.00000,СМ,,,,15020602.17000,,,,,,Дортман Анна Павловна,Петров И.В.,KR-91-0006,ШТ,Новинка,"ООО ""СДС""",0.00000,0.00000,n.bezrukov,,2026-03-23 10:46:48,,36.33000,23360.19000,,,N,N,N,,False,64.30000,,,,,,0,,2026-03-20 00:00:00,,,,,643.00000,1977559,2,,,,,,,,A,,Годен,,,
1996358,,WH1,321105,EKS000005728,486506,Аккумулятор Li-ion 16340 unprotected 700 mAH 3.7 В REXANT,,,ЭКС,20.00000,ШТ,0.00000,ЭКС-000005728   ,,5961564.00000,,,0.02000,КГ,3.00000,1.50000,1.50000,СМ,,,,34180.00000,,,,,,Заказной,Княжева Ю.В.,30-2040,ШТ,Заказной товар,"ООО ""СДС""",0.00000,0.00000,n.bezrukov,,2026-03-23 11:13:54,,85.45000,1709.00000,,,N,N,N,,False,0.40000,,,,,,0,ЭКС-000010046   ,2026-03-20 00:00:00,,,,,20.00000,1977560,2,,,,,,,,C,,Годен,,,
1996359,,WH1,321105,EKS000005728,293063,"Флюс для пайки, ПАЯЛЬНАЯ КИСЛОТА, 30 мл, флакон REXANT",,,ЭКС,20.00000,ШТ,0.00000,ЭКС-000005728   ,,5961541.00000,,,0.10000,КГ,7.00000,3.00000,2.00000,СМ,,,,11684.00000,,,1,,,Дортман Анна Павловна,Петров И.В.,09-3610,ШТ,Базовый,"ООО ""СДС""",0.00000,0.00000,n.bezrukov,,2026-03-23 10:56:42,,29.21000,584.20000,,,N,N,N,,False,2.00000,,,,,,0,,2026-03-20 00:00:00,,,,,20.00000,1977561,2,,,,,,,,C,,Годен,,,
1996360,,WH1,321105,EKS000005728,281326,Тумблер 250V 15А (6c) ON-OFF-ON двухполюсный  (KN-203)  REXANT,,,ЭКС,100.00000,ШТ,0.00000,ЭКС-000005728   ,,5961560.00000,,,0.06000,КГ,6.00000,3.00000,2.00000,СМ,,,,981100.00000,,,1,,,Сарычев Дмитрий Сергеевич,Третьяков С.М.,36-4132,ШТ,Базовый,"ООО ""СДС""",0.00000,0.00000,n.bezrukov,,2026-03-23 11:01:54,,98.11000,9811.00000,,,N,N,N,,False,6.00000,,,,,,0,ЭКС-000009701   ,2026-03-20 00:00:00,,,,,100.00000,1977562,2,,,,,,,,C,,Годен,,,
1996361,,WH1,321105,EKS000005728,270620,Набор термоусадочных трубок №4 (РЫБОЛОВ) REXANT,,,ЭКС,79.00000,УП,0.00000,ЭКС-000005728   ,,5961540.00000,,,0.10000,КГ,15.00000,8.00000,1.00000,СМ,,,,203643.83000,,,1,,,Дортман Анна Павловна,Княжева Ю.В.,29-0104,УП,Базовый,"ООО ""СДС""",0.00000,0.00000,a.manokhin,,2026-03-23 10:39:01,,32.63000,2577.77000,,,N,N,N,,False,7.90000,,,,,,0,,2026-03-20 00:00:00,,,,,79.00000,1977563,2,,,,,,,,A,,Годен,,,
1996362,,WH1,321105,EKS000005728,270616,Набор термоусадочных трубок №2 (АВТО импорт) REXANT,,,ЭКС,47.00000,УП,0.00000,ЭКС-000005728   ,,5961539.00000,,,0.10000,КГ,17.00000,7.00000,2.00000,СМ,,,,97991.24000,,,1,,,Дортман Анна Павловна,Княжева Ю.В.,29-0102,УП,Базовый,"ООО ""СДС""",0.00000,0.00000,a.manokhin,,2026-03-23 10:39:52,,44.36000,2084.92000,,,N,N,N,,False,4.70000,,,,,,0,,2026-03-20 00:00:00,,,,,47.00000,1977564,2,,,,,,,,A,,Годен,,,
1996363,,WH1,321105,EKS000005728,464067,"Флюс для пайки, паяльный жир НЕЙТРАЛЬНЫЙ, 100 мл, банка REXANT",,,ЭКС,3.00000,ШТ,0.00000,ЭКС-000005728   ,,5961569.00000,,,0.20000,КГ,7.50000,5.00000,5.00000,СМ,,,,1087.92000,,,,,,Заказной,Петров И.В.,09-3667,ШТ,Заказной товар,"ООО ""СДС""",0.00000,0.00000,n.bezrukov,,2026-03-23 10:58:24,,120.88000,362.64000,,,N,N,N,,False,0.60000,,,,,,0,ЭКС-000009495   ,2026-03-20 00:00:00,,,,,3.00000,1977565,2,,,,,,,,C,,Годен,,,
1996364,,WH1,321105,EKS000005728,463723,"Круглогубцы прямые 160 мм, двухкомпонентная ручка (REXANT)",,,ЭКС,5.00000,ШТ,0.00000,ЭКС-000005728   ,,5961568.00000,,,0.16000,КГ,17.00000,6.00000,1.00000,СМ,,,,5001.75000,,,,,,Заказной,Петров И.В.,12-4623,ШТ,Заказной товар,"ООО ""СДС""",0.00000,0.00000,n.bezrukov,,2026-03-23 11:07:23,,200.07000,1000.35000,,,N,N,N,,False,0.80000,,,,,,0,ЭКС-000009495   ,2026-03-20 00:00:00,,,,,5.00000,1977566,2,,,,,,,,C,,Годен,,,
1996365,,WH1,321105,EKS000005728,462756,"Лента перфорированная прямая 12х0,55 мм, оцинк. (25 м) (REXANT)",,,ЭКС,135.00000,ШТ,0.00000,ЭКС-000005728   ,,5961547.00000,,,0.40000,КГ,20.00000,20.00000,1.50000,СМ,,,,4068731.25000,,,,,,Дортман Анна Павловна,Петров И.В.,07-7112-4,ШТ,Базовый,"ООО ""СДС""",0.00000,0.00000,a.manokhin,,2026-03-23 10:48:20,,223.25000,30138.75000,,,N,N,N,,False,54.00000,,,,,,0,,2026-03-20 00:00:00,,,,,135.00000,1977567,2,,,,,,,Niz_10,A,,Годен,,,
1996366,,WH1,321105,EKS000005728,433460,"Кабель-канал 40х25 мм, белый (32 м/уп.)  REXANT",,,ЭКС,128.00000,М,0.00000,ЭКС-000005728   ,,5961562.00000,,,0.20000,КГ,100.00000,4.00000,2.50000,СМ,,,,828211.20000,,,,,,Дортман Анна Павловна,Гилета О.В.,28-4025-2,М,Товар РЦ,"ООО ""СДС""",0.00000,0.00000,a.manokhin,,2026-03-23 10:45:28,,50.55000,6470.40000,,,N,N,N,,False,25.60000,,,,,,0,,2026-03-20 00:00:00,,,,,128.00000,1977568,2,,,,,,,Kanal,C,,Годен,,,
1996367,,WH1,321105,EKS000005728,431462,"Лента перфорированная волна 12х0,55 мм, оцинк. (25 м) (REXANT)",,,ЭКС,40.00000,ШТ,0.00000,ЭКС-000005728   ,,5961546.00000,,,0.20000,КГ,18.00000,1.00000,18.00000,СМ,,,,373136.00000,,,,,,Дортман Анна Павловна,Петров И.В.,07-7212-4,ШТ,Базовый,"ООО ""СДС""",0.00000,0.00000,a.manokhin,,2026-03-23 10:51:04,,233.21000,9328.40000,,,N,N,N,,False,8.00000,,,,,,0,,2026-03-20 00:00:00,,,,,40.00000,1977569,2,,,,,,,,A,,Годен,,,
1996368,,WH1,321105,EKS000005728,423525,"Зажим ""крокодил"" ЗК 500A 200 мм (уп. 2 шт) (1 шт. красный + 1 шт. черный) (REXANT)",,,ЭКС,2.00000,УП,2.00000,ЭКС-000005728   ,,5961561.00000,,,0.53000,КГ,16.00000,16.00000,6.00000,СМ,,False,,508.52000,,,,,,Заказной,Петров И.В.,16-0025,УП,Заказной товар,СДС  ООО,0.00000,0.00000,ILSSRV,cfb0adea-eead-41c7-ba4a-0a66358bfa7a,2026-03-23 10:24:47,,127.13000,254.26000,,,N,N,N,,False,1.06000,,,,,,0,ЭКС-000010058   ,2026-03-20 00:00:00,,,,,2.00000,1977570,2,,,,,,,,C,,Годен,,,
1996369,,WH1,321105,EKS000005728,422916,"Припой с канифолью, 1 м, d=0.8 мм, (олово 60%, свинец 40%), спираль, блистер REXANT",,,ЭКС,61.00000,ШТ,0.00000,ЭКС-000005728   ,,5961545.00000,,,0.00100,КГ,8.00000,5.00000,0.50000,СМ,,,,261921.19000,,,1,,,Дортман Анна Павловна,Петров И.В.,09-3130,ШТ,Базовый,"ООО ""СДС""",0.00000,0.00000,n.bezrukov,,2026-03-23 11:00:21,,70.39000,4293.79000,,,N,N,N,,False,0.06100,,,,,,0,,2026-03-20 00:00:00,,,,,61.00000,1977571,2,,,,,,,,A,,Годен,,,
1996370,,WH1,321105,EKS000005728,422905,"Маркер-краска MunHwa «Slim» 2 мм, белая, нитрооснова",,,ЭКС,64.00000,ШТ,0.00000,ЭКС-000005728   ,,5961544.00000,,,0.01000,КГ,13.00000,1.00000,1.00000,СМ,,,,717045.76000,,,1,,,Дортман Анна Павловна,Петров И.В.,08-7405,ШТ,Базовый,"ООО ""СДС""",0.00000,0.00000,n.bezrukov,,2026-03-23 10:59:14,,175.06000,11203.84000,,,N,N,N,,False,0.64000,,,,,,0,,2026-03-20 00:00:00,,,,,64.00000,1977572,2,,,,,,,,A,,Годен,,,
1996371,,WH1,321105,EKS000005728,389732,Газовая горелка-насадка GT-24 с пьезоподжигом (REXANT),,,ЭКС,38.00000,ШТ,0.00000,ЭКС-000005728   ,,5961543.00000,,,0.10000,КГ,18.00000,12.00000,5.00000,СМ,,,,315990.52000,,,1,,,Дортман Анна Павловна,Петров И.В.,12-0024,ШТ,Базовый,"ООО ""СДС""",0.00000,0.00000,a.manokhin,,2026-03-23 10:44:59,,218.83000,8315.54000,,,N,N,N,,False,3.80000,,,,,,0,,2026-03-20 00:00:00,,,,,38.00000,1977573,2,,,,,,,,A,,Годен,,,
1996372,,WH1,321105,EKS000005728,295241,Лезвие сегментированное 18 мм (уп. 10 шт) (REXANT),,,ЭКС,80.00000,УП,0.00000,ЭКС-000005728   ,,5961542.00000,,,0.10000,КГ,9.00000,2.00000,1.00000,СМ,,,,240128.00000,,,1,,,Дортман Анна Павловна,Петров И.В.,12-4912,УП,Базовый,"ООО ""СДС""",0.00000,0.00000,n.bezrukov,,2026-03-23 11:00:56,,37.52000,3001.60000,,,N,N,N,,False,8.00000,,,,,,0,,2026-03-20 00:00:00,,,,,80.00000,1977574,2,,,,,,,,A,,Годен,,,
1996373,,WH1,321105,EKS000005728,878160,Универсальный секундный клей 3гр,,,ЭКС,12.00000,ШТ,0.00000,ЭКС-000005728   ,,5961567.00000,,,0.00100,КГ,16.00000,7.50000,1.00000,СМ,,False,,1920.96000,,,,,,Заказной,Петров И.В.,61-0912,ШТ,Заказной товар,СДС  ООО инн_7734425377,0.00000,0.00000,a.savitskiy,,2026-03-23 10:51:46,,13.34000,160.08000,,,N,N,N,,False,0.01200,,,,,,0,ЭКС-000010160   ,2026-03-20 00:00:00,,,,,12.00000,1977575,2,,,,,,,,C,,Годен,,,
1996374,,WH1,321105,EKS000005728,855676,Клещи токовые MS2000G,,,ЭКС,1.00000,ШТ,0.00000,ЭКС-000005728   ,,5961566.00000,,,1.41000,КГ,30.00000,25.00000,6.50000,СМ,,False,,3777.24000,,,,,,Заказной,Третьяков С.М.,13-1301,ШТ,Заказной товар,СДС  ООО,0.00000,0.00000,a.savitskiy,,2026-03-23 10:49:57,,3777.24000,3777.24000,,,N,N,N,,False,1.41000,,,,,,0,ЭКС-000009919   ,2026-03-20 00:00:00,,,,,1.00000,1977576,2,,,,,,,,C,,Годен,,,
1996375,,WH1,321105,EKS000005728,824259,"Розетка  1-ая с ЗК   , со шторками и крышкой 16А титан  (рамка в комплекте) /KRANZ MIELE ROUND/",,,ЭКС,1.00000,ШТ,0.00000,ЭКС-000005728   ,,5961558.00000,,,0.10000,КГ,8.00000,8.00000,5.00000,СМ,,,,488.41000,,,,,,,Куграшова О.В.,KR-78-0702-2,ШТ,Заказной товар,СДС  ООО,0.00000,0.00000,n.bezrukov,,2026-03-23 11:02:50,,488.41000,488.41000,,,N,N,N,,False,0.10000,,,,,,0,,2026-03-20 00:00:00,,,,,1.00000,1977577,2,,,,,,,,C,,Годен,,,
1996376,,WH1,321105,EKS000005728,810714,"Розетка 1-ая с ЗК , со шторками 16А антрацит (рамка в комплекте) /KRANZ MIELE  STRONG /",,,ЭКС,200.00000,ШТ,0.00000,ЭКС-000005728   ,,5961553.00000,,,0.05000,КГ,8.00000,8.00000,4.00000,СМ,,,,13834400.00000,,,,,,,Куграшова О.В.,KR-78-0701-5,ШТ,Новинка,СДС  ООО,0.00000,0.00000,n.bezrukov,,2026-03-23 11:10:28,,345.86000,69172.00000,,,N,N,N,,False,10.00000,,,,,,0,,2026-03-20 00:00:00,,,,,200.00000,1977578,2,,,,,,,,C,,Годен,,,
1996377,,WH1,321105,EKS000005728,810703,"Розетка  1-ая с ЗК   , со шторками 16А титан  (рамка в комплекте) /KRANZ MIELE ROUND/",,,ЭКС,378.00000,ШТ,0.00000,ЭКС-000005728   ,,5961555.00000,,,0.05000,КГ,8.00000,8.00000,4.00000,СМ,,,,49857942.96000,,,,,,,Куграшова О.В.,KR-78-0701-2,ШТ,Новинка,СДС  ООО,0.00000,0.00000,n.bezrukov,,2026-03-23 11:10:46,,348.94000,131899.32000,,,N,N,N,,False,18.90000,,,,,,0,,2026-03-20 00:00:00,,,,,378.00000,1977579,2,,,,,,,,C,,Годен,,,
1996378,,WH1,321105,EKS000005728,810689,Рамка ГОРИЗОНТАЛЬНАЯ   2-пост перламутр / KRANZ MIELE ROUND/,,,ЭКС,20.00000,ШТ,0.00000,ЭКС-000005728   ,,5961559.00000,,,0.03000,КГ,16.00000,9.00000,1.50000,СМ,,False,,40376.00000,,,,,,,Куграшова О.В.,KR-78-0752-1,ШТ,Новинка,СДС  ООО,0.00000,0.00000,n.bezrukov,,2026-03-23 11:02:36,,100.94000,2018.80000,,,N,N,N,,False,0.60000,,,,,,0,,2026-03-20 00:00:00,,,,,20.00000,1977580,2,,,,,,,,C,,Годен,,,
1996379,,WH1,321105,EKS000005728,810681,"Розетка  1-ая с ЗК   , со шторками 16А оникс (рамка в комплекте)  /KRANZ MIELE ROUND/",,,ЭКС,50.00000,ШТ,0.00000,ЭКС-000005728   ,,5961557.00000,,,0.05000,КГ,8.00000,8.00000,4.00000,СМ,,,,864650.00000,,,,,,,Куграшова О.В.,KR-78-0701-3,ШТ,Новинка,СДС  ООО,0.00000,0.00000,n.bezrukov,,2026-03-23 11:03:49,,345.86000,17293.00000,,,N,N,N,,False,2.50000,,,,,,0,,2026-03-20 00:00:00,,,,,50.00000,1977581,2,,,,,,,,C,,Годен,,,
1996380,,WH1,321105,EKS000005728,803946,"Клемма вводная КВМ 4-25мм. для модульного оборудования, прямой ввод",,,ЭКС,20.00000,ШТ,0.00000,ЭКС-000005728   ,,5961565.00000,,,0.01200,КГ,3.00000,1.00000,1.00000,СМ,,False,,24624.00000,,,,,,Заказной,Феденькова Д.Ю.,11-2251,ШТ,Заказной товар,СДС  ООО,0.00000,0.00000,n.bezrukov,,2026-03-23 10:59:51,,61.56000,1231.20000,,,N,N,N,,False,0.24000,,,,,,0,ЭКС-000009926   ,2026-03-20 00:00:00,,,,,20.00000,1977582,2,,,,,,,,C,,Годен,,,
1996381,,WH1,321105,EKS000005728,797416,"PROconnect Кабель HDMI - HDMI 2.0, 10м, Gold (Zip Lock пакет)",,,ЭКС,10.00000,ШТ,0.00000,ЭКС-000005728   ,,5961570.00000,,,0.50000,КГ,17.00000,17.00000,5.00000,СМ,,,,71862.00000,,,,,,Заказной,Петров И.В.,17-6108-6,ШТ,Заказной товар,СДС  ООО,0.00000,0.00000,a.manokhin,,2026-03-23 10:44:46,,718.62000,7186.20000,,,N,N,N,,False,5.00000,,,,,,0,ЭКС-000009822   ,2026-03-20 00:00:00,,,,,10.00000,1977583,2,,,,,,,,C,,Годен,,,
1996382,,WH1,321105,EKS000005728,566250,"Диск отрезной по металлу 125х1,0 мм, для УШМ (Kranz)",,,ЭКС,100.00000,ШТ,0.00000,ЭКС-000005728   ,,5961552.00000,,,0.03000,КГ,12.00000,12.00000,0.12000,СМ,,,,276000.00000,,,,,,Дортман Анна Павловна,Петров И.В.,KR-90-0912,ШТ,Новинка,"ООО ""СДС""",0.00000,0.00000,a.manokhin,,2026-03-23 10:44:21,,27.60000,2760.00000,,,N,N,N,,False,3.00000,,,,,,0,,2026-03-20 00:00:00,,,,,100.00000,1977584,2,,,,,,,,B,,Годен,,,
1996383,,WH1,321105,EKS000005728,516479,"Сверло по кафелю, керамике, стеклу 6 мм (2 грани), шестигранный хвостовик (Kranz)",,,ЭКС,61.00000,ШТ,0.00000,ЭКС-000005728   ,,5961551.00000,,,0.02000,КГ,14.00000,4.00000,1.00000,СМ,,,,246144.15000,,,,,,Дортман Анна Павловна,Петров И.В.,KR-91-0642,ШТ,Новинка,"ООО ""СДС""",0.00000,0.00000,n.bezrukov,,2026-03-23 10:57:39,,66.15000,4035.15000,,,N,N,N,,False,1.22000,,,,,,0,,2026-03-20 00:00:00,,,,,61.00000,1977585,2,,,,,,,,B,,Годен,,,
1996384,,WH1,321105,EKS000005728,516371,Бур по бетону 10x160x100 мм (2 грани) SDS-Plus (Kranz),,,ЭКС,63.00000,ШТ,0.00000,ЭКС-000005728   ,,5961550.00000,,,0.20000,КГ,23.00000,4.00000,1.00000,СМ,,,,229050.99000,,,,,,Дортман Анна Павловна,Петров И.В.,KR-91-0013,ШТ,Новинка,"ООО ""СДС""",0.00000,0.00000,n.bezrukov,,2026-03-23 10:46:15,,57.71000,3635.73000,,,N,N,N,,False,12.60000,,,,,,0,,2026-03-20 00:00:00,,,,,63.00000,1977586,2,,,,,,,,C,,Годен,,,
1996385,,WH1,321106,EKS000005729,1297,"Кабель КСПВ 4х0,4",,,ЭКС,1000.00000,М,0.00000,ЭКС-000005729   ,,5961572.00000,,,0.01260,КГ,100.00000,0.32000,0.32000,СМ,,False,,9160000.00000,3.2,8544499509,,,,Коробейников Николай Алек,Козлова М.А.,01-4701,М,Базовый,СДС  ООО,0.00000,0.00000,a.manokhin,,2026-03-23 10:52:48,,9.16000,9160.00000,,,Y,N,N,,False,12.60000,,,,,,0,,2026-03-20 00:00:00,,,,,1000.00000,1977587,1,,,01,,,,,C,,Годен,,,
1996386,,WH1,321106,EKS000005729,1298,"Кабель КСПВ 4х0,5",,,ЭКС,4000.00000,М,0.00000,ЭКС-000005729   ,,5961573.00000,,,0.01580,КГ,100.00000,0.34000,0.34000,СМ,,False,,196800000.00000,3.4,8544499509,,,,Коробейников Николай Алек,Козлова М.А.,01-4711,М,Базовый,СДС  ООО,0.00000,0.00000,a.manokhin,,2026-03-23 10:52:30,,12.30000,49200.00000,,,Y,N,N,,False,63.20000,,,,,,0,,2026-03-20 00:00:00,,,,,4000.00000,1977588,1,,,01,,,,,C,,Годен,,,
1996387,,WH1,321106,EKS000005729,334512,"Провод для полевой связи П-274-М,500м",,,ЭКС,3000.00000,М,0.00000,ЭКС-000005729   ,,5961588.00000,,,0.01500,КГ,100.00000,0.46000,0.46000,СМ,,,,108180000.00000,4.6,,,,,Коробейников Николай Алек,Козлова М.А.,01-8080,М,Товар РЦ,СДС  ООО,0.00000,0.00000,a.manokhin,,2026-03-23 10:41:03,,12.02000,36060.00000,,,Y,N,N,,False,45.00000,,,,,,0,,2026-03-20 00:00:00,,,,,3000.00000,1977589,1,,,,,,,,C,,Годен,,,
1996388,,WH1,321106,EKS000005729,184790,"Кабель RG-6U, (48%), 75 Ом, 100м.,   PROCONNECT",,,ЭКС,1000.00000,М,0.00000,ЭКС-000005729   ,,5961599.00000,,,0.03250,КГ,100.00000,0.68000,0.68000,СМ,,,,8280000.00000,6.8,,,,,Коробейников Николай Алек,Козлова М.А.,01-2205_м,М,Базовый,СДС  ООО,0.00000,0.00000,a.savitskiy,,2026-03-23 10:45:16,,8.28000,8280.00000,,,Y,N,N,,False,32.50000,,,,,,0,,2026-03-20 00:00:00,,,,,1000.00000,1977590,1,,,,,,,,C,,Годен,,,
1996389,,WH1,321106,EKS000005729,184791,"Кабель RG-6U+CU, (64%), 75 Ом, 100м., белый  REXANT",,,ЭКС,1100.00000,М,0.00000,ЭКС-000005729   ,,5961600.00000,,,0.06500,КГ,100.00000,0.52000,0.52000,СМ,,,,24865500.00000,5.2,,,,,Коробейников Николай Алек,Козлова М.А.,01-2221_м,М,Базовый,СДС  ООО,0.00000,0.00000,a.savitskiy,,2026-03-23 10:45:36,,20.55000,22605.00000,,,Y,N,N,,False,71.50000,,,,,,0,,2026-03-20 00:00:00,,,,,1100.00000,1977591,1,,,,,,,,C,,Годен,,,
1996390,,WH1,321106,EKS000005729,184793,"Кабель SAT 703B+Cu/Al/Cu, 75 Ом, 100м., белый  REXANT",,,ЭКС,7000.00000,М,0.00000,ЭКС-000005729   ,,5961601.00000,,,0.03950,КГ,100.00000,0.68000,0.68000,СМ,,,,1138760000.00000,6.8,,,,,Коробейников Николай Алек,Козлова М.А.,01-2431_м,М,Суперсклад,СДС  ООО,0.00000,0.00000,a.savitskiy,,2026-03-23 10:47:30,,23.24000,162680.00000,,,Y,N,N,,False,276.50000,,,,,,0,,2026-03-20 00:00:00,,,,,7000.00000,1977592,1,,,,,,,,A,,Годен,,,
1996391,,WH1,321106,EKS000005729,874885,Мультиметр универсальный UT89XD,,,ЭКС,1.00000,ШТ,0.00000,ЭКС-000005729   ,,5961612.00000,,,0.54000,КГ,22.00000,16.00000,6.00000,СМ,,False,,2508.32000,,,,,,Заказной,Третьяков С.М.,13-0076,ШТ,,СДС  ООО инн_7734425377,0.00000,0.00000,n.bezrukov,,2026-03-23 11:15:39,,2508.32000,2508.32000,,,N,N,N,,False,0.54000,,,,,,0,ЭКС-000009107   ,2026-03-20 00:00:00,,,,,1.00000,1977593,2,,,,,,,,C,,Годен,,,
1996392,,WH1,321106,EKS000005729,810734,Рамка ГОРИЗОНТАЛЬНАЯ  5-пост антрацит  /KRANZ MIELE STRONG/,,,ЭКС,1.00000,ШТ,0.00000,ЭКС-000005729   ,,5961611.00000,,,0.07000,КГ,40.00000,9.00000,1.50000,СМ,,False,,458.48000,,,,,,,Куграшова О.В.,KR-78-0755-5,ШТ,Товар РЦ,СДС  ООО,0.00000,0.00000,n.bezrukov,,2026-03-23 10:41:00,,458.48000,458.48000,,,N,N,N,,False,0.07000,,,,,,0,ЭКС-000009150   ,2026-03-20 00:00:00,,,,,1.00000,1977594,2,,,,,,,,C,,Годен,,,
1996393,,WH1,321106,EKS000005729,810703,"Розетка  1-ая с ЗК   , со шторками 16А титан  (рамка в комплекте) /KRANZ MIELE ROUND/",,,ЭКС,58.00000,ШТ,0.00000,ЭКС-000005729   ,,5961610.00000,,,0.05000,КГ,8.00000,8.00000,4.00000,СМ,,,,1173834.16000,,,,,,,Куграшова О.В.,KR-78-0701-2,ШТ,Новинка,СДС  ООО,0.00000,0.00000,n.bezrukov,,2026-03-23 10:39:00,,348.94000,20238.52000,,,N,N,N,,False,2.90000,,,,,,0,,2026-03-20 00:00:00,,,,,58.00000,1977595,2,,,,,,,,C,,Годен,,,
1996394,,WH1,321106,EKS000005729,205699,"Шнур HDMI v1.4 gold 1,5 м с фильтрами REXANT",,,ЭКС,10.00000,ШТ,0.00000,ЭКС-000005729   ,,5961582.00000,,,0.20000,КГ,15.00000,3.00000,15.00000,СМ,,False,,17421.00000,,8544429007,1,,,Коробейников Николай Алек,Козлова М.А.,17-6203,ШТ,Базовый,СДС  ООО инн_7734425377,0.00000,0.00000,a.savitskiy,,2026-03-23 10:43:32,,174.21000,1742.10000,,,N,N,N,,False,2.00000,,,,,,0,,2026-03-20 00:00:00,,,,,10.00000,1977596,2,,,,,,,,C,,Годен,,,
1996395,,WH1,321106,EKS000005729,203050,ПЕРЕХОД гнездо F - штекер TV угловой REXANT,,,ЭКС,100.00000,ШТ,0.00000,ЭКС-000005729   ,,5961581.00000,,,0.01000,КГ,2.50000,2.00000,1.00000,СМ,,,,334400.00000,,,1,,,Коробейников Николай Алек,Козлова М.А.,05-4311,ШТ,Базовый,СДС  ООО,0.00000,0.00000,n.bezrukov,,2026-03-23 10:49:45,,33.44000,3344.00000,,,N,N,N,,False,1.00000,,,,,,0,,2026-03-20 00:00:00,,,,,100.00000,1977597,2,,,,,,,,C,,Годен,,,
1996396,,WH1,321106,EKS000005729,203045,ПЕРЕХОД гнездо F - штекер TV REXANT,,,ЭКС,100.00000,ШТ,0.00000,ЭКС-000005729   ,,5961580.00000,,,0.01000,КГ,2.50000,2.00000,1.00000,СМ,,,,127500.00000,,,1,,,Коробейников Николай Алек,Козлова М.А.,05-4303,ШТ,Базовый,СДС  ООО,0.00000,0.00000,n.bezrukov,,2026-03-23 10:44:05,,12.75000,1275.00000,,,N,N,N,,False,1.00000,,,,,,0,,2026-03-20 00:00:00,,,,,100.00000,1977598,2,,,,,,,,B,,Годен,,,
1996397,,WH1,321106,EKS000005729,200521,"ДЕЛИТЕЛЬ ТВ x 3 + 4шт. F ""BOX"" 5-1000 МГц ""Silver"" REXANT",,,ЭКС,50.00000,ШТ,0.00000,ЭКС-000005729   ,,5961579.00000,,,1.00000,КГ,5.00000,5.00000,5.00000,СМ,,,,437300.00000,,,1,,,Коробейников Николай Алек,Козлова М.А.,05-6102,ШТ,Базовый,СДС  ООО,0.00000,0.00000,a.savitskiy,,2026-03-23 10:41:33,,174.92000,8746.00000,,,N,N,N,,False,50.00000,,,,,,0,,2026-03-20 00:00:00,,,,,50.00000,1977599,2,,,,,,,,B,,Годен,,,
1996398,,WH1,321106,EKS000005729,200520,"ДЕЛИТЕЛЬ ТВ x 2 + 3шт. F ""BOX"" 5-1000 МГц ""Silver"" REXANT",,,ЭКС,100.00000,ШТ,0.00000,ЭКС-000005729   ,,5961578.00000,,,0.08300,КГ,5.00000,5.00000,5.00000,СМ,,,,1311900.00000,,,,,,Коробейников Николай Алек,Козлова М.А.,05-6101,ШТ,Базовый,СДС  ООО,0.00000,0.00000,n.bezrukov,,2026-03-23 11:08:38,,131.19000,13119.00000,,,N,N,N,,False,8.30000,,,,,,0,,2026-03-20 00:00:00,,,,,100.00000,1977600,2,,,,,,,,A,,Годен,,,
1996399,,WH1,321106,EKS000005729,200519,"ДЕЛИТЕЛЬ ТВ x 3 + 4шт. F ""BOX"" 5-1000 МГц ""GOLD"" REXANT",,,ЭКС,5.00000,ШТ,0.00000,ЭКС-000005729   ,,5961577.00000,,,0.20000,КГ,5.00000,5.00000,5.00000,СМ,,,,3942.50000,,,,,,Коробейников Николай Алек,Козлова М.А.,05-6102-1,ШТ,Базовый,СДС  ООО,0.00000,0.00000,a.savitskiy,,2026-03-23 10:42:41,,157.70000,788.50000,,,N,N,N,,False,1.00000,,,,,,0,,2026-03-20 00:00:00,,,,,5.00000,1977601,2,,,,,,,,C,,Годен,,,
1996400,,WH1,321106,EKS000005729,197266,"ПЕРЕХОД гнездо F - гнездо F ""БОЧКА"" REXANT",,,ЭКС,200.00000,ШТ,0.00000,ЭКС-000005729   ,,5961576.00000,,,0.10000,КГ,3.00000,1.00000,1.00000,СМ,,,,496800.00000,,,,,,Коробейников Николай Алек,Козлова М.А.,05-4201,ШТ,Базовый,СДС  ООО,0.00000,0.00000,n.bezrukov,,2026-03-23 10:50:43,,12.42000,2484.00000,,,N,N,N,,False,20.00000,,,,,,0,,2026-03-20 00:00:00,,,,,200.00000,1977602,2,,,,,,,,B,,Годен,,,
1996401,,WH1,321106,EKS000005729,184800,РАЗЪЁМ  F-разъём RG-6 (03-008C)  REXANT,,,ЭКС,700.00000,ШТ,0.00000,ЭКС-000005729   ,,5961575.00000,,,0.03500,КГ,2.00000,1.00000,1.00000,СМ,,,,3621100.00000,,,,,,Коробейников Николай Алек,Козлова М.А.,05-4003,ШТ,Базовый,СДС  ООО,0.00000,0.00000,n.bezrukov,,2026-03-23 10:43:39,,7.39000,5173.00000,,,N,N,N,,False,24.50000,,,,,,0,,2026-03-20 00:00:00,,,,,700.00000,1977603,2,,,,,,,,B,,Годен,,,
1996402,,WH1,321106,EKS000005729,184799,"РАЗЪЁМ  F-разъём  RG-6   ""AB"" (03-008C)  PROCONNECT",,,ЭКС,50.00000,ШТ,0.00000,ЭКС-000005729   ,,5961574.00000,,,0.00100,КГ,2.00000,1.30000,1.30000,СМ,,,,8475.00000,,,1,,,Коробейников Николай Алек,Козлова М.А.,05-4003-4,ШТ,Базовый,СДС  ООО,0.00000,0.00000,n.bezrukov,,2026-03-23 11:16:53,,3.39000,169.50000,,,N,N,N,,False,0.05000,,,,,,0,,2026-03-20 00:00:00,,,,,50.00000,1977604,2,,,,,,,,C,,Годен,,,
1996403,,WH1,321106,EKS000005729,715031,"Клемма СМК 222-422R проxодная разъемная 2 полюса серая 0,2-2,5/4мм? (50 шт/уп) REXANT",,,ЭКС,100.00000,ШТ,0.00000,ЭКС-000005729   ,,5961609.00000,,,0.01000,КГ,4.50000,1.30000,1.50000,СМ,,,,410300.00000,,,,,,,Феденькова Д.Ю.,07-5262,ШТ,Товар филиала,СДС  ООО,0.00000,0.00000,a.savitskiy,,2026-03-23 10:43:04,,41.03000,4103.00000,,,N,N,N,,False,1.00000,,,,,,0,ЭКС-000009142   ,2026-03-20 00:00:00,,,,,100.00000,1977605,2,,,,,,,,C,,Годен,,,
1996404,,WH1,321106,EKS000005729,575380,"Изолента высоковольтная самослипающаяся, до 1кВ, 0.76х25 мм, 5 м Kranz",,,ЭКС,10.00000,ШТ,0.00000,ЭКС-000005729   ,,5961608.00000,,,0.20000,КГ,12.00000,9.50000,3.00000,СМ,,False,,11661.00000,,,,,,Дортман Анна Павловна,Петров И.В.,KR-09-2511,ШТ,Товар филиала,СДС  ООО,0.00000,0.00000,n.bezrukov,,2026-03-23 10:51:19,,116.61000,1166.10000,,,N,N,N,,False,2.00000,,,,,,0,ЭКС-000009220   ,2026-03-20 00:00:00,,,,,10.00000,1977606,2,,,,,,,,C,,Годен,,,
1996405,,WH1,321106,EKS000005729,516369,Бур по бетону 8x160x100 мм (2 грани) SDS-Plus (Kranz),,,ЭКС,10.00000,ШТ,0.00000,ЭКС-000005729   ,,5961607.00000,,,0.10000,КГ,24.00000,5.00000,1.00000,СМ,,,,5231.00000,,,1,,,Дортман Анна Павловна,Петров И.В.,KR-91-0012,ШТ,Новинка,"ООО ""СДС""",0.00000,0.00000,n.bezrukov,,2026-03-23 10:50:25,,52.31000,523.10000,,,N,N,N,,False,1.00000,,,,,,0,ЭКС-000009343   ,2026-03-20 00:00:00,,,,,10.00000,1977607,2,,,,,,,,C,,Годен,,,
1996406,,WH1,321106,EKS000005729,504664,Шнур USB 3.1 type C (male)-USB 2.0 (male) 1 м белый REXANT,,,ЭКС,10.00000,ШТ,0.00000,ЭКС-000005729   ,,5961605.00000,,,0.10000,КГ,8.00000,7.00000,1.00000,СМ,,,,8753.00000,,,,,,Коробейников Николай Алек,Козлова М.А.,18-1881-1,ШТ,Товар РЦ,СДС  ООО,0.00000,0.00000,a.savitskiy,,2026-03-23 10:42:18,,87.53000,875.30000,,,N,N,N,,False,1.00000,,,,,,0,,2026-03-20 00:00:00,,,,,10.00000,1977608,2,,,,,,,,C,,Годен,,,
1996407,,WH1,321106,EKS000005729,504663,"Кабель USB-Lightning для iPhone/2,4A/nylon/denim/1m/REXANT",,,ЭКС,40.00000,ШТ,0.00000,ЭКС-000005729   ,,5961604.00000,,,0.10000,КГ,19.00000,6.00000,2.00000,СМ,,,,200864.00000,,,,,,Коробейников Николай Алек,Козлова М.А.,18-4248,ШТ,Базовый,СДС  ООО,0.00000,0.00000,a.manokhin,,2026-03-23 10:32:51,,125.54000,5021.60000,,,N,N,N,,False,4.00000,,,,,,0,,2026-03-20 00:00:00,,,,,40.00000,1977609,2,,,,,,,,C,,Годен,,,
1996408,,WH1,321106,EKS000005729,431746,USB кабель для iPhone 5/6/7 моделей шнур 1М черный REXANT,,,ЭКС,10.00000,ШТ,0.00000,ЭКС-000005729   ,,5961603.00000,,,0.05000,КГ,14.00000,8.00000,1.00000,СМ,,,,8753.00000,,,,,,Коробейников Николай Алек,Козлова М.А.,18-1122,ШТ,Базовый,СДС  ООО,0.00000,0.00000,n.bezrukov,,2026-03-23 10:54:27,,87.53000,875.30000,,,N,N,N,,False,0.50000,,,,,,0,,2026-03-20 00:00:00,,,,,10.00000,1977610,2,,,,,,,,C,,Годен,,,
1996409,,WH1,321106,EKS000005729,422991,"Кабель PROconnect HDMI - HDMI 1.4, 1.5м Gold",,,ЭКС,10.00000,ШТ,0.00000,ЭКС-000005729   ,,5961602.00000,,,0.05000,КГ,13.00000,13.00000,2.00000,СМ,,,,10192.00000,,,1,,,Коробейников Николай Алек,Козлова М.А.,17-6203-6,ШТ,Базовый,СДС  ООО,0.00000,0.00000,n.bezrukov,,2026-03-23 10:42:53,,101.92000,1019.20000,,,N,N,N,,False,0.50000,,,,,,0,,2026-03-20 00:00:00,,,,,10.00000,1977611,2,,,,,,,,C,,Годен,,,
1996410,,WH1,321106,EKS000005729,357586,"Минибухта UTP REXANT 4PR 24AWG, CU (медь), CAT5e, 100 МГц, PVC, серый, бухта 50 м",,,ЭКС,10.00000,ШТ,0.00000,ЭКС-000005729   ,,5961598.00000,,,0.40000,КГ,18.00000,7.00000,18.00000,СМ,,,,179544.00000,,,,,,Коробейников Николай Алек,Козлова М.А.,01-0043-50,ШТ,Базовый,СДС  ООО,0.00000,0.00000,a.manokhin,,2026-03-23 10:47:18,,1795.44000,17954.40000,,,N,N,N,,False,4.00000,,,,,,0,,2026-03-20 00:00:00,,,,,10.00000,1977612,2,,,,,,,,B,,Годен,,,
1996411,,WH1,321106,EKS000005729,357585,"Минибухта UTP REXANT 4PR 24AWG, CU (медь), CAT5e, 100 МГц, PVC, серый, бухта 25 м",,,ЭКС,50.00000,ШТ,0.00000,ЭКС-000005729   ,,5961597.00000,,,0.40000,КГ,17.00000,6.00000,17.00000,СМ,,,,2334150.00000,,,,,,Коробейников Николай Алек,Козлова М.А.,01-0043-25,ШТ,Базовый,СДС  ООО,0.00000,0.00000,n.bezrukov,,2026-03-23 10:48:21,,933.66000,46683.00000,,,N,N,N,,False,20.00000,,,,,,0,,2026-03-20 00:00:00,,,,,50.00000,1977613,2,,,,,,,,B,,Годен,,,
1996412,,WH1,321106,EKS000005729,312137,Шнур USB 3.1 type C (male)- USB 2.0 (male) в тканевой оплетке 1М silver REXANT,,,ЭКС,70.00000,ШТ,0.00000,ЭКС-000005729   ,,5961596.00000,,,0.00900,КГ,14.00000,9.00000,1.00000,СМ,,,,490147.00000,,,1,,,Коробейников Николай Алек,Козлова М.А.,18-1884,ШТ,Базовый,СДС  ООО,0.00000,0.00000,n.bezrukov,,2026-03-23 10:54:56,,100.03000,7002.10000,,,N,N,N,,False,0.63000,,,,,,0,,2026-03-20 00:00:00,,,,,70.00000,1977614,2,,,,,,,,C,,Годен,,,
1996413,,WH1,321106,EKS000005729,295979,"USB кабель для iPhone 5/6/7 моделей, шнур в металлической оплетке, серебристый REXANT",,,ЭКС,20.00000,ШТ,0.00000,ЭКС-000005729   ,,5961595.00000,,,0.08000,КГ,15.00000,10.00000,2.00000,СМ,,,,61520.00000,,,,,,Коробейников Николай Алек,Козлова М.А.,18-4247,ШТ,Базовый,СДС  ООО,0.00000,0.00000,n.bezrukov,,2026-03-23 10:53:49,,153.80000,3076.00000,,,N,N,N,,False,1.60000,,,,,,0,,2026-03-20 00:00:00,,,,,20.00000,1977615,2,,,,,,,,C,,Годен,,,
1996414,,WH1,321106,EKS000005729,292938,"Кабель SAT 703B+Cu/Al/Cu,(75%), 75 Ом, 20м., белый  REXANT",,,ЭКС,30.00000,ШТ,0.00000,ЭКС-000005729   ,,5961594.00000,,,0.20000,КГ,16.00000,7.00000,16.00000,СМ,,,,480168.00000,,,,,,Коробейников Николай Алек,Козлова М.А.,01-2431-20,ШТ,Базовый,СДС  ООО,0.00000,0.00000,n.bezrukov,,2026-03-23 11:09:57,,533.52000,16005.60000,,,N,N,N,,False,6.00000,,,,,,0,,2026-03-20 00:00:00,,,,,30.00000,1977616,2,,,,,,,,B,,Годен,,,
1996415,,WH1,321106,EKS000005729,292937,"Кабель SAT 703B+Cu/Al/Cu,(75%), 75 Ом, 50м., белый  REXANT",,,ЭКС,10.00000,ШТ,0.00000,ЭКС-000005729   ,,5961593.00000,,,0.50000,КГ,22.00000,22.00000,8.00000,СМ,,,,133381.00000,,,,,,Коробейников Николай Алек,Козлова М.А.,01-2431-50,ШТ,Базовый,СДС  ООО,0.00000,0.00000,a.manokhin,,2026-03-23 10:54:24,,1333.81000,13338.10000,,,N,N,N,,False,5.00000,,,,,,0,,2026-03-20 00:00:00,,,,,10.00000,1977617,2,,,,,,,,C,,Годен,,,
1996416,,WH1,321106,EKS000005729,292936,"Кабель SAT 703B+Cu/Al/Cu,(75%), 75 Ом, 10м., белый  REXANT",,,ЭКС,20.00000,ШТ,0.00000,ЭКС-000005729   ,,5961592.00000,,,0.20000,КГ,12.00000,12.00000,7.00000,СМ,,,,83464.00000,,,,,,Коробейников Николай Алек,Козлова М.А.,01-2431-10,ШТ,Базовый,СДС  ООО,0.00000,0.00000,a.savitskiy,,2026-03-23 10:47:59,,208.66000,4173.20000,,,N,N,N,,False,4.00000,,,,,,0,,2026-03-20 00:00:00,,,,,20.00000,1977618,2,,,,,,,,C,,Годен,,,
1996417,,WH1,321106,EKS000005729,292935,"Кабель RG-6U, (48%), 75 Ом, 50м., белый  PROCONNECT",,,ЭКС,5.00000,ШТ,0.00000,ЭКС-000005729   ,,5961591.00000,,,0.30000,КГ,20.00000,8.00000,20.00000,СМ,,,,14718.75000,,,,,,Коробейников Николай Алек,Козлова М.А.,01-2205-50,ШТ,Базовый,СДС  ООО,0.00000,0.00000,n.bezrukov,,2026-03-23 11:09:38,,588.75000,2943.75000,,,N,N,N,,False,1.50000,,,,,,0,,2026-03-20 00:00:00,,,,,5.00000,1977619,2,,,,,,,,C,,Годен,,,
1996418,,WH1,321106,EKS000005729,292934,"Кабель RG-6U, (48%), 75 Ом, 20м., белый  PROCONNECT",,,ЭКС,10.00000,ШТ,0.00000,ЭКС-000005729   ,,5961590.00000,,,0.20000,КГ,16.00000,6.00000,16.00000,СМ,,,,25600.00000,,,,,,Коробейников Николай Алек,Козлова М.А.,01-2205-20,ШТ,Базовый,СДС  ООО,0.00000,0.00000,n.bezrukov,,2026-03-23 10:44:18,,256.00000,2560.00000,,,N,N,N,,False,2.00000,,,,,,0,,2026-03-20 00:00:00,,,,,10.00000,1977620,2,,,,,,,,C,,Годен,,,
1996419,,WH1,321106,EKS000005729,292933,"Кабель RG-6U, (48%), 75 Ом, 10м., белый  PROCONNECT",,,ЭКС,30.00000,ШТ,0.00000,ЭКС-000005729   ,,5961589.00000,,,0.30000,КГ,14.00000,6.00000,14.00000,СМ,,,,115587.00000,,,,,,Коробейников Николай Алек,Козлова М.А.,01-2205-10,ШТ,Базовый,СДС  ООО,0.00000,0.00000,n.bezrukov,,2026-03-23 11:09:18,,128.43000,3852.90000,,,N,N,N,,False,9.00000,,,,,,0,,2026-03-20 00:00:00,,,,,30.00000,1977621,2,,,,,,,,C,,Годен,,,
1996420,,WH1,321106,EKS000005729,273964,USB кабель универсальный microUSB шнур плоский 1М черный,,,ЭКС,30.00000,ШТ,0.00000,ЭКС-000005729   ,,5961587.00000,,,0.20000,КГ,20.00000,10.00000,1.00000,СМ,,,,108036.00000,,,1,,,Коробейников Николай Алек,Козлова М.А.,18-4270,ШТ,Базовый,СДС  ООО,0.00000,0.00000,a.manokhin,,2026-03-23 10:33:19,,120.04000,3601.20000,,,N,N,N,,False,6.00000,,,,,,0,,2026-03-20 00:00:00,,,,,30.00000,1977622,2,,,,,,,,B,,Годен,,,
1996421,,WH1,321106,EKS000005729,268669,"Сетевое зарядное устройство iPhone/iPod USB белое (СЗУ) (5V, 1000 mA)",,,ЭКС,20.00000,ШТ,0.00000,ЭКС-000005729   ,,5961586.00000,,,0.10000,КГ,14.00000,10.00000,2.00000,СМ,,,,46184.00000,,,1,,,Коробейников Николай Алек,Козлова М.А.,18-1194,ШТ,Базовый,СДС  ООО,0.00000,0.00000,n.bezrukov,,2026-03-23 10:50:08,,115.46000,2309.20000,,,N,N,N,,False,2.00000,,,,,,0,,2026-03-20 00:00:00,,,,,20.00000,1977623,2,,,,,,,,A,,Годен,,,
1996422,,WH1,321106,EKS000005729,268666,Шнур USB 3.1 type C (male)- USB 2.0 (male) 1М  REXANT,,,ЭКС,30.00000,ШТ,0.00000,ЭКС-000005729   ,,5961585.00000,,,0.10000,КГ,19.00000,10.00000,2.00000,СМ,,,,78777.00000,,,1,,,Коробейников Николай Алек,Козлова М.А.,18-1881,ШТ,Базовый,СДС  ООО,0.00000,0.00000,n.bezrukov,,2026-03-23 10:53:00,,87.53000,2625.90000,,,N,N,N,,False,3.00000,,,,,,0,,2026-03-20 00:00:00,,,,,30.00000,1977624,2,,,,,,,,A,,Годен,,,
1996423,,WH1,321106,EKS000005729,249633,"Разъем UTP RJ-45 (8P8C), CAT 5e PROconnect",,,ЭКС,1100.00000,ШТ,0.00000,ЭКС-000005729   ,,5961584.00000,,,0.01000,КГ,3.00000,1.00000,1.00000,СМ,,,,2831400.00000,,,,,,Коробейников Николай Алек,Козлова М.А.,05-1021-3,ШТ,Базовый,СДС  ООО,0.00000,0.00000,n.bezrukov,,2026-03-23 10:43:54,,2.34000,2574.00000,,,N,N,N,,False,11.00000,,,,,,0,,2026-03-20 00:00:00,,,,,1100.00000,1977625,2,,,,,,,,B,,Годен,,,
1996424,,WH1,321106,EKS000005729,232487,ПЕРЕХОД гнездо F - гнездо TV REXANT,,,ЭКС,200.00000,ШТ,0.00000,ЭКС-000005729   ,,5961583.00000,,,0.00100,КГ,2.00000,1.30000,1.30000,СМ,,,,531600.00000,,,1,,,Коробейников Николай Алек,Козлова М.А.,05-4301,ШТ,Базовый,СДС  ООО,0.00000,0.00000,a.savitskiy,,2026-03-23 10:42:02,,13.29000,2658.00000,,,N,N,N,,False,0.20000,,,,,,0,,2026-03-20 00:00:00,,,,,200.00000,1977626,2,,,,,,,,B,,Годен,,,
1996425,,WH1,321107,EKS000005730,669840,"Ledel L-trade 55/45/Д/4,0К/02/IKIII-13/220АС/Standart IP54",,,ЭКС,10.00000,ШТ,0.00000,ЭКС-000005730   ,,5961613.00000,,,2.34000,КГ,155.00000,11.00000,10.00000,СМ,,,,706967.00000,,,,,,Заказной,Колупаев В.Г.,313104500842100,ШТ,Заказной товар,Торговый дом Ферекс,0.00000,0.00000,a.manokhin,,2026-03-23 11:01:30,,7069.67000,70696.70000,,,N,N,N,,False,23.40000,,,,,,0,ЭКС-000069166   ,2026-03-16 00:00:00,,,,,10.00000,1977627,2,,,,,,,,C,,Годен,,,
1996426,,WH1,321108,EKS000005731,419027,"Удлинитель на катушке ""Атлант 2.0"" 4 гнезда 50м с заземлением  КГ 3*1,5  16А/3,5кВт IP44 PROxima EKF",,,ЭКС,9.00000,ШТ,0.00000,ЭКС-000005731   ,,5961614.00000,,,2.00000,КГ,30.00000,30.00000,20.00000,СМ,,,,522888.21000,,,,,,Заказной,Княжева Ю.В.,UKA02-16-315R-4-50-IP44,ШТ,Заказной товар,Электрорешения ООО,0.00000,0.00000,a.savitskiy,,2026-03-23 11:27:18,,6455.41000,58098.69000,,,N,N,N,,False,18.00000,,,,,,0,ЭКС-000010999   ,2026-04-01 00:00:00,,,,,9.00000,1977628,2,,,,,,,,C,,Годен,,,
1996427,,WH1,321109,EKS000005732,635168,Автоматический выключатель 3P 50А (C) 6кА ВА 47-63N EKF PROxima,,,ЭКС,1.00000,ШТ,0.00000,ЭКС-000005732   ,,5961616.00000,,,0.20000,КГ,8.00000,7.00000,5.00000,СМ,,,,563.13000,,,,,,Заказной,Шаповалов П.Г.,M636350C,ШТ,Заказной товар,Электрорешения ООО,0.00000,0.00000,a.savitskiy,,2026-03-23 11:33:10,,563.13000,563.13000,,,N,N,N,,False,0.20000,,,,,,0,ЭКС-000010267   ,2026-04-01 00:00:00,,,,,1.00000,1977629,2,,,,,,,,C,,Годен,,,
1996428,,WH1,321110,EKS000005733,635168,Автоматический выключатель 3P 50А (C) 6кА ВА 47-63N EKF PROxima,,,ЭКС,12.00000,ШТ,0.00000,ЭКС-000005733   ,,5961617.00000,,,0.20000,КГ,8.00000,7.00000,5.00000,СМ,,,,56763.36000,,,,,,Заказной,Шаповалов П.Г.,M636350C,ШТ,Заказной товар,Электрорешения ООО,0.00000,0.00000,a.savitskiy,,2026-03-23 11:38:20,,394.19000,4730.28000,,,N,N,N,,False,2.40000,,,,,,0,ЭКС-000006785   ,2026-04-01 00:00:00,,,,,12.00000,1977630,2,,,,,,,,C,,Годен,,,
1996429,,WH1,321111,EKS000005734,600951,Наконечник штыревой втулочный  НШвИ(2) 0.5-10 (50шт.) EKF PROxima,,,ЭКС,5.00000,УП,0.00000,ЭКС-000005734   ,,5961620.00000,,,0.01000,КГ,7.00000,5.00000,1.00000,СМ,,True,,933.00000,,,,,,Заказной,Княжева Ю.В.,nhvi2-0.5-10,УП,Заказной товар,Электрорешения ООО,0.00000,0.00000,a.savitskiy,,2026-03-23 11:32:15,,37.32000,186.60000,,,N,N,N,,True,0.05000,,,,,,0,ЭКС-000011114   ,2026-04-01 00:00:00,,,,,5.00000,1977631,2,,,,,,,,C,,Годен,,,
1996430,,WH1,321111,EKS000005734,328761,"Наконечник штыревой втулочный изолированный  НШвИ 2,5-8 (50шт.) EKF PROxima",,,ЭКС,10.00000,УП,0.00000,ЭКС-000005734   ,,5961619.00000,,,0.01000,КГ,6.00000,4.00000,1.00000,СМ,,True,,2585.00000,,,,,,Заказной,Княжева Ю.В.,nhvi-2.5-8,УП,Заказной товар,Электрорешения ООО,0.00000,0.00000,a.savitskiy,,2026-03-23 11:32:30,,25.85000,258.50000,,,N,N,N,,True,0.10000,,,,,,0,ЭКС-000011114   ,2026-04-01 00:00:00,,,,,10.00000,1977632,2,,,,,,,,C,,Годен,,,
1996431,,WH1,321111,EKS000005734,328755,"Наконечник штыревой втулочный изолированный  НШвИ 1,0-8 (50шт.) EKF PROxima",,,ЭКС,10.00000,УП,0.00000,ЭКС-000005734   ,,5961618.00000,,,0.01000,КГ,5.00000,3.00000,0.50000,СМ,,True,,1882.00000,,,,,,Заказной,Княжева Ю.В.,nhvi-1.0-8,УП,Заказной товар,Электрорешения ООО,0.00000,0.00000,a.savitskiy,,2026-03-23 11:31:37,,18.82000,188.20000,,,N,N,N,,True,0.10000,,,,,,0,ЭКС-000011114   ,2026-04-01 00:00:00,,,,,10.00000,1977633,2,,,,,,,,C,,Годен,,,
1996432,,WH1,321111,EKS000005734,883293,"Ответвительный сжим (орех) У739М (4-10 мм2; 1,5-2,5 мм2) StreamLine",,,ЭКС,12.00000,ШТ,0.00000,ЭКС-000005734   ,,5961621.00000,,,0.04000,КГ,4.00000,4.00000,3.00000,СМ,,,,7604.64000,,,,,,Заказной,Княжева Ю.В.,y739m,ШТ,Заказной товар,Электрорешения ООО,0.00000,0.00000,a.savitskiy,,2026-03-23 11:31:09,,52.81000,633.72000,,,N,N,N,,False,0.48000,,,,,,0,ЭКС-000011114   ,2026-04-01 00:00:00,,,,,12.00000,1977634,2,,,,,,,,C,,Годен,,,
1996433,,WH1,321112,EKS000005735,877875,Основание с держателем к ППН-33 габарит 0 EKF,,,ЭКС,24.00000,ШТ,3.00000,ЭКС-000005735   ,,5961623.00000,,,0.30000,КГ,17.00000,8.00000,3.00000,СМ,,,,188352.00000,,,,,,Заказной,Самоличенко В.А.,fusb-33-0,ШТ,Заказной товар,Электрорешения ООО,0.00000,0.00000,a.savitskiy,,2026-03-23 11:05:30,,327.00000,7848.00000,,,N,N,N,,False,7.20000,,,,,,0,ЭКС-000011221   ,2026-04-01 00:00:00,,,,,24.00000,1977635,2,,,,,,,,C,,Годен,,,
1996434,,WH1,321112,EKS000005735,331987,Рубильник  400A 3P реверсивный без рукоятки управления TwinBlock EKF,,,ЭКС,2.00000,ШТ,0.00000,ЭКС-000005735   ,,5961628.00000,,,3.00000,КГ,26.00000,24.00000,24.00000,СМ,,False,,90013.60000,,,,,,Заказной,Самоличенко В.А.,tb-s-400-3p-rev,ШТ,Заказной товар,Электрорешения ООО,0.00000,0.00000,a.savitskiy,,2026-03-23 11:27:40,,22503.40000,45006.80000,,,N,N,N,,False,6.00000,,,,,,0,ЭКС-000011207   ,2026-04-01 00:00:00,,,,,2.00000,1977636,2,,,,,,,,C,,Годен,,,
1996435,,WH1,321112,EKS000005735,331961,Рукоятка управления для прямой установки на рубильники реверсивные (I-0-II) TwinBlock 315-400А EKF P,,,ЭКС,2.00000,ШТ,0.00000,ЭКС-000005735   ,,5961629.00000,,,0.10000,КГ,10.00000,6.00000,6.00000,СМ,,False,,1534.04000,,,,,,Заказной,Самоличенко В.А.,tb-315-400-fh-rev,ШТ,Заказной товар,Электрорешения ООО,0.00000,0.00000,a.savitskiy,,2026-03-23 11:41:25,,383.51000,767.02000,,,N,N,N,,False,0.20000,,,,,,0,ЭКС-000011207   ,2026-04-01 00:00:00,,,,,2.00000,1977637,2,,,,,,,,C,,Годен,,,
1996436,,WH1,321112,EKS000005735,330233,Основание с держателем к ППН-35 габарит 1 EKF,,,ЭКС,12.00000,ШТ,0.00000,ЭКС-000005735   ,,5961624.00000,,,0.44000,КГ,20.00000,6.00000,9.00000,СМ,,False,,67667.04000,,,,,,Катышев Александр Вячесла,Самоличенко В.А.,fusb-35,ШТ,Товар филиала,Электрорешения ООО,0.00000,0.00000,a.savitskiy,,2026-03-23 11:04:09,,469.91000,5638.92000,,,N,N,N,,False,5.28000,,,,,,0,ЭКС-000011209   ,2026-04-01 00:00:00,,,,,12.00000,1977638,2,,,,,,,,C,,Годен,,,
1996437,,WH1,321112,EKS000005735,330202,Вставка плавкая ППН-33 160/40А габарит 0 EKF PROxima,,,ЭКС,12.00000,ШТ,0.00000,ЭКС-000005735   ,,5961627.00000,,,0.20000,КГ,12.00000,6.00000,3.00000,СМ,,False,,32594.40000,,,,,,Заказной,Самоличенко В.А.,fus-33-0/160/40,ШТ,Заказной товар,Электрорешения ООО,0.00000,0.00000,a.savitskiy,,2026-03-23 11:06:08,,226.35000,2716.20000,,,N,N,N,,False,2.40000,,,,,,0,ЭКС-000011221   ,2026-04-01 00:00:00,,,,,12.00000,1977639,2,,,,,,,,C,,Годен,,,
1996438,,WH1,321112,EKS000005735,330196,Вставка плавкая ППН-33 160/100А габарит 0 EKF PROxima,,,ЭКС,12.00000,ШТ,0.00000,ЭКС-000005735   ,,5961626.00000,,,0.10000,КГ,13.00000,4.20000,3.00000,СМ,,False,,32594.40000,,,,,,Катышев Александр Вячесла,Самоличенко В.А.,fus-33-0/160/100,ШТ,Выводится из ассортимента,Электрорешения ООО,0.00000,0.00000,a.savitskiy,,2026-03-23 11:34:54,,226.35000,2716.20000,,,N,N,N,,False,1.20000,,,,,,0,ЭКС-000011221   ,2026-04-01 00:00:00,,,,,12.00000,1977640,2,,,,,,,,C,,Годен,,,
1996439,,WH1,321112,EKS000005735,329572,Выключатель-разъединитель ВР32У-35В31250 250А съемная л/п рукоятка MAXima EKF PROxima,,,ЭКС,1.00000,ШТ,0.00000,ЭКС-000005735   ,,5961622.00000,,,1.00000,КГ,21.00000,9.00000,17.00000,СМ,,False,,1839.11000,,,,,,Заказной,Самоличенко В.А.,uvr32-35b31250,ШТ,Заказной товар,Электрорешения ООО,0.00000,0.00000,a.savitskiy,,2026-03-23 11:35:21,,1839.11000,1839.11000,,,N,N,N,,False,1.00000,,,,,,0,ЭКС-000011223   ,2026-04-01 00:00:00,,,,,1.00000,1977641,2,,,,,,,,C,,Годен,,,
1996440,,WH1,321113,EKS000005736,513333,Шина М1T 3х25х4000 мм EKF PROxima,,,ЭКС,5.00000,ШТ,0.00000,ЭКС-000005736   ,,5961630.00000,,,4.00000,КГ,400.00000,2.50000,0.30000,СМ,,,,120740.50000,,,,,,Заказной,Феденькова Д.Ю.,SM-3x25,ШТ,Заказной товар,Электрорешения ООО,0.00000,0.00000,a.savitskiy,,2026-03-23 11:31:54,,4829.62000,24148.10000,,,N,N,N,,False,20.00000,,,,,,0,ЭКС-000011197   ,2026-04-01 00:00:00,,,,,5.00000,1977642,2,,,,,,,Shina,C,,Годен,,,
1996441,,WH1,321114,EKS000005737,388004,ИК датчик движения встраив. 1200Вт 360гр. до 6м IP20 EKF,,,ЭКС,1.00000,ШТ,0.00000,ЭКС-000005737   ,,5961631.00000,,,0.20000,КГ,12.00000,8.00000,8.00000,СМ,,,,530.26000,,,,,,Заказной,Княжева Ю.В.,dd-ms-100,ШТ,Заказной товар,Электрорешения ООО,0.00000,0.00000,a.savitskiy,,2026-03-23 11:09:39,,530.26000,530.26000,,,N,N,N,,False,0.20000,,,,,,0,ЭКС-000011087   ,2026-04-01 00:00:00,,,,,1.00000,1977643,2,,,,,,,,C,,Годен,,,
1996442,,WH1,321114,EKS000005737,330957,Зажим СИЗ-5 (3-17мм2) (100шт.) красный EKF,,,ЭКС,1.00000,УП,0.00000,ЭКС-000005737   ,,5961635.00000,,,0.20000,КГ,15.00000,14.00000,4.00000,СМ,,True,,380.57000,,,,,,Заказной,Княжева Ю.В.,plc-cc-8,УП,Заказной товар,Электрорешения ООО,0.00000,0.00000,a.savitskiy,,2026-03-23 11:08:59,,380.57000,380.57000,,,N,N,N,,True,0.20000,,,,,,0,ЭКС-000011039   ,2026-04-01 00:00:00,,,,,1.00000,1977644,2,,,,,,,,C,,Годен,,,
1996443,,WH1,321114,EKS000005737,731243,Коробка соединительная Heat box 120 SD,,,ЭКС,4.00000,ШТ,0.00000,ЭКС-000005737   ,,5961633.00000,,,1.30000,КГ,18.00000,14.00000,14.00000,СМ,,,,118032.80000,,,,,,Заказной,Княжева Ю.В.,HB120SD,ШТ,Заказной товар,Электрорешения ООО,0.00000,0.00000,a.savitskiy,,2026-03-23 11:10:05,,7377.05000,29508.20000,,,N,N,N,,False,5.20000,,,,,,0,ЭКС-000011052   ,2026-04-01 00:00:00,,,,,4.00000,1977645,2,,,,,,,,C,,Годен,,,
1996444,,WH1,321114,EKS000005737,599734,Устройство защиты от дугового пробоя (УЗДП) 2P 32А EKF PROxima,,,ЭКС,1.00000,ШТ,0.00000,ЭКС-000005737   ,,5961636.00000,,,0.21200,КГ,8.00000,8.00000,4.00000,СМ,,,,7529.08000,,,,,,Заказной,Шаповалов П.Г.,afdd-2-32-pro,ШТ,Товар РЦ,Электрорешения ООО,0.00000,0.00000,a.savitskiy,,2026-03-23 11:09:26,,7529.08000,7529.08000,,,N,N,N,,False,0.21200,,,,,,0,ЭКС-000011134   ,2026-04-01 00:00:00,,,,,1.00000,1977646,2,,,,,,,,C,,Годен,,,
1996445,,WH1,321114,EKS000005737,397422,Клемма тройная КСВ 16-50 серая EKF,,,ЭКС,10.00000,ШТ,0.00000,ЭКС-000005737   ,,5961632.00000,,,0.10000,КГ,5.00000,5.00000,4.00000,СМ,,True,,45288.00000,,,,,,Заказной,Феденькова Д.Ю.,plc-kvs3-16-50-grey,ШТ,Заказной товар,Электрорешения ООО,0.00000,0.00000,a.savitskiy,,2026-03-23 11:08:00,,452.88000,4528.80000,,,N,N,N,,True,1.00000,,,,,,0,ЭКС-000011052   ,2026-04-01 00:00:00,,,,,10.00000,1977647,2,,,,,,,,C,,Годен,,,
1996446,,WH1,321115,EKS000005738,852144,АВДТ АВДТ-63N 3P+N 20А 30мА характеристика C тип AC электронный 6кА PROXIMA,,,ЭКС,1.00000,ШТ,0.00000,ЭКС-000005738   ,,5961637.00000,,,0.45000,КГ,8.50000,7.50000,8.00000,СМ,,False,,1579.24000,,,,,,Заказной,Шаповалов П.Г.,D63N46E20C30,ШТ,Заказной товар,Электрорешения ООО,0.00000,0.00000,a.savitskiy,,2026-03-23 11:43:44,,1579.24000,1579.24000,,,N,N,N,,False,0.45000,,,,,,0,ЭКС-000061620   ,2026-04-01 00:00:00,,,,,1.00000,1977648,2,,,,,,,,C,,Годен,,,
1996447,,WH1,321116,EKS000005739,883296,Пускатель электромагнитный ПМ12-160100 220В EKF,,,ЭКС,3.00000,ШТ,0.00000,ЭКС-000005739   ,,5961648.00000,,,5.30000,КГ,20.50000,20.00000,17.00000,СМ,,,,97399.71000,,,,,,Заказной,Третьяков С.М.,pm12-160/220,ШТ,Заказной товар,Электрорешения ООО,0.00000,0.00000,a.savitskiy,,2026-03-23 11:13:50,,10822.19000,32466.57000,,,N,N,N,,False,15.90000,,,,,,0,ЭКС-000010750   ,2026-04-01 00:00:00,,,,,3.00000,1977649,2,,,,,,,,C,,Годен,,,
1996448,,WH1,321116,EKS000005739,883295,Ограничитель имп. перенапр. ОПВ-D/4P In 5кА 230В EKF,,,ЭКС,2.00000,ШТ,0.00000,ЭКС-000005739   ,,5961647.00000,,,0.39000,КГ,8.00000,7.50000,10.00000,СМ,,,,24443.24000,,,,,,Заказной,Шаповалов П.Г.,opv-d4,ШТ,Заказной товар,Электрорешения ООО,0.00000,0.00000,a.savitskiy,,2026-03-23 11:51:25,,6110.81000,12221.62000,,,N,N,N,,False,0.78000,,,,,,0,ЭКС-000010858   ,2026-04-01 00:00:00,,,,,2.00000,1977650,2,,,,,,,,C,,Годен,,,
1996449,,WH1,321116,EKS000005739,883294,EKF PROxima Матрица светодиодная AD16-22HS желтый 230 В AC IP65,,,ЭКС,10.00000,ШТ,0.00000,ЭКС-000005739   ,,5961641.00000,,,0.02000,КГ,5.50000,3.00000,3.00000,СМ,,,,17116.00000,,,,,,Заказной,Третьяков С.М.,ledm-ad16-y-65,ШТ,Заказной товар,Электрорешения ООО,0.00000,0.00000,a.savitskiy,,2026-03-23 11:24:47,,171.16000,1711.60000,,,N,N,N,,False,0.20000,,,,,,0,ЭКС-000000116   ,2026-04-01 00:00:00,,,,,10.00000,1977651,2,,,,,,,,C,,Годен,,,
1996450,,WH1,321116,EKS000005739,144856,Реле промежуточное РП 22/3 5А 230В АС EKF rp-22-3-230,,,ЭКС,20.00000,ШТ,0.00000,ЭКС-000005739   ,,5961652.00000,,,0.02000,КГ,4.00000,3.00000,2.00000,СМ,,True,,89124.00000,,,,,,Заказной,Третьяков С.М.,rp-22-3-230,ШТ,Товар РЦ,Электрорешения ООО,0.00000,0.00000,a.savitskiy,,2026-03-23 11:49:50,,222.81000,4456.20000,,,N,N,N,,True,0.40000,,,,,,0,ЭКС-000010898   ,2026-04-01 00:00:00,,,,,20.00000,1977652,2,,,,,,,,C,,Годен,,,
1996451,,WH1,321116,EKS000005739,144855,Разъем модульный РМ 22/3 EKF rm-22-3,,,ЭКС,20.00000,ШТ,0.00000,ЭКС-000005739   ,,5961651.00000,,,0.04000,КГ,7.00000,3.00000,3.00000,СМ,,True,,41364.00000,,,,,,Катышев Александр Вячесла,Третьяков С.М.,rm-22-3,ШТ,Товар филиала,Электрорешения ООО,0.00000,0.00000,a.savitskiy,,2026-03-23 11:00:26,,103.41000,2068.20000,,,N,N,N,,True,0.80000,,,,,,0,ЭКС-000010898   ,2026-04-01 00:00:00,,,,,20.00000,1977653,2,,,,,,,,C,,Годен,,,
1996452,,WH1,321116,EKS000005739,129822,Ограничитель имп. перенапр. ОПВ-C/2P In 20кА 400В EKF,,,ЭКС,1.00000,ШТ,0.00000,ЭКС-000005739   ,,5961646.00000,,,0.18000,КГ,10.00000,7.00000,4.00000,СМ,,,,1913.44000,,,,,,Заказной,Шаповалов П.Г.,opv-c2,ШТ,Товар РЦ,Электрорешения ООО,0.00000,0.00000,a.savitskiy,,2026-03-23 10:57:52,,1913.44000,1913.44000,,,N,N,N,,False,0.18000,,,,,,0,ЭКС-000008823   ,2026-04-01 00:00:00,,,,,1.00000,1977654,2,,,,,,,,C,,Годен,,,
1996453,,WH1,321116,EKS000005739,99628,Приставка ПКЭ-20 EKF,,,ЭКС,3.00000,ШТ,0.00000,ЭКС-000005739   ,,5961649.00000,,,0.10000,КГ,4.00000,3.00000,5.00000,СМ,,False,27.12.40,1251.18000,,8538909908,,,,Катышев Александр Вячесла,Третьяков С.М.,ctr-sc-24,ШТ,Товар филиала,Электрорешения ООО,0.00000,0.00000,a.savitskiy,,2026-03-23 10:58:19,,139.02000,417.06000,,,N,N,N,,False,0.30000,,,,,,0,ЭКС-000010898   ,2026-04-01 00:00:00,,,,,3.00000,1977655,2,,,,,,,,C,,Годен,,,
1996454,,WH1,321116,EKS000005739,760853,EKF Сменный модуль к ОПВ-D In-5кА 275В с сигнализацией,,,ЭКС,3.00000,ШТ,0.00000,ЭКС-000005739   ,,5961653.00000,,,0.04000,КГ,5.50000,4.00000,2.00000,СМ,,False,,8348.31000,,,,,,Заказной,Шаповалов П.Г.,opv-d-module,ШТ,Заказной товар,Электрорешения ООО,0.00000,0.00000,a.savitskiy,,2026-03-23 11:18:18,,927.59000,2782.77000,,,N,N,N,,False,0.12000,,,,,,0,ЭКС-000010858   ,2026-04-01 00:00:00,,,,,3.00000,1977656,2,,,,,,,,C,,Годен,,,
1996455,,WH1,321116,EKS000005739,758148,Индуктивный бесконтактный датчик PROXIS-2-30-15-P-NO-M12,,,ЭКС,1.00000,ШТ,0.00000,ЭКС-000005739   ,,5961640.00000,,,0.12000,КГ,15.00000,10.00000,5.00000,СМ,,,,1399.38000,,,,,,Заказной,Третьяков С.М.,PROXIS-2-30-15-P-NO-M12,ШТ,Заказной товар,Электрорешения ООО,0.00000,0.00000,a.savitskiy,,2026-03-23 11:15:46,,1399.38000,1399.38000,,,N,N,N,,False,0.12000,,,,,,0,ЭКС-000010945   ,2026-04-01 00:00:00,,,,,1.00000,1977657,2,,,,,,,,C,,Годен,,,
1996456,,WH1,321116,EKS000005739,639766,Сменный модуль к УЗИП Т1+Т2 EKF PROxima,,,ЭКС,3.00000,ШТ,0.00000,ЭКС-000005739   ,,5961654.00000,,,0.08000,КГ,4.70000,1.75000,5.65000,СМ,,,,27284.76000,,,,,,Заказной,Шаповалов П.Г.,OV12-module,ШТ,Заказной товар,Электрорешения ООО,0.00000,0.00000,a.savitskiy,,2026-03-23 11:18:36,,3031.64000,9094.92000,,,N,N,N,,False,0.24000,,,,,,0,ЭКС-000010858   ,2026-04-01 00:00:00,,,,,3.00000,1977658,2,,,,,,,,C,,Годен,,,
1996457,,WH1,321116,EKS000005739,607993,EKF PROxima Матрица светодиодная AD16-22HS красный 230 В AC IP65,,,ЭКС,50.00000,ШТ,0.00000,ЭКС-000005739   ,,5961644.00000,,,0.01000,КГ,5.00000,2.50000,2.50000,СМ,,,,427900.00000,,,,,,Заказной,Третьяков С.М.,ledm-ad16-r-65,ШТ,Выводится из ассортимента,Электрорешения ООО,0.00000,0.00000,a.savitskiy,,2026-03-23 11:01:39,,171.16000,8558.00000,,,N,N,N,,False,0.50000,,,,,,0,ЭКС-000000116   ,2026-04-01 00:00:00,,,,,50.00000,1977659,2,,,,,,,,C,,Годен,,,
1996458,,WH1,321116,EKS000005739,607992,EKF PROxima Матрица светодиодная AD16-22HS зеленый 230 В AC IP65,,,ЭКС,50.00000,ШТ,0.00000,ЭКС-000005739   ,,5961642.00000,,,0.04000,КГ,6.00000,3.00000,3.00000,СМ,,,,427900.00000,,,,,,Заказной,Третьяков С.М.,ledm-ad16-g-65,ШТ,Заказной товар,Электрорешения ООО,0.00000,0.00000,a.savitskiy,,2026-03-23 11:01:15,,171.16000,8558.00000,,,N,N,N,,False,2.00000,,,,,,0,ЭКС-000000116   ,2026-04-01 00:00:00,,,,,50.00000,1977660,2,,,,,,,,C,,Годен,,,
1996459,,WH1,321116,EKS000005739,607485,"Устройство защиты от импульсных перенапряжений Т1+Т2; Iimp-12,5kA; In-20kA; Uc-275В; 3+1 EKF",,,ЭКС,2.00000,ШТ,0.00000,ЭКС-000005739   ,,5961656.00000,,,0.52000,КГ,10.00000,8.00000,8.00000,СМ,,,,39600.32000,,,,,,Заказной,Шаповалов П.Г.,OV12-31-506,ШТ,Заказной товар,Электрорешения ООО,0.00000,0.00000,a.savitskiy,,2026-03-23 11:19:56,,9900.08000,19800.16000,,,N,N,N,,False,1.04000,,,,,,0,ЭКС-000010858   ,2026-04-01 00:00:00,,,,,2.00000,1977661,2,,,,,,,,C,,Годен,,,
1996460,,WH1,321116,EKS000005739,417804,Дифференциальный автомат DVA-6 1P+N 16А (B)  30мА (A) 6кА EKF AVERES,,,ЭКС,1.00000,ШТ,0.00000,ЭКС-000005739   ,,5961638.00000,,,0.25000,КГ,10.00000,9.00000,4.00000,СМ,,,,3653.52000,,,,,,Заказной,Шаповалов П.Г.,rcbo6-1pn-16B-30-a-av,ШТ,Заказной товар,Электрорешения ООО,0.00000,0.00000,a.savitskiy,,2026-03-23 11:00:46,,3653.52000,3653.52000,,,N,N,N,,False,0.25000,,,,,,0,ЭКС-000010773   ,2026-04-01 00:00:00,,,,,1.00000,1977662,2,,,,,,,,C,,Годен,,,
1996461,,WH1,321116,EKS000005739,398441,Блок питания 24В DR-15W-24 EKF PROxima,,,ЭКС,1.00000,ШТ,0.00000,ЭКС-000005739   ,,5961639.00000,,,0.10000,КГ,10.00000,6.00000,2.50000,СМ,,True,,1405.74000,,,,,,Заказной,Третьяков С.М.,dr-15w-24,ШТ,Товар РЦ,Электрорешения ООО,0.00000,0.00000,a.savitskiy,,2026-03-23 10:57:40,,1405.74000,1405.74000,,,N,N,N,,True,0.10000,,,,,,0,ЭКС-000010945   ,2026-04-01 00:00:00,,,,,1.00000,1977663,2,,,,,,,,C,,Годен,,,
1996462,,WH1,321116,EKS000005739,331445,Реле контроля фаз многофункциональное RKF-8 EKF PROxima,,,ЭКС,2.00000,ШТ,0.00000,ЭКС-000005739   ,,5961650.00000,,,0.05000,КГ,10.00000,8.00000,5.00000,СМ,,True,,10570.40000,,,,,,Заказной,Третьяков С.М.,rkf-8,ШТ,Базовый,Электрорешения ООО,0.00000,0.00000,a.savitskiy,,2026-03-23 10:57:25,,2642.60000,5285.20000,,,N,N,N,,True,0.10000,,,,,,0,ЭКС-000010777   ,2026-04-01 00:00:00,,,,,2.00000,1977664,2,,,,,,,,C,,Годен,,,
1996463,,WH1,321116,EKS000005739,330912,"Хомут нейлоновый (4,8х450) (100шт.) EKF Basic",,,ЭКС,20.00000,УП,0.00000,ЭКС-000005739   ,,5961657.00000,,,0.20000,КГ,45.00000,10.00000,3.00000,СМ,,,,125692.00000,,,,,,Заказной,Гилета О.В.,plc-c-4.8x450,УП,Заказной товар,Электрорешения ООО,0.00000,0.00000,a.savitskiy,,2026-03-23 11:25:12,,314.23000,6284.60000,,,N,N,N,,False,4.00000,,,,,,0,ЭКС-000008756   ,2026-04-01 00:00:00,,,,,20.00000,1977665,2,,,,,,,,C,,Годен,,,
1996464,,WH1,321116,EKS000005739,883297,"Трансформатор тока ТТЕ-Р 58 300/5А 0,5 3,75ВА",,,ЭКС,2.00000,ШТ,0.00000,ЭКС-000005739   ,,5961655.00000,,,1.18000,КГ,19.50000,15.00000,8.00000,СМ,,,,8114.76000,,,,,,Заказной,Самоличенко В.А.,tte-r58-300,ШТ,Заказной товар,Электрорешения ООО,0.00000,0.00000,a.savitskiy,,2026-03-23 11:37:32,,2028.69000,4057.38000,,,N,N,N,,False,2.36000,,,,,,0,ЭКС-000010884   ,2026-04-01 00:00:00,,,,,2.00000,1977666,2,,,,,,,,C,,Годен,,,
1996465,,WH1,321117,TR-23/03/2026-01,0000,ТРАНЗИТ,,EKF ИРКУТСК,ЭКС,1.00000,ГМ,0.00000,,,1.00000,4712-12-31 00:00:00,,1.00000,КГ,1.00000,1.00000,1.00000,СМ,СМ3,,,0.00000,,,,0,,,,,,,,0.00000,2.00000,r.sagaidak,,2026-03-23 10:51:27,,0.00000,0.00000,0,Y,Y,N,N,рц,,1.00000,,,рц,0.00000,,0,,2026-03-23 00:00:00,0.00000,0.00000,0.00000,0.00000,1.00000,,,,,,,,,,,,,,,0.00000
1996466,,WH1,321118,TR-23/03/2026-02,0000,ТРАНЗИТ,,EKF КРАСНОЯРСК,ЭКС,1.00000,ГМ,0.00000,,,1.00000,4712-12-31 00:00:00,,1.00000,КГ,1.00000,1.00000,1.00000,СМ,СМ3,,,0.00000,,,,0,,,,,,,,0.00000,2.00000,r.sagaidak,,2026-03-23 10:51:33,,0.00000,0.00000,0,Y,Y,N,N,рц,,1.00000,,,рц,0.00000,,0,,2026-03-23 00:00:00,0.00000,0.00000,0.00000,0.00000,1.00000,,,,,,,,,,,,,,,0.00000
1996467,,WH1,321119,TR-23/03/2026-03,0000,ТРАНЗИТ,,EKF БАРНАУЛ,ЭКС,1.00000,ГМ,0.00000,,,1.00000,4712-12-31 00:00:00,,1.00000,КГ,1.00000,1.00000,1.00000,СМ,СМ3,,,0.00000,,,,0,,,,,,,,0.00000,2.00000,r.sagaidak,,2026-03-23 10:51:22,,0.00000,0.00000,0,Y,Y,N,N,рц,,1.00000,,,рц,0.00000,,0,,2026-03-23 00:00:00,0.00000,0.00000,0.00000,0.00000,1.00000,,,,,,,,,,,,,,,0.00000
1996468,,WH1,321120,EKS000005740,544407,ЭРА U-4-HF Кабель витая пара U/UTP 4x2x24 AWG Cat5e CU нг(А) HF 305м,,,ЭКС,4.00000,ШТ,0.00000,ЭКС-000005740   ,,5961661.00000,,,8.62000,КГ,35.00000,21.00000,35.00000,СМ,,,,136112.00000,,,,,,Заказной,Козлова М.А.,Б0044430,ШТ,Заказной товар,Орион ООО   (ЭРА) новый,0.00000,0.00000,a.manokhin,,2026-03-23 13:10:41,,8507.00000,34028.00000,,,Y,N,N,,False,34.48000,,,,,,0,ЭКС-000009950   ,2026-03-21 00:00:00,,,,,4.00000,1977667,1,,,,,,,,C,,Годен,,,
1996469,,WH1,321120,EKS000005740,834869,ЭРА F-4-HF Кабель витая пара F/UTP 4x2x24 AWG Cat5e CU нг(А) HF 305м,,,ЭКС,2.00000,ШТ,0.00000,ЭКС-000005740   ,,5961662.00000,,,12.09000,КГ,42.00000,41.00000,22.00000,СМ,,False,,44324.00000,,,,,,Заказной,Козлова М.А.,Б0044687,ШТ,Заказной товар,Орион ООО   (ЭРА) новый (,0.00000,0.00000,a.manokhin,,2026-03-23 13:03:27,,11081.00000,22162.00000,,,Y,N,N,,False,24.18000,,,,,,0,ЭКС-000009950   ,2026-03-21 00:00:00,,,,,2.00000,1977668,1,,,,,,,,C,,Годен,,,
1996470,,WH1,321120,EKS000005740,875040,Лампа светодиодная GREEN LINE LED MR16-15W-865-GU5.3 GL 15Вт софит холодный свет GU5.3,,,ЭКС,200.00000,ШТ,0.00000,ЭКС-000005740   ,,5961677.00000,,,0.02000,КГ,5.00000,6.00000,5.00000,СМ,,False,,1380000.00000,,,,,,Заказной,Косова Т.В.,Б0070075,ШТ,,Орион ООО   (ЭРА) новый (,0.00000,0.00000,a.manokhin,,2026-03-23 13:02:23,,34.50000,6900.00000,,,N,N,N,,False,4.00000,,,,,,0,ЭКС-000010046   ,2026-03-21 00:00:00,,,,,200.00000,1977669,2,,,,,,,,C,,Годен,,,
1996471,,WH1,321120,EKS000005740,866365,Светильник встраиваемый DK116 WH под лампу GX53 белый,,,ЭКС,27.00000,ШТ,0.00000,ЭКС-000005740   ,,5961678.00000,,,0.10000,КГ,11.00000,11.00000,5.50000,СМ,,False,,125752.50000,,,,,,Заказной,Лангеман Э.Г.,Б0071009,ШТ,,Орион ООО   (ЭРА) новый (,0.00000,0.00000,a.manokhin,,2026-03-23 13:05:49,,172.50000,4657.50000,,,N,N,N,,False,2.70000,,,,,,0,ЭКС-000010350   ,2026-03-21 00:00:00,,,,,27.00000,1977670,2,,,,,,,,C,,Годен,,,
1996472,,WH1,321120,EKS000005740,866364,Светильник встраиваемый DK116 BK под лампу GX53 черный,,,ЭКС,27.00000,ШТ,0.00000,ЭКС-000005740   ,,5961684.00000,,,0.10000,КГ,11.00000,11.00000,5.50000,СМ,,False,,125752.50000,,,,,,Заказной,Лангеман Э.Г.,Б0071010,ШТ,,Орион ООО   (ЭРА) новый (,0.00000,0.00000,a.manokhin,,2026-03-23 13:15:53,,172.50000,4657.50000,,,N,N,N,,False,2.70000,,,,,,0,ЭКС-000010350   ,2026-03-21 00:00:00,,,,,27.00000,1977671,2,,,,,,,,C,,Годен,,,
1996473,,WH1,321120,EKS000005740,302375,"Лампа LED G9 smd JCD 7w 4000K 220V corn, ceramics ЭРА",,,ЭКС,20.00000,ШТ,0.00000,ЭКС-000005740   ,,5961691.00000,,,0.01000,КГ,6.50000,2.00000,2.00000,СМ,,,,30400.00000,,,,,,Логунов Владимир Александ,Косова Т.В.,Б0027866,ШТ,Товар филиала,Орион ООО   (ЭРА) новый,0.00000,0.00000,a.manokhin,,2026-03-23 13:17:31,,76.00000,1520.00000,,,N,N,N,,False,0.20000,,,,,,0,ЭКС-000010286   ,2026-03-21 00:00:00,,,,,20.00000,1977672,2,,,,,,,,C,,Годен,,,
1996474,,WH1,321120,EKS000005740,297932,Светильник Настольный NL-202-G23-11W-BK черный (дельта) ЭРА,,,ЭКС,50.00000,ШТ,0.00000,ЭКС-000005740   ,,5961659.00000,,,0.50000,КГ,42.00000,20.00000,8.00000,СМ,,,,2775000.00000,,,,,,Логунов Владимир Александ,Косова Т.В.,C0041459,ШТ,Товар филиала,Орион ООО   (ЭРА) новый,0.00000,0.00000,a.manokhin,,2026-03-23 13:14:19,,1110.00000,55500.00000,,,N,N,N,,False,25.00000,,,,,,0,ЭКС-000010019   ,2026-03-21 00:00:00,,,,,50.00000,1977673,2,,,,,,,,C,,Годен,,,
1996475,,WH1,321120,EKS000005740,293857,"Светильник DK LD24 SL/WH  ЭРА декор cо светодиодной подсветкой Gx53, прозрачный",,,ЭКС,11.00000,ШТ,0.00000,ЭКС-000005740   ,,5961663.00000,,,0.18000,КГ,11.00000,11.00000,4.00000,СМ,,,,24744.50000,,,,,,Логунов Владимир Александ,Косова Т.В.,Б0029631,ШТ,Товар филиала,Орион ООО   (ЭРА) новый,0.00000,0.00000,a.manokhin,,2026-03-23 13:18:21,,204.50000,2249.50000,,,N,N,N,,False,1.98000,,,,,,0,ЭКС-000010317   ,2026-03-21 00:00:00,,,,,11.00000,1977674,2,,,,,,,,C,,Годен,,,
1996476,,WH1,321120,EKS000005740,839692,Разветвитель электрический ЭРА SPF-2-FL-USB поворотный на 2 розетки + 2USB 10А белый ЭРА,,,ЭКС,10.00000,ШТ,0.00000,ЭКС-000005740   ,,5961676.00000,,,0.05000,КГ,11.00000,7.00000,2.00000,СМ,,False,,13400.00000,,,,,,,Княжева Ю.В.,Б0069089,ШТ,Товар филиала,Орион ООО   (ЭРА) новый (,0.00000,0.00000,a.manokhin,,2026-03-23 13:13:50,,134.00000,1340.00000,,,N,N,N,,False,0.50000,,,,,,0,ЭКС-000010657   ,2026-03-21 00:00:00,,,,,10.00000,1977675,2,,,,,,,,C,,Годен,,,
1996477,,WH1,321120,EKS000005740,797998,ЭРА Встраиваемый светильник со светодиодной подсветкой ЭРА DK LD50 FR GX53 белый матовый,,,ЭКС,27.00000,ШТ,0.00000,ЭКС-000005740   ,,5961669.00000,,,0.25000,КГ,12.50000,12.50000,3.50000,СМ,,False,,143613.00000,,,,,,,Колупаев В.Г.,Б0057470,ШТ,Товар филиала,Орион ООО   (ЭРА) новый (,0.00000,0.00000,a.manokhin,,2026-03-23 13:12:30,,197.00000,5319.00000,,,N,N,N,,False,6.75000,,,,,,0,ЭКС-000010350   ,2026-03-21 00:00:00,,,,,27.00000,1977676,2,,,,,,,,C,,Годен,,,
1996478,,WH1,321120,EKS000005740,704439,ЭРА Встраиваемый светильник со светодиодной подсветкой ЭРА DK LD51 CH/SHSL GX53 хром серебро,,,ЭКС,5.00000,ШТ,0.00000,ЭКС-000005740   ,,5961667.00000,,,0.15000,КГ,12.00000,4.00000,12.00000,СМ,,,,4975.00000,,,,,,,Косова Т.В.,Б0057466,ШТ,Базовый,Орион ООО   (ЭРА) новый (,0.00000,0.00000,a.manokhin,,2026-03-23 13:18:34,,199.00000,995.00000,,,N,N,N,,False,0.75000,,,,,,0,ЭКС-000010350   ,2026-03-21 00:00:00,,,,,5.00000,1977677,2,,,,,,,,C,,Годен,,,
1996479,,WH1,321120,EKS000005740,700247,ЭРА Встраиваемый светильник под лампу GX53 DK114 WH белый,,,ЭКС,15.00000,ШТ,0.00000,ЭКС-000005740   ,,5961675.00000,,,0.20000,КГ,12.00000,11.00000,12.00000,СМ,,False,,109462.50000,,,,,,,Косова Т.В.,Б0059789,ШТ,Товар филиала,Орион ООО   (ЭРА) новый (,0.00000,0.00000,a.manokhin,,2026-03-23 13:13:12,,486.50000,7297.50000,,,N,N,N,,False,3.00000,,,,,,0,ЭКС-000010477   ,2026-03-21 00:00:00,,,,,15.00000,1977678,2,,,,,,,,C,,Годен,,,
1996480,,WH1,321120,EKS000005740,673164,"Шнур для бра ЭРА  UX-ШВВП-1,8m-W 1,8 м ШВВП 2x0,5мм2 белый  ЭРА",,,ЭКС,10.00000,ШТ,0.00000,ЭКС-000005740   ,,5961660.00000,,,0.07000,КГ,22.00000,9.00000,3.00000,СМ,,,,6450.00000,,,,,,Дортман Анна Павловна,Княжева Ю.В.,Б0044069,ШТ,Товар филиала,Орион ООО   (ЭРА) новый,0.00000,0.00000,a.manokhin,,2026-03-23 13:16:50,,64.50000,645.00000,,,N,N,N,,False,0.70000,,,,,,0,ЭКС-000010657   ,2026-03-21 00:00:00,,,,,10.00000,1977679,2,,,,,,,,C,,Годен,,,
1996481,,WH1,321120,EKS000005740,668490,Светильник LED ЭРА Классик с ДУ SPB-6-70-RC Liburn 70Вт 3400-5500К,,,ЭКС,2.00000,ШТ,0.00000,ЭКС-000005740   ,,5961664.00000,,,2.00000,КГ,50.00000,50.00000,10.00000,СМ,,False,,4700.00000,,,,,,Логунов Владимир Александ,Косова Т.В.,Б0051099,ШТ,Товар филиала,Орион ООО   (ЭРА) новый (,0.00000,0.00000,a.manokhin,,2026-03-23 13:04:33,,1175.00000,2350.00000,,,N,N,N,,False,4.00000,,,,,,0,ЭКС-000010449   ,2026-03-21 00:00:00,,,,,2.00000,1977680,2,,,,,,,,C,,Годен,,,
1996482,,WH1,321120,EKS000005740,634874,Светильник настенно-потолочный спот ЭРА OL35-2 BK MR16 GU10 IP20 черный хром,,,ЭКС,2.00000,ШТ,0.00000,ЭКС-000005740   ,,5961666.00000,,,0.20000,КГ,33.00000,13.00000,6.00000,СМ,,False,,2708.00000,,,,,,Акулинский Петр Иванович,Косова Т.В.,Б0056364,ШТ,Товар филиала,Орион ООО   (ЭРА) новый (,0.00000,0.00000,a.manokhin,,2026-03-23 13:11:23,,677.00000,1354.00000,,,N,N,N,,False,0.40000,,,,,,0,ЭКС-000010477   ,2026-03-21 00:00:00,,,,,2.00000,1977681,2,,,,,,,,C,,Годен,,,
1996483,,WH1,321120,EKS000005740,608060,Элемент питания Трофи CR1620-1BL ENERGY POWER Lithium,,,ЭКС,20.00000,ШТ,0.00000,ЭКС-000005740   ,,5961690.00000,,,0.01000,КГ,6.00000,4.00000,0.50000,СМ,,,,3400.00000,,,,,,Дортман Анна Павловна,Княжева Ю.В.,Б0003646,ШТ,Товар филиала,Орион ООО   (ЭРА) новый,0.00000,0.00000,a.manokhin,,2026-03-23 13:14:50,,8.50000,170.00000,,,N,N,N,,False,0.20000,,,,,,0,ЭКС-000010541   ,2026-03-21 00:00:00,,,,,20.00000,1977682,2,,,,,,,,C,,Годен,,,
1996484,,WH1,321120,EKS000005740,568989,"ЭРА Патч корд Simple PC-5U-A U/UTP категория 5e, длина 5 метров, неэкранированный, серый",,,ЭКС,4.00000,ШТ,0.00000,ЭКС-000005740   ,,5961665.00000,,,0.23000,КГ,16.00000,13.00000,1.50000,СМ,,,,1480.00000,,,,,,Акулинский Петр Иванович,Козлова М.А.,Б0051374,ШТ,Товар филиала,Орион ООО   (ЭРА) новый (,0.00000,0.00000,a.manokhin,,2026-03-23 13:13:33,,92.50000,370.00000,,,N,N,N,,False,0.92000,,,,,,0,ЭКС-000010317   ,2026-03-21 00:00:00,,,,,4.00000,1977683,2,,,,,,,,C,,Годен,,,
1996485,,WH1,321121,EKS000005741,820108,Лампа LED ЭРА GREEN LINE LED A60-20W-840-E27 GL E27 20 Вт груша яркий белый свет,,,ЭКС,1109.00000,ШТ,0.00000,ЭКС-000005741   ,,5961709.00000,,,0.04000,КГ,11.00000,6.00000,6.00000,СМ,,,,47350418.50000,,,,,,Заказной,Косова Т.В.,Б0067116,ШТ,Заказной товар,Орион ООО   (ЭРА) новый (,0.00000,0.00000,a.manokhin,,2026-03-23 12:50:14,,38.50000,42696.50000,,,N,N,N,,False,44.36000,,,,,,0,ЭКС-000000116   ,2026-03-21 00:00:00,,,,,1109.00000,1977684,2,,,,,,,,C,,Годен,,,
1996486,,WH1,321121,EKS000005741,820103,Лампа LED ЭРА GREEN LINE LED A60-25W-865-E27 GL E27 25 Вт груша холодный свет,,,ЭКС,634.00000,ШТ,0.00000,ЭКС-000005741   ,,5961718.00000,,,0.03000,КГ,12.00000,6.00000,6.00000,СМ,,,,20901712.00000,,,,,,Заказной,Косова Т.В.,Б0067111,ШТ,Заказной товар,Орион ООО   (ЭРА) новый (,0.00000,0.00000,a.manokhin,,2026-03-23 12:49:12,,52.00000,32968.00000,,,N,N,N,,False,19.02000,,,,,,0,ЭКС-000000116   ,2026-03-21 00:00:00,,,,,634.00000,1977685,2,,,,,,,,C,,Годен,,,
1996487,,WH1,321121,EKS000005741,808781,Лампа LED ЭРА GREEN LINE POWER T100-60W-865-E27/E40 GL Е27/Е40 60 Вт колокол холодный с,,,ЭКС,660.00000,ШТ,0.00000,ЭКС-000005741   ,,5961698.00000,,,0.13000,КГ,10.00000,10.00000,18.00000,СМ,,,,72963000.00000,,,,,,Заказной,Косова Т.В.,Б0066980,ШТ,Заказной товар,Орион ООО   (ЭРА) новый (,0.00000,0.00000,a.manokhin,,2026-03-23 12:46:33,,167.50000,110550.00000,,,N,N,N,,False,85.80000,,,,,,0,ЭКС-000000116   ,2026-03-21 00:00:00,,,,,660.00000,1977686,2,,,,,,,,C,,Годен,,,
1996488,,WH1,321121,EKS000005741,808779,Лампа LED ЭРА GREEN LINE POWER T140-100W-865-E27/E40 GL Е27/Е40 100 Вт колокол холодный,,,ЭКС,2653.00000,ШТ,0.00000,ЭКС-000005741   ,,5961703.00000,,,0.27000,КГ,23.00000,14.00000,14.00000,СМ,,,,2516231217.50000,,,,,,Заказной,Косова Т.В.,Б0067055,ШТ,Заказной товар,Орион ООО   (ЭРА) новый (,0.00000,0.00000,a.manokhin,,2026-03-23 12:46:58,,357.50000,948447.50000,,,N,N,N,,False,716.31000,,,,,,0,ЭКС-000000116   ,2026-03-21 00:00:00,,,,,2653.00000,1977687,2,,,,,,,,C,,Годен,,,
1996489,,WH1,321121,EKS000005741,703967,Лампа LED G13  1200мм 20W/840 2000Lm трубка стекло   RED LINE,,,ЭКС,1500.00000,ШТ,0.00000,ЭКС-000005741   ,,5961697.00000,,,0.18000,КГ,120.00000,3.00000,3.00000,СМ,,False,,139500000.00000,,,,,,,Косова Т.В.,Б0062484,ШТ,Базовый,Орион ООО   (ЭРА) новый (,0.00000,0.00000,a.manokhin,,2026-03-23 11:59:33,,62.00000,93000.00000,,,N,N,N,,False,270.00000,,,,,,0,ЭКС-000000116   ,2026-03-21 00:00:00,,,,,1500.00000,1977688,2,,,,,,,,C,,Годен,,,
1996490,,WH1,321121,EKS000005741,703966,Лампа LED G13  600мм 10W/840 1000Lm трубка стекло   RED LINE,,,ЭКС,1825.00000,ШТ,0.00000,ЭКС-000005741   ,,5961692.00000,,,0.10000,КГ,60.00000,2.50000,2.50000,СМ,,False,,146547500.00000,,,,,,,Косова Т.В.,Б0056904,ШТ,Базовый,Орион ООО   (ЭРА) новый (,0.00000,0.00000,a.manokhin,,2026-03-23 12:04:50,,44.00000,80300.00000,,,N,N,N,,False,182.50000,,,,,,0,,2026-03-21 00:00:00,,,,,1825.00000,1977689,2,,,,,,,,C,,Годен,,,
1996491,,WH1,321121,EKS000005741,691900,ЭРА Лампа светодиодная ЭРА RED LINE LED T8-24W-840-G13-1500mm NTB G13 неповоротный 24Вт трубка стекл,,,ЭКС,1000.00000,ШТ,0.00000,ЭКС-000005741   ,,5961696.00000,,,0.10000,КГ,150.00000,3.00000,3.00000,СМ,,,,87000000.00000,,,,,,Заказной,Косова Т.В.,Б0056908,ШТ,Заказной товар,Орион ООО   (ЭРА) новый,0.00000,0.00000,a.manokhin,,2026-03-23 12:43:32,,87.00000,87000.00000,,,N,N,N,,False,100.00000,,,,,,0,ЭКС-000000116   ,2026-03-21 00:00:00,,,,,1000.00000,1977690,2,,,,,,,,C,,Годен,,,
1996492,,WH1,321122,EKS000005742,295163,"Очиститель универсальный (Изопропиловый спирт) флакон 200 мл, с распылителем (REXANT)",,,ЭКС,50.00000,ШТ,0.00000,ЭКС-000005742   ,,5961722.00000,,,0.10000,КГ,12.00000,5.00000,5.00000,СМ,,False,,290725.00000,,,,,,Дортман Анна Павловна,Петров И.В.,09-4105,ШТ,Базовый,СДС  ООО,0.00000,0.00000,r.sagaidak,,2026-03-23 11:10:30,,116.29000,5814.50000,,,N,N,N,,False,5.00000,,,,,,0,,2026-03-20 00:00:00,,,,,50.00000,1977691,2,,,,,,,,C,,Годен,,,
1996493,,WH1,321123,EKS000005743,836287,Светильник потолочный светодиодный Rivoli Ava 6182-201 LED 80 Вт3000-6000К белый с пультом,,,ЭКС,2.00000,ШТ,0.00000,ЭКС-000005743   ,,5961729.00000,,,1.95000,КГ,66.00000,25.00000,8.00000,СМ,,False,,7934.00000,,,,,,,Косова Т.В.,Б0068466,ШТ,Товар филиала,Орион ООО   (ЭРА) новый (,0.00000,0.00000,a.manokhin,,2026-03-23 11:33:41,,1983.50000,3967.00000,,,N,N,N,,False,3.90000,,,,,,0,ЭКС-000010698   ,2026-03-23 00:00:00,,,,,2.00000,1977692,2,,,,,,,,C,,Годен,,,
1996494,,WH1,321123,EKS000005743,632420,Распаячная коробка ЭРА BS-W-75-75-28 без клеммы 75х75х28мм белая IP40,,,ЭКС,50.00000,ШТ,0.00000,ЭКС-000005743   ,,5961728.00000,,,0.03000,КГ,7.00000,7.00000,2.00000,СМ,,False,,70000.00000,,,,,,Заказной,Княжева Ю.В.,Б0058704,ШТ,Заказной товар,Орион ООО   (ЭРА) новый (,0.00000,0.00000,a.manokhin,,2026-03-23 12:17:17,,28.00000,1400.00000,,,N,N,N,,False,1.50000,,,,,,0,ЭКС-000010769   ,2026-03-23 00:00:00,,,,,50.00000,1977693,2,,,,,,,,C,,Годен,,,
1996495,,WH1,321123,EKS000005743,623212,Корпус навес (395х310х220) ЩМПг-1-0 IP54 У2,,,ЭКС,1.00000,ШТ,0.00000,ЭКС-000005743   ,,5961727.00000,,,3.00000,КГ,41.00000,33.00000,23.00000,СМ,,,,1970.50000,,,,,,Акулинский Петр Иванович,Феденькова Д.Ю.,Б0057148,ШТ,Товар филиала,Орион ООО   (ЭРА) новый,0.00000,0.00000,a.manokhin,,2026-03-23 11:36:18,,1970.50000,1970.50000,,,N,N,N,,False,3.00000,,,,,,0,ЭКС-000008823   ,2026-03-23 00:00:00,,,,,1.00000,1977694,2,,,,,,,,C,,Годен,,,
1996496,,WH1,321123,EKS000005743,513569,Патрон подвесной с клеммной  колодкой  Е27 термостойкий  пластик черный ЭРА (аналог 197365),,,ЭКС,2000.00000,ШТ,0.00000,ЭКС-000005743   ,,5961726.00000,,,0.05000,КГ,8.00000,3.00000,3.00000,СМ,,False,,152000000.00000,,,,,,Акулинский Петр Иванович,Колупаев В.Г.,Б0043677,ШТ,Базовый,Орион ООО   (ЭРА) новый (,0.00000,0.00000,a.manokhin,,2026-03-23 11:42:56,,38.00000,76000.00000,,,N,N,N,,False,100.00000,,,,,,0,,2026-03-23 00:00:00,,,,,2000.00000,1977695,2,,,,,,,,C,,Годен,,,
1996497,,WH1,321123,EKS000005743,429067,Патрон подвесной с клеммной колодкой Е27 термостойкий пластик белый ЭРА,,,ЭКС,2000.00000,ШТ,0.00000,ЭКС-000005743   ,,5961725.00000,,,0.03000,КГ,7.00000,4.00000,4.00000,СМ,,False,,152000000.00000,,,,,,Акулинский Петр Иванович,Колупаев В.Г.,Б0043676,ШТ,Товар филиала,Орион ООО   (ЭРА) новый (,0.00000,0.00000,a.manokhin,,2026-03-23 11:40:35,,38.00000,76000.00000,,,N,N,N,,False,60.00000,,,,,,0,,2026-03-23 00:00:00,,,,,2000.00000,1977696,2,,,,,,,,C,,Годен,,,
1996498,,WH1,321123,EKS000005743,406666,ЭРА Из.лента Лента изоляционная прорезиненная Х/Б 70 г,,,ЭКС,222.00000,ШТ,0.00000,ЭКС-000005743   ,,5961731.00000,,,0.01000,КГ,7.00000,7.00000,2.00000,СМ,,,,2020644.00000,,,,,,Дортман Анна Павловна,Петров И.В.,Б0002454,ШТ,Товар филиала,Орион ООО   (ЭРА) новый,0.00000,0.00000,a.manokhin,,2026-03-23 12:15:46,,41.00000,9102.00000,,,N,N,N,,False,2.22000,,,,,,0,ЭКС-000008034   ,2026-03-23 00:00:00,,,,,222.00000,1977697,2,,,,,,,,C,,Годен,,,
1996499,,WH1,321123,EKS000005743,295187,"Модульные системы освещения ЭРА LM-8,5-840-C3 (10/160) 800 mm сенсор, (крепежные клипсы, ЗМ скотч)",,,ЭКС,1.00000,ШТ,0.00000,ЭКС-000005743   ,,5961724.00000,,,0.43000,КГ,84.00000,12.00000,5.50000,СМ,,False,,930.00000,,,,,,Логунов Владимир Александ,Колупаев В.Г.,C0045769,ШТ,Товар филиала,Орион ООО   (ЭРА) новый (,0.00000,0.00000,a.manokhin,,2026-03-23 11:35:55,,930.00000,930.00000,,,N,N,N,,False,0.43000,,,,,,0,ЭКС-000010789   ,2026-03-23 00:00:00,,,,,1.00000,1977698,2,,,,,,,,C,,Годен,,,
1996500,,WH1,321123,EKS000005743,836293,Светильник потолочный светодиодный Rivoli Juniper 6187-702 LED 75 Вт 3000-6000К белый с пультом,,,ЭКС,3.00000,ШТ,0.00000,ЭКС-000005743   ,,5961730.00000,,,1.52000,КГ,28.00000,28.00000,13.00000,СМ,,False,,13036.50000,,,,,,,Косова Т.В.,Б0068478,ШТ,Товар филиала,Орион ООО   (ЭРА) новый (,0.00000,0.00000,a.manokhin,,2026-03-23 11:34:55,,1448.50000,4345.50000,,,N,N,N,,False,4.56000,,,,,,0,ЭКС-000010698   ,2026-03-23 00:00:00,,,,,3.00000,1977699,2,,,,,,,,C,,Годен,,,
1996501,,WH1,321124,EKS000005744,840397,"Кабель ВВГнг(A)-LS 5х10 ок(N,PE)-0,66 Промэко",,,ЭКС,391.00000,М,0.00000,ЭКС-000005744   ,,5961733.00000,,,0.91600,КГ,100.00000,2.03000,2.03000,СМ,,False,,64023505.18000,20.3,,,,,,Лихушина Н.И.,kz2005100,М,Новинка,Промэко ООО,0.00000,0.00000,n.bezrukov,,2026-03-23 12:13:38,,418.78000,163742.98000,,,Y,N,N,,False,358.15600,,,,,,0,,2025-09-29 00:00:00,,,,,391.00000,1977700,1,,,01,,,,,C,,Годен,,,
1996502,,WH1,321125,EKS000005745,180832,Кабель КВВГЭнг(A)-FR-LS 4х1,,,ЭКС,109.00000,М,0.00000,ЭКС-000005745   ,,5961734.00000,,,0.25400,КГ,100.00000,1.00000,1.00000,СМ,,,,781056.94000,12.6,,,,,Заказной,Козлова М.А.,ТХМ00195028,М,Заказной товар,Кабельный завод Кабэкс ОО,0.00000,0.00000,n.bezrukov,,2026-03-23 12:05:43,,65.74000,7165.66000,,,Y,N,N,,False,27.68600,,,,,,0,ЭКС-000009159   ,2026-03-30 00:00:00,,,,,109.00000,1977701,1,,,01,,,,,C,,Годен,,,
1996503,,WH1,321126,EKS000005746,116294,Кабель КГ-ХЛ 1х240-380/660В-2,,,ЭКС,40.00000,М,0.00000,ЭКС-000005746   ,,5961735.00000,,,3.19000,КГ,100.00000,3.00000,3.00000,СМ,,,,4063808.00000,34.8,,,,,Заказной,Дунав М.И.,116294,М,Заказной товар,Холдинг Кабельный Альянс,0.00000,0.00000,n.bezrukov,,2026-03-23 12:09:23,,2539.88000,101595.20000,,,Y,N,N,,False,127.60000,,,,,,0,ЭКС-000010413   ,2026-03-17 00:00:00,,,,,40.00000,1977702,1,,,,,,,,C,,Годен,,,
1996504,,WH1,321127,EKS000005747,534184,Светильник LED ALED. 52П 52Вт 6966Лм 6500К прозрачный IP65 1265х120х90мм 3 года гарантии,,,ЭКС,11.00000,ШТ,0.00000,ЭКС-000005747   ,,5961736.00000,,,2.00000,КГ,127.00000,13.00000,7.00000,СМ,,False,,271070.25000,,,,,,Логунов Владимир Александ,Колупаев В.Г.,П18052621,ШТ,Товар РЦ,Кулманаков Дмитрий Сергее,0.00000,0.00000,r.sagaidak,,2026-03-23 12:17:23,,2240.25000,24642.75000,,,N,N,N,,False,22.00000,,,,,,0,ЭКС-000008444   ,2026-03-23 00:00:00,,,,,11.00000,1977703,2,,,,,,,Long < 2,C,,Годен,,,
1996505,,WH1,321128,EKS000005748,162108,"Кабель ВВГнг(A)-LS 4х1,5 ок(N)-0,66 Кабэкс",,,ЭКС,10345.00000,М,0.00000,ЭКС-000005748   ,,5961738.00000,,,0.27800,КГ,100.00000,1.30000,1.30000,СМ,,False,,6979780810.50000,13,,,,,Коробейников Николай Алек,Лихушина Н.И.,ТГ000004477,М,Суперсклад,Кабельный завод Кабэкс ОО,0.00000,0.00000,n.bezrukov,,2026-03-23 12:35:45,,65.22000,674700.90000,,,Y,N,N,,False,2875.91000,,,,,,0,,2026-03-23 00:00:00,,,,,10345.00000,1977704,1,,,01,,,,,A,,Годен,,,
1996506,,WH1,321128,EKS000005748,162111,"Кабель ВВГнг(A)-LS 4х6 ок(N)-0,66 Кабэкс",,,ЭКС,2714.00000,М,0.00000,ЭКС-000005748   ,,5961739.00000,,,0.51600,КГ,100.00000,1.58000,1.58000,СМ,,False,,1757257951.72000,15.8,,,,,Коробейников Николай Алек,Лихушина Н.И.,ТХМ00129529,М,Суперсклад,Кабельный завод Кабэкс ОО,0.00000,0.00000,n.bezrukov,,2026-03-23 12:37:21,,238.57000,647478.98000,,,Y,N,N,,False,1400.42400,,,,,,0,,2026-03-23 00:00:00,,,,,2714.00000,1977705,1,,,01,,,,,A,,Годен,,,
1996507,,WH1,321128,EKS000005748,162120,"Кабель ВВГнг(A)-LS 5х95 мc(N,PE)-1 Кабэкс",,,ЭКС,519.00000,М,0.00000,ЭКС-000005748   ,,5961740.00000,,,5.97900,КГ,100.00000,4.48000,4.48000,СМ,,False,,1289590029.99000,44.8,,,,,AABL,Лихушина Н.И.,ТХМ00343594,М,Товар РЦ,Кабельный завод Кабэкс ОО,0.00000,0.00000,n.bezrukov,,2026-03-23 12:34:14,,4787.59000,2484759.21000,,,Y,N,N,,False,3103.10100,,,,,,0,,2026-03-23 00:00:00,,,,,519.00000,1977706,1,,,01,,,,,C,,Годен,,,
1996508,,WH1,321128,EKS000005748,182480,"Кабель ППГнг(A)-HF 4х1,5 ок(N)-0,66 Кабэкс",,,ЭКС,1050.00000,М,0.00000,ЭКС-000005748   ,,5961741.00000,,,0.17500,КГ,100.00000,1.01000,1.01000,СМ,,False,,77660100.00000,10.1,,,,,Коробейников Николай Алек,Лихушина Н.И.,ТХМ00132589,М,Товар РЦ,Кабельный завод Кабэкс ОО,0.00000,0.00000,n.bezrukov,,2026-03-23 12:32:31,,70.44000,73962.00000,,,Y,N,N,,False,183.75000,,,,,,0,,2026-03-23 00:00:00,,,,,1050.00000,1977707,1,,,01,,,,,C,,Годен,,,
1996509,,WH1,321128,EKS000005748,182482,"Кабель ППГнг(A)-HF 3х2,5 ок -0,66 Кабэкс",,,ЭКС,10033.00000,М,0.00000,ЭКС-000005748   ,,5961742.00000,,,0.18800,КГ,100.00000,1.02000,1.02000,СМ,,False,,8426339760.19000,10.2,,,,,Коробейников Николай Алек,Лихушина Н.И.,ТХМ00132573,М,Суперсклад,Кабельный завод Кабэкс ОО,0.00000,0.00000,n.bezrukov,,2026-03-23 12:43:34,,83.71000,839862.43000,,,Y,N,N,,False,1886.20400,,,,,,0,,2026-03-23 00:00:00,,,,,10033.00000,1977708,1,,,01,,,,,A,,Годен,,,
1996510,,WH1,321128,EKS000005748,186323,"Кабель ВВГнг(A)-LS 3х1,5 ок(N,PE)-0,66 Кабэкс",,,ЭКС,6016.00000,М,0.00000,ЭКС-000005748   ,,5961743.00000,,,0.21600,КГ,100.00000,1.14000,1.14000,СМ,,False,,1705008096.00000,11.4,,,,,Коробейников Николай Алек,Лихушина Н.И.,ТХМ00130578,М,Базовый,Кабельный завод Кабэкс ОО,0.00000,0.00000,n.bezrukov,,2026-03-23 12:42:53,,52.05000,283412.25000,,,Y,N,N,,False,1299.45600,,,,,,0,,2026-03-23 00:00:00,,,,,5445.00000,1977709,1,,,01,,,,,A,,Годен,,,
1996511,,WH1,321128,EKS000005748,217228,"Кабель ВВГнг(A)-LS 5х70 мс(N,PE)-1 Кабэкс",,,ЭКС,629.00000,М,0.00000,ЭКС-000005748   ,,5961744.00000,,,3.93100,КГ,100.00000,3.48000,3.48000,СМ,,False,,1348364310.05000,34.8,,,,,Коробейников Николай Алек,Лихушина Н.И.,ТХМ00343603,М,Товар РЦ,Кабельный завод Кабэкс ОО,0.00000,0.00000,n.bezrukov,,2026-03-23 12:33:25,,3408.05000,2143663.45000,,,Y,N,N,,False,2472.59900,,,,,,0,,2026-03-23 00:00:00,,,,,629.00000,1977710,1,,,01,,,,,C,,Годен,,,
1996512,,WH1,321128,EKS000005748,298461,"Кабель ППГ-Пнг(A)-HF 3х1,5 ок(N,PE)-0,66 Кабэкс",,,ЭКС,15930.00000,М,0.00000,ЭКС-000005748   ,,5961745.00000,,,0.14600,КГ,100.00000,0.82000,0.82000,СМ,,False,,12896332218.00000,8.2,,,,,Коробейников Николай Алек,Лихушина Н.И.,ТХМ00388318,М,Базовый,Кабельный завод Кабэкс ОО,0.00000,0.00000,n.bezrukov,,2026-03-23 12:40:05,,50.82000,809562.60000,,,Y,N,N,,False,2325.78000,,,,,,0,,2026-03-23 00:00:00,,,,,15930.00000,1977711,1,,,01,,,,,A,,Годен,,,
1996513,,WH1,321128,EKS000005748,298771,"Кабель ППГ-Пнг(A)-HF 3х2,5 ок -0,66 Кабэкс",,,ЭКС,9801.00000,М,0.00000,ЭКС-000005748   ,,5961746.00000,,,0.18800,КГ,100.00000,1.11000,1.11000,СМ,,False,,7779867084.99000,11.1,,,,,Коробейников Николай Алек,Лихушина Н.И.,ТХМ00388319,М,Базовый,Кабельный завод Кабэкс ОО,0.00000,0.00000,n.bezrukov,,2026-03-23 12:40:49,,80.99000,793782.99000,,,Y,N,N,,False,1842.58800,,,,,,0,,2026-03-23 00:00:00,,,,,9801.00000,1977712,1,,,01,,,,,A,,Годен,,,
1996514,,WH1,321128,EKS000005748,851382,"Кабель ППГ-Пнг(A)-FR-HF 3х1,5 ок(N,PE)-0,66 Кабэкс",,,ЭКС,1346.00000,М,0.00000,ЭКС-000005748   ,,5961747.00000,,,0.28700,КГ,100.00000,1.38000,1.38000,СМ,,False,,106402080.68000,13.8,,,,,,Лихушина Н.И.,ТХМ00407041,М,Товар РЦ,Кабельный завод Кабэкс ОО,0.00000,0.00000,n.bezrukov,,2026-03-23 12:30:07,,58.73000,79050.58000,,,Y,N,N,,False,386.30200,,,,,,0,,2026-03-23 00:00:00,,,,,1346.00000,1977713,1,,,,,,,,C,,Годен,,,
1996515,,WH1,321128,EKS000005748,855389,"Кабель ППГ-Пнг(A)-HF 3х1,5 ок(N,PE)-0,66 (100м) Кабэкс",,,ЭКС,19100.00000,М,0.00000,ЭКС-000005748,,5961748.00000,,,0.14600,КГ,100.00000,0.94000,0.94000,СМ,,False,,14559930000.00000,9.4,,,,,,Лихушина Н.И.,ТХМ00382654,М,Новинка,Кабельный завод Кабэкс ОО,0.00000,0.00000,n.bezrukov,,2026-03-23 12:58:41,,50.82000,762300.00000,,Y,Y,N,N,,False,2788.60000,,,,,,0,,2026-03-23 00:00:00,,,,,15000.00000,1977714,1,,,01,,,,,C,,Годен,,,
1996516,,WH1,321128,EKS000005748,298461,"Кабель ППГ-Пнг(A)-HF 3х1,5 ок(N,PE)-0,66 Кабэкс",,,ЭКС,7870.00000,М,0.00000,ЭКС-000005748   ,,5961749.00000,,,0.14600,КГ,100.00000,0.82000,0.82000,СМ,,False,,3199660254.00000,8.2,,,,,Коробейников Николай Алек,Лихушина Н.И.,ТХМ00388318,М,Базовый,Кабельный завод Кабэкс ОО,0.00000,0.00000,n.bezrukov,,2026-03-23 12:41:40,,51.66000,406564.20000,,,Y,N,N,,False,1149.02000,,,,,,0,,2026-03-23 00:00:00,,,,,7870.00000,1977715,1,,,01,,,,,A,,Годен,,,
1996517,,WH1,321128,EKS000005748,186323,"Кабель ВВГнг(A)-LS 3х1,5 ок(N,PE)-0,66 Кабэкс",,,ЭКС,571.00000,М,571.00000,ЭКС-000005748   ,,5961750.00000,,,0.21600,КГ,100.00000,1.14000,1.14000,СМ,,False,,16970434.05000,11.4,,,,,Коробейников Николай Алек,Лихушина Н.И.,ТХМ00130578,М,Базовый,Кабельный завод Кабэкс ОО,0.00000,0.00000,ILSSRV,4b8efc4c-4fb2-491e-9e0d-139bf56d425b,2026-03-23 12:11:49,,52.05000,29720.55000,,,Y,N,N,,False,123.33600,,,,,,0,,2026-03-23 00:00:00,,,,,571.00000,1977716,1,,,01,,,,,A,,Годен,,,
1996518,,WH1,321128,EKS000005748,855389,"Кабель ППГ-Пнг(A)-HF 3х1,5 ок(N,PE)-0,66 (100м) Кабэкс",,,ЭКС,4100.00000,М,4100.00000,ЭКС-000005748   ,,5961751.00000,,,0.14600,КГ,100.00000,0.94000,0.94000,СМ,,False,,854284200.00000,9.4,,,,,,Лихушина Н.И.,ТХМ00382654,М,Новинка,Кабельный завод Кабэкс ОО,0.00000,0.00000,ILSSRV,4b8efc4c-4fb2-491e-9e0d-139bf56d425b,2026-03-23 12:11:49,,50.82000,208362.00000,,,Y,N,N,,False,598.60000,,,,,,0,,2026-03-23 00:00:00,,,,,4100.00000,1977717,1,,,01,,,,,C,,Годен,,,
1996519,,WH1,321129,EKS000005749,883697,Провод ПуГВнг(А)-LS 1х6   Промэко,,,ЭКС,4500.00000,М,0.00000,ЭКС-000005749   ,,5961752.00000,,,6.65000,КГ,26.00000,26.00000,9.00000,СМ,,False,,1173285000.00000,,,,,,,Дунав М.И.,883697,М,Товар РЦ,Промэко ООО,0.00000,0.00000,a.savitskiy,,2026-03-23 12:27:21,,57.94000,260730.00000,,,Y,N,N,,False,29925.00000,,,,,,0,,2026-03-23 00:00:00,,,,,4500.00000,1977718,1,,,,,,,,C,,Годен,,,
1996520,,WH1,321130,EKS000005750,168516,Трубка ТТК-(3:1)-12/4 черная (КВТ),,,ЭКС,20.00000,М,0.00000,ЭКС-000005750   ,,5961767.00000,,,0.01000,КГ,50.00000,8.00000,1.00000,СМ,,,,24412.00000,,,,,,Дортман Анна Павловна,Княжева Ю.В.,59697,М,Товар филиала,Техэлектро-Сибирь ООО,0.00000,0.00000,r.sagaidak,,2026-03-23 12:31:39,,61.03000,1220.60000,,,N,N,N,,False,0.20000,,,,,,0,ЭКС-000011985   ,2026-03-23 00:00:00,,,,,20.00000,1977719,2,,,,,,,,C,,Годен,,,
1996521,,WH1,321130,EKS000005750,861419,Набор втулочных наконечников НШВИ К-1490-1,,,ЭКС,1.00000,ШТ,0.00000,ЭКС-000005750   ,,5961778.00000,,,1.18000,КГ,24.00000,17.00000,7.00000,СМ,,False,,2222.28000,,,,,,Заказной,Княжева Ю.В.,105673,ШТ,Заказной товар,Техэлектро-Сибирь ООО,0.00000,0.00000,r.sagaidak,,2026-03-23 12:29:11,,2222.28000,2222.28000,,,N,N,N,,False,1.18000,,,,,,0,ЭКС-000012192   ,2026-03-23 00:00:00,,,,,1.00000,1977720,2,,,,,,,,C,,Годен,,,
1996522,,WH1,321130,EKS000005750,440522,Термоусаживаемая трубка ТНТ-16/8 желтая по 1м КВТ,,,ЭКС,10.00000,М,0.00000,ЭКС-000005750   ,,5961776.00000,,,0.01000,КГ,50.00000,2.50000,0.20000,СМ,,,,2945.00000,,,,,,Дортман Анна Павловна,Княжева Ю.В.,82987,М,Базовый,Техэлектро-Сибирь ООО,0.00000,0.00000,r.sagaidak,,2026-03-23 12:28:58,,29.45000,294.50000,,,N,N,N,,False,0.10000,,,,,,0,,2026-03-23 00:00:00,,,,,10.00000,1977721,2,,,,,,,,C,,Годен,,,
1996523,,WH1,321130,EKS000005750,66850,Наконечник медный луженый ТМЛ  50-12-11 (КВТ),,,ЭКС,100.00000,ШТ,0.00000,ЭКС-000005750   ,,5961763.00000,,,0.03000,КГ,6.00000,1.00000,1.00000,СМ,,,,781400.00000,,,,,,Дортман Анна Павловна,Княжева Ю.В.,40891,ШТ,Товар филиала,Техэлектро-Сибирь ООО,0.00000,0.00000,r.sagaidak,,2026-03-23 12:33:45,,78.14000,7814.00000,,,N,N,N,,False,3.00000,,,,,,0,,2026-03-23 00:00:00,,,,,100.00000,1977722,2,,,,,,,,C,,Годен,,,
1996524,,WH1,321130,EKS000005750,66844,Наконечник медный луженый ТМЛ  35-10-9 (КВТ),,,ЭКС,100.00000,ШТ,0.00000,ЭКС-000005750   ,,5961761.00000,,,0.02080,КГ,6.00000,1.50000,1.30000,СМ,,,,625600.00000,,,,,,Дортман Анна Павловна,Княжева Ю.В.,40884,ШТ,Товар филиала,Техэлектро-Сибирь ООО,0.00000,0.00000,r.sagaidak,,2026-03-23 12:34:02,,62.56000,6256.00000,,,N,N,N,,False,2.08000,,,,,,0,,2026-03-23 00:00:00,,,,,100.00000,1977723,2,,,,,,,,C,,Годен,,,
1996525,,WH1,321130,EKS000005750,66842,Наконечник медный луженый ТМЛ  25-8-8 (КВТ),,,ЭКС,100.00000,ШТ,0.00000,ЭКС-000005750   ,,5961759.00000,,,0.10000,КГ,4.50000,1.00000,1.00000,СМ,,,,469800.00000,,,,,,Дортман Анна Павловна,Княжева Ю.В.,40881,ШТ,Товар филиала,Техэлектро-Сибирь ООО,0.00000,0.00000,r.sagaidak,,2026-03-23 12:34:25,,46.98000,4698.00000,,,N,N,N,,False,10.00000,,,,,,0,,2026-03-23 00:00:00,,,,,100.00000,1977724,2,,,,,,,,C,,Годен,,,
1996526,,WH1,321130,EKS000005750,42091,Наконечник медный луженый ТМЛ  10-6-5 (КВТ),,,ЭКС,100.00000,ШТ,0.00000,ЭКС-000005750   ,,5961753.00000,,,0.01000,КГ,4.00000,1.20000,0.80000,СМ,,False,27.33.13,271600.00000,,8536901000,,,,Дортман Анна Павловна,Княжева Ю.В.,40832,ШТ,Базовый,Техэлектро-Сибирь ООО,0.00000,0.00000,r.sagaidak,,2026-03-23 12:34:37,,27.16000,2716.00000,,,N,N,N,,False,1.00000,,,,,,0,,2026-03-23 00:00:00,,,,,100.00000,1977725,2,,,,,,,,B,,Годен,,,
1996527,,WH1,321130,EKS000005750,422606,"Разъем плоский РПИ-П 1,5-(6,3) (КВТ)",,,ЭКС,500.00000,ШТ,0.00000,ЭКС-000005750   ,,5961765.00000,,,0.00500,КГ,3.00000,1.00000,0.50000,СМ,,,,360000.00000,,,,,,Дортман Анна Павловна,Княжева Ю.В.,49614,ШТ,Товар филиала,Техэлектро-Сибирь ООО,0.00000,0.00000,r.sagaidak,,2026-03-23 12:35:44,,1.44000,720.00000,,,N,N,N,,False,2.50000,,,,,,0,,2026-03-23 00:00:00,,,,,500.00000,1977726,2,,,,,,,,C,,Годен,,,
1996528,,WH1,321130,EKS000005750,401306,Трубка ТТШ-10-150/60 КВТ,,,ЭКС,10.00000,М,0.00000,ЭКС-000005750   ,,5961775.00000,,,0.20000,КГ,100.00000,24.00000,0.30000,СМ,,,,83404.00000,,,,,,Заказной,Княжева Ю.В.,73722,М,Заказной товар,Техэлектро-Сибирь ООО,0.00000,0.00000,r.sagaidak,,2026-03-23 12:31:19,,834.04000,8340.40000,,,N,N,N,,False,2.00000,,,,,,0,ЭКС-000012214   ,2026-03-23 00:00:00,,,,,10.00000,1977727,2,,,,,,,,C,,Годен,,,
1996529,,WH1,321130,EKS000005750,397960,"Наконечник кольцевой изолир. НКИ 1,5-4 (КВТ)",,,ЭКС,500.00000,ШТ,0.00000,ЭКС-000005750   ,,5961757.00000,,,0.00100,КГ,1.50000,0.50000,0.50000,СМ,,,,430000.00000,,,,,,Дортман Анна Павловна,Княжева Ю.В.,47472,ШТ,Базовый,Техэлектро-Сибирь ООО,0.00000,0.00000,r.sagaidak,,2026-03-23 12:35:34,,1.72000,860.00000,,,N,N,N,,False,0.50000,,,,,,0,,2026-03-23 00:00:00,,,,,500.00000,1977728,2,,,,,,,,B,,Годен,,,
1996530,,WH1,321130,EKS000005750,397956,"Наконечник кольцевой изолир. НКИ 6,0-8 (КВТ)",,,ЭКС,500.00000,ШТ,0.00000,ЭКС-000005750   ,,5961755.00000,,,0.00100,КГ,2.00000,0.70000,0.70000,СМ,,,,1702500.00000,,,,,,Дортман Анна Павловна,Княжева Ю.В.,47483,ШТ,Базовый,Техэлектро-Сибирь ООО,0.00000,0.00000,r.sagaidak,,2026-03-23 12:34:48,,6.81000,3405.00000,,,N,N,N,,False,0.50000,,,,,,0,,2026-03-23 00:00:00,,,,,500.00000,1977729,2,,,,,,,,B,,Годен,,,
1996531,,WH1,321130,EKS000005750,365076,"КВТ Наконечник ПМ 1,5 - 4",,,ЭКС,100.00000,ШТ,0.00000,ЭКС-000005750   ,,5961773.00000,,,0.00500,КГ,2.00000,1.00000,0.50000,СМ,,,,33500.00000,,,,,,Акулинский Петр Иванович,Княжева Ю.В.,59134,ШТ,Товар филиала,Техэлектро-Сибирь ООО,0.00000,0.00000,r.sagaidak,,2026-03-23 12:35:22,,3.35000,335.00000,,,N,N,N,,False,0.50000,,,,,,0,,2026-03-23 00:00:00,,,,,100.00000,1977730,2,,,,,,,,C,,Годен,,,
1996532,,WH1,321130,EKS000005750,317184,Трубка ТТК-(4:1)-4/1 (КВТ),,,ЭКС,20.00000,М,0.00000,ЭКС-000005750   ,,5961772.00000,,,0.50000,КГ,50.00000,0.50000,0.50000,СМ,,False,,9468.00000,,,,,,Дортман Анна Павловна,Княжева Ю.В.,59672,М,Товар филиала,Техэлектро-Сибирь ООО,0.00000,0.00000,r.sagaidak,,2026-03-23 12:31:03,,23.67000,473.40000,,,N,N,N,,False,10.00000,,,,,,0,ЭКС-000011972   ,2026-03-23 00:00:00,,,,,20.00000,1977731,2,,,,,,,,C,,Годен,,,
1996533,,WH1,321130,EKS000005750,310514,"Набор ""Колорит 12/6"" (КВТ)",,,ЭКС,2.00000,УП,0.00000,ЭКС-000005750   ,,5961771.00000,,,0.02000,КГ,12.00000,9.00000,2.00000,СМ,,False,22.21.29,238.20000,,,,,,Дортман Анна Павловна,Княжева Ю.В.,73641,УП,Базовый,Техэлектро-Сибирь ООО,0.00000,0.00000,r.sagaidak,,2026-03-23 12:33:34,,59.55000,119.10000,,,N,N,N,,False,0.04000,,,,,,0,ЭКС-000012110   ,2026-03-23 00:00:00,,,,,2.00000,1977732,2,,,,,,,,C,,Годен,,,
1996534,,WH1,321130,EKS000005750,283967,Термоусаживаемая трубка ТНТнг-LS 16/8 желто-зеленая по 1м КВТ,,,ЭКС,10.00000,М,0.00000,ЭКС-000005750   ,,5961769.00000,,,0.05000,КГ,50.00000,5.00000,0.30000,СМ,,,,4776.00000,,,,,,Дортман Анна Павловна,Княжева Ю.В.,72437,М,Базовый,Техэлектро-Сибирь ООО,0.00000,0.00000,r.sagaidak,,2026-03-23 12:31:52,,47.76000,477.60000,,,N,N,N,,False,0.50000,,,,,,0,,2026-03-23 00:00:00,,,,,10.00000,1977733,2,,,,,,,,C,,Годен,,,
1996535,,WH1,321130,EKS000005750,205338,Гильза  алюминиевая ГА 185-19  КВТ,,,ЭКС,25.00000,ШТ,0.00000,ЭКС-000005750   ,,5961768.00000,,,0.06000,КГ,10.00000,2.50000,2.50000,СМ,,False,27.33.13,35031.25000,,8536901000,,,,Заказной,Княжева Ю.В.,41459,ШТ,Заказной товар,Техэлектро-Сибирь ООО,0.00000,0.00000,r.sagaidak,,2026-03-23 12:33:17,,56.05000,1401.25000,,,N,N,N,,False,1.50000,,,,,,0,ЭКС-000012072   ,2026-03-23 00:00:00,,,,,25.00000,1977734,2,,,,,,,,C,,Годен,,,
1996536,,WH1,321131,EKS000005751,306710,"Кабель АВБШвнг(А)-LS 5х6-0,66",,,ЭКС,70.00000,М,0.00000,ЭКС-000005751   ,,5961780.00000,,,0.62900,КГ,100.00000,1.94000,1.94000,СМ,,,,682374.00000,19.4,,,,,Заказной,Лихушина Н.И.,306710,М,Заказной товар,Сибкабель АО,0.00000,0.00000,a.savitskiy,,2026-03-23 12:33:17,,139.26000,9748.20000,,,Y,N,N,,False,44.03000,,,,,,0,ЭКС-000011581   ,2026-03-20 00:00:00,,,,,70.00000,1977735,1,,,01,,,,,C,,Годен,,,
1996537,,WH1,321132,EKS000005752,541100,"Сверло по бетону 6х110 мм, Мастер (ЗУБР)",,,ЭКС,100.00000,ШТ,0.00000,ЭКС-000005752   ,,5961791.00000,,,0.02000,КГ,17.00000,5.00000,1.00000,СМ,,,,364300.00000,,,,,,Заказной,Петров И.В.,2922-110-06,ШТ,Заказной товар,ЗУБР НСК ООО (Ювента),0.00000,0.00000,r.sagaidak,,2026-03-23 12:53:43,,36.43000,3643.00000,,,N,N,N,,False,2.00000,,,,,,0,,2026-03-23 00:00:00,,,,,100.00000,1977736,2,,,,,,,,C,,Годен,,,
1996538,,WH1,321133,EKS000005753,660960,Выкл-ль дифференциального тока (ВДТ) City9 2п 63А 30мА Тип-A 230В,,,ЭКС,3.00000,ШТ,0.00000,ЭКС-000005753   ,,5961830.00000,,,0.10000,КГ,9.00000,7.00000,4.00000,СМ,,,,27460.89000,,,,,,Сарычев Дмитрий Сергеевич,Шаповалов П.Г.,C9R68263,ШТ,Товар РЦ,СИСТЭМ ЭЛЕКТРИК АО (ранее,0.00000,0.00000,n.bezrukov,,2026-03-23 13:13:40,,3051.21000,9153.63000,,,N,N,N,,False,0.30000,,,,,,0,ЭКС-000011797   ,2026-03-20 00:00:00,,,,,3.00000,1977737,2,,,,,,,,C,,Годен,,,
1996539,,WH1,321133,EKS000005753,540761,"Simon S82 Concept Матовый черный, Накладка для шнурового выключателя и вывода кабеля",,,ЭКС,7.00000,ШТ,0.00000,ЭКС-000005753   ,,5961795.00000,,,0.06000,КГ,5.00000,5.00000,1.20000,СМ,,,,26411.00000,,,,,,Заказной,Куграшова О.В.,8200051-098,ШТ,Заказной товар,Симон Электрик ООО,0.00000,0.00000,n.bezrukov,,2026-03-23 13:06:41,,539.00000,3773.00000,,,N,N,N,,False,0.42000,,,,,,0,ЭКС-000055799   ,2026-03-20 00:00:00,,,,,7.00000,1977738,2,,,,,,,,C,,Годен,,,
1996540,,WH1,321133,EKS000005753,529115,"Simon S82 Concept Матовый белый, Клавиша для трехпозиционного выключателя жалюзи с пиктограммой ""стр",,,ЭКС,3.00000,ШТ,0.00000,ЭКС-000005753   ,,5961794.00000,,,0.02000,КГ,6.00000,6.00000,2.00000,СМ,,,,3217.50000,,,,,,Заказной,Куграшова О.В.,8200033-090,ШТ,Заказной товар,Симон Электрик ООО,0.00000,0.00000,n.bezrukov,,2026-03-23 13:07:04,,357.50000,1072.50000,,,N,N,N,,False,0.06000,,,,,,0,ЭКС-000055799   ,2026-03-20 00:00:00,,,,,3.00000,1977739,2,,,,,,,,C,,Годен,,,
1996541,,WH1,321133,EKS000005753,302716,"Выкл с самовозвратом(кнопка), сх.1, 10АХ, мех-зм, Atlasdesign Алюминий  ATN000315",,,ЭКС,3.00000,ШТ,0.00000,ЭКС-000005753   ,,5961814.00000,,,0.10000,КГ,7.00000,7.00000,4.00000,СМ,,,,2398.05000,,,,,,Заказной,Куграшова О.В.,ATN000315,ШТ,Заказной товар,СИСТЭМ ЭЛЕКТРИК АО (ранее,0.00000,0.00000,n.bezrukov,,2026-03-23 13:19:05,,266.45000,799.35000,,,N,N,N,,False,0.30000,,,,,,0,ЭКС-000010496   ,2026-03-20 00:00:00,,,,,3.00000,1977740,2,,,,,,,,C,,Годен,,,
1996542,,WH1,321133,EKS000005753,265097,"Розетка о/у 1-ая компьютерная  RJ45 изол.пл. ""Blanca"" антрацит BLNIA045006",,,ЭКС,3.00000,ШТ,0.00000,ЭКС-000005753   ,,5961813.00000,,,0.08000,КГ,8.00000,8.00000,4.00000,СМ,,,,3570.03000,,,,,,Заказной,Куграшова О.В.,BLNIA045006,ШТ,Заказной товар,Шнейдер Электрик АО,0.00000,0.00000,n.bezrukov,,2026-03-23 13:11:09,,396.67000,1190.01000,,,N,N,N,,False,0.24000,,,,,,0,ЭКС-000010398   ,2026-03-20 00:00:00,,,,,3.00000,1977741,2,,,,,,,,C,,Годен,,,
1996543,,WH1,321133,EKS000005753,264309,"Рамка 4-я,горизонтальная ""Glossa"" платина GSL001204",,,ЭКС,2.00000,ШТ,0.00000,ЭКС-000005753   ,,5961796.00000,,,0.10000,КГ,25.00000,7.00000,1.00000,СМ,,,,1024.44000,,,,,,Заказной,Куграшова О.В.,GSL001204,ШТ,Распродажа,Шнейдер Электрик АО,0.00000,0.00000,n.bezrukov,,2026-03-23 13:09:08,,256.11000,512.22000,,,N,N,N,,False,0.20000,,,,,,0,ЭКС-000008762   ,2026-03-20 00:00:00,,,,,2.00000,1977742,2,,,,,,,,C,,Годен,,,
1996544,,WH1,321133,EKS000005753,256985,Розетка о/п 1-ая с ЗК со шторками 16А Белый ХИТ RA16-138-B,,,ЭКС,3.00000,ШТ,0.00000,ЭКС-000005753   ,,5961812.00000,,,0.05700,КГ,6.50000,6.50000,4.20000,СМ,,,,790.29000,,,,,,Заказной,Куграшова О.В.,RA16-138-B,ШТ,Распродажа,Шнейдер Электрик АО,0.00000,0.00000,n.bezrukov,,2026-03-23 13:12:39,,87.81000,263.43000,,,N,N,N,,False,0.17100,,,,,,0,ЭКС-000010332   ,2026-03-20 00:00:00,,,,,3.00000,1977743,2,,,,,,,,C,,Годен,,,
1996545,,WH1,321133,EKS000005753,508256,Рамка 1-местная черная  Стокгольм EXM-G-302-30,,,ЭКС,42.00000,ШТ,0.00000,ЭКС-000005753   ,,5961805.00000,,,0.01000,КГ,9.00000,8.00000,1.00000,СМ,,,,46675.44000,,,,,,Дортман Анна Павловна,Гилета О.В.,EXM-G-302-30,ШТ,Базовый,Электрорешения ООО,0.00000,0.00000,n.bezrukov,,2026-03-23 13:30:10,,26.46000,1111.32000,,,N,N,N,,False,0.42000,,,,,,0,ЭКС-000010116   ,2026-03-20 00:00:00,,,,,42.00000,1977744,2,,,,,,,,C,,Годен,,,
1996546,,WH1,321133,EKS000005753,508255,Рамка 2-местная черная  Стокгольм EXM-G-303-30,,,ЭКС,63.00000,ШТ,0.00000,ЭКС-000005753   ,,5961803.00000,,,0.02000,КГ,16.00000,8.00000,1.00000,СМ,,,,170230.41000,,,,,,Заказной,Гилета О.В.,EXM-G-303-30,ШТ,Новинка,Электрорешения ООО,0.00000,0.00000,n.bezrukov,,2026-03-23 13:17:59,,42.89000,2702.07000,,,N,N,N,,False,1.26000,,,,,,0,ЭКС-000010116   ,2026-03-20 00:00:00,,,,,63.00000,1977745,2,,,,,,,,C,,Годен,,,
1996547,,WH1,321133,EKS000005753,358391,Розетка двойная 2Х2К+3 без шторок белая Simon 24/  2450459-030,,,ЭКС,1.00000,ШТ,0.00000,ЭКС-000005753   ,,5961816.00000,,,0.10000,КГ,9.00000,9.00000,6.00000,СМ,,,,477.00000,,,,,,Заказной,Куграшова О.В.,2450459-030,ШТ,Распродажа,Симон Электрик ООО,0.00000,0.00000,n.bezrukov,,2026-03-23 13:08:28,,477.00000,477.00000,,,N,N,N,,False,0.10000,,,,,,0,ЭКС-000010980   ,2026-03-20 00:00:00,,,,,1.00000,1977746,2,,,,,,,,C,,Годен,,,
1996548,,WH1,321133,EKS000005753,356888,"Распред коробка в комплекте 4 каб ввода , коричневый BIRONI (110x35)мм пластик B1-522-22-K",,,ЭКС,11.00000,ШТ,0.00000,ЭКС-000005753   ,,5961817.00000,,,0.10000,КГ,12.00000,12.00000,6.00000,СМ,,,,27807.01000,,,,,,Дортман Анна Павловна,Куграшова О.В.,B1-522-22-K,ШТ,Базовый,Элевел Инженер АО,0.00000,0.00000,n.bezrukov,,2026-03-23 13:05:59,,229.81000,2527.91000,,,N,N,N,,False,1.10000,,,,,,0,ЭКС-000011030   ,2026-03-20 00:00:00,,,,,11.00000,1977747,2,,,,,,,,C,,Годен,,,
1996549,,WH1,321133,EKS000005753,331450,РM slim 25/1 EKF AVERES,,,ЭКС,4.00000,ШТ,0.00000,ЭКС-000005753   ,,5961818.00000,,,0.01000,КГ,7.00000,4.00000,2.00000,СМ,,True,,2590.40000,,,,,,Заказной,Третьяков С.М.,rms-25-1,ШТ,Товар РЦ,Электрорешения ООО,0.00000,0.00000,n.bezrukov,,2026-03-23 13:14:37,,161.90000,647.60000,,,N,N,N,,True,0.04000,,,,,,0,ЭКС-000010903   ,2026-03-20 00:00:00,,,,,4.00000,1977748,2,,,,,,,,C,,Годен,,,
1996550,,WH1,321133,EKS000005753,328985,Колодка клеммная  JXB-2.5/35 серая EKF PROxima,,,ЭКС,50.00000,ШТ,0.00000,ЭКС-000005753   ,,5961828.00000,,,0.01000,КГ,5.00000,3.00000,0.30000,СМ,,True,,46275.00000,,,,,,Заказной,Феденькова Д.Ю.,plc-jxb-2.4/35gy,ШТ,Заказной товар,Электрорешения ООО,0.00000,0.00000,n.bezrukov,,2026-03-23 13:09:22,,18.51000,925.50000,,,N,N,N,,True,0.50000,,,,,,0,ЭКС-000011806   ,2026-03-20 00:00:00,,,,,50.00000,1977749,2,,,,,,,,C,,Годен,,,
1996551,,WH1,321133,EKS000005753,316156,"Розетка с/у 1-ая 16А с ЗК с з/шт  ""Blanca"" бежевый  BLNRS001117",,,ЭКС,2.00000,ШТ,0.00000,ЭКС-000005753   ,,5961811.00000,,,0.01000,КГ,8.50000,8.50000,4.00000,СМ,,,,407.36000,,,,,,Заказной,Куграшова О.В.,BLNRS001117,ШТ,Распродажа,СИСТЭМ ЭЛЕКТРИК АО (ранее,0.00000,0.00000,n.bezrukov,,2026-03-23 13:08:01,,101.84000,203.68000,,,N,N,N,,False,0.02000,,,,,,0,ЭКС-000010315   ,2026-03-20 00:00:00,,,,,2.00000,1977750,2,,,,,,,,C,,Годен,,,
1996552,,WH1,321133,EKS000005753,316132,"Розетка с/у 2-я компьютерная RJ45, кат.5E, ""Blanca"" бежевый  BLNIS045457",,,ЭКС,2.00000,ШТ,0.00000,ЭКС-000005753   ,,5961809.00000,,,0.06000,КГ,8.00000,8.00000,4.00000,СМ,,,,1386.36000,,,,,,Заказной,Куграшова О.В.,BLNIS045457,ШТ,Заказной товар,Шнейдер Электрик АО,0.00000,0.00000,n.bezrukov,,2026-03-23 13:28:39,,346.59000,693.18000,,,N,N,N,,False,0.12000,,,,,,0,ЭКС-000010251   ,2026-03-20 00:00:00,,,,,2.00000,1977751,2,,,,,,,,C,,Годен,,,
1996553,,WH1,321133,EKS000005753,313194,Модульный контактор 1НО+1НЗ 40А 230В МК-103 DEKraft,,,ЭКС,1.00000,ШТ,0.00000,ЭКС-000005753   ,,5961808.00000,,,0.20000,КГ,9.00000,7.00000,4.00000,СМ,,,,2116.19000,,,,,,Заказной,Третьяков С.М.,18079DEK,ШТ,Заказной товар,СИСТЭМ ЭЛЕКТРИК АО (ранее,0.00000,0.00000,n.bezrukov,,2026-03-23 13:23:21,,2116.19000,2116.19000,,,N,N,N,,False,0.20000,,,,,,0,ЭКС-000011206   ,2026-03-20 00:00:00,,,,,1.00000,1977752,2,,,,,,,,C,,Годен,,,
1996554,,WH1,321133,EKS000005753,302866,"Переключатель 1-кл, сх.6, 10АХ, мех-зм, Atlasdesign Мокко  ATN000661",,,ЭКС,2.00000,ШТ,0.00000,ЭКС-000005753   ,,5961819.00000,,,0.10000,КГ,7.00000,7.00000,4.00000,СМ,,,,1020.44000,,,1,,,Дортман Анна Павловна,Куграшова О.В.,ATN000661,ШТ,Базовый,Шнейдер Электрик АО,0.00000,0.00000,n.bezrukov,,2026-03-23 13:12:15,,255.11000,510.22000,,,N,N,N,,False,0.20000,,,,,,0,ЭКС-000011146   ,2026-03-20 00:00:00,,,,,2.00000,1977753,2,,,,,,,,C,,Годен,,,
1996555,,WH1,321133,EKS000005753,883638,"Регулятор подогрева пола 10А, 250V~; в комплекте датчик температуры FTR231U Jung",,,ЭКС,1.00000,ШТ,0.00000,ЭКС-000005753   ,,5961807.00000,,,0.28000,КГ,21.00000,10.00000,9.00000,СМ,,False,,9184.30000,,,,,,Заказной,Куграшова О.В.,FTR231U,ШТ,Заказной товар,ЭкоПрофи,0.00000,0.00000,n.bezrukov,,2026-03-23 13:29:44,,9184.30000,9184.30000,,,N,N,N,,False,0.28000,,,,,,0,ЭКС-000010402   ,2026-03-20 00:00:00,,,,,1.00000,1977754,2,,,,,,,,C,,Годен,,,
1996556,,WH1,321133,EKS000005753,883637,Рамка 1-местная черная  Стокгольм EXM-G-302-30,,,ЭКС,3.00000,ШТ,0.00000,ЭКС-000005753   ,,5961804.00000,,,0.02000,КГ,8.00000,8.00000,0.50000,СМ,,False,,238.14000,,,,,,,Гилета О.В.,EXM-G-302-30,ШТ,Выводится из ассортимента,Электрорешения ООО,0.00000,0.00000,n.bezrukov,,2026-03-23 13:30:53,,26.46000,79.38000,,,N,N,N,,False,0.06000,,,,,,0,ЭКС-000010116   ,2026-03-20 00:00:00,,,,,3.00000,1977755,2,,,,,,,,C,,Годен,,,
1996557,,WH1,321133,EKS000005753,852260,Клавиша двойная для 75396-39 82/82Nature графит,,,ЭКС,6.00000,ШТ,0.00000,ЭКС-000005753   ,,5961793.00000,,,0.03000,КГ,6.00000,6.00000,2.00000,СМ,,False,,16038.00000,,,,,,Заказной,Куграшова О.В.,82029-38,ШТ,Заказной товар,Симон Электрик ООО,0.00000,0.00000,n.bezrukov,,2026-03-23 13:07:37,,445.50000,2673.00000,,,N,N,N,,False,0.18000,,,,,,0,ЭКС-000055799   ,2026-03-20 00:00:00,,,,,6.00000,1977756,2,,,,,,,,C,,Годен,,,
1996558,,WH1,321133,EKS000005753,744642,"Розетка с ЗК, 16А, механизм, БАЗАЛЬТ  /ARTGALLERY  /GAL001443",,,ЭКС,1.00000,ШТ,0.00000,ЭКС-000005753   ,,5961815.00000,,,0.07000,КГ,8.00000,8.00000,4.00000,СМ,,,,255.99000,,,,,,,Куграшова О.В.,GAL001443,ШТ,Выводится из ассортимента,СИСТЭМ ЭЛЕКТРИК АО (ранее,0.00000,0.00000,n.bezrukov,,2026-03-23 13:08:40,,255.99000,255.99000,,,N,N,N,,False,0.07000,,,,,,0,ЭКС-000010529   ,2026-03-20 00:00:00,,,,,1.00000,1977757,2,,,,,,,,C,,Годен,,,
1996559,,WH1,321133,EKS000005753,744398,"Выключатель 2-кл ДЛЯ ЖАЛЮЗИ, 2х сх.4, 10А, механизм, ШАМПАНЬ /ARTGALLERY  /GAL000519",,,ЭКС,1.00000,ШТ,0.00000,ЭКС-000005753   ,,5961802.00000,,,0.08000,КГ,7.00000,7.00000,4.00000,СМ,,,,589.89000,,,,,,Заказной,Куграшова О.В.,GAL000519,ШТ,Заказной товар,СИСТЭМ ЭЛЕКТРИК АО (ранее,0.00000,0.00000,n.bezrukov,,2026-03-23 13:27:46,,589.89000,589.89000,,,N,N,N,,False,0.08000,,,,,,0,ЭКС-000009457   ,2026-03-20 00:00:00,,,,,1.00000,1977758,2,,,,,,,,C,,Годен,,,
1996560,,WH1,321133,EKS000005753,744332,"ЗАГЛУШКА с суппортом для многопостовых рамок, БЕЛЫЙ /ARTGALLERY  /GAL000109",,,ЭКС,1.00000,ШТ,0.00000,ЭКС-000005753   ,,5961827.00000,,,0.01000,КГ,8.00000,8.00000,2.00000,СМ,,False,,153.60000,,,,,,,Куграшова О.В.,GAL000109,ШТ,Выводится из ассортимента,СИСТЭМ ЭЛЕКТРИК АО (ранее,0.00000,0.00000,n.bezrukov,,2026-03-23 13:18:28,,153.60000,153.60000,,,N,N,N,,False,0.01000,,,,,,0,ЭКС-000011552   ,2026-03-20 00:00:00,,,,,1.00000,1977759,2,,,,,,,,C,,Годен,,,
1996561,,WH1,321133,EKS000005753,690360,"ATLASDESIGN ANTIQUE Рамка 4-пост, универсальная, Песочный",,,ЭКС,1.00000,ШТ,0.00000,ЭКС-000005753   ,,5961798.00000,,,0.01000,КГ,30.00000,9.00000,1.00000,СМ,,,,255.76000,,,,,,Заказной,Куграшова О.В.,ATN101204,ШТ,Заказной товар,СИСТЭМ ЭЛЕКТРИК АО (ранее,0.00000,0.00000,n.bezrukov,,2026-03-23 13:08:54,,255.76000,255.76000,,,N,N,N,,False,0.01000,,,,,,0,ЭКС-000009348   ,2026-03-20 00:00:00,,,,,1.00000,1977760,2,,,,,,,,C,,Годен,,,
1996562,,WH1,321133,EKS000005753,690357,"ATLASDESIGN ANTIQUE Рамка 1-пост, Песочный",,,ЭКС,6.00000,ШТ,0.00000,ЭКС-000005753   ,,5961797.00000,,,0.01100,КГ,8.00000,8.00000,1.00000,СМ,,,,2464.20000,,,,,,Заказной,Куграшова О.В.,ATN101201,ШТ,Заказной товар,СИСТЭМ ЭЛЕКТРИК АО (ранее,0.00000,0.00000,n.bezrukov,,2026-03-23 13:13:20,,68.45000,410.70000,,,N,N,N,,False,0.06600,,,,,,0,ЭКС-000009348   ,2026-03-20 00:00:00,,,,,6.00000,1977761,2,,,,,,,,C,,Годен,,,
1996563,,WH1,321133,EKS000005753,690353,"ATLASDESIGN ANTIQUE Рамка 2-пост, универсальная, Аквамарин",,,ЭКС,1.00000,ШТ,0.00000,ЭКС-000005753   ,,5961800.00000,,,0.03000,КГ,15.00000,8.00000,1.00000,СМ,,,,153.25000,,,,,,Заказной,Куграшова О.В.,ATN101102,ШТ,Заказной товар,СИСТЭМ ЭЛЕКТРИК АО (ранее,0.00000,0.00000,n.bezrukov,,2026-03-23 13:09:43,,153.25000,153.25000,,,N,N,N,,False,0.03000,,,,,,0,ЭКС-000009348   ,2026-03-20 00:00:00,,,,,1.00000,1977762,2,,,,,,,,C,,Годен,,,
1996564,,WH1,321133,EKS000005753,690330,"ATLASDESIGN ANTIQUE Рамка 4-пост, универсальная, Мокко",,,ЭКС,3.00000,ШТ,0.00000,ЭКС-000005753   ,,5961799.00000,,,0.02000,КГ,30.00000,8.00000,1.00000,СМ,,,,2301.84000,,,,,,Заказной,Куграшова О.В.,ATN100604,ШТ,Заказной товар,СИСТЭМ ЭЛЕКТРИК АО (ранее,0.00000,0.00000,n.bezrukov,,2026-03-23 13:26:26,,255.76000,767.28000,,,N,N,N,,False,0.06000,,,,,,0,ЭКС-000009348   ,2026-03-20 00:00:00,,,,,3.00000,1977763,2,,,,,,,,C,,Годен,,,
1996565,,WH1,321133,EKS000005753,676162,"TV РОЗЕТКА оконечная 1DB, механизм, Atlasdesign Лотос  ATN001391",,,ЭКС,1.00000,ШТ,0.00000,ЭКС-000005753   ,,5961823.00000,,,0.10000,КГ,7.00000,7.00000,4.00000,СМ,,,,494.51000,,,,,,Заказной,Куграшова О.В.,ATN001391,ШТ,Заказной товар,СИСТЭМ ЭЛЕКТРИК АО (ранее,0.00000,0.00000,n.bezrukov,,2026-03-23 13:12:54,,494.51000,494.51000,,,N,N,N,,False,0.10000,,,,,,0,ЭКС-000011391   ,2026-03-20 00:00:00,,,,,1.00000,1977764,2,,,,,,,,C,,Годен,,,
1996566,,WH1,321133,EKS000005753,676157,"РОЗЕТКА компьютерная RJ45, кат. 5Е, механизм, Atlasdesign Лотос  ATN001383",,,ЭКС,2.00000,ШТ,0.00000,ЭКС-000005753   ,,5961824.00000,,,0.01000,КГ,8.00000,8.00000,4.00000,СМ,,,,2697.92000,,,,,,Заказной,Куграшова О.В.,ATN001383,ШТ,Заказной товар,СИСТЭМ ЭЛЕКТРИК АО (ранее,0.00000,0.00000,n.bezrukov,,2026-03-23 13:22:44,,674.48000,1348.96000,,,N,N,N,,False,0.02000,,,,,,0,ЭКС-000011391   ,2026-03-20 00:00:00,,,,,2.00000,1977765,2,,,,,,,,C,,Годен,,,
1996567,,WH1,321133,EKS000005753,676149,"Выключатель 2кл , сх.5, 10АХ, механизм, Atlasdesign Лотос  ATN001351",,,ЭКС,7.00000,ШТ,0.00000,ЭКС-000005753   ,,5961821.00000,,,0.03000,КГ,7.00000,7.00000,4.00000,СМ,,,,10585.47000,,,,,,Заказной,Куграшова О.В.,ATN001351,ШТ,Заказной товар,СИСТЭМ ЭЛЕКТРИК АО (ранее,0.00000,0.00000,n.bezrukov,,2026-03-23 13:24:09,,216.03000,1512.21000,,,N,N,N,,False,0.21000,,,,,,0,ЭКС-000011391   ,2026-03-20 00:00:00,,,,,7.00000,1977766,2,,,,,,,,C,,Годен,,,
1996568,,WH1,321133,EKS000005753,676146,"Розетка с ЗК со шторками, 16А, механизм, Atlasdesign Лотос  ATN001345",,,ЭКС,15.00000,ШТ,0.00000,ЭКС-000005753   ,,5961820.00000,,,0.04000,КГ,7.00000,7.00000,4.00000,СМ,,,,47857.50000,,,,,,Заказной,Куграшова О.В.,ATN001345,ШТ,Заказной товар,СИСТЭМ ЭЛЕКТРИК АО (ранее,0.00000,0.00000,n.bezrukov,,2026-03-23 13:24:26,,212.70000,3190.50000,,,N,N,N,,False,0.60000,,,,,,0,ЭКС-000011391   ,2026-03-20 00:00:00,,,,,15.00000,1977767,2,,,,,,,,C,,Годен,,,
1996569,,WH1,321133,EKS000005753,676124,"Выключатель 1кл, сх.1, 10АХ, механизм, Atlasdesign Лотос  ATN001311",,,ЭКС,3.00000,ШТ,0.00000,ЭКС-000005753   ,,5961825.00000,,,0.30000,КГ,7.00000,7.00000,4.00000,СМ,,,,1469.52000,,,,,,Заказной,Куграшова О.В.,ATN001311,ШТ,Заказной товар,СИСТЭМ ЭЛЕКТРИК АО (ранее,0.00000,0.00000,n.bezrukov,,2026-03-23 13:24:42,,163.28000,489.84000,,,N,N,N,,False,0.90000,,,,,,0,ЭКС-000011391   ,2026-03-20 00:00:00,,,,,3.00000,1977768,2,,,,,,,,C,,Годен,,,
1996570,,WH1,321133,EKS000005753,676121,"Рамка 4-пост , универсальная, Atlasdesign Лотос  ATN001304",,,ЭКС,3.00000,ШТ,0.00000,ЭКС-000005753   ,,5961826.00000,,,0.02000,КГ,30.00000,8.00000,1.00000,СМ,,,,2205.72000,,,,,,Заказной,Куграшова О.В.,ATN001304,ШТ,Заказной товар,СИСТЭМ ЭЛЕКТРИК АО (ранее,0.00000,0.00000,n.bezrukov,,2026-03-23 13:14:12,,245.08000,735.24000,,,N,N,N,,False,0.06000,,,,,,0,ЭКС-000011391   ,2026-03-20 00:00:00,,,,,3.00000,1977769,2,,,,,,,,C,,Годен,,,
1996571,,WH1,321133,EKS000005753,676119,"Рамка 2-пост , универсальная, Atlasdesign Лотос  ATN001302",,,ЭКС,8.00000,ШТ,0.00000,ЭКС-000005753   ,,5961801.00000,,,0.05000,КГ,18.00000,8.00000,1.00000,СМ,,,,5641.60000,,,,,,Заказной,Куграшова О.В.,ATN001302,ШТ,Заказной товар,СИСТЭМ ЭЛЕКТРИК АО (ранее,0.00000,0.00000,n.bezrukov,,2026-03-23 13:23:56,,88.15000,705.20000,,,N,N,N,,False,0.40000,,,,,,0,ЭКС-000011391   ,2026-03-20 00:00:00,,,,,8.00000,1977770,2,,,,,,,,C,,Годен,,,
1996572,,WH1,321133,EKS000005753,676118,"Рамка 1-пост , Atlasdesign Лотос  ATN001301",,,ЭКС,16.00000,ШТ,0.00000,ЭКС-000005753   ,,5961822.00000,,,0.01000,КГ,8.00000,8.00000,1.00000,СМ,,,,13583.36000,,,,,,Заказной,Куграшова О.В.,ATN001301,ШТ,Заказной товар,СИСТЭМ ЭЛЕКТРИК АО (ранее,0.00000,0.00000,n.bezrukov,,2026-03-23 13:25:13,,53.06000,848.96000,,,N,N,N,,False,0.16000,,,,,,0,ЭКС-000011391   ,2026-03-20 00:00:00,,,,,16.00000,1977771,2,,,,,,,,C,,Годен,,,
1996573,,WH1,321134,EKS000005754,273430,Переключатель кулачковый OptiSwitch 4G10-52-U-R014,,,ЭКС,1.00000,ШТ,0.00000,ЭКС-000005754,,5961836.00000,,,0.30000,КГ,9.00000,6.00000,5.00000,СМ,,,,1520.80000,,,,,,Катышев Александр Вячесла,Третьяков С.М.,138251,ШТ,Товар РЦ,Курский электроаппаратный,0.00000,0.00000,zmeevskiy,,2026-03-23 13:57:01,,1520.80000,1520.80000,,,N,N,N,,False,0.30000,,,,,,0,ЭКС-000011806   ,2026-03-23 00:00:00,,,,,1.00000,1977772,2,,,,,,,,C,,Годен,,,
1996574,,WH1,321134,EKS000005754,273418,Разъединитель РЕ19-43-11160-1600А-УХЛ3,,,ЭКС,1.00000,ШТ,0.00000,ЭКС-000005754,,5961846.00000,,,3.00000,КГ,34.00000,23.00000,15.00000,СМ,,False,,7634.00000,,,,,,Заказной,Самоличенко В.А.,113061,ШТ,Заказной товар,Курский электроаппаратный,0.00000,0.00000,zmeevskiy,,2026-03-23 13:57:01,,7634.00000,7634.00000,,,N,N,N,,False,3.00000,,,,,,0,ЭКС-000011779   ,2026-03-23 00:00:00,,,,,1.00000,1977773,2,,,,,,,,C,,Годен,,,
1996575,,WH1,321134,EKS000005754,273394,Приставка контактная ПКЛ-22-УХЛ4 КЭАЗ,,,ЭКС,51.00000,ШТ,0.00000,ЭКС-000005754,,5961842.00000,,,0.07000,КГ,5.00000,4.00000,4.00000,СМ,,,,870814.80000,,,,,,Катышев Александр Вячесла,Третьяков С.М.,110676,ШТ,Товар РЦ,Курский электроаппаратный,0.00000,0.00000,zmeevskiy,,2026-03-23 13:57:01,,334.80000,17074.80000,,,N,N,N,,False,3.57000,,,,,,0,,2026-03-23 00:00:00,,,,,51.00000,1977774,2,,,,,,,,C,,Годен,,,
1996576,,WH1,321134,EKS000005754,273383,Контактор ПМЛ-2100-25А-220AC-УХЛ4-Б КЭАЗ,,,ЭКС,7.00000,ШТ,0.00000,ЭКС-000005754,,5961841.00000,,,0.56000,КГ,10.50000,9.00000,6.50000,СМ,,,,48098.40000,,,,,,Катышев Александр Вячесла,Третьяков С.М.,110570,ШТ,Товар РЦ,Курский электроаппаратный,0.00000,0.00000,zmeevskiy,,2026-03-23 13:57:01,,981.60000,6871.20000,,,N,N,N,,False,3.92000,,,,,,0,,2026-03-23 00:00:00,,,,,7.00000,1977775,2,,,,,,,,C,,Годен,,,
1996577,,WH1,321134,EKS000005754,273378,Контактор ПМЛ-1100-10А-220AC-УХЛ4-Б КЭАЗ,,,ЭКС,7.00000,ШТ,0.00000,ЭКС-000005754,,5961840.00000,,,0.40000,КГ,9.00000,8.00000,5.00000,СМ,,,,32888.80000,,,,,,Катышев Александр Вячесла,Третьяков С.М.,110538,ШТ,Товар РЦ,Курский электроаппаратный,0.00000,0.00000,zmeevskiy,,2026-03-23 13:57:01,,671.20000,4698.40000,,,N,N,N,,False,2.80000,,,,,,0,,2026-03-23 00:00:00,,,,,7.00000,1977776,2,,,,,,,,C,,Годен,,,
1996578,,WH1,321134,EKS000005754,181909,Комплект выводов расширительных ВА04-36/ВА51-35/ВА57-35-УХЛ3-КЭАЗ,,,ЭКС,1.00000,ШТ,0.00000,ЭКС-000005754,,5961838.00000,,,0.01000,КГ,5.00000,5.00000,5.00000,СМ,,False,,1244.00000,,,,,,Катышев Александр Вячесла,Самоличенко В.А.,110372,ШТ,Товар РЦ,Курский электроаппаратный,0.00000,0.00000,zmeevskiy,,2026-03-23 13:57:01,,1244.00000,1244.00000,,,N,N,N,,False,0.01000,,,,,,0,ЭКС-000011875   ,2026-03-23 00:00:00,,,,,1.00000,1977777,2,,,,,,,,C,,Годен,,,
1996579,,WH1,321134,EKS000005754,76139,Комплект зажимов №6 ВА57-35-УХЛ3 КЭАЗ,,,ЭКС,1.00000,ШТ,0.00000,ЭКС-000005754,,5961839.00000,,,0.90000,КГ,4.60000,5.50000,2.00000,СМ,,False,,1761.60000,,,,,,Катышев Александр Вячесла,Самоличенко В.А.,110408,ШТ,Базовый,Курский электроаппаратный,0.00000,0.00000,zmeevskiy,,2026-03-23 13:57:01,,1761.60000,1761.60000,,,N,N,N,,False,0.90000,,,,,,0,ЭКС-000011807   ,2026-03-23 00:00:00,,,,,1.00000,1977778,2,,,,,,,,C,,Годен,,,
1996580,,WH1,321134,EKS000005754,747553,Выключатель путевой ВПК-2111Б-У2-КЭАЗ,,,ЭКС,1.00000,ШТ,0.00000,ЭКС-000005754,,5961837.00000,,,0.12000,КГ,12.00000,7.00000,5.00000,СМ,,,,465.60000,,,,,,Заказной,Третьяков С.М.,151285,ШТ,Заказной товар,Курский электроаппаратный,0.00000,0.00000,zmeevskiy,,2026-03-23 13:57:01,,465.60000,465.60000,,,N,N,N,,False,0.12000,,,,,,0,ЭКС-000011706   ,2026-03-23 00:00:00,,,,,1.00000,1977779,2,,,,,,,,C,,Годен,,,
1996581,,WH1,321134,EKS000005754,640095,"Выключатель автоматический OptiDin BM63 2P 40А х-ка C 4,5кА BM63-2C40-4,5-УХЛ3 КЭАЗ",,,ЭКС,6.00000,ШТ,0.00000,ЭКС-000005754,,5961834.00000,,,0.10000,КГ,8.00000,7.00000,3.00000,СМ,,,,12240.00000,,,,,,Катышев Александр Вячесла,Шаповалов П.Г.,326807,ШТ,Базовый,Курский электроаппаратный,0.00000,0.00000,zmeevskiy,,2026-03-23 13:57:01,,340.00000,2040.00000,,,N,N,N,,False,0.60000,,,,,,0,,2026-03-23 00:00:00,,,,,6.00000,1977780,2,,,,,,,,C,,Годен,,,
1996582,,WH1,321134,EKS000005754,368832,Выключатель автоматический модульный OptiDin BM63-2B6-DC-УХЛ3 (Новый),,,ЭКС,15.00000,ШТ,0.00000,ЭКС-000005754,,5961833.00000,,,0.15000,КГ,8.00000,7.00000,3.00000,СМ,,,,883890.00000,,,,,,Заказной,Шаповалов П.Г.,261230,ШТ,Заказной товар,Курский электроаппаратный,0.00000,0.00000,zmeevskiy,,2026-03-23 13:57:01,,3928.40000,58926.00000,,,N,N,N,,False,2.25000,,,,,,0,ЭКС-000011872   ,2026-03-23 00:00:00,,,,,15.00000,1977781,2,,,,,,,,C,,Годен,,,
1996583,,WH1,321134,EKS000005754,310782,Выключатель авт. ВМ63 1п    6А  х-ка B   6кА  OptiDin BM63-1B6-УХЛ3 (Новый)  260499 КЭАЗ,,,ЭКС,6.00000,ШТ,0.00000,ЭКС-000005754,,5961832.00000,,,0.20000,КГ,9.00000,8.00000,2.00000,СМ,,,,11016.00000,,,,,,Заказной,Шаповалов П.Г.,260499,ШТ,Заказной товар,Курский электроаппаратный,0.00000,0.00000,zmeevskiy,,2026-03-23 13:57:01,,306.00000,1836.00000,,,N,N,N,,False,1.20000,,,,,,0,ЭКС-000011846   ,2026-03-23 00:00:00,,,,,6.00000,1977782,2,,,,,,,,C,,Годен,,,
1996584,,WH1,321135,EKS000005755,660862,Выключатель авт. диф. тока (АВДТ) City9 1P+N С 10А 4.5kA 10мА Тип-A 230В,,,ЭКС,2.00000,ШТ,0.00000,ЭКС-000005755   ,,5961870.00000,,,0.20000,КГ,8.00000,8.00000,4.00000,СМ,,,,11320.20000,,,,,,Сарычев Дмитрий Сергеевич,Шаповалов П.Г.,C9D51610,ШТ,Товар РЦ,СИСТЭМ ЭЛЕКТРИК АО (ранее,0.00000,0.00000,a.manokhin,,2026-03-23 13:39:35,,2830.05000,5660.10000,,,N,N,N,,False,0.40000,,,,,,0,ЭКС-000011097   ,2026-03-27 00:00:00,,,,,2.00000,1977783,2,,,,,,,,C,,Годен,,,
1996585,,WH1,321135,EKS000005755,655648,Кнопка аварийного останова SB4 в сборе 22мм 40мм тяни-толкай металл 1НО+1НЗ,,,ЭКС,10.00000,ШТ,0.00000,ЭКС-000005755   ,,5961867.00000,,,0.05000,КГ,5.00000,3.00000,2.00000,СМ,,False,,89280.00000,,,,,,Заказной,Третьяков С.М.,SB4BT845,ШТ,Товар РЦ,СИСТЭМ ЭЛЕКТРИК АО (ранее,0.00000,0.00000,a.manokhin,,2026-03-23 13:42:02,,892.80000,8928.00000,,,N,N,N,,False,0.50000,,,,,,0,ЭКС-000010979   ,2026-03-27 00:00:00,,,,,10.00000,1977784,2,,,,,,,,C,,Годен,,,
1996586,,WH1,321135,EKS000005755,405052,Расцепитель независимый правый AC 230В ВА-302 3P,,,ЭКС,1.00000,ШТ,0.00000,ЭКС-000005755   ,,5961866.00000,,,0.10000,КГ,8.00000,6.00000,4.00000,СМ,,False,,901.60000,,,,,,Заказной,Самоличенко В.А.,22892DEK,ШТ,Заказной товар,СИСТЭМ ЭЛЕКТРИК АО (ранее,0.00000,0.00000,a.manokhin,,2026-03-23 13:39:57,,901.60000,901.60000,,,N,N,N,,False,0.10000,,,,,,0,ЭКС-000011055   ,2026-03-27 00:00:00,,,,,1.00000,1977785,2,,,,,,,,C,,Годен,,,
1996587,,WH1,321135,EKS000005755,273181,"Розетка о/у 2-ая без заземл. без штор. изолир.пласт.,16А,250В,""Blanca"" алюминий  BLNRA000213",,,ЭКС,10.00000,ШТ,0.00000,ЭКС-000005755   ,,5961851.00000,,,0.10000,КГ,10.50000,6.50000,3.00000,СМ,,,,18680.00000,,,,,,Заказной,Куграшова О.В.,BLNRA000213,ШТ,Заказной товар,Шнейдер Электрик АО,0.00000,0.00000,a.manokhin,,2026-03-23 13:38:30,,186.80000,1868.00000,,,N,N,N,,False,1.00000,,,,,,0,ЭКС-000011234   ,2026-03-27 00:00:00,,,,,10.00000,1977786,2,,,,,,,,C,,Годен,,,
1996588,,WH1,321135,EKS000005755,266454,Реле контроля фаз серии РК-101 01,,,ЭКС,1.00000,ШТ,0.00000,ЭКС-000005755   ,,5961849.00000,,,0.30000,КГ,11.00000,9.00000,6.00000,СМ,,,,2010.40000,,,,,,Заказной,Третьяков С.М.,23300DEK,ШТ,Заказной товар,СИСТЭМ ЭЛЕКТРИК АО (ранее,0.00000,0.00000,a.manokhin,,2026-03-23 13:47:54,,2010.40000,2010.40000,,,N,N,N,,False,0.30000,,,,,,0,ЭКС-000010846   ,2026-03-27 00:00:00,,,,,1.00000,1977787,2,,,,,,,,C,,Годен,,,
1996589,,WH1,321135,EKS000005755,265231,"Светорегулятор с/у поворотно-нажимной универс   400Вт  ""Blanca"" ясень BLNSS040015",,,ЭКС,1.00000,ШТ,0.00000,ЭКС-000005755   ,,5961850.00000,,,0.11000,КГ,9.00000,5.00000,9.00000,СМ,,,,1355.75000,,,,,,Заказной,Куграшова О.В.,BLNSS040015,ШТ,Заказной товар,Шнейдер Электрик АО,0.00000,0.00000,a.manokhin,,2026-03-23 13:47:00,,1355.75000,1355.75000,,,N,N,N,,False,0.11000,,,,,,0,ЭКС-000010783   ,2026-03-27 00:00:00,,,,,1.00000,1977788,2,,,,,,,,C,,Годен,,,
1996590,,WH1,321135,EKS000005755,168234,Коробка распр. скр. пр. для сплошн. стен D100x50 IP30 Systeme Electric IMT35121,,,ЭКС,168.00000,ШТ,0.00000,ЭКС-000005755   ,,5961847.00000,,,0.10000,КГ,10.00000,10.00000,10.00000,СМ,,False,,771644.16000,,,,,,Дортман Анна Павловна,Княжева Ю.В.,IMT35121,ШТ,Базовый,СИСТЭМ ЭЛЕКТРИК АО (ранее,0.00000,0.00000,a.manokhin,,2026-03-23 13:33:26,,27.34000,4593.12000,,,N,N,N,,False,16.80000,,,,,,0,,2026-03-27 00:00:00,,,,,168.00000,1977789,2,,,,,,,,C,,Годен,,,
1996591,,WH1,321135,EKS000005755,405005,Силовой авт. выкл. 3P 100А 36кА ВА-303,,,ЭКС,2.00000,ШТ,0.00000,ЭКС-000005755   ,,5961865.00000,,,1.50000,КГ,17.00000,11.00000,12.00000,СМ,,False,,14224.00000,,,,,,Катышев Александр Вячесла,Самоличенко В.А.,22750DEK,ШТ,Товар РЦ,СИСТЭМ ЭЛЕКТРИК АО (ранее,0.00000,0.00000,a.manokhin,,2026-03-23 13:41:41,,3556.00000,7112.00000,,,N,N,N,,False,3.00000,,,,,,0,ЭКС-000010833   ,2026-03-27 00:00:00,,,,,2.00000,1977790,2,,,,,,,,C,,Годен,,,
1996592,,WH1,321135,EKS000005755,399616,Силовой авт. выкл. 3P 63А 25кА ВА-302,,,ЭКС,1.00000,ШТ,0.00000,ЭКС-000005755   ,,5961864.00000,,,0.30000,КГ,13.00000,8.00000,9.00000,СМ,,False,,3024.00000,,,,,,Катышев Александр Вячесла,Самоличенко В.А.,22747DEK,ШТ,Товар РЦ,СИСТЭМ ЭЛЕКТРИК АО (ранее,0.00000,0.00000,a.manokhin,,2026-03-23 13:47:18,,3024.00000,3024.00000,,,N,N,N,,False,0.30000,,,,,,0,ЭКС-000011055   ,2026-03-27 00:00:00,,,,,1.00000,1977791,2,,,,,,,,C,,Годен,,,
1996593,,WH1,321135,EKS000005755,373164,"Трансформатор тока ТШП-0,66-60-0,5-600/5 DEK",,,ЭКС,12.00000,ШТ,0.00000,ЭКС-000005755   ,,5961863.00000,,,0.20000,КГ,12.00000,10.00000,3.00000,СМ,,False,,197164.80000,,,,,,Заказной,Самоличенко В.А.,50144DEK,ШТ,Заказной товар,СИСТЭМ ЭЛЕКТРИК АО (ранее,0.00000,0.00000,a.manokhin,,2026-03-23 13:41:20,,1369.20000,16430.40000,,,N,N,N,,False,2.40000,,,,,,0,ЭКС-000011227   ,2026-03-27 00:00:00,,,,,12.00000,1977792,2,,,,,,,,C,,Годен,,,
1996594,,WH1,321135,EKS000005755,302878,"Вывод кабеля, мех-зм, Atlasdesign Мокко  ATN000699",,,ЭКС,10.00000,ШТ,0.00000,ЭКС-000005755   ,,5961861.00000,,,0.20000,КГ,7.00000,7.00000,3.50000,СМ,,,,17514.00000,,,,,,Заказной,Куграшова О.В.,ATN000699,ШТ,Заказной товар,СИСТЭМ ЭЛЕКТРИК АО (ранее,0.00000,0.00000,a.manokhin,,2026-03-23 13:36:34,,175.14000,1751.40000,,,N,N,N,,False,2.00000,,,,,,0,,2026-03-27 00:00:00,,,,,10.00000,1977793,2,,,,,,,,C,,Годен,,,
1996595,,WH1,321135,EKS000005755,302859,"Розетка с з/к со шторками, 16А, мех-зм, Atlasdesign Мокко  ATN000645",,,ЭКС,30.00000,ШТ,0.00000,ЭКС-000005755   ,,5961860.00000,,,0.10000,КГ,8.00000,8.00000,5.00000,СМ,,,,177759.00000,,,,,,Дортман Анна Павловна,Куграшова О.В.,ATN000645,ШТ,Базовый,Шнейдер Электрик АО,0.00000,0.00000,a.manokhin,,2026-03-23 13:37:42,,197.51000,5925.30000,,,N,N,N,,False,3.00000,,,,,,0,ЭКС-000010608   ,2026-03-27 00:00:00,,,,,30.00000,1977794,2,,,,,,,,C,,Годен,,,
1996596,,WH1,321135,EKS000005755,302846,"Розетка двойная без з/к,16А, в сборе, Atlasdesign Мокко  ATN000620",,,ЭКС,6.00000,ШТ,0.00000,ЭКС-000005755   ,,5961858.00000,,,0.09700,КГ,12.00000,8.00000,5.00000,СМ,,,,7881.48000,,,,,,Дортман Анна Павловна,Куграшова О.В.,ATN000620,ШТ,Базовый,Шнейдер Электрик АО,0.00000,0.00000,a.manokhin,,2026-03-23 13:37:17,,218.93000,1313.58000,,,N,N,N,,False,0.58200,,,,,,0,,2026-03-27 00:00:00,,,,,6.00000,1977795,2,,,,,,,,C,,Годен,,,
1996597,,WH1,321135,EKS000005755,302834,"TV Розетка одиночная, мех-зм, Atlasdesign Шампань  ATN000593",,,ЭКС,10.00000,ШТ,0.00000,ЭКС-000005755   ,,5961856.00000,,,0.20000,КГ,9.00000,9.00000,3.00000,СМ,,,,19751.00000,,,1,,,Дортман Анна Павловна,Куграшова О.В.,ATN000593,ШТ,Базовый,Шнейдер Электрик АО,0.00000,0.00000,a.manokhin,,2026-03-23 13:38:42,,197.51000,1975.10000,,,N,N,N,,False,2.00000,,,,,,0,,2026-03-27 00:00:00,,,,,10.00000,1977796,2,,,,,,,,C,,Годен,,,
1996598,,WH1,321135,EKS000005755,302828,"Розетка компьютерная RJ45, мех-зм, Atlasdesign Шампань  ATN000583",,,ЭКС,5.00000,ШТ,0.00000,ЭКС-000005755   ,,5961854.00000,,,0.20000,КГ,7.00000,7.00000,4.00000,СМ,,,,15332.50000,,,1,,,Дортман Анна Павловна,Куграшова О.В.,ATN000583,ШТ,Базовый,Шнейдер Электрик АО,0.00000,0.00000,a.manokhin,,2026-03-23 13:40:12,,613.30000,3066.50000,,,N,N,N,,False,1.00000,,,,,,0,,2026-03-27 00:00:00,,,,,5.00000,1977797,2,,,,,,,,C,,Годен,,,
1996599,,WH1,321135,EKS000005755,302707,"Коробка для наружного монтажа, Atlasdesign Алюминий  ATN000300",,,ЭКС,16.00000,ШТ,0.00000,ЭКС-000005755   ,,5961853.00000,,,0.01000,КГ,8.00000,8.00000,3.00000,СМ,,,,67335.68000,,,,,,Заказной,Куграшова О.В.,ATN000300,ШТ,Заказной товар,СИСТЭМ ЭЛЕКТРИК АО (ранее,0.00000,0.00000,a.manokhin,,2026-03-23 13:45:25,,263.03000,4208.48000,,,N,N,N,,False,0.16000,,,,,,0,ЭКС-000011184   ,2026-03-27 00:00:00,,,,,16.00000,1977798,2,,,,,,,,C,,Годен,,,
1996600,,WH1,321135,EKS000005755,302638,"ДАТЧИК ДВИЖЕНИЯ потолочный, 2000 Вт, 360°, Atlasdesign Белый  ATN000137",,,ЭКС,1.00000,ШТ,0.00000,ЭКС-000005755   ,,5961852.00000,,,0.13000,КГ,13.00000,13.00000,3.00000,СМ,,False,,1215.90000,,,,,,Заказной,Княжева Ю.В.,ATN000137,ШТ,Заказной товар,СИСТЭМ ЭЛЕКТРИК АО (ранее,0.00000,0.00000,a.manokhin,,2026-03-23 13:39:45,,1215.90000,1215.90000,,,N,N,N,,False,0.13000,,,,,,0,ЭКС-000011138   ,2026-03-27 00:00:00,,,,,1.00000,1977799,2,,,,,,,,C,,Годен,,,
1996601,,WH1,321135,EKS000005755,801282,АВТ.ВЫКЛ.ЗАЩ.ДВ. GM2ME 2.5-4.0A КОМБ.РАСЦЕПИТЕЛЬ КНОП.УПР.,,,ЭКС,1.00000,ШТ,0.00000,ЭКС-000005755   ,,5961874.00000,,,0.10000,КГ,9.50000,8.50000,5.50000,СМ,,,,1988.00000,,,,,,Заказной,Третьяков С.М.,GM2ME08,ШТ,Заказной товар,СИСТЭМ ЭЛЕКТРИК АО (ранее,0.00000,0.00000,a.manokhin,,2026-03-23 13:48:06,,1988.00000,1988.00000,,,N,N,N,,False,0.10000,,,,,,0,ЭКС-000010765   ,2026-03-27 00:00:00,,,,,1.00000,1977800,2,,,,,,,,C,,Годен,,,
1996602,,WH1,321135,EKS000005755,747726,City9 Set Авт. выкл. диф. тока (АВДТ) 1P+N С 10А 6kA 30мА Тип-A 230В,,,ЭКС,6.00000,ШТ,0.00000,ЭКС-000005755   ,,5961878.00000,,,0.20000,КГ,9.00000,8.00000,4.00000,СМ,,,,112860.00000,,,,,,Заказной,Шаповалов П.Г.,C9D65610,ШТ,Заказной товар,СИСТЭМ ЭЛЕКТРИК АО (ранее,0.00000,0.00000,a.manokhin,,2026-03-23 13:47:40,,3135.00000,18810.00000,,,N,N,N,,False,1.20000,,,,,,0,ЭКС-000011180   ,2026-03-27 00:00:00,,,,,6.00000,1977801,2,,,,,,,,C,,Годен,,,
1996603,,WH1,321135,EKS000005755,744790,City9 Set Авт. выкл. диф. тока (АВДТ) 1P+N С 16А 6kA 30мА Тип-A 230В,,,ЭКС,15.00000,ШТ,0.00000,ЭКС-000005755   ,,5961877.00000,,,0.10000,КГ,9.00000,8.00000,4.00000,СМ,,,,612393.75000,,,,,,Заказной,Шаповалов П.Г.,C9D65616,ШТ,Заказной товар,СИСТЭМ ЭЛЕКТРИК АО (ранее,0.00000,0.00000,a.manokhin,,2026-03-23 13:46:22,,2721.75000,40826.25000,,,N,N,N,,False,1.50000,,,,,,0,ЭКС-000011180   ,2026-03-27 00:00:00,,,,,15.00000,1977802,2,,,,,,,,C,,Годен,,,
1996604,,WH1,321135,EKS000005755,741044,ДОПОЛНИТЕЛЬНЫЙ БЛОК КОНТАКТОВ GM2 1НО+1НЗ ФРОНТАЛЬНЫЙ,,,ЭКС,10.00000,ШТ,0.00000,ЭКС-000005755   ,,5961875.00000,,,0.01000,КГ,4.00000,3.00000,1.00000,СМ,,,,55440.00000,,,,,,,Третьяков С.М.,GMAE11,ШТ,Выводится из ассортимента,СИСТЭМ ЭЛЕКТРИК АО (ранее,0.00000,0.00000,a.manokhin,,2026-03-23 13:46:47,,554.40000,5544.00000,,,N,N,N,,False,0.10000,,,,,,0,,2026-03-27 00:00:00,,,,,10.00000,1977803,2,,,,,,,,C,,Годен,,,
1996605,,WH1,321135,EKS000005755,660863,Выключатель авт. диф. тока (АВДТ) City9 1P+N С 16А 4.5kA 10мА Тип-A 230В,,,ЭКС,9.00000,ШТ,0.00000,ЭКС-000005755   ,,5961871.00000,,,0.10000,КГ,8.00000,7.00000,4.00000,СМ,,False,,199454.40000,,,,,,Сарычев Дмитрий Сергеевич,Шаповалов П.Г.,C9D51616,ШТ,Базовый,СИСТЭМ ЭЛЕКТРИК АО (ранее,0.00000,0.00000,a.manokhin,,2026-03-23 13:39:22,,2462.40000,22161.60000,,,N,N,N,,False,0.90000,,,,,,0,ЭКС-000010989   ,2026-03-27 00:00:00,,,,,9.00000,1977804,2,,,,,,,,C,,Годен,,,
1996606,,WH1,321136,TR-23/03/2026-04,0000,ТРАНЗИТ,,ИРКУТСК БАРАБАНЫ №1,ЭКС,1.00000,ГМ,0.00000,,,1.00000,4712-12-31 00:00:00,,1.00000,КГ,1.00000,1.00000,1.00000,СМ,СМ3,,,0.00000,,,,0,,,,,,,,0.00000,2.00000,r.sagaidak,,2026-03-23 13:50:20,,0.00000,0.00000,0,Y,Y,N,N,рц,,1.00000,,,рц,0.00000,,0,,2026-03-23 00:00:00,0.00000,0.00000,0.00000,0.00000,1.00000,,,,,,,,,,,,,,,0.00000
1996607,,WH1,321138,EKS000005756,755209,City9 Set Авт. выкл. диф. тока (АВДТ) 1P+N С 32А 6kA 30мА Тип-A 230В,,,ЭКС,2.00000,ШТ,0.00000,ЭКС-000005756   ,,5961888.00000,,,0.01000,КГ,9.00000,8.00000,4.00000,СМ,,,,13680.00000,,,,,,Заказной,Шаповалов П.Г.,C9D65632,ШТ,Заказной товар,СИСТЭМ ЭЛЕКТРИК АО (ранее,0.00000,0.00000,n.bezrukov,,2026-03-23 13:58:35,,3420.00000,6840.00000,,,N,N,N,,False,0.02000,,,,,,0,ЭКС-000011180   ,2026-03-29 00:00:00,,,,,2.00000,1977805,2,,,,,,,,C,,Годен,,,
1996608,,WH1,321138,EKS000005756,505638,Выключатель авт. ВА-103 3п   63А  х-ка C   6кА  12311DEK  DEKraft,,,ЭКС,1.00000,ШТ,0.00000,ЭКС-000005756   ,,5961881.00000,,,0.30000,КГ,8.00000,7.00000,6.00000,СМ,,,,657.60000,,,,,,Катышев Александр Вячесла,Шаповалов П.Г.,12311DEK,ШТ,Товар РЦ,СИСТЭМ ЭЛЕКТРИК АО (ранее,0.00000,0.00000,n.bezrukov,,2026-03-23 13:58:09,,657.60000,657.60000,,,N,N,N,,False,0.30000,,,,,,0,ЭКС-000008711   ,2026-03-29 00:00:00,,,,,1.00000,1977806,2,,,,,,,,C,,Годен,,,
1996609,,WH1,321138,EKS000005756,303956,Коробка распр. скр.пр. Systeme Electric г/к 100х100х50 с крыш.(мет.лапки) Systeme Electric IMT351611,,,ЭКС,72.00000,ШТ,0.00000,ЭКС-000005756   ,,5961886.00000,,,0.10000,КГ,11.00000,11.00000,6.00000,СМ,,False,,248054.40000,,,,,,Дортман Анна Павловна,Княжева Ю.В.,IMT351611,ШТ,Базовый,СИСТЭМ ЭЛЕКТРИК АО (ранее,0.00000,0.00000,n.bezrukov,,2026-03-23 13:59:50,,47.85000,3445.20000,,,N,N,N,,False,7.20000,,,,,,0,,2026-03-29 00:00:00,,,,,72.00000,1977807,2,,,,,,,,C,,Годен,,,
1996610,,WH1,321138,EKS000005756,183459,"Рамка 3-ая, горизонтальная,""Glossa"" бежевый GSL000203",,,ЭКС,30.00000,ШТ,0.00000,ЭКС-000005756   ,,5961885.00000,,,0.03000,КГ,22.00000,8.00000,1.00000,СМ,,,,92142.00000,,,,,,Дортман Анна Павловна,Куграшова О.В.,GSL000203,ШТ,Базовый,Шнейдер Электрик АО,0.00000,0.00000,n.bezrukov,,2026-03-23 13:57:46,,102.38000,3071.40000,,,N,N,N,,False,0.90000,,,,,,0,,2026-03-29 00:00:00,,,,,30.00000,1977808,2,,,,,,,,B,,Годен,,,
1996611,,WH1,321138,EKS000005756,183446,"Выключатель с/п 2кл. б/рамки ""Glossa"" белый GSL000151",,,ЭКС,780.00000,ШТ,0.00000,ЭКС-000005756   ,,5961884.00000,,,0.08050,КГ,7.00000,7.00000,4.00000,СМ,,,,84518928.00000,,,,,,Дортман Анна Павловна,Куграшова О.В.,GSL000151,ШТ,Суперсклад,Шнейдер Электрик АО,0.00000,0.00000,n.bezrukov,,2026-03-23 14:00:37,,138.92000,108357.60000,,,N,N,N,,False,62.79000,,,,,,0,,2026-03-29 00:00:00,,,,,780.00000,1977809,2,,,,,,,,A,,Годен,,,
1996612,,WH1,321138,EKS000005756,183428,"Рамка 3-ая, горизонтальная,""Glossa"" белый GSL000103",,,ЭКС,150.00000,ШТ,0.00000,ЭКС-000005756   ,,5961883.00000,,,0.03000,КГ,22.00000,8.00000,1.00000,СМ,,,,2303550.00000,,,,,,Дортман Анна Павловна,Куграшова О.В.,GSL000103,ШТ,Суперсклад,Шнейдер Электрик АО,0.00000,0.00000,n.bezrukov,,2026-03-23 14:00:23,,102.38000,15357.00000,,,N,N,N,,False,4.50000,,,,,,0,,2026-03-29 00:00:00,,,,,150.00000,1977810,2,,,,,,,,A,,Годен,,,
1996613,,WH1,321138,EKS000005756,168234,Коробка распр. скр. пр. для сплошн. стен D100x50 IP30 Systeme Electric IMT35121,,,ЭКС,168.00000,ШТ,0.00000,ЭКС-000005756   ,,5961882.00000,,,0.10000,КГ,10.00000,10.00000,10.00000,СМ,,False,,771644.16000,,,,,,Дортман Анна Павловна,Княжева Ю.В.,IMT35121,ШТ,Базовый,СИСТЭМ ЭЛЕКТРИК АО (ранее,0.00000,0.00000,n.bezrukov,,2026-03-23 13:59:25,,27.34000,4593.12000,,,N,N,N,,False,16.80000,,,,,,0,,2026-03-29 00:00:00,,,,,168.00000,1977811,2,,,,,,,,C,,Годен,,,
1996614,,WH1,321138,EKS000005756,831637,Выключатель авт. диф. тока (АВДТ) City9 1P+N С 16А 6kA 10мА Тип-A 230В,,,ЭКС,1.00000,ШТ,0.00000,ЭКС-000005756   ,,5961887.00000,,,0.20000,КГ,9.00000,8.00000,4.00000,СМ,,False,,2964.00000,,,,,,Заказной,Шаповалов П.Г.,C9D61616,ШТ,Заказной товар,СИСТЭМ ЭЛЕКТРИК АО (ранее,0.00000,0.00000,n.bezrukov,,2026-03-23 13:58:24,,2964.00000,2964.00000,,,N,N,N,,False,0.20000,,,,,,0,ЭКС-000011180   ,2026-03-29 00:00:00,,,,,1.00000,1977812,2,,,,,,,,C,,Годен,,,
1996615,,WH1,321137,TR-23/03/2026-05,0000,ТРАНЗИТ,,ИРКУТСК БАРАБАНЫ №2,ЭКС,1.00000,ГМ,0.00000,,,1.00000,4712-12-31 00:00:00,,1.00000,КГ,1.00000,1.00000,1.00000,СМ,СМ3,,,0.00000,,,,0,,,,,,,,0.00000,2.00000,r.sagaidak,,2026-03-23 13:50:26,,0.00000,0.00000,0,Y,Y,N,N,рц,,1.00000,,,рц,0.00000,,0,,2026-03-23 00:00:00,0.00000,0.00000,0.00000,0.00000,1.00000,,,,,,,,,,,,,,,0.00000
1996616,,WH1,321139,EKS000005757,660946,Выкл-ль дифференциального тока (ВДТ) City9 2п 63А 30мА Тип-AC 230В,,,ЭКС,24.00000,ШТ,0.00000,ЭКС-000005757   ,,5961937.00000,,,0.23000,КГ,8.00000,8.00000,4.00000,СМ,,,,1370736.00000,,,,,,Сарычев Дмитрий Сергеевич,Шаповалов П.Г.,C9R36263,ШТ,Базовый,СИСТЭМ ЭЛЕКТРИК АО (ранее,0.00000,0.00000,a.manokhin,,2026-03-23 13:59:38,,2379.75000,57114.00000,,,N,N,N,,False,5.52000,,,,,,0,,2026-03-29 00:00:00,,,,,24.00000,1977813,2,,,,,,,,B,,Годен,,,
1996617,,WH1,321139,EKS000005757,660940,Выключатель авт. City9 4п С 32А 4.5kA 400В,,,ЭКС,3.00000,ШТ,0.00000,ЭКС-000005757   ,,5961917.00000,,,0.40000,КГ,8.00000,8.00000,7.00000,СМ,,,,12004.20000,,,,,,Сарычев Дмитрий Сергеевич,Шаповалов П.Г.,C9F34432,ШТ,Базовый,СИСТЭМ ЭЛЕКТРИК АО (ранее,0.00000,0.00000,a.manokhin,,2026-03-23 13:54:13,,1333.80000,4001.40000,,,N,N,N,,False,1.20000,,,,,,0,,2026-03-29 00:00:00,,,,,3.00000,1977814,2,,,,,,,,C,,Годен,,,
1996618,,WH1,321139,EKS000005757,660924,Выключатель авт. City9 2п С 50А 4.5kA 230В,,,ЭКС,36.00000,ШТ,0.00000,ЭКС-000005757   ,,5961935.00000,,,0.20000,КГ,8.00000,8.00000,4.00000,СМ,,,,975110.40000,,,,,,Сарычев Дмитрий Сергеевич,Шаповалов П.Г.,C9F34250,ШТ,Базовый,СИСТЭМ ЭЛЕКТРИК АО (ранее,0.00000,0.00000,a.manokhin,,2026-03-23 13:53:58,,752.40000,27086.40000,,,N,N,N,,False,7.20000,,,,,,0,,2026-03-29 00:00:00,,,,,36.00000,1977815,2,,,,,,,,B,,Годен,,,
1996619,,WH1,321139,EKS000005757,191474,"Выключатель с/п 1кл. кнопочный б/рамки ""Glossa"" белый GSL000115",,,ЭКС,20.00000,ШТ,0.00000,ЭКС-000005757   ,,5961909.00000,,,0.05000,КГ,7.00000,7.00000,3.00000,СМ,,,,65520.00000,,,,,,Заказной,Куграшова О.В.,GSL000115,ШТ,Распродажа,Шнейдер Электрик АО,0.00000,0.00000,a.savitskiy,,2026-03-23 13:58:29,,163.80000,3276.00000,,,N,N,N,,False,1.00000,,,,,,0,ЭКС-000011450   ,2026-03-29 00:00:00,,,,,20.00000,1977816,2,,,,,,,,C,,Годен,,,
1996620,,WH1,321139,EKS000005757,183427,"Рамка 2-ая, горизонтальная,""Glossa"" белый GSL000102",,,ЭКС,480.00000,ШТ,0.00000,ЭКС-000005757   ,,5961921.00000,,,0.07000,КГ,15.00000,9.00000,1.00000,СМ,,,,13100544.00000,,,,,,Дортман Анна Павловна,Куграшова О.В.,GSL000102,ШТ,Суперсклад,Шнейдер Электрик АО,0.00000,0.00000,a.manokhin,,2026-03-23 14:15:39,,56.86000,27292.80000,,,N,N,N,,False,33.60000,,,,,,0,,2026-03-29 00:00:00,,,,,480.00000,1977817,2,,,,,,,,A,,Годен,,,
1996621,,WH1,321139,EKS000005757,56672,"Розетка о/п 2х2К+З двойная 16А со шторками, с монт. пластиной, Этюд, белый РА16-008B",,,ЭКС,16.00000,ШТ,0.00000,ЭКС-000005757   ,,5961907.00000,,,0.10000,КГ,10.00000,6.00000,4.00000,СМ,,False,,48222.72000,,8536699008,1,,,Заказной,Куграшова О.В.,PA16-008B,ШТ,Заказной товар,СИСТЭМ ЭЛЕКТРИК АО (ранее,0.00000,0.00000,a.manokhin,,2026-03-23 14:13:27,,188.37000,3013.92000,,,N,N,N,,False,1.60000,,,,,,0,,2026-03-29 00:00:00,,,,,16.00000,1977818,2,,,,,,,,C,,Годен,,,
1996622,,WH1,321139,EKS000005757,56646,"Выключатель с/п 1кл., 10А, Этюд, белый ВС10-001B",,,ЭКС,40.00000,ШТ,0.00000,ЭКС-000005757   ,,5961905.00000,,,0.65000,КГ,7.40000,9.00000,5.00000,СМ,,False,,177920.00000,,8536500700,1,,,Заказной,Куграшова О.В.,BC10-001B,ШТ,Заказной товар,СИСТЭМ ЭЛЕКТРИК АО (ранее,0.00000,0.00000,a.manokhin,,2026-03-23 14:13:39,,111.20000,4448.00000,,,N,N,N,,False,26.00000,,,,,,0,,2026-03-29 00:00:00,,,,,40.00000,1977819,2,,,,,,,,C,,Годен,,,
1996623,,WH1,321139,EKS000005757,302774,"Розетка с з/к. со шторками с крышкой, 16А, IP20, мех-зм, Atlasdesign Жемчуг  ATN000446",,,ЭКС,10.00000,ШТ,0.00000,ЭКС-000005757   ,,5961938.00000,,,0.10000,КГ,8.00000,8.00000,3.00000,СМ,,,,27248.00000,,,,,,Дортман Анна Павловна,Куграшова О.В.,ATN000446,ШТ,Товар филиала,СИСТЭМ ЭЛЕКТРИК АО (ранее,0.00000,0.00000,a.savitskiy,,2026-03-23 13:59:14,,272.48000,2724.80000,,,N,N,N,,False,1.00000,,,,,,0,,2026-03-29 00:00:00,,,,,10.00000,1977820,2,,,,,,,,C,,Годен,,,
1996624,,WH1,321139,EKS000005757,302645,"Розетка с з/к. со шторками с крышкой, 16А, IP20, мех-зм, Atlasdesign Белый  ATN000146",,,ЭКС,60.00000,ШТ,0.00000,ЭКС-000005757   ,,5961926.00000,,,0.08920,КГ,7.00000,7.00000,4.00000,СМ,,,,645264.00000,,,,,,Дортман Анна Павловна,Куграшова О.В.,ATN000146,ШТ,Базовый,Шнейдер Электрик АО,0.00000,0.00000,a.savitskiy,,2026-03-23 13:58:12,,179.24000,10754.40000,,,N,N,N,,False,5.35200,,,,,,0,,2026-03-29 00:00:00,,,,,60.00000,1977821,2,,,,,,,,B,,Годен,,,
1996625,,WH1,321139,EKS000005757,302629,"Розетка двойная без з/к,16А, в сборе, Atlasdesign Белый  ATN000120",,,ЭКС,285.00000,ШТ,0.00000,ЭКС-000005757   ,,5961925.00000,,,0.10000,КГ,12.00000,8.00000,4.00000,СМ,,,,11743510.50000,,,,,,Дортман Анна Павловна,Куграшова О.В.,ATN000120,ШТ,Суперсклад,Шнейдер Электрик АО,0.00000,0.00000,a.manokhin,,2026-03-23 14:15:25,,144.58000,41205.30000,,,N,N,N,,False,28.50000,,,,,,0,,2026-03-29 00:00:00,,,,,285.00000,1977822,2,,,,,,,,A,,Годен,,,
1996626,,WH1,321139,EKS000005757,302628,"Выключатель с самовозвратом(кнопка), сх.1, 10АХ, мех-зм, Atlasdesign Белый  ATN000115",,,ЭКС,10.00000,ШТ,0.00000,ЭКС-000005757   ,,5961924.00000,,,0.10000,КГ,7.00000,7.00000,4.00000,СМ,,,,16664.00000,,,,,,Дортман Анна Павловна,Куграшова О.В.,ATN000115,ШТ,Товар РЦ,СИСТЭМ ЭЛЕКТРИК АО (ранее,0.00000,0.00000,a.savitskiy,,2026-03-23 14:04:10,,166.64000,1666.40000,,,N,N,N,,False,1.00000,,,,,,0,,2026-03-29 00:00:00,,,,,10.00000,1977823,2,,,,,,,,C,,Годен,,,
1996627,,WH1,321139,EKS000005757,302627,"Выключатель 1-кл с подсветкой, сх.1а, 10АХ, мех-зм, Atlasdesign Белый  ATN000113",,,ЭКС,300.00000,ШТ,0.00000,ЭКС-000005757   ,,5961923.00000,,,0.10000,КГ,7.00000,7.00000,4.00000,СМ,,,,15535800.00000,,,,,,Дортман Анна Павловна,Куграшова О.В.,ATN000113,ШТ,Базовый,Шнейдер Электрик АО,0.00000,0.00000,a.manokhin,,2026-03-23 14:11:59,,172.62000,51786.00000,,,N,N,N,,False,30.00000,,,,,,0,,2026-03-29 00:00:00,,,,,300.00000,1977824,2,,,,,,,,C,,Годен,,,
1996628,,WH1,321139,EKS000005757,265124,"Розетка о/у 1-ая 16А без ЗК без з/шт изол.пл. ""Blanca"" белый BLNRA000111",,,ЭКС,270.00000,ШТ,0.00000,ЭКС-000005757   ,,5961922.00000,,,0.01000,КГ,7.00000,7.00000,3.00000,СМ,,,,6751269.00000,,,,,,Дортман Анна Павловна,Куграшова О.В.,BLNRA000111,ШТ,Базовый,Шнейдер Электрик АО,0.00000,0.00000,a.manokhin,,2026-03-23 14:14:51,,92.61000,25004.70000,,,N,N,N,,False,2.70000,,,,,,0,,2026-03-29 00:00:00,,,,,270.00000,1977825,2,,,,,,,,A,,Годен,,,
1996629,,WH1,321139,EKS000005757,264170,"Розетка с/п ИНФ кат.5E, (2RJ45)  б/рамки ""Glossa"" белый GSL000185KK",,,ЭКС,10.00000,ШТ,0.00000,ЭКС-000005757   ,,5961912.00000,,,0.07000,КГ,7.00000,7.00000,4.00000,СМ,,,,61803.00000,,,1,,,Дортман Анна Павловна,Куграшова О.В.,GSL000185KK,ШТ,Базовый,Шнейдер Электрик АО,0.00000,0.00000,a.savitskiy,,2026-03-23 14:00:15,,618.03000,6180.30000,,,N,N,N,,False,0.70000,,,,,,0,,2026-03-29 00:00:00,,,,,10.00000,1977826,2,,,,,,,,C,,Годен,,,
1996630,,WH1,321139,EKS000005757,214963,"Выключатель авт. ВА-101 2п    3А  х-ка C   4,5кА  11063DEK  DEKraft",,,ЭКС,6.00000,ШТ,0.00000,ЭКС-000005757   ,,5961903.00000,,,0.10000,КГ,8.00000,4.00000,7.00000,СМ,,False,,11340.00000,,8536201007,,,,Заказной,Шаповалов П.Г.,11063DEK,ШТ,Товар РЦ,СИСТЭМ ЭЛЕКТРИК АО (ранее,0.00000,0.00000,a.manokhin,,2026-03-23 14:09:10,,315.00000,1890.00000,,,N,N,N,,False,0.60000,,,,,,0,,2026-03-29 00:00:00,,,,,6.00000,1977827,2,,,,,,,,C,,Годен,,,
1996631,,WH1,321139,EKS000005757,214884,"Выключатель авт. диф. тока ДИФ-101 4п 50А  100мА  тип AC  х-ка C  4,5кА 15034DEK  SE",,,ЭКС,4.00000,ШТ,0.00000,ЭКС-000005757   ,,5961895.00000,,,0.10000,КГ,15.00000,9.00000,7.00000,СМ,,False,,22131.20000,,8536201007,,,,Заказной,Шаповалов П.Г.,15034DEK,ШТ,Заказной товар,СИСТЭМ ЭЛЕКТРИК АО (ранее,0.00000,0.00000,a.manokhin,,2026-03-23 13:53:30,,1383.20000,5532.80000,,,N,N,N,,False,0.40000,,,,,,0,ЭКС-000010353   ,2026-03-29 00:00:00,,,,,4.00000,1977828,2,,,,,,,,C,,Годен,,,
1996632,,WH1,321139,EKS000005757,214874,"Выключатель авт. диф. тока ДИФ-101 4п 40А  30мА  тип AC  х-ка C  4,5кА 15024DEK  SE",,,ЭКС,2.00000,ШТ,0.00000,ЭКС-000005757   ,,5961910.00000,,,0.50000,КГ,11.50000,9.00000,6.50000,СМ,,False,,4300.80000,,8536201007,1,,,Заказной,Шаповалов П.Г.,15024DEK,ШТ,Заказной товар,СИСТЭМ ЭЛЕКТРИК АО (ранее,0.00000,0.00000,a.manokhin,,2026-03-23 14:06:59,,1075.20000,2150.40000,,,N,N,N,,False,1.00000,,,,,,0,ЭКС-000011254   ,2026-03-29 00:00:00,,,,,2.00000,1977829,2,,,,,,,,C,,Годен,,,
1996633,,WH1,321139,EKS000005757,660922,Выключатель авт. City9 2п С 32А 4.5kA 230В,,,ЭКС,42.00000,ШТ,0.00000,ЭКС-000005757   ,,5961934.00000,,,0.20000,КГ,8.00000,8.00000,4.00000,СМ,,,,926047.08000,,,,,,Сарычев Дмитрий Сергеевич,Шаповалов П.Г.,C9F34232,ШТ,Базовый,СИСТЭМ ЭЛЕКТРИК АО (ранее,0.00000,0.00000,a.manokhin,,2026-03-23 14:00:42,,524.97000,22048.74000,,,N,N,N,,False,8.40000,,,,,,0,,2026-03-29 00:00:00,,,,,42.00000,1977830,2,,,,,,,,B,,Годен,,,
1996634,,WH1,321139,EKS000005757,660859,Выключатель авт. диф. тока (АВДТ) City9 1P+N С 25А 4.5kA 30мА Тип-AС 230В,,,ЭКС,88.00000,ШТ,0.00000,ЭКС-000005757   ,,5961933.00000,,,0.09000,КГ,9.00000,9.00000,4.00000,СМ,,,,15824476.80000,,,,,,Сарычев Дмитрий Сергеевич,Шаповалов П.Г.,C9D34625,ШТ,Суперсклад,СИСТЭМ ЭЛЕКТРИК АО (ранее,0.00000,0.00000,a.manokhin,,2026-03-23 14:10:20,,2043.45000,179823.60000,,,N,N,N,,False,7.92000,,,,,,0,,2026-03-29 00:00:00,,,,,88.00000,1977831,2,,,,,,,,A,,Годен,,,
1996635,,WH1,321139,EKS000005757,660858,Выключатель авт. диф. тока (АВДТ) City9 1P+N С 20А 4.5kA 30мА Тип-AС 230В,,,ЭКС,74.00000,ШТ,0.00000,ЭКС-000005757   ,,5961932.00000,,,0.10000,КГ,9.00000,7.80000,4.30000,СМ,,,,11470851.00000,,,,,,Сарычев Дмитрий Сергеевич,Шаповалов П.Г.,C9D34620,ШТ,Базовый,СИСТЭМ ЭЛЕКТРИК АО (ранее,0.00000,0.00000,a.manokhin,,2026-03-23 13:56:43,,2094.75000,155011.50000,,,N,N,N,,False,7.40000,,,,,,0,,2026-03-29 00:00:00,,,,,74.00000,1977832,2,,,,,,,,B,,Годен,,,
1996636,,WH1,321139,EKS000005757,657502,"Розетка с ЗК, 16А, механизм, Atlasdesign Песочный",,,ЭКС,365.00000,ШТ,0.00000,ЭКС-000005757   ,,5961931.00000,,,0.09000,КГ,8.00000,8.00000,4.00000,СМ,,,,21947486.50000,,,,,,Дортман Анна Павловна,Куграшова О.В.,ATN001243,ШТ,Базовый,СИСТЭМ ЭЛЕКТРИК АО (ранее,0.00000,0.00000,a.savitskiy,,2026-03-23 14:08:08,,164.74000,60130.10000,,,N,N,N,,False,32.85000,,,,,,0,,2026-03-29 00:00:00,,,,,365.00000,1977833,2,,,,,,,,A,,Годен,,,
1996637,,WH1,321139,EKS000005757,657488,"СВЕТОРЕГУЛЯТОР (диммер) повор-нажим, LED, RC, 400Вт, мех., Atlasdesign Песочный",,,ЭКС,1.00000,ШТ,0.00000,ЭКС-000005757   ,,5961890.00000,,,0.01000,КГ,7.00000,7.00000,5.00000,СМ,,,,3093.30000,,,,,,Заказной,Куграшова О.В.,ATN001223,ШТ,Заказной товар,СИСТЭМ ЭЛЕКТРИК АО (ранее,0.00000,0.00000,a.savitskiy,,2026-03-23 14:14:27,,3093.30000,3093.30000,,,N,N,N,,False,0.01000,,,,,,0,ЭКС-000010005   ,2026-03-29 00:00:00,,,,,1.00000,1977834,2,,,,,,,,C,,Годен,,,
1996638,,WH1,321139,EKS000005757,657482,"Выключатель 1-кл, сх.1, 10АХ, механизм, Atlasdesign Песочный",,,ЭКС,145.00000,ШТ,0.00000,ЭКС-000005757   ,,5961930.00000,,,0.03000,КГ,7.00000,7.00000,4.00000,СМ,,,,3238480.75000,,,,,,Дортман Анна Павловна,Куграшова О.В.,ATN001211,ШТ,Базовый,СИСТЭМ ЭЛЕКТРИК АО (ранее,0.00000,0.00000,a.savitskiy,,2026-03-23 14:11:36,,154.03000,22334.35000,,,N,N,N,,False,4.35000,,,,,,0,,2026-03-29 00:00:00,,,,,145.00000,1977835,2,,,,,,,,B,,Годен,,,
1996639,,WH1,321139,EKS000005757,634963,Силовой автоматический выключатель 3P 400A 50кА ВА-335А DEKraft,,,ЭКС,4.00000,ШТ,0.00000,ЭКС-000005757   ,,5961900.00000,,,5.00000,КГ,28.00000,17.00000,21.00000,СМ,,False,,457856.00000,,,,,,Заказной,Самоличенко В.А.,28130DEK,ШТ,Заказной товар,СИСТЭМ ЭЛЕКТРИК АО (ранее,0.00000,0.00000,a.manokhin,,2026-03-23 14:06:15,,28616.00000,114464.00000,,,N,N,N,,False,20.00000,,,,,,0,ЭКС-000011206   ,2026-03-29 00:00:00,,,,,4.00000,1977836,2,,,,,,,,C,,Годен,,,
1996640,,WH1,321139,EKS000005757,630451,Силовой автоматический выключатель 3P 250A 50кА ВА-335А DEKraft,,,ЭКС,1.00000,ШТ,0.00000,ЭКС-000005757   ,,5961891.00000,,,4.00000,КГ,28.00000,16.00000,16.00000,СМ,,False,,24528.00000,,,,,,Заказной,Самоличенко В.А.,28128DEK,ШТ,Заказной товар,СИСТЭМ ЭЛЕКТРИК АО (ранее,0.00000,0.00000,a.manokhin,,2026-03-23 13:50:01,,24528.00000,24528.00000,,,N,N,N,,False,4.00000,,,,,,0,ЭКС-000011383   ,2026-03-29 00:00:00,,,,,1.00000,1977837,2,,,,,,,,C,,Годен,,,
1996641,,WH1,321139,EKS000005757,620565,Силовой автоматический выключатель 3P 160A 35кА ВА-332А DEKraft,,,ЭКС,2.00000,ШТ,0.00000,ЭКС-000005757   ,,5961901.00000,,,1.50000,КГ,16.00000,9.60000,12.00000,СМ,,False,,35056.00000,,,,,,Заказной,Самоличенко В.А.,28109DEK,ШТ,Заказной товар,СИСТЭМ ЭЛЕКТРИК АО (ранее,0.00000,0.00000,a.manokhin,,2026-03-23 14:08:56,,8764.00000,17528.00000,,,N,N,N,,False,3.00000,,,,,,0,ЭКС-000011206   ,2026-03-29 00:00:00,,,,,2.00000,1977838,2,,,,,,,,C,,Годен,,,
1996642,,WH1,321139,EKS000005757,620564,Силовой автоматический выключатель 3P 250A 35кА ВА-333А DEKraft,,,ЭКС,2.00000,ШТ,0.00000,ЭКС-000005757   ,,5961902.00000,,,3.00000,КГ,17.00000,12.00000,13.00000,СМ,,False,,49056.00000,,,,,,Заказной,Самоличенко В.А.,28123DEK,ШТ,Заказной товар,СИСТЭМ ЭЛЕКТРИК АО (ранее,0.00000,0.00000,a.manokhin,,2026-03-23 14:07:10,,12264.00000,24528.00000,,,N,N,N,,False,6.00000,,,,,,0,ЭКС-000011206   ,2026-03-29 00:00:00,,,,,2.00000,1977839,2,,,,,,,,C,,Годен,,,
1996643,,WH1,321139,EKS000005757,512920,DEKraft Реле тепловое для контакторов 09А-25А 7.0А-10А,,,ЭКС,2.00000,ШТ,0.00000,ЭКС-000005757   ,,5961894.00000,,,0.10000,КГ,10.00000,8.00000,5.00000,СМ,,,,2457.60000,,,,,,Заказной,Третьяков С.М.,23165DEK,ШТ,Заказной товар,СИСТЭМ ЭЛЕКТРИК АО (ранее,0.00000,0.00000,a.manokhin,,2026-03-23 13:54:41,,614.40000,1228.80000,,,N,N,N,,False,0.20000,,,,,,0,ЭКС-000011383   ,2026-03-29 00:00:00,,,,,2.00000,1977840,2,,,,,,,,C,,Годен,,,
1996644,,WH1,321139,EKS000005757,507988,DEKraft Силовой авт. выкл. для защиты двиг. 3P 100А 25кА ВА-302,,,ЭКС,1.00000,ШТ,0.00000,ЭКС-000005757   ,,5961942.00000,,,0.80000,КГ,14.00000,10.00000,9.00000,СМ,,False,,3360.00000,,,,,,Заказной,Самоличенко В.А.,22809DEK,ШТ,Заказной товар,СИСТЭМ ЭЛЕКТРИК АО (ранее,0.00000,0.00000,a.manokhin,,2026-03-23 13:59:54,,3360.00000,3360.00000,,,N,N,N,,False,0.80000,,,,,,0,ЭКС-000011606   ,2026-03-29 00:00:00,,,,,1.00000,1977841,2,,,,,,,,C,,Годен,,,
1996645,,WH1,321139,EKS000005757,404674,Шины выносные комп. 3 шт. ВА-303 3P,,,ЭКС,4.00000,ШТ,0.00000,ЭКС-000005757   ,,5961916.00000,,,0.21000,КГ,8.00000,3.00000,1.50000,СМ,,False,,17696.00000,,,,,,Заказной,Самоличенко В.А.,22945DEK,ШТ,Заказной товар,СИСТЭМ ЭЛЕКТРИК АО (ранее,0.00000,0.00000,a.manokhin,,2026-03-23 14:01:33,,1106.00000,4424.00000,,,N,N,N,,False,0.84000,,,,,,0,ЭКС-000011479   ,2026-03-29 00:00:00,,,,,4.00000,1977842,2,,,,,,,,C,,Годен,,,
1996646,,WH1,321139,EKS000005757,399616,Силовой авт. выкл. 3P 63А 25кА ВА-302,,,ЭКС,8.00000,ШТ,0.00000,ЭКС-000005757   ,,5961915.00000,,,0.30000,КГ,13.00000,8.00000,9.00000,СМ,,False,,193536.00000,,,,,,Катышев Александр Вячесла,Самоличенко В.А.,22747DEK,ШТ,Товар РЦ,СИСТЭМ ЭЛЕКТРИК АО (ранее,0.00000,0.00000,a.manokhin,,2026-03-23 14:06:41,,3024.00000,24192.00000,,,N,N,N,,False,2.40000,,,,,,0,ЭКС-000011479   ,2026-03-29 00:00:00,,,,,8.00000,1977843,2,,,,,,,,C,,Годен,,,
1996647,,WH1,321139,EKS000005757,399614,Силовой авт. выкл. 3P 160А 36кА ВА-303,,,ЭКС,4.00000,ШТ,0.00000,ЭКС-000005757   ,,5961914.00000,,,0.50000,КГ,17.00000,11.00000,12.00000,СМ,,False,,67200.00000,,,,,,Катышев Александр Вячесла,Самоличенко В.А.,22752DEK,ШТ,Товар РЦ,СИСТЭМ ЭЛЕКТРИК АО (ранее,0.00000,0.00000,a.manokhin,,2026-03-23 14:08:37,,4200.00000,16800.00000,,,N,N,N,,False,2.00000,,,,,,0,ЭКС-000011479   ,2026-03-29 00:00:00,,,,,4.00000,1977844,2,,,,,,,,C,,Годен,,,
1996648,,WH1,321139,EKS000005757,371631,"Розетка с ЗК + 2USB зарядка 5В/2,4А, мех-м,  Atlasdesign  Бежевый ,  ATN000230",,,ЭКС,11.00000,ШТ,0.00000,ЭКС-000005757   ,,5961889.00000,,,0.10000,КГ,7.00000,7.00000,5.00000,СМ,,,,232622.50000,,,,,,Заказной,Куграшова О.В.,ATN000230,ШТ,Заказной товар,СИСТЭМ ЭЛЕКТРИК АО (ранее,0.00000,0.00000,a.savitskiy,RF,2026-03-23 14:31:00,,1922.50000,21147.50000,,,N,N,N,,False,1.10000,,,,,,0,ЭКС-000010212   ,2026-03-29 00:00:00,,,,,11.00000,1977845,2,,,,,,,,C,,Годен,,,
1996649,,WH1,321139,EKS000005757,333206,DEKraft Контакт дополнительный для ВА-105,,,ЭКС,2.00000,ШТ,0.00000,ЭКС-000005757   ,,5961941.00000,,,0.01000,КГ,9.00000,7.50000,1.50000,СМ,,,,2419.20000,,,,,,Заказной,Шаповалов П.Г.,13303DEK,ШТ,Заказной товар,СИСТЭМ ЭЛЕКТРИК АО (ранее,0.00000,0.00000,a.manokhin,,2026-03-23 14:01:17,,604.80000,1209.60000,,,N,N,N,,False,0.02000,,,,,,0,ЭКС-000011848   ,2026-03-29 00:00:00,,,,,2.00000,1977846,2,,,,,,,,C,,Годен,,,
1996650,,WH1,321139,EKS000005757,325629,КМ102-065А-230-11_контактор AC-3 AC-4,,,ЭКС,2.00000,ШТ,0.00000,ЭКС-000005757   ,,5961893.00000,,,0.50000,КГ,15.00000,14.00000,10.00000,СМ,,False,,9792.00000,,,,,,Заказной,Третьяков С.М.,22008DEK,ШТ,Базовый,СИСТЭМ ЭЛЕКТРИК АО (ранее,0.00000,0.00000,a.manokhin,,2026-03-23 14:08:03,,2448.00000,4896.00000,,,N,N,N,,False,1.00000,,,,,,0,ЭКС-000011383   ,2026-03-29 00:00:00,,,,,2.00000,1977847,2,,,,,,,,C,,Годен,,,
1996651,,WH1,321139,EKS000005757,318218,Контактор 9А 230В_АС АС3_ АС4 1НО+1НЗ КМ-102,,,ЭКС,1.00000,ШТ,0.00000,ЭКС-000005757   ,,5961892.00000,,,0.12000,КГ,9.00000,7.00000,5.00000,СМ,,False,,576.00000,,,,,,Заказной,Третьяков С.М.,21904DEK,ШТ,Базовый,СИСТЭМ ЭЛЕКТРИК АО (ранее,0.00000,0.00000,a.manokhin,,2026-03-23 13:54:28,,576.00000,576.00000,,,N,N,N,,False,0.12000,,,,,,0,ЭКС-000011383   ,2026-03-29 00:00:00,,,,,1.00000,1977848,2,,,,,,,,C,,Годен,,,
1996652,,WH1,321139,EKS000005757,303044,"Розетка двойная компьютерная RJ45+RJ45, кат.5E, мех-зм, Atlasdesign Карбон  ATN001085",,,ЭКС,5.00000,ШТ,0.00000,ЭКС-000005757   ,,5961940.00000,,,0.04000,КГ,7.00000,7.00000,4.00000,СМ,,,,22443.75000,,,,,,Дортман Анна Павловна,Куграшова О.В.,ATN001085,ШТ,Базовый,Шнейдер Электрик АО,0.00000,0.00000,a.savitskiy,,2026-03-23 14:05:33,,897.75000,4488.75000,,,N,N,N,,False,0.20000,,,,,,0,ЭКС-000011816   ,2026-03-29 00:00:00,,,,,5.00000,1977849,2,,,,,,,,B,,Годен,,,
1996653,,WH1,321139,EKS000005757,303020,"Розетка двойная с з/к, 16А, в сборе, Atlasdesign Карбон  ATN001024",,,ЭКС,86.00000,ШТ,0.00000,ЭКС-000005757   ,,5961929.00000,,,0.11200,КГ,12.00000,8.00000,4.00000,СМ,,,,2567373.48000,,,,,,Дортман Анна Павловна,Куграшова О.В.,ATN001024,ШТ,Базовый,СИСТЭМ ЭЛЕКТРИК АО (ранее,0.00000,0.00000,a.savitskiy,,2026-03-23 14:10:40,,347.13000,29853.18000,,,N,N,N,,False,9.63200,,,,,,0,,2026-03-29 00:00:00,,,,,86.00000,1977850,2,,,,,,,,B,,Годен,,,
1996654,,WH1,321139,EKS000005757,303018,"Розетка двойная без з/к,16А, в сборе, Atlasdesign Карбон  ATN001020",,,ЭКС,42.00000,ШТ,0.00000,ЭКС-000005757   ,,5961928.00000,,,0.08000,КГ,15.00000,9.00000,4.00000,СМ,,,,516216.96000,,,,,,Дортман Анна Павловна,Куграшова О.В.,ATN001020,ШТ,Базовый,Шнейдер Электрик АО,0.00000,0.00000,a.savitskiy,,2026-03-23 14:11:11,,292.64000,12290.88000,,,N,N,N,,False,3.36000,,,,,,0,,2026-03-29 00:00:00,,,,,42.00000,1977851,2,,,,,,,,B,,Годен,,,
1996655,,WH1,321139,EKS000005757,303011,"Рамка 3-пост, универсальная, Atlasdesign Карбон  ATN001003",,,ЭКС,210.00000,ШТ,0.00000,ЭКС-000005757   ,,5961927.00000,,,0.06200,КГ,30.00000,10.00000,1.00000,СМ,,,,13058010.00000,,,,,,Дортман Анна Павловна,Куграшова О.В.,ATN001003,ШТ,Базовый,Шнейдер Электрик АО,0.00000,0.00000,a.manokhin,,2026-03-23 14:14:17,,296.10000,62181.00000,,,N,N,N,,False,13.02000,,,,,,0,,2026-03-29 00:00:00,,,,,210.00000,1977852,2,,,,,,,,A,,Годен,,,
1996656,,WH1,321139,EKS000005757,883597,Авт. выключатель 3P  3A  хар-ка C  6kA 400В  Systeme9,,,ЭКС,2.00000,ШТ,0.00000,ЭКС-000005757   ,,5961958.00000,,,0.36000,КГ,9.00000,5.00000,7.00000,СМ,,,,7389.00000,,,,,,Заказной,Шаповалов П.Г.,S9F22303,ШТ,Заказной товар,СИСТЭМ ЭЛЕКТРИК АО (ранее,0.00000,0.00000,a.manokhin,,2026-03-23 13:58:49,,1847.25000,3694.50000,,,N,N,N,,False,0.72000,,,,,,0,ЭКС-000011795   ,2026-03-29 00:00:00,,,,,2.00000,1977853,2,,,,,,,,C,,Годен,,,
1996657,,WH1,321139,EKS000005757,882771,"STEP BALANCE Секция кабельная (теплый пол) SBC018046, 18 Вт/м, 828 Вт, 46 м",,,ЭКС,1.00000,ШТ,0.00000,ЭКС-000005757   ,,5961963.00000,,,2.17000,КГ,29.00000,27.50000,11.00000,СМ,,False,,4042.50000,,,,,,Заказной,Козлова М.А.,SBC018046,ШТ,,СИСТЭМ ЭЛЕКТРИК АО (ранее,0.00000,0.00000,a.savitskiy,,2026-03-23 14:20:18,,4042.50000,4042.50000,,,N,N,N,,False,2.17000,,,,,,0,ЭКС-000011572   ,2026-03-29 00:00:00,,,,,1.00000,1977854,2,,,,,,,,C,,Годен,,,
1996658,,WH1,321139,EKS000005757,882770,"STEP BALANCE Секция кабельная (теплый пол) SBC018083, 18 Вт/м, 1494 Вт, 83 м",,,ЭКС,2.00000,ШТ,0.00000,ЭКС-000005757   ,,5961962.00000,,,4.18000,КГ,29.00000,27.50000,11.00000,СМ,,False,,23625.00000,,,,,,Заказной,Козлова М.А.,SBC018083,ШТ,,СИСТЭМ ЭЛЕКТРИК АО (ранее,0.00000,0.00000,a.savitskiy,RF,2026-03-23 14:29:07,,5906.25000,11812.50000,,,N,N,N,,False,8.36000,,,,,,0,ЭКС-000011572   ,2026-03-29 00:00:00,,,,,2.00000,1977855,2,,,,,,,,C,,Годен,,,
1996659,,WH1,321139,EKS000005757,877361,"STEP BALANCE Секция кабельная (теплый пол) SBC018038, 18 Вт/м, 684 Вт, 38 м",,,ЭКС,1.00000,ШТ,0.00000,ЭКС-000005757   ,,5961961.00000,,,1.77000,КГ,24.00000,22.50000,14.00000,СМ,,False,,3570.00000,,,,,,Заказной,Козлова М.А.,SBC018038,ШТ,,СИСТЭМ ЭЛЕКТРИК АО (ранее,0.00000,0.00000,a.savitskiy,,2026-03-23 14:17:00,,3570.00000,3570.00000,,,N,N,N,,False,1.77000,,,,,,0,ЭКС-000011572   ,2026-03-29 00:00:00,,,,,1.00000,1977856,2,,,,,,,,C,,Годен,,,
1996660,,WH1,321139,EKS000005757,877359,"STEP BALANCE Секция кабельная (теплый пол) SBC018065, 18 Вт/м, 1170 Вт, 65 м",,,ЭКС,2.00000,ШТ,0.00000,ЭКС-000005757   ,,5961960.00000,,,3.12000,КГ,29.00000,27.50000,11.00000,СМ,,False,,19635.00000,,,,,,Заказной,Козлова М.А.,SBC018065,ШТ,,СИСТЭМ ЭЛЕКТРИК АО (ранее,0.00000,0.00000,a.savitskiy,RF,2026-03-23 14:23:59,,4908.75000,9817.50000,,,N,N,N,,False,6.24000,,,,,,0,ЭКС-000011572   ,2026-03-29 00:00:00,,,,,2.00000,1977857,2,,,,,,,,C,,Годен,,,
1996661,,WH1,321139,EKS000005757,835814,"Теплый пол кабельная секция STEP BALANCE, SBC018028, 18 Вт/м, 28 м, S м?:2-3,5. Шаг, см: 7-12,5",,,ЭКС,2.00000,ШТ,0.00000,ЭКС-000005757   ,,5961959.00000,,,1.76000,КГ,24.00000,22.50000,14.00000,СМ,,False,,11340.00000,,,,,,Заказной,Козлова М.А.,SBC018028,ШТ,Заказной товар,СИСТЭМ ЭЛЕКТРИК АО (ранее,0.00000,0.00000,a.savitskiy,,2026-03-23 14:18:36,,2835.00000,5670.00000,,,N,N,N,,False,3.52000,,,,,,0,ЭКС-000011572   ,2026-03-29 00:00:00,,,,,2.00000,1977858,2,,,,,,,,C,,Годен,,,
1996662,,WH1,321139,EKS000005757,785620,"Розетка с ЗК , 16А, мех-м, быстрозажим. клем. БАЗАЛЬТ// ARTGALLERY// GAL001443S",,,ЭКС,215.00000,ШТ,0.00000,ЭКС-000005757   ,,5961956.00000,,,0.10000,КГ,7.00000,7.00000,4.00000,СМ,,,,11721273.25000,,,,,,,Куграшова О.В.,GAL001443S,ШТ,Базовый,СИСТЭМ ЭЛЕКТРИК АО (ранее,0.00000,0.00000,a.savitskiy,,2026-03-23 14:13:50,,253.57000,54517.55000,,,N,N,N,,False,21.50000,,,,,,0,,2026-03-29 00:00:00,,,,,215.00000,1977859,2,,,,,,,,C,,Годен,,,
1996663,,WH1,321139,EKS000005757,744645,"Выключатель 2-кл, сх.5, 10АХ, механизм, БАЗАЛЬТ /ARTGALLERY  /GAL001451",,,ЭКС,30.00000,ШТ,0.00000,ЭКС-000005757   ,,5961954.00000,,,0.07000,КГ,7.00000,7.00000,4.00000,СМ,,,,361935.00000,,,,,,,Куграшова О.В.,GAL001451,ШТ,Базовый,СИСТЭМ ЭЛЕКТРИК АО (ранее,0.00000,0.00000,a.savitskiy,,2026-03-23 14:10:01,,402.15000,12064.50000,,,N,N,N,,False,2.10000,,,,,,0,,2026-03-29 00:00:00,,,,,30.00000,1977860,2,,,,,,,,C,,Годен,,,
1996664,,WH1,321139,EKS000005757,744634,"Выключатель 1-кл, сх.1, 10АХ, механизм БАЗАЛЬТ /ARTGALLERY  /GAL001411",,,ЭКС,10.00000,ШТ,0.00000,ЭКС-000005757   ,,5961953.00000,,,0.07000,КГ,7.00000,7.00000,4.00000,СМ,,,,24150.00000,,,,,,,Куграшова О.В.,GAL001411,ШТ,Базовый,СИСТЭМ ЭЛЕКТРИК АО (ранее,0.00000,0.00000,a.savitskiy,,2026-03-23 14:00:32,,241.50000,2415.00000,,,N,N,N,,False,0.70000,,,,,,0,ЭКС-000011827   ,2026-03-29 00:00:00,,,,,10.00000,1977861,2,,,,,,,,C,,Годен,,,
1996665,,WH1,321139,EKS000005757,744629,"Рамка 3-пост, универсальная, БАЗАЛЬТ /ARTGALLERY  /GAL001403",,,ЭКС,30.00000,ШТ,0.00000,ЭКС-000005757   ,,5961951.00000,,,0.01000,КГ,39.00000,8.00000,1.20000,СМ,,,,217350.00000,,,,,,,Куграшова О.В.,GAL001403,ШТ,Базовый,СИСТЭМ ЭЛЕКТРИК АО (ранее,0.00000,0.00000,a.savitskiy,,2026-03-23 14:09:27,,241.50000,7245.00000,,,N,N,N,,False,0.30000,,,,,,0,,2026-03-29 00:00:00,,,,,30.00000,1977862,2,,,,,,,,C,,Годен,,,
1996666,,WH1,321139,EKS000005757,744628,"Рамка 2-пост, универсальная, БАЗАЛЬТ /ARTGALLERY  /GAL001402",,,ЭКС,25.00000,ШТ,0.00000,ЭКС-000005757   ,,5961949.00000,,,0.01000,КГ,16.00000,8.00000,1.00000,СМ,,,,100731.25000,,,,,,,Куграшова О.В.,GAL001402,ШТ,Базовый,СИСТЭМ ЭЛЕКТРИК АО (ранее,0.00000,0.00000,a.savitskiy,,2026-03-23 14:09:46,,161.17000,4029.25000,,,N,N,N,,False,0.25000,,,,,,0,,2026-03-29 00:00:00,,,,,25.00000,1977863,2,,,,,,,,C,,Годен,,,
1996667,,WH1,321139,EKS000005757,744627,"Рамка 1-пост, БАЗАЛЬТ /ARTGALLERY  /GAL001401",,,ЭКС,40.00000,ШТ,0.00000,ЭКС-000005757   ,,5961948.00000,,,0.01000,КГ,8.00000,8.00000,2.00000,СМ,,,,128944.00000,,,,,,,Куграшова О.В.,GAL001401,ШТ,Базовый,СИСТЭМ ЭЛЕКТРИК АО (ранее,0.00000,0.00000,a.savitskiy,,2026-03-23 14:06:13,,80.59000,3223.60000,,,N,N,N,,False,0.40000,,,,,,0,ЭКС-000011827   ,2026-03-29 00:00:00,,,,,40.00000,1977864,2,,,,,,,,C,,Годен,,,
1996668,,WH1,321139,EKS000005757,720779,"Розетка с з/к 16А c 2USB зарядка A+C мех-м,  Atlasdesign Карбон, ATN001032",,,ЭКС,1.00000,ШТ,0.00000,ЭКС-000005757   ,,5961943.00000,,,0.10000,КГ,8.00000,7.00000,5.00000,СМ,,,,4410.00000,,,,,,Заказной,Куграшова О.В.,ATN001032,ШТ,Заказной товар,СИСТЭМ ЭЛЕКТРИК АО (ранее,0.00000,0.00000,a.savitskiy,,2026-03-23 14:14:40,,4410.00000,4410.00000,,,N,N,N,,False,0.10000,,,,,,0,ЭКС-000011816   ,2026-03-29 00:00:00,,,,,1.00000,1977865,2,,,,,,,,C,,Годен,,,
1996669,,WH1,321139,EKS000005757,704850,DEKraft Автоматический выключатель 2Р 2А х-ка B ВА-103 6кА,,,ЭКС,1.00000,ШТ,0.00000,ЭКС-000005757   ,,5961947.00000,,,0.05000,КГ,9.00000,8.00000,4.00000,СМ,,False,,427.84000,,,,,,Заказной,Шаповалов П.Г.,12217DEK,ШТ,Заказной товар,СИСТЭМ ЭЛЕКТРИК АО (ранее,0.00000,0.00000,a.manokhin,,2026-03-23 14:01:05,,427.84000,427.84000,,,N,N,N,,False,0.05000,,,,,,0,ЭКС-000011606   ,2026-03-29 00:00:00,,,,,1.00000,1977866,2,,,,,,,,C,,Годен,,,
1996670,,WH1,321139,EKS000005757,704477,DEKraft Конт. дополнительный сигн. левый ДК-СК-333,,,ЭКС,2.00000,ШТ,0.00000,ЭКС-000005757   ,,5961897.00000,,,0.05000,КГ,8.00000,8.00000,2.00000,СМ,,False,,7795.20000,,,,,,Заказной,Самоличенко В.А.,28186DEK,ШТ,Заказной товар,СИСТЭМ ЭЛЕКТРИК АО (ранее,0.00000,0.00000,a.manokhin,,2026-03-23 14:01:56,,1948.80000,3897.60000,,,N,N,N,,False,0.10000,,,,,,0,ЭКС-000011206   ,2026-03-29 00:00:00,,,,,2.00000,1977867,2,,,,,,,,C,,Годен,,,
1996671,,WH1,321139,EKS000005757,704475,DEKraft Конт. дополнительный сигн. левый ДК-СК-332,,,ЭКС,1.00000,ШТ,0.00000,ЭКС-000005757   ,,5961898.00000,,,0.04000,КГ,7.00000,5.00000,2.00000,СМ,,False,,1808.80000,,,,,,,Самоличенко В.А.,28167DEK,ШТ,Распродажа,СИСТЭМ ЭЛЕКТРИК АО (ранее,0.00000,0.00000,a.manokhin,,2026-03-23 14:09:44,,1808.80000,1808.80000,,,N,N,N,,False,0.04000,,,,,,0,ЭКС-000011206   ,2026-03-29 00:00:00,,,,,1.00000,1977868,2,,,,,,,,C,,Годен,,,
1996672,,WH1,321139,EKS000005757,704473,DEKraft Конт. дополнительный сигн. левый ДК-СК-335,,,ЭКС,4.00000,ШТ,0.00000,ЭКС-000005757   ,,5961899.00000,,,0.05000,КГ,6.00000,7.00000,3.00000,СМ,,False,,34540.80000,,,,,,Заказной,Самоличенко В.А.,28227DEK,ШТ,Заказной товар,СИСТЭМ ЭЛЕКТРИК АО (ранее,0.00000,0.00000,a.manokhin,,2026-03-23 14:02:42,,2158.80000,8635.20000,,,N,N,N,,False,0.20000,,,,,,0,ЭКС-000011206   ,2026-03-29 00:00:00,,,,,4.00000,1977869,2,,,,,,,,C,,Годен,,,
1996673,,WH1,321139,EKS000005757,680540,Выключатель-разъединитель 3Р 125А ВН-105,,,ЭКС,1.00000,ШТ,0.00000,ЭКС-000005757   ,,5961946.00000,,,0.24000,КГ,9.00000,8.00000,7.00000,СМ,,False,,1176.00000,,,,,,Заказной,Самоличенко В.А.,17094DEK,ШТ,Заказной товар,СИСТЭМ ЭЛЕКТРИК АО (ранее,0.00000,0.00000,a.manokhin,,2026-03-23 13:58:02,,1176.00000,1176.00000,,,N,N,N,,False,0.24000,,,,,,0,ЭКС-000011750   ,2026-03-29 00:00:00,,,,,1.00000,1977870,2,,,,,,,,C,,Годен,,,
1996674,,WH1,321139,EKS000005757,676140,"ТЕРМОСТАТ электрон. теплого пола с датчиком, 10A, механизм, Atlasdesign Лотос  ATN001335",,,ЭКС,5.00000,ШТ,0.00000,ЭКС-000005757   ,,5961920.00000,,,0.10000,КГ,9.00000,9.00000,5.00000,СМ,,,,126000.00000,,,,,,Заказной,Куграшова О.В.,ATN001335,ШТ,Заказной товар,СИСТЭМ ЭЛЕКТРИК АО (ранее,0.00000,0.00000,a.savitskiy,,2026-03-23 14:01:41,,5040.00000,25200.00000,,,N,N,N,,False,0.50000,,,,,,0,ЭКС-000011391   ,2026-03-29 00:00:00,,,,,5.00000,1977871,2,,,,,,,,C,,Годен,,,
1996675,,WH1,321139,EKS000005757,676080,"РОЗЕТКА двойная HDMI+RJ45, кат.5Е, механизм, Atlasdesign Белый  ATN000182",,,ЭКС,4.00000,ШТ,0.00000,ЭКС-000005757   ,,5961945.00000,,,0.10000,КГ,7.00000,7.00000,3.00000,СМ,,,,15170.40000,,,,,,Заказной,Куграшова О.В.,ATN000182,ШТ,Заказной товар,СИСТЭМ ЭЛЕКТРИК АО (ранее,0.00000,0.00000,a.savitskiy,,2026-03-23 14:01:59,,948.15000,3792.60000,,,N,N,N,,False,0.40000,,,,,,0,ЭКС-000011891   ,2026-03-29 00:00:00,,,,,4.00000,1977872,2,,,,,,,,C,,Годен,,,
1996676,,WH1,321139,EKS000005757,672247,КОНТАКТОР MC1G 3P 160A 2НО+2НЗ 380V 50ГЦ,,,ЭКС,1.00000,ШТ,0.00000,ЭКС-000005757   ,,5961896.00000,,,1.60000,КГ,22.00000,18.00000,16.00000,СМ,,,,14100.00000,,,,,,Заказной,Третьяков С.М.,MC1G160Q5,ШТ,Заказной товар,СИСТЭМ ЭЛЕКТРИК АО (ранее,0.00000,0.00000,a.manokhin,,2026-03-23 13:50:36,,14100.00000,14100.00000,,,N,N,N,,False,1.60000,,,,,,0,ЭКС-000010471   ,2026-03-29 00:00:00,,,,,1.00000,1977873,2,,,,,,,,C,,Годен,,,
1996677,,WH1,321139,EKS000005757,670642,DEKraft Шины выносные для ВА-332 комп. 3 шт. 3P ШВ-332,,,ЭКС,2.00000,ШТ,0.00000,ЭКС-000005757   ,,5961944.00000,,,0.05000,КГ,7.50000,3.50000,0.80000,СМ,,False,,4088.00000,,,,,,Заказной,Самоличенко В.А.,28173DEK,ШТ,Заказной товар,СИСТЭМ ЭЛЕКТРИК АО (ранее,0.00000,0.00000,a.manokhin,,2026-03-23 13:56:58,,1022.00000,2044.00000,,,N,N,N,,False,0.10000,,,,,,0,ЭКС-000011919   ,2026-03-29 00:00:00,,,,,2.00000,1977874,2,,,,,,,,C,,Годен,,,
1996678,,WH1,321139,EKS000005757,660964,Выкл-ль дифференциального тока (ВДТ) City9 2п 25А 10мА Тип-A 230В,,,ЭКС,1.00000,ШТ,0.00000,ЭКС-000005757   ,,5961919.00000,,,0.10000,КГ,9.00000,8.00000,4.00000,СМ,,,,2240.10000,,,,,,Сарычев Дмитрий Сергеевич,Шаповалов П.Г.,C9R70225,ШТ,Товар РЦ,СИСТЭМ ЭЛЕКТРИК АО (ранее,0.00000,0.00000,a.manokhin,,2026-03-23 13:56:33,,2240.10000,2240.10000,,,N,N,N,,False,0.10000,,,,,,0,ЭКС-000011248   ,2026-03-29 00:00:00,,,,,1.00000,1977875,2,,,,,,,,C,,Годен,,,
1996679,,WH1,321140,EKS000005758,866029,Отвертка плоская шлицевая SL8 x 200 мм с трехкомпонентной рукояткой Fusion,,,ЭКС,10.00000,ШТ,0.00000,ЭКС-000005758   ,,5961972.00000,,,0.18000,КГ,36.00000,3.00000,3.00000,СМ,,False,,11482.00000,,,,,,Заказной,Петров И.В.,11426,ШТ,,МИР ИНСТРУМЕНТА ООО,0.00000,0.00000,a.savitskiy,,2026-03-23 13:42:29,,114.82000,1148.20000,,,N,N,N,,False,1.80000,,,,,,0,ЭКС-000010170   ,2026-03-20 00:00:00,,,,,10.00000,1977876,2,,,,,,,,C,,Годен,,,
1996680,,WH1,321140,EKS000005758,859583,"Вороток-отвертка, 150 мм, квадрат 1/4 Stels",,,ЭКС,1.00000,ШТ,0.00000,ЭКС-000005758   ,,5961966.00000,,,0.10000,КГ,15.00000,2.50000,2.50000,СМ,,False,,127.02000,,,,,,Заказной,Петров И.В.,14012,ШТ,Заказной товар,МИР ИНСТРУМЕНТА ООО,0.00000,0.00000,a.savitskiy,,2026-03-23 13:45:43,,127.02000,127.02000,,,N,N,N,,False,0.10000,,,,,,0,ЭКС-000011841   ,2026-03-20 00:00:00,,,,,1.00000,1977877,2,,,,,,,,C,,Годен,,,
1996681,,WH1,321140,EKS000005758,809419,"Набор удлиненных торцевых головок 1/4, шестигранные, CrV, 10 шт, 4-13 мм. MATRIX",,,ЭКС,1.00000,ШТ,0.00000,ЭКС-000005758   ,,5961971.00000,,,0.12000,КГ,26.00000,9.00000,3.00000,СМ,,,,745.50000,,,,,,Заказной,Петров И.В.,13592,ШТ,Заказной товар,МИР ИНСТРУМЕНТА ООО,0.00000,0.00000,a.savitskiy,,2026-03-23 13:36:56,,745.50000,745.50000,,,N,N,N,,False,0.12000,,,,,,0,ЭКС-000011841   ,2026-03-20 00:00:00,,,,,1.00000,1977878,2,,,,,,,,C,,Годен,,,
1996682,,WH1,321140,EKS000005758,735677,"Зажим для пайки ""Третья рука"" с лупой// SPARTA",,,ЭКС,1.00000,ШТ,0.00000,ЭКС-000005758   ,,5961970.00000,,,0.35000,КГ,18.00000,6.50000,20.00000,СМ,,,,384.43000,,,,,,Заказной,Петров И.В.,914605,ШТ,Заказной товар,МИР ИНСТРУМЕНТА ООО,0.00000,0.00000,a.savitskiy,,2026-03-23 13:43:56,,384.43000,384.43000,,,N,N,N,,False,0.35000,,,,,,0,ЭКС-000011841   ,2026-03-20 00:00:00,,,,,1.00000,1977879,2,,,,,,,,C,,Годен,,,
1996683,,WH1,321140,EKS000005758,661611,Ареометр для измерения плотности электролита// SPARTA,,,ЭКС,2.00000,ШТ,0.00000,ЭКС-000005758   ,,5961969.00000,,,0.10000,КГ,30.00000,10.00000,5.00000,СМ,,,,544.60000,,,,,,Заказной,Петров И.В.,549125,ШТ,Заказной товар,МИР Инструмента ООО,0.00000,0.00000,a.savitskiy,,2026-03-23 13:40:48,,136.15000,272.30000,,,N,N,N,,False,0.20000,,,,,,0,ЭКС-000003420   ,2026-03-20 00:00:00,,,,,2.00000,1977880,2,,,,,,,,C,,Годен,,,
1996684,,WH1,321140,EKS000005758,656189,"Опрыскиватель ручной 1 л, с насосом Palisad",,,ЭКС,2.00000,ШТ,0.00000,ЭКС-000005758   ,,5961968.00000,,,0.22000,КГ,27.00000,17.00000,11.00000,СМ,,,,1141.00000,,,,,,Заказной,Петров И.В.,64736,ШТ,Заказной товар,МИР Инструмента ООО,0.00000,0.00000,a.savitskiy,,2026-03-23 13:40:08,,285.25000,570.50000,,,N,N,N,,False,0.44000,,,,,,0,ЭКС-000003420   ,2026-03-20 00:00:00,,,,,2.00000,1977881,2,,,,,,,,C,,Годен,,,
1996685,,WH1,321140,EKS000005758,623922,"Коронка BIMETAL, 51 мм. MATRIX",,,ЭКС,2.00000,ШТ,0.00000,ЭКС-000005758   ,,5961967.00000,,,0.10000,КГ,5.00000,5.00000,5.00000,СМ,,,,1079.84000,,,,,,Заказной,Петров И.В.,72451,ШТ,Заказной товар,МИР Инструмента ООО,0.00000,0.00000,a.savitskiy,,2026-03-23 13:36:14,,269.96000,539.92000,,,N,N,N,,False,0.20000,,,,,,0,ЭКС-000011744   ,2026-03-20 00:00:00,,,,,2.00000,1977882,2,,,,,,,,C,,Годен,,,
1996686,,WH1,321140,EKS000005758,883601,"Вороток, 115 мм, квадрат 1/4, CrV Stels",,,ЭКС,1.00000,ШТ,0.00000,ЭКС-000005758   ,,5961965.00000,,,0.05000,КГ,12.00000,2.50000,1.50000,СМ,,False,,102.70000,,,,,,Заказной,Петров И.В.,14011,ШТ,Заказной товар,МИР ИНСТРУМЕНТА ООО,0.00000,0.00000,a.savitskiy,,2026-03-23 13:46:37,,102.70000,102.70000,,,N,N,N,,False,0.05000,,,,,,0,ЭКС-000011841   ,2026-03-20 00:00:00,,,,,1.00000,1977883,2,,,,,,,,C,,Годен,,,
1996687,,WH1,321140,EKS000005758,882941,"Коронка BIMETAL, 114 мм.",,,ЭКС,2.00000,ШТ,0.00000,ЭКС-000005758   ,,5961973.00000,,,0.53000,КГ,12.50000,5.00000,15.00000,СМ,,False,,2253.56000,,,,,,Заказной,Петров И.В.,72495,ШТ,,МИР ИНСТРУМЕНТА ООО,0.00000,0.00000,a.savitskiy,,2026-03-23 13:45:04,,563.39000,1126.78000,,,N,N,N,,False,1.06000,,,,,,0,ЭКС-000011744   ,2026-03-20 00:00:00,,,,,2.00000,1977884,2,,,,,,,,C,,Годен,,,
1996688,,WH1,321141,EKS000005759,883625,"Провод ПуВнг(A)-LS 1х1,5",,,ЭКС,500.00000,М,0.00000,ЭКС-000005759   ,,5961974.00000,,,0.03000,КГ,100.00000,0.30000,0.30000,СМ,,False,,3915000.00000,,,,,,Заказной,Дунав М.И.,883625,М,Заказной товар,ЗАО Металлист ,0.00000,0.00000,a.savitskiy,,2026-03-23 13:52:59,,15.66000,7830.00000,,,Y,N,N,,False,15.00000,,,,,,0,ЭКС-000012185   ,2026-03-23 00:00:00,,,,,500.00000,1977885,1,,,,,,,,C,,Годен,,,
1996689,,WH1,321142,EKS000005760,464852,"Кабель ВВГнг(A)-LS 5х120 мс (N,РЕ)-1",,,ЭКС,92.00000,М,0.00000,ЭКС-000005760   ,,5961975.00000,,,7.27300,КГ,100.00000,4.80000,4.80000,СМ,,,,50298335.68000,48,,,,,Заказной,Лихушина Н.И.,55766,М,Заказной товар,Кабельный завод Кабэкс ОО,0.00000,0.00000,a.savitskiy,,2026-03-23 14:38:06,,5942.62000,546721.04000,,,Y,N,N,,False,669.11600,,,,,,0,ЭКС-000008405   ,2026-03-23 00:00:00,,,,,92.00000,1977886,1,,,01,,,,,C,,Годен,,,
1996690,,WH1,321143,EKS000005761,167118,"Провод ПВСнг(A)-LS 3х1,5",,,ЭКС,50.00000,М,0.00000,ЭКС-000005761   ,,5961976.00000,,,0.10000,КГ,100.00000,0.50000,0.50000,СМ,,,,142425.00000,,,,,,Заказной,Лихушина Н.И.,167118,М,Заказной товар,,0.00000,0.00000,a.savitskiy,RF,2026-03-23 14:32:33,,56.97000,2848.50000,,,Y,N,N,,False,5.00000,,,,,,0,ЭКС-000012133   ,2026-03-23 00:00:00,,,,,50.00000,1977887,1,,,01,,,,,C,,Годен,,,
1996691,,WH1,321144,TR-23/03/2026-06,0000,ТРАНЗИТ,,ИРКУТСК БАРАБАНЫ №3,ЭКС,1.00000,ГМ,0.00000,,,1.00000,4712-12-31 00:00:00,,1.00000,КГ,1.00000,1.00000,1.00000,СМ,СМ3,,,0.00000,,,,0,,,,,,,,0.00000,2.00000,r.sagaidak,,2026-03-23 13:50:29,,0.00000,0.00000,0,Y,Y,N,N,рц,,1.00000,,,рц,0.00000,,0,,2026-03-23 00:00:00,0.00000,0.00000,0.00000,0.00000,1.00000,,,,,,,,,,,,,,,0.00000
1996692,,WH1,321145,TR-23/03/2026-07,0000,ТРАНЗИТ,,ИРКУТСК БАРАБАНЫ №4,ЭКС,1.00000,ГМ,0.00000,,,1.00000,4712-12-31 00:00:00,,1.00000,КГ,1.00000,1.00000,1.00000,СМ,СМ3,,,0.00000,,,,0,,,,,,,,0.00000,2.00000,r.sagaidak,,2026-03-23 13:50:34,,0.00000,0.00000,0,Y,Y,N,N,рц,,1.00000,,,рц,0.00000,,0,,2026-03-23 00:00:00,0.00000,0.00000,0.00000,0.00000,1.00000,,,,,,,,,,,,,,,0.00000
1996693,,WH1,321146,TR-23/03/2026-08,0000,ТРАНЗИТ,,ИРКУТСК БАРАБАНЫ №5,ЭКС,1.00000,ГМ,0.00000,,,1.00000,4712-12-31 00:00:00,,1.00000,КГ,1.00000,1.00000,1.00000,СМ,СМ3,,,0.00000,,,,0,,,,,,,,0.00000,2.00000,r.sagaidak,,2026-03-23 13:50:38,,0.00000,0.00000,0,Y,Y,N,N,рц,,1.00000,,,рц,0.00000,,0,,2026-03-23 00:00:00,0.00000,0.00000,0.00000,0.00000,1.00000,,,,,,,,,,,,,,,0.00000
1996694,,WH1,321147,TR-23/03/2026-09,0000,ТРАНЗИТ,,ЭЛЕКТРИКА-7,ЭКС,1.00000,ГМ,0.00000,,,1.00000,4712-12-31 00:00:00,,1.00000,КГ,1.00000,1.00000,1.00000,СМ,СМ3,,,0.00000,,,,0,,,,,,,,0.00000,2.00000,r.sagaidak,,2026-03-23 13:50:42,,0.00000,0.00000,0,Y,Y,N,N,рц,,1.00000,,,рц,0.00000,,0,,2026-03-23 00:00:00,0.00000,0.00000,0.00000,0.00000,1.00000,,,,,,,,,,,,,,,0.00000
1996695,,WH1,321148,EKS000005762,874934,Пункт распределительный ПР-8-РУ (ЩС.3),,,ЭКС,1.00000,ШТ,0.00000,ЭКС-000005762   ,,5961979.00000,,,15.00000,КГ,61.00000,55.00000,15.00000,СМ,,False,,28061.70000,,,,,,Заказной,Иваненко П.В.,NI02032026123419200,ШТ,Заказной товар,НЭМЗ ИНЖИНИРИНГ ООО,0.00000,0.00000,n.bezrukov,,2026-03-23 14:07:11,,28061.70000,28061.70000,,,N,N,N,,False,15.00000,,,,,,0,ЭКС-000008873   ,2026-03-23 00:00:00,,,,,1.00000,1977888,2,,,,,,,,C,,Годен,,,
1996696,,WH1,321148,EKS000005762,874933,Пункт распределительный ПР-8-РУ (ЩС.2),,,ЭКС,1.00000,ШТ,0.00000,ЭКС-000005762   ,,5961978.00000,,,15.00000,КГ,61.00000,55.00000,15.00000,СМ,,False,,31935.37000,,,,,,Заказной,Иваненко П.В.,NI02032026123415107,ШТ,Заказной товар,НЭМЗ ИНЖИНИРИНГ ООО,0.00000,0.00000,n.bezrukov,,2026-03-23 14:07:00,,31935.37000,31935.37000,,,N,N,N,,False,15.00000,,,,,,0,ЭКС-000008873   ,2026-03-23 00:00:00,,,,,1.00000,1977889,2,,,,,,,,C,,Годен,,,
1996697,,WH1,321148,EKS000005762,874932,Пункт распределительный ПР-8-РУ (ЩС.1),,,ЭКС,1.00000,ШТ,0.00000,ЭКС-000005762   ,,5961977.00000,,,12.00000,КГ,55.00000,32.00000,14.00000,СМ,,False,,16850.34000,,,,,,Заказной,Иваненко П.В.,NI02032026123411450,ШТ,Заказной товар,НЭМЗ ИНЖИНИРИНГ ООО,0.00000,0.00000,n.bezrukov,,2026-03-23 14:07:38,,16850.34000,16850.34000,,,N,N,N,,False,12.00000,,,,,,0,ЭКС-000008873   ,2026-03-23 00:00:00,,,,,1.00000,1977890,2,,,,,,,,C,,Годен,,,
1996698,,WH1,321149,EKS000005763,866347,Ящик управления ЯУО 9602-3174 (IP66) НЭМЗ (ЩРн),,,ЭКС,1.00000,ШТ,0.00000,ЭКС-000005763   ,,5961981.00000,,,12.00000,КГ,50.00000,40.00000,24.00000,СМ,,False,,20971.40000,,,,,,Заказной,Иваненко П.В.,NI18022026145616433,ШТ,Заказной товар,НЭМЗ ИНЖИНИРИНГ ООО,0.00000,0.00000,n.bezrukov,,2026-03-23 14:07:32,,20971.40000,20971.40000,,,N,N,N,,False,12.00000,,,,,,0,ЭКС-000007159   ,2026-03-23 00:00:00,,,,,1.00000,1977891,2,,,,,,,,C,,Годен,,,
1996699,,WH1,321149,EKS000005763,866346,Пункт распределительный ПР-8-РУ (ЩР),,,ЭКС,1.00000,ШТ,0.00000,ЭКС-000005763   ,,5961980.00000,,,23.00000,КГ,66.00000,52.00000,23.00000,СМ,,False,,16753.83000,,,,,,Заказной,Иваненко П.В.,NI18022026145613790,ШТ,Заказной товар,НЭМЗ ИНЖИНИРИНГ ООО,0.00000,0.00000,n.bezrukov,,2026-03-23 14:07:21,,16753.83000,16753.83000,,,N,N,N,,False,23.00000,,,,,,0,ЭКС-000007159   ,2026-03-23 00:00:00,,,,,1.00000,1977892,2,,,,,,,,C,,Годен,,,
1996700,,WH1,321150,TR-23/03/2026-10,0000,ТРАНЗИТ,,ОМСК,ЭКС,1.00000,ГМ,0.00000,,,1.00000,4712-12-31 00:00:00,,1.00000,КГ,1.00000,1.00000,1.00000,СМ,СМ3,,,0.00000,,,,0,,,,,,,,0.00000,2.00000,r.sagaidak,,2026-03-23 14:03:38,,0.00000,0.00000,0,Y,Y,N,N,рц,,1.00000,,,рц,0.00000,,0,,2026-03-23 00:00:00,0.00000,0.00000,0.00000,0.00000,1.00000,,,,,,,,,,,,,,,0.00000
1996701,,WH1,321151,EKS000005764,729317,"Саморез ST 5,5х32 кровельный с шайбой (200)",,,ЭКС,1.00000,УП,0.00000,ЭКС-000005764   ,,5961985.00000,,,0.50000,КГ,12.00000,9.00000,8.00000,СМ,,,,157.34000,,,,,,Заказной,Петров И.В.,AB5105503232207,УП,Заказной товар,СИБИРЬ-ЗИТАР ООО,0.00000,0.00000,n.bezrukov,,2026-03-23 14:29:39,,157.34000,157.34000,,,N,N,N,,False,0.50000,,,,,,0,ЭКС-000011945   ,2026-03-23 00:00:00,,,,,1.00000,1977893,2,,,,,,,,C,,Годен,,,
1996702,,WH1,321151,EKS000005764,691979,"Диск отрезной по металлу 125х1,6х22 A 40 S BF 80 (14А БУ) ЛУГА /1/25/400/",,,ЭКС,50.00000,ШТ,0.00000,ЭКС-000005764   ,,5961990.00000,,,0.10000,КГ,12.00000,12.00000,0.20000,СМ,,,,37375.00000,,,,,,Заказной,Петров И.В.,D11001252216000,ШТ,Заказной товар,СИБИРЬ-ЗИТАР ООО,0.00000,0.00000,n.bezrukov,,2026-03-23 14:30:07,,14.95000,747.50000,,,N,N,N,,False,5.00000,,,,,,0,,2026-03-23 00:00:00,,,,,50.00000,1977894,2,,,,,,,,C,,Годен,,,
1996703,,WH1,321151,EKS000005764,679657,"Диск отрезной по металлу 125х1,0х22 A 54 S BF 80 (14А БУ) ЛУГА /1/25/400/",,,ЭКС,525.00000,ШТ,0.00000,ЭКС-000005764   ,,5961986.00000,,,0.10000,КГ,12.50000,12.50000,0.20000,СМ,,,,3687862.50000,,,,,,,Петров И.В.,D11001252210000,ШТ,Базовый,СИБИРЬ-ЗИТАР ООО,0.00000,0.00000,n.bezrukov,,2026-03-23 14:31:03,,13.38000,7024.50000,,,N,N,N,,False,52.50000,,,,,,0,,2026-03-23 00:00:00,,,,,525.00000,1977895,2,,,,,,,,B,,Годен,,,
1996704,,WH1,321151,EKS000005764,883817,Винтс полукруглой гол. и прессшайбой 6х30 (DIN967 РечМЗ 500шт),,,ЭКС,1.00000,УП,0.00000,ЭКС-000005764   ,,5961984.00000,,,4.22000,КГ,22.00000,14.00000,9.00000,СМ,,False,,459.84000,,,,,,Заказной,Петров И.В.,A18000603031005,УП,Заказной товар,СИБИРЬ-ЗИТАР ООО,0.00000,0.00000,n.bezrukov,,2026-03-23 14:32:21,,459.84000,459.84000,,,N,N,N,,False,4.22000,,,,,,0,ЭКС-000010546   ,2026-03-23 00:00:00,,,,,1.00000,1977896,2,,,,,,,,C,,Годен,,,
1996705,,WH1,321152,EKS000005765,524634,Выключатель авт. M06N ARMAT 1п 10А х-ка B AR-M06N-1-B010 ИЭК,,,ЭКС,23.00000,ШТ,0.00000,ЭКС-000005765   ,,5961992.00000,,,0.20000,КГ,8.00000,7.50000,1.50000,СМ,,,,202009.23000,,,,,,Катышев Александр Вячесла,Шаповалов П.Г.,AR-M06N-1-B010,ШТ,Базовый,ЭлектроОптТорг ООО,0.00000,0.00000,a.manokhin,,2026-03-23 15:07:59,,381.87000,8783.01000,,,N,N,N,,False,4.60000,,,,,,0,ЭКС-000010328   ,2026-03-23 00:00:00,,,,,23.00000,1977897,2,,,,,,,,C,,Годен,,,
1996706,,WH1,321153,EKS000005766,524634,Выключатель авт. M06N ARMAT 1п 10А х-ка B AR-M06N-1-B010 ИЭК,,,ЭКС,6.00000,ШТ,0.00000,ЭКС-000005766   ,,5961996.00000,,,0.20000,КГ,8.00000,7.50000,1.50000,СМ,,,,13767.84000,,,,,,Катышев Александр Вячесла,Шаповалов П.Г.,AR-M06N-1-B010,ШТ,Базовый,ЭлектроОптТорг ООО,0.00000,0.00000,a.manokhin,,2026-03-23 14:53:42,,382.44000,2294.64000,,,N,N,N,,False,1.20000,,,,,,0,ЭКС-000010328   ,2026-03-23 00:00:00,,,,,6.00000,1977898,2,,,,,,,,C,,Годен,,,
1996707,,WH1,321154,EKS000005767,742675,Блок контактов вспомогательный OptiStart MP-HS20,,,ЭКС,1.00000,ШТ,0.00000,ЭКС-000005767   ,,5961997.00000,,,0.10000,КГ,9.00000,8.00000,3.00000,СМ,,,,816.64000,,,,,,Заказной,Третьяков С.М.,116824,ШТ,Заказной товар,Курский электроаппаратный,0.00000,0.00000,a.manokhin,,2026-03-23 14:53:05,,816.64000,816.64000,,,N,N,N,,False,0.10000,,,,,,0,ЭКС-000010368   ,2026-03-23 00:00:00,,,,,1.00000,1977899,2,,,,,,,,C,,Годен,,,
1996708,,WH1,321155,EKS000005768,883535,Светильник светодиодный SLIM-38/MILKY 37Вт 5000К IP65 4800лм ДСП накладной/подвесной CSVT ЦБ00000920,,,ЭКС,80.00000,ШТ,0.00000,ЭКС-000005768   ,,5961999.00000,,,1.52000,КГ,120.00000,13.00000,7.00000,СМ,,False,,9654144.00000,,,,,,Заказной,Любаева С.В.,,ШТ,Прочее,ИП Постников Александр Ал,0.00000,0.00000,n.bezrukov,,2026-03-23 15:06:45,,1508.46000,120676.80000,,,N,N,N,,False,121.60000,,,,,,0,ЭКС-000012157   ,2026-03-23 00:00:00,,,,,80.00000,1977900,2,,,,,,,,C,,Годен,,,
1996709,,WH1,321156,EKS000005769,512918,DEKraft Автоматический выключатель 3Р 20А х-ка C ВА-103 6кА,,,ЭКС,13.00000,ШТ,0.00000,ЭКС-000005769   ,,5962006.00000,,,0.30000,КГ,8.00000,8.00000,6.00000,СМ,,,,134135.30000,,,,,,Заказной,Шаповалов П.Г.,12306DEK,ШТ,Заказной товар,СИСТЭМ ЭЛЕКТРИК АО (ранее,0.00000,0.00000,n.bezrukov,,2026-03-23 14:59:33,,793.70000,10318.10000,,,N,N,N,,False,3.90000,,,,,,0,ЭКС-000012147   ,2026-03-23 00:00:00,,,,,13.00000,1977901,2,,,,,,,,C,,Годен,,,
1996710,,WH1,321156,EKS000005769,502268,DEKraft Автоматический выключатель 3Р 10А х-ка C ВА-103 6кА,,,ЭКС,9.00000,ШТ,0.00000,ЭКС-000005769   ,,5962005.00000,,,0.20000,КГ,8.00000,7.00000,6.00000,СМ,,,,65048.67000,,,,,,Заказной,Шаповалов П.Г.,12303DEK,ШТ,Заказной товар,СИСТЭМ ЭЛЕКТРИК АО (ранее,0.00000,0.00000,n.bezrukov,,2026-03-23 14:58:45,,803.07000,7227.63000,,,N,N,N,,False,1.80000,,,,,,0,ЭКС-000012147   ,2026-03-23 00:00:00,,,,,9.00000,1977902,2,,,,,,,,C,,Годен,,,
1996711,,WH1,321156,EKS000005769,358496,Наконечник штыревой втулочный изолир. НШвИ 16-12 (КВТ),,,ЭКС,100.00000,ШТ,0.00000,ЭКС-000005769   ,,5962004.00000,,,0.01000,КГ,2.00000,1.00000,1.00000,СМ,,,,24100.00000,,,,,,Дортман Анна Павловна,Княжева Ю.В.,79452,ШТ,Базовый,Техэлектро-Сибирь ООО,0.00000,0.00000,n.bezrukov,,2026-03-23 15:00:27,,2.41000,241.00000,,,N,N,N,,False,1.00000,,,,,,0,ЭКС-000012106   ,2026-03-23 00:00:00,,,,,100.00000,1977903,2,,,,,,,,C,,Годен,,,
1996712,,WH1,321156,EKS000005769,307820,"Муфта 5ПКТп(б) мини - 2,5/10 (КВТ)",,,ЭКС,10.00000,ШТ,0.00000,ЭКС-000005769   ,,5962003.00000,,,0.15000,КГ,20.00000,15.00000,4.00000,СМ,,,,73388.00000,,,,,,Заказной,Гилета О.В.,74675,ШТ,Заказной товар,Техэлектро-Сибирь ООО,0.00000,0.00000,n.bezrukov,,2026-03-23 14:59:56,,733.88000,7338.80000,,,N,N,N,,False,1.50000,,,,,,0,ЭКС-000012114   ,2026-03-23 00:00:00,,,,,10.00000,1977904,2,,,,,,,,C,,Годен,,,
1996713,,WH1,321156,EKS000005769,238205,Наконечник медный луженый ТМЛс 120-10 (КВТ),,,ЭКС,4.00000,ШТ,0.00000,ЭКС-000005769   ,,5962002.00000,,,0.06000,КГ,7.00000,3.00000,2.00000,СМ,,,,3577.28000,,,,,,Дортман Анна Павловна,Княжева Ю.В.,65668,ШТ,Товар филиала,Техэлектро-Сибирь ООО,0.00000,0.00000,n.bezrukov,,2026-03-23 15:08:57,,223.58000,894.32000,,,N,N,N,,False,0.24000,,,,,,0,ЭКС-000012110   ,2026-03-23 00:00:00,,,,,4.00000,1977905,2,,,,,,,,C,,Годен,,,
1996714,,WH1,321156,EKS000005769,207156,Наконечник медный ТМ  16-8-6 (КВТ),,,ЭКС,50.00000,ШТ,0.00000,ЭКС-000005769,,5962001.00000,,,0.05000,КГ,3.00000,1.00000,0.50000,СМ,,,,75350.00000,,,,,,Дортман Анна Павловна,Княжева Ю.В.,43030,ШТ,Товар филиала,Техэлектро-Сибирь ООО,0.00000,0.00000,n.bezrukov,,2026-03-23 15:08:28,,30.14000,1507.00000,,Y,N,N,N,,False,2.50000,,,,,,0,ЭКС-000012106,2026-03-23 00:00:00,,,,,50.00000,1977906,2,,,,,,,,C,,Годен,,,
1996715,,WH1,321156,EKS000005769,154205,"Заглушка для К.К. ""Праймер"" 100х40",,,ЭКС,30.00000,ШТ,0.00000,ЭКС-000005769   ,,5962000.00000,,,0.05000,КГ,11.00000,6.00000,5.40000,СМ,,,,63378.00000,,,,,,Дортман Анна Павловна,Гилета О.В.,CKK-40D-Z-100-040-K01,ШТ,Товар РЦ,ЭлектроОптТорг ООО,0.00000,0.00000,n.bezrukov,,2026-03-23 14:57:41,,70.42000,2112.60000,,,N,N,N,,False,1.50000,,,,,,0,ЭКС-000011609   ,2026-03-23 00:00:00,,,,,30.00000,1977907,2,,,,,,,,C,,Годен,,,
1996716,,WH1,321156,EKS000005769,657523,"ВЫВОД КАБЕЛЯ, механизм, Atlasdesign Песочный",,,ЭКС,2.00000,ШТ,0.00000,ЭКС-000005769   ,,5962009.00000,,,0.10000,КГ,8.00000,8.00000,4.00000,СМ,,,,774.60000,,,,,,Дортман Анна Павловна,Куграшова О.В.,ATN001299,ШТ,Базовый,СИСТЭМ ЭЛЕКТРИК АО (ранее,0.00000,0.00000,n.bezrukov,,2026-03-23 15:02:24,,193.65000,387.30000,,,N,N,N,,False,0.20000,,,,,,0,ЭКС-000012277   ,2026-03-23 00:00:00,,,,,2.00000,1977908,2,,,,,,,,C,,Годен,,,
1996717,,WH1,321156,EKS000005769,657515,"Розетка компьютерная RJ45, кат. 5Е, механизм, Atlasdesign Песочный",,,ЭКС,5.00000,ШТ,0.00000,ЭКС-000005769   ,,5962008.00000,,,0.04000,КГ,7.00000,7.00000,4.00000,СМ,,,,16945.00000,,,,,,Дортман Анна Павловна,Куграшова О.В.,ATN001283,ШТ,Базовый,СИСТЭМ ЭЛЕКТРИК АО (ранее,0.00000,0.00000,n.bezrukov,,2026-03-23 14:59:18,,677.80000,3389.00000,,,N,N,N,,False,0.20000,,,,,,0,ЭКС-000012243   ,2026-03-23 00:00:00,,,,,5.00000,1977909,2,,,,,,,,C,,Годен,,,
1996718,,WH1,321156,EKS000005769,657480,"Рамка 5-пост, универсальная, Atlasdesign Песочный",,,ЭКС,4.00000,ШТ,0.00000,ЭКС-000005769   ,,5962007.00000,,,0.01000,КГ,37.00000,8.00000,0.50000,СМ,,,,5667.52000,,,,,,Дортман Анна Павловна,Куграшова О.В.,ATN001205,ШТ,Базовый,СИСТЭМ ЭЛЕКТРИК АО (ранее,0.00000,0.00000,n.bezrukov,,2026-03-23 14:58:16,,354.22000,1416.88000,,,N,N,N,,False,0.04000,,,,,,0,ЭКС-000012243   ,2026-03-23 00:00:00,,,,,4.00000,1977910,2,,,,,,,,C,,Годен,,,
1996719,,WH1,321157,EKS000005770,438610,"Контакт к ККТ-61,62  (ЭТ)",,,ЭКС,30.00000,ШТ,0.00000,ЭКС-000005770   ,,5962010.00000,,,0.01000,КГ,2.00000,2.00000,1.00000,СМ,,,,60291.00000,,,,,,Заказной,Третьяков С.М.,ET521367,ШТ,Заказной товар,ПО Электротехник ЗАО,0.00000,0.00000,n.bezrukov,,2026-03-23 15:09:26,,66.99000,2009.70000,,,N,N,N,,False,0.30000,,,,,,0,ЭКС-000009090   ,2026-03-23 00:00:00,,,,,30.00000,1977911,2,,,,,,,,C,,Годен,,,
1996720,,WH1,321158,EKS000005771,840882,Панель сд встраиваемая круглая RLP-VC 665WH 6Вт 230В 6500К 420Лм 95мм белая IP40 IN HOME,,,ЭКС,23.00000,ШТ,0.00000,ЭКС-000005771   ,,5962011.00000,,,0.02000,КГ,10.00000,10.00000,4.00000,СМ,,False,,30343.44000,,,,,,Заказной,Косова Т.В.,4690612024516,ШТ,Заказной товар,ИН ХОУМ  ООО,0.00000,0.00000,n.bezrukov,,2026-03-23 15:04:13,,57.36000,1319.28000,,,N,N,N,,False,0.46000,,,,,,0,ЭКС-000010828   ,2026-03-23 00:00:00,,,,,23.00000,1977912,2,,,,,,,,C,,Годен,,,
1996721,,WH1,321159,EKS000005772,745,Провод ВПП 6,,,ЭКС,210.00000,М,0.00000,ЭКС-000005772   ,,5962012.00000,,,0.08833,КГ,100.00000,1.50000,1.50000,СМ,,,,3419955.00000,,,,,,Заказной,Косолапова Л.В.,745,М,Заказной товар,Сибкабель АО,0.00000,0.00000,n.bezrukov,,2026-03-23 14:53:50,,77.55000,16285.50000,,,Y,N,N,,False,18.54930,,,,,,0,ЭКС-000011878   ,2026-03-23 00:00:00,,,,,210.00000,1977913,1,,,01,,,,,C,,Годен,,,
1996722,,WH1,321159,EKS000005772,69270,"Кабель ВБШвнг(A)-LS 5х10 ок(N,PE)-1",,,ЭКС,300.00000,М,0.00000,ЭКС-000005772   ,,5962013.00000,,,1.10100,КГ,100.00000,2.17000,2.17000,СМ,,,,49930200.00000,21.7,,,,,Заказной,Лихушина Н.И.,ТХМ00135926,М,Заказной товар,Кабельный завод Кабэкс ОО,0.00000,0.00000,n.bezrukov,,2026-03-23 15:16:23,,554.78000,166434.00000,,,Y,N,N,,False,330.30000,,,,,,0,ЭКС-000012172   ,2026-03-23 00:00:00,,,,,300.00000,1977914,1,,,01,,,,,C,,Годен,,,
1996723,,WH1,321159,EKS000005772,150538,"Кабель КВВГЭнг(A)-LS 4х0,75",,,ЭКС,160.00000,М,0.00000,ЭКС-000005772   ,,5962014.00000,,,0.14800,КГ,100.00000,1.01000,1.01000,СМ,,,,1104896.00000,10.1,,,,,Коробейников Николай Алек,Козлова М.А.,ТХМ00382607,М,Товар РЦ,Металлист ЗАО,0.00000,0.00000,n.bezrukov,,2026-03-23 14:54:57,,43.16000,6905.60000,,,Y,N,N,,False,23.68000,,,,,,0,ЭКС-000012047   ,2026-03-23 00:00:00,,,,,160.00000,1977915,1,,,01,,,,,C,,Годен,,,
1996724,,WH1,321159,EKS000005772,196260,"Кабель КВБбШвнг(А)-LS 4х1,0",,,ЭКС,170.00000,М,0.00000,ЭКС-000005772   ,,5962015.00000,,,0.36300,КГ,100.00000,1.41000,1.41000,СМ,,,,1892372.00000,14.1,,,,,Заказной,Козлова М.А.,196260,М,Заказной товар,,0.00000,0.00000,n.bezrukov,,2026-03-23 14:55:39,,65.48000,11131.60000,,,Y,N,N,,False,61.71000,,,,,,0,ЭКС-000011982   ,2026-03-23 00:00:00,,,,,170.00000,1977916,1,,,01,,,,,C,,Годен,,,
1996725,,WH1,321159,EKS000005772,755204,Кабель АВВГнг(А)-LS 4х185 мс (N)-1,,,ЭКС,53.00000,М,0.00000,ЭКС-000005772   ,,5962016.00000,,,4.16400,КГ,100.00000,5.12000,5.12000,СМ,,,,2518437.04000,51.2,,,,,AABL,Лихушина Н.И.,00-00137762,М,Товар РЦ,ООО Алтайский кабельный з,0.00000,0.00000,n.bezrukov,,2026-03-23 15:14:19,,896.56000,47517.68000,,,Y,N,N,,False,220.69200,,,,,,0,ЭКС-000012169   ,2026-03-23 00:00:00,,,,,53.00000,1977917,1,,,01,,,,,C,,Годен,,,
1996726,,WH1,321159,EKS000005772,849236,"Кабель ВВГнг(A)-LS-LTx 5х2,5 ок(N,PE)-0,66",,,ЭКС,50.00000,М,0.00000,ЭКС-000005772   ,,5962017.00000,,,0.10000,КГ,100.00000,1.00000,1.00000,СМ,,False,,336050.00000,,,,,,Заказной,Лихушина Н.И.,,М,Заказной товар,Кабельный завод Кабэкс ОО,0.00000,0.00000,n.bezrukov,,2026-03-23 14:54:24,,134.42000,6721.00000,,,Y,N,N,,False,5.00000,,,,,,0,ЭКС-000012134   ,2026-03-23 00:00:00,,,,,50.00000,1977918,1,,,01,,,,,C,,Годен,,,
1996727,,WH1,321160,EKS000005773,305570,Кабель ВБШвнг(А)-LS 4x35-1,,,ЭКС,85.00000,М,0.00000,ЭКС-000005773   ,,5962018.00000,,,0.60000,КГ,100.00000,2.00000,2.00000,СМ,,,,9209274.00000,,,,,,Заказной,Лихушина Н.И.,,М,Заказной товар,Томсккабель ООО (Общество,0.00000,0.00000,n.bezrukov,,2026-03-23 15:15:27,,1274.64000,108344.40000,,,Y,N,N,,False,51.00000,,,,,,0,ЭКС-000011982   ,2026-03-20 00:00:00,,,,,85.00000,1977919,1,,,01,,,,,C,,Годен,,,
1996728,,WH1,321161,EKS000005774,167548,"Кабель ППГнг(A)-HF 5х240 мс (N,PE)-1",,,ЭКС,6.00000,М,0.00000,ЭКС-000005774   ,,5962019.00000,,,13.55600,КГ,100.00000,6.11000,6.11000,СМ,,,,665409.96000,61.1,,,,,Заказной,Лихушина Н.И.,167548,М,Заказной товар,,0.00000,0.00000,a.manokhin,,2026-03-23 14:55:30,,18483.61000,110901.66000,,,Y,N,N,,False,81.33600,,,,,,0,ЭКС-000009912   ,2026-03-16 00:00:00,,,,,6.00000,1977920,1,,,01,,,,,C,,Годен,,,
1996729,,WH1,321162,EKS000005775,857139,Светильник настенно-потолочный спот Belladonna 7073-701 1хGU10 15Вт поворотный с выключателем,,,ЭКС,1.00000,ШТ,0.00000,ЭКС-000005775   ,,5962023.00000,,,0.43000,КГ,17.00000,15.00000,10.50000,СМ,,False,,544.50000,,,,,,,Косова Т.В.,Б0057930,ШТ,Товар филиала,Орион ООО   (ЭРА) новый (,0.00000,0.00000,a.savitskiy,,2026-03-23 15:20:01,,544.50000,544.50000,,,N,N,N,,False,0.43000,,,,,,0,ЭКС-000012236   ,2026-03-23 00:00:00,,,,,1.00000,1977921,2,,,,,,,,C,,Годен,,,
1996730,,WH1,321162,EKS000005775,808110,"ЭРА GU5.3-MR16-35W-12V-CL (галоген, софит, 35Вт, нейтр, GU5.3)",,,ЭКС,6.00000,ШТ,0.00000,ЭКС-000005775   ,,5962022.00000,,,0.01000,КГ,5.00000,5.00000,5.00000,СМ,,False,,1476.00000,,,,,,,Косова Т.В.,C0027355,ШТ,Товар филиала,Орион ООО   (ЭРА) новый (,0.00000,0.00000,a.savitskiy,,2026-03-23 15:06:56,,41.00000,246.00000,,,N,N,N,,False,0.06000,,,,,,0,ЭКС-000012195   ,2026-03-23 00:00:00,,,,,6.00000,1977922,2,,,,,,,,C,,Годен,,,
1996731,,WH1,321162,EKS000005775,365383,SPB-6 Brilliance R 70 ЭРА Светодиод. св-к 70Вт 3000-6500К 5950 Лм с пультом ДУ  500x77 мм (6/24),,,ЭКС,5.00000,ШТ,0.00000,ЭКС-000005775   ,,5962025.00000,,,2.00000,КГ,53.00000,53.00000,10.00000,СМ,,False,,26162.50000,,,,,,Логунов Владимир Александ,Косова Т.В.,Б0036369,ШТ,Товар филиала,Орион ООО   (ЭРА) новый (,0.00000,0.00000,a.savitskiy,,2026-03-23 14:59:27,,1046.50000,5232.50000,,,N,N,N,,False,10.00000,,,,,,0,ЭКС-000012230   ,2026-03-23 00:00:00,,,,,5.00000,1977923,2,,,,,,,,C,,Годен,,,
1996732,,WH1,321162,EKS000005775,864172,Светильник настенный Grace 6186-702 LED 15Вт 3000К чёрный светодиодный,,,ЭКС,1.00000,ШТ,0.00000,ЭКС-000005775   ,,5962024.00000,,,0.76000,КГ,95.00000,8.00000,8.00000,СМ,,False,,812.00000,,,,,,,Косова Т.В.,Б0068433,ШТ,Товар филиала,Орион ООО   (ЭРА) новый (,0.00000,0.00000,a.savitskiy,,2026-03-23 15:18:37,,812.00000,812.00000,,,N,N,N,,False,0.76000,,,,,,0,ЭКС-000012236   ,2026-03-23 00:00:00,,,,,1.00000,1977924,2,,,,,,,,C,,Годен,,,
1996733,,WH1,321163,EKS000005776,357698,"Удлинитель U-3es-5m  ЭРА с заземл, 3x1мм2, 16A, ПВС, с выкл, 3гн, 5м",,,ЭКС,3.00000,ШТ,0.00000,ЭКС-000005776   ,,5962037.00000,,,0.40000,КГ,25.00000,13.00000,7.00000,СМ,,,,3879.00000,,,,,,Дортман Анна Павловна,Княжева Ю.В.,Б0028379,ШТ,Базовый,Орион ООО   (ЭРА) новый,0.00000,0.00000,a.savitskiy,,2026-03-23 15:01:30,,431.00000,1293.00000,,,N,N,N,,False,1.20000,,,,,,0,ЭКС-000012111   ,2026-03-23 00:00:00,,,,,3.00000,1977925,2,,,,,,,,C,,Годен,,,
1996734,,WH1,321163,EKS000005776,333532,Элемент питания AAA алкалин LR03 (мизин.) Kodak ULTRA DIGITAL BL- 4 (K3A-4 U) (упаковка 4шт,,,ЭКС,55.00000,УП,0.00000,ЭКС-000005776   ,,5962031.00000,,,0.05000,КГ,10.00000,8.00000,1.00000,СМ,,,,405350.00000,,,,,,Дортман Анна Павловна,Княжева Ю.В.,Б0005128_4шт,УП,Базовый,Орион ООО   (ЭРА) новый,0.00000,0.00000,a.savitskiy,,2026-03-23 15:05:22,,134.00000,7370.00000,,,N,N,N,,False,2.75000,,,,,,0,,2026-03-23 00:00:00,,,,,55.00000,1977926,2,,,,,,,,C,,Годен,,,
1996735,,WH1,321163,EKS000005776,326578,"Удлинитель c заземлением, 3х1мм2, 16А, ПВС, 5гн, 5м ЭРА U-5e-5m",,,ЭКС,2.00000,ШТ,0.00000,ЭКС-000005776   ,,5962036.00000,,,0.80000,КГ,30.00000,11.00000,6.00000,СМ,,,,1844.00000,,,,,,Дортман Анна Павловна,Княжева Ю.В.,Б0028377,ШТ,Товар филиала,Орион ООО   (ЭРА) новый,0.00000,0.00000,a.savitskiy,,2026-03-23 15:01:06,,461.00000,922.00000,,,N,N,N,,False,1.60000,,,,,,0,ЭКС-000012111   ,2026-03-23 00:00:00,,,,,2.00000,1977927,2,,,,,,,,C,,Годен,,,
1996736,,WH1,321163,EKS000005776,322564,Элемент питания Крона солевая 6F22 EXTRA HEAVY DUTY Kodak 1BL (K9VHZ-1B),,,ЭКС,80.00000,ШТ,0.00000,ЭКС-000005776   ,,5962032.00000,,,0.05000,КГ,12.00000,8.00000,2.00000,СМ,,,,304000.00000,,,,,,Дортман Анна Павловна,Княжева Ю.В.,Б0005137,ШТ,Базовый,Орион ООО   (ЭРА) новый,0.00000,0.00000,a.savitskiy,,2026-03-23 15:11:58,,47.50000,3800.00000,,,N,N,N,,False,4.00000,,,,,,0,,2026-03-23 00:00:00,,,,,80.00000,1977928,2,,,,,,,,A,,Годен,,,
1996737,,WH1,321163,EKS000005776,322563,Элемент питания 23A/LR23A/3LR50 Kodak 23A-1BL (K23A-1),,,ЭКС,40.00000,ШТ,0.00000,ЭКС-000005776   ,,5962033.00000,,,0.02000,КГ,5.00000,5.00000,1.00000,СМ,,,,56800.00000,,,,,,Дортман Анна Павловна,Княжева Ю.В.,Б0017778,ШТ,Базовый,Орион ООО   (ЭРА) новый,0.00000,0.00000,a.savitskiy,,2026-03-23 15:10:09,,35.50000,1420.00000,,,N,N,N,,False,0.80000,,,,,,0,,2026-03-23 00:00:00,,,,,40.00000,1977929,2,,,,,,,,C,,Годен,,,
1996738,,WH1,321163,EKS000005776,313939,Элемент питания AA алкалин Kodak LR6-60 (4S) XTRALIFE colour box (KAA-60) (цена за 1шт),,,ЭКС,1260.00000,ШТ,0.00000,ЭКС-000005776   ,,5962034.00000,,,0.02250,КГ,5.00000,1.00000,1.00000,СМ,,,,25401600.00000,,,,,,Дортман Анна Павловна,Княжева Ю.В.,Б0029222,ШТ,Суперсклад,Орион ООО   (ЭРА) новый,0.00000,0.00000,a.savitskiy,,2026-03-23 15:36:37,,16.00000,20160.00000,,,N,N,N,,False,28.35000,,,,,,0,,2026-03-23 00:00:00,,,,,1260.00000,1977930,2,,,,,,,,A,,Годен,,,
1996739,,WH1,321163,EKS000005776,263438,Элемент питания AA алкалин Трофи LR6-4BL (4 штуки в упаковке),,,ЭКС,50.00000,УП,0.00000,ЭКС-000005776   ,,5962026.00000,,,0.70000,КГ,12.00000,8.00000,1.50000,СМ,,,,145000.00000,,,,,,Дортман Анна Павловна,Княжева Ю.В.,C0034657_4шт,УП,Базовый,Орион ООО   (ЭРА) новый,0.00000,0.00000,a.savitskiy,,2026-03-23 15:06:12,,58.00000,2900.00000,,,N,N,N,,False,35.00000,,,,,,0,,2026-03-23 00:00:00,,,,,50.00000,1977931,2,,,,,,,,C,,Годен,,,
1996740,,WH1,321163,EKS000005776,765199,Элемент питания AAA алкалин Duracell LR03-4BL BASIC (4шт в упаковке),,,ЭКС,120.00000,УП,0.00000,ЭКС-000005776   ,,5962035.00000,,,0.03000,КГ,12.00000,8.00000,1.00000,СМ,,,,3686400.00000,,,,,,,Княжева Ю.В.,Б0014046_4шт,УП,Суперсклад,Орион ООО   (ЭРА) новый,0.00000,0.00000,a.savitskiy,,2026-03-23 15:14:38,,256.00000,30720.00000,,,N,N,N,,False,3.60000,,,,,,0,,2026-03-23 00:00:00,,,,,120.00000,1977932,2,,,,,,,,C,,Годен,,,
1996741,,WH1,321163,EKS000005776,673966,Разветвитель электрический SPx-2-W на 2 розетки без заземления 10А белый ЭРА,,,ЭКС,4.00000,ШТ,0.00000,ЭКС-000005776   ,,5962030.00000,,,0.15000,КГ,9.00000,8.00000,5.00000,СМ,,,,1448.00000,,,,,,Акулинский Петр Иванович,Княжева Ю.В.,Б0053480,ШТ,Товар филиала,Орион ООО   (ЭРА) новый (,0.00000,0.00000,a.savitskiy,,2026-03-23 15:04:43,,90.50000,362.00000,,,N,N,N,,False,0.60000,,,,,,0,ЭКС-000012111   ,2026-03-23 00:00:00,,,,,4.00000,1977933,2,,,,,,,,C,,Годен,,,
1996742,,WH1,321163,EKS000005776,464615,Удлинитель силовой на рамке б/з 1 гн 10м ПВС 2x0.75  UFx-1-2x0.75-10m-IP44 ЭРА,,,ЭКС,2.00000,ШТ,0.00000,ЭКС-000005776   ,,5962029.00000,,,0.40000,КГ,39.00000,14.00000,8.00000,СМ,,,,1838.00000,,,,,,Заказной,Княжева Ю.В.,Б0046820,ШТ,Заказной товар,Орион ООО   (ЭРА) новый,0.00000,0.00000,a.savitskiy,,2026-03-23 15:06:33,,459.50000,919.00000,,,N,N,N,,False,0.80000,,,,,,0,ЭКС-000012111   ,2026-03-23 00:00:00,,,,,2.00000,1977934,2,,,,,,,,C,,Годен,,,
1996743,,WH1,321163,EKS000005776,420368,Вилка каучуковая с/з 90град 16A IP44 черная V9-B-IP44 ЭРА,,,ЭКС,1.00000,ШТ,0.00000,ЭКС-000005776   ,,5962027.00000,,,0.01000,КГ,7.00000,3.00000,3.00000,СМ,,,,104.00000,,,,,,Дортман Анна Павловна,Княжева Ю.В.,Б0044542,ШТ,Товар филиала,Орион ООО   (ЭРА) новый,0.00000,0.00000,a.savitskiy,,2026-03-23 15:04:28,,104.00000,104.00000,,,N,N,N,,False,0.01000,,,,,,0,ЭКС-000012075   ,2026-03-23 00:00:00,,,,,1.00000,1977935,2,,,,,,,,C,,Годен,,,
1996744,,WH1,321163,EKS000005776,400186,Вилка IP44 каучук c/з 16A красная V8-RED-IP44 (30/300)  ЭРА,,,ЭКС,15.00000,ШТ,0.00000,ЭКС-000005776   ,,5962028.00000,,,0.20000,КГ,12.00000,5.00000,5.00000,СМ,,,,22162.50000,,,,,,Дортман Анна Павловна,Княжева Ю.В.,Б0044547,ШТ,Базовый,Орион ООО   (ЭРА) новый,0.00000,0.00000,a.savitskiy,,2026-03-23 15:04:07,,98.50000,1477.50000,,,N,N,N,,False,3.00000,,,,,,0,ЭКС-000012111   ,2026-03-23 00:00:00,,,,,15.00000,1977936,2,,,,,,,,C,,Годен,,,
1996745,,WH1,321164,EKS000005777,856017,Клемма NO-225-423 универсальная 222-415 с рычагами 5-проводная 0.08-2.5/4 мм2,,,ЭКС,5.00000,УП,0.00000,ЭКС-000005777   ,,5962040.00000,,,0.00100,КГ,8.00000,4.00000,2.00000,СМ,,False,,700.00000,,,,,,Заказной,Феденькова Д.Ю.,Б0067931,УП,Заказной товар,Орион ООО   (ЭРА) новый (,0.00000,0.00000,a.savitskiy,,2026-03-23 15:17:04,,28.00000,140.00000,,,N,N,N,,False,0.00500,,,,,,0,ЭКС-000012075   ,2026-03-23 00:00:00,,,,,5.00000,1977937,2,,,,,,,,C,,Годен,,,
1996746,,WH1,321164,EKS000005777,842961,Изолятор ступенчатый шинный NO-224-162 ИС4-50 (М10) с болтами 15кВ,,,ЭКС,2.00000,ШТ,0.00000,ЭКС-000005777   ,,5962039.00000,,,1.20000,КГ,22.00000,21.50000,3.50000,СМ,,False,,2380.00000,,,,,,Заказной,Феденькова Д.Ю.,Б0065685,ШТ,Заказной товар,Орион ООО   (ЭРА) новый (,0.00000,0.00000,a.savitskiy,,2026-03-23 15:15:23,,595.00000,1190.00000,,,N,N,N,,False,2.40000,,,,,,0,ЭКС-000012106   ,2026-03-23 00:00:00,,,,,2.00000,1977938,2,,,,,,,,C,,Годен,,,
1996747,,WH1,321164,EKS000005777,625042,Корпус навес (500х400х220) ЩМПг-2-0 IP54 У2,,,ЭКС,2.00000,ШТ,0.00000,ЭКС-000005777   ,,5962038.00000,,,8.00000,КГ,50.00000,40.00000,23.00000,СМ,,,,10724.00000,,,,,,Акулинский Петр Иванович,Феденькова Д.Ю.,Б0057149,ШТ,Товар филиала,Орион ООО   (ЭРА) новый,0.00000,0.00000,a.savitskiy,,2026-03-23 14:58:30,,2681.00000,5362.00000,,,N,N,N,,False,16.00000,,,,,,0,ЭКС-000012201   ,2026-03-23 00:00:00,,,,,2.00000,1977939,2,,,,,,,,C,,Годен,,,
1996748,,WH1,321165,EKS000005778,795306,Светильник LED SPP-504-0-50K-070 70Вт 7000лм 5000К КСС Д черный 3 года IP65 306х150х37мм D48 ЭРА,,,ЭКС,6.00000,ШТ,0.00000,ЭКС-000005778   ,,5962042.00000,,,0.70000,КГ,31.00000,16.00000,4.00000,СМ,,False,,22860.00000,,,,,,Заказной,Колупаев В.Г.,Б0062696,ШТ,Заказной товар,Орион ООО   (ЭРА) новый (,0.00000,0.00000,a.savitskiy,,2026-03-23 15:13:33,,635.00000,3810.00000,,,N,N,N,,False,4.20000,,,,,,0,ЭКС-000012117   ,2026-03-23 00:00:00,,,,,6.00000,1977940,2,,,,,,,,C,,Годен,,,
1996749,,WH1,321165,EKS000005778,535689,ЭРА Светильник переносной WLX-10m под лампу E27 60Вт 10м IP20,,,ЭКС,2.00000,ШТ,0.00000,ЭКС-000005778   ,,5962041.00000,,,0.40000,КГ,35.00000,10.00000,10.00000,СМ,,,,1448.00000,,,,,,Заказной,Колупаев В.Г.,Б0052914,ШТ,Заказной товар,Орион ООО   (ЭРА) новый,0.00000,0.00000,a.savitskiy,,2026-03-23 15:13:51,,362.00000,724.00000,,,N,N,N,,False,0.80000,,,,,,0,ЭКС-000012111   ,2026-03-23 00:00:00,,,,,2.00000,1977941,2,,,,,,,,C,,Годен,,,
1996750,,WH1,321166,EKS000005779,308177,Изолента ПВХ 15мм х 10м Разноцветная ЭРА Набор 5 цветов 43966/43959 (цена за 1 шт),,,ЭКС,25.00000,ШТ,0.00000,ЭКС-000005779   ,,5962043.00000,,,0.10000,КГ,5.00000,5.00000,1.00000,СМ,,,,9687.50000,,,,,,Заказной,Петров И.В.,C0038781,ШТ,Заказной товар,Орион ООО   (ЭРА) новый,0.00000,0.00000,a.savitskiy,,2026-03-23 15:11:37,,15.50000,387.50000,,,N,N,N,,False,2.50000,,,,,,0,ЭКС-000012172   ,2026-03-23 00:00:00,,,,,25.00000,1977942,2,,,,,,,,C,,Годен,,,
1996751,,WH1,321167,EKS000005780,469249,ЭРА SPP-AC2-0-230-048 Кронштейн для уличного светильника с перемен углом 230x150x120  d48mm,,,ЭКС,25.00000,ШТ,0.00000,ЭКС-000005780   ,,5962044.00000,,,1.30000,КГ,26.00000,15.00000,5.00000,СМ,,False,,168750.00000,,,,,,Заказной,Колупаев В.Г.,Б0047649,ШТ,Заказной товар,Орион ООО   (ЭРА) новый (,0.00000,0.00000,a.savitskiy,,2026-03-23 15:12:53,,270.00000,6750.00000,,,N,N,N,,False,32.50000,,,,,,0,ЭКС-000012137   ,2026-03-23 00:00:00,,,,,25.00000,1977943,2,,,,,,,,C,,Годен,,,
1996752,,WH1,321168,EKS000005781,804096,Светильник LED SPP-31-36-6K-M 36Вт 6500К 3780Лм 1170x50x32мм матовый IP65 ЭРА,,,ЭКС,500.00000,ШТ,0.00000,ЭКС-000005781   ,,5962045.00000,,,0.20000,КГ,120.00000,6.00000,4.00000,СМ,,False,,100462500.00000,,,,,,,Колупаев В.Г.,Б0065362,ШТ,Базовый,Орион ООО   (ЭРА) новый (,0.00000,0.00000,a.savitskiy,,2026-03-23 15:21:56,,401.85000,200925.00000,,,N,N,N,,False,100.00000,,,,,,0,,2026-03-23 00:00:00,,,,,500.00000,1977944,2,,,,,,,,C,,Годен,,,
1996753,,WH1,321169,TR-23/03/2026-11,0000,ТРАНЗИТ,,ИЭК БАРНАУЛ,ЭКС,1.00000,ГМ,0.00000,,,1.00000,4712-12-31 00:00:00,,1.00000,КГ,1.00000,1.00000,1.00000,СМ,СМ3,,,0.00000,,,,0,,,,,,,,0.00000,2.00000,r.sagaidak,,2026-03-23 15:33:52,,0.00000,0.00000,0,Y,Y,N,N,рц,,1.00000,,,рц,0.00000,,0,,2026-03-23 00:00:00,0.00000,0.00000,0.00000,0.00000,1.00000,,,,,,,,,,,,,,,0.00000
1996754,,WH1,321170,EKS000005782,2119,Труба  ПВХ  d32 гибкая лёгкая с протяжкой ( 25 м) ДКС цвет серый 91932,,,ЭКС,500.00000,М,0.00000,ЭКС-000005782   ,,5962057.00000,,,0.10700,КГ,100.00000,3.20000,3.20000,СМ,,False,,7800000.00000,,3917320009,,,,Дортман Анна Павловна,Гилета О.В.,91932,М,Базовый,Диэлектрические кабельные,0.00000,0.00000,a.manokhin,,2026-03-23 15:46:05,,31.20000,15600.00000,,,Y,N,N,,False,53.50000,,,,,,0,,2026-03-27 00:00:00,,,,,500.00000,1977945,1,,,,,,,Gofra_BIG,A,,Годен,,,
1996755,,WH1,321170,EKS000005782,360422,"Рамка-суппорт Avanti белый для ""In-liner Front"" 2мод. 4400912",,,ЭКС,30.00000,ШТ,0.00000,ЭКС-000005782   ,,5962053.00000,,,0.01000,КГ,6.00000,6.00000,2.00000,СМ,,,,195282.00000,,,,,,Акулинский Петр Иванович,Гилета О.В.,4400912,ШТ,Товар РЦ,Диэлектрические кабельные,0.00000,0.00000,a.manokhin,,2026-03-23 16:02:03,,216.98000,6509.40000,,,N,N,N,,False,0.30000,,,,,,0,,2026-03-27 00:00:00,,,,,30.00000,1977946,2,,,,,,,,C,,Годен,,,
1996756,,WH1,321170,EKS000005782,355807,"Рамка-суппорт Avanti белый для ""In-liner Front"" 6 мод. 4400916",,,ЭКС,13.00000,ШТ,0.00000,ЭКС-000005782   ,,5962055.00000,,,0.01000,КГ,19.00000,7.00000,2.00000,СМ,,,,51335.44000,,,,,,Дортман Анна Павловна,Гилета О.В.,4400916,ШТ,Товар РЦ,Диэлектрические кабельные,0.00000,0.00000,a.manokhin,,2026-03-23 16:01:00,,303.76000,3948.88000,,,N,N,N,,False,0.13000,,,,,,0,,2026-03-27 00:00:00,,,,,13.00000,1977947,2,,,,,,,,C,,Годен,,,
1996757,,WH1,321170,EKS000005782,355806,"Рамка-суппорт Avanti белый для ""In-liner Front"" 4мод. 4400914",,,ЭКС,18.00000,ШТ,0.00000,ЭКС-000005782   ,,5962054.00000,,,0.01000,КГ,13.00000,7.00000,2.00000,СМ,,,,84359.88000,,,,,,Дортман Анна Павловна,Гилета О.В.,4400914,ШТ,Товар РЦ,Диэлектрические кабельные,0.00000,0.00000,a.manokhin,,2026-03-23 16:02:18,,260.37000,4686.66000,,,N,N,N,,False,0.18000,,,,,,0,,2026-03-27 00:00:00,,,,,18.00000,1977948,2,,,,,,,,C,,Годен,,,
1996758,,WH1,321170,EKS000005782,355801,"Розетка модульная 2P+E, с з/ш, Avanti  ""Белое облако"" 2 мод",,,ЭКС,50.00000,ШТ,0.00000,ЭКС-000005782   ,,5962052.00000,,,0.10000,КГ,4.00000,4.00000,4.00000,СМ,,,,455650.00000,,,,,,Дортман Анна Павловна,Гилета О.В.,4400002,ШТ,Товар РЦ,Диэлектрические кабельные,0.00000,0.00000,a.manokhin,,2026-03-23 15:59:08,,182.26000,9113.00000,,,N,N,N,,False,5.00000,,,,,,0,,2026-03-27 00:00:00,,,,,50.00000,1977949,2,,,,,,,,C,,Годен,,,
1996759,,WH1,321170,EKS000005782,290586,"Держатель-клипса для монтажного пистолета, д.20мм, серый",,,ЭКС,10000.00000,ШТ,0.00000,ЭКС-000005782   ,,5962056.00000,,,0.01000,КГ,2.50000,2.50000,1.00000,СМ,,,,313000000.00000,,,,,,Дортман Анна Павловна,Гилета О.В.,51020M,ШТ,Базовый,Диэлектрические кабельные,0.00000,0.00000,a.manokhin,,2026-03-23 16:00:41,,3.13000,31300.00000,,,N,N,N,,False,100.00000,,,,,,0,,2026-03-27 00:00:00,,,,,10000.00000,1977950,2,,,,,,,,A,,Годен,,,
1996760,,WH1,321170,EKS000005782,159539,"Башенка напольная BUS, 12 мод., черная RAL7016 09090",,,ЭКС,2.00000,ШТ,0.00000,ЭКС-000005782   ,,5962049.00000,,,0.50000,КГ,22.00000,13.00000,12.00000,СМ,,,,8318.56000,,,,,,Дортман Анна Павловна,Гилета О.В.,09090,ШТ,Товар РЦ,Диэлектрические кабельные,0.00000,0.00000,a.manokhin,,2026-03-23 16:01:27,,2079.64000,4159.28000,,,N,N,N,,False,1.00000,,,,,,0,,2026-03-27 00:00:00,,,,,2.00000,1977951,2,,,,,,,,C,,Годен,,,
1996761,,WH1,321170,EKS000005782,632571,"Хомут P6.6 стандартный, черный 3,6х300 25310SR_уп (уп.100шт)",,,ЭКС,200.00000,УП,0.00000,ЭКС-000005782   ,,5962051.00000,,,0.10000,КГ,30.00000,10.00000,1.00000,СМ,,,,7360000.00000,,,,,,Дортман Анна Павловна,Гилета О.В.,25310SR_уп100шт,УП,Базовый,Диэлектрические кабельные,0.00000,0.00000,a.manokhin,,2026-03-23 15:56:34,,184.00000,36800.00000,,,N,N,N,,False,20.00000,,,,,,0,,2026-03-27 00:00:00,,,,,200.00000,1977952,2,,,,,,,,A,,Годен,,,
1996762,,WH1,321170,EKS000005782,630132,"Хомут P6.6 стандартный, белый 2,5х100 25203SR_уп100шт",,,ЭКС,5.00000,УП,0.00000,ЭКС-000005782   ,,5962050.00000,,,0.05000,КГ,10.00000,8.00000,1.00000,СМ,,,,875.00000,,,,,,Дортман Анна Павловна,Гилета О.В.,25203SR_уп100шт,УП,Товар РЦ,Диэлектрические кабельные,0.00000,0.00000,a.manokhin,,2026-03-23 16:02:33,,35.00000,175.00000,,,N,N,N,,False,0.25000,,,,,,0,,2026-03-27 00:00:00,,,,,5.00000,1977953,2,,,,,,,,C,,Годен,,,
1996763,,WH1,321171,EKS000005783,295010,"Наконечник кольцевой под винт, 16мм.кв. винт 10мм. 2e10",,,ЭКС,200.00000,ШТ,0.00000,ЭКС-000005783   ,,5962074.00000,,,0.00450,КГ,4.00000,1.50000,1.00000,СМ,,,,688800.00000,,,,,,Заказной,Княжева Ю.В.,2E10,ШТ,Заказной товар,Диэлектрические кабельные,0.00000,0.00000,a.manokhin,,2026-03-23 15:39:39,,17.22000,3444.00000,,,N,N,N,,False,0.90000,,,,,,0,ЭКС-000012219   ,2026-03-27 00:00:00,,,,,200.00000,1977954,2,,,,,,,,C,,Годен,,,
1996764,,WH1,321171,EKS000005783,232386,"Соединитель верт. заземлителя, D16 мм NE1302",,,ЭКС,3.00000,ШТ,0.00000,ЭКС-000005783   ,,5962082.00000,,,0.20000,КГ,9.50000,4.00000,3.00000,СМ,,,,2272.41000,,,,,,Заказной,Киселев А.В.,NE1302,ШТ,Выводится из ассортимента,Диэлектрические кабельные,0.00000,0.00000,a.manokhin,,2026-03-23 15:53:36,,252.49000,757.47000,,,N,N,N,,False,0.60000,,,,,,0,ЭКС-000012305   ,2026-03-27 00:00:00,,,,,3.00000,1977955,2,,,,,,,,C,,Годен,,,
1996765,,WH1,321171,EKS000005783,219234,Соединение на стык GM 50x20 WO 00653,,,ЭКС,40.00000,ШТ,0.00000,ЭКС-000005783   ,,5962060.00000,,,0.10000,КГ,4.00000,3.00000,2.00000,СМ,,,,99184.00000,,,,,,Заказной,Гилета О.В.,00653,ШТ,Распродажа,Диэлектрические кабельные,0.00000,0.00000,a.manokhin,,2026-03-23 15:55:23,,61.99000,2479.60000,,,N,N,N,,False,4.00000,,,,,,0,,2026-03-27 00:00:00,,,,,40.00000,1977956,2,,,,,,,,C,,Годен,,,
1996766,,WH1,321171,EKS000005783,36891,Коробка распределительная SDMN WO 00677 ,,,ЭКС,10.00000,ШТ,0.00000,ЭКС-000005783   ,,5962062.00000,,,0.03000,КГ,7.50000,7.50000,3.50000,СМ,,False,,10330.00000,,3925901000,,,,Заказной,Гилета О.В.,00677 ,ШТ,Распродажа,Диэлектрические кабельные,0.00000,0.00000,a.manokhin,,2026-03-23 15:38:44,,103.30000,1033.00000,,,N,N,N,,False,0.30000,,,,,,0,,2026-03-27 00:00:00,,,,,10.00000,1977957,2,,,,,,,,C,,Годен,,,
1996767,,WH1,321171,EKS000005783,36759,Кабель-канал TMC 15X17 WO (Россия) 00303,,,ЭКС,96.00000,М,0.00000,ЭКС-000005783   ,,5962058.00000,,,0.10000,КГ,100.00000,1.70000,1.50000,СМ,,False,,389468.16000,,3925902000,,,,Заказной,Гилета О.В.,00303,М,Распродажа,Диэлектрические кабельные,0.00000,0.00000,a.manokhin,,2026-03-23 15:45:07,,42.26000,4056.96000,,,N,N,N,,False,9.60000,,,,,,0,,2026-03-27 00:00:00,,,,,96.00000,1977958,2,,,,,,,Kanal,C,,Годен,,,
1996768,,WH1,321171,EKS000005783,10525,Кабель-канал TA-GN 80x40 WO с крышкой с напр (Россия) 01781,,,ЭКС,24.00000,М,0.00000,ЭКС-000005783   ,,5962070.00000,,,0.50000,КГ,100.00000,8.00000,4.00000,СМ,,False,,142698.24000,,3925902000,,,,Заказной,Гилета О.В.,01781,М,Заказной товар,Диэлектрические кабельные,0.00000,0.00000,a.manokhin,,2026-03-23 15:44:20,,247.74000,5945.76000,,,N,N,N,,False,12.00000,,,,,,0,,2026-03-27 00:00:00,,,,,24.00000,1977959,2,,,,,,,Kanal,C,,Годен,,,
1996769,,WH1,321171,EKS000005783,2195,"Зажим кабельный с контргайкой IP68 PG7 д.3-6,5мм 52500",,,ЭКС,50.00000,ШТ,0.00000,ЭКС-000005783   ,,5962075.00000,,,0.10000,КГ,3.50000,1.70000,1.70000,СМ,,False,,63100.00000,,8547200009,,,,Заказной,Феденькова Д.Ю.,52500 ,ШТ,Заказной товар,Диэлектрические кабельные,0.00000,0.00000,a.manokhin,,2026-03-23 15:39:26,,25.24000,1262.00000,,,N,N,N,,False,5.00000,,,,,,0,ЭКС-000012325   ,2026-03-27 00:00:00,,,,,50.00000,1977960,2,,,,,,,,C,,Годен,,,
1996770,,WH1,321171,EKS000005783,218880,Корпус сварной навесной серии ST с М/П Размер: 1400x800x300 мм (ВхШхГ) IP65,,,ЭКС,2.00000,ШТ,0.00000,ЭКС-000005783   ,,5962096.00000,,,40.00000,КГ,140.00000,80.00000,35.00000,СМ,,False,,78672.16000,,,,,,Заказной,Феденькова Д.Ю.,R5ST1483,ШТ,Заказной товар,Диэлектрические кабельные,0.00000,0.00000,a.manokhin,,2026-03-23 15:40:34,,19668.04000,39336.08000,,,N,N,N,,False,80.00000,,,,,,0,ЭКС-000012171   ,2026-03-27 00:00:00,,,,,2.00000,1977961,2,,,,,,,Long < 2,B,,Годен,,,
1996771,,WH1,321171,EKS000005783,208678,Корпус сварной навесной серии ST с М/П Размер: 600x500x200 мм (ВхШхГ) IP66,,,ЭКС,1.00000,ШТ,0.00000,ЭКС-000005783   ,,5962095.00000,,,10.00000,КГ,61.00000,51.00000,24.00000,СМ,,False,,5578.10000,,,,,,Заказной,Феденькова Д.Ю.,R5ST0652,ШТ,Заказной товар,Диэлектрические кабельные,0.00000,0.00000,a.manokhin,,2026-03-23 15:36:33,,5578.10000,5578.10000,,,N,N,N,,False,10.00000,,,,,,0,ЭКС-000012366   ,2026-03-27 00:00:00,,,,,1.00000,1977962,2,,,,,,,,C,,Годен,,,
1996772,,WH1,321171,EKS000005783,161571,Т-ответвление NTAN 80x40 WO 01756,,,ЭКС,10.00000,ШТ,0.00000,ЭКС-000005783   ,,5962068.00000,,,0.10000,КГ,13.50000,9.00000,5.50000,СМ,,,,19414.00000,,,,,,Заказной,Гилета О.В.,01756,ШТ,Заказной товар,Диэлектрические кабельные,0.00000,0.00000,a.manokhin,,2026-03-23 15:48:25,,194.14000,1941.40000,,,N,N,N,,False,1.00000,,,,,,0,,2026-03-27 00:00:00,,,,,10.00000,1977963,2,,,,,,,,C,,Годен,,,
1996773,,WH1,321171,EKS000005783,160509,Накладка на стык профиля 110х50 мм 01009,,,ЭКС,40.00000,ШТ,0.00000,ЭКС-000005783   ,,5962066.00000,,,0.02000,КГ,9.00000,4.00000,1.00000,СМ,,,,62272.00000,,,,,,Дортман Анна Павловна,Гилета О.В.,01009,ШТ,Товар РЦ,Диэлектрические кабельные,0.00000,0.00000,a.manokhin,,2026-03-23 15:55:00,,38.92000,1556.80000,,,N,N,N,,False,0.80000,,,,,,0,ЭКС-000012312   ,2026-03-27 00:00:00,,,,,40.00000,1977964,2,,,,,,,,C,,Годен,,,
1996774,,WH1,321171,EKS000005783,118920,"Коробка с гладкими стенками, 240х190х90 IP56 54210",,,ЭКС,1.00000,ШТ,0.00000,ЭКС-000005783   ,,5962077.00000,,,1.00000,КГ,24.00000,9.00000,19.00000,СМ,,,,508.45000,,,,,,Заказной,Княжева Ю.В.,54210,ШТ,Заказной товар,Диэлектрические кабельные,0.00000,0.00000,a.manokhin,,2026-03-23 15:48:04,,508.45000,508.45000,,,N,N,N,,False,1.00000,,,,,,0,ЭКС-000012362   ,2026-03-27 00:00:00,,,,,1.00000,1977965,2,,,,,,,,C,,Годен,,,
1996775,,WH1,321171,EKS000005783,107217,"Кабельный ввод для труб ПВХ-пластик, цвет серый IP55 д.32",,,ЭКС,100.00000,ШТ,0.00000,ЭКС-000005783   ,,5962078.00000,,,0.10000,КГ,3.00000,2.00000,2.00000,СМ,,,,134400.00000,,,,,,Заказной,Гилета О.В.,54532,ШТ,Распродажа,Диэлектрические кабельные,0.00000,0.00000,a.manokhin,,2026-03-23 15:39:05,,13.44000,1344.00000,,,N,N,N,,False,10.00000,,,,,,0,ЭКС-000012279   ,2026-03-27 00:00:00,,,,,100.00000,1977966,2,,,,,,,,C,,Годен,,,
1996776,,WH1,321171,EKS000005783,107174,Угол внутренний неизменяемый NIA 80x40 01824,,,ЭКС,8.00000,ШТ,0.00000,ЭКС-000005783   ,,5962072.00000,,,0.05000,КГ,14.00000,8.00000,15.00000,СМ,,,,9283.84000,,,,,,Заказной,Гилета О.В.,01824,ШТ,Заказной товар,Диэлектрические кабельные,0.00000,0.00000,a.manokhin,,2026-03-23 15:48:57,,145.06000,1160.48000,,,N,N,N,,False,0.40000,,,,,,0,,2026-03-27 00:00:00,,,,,8.00000,1977967,2,,,,,,,,C,,Годен,,,
1996777,,WH1,321171,EKS000005783,103473,Соединение на стык GAN 80 WO для серии TA 00886,,,ЭКС,10.00000,ШТ,0.00000,ЭКС-000005783   ,,5962064.00000,,,0.05000,КГ,8.00000,1.00000,3.50000,СМ,,,,5298.00000,,,,,,Заказной,Гилета О.В.,00886,ШТ,Заказной товар,Диэлектрические кабельные,0.00000,0.00000,a.manokhin,,2026-03-23 15:55:11,,52.98000,529.80000,,,N,N,N,,False,0.50000,,,,,,0,,2026-03-27 00:00:00,,,,,10.00000,1977968,2,,,,,,,,C,,Годен,,,
1996778,,WH1,321171,EKS000005783,90824,Угол плоский NPAN 80x40 WO 01740,,,ЭКС,4.00000,ШТ,0.00000,ЭКС-000005783   ,,5962067.00000,,,0.05000,КГ,13.00000,13.00000,2.00000,СМ,,False,27.33.13.190,3506.56000,,3925902000,,,,Заказной,Гилета О.В.,01740,ШТ,Заказной товар,Диэлектрические кабельные,0.00000,0.00000,a.manokhin,,2026-03-23 15:53:20,,219.16000,876.64000,,,N,N,N,,False,0.20000,,,,,,0,ЭКС-000012265   ,2026-03-27 00:00:00,,,,,4.00000,1977969,2,,,,,,,,C,,Годен,,,
1996779,,WH1,321171,EKS000005783,84102,Зажим кабельный с контргайкой IP68 PG9 д.4-8мм 52600,,,ЭКС,50.00000,ШТ,0.00000,ЭКС-000005783   ,,5962076.00000,,,0.01000,КГ,4.00000,2.00000,2.00000,СМ,,,,64750.00000,,,,,,Дортман Анна Павловна,Феденькова Д.Ю.,52600 ,ШТ,Выводится из ассортимента,Диэлектрические кабельные,0.00000,0.00000,a.manokhin,,2026-03-23 15:52:34,,25.90000,1295.00000,,,N,N,N,,False,0.50000,,,,,,0,ЭКС-000012325   ,2026-03-27 00:00:00,,,,,50.00000,1977970,2,,,,,,,,C,,Годен,,,
1996780,,WH1,321171,EKS000005783,675572,"Верт. заземлитель 1500 мм, D16 мм NE1202",,,ЭКС,3.00000,ШТ,0.00000,ЭКС-000005783   ,,5962081.00000,,,1.50000,КГ,150.00000,1.80000,1.80000,СМ,,,,7299.45000,,,,,,Заказной,Киселев А.В.,NE1202,ШТ,Заказной товар,Диэлектрические кабельные,0.00000,0.00000,a.manokhin,,2026-03-23 16:04:12,,811.05000,2433.15000,,,N,N,N,,False,4.50000,,,,,,0,ЭКС-000012305   ,2026-03-27 00:00:00,,,,,3.00000,1977971,2,,,,,,,Long 2,C,,Годен,,,
1996781,,WH1,321171,EKS000005783,674390,Винт для забивания стержневого заземлителя NE1404,,,ЭКС,3.00000,ШТ,0.00000,ЭКС-000005783   ,,5962085.00000,,,0.10000,КГ,5.10000,2.20000,2.20000,СМ,,,,1986.21000,,,,,,Заказной,Киселев А.В.,NE1404,ШТ,Заказной товар,Диэлектрические кабельные,0.00000,0.00000,a.manokhin,,2026-03-23 15:39:57,,220.69000,662.07000,,,N,N,N,,False,0.30000,,,,,,0,ЭКС-000012305   ,2026-03-27 00:00:00,,,,,3.00000,1977972,2,,,,,,,,C,,Годен,,,
1996782,,WH1,321171,EKS000005783,674389,Наконечник верт. заземлителя NE1402,,,ЭКС,3.00000,ШТ,0.00000,ЭКС-000005783   ,,5962084.00000,,,0.02000,КГ,5.00000,2.00000,2.00000,СМ,,,,3791.34000,,,,,,Заказной,Киселев А.В.,NE1402,ШТ,Заказной товар,Диэлектрические кабельные,0.00000,0.00000,a.manokhin,,2026-03-23 15:54:44,,421.26000,1263.78000,,,N,N,N,,False,0.06000,,,,,,0,ЭКС-000012305   ,2026-03-27 00:00:00,,,,,3.00000,1977973,2,,,,,,,,C,,Годен,,,
1996783,,WH1,321171,EKS000005783,674388,"Соединительная муфта, D16 мм NE1304",,,ЭКС,3.00000,ШТ,0.00000,ЭКС-000005783   ,,5962083.00000,,,0.07000,КГ,7.00000,2.50000,2.50000,СМ,,,,3881.25000,,,,,,Заказной,Киселев А.В.,NE1304,ШТ,Заказной товар,Диэлектрические кабельные,0.00000,0.00000,a.manokhin,,2026-03-23 15:53:54,,431.25000,1293.75000,,,N,N,N,,False,0.21000,,,,,,0,ЭКС-000012305   ,2026-03-27 00:00:00,,,,,3.00000,1977974,2,,,,,,,,C,,Годен,,,
1996784,,WH1,321171,EKS000005783,634518,Универсальный соединитель NG3103 (замена NG3103R),,,ЭКС,20.00000,ШТ,0.00000,ЭКС-000005783   ,,5962088.00000,,,0.09000,КГ,4.50000,4.50000,3.80000,СМ,,,,32116.00000,,,,,,Заказной,Киселев А.В.,NG3103,ШТ,Заказной товар,Диэлектрические кабельные,0.00000,0.00000,a.manokhin,,2026-03-23 15:50:42,,80.29000,1605.80000,,,N,N,N,,False,1.80000,,,,,,0,ЭКС-000012263   ,2026-03-27 00:00:00,,,,,20.00000,1977975,2,,,,,,,,C,,Годен,,,
1996785,,WH1,321171,EKS000005783,633568,Параллельный зажим NG3108 (замена NG3108R),,,ЭКС,14.00000,ШТ,0.00000,ЭКС-000005783   ,,5962091.00000,,,0.10000,КГ,6.50000,4.50000,4.00000,СМ,,,,18598.44000,,,,,,Заказной,Киселев А.В.,NG3108,ШТ,Заказной товар,Диэлектрические кабельные,0.00000,0.00000,a.manokhin,,2026-03-23 15:51:11,,94.89000,1328.46000,,,N,N,N,,False,1.40000,,,,,,0,ЭКС-000012311   ,2026-03-27 00:00:00,,,,,14.00000,1977976,2,,,,,,,,C,,Годен,,,
1996786,,WH1,321171,EKS000005783,631952,"Соединитель пруток - полоса, 80х80 мм NG3101",,,ЭКС,10.00000,ШТ,0.00000,ЭКС-000005783   ,,5962087.00000,,,0.10000,КГ,8.00000,8.00000,4.00000,СМ,,,,27217.00000,,,,,,Заказной,Киселев А.В.,NG3101,ШТ,Заказной товар,Диэлектрические кабельные,0.00000,0.00000,a.manokhin,,2026-03-23 15:37:14,,272.17000,2721.70000,,,N,N,N,,False,1.00000,,,,,,0,ЭКС-000012311   ,2026-03-27 00:00:00,,,,,10.00000,1977977,2,,,,,,,,C,,Годен,,,
1996787,,WH1,321171,EKS000005783,627608,"Соединитель полоса - полоса, 80х80 мм NG3105 (замена на NG3105R)",,,ЭКС,11.00000,ШТ,0.00000,ЭКС-000005783   ,,5962089.00000,,,0.37000,КГ,8.00000,8.00000,3.00000,СМ,,,,36861.44000,,,,,,Заказной,Киселев А.В.,NG3105,ШТ,Заказной товар,Диэлектрические кабельные,0.00000,0.00000,a.manokhin,,2026-03-23 15:52:59,,304.64000,3351.04000,,,N,N,N,,False,4.07000,,,,,,0,ЭКС-000012305   ,2026-03-27 00:00:00,,,,,11.00000,1977978,2,,,,,,,,C,,Годен,,,
1996788,,WH1,321171,EKS000005783,619511,Антикоррозионная лента NA1001,,,ЭКС,3.00000,ШТ,0.00000,ЭКС-000005783   ,,5962079.00000,,,1.20000,КГ,10.00000,12.00000,12.00000,СМ,,,,6921.27000,,,,,,Заказной,Киселев А.В.,NA1001,ШТ,Заказной товар,Диэлектрические кабельные,0.00000,0.00000,a.manokhin,,2026-03-23 15:37:50,,769.03000,2307.09000,,,N,N,N,,False,3.60000,,,,,,0,ЭКС-000012305   ,2026-03-27 00:00:00,,,,,3.00000,1977979,2,,,,,,,,C,,Годен,,,
1996789,,WH1,321171,EKS000005783,442142,"Вертикальный заземлитель из уголка 50х50х5 мм, 3 м NE5503",,,ЭКС,3.00000,ШТ,0.00000,ЭКС-000005783   ,,5962086.00000,,,2.00000,КГ,300.00000,5.00000,5.00000,СМ,,,,23711.13000,,,,,,Заказной,Киселев А.В.,NE5503,ШТ,Заказной товар,Диэлектрические кабельные,0.00000,0.00000,a.manokhin,,2026-03-23 15:45:28,,2634.57000,7903.71000,,,N,N,N,,False,6.00000,,,,,,0,ЭКС-000012311   ,2026-03-27 00:00:00,,,,,3.00000,1977980,2,,,,,,,Long 3,C,,Годен,,,
1996790,,WH1,321171,EKS000005783,307751,"DKC Кабельный зажим для С-профиля, диаметр кабеля 18-22 мм",,,ЭКС,50.00000,ШТ,0.00000,ЭКС-000005783   ,,5962093.00000,,,0.20000,КГ,7.00000,2.00000,3.00000,СМ,,False,,242450.00000,,,,,,Заказной,Феденькова Д.Ю.,R5CABF22,ШТ,Заказной товар,Диэлектрические кабельные,0.00000,0.00000,a.manokhin,,2026-03-23 15:52:15,,96.98000,4849.00000,,,N,N,N,,False,10.00000,,,,,,0,,2026-03-27 00:00:00,,,,,50.00000,1977981,2,,,,,,,,C,,Годен,,,
1996791,,WH1,321172,TR-23/03/2026-12,0000,ТРАНЗИТ,,ИЭК КРАСНОЯРСК,ЭКС,1.00000,ГМ,0.00000,,,1.00000,4712-12-31 00:00:00,,1.00000,КГ,1.00000,1.00000,1.00000,СМ,СМ3,,,0.00000,,,,0,,,,,,,,0.00000,2.00000,r.sagaidak,,2026-03-23 15:33:56,,0.00000,0.00000,0,Y,Y,N,N,рц,,1.00000,,,рц,0.00000,,0,,2026-03-23 00:00:00,0.00000,0.00000,0.00000,0.00000,1.00000,,,,,,,,,,,,,,,0.00000
1996792,,WH1,321173,EKS000005784,83811,Труба  ПВХ  d40 гибкая лёгкая с протяжкой ( 15 м) ИЭК,,,ЭКС,285.00000,М,0.00000,ЭКС-000005784   ,,5962122.00000,,,0.12000,КГ,100.00000,4.00000,4.00000,СМ,,,,3889053.00000,,,,,,Дортман Анна Павловна,Гилета О.В.,CTG20-40-K41-015I,М,Товар РЦ,ЭлектроОптТорг ООО,0.00000,0.00000,n.bezrukov,,2026-03-23 15:55:06,,47.88000,13645.80000,,,Y,N,N,,False,34.20000,,,,,,0,,2026-03-23 00:00:00,,,,,285.00000,1977982,1,,,,,,,Gofra,C,,Годен,,,
1996793,,WH1,321173,EKS000005784,139898,Труба гофр ПНД d 16 с зондом (100 м ) ИЭК черный,,,ЭКС,1200.00000,М,0.00000,ЭКС-000005784   ,,5962123.00000,,,0.04000,КГ,100.00000,1.60000,1.60000,СМ,,,,16372800.00000,,,,,,Дортман Анна Павловна,Гилета О.В.,CTG20-16-K02-100-1,М,Базовый,ЭлектроОптТорг ООО,0.00000,0.00000,n.bezrukov,,2026-03-23 15:52:25,,11.37000,13644.00000,,,Y,N,N,,False,48.00000,,,,,,0,,2026-03-23 00:00:00,,,,,1200.00000,1977983,1,,,,,,,Gofra,B,,Годен,,,
1996794,,WH1,321173,EKS000005784,749768,"Розетка 1хRJ45 компьютерная, UTP CAT5E Valena Белый DIY (774238)",,,ЭКС,6.00000,ШТ,0.00000,ЭКС-000005784   ,,5962118.00000,,,0.30000,КГ,8.00000,8.00000,3.00000,СМ,,,,20577.24000,,,,,,,Куграшова О.В.,694286,ШТ,Товар РЦ,ЛЕГРАН ООО( ранее ООО Фир,0.00000,0.00000,n.bezrukov,,2026-03-23 16:02:15,,571.59000,3429.54000,,,N,N,N,,False,1.80000,,,,,,0,,2026-03-23 00:00:00,,,,,6.00000,1977984,2,,,,,,,,C,,Годен,,,
1996795,,WH1,321173,EKS000005784,634329,Корпус навес (300х300х200) ЩМП-30.30.20 УХЛ1 IP66 IEK,,,ЭКС,9.00000,ШТ,0.00000,ЭКС-000005784   ,,5962119.00000,,,6.50000,КГ,33.00000,31.00000,23.00000,СМ,,,,317529.72000,,,,,,Акулинский Петр Иванович,Феденькова Д.Ю.,TI5-10-N-030-030-020-66,ШТ,Товар РЦ,ЭлектроОптТорг ООО,0.00000,0.00000,n.bezrukov,,2026-03-23 16:05:24,,3920.12000,35281.08000,,,N,N,N,,False,58.50000,,,,,,0,,2026-03-23 00:00:00,,,,,9.00000,1977985,2,,,,,,,,C,,Годен,,,
1996796,,WH1,321173,EKS000005784,576234,BRITE Выключ. 2-кл. 10А ВС10-2-0-БрЧ черн. IEK,,,ЭКС,144.00000,ШТ,0.00000,ЭКС-000005784   ,,5962112.00000,,,0.06000,КГ,7.00000,7.00000,4.00000,СМ,,,,2410767.36000,,,,,,Дортман Анна Павловна,Куграшова О.В.,BR-V20-0-10-K02,ШТ,Базовый,ЭлектроОптТорг ООО,0.00000,0.00000,n.bezrukov,,2026-03-23 16:04:17,,116.26000,16741.44000,,,N,N,N,,False,8.64000,,,,,,0,,2026-03-23 00:00:00,,,,,144.00000,1977986,2,,,,,,,,C,,Годен,,,
1996797,,WH1,321173,EKS000005784,62824,"Выключатель авт. ВА47-29 3п   20А  х-ка B   4,5кА  MVA20-3-020-B  ИЭК",,,ЭКС,1.00000,ШТ,0.00000,ЭКС-000005784   ,,5962116.00000,,,0.31200,КГ,8.50000,5.50000,8.75000,СМ,,,,451.99000,,,,,,Катышев Александр Вячесла,Шаповалов П.Г.,MVA20-3-020-B,ШТ,Товар РЦ,ЭлектроОптТорг ООО,0.00000,0.00000,n.bezrukov,,2026-03-23 16:00:03,,451.99000,451.99000,,,N,N,N,,False,0.31200,,,,,,0,,2026-03-23 00:00:00,,,,,1.00000,1977987,2,,,,,,,,C,,Годен,,,
1996798,,WH1,321173,EKS000005784,48091,"Реле РТИ-1304 электротепловое 0,4-0,63 А ИЭК",,,ЭКС,1.00000,ШТ,0.00000,ЭКС-000005784   ,,5962107.00000,,,0.30000,КГ,10.00000,7.00000,4.80000,СМ,,True,,450.49000,,8536490000,,,,Умрихина Е.В.,Третьяков С.М.,DRT10-D004-C063,ШТ,Выводится из ассортимента,ЭлектроОптТорг ООО,0.00000,0.00000,n.bezrukov,,2026-03-23 16:01:08,,450.49000,450.49000,,,N,N,N,,True,0.30000,,,,,,0,,2026-03-23 00:00:00,,,,,1.00000,1977988,2,,,,,,,,C,,Годен,,,
1996799,,WH1,321173,EKS000005784,12973,Реле РТИ-3359 электротепловое 48-65А ИЭК,,,ЭКС,2.00000,ШТ,0.00000,ЭКС-000005784   ,,5962117.00000,,,0.48000,КГ,13.00000,9.00000,8.00000,СМ,,True,,4450.40000,,8536490000,,,,Умрихина Е.В.,Третьяков С.М.,DRT30-0048-0065,ШТ,Заказной товар,ЭлектроОптТорг ООО,0.00000,0.00000,n.bezrukov,,2026-03-23 16:00:44,,1112.60000,2225.20000,,,N,N,N,,True,0.96000,,,,,,0,,2026-03-23 00:00:00,,,,,2.00000,1977989,2,,,,,,,,C,,Годен,,,
1996800,,WH1,321173,EKS000005784,12969,Реле РТИ-2355 электротепловое 28-36А ИЭК,,,ЭКС,1.00000,ШТ,0.00000,ЭКС-000005784   ,,5962113.00000,,,0.08000,КГ,9.60000,7.80000,6.00000,СМ,,True,,653.17000,,8536490000,,,,Умрихина Е.В.,Третьяков С.М.,DRT20-0028-0036,ШТ,Выводится из ассортимента,ЭлектроОптТорг ООО,0.00000,0.00000,n.bezrukov,,2026-03-23 16:00:57,,653.17000,653.17000,,,N,N,N,,True,0.08000,,,,,,0,,2026-03-23 00:00:00,,,,,1.00000,1977990,2,,,,,,,,C,,Годен,,,
1996801,,WH1,321173,EKS000005784,366732,Выключатель авт. ВА47-60M 1п 25А х-ка С 6кА MVA31-1-025-C ИЭК,,,ЭКС,3.00000,ШТ,0.00000,ЭКС-000005784   ,,5962115.00000,,,0.12000,КГ,8.00000,7.00000,1.70000,СМ,,,,1350.72000,,,,,,Катышев Александр Вячесла,Шаповалов П.Г.,MVA31-1-025-C,ШТ,Товар РЦ,ЭлектроОптТорг ООО,0.00000,0.00000,n.bezrukov,,2026-03-23 16:00:25,,150.08000,450.24000,,,N,N,N,,False,0.36000,,,,,,0,,2026-03-23 00:00:00,,,,,3.00000,1977991,2,,,,,,,,C,,Годен,,,
1996802,,WH1,321173,EKS000005784,233299,Выключатель 1кл 10А Quteo белый с монт пластиной  782200,,,ЭКС,40.00000,ШТ,0.00000,ЭКС-000005784   ,,5962120.00000,,,0.05250,КГ,5.00000,5.00000,3.00000,СМ,,,,150384.00000,,,,,,Дортман Анна Павловна,Куграшова О.В.,782200,ШТ,Базовый,Легран ООО( ранее ООО Фир,0.00000,0.00000,n.bezrukov,,2026-03-23 15:57:01,,93.99000,3759.60000,,,N,N,N,,False,2.10000,,,,,,0,,2026-03-23 00:00:00,,,,,40.00000,1977992,2,,,,,,,,A,,Годен,,,
1996803,,WH1,321173,EKS000005784,206954,Удлинитель У03 3 места 2Р+РЕ/3метра 16А/250В ИЭК,,,ЭКС,4.00000,ШТ,0.00000,ЭКС-000005784   ,,5962110.00000,,,0.40000,КГ,20.00000,6.00000,6.00000,СМ,,,,4616.32000,,,1,,,Дортман Анна Павловна,Княжева Ю.В.,WYP10-16-03-03-Z-N,ШТ,Товар РЦ,ЭлектроОптТорг ООО,0.00000,0.00000,n.bezrukov,,2026-03-23 16:02:52,,288.52000,1154.08000,,,N,N,N,,False,1.60000,,,,,,0,,2026-03-23 00:00:00,,,,,4.00000,1977993,2,,,,,,,,C,,Годен,,,
1996804,,WH1,321173,EKS000005784,200777,Контактный блок 1з (NO) для серии LAY5 ИЭК,,,ЭКС,80.00000,ШТ,0.00000,ЭКС-000005784   ,,5962109.00000,,,0.01000,КГ,3.00000,3.00000,1.50000,СМ,,True,,278528.00000,,,,,,Умрихина Е.В.,Третьяков С.М.,BDK21,ШТ,Распродажа,ЭлектроОптТорг ООО,0.00000,0.00000,n.bezrukov,,2026-03-23 15:58:10,,43.52000,3481.60000,,,N,N,N,,True,0.80000,,,,,,0,,2026-03-23 00:00:00,,,,,80.00000,1977994,2,,,,,,,,C,,Годен,,,
1996805,,WH1,321173,EKS000005784,198336,Рамка 2п белый Etika 672502,,,ЭКС,281.00000,ШТ,0.00000,ЭКС-000005784   ,,5962121.00000,,,0.08000,КГ,20.00000,9.00000,1.00000,СМ,,False,,3393743.78000,,,,,,Дортман Анна Павловна,Куграшова О.В.,672502,ШТ,Базовый,ЭлектроОптТорг ООО,0.00000,0.00000,n.bezrukov,,2026-03-23 16:03:19,,42.98000,12077.38000,,,N,N,N,,False,22.48000,,,,,,0,,2026-03-23 00:00:00,,,,,281.00000,1977995,2,,,,,,,,C,,Годен,,,
1996806,,WH1,321173,EKS000005784,180121,Шина нул на DIN-изол ШНИ-6х9-10-Д-Ж ИЭК YNN10-69-10D-K05,,,ЭКС,180.00000,ШТ,0.00000,ЭКС-000005784   ,,5962108.00000,,,0.10000,КГ,7.00000,1.00000,3.00000,СМ,,True,,2886516.00000,,,,,,Дортман Анна Павловна,Феденькова Д.Ю.,YNN10-69-10D-K05,ШТ,Базовый,ЭлектроОптТорг ООО,0.00000,0.00000,n.bezrukov,,2026-03-23 16:01:24,,89.09000,16036.20000,,,N,N,N,,True,18.00000,,,,,,0,,2026-03-23 00:00:00,,,,,180.00000,1977996,2,,,,,,,,B,,Годен,,,
1996807,,WH1,321173,EKS000005784,136773,Кнопка управления LAY5-BW3461 с подсветкой красный 1з ИЭК,,,ЭКС,20.00000,ШТ,0.00000,ЭКС-000005784   ,,5962106.00000,,,0.06000,КГ,8.00000,4.00000,4.00000,СМ,,,,101648.00000,,,1,,,Катышев Александр Вячесла,Третьяков С.М.,BBT50-BW-K04,ШТ,Товар РЦ,ЭлектроОптТорг ООО,0.00000,0.00000,n.bezrukov,,2026-03-23 15:59:51,,254.12000,5082.40000,,,N,N,N,,False,1.20000,,,,,,0,,2026-03-23 00:00:00,,,,,20.00000,1977997,2,,,,,,,,C,,Годен,,,
1996808,,WH1,321173,EKS000005784,118798,Шина соед. типа PIN (штырь) 1Р 63А (дл.1м) ИЭК YNS21-1-063,,,ЭКС,200.00000,ШТ,0.00000,ЭКС-000005784   ,,5962111.00000,,,0.18000,КГ,100.00000,1.60000,1.40000,СМ,,True,,16468000.00000,,,,,,Дортман Анна Павловна,Феденькова Д.Ю.,YNS21-1-063,ШТ,Суперсклад,ЭлектроОптТорг ООО,0.00000,0.00000,n.bezrukov,,2026-03-23 16:05:44,,411.70000,82340.00000,,,N,N,N,,True,36.00000,,,,,,0,,2026-03-23 00:00:00,,,,,200.00000,1977998,2,,,,,,,,A,,Годен,,,
1996809,,WH1,321174,EKS000005785,269300,Светильник LED ДСП 1306 36Вт 4000К IP65 1200мм серый пластик ИЭК,,,ЭКС,2.00000,ШТ,0.00000,ЭКС-000005785   ,,5962133.00000,,,1.36000,КГ,120.00000,8.00000,7.00000,СМ,,True,,4923.08000,,,,,,Заказной,Колупаев В.Г.,LDSP0-1306-36-4500-K01,ШТ,Заказной товар,ЭлектроОптТорг ООО,0.00000,0.00000,a.savitskiy,,2026-03-23 16:01:13,,1230.77000,2461.54000,,,N,N,N,,True,2.72000,,,,,,0,ЭКС-000012101   ,2026-03-23 00:00:00,,,,,2.00000,1977999,2,,,,,,,,C,,Годен,,,
1996810,,WH1,321174,EKS000005785,80807,"Выключатель авт. ВА47-29 2п   40А  х-ка D   4,5кА  MVA20-2-040-D  ИЭК",,,ЭКС,1.00000,ШТ,0.00000,ЭКС-000005785   ,,5962129.00000,,,0.20800,КГ,8.50000,3.67000,8.75000,СМ,,False,,386.00000,,8536201007,,,,Заказной,Шаповалов П.Г.,MVA20-2-040-D,ШТ,Товар РЦ,ЭлектроОптТорг ООО,0.00000,0.00000,a.savitskiy,,2026-03-23 15:59:43,,386.00000,386.00000,,,N,N,N,,False,0.20800,,,,,,0,ЭКС-000012060   ,2026-03-23 00:00:00,,,,,1.00000,1978000,2,,,,,,,,C,,Годен,,,
1996811,,WH1,321174,EKS000005785,861954,IEK ARMAT АВДТ B10N 1P+NP B10 30мА тип A (36мм),,,ЭКС,8.00000,ШТ,0.00000,ЭКС-000005785   ,,5962126.00000,,,0.23000,КГ,9.00000,4.00000,8.00000,СМ,,False,,116928.00000,,,,,,Заказной,Шаповалов П.Г.,AR-B10N-1N-B010A030,ШТ,Заказной товар,ЭлектроОптТорг ООО,0.00000,0.00000,a.savitskiy,,2026-03-23 15:57:21,,1827.00000,14616.00000,,,N,N,N,,False,1.84000,,,,,,0,ЭКС-000012131   ,2026-03-23 00:00:00,,,,,8.00000,1978001,2,,,,,,,,C,,Годен,,,
1996812,,WH1,321174,EKS000005785,62824,"Выключатель авт. ВА47-29 3п   20А  х-ка B   4,5кА  MVA20-3-020-B  ИЭК",,,ЭКС,6.00000,ШТ,0.00000,ЭКС-000005785   ,,5962138.00000,,,0.31200,КГ,8.50000,5.50000,8.75000,СМ,,,,16271.64000,,,,,,Катышев Александр Вячесла,Шаповалов П.Г.,MVA20-3-020-B,ШТ,Товар РЦ,ЭлектроОптТорг ООО,0.00000,0.00000,a.savitskiy,,2026-03-23 15:59:24,,451.99000,2711.94000,,,N,N,N,,False,1.87200,,,,,,0,ЭКС-000012152   ,2026-03-23 00:00:00,,,,,6.00000,1978002,2,,,,,,,,C,,Годен,,,
1996813,,WH1,321174,EKS000005785,40745,"Наконечник-кольцо НКИ1,25-3  0,5-1,5мм (100 шт) ИЭК",,,ЭКС,2.00000,УП,0.00000,ЭКС-000005785   ,,5962130.00000,,,0.05400,КГ,11.50000,7.00000,1.00000,СМ,,True,,616.60000,,8536901000,1,,,Заказной,Княжева Ю.В.,UNL20-D15-4-3,УП,Заказной товар,ЭлектроОптТорг ООО,0.00000,0.00000,a.savitskiy,,2026-03-23 15:58:36,,154.15000,308.30000,,,N,N,N,,True,0.10800,,,,,,0,ЭКС-000012105   ,2026-03-23 00:00:00,,,,,2.00000,1978003,2,,,,,,,,C,,Годен,,,
1996814,,WH1,321174,EKS000005785,36855,Корпус навес (395х310х150) ЩМП-1-1 36 с монт.пан. IP31 ИЭК YKM41-01-31,,,ЭКС,5.00000,ШТ,0.00000,ЭКС-000005785   ,,5962142.00000,,,4.70000,КГ,40.00000,30.00000,16.00000,СМ,,False,,59421.50000,,9403208009,,,,Дортман Анна Павловна,Феденькова Д.Ю.,YKM41-01-31,ШТ,Базовый,ЭлектроОптТорг ООО,0.00000,0.00000,a.savitskiy,,2026-03-23 16:03:44,,2376.86000,11884.30000,,,N,N,N,,False,23.50000,,,,,,0,ЭКС-000012151   ,2026-03-23 00:00:00,,,,,5.00000,1978004,2,,,,,,,,C,,Годен,,,
1996815,,WH1,321174,EKS000005785,14714,"Наконечник-кольцо НКИ1,25-4  0,5-1,5мм (100 шт) ИЭК",,,ЭКС,7.00000,УП,0.00000,ЭКС-000005785   ,,5962125.00000,,,0.06300,КГ,9.00000,6.00000,1.40000,СМ,,True,,7049.14000,,8536901000,,,,Заказной,Княжева Ю.В.,UNL20-D15-4-4,УП,Заказной товар,ЭлектроОптТорг ООО,0.00000,0.00000,a.savitskiy,,2026-03-23 15:58:20,,143.86000,1007.02000,,,N,N,N,,True,0.44100,,,,,,0,ЭКС-000012105   ,2026-03-23 00:00:00,,,,,7.00000,1978005,2,,,,,,,,C,,Годен,,,
1996816,,WH1,321174,EKS000005785,741498,Корпус навес пластик КМПн-18 IP65 черн. прозр. дверь,,,ЭКС,1.00000,ШТ,0.00000,ЭКС-000005785   ,,5962140.00000,,,3.00000,КГ,42.00000,25.00000,16.00000,СМ,,,,3407.67000,,,,,,Заказной,Феденькова Д.Ю.,TF5-KP72-N-18-65-K03-K02,ШТ,Заказной товар,ЭлектроОптТорг ООО,0.00000,0.00000,a.savitskiy,,2026-03-23 16:02:37,,3407.67000,3407.67000,,,N,N,N,,False,3.00000,,,,,,0,ЭКС-000012101   ,2026-03-23 00:00:00,,,,,1.00000,1978006,2,,,,,,,,C,,Годен,,,
1996817,,WH1,321174,EKS000005785,670665,IEK GENERICA Лампа LED A60 груша 20Вт 230В 6500К E27,,,ЭКС,200.00000,ШТ,0.00000,ЭКС-000005785   ,,5962131.00000,,,0.05000,КГ,15.70000,6.00000,6.00000,СМ,,True,,1608800.00000,,,,,,Заказной,Косова Т.В.,LL-A60-20-230-65-E27-G,ШТ,Заказной товар,ЭлектроОптТорг ООО,0.00000,0.00000,a.savitskiy,,2026-03-23 16:03:09,,40.22000,8044.00000,,,N,N,N,,True,10.00000,,,,,,0,ЭКС-000012172   ,2026-03-23 00:00:00,,,,,200.00000,1978007,2,,,,,,,,C,,Годен,,,
1996818,,WH1,321174,EKS000005785,627814,ARMAT Контактор КМИ-А-22512 LC1D 25А 24В/АС3 1НО/1НЗ IEK,,,ЭКС,8.00000,ШТ,0.00000,ЭКС-000005785   ,,5962135.00000,,,0.20000,КГ,10.00000,9.00000,5.00000,СМ,,True,,89902.08000,,,,,,Сарычев Дмитрий Сергеевич,Третьяков С.М.,AR-ACC-21-025-024-11,ШТ,Товар РЦ,ЭлектроОптТорг ООО,0.00000,0.00000,a.savitskiy,,2026-03-23 16:00:05,,1404.72000,11237.76000,,,N,N,N,,True,1.60000,,,,,,0,ЭКС-000012066   ,2026-03-23 00:00:00,,,,,8.00000,1978008,2,,,,,,,,C,,Годен,,,
1996819,,WH1,321174,EKS000005785,576241,BRITE Выключ. 2-кл. 10А ВС10-2-0-БрА алюм. IEK,,,ЭКС,1.00000,ШТ,0.00000,ЭКС-000005785   ,,5962124.00000,,,0.01000,КГ,7.00000,7.00000,4.00000,СМ,,,,116.26000,,,,,,Заказной,Куграшова О.В.,BR-V20-0-10-K47,ШТ,Заказной товар,ЭлектроОптТорг ООО,0.00000,0.00000,a.savitskiy,,2026-03-23 15:58:55,,116.26000,116.26000,,,N,N,N,,False,0.01000,,,,,,0,ЭКС-000012071   ,2026-03-23 00:00:00,,,,,1.00000,1978009,2,,,,,,,,C,,Годен,,,
1996820,,WH1,321174,EKS000005785,429879,IEK Лампа светодиодная A60 шар 12Вт 24-48В 4000К E27,,,ЭКС,20.00000,ШТ,0.00000,ЭКС-000005785   ,,5962134.00000,,,0.01000,КГ,12.00000,6.00000,6.00000,СМ,,True,,71484.00000,,,,,,Заказной,Косова Т.В.,LLE-A60-12-24-48-40-E27,ШТ,Заказной товар,ЭлектроОптТорг ООО,0.00000,0.00000,a.savitskiy,,2026-03-23 15:51:48,,178.71000,3574.20000,,,N,N,N,,True,0.20000,,,,,,0,ЭКС-000012139   ,2026-03-23 00:00:00,,,,,20.00000,1978010,2,,,,,,,,C,,Годен,,,
1996821,,WH1,321174,EKS000005785,392673,IEK Клемма вводная силовая КВС 35-150 кв.мм. синяя,,,ЭКС,5.00000,ШТ,0.00000,ЭКС-000005785   ,,5962127.00000,,,0.05000,КГ,2.00000,9.00000,5.00000,СМ,,True,,7787.50000,,,,,,Заказной,Феденькова Д.Ю.,YZN12-150-K07,ШТ,Заказной товар,ЭлектроОптТорг ООО,0.00000,0.00000,a.savitskiy,,2026-03-23 15:56:06,,311.50000,1557.50000,,,N,N,N,,True,0.25000,,,,,,0,,2026-03-23 00:00:00,,,,,5.00000,1978011,2,,,,,,,,C,,Годен,,,
1996822,,WH1,321174,EKS000005785,390793,Тройник Т-01/03В 3 места 2P+PE 16А с выкл. белый IEK,,,ЭКС,3.00000,ШТ,0.00000,ЭКС-000005785   ,,5962136.00000,,,0.30000,КГ,19.00000,9.00000,6.00000,СМ,,True,,2616.75000,,,,,,Заказной,Княжева Ю.В.,WTP10-16-03-ZK-K01,ШТ,Заказной товар,ЭлектроОптТорг ООО,0.00000,0.00000,a.savitskiy,,2026-03-23 15:52:24,,290.75000,872.25000,,,N,N,N,,True,0.90000,,,,,,0,ЭКС-000012161   ,2026-03-23 00:00:00,,,,,3.00000,1978012,2,,,,,,,,C,,Годен,,,
1996823,,WH1,321174,EKS000005785,387158,"Ящик с понижающим трансформатором ЯТП-0,25 230/36-3 УХЛ2 IP54 ИЭК",,,ЭКС,3.00000,ШТ,0.00000,ЭКС-000005785   ,,5962141.00000,,,6.50000,КГ,31.00000,25.00000,21.00000,СМ,,False,,48147.12000,,,,,,Заказной,Самоличенко В.А.,MTT13-036-0251-54,ШТ,Заказной товар,ЭлектроОптТорг ООО,0.00000,0.00000,a.savitskiy,,2026-03-23 16:02:03,,5349.68000,16049.04000,,,N,N,N,,False,19.50000,,,,,,0,ЭКС-000006183   ,2026-03-23 00:00:00,,,,,3.00000,1978013,2,,,,,,,,C,,Годен,,,
1996824,,WH1,321175,EKS000005786,427894,Корпус навесн. пласт. 1 ряд / 8 модулей ЩРН-П-8 черный IP41,,,ЭКС,1.00000,ШТ,0.00000,ЭКС-000005786   ,,5962162.00000,,,0.50000,КГ,21.00000,19.00000,11.00000,СМ,,,,533.90000,,,,,,Заказной,Феденькова Д.Ю.,MKP12-N-08-41-K02,ШТ,Заказной товар,ЭлектроОптТорг ООО,0.00000,0.00000,a.savitskiy,,2026-03-23 15:53:49,,533.90000,533.90000,,,N,N,N,,False,0.50000,,,,,,0,ЭКС-000012258   ,2026-03-23 00:00:00,,,,,1.00000,1978014,2,,,,,,,,C,,Годен,,,
1996825,,WH1,321175,EKS000005786,289200,Прожектор СДО 06-50 светодиодный черный IP65 6500 K IEK,,,ЭКС,5.00000,ШТ,0.00000,ЭКС-000005786   ,,5962158.00000,,,0.65000,КГ,21.00000,5.00000,15.00000,СМ,,True,,9143.50000,,,,,,Логунов Владимир Александ,Косова Т.В.,LPDO601-50-65-K02,ШТ,Товар филиала,ЭлектроОптТорг ООО,0.00000,0.00000,a.savitskiy,,2026-03-23 15:53:25,,365.74000,1828.70000,,,N,N,N,,True,3.25000,,,,,,0,ЭКС-000012227   ,2026-03-23 00:00:00,,,,,5.00000,1978015,2,,,,,,,,C,,Годен,,,
1996826,,WH1,321175,EKS000005786,286608,Фильтр c защитным кожухом 125x125мм для вент-ра 55м3/час IEK YCE-EF-055-55,,,ЭКС,4.00000,ШТ,0.00000,ЭКС-000005786   ,,5962153.00000,,,0.31000,КГ,17.50000,17.50000,6.00000,СМ,,,,12641.92000,,,,,,Заказной,Феденькова Д.Ю.,YCE-EF-055-55,ШТ,Заказной товар,ЭлектроОптТорг ООО,0.00000,0.00000,a.savitskiy,,2026-03-23 16:08:40,,790.12000,3160.48000,,,N,N,N,,False,1.24000,,,,,,0,ЭКС-000012192   ,2026-03-23 00:00:00,,,,,4.00000,1978016,2,,,,,,,,C,,Годен,,,
1996827,,WH1,321175,EKS000005786,38588,Сальник PG  7 диаметр проводника 5-6мм IP54 ИЭК YSA20-06-07-54-K41,,,ЭКС,20.00000,ШТ,0.00000,ЭКС-000005786   ,,5962148.00000,,,0.00600,КГ,1.90000,1.90000,3.00000,СМ,,False,,2608.00000,,8547200009,,,,Дортман Анна Павловна,Феденькова Д.Ю.,YSA20-06-07-54-K41,ШТ,Базовый,ЭлектроОптТорг ООО,0.00000,0.00000,a.savitskiy,,2026-03-23 16:07:47,,6.52000,130.40000,,,N,N,N,,False,0.12000,,,,,,0,,2026-03-23 00:00:00,,,,,20.00000,1978017,2,,,,,,,,C,,Годен,,,
1996828,,WH1,321175,EKS000005786,12975,Реле РТИ-3363 электротепловое 63-80А ИЭК,,,ЭКС,1.00000,ШТ,0.00000,ЭКС-000005786   ,,5962156.00000,,,0.50000,КГ,12.00000,9.00000,9.00000,СМ,,True,,1072.72000,,8536490000,,,,Заказной,Третьяков С.М.,DRT30-0063-0080,ШТ,Заказной товар,ЭлектроОптТорг ООО,0.00000,0.00000,a.savitskiy,,2026-03-23 16:06:47,,1072.72000,1072.72000,,,N,N,N,,True,0.50000,,,,,,0,ЭКС-000012211   ,2026-03-23 00:00:00,,,,,1.00000,1978018,2,,,,,,,,C,,Годен,,,
1996829,,WH1,321175,EKS000005786,12963,Реле РТИ-1310 электротепловое 4-6А ИЭК,,,ЭКС,1.00000,ШТ,0.00000,ЭКС-000005786   ,,5962155.00000,,,0.18000,КГ,10.00000,7.00000,5.00000,СМ,,True,,440.45000,,8536490000,,,,Катышев Александр Вячесла,Третьяков С.М.,DRT10-0004-0006,ШТ,Базовый,ЭлектроОптТорг ООО,0.00000,0.00000,a.savitskiy,,2026-03-23 15:54:45,,440.45000,440.45000,,,N,N,N,,True,0.18000,,,,,,0,ЭКС-000012211   ,2026-03-23 00:00:00,,,,,1.00000,1978019,2,,,,,,,,C,,Годен,,,
1996830,,WH1,321175,EKS000005786,11304,Переключатель АLС-22  черн.длин.рукоят.2 фикс.полож. I-O 1з+1р ИЭК,,,ЭКС,10.00000,ШТ,0.00000,ЭКС-000005786   ,,5962160.00000,,,0.10000,КГ,3.10000,5.00000,10.00000,СМ,,False,,19292.00000,,8536508008,1,,,Заказной,Третьяков С.М.,BSW10-ALC-2-K02,ШТ,Заказной товар,ЭлектроОптТорг ООО,0.00000,0.00000,a.savitskiy,,2026-03-23 16:08:08,,192.92000,1929.20000,,,N,N,N,,False,1.00000,,,,,,0,,2026-03-23 00:00:00,,,,,10.00000,1978020,2,,,,,,,,C,,Годен,,,
1996831,,WH1,321175,EKS000005786,181696,Вставка плавкая 40А ППНИ-33 габарит 00С ИЭК,,,ЭКС,3.00000,ШТ,0.00000,ЭКС-000005786   ,,5962154.00000,,,0.30000,КГ,7.00000,4.00000,3.00000,СМ,,False,,1830.60000,,,,,,Заказной,Самоличенко В.А.,DPP11-040,ШТ,Заказной товар,ЭлектроОптТорг ООО,0.00000,0.00000,a.savitskiy,,2026-03-23 16:05:44,,203.40000,610.20000,,,N,N,N,,False,0.90000,,,,,,0,ЭКС-000012295   ,2026-03-23 00:00:00,,,,,3.00000,1978021,2,,,,,,,,C,,Годен,,,
1996832,,WH1,321175,EKS000005786,134428,Гильза изолированная нулевая ГИН 70 (MJPT 70N) ИЭК,,,ЭКС,10.00000,ШТ,0.00000,ЭКС-000005786   ,,5962145.00000,,,0.07800,КГ,18.00000,2.00000,2.00000,СМ,,True,,21721.00000,,,,,,Заказной,Дунав М.И.,UZA-24-D70-D70,ШТ,Заказной товар,ЭлектроОптТорг ООО,0.00000,0.00000,a.savitskiy,,2026-03-23 16:05:18,,217.21000,2172.10000,,,N,N,N,,True,0.78000,,,,,,0,ЭКС-000012257   ,2026-03-23 00:00:00,,,,,10.00000,1978022,2,,,,,,,,C,,Годен,,,
1996833,,WH1,321175,EKS000005786,125944,"Кабель-канал 80х40 ""ПРАЙМЕР"" парапетный",,,ЭКС,24.00000,М,0.00000,ЭКС-000005786   ,,5962164.00000,,,0.10000,КГ,100.00000,8.00000,4.00000,СМ,,,,166636.80000,,,,,,Дортман Анна Павловна,Гилета О.В.,CKK40-080-040-1-K01,М,Базовый,ЭлектроОптТорг ООО,0.00000,0.00000,a.savitskiy,,2026-03-23 16:00:50,,289.30000,6943.20000,,,N,N,N,,False,2.40000,,,,,,0,,2026-03-23 00:00:00,,,,,24.00000,1978023,2,,,,,,,Kanal,C,,Годен,,,
1996834,,WH1,321175,EKS000005786,113089,Пускатель ПРК32-14    9-14А       660В ИЭК,,,ЭКС,2.00000,ШТ,0.00000,ЭКС-000005786   ,,5962151.00000,,,0.20000,КГ,10.00000,7.00000,4.00000,СМ,,False,,5815.84000,,8536508008,,,,Заказной,Третьяков С.М.,DMS11-014,ШТ,Заказной товар,ЭлектроОптТорг ООО,0.00000,0.00000,a.savitskiy,,2026-03-23 16:06:13,,1453.96000,2907.92000,,,N,N,N,,False,0.40000,,,,,,0,ЭКС-000012229   ,2026-03-23 00:00:00,,,,,2.00000,1978024,2,,,,,,,,C,,Годен,,,
1996835,,WH1,321175,EKS000005786,113087,"Пускатель ПРК32-6,3   4-6,3А      660В ИЭК",,,ЭКС,1.00000,ШТ,0.00000,ЭКС-000005786   ,,5962152.00000,,,0.20000,КГ,10.00000,7.00000,4.00000,СМ,,False,,1345.33000,,8536508008,,,,Заказной,Третьяков С.М.,DMS11-D63,ШТ,Заказной товар,ЭлектроОптТорг ООО,0.00000,0.00000,a.savitskiy,,2026-03-23 16:06:28,,1345.33000,1345.33000,,,N,N,N,,False,0.20000,,,,,,0,ЭКС-000012229   ,2026-03-23 00:00:00,,,,,1.00000,1978025,2,,,,,,,,C,,Годен,,,
1996836,,WH1,321175,EKS000005786,113078,"Пускатель ПРК32-0,63 0,4-0,63А 660В ИЭК",,,ЭКС,1.00000,ШТ,0.00000,ЭКС-000005786   ,,5962159.00000,,,0.20000,КГ,10.00000,7.00000,4.00000,СМ,,False,,1446.97000,,8536508008,,,,Заказной,Третьяков С.М.,DMS11-C63,ШТ,Заказной товар,ЭлектроОптТорг ООО,0.00000,0.00000,a.savitskiy,,2026-03-23 16:11:23,,1446.97000,1446.97000,,,N,N,N,,False,0.20000,,,,,,0,ЭКС-000012232   ,2026-03-23 00:00:00,,,,,1.00000,1978026,2,,,,,,,,C,,Годен,,,
1996837,,WH1,321175,EKS000005786,76409,Контактор КМИ-11210 12А   24В/АС3 1НО         ИЭК,,,ЭКС,5.00000,ШТ,0.00000,ЭКС-000005786   ,,5962143.00000,,,0.14000,КГ,9.00000,5.50000,8.00000,СМ,,True,,17268.50000,,8536419000,,,,Заказной,Третьяков С.М.,KKM11-012-024-10,ШТ,Заказной товар,ЭлектроОптТорг ООО,0.00000,0.00000,a.savitskiy,,2026-03-23 16:07:16,,690.74000,3453.70000,,,N,N,N,,True,0.70000,,,,,,0,ЭКС-000012229   ,2026-03-23 00:00:00,,,,,5.00000,1978027,2,,,,,,,,C,,Годен,,,
1996838,,WH1,321175,EKS000005786,60869,"Реле РТИ-1303 электротепловое 0,25-0,4А  ИЭК",,,ЭКС,1.00000,ШТ,0.00000,ЭКС-000005786   ,,5962147.00000,,,0.10000,КГ,10.00000,7.00000,5.00000,СМ,,True,,459.98000,,8536490000,,,,Заказной,Третьяков С.М.,DRT10-C025-D004,ШТ,Заказной товар,ЭлектроОптТорг ООО,0.00000,0.00000,a.savitskiy,,2026-03-23 16:12:11,,459.98000,459.98000,,,N,N,N,,True,0.10000,,,,,,0,ЭКС-000012211   ,2026-03-23 00:00:00,,,,,1.00000,1978028,2,,,,,,,,C,,Годен,,,
1996839,,WH1,321175,EKS000005786,60868,"Реле РТИ-1302 электротепловое (0,16-0,25А) ИЭК",,,ЭКС,1.00000,ШТ,0.00000,ЭКС-000005786   ,,5962146.00000,,,0.30000,КГ,10.00000,5.10000,7.20000,СМ,,True,,543.10000,,8536490000,,,,Умрихина Е.В.,Третьяков С.М.,DRT10-C016-C025,ШТ,Заказной товар,ЭлектроОптТорг ООО,0.00000,0.00000,a.savitskiy,,2026-03-23 16:12:30,,543.10000,543.10000,,,N,N,N,,True,0.30000,,,,,,0,ЭКС-000012211   ,2026-03-23 00:00:00,,,,,1.00000,1978029,2,,,,,,,,C,,Годен,,,
1996840,,WH1,321175,EKS000005786,60867,"Реле РТИ-1301 электротепловое (0,1-0,16А) ИЭК",,,ЭКС,1.00000,ШТ,0.00000,ЭКС-000005786   ,,5962150.00000,,,0.30000,КГ,10.50000,5.00000,7.20000,СМ,,True,,465.52000,,8536490000,,,,Заказной,Третьяков С.М.,DRT10-D001-C016,ШТ,Заказной товар,ЭлектроОптТорг ООО,0.00000,0.00000,a.savitskiy,,2026-03-23 16:11:53,,465.52000,465.52000,,,N,N,N,,True,0.30000,,,,,,0,ЭКС-000012211   ,2026-03-23 00:00:00,,,,,1.00000,1978030,2,,,,,,,,C,,Годен,,,
1996841,,WH1,321175,EKS000005786,851718,Спираль монтажная СП-09 черная,,,ЭКС,1.00000,УП,0.00000,ЭКС-000005786   ,,5962163.00000,,,0.07000,КГ,39.00000,23.00000,2.00000,СМ,,False,,185.10000,,,,,,Заказной,Гилета О.В.,USWB1-09-02-K02,УП,Заказной товар,ЭлектроОптТорг ООО,0.00000,0.00000,a.savitskiy,,2026-03-23 15:54:30,,185.10000,185.10000,,,N,N,N,,False,0.07000,,,,,,0,ЭКС-000012267   ,2026-03-23 00:00:00,,,,,1.00000,1978031,2,,,,,,,,C,,Годен,,,
1996842,,WH1,321175,EKS000005786,687831,IEK ARMA2L 5 Комплект щупов и крокодилов TL30,,,ЭКС,2.00000,КТ,0.00000,ЭКС-000005786   ,,5962144.00000,,,0.10000,КГ,15.00000,5.00000,3.00000,СМ,,,,1228.56000,,,,,,Заказной,Самоличенко В.А.,A2L5-DM10D-TL2-110-22,КТ,Заказной товар,ЭлектроОптТорг ООО,0.00000,0.00000,a.savitskiy,,2026-03-23 15:54:11,,307.14000,614.28000,,,N,N,N,,False,0.20000,,,,,,0,ЭКС-000012262   ,2026-03-23 00:00:00,,,,,2.00000,1978032,2,,,,,,,,C,,Годен,,,
1996843,,WH1,321175,EKS000005786,634326,Корпус навес (400х300х150) ЩМП-40.30.15 УХЛ1 IP66 IEK,,,ЭКС,2.00000,ШТ,0.00000,ЭКС-000005786   ,,5962166.00000,,,7.00000,КГ,42.00000,31.00000,18.00000,СМ,,,,14713.32000,,,,,,Заказной,Феденькова Д.Ю.,TI5-10-N-040-030-015-66,ШТ,Заказной товар,ЭлектроОптТорг ООО,0.00000,0.00000,a.savitskiy,,2026-03-23 16:04:22,,3678.33000,7356.66000,,,N,N,N,,False,14.00000,,,,,,0,ЭКС-000012192   ,2026-03-23 00:00:00,,,,,2.00000,1978033,2,,,,,,,,C,,Годен,,,
1996844,,WH1,321175,EKS000005786,505510,Панель вт. ПМм1-250 с задн. резьб. пр. ВА88-35 MASTER IEK,,,ЭКС,2.00000,ШТ,0.00000,ЭКС-000005786   ,,5962157.00000,,,1.71000,КГ,17.50000,14.50000,8.00000,СМ,,True,,16446.00000,,,,,,Заказной,Самоличенко В.А.,SVA30D-PM1-R-02,ШТ,Заказной товар,ЭлектроОптТорг ООО,0.00000,0.00000,a.savitskiy,,2026-03-23 16:10:29,,4111.50000,8223.00000,,,N,N,N,,True,3.42000,,,,,,0,ЭКС-000012189   ,2026-03-23 00:00:00,,,,,2.00000,1978034,2,,,,,,,,C,,Годен,,,
1996845,,WH1,321176,EKS000005787,169754,"Вспомогат.контакт S2C-H6R 1п.к. для S200 (+для F200, DS200 и DS201/DS202C)",,,ЭКС,2.00000,ШТ,0.00000,ЭКС-000005787   ,,5962169.00000,,,0.03000,КГ,11.00000,11.00000,1.70000,СМ,,,,3770.52000,,,,,,Катышев Александр Вячесла,Шаповалов П.Г.,2CDS200912R0001,ШТ,Недоступен к заказу,АББ ООО,0.00000,0.00000,r.sagaidak,,2026-03-23 16:07:41,,942.63000,1885.26000,,,N,N,N,,False,0.06000,,,,,,0,ЭКС-000009536   ,2026-03-23 00:00:00,,,,,2.00000,1978035,2,,,,,,,,C,,Годен,,,
1996846,,WH1,321176,EKS000005787,52383,Вспомог. сигнал. контакт комп. S2C-S/H6R для S200 STO2CDS200909R0001,,,ЭКС,2.00000,ШТ,0.00000,ЭКС-000005787   ,,5962168.00000,,,0.04000,КГ,10.00000,11.00000,2.00000,СМ,,False,,5147.52000,,8536901000,,,,Катышев Александр Вячесла,Шаповалов П.Г.,2CDS200922R0001,ШТ,Недоступен к заказу,АББ ООО,0.00000,0.00000,r.sagaidak,,2026-03-23 16:08:16,,1286.88000,2573.76000,,,N,N,N,,False,0.08000,,,,,,0,ЭКС-000009536   ,2026-03-23 00:00:00,,,,,2.00000,1978036,2,,,,,,,,C,,Годен,,,
1996847,,WH1,321177,EKS000005788,533620,"STAYER 4-in-1 съемник стопорных колец, 4 насадки",,,ЭКС,1.00000,УП,0.00000,ЭКС-000005788   ,,5962171.00000,,,0.10000,КГ,24.50000,10.50000,2.50000,СМ,,,,290.96000,,,,,,Заказной,Петров И.В.,2280,УП,Заказной товар,ЗУБР НСК ООО (Ювента),0.00000,0.00000,n.bezrukov,,2026-03-23 16:16:58,,290.96000,290.96000,,,N,N,N,,False,0.10000,,,,,,0,ЭКС-000011957   ,2026-03-23 00:00:00,,,,,1.00000,1978037,2,,,,,,,,C,,Годен,,,
1996848,,WH1,321177,EKS000005788,883827,"ЗУБР СТП-5/5 текстильный петлевой строп, красный, г/п 5 т, длина 5 м",,,ЭКС,4.00000,ШТ,0.00000,ЭКС-000005788   ,,5962174.00000,,,2.84000,КГ,40.00000,16.00000,10.00000,СМ,,False,,40888.32000,,,,,,Заказной,Петров И.В.,43555-5-5,ШТ,Заказной товар,ЗУБР НСК ООО (Ювента),0.00000,0.00000,n.bezrukov,,2026-03-23 16:20:43,,2555.52000,10222.08000,,,N,N,N,,False,11.36000,,,,,,0,ЭКС-000012172   ,2026-03-23 00:00:00,,,,,4.00000,1978038,2,,,,,,,,C,,Годен,,,
1996849,,WH1,321177,EKS000005788,883826,"4 шт, 130 мм, набор съемников стопорных колец, Профессионал (22825)",,,ЭКС,1.00000,ШТ,0.00000,ЭКС-000005788   ,,5962172.00000,,,0.38000,КГ,23.00000,13.00000,4.00000,СМ,,False,,992.80000,,,,,,Заказной,Петров И.В.,22825,ШТ,Заказной товар,ЗУБР НСК ООО (Ювента),0.00000,0.00000,n.bezrukov,,2026-03-23 16:18:18,,992.80000,992.80000,,,N,N,N,,False,0.38000,,,,,,0,ЭКС-000011957   ,2026-03-23 00:00:00,,,,,1.00000,1978039,2,,,,,,,,C,,Годен,,,
1996850,,WH1,321177,EKS000005788,837421,"d 125 мм, 1600 Вт, 30 мм, штроборез (бороздодел), Профессионал (ЗШ-П30-1600 ПСТ)",,,ЭКС,1.00000,ШТ,0.00000,ЭКС-000005788   ,,5962176.00000,,,4.92000,КГ,48.00000,21.50000,18.00000,СМ,,False,,8400.57000,,,,,,Заказной,Петров И.В.,ЗШ-П30-1600 ПСТ,ШТ,Заказной товар,ЗУБР НСК ООО (Ювента),0.00000,0.00000,n.bezrukov,,2026-03-23 16:15:10,,8400.57000,8400.57000,,,N,N,N,,False,4.92000,,,,,,0,ЭКС-000012160   ,2026-03-23 00:00:00,,,,,1.00000,1978040,2,,,,,,,,C,,Годен,,,
1996851,,WH1,321177,EKS000005788,634159,"Силовой удлинитель ЗУБР КГ 3х2.5 5м 3гн. 4000Вт IP44, КГ 325-Ш3, Профессионал",,,ЭКС,1.00000,ШТ,0.00000,ЭКС-000005788   ,,5962175.00000,,,0.60000,КГ,26.00000,13.00000,6.00000,СМ,,,,925.89000,,,,,,Заказной,Княжева Ю.В.,55024-05,ШТ,Заказной товар,ЗУБР НСК ООО (Ювента),0.00000,0.00000,n.bezrukov,,2026-03-23 16:15:50,,925.89000,925.89000,,,N,N,N,,False,0.60000,,,,,,0,ЭКС-000012062   ,2026-03-23 00:00:00,,,,,1.00000,1978041,2,,,,,,,,C,,Годен,,,
1996852,,WH1,321177,EKS000005788,541423,"Набор сверл по металлу титановых 10 шт (1-10 мм), Р6М5, класс А, Титан Профессионал (ЗУБР)",,,ЭКС,2.00000,УП,0.00000,ЭКС-000005788   ,,5962173.00000,,,0.26000,КГ,16.00000,10.00000,1.50000,СМ,,,,5171.24000,,,,,,Заказной,Петров И.В.,29615-H10,УП,Заказной товар,ЗУБР НСК ООО (Ювента),0.00000,0.00000,n.bezrukov,,2026-03-23 16:19:11,,1292.81000,2585.62000,,,N,N,N,,False,0.52000,,,,,,0,ЭКС-000012172   ,2026-03-23 00:00:00,,,,,2.00000,1978042,2,,,,,,,,C,,Годен,,,
1996853,,WH1,321178,TR-23/03/2026-13,0000,ТРАНЗИТ,,КЕМЕРОВО,ЭКС,1.00000,ГМ,0.00000,,,1.00000,4712-12-31 00:00:00,,1.00000,КГ,1.00000,1.00000,1.00000,СМ,СМ3,,,0.00000,,,,0,,,,,,,,0.00000,2.00000,r.sagaidak,,2026-03-23 16:33:01,,0.00000,0.00000,0,Y,Y,N,N,рц,,1.00000,,,рц,0.00000,,0,,2026-03-23 00:00:00,0.00000,0.00000,0.00000,0.00000,1.00000,,,,,,,,,,,,,,,0.00000
1996854,,WH1,321179,EKS000005789,676084,"Выключатель 2кл с самовозвратом(кнопка), сх.2, 10А, механизм, Atlasdesign Алюминий  ATN000317",,,ЭКС,5.00000,ШТ,0.00000,ЭКС-000005789   ,,5962198.00000,,,0.10000,КГ,7.00000,7.00000,4.00000,СМ,,,,8032.50000,,,,,,Заказной,Куграшова О.В.,ATN000317,ШТ,Заказной товар,СИСТЭМ ЭЛЕКТРИК АО (ранее,0.00000,0.00000,a.savitskiy,,2026-03-23 17:20:50,,321.30000,1606.50000,,,N,N,N,,False,0.50000,,,,,,0,ЭКС-000010694   ,2026-03-22 00:00:00,,,,,5.00000,1978043,2,,,,,,,,C,,Годен,,,
1996855,,WH1,321180,EKS000005790,730907,Systeme Electric Контактор MC1E 3P 80A НО+НЗ 380V/400V 50/60ГЦ,,,ЭКС,8.00000,ШТ,0.00000,ЭКС-000005790   ,,5962199.00000,,,1.43000,КГ,14.00000,9.00000,13.50000,СМ,,,,339264.00000,,,,,,Заказной,Третьяков С.М.,MC1E80Q7,ШТ,Заказной товар,СИСТЭМ ЭЛЕКТРИК АО (ранее,0.00000,0.00000,a.savitskiy,,2026-03-23 17:18:43,,5301.00000,42408.00000,,,N,N,N,,False,11.44000,,,,,,0,ЭКС-000009542   ,2026-03-21 00:00:00,,,,,8.00000,1978044,2,,,,,,,,C,,Годен,,,
1996856,,WH1,321181,EKS000005791,215044,"Выключатель авт. ВА-101 4п   63А  х-ка D   4,5кА  11144DEK  DEKraft",,,ЭКС,3.00000,ШТ,0.00000,ЭКС-000005791   ,,5962200.00000,,,0.20000,КГ,16.00000,11.00000,9.00000,СМ,,,,7812.00000,,,,,,Заказной,Шаповалов П.Г.,11144DEK,ШТ,Заказной товар,СИСТЭМ ЭЛЕКТРИК АО (ранее,0.00000,0.00000,a.savitskiy,,2026-03-23 17:21:16,,868.00000,2604.00000,,,N,N,N,,False,0.60000,,,,,,0,,2026-03-22 00:00:00,,,,,3.00000,1978045,2,,,,,,,,C,,Годен,,,
1996857,,WH1,321182,EKS000005792,569198,Комплект фильтров Pre-filter+HEPA+Carbon FPHC-107 для очистителей воздуха BALLU AP-107,,,ЭКС,4.00000,КТ,0.00000,ЭКС-000005792   ,,5962210.00000,,,0.55000,КГ,39.00000,24.00000,4.00000,СМ,,False,,31540.96000,,,,,,Заказной,Петров И.В.,НС-1276057,КТ,Заказной товар,Р-Климат,0.00000,0.00000,a.manokhin,,2026-03-23 18:21:03,,1971.31000,7885.24000,,,N,N,N,,False,2.20000,,,,,,0,ЭКС-000012190   ,2026-03-23 00:00:00,,,,,4.00000,1978046,2,,,,,,,,C,,Годен,,,
1996858,,WH1,321182,EKS000005792,512007,Термостат механический BALLU BMT-1,,,ЭКС,3.00000,ШТ,0.00000,ЭКС-000005792   ,,5962209.00000,,,0.30000,КГ,9.00000,9.00000,6.00000,СМ,,False,,6191.55000,,,,,,Катышев Александр Вячесла,Петров И.В.,НС-1042655,ШТ,Базовый,Р-Климат,0.00000,0.00000,a.manokhin,,2026-03-23 18:17:31,,687.95000,2063.85000,,,N,N,N,,False,0.90000,,,,,,0,ЭКС-000010536   ,2026-03-23 00:00:00,,,,,3.00000,1978047,2,,,,,,,,C,,Годен,,,
1996859,,WH1,321183,EKS000005793,715541,Система Neptun PROFI Base 1/2,,,ЭКС,2.00000,ШТ,0.00000,ЭКС-000005793   ,,5962211.00000,,,2.50000,КГ,20.00000,12.00000,20.00000,СМ,,False,,67004.28000,,,,,,Заказной,Петров И.В.,НС-1381327,ШТ,Заказной товар,Р-Климат,0.00000,0.00000,a.manokhin,,2026-03-23 18:14:33,,16751.07000,33502.14000,,,N,N,N,,False,5.00000,,,,,,0,ЭКС-000010736   ,2026-03-23 00:00:00,,,,,2.00000,1978048,2,,,,,,,,C,,Годен,,,
1996860,,WH1,321184,EKS000005794,705728,Кронштейн универсальный CWM-02 для монтажа конвектора на стену,,,ЭКС,15.00000,ШТ,0.00000,ЭКС-000005794   ,,5962213.00000,,,0.03000,КГ,30.00000,6.00000,2.00000,СМ,,False,,61137.00000,,,,,,Заказной,Петров И.В.,НС-1168104,ШТ,Заказной товар,Р-Климат,0.00000,0.00000,a.manokhin,,2026-03-23 18:18:21,,271.72000,4075.80000,,,N,N,N,,False,0.45000,,,,,,0,ЭКС-000011804   ,2026-03-23 00:00:00,,,,,15.00000,1978049,2,,,,,,,,C,,Годен,,,
1996861,,WH1,321184,EKS000005794,569454,Комплект колесиков BFT/EVUR для конвекторов Ballu Evolution Transformer,,,ЭКС,1.00000,КТ,0.00000,ЭКС-000005794   ,,5962214.00000,,,0.35000,КГ,25.00000,12.00000,7.00000,СМ,,False,,407.21000,,,,,,Заказной,Петров И.В.,НС-1117335,КТ,Заказной товар,Р-Климат,0.00000,0.00000,a.manokhin,,2026-03-23 18:16:02,,407.21000,407.21000,,,N,N,N,,False,0.35000,,,,,,0,ЭКС-000011922   ,2026-03-23 00:00:00,,,,,1.00000,1978050,2,,,,,,,,C,,Годен,,,
1996862,,WH1,321184,EKS000005794,559175,Конвектор Ballu Camino Eco Turbo BEC/EMT-1000,,,ЭКС,18.00000,ШТ,0.00000,ЭКС-000005794   ,,5962212.00000,,,3.30000,КГ,45.00000,42.00000,13.00000,СМ,,False,,555711.84000,,,,,,Катышев Александр Вячесла,Петров И.В.,НС-1166353,ШТ,Выводится из ассортимента,Р-Климат,0.00000,0.00000,a.manokhin,,2026-03-23 18:19:47,,1715.16000,30872.88000,,,N,N,N,,False,59.40000,,,,,,0,ЭКС-000011804   ,2026-03-23 00:00:00,,,,,18.00000,1978051,2,,,,,,,,C,,Годен,,,
1996863,,WH1,321184,EKS000005794,883798,Блок управления Transformer Mechanic Ballu BCT/EVU-3M,,,ЭКС,1.00000,ШТ,0.00000,ЭКС-000005794   ,,5962215.00000,,,0.36000,КГ,16.00000,10.00000,9.00000,СМ,,False,,1351.48000,,,,,,Заказной,Петров И.В.,НС-1238688,ШТ,Заказной товар,Р-Климат,0.00000,0.00000,a.manokhin,,2026-03-23 18:17:04,,1351.48000,1351.48000,,,N,N,N,,False,0.36000,,,,,,0,ЭКС-000011922   ,2026-03-23 00:00:00,,,,,1.00000,1978052,2,,,,,,,,C,,Годен,,,
1996864,,WH1,321185,EKS000005795,761671,"Welrok VIP-63 Реле напряжения с контролем тока 63 А (max 80 A), 13 900 ВА",,,ЭКС,1.00000,ШТ,0.00000,ЭКС-000005795   ,,5962218.00000,,,0.40000,КГ,9.00000,7.00000,4.00000,СМ,,,,2286.61000,,,,,,,Третьяков С.М.,4660251140335,ШТ,Базовый,ООО «ВЭЛРОК»,0.00000,0.00000,r.sagaidak,,2026-03-24 08:22:36,,2286.61000,2286.61000,,,N,N,N,,False,0.40000,,,,,,0,,2026-03-24 00:00:00,,,,,1.00000,1978053,2,,,,,,,,C,,Брак,,,
1996865,,WH1,321186,EKS000005796,199097,"Кабель КСРВнг(А)-FRLS 4х0,5 мм (0,2 мм кв.)",,,ЭКС,200.00000,М,0.00000,ЭКС-000005796   ,,5962219.00000,,,0.13000,КГ,100.00000,0.90000,0.90000,СМ,,,,1393600.00000,9,,,,,Заказной,Косолапова Л.В.,,М,Заказной товар,,0.00000,0.00000,a.manokhin,,2026-03-24 08:44:14,,34.84000,6968.00000,,,Y,N,N,,False,26.00000,,,,,,0,ЭКС-000010569   ,2026-03-23 00:00:00,,,,,200.00000,1978054,1,,,,,,,,C,,Годен,,,
1996866,,WH1,321187,EKS000005797,608394,"Кабель КСВВнг(А)-LS 2х2х0,8",,,ЭКС,100.00000,М,0.00000,ЭКС-000005797   ,,5962220.00000,,,0.02000,КГ,100.00000,0.40000,0.40000,СМ,,,,342500.00000,,,,,,Заказной,Косолапова Л.В.,,М,Заказной товар,ТПД Паритет ООО,0.00000,0.00000,a.manokhin,,2026-03-24 08:44:42,,34.25000,3425.00000,,,Y,N,N,,False,2.00000,,,,,,0,ЭКС-000012265   ,2026-03-23 00:00:00,,,,,100.00000,1978055,1,,,,,,,,C,,Годен,,,
1996867,,WH1,321188,EKS000005798,698785,"Кабель NIKOLAN SF/UTP 4 пары, Кат.5e (Класс D), тест по ISO/IEC, 100МГц, одножильный, BC (чистая мед",,,ЭКС,2.00000,ШТ,0.00000,ЭКС-000005798   ,,5962222.00000,,,15.99000,КГ,33.00000,26.50000,33.50000,СМ,,,,105301.92000,,,,,,Заказной,Козлова М.А.,NMC 4000C-OR,ШТ,Заказной товар,Тайле Рус,0.00000,0.00000,a.savitskiy,,2026-03-24 08:53:03,,26325.48000,52650.96000,,,N,N,N,,False,31.98000,,,,,,0,ЭКС-000010097   ,2026-03-23 00:00:00,,,,,2.00000,1978056,2,,,,,,,,C,,Годен,,,
1996868,,WH1,321188,EKS000005798,695764,"Кабель NETLAN F/UTP 4 пары, Кат.5e (Класс D), 100МГц, одножильный, BC (чистая медь), внешний, PE до",,,ЭКС,1.00000,ШТ,0.00000,ЭКС-000005798   ,,5962221.00000,,,15.00000,КГ,42.00000,42.00000,23.00000,СМ,,,,8070.95000,,,,,,Заказной,Козлова М.А.,EC-UF004-5E-PE-BK,ШТ,Заказной товар,Тайле Рус,0.00000,0.00000,a.savitskiy,,2026-03-24 08:49:28,,8070.95000,8070.95000,,,N,N,N,,False,15.00000,,,,,,0,ЭКС-000011936   ,2026-03-23 00:00:00,,,,,1.00000,1978057,2,,,,,,,,C,,Годен,,,
1996869,,WH1,321189,EKS000005799,12338,Пускатель ПБР-3А бесконтактный реверс.,,,ЭКС,5.00000,ШТ,0.00000,ЭКС-000005799   ,,5962223.00000,,,0.70000,КГ,26.00000,22.00000,10.00000,СМ,,,,183412.00000,,,,,,Заказной,Аверин А.И.,,ШТ,Прочее,,0.00000,0.00000,a.manokhin,,2026-03-24 08:48:44,,7336.48000,36682.40000,,,N,N,N,,False,3.50000,,,,,,0,ЭКС-000008766   ,2026-03-23 00:00:00,,,,,5.00000,1978058,2,,,,,,,,C,,Годен,,,
1996870,,WH1,321190,EKS000005800,596927,"Комплект радиоуправления TOR F21-E1B (380В, 6 кнопок)",,,ЭКС,1.00000,ШТ,0.00000,ЭКС-000005800   ,,5962226.00000,,,0.50000,КГ,32.00000,20.00000,17.00000,СМ,,,,3105.00000,,,,,,Заказной,Петров И.В.,1190512,ШТ,Заказной товар,"ТОРГОВЫЙ ДОМ ""ТОР"" ООО",0.00000,0.00000,r.sagaidak,,2026-03-24 08:49:03,,3105.00000,3105.00000,,,N,N,N,,False,0.50000,,,,,,0,ЭКС-000011780   ,2026-03-24 00:00:00,,,,,1.00000,1978059,2,,,,,,,,C,,Годен,,,
1996871,,WH1,321191,EKS000005801,370021,"Кабель КГтп-ХЛ 2х0,75-380/660В-3",,,ЭКС,2100.00000,М,100.00000,ЭКС-000005801   ,,5962227.00000,,,0.05700,КГ,100.00000,0.72000,0.72000,СМ,,,,92565900.00000,7.2,,,,,Коробейников Николай Алек,Дунав М.И.,370021,М,Товар РЦ,ЗАО Металлист,0.00000,0.00000,a.savitskiy,,2026-03-24 09:55:29,,20.99000,44079.00000,,,Y,N,N,,False,119.70000,,,,,,0,,2026-03-24 00:00:00,,,,,2100.00000,1978060,1,,,,,,,,C,,Годен,,,
1996872,,WH1,321192,EKS000005802,490834,Греющий кабель CLIMATIQ CABLE 90м в стяжку 20Вт/м.п.,,,ЭКС,1.00000,ШТ,0.00000,ЭКС-000005802   ,,5962250.00000,,,2.00000,КГ,28.00000,28.00000,12.00000,СМ,,,,5765.16000,,,,,,Заказной,Козлова М.А.,IQ206327,ШТ,Заказной товар,СМАРТ ХИТ ООО,0.00000,0.00000,a.manokhin,,2026-03-24 10:00:14,,5765.16000,5765.16000,,,N,N,N,,False,2.00000,,,,,,0,ЭКС-000008764   ,2026-03-26 00:00:00,,,,,1.00000,1978061,2,,,,,,,,C,,Годен,,,
1996873,,WH1,321192,EKS000005802,490831,Греющий кабель CLIMATIQ CABLE 50м в стяжку 20Вт/м.п.,,,ЭКС,5.00000,ШТ,0.00000,ЭКС-000005802   ,,5962249.00000,,,1.00000,КГ,23.00000,23.00000,11.00000,СМ,,,,90276.75000,,,,,,Коробейников Николай Алек,Козлова М.А.,IQ206280,ШТ,Базовый,СМАРТ ХИТ ООО,0.00000,0.00000,a.manokhin,,2026-03-24 09:47:56,,3611.07000,18055.35000,,,N,N,N,,False,5.00000,,,,,,0,,2026-03-26 00:00:00,,,,,5.00000,1978062,2,,,,,,,,C,,Годен,,,
1996874,,WH1,321192,EKS000005802,490828,Греющий кабель CLIMATIQ CABLE 25м в стяжку 20Вт/м.п.,,,ЭКС,5.00000,ШТ,0.00000,ЭКС-000005802   ,,5962248.00000,,,0.50000,КГ,23.00000,23.00000,11.00000,СМ,,,,54959.00000,,,,,,Коробейников Николай Алек,Козлова М.А.,IQ206242,ШТ,Базовый,СМАРТ ХИТ ООО,0.00000,0.00000,a.manokhin,,2026-03-24 09:59:49,,2198.36000,10991.80000,,,N,N,N,,False,2.50000,,,,,,0,,2026-03-26 00:00:00,,,,,5.00000,1978063,2,,,,,,,,C,,Годен,,,
1996875,,WH1,321192,EKS000005802,266794,"Мат греющий CLIMATIQ-2,0, 300Вт 2,0м2",,,ЭКС,12.00000,ШТ,0.00000,ЭКС-000005802   ,,5962235.00000,,,1.00000,КГ,50.00000,15.00000,15.00000,СМ,,,,276196.32000,,,,,,Коробейников Николай Алек,Козлова М.А.,IQ206037,ШТ,Базовый,СМАРТ ХИТ ООО,0.00000,0.00000,a.manokhin,,2026-03-24 09:28:08,,1918.03000,23016.36000,,,N,N,N,,False,12.00000,,,,,,0,,2026-03-26 00:00:00,,,,,12.00000,1978064,2,,,,,,,,C,,Годен,,,
1996876,,WH1,321192,EKS000005802,266793,"Мат греющий CLIMATIQ-1,5, 225Вт 1,5м2",,,ЭКС,5.00000,ШТ,0.00000,ЭКС-000005802   ,,5962234.00000,,,1.00000,КГ,50.00000,15.00000,15.00000,СМ,,,,39928.25000,,,,,,Коробейников Николай Алек,Козлова М.А.,IQ206020,ШТ,Базовый,СМАРТ ХИТ ООО,0.00000,0.00000,a.manokhin,,2026-03-24 09:56:03,,1597.13000,7985.65000,,,N,N,N,,False,5.00000,,,,,,0,,2026-03-26 00:00:00,,,,,5.00000,1978065,2,,,,,,,,C,,Годен,,,
1996877,,WH1,321192,EKS000005802,266792,"Мат греющий CLIMATIQ-1,0, 150Вт 1,0м2",,,ЭКС,5.00000,ШТ,0.00000,ЭКС-000005802   ,,5962233.00000,,,1.10000,КГ,52.00000,15.00000,15.00000,СМ,,,,32274.50000,,,,,,Коробейников Николай Алек,Козлова М.А.,IQ206013,ШТ,Базовый,СМАРТ ХИТ ООО,0.00000,0.00000,a.manokhin,,2026-03-24 09:59:18,,1290.98000,6454.90000,,,N,N,N,,False,5.50000,,,,,,0,,2026-03-26 00:00:00,,,,,5.00000,1978066,2,,,,,,,,C,,Годен,,,
1996878,,WH1,321192,EKS000005802,266791,"Мат греющий CLIMATIQ-0,5, 75Вт 0,5м2",,,ЭКС,5.00000,ШТ,0.00000,ЭКС-000005802   ,,5962232.00000,,,1.00000,КГ,52.00000,15.00000,15.00000,СМ,,,,27756.25000,,,,,,Коробейников Николай Алек,Козлова М.А.,IQ206006,ШТ,Базовый,СМАРТ ХИТ ООО,0.00000,0.00000,a.manokhin,,2026-03-24 09:58:43,,1110.25000,5551.25000,,,N,N,N,,False,5.00000,,,,,,0,,2026-03-26 00:00:00,,,,,5.00000,1978067,2,,,,,,,,C,,Годен,,,
1996879,,WH1,321192,EKS000005802,490827,Греющий кабель CLIMATIQ CABLE 20м в стяжку 20Вт/м.п.,,,ЭКС,22.00000,ШТ,0.00000,ЭКС-000005802   ,,5962246.00000,,,1.00000,КГ,23.00000,23.00000,11.00000,СМ,,,,924759.44000,,,,,,Коробейников Николай Алек,Козлова М.А.,IQ206235,ШТ,Базовый,СМАРТ ХИТ ООО,0.00000,0.00000,a.manokhin,,2026-03-24 09:49:28,,1910.66000,42034.52000,,,N,N,N,,False,22.00000,,,,,,0,,2026-03-26 00:00:00,,,,,22.00000,1978068,2,,,,,,,,C,,Годен,,,
1996880,,WH1,321192,EKS000005802,490825,Греющий кабель CLIMATIQ CABLE 15м в стяжку 20Вт/м.п.,,,ЭКС,15.00000,ШТ,0.00000,ЭКС-000005802   ,,5962245.00000,,,0.50000,КГ,23.00000,23.00000,11.00000,СМ,,,,363503.25000,,,,,,Коробейников Николай Алек,Козлова М.А.,IQ206228,ШТ,Базовый,СМАРТ ХИТ ООО,0.00000,0.00000,a.manokhin,,2026-03-24 09:44:02,,1615.57000,24233.55000,,,N,N,N,,False,7.50000,,,,,,0,,2026-03-26 00:00:00,,,,,15.00000,1978069,2,,,,,,,,C,,Годен,,,
1996881,,WH1,321192,EKS000005802,490823,Греющий кабель CLIMATIQ CABLE 10м в стяжку 20Вт/м.п.,,,ЭКС,16.00000,ШТ,0.00000,ЭКС-000005802   ,,5962243.00000,,,0.50000,КГ,23.00000,23.00000,11.00000,СМ,,,,329546.24000,,,,,,Коробейников Николай Алек,Козлова М.А.,IQ206211,ШТ,Базовый,СМАРТ ХИТ ООО,0.00000,0.00000,a.manokhin,,2026-03-24 09:44:24,,1287.29000,20596.64000,,,N,N,N,,False,8.00000,,,,,,0,,2026-03-26 00:00:00,,,,,16.00000,1978070,2,,,,,,,,C,,Годен,,,
1996882,,WH1,321192,EKS000005802,468917,Терморегулятор CLIMATIQ PT электр. прогр. белый,,,ЭКС,5.00000,ШТ,0.00000,ЭКС-000005802   ,,5962242.00000,,,0.20000,КГ,10.00000,9.50000,6.70000,СМ,,,,32090.25000,,,,,,Коробейников Николай Алек,Козлова М.А.,IQ20665,ШТ,Базовый,СМАРТ ХИТ ООО,0.00000,0.00000,a.manokhin,,2026-03-24 09:39:43,,1283.61000,6418.05000,,,N,N,N,,False,1.00000,,,,,,0,,2026-03-26 00:00:00,,,,,5.00000,1978071,2,,,,,,,,C,,Годен,,,
1996883,,WH1,321192,EKS000005802,392734,Терморегулятор CLIMATIQ BT мех. слоновая кость (модель RTC 70.26),,,ЭКС,20.00000,ШТ,0.00000,ЭКС-000005802   ,,5962241.00000,,,0.19000,КГ,10.00000,9.00000,7.00000,СМ,,,,150820.00000,,,,,,Коробейников Николай Алек,Козлова М.А.,IQ20617,ШТ,Базовый,СМАРТ ХИТ ООО,0.00000,0.00000,a.manokhin,,2026-03-24 09:52:49,,377.05000,7541.00000,,,N,N,N,,False,3.80000,,,,,,0,,2026-03-26 00:00:00,,,,,20.00000,1978072,2,,,,,,,,C,,Годен,,,
1996884,,WH1,321192,EKS000005802,391461,Терморегулятор CLIMATIQ PT электр. прогр. слоновая кость,,,ЭКС,5.00000,ШТ,0.00000,ЭКС-000005802   ,,5962240.00000,,,0.34000,КГ,10.00000,9.50000,7.00000,СМ,,,,32090.25000,,,,,,Коробейников Николай Алек,Козлова М.А.,IQ20666,ШТ,Базовый,СМАРТ ХИТ ООО,0.00000,0.00000,a.manokhin,,2026-03-24 09:39:25,,1283.61000,6418.05000,,,N,N,N,,False,1.70000,,,,,,0,,2026-03-26 00:00:00,,,,,5.00000,1978073,2,,,,,,,,C,,Годен,,,
1996885,,WH1,321192,EKS000005802,318321,Терморегулятор CLIMATIQ BT мех. белый (модель RTC 70.26),,,ЭКС,90.00000,ШТ,0.00000,ЭКС-000005802   ,,5962239.00000,,,0.30000,КГ,10.00000,9.50000,6.50000,СМ,,,,3054105.00000,,,,,,Коробейников Николай Алек,Козлова М.А.,IQ20616,ШТ,Базовый,СМАРТ ХИТ ООО,0.00000,0.00000,a.manokhin,,2026-03-24 09:53:43,,377.05000,33934.50000,,,N,N,N,,False,27.00000,,,,,,0,,2026-03-26 00:00:00,,,,,90.00000,1978074,2,,,,,,,,A,,Годен,,,
1996886,,WH1,321192,EKS000005802,266800,"Мат греющий CLIMATIQ-5,0, 750Вт 5,0м2",,,ЭКС,2.00000,ШТ,0.00000,ЭКС-000005802   ,,5962238.00000,,,2.00000,КГ,52.00000,20.00000,20.00000,СМ,,,,15491.80000,,,,,,Коробейников Николай Алек,Козлова М.А.,IQ206099,ШТ,Базовый,СМАРТ ХИТ ООО,0.00000,0.00000,a.manokhin,,2026-03-24 10:00:38,,3872.95000,7745.90000,,,N,N,N,,False,4.00000,,,,,,0,,2026-03-26 00:00:00,,,,,2.00000,1978075,2,,,,,,,,C,,Годен,,,
1996887,,WH1,321192,EKS000005802,266797,"Мат греющий CLIMATIQ-3,5, 525Вт 3,5м2",,,ЭКС,3.00000,ШТ,0.00000,ЭКС-000005802   ,,5962237.00000,,,1.50000,КГ,52.00000,15.00000,15.00000,СМ,,,,26690.13000,,,,,,Коробейников Николай Алек,Козлова М.А.,IQ206068,ШТ,Базовый,СМАРТ ХИТ ООО,0.00000,0.00000,a.manokhin,,2026-03-24 09:57:54,,2965.57000,8896.71000,,,N,N,N,,False,4.50000,,,,,,0,,2026-03-26 00:00:00,,,,,3.00000,1978076,2,,,,,,,,C,,Годен,,,
1996888,,WH1,321192,EKS000005802,266795,"Мат греющий CLIMATIQ-2,5, 375Вт 2,5м2",,,ЭКС,7.00000,ШТ,0.00000,ЭКС-000005802   ,,5962236.00000,,,1.80000,КГ,52.00000,15.00000,15.00000,СМ,,,,108804.01000,,,,,,Коробейников Николай Алек,Козлова М.А.,IQ206044,ШТ,Базовый,СМАРТ ХИТ ООО,0.00000,0.00000,a.manokhin,,2026-03-24 09:56:34,,2220.49000,15543.43000,,,N,N,N,,False,12.60000,,,,,,0,,2026-03-26 00:00:00,,,,,7.00000,1978077,2,,,,,,,,C,,Годен,,,
1996889,,WH1,321192,EKS000005802,851327,Терморегулятор CLIMATIQ FD белый,,,ЭКС,5.00000,ШТ,0.00000,ЭКС-000005802   ,,5962262.00000,,,0.25000,КГ,10.00000,10.00000,7.00000,СМ,,False,,47858.50000,,,,,,,Козлова М.А.,IQ20674,ШТ,Базовый,СМАРТ ХИТ ООО,0.00000,0.00000,a.manokhin,,2026-03-24 09:40:30,,1914.34000,9571.70000,,,N,N,N,,False,1.25000,,,,,,0,,2026-03-26 00:00:00,,,,,5.00000,1978078,2,,,,,,,,C,,Годен,,,
1996890,,WH1,321192,EKS000005802,851326,Терморегулятор CLIMATIQ FD черный,,,ЭКС,5.00000,ШТ,0.00000,ЭКС-000005802   ,,5962261.00000,,,0.25000,КГ,13.00000,10.00000,7.00000,СМ,,False,,47858.50000,,,,,,,Козлова М.А.,IQ20673,ШТ,Базовый,СМАРТ ХИТ ООО,0.00000,0.00000,a.manokhin,,2026-03-24 09:41:12,,1914.34000,9571.70000,,,N,N,N,,False,1.25000,,,,,,0,,2026-03-26 00:00:00,,,,,5.00000,1978079,2,,,,,,,,C,,Годен,,,
1996891,,WH1,321192,EKS000005802,840566,"Мат греющий IQ FLOOR MAT-2,0  300Вт, 2,0м2",,,ЭКС,5.00000,ШТ,0.00000,ЭКС-000005802   ,,5962260.00000,,,1.40000,КГ,52.00000,15.00000,15.00000,СМ,,False,,95717.25000,,,,,,,Козлова М.А.,IQ00104,ШТ,Базовый,СМАРТ ХИТ ООО,0.00000,0.00000,a.manokhin,,2026-03-24 10:01:11,,3828.69000,19143.45000,,,N,N,N,,False,7.00000,,,,,,0,,2026-03-26 00:00:00,,,,,5.00000,1978080,2,,,,,,,,C,,Годен,,,
1996892,,WH1,321192,EKS000005802,795523,Терморегулятор CLIMATIQ BT мех. черный (модель RTC 70.26),,,ЭКС,70.00000,ШТ,0.00000,ЭКС-000005802   ,,5962259.00000,,,0.10000,КГ,10.00000,10.00000,7.00000,СМ,,,,1847545.00000,,,,,,,Козлова М.А.,IQ20618,ШТ,Базовый,СМАРТ ХИТ ООО,0.00000,0.00000,a.manokhin,,2026-03-24 09:51:33,,377.05000,26393.50000,,,N,N,N,,False,7.00000,,,,,,0,,2026-03-26 00:00:00,,,,,70.00000,1978081,2,,,,,,,,B,,Годен,,,
1996893,,WH1,321192,EKS000005802,679821,IQ OUTDOOR THERMOSTAT Din терморегулятор с выносным датчиком воздуха в комплекте,,,ЭКС,3.00000,ШТ,0.00000,ЭКС-000005802   ,,5962258.00000,,,0.01000,КГ,12.00000,10.00000,8.00000,СМ,,,,51639.30000,,,,,,,Козлова М.А.,IQ00422,ШТ,Новинка,СМАРТ ХИТ ООО,0.00000,0.00000,a.manokhin,,2026-03-24 09:38:25,,5737.70000,17213.10000,,,N,N,N,,False,0.03000,,,,,,0,,2026-03-26 00:00:00,,,,,3.00000,1978082,2,,,,,,,,C,,Годен,,,
1996894,,WH1,321192,EKS000005802,640533,Греющий кабель CLIMATIQ CABLE 35м в стяжку 20Вт/м.п.,,,ЭКС,10.00000,ШТ,0.00000,ЭКС-000005802   ,,5962257.00000,,,1.70000,КГ,23.00000,23.00000,11.00000,СМ,,,,270000.00000,,,,,,Коробейников Николай Алек,Козлова М.А.,IQ206266,ШТ,Базовый,СМАРТ ХИТ ООО,0.00000,0.00000,a.manokhin,,2026-03-24 09:47:29,,2700.00000,27000.00000,,,N,N,N,,False,17.00000,,,,,,0,,2026-03-26 00:00:00,,,,,10.00000,1978083,2,,,,,,,,C,,Годен,,,
1996895,,WH1,321192,EKS000005802,634131,Терморегулятор IQ THERMOSTAT D wi-fi черн. электрон. в рамку,,,ЭКС,6.00000,ШТ,0.00000,ЭКС-000005802   ,,5962256.00000,,,0.20000,КГ,10.00000,10.00000,7.00000,СМ,,,,128537.64000,,,,,,Коробейников Николай Алек,Козлова М.А.,IQ00420,ШТ,Базовый,СМАРТ ХИТ ООО,0.00000,0.00000,a.manokhin,,2026-03-24 09:50:42,,3570.49000,21422.94000,,,N,N,N,,False,1.20000,,,,,,0,,2026-03-26 00:00:00,,,,,6.00000,1978084,2,,,,,,,,C,,Годен,,,
1996896,,WH1,321192,EKS000005802,634129,Терморегулятор IQ THERMOSTAT D черн. электрон. в рамку матовый,,,ЭКС,25.00000,ШТ,0.00000,ЭКС-000005802   ,,5962255.00000,,,0.20000,КГ,10.00000,10.00000,7.00000,СМ,,False,,1330175.00000,,,,,,Коробейников Николай Алек,Козлова М.А.,IQ00417_мат,ШТ,Базовый,СМАРТ ХИТ ООО,0.00000,0.00000,a.manokhin,,2026-03-24 09:51:03,,2128.28000,53207.00000,,,N,N,N,,False,5.00000,,,,,,0,,2026-03-26 00:00:00,,,,,25.00000,1978085,2,,,,,,,,B,,Годен,,,
1996897,,WH1,321192,EKS000005802,493561,Греющий кабель CLIMATIQ CABLE 60м в стяжку 20Вт/м.п.,,,ЭКС,2.00000,ШТ,0.00000,ЭКС-000005802   ,,5962254.00000,,,2.90000,КГ,23.00000,23.00000,11.00000,СМ,,,,17144.28000,,,,,,Коробейников Николай Алек,Козлова М.А.,IQ206297,ШТ,Базовый,СМАРТ ХИТ ООО,0.00000,0.00000,a.manokhin,,2026-03-24 09:37:47,,4286.07000,8572.14000,,,N,N,N,,False,5.80000,,,,,,0,,2026-03-26 00:00:00,,,,,2.00000,1978086,2,,,,,,,,C,,Годен,,,
1996898,,WH1,321192,EKS000005802,493560,Греющий кабель CLIMATIQ CABLE 30м в стяжку 20Вт/м.п.,,,ЭКС,3.00000,ШТ,0.00000,ЭКС-000005802   ,,5962253.00000,,,1.60000,КГ,23.50000,23.50000,11.00000,СМ,,,,22407.75000,,,,,,Коробейников Николай Алек,Козлова М.А.,IQ206259,ШТ,Базовый,СМАРТ ХИТ ООО,0.00000,0.00000,a.manokhin,,2026-03-24 09:45:42,,2489.75000,7469.25000,,,N,N,N,,False,4.80000,,,,,,0,,2026-03-26 00:00:00,,,,,3.00000,1978087,2,,,,,,,,C,,Годен,,,
1996899,,WH1,321192,EKS000005802,493559,"Греющий кабель CLIMATIQ CABLE 7,5м в стяжку 20Вт/м.п.",,,ЭКС,10.00000,ШТ,0.00000,ЭКС-000005802   ,,5962251.00000,,,0.67000,КГ,23.00000,23.00000,11.00000,СМ,,,,109918.00000,,,,,,Коробейников Николай Алек,Козлова М.А.,IQ206204,ШТ,Базовый,СМАРТ ХИТ ООО,0.00000,0.00000,a.manokhin,,2026-03-24 09:36:44,,1099.18000,10991.80000,,,N,N,N,,False,6.70000,,,,,,0,,2026-03-26 00:00:00,,,,,10.00000,1978088,2,,,,,,,,C,,Годен,,,
1996900,,WH1,321193,EKS000005803,595753,"Arlight Светодиодная лента RT-A240-15mm 24V Day4000 (19.2 W/m, IP20, 2835, 5m) (ARL, Открытый)",,,ЭКС,15.00000,М,0.00000,ЭКС-000005803   ,,5962275.00000,,,0.02000,КГ,100.00000,1.00000,0.40000,СМ,,False,,180607.50000,,,,,,Заказной,Кузьмин М.С.,013474(2),М,Заказной товар,Арлайт РУС ООО,0.00000,0.00000,n.bezrukov,,2026-03-24 09:41:04,,802.70000,12040.50000,,,N,N,N,,False,0.30000,,,,,,0,ЭКС-000011092   ,2026-03-31 00:00:00,,,,,15.00000,1978089,2,,,,,,,,C,,Годен,,,
1996901,,WH1,321193,EKS000005803,595290,"Arlight Светодиодная лента RT-A60-8mm 12V Warm3000 (4.8 W/m, IP20, 2835, 5m) (Открытый)",,,ЭКС,150.00000,М,0.00000,ЭКС-000005803   ,,5962286.00000,,,0.01000,КГ,100.00000,0.50000,0.20000,СМ,,False,,5615550.00000,,,,,,Заказной,Кузьмин М.С.,024092(2),М,Заказной товар,Арлайт РУС ООО,0.00000,0.00000,n.bezrukov,,2026-03-24 09:43:50,,249.58000,37437.00000,,,N,N,N,,False,1.50000,,,,,,0,ЭКС-000011358   ,2026-03-31 00:00:00,,,,,150.00000,1978090,2,,,,,,,,C,,Годен,,,
1996902,,WH1,321193,EKS000005803,560519,Arlight Экран SL-W15-3000 OPAL (Пластик),,,ЭКС,12.00000,М,0.00000,ЭКС-000005803   ,,5962289.00000,,,0.01000,КГ,100.00000,1.50000,0.50000,СМ,,False,,25002.72000,,,,,,Заказной,Кузьмин М.С.,036034,М,Заказной товар,Арлайт РУС ООО,0.00000,0.00000,n.bezrukov,,2026-03-24 10:15:23,,173.63000,2083.56000,,,N,N,N,,False,0.12000,,,,,,0,ЭКС-000011433   ,2026-03-31 00:00:00,,,,,12.00000,1978091,2,,,,,,,Long 3,C,,Годен,,,
1996903,,WH1,321193,EKS000005803,399662,"Блок питания ARPV-LG24200-PFC-A (24V, 8.3A, 200W) (Arlight, IP67 Металл, 5 лет)",,,ЭКС,1.00000,ШТ,0.00000,ЭКС-000005803   ,,5962271.00000,,,0.90000,КГ,24.00000,9.00000,5.00000,СМ,,False,,4927.01000,,,,,,Заказной,Кузьмин М.С.,030019,ШТ,Заказной товар,Арлайт РУС ООО,0.00000,0.00000,n.bezrukov,,2026-03-24 09:56:09,,4927.01000,4927.01000,,,N,N,N,,False,0.90000,,,,,,0,ЭКС-000011092   ,2026-03-31 00:00:00,,,,,1.00000,1978092,2,,,,,,,,C,,Годен,,,
1996904,,WH1,321193,EKS000005803,387945,Arlight Заглушка SL-SLIM-H7 глухая,,,ЭКС,1.00000,КТ,0.00000,ЭКС-000005803   ,,5962288.00000,,,0.00300,КГ,2.00000,2.00000,1.00000,СМ,,False,,130.22000,,,,,,Заказной,Кузьмин М.С.,024475,КТ,Заказной товар,Арлайт РУС ООО,0.00000,0.00000,n.bezrukov,,2026-03-24 09:49:54,,130.22000,130.22000,,,N,N,N,,False,0.00300,,,,,,0,ЭКС-000011433   ,2026-03-31 00:00:00,,,,,1.00000,1978093,2,,,,,,,,C,,Годен,,,
1996905,,WH1,321193,EKS000005803,373371,Arlight Заглушка PIK-1007 глухая,,,ЭКС,10.00000,ШТ,0.00000,ЭКС-000005803   ,,5962287.00000,,,0.01000,КГ,0.50000,0.50000,0.50000,СМ,,False,,8681.00000,,,,,,Заказной,Кузьмин М.С.,023988,ШТ,Заказной товар,Арлайт РУС ООО,0.00000,0.00000,n.bezrukov,,2026-03-24 09:49:37,,86.81000,868.10000,,,N,N,N,,False,0.10000,,,,,,0,ЭКС-000011433   ,2026-03-31 00:00:00,,,,,10.00000,1978094,2,,,,,,,,C,,Годен,,,
1996906,,WH1,321193,EKS000005803,357720,"Блок питания ARPV-24015-B (24V, 0.6A, 15W) (Arlight, IP67 Металл, 3 года)",,,ЭКС,1.00000,ШТ,0.00000,ЭКС-000005803   ,,5962272.00000,,,0.20000,КГ,12.00000,3.00000,3.00000,СМ,,False,,618.42000,,,,,,Логунов Владимир Александ,Кузьмин М.С.,022897,ШТ,Товар филиала,Арлайт РУС ООО,0.00000,0.00000,n.bezrukov,,2026-03-24 10:08:51,,618.42000,618.42000,,,N,N,N,,False,0.20000,,,,,,0,ЭКС-000011092   ,2026-03-31 00:00:00,,,,,1.00000,1978095,2,,,,,,,,C,,Годен,,,
1996907,,WH1,321193,EKS000005803,559264,"Arlight Светодиодная лента MINI-F60-5mm 24V RGB (6 W/m, IP20, 3535, 5m) (узкая)",,,ЭКС,5.00000,М,0.00000,ЭКС-000005803   ,,5962270.00000,,,0.01000,КГ,100.00000,1.00000,0.30000,СМ,,False,,15303.75000,,,,,,Заказной,Кузьмин М.С.,025706(2),М,Заказной товар,Арлайт РУС ООО,0.00000,0.00000,n.bezrukov,,2026-03-24 09:50:28,,612.15000,3060.75000,,,N,N,N,,False,0.05000,,,,,,0,ЭКС-000011092   ,2026-03-31 00:00:00,,,,,5.00000,1978096,2,,,,,,,,C,,Годен,,,
1996908,,WH1,321193,EKS000005803,531427,"Панель IM-S600x600-40W Day4000 (WH, 120 deg, 230V) (Arlight, IP40 Металл, 3 года)",,,ЭКС,9.00000,ШТ,0.00000,ЭКС-000005803   ,,5962281.00000,,,2.00000,КГ,65.00000,68.00000,5.00000,СМ,,False,,349681.05000,,,,,,Заказной,Косова Т.В.,023145(2),ШТ,Заказной товар,Арлайт РУС ООО,0.00000,0.00000,n.bezrukov,,2026-03-24 10:10:35,,4317.05000,38853.45000,,,N,N,N,,False,18.00000,,,,,,0,ЭКС-000011345   ,2026-03-31 00:00:00,,,,,9.00000,1978097,2,,,,,,,,C,,Годен,,,
1996909,,WH1,321193,EKS000005803,522680,Arlight Профиль SL-SLIM-H7-3000 ANOD (Алюминий),,,ЭКС,12.00000,М,0.00000,ЭКС-000005803   ,,5962290.00000,,,0.10000,КГ,100.00000,2.00000,1.00000,СМ,,False,,32682.24000,,,,,,Заказной,Кузьмин М.С.,036033,М,Заказной товар,Арлайт РУС ООО,0.00000,0.00000,n.bezrukov,,2026-03-24 10:15:48,,226.96000,2723.52000,,,N,N,N,,False,1.20000,,,,,,0,ЭКС-000011433   ,2026-03-31 00:00:00,,,,,12.00000,1978098,2,,,,,,,,C,,Годен,,,
1996910,,WH1,321193,EKS000005803,520867,Arlight Профиль MIC-H-COMFY-2000 ANOD (Алюминий),,,ЭКС,10.00000,М,0.00000,ЭКС-000005803,,5962280.00000,,,0.08000,КГ,100.00000,1.50000,1.50000,СМ,,False,,83094.00000,,,,,,Акулинский Петр Иванович,Кузьмин М.С.,029844,М,Товар филиала,Арлайт РУС ООО,0.00000,0.00000,n.bezrukov,,2026-03-24 10:21:56,,830.94000,8309.40000,,Y,N,N,N,,False,0.80000,,,,,,0,ЭКС-000011304,2026-03-31 00:00:00,,,,,10.00000,1978099,2,,,,,,,Long 2,C,,Годен,,,
1996911,,WH1,321193,EKS000005803,501882,"Arlight Блок питания ARPV-12250-A1 (12V, 21A, 252W) (IP67 Металл, 3 года)",,,ЭКС,2.00000,ШТ,0.00000,ЭКС-000005803   ,,5962285.00000,,,0.30000,КГ,24.00000,8.00000,4.00000,СМ,,False,,16629.20000,,,,,,Заказной,Кузьмин М.С.,031513,ШТ,Заказной товар,Арлайт РУС ООО,0.00000,0.00000,n.bezrukov,,2026-03-24 09:51:18,,4157.30000,8314.60000,,,N,N,N,,False,0.60000,,,,,,0,ЭКС-000011358   ,2026-03-31 00:00:00,,,,,2.00000,1978100,2,,,,,,,,C,,Годен,,,
1996912,,WH1,321193,EKS000005803,497229,"Arlight Блок питания ARPV-12100-A1 (12V, 8.3A, 100W) (IP67 Металл, 3 года)",,,ЭКС,2.00000,ШТ,0.00000,ЭКС-000005803   ,,5962283.00000,,,0.20000,КГ,18.00000,5.50000,4.00000,СМ,,False,,10259.20000,,,,,,Логунов Владимир Александ,Кузьмин М.С.,032316,ШТ,Товар филиала,Арлайт РУС ООО,0.00000,0.00000,n.bezrukov,,2026-03-24 09:50:46,,2564.80000,5129.60000,,,N,N,N,,False,0.40000,,,,,,0,ЭКС-000011358   ,2026-03-31 00:00:00,,,,,2.00000,1978101,2,,,,,,,,C,,Годен,,,
1996913,,WH1,321193,EKS000005803,451992,"Arlight Светодиодная лента герметичная RTW-SE-A60-8mm 24V Warm3000 (7.2 W/m, IP65, 2835, 5m) (ARL, -",,,ЭКС,5.00000,М,0.00000,ЭКС-000005803   ,,5962273.00000,,,0.02000,КГ,100.00000,0.50000,0.30000,СМ,,False,,9780.75000,,,,,,Заказной,Кузьмин М.С.,020525(2),М,Заказной товар,Арлайт РУС ООО,0.00000,0.00000,n.bezrukov,,2026-03-24 09:45:49,,391.23000,1956.15000,,,N,N,N,,False,0.10000,,,,,,0,ЭКС-000011092   ,2026-03-31 00:00:00,,,,,5.00000,1978102,2,,,,,,,,C,,Годен,,,
1996914,,WH1,321193,EKS000005803,435358,"Контроллер SMART-MINI-RGB-SET (12-24V, 3x1.5A, ПДУ 24кн, IR) (ARL, IP20 Пластик, 5 лет)",,,ЭКС,1.00000,ШТ,0.00000,ЭКС-000005803   ,,5962277.00000,,,0.05000,КГ,10.00000,5.00000,2.00000,СМ,,False,,768.10000,,,,,,Логунов Владимир Александ,Кузьмин М.С.,031594,ШТ,Товар филиала,Арлайт РУС ООО,0.00000,0.00000,n.bezrukov,,2026-03-24 09:59:33,,768.10000,768.10000,,,N,N,N,,False,0.05000,,,,,,0,ЭКС-000011092   ,2026-03-31 00:00:00,,,,,1.00000,1978103,2,,,,,,,,C,,Годен,,,
1996915,,WH1,321193,EKS000005803,429351,"Лента COB-X378-8mm 24V Day4000 (11 W/m, IP20, 5m) (Arlight, -)",,,ЭКС,200.00000,М,0.00000,ЭКС-000005803   ,,5962295.00000,,,0.00100,КГ,100.00000,0.50000,0.20000,СМ,,False,,21045600.00000,,,,,,Логунов Владимир Александ,Кузьмин М.С.,031884(3),М,Базовый,Арлайт РУС ООО,0.00000,0.00000,n.bezrukov,,2026-03-24 09:52:02,,526.14000,105228.00000,,,N,N,N,,False,0.20000,,,,,,0,,2026-03-31 00:00:00,,,,,200.00000,1978104,2,,,,,,,,C,,Годен,,,
1996916,,WH1,321193,EKS000005803,423155,"Arlight Блок питания ARPV-12200-B1 (12V, 16,7A, 200W)",,,ЭКС,6.00000,ШТ,0.00000,ЭКС-000005803   ,,5962284.00000,,,0.50000,КГ,27.00000,9.00000,7.00000,СМ,,False,,140744.88000,,,,,,Заказной,Кузьмин М.С.,028784,ШТ,Заказной товар,Арлайт РУС ООО,0.00000,0.00000,n.bezrukov,,2026-03-24 09:52:24,,3909.58000,23457.48000,,,N,N,N,,False,3.00000,,,,,,0,ЭКС-000011358   ,2026-03-31 00:00:00,,,,,6.00000,1978105,2,,,,,,,,C,,Годен,,,
1996917,,WH1,321193,EKS000005803,862596,"Розетка мех-м с ЗК со шт. быстрозаж.клем. SCT-NOBE-MEU1-SFPL-GD (230V, 16A) Arlight NOBE Золото свет",,,ЭКС,10.00000,ШТ,0.00000,ЭКС-000005803   ,,5962266.00000,,,0.10000,КГ,8.00000,8.00000,4.00000,СМ,,False,,39116.00000,,,,,,Заказной,Кузьмин М.С.,054278,ШТ,Заказной товар,Арлайт РУС ООО,0.00000,0.00000,n.bezrukov,,2026-03-24 09:59:04,,391.16000,3911.60000,,,N,N,N,,False,1.00000,,,,,,0,ЭКС-000011032   ,2026-03-31 00:00:00,,,,,10.00000,1978106,2,,,,,,,,C,,Годен,,,
1996918,,WH1,321193,EKS000005803,862571,"Выключатель 2кл мех-м быстрозаж.клем. SWT-NOBE-MK02-SFPL-GD (230V, 10A) Arlight NOBE Золото светлое",,,ЭКС,5.00000,ШТ,0.00000,ЭКС-000005803   ,,5962268.00000,,,0.10000,КГ,8.00000,8.00000,4.00000,СМ,,False,,11498.25000,,,,,,Заказной,Кузьмин М.С.,054253,ШТ,Заказной товар,Арлайт РУС ООО,0.00000,0.00000,n.bezrukov,,2026-03-24 10:01:16,,459.93000,2299.65000,,,N,N,N,,False,0.50000,,,,,,0,ЭКС-000011032   ,2026-03-31 00:00:00,,,,,5.00000,1978107,2,,,,,,,,C,,Годен,,,
1996919,,WH1,321193,EKS000005803,862565,"Выключатель 1кл мех-м проходной быстрозаж.клем. SWT-NOBE-MKP1-SFPL-GD (230V, 10A) Arlight NOBE Золот",,,ЭКС,1.00000,ШТ,0.00000,ЭКС-000005803   ,,5962263.00000,,,0.10000,КГ,8.00000,8.00000,4.00000,СМ,,False,,453.66000,,,,,,Заказной,Кузьмин М.С.,054247,ШТ,Заказной товар,Арлайт РУС ООО,0.00000,0.00000,n.bezrukov,,2026-03-24 10:02:29,,453.66000,453.66000,,,N,N,N,,False,0.10000,,,,,,0,ЭКС-000011032   ,2026-03-31 00:00:00,,,,,1.00000,1978108,2,,,,,,,,C,,Годен,,,
1996920,,WH1,321193,EKS000005803,862562,"Выключатель 1кл мех-м быстрозаж.клем. SWT-NOBE-MK01-SFPL-GD (230V, 10A) Arlight NOBE Золото светлое",,,ЭКС,3.00000,ШТ,0.00000,ЭКС-000005803   ,,5962267.00000,,,0.10000,КГ,8.00000,8.00000,4.00000,СМ,,False,,3285.09000,,,,,,Заказной,Кузьмин М.С.,054244,ШТ,Заказной товар,Арлайт РУС ООО,0.00000,0.00000,n.bezrukov,,2026-03-24 10:02:47,,365.01000,1095.03000,,,N,N,N,,False,0.30000,,,,,,0,ЭКС-000011032   ,2026-03-31 00:00:00,,,,,3.00000,1978109,2,,,,,,,,C,,Годен,,,
1996921,,WH1,321193,EKS000005803,862537,"Рамка 2-пост, пластик горизонт. FRM-NOBE-SFPL-2-GD Arlight NOBE Золото светлое",,,ЭКС,4.00000,ШТ,0.00000,ЭКС-000005803   ,,5962264.00000,,,0.02000,КГ,15.00000,9.00000,1.00000,СМ,,False,,3442.56000,,,,,,Заказной,Кузьмин М.С.,054217,ШТ,Заказной товар,Арлайт РУС ООО,0.00000,0.00000,n.bezrukov,,2026-03-24 09:48:22,,215.16000,860.64000,,,N,N,N,,False,0.08000,,,,,,0,ЭКС-000011032   ,2026-03-31 00:00:00,,,,,4.00000,1978110,2,,,,,,,,C,,Годен,,,
1996922,,WH1,321193,EKS000005803,862533,"Рамка 1-пост, пластик горизонт. FRM-NOBE-SFPL-1-GD Arlight NOBE Золото светлое",,,ЭКС,7.00000,ШТ,0.00000,ЭКС-000005803   ,,5962265.00000,,,0.01000,КГ,9.00000,9.00000,1.00000,СМ,,False,,5487.51000,,,,,,Заказной,Кузьмин М.С.,054213,ШТ,Заказной товар,Арлайт РУС ООО,0.00000,0.00000,n.bezrukov,,2026-03-24 09:49:20,,111.99000,783.93000,,,N,N,N,,False,0.07000,,,,,,0,ЭКС-000011032   ,2026-03-31 00:00:00,,,,,7.00000,1978111,2,,,,,,,,C,,Годен,,,
1996923,,WH1,321193,EKS000005803,855073,Лента светодиодная герметичная COB-PS-X400-7mm 24В Warm3000 (7.2Вт/м IP67 CSP),,,ЭКС,5.00000,М,0.00000,ЭКС-000005803   ,,5962291.00000,,,0.01000,КГ,100.00000,1.00000,0.10000,СМ,,False,,23018.75000,,,,,,Заказной,Кузьмин М.С.,041699,М,Заказной товар,Арлайт РУС ООО,0.00000,0.00000,n.bezrukov,,2026-03-24 09:40:28,,920.75000,4603.75000,,,N,N,N,,False,0.05000,,,,,,0,ЭКС-000011433   ,2026-03-31 00:00:00,,,,,5.00000,1978112,2,,,,,,,,C,,Годен,,,
1996924,,WH1,321193,EKS000005803,811324,"Лента COB-X320-8mm 24V Warm3000 (8 W/m, IP20, 5m) (Arlight, -)",,,ЭКС,15.00000,М,0.00000,ЭКС-000005803   ,,5962292.00000,,,0.04000,КГ,100.00000,1.00000,0.50000,СМ,,False,,71028.00000,,,,,,Заказной,Кузьмин М.С.,039022(1),М,Заказной товар,Арлайт РУС ООО,0.00000,0.00000,n.bezrukov,,2026-03-24 09:40:10,,315.68000,4735.20000,,,N,N,N,,False,0.60000,,,,,,0,ЭКС-000011433   ,2026-03-31 00:00:00,,,,,15.00000,1978113,2,,,,,,,,C,,Годен,,,
1996925,,WH1,321193,EKS000005803,808289,Arlight Профиль MIC-M-2000 (Алюминий),,,ЭКС,2.00000,М,0.00000,ЭКС-000005803   ,,5962293.00000,,,0.25000,КГ,100.00000,1.50000,0.50000,СМ,,False,,1453.52000,,,,,,Заказной,Кузьмин М.С.,044530,М,Заказной товар,Арлайт РУС ООО,0.00000,0.00000,n.bezrukov,,2026-03-24 10:19:27,,363.38000,726.76000,,,N,N,N,,False,0.50000,,,,,,0,ЭКС-000011433   ,2026-03-31 00:00:00,,,,,2.00000,1978114,2,,,,,,,,C,,Годен,,,
1996926,,WH1,321193,EKS000005803,806387,"Arlight Светильник SP-ARTEMIS-SURFACE-FLAP-R55-12W Warm3000 (WH, 8-80 deg, 230V) (IP20 Металл, 5 лет",,,ЭКС,1.00000,ШТ,0.00000,ЭКС-000005803   ,,5962278.00000,,,0.48000,КГ,17.00000,14.00000,7.00000,СМ,,,,3507.60000,,,,,,Заказной,Кузьмин М.С.,051791,ШТ,Заказной товар,Арлайт РУС ООО,0.00000,0.00000,n.bezrukov,,2026-03-24 09:53:39,,3507.60000,3507.60000,,,N,N,N,,False,0.48000,,,,,,0,ЭКС-000011251   ,2026-03-31 00:00:00,,,,,1.00000,1978115,2,,,,,,,,C,,Годен,,,
1996927,,WH1,321193,EKS000005803,758236,Arlight Экран STRETCH-S-50-CEIL-CENTER-10m OPAL (GAMMA50) (-),,,ЭКС,20.00000,М,0.00000,ЭКС-000005803   ,,5962296.00000,,,0.08000,КГ,100.00000,5.00000,0.30000,СМ,,,,158748.00000,,,,,,Заказной,Кузьмин М.С.,046943,М,Заказной товар,Арлайт РУС ООО,0.00000,0.00000,n.bezrukov,,2026-03-24 10:08:31,,396.87000,7937.40000,,,N,N,N,,False,1.60000,,,,,,0,ЭКС-000011092   ,2026-03-31 00:00:00,,,,,20.00000,1978116,2,,,,,,,,C,,Годен,,,
1996928,,WH1,321193,EKS000005803,751209,"Заглушка для MIC-M глухая (Arlight, Пластик)",,,ЭКС,1.00000,КТ,0.00000,ЭКС-000005803   ,,5962294.00000,,,0.01000,КГ,16.00000,8.00000,0.50000,СМ,,False,,192.23000,,,,,,Заказной,Кузьмин М.С.,044532,КТ,Заказной товар,Арлайт РУС ООО,0.00000,0.00000,n.bezrukov,,2026-03-24 09:50:05,,192.23000,192.23000,,,N,N,N,,False,0.01000,,,,,,0,ЭКС-000011433   ,2026-03-31 00:00:00,,,,,1.00000,1978117,2,,,,,,,,C,,Годен,,,
1996929,,WH1,321193,EKS000005803,691972,"Arlight Экран MAT-L-10000 матовый для PDS, MIC (Пластик)",,,ЭКС,10.00000,М,0.00000,ЭКС-000005803   ,,5962279.00000,,,0.01000,КГ,100.00000,1.50000,0.30000,СМ,,False,,49112.00000,,,,,,Заказной,Кузьмин М.С.,036118,М,Заказной товар,Арлайт РУС ООО,0.00000,0.00000,n.bezrukov,,2026-03-24 10:12:35,,491.12000,4911.20000,,,N,N,N,,False,0.10000,,,,,,0,ЭКС-000011304   ,2026-03-31 00:00:00,,,,,10.00000,1978118,2,,,,,,,,C,,Годен,,,
1996930,,WH1,321193,EKS000005803,686102,"Arlight Блок питания ARV-SP-24020-FLAT-B (24V, 0.83A, 20W) (IP20 Пластик, 5 лет)",,,ЭКС,1.00000,ШТ,0.00000,ЭКС-000005803   ,,5962269.00000,,,0.20000,КГ,11.00000,4.00000,2.00000,СМ,,False,,703.14000,,,,,,Заказной,Кузьмин М.С.,029375(1),ШТ,Заказной товар,Арлайт РУС ООО,0.00000,0.00000,n.bezrukov,,2026-03-24 09:50:59,,703.14000,703.14000,,,N,N,N,,False,0.20000,,,,,,0,ЭКС-000011092   ,2026-03-31 00:00:00,,,,,1.00000,1978119,2,,,,,,,,C,,Годен,,,
1996931,,WH1,321193,EKS000005803,679080,"Профиль STRETCH-SHADOW-2000 WHITE (A2-CONTOUR-PRO) (Arlight, Алюминий)",,,ЭКС,6.00000,М,0.00000,ЭКС-000005803,,5962274.00000,,,0.30000,КГ,100.00000,6.00000,1.50000,СМ,,False,,17635.68000,,,,,,Заказной,Кузьмин М.С.,042559,М,Заказной товар,Арлайт РУС ООО,0.00000,0.00000,n.bezrukov,,2026-03-24 10:22:30,,489.88000,2939.28000,,Y,N,N,N,,False,1.80000,,,,,,0,ЭКС-000011092,2026-03-31 00:00:00,,,,,6.00000,1978120,2,,,,,,,Long 2,C,,Годен,,,
1996932,,WH1,321193,EKS000005803,679058,Arlight Профиль STRETCH-S-50-CEIL-CENTER-2000 (GAMMA50) (Алюминий),,,ЭКС,14.00000,М,0.00000,ЭКС-000005803   ,,5962276.00000,,,1.00000,КГ,100.00000,6.00000,3.00000,СМ,,False,,140986.72000,,,,,,Заказной,Кузьмин М.С.,040700,М,Заказной товар,Арлайт РУС ООО,0.00000,0.00000,n.bezrukov,,2026-03-24 10:22:44,,719.32000,10070.48000,,,N,N,N,,False,14.00000,,,,,,0,ЭКС-000011092   ,2026-03-31 00:00:00,,,,,14.00000,1978121,2,,,,,,,Long 2,C,,Годен,,,
1996933,,WH1,321193,EKS000005803,605219,"Arlight Блок питания ARJ-SP-40-PFC-1-10V-DALI2-PD (40W, 700-1200mA) (IP20 Пластик, 5 лет)",,,ЭКС,9.00000,ШТ,0.00000,ЭКС-000005803   ,,5962282.00000,,,0.24000,КГ,21.00000,6.00000,4.00000,СМ,,False,,197788.23000,,,,,,Заказной,Кузьмин М.С.,025125(1),ШТ,Заказной товар,Арлайт РУС ООО,0.00000,0.00000,n.bezrukov,,2026-03-24 09:55:50,,2441.83000,21976.47000,,,N,N,N,,False,2.16000,,,,,,0,ЭКС-000011345   ,2026-03-31 00:00:00,,,,,9.00000,1978122,2,,,,,,,,C,,Годен,,,
1996934,,WH1,321194,EKS000005804,813219,Выключатель 2кл  Черный матовый   /Voltum,,,ЭКС,13.00000,ШТ,0.00000,ЭКС-000005804   ,,5962301.00000,,,0.10000,КГ,7.00000,7.00000,4.00000,СМ,,,,59565.74000,,,,,,,Куграшова О.В.,VLS020108,ШТ,Заказной товар,Вольтум,0.00000,0.00000,a.savitskiy,,2026-03-24 09:53:00,,352.46000,4581.98000,,,N,N,N,,False,1.30000,,,,,,0,,2026-03-24 00:00:00,,,,,13.00000,1978123,2,,,,,,,,C,,Годен,,,
1996935,,WH1,321194,EKS000005804,831367,Переключатель   2кл  Графит    /Voltum,,,ЭКС,2.00000,ШТ,0.00000,ЭКС-000005804   ,,5962303.00000,,,0.08000,КГ,8.00000,8.00000,4.00000,СМ,,False,,1459.04000,,,,,,,Куграшова О.В.,VLS020307,ШТ,Заказной товар,Вольтум,0.00000,0.00000,a.savitskiy,,2026-03-24 09:40:38,,364.76000,729.52000,,,N,N,N,,False,0.16000,,,,,,0,,2026-03-24 00:00:00,,,,,2.00000,1978124,2,,,,,,,,C,,Годен,,,
1996936,,WH1,321194,EKS000005804,828498,Терморегулятор механический Кашемир    /Voltum,,,ЭКС,1.00000,ШТ,0.00000,ЭКС-000005804   ,,5962310.00000,,,0.15000,КГ,8.00000,8.00000,4.00000,СМ,,False,,3893.44000,,,,,,Заказной,Куграшова О.В.,VLS070103,ШТ,Заказной товар,Вольтум,0.00000,0.00000,a.savitskiy,,2026-03-24 09:40:53,,3893.44000,3893.44000,,,N,N,N,,False,0.15000,,,,,,0,ЭКС-000010908   ,2026-03-24 00:00:00,,,,,1.00000,1978125,2,,,,,,,,C,,Годен,,,
1996937,,WH1,321194,EKS000005804,813216,Розетка с ЗК Черный матовый   /Voltum,,,ЭКС,90.00000,ШТ,0.00000,ЭКС-000005804   ,,5962305.00000,,,0.10000,КГ,7.00000,7.00000,4.00000,СМ,,False,,2459889.00000,,,,,,,Куграшова О.В.,VLS040108,ШТ,Товар РЦ,Вольтум,0.00000,0.00000,a.savitskiy,,2026-03-24 09:46:55,,303.69000,27332.10000,,,N,N,N,,False,9.00000,,,,,,0,,2026-03-24 00:00:00,,,,,90.00000,1978126,2,,,,,,,,C,,Годен,,,
1996938,,WH1,321194,EKS000005804,811015,Переключатель   1кл  Графит    /Voltum,,,ЭКС,2.00000,ШТ,0.00000,ЭКС-000005804   ,,5962299.00000,,,0.15000,КГ,7.00000,7.00000,4.00000,СМ,,,,1245.92000,,,,,,,Куграшова О.В.,VLS010307,ШТ,Заказной товар,Вольтум,0.00000,0.00000,a.savitskiy,,2026-03-24 09:41:05,,311.48000,622.96000,,,N,N,N,,False,0.30000,,,,,,0,,2026-03-24 00:00:00,,,,,2.00000,1978127,2,,,,,,,,C,,Годен,,,
1996939,,WH1,321194,EKS000005804,810886,Рамка 2пост   Черный матовый   /Voltum,,,ЭКС,25.00000,ШТ,0.00000,ЭКС-000005804   ,,5962313.00000,,,0.01000,КГ,15.00000,8.00000,0.60000,СМ,,,,112706.25000,,,,,,,Куграшова О.В.,VLS100208,ШТ,Заказной товар,Вольтум,0.00000,0.00000,a.savitskiy,,2026-03-24 09:43:44,,180.33000,4508.25000,,,N,N,N,,False,0.25000,,,,,,0,,2026-03-24 00:00:00,,,,,25.00000,1978128,2,,,,,,,,C,,Годен,,,
1996940,,WH1,321194,EKS000005804,810878,Выключатель 1кл  Черный матовый   /Voltum,,,ЭКС,30.00000,ШТ,0.00000,ЭКС-000005804   ,,5962297.00000,,,0.04000,КГ,7.00000,7.00000,4.00000,СМ,,,,258201.00000,,,,,,,Куграшова О.В.,VLS010108,ШТ,Заказной товар,Вольтум,0.00000,0.00000,a.savitskiy,,2026-03-24 09:47:25,,286.89000,8606.70000,,,N,N,N,,False,1.20000,,,,,,0,,2026-03-24 00:00:00,,,,,30.00000,1978129,2,,,,,,,,C,,Годен,,,
1996941,,WH1,321194,EKS000005804,823076,"Розетка RJ45 кат,6 Кашемир    /Voltum",,,ЭКС,5.00000,ШТ,0.00000,ЭКС-000005804   ,,5962306.00000,,,0.06000,КГ,7.00000,8.00000,3.00000,СМ,,,,14446.75000,,,,,,,Куграшова О.В.,VLS060103,ШТ,Заказной товар,Вольтум,0.00000,0.00000,a.savitskiy,,2026-03-24 09:48:02,,577.87000,2889.35000,,,N,N,N,,False,0.30000,,,,,,0,,2026-03-24 00:00:00,,,,,5.00000,1978130,2,,,,,,,,C,,Годен,,,
1996942,,WH1,321194,EKS000005804,818798,Переключатель проходной 2кл  Черный матовый   /Voltum,,,ЭКС,4.00000,ШТ,0.00000,ЭКС-000005804   ,,5962304.00000,,,0.08000,КГ,7.50000,7.50000,4.00000,СМ,,False,,6360.64000,,,,,,,Куграшова О.В.,VLS020308,ШТ,Товар РЦ,Вольтум,0.00000,0.00000,a.savitskiy,,2026-03-24 09:40:17,,397.54000,1590.16000,,,N,N,N,,False,0.32000,,,,,,0,,2026-03-24 00:00:00,,,,,4.00000,1978131,2,,,,,,,,C,,Годен,,,
1996943,,WH1,321194,EKS000005804,813227,Розетка TV+SATоконечная Кашемир    /Voltum,,,ЭКС,2.00000,ШТ,0.00000,ЭКС-000005804   ,,5962309.00000,,,0.06000,КГ,7.00000,7.00000,4.00000,СМ,,False,,2098.36000,,,,,,Заказной,Куграшова О.В.,VLS060403,ШТ,Заказной товар,Вольтум,0.00000,0.00000,a.savitskiy,,2026-03-24 09:41:37,,524.59000,1049.18000,,,N,N,N,,False,0.12000,,,,,,0,ЭКС-000010908   ,2026-03-24 00:00:00,,,,,2.00000,1978132,2,,,,,,,,C,,Годен,,,
1996944,,WH1,321194,EKS000005804,813226,Рамка 4пост  Черный матовый   /Voltum,,,ЭКС,6.00000,ШТ,0.00000,ЭКС-000005804   ,,5962317.00000,,,0.03000,КГ,30.00000,8.00000,1.00000,СМ,,,,12983.76000,,,,,,,Куграшова О.В.,VLS100408,ШТ,Заказной товар,Вольтум,0.00000,0.00000,a.savitskiy,,2026-03-24 09:47:43,,360.66000,2163.96000,,,N,N,N,,False,0.18000,,,,,,0,,2026-03-24 00:00:00,,,,,6.00000,1978133,2,,,,,,,,C,,Годен,,,
1996945,,WH1,321194,EKS000005804,813225,Рамка 3пост  Черный матовый   /Voltum,,,ЭКС,13.00000,ШТ,0.00000,ЭКС-000005804   ,,5962315.00000,,,0.05000,КГ,24.00000,8.00000,0.50000,СМ,,,,45712.81000,,,,,,,Куграшова О.В.,VLS100308,ШТ,Заказной товар,Вольтум,0.00000,0.00000,a.savitskiy,,2026-03-24 09:43:28,,270.49000,3516.37000,,,N,N,N,,False,0.65000,,,,,,0,,2026-03-24 00:00:00,,,,,13.00000,1978134,2,,,,,,,,C,,Годен,,,
1996946,,WH1,321194,EKS000005804,813224,Рамка 1пост  Черный матовый   /Voltum,,,ЭКС,35.00000,ШТ,0.00000,ЭКС-000005804   ,,5962311.00000,,,0.01000,КГ,8.00000,8.00000,0.60000,СМ,,,,110446.00000,,,,,,,Куграшова О.В.,VLS100108,ШТ,Заказной товар,Вольтум,0.00000,0.00000,a.savitskiy,,2026-03-24 09:44:54,,90.16000,3155.60000,,,N,N,N,,False,0.35000,,,,,,0,,2026-03-24 00:00:00,,,,,35.00000,1978135,2,,,,,,,,C,,Годен,,,
1996947,,WH1,321194,EKS000005804,813223,Рамка 4пост  Кашемир    /Voltum,,,ЭКС,2.00000,ШТ,0.00000,ЭКС-000005804   ,,5962316.00000,,,0.03000,КГ,30.00000,8.00000,1.00000,СМ,,,,1262.32000,,,,,,,Куграшова О.В.,VLS100403,ШТ,Заказной товар,Вольтум,0.00000,0.00000,a.savitskiy,,2026-03-24 09:37:49,,315.58000,631.16000,,,N,N,N,,False,0.06000,,,,,,0,ЭКС-000010908   ,2026-03-24 00:00:00,,,,,2.00000,1978136,2,,,,,,,,C,,Годен,,,
1996948,,WH1,321194,EKS000005804,813221,"Розетка RJ45 кат,6 Черный матовый   /Voltum",,,ЭКС,6.00000,ШТ,0.00000,ЭКС-000005804   ,,5962307.00000,,,0.05000,КГ,6.00000,6.00000,2.00000,СМ,,,,23163.84000,,,,,,,Куграшова О.В.,VLS060108,ШТ,Заказной товар,Вольтум,0.00000,0.00000,a.savitskiy,,2026-03-24 09:53:19,,643.44000,3860.64000,,,N,N,N,,False,0.30000,,,,,,0,,2026-03-24 00:00:00,,,,,6.00000,1978137,2,,,,,,,,C,,Годен,,,
1996949,,WH1,321194,EKS000005804,813220,Переключатель проходной  1кл  Черный матовый   /Voltum,,,ЭКС,8.00000,ШТ,0.00000,ЭКС-000005804   ,,5962300.00000,,,0.10000,КГ,6.00000,6.00000,3.00000,СМ,,False,,21246.08000,,,,,,,Куграшова О.В.,VLS010308,ШТ,Товар РЦ,Вольтум,0.00000,0.00000,a.savitskiy,,2026-03-24 09:53:43,,331.97000,2655.76000,,,N,N,N,,False,0.80000,,,,,,0,,2026-03-24 00:00:00,,,,,8.00000,1978138,2,,,,,,,,C,,Годен,,,
1996950,,WH1,321195,EKS000005805,819943,"Авт. выкл. ВА47-29-NRG 3п 16А 4,5кА хар-ка C TAMNRG34C16 te00446735",,,ЭКС,50.00000,ШТ,0.00000,ЭКС-000005805   ,,5962327.00000,,,0.10000,КГ,9.00000,8.00000,6.00000,СМ,,False,,419725.00000,,,,,,Заказной,Шаповалов П.Г.,te00446735,ШТ,Заказной товар,МФК Техэнерго ООО,0.00000,0.00000,a.savitskiy,,2026-03-24 10:31:36,,167.89000,8394.50000,,,N,N,N,,False,5.00000,,,,,,0,ЭКС-000003231   ,2026-03-21 00:00:00,,,,,50.00000,1978139,2,,,,,,,,C,,Годен,,,
1996951,,WH1,321195,EKS000005805,747920,Пускатель э/м ПМЛ 2501-25 36В,,,ЭКС,5.00000,ШТ,0.00000,ЭКС-000005805   ,,5962329.00000,,,2.00000,КГ,13.00000,9.00000,11.00000,СМ,,False,,35925.00000,,,,,,Заказной,Третьяков С.М.,te00121686,ШТ,Заказной товар,МФК Техэнерго ООО,0.00000,0.00000,a.savitskiy,,2026-03-24 10:25:28,,1437.00000,7185.00000,,,N,N,N,,False,10.00000,,,,,,0,ЭКС-000010419   ,2026-03-21 00:00:00,,,,,5.00000,1978140,2,,,,,,,,C,,Годен,,,
1996952,,WH1,321195,EKS000005805,674790,"Кнопочный выключатель APBB-22N сдвоенная кнопка ""Пуск-Стоп"" с подсветкой",,,ЭКС,20.00000,ШТ,0.00000,ЭКС-000005805   ,,5962322.00000,,,0.01000,КГ,8.00000,6.00000,3.00000,СМ,,False,,38084.00000,,,,,,Заказной,Третьяков С.М.,te00141644,ШТ,Заказной товар,МФК Техэнерго ООО,0.00000,0.00000,a.savitskiy,,2026-03-24 10:26:09,,95.21000,1904.20000,,,N,N,N,,False,0.20000,,,,,,0,ЭКС-000009685   ,2026-03-21 00:00:00,,,,,20.00000,1978141,2,,,,,,,,C,,Годен,,,
1996953,,WH1,321195,EKS000005805,631580,Изолятор опорный СА-3/6 (армир. болтом) ТехКерамика,,,ЭКС,30.00000,ШТ,0.00000,ЭКС-000005805   ,,5962324.00000,,,0.60000,КГ,12.00000,10.00000,10.00000,СМ,,,,169065.00000,,,,,,Заказной,Дунав М.И.,te00242319,ШТ,Заказной товар,МФК Техэнерго ООО,0.00000,0.00000,a.savitskiy,,2026-03-24 10:26:52,,187.85000,5635.50000,,,N,N,N,,False,18.00000,,,,,,0,ЭКС-000009452   ,2026-03-21 00:00:00,,,,,30.00000,1978142,2,,,,,,,,C,,Годен,,,
1996954,,WH1,321195,EKS000005805,326535,Пакетный переключатель термостойкий ППКП (ТПКП) 25А,,,ЭКС,3.00000,ШТ,0.00000,ЭКС-000005805   ,,5962320.00000,,,0.30000,КГ,11.00000,10.00000,8.50000,СМ,,False,,7332.12000,,,,,,Заказной,Третьяков С.М.,te00007701,ШТ,Заказной товар,МФК Техэнерго ООО,0.00000,0.00000,a.savitskiy,,2026-03-24 10:38:03,,814.68000,2444.04000,,,N,N,N,,False,0.90000,,,,,,0,ЭКС-000010419   ,2026-03-21 00:00:00,,,,,3.00000,1978143,2,,,,,,,,C,,Годен,,,
1996955,,WH1,321195,EKS000005805,180870,"Пакетный выключатель ПВ 3-16 У1 (IP56) (16А, пласт.корпус)",,,ЭКС,1.00000,ШТ,0.00000,ЭКС-000005805   ,,5962321.00000,,,0.20000,КГ,9.00000,10.00000,12.00000,СМ,,False,,418.07000,,,,,,Заказной,Третьяков С.М.,te00016998,ШТ,Заказной товар,МФК Техэнерго ООО,0.00000,0.00000,a.savitskiy,,2026-03-24 10:26:29,,418.07000,418.07000,,,N,N,N,,False,0.20000,,,,,,0,ЭКС-000010465   ,2026-03-21 00:00:00,,,,,1.00000,1978144,2,,,,,,,,C,,Годен,,,
1996956,,WH1,321195,EKS000005805,133849,"Пост кнопочный ПКТ-40 (IP54)  У2 (5 А, вверх, вниз, влево, вправо)",,,ЭКС,4.00000,ШТ,0.00000,ЭКС-000005805   ,,5962319.00000,,,0.90000,КГ,30.00000,10.00000,4.00000,СМ,,,,3631.36000,,,,,,Катышев Александр Вячесла,Третьяков С.М.,te00125370,ШТ,Базовый,МФК Техэнерго ООО,0.00000,0.00000,a.savitskiy,,2026-03-24 10:27:28,,226.96000,907.84000,,,N,N,N,,False,3.60000,,,,,,0,ЭКС-000008756   ,2026-03-21 00:00:00,,,,,4.00000,1978145,2,,,,,,,,C,,Годен,,,
1996957,,WH1,321195,EKS000005805,883450,Лампа сменная неоновая BA9S 230В красная MFK-230-04 te00103542,,,ЭКС,100.00000,ШТ,0.00000,ЭКС-000005805   ,,5962328.00000,,,0.00200,КГ,1.00000,1.00000,2.00000,СМ,,False,,85100.00000,,,,,,Заказной,Третьяков С.М.,te00103542,ШТ,Заказной товар,МФК Техэнерго ООО,0.00000,0.00000,a.savitskiy,,2026-03-24 10:34:52,,8.51000,851.00000,,,N,N,N,,False,0.20000,,,,,,0,,2026-03-21 00:00:00,,,,,100.00000,1978146,2,,,,,,,,C,,Годен,,,
1996958,,WH1,321195,EKS000005805,883449,"Авт. выкл. ВА 4729-NRG 1п 20А 4,5кА хар-ка C TAMNRG14C20 te00449489",,,ЭКС,100.00000,ШТ,0.00000,ЭКС-000005805   ,,5962326.00000,,,0.08000,КГ,8.00000,2.00000,7.50000,СМ,,False,,654100.00000,,,,,,Заказной,Шаповалов П.Г.,te00449489,ШТ,Заказной товар,МФК Техэнерго ООО,0.00000,0.00000,a.savitskiy,,2026-03-24 10:39:29,,65.41000,6541.00000,,,N,N,N,,False,8.00000,,,,,,0,ЭКС-000003231   ,2026-03-21 00:00:00,,,,,100.00000,1978147,2,,,,,,,,C,,Годен,,,
1996959,,WH1,321195,EKS000005805,883448,Авт. выкл. ВА47-100 3п 80А 10кА  хар-ка С TAM310C080-1 te00126025,,,ЭКС,50.00000,ШТ,0.00000,ЭКС-000005805   ,,5962325.00000,,,0.43000,КГ,8.00000,8.50000,8.00000,СМ,,False,,2275375.00000,,,,,,Заказной,Шаповалов П.Г.,te00126025,ШТ,Заказной товар,МФК Техэнерго ООО,0.00000,0.00000,a.savitskiy,,2026-03-24 10:08:33,,910.15000,45507.50000,,,N,N,N,,False,21.50000,,,,,,0,ЭКС-000003231   ,2026-03-21 00:00:00,,,,,50.00000,1978148,2,,,,,,,,C,,Годен,,,
1996960,,WH1,321195,EKS000005805,883447,Выключатель Пралеска 1ОП б/п 6А 250В IP54 в сборе А16-222 белый,,,ЭКС,10.00000,ШТ,0.00000,ЭКС-000005805   ,,5962323.00000,,,0.08000,КГ,7.50000,7.50000,4.00000,СМ,,False,,9852.00000,,,,,,Заказной,Третьяков С.М.,te00136686,ШТ,Заказной товар,МФК Техэнерго ООО,0.00000,0.00000,a.savitskiy,,2026-03-24 10:31:07,,98.52000,985.20000,,,N,N,N,,False,0.80000,,,,,,0,ЭКС-000010160   ,2026-03-21 00:00:00,,,,,10.00000,1978149,2,,,,,,,,C,,Годен,,,
1996961,,WH1,321196,EKS000005806,855928,Лампа КМ 48-50 48В TEKM4850 te00458639,,,ЭКС,100.00000,ШТ,0.00000,ЭКС-000005806   ,,5962336.00000,,,0.00010,КГ,4.00000,0.20000,0.20000,СМ,,False,,319700.00000,,,,,,Заказной,Третьяков С.М.,te00458639,ШТ,Заказной товар,МФК Техэнерго ООО,0.00000,0.00000,a.savitskiy,,2026-03-24 10:18:57,,31.97000,3197.00000,,,N,N,N,,False,0.01000,,,,,,0,ЭКС-000000116   ,2026-03-21 00:00:00,,,,,100.00000,1978150,2,,,,,,,,C,,Годен,,,
1996962,,WH1,321196,EKS000005806,855446,Лампа КМ 60-50 60В TEKM6050 te00458640,,,ЭКС,100.00000,ШТ,0.00000,ЭКС-000005806   ,,5962337.00000,,,0.00500,КГ,4.00000,0.50000,0.50000,СМ,,False,,319700.00000,,,,,,Заказной,Третьяков С.М.,te00458640,ШТ,Заказной товар,МФК Техэнерго ООО,0.00000,0.00000,a.savitskiy,,2026-03-24 10:16:37,,31.97000,3197.00000,,,N,N,N,,False,0.50000,,,,,,0,ЭКС-000000116   ,2026-03-21 00:00:00,,,,,100.00000,1978151,2,,,,,,,,C,,Годен,,,
1996963,,WH1,321196,EKS000005806,753408,Переключатель крестовой ПК 12-21-822,,,ЭКС,20.00000,ШТ,0.00000,ЭКС-000005806   ,,5962331.00000,,,0.50000,КГ,9.00000,9.00000,13.00000,СМ,,False,,967212.00000,,,,,,Заказной,Третьяков С.М.,te00006852,ШТ,Заказной товар,МФК Техэнерго ООО,0.00000,0.00000,a.savitskiy,,2026-03-24 10:00:21,,2418.03000,48360.60000,,,N,N,N,,False,10.00000,,,,,,0,ЭКС-000010791   ,2026-03-21 00:00:00,,,,,20.00000,1978152,2,,,,,,,,C,,Годен,,,
1996964,,WH1,321196,EKS000005806,753407,Лампа КМ 24-90 24В TEKM2490 te00458638,,,ЭКС,150.00000,ШТ,0.00000,ЭКС-000005806   ,,5962334.00000,,,0.00500,КГ,4.50000,0.50000,0.50000,СМ,,False,,719325.00000,,,,,,Заказной,Третьяков С.М.,te00458638,ШТ,Заказной товар,МФК Техэнерго ООО,0.00000,0.00000,a.savitskiy,,2026-03-24 10:40:28,,31.97000,4795.50000,,,N,N,N,,False,0.75000,,,,,,0,ЭКС-000000116   ,2026-03-21 00:00:00,,,,,150.00000,1978153,2,,,,,,,,C,,Годен,,,
1996965,,WH1,321196,EKS000005806,672259,Контактор КМИ-22510 25А 220В 1з УХЛ4 Класс Б Теxenergo,,,ЭКС,5.00000,ШТ,0.00000,ЭКС-000005806   ,,5962333.00000,,,0.20000,КГ,10.00000,9.00000,6.00000,СМ,,False,,15439.50000,,,,,,Заказной,Третьяков С.М.,te00421382,ШТ,Заказной товар,МФК Техэнерго ООО,0.00000,0.00000,a.savitskiy,,2026-03-24 10:29:28,,617.58000,3087.90000,,,N,N,N,,False,1.00000,,,,,,0,ЭКС-000010693   ,2026-03-21 00:00:00,,,,,5.00000,1978154,2,,,,,,,,C,,Годен,,,
1996966,,WH1,321196,EKS000005806,523282,Тумблер ТП1-2 15А 250В,,,ЭКС,20.00000,ШТ,0.00000,ЭКС-000005806   ,,5962332.00000,,,0.02000,КГ,6.00000,3.50000,2.00000,СМ,,False,,42348.00000,,,,,,Заказной,Третьяков С.М.,te00120865,ШТ,Заказной товар,МФК Техэнерго ООО,0.00000,0.00000,a.savitskiy,,2026-03-24 10:16:18,,105.87000,2117.40000,,,N,N,N,,False,0.40000,,,,,,0,ЭКС-000010791   ,2026-03-21 00:00:00,,,,,20.00000,1978155,2,,,,,,,,C,,Годен,,,
1996967,,WH1,321196,EKS000005806,503087,Выключатель концевой ВПУ-011БЕ 111161-67.21.У2,,,ЭКС,5.00000,ШТ,0.00000,ЭКС-000005806   ,,5962330.00000,,,0.90000,КГ,14.00000,8.00000,8.00000,СМ,,False,,15970.00000,,,,,,Заказной,Третьяков С.М.,te00114477,ШТ,Заказной товар,МФК Техэнерго ООО,0.00000,0.00000,a.savitskiy,,2026-03-24 10:24:38,,638.80000,3194.00000,,,N,N,N,,False,4.50000,,,,,,0,ЭКС-000008756   ,2026-03-21 00:00:00,,,,,5.00000,1978156,2,,,,,,,,C,,Годен,,,
1996968,,WH1,321197,EKS000005807,646082,"ПКТ-40Б У2, 5А, IP54, кнопка БЛОКИРОВКА с фиксацией (красная), стоп, вверх, вниз, влево, вправо, пос",,,ЭКС,2.00000,ШТ,0.00000,ЭКС-000005807   ,,5962339.00000,,,0.20000,КГ,27.00000,8.00000,8.00000,СМ,,,,3965.24000,,,,,,Заказной,Третьяков С.М.,ET512632,ШТ,Заказной товар,ПО Электротехник ЗАО,0.00000,0.00000,n.bezrukov,,2026-03-24 09:37:45,,991.31000,1982.62000,,,N,N,N,,False,0.40000,,,,,,0,ЭКС-000008756   ,2026-03-23 00:00:00,,,,,2.00000,1978157,2,,,,,,,,C,,Годен,,,
1996969,,WH1,321197,EKS000005807,622114,"ВП 16Г-23Б-231-55 У2.3, рычаг с роликом, без сальника, ход вправо, cамовозврат, 1з+1р, IP55, выключа",,,ЭКС,14.00000,ШТ,0.00000,ЭКС-000005807   ,,5962338.00000,,,0.50000,КГ,15.00000,8.00000,8.00000,СМ,,,,135647.68000,,,,,,Заказной,Третьяков С.М.,ET001525,ШТ,Заказной товар,ПО Электротехник ЗАО,0.00000,0.00000,n.bezrukov,,2026-03-24 09:38:04,,692.08000,9689.12000,,,N,N,N,,False,7.00000,,,,,,0,ЭКС-000010651   ,2026-03-23 00:00:00,,,,,14.00000,1978158,2,,,,,,,,C,,Годен,,,
1996970,,WH1,321198,EKS000005808,790696,Грозозащита Ethernet с креплением на DIN SNR-SPNet-BP1010-IP20,,,ЭКС,5.00000,ШТ,0.00000,ЭКС-000005808   ,,5962340.00000,,,0.07000,КГ,10.00000,10.00000,2.00000,СМ,,False,,25604.00000,,,,,,Заказной,Самоличенко В.А.,SNR-SPNet-BP1010-IP20,ШТ,Заказной товар,НАГ ООО,0.00000,0.00000,a.manokhin,,2026-03-24 10:10:12,,1024.16000,5120.80000,,,N,N,N,,False,0.35000,,,,,,0,ЭКС-000009637   ,2026-03-21 00:00:00,,,,,5.00000,1978159,2,,,,,,,,C,,Годен,,,
1996971,,WH1,321199,EKS000005809,855136,Светильник Ex-ДСО 01-45-850-Д120,,,ЭКС,4.00000,ШТ,0.00000,ЭКС-000005809   ,,5962341.00000,,,2.30000,КГ,120.00000,11.00000,8.00000,СМ,,False,,125009.92000,,,,,,Заказной,Колупаев В.Г.,2000000115740,ШТ,Заказной товар,Торговый дом Ферекс ,0.00000,0.00000,a.manokhin,,2026-03-24 10:13:41,,7813.12000,31252.48000,,,N,N,N,,False,9.20000,,,,,,0,ЭКС-000066500   ,2026-03-24 00:00:00,,,,,4.00000,1978160,2,,,,,,,,C,,Годен,,,
1996972,,WH1,321200,EKS000005810,600835,УЗИП РИФ-Э-I+II 255/25 (3+1),,,ЭКС,2.00000,ШТ,0.00000,ЭКС-000005810   ,,5962342.00000,,,0.86000,КГ,14.00000,9.00000,7.00000,СМ,,False,,126168.36000,,,,,,Заказной,Шаповалов П.Г.,114002,ШТ,Заказной товар,СТРИМЕР АО НПО,0.00000,0.00000,a.manokhin,,2026-03-24 10:16:03,,31542.09000,63084.18000,,,N,N,N,,False,1.72000,,,,,,0,ЭКС-000010267   ,2026-03-19 00:00:00,,,,,2.00000,1978161,2,,,,,,,,C,,Годен,,,
1996973,,WH1,321201,EKS000005811,503007,"IEK ONI Преобразователь частоты A150 380В 3Ф 2,2кВт 6А встр. торм ONI",,,ЭКС,1.00000,ШТ,0.00000,ЭКС-000005811   ,,5962343.00000,,,2.00000,КГ,22.00000,21.00000,16.00000,СМ,,True,,9255.22000,,,,,,Заказной,Третьяков С.М.,A150-33-22NT,ШТ,Выводится из ассортимента,ЭлектроОптТорг ООО,0.00000,0.00000,a.manokhin,,2026-03-24 10:18:17,,9255.22000,9255.22000,,,N,N,N,,True,2.00000,,,,,,0,ЭКС-000009398   ,2026-03-26 00:00:00,,,,,1.00000,1978162,2,,,,,,,,C,,Годен,,,
1996974,,WH1,321202,EKS000005812,673327,Тумблер 24V 25А (3c) ON-OFF однополюсный с красной LED подсветкой Rexant,,,ЭКС,10.00000,ШТ,0.00000,ЭКС-000005812   ,,5962344.00000,,,0.01000,КГ,6.00000,3.00000,1.00000,СМ,,,,28607.00000,,,,,,Заказной,Третьяков С.М.,36-4360,ШТ,Заказной товар,"ООО ""СДС""",0.00000,0.00000,a.manokhin,,2026-03-24 10:20:10,,286.07000,2860.70000,,,N,N,N,,False,0.10000,,,,,,0,ЭКС-000004726   ,2026-03-23 00:00:00,,,,,10.00000,1978163,2,,,,,,,,C,,Годен,,,
1996975,,WH1,321203,EKS000005813,391845,Комплект из 24 изоляторов опорных ИО8-75-130 У3 ВЕАШ.305660.800-14,,,ЭКС,3.00000,ШТ,0.00000,ЭКС-000005813   ,,5962345.00000,,,18.00000,КГ,60.00000,40.00000,26.00000,СМ,,,,48000.06000,,,,,,Заказной,Иваненко П.В.,,ШТ,Заказной товар,"АО ""ПО Элтехника”",0.00000,0.00000,a.manokhin,,2026-03-24 10:31:56,,5333.34000,16000.02000,,,N,N,N,,False,54.00000,,,,,,0,ЭКС-000008419   ,2026-03-16 00:00:00,,,,,3.00000,1978164,2,,,,,,,,C,,Годен,,,
1996976,,WH1,321204,EKS000005814,755581,Наконечник медь лужёный ТМЛ  95-12-15 PLEXUP,,,ЭКС,2000.00000,ШТ,0.00000,ЭКС-000005814   ,,5962349.00000,,,0.05000,КГ,7.50000,3.00000,2.50000,СМ,,False,,326760000.00000,,,,,,,Княжева Ю.В.,SAL95-12-15-025,ШТ,Новинка,ДПА ООО,0.00000,0.00000,n.bezrukov,,2026-03-24 10:46:58,,81.69000,163380.00000,,,N,N,N,,False,100.00000,,,,,,0,,2026-03-20 00:00:00,,,,,2000.00000,1978165,2,,,,,,,,C,,Годен,,,
1996977,,WH1,321204,EKS000005814,749559,Гильза медная луженая  ГМЛ 10-5 PLEXUP,,,ЭКС,6000.00000,ШТ,0.00000,ЭКС-000005814   ,,5962348.00000,,,0.00800,КГ,3.00000,0.80000,0.80000,СМ,,False,,383400000.00000,,,,,,,Княжева Ю.В.,SGL10-00-05-100,ШТ,Суперсклад,ДПА ООО,0.00000,0.00000,n.bezrukov,,2026-03-24 10:43:59,,10.65000,63900.00000,,,N,N,N,,False,48.00000,,,,,,0,,2026-03-20 00:00:00,,,,,6000.00000,1978166,2,,,,,,,,B,,Годен,,,
1996978,,WH1,321205,EKS000005815,749498,Наконечник медный  лужёный ТМЛ-35 10-9 PLEXUP,,,ЭКС,2000.00000,ШТ,0.00000,ЭКС-000005815   ,,5962350.00000,,,0.00900,КГ,5.00000,1.00000,1.00000,СМ,,False,,138160000.00000,,,,,,Заказной,Княжева Ю.В.,SAL35-10-09-050,ШТ,Заказной товар,ДПА ООО,0.00000,0.00000,n.bezrukov,,2026-03-24 10:42:24,,34.54000,69080.00000,,,N,N,N,,False,18.00000,,,,,,0,ЭКС-000001806   ,2026-03-19 00:00:00,,,,,2000.00000,1978167,2,,,,,,,,C,,Годен,,,
1996979,,WH1,321206,EKS000005816,755581,Наконечник медь лужёный ТМЛ  95-12-15 PLEXUP,,,ЭКС,1000.00000,ШТ,0.00000,ЭКС-000005816   ,,5962351.00000,,,0.05000,КГ,7.50000,3.00000,2.50000,СМ,,False,,83780000.00000,,,,,,,Княжева Ю.В.,SAL95-12-15-025,ШТ,Новинка,ДПА ООО,0.00000,0.00000,n.bezrukov,,2026-03-24 10:45:12,,83.78000,83780.00000,,,N,N,N,,False,50.00000,,,,,,0,,2026-03-20 00:00:00,,,,,1000.00000,1978168,2,,,,,,,,C,,Годен,,,
1996980,,WH1,321207,EKS000005817,505985,ЛУЧ-220-С 123Ф Драйв (07594),,,ЭКС,30.00000,ШТ,0.00000,ЭКС-000005817   ,,5962352.00000,,,0.20000,КГ,18.00000,18.00000,5.00000,СМ,,,,762786.00000,,,,,,Заказной,Колупаев В.Г.,0759410995,ШТ,Заказной товар,Спектр-СБ,0.00000,0.00000,a.manokhin,,2026-03-24 10:46:32,,847.54000,25426.20000,,,N,N,N,,False,6.00000,,,,,,0,ЭКС-000012159   ,2026-03-24 00:00:00,,,,,30.00000,1978169,2,,,,,,,,C,,Годен,,,
1996981,,WH1,321208,EKS000005818,728768,"Светильник LED ЛУЧ-220-С 83ФА БАП ДРАЙВ 8 Вт, ~220 В, БАП, 1050Лм, фотоакуст. датчик",,,ЭКС,24.00000,ШТ,0.00000,ЭКС-000005818   ,,5962353.00000,,,0.40000,КГ,18.00000,18.00000,5.00000,СМ,,,,767687.04000,,,,,,Заказной,Колупаев В.Г.,ЛУЧ-220-С 83ФА БАП ДРАЙВ,ШТ,Заказной товар,Спектр-СБ,0.00000,0.00000,a.manokhin,,2026-03-24 10:50:01,,1332.79000,31986.96000,,,N,N,N,,False,9.60000,,,,,,0,ЭКС-000007787   ,2026-03-24 00:00:00,,,,,24.00000,1978170,2,,,,,,,,C,,Годен,,,
1996982,,WH1,321209,EKS000005819,728712,"Светильник LED ЛУЧ-220-С 123 ДРАЙВ 12 Вт, ~220 В, без датчика, 1400Лм",,,ЭКС,10.00000,ШТ,0.00000,ЭКС-000005819   ,,5962356.00000,,,1.00000,КГ,18.00000,18.00000,5.00000,СМ,,False,,75819.00000,,,,,,Заказной,Колупаев В.Г.,ЛУЧ-220-С 123 ДРАЙВ,ШТ,Выводится из ассортимента,Спектр-СБ,0.00000,0.00000,a.manokhin,,2026-03-24 10:50:57,,758.19000,7581.90000,,,N,N,N,,False,10.00000,,,,,,0,ЭКС-000009963   ,2026-03-24 00:00:00,,,,,10.00000,1978171,2,,,,,,,,C,,Годен,,,
1996983,,WH1,321209,EKS000005819,723705,"Светильник LED ЛУЧ-220-С 123ФА ДРАЙВ 12Вт 1400Лм 4000K фотоакуст. датчик, IP54",,,ЭКС,30.00000,ШТ,0.00000,ЭКС-000005819   ,,5962355.00000,,,0.30000,КГ,18.00000,18.00000,5.00000,СМ,,False,,740655.00000,,,,,,Заказной,Колупаев В.Г.,ЛУЧ-220-С 123ФА ДРАЙВ,ШТ,Выводится из ассортимента,Спектр-СБ,0.00000,0.00000,a.manokhin,,2026-03-24 10:45:52,,822.95000,24688.50000,,,N,N,N,,False,9.00000,,,,,,0,ЭКС-000009963   ,2026-03-24 00:00:00,,,,,30.00000,1978172,2,,,,,,,,C,,Годен,,,
1996984,,WH1,321209,EKS000005819,235439,"Светильник LED ЛУЧ-220-С 83ФА ДРАЙВ 8Вт 1050Лм 4000K фотоакуст. датчик, IP54",,,ЭКС,20.00000,ШТ,0.00000,ЭКС-000005819   ,,5962354.00000,,,0.30000,КГ,18.00000,5.00000,18.00000,СМ,,,,273116.00000,,,,,,Заказной,Колупаев В.Г.,ЛУЧ-220-С 83ФА ДРАЙВ,ШТ,Заказной товар,Спектр-СБ,0.00000,0.00000,a.manokhin,,2026-03-24 10:42:09,,682.79000,13655.80000,,,N,N,N,,False,6.00000,,,,,,0,ЭКС-000009914   ,2026-03-24 00:00:00,,,,,20.00000,1978173,2,,,,,,,,C,,Годен,,,
1996985,,WH1,321210,EKS000005820,728762,"Светильник LED ЛУЧ-220-С 83ДФА1 БАП ДРАЙВ 8 Вт, ~220 В, БАП, 1050Лм фотоакуст. датчик, дежурн. режим",,,ЭКС,15.00000,ШТ,0.00000,ЭКС-000005820   ,,5962358.00000,,,0.40000,КГ,18.00000,18.00000,5.00000,СМ,,,,299877.75000,,,,,,Заказной,Колупаев В.Г.,ЛУЧ-220-С 83ДФА1 БАП ДРАЙ,ШТ,Заказной товар,Спектр-СБ,0.00000,0.00000,a.manokhin,,2026-03-24 10:48:30,,1332.79000,19991.85000,,,N,N,N,,False,6.00000,,,,,,0,ЭКС-000010038   ,2026-03-24 00:00:00,,,,,15.00000,1978174,2,,,,,,,,C,,Годен,,,
1996986,,WH1,321210,EKS000005820,302104,"Светильник LED ЛУЧ-220-С 64ФА ДРАЙВ 6Вт 800Лм 4000K фотоакуст. датчик, IP54",,,ЭКС,20.00000,ШТ,0.00000,ЭКС-000005820   ,,5962357.00000,,,0.20000,КГ,15.00000,15.00000,5.00000,СМ,,,,240656.00000,,,,,,Заказной,Колупаев В.Г.,ЛУЧ-220-С 64ФА ДРАЙВ,ШТ,Заказной товар,Спектр-СБ,0.00000,0.00000,a.manokhin,,2026-03-24 10:42:46,,601.64000,12032.80000,,,N,N,N,,False,4.00000,,,,,,0,ЭКС-000010478   ,2026-03-24 00:00:00,,,,,20.00000,1978175,2,,,,,,,,C,,Годен,,,
1996987,,WH1,321211,EKS000005821,180321,"Кабель КППГнг(А)-HF 7х1,5",,,ЭКС,70.00000,М,0.00000,ЭКС-000005821   ,,5962359.00000,,,0.30000,КГ,100.00000,2.00000,2.00000,СМ,,,,745290.00000,,,,,,Заказной,Косолапова Л.В.,180321,М,Заказной товар,,0.00000,0.00000,a.savitskiy,,2026-03-24 10:45:04,,152.10000,10647.00000,,,Y,N,N,,False,21.00000,,,,,,0,ЭКС-000010982   ,2026-03-24 00:00:00,,,,,70.00000,1978176,1,,,01,,,,,C,,Годен,,,
1996988,,WH1,321212,EKS000005822,864441,Кабель МКЭШВнг(А)-HF 5х2х1,,,ЭКС,1505.00000,М,0.00000,ЭКС-000005822   ,,5962360.00000,,,0.50000,КГ,100.00000,2.00000,2.00000,СМ,,False,,453005000.00000,,,,,,Заказной,Козлова М.А.,,М,Заказной товар,БЕЛКАБ,0.00000,0.00000,a.savitskiy,,2026-03-24 10:57:06,,200.00000,301000.00000,,,Y,N,N,,False,752.50000,,,,,,0,ЭКС-000004603   ,2026-03-23 00:00:00,,,,,1505.00000,1978177,1,,,,,,,,C,,Годен,,,
1996989,,WH1,321213,EKS000005823,780886,"Преобразователь частоты  LCI-G5.5/P7.5-4B 5,5кВт|13А 3 ~ 342-440В IP20",,,ЭКС,1.00000,ШТ,0.00000,ЭКС-000005823   ,,5962361.00000,,,3.58000,КГ,32.00000,24.00000,27.00000,СМ,,,,15567.54000,,,,,,Заказной,Третьяков С.М.,00090900,ШТ,Заказной товар,Инстарт ООО,0.00000,0.00000,a.manokhin,,2026-03-24 10:55:37,,15567.54000,15567.54000,,,N,N,N,,False,3.58000,,,,,,0,ЭКС-000010800   ,2026-03-20 00:00:00,,,,,1.00000,1978178,2,,,,,,,,C,,Годен,,,
1996990,,WH1,321214,EKS000005824,210972,"Кабель КГВЭВнг(A)-LS 2х1,5",,,ЭКС,100.00000,М,0.00000,ЭКС-000005824   ,,5962362.00000,,,0.25000,КГ,100.00000,1.00000,1.00000,СМ,,,,481800.00000,,,,,,Заказной,Косолапова Л.В.,210972,М,Заказной товар,,0.00000,0.00000,n.bezrukov,,2026-03-24 10:56:03,,48.18000,4818.00000,,,Y,N,N,,False,25.00000,,,,,,0,ЭКС-000009745   ,2026-03-20 00:00:00,,,,,100.00000,1978179,1,,,,,,,,C,,Годен,,,
1996991,,WH1,321215,EKS000005825,731732,"Кабель ВБШвнг(A)-FRLS 3х1,5 ок(N,PE)-1кВ",,,ЭКС,400.00000,М,0.00000,ЭКС-000005825   ,,5962363.00000,,,0.40000,КГ,100.00000,1.20000,1.20000,СМ,,,,18294400.00000,,,,,,Заказной,Косолапова Л.В.,,М,Заказной товар,СтройТрэйд ООО,0.00000,0.00000,n.bezrukov,,2026-03-24 10:58:39,,114.34000,45736.00000,,,Y,N,N,,False,160.00000,,,,,,0,ЭКС-000010316   ,2026-03-20 00:00:00,,,,,400.00000,1978180,1,,,01,,,,,C,,Годен,,,
1996992,,WH1,321216,EKS000005826,605221,"Соединитель для круглых воздуховодов, D100, TDM",,,ЭКС,2.00000,ШТ,0.00000,ЭКС-000005826   ,,5962367.00000,,,0.04000,КГ,10.00000,10.00000,6.00000,СМ,,,,206.28000,,,,,,Заказной,Катышев А.В.,SQ1807-1708,ШТ,Заказной товар,Торговый Дом Морозова (ОО,0.00000,0.00000,a.manokhin,,2026-03-24 11:13:37,,51.57000,103.14000,,,N,N,N,,False,0.08000,,,,,,0,ЭКС-000010081   ,2026-03-27 00:00:00,,,,,2.00000,1978181,2,,,,,,,,C,,Годен,,,
1996993,,WH1,321216,EKS000005826,490859,"Вентилятор осевой канальный, ВКО-100, TDM",,,ЭКС,1.00000,ШТ,0.00000,ЭКС-000005826   ,,5962368.00000,,,0.30000,КГ,10.50000,10.50000,8.50000,СМ,,,,673.75000,,,,,,Заказной,Катышев А.В.,SQ1807-1801,ШТ,Заказной товар,Торговый Дом Морозова (ОО,0.00000,0.00000,a.manokhin,,2026-03-24 11:11:28,,673.75000,673.75000,,,N,N,N,,False,0.30000,,,,,,0,ЭКС-000010081   ,2026-03-27 00:00:00,,,,,1.00000,1978182,2,,,,,,,,C,,Годен,,,
1996994,,WH1,321216,EKS000005826,157327,"Наклейка ""Заземление"" 20х20 (самокл.) TDM",,,ЭКС,576.00000,ШТ,0.00000,ЭКС-000005826   ,,5962369.00000,,,0.01000,КГ,2.00000,2.00000,0.10000,СМ,,,,348364.80000,,,,,,Дортман Анна Павловна,Петров И.В.,SQ0817-0019,ШТ,Базовый,Торговый Дом Морозова (ОО,0.00000,0.00000,a.manokhin,,2026-03-24 11:12:15,,1.05000,604.80000,,,N,N,N,,False,5.76000,,,,,,0,,2026-03-27 00:00:00,,,,,576.00000,1978183,2,,,,,,,,C,,Годен,,,
1996995,,WH1,321217,EKS000005827,268597,"Реле электротепловое токовое РТТ-325 П УХЛ4  50А (42,5 - 57,5)А TDM",,,ЭКС,5.00000,ШТ,0.00000,ЭКС-000005827   ,,5962372.00000,,,0.55000,КГ,15.00000,7.00000,11.00000,СМ,,,,42964.00000,,,,,,Заказной,Третьяков С.М.,SQ0741-0001,ШТ,Заказной товар,Торговый Дом Морозова (ОО,0.00000,0.00000,a.manokhin,,2026-03-24 11:37:45,,1718.56000,8592.80000,,,N,N,N,,False,2.75000,,,,,,0,ЭКС-000010097   ,2026-03-27 00:00:00,,,,,5.00000,1978184,2,,,,,,,,C,,Годен,,,
1996996,,WH1,321217,EKS000005827,268594,"Реле электротепловое токовое РТТ-325 П УХЛ4  63А (53,5 - 72,3)А TDM",,,ЭКС,5.00000,ШТ,0.00000,ЭКС-000005827   ,,5962373.00000,,,0.30000,КГ,15.00000,10.00000,7.00000,СМ,,,,42964.00000,,,,,,Заказной,Третьяков С.М.,SQ0741-0002,ШТ,Заказной товар,Торговый Дом Морозова (ОО,0.00000,0.00000,a.manokhin,,2026-03-24 11:33:35,,1718.56000,8592.80000,,,N,N,N,,False,1.50000,,,,,,0,ЭКС-000010097   ,2026-03-27 00:00:00,,,,,5.00000,1978185,2,,,,,,,,C,,Годен,,,
1996997,,WH1,321217,EKS000005827,268591,"Реле электротепловое токовое РТТ-325 П УХЛ4 100А (85,0 - 115,0)А TDM",,,ЭКС,2.00000,ШТ,0.00000,ЭКС-000005827   ,,5962371.00000,,,0.60000,КГ,15.00000,10.00000,7.00000,СМ,,,,6857.44000,,,,,,Заказной,Третьяков С.М.,SQ0741-0004,ШТ,Заказной товар,Торговый Дом Морозова (ОО,0.00000,0.00000,a.manokhin,,2026-03-24 11:35:26,,1714.36000,3428.72000,,,N,N,N,,False,1.20000,,,,,,0,ЭКС-000010097   ,2026-03-27 00:00:00,,,,,2.00000,1978186,2,,,,,,,,C,,Годен,,,
1996998,,WH1,321217,EKS000005827,604947,КМНп-10910 9А 110В/АС3 1НО TDM,,,ЭКС,2.00000,ШТ,0.00000,ЭКС-000005827   ,,5962370.00000,,,0.20000,КГ,12.00000,8.00000,6.00000,СМ,,,,6107.80000,,,,,,Заказной,Третьяков С.М.,SQ0755-0002,ШТ,Заказной товар,Торговый Дом Морозова (ОО,0.00000,0.00000,a.manokhin,,2026-03-24 11:34:14,,1526.95000,3053.90000,,,N,N,N,,False,0.40000,,,,,,0,ЭКС-000010097   ,2026-03-27 00:00:00,,,,,2.00000,1978187,2,,,,,,,,C,,Годен,,,
1996999,,WH1,321218,EKS000005828,174977,Кнопка КП-01 (для пров. звонков) TDM SQ1901-0019,,,ЭКС,332.00000,ШТ,0.00000,ЭКС-000005828   ,,5962374.00000,,,0.30000,КГ,20.00000,14.00000,5.00000,СМ,,,,20795962.08000,,,,,,Заказной,Княжева Ю.В.,SQ1901-0019,ШТ,Заказной товар,Торговый Дом Морозова (ОО,0.00000,0.00000,a.manokhin,,2026-03-24 11:28:49,,188.67000,62638.44000,,,N,N,N,,False,99.60000,,,,,,0,ЭКС-000011740   ,2026-03-27 00:00:00,,,,,332.00000,1978188,2,,,,,,,,C,,Годен,,,
1997000,,WH1,321219,EKS000005829,451362,Сигнализатор звуковой AD22-22M/k23 d22 мм 24В DC/AC черный TDM,,,ЭКС,20.00000,ШТ,0.00000,ЭКС-000005829   ,,5962375.00000,,,0.02000,КГ,6.50000,3.00000,3.00000,СМ,,,,72116.00000,,,,,,Заказной,Третьяков С.М.,SQ0746-0001,ШТ,Заказной товар,Торговый Дом Морозова (ОО,0.00000,0.00000,a.manokhin,,2026-03-24 11:10:50,,180.29000,3605.80000,,,N,N,N,,False,0.40000,,,,,,0,ЭКС-000011720   ,2026-03-27 00:00:00,,,,,20.00000,1978189,2,,,,,,,,C,,Годен,,,
1997001,,WH1,321220,EKS000005830,883263,"Блок питания 100Вт-12В-IP20 для светодиодных лент и модулей, металл, узкий",,,ЭКС,1.00000,ШТ,0.00000,ЭКС-000005830   ,,5962376.00000,,,0.24000,КГ,19.00000,5.00000,3.00000,СМ,,False,,443.16000,,,,,,Заказной,Лангеман Э.Г.,SQ0331-0552,ШТ,,Торговый Дом Морозова (ОО,0.00000,0.00000,a.manokhin,,2026-03-24 11:19:04,,443.16000,443.16000,,,N,N,N,,False,0.24000,,,,,,0,ЭКС-000011530   ,2026-03-27 00:00:00,,,,,1.00000,1978190,2,,,,,,,,C,,Годен,,,
1997002,,WH1,321221,EKS000005831,233779,Реле времени РВ1A-2реж-1сек/10мин-5А-220В-8Ц TDM SQ1503-0007,,,ЭКС,10.00000,ШТ,0.00000,ЭКС-000005831   ,,5962381.00000,,,0.09000,КГ,8.00000,4.00000,4.00000,СМ,,,,51234.00000,,,,,,Заказной,Третьяков С.М.,SQ1503-0007,ШТ,Заказной товар,Торговый Дом Морозова (ОО,0.00000,0.00000,a.manokhin,,2026-03-24 11:44:52,,512.34000,5123.40000,,,N,N,N,,False,0.90000,,,,,,0,ЭКС-000010869   ,2026-03-27 00:00:00,,,,,10.00000,1978191,2,,,,,,,,C,,Годен,,,
1997003,,WH1,321221,EKS000005831,191058,Пакетный выключатель ПВ3-100 исп.3 3П 100А 220В IP00 TDM,,,ЭКС,2.00000,ШТ,0.00000,ЭКС-000005831   ,,5962378.00000,,,1.15000,КГ,15.00000,15.00000,16.00000,СМ,,,,7204.60000,,,,,,Заказной,Третьяков С.М.,SQ0723-0030,ШТ,Заказной товар,Торговый Дом Морозова (ОО,0.00000,0.00000,a.manokhin,,2026-03-24 11:43:07,,1801.15000,3602.30000,,,N,N,N,,False,2.30000,,,,,,0,ЭКС-000010711   ,2026-03-27 00:00:00,,,,,2.00000,1978192,6,,,,,,,,C,,Годен,,,
1997004,,WH1,321221,EKS000005831,737663,КМН-22530 реверс 25А 230В/АС3 2НО TDM,,,ЭКС,6.00000,ШТ,0.00000,ЭКС-000005831   ,,5962382.00000,,,1.10000,КГ,13.50000,9.00000,11.00000,СМ,,,,57656.88000,,,,,,Заказной,Третьяков С.М.,SQ0761-0007,ШТ,Заказной товар,Торговый Дом Морозова (ОО,0.00000,0.00000,a.manokhin,,2026-03-24 11:46:23,,1601.58000,9609.48000,,,N,N,N,,False,6.60000,,,,,,0,ЭКС-000010882   ,2026-03-27 00:00:00,,,,,6.00000,1978193,2,,,,,,,,C,,Годен,,,
1997005,,WH1,321221,EKS000005831,620618,"ПКЕ 222-1 У2, красный гриб с фиксацией, IP54 TDM",,,ЭКС,4.00000,ШТ,0.00000,ЭКС-000005831   ,,5962380.00000,,,0.10000,КГ,10.00000,10.00000,10.00000,СМ,,,,5044.64000,,,,,,Заказной,Третьяков С.М.,SQ0742-0028,ШТ,Распродажа,Торговый Дом Морозова (ОО,0.00000,0.00000,a.manokhin,,2026-03-24 11:43:56,,315.29000,1261.16000,,,N,N,N,,False,0.40000,,,,,,0,ЭКС-000011096   ,2026-03-27 00:00:00,,,,,4.00000,1978194,2,,,,,,,,C,,Годен,,,
1997006,,WH1,321221,EKS000005831,295770,Кулачковый переключатель КПУ11-10/202 (1-0-2 2р (возврат)) TDM,,,ЭКС,7.00000,ШТ,0.00000,ЭКС-000005831   ,,5962383.00000,,,0.18000,КГ,8.00000,6.00000,7.00000,СМ,,,,42094.43000,,,,,,Заказной,Третьяков С.М.,SQ0715-0104,ШТ,Заказной товар,Торговый Дом Морозова (ОО,0.00000,0.00000,a.manokhin,,2026-03-24 11:45:16,,859.07000,6013.49000,,,N,N,N,,False,1.26000,,,,,,0,ЭКС-000011174   ,2026-03-27 00:00:00,,,,,7.00000,1978195,2,,,,,,,,C,,Годен,,,
1997007,,WH1,321222,EKS000005832,337971,"Коробка электромонтажная КЭМ 1-10-3М ОП D72 мм IP44, 3-х рожк. (карболит) TDM",,,ЭКС,20.00000,ШТ,0.00000,ЭКС-000005832   ,,5962395.00000,,,0.07000,КГ,8.00000,8.00000,3.00000,СМ,,False,,23608.00000,,,,,,Заказной,Княжева Ю.В.,SQ1401-1001,ШТ,Заказной товар,Торговый Дом Морозова (ОО,0.00000,0.00000,a.manokhin,,2026-03-24 11:53:34,,59.02000,1180.40000,,,N,N,N,,False,1.40000,,,,,,0,ЭКС-000011059   ,2026-03-27 00:00:00,,,,,20.00000,1978196,2,,,,,,,,C,,Годен,,,
1997008,,WH1,321222,EKS000005832,251788,"Строительно-монтажная клемма КБМ-2273-234 (2,5мм2) с пастой TDM",,,ЭКС,260.00000,ШТ,0.00000,ЭКС-000005832   ,,5962385.00000,,,0.00100,КГ,1.50000,1.00000,0.30000,СМ,,,,446836.00000,,,,,,Заказной,Феденькова Д.Ю.,SQ0517-0113,ШТ,Заказной товар,Торговый Дом Морозова (ОО,0.00000,0.00000,a.manokhin,,2026-03-24 12:02:24,,6.61000,1718.60000,,,N,N,N,,False,0.26000,,,,,,0,ЭКС-000010500   ,2026-03-27 00:00:00,,,,,260.00000,1978197,2,,,,,,,,C,,Годен,,,
1997009,,WH1,321222,EKS000005832,196607,Термоусаживаемая трубка ТУТнг 50/25 черная (25 м/ролл) TDM SQ0518-0112,,,ЭКС,100.00000,М,0.00000,ЭКС-000005832   ,,5962386.00000,,,0.30000,КГ,50.00000,8.00000,0.30000,СМ,,,,1257800.00000,,,,,,Дортман Анна Павловна,Княжева Ю.В.,SQ0518-0112,М,Базовый,Торговый Дом Морозова (ОО,0.00000,0.00000,a.manokhin,,2026-03-24 11:06:55,,125.78000,12578.00000,,,N,N,N,,False,30.00000,,,,,,0,ЭКС-000011001   ,2026-03-27 00:00:00,,,,,100.00000,1978198,2,,,,,,,,C,,Годен,,,
1997010,,WH1,321222,EKS000005832,186269,Корпус навес (600х600х150) ЩМП-6.6.1-0 с монт.пан IP66 TDM SQ0905-0080,,,ЭКС,1.00000,ШТ,0.00000,ЭКС-000005832   ,,5962394.00000,,,5.20000,КГ,60.00000,60.00000,17.00000,СМ,,,,6318.57000,,,,,,Заказной,Феденькова Д.Ю.,SQ0905-0080,ШТ,Заказной товар,Торговый Дом Морозова (ОО,0.00000,0.00000,a.manokhin,,2026-03-24 11:01:11,,6318.57000,6318.57000,,,N,N,N,,False,5.20000,,,,,,0,ЭКС-000010974   ,2026-03-27 00:00:00,,,,,1.00000,1978199,2,,,,,,,,C,,Годен,,,
1997011,,WH1,321222,EKS000005832,159466,Вилка угловая с/з белая 16А 250В TDM,,,ЭКС,330.00000,ШТ,0.00000,ЭКС-000005832   ,,5962396.00000,,,0.05000,КГ,8.00000,5.00000,3.00000,СМ,,,,4666365.00000,,,,,,Дортман Анна Павловна,Княжева Ю.В.,SQ1806-0007,ШТ,Суперсклад,Торговый Дом Морозова (ОО,0.00000,0.00000,a.manokhin,,2026-03-24 11:27:27,,42.85000,14140.50000,,,N,N,N,,False,16.50000,,,,,,0,,2026-03-27 00:00:00,,,,,330.00000,1978200,2,,,,,,,,A,,Годен,,,
1997012,,WH1,321222,EKS000005832,157841,Колодка розеточная 3 гнезда 2П+3 16А 250В белая TDM,,,ЭКС,70.00000,ШТ,0.00000,ЭКС-000005832   ,,5962397.00000,,,0.18000,КГ,16.00000,6.00000,5.00000,СМ,,,,639940.00000,,,,,,Дортман Анна Павловна,Княжева Ю.В.,SQ1806-0013,ШТ,Базовый,Торговый Дом Морозова (ОО,0.00000,0.00000,a.manokhin,,2026-03-24 11:23:01,,130.60000,9142.00000,,,N,N,N,,False,12.60000,,,,,,0,,2026-03-27 00:00:00,,,,,70.00000,1978201,2,,,,,,,,A,,Годен,,,
1997013,,WH1,321222,EKS000005832,141619,Корпус навес метал ЩРН-12 IP66 (265х310х120) TDM SQ0905-0070,,,ЭКС,1.00000,ШТ,0.00000,ЭКС-000005832   ,,5962393.00000,,,4.62000,КГ,34.00000,27.50000,13.50000,СМ,,,,1866.29000,,,,,,Заказной,Феденькова Д.Ю.,SQ0905-0070,ШТ,Заказной товар,Торговый Дом Морозова (ОО,0.00000,0.00000,a.manokhin,,2026-03-24 11:17:03,,1866.29000,1866.29000,,,N,N,N,,False,4.62000,,,,,,0,ЭКС-000010898   ,2026-03-27 00:00:00,,,,,1.00000,1978202,2,,,,,,,,C,,Годен,,,
1997014,,WH1,321222,EKS000005832,883718,Кабельный ввод мембранный КВМ-6 TDM,,,ЭКС,10.00000,ШТ,0.00000,ЭКС-000005832   ,,5962392.00000,,,0.23000,КГ,20.00000,7.00000,2.00000,СМ,,False,,39411.00000,,,,,,Заказной,Феденькова Д.Ю.,SQ0814-0011,ШТ,Заказной товар,Торговый Дом Морозова (ОО,0.00000,0.00000,a.manokhin,,2026-03-24 12:00:00,,394.11000,3941.10000,,,N,N,N,,False,2.30000,,,,,,0,ЭКС-000010776   ,2026-03-27 00:00:00,,,,,10.00000,1978203,2,,,,,,,,C,,Годен,,,
1997015,,WH1,321222,EKS000005832,883717,Кабельный ввод мембранный КВМ-25 TDM,,,ЭКС,4.00000,ШТ,0.00000,ЭКС-000005832   ,,5962389.00000,,,0.24000,КГ,20.00000,8.00000,2.00000,СМ,,False,,5319.68000,,,,,,Заказной,Феденькова Д.Ю.,SQ0814-0009,ШТ,Заказной товар,Торговый Дом Морозова (ОО,0.00000,0.00000,a.manokhin,,2026-03-24 11:56:48,,332.48000,1329.92000,,,N,N,N,,False,0.96000,,,,,,0,ЭКС-000010776   ,2026-03-27 00:00:00,,,,,4.00000,1978204,2,,,,,,,,C,,Годен,,,
1997016,,WH1,321222,EKS000005832,796132,Кабельный ввод мембранный КВМ-35 TDM,,,ЭКС,5.00000,ШТ,0.00000,ЭКС-000005832   ,,5962388.00000,,,0.24000,КГ,22.00000,8.00000,4.00000,СМ,,,,10492.00000,,,,,,Заказной,Феденькова Д.Ю.,SQ0814-0008,ШТ,Заказной товар,Торговый Дом Морозова (ОО,0.00000,0.00000,a.manokhin,,2026-03-24 12:02:49,,419.68000,2098.40000,,,N,N,N,,False,1.20000,,,,,,0,ЭКС-000010776   ,2026-03-27 00:00:00,,,,,5.00000,1978205,2,,,,,,,,C,,Годен,,,
1997017,,WH1,321222,EKS000005832,778665,Кабельный ввод мембранный КВМ-16 TDM,,,ЭКС,26.00000,ШТ,0.00000,ЭКС-000005832   ,,5962391.00000,,,0.20000,КГ,20.00000,10.00000,3.00000,СМ,,False,,231266.36000,,,,,,Заказной,Феденькова Д.Ю.,SQ0814-0010,ШТ,Заказной товар,Торговый Дом Морозова (ОО,0.00000,0.00000,a.manokhin,,2026-03-24 11:55:39,,342.11000,8894.86000,,,N,N,N,,False,5.20000,,,,,,0,ЭКС-000010776   ,2026-03-27 00:00:00,,,,,26.00000,1978206,2,,,,,,,,C,,Годен,,,
1997018,,WH1,321222,EKS000005832,428967,Наконечник ТМЛ (DIN) 50-10 TDM,,,ЭКС,25.00000,ШТ,0.00000,ЭКС-000005832   ,,5962387.00000,,,0.04000,КГ,6.00000,1.50000,0.50000,СМ,,,,95381.25000,,,,,,Заказной,Княжева Ю.В.,SQ0577-0014,ШТ,Заказной товар,Торговый Дом Морозова (ОО,0.00000,0.00000,a.manokhin,,2026-03-24 11:16:41,,152.61000,3815.25000,,,N,N,N,,False,1.00000,,,,,,0,ЭКС-000011129   ,2026-03-27 00:00:00,,,,,25.00000,1978207,2,,,,,,,,C,,Годен,,,
1997019,,WH1,321223,EKS000005833,135495,Контактор КТН-5115 115А 230В/АС3 TDM,,,ЭКС,1.00000,ШТ,0.00000,ЭКС-000005833   ,,5962398.00000,,,5.00000,КГ,25.00000,23.50000,20.00000,СМ,,,,4863.86000,,,,,,Заказной,Третьяков С.М.,SQ0710-0001,ШТ,Заказной товар,Торговый Дом Морозова (ОО,0.00000,0.00000,a.manokhin,,2026-03-24 11:19:52,,4863.86000,4863.86000,,,N,N,N,,False,5.00000,,,,,,0,ЭКС-000008756   ,2026-03-27 00:00:00,,,,,1.00000,1978208,2,,,,,,,,C,,Годен,,,
1997020,,WH1,321224,EKS000005834,135468,Контактор КМН 10960   9А в оболочке Ue=230В/АС3 IP54 TDM,,,ЭКС,1.00000,ШТ,0.00000,ЭКС-000005834   ,,5962399.00000,,,0.60000,КГ,17.10000,9.00000,15.00000,СМ,,,,1462.39000,,,,,,Катышев Александр Вячесла,Третьяков С.М.,SQ0709-0001,ШТ,Базовый,Торговый Дом Морозова (ОО,0.00000,0.00000,a.manokhin,,2026-03-24 11:17:40,,1462.39000,1462.39000,,,N,N,N,,False,0.60000,,,,,,0,ЭКС-000022447   ,2026-03-27 00:00:00,,,,,1.00000,1978209,2,,,,,,,,C,,Годен,,,
1997021,,WH1,321225,EKS000005835,133573,"Выключатель авт. ВА47-29 1п   16А  х-ка C   4,5кА  SQ0206-0074  TDM",,,ЭКС,144.00000,ШТ,0.00000,ЭКС-000005835   ,,5962400.00000,,,0.10500,КГ,8.00000,8.00000,2.00000,СМ,,,,1912688.64000,,,,,,Катышев Александр Вячесла,Шаповалов П.Г.,SQ0206-0074,ШТ,Базовый,Торговый Дом Морозова (ОО,0.00000,0.00000,a.manokhin,,2026-03-24 11:32:01,,92.24000,13282.56000,,,N,N,N,,False,15.12000,,,,,,0,,2026-03-27 00:00:00,,,,,144.00000,1978210,2,,,,,,,,C,,Годен,,,
1997022,,WH1,321226,EKS000005836,268782,"Выключатель 1-кл. скрытой установки IP54 10A ""Вуокса"" TDM SQ1803-0101",,,ЭКС,120.00000,ШТ,0.00000,ЭКС-000005836   ,,5962402.00000,,,0.07000,КГ,9.00000,9.00000,4.00000,СМ,,,,2209680.00000,,,,,,Дортман Анна Павловна,Княжева Ю.В.,SQ1803-0101,ШТ,Распродажа,Торговый Дом Морозова (ОО,0.00000,0.00000,a.manokhin,,2026-03-24 11:21:33,,153.45000,18414.00000,,,N,N,N,,False,8.40000,,,,,,0,ЭКС-000006183   ,2026-03-27 00:00:00,,,,,120.00000,1978211,2,,,,,,,,C,,Годен,,,
1997023,,WH1,321227,EKS000005837,255810,Термоусаживаемая трубка ТУТнг 30/15 желто-зеленая по 1м (25 м/упак) TDM,,,ЭКС,25.00000,М,0.00000,ЭКС-000005837   ,,5962407.00000,,,0.05000,КГ,50.00000,5.00000,0.20000,СМ,,,,63150.00000,,,1,,,Дортман Анна Павловна,Княжева Ю.В.,SQ0518-0280,М,Товар РЦ,Торговый Дом Морозова (ОО,0.00000,0.00000,a.manokhin,,2026-03-24 11:47:11,,101.04000,2526.00000,,,N,N,N,,False,1.25000,,,,,,0,,2026-03-27 00:00:00,,,,,25.00000,1978212,2,,,,,,,,C,,Годен,,,
1997024,,WH1,321227,EKS000005837,171639,Сжим ответвительный У-859М (50-70/4-35 мм2) IP20 TDM SQ0831-0005,,,ЭКС,216.00000,ШТ,0.00000,ЭКС-000005837   ,,5962410.00000,,,0.30000,КГ,8.00000,6.00000,4.00000,СМ,,,,3599510.40000,,,,,,Дортман Анна Павловна,Княжева Ю.В.,SQ0831-0005,ШТ,Выводится из ассортимента,Торговый Дом Морозова (ОО,0.00000,0.00000,a.manokhin,,2026-03-24 11:26:45,,77.15000,16664.40000,,,N,N,N,,False,64.80000,,,,,,0,ЭКС-000011477   ,2026-03-27 00:00:00,,,,,216.00000,1978213,2,,,,,,,,C,,Годен,,,
1997025,,WH1,321227,EKS000005837,161551,"Разъем РпИм 1,25-250 плоский (мама) (100шт) TDM",,,ЭКС,1.00000,УП,0.00000,ЭКС-000005837   ,,5962404.00000,,,0.06000,КГ,7.00000,7.00000,0.50000,СМ,,,,130.81000,,,,,,Заказной,Княжева Ю.В.,SQ0504-0003,УП,Заказной товар,Торговый Дом Морозова (ОО,0.00000,0.00000,a.manokhin,,2026-03-24 11:49:48,,130.81000,130.81000,,,N,N,N,,False,0.06000,,,,,,0,ЭКС-000011462   ,2026-03-27 00:00:00,,,,,1.00000,1978214,2,,,,,,,,C,,Годен,,,
1997026,,WH1,321227,EKS000005837,158331,"Разъем РпИп 2-5-0,8 плоский (папа) (100шт) TDM",,,ЭКС,1.00000,УП,0.00000,ЭКС-000005837   ,,5962403.00000,,,0.01000,КГ,6.00000,6.00000,1.00000,СМ,,,,131.23000,,,,,,Заказной,Княжева Ю.В.,SQ0504-0001,УП,Заказной товар,Торговый Дом Морозова (ОО,0.00000,0.00000,a.manokhin,,2026-03-24 11:47:59,,131.23000,131.23000,,,N,N,N,,False,0.01000,,,,,,0,ЭКС-000011462   ,2026-03-27 00:00:00,,,,,1.00000,1978215,2,,,,,,,,C,,Годен,,,
1997027,,WH1,321227,EKS000005837,158329,"Разъем РпИп 1,25-5-0,8 плоский (папа) (100шт) TDM",,,ЭКС,1.00000,УП,0.00000,ЭКС-000005837   ,,5962406.00000,,,0.04000,КГ,7.00000,7.00000,0.50000,СМ,,,,114.46000,,,,,,Заказной,Княжева Ю.В.,SQ0504-0007,УП,Заказной товар,Торговый Дом Морозова (ОО,0.00000,0.00000,a.manokhin,,2026-03-24 11:49:08,,114.46000,114.46000,,,N,N,N,,False,0.04000,,,,,,0,ЭКС-000011462   ,2026-03-27 00:00:00,,,,,1.00000,1978216,2,,,,,,,,C,,Годен,,,
1997028,,WH1,321227,EKS000005837,158326,"Разъем РпИм 2-5-0,8 плоский (мама) (100шт) TDM",,,ЭКС,1.00000,УП,0.00000,ЭКС-000005837   ,,5962405.00000,,,0.10000,КГ,11.00000,8.00000,1.50000,СМ,,,,123.26000,,,,,,Заказной,Княжева Ю.В.,SQ0504-0004,УП,Заказной товар,Торговый Дом Морозова (ОО,0.00000,0.00000,a.manokhin,,2026-03-24 12:04:07,,123.26000,123.26000,,,N,N,N,,False,0.10000,,,,,,0,ЭКС-000011462   ,2026-03-27 00:00:00,,,,,1.00000,1978217,2,,,,,,,,C,,Годен,,,
1997029,,WH1,321227,EKS000005837,139935,"Шина ""N""(ноль) 2х7 на DIN-рейку в корпусе TDM SQ0801-0007",,,ЭКС,30.00000,ШТ,0.00000,ЭКС-000005837   ,,5962409.00000,,,0.12000,КГ,7.00000,5.00000,6.00000,СМ,,False,,196965.00000,,,,,,Заказной,Феденькова Д.Ю.,SQ0801-0007,ШТ,Выводится из ассортимента,Торговый Дом Морозова (ОО,0.00000,0.00000,a.manokhin,,2026-03-24 11:21:01,,218.85000,6565.50000,,,N,N,N,,False,3.60000,,,,,,0,ЭКС-000011659   ,2026-03-27 00:00:00,,,,,30.00000,1978218,2,,,,,,,,C,,Годен,,,
1997030,,WH1,321227,EKS000005837,403891,Расп. коробка с крышкой 75х75х28 ОП белая IP40 TDM SQ1401-0205,,,ЭКС,20.00000,ШТ,0.00000,ЭКС-000005837   ,,5962411.00000,,,0.03500,КГ,8.00000,8.00000,3.00000,СМ,,,,8208.00000,,,,,,Заказной,Княжева Ю.В.,SQ1401-0205,ШТ,Заказной товар,Торговый Дом Морозова (ОО,0.00000,0.00000,a.manokhin,,2026-03-24 11:50:35,,20.52000,410.40000,,,N,N,N,,False,0.70000,,,,,,0,ЭКС-000011254   ,2026-03-27 00:00:00,,,,,20.00000,1978219,2,,,,,,,,C,,Годен,,,
1997031,,WH1,321227,EKS000005837,320261,"Распаячная коробка ОП 240х195х165мм, крышка, IP55, кабельные ввода d28-3 шт., d37-2 шт., TDM",,,ЭКС,2.00000,ШТ,0.00000,ЭКС-000005837   ,,5962412.00000,,,0.30000,КГ,25.00000,20.00000,17.00000,СМ,,,,1085.28000,,,,,,Заказной,Княжева Ю.В.,SQ1401-1274,ШТ,Заказной товар,Торговый Дом Морозова (ОО,0.00000,0.00000,a.manokhin,,2026-03-24 11:50:53,,271.32000,542.64000,,,N,N,N,,False,0.60000,,,,,,0,ЭКС-000011633   ,2026-03-27 00:00:00,,,,,2.00000,1978220,2,,,,,,,,C,,Годен,,,
1997032,,WH1,321228,EKS000005838,841082,Панель сд универсальная ДВО-02 4040-ОПАЛ 40Вт 4000К IP40 595х595х22мм NEOX,,,ЭКС,8.00000,ШТ,0.00000,ЭКС-000005838   ,,5962419.00000,,,1.00000,КГ,59.00000,59.00000,2.50000,СМ,,False,,32419.84000,,,,,,Заказной,Косова Т.В.,4690612038803,ШТ,Заказной товар,ИН ХОУМ  ООО,0.00000,0.00000,a.savitskiy,,2026-03-24 11:13:34,,506.56000,4052.48000,,,N,N,N,,False,8.00000,,,,,,0,ЭКС-000012097   ,2026-03-24 00:00:00,,,,,8.00000,1978221,2,,,,,,,,C,,Годен,,,
1997033,,WH1,321228,EKS000005838,841040,Лампа сд низковольтная LED-MO-PRO 15Вт 12-48В Е27 6500К 1200Лм IN HOME,,,ЭКС,10.00000,ШТ,0.00000,ЭКС-000005838   ,,5962424.00000,,,0.05000,КГ,11.00000,6.00000,6.00000,СМ,,False,,9148.00000,,,,,,Заказной,Косова Т.В.,4690612036366,ШТ,Заказной товар,ИН ХОУМ  ООО,0.00000,0.00000,a.savitskiy,,2026-03-24 11:16:23,,91.48000,914.80000,,,N,N,N,,False,0.50000,,,,,,0,ЭКС-000012280   ,2026-03-24 00:00:00,,,,,10.00000,1978222,2,,,,,,,,C,,Годен,,,
1997034,,WH1,321228,EKS000005838,830305,Стартер S10 4-65W 220-240В IN HOME,,,ЭКС,25.00000,ШТ,0.00000,ЭКС-000005838   ,,5962415.00000,,,0.00100,КГ,4.00000,2.00000,2.00000,СМ,,False,,4306.25000,,,,,,Заказной,Косова Т.В.,4690612032436,ШТ,Заказной товар,ИН ХОУМ  ООО,0.00000,0.00000,a.savitskiy,,2026-03-24 11:19:30,,6.89000,172.25000,,,N,N,N,,False,0.02500,,,,,,0,ЭКС-000011508   ,2026-03-24 00:00:00,,,,,25.00000,1978223,2,,,,,,,,C,,Годен,,,
1997035,,WH1,321228,EKS000005838,794213,Лампа LED-T8-М-PRO 20Вт  матовая 6500К холод. бел. G13 2000лм 230В 1200мм неповоротн. IN HOME,,,ЭКС,25.00000,ШТ,0.00000,ЭКС-000005838   ,,5962420.00000,,,0.19000,КГ,120.00000,3.00000,3.00000,СМ,,False,,43643.75000,,,,,,,Косова Т.В.,4690612030999,ШТ,Товар филиала,ИН ХОУМ  ООО,0.00000,0.00000,a.savitskiy,,2026-03-24 11:05:47,,69.83000,1745.75000,,,N,N,N,,False,4.75000,,,,,,0,,2026-03-24 00:00:00,,,,,25.00000,1978224,2,,,,,,,,C,,Годен,,,
1997036,,WH1,321228,EKS000005838,660579,Светильник LED универс. ДВО-02 3640-ПРИЗМА 36Вт 230В 4000К 4020лм 110лм/Вт 595х595х19 панель,,,ЭКС,12.00000,ШТ,0.00000,ЭКС-000005838   ,,5962425.00000,,,0.01000,КГ,58.00000,58.00000,2.00000,СМ,,False,,56514.24000,,,,,,Заказной,Косова Т.В.,4690612038162,ШТ,Заказной товар,ИН ХОУМ  ООО,0.00000,0.00000,a.savitskiy,,2026-03-24 11:05:22,,392.46000,4709.52000,,,N,N,N,,False,0.12000,,,,,,0,ЭКС-000012306   ,2026-03-24 00:00:00,,,,,12.00000,1978225,2,,,,,,,,C,,Годен,,,
1997037,,WH1,321228,EKS000005838,605091,Лампа LED-T8-М-PRO 30Вт 230В G13 6500К 3000Лм 1200мм матовая IN HOME,,,ЭКС,50.00000,ШТ,0.00000,ЭКС-000005838   ,,5962423.00000,,,0.20000,КГ,120.00000,3.00000,3.00000,СМ,,False,,215175.00000,,,,,,Заказной,Косова Т.В.,4690612031026,ШТ,Заказной товар,ИН ХОУМ  ООО,0.00000,0.00000,a.savitskiy,,2026-03-24 11:05:56,,86.07000,4303.50000,,,N,N,N,,False,10.00000,,,,,,0,ЭКС-000012249   ,2026-03-24 00:00:00,,,,,50.00000,1978226,2,,,,,,,,C,,Годен,,,
1997038,,WH1,321228,EKS000005838,508811,Прожектор  LED СДО-7 100Вт 230В 6500К IP65 черный IN HOME,,,ЭКС,40.00000,ШТ,0.00000,ЭКС-000005838   ,,5962417.00000,,,0.28000,КГ,23.00000,20.00000,3.00000,СМ,,False,,522496.00000,,,,,,Заказной,Косова Т.В.,4690612034652,ШТ,Прочее,ИН ХОУМ  ООО,0.00000,0.00000,a.savitskiy,,2026-03-24 11:07:20,,326.56000,13062.40000,,,N,N,N,,False,11.20000,,,,,,0,ЭКС-000012005   ,2026-03-24 00:00:00,,,,,40.00000,1978227,2,,,,,,,,C,,Годен,,,
1997039,,WH1,321228,EKS000005838,842196,Светильник уличный линзованный сд ДКУ-2L 200Вт 230В 5000К 25000Лм 125лм/Вт 48-70мм IP65 NEOX,,,ЭКС,3.00000,ШТ,0.00000,ЭКС-000005838   ,,5962422.00000,,,2.21000,КГ,56.00000,28.00000,6.00000,СМ,,False,,21073.32000,,,,,,Заказной,Косова Т.В.,4690612057699,ШТ,Заказной товар,ИН ХОУМ  ООО,0.00000,0.00000,a.savitskiy,,2026-03-24 11:06:28,,2341.48000,7024.44000,,,N,N,N,,False,6.63000,,,,,,0,ЭКС-000012180   ,2026-03-24 00:00:00,,,,,3.00000,1978228,2,,,,,,,,C,,Годен,,,
1997040,,WH1,321228,EKS000005838,842186,Светильник складской линзованный сд UHB-2L 200Вт 230В 5000К 21000Лм 105лм/Вт IP65 без пульсации NEOX,,,ЭКС,5.00000,ШТ,0.00000,ЭКС-000005838   ,,5962416.00000,,,1.15000,КГ,31.00000,31.00000,3.50000,СМ,,False,,40450.75000,,,,,,Заказной,Косова Т.В.,4690612057064,ШТ,Заказной товар,ИН ХОУМ  ООО,0.00000,0.00000,a.savitskiy,,2026-03-24 11:15:49,,1618.03000,8090.15000,,,N,N,N,,False,5.75000,,,,,,0,ЭКС-000011890   ,2026-03-24 00:00:00,,,,,5.00000,1978229,2,,,,,,,,C,,Годен,,,
1997041,,WH1,321228,EKS000005838,841804,Лампа сд LED-A65-VC 30Вт 230В Е27 3000К 2850Лм IN HOME,,,ЭКС,10.00000,ШТ,0.00000,ЭКС-000005838   ,,5962414.00000,,,0.05000,КГ,13.00000,7.00000,7.00000,СМ,,False,,5361.00000,,,,,,Заказной,Косова Т.В.,4690612066233,ШТ,Заказной товар,ИН ХОУМ  ООО,0.00000,0.00000,a.savitskiy,,2026-03-24 11:16:58,,53.61000,536.10000,,,N,N,N,,False,0.50000,,,,,,0,ЭКС-000011481   ,2026-03-24 00:00:00,,,,,10.00000,1978230,2,,,,,,,,C,,Годен,,,
1997042,,WH1,321228,EKS000005838,841771,ЭПРА-36-SLIM 36Вт для серии ДВО-SLIM NEOX,,,ЭКС,1.00000,ШТ,0.00000,ЭКС-000005838   ,,5962418.00000,,,0.10000,КГ,13.00000,5.50000,3.00000,СМ,,False,,227.21000,,,,,,Заказной,Косова Т.В.,4690612064550,ШТ,Заказной товар,ИН ХОУМ  ООО,0.00000,0.00000,a.savitskiy,,2026-03-24 11:20:38,,227.21000,227.21000,,,N,N,N,,False,0.10000,,,,,,0,ЭКС-000012050   ,2026-03-24 00:00:00,,,,,1.00000,1978231,2,,,,,,,,C,,Годен,,,
1997043,,WH1,321228,EKS000005838,841147,Светильник трековый TR-GX53-TL 52RB под GX53 с подсветкой черный IN HOME,,,ЭКС,1.00000,ШТ,0.00000,ЭКС-000005838   ,,5962413.00000,,,0.20000,КГ,10.00000,10.00000,15.00000,СМ,,False,,233.61000,,,,,,Заказной,Косова Т.В.,4690612043760,ШТ,Заказной товар,ИН ХОУМ  ООО,0.00000,0.00000,a.savitskiy,,2026-03-24 11:17:22,,233.61000,233.61000,,,N,N,N,,False,0.20000,,,,,,0,ЭКС-000011478   ,2026-03-24 00:00:00,,,,,1.00000,1978232,2,,,,,,,,C,,Годен,,,
1997044,,WH1,321229,EKS000005839,739788,R3-Рубеж-2ОП Прибор приёмно-контрольный и управления,,,ЭКС,1.00000,ШТ,0.00000,ЭКС-000005839   ,,5962429.00000,,,0.30000,КГ,23.00000,17.00000,5.00000,СМ,,False,,28888.52000,,,,,,Заказной,Самоличенко В.А.,R3-Рубеж-2ОП,ШТ,Заказной товар,Тантос ООО,0.00000,0.00000,a.savitskiy,,2026-03-24 11:44:47,,28888.52000,28888.52000,,,N,N,N,,False,0.30000,,,,,,0,ЭКС-000012213   ,2026-03-24 00:00:00,,,,,1.00000,1978233,2,,,,,,,,C,,Годен,,,
1997045,,WH1,321230,EKS000005840,742332,"Маяк-24-КП, оповещатель охранно-пожарный комбинированный свето-звуковой",,,ЭКС,2.00000,ШТ,0.00000,ЭКС-000005840   ,,5962430.00000,,,0.01000,КГ,9.00000,9.00000,5.00000,СМ,,,,2065.60000,,,,,,Заказной,Марин А.Ю.,216923,ШТ,Заказной товар,ТД ТИНКО ООО,0.00000,0.00000,a.savitskiy,,2026-03-24 11:44:21,,516.40000,1032.80000,,,N,N,N,,False,0.02000,,,,,,0,ЭКС-000010482   ,2026-03-24 00:00:00,,,,,2.00000,1978234,2,,,,,,,,C,,Годен,,,
1997046,,WH1,321230,EKS000005840,847791,Аккумулятор ETALON FORS 18 А/ч 12В,,,ЭКС,11.00000,ШТ,0.00000,ЭКС-000005840   ,,5962435.00000,,,5.15000,КГ,19.00000,8.00000,19.00000,СМ,,False,,295754.25000,,,,,,Заказной,Марин А.Ю.,ETALON FORS 18 А/ч 12В,ШТ,Заказной товар,Приборы Охраны ООО,0.00000,0.00000,a.savitskiy,,2026-03-24 11:40:09,,2444.25000,26886.75000,,,N,N,N,,False,56.65000,,,,,,0,ЭКС-000010569   ,2026-03-24 00:00:00,,,,,11.00000,1978235,2,,,,,,,,C,,Годен,,,
1997047,,WH1,321230,EKS000005840,847790,"ИВЭПР 12/5 2х17 - Р БР (К4), источник резервного питания",,,ЭКС,5.00000,ШТ,0.00000,ЭКС-000005840   ,,5962434.00000,,,2.38000,КГ,38.00000,26.50000,11.00000,СМ,,False,,166401.25000,,,,,,Заказной,Марин А.Ю.,ИВЭПР 12/5 2х17 - Р БР (К,ШТ,Заказной товар,Приборы Охраны ООО,0.00000,0.00000,a.savitskiy,,2026-03-24 11:41:00,,6656.05000,33280.25000,,,N,N,N,,False,11.90000,,,,,,0,ЭКС-000010569   ,2026-03-24 00:00:00,,,,,5.00000,1978236,2,,,,,,,,C,,Годен,,,
1997048,,WH1,321230,EKS000005840,847789,АРИЯ - ПС-10 (АРИЯ-10 (10 Вт)),,,ЭКС,20.00000,ШТ,0.00000,ЭКС-000005840   ,,5962433.00000,,,0.50000,КГ,27.00000,17.00000,8.00000,СМ,,False,,483280.00000,,,,,,Заказной,Марин А.Ю.,АРИЯ - ПС-10,ШТ,Заказной товар,Приборы Охраны ООО,0.00000,0.00000,a.savitskiy,,2026-03-24 11:42:01,,1208.20000,24164.00000,,,N,N,N,,False,10.00000,,,,,,0,ЭКС-000010569   ,2026-03-24 00:00:00,,,,,20.00000,1978237,2,,,,,,,,C,,Годен,,,
1997049,,WH1,321230,EKS000005840,847787,"АРИЯ-ПС-МК-12, микрофон",,,ЭКС,5.00000,ШТ,0.00000,ЭКС-000005840   ,,5962432.00000,,,0.11000,КГ,25.00000,8.00000,8.00000,СМ,,False,,74672.25000,,,,,,Заказной,Марин А.Ю.,5АРИЯ-ПС-МК-12,ШТ,Заказной товар,Приборы Охраны ООО,0.00000,0.00000,a.savitskiy,,2026-03-24 11:43:50,,2986.89000,14934.45000,,,N,N,N,,False,0.55000,,,,,,0,ЭКС-000010569   ,2026-03-24 00:00:00,,,,,5.00000,1978238,2,,,,,,,,C,,Годен,,,
1997050,,WH1,321230,EKS000005840,847786,"АРИЯ-ПС-БРО-РМ, блок трансляции фоновой музыки + резервный источник 220В, АКБ 7Ач, IP40, ГО и ЧС, му",,,ЭКС,5.00000,ШТ,0.00000,ЭКС-000005840   ,,5962431.00000,,,1.04000,КГ,25.50000,20.50000,9.50000,СМ,,False,,278668.00000,,,,,,Заказной,Марин А.Ю.,АРИЯ-ПС-БРО-РМ,ШТ,Заказной товар,Приборы Охраны ООО,0.00000,0.00000,a.savitskiy,,2026-03-24 11:43:10,,11146.72000,55733.60000,,,N,N,N,,False,5.20000,,,,,,0,ЭКС-000010569   ,2026-03-24 00:00:00,,,,,5.00000,1978239,2,,,,,,,,C,,Годен,,,
1997051,,WH1,321231,EKS000005841,778533,PTR  4026 26W 4000K 120° BL 900mm IP40 Jazzway,,,ЭКС,7.00000,ШТ,0.00000,ЭКС-000005841   ,,5962437.00000,,,0.28000,КГ,90.00000,5.50000,4.50000,СМ,,False,,40296.62000,,,,,,,Кузьмин М.С.,.5060715,ШТ,Товар филиала,ВТЛ  ООО (JAZZWAY),0.00000,0.00000,n.bezrukov,,2026-03-24 12:42:42,,822.38000,5756.66000,,,N,N,N,,False,1.96000,,,,,,0,ЭКС-000010938   ,2026-03-24 00:00:00,,,,,7.00000,1978240,2,,,,,,,,C,,Годен,,,
1997052,,WH1,321231,EKS000005841,778531,PTR  4018 18W 4000K 120° BL 600mm IP40 Jazzway,,,ЭКС,2.00000,ШТ,0.00000,ЭКС-000005841   ,,5962438.00000,,,0.20000,КГ,60.00000,5.00000,5.00000,СМ,,False,,2485.40000,,,,,,,Кузьмин М.С.,.5060678,ШТ,Товар филиала,ВТЛ  ООО (JAZZWAY),0.00000,0.00000,n.bezrukov,,2026-03-24 12:42:23,,621.35000,1242.70000,,,N,N,N,,False,0.40000,,,,,,0,ЭКС-000010938   ,2026-03-24 00:00:00,,,,,2.00000,1978241,2,,,,,,,,C,,Годен,,,
1997053,,WH1,321232,EKS000005842,802248,"Лампа LED PRO G4  6w  4000K 480Lm 220V  PLED (d16,5х50mm) Jazzway",,,ЭКС,100.00000,ШТ,0.00000,ЭКС-000005842   ,,5962484.00000,,,0.01000,КГ,6.00000,2.00000,2.00000,СМ,,,,724800.00000,,,1,,,,Косова Т.В.,.5062467,ШТ,Базовый,ВТЛ  ООО (JAZZWAY),0.00000,0.00000,n.bezrukov,,2026-03-24 12:16:49,,72.48000,7248.00000,,,N,N,N,,False,1.00000,,,,,,0,,2026-03-24 00:00:00,,,,,100.00000,1978242,2,,,,,,,,C,,Годен,,,
1997054,,WH1,321232,EKS000005842,728928,"Лампа LED НИЗКОВОЛЬТНАЯ E27 20W 6500K 1600Lm DC12-48V/AC24-42,груша матовая A60, Jazzway",,,ЭКС,200.00000,ШТ,0.00000,ЭКС-000005842   ,,5962483.00000,,,0.01000,КГ,12.00000,6.00000,6.00000,СМ,,,,4892800.00000,,,,,,,Косова Т.В.,.5050655,ШТ,Базовый,ВТЛ  ООО (JAZZWAY),0.00000,0.00000,n.bezrukov,,2026-03-24 12:01:05,,122.32000,24464.00000,,,N,N,N,,False,2.00000,,,,,,0,,2026-03-24 00:00:00,,,,,200.00000,1978243,2,,,,,,,,C,,Годен,,,
1997055,,WH1,321232,EKS000005842,728925,"Лампа LED НИЗКОВОЛЬТНАЯ E27 15W 6500K 1200Lm DC12-48V/AC24-42,груша матовая A60, Jazzway",,,ЭКС,200.00000,ШТ,0.00000,ЭКС-000005842   ,,5962482.00000,,,0.20000,КГ,6.00000,11.00000,6.00000,СМ,,,,4239600.00000,,,,,,,Косова Т.В.,.5050594,ШТ,Базовый,ВТЛ  ООО (JAZZWAY),0.00000,0.00000,n.bezrukov,,2026-03-24 12:00:11,,105.99000,21198.00000,,,N,N,N,,False,40.00000,,,,,,0,,2026-03-24 00:00:00,,,,,200.00000,1978244,2,,,,,,,,C,,Годен,,,
1997056,,WH1,321232,EKS000005842,202269,Лампа LED G4  3w  4000K 200Lm 220V  PLED Jazzway,,,ЭКС,65.00000,ШТ,0.00000,ЭКС-000005842   ,,5962443.00000,,,0.00500,КГ,4.00000,1.20000,1.20000,СМ,,,,224896.75000,,,1,,,Логунов Владимир Александ,Косова Т.В.,.1032072,ШТ,Базовый,ВТЛ  ООО (JAZZWAY),0.00000,0.00000,n.bezrukov,,2026-03-24 12:14:58,,53.23000,3459.95000,,,N,N,N,,False,0.32500,,,,,,0,,2026-03-24 00:00:00,,,,,65.00000,1978245,2,,,,,,,,C,,Годен,,,
1997057,,WH1,321232,EKS000005842,202268,Лампа LED G4  3w  2700K 200Lm 220V  PLED Jazzway,,,ЭКС,50.00000,ШТ,0.00000,ЭКС-000005842   ,,5962442.00000,,,0.00500,КГ,4.00000,1.20000,1.20000,СМ,,,,133075.00000,,,1,,,Логунов Владимир Александ,Косова Т.В.,.1032041,ШТ,Базовый,ВТЛ  ООО (JAZZWAY),0.00000,0.00000,n.bezrukov,,2026-03-24 12:17:06,,53.23000,2661.50000,,,N,N,N,,False,0.25000,,,,,,0,,2026-03-24 00:00:00,,,,,50.00000,1978246,2,,,,,,,,C,,Годен,,,
1997058,,WH1,321232,EKS000005842,196241,"Лампа LED E14, 7W 4000К 230V 560Lm, свеча на ветру матовая  Jazzway POWER",,,ЭКС,20.00000,ШТ,0.00000,ЭКС-000005842   ,,5962440.00000,,,0.05000,КГ,16.00000,4.00000,4.00000,СМ,,,,21208.00000,,,,,,Логунов Владимир Александ,Косова Т.В.,.1027917-2,ШТ,Базовый,ВТЛ  ООО (JAZZWAY),0.00000,0.00000,n.bezrukov,,2026-03-24 12:13:28,,53.02000,1060.40000,,,N,N,N,,False,1.00000,,,,,,0,,2026-03-24 00:00:00,,,,,20.00000,1978247,2,,,,,,,,C,,Годен,,,
1997059,,WH1,321232,EKS000005842,196230,"Лампа LED E14, 7W 3000К 230V 530Lm, свеча на ветру матовая  Jazzway POWER",,,ЭКС,17.00000,ШТ,0.00000,ЭКС-000005842   ,,5962439.00000,,,0.10000,КГ,15.00000,4.00000,4.00000,СМ,,,,15322.78000,,,,,,Логунов Владимир Александ,Косова Т.В.,.1027894-2,ШТ,Базовый,ВТЛ  ООО (JAZZWAY),0.00000,0.00000,n.bezrukov,,2026-03-24 12:16:15,,53.02000,901.34000,,,N,N,N,,False,1.70000,,,,,,0,,2026-03-24 00:00:00,,,,,17.00000,1978248,2,,,,,,,,C,,Годен,,,
1997060,,WH1,321232,EKS000005842,215904,"Лампа LED E27, 10W 3000К 230V 790Lm, A60 груша мат, Jazzway SP",,,ЭКС,100.00000,ШТ,0.00000,ЭКС-000005842   ,,5962454.00000,,,0.10000,КГ,12.00000,6.00000,6.00000,СМ,,,,430500.00000,,,,,,Логунов Владимир Александ,Косова Т.В.,.1033697,ШТ,Базовый,ВТЛ  ООО (JAZZWAY),0.00000,0.00000,n.bezrukov,,2026-03-24 12:13:02,,43.05000,4305.00000,,,N,N,N,,False,10.00000,,,,,,0,,2026-03-24 00:00:00,,,,,100.00000,1978249,2,,,,,,,,C,,Годен,,,
1997061,,WH1,321232,EKS000005842,214357,Лампа LED G13  1500мм 24W/840 2100Lm матовая стекло JAZZWAY,,,ЭКС,100.00000,ШТ,0.00000,ЭКС-000005842   ,,5962453.00000,,,0.20000,КГ,160.00000,3.50000,3.50000,СМ,,,,1758800.00000,,,,,,Логунов Владимир Александ,Косова Т.В.,.1032539,ШТ,Базовый,ВТЛ  ООО (JAZZWAY),0.00000,0.00000,n.bezrukov,,2026-03-24 12:39:47,,175.88000,17588.00000,,,N,N,N,,False,20.00000,,,,,,0,,2026-03-24 00:00:00,,,,,100.00000,1978250,2,,,,,,,Long < 2,C,,Годен,,,
1997062,,WH1,321232,EKS000005842,214355,"Лампа LED E14, 7W 3000К 230V 540Lm, R50 зеркальная мат. Jazzway Super Power",,,ЭКС,100.00000,ШТ,0.00000,ЭКС-000005842   ,,5962452.00000,,,0.08000,КГ,9.00000,5.00000,4.00000,СМ,,,,677800.00000,,,,,,Логунов Владимир Александ,Косова Т.В.,.1033628,ШТ,Базовый,ВТЛ  ООО (JAZZWAY),0.00000,0.00000,n.bezrukov,,2026-03-24 11:59:33,,67.78000,6778.00000,,,N,N,N,,False,8.00000,,,,,,0,,2026-03-24 00:00:00,,,,,100.00000,1978251,2,,,,,,,,B,,Годен,,,
1997063,,WH1,321232,EKS000005842,213580,"Лампа LED E27, 11W 4000К 230V 880Lm, A60 груша мат, Jazzway ЭКО",,,ЭКС,100.00000,ШТ,0.00000,ЭКС-000005842   ,,5962451.00000,,,0.05000,КГ,5.00000,5.00000,5.00000,СМ,,,,423900.00000,,,,,,Логунов Владимир Александ,Косова Т.В.,.1033215,ШТ,Базовый,ВТЛ  ООО (JAZZWAY),0.00000,0.00000,n.bezrukov,,2026-03-24 11:06:39,,42.39000,4239.00000,,,N,N,N,,False,5.00000,,,,,,0,,2026-03-24 00:00:00,,,,,100.00000,1978252,2,,,,,,,,B,,Годен,,,
1997064,,WH1,321232,EKS000005842,211877,"Лампа LED E27, 7W 4000К 230V 580Lm, A60 груша мат, Jazzway ЭКО",,,ЭКС,100.00000,ШТ,0.00000,ЭКС-000005842   ,,5962450.00000,,,0.15000,КГ,13.00000,7.00000,7.00000,СМ,,False,27.40.15.150,448400.00000,,8539520003,,,,Логунов Владимир Александ,Косова Т.В.,.1033185,ШТ,Базовый,ВТЛ  ООО (JAZZWAY),0.00000,0.00000,n.bezrukov,,2026-03-24 11:08:25,,44.84000,4484.00000,,,N,N,N,,False,15.00000,,,,,,0,,2026-03-24 00:00:00,,,,,100.00000,1978253,2,,,,,,,,C,,Годен,,,
1997065,,WH1,321232,EKS000005842,206571,"Лампа LED E14, 7W 5000К 230V 560Lm, шар матовый  Jazzway POWER",,,ЭКС,100.00000,ШТ,0.00000,ЭКС-000005842   ,,5962449.00000,,,0.30000,КГ,10.00000,5.00000,5.00000,СМ,,,,487100.00000,,,,,,Логунов Владимир Александ,Косова Т.В.,.1027870-2,ШТ,Базовый,ВТЛ  ООО (JAZZWAY),0.00000,0.00000,n.bezrukov,,2026-03-24 11:08:42,,48.71000,4871.00000,,,N,N,N,,False,30.00000,,,,,,0,,2026-03-24 00:00:00,,,,,100.00000,1978254,2,,,,,,,,C,,Годен,,,
1997066,,WH1,321232,EKS000005842,206570,"Лампа LED E27, 7W 3000К 230V 530Lm, шар матовый, Jazzway",,,ЭКС,100.00000,ШТ,0.00000,ЭКС-000005842   ,,5962447.00000,,,0.30000,КГ,10.00000,5.00000,5.00000,СМ,,,,487100.00000,,,,,,Логунов Владимир Александ,Косова Т.В.,.1027863-2,ШТ,Базовый,ВТЛ  ООО (JAZZWAY),0.00000,0.00000,n.bezrukov,,2026-03-24 11:59:50,,48.71000,4871.00000,,,N,N,N,,False,30.00000,,,,,,0,,2026-03-24 00:00:00,,,,,100.00000,1978255,2,,,,,,,,C,,Годен,,,
1997067,,WH1,321232,EKS000005842,205552,"Лампа LED E14, 7W 5000К 230V 560Lm, свеча матовая  Jazzway POWER",,,ЭКС,100.00000,ШТ,0.00000,ЭКС-000005842   ,,5962446.00000,,,0.10000,КГ,11.00000,4.00000,4.00000,СМ,,False,27.40.15.150,487100.00000,,8539520003,,,,Логунов Владимир Александ,Косова Т.В.,.1027832-2,ШТ,Базовый,ВТЛ  ООО (JAZZWAY),0.00000,0.00000,n.bezrukov,,2026-03-24 11:56:59,,48.71000,4871.00000,,,N,N,N,,False,10.00000,,,,,,0,,2026-03-24 00:00:00,,,,,100.00000,1978256,2,,,,,,,,C,,Годен,,,
1997068,,WH1,321232,EKS000005842,205378,"Лампа LED E14, 7W 3000К 230V 530Lm, свеча матовая  Jazzway POWER",,,ЭКС,100.00000,ШТ,0.00000,ЭКС-000005842   ,,5962445.00000,,,0.02000,КГ,12.00000,4.10000,4.10000,СМ,,False,27.40.15.150,487100.00000,,8539520003,,,,Логунов Владимир Александ,Косова Т.В.,.1027818-2,ШТ,Базовый,ВТЛ  ООО (JAZZWAY),0.00000,0.00000,n.bezrukov,,2026-03-24 11:56:43,,48.71000,4871.00000,,,N,N,N,,False,2.00000,,,,,,0,,2026-03-24 00:00:00,,,,,100.00000,1978257,2,,,,,,,,C,,Годен,,,
1997069,,WH1,321232,EKS000005842,203044,Лампа LED G13  600мм 10W/840 800Lm матовая стекло JAZZWAY,,,ЭКС,200.00000,ШТ,0.00000,ЭКС-000005842   ,,5962444.00000,,,0.12000,КГ,60.00000,3.00000,3.00000,СМ,,,,2826000.00000,,,,,,Логунов Владимир Александ,Косова Т.В.,.1032492,ШТ,Базовый,ВТЛ  ООО (JAZZWAY),0.00000,0.00000,n.bezrukov,,2026-03-24 11:57:41,,70.65000,14130.00000,,,N,N,N,,False,24.00000,,,,,,0,,2026-03-24 00:00:00,,,,,200.00000,1978258,2,,,,,,,,C,,Годен,,,
1997070,,WH1,321232,EKS000005842,728923,"Лампа LED НИЗКОВОЛЬТНАЯ E27 10W 6500K 800Lm DC12-48V/AC24-42,груша матовая A60, Jazzway",,,ЭКС,100.00000,ШТ,0.00000,ЭКС-000005842   ,,5962481.00000,,,0.02000,КГ,11.00000,6.00000,6.00000,СМ,,,,978500.00000,,,,,,,Косова Т.В.,.5050532,ШТ,Базовый,ВТЛ  ООО (JAZZWAY),0.00000,0.00000,n.bezrukov,,2026-03-24 11:58:49,,97.85000,9785.00000,,,N,N,N,,False,2.00000,,,,,,0,,2026-03-24 00:00:00,,,,,100.00000,1978259,2,,,,,,,,C,,Годен,,,
1997071,,WH1,321232,EKS000005842,623259,Лампа LED E27  HP-T120   40W/840  230V 3400Lm цилиндр Jazzway,,,ЭКС,100.00000,ШТ,0.00000,ЭКС-000005842   ,,5962480.00000,,,0.01000,КГ,19.00000,11.50000,11.50000,СМ,,False,,2228100.00000,,,,,,Логунов Владимир Александ,Косова Т.В.,.1038920A,ШТ,Базовый,ВТЛ  ООО (JAZZWAY),0.00000,0.00000,n.bezrukov,,2026-03-24 12:03:22,,222.81000,22281.00000,,,N,N,N,,False,1.00000,,,,,,0,,2026-03-24 00:00:00,,,,,100.00000,1978260,2,,,,,,,,A,,Годен,,,
1997072,,WH1,321232,EKS000005842,597211,Прожектор LED  PFL- V  50w  6500K IP65 4500Lm Jazzway,,,ЭКС,10.00000,ШТ,0.00000,ЭКС-000005842   ,,5962479.00000,,,0.40000,КГ,22.00000,4.00000,19.00000,СМ,,,,55986.00000,,,,,,Акулинский Петр Иванович,Косова Т.В.,.5039735,ШТ,Базовый,ВТЛ  ООО (JAZZWAY),0.00000,0.00000,n.bezrukov,,2026-03-24 12:19:16,,559.86000,5598.60000,,,N,N,N,,False,4.00000,,,,,,0,,2026-03-24 00:00:00,,,,,10.00000,1978261,2,,,,,,,,C,,Годен,,,
1997073,,WH1,321232,EKS000005842,569061,Прожектор LED  PFL- V  200w  6500K IP65 18000Lm Jazzway,,,ЭКС,20.00000,ШТ,0.00000,ЭКС-000005842   ,,5962478.00000,,,1.00000,КГ,32.00000,30.00000,4.00000,СМ,,,,1134864.00000,,,,,,Акулинский Петр Иванович,Косова Т.В.,.5039797,ШТ,Базовый,ВТЛ  ООО (JAZZWAY),0.00000,0.00000,n.bezrukov,,2026-03-24 12:20:05,,2837.16000,56743.20000,,,N,N,N,,False,20.00000,,,,,,0,,2026-03-24 00:00:00,,,,,20.00000,1978262,2,,,,,,,,C,,Годен,,,
1997074,,WH1,321232,EKS000005842,569060,Прожектор LED  PFL- V  100w  6500K IP65 9000Lm Jazzway,,,ЭКС,40.00000,ШТ,0.00000,ЭКС-000005842   ,,5962476.00000,,,2.00000,КГ,25.00000,25.00000,4.00000,СМ,,,,1594512.00000,,,,,,Акулинский Петр Иванович,Косова Т.В.,.5039759,ШТ,Базовый,ВТЛ  ООО (JAZZWAY),0.00000,0.00000,n.bezrukov,,2026-03-24 12:20:40,,996.57000,39862.80000,,,N,N,N,,False,80.00000,,,,,,0,,2026-03-24 00:00:00,,,,,40.00000,1978263,2,,,,,,,,C,,Годен,,,
1997075,,WH1,321232,EKS000005842,519935,Прожектор PFL-S4-100w 15000Лм 6500K 80° Серый IP65 Jazzway (гарантия 5 лет),,,ЭКС,10.00000,ШТ,0.00000,ЭКС-000005842   ,,5962475.00000,,,1.00000,КГ,30.00000,27.00000,4.00000,СМ,,False,,145812.00000,,,,,,Логунов Владимир Александ,Косова Т.В.,.5036437,ШТ,Базовый,ВТЛ  ООО (JAZZWAY),0.00000,0.00000,n.bezrukov,,2026-03-24 11:08:56,,1458.12000,14581.20000,,,N,N,N,,False,10.00000,,,,,,0,,2026-03-24 00:00:00,,,,,10.00000,1978264,2,,,,,,,,C,,Годен,,,
1997076,,WH1,321232,EKS000005842,516647,Лампа LED GX53  10W/840 820Lm 230V  Jazzway (таблетка),,,ЭКС,400.00000,ШТ,0.00000,ЭКС-000005842   ,,5962474.00000,,,0.08000,КГ,7.00000,7.00000,3.00000,СМ,,,,5902400.00000,,,,,,Акулинский Петр Иванович,Косова Т.В.,.5032873,ШТ,Базовый,ВТЛ  ООО (JAZZWAY),0.00000,0.00000,n.bezrukov,,2026-03-24 11:16:38,,36.89000,14756.00000,,,N,N,N,,False,32.00000,,,,,,0,,2026-03-24 00:00:00,,,,,400.00000,1978265,2,,,,,,,,B,,Годен,,,
1997077,,WH1,321232,EKS000005842,464345,Лампа LED GX53  12W/840 1000Lm 230V  Jazzway (таблетка),,,ЭКС,100.00000,ШТ,0.00000,ЭКС-000005842   ,,5962473.00000,,,0.02000,КГ,7.00000,7.00000,2.50000,СМ,,,,488000.00000,,,,,,Логунов Владимир Александ,Косова Т.В.,.5032903,ШТ,Базовый,ВТЛ  ООО (JAZZWAY),0.00000,0.00000,n.bezrukov,,2026-03-24 11:14:48,,48.80000,4880.00000,,,N,N,N,,False,2.00000,,,,,,0,,2026-03-24 00:00:00,,,,,100.00000,1978266,2,,,,,,,,C,,Годен,,,
1997078,,WH1,321232,EKS000005842,435476,Лампа LED GX53  15W/840 1260Lm 230V  Jazzway (таблетка),,,ЭКС,100.00000,ШТ,0.00000,ЭКС-000005842   ,,5962472.00000,,,0.20000,КГ,7.00000,8.00000,3.00000,СМ,,,,604800.00000,,,,,,Акулинский Петр Иванович,Косова Т.В.,.5032934,ШТ,Базовый,ВТЛ  ООО (JAZZWAY),0.00000,0.00000,n.bezrukov,,2026-03-24 11:15:07,,60.48000,6048.00000,,,N,N,N,,False,20.00000,,,,,,0,,2026-03-24 00:00:00,,,,,100.00000,1978267,2,,,,,,,,C,,Годен,,,
1997079,,WH1,321232,EKS000005842,369685,Светильник PPB Pulsar 24w 6500K IP20 D260x55 Jazzway,,,ЭКС,20.00000,ШТ,0.00000,ЭКС-000005842   ,,5962470.00000,,,0.20000,КГ,27.00000,27.00000,6.00000,СМ,,False,,203744.00000,,,,,,Логунов Владимир Александ,Косова Т.В.,.5025028,ШТ,Базовый,ВТЛ  ООО (JAZZWAY),0.00000,0.00000,n.bezrukov,,2026-03-24 12:04:32,,509.36000,10187.20000,,,N,N,N,,False,4.00000,,,,,,0,,2026-03-24 00:00:00,,,,,20.00000,1978268,2,,,,,,,,C,,Годен,,,
1997080,,WH1,321232,EKS000005842,359711,"Лампа LED E14, 11W 4000К 230V 980Lm, шарик матовый  Jazzway POWER",,,ЭКС,100.00000,ШТ,0.00000,ЭКС-000005842   ,,5962469.00000,,,0.01000,КГ,4.00000,4.00000,8.00000,СМ,,,,609600.00000,,,,,,Логунов Владимир Александ,Косова Т.В.,.5019270,ШТ,Базовый,ВТЛ  ООО (JAZZWAY),0.00000,0.00000,n.bezrukov,,2026-03-24 11:59:11,,60.96000,6096.00000,,,N,N,N,,False,1.00000,,,,,,0,,2026-03-24 00:00:00,,,,,100.00000,1978269,2,,,,,,,,C,,Годен,,,
1997081,,WH1,321232,EKS000005842,305521,Лампа LED GX53  10W/850 840Lm 230V  Jazzway (таблетка),,,ЭКС,500.00000,ШТ,0.00000,ЭКС-000005842   ,,5962441.00000,,,0.00200,КГ,8.00000,7.00000,3.00000,СМ,,,,9222500.00000,,,,,,Логунов Владимир Александ,Косова Т.В.,.1029089,ШТ,Суперсклад,ВТЛ  ООО (JAZZWAY),0.00000,0.00000,n.bezrukov,,2026-03-24 11:16:57,,36.89000,18445.00000,,,N,N,N,,False,1.00000,,,,,,0,,2026-03-24 00:00:00,,,,,500.00000,1978270,2,,,,,,,,B,,Годен,,,
1997082,,WH1,321232,EKS000005842,272485,"Лампа LED E14, 9W 5000К 230V 820Lm, свеча на ветру матовая  Jazzway POWER",,,ЭКС,100.00000,ШТ,0.00000,ЭКС-000005842   ,,5962468.00000,,,0.10000,КГ,14.00000,4.00000,4.00000,СМ,,,,555500.00000,,,,,,Логунов Владимир Александ,Косова Т.В.,.2859549A,ШТ,Базовый,ВТЛ  ООО (JAZZWAY),0.00000,0.00000,n.bezrukov,,2026-03-24 11:57:16,,55.55000,5555.00000,,,N,N,N,,False,10.00000,,,,,,0,,2026-03-24 00:00:00,,,,,100.00000,1978271,2,,,,,,,,C,,Годен,,,
1997083,,WH1,321232,EKS000005842,269304,Лампа LED GX53  8W/840 640Lm 230V  Jazzway (таблетка),,,ЭКС,300.00000,ШТ,0.00000,ЭКС-000005842   ,,5962467.00000,,,0.10000,КГ,8.00000,8.00000,3.00000,СМ,,,,3253500.00000,,,,,,Логунов Владимир Александ,Косова Т.В.,.5006065,ШТ,Суперсклад,ВТЛ  ООО (JAZZWAY),0.00000,0.00000,n.bezrukov,,2026-03-24 11:15:26,,36.15000,10845.00000,,,N,N,N,,False,30.00000,,,,,,0,,2026-03-24 00:00:00,,,,,300.00000,1978272,2,,,,,,,,A,,Годен,,,
1997084,,WH1,321232,EKS000005842,249051,"Лампа LED E27, 9W 3000К 230V 820Lm, свеча матовая, Jazzway",,,ЭКС,50.00000,ШТ,0.00000,ЭКС-000005842   ,,5962465.00000,,,0.05000,КГ,10.00000,4.00000,4.00000,СМ,,,,136825.00000,,,,,,Логунов Владимир Александ,Косова Т.В.,.5001923A,ШТ,Базовый,ВТЛ  ООО (JAZZWAY),0.00000,0.00000,n.bezrukov,,2026-03-24 12:16:00,,54.73000,2736.50000,,,N,N,N,,False,2.50000,,,,,,0,,2026-03-24 00:00:00,,,,,50.00000,1978273,2,,,,,,,,C,,Годен,,,
1997085,,WH1,321232,EKS000005842,246725,Прожектор LED  PFL- SC  30w  6500K IP65   (матовое стекло) 2550Lm Jazzway,,,ЭКС,30.00000,ШТ,0.00000,ЭКС-000005842   ,,5962464.00000,,,0.50000,КГ,14.00000,5.00000,14.00000,СМ,,,,837369.00000,,,,,,Логунов Владимир Александ,Косова Т.В.,.5001404,ШТ,Базовый,ВТЛ  ООО (JAZZWAY),0.00000,0.00000,n.bezrukov,,2026-03-24 12:18:16,,930.41000,27912.30000,,,N,N,N,,False,15.00000,,,,,,0,,2026-03-24 00:00:00,,,,,30.00000,1978274,2,,,,,,,,C,,Годен,,,
1997086,,WH1,321232,EKS000005842,231676,Светильник LED круг PBH-PC2-RA 12W 1080Лм 4000К белый IP65 Jazzway 155х50мм,,,ЭКС,40.00000,ШТ,0.00000,ЭКС-000005842   ,,5962463.00000,,,0.30000,КГ,18.00000,5.00000,18.00000,СМ,,False,,480608.00000,,,,,,Логунов Владимир Александ,Косова Т.В.,.1035660,ШТ,Базовый,ВТЛ  ООО (JAZZWAY),0.00000,0.00000,n.bezrukov,,2026-03-24 12:05:24,,300.38000,12015.20000,,,N,N,N,,False,12.00000,,,,,,0,,2026-03-24 00:00:00,,,,,40.00000,1978275,2,,,,,,,,B,,Годен,,,
1997087,,WH1,321232,EKS000005842,228633,Лампа LED GX53  15W/850 1300Lm 230V  Jazzway (таблетка),,,ЭКС,500.00000,ШТ,0.00000,ЭКС-000005842   ,,5962462.00000,,,0.08000,КГ,7.00000,7.00000,3.00000,СМ,,,,15120000.00000,,,,,,Логунов Владимир Александ,Косова Т.В.,.2855466,ШТ,Базовый,ВТЛ  ООО (JAZZWAY),0.00000,0.00000,n.bezrukov,,2026-03-24 11:16:06,,60.48000,30240.00000,,,N,N,N,,False,40.00000,,,,,,0,,2026-03-24 00:00:00,,,,,500.00000,1978276,2,,,,,,,,B,,Годен,,,
1997088,,WH1,321232,EKS000005842,226446,"Лампа LED E27, 15W 5000К 230V 1400Lm A60 груша мат, Jazzway SP",,,ЭКС,400.00000,ШТ,0.00000,ЭКС-000005842   ,,5962460.00000,,,0.20000,КГ,15.00000,5.00000,5.00000,СМ,,,,9574400.00000,,,,,,Логунов Владимир Александ,Косова Т.В.,.2853035,ШТ,Суперсклад,ВТЛ  ООО (JAZZWAY),0.00000,0.00000,n.bezrukov,,2026-03-24 11:56:10,,59.84000,23936.00000,,,N,N,N,,False,80.00000,,,,,,0,,2026-03-24 00:00:00,,,,,400.00000,1978277,2,,,,,,,,A,,Годен,,,
1997089,,WH1,321232,EKS000005842,220323,Лампа LED ЭКО GX53 6W/850 460Lm 230V матовая Jazzway (таблетка),,,ЭКС,100.00000,ШТ,0.00000,ЭКС-000005842   ,,5962459.00000,,,0.10000,КГ,7.00000,7.00000,3.00000,СМ,,,,342100.00000,,,,,,Логунов Владимир Александ,Косова Т.В.,.2852007,ШТ,Базовый,ВТЛ  ООО (JAZZWAY),0.00000,0.00000,n.bezrukov,,2026-03-24 11:15:48,,34.21000,3421.00000,,,N,N,N,,False,10.00000,,,,,,0,,2026-03-24 00:00:00,,,,,100.00000,1978278,2,,,,,,,,C,,Годен,,,
1997090,,WH1,321232,EKS000005842,218171,Лампа LED G13  1500мм 24W/865 2200Lm матовая стекло JAZZWAY,,,ЭКС,100.00000,ШТ,0.00000,ЭКС-000005842   ,,5962457.00000,,,0.30000,КГ,150.00000,3.00000,3.00000,СМ,,,,1758800.00000,,,,,,Логунов Владимир Александ,Косова Т.В.,.1032553,ШТ,Базовый,ВТЛ  ООО (JAZZWAY),0.00000,0.00000,n.bezrukov,,2026-03-24 12:41:36,,175.88000,17588.00000,,,N,N,N,,False,30.00000,,,,,,0,,2026-03-24 00:00:00,,,,,100.00000,1978279,2,,,,,,,Long < 2,C,,Годен,,,
1997091,,WH1,321232,EKS000005842,215905,"Лампа LED E27, 12W 3000К 230V 1080Lm, A60 груша мат, Jazzway SP",,,ЭКС,100.00000,ШТ,0.00000,ЭКС-000005842   ,,5962455.00000,,,0.10000,КГ,12.00000,6.00000,6.00000,СМ,,,,478200.00000,,,,,,Логунов Владимир Александ,Косова Т.В.,.1033703,ШТ,Базовый,ВТЛ  ООО (JAZZWAY),0.00000,0.00000,n.bezrukov,,2026-03-24 11:07:24,,47.82000,4782.00000,,,N,N,N,,False,10.00000,,,,,,0,,2026-03-24 00:00:00,,,,,100.00000,1978280,2,,,,,,,,B,,Годен,,,
1997092,,WH1,321232,EKS000005842,846936,Лампа LED GX53  20W/830 1630Lm 230V  Jazzway (таблетка),,,ЭКС,400.00000,ШТ,0.00000,ЭКС-000005842   ,,5962490.00000,,,0.04000,КГ,7.50000,7.50000,3.50000,СМ,,False,,10614400.00000,,,,,,,Косова Т.В.,.5065284,ШТ,Базовый,ВТЛ  ООО (JAZZWAY),0.00000,0.00000,n.bezrukov,,2026-03-24 11:14:16,,66.34000,26536.00000,,,N,N,N,,False,16.00000,,,,,,0,,2026-03-24 00:00:00,,,,,400.00000,1978281,2,,,,,,,,C,,Годен,,,
1997093,,WH1,321232,EKS000005842,843120,Прожектор LED  PFL-SA 100W OPAL 6500K IP65  9000Lm Jazzway,,,ЭКС,30.00000,ШТ,0.00000,ЭКС-000005842   ,,5962489.00000,,,0.46000,КГ,19.50000,4.50000,16.00000,СМ,,False,,577035.00000,,,,,,,Косова Т.В.,.5065932,ШТ,Базовый,ВТЛ  ООО (JAZZWAY),0.00000,0.00000,n.bezrukov,,2026-03-24 12:19:39,,641.15000,19234.50000,,,N,N,N,,False,13.80000,,,,,,0,,2026-03-24 00:00:00,,,,,30.00000,1978282,2,,,,,,,,C,,Годен,,,
1997094,,WH1,321232,EKS000005842,842733,Лампа LED G13  1200мм 30W/865 3000Lm матовая стекло JAZZWAY,,,ЭКС,600.00000,ШТ,0.00000,ЭКС-000005842   ,,5962488.00000,,,0.20000,КГ,120.00000,3.00000,3.00000,СМ,,False,,27900000.00000,,,,,,,Косова Т.В.,.5066076,ШТ,Базовый,ВТЛ  ООО (JAZZWAY),0.00000,0.00000,n.bezrukov,,2026-03-24 12:38:03,,77.50000,46500.00000,,,N,N,N,,False,120.00000,,,,,,0,,2026-03-24 00:00:00,,,,,600.00000,1978283,2,,,,,,,,C,,Годен,,,
1997095,,WH1,321232,EKS000005842,842732,Лампа LED G13  1200мм 30W/840 3000Lm матовая стекло JAZZWAY,,,ЭКС,200.00000,ШТ,0.00000,ЭКС-000005842   ,,5962486.00000,,,0.20000,КГ,120.00000,3.00000,3.00000,СМ,,False,,3100000.00000,,,,,,,Косова Т.В.,.5066052,ШТ,Базовый,ВТЛ  ООО (JAZZWAY),0.00000,0.00000,n.bezrukov,,2026-03-24 12:38:28,,77.50000,15500.00000,,,N,N,N,,False,40.00000,,,,,,0,,2026-03-24 00:00:00,,,,,200.00000,1978284,2,,,,,,,,C,,Годен,,,
1997096,,WH1,321232,EKS000005842,802252,"Лампа LED PRO G4  8w  4000K 680Lm 220V  PLED (d16,5х65mm) Jazzway",,,ЭКС,100.00000,ШТ,0.00000,ЭКС-000005842   ,,5962485.00000,,,0.04000,КГ,7.50000,2.00000,2.00000,СМ,,,,906100.00000,,,,,,,Косова Т.В.,.5062580,ШТ,Базовый,ВТЛ  ООО (JAZZWAY),0.00000,0.00000,n.bezrukov,,2026-03-24 12:16:33,,90.61000,9061.00000,,,N,N,N,,False,4.00000,,,,,,0,,2026-03-24 00:00:00,,,,,100.00000,1978285,2,,,,,,,,C,,Годен,,,
1997097,,WH1,321233,EKS000005843,728925,"Лампа LED НИЗКОВОЛЬТНАЯ E27 15W 6500K 1200Lm DC12-48V/AC24-42,груша матовая A60, Jazzway",,,ЭКС,40.00000,ШТ,0.00000,ЭКС-000005843   ,,5962491.00000,,,0.20000,КГ,6.00000,11.00000,6.00000,СМ,,,,169584.00000,,,,,,,Косова Т.В.,.5050594,ШТ,Базовый,ВТЛ  ООО (JAZZWAY),0.00000,0.00000,n.bezrukov,,2026-03-24 12:44:25,,105.99000,4239.60000,,,N,N,N,,False,8.00000,,,,,,0,ЭКС-000009727   ,2026-03-24 00:00:00,,,,,40.00000,1978286,2,,,,,,,,C,,Годен,,,
1997098,,WH1,321234,EKS000005844,318058,Светильник LED PWP-С4 1200 36w 6500K 3600Lm  IP65 COMPACT Jazzway,,,ЭКС,240.00000,ШТ,0.00000,ЭКС-000005844   ,,5962496.00000,,,0.80000,КГ,120.00000,4.00000,3.00000,СМ,,False,,32974272.00000,,,,,,Логунов Владимир Александ,Колупаев В.Г.,.5016668,ШТ,Базовый,ВТЛ  ООО (JAZZWAY),0.00000,0.00000,n.bezrukov,,2026-03-24 12:48:32,,572.47000,137392.80000,,,N,N,N,,False,192.00000,,,,,,0,,2026-03-24 00:00:00,,,,,240.00000,1978287,2,,,,,,,,B,,Годен,,,
1997099,,WH1,321234,EKS000005844,317797,Светильник LED PWP-С4 1500 45w 6500K 4500Lm  IP65 COMPACT Jazzway,,,ЭКС,120.00000,ШТ,0.00000,ЭКС-000005844   ,,5962494.00000,,,1.00000,КГ,153.00000,4.00000,3.00000,СМ,,False,,12460464.00000,,,,,,Логунов Владимир Александ,Колупаев В.Г.,.5016699,ШТ,Базовый,ВТЛ  ООО (JAZZWAY),0.00000,0.00000,n.bezrukov,,2026-03-24 11:12:02,,865.31000,103837.20000,,,N,N,N,,False,120.00000,,,,,,0,,2026-03-24 00:00:00,,,,,120.00000,1978288,2,,,,,,,Long < 2,C,,Годен,,,
1997100,,WH1,321234,EKS000005844,235650,Светильник LED PWP-С2 1200 40w 4000K 3600Lm  IP65 COMPACT Jazzway,,,ЭКС,60.00000,ШТ,0.00000,ЭКС-000005844   ,,5962492.00000,,,1.00000,КГ,120.00000,5.00000,3.50000,СМ,,False,,2860020.00000,,,,,,Логунов Владимир Александ,Колупаев В.Г.,.5016576,ШТ,Базовый,ВТЛ  ООО (JAZZWAY),0.00000,0.00000,n.bezrukov,,2026-03-24 12:49:21,,794.45000,47667.00000,,,N,N,N,,False,60.00000,,,,,,0,,2026-03-24 00:00:00,,,,,60.00000,1978289,2,,,,,,,,C,,Годен,,,
1997101,,WH1,321235,EKS000005845,757747,Светильник PPL 588/G 40w OPAL 3800Лм/4000K IP40 (588x588x25) ГРИЛЬЯТО,,,ЭКС,100.00000,ШТ,0.00000,ЭКС-000005845   ,,5962499.00000,,,0.50000,КГ,60.00000,60.00000,2.00000,СМ,,False,,9848000.00000,,,,,,,Колупаев В.Г.,.5053090,ШТ,Товар филиала,ВТЛ  ООО (JAZZWAY),0.00000,0.00000,n.bezrukov,,2026-03-24 12:21:48,,984.80000,98480.00000,,,N,N,N,,False,50.00000,,,,,,0,,2026-03-24 00:00:00,,,,,100.00000,1978290,2,,,,,,,,C,,Годен,,,
1997102,,WH1,321235,EKS000005845,679426,Блок аварийного питания PEPP36-1.0H IP40,,,ЭКС,7.00000,ШТ,0.00000,ЭКС-000005845   ,,5962498.00000,,,0.20000,КГ,20.00000,4.50000,3.00000,СМ,,False,,29071.21000,,,,,,,Колупаев В.Г.,.5046009,ШТ,Товар филиала,ВТЛ  ООО (JAZZWAY),0.00000,0.00000,n.bezrukov,,2026-03-24 12:45:50,,593.29000,4153.03000,,,N,N,N,,False,1.40000,,,,,,0,,2026-03-24 00:00:00,,,,,7.00000,1978291,2,,,,,,,,C,,Годен,,,
1997103,,WH1,321236,EKS000005846,318058,Светильник LED PWP-С4 1200 36w 6500K 3600Lm  IP65 COMPACT Jazzway,,,ЭКС,10.00000,ШТ,0.00000,ЭКС-000005846   ,,5962500.00000,,,0.80000,КГ,120.00000,4.00000,3.00000,СМ,,False,,56103.00000,,,,,,Логунов Владимир Александ,Колупаев В.Г.,.5016668,ШТ,Базовый,ВТЛ  ООО (JAZZWAY),0.00000,0.00000,n.bezrukov,,2026-03-24 12:47:51,,561.03000,5610.30000,,,N,N,N,,False,8.00000,,,,,,0,ЭКС-000010649   ,2026-03-24 00:00:00,,,,,10.00000,1978292,2,,,,,,,,B,,Годен,,,
1997104,,WH1,321237,EKS000005847,246725,Прожектор LED  PFL- SC  30w  6500K IP65   (матовое стекло) 2550Lm Jazzway,,,ЭКС,10.00000,ШТ,0.00000,ЭКС-000005847   ,,5962502.00000,,,0.50000,КГ,14.00000,5.00000,14.00000,СМ,,,,93041.00000,,,,,,Логунов Владимир Александ,Косова Т.В.,.5001404,ШТ,Базовый,ВТЛ  ООО (JAZZWAY),0.00000,0.00000,n.bezrukov,,2026-03-24 12:46:28,,930.41000,9304.10000,,,N,N,N,,False,5.00000,,,,,,0,,2026-03-24 00:00:00,,,,,10.00000,1978293,2,,,,,,,,C,,Годен,,,
1997105,,WH1,321237,EKS000005847,736132,Фонарь ручной Фонарь ФАZА AccuF1-L15WZ-bk (черн.),,,ЭКС,2.00000,ШТ,0.00000,ЭКС-000005847   ,,5962508.00000,,,0.20000,КГ,20.00000,9.00000,5.00000,СМ,,,,2834.52000,,,,,,,Косова Т.В.,.5050402,ШТ,Товар филиала,ВТЛ  ООО (JAZZWAY),0.00000,0.00000,n.bezrukov,,2026-03-24 12:02:02,,708.63000,1417.26000,,,N,N,N,,False,0.40000,,,,,,0,ЭКС-000010477   ,2026-03-24 00:00:00,,,,,2.00000,1978294,2,,,,,,,,C,,Годен,,,
1997106,,WH1,321237,EKS000005847,569060,Прожектор LED  PFL- V  100w  6500K IP65 9000Lm Jazzway,,,ЭКС,20.00000,ШТ,0.00000,ЭКС-000005847   ,,5962506.00000,,,2.00000,КГ,25.00000,25.00000,4.00000,СМ,,,,398624.00000,,,,,,Акулинский Петр Иванович,Косова Т.В.,.5039759,ШТ,Базовый,ВТЛ  ООО (JAZZWAY),0.00000,0.00000,n.bezrukov,,2026-03-24 11:09:22,,996.56000,19931.20000,,,N,N,N,,False,40.00000,,,,,,0,,2026-03-24 00:00:00,,,,,20.00000,1978295,2,,,,,,,,C,,Годен,,,
1997107,,WH1,321237,EKS000005847,519935,Прожектор PFL-S4-100w 15000Лм 6500K 80° Серый IP65 Jazzway (гарантия 5 лет),,,ЭКС,10.00000,ШТ,0.00000,ЭКС-000005847   ,,5962505.00000,,,1.00000,КГ,30.00000,27.00000,4.00000,СМ,,False,,145812.00000,,,,,,Логунов Владимир Александ,Косова Т.В.,.5036437,ШТ,Базовый,ВТЛ  ООО (JAZZWAY),0.00000,0.00000,n.bezrukov,,2026-03-24 12:00:34,,1458.12000,14581.20000,,,N,N,N,,False,10.00000,,,,,,0,,2026-03-24 00:00:00,,,,,10.00000,1978296,2,,,,,,,,C,,Годен,,,
1997108,,WH1,321237,EKS000005847,314207,Лампа галогенная PH-JC 20Вт 12В clear G4 2000ч Jazzway,,,ЭКС,1000.00000,ШТ,0.00000,ЭКС-000005847   ,,5962504.00000,,,0.00500,КГ,7.00000,2.00000,2.00000,СМ,,,,26570000.00000,,,,,,Акулинский Петр Иванович,Косова Т.В.,.3322540,ШТ,Базовый,ВТЛ  ООО (JAZZWAY),0.00000,0.00000,n.bezrukov,,2026-03-24 11:07:43,,26.57000,26570.00000,,,N,N,N,,False,5.00000,,,,,,0,,2026-03-24 00:00:00,,,,,1000.00000,1978297,2,,,,,,,,B,,Годен,,,
1997109,,WH1,321237,EKS000005847,246726,Прожектор LED  PFL- SC  50w  6500K IP65   (матовое стекло) 4250Lm Jazzway,,,ЭКС,20.00000,ШТ,0.00000,ЭКС-000005847   ,,5962503.00000,,,0.70000,КГ,18.00000,4.50000,17.50000,СМ,,,,538844.00000,,,,,,Логунов Владимир Александ,Косова Т.В.,.5001435,ШТ,Базовый,ВТЛ  ООО (JAZZWAY),0.00000,0.00000,n.bezrukov,,2026-03-24 11:09:44,,1347.11000,26942.20000,,,N,N,N,,False,14.00000,,,,,,0,,2026-03-24 00:00:00,,,,,20.00000,1978298,2,,,,,,,,C,,Годен,,,
1997110,,WH1,321238,EKS000005848,296221,Лента LED  6w/m 12V IP20 2835/60  (5 метров) зеленая JAZZWAY,,,ЭКС,3.00000,УП,0.00000,ЭКС-000005848   ,,5962509.00000,,,0.06000,КГ,15.00000,15.00000,1.00000,СМ,,False,,2809.71000,,,,,,Заказной,Кузьмин М.С.,.5000322,УП,Заказной товар,ВТЛ  ООО (JAZZWAY),0.00000,0.00000,n.bezrukov,,2026-03-24 12:43:55,,312.19000,936.57000,,,N,N,N,,False,0.18000,,,,,,0,ЭКС-000010342   ,2026-03-24 00:00:00,,,,,3.00000,1978299,2,,,,,,,,C,,Годен,,,
1997111,,WH1,321239,EKS000005849,863573,Адаптер 72W (12V 6A) IP20,,,ЭКС,4.00000,ШТ,0.00000,ЭКС-000005849   ,,5962510.00000,,,0.28000,КГ,14.50000,10.50000,4.50000,СМ,,False,,13217.92000,,,,,,Заказной,Лангеман Э.Г.,.5053076,ШТ,Заказной товар,ВТЛ  ООО (JAZZWAY),0.00000,0.00000,n.bezrukov,,2026-03-24 12:47:00,,826.12000,3304.48000,,,N,N,N,,False,1.12000,,,,,,0,ЭКС-000010315   ,2026-03-24 00:00:00,,,,,4.00000,1978300,2,,,,,,,,C,,Годен,,,
1997112,,WH1,321240,EKS000005850,863573,Адаптер 72W (12V 6A) IP20,,,ЭКС,4.00000,ШТ,0.00000,ЭКС-000005850   ,,5962512.00000,,,0.28000,КГ,14.50000,10.50000,4.50000,СМ,,False,,13217.92000,,,,,,Заказной,Лангеман Э.Г.,.5053076,ШТ,Заказной товар,ВТЛ  ООО (JAZZWAY),0.00000,0.00000,n.bezrukov,,2026-03-24 12:47:28,,826.12000,3304.48000,,,N,N,N,,False,1.12000,,,,,,0,ЭКС-000009412   ,2026-03-24 00:00:00,,,,,4.00000,1978301,2,,,,,,,,C,,Годен,,,
1997113,,WH1,321241,EKS000005851,730015,ФАZА СДО-20 30w 6500K BL IP65 230V,,,ЭКС,2.00000,ШТ,0.00000,ЭКС-000005851   ,,5962516.00000,,,0.20000,КГ,11.00000,10.00000,3.00000,СМ,,False,,650.00000,,,,,,Заказной,Колупаев В.Г.,.5047280,ШТ,Заказной товар,ВТЛ  ООО (JAZZWAY),0.00000,0.00000,n.bezrukov,,2026-03-24 12:44:51,,162.50000,325.00000,,,N,N,N,,False,0.40000,,,,,,0,ЭКС-000010246   ,2026-03-24 00:00:00,,,,,2.00000,1978302,2,,,,,,,,C,,Годен,,,
1997114,,WH1,321241,EKS000005851,595861,Драйвер 100mA 40w PPL 595/U BT,,,ЭКС,15.00000,ШТ,0.00000,ЭКС-000005851   ,,5962514.00000,,,0.05000,КГ,16.00000,2.00000,2.00000,СМ,,False,,81722.25000,,,,,,Заказной,Колупаев В.Г.,.5018358,ШТ,Заказной товар,ВТЛ  ООО (JAZZWAY),0.00000,0.00000,n.bezrukov,,2026-03-24 12:45:25,,363.21000,5448.15000,,,N,N,N,,False,0.75000,,,,,,0,ЭКС-000010086   ,2026-03-24 00:00:00,,,,,15.00000,1978303,2,,,,,,,,C,,Годен,,,
1997115,,WH1,321242,EKS000005852,303150,Светильник LED PPI-01 150w 5000K 21000Лм IP65 (new slim)  Jazzway Гарантия 5 лет,,,ЭКС,1.00000,ШТ,0.00000,ЭКС-000005852   ,,5962517.00000,,,3.70000,КГ,85.00000,15.00000,14.00000,СМ,,False,,9912.62000,,,,,,Заказной,Колупаев В.Г.,.5005501A,ШТ,Заказной товар,ВТЛ  ООО (JAZZWAY),0.00000,0.00000,n.bezrukov,,2026-03-24 11:10:51,,9912.62000,9912.62000,,,N,N,N,,False,3.70000,,,,,,0,ЭКС-000010487   ,2026-03-24 00:00:00,,,,,1.00000,1978304,2,,,,,,,,C,,Годен,,,
1997116,,WH1,321243,EKS000005853,883129,Аккумуляторная батарея VEKTOR BATTERY GEL 12-150,,,ЭКС,2.00000,ШТ,0.00000,ЭКС-000005853   ,,5962519.00000,,,42.80000,КГ,50.00000,18.50000,29.00000,СМ,,False,,74727.88000,,,,,,Заказной,Иваненко П.В.,,ШТ,Заказной товар,"ООО ""ВЕКТОР ЭНЕРДЖИ""",0.00000,0.00000,a.savitskiy,,2026-03-24 11:26:16,,18681.97000,37363.94000,,,N,N,N,,False,85.60000,,,,,,0,ЭКС-000011334   ,2026-03-24 00:00:00,,,,,2.00000,1978305,2,,,,,,,,C,,Годен,,,
1997117,,WH1,321244,EKS000005854,533322,Светильник PTR  28 GU10 BL 230V IP20 Jazzway,,,ЭКС,4.00000,ШТ,0.00000,ЭКС-000005854   ,,5962551.00000,,,0.20000,КГ,15.00000,10.00000,7.00000,СМ,,False,,5233.76000,,,,,,Логунов Владимир Александ,Кузьмин М.С.,.5040182,ШТ,Базовый,ВТЛ  ООО (JAZZWAY),0.00000,0.00000,r.sagaidak,,2026-03-24 12:11:51,,327.11000,1308.44000,,,N,N,N,,False,0.80000,,,,,,0,,2026-03-24 00:00:00,,,,,4.00000,1978306,2,,,,,,,,C,,Годен,,,
1997118,,WH1,321244,EKS000005854,496012,Панель SPL-510-S-65K-040 40Вт 3420Лм 6500К IP40 СЕРЕБРО ЭРА 595x595x8 без драйвера(Код366129Драйвер),,,ЭКС,1.00000,ШТ,0.00000,ЭКС-000005854   ,,5962550.00000,,,0.80000,КГ,60.00000,60.00000,1.50000,СМ,,False,,1046.07000,,,,,,Акулинский Петр Иванович,Колупаев В.Г.,Б0048924,ШТ,Базовый,Орион ООО   (ЭРА) новый (,0.00000,0.00000,r.sagaidak,,2026-03-24 12:13:41,,1046.07000,1046.07000,,,N,N,N,,False,0.80000,,,,,,0,,2026-03-24 00:00:00,,,,,1.00000,1978307,2,,,,,,,,C,,Годен,,,
1997119,,WH1,321244,EKS000005854,15853,Корпус навес (650х500х220) ЩМП-3-0 36 с монт.пан. IP31 ИЭК YKM40-03-31,,,ЭКС,1.00000,ШТ,0.00000,ЭКС-000005854   ,,5962526.00000,,,14.00000,КГ,67.00000,52.00000,23.00000,СМ,,False,,4744.25000,,9403208009,,,,Дортман Анна Павловна,Феденькова Д.Ю.,YKM40-03-31,ШТ,Базовый,ЭлектроОптТорг ООО,0.00000,0.00000,r.sagaidak,,2026-03-24 12:08:34,,4744.25000,4744.25000,,,N,N,N,,False,14.00000,,,,,,0,,2026-03-24 00:00:00,,,,,1.00000,1978308,2,,,,,,,,B,,Годен,,,
1997120,,WH1,321244,EKS000005854,15844,"Корпус навес метал ЩУ-1/1-0 74 У1 IP66 2 мод, ИЭК (310х300х150) MKM51-N-01-54",,,ЭКС,1.00000,ШТ,0.00000,ЭКС-000005854   ,,5962535.00000,,,4.00000,КГ,30.00000,30.00000,16.00000,СМ,,False,,3230.43000,,9403208009,,,,Дортман Анна Павловна,Феденькова Д.Ю.,MKM51-N-01-54,ШТ,Базовый,ЭлектроОптТорг ООО,0.00000,0.00000,r.sagaidak,,2026-03-24 11:38:25,,3230.43000,3230.43000,,,N,N,N,,False,4.00000,,,,,,0,,2026-03-24 00:00:00,,,,,1.00000,1978309,2,,,,,,,,C,,Годен,,,
1997121,,WH1,321244,EKS000005854,7669,"Счетчик  Меркурий 230AМ-01 1,0 5-50А(5-60A)/380В",,,ЭКС,1.00000,ШТ,1.00000,ЭКС-000005854   ,,5962522.00000,,,1.34800,КГ,34.00000,10.00000,18.00000,СМ,,,,3819.93000,,,,,,,Княжева Ю.В.,,ШТ,Базовый,Гермес-Трейд Комплект ООО,0.00000,0.00000,ILSSRV,166e7655-9a36-4259-af63-2592a0b098f8,2026-03-24 11:32:50,,3819.93000,3819.93000,,,Y,N,N,,False,1.34800,,,,,,0,,2026-03-24 00:00:00,,,,,1.00000,1978310,2,,,,,,,Schetchik,C,,Годен,,,
1997122,,WH1,321244,EKS000005854,6641,Выключатель авт. ВА88-32 3Р 100А 25кА ИЭК,,,ЭКС,1.00000,ШТ,0.00000,ЭКС-000005854   ,,5962534.00000,,,1.00000,КГ,14.00000,9.00000,10.00000,СМ,,False,,2840.14000,,8536209007,,,,Катышев Александр Вячесла,Самоличенко В.А.,SVA10-3-0100,ШТ,Базовый,ЭлектроОптТорг ООО,0.00000,0.00000,r.sagaidak,,2026-03-24 12:11:12,,2840.14000,2840.14000,,,N,N,N,,False,1.00000,,,,,,0,,2026-03-24 00:00:00,,,,,1.00000,1978311,2,,,,,,,,C,,Годен,,,
1997123,,WH1,321244,EKS000005854,320071,"Блок питания ARS-250-12 (12V, 20,8A, 250W) (Arlight, IP20 Сетка, 2 года)",,,ЭКС,1.00000,ШТ,0.00000,ЭКС-000005854   ,,5962542.00000,,,0.50000,КГ,18.00000,12.00000,6.00000,СМ,,False,,2394.84000,,,,,,Логунов Владимир Александ,Кузьмин М.С.,023612,ШТ,Базовый,Арлайт РУС ООО,0.00000,0.00000,r.sagaidak,,2026-03-24 12:12:21,,2394.84000,2394.84000,,,N,N,N,,False,0.50000,,,,,,0,,2026-03-24 00:00:00,,,,,1.00000,1978312,2,,,,,,,,C,,Годен,,,
1997124,,WH1,321244,EKS000005854,302817,"Розетка с з/к. со шторками с крышкой, 16А, IP20, мех-зм, Atlasdesign Шампань  ATN000546",,,ЭКС,8.00000,ШТ,0.00000,ЭКС-000005854   ,,5962540.00000,,,0.10000,КГ,7.00000,7.00000,4.00000,СМ,,,,17299.84000,,,,,,Дортман Анна Павловна,Куграшова О.В.,ATN000546,ШТ,Базовый,Шнейдер Электрик АО,0.00000,0.00000,r.sagaidak,,2026-03-24 12:10:56,,270.31000,2162.48000,,,N,N,N,,False,0.80000,,,,,,0,,2026-03-24 00:00:00,,,,,8.00000,1978313,2,,,,,,,,C,,Годен,,,
1997125,,WH1,321244,EKS000005854,258558,Терморегулятор IQ THERMOSTAT TS электр. прогр. сенс. бел,,,ЭКС,1.00000,ШТ,0.00000,ЭКС-000005854   ,,5962539.00000,,,0.35000,КГ,10.00000,9.00000,7.00000,СМ,,,,2286.25000,,,,,,Коробейников Николай Алек,Козлова М.А.,IQ00406,ШТ,Базовый,СМАРТ ХИТ ООО,0.00000,0.00000,r.sagaidak,,2026-03-24 12:12:47,,2286.25000,2286.25000,,,N,N,N,,False,0.35000,,,,,,0,,2026-03-24 00:00:00,,,,,1.00000,1978314,2,,,,,,,,C,,Годен,,,
1997126,,WH1,321244,EKS000005854,257645,"Мат греющий IQ FLOOR MAT-2,5  375Вт, 2,5м2",,,ЭКС,1.00000,ШТ,0.00000,ЭКС-000005854   ,,5962527.00000,,,1.50000,КГ,15.00000,15.00000,63.00000,СМ,,,,4053.69000,,,,,,Коробейников Николай Алек,Козлова М.А.,IQ00105,ШТ,Базовый,СМАРТ ХИТ ООО,0.00000,0.00000,r.sagaidak,,2026-03-24 11:38:48,,4053.69000,4053.69000,,,N,N,N,,False,1.50000,,,,,,0,,2026-03-24 00:00:00,,,,,1.00000,1978315,2,,,,,,,,C,,Годен,,,
1997127,,WH1,321244,EKS000005854,224515,"Розетка с/п 1-ая 2К б/рамки ""Glossa"" антрацит GSL000741",,,ЭКС,14.00000,ШТ,0.00000,ЭКС-000005854   ,,5962538.00000,,,0.10000,КГ,5.00000,5.00000,4.00000,СМ,,,,32869.20000,,,1,,,Дортман Анна Павловна,Куграшова О.В.,GSL000741,ШТ,Базовый,Шнейдер Электрик АО,0.00000,0.00000,r.sagaidak,,2026-03-24 12:10:11,,167.70000,2347.80000,,,N,N,N,,False,1.40000,,,,,,0,,2026-03-24 00:00:00,,,,,14.00000,1978316,2,,,,,,,,C,,Годен,,,
1997128,,WH1,321244,EKS000005854,213219,"Рассеиватель ПРОЗРАЧНЫЙ для профиля PAL 1506, 1612 , 1818, 1919, 2206, 2406, 0612, 0816",,,ЭКС,7.00000,ШТ,0.00000,ЭКС-000005854   ,,5962520.00000,,,0.10000,КГ,200.00000,1.00000,1.00000,СМ,,False,,8285.90000,,,,,,Логунов Владимир Александ,Кузьмин М.С.,.1025364,ШТ,Базовый,ВТЛ  ООО (JAZZWAY),0.00000,0.00000,r.sagaidak,,2026-03-24 12:17:37,,169.10000,1183.70000,,,N,N,N,,False,0.70000,,,,,,0,,2026-03-24 00:00:00,,,,,7.00000,1978317,2,,,,,,,Long 2,C,,Годен,,,
1997129,,WH1,321244,EKS000005854,185157,"Рассеиватель МАТОВЫЙ для профиля PAL 1506, 1612 , 1818, 1919, 2206, 2406, 0612, 0816",,,ЭКС,5.00000,ШТ,0.00000,ЭКС-000005854   ,,5962523.00000,,,0.02000,КГ,200.00000,1.00000,1.00000,СМ,,False,,4495.75000,,3926909709,,,,Логунов Владимир Александ,Кузьмин М.С.,.1023117,ШТ,Базовый,ВТЛ  ООО (JAZZWAY),0.00000,0.00000,r.sagaidak,,2026-03-24 12:17:47,,179.83000,899.15000,,,N,N,N,,False,0.10000,,,,,,0,,2026-03-24 00:00:00,,,,,5.00000,1978318,2,,,,,,,Long 2,A,,Годен,,,
1997130,,WH1,321244,EKS000005854,150380,Контактор E1 НО+1НЗ 40А 400В AC3 220В 50Гц,,,ЭКС,1.00000,ШТ,0.00000,ЭКС-000005854   ,,5962537.00000,,,0.60000,КГ,13.00000,12.00000,8.00000,СМ,,,,2728.92000,,,,,,Катышев Александр Вячесла,Третьяков С.М.,LC1E40M5,ШТ,Базовый,СИСТЭМ ЭЛЕКТРИК АО (ранее,0.00000,0.00000,r.sagaidak,,2026-03-24 12:12:08,,2728.92000,2728.92000,,,N,N,N,,False,0.60000,,,,,,0,,2026-03-24 00:00:00,,,,,1.00000,1978319,2,,,,,,,,C,,Годен,,,
1997131,,WH1,321244,EKS000005854,99976,Стабилизатор Ресанта 1ф АСН- 1500/1-Ц,,,ЭКС,1.00000,ШТ,0.00000,ЭКС-000005854   ,,5962536.00000,,,6.00000,КГ,30.00000,20.00000,20.00000,СМ,,False,,2825.26000,,,,,,Катышев Александр Вячесла,Третьяков С.М.,63/6/3,ШТ,Базовый,Креусс АО,0.00000,0.00000,r.sagaidak,,2026-03-24 12:09:42,,2825.26000,2825.26000,,,N,N,N,,False,6.00000,,,,,,0,,2026-03-24 00:00:00,,,,,1.00000,1978320,2,,,,,,,,C,,Годен,,,
1997132,,WH1,321244,EKS000005854,838525,"Пушка тепловая, регулировка угла наклона, 2 кВт, REXANT",,,ЭКС,2.00000,ШТ,0.00000,ЭКС-000005854   ,,5962532.00000,,,3.00000,КГ,25.00000,25.00000,35.00000,СМ,,False,,9760.20000,,,,,,,Петров И.В.,60-0038,ШТ,Базовый,СДС  ООО инн_7734425377,0.00000,0.00000,r.sagaidak,,2026-03-24 12:20:16,,2440.05000,4880.10000,,,N,N,N,,False,6.00000,,,,,,0,,2026-03-24 00:00:00,,,,,2.00000,1978321,2,,,,,,,,C,,Годен,,,
1997133,,WH1,321244,EKS000005854,838522,"Пушка тепловая электрическая, круглая, PTC, 3кВт REXANT",,,ЭКС,2.00000,ШТ,0.00000,ЭКС-000005854   ,,5962549.00000,,,2.00000,КГ,25.00000,22.00000,30.00000,СМ,,False,,7734.80000,,,,,,,Петров И.В.,60-0016,ШТ,Базовый,СДС  ООО инн_7734425377,0.00000,0.00000,r.sagaidak,,2026-03-24 12:19:52,,1933.70000,3867.40000,,,N,N,N,,False,4.00000,,,,,,0,,2026-03-24 00:00:00,,,,,2.00000,1978322,2,,,,,,,,C,,Годен,,,
1997134,,WH1,321244,EKS000005854,838519,"Пушка тепловая, квадратная, PTC, 5кВт REXANT",,,ЭКС,1.00000,ШТ,0.00000,ЭКС-000005854   ,,5962525.00000,,,5.00000,КГ,27.00000,24.00000,36.00000,СМ,,False,,3499.08000,,,,,,,Петров И.В.,60-0009,ШТ,Базовый,СДС  ООО инн_7734425377,0.00000,0.00000,r.sagaidak,,2026-03-24 12:24:07,,3499.08000,3499.08000,,,N,N,N,,False,5.00000,,,,,,0,,2026-03-24 00:00:00,,,,,1.00000,1978323,2,,,,,,,,C,,Годен,,,
1997135,,WH1,321244,EKS000005854,838506,"Конвектор электрический с меxаническим термостатом, 1,5кВт, X-нагревательный элемент, ножки REXAN",,,ЭКС,2.00000,ШТ,0.00000,ЭКС-000005854   ,,5962531.00000,,,4.50000,КГ,64.50000,50.00000,10.50000,СМ,,False,,10925.84000,,,,,,,Петров И.В.,60-0097,ШТ,Базовый,СДС  ООО инн_7734425377,0.00000,0.00000,r.sagaidak,,2026-03-24 12:24:43,,2731.46000,5462.92000,,,N,N,N,,False,9.00000,,,,,,0,,2026-03-24 00:00:00,,,,,2.00000,1978324,2,,,,,,,,C,,Годен,,,
1997136,,WH1,321244,EKS000005854,837491,"Конвектор электрический с меxаническим термостатом, 0,5кВт, СТИЧ-нагревательный элемент, ножки REXAN",,,ЭКС,2.00000,ШТ,0.00000,ЭКС-000005854   ,,5962530.00000,,,3.06000,КГ,51.00000,50.00000,10.50000,СМ,,False,,7785.00000,,,,,,,Петров И.В.,60-0126,ШТ,Базовый,СДС  ООО инн_7734425377,0.00000,0.00000,r.sagaidak,,2026-03-24 12:27:14,,1946.25000,3892.50000,,,N,N,N,,False,6.12000,,,,,,0,,2026-03-24 00:00:00,,,,,2.00000,1978325,2,,,,,,,,C,,Годен,,,
1997137,,WH1,321244,EKS000005854,810098,"Конвектор электрический с меxаническим термостатом, 1,0кВт, СТИЧ-нагревательный элемент, ножки REXAN",,,ЭКС,1.00000,ШТ,0.00000,ЭКС-000005854   ,,5962529.00000,,,2.82000,КГ,51.00000,49.00000,11.00000,СМ,,False,,2114.32000,,,,,,,Петров И.В.,60-0093,ШТ,Базовый,СДС  ООО инн_7734425377,0.00000,0.00000,r.sagaidak,,2026-03-24 12:18:00,,2114.32000,2114.32000,,,N,N,N,,False,2.82000,,,,,,0,,2026-03-24 00:00:00,,,,,1.00000,1978326,2,,,,,,,,C,,Годен,,,
1997138,,WH1,321244,EKS000005854,780052,"Диск алмазный двойной, сегментный, 125х22,2мм, сухая резка KRANZ",,,ЭКС,2.00000,ШТ,0.00000,ЭКС-000005854   ,,5962547.00000,,,0.30000,КГ,13.00000,13.00000,1.00000,СМ,,,,5868.92000,,,,,,,Петров И.В.,KR-90-0101-2,ШТ,Базовый,СДС  ООО,0.00000,0.00000,r.sagaidak,,2026-03-24 12:12:33,,1467.23000,2934.46000,,,N,N,N,,False,0.60000,,,,,,0,,2026-03-24 00:00:00,,,,,2.00000,1978327,2,,,,,,,,C,,Годен,,,
1997139,,WH1,321244,EKS000005854,747256,"Кабель гибкий КГтп-ХЛ 2х1,5-380/660В-3 (100м)",,,ЭКС,1.00000,ШТ,0.00000,ЭКС-000005854   ,,5962524.00000,,,5.00000,КГ,30.00000,30.00000,5.00000,СМ,,,,3679.90000,,,,,,,Дунав М.И.,747256,ШТ,Базовый,ЗАО Металлист,0.00000,0.00000,r.sagaidak,,2026-03-24 12:15:46,,3679.90000,3679.90000,,,N,N,N,,False,5.00000,,,,,,0,,2026-03-24 00:00:00,,,,,1.00000,1978328,2,,,,,,,KPP_shtuki,C,,Годен,,,
1997140,,WH1,321244,EKS000005854,743391,Комплект подключения 3 фазный NILED,,,ЭКС,1.00000,ШТ,0.00000,ЭКС-000005854   ,,5962555.00000,,,0.90000,КГ,26.00000,12.00000,7.00000,СМ,,False,,2083.71000,,,,,,,Дунав М.И.,14200411,ШТ,Базовый,"ООО ""АРМАТЕХ""",0.00000,0.00000,r.sagaidak,,2026-03-24 12:13:04,,2083.71000,2083.71000,,,N,N,N,,False,0.90000,,,,,,0,,2026-03-24 00:00:00,,,,,1.00000,1978329,2,,,,,,,,C,,Годен,,,
1997141,,WH1,321244,EKS000005854,690983,"Удлинитель силовой 4гн ПВС 3х1,5мм2 16А 3500Вт 20м IP20 на пластиковой катушке PLEXUP",,,ЭКС,1.00000,ШТ,0.00000,ЭКС-000005854   ,,5962546.00000,,,3.00000,КГ,30.00000,23.00000,40.00000,СМ,,,,1825.01000,,,,,,,Княжева Ю.В.,EUC41-35-20-20,ШТ,Новинка,Независимость ТД ООО,0.00000,0.00000,r.sagaidak,,2026-03-24 12:09:23,,1825.01000,1825.01000,,,N,N,N,,False,3.00000,,,,,,0,,2026-03-24 00:00:00,,,,,1.00000,1978330,2,,,,,,,,C,,Годен,,,
1997142,,WH1,321244,EKS000005854,689295,Свет-к с/д (потолочный) LE LED RF 50W 3000К 4000К 6500К (круг D480x25 IP40) Черный,,,ЭКС,1.00000,ШТ,0.00000,ЭКС-000005854   ,,5962554.00000,,,2.00000,КГ,50.00000,50.00000,3.00000,СМ,,False,,2254.15000,,,,,,,Косова Т.В.,LE061209-013,ШТ,Новинка,ЗАО «Энергокомплект»,0.00000,0.00000,r.sagaidak,,2026-03-24 12:14:22,,2254.15000,2254.15000,,,N,N,N,,False,2.00000,,,,,,0,,2026-03-24 00:00:00,,,,,1.00000,1978331,2,,,,,,,,C,,Годен,,,
1997143,,WH1,321244,EKS000005854,689287,Свет-к с/д (потолочный) LE LED RF 28W 3000К 4000К 6500К (круг D300x25 IP40) Черный,,,ЭКС,1.00000,ШТ,0.00000,ЭКС-000005854   ,,5962545.00000,,,0.80000,КГ,30.00000,30.00000,3.00000,СМ,,False,,1327.98000,,,,,,,Косова Т.В.,LE061209-011,ШТ,Новинка,ЗАО «Энергокомплект»,0.00000,0.00000,r.sagaidak,,2026-03-24 12:14:10,,1327.98000,1327.98000,,,N,N,N,,False,0.80000,,,,,,0,,2026-03-24 00:00:00,,,,,1.00000,1978332,2,,,,,,,,C,,Годен,,,
1997144,,WH1,321244,EKS000005854,674083,"Кабель ВВГ-Пнг(A)-LS 2х2,5 ок (N)-0,66 Бухта 50м ЭКС желт.",,,ЭКС,1.00000,ШТ,0.00000,ЭКС-000005854   ,,5962528.00000,,,7.85000,КГ,17.00000,10.00000,17.00000,СМ,,False,,2576.65000,,,,,,Коробейников Николай Алек,Козлова М.А.,674083,ШТ,Базовый,ИП Даммер Виктор Яковлеви,0.00000,0.00000,r.sagaidak,,2026-03-24 12:14:53,,2576.65000,2576.65000,,,N,N,N,,False,7.85000,,,,,,0,,2026-03-24 00:00:00,,,,,1.00000,1978333,2,,,,,,,KPP_shtuki,C,,Годен,,,
1997145,,WH1,321244,EKS000005854,660946,Выкл-ль дифференциального тока (ВДТ) City9 2п 63А 30мА Тип-AC 230В,,,ЭКС,3.00000,ШТ,0.00000,ЭКС-000005854   ,,5962553.00000,,,0.23000,КГ,8.00000,8.00000,4.00000,СМ,,,,22038.75000,,,,,,Сарычев Дмитрий Сергеевич,Шаповалов П.Г.,C9R36263,ШТ,Базовый,СИСТЭМ ЭЛЕКТРИК АО (ранее,0.00000,0.00000,r.sagaidak,,2026-03-24 12:09:08,,2448.75000,7346.25000,,,N,N,N,,False,0.69000,,,,,,0,,2026-03-24 00:00:00,,,,,3.00000,1978334,2,,,,,,,,B,,Годен,,,
1997146,,WH1,321244,EKS000005854,625154,Электротепловентилятор TP-03220 HINTEK,,,ЭКС,1.00000,ШТ,0.00000,ЭКС-000005854   ,,5962544.00000,,,4.00000,КГ,34.00000,25.00000,25.00000,СМ,,False,,3061.62000,,,,,,Катышев Александр Вячесла,Петров И.В.,04.000055,ШТ,Базовый,ЭЛКОМ СК,0.00000,0.00000,r.sagaidak,,2026-03-24 12:24:22,,3061.62000,3061.62000,,,N,N,N,,False,4.00000,,,,,,0,,2026-03-24 00:00:00,,,,,1.00000,1978335,2,,,,,,,,C,,Годен,,,
1997147,,WH1,321244,EKS000005854,597211,Прожектор LED  PFL- V  50w  6500K IP65 4500Lm Jazzway,,,ЭКС,4.00000,ШТ,0.00000,ЭКС-000005854   ,,5962543.00000,,,0.40000,КГ,22.00000,4.00000,19.00000,СМ,,,,8997.92000,,,,,,Акулинский Петр Иванович,Косова Т.В.,.5039735,ШТ,Базовый,ВТЛ  ООО (JAZZWAY),0.00000,0.00000,r.sagaidak,,2026-03-24 12:11:34,,562.37000,2249.48000,,,N,N,N,,False,1.60000,,,,,,0,,2026-03-24 00:00:00,,,,,4.00000,1978336,2,,,,,,,,C,,Годен,,,
1997148,,WH1,321245,EKS000005855,201403,Профиль  PAL 1612 накладной (2м) анодированный для LED лент JAZZWAY,,,ЭКС,3.00000,ШТ,3.00000,ЭКС-000005855   ,,5962557.00000,,,0.30000,КГ,200.00000,2.00000,1.50000,СМ,,,,4097.07000,,,,,,Логунов Владимир Александ,Кузьмин М.С.,.1009647,ШТ,Базовый,ВТЛ  ООО (JAZZWAY),0.00000,0.00000,ILSSRV,166e7655-9a36-4259-af63-2592a0b098f8,2026-03-24 11:32:53,,455.23000,1365.69000,,,N,N,N,,False,0.90000,,,,,,0,,2026-03-24 00:00:00,,,,,3.00000,1978337,2,,,,,,,Long 2,C,,Годен,,,
1997149,,WH1,321245,EKS000005855,198490,Профиль  PAL 1506 накладной (2м) анодированный для LED лент JAZZWAY,,,ЭКС,1.00000,ШТ,1.00000,ЭКС-000005855   ,,5962558.00000,,,0.50000,КГ,200.00000,2.00000,0.50000,СМ,,,,253.86000,,,,,,Логунов Владимир Александ,Кузьмин М.С.,.1009609,ШТ,Базовый,ВТЛ  ООО (JAZZWAY),0.00000,0.00000,ILSSRV,166e7655-9a36-4259-af63-2592a0b098f8,2026-03-24 11:32:53,,253.86000,253.86000,,,N,N,N,,False,0.50000,,,,,,0,,2026-03-24 00:00:00,,,,,1.00000,1978338,2,,,,,,,Long 2,A,,Годен,,,
1997150,,WH1,321245,EKS000005855,521057,"Блок питания ARV-DR150-24 (24V, 6.25A, 150W) (Arlight, IP20 DIN-рейка)",,,ЭКС,1.00000,ШТ,1.00000,ЭКС-000005855   ,,5962556.00000,,,0.30000,КГ,11.00000,10.00000,7.00000,СМ,,False,,4974.38000,,,,,,Акулинский Петр Иванович,Кузьмин М.С.,035700,ШТ,Базовый,Арлайт РУС ООО,0.00000,0.00000,ILSSRV,166e7655-9a36-4259-af63-2592a0b098f8,2026-03-24 11:32:53,,4974.38000,4974.38000,,,N,N,N,,False,0.30000,,,,,,0,,2026-03-24 00:00:00,,,,,1.00000,1978339,2,,,,,,,,C,,Годен,,,
1997151,,WH1,321246,EKS000005856,298940,Металлорукав в ПВХ изоляции 50 (МРПИ нг) черный с протяжкой (20 м/уп) ГОФРОМАТИК ЗЭТАРУС,,,ЭКС,60.00000,М,0.00000,ЭКС-000005856   ,,5962559.00000,,,0.40000,КГ,100.00000,5.00000,5.00000,СМ,,,,651996.00000,,,,,,Дортман Анна Павловна,Гилета О.В.,zeta44410,М,Товар РЦ,ЗЭТА АО,0.00000,0.00000,a.savitskiy,,2026-03-24 12:01:42,,181.11000,10866.60000,,,Y,N,N,,False,24.00000,,,,,,0,,2026-03-24 00:00:00,,,,,60.00000,1978340,1,,,,,,,Rukav,C,,Годен,,,
1997152,,WH1,321246,EKS000005856,296507,Металлорукав в ПВХ изоляции 16 (МРПИ/Р3-ЦПнг/ШЭМ) (50 м/уп) ГОФРОМАТИК ЗЭТАРУС,,,ЭКС,450.00000,М,0.00000,ЭКС-000005856   ,,5962561.00000,,,0.30000,КГ,100.00000,2.00000,2.00000,СМ,,,,8776350.00000,,,,,,Заказной,Гилета О.В.,zeta42232,М,Заказной товар,ЗЭТА АО,0.00000,0.00000,a.savitskiy,,2026-03-24 11:59:08,,43.34000,19503.00000,,,Y,N,N,,False,135.00000,,,,,,0,ЭКС-000011647   ,2026-03-24 00:00:00,,,,,450.00000,1978341,1,,,,,,,Rukav,C,,Годен,,,
1997153,,WH1,321246,EKS000005856,266759,Металлорукав в ПВХ изоляции 75 (МРПИ/Р3-ЦПнг/ШЭМ) черный (10 м/уп) ГОФРОМАТИК ЗЭТАРУС,,,ЭКС,80.00000,М,0.00000,ЭКС-000005856   ,,5962568.00000,,,0.50000,КГ,100.00000,8.50000,8.50000,СМ,,,,2279296.00000,,,,,,Заказной,Гилета О.В.,zeta42220,М,Заказной товар,ЗЭТА АО,0.00000,0.00000,a.savitskiy,,2026-03-24 12:04:46,,356.14000,28491.20000,,,Y,N,N,,False,40.00000,,,,,,0,ЭКС-000011757   ,2026-03-24 00:00:00,,,,,80.00000,1978342,1,,,,,,,Rukav,C,,Годен,,,
1997154,,WH1,321246,EKS000005856,200870,Металлорукав в ПВХ изоляции 50 (МРПИ/Р3-ЦПнг/ШЭМ) (20 м/уп) ГОФРОМАТИК ЗЭТАРУС,,,ЭКС,60.00000,М,0.00000,ЭКС-000005856   ,,5962582.00000,,,1.00000,КГ,100.00000,6.00000,6.00000,СМ,,,,620496.00000,,,,,,Дортман Анна Павловна,Гилета О.В.,zeta42217,М,Товар РЦ,ЗЭТА АО,0.00000,0.00000,a.savitskiy,,2026-03-24 12:00:54,,172.36000,10341.60000,,,Y,N,N,,False,60.00000,,,,,,0,,2026-03-24 00:00:00,,,,,60.00000,1978343,1,,,,,,,Rukav,C,,Годен,,,
1997155,,WH1,321246,EKS000005856,266197,Резьбовой крепежный элемент с наружной резьбой РКН-75 У2 IP54 ГОФРОМАТИК ЗЭТАРУС,,,ЭКС,4.00000,ШТ,0.00000,ЭКС-000005856   ,,5962567.00000,,,0.10000,КГ,10.00000,10.00000,7.00000,СМ,,,,12999.68000,,,,,,Заказной,Гилета О.В.,zeta40427,ШТ,Заказной товар,ЗЭТА АО,0.00000,0.00000,a.savitskiy,,2026-03-24 12:52:29,,812.48000,3249.92000,,,N,N,N,,False,0.40000,,,,,,0,ЭКС-000011757   ,2026-03-24 00:00:00,,,,,4.00000,1978344,2,,,,,,,,C,,Годен,,,
1997156,,WH1,321246,EKS000005856,147219,Резьбовой крепежный элемент с наружной резьбой РКН-15 (МВ 15-М) У2 IP54 ГОФРОМАТИК ЗЭТАРУС,,,ЭКС,200.00000,ШТ,0.00000,ЭКС-000005856   ,,5962574.00000,,,0.04000,КГ,3.00000,3.00000,2.00000,СМ,,,,1959200.00000,,,,,,Дортман Анна Павловна,Гилета О.В.,zeta40411,ШТ,Базовый,ЗЭТА АО,0.00000,0.00000,a.savitskiy,,2026-03-24 12:38:45,,48.98000,9796.00000,,,N,N,N,,False,8.00000,,,,,,0,,2026-03-24 00:00:00,,,,,200.00000,1978345,2,,,,,,,,B,,Годен,,,
1997157,,WH1,321246,EKS000005856,102063,Наконечник медный луженый ТМЛ 95-12-15 ГОСТ 7386-80 ЗЭТАРУС,,,ЭКС,30.00000,ШТ,0.00000,ЭКС-000005856   ,,5962562.00000,,,0.01000,КГ,6.00000,2.00000,1.00000,СМ,,,,88524.00000,,,,,,Дортман Анна Павловна,Княжева Ю.В.,zeta10631,ШТ,Базовый,ЗЭТА АО,0.00000,0.00000,a.savitskiy,,2026-03-24 12:22:03,,98.36000,2950.80000,,,N,N,N,,False,0.30000,,,,,,0,,2026-03-24 00:00:00,,,,,30.00000,1978346,2,,,,,,,,C,,Годен,,,
1997158,,WH1,321246,EKS000005856,62013,Резьбовой крепежный элемент с наружной резьбой РКН-20(22) (МВ 20(22)-М) У2 IP54 ГОФРОМАТИК ЗЭТАРУС,,,ЭКС,100.00000,ШТ,0.00000,ЭКС-000005856   ,,5962573.00000,,,0.06000,КГ,5.50000,3.50000,3.50000,СМ,,,,638000.00000,,,,,,Дортман Анна Павловна,Гилета О.В.,zeta40412,ШТ,Базовый,ЗЭТА АО,0.00000,0.00000,a.savitskiy,,2026-03-24 12:39:36,,63.80000,6380.00000,,,N,N,N,,False,6.00000,,,,,,0,,2026-03-24 00:00:00,,,,,100.00000,1978347,2,,,,,,,,B,,Годен,,,
1997159,,WH1,321246,EKS000005856,7904,"Коробка клеммная КЗНС-08 УХЛ1,5 IP65 (с латун вводами) ГОФРОМАТИК ЗЭТАРУС",,,ЭКС,10.00000,ШТ,0.00000,ЭКС-000005856   ,,5962570.00000,,,1.85000,КГ,27.00000,20.00000,11.00000,СМ,,False,,213407.00000,,8536900100,,,,Дортман Анна Павловна,Княжева Ю.В.,zeta30314,ШТ,Товар РЦ,ЗЭТА АО,0.00000,0.00000,a.savitskiy,,2026-03-24 12:40:11,,2134.07000,21340.70000,,,N,N,N,,False,18.50000,,,,,,0,,2026-03-24 00:00:00,,,,,10.00000,1978348,2,,,,,,,,C,,Годен,,,
1997160,,WH1,321246,EKS000005856,253795,Скоба двухлапковая металлическая d14-15 мм ГОФРОМАТИК ЗЭТАРУС,,,ЭКС,800.00000,ШТ,0.00000,ЭКС-000005856   ,,5962587.00000,,,0.02000,КГ,4.00000,2.00000,2.00000,СМ,,,,768000.00000,,,,,,Дортман Анна Павловна,Гилета О.В.,zeta41612,ШТ,Товар РЦ,ЗЭТА АО,0.00000,0.00000,a.savitskiy,,2026-03-24 12:23:58,,1.20000,960.00000,,,N,N,N,,False,16.00000,,,,,,0,,2026-03-24 00:00:00,,,,,800.00000,1978349,2,,,,,,,,C,,Годен,,,
1997161,,WH1,321246,EKS000005856,246972,Резьбовой крепежный элемент с наружной резьбой РКН-12 (МВ 12-М) У2 IP54 ГОФРОМАТИК ЗЭТАРУС,,,ЭКС,80.00000,ШТ,0.00000,ЭКС-000005856   ,,5962566.00000,,,0.08000,КГ,4.00000,3.00000,3.00000,СМ,,,,242176.00000,,,,,,Заказной,Гилета О.В.,zeta40424,ШТ,Заказной товар,ЗЭТА АО,0.00000,0.00000,a.savitskiy,,2026-03-24 12:46:22,,37.84000,3027.20000,,,N,N,N,,False,6.40000,,,,,,0,ЭКС-000011870   ,2026-03-24 00:00:00,,,,,80.00000,1978350,2,,,,,,,,C,,Годен,,,
1997162,,WH1,321246,EKS000005856,227447,Скоба двухлапковая металлическая d38-40 мм ГОФРОМАТИК ЗЭТАРУС,,,ЭКС,500.00000,ШТ,0.00000,ЭКС-000005856   ,,5962585.00000,,,0.01000,КГ,8.00000,5.00000,2.00000,СМ,,,,902500.00000,,,,,,Дортман Анна Павловна,Гилета О.В.,zeta41618,ШТ,Базовый,ЗЭТА АО,0.00000,0.00000,a.savitskiy,,2026-03-24 12:11:55,,3.61000,1805.00000,,,N,N,N,,False,5.00000,,,,,,0,,2026-03-24 00:00:00,,,,,500.00000,1978351,2,,,,,,,,B,,Годен,,,
1997163,,WH1,321246,EKS000005856,205141,Скоба однолапковая металлическая d25-26 мм ГОФРОМАТИК ЗЭТАРУС,,,ЭКС,2000.00000,ШТ,0.00000,ЭКС-000005856   ,,5962583.00000,,,0.01000,КГ,4.00000,1.00000,1.00000,СМ,,,,6520000.00000,,,,,,Дортман Анна Павловна,Гилета О.В.,zeta41718,ШТ,Базовый,ЗЭТА АО,0.00000,0.00000,a.savitskiy,,2026-03-24 12:23:21,,1.63000,3260.00000,,,N,N,N,,False,20.00000,,,,,,0,,2026-03-24 00:00:00,,,,,2000.00000,1978352,2,,,,,,,,A,,Годен,,,
1997164,,WH1,321246,EKS000005856,195656,"Кабельный ввод М 12 латунный УТ1,5 IP68 (d кабеля 3-6,5мм) ГОФРОМАТИК ЗЭТАРУС",,,ЭКС,100.00000,ШТ,0.00000,ЭКС-000005856   ,,5962581.00000,,,0.20000,КГ,5.00000,2.00000,2.00000,СМ,,,,356900.00000,,,,,,Заказной,Феденькова Д.Ю.,zeta30110,ШТ,Заказной товар,ЗЭТА АО,0.00000,0.00000,a.savitskiy,,2026-03-24 12:39:03,,35.69000,3569.00000,,,N,N,N,,False,20.00000,,,,,,0,ЭКС-000012253   ,2026-03-24 00:00:00,,,,,100.00000,1978353,2,,,,,,,,C,,Годен,,,
1997165,,WH1,321246,EKS000005856,187414,Скоба однолапковая металлическая d19-20 мм ГОФРОМАТИК ЗЭТАРУС,,,ЭКС,60.00000,ШТ,0.00000,ЭКС-000005856   ,,5962580.00000,,,0.00690,КГ,4.00000,2.00000,1.00000,СМ,,,,5112.00000,,,,,,Дортман Анна Павловна,Гилета О.В.,zeta41716,ШТ,Базовый,ЗЭТА АО,0.00000,0.00000,a.savitskiy,,2026-03-24 12:20:16,,1.42000,85.20000,,,N,N,N,,False,0.41400,,,,,,0,,2026-03-24 00:00:00,,,,,60.00000,1978354,2,,,,,,,,A,,Годен,,,
1997166,,WH1,321246,EKS000005856,185414,Резьбовой крепежный элемент с наружной резьбой РКН-10 (МВ 10-М) У2 IP54 ГОФРОМАТИК ЗЭТАРУС,,,ЭКС,200.00000,ШТ,0.00000,ЭКС-000005856   ,,5962577.00000,,,0.01000,КГ,3.00000,2.00000,2.00000,СМ,,,,1431600.00000,,,,,,Дортман Анна Павловна,Гилета О.В.,zeta40410,ШТ,Базовый,ЗЭТА АО,0.00000,0.00000,a.savitskiy,,2026-03-24 12:28:49,,35.79000,7158.00000,,,N,N,N,,False,2.00000,,,,,,0,,2026-03-24 00:00:00,,,,,200.00000,1978355,2,,,,,,,,C,,Годен,,,
1997167,,WH1,321246,EKS000005856,177389,Скоба двухлапковая металлическая d10-11 мм ГОФРОМАТИК ЗЭТАРУС,,,ЭКС,100.00000,ШТ,0.00000,ЭКС-000005856   ,,5962576.00000,,,0.00100,КГ,3.00000,1.00000,1.00000,СМ,,,,10500.00000,,,,,,Дортман Анна Павловна,Гилета О.В.,zeta41610,ШТ,Базовый,ЗЭТА АО,0.00000,0.00000,a.savitskiy,,2026-03-24 12:24:14,,1.05000,105.00000,,,N,N,N,,False,0.10000,,,,,,0,,2026-03-24 00:00:00,,,,,100.00000,1978356,2,,,,,,,,C,,Годен,,,
1997168,,WH1,321246,EKS000005856,147232,Оконцеватель для металлорукава 15 мм (1/2) ГОФРОМАТИК ЗЭТАРУС,,,ЭКС,100.00000,ШТ,0.00000,ЭКС-000005856   ,,5962575.00000,,,0.05000,КГ,2.00000,2.00000,1.50000,СМ,,False,,94300.00000,,,,,,Дортман Анна Павловна,Гилета О.В.,zeta41011,ШТ,Базовый,ЗЭТА АО,0.00000,0.00000,a.savitskiy,,2026-03-24 12:29:26,,9.43000,943.00000,,,N,N,N,,False,5.00000,,,,,,0,,2026-03-24 00:00:00,,,,,100.00000,1978357,2,,,,,,,,C,,Годен,,,
1997169,,WH1,321246,EKS000005856,862176,Оконцеватель для металлорукава 75 мм,,,ЭКС,14.00000,ШТ,0.00000,ЭКС-000005856   ,,5962569.00000,,,0.05400,КГ,9.00000,9.00000,3.00000,СМ,,False,,24433.36000,,,,,,Заказной,Гилета О.В.,zeta41018,ШТ,Заказной товар,ЗЭТА АО,0.00000,0.00000,a.savitskiy,,2026-03-24 12:48:14,,124.66000,1745.24000,,,N,N,N,,False,0.75600,,,,,,0,ЭКС-000011757   ,2026-03-24 00:00:00,,,,,14.00000,1978358,2,,,,,,,,C,,Годен,,,
1997170,,WH1,321246,EKS000005856,826238,"Перемычка ПГС 25-560 У2,5 ГОФРОМАТИК (ЗЭТАРУС)",,,ЭКС,20.00000,ШТ,0.00000,ЭКС-000005856   ,,5962564.00000,,,0.10000,КГ,56.00000,1.00000,2.00000,СМ,,False,,44172.00000,,,,,,Заказной,Гилета О.В.,zeta11111,ШТ,Заказной товар,ЗЭТА АО,0.00000,0.00000,a.savitskiy,,2026-03-24 12:09:35,,110.43000,2208.60000,,,N,N,N,,False,2.00000,,,,,,0,,2026-03-24 00:00:00,,,,,20.00000,1978359,2,,,,,,,,C,,Годен,,,
1997171,,WH1,321246,EKS000005856,675751,Скоба однолапковая металлическая d19-20 мм ГОФРОМАТИК ЗЭТАРУС,,,ЭКС,2240.00000,ШТ,0.00000,ЭКС-000005856   ,,5962579.00000,,,0.00100,КГ,2.00000,2.00000,2.00000,СМ,,,,7124992.00000,,,,,,,Гилета О.В.,zeta41716,ШТ,Заказной товар,ЗЭТА АО,0.00000,0.00000,a.savitskiy,,2026-03-24 12:20:23,,1.42000,3180.80000,,,N,N,N,,False,2.24000,,,,,,0,ЭКС-000012084   ,2026-03-24 00:00:00,,,,,2240.00000,1978360,2,,,,,,,,C,,Годен,,,
1997172,,WH1,321246,EKS000005856,669861,Кабельный ввод ВК-НР-М16-8-L8 ГОФРОМАТИК (ЗЭТАРУС),,,ЭКС,10.00000,ШТ,0.00000,ЭКС-000005856   ,,5962590.00000,,,0.02000,КГ,3.00000,2.00000,2.00000,СМ,,,,19896.00000,,,,,,Заказной,Гилета О.В.,zeta34802,ШТ,Заказной товар,ЗЭТА АО,0.00000,0.00000,a.savitskiy,,2026-03-24 12:50:22,,198.96000,1989.60000,,,N,N,N,,False,0.20000,,,,,,0,ЭКС-000012319   ,2026-03-24 00:00:00,,,,,10.00000,1978361,2,,,,,,,,C,,Годен,,,
1997173,,WH1,321246,EKS000005856,633754,Кабельный ввод ВК-НР-М20-12-L8 ГОФРОМАТИК ЗЭТАРУС,,,ЭКС,10.00000,ШТ,0.00000,ЭКС-000005856   ,,5962589.00000,,,0.03000,КГ,3.00000,2.00000,2.00000,СМ,,,,24316.00000,,,,,,Заказной,Гилета О.В.,zeta34804,ШТ,Заказной товар,ЗЭТА АО,0.00000,0.00000,a.savitskiy,,2026-03-24 12:30:06,,243.16000,2431.60000,,,N,N,N,,False,0.30000,,,,,,0,ЭКС-000012319   ,2026-03-24 00:00:00,,,,,10.00000,1978362,2,,,,,,,,C,,Годен,,,
1997174,,WH1,321246,EKS000005856,623545,Соединитель болтовой 4СБ-3-001 150-240 ЗЭТАРУС,,,ЭКС,15.00000,ШТ,0.00000,ЭКС-000005856   ,,5962596.00000,,,0.20000,КГ,10.50000,4.00000,3.50000,СМ,,,,91851.75000,,,,,,Дортман Анна Павловна,Княжева Ю.В.,zeta11045,ШТ,Базовый,ЗЭТА АО,0.00000,0.00000,a.savitskiy,,2026-03-24 12:21:49,,408.23000,6123.45000,,,N,N,N,,False,3.00000,,,,,,0,,2026-03-24 00:00:00,,,,,15.00000,1978363,2,,,,,,,,C,,Годен,,,
1997175,,WH1,321246,EKS000005856,512000,Гильза ГМ 35-10 ЗЭТАРУС,,,ЭКС,100.00000,ШТ,0.00000,ЭКС-000005856   ,,5962571.00000,,,0.01500,КГ,5.00000,1.00000,1.00000,СМ,,,,333900.00000,,,,,,Заказной,Княжева Ю.В.,zeta10116,ШТ,Заказной товар,ЗЭТА АО,0.00000,0.00000,a.savitskiy,,2026-03-24 12:22:23,,33.39000,3339.00000,,,N,N,N,,False,1.50000,,,,,,0,,2026-03-24 00:00:00,,,,,100.00000,1978364,2,,,,,,,,C,,Годен,,,
1997176,,WH1,321246,EKS000005856,419759,Сальник PG 36 пластик (22-32мм),,,ЭКС,200.00000,ШТ,0.00000,ЭКС-000005856   ,,5962594.00000,,,0.25000,КГ,6.00000,6.00000,5.00000,СМ,,,,1916000.00000,,,,,,Заказной,Феденькова Д.Ю.,zeta30888,ШТ,Заказной товар,ЗЭТА АО,0.00000,0.00000,a.savitskiy,,2026-03-24 12:42:02,,47.90000,9580.00000,,,N,N,N,,False,50.00000,,,,,,0,ЭКС-000012477   ,2026-03-24 00:00:00,,,,,200.00000,1978365,2,,,,,,,,C,,Годен,,,
1997177,,WH1,321246,EKS000005856,419758,Сальник PG 16 пластик (10-14мм),,,ЭКС,200.00000,ШТ,0.00000,ЭКС-000005856   ,,5962593.00000,,,0.10000,КГ,2.00000,2.00000,3.00000,СМ,,,,435200.00000,,,,,,Заказной,Феденькова Д.Ю.,zeta30884,ШТ,Заказной товар,ЗЭТА АО,0.00000,0.00000,a.savitskiy,,2026-03-24 12:42:30,,10.88000,2176.00000,,,N,N,N,,False,20.00000,,,,,,0,ЭКС-000012477   ,2026-03-24 00:00:00,,,,,200.00000,1978366,2,,,,,,,,C,,Годен,,,
1997178,,WH1,321246,EKS000005856,419757,Сальник PG 25 пластик (15-21мм),,,ЭКС,200.00000,ШТ,0.00000,ЭКС-000005856   ,,5962592.00000,,,0.10000,КГ,3.00000,3.00000,4.00000,СМ,,,,826800.00000,,,,,,Заказной,Феденькова Д.Ю.,zeta30886,ШТ,Заказной товар,ЗЭТА АО,0.00000,0.00000,a.savitskiy,,2026-03-24 12:37:53,,20.67000,4134.00000,,,N,N,N,,False,20.00000,,,,,,0,ЭКС-000012477   ,2026-03-24 00:00:00,,,,,200.00000,1978367,2,,,,,,,,C,,Годен,,,
1997179,,WH1,321246,EKS000005856,419756,Сальник PG 11 пластик (5-10мм),,,ЭКС,600.00000,ШТ,0.00000,ЭКС-000005856   ,,5962591.00000,,,0.10000,КГ,2.00000,2.00000,3.00000,СМ,,,,2559600.00000,,,,,,Заказной,Феденькова Д.Ю.,zeta30882,ШТ,Заказной товар,ЗЭТА АО,0.00000,0.00000,a.savitskiy,,2026-03-24 12:25:58,,7.11000,4266.00000,,,N,N,N,,False,60.00000,,,,,,0,ЭКС-000012477   ,2026-03-24 00:00:00,,,,,600.00000,1978368,2,,,,,,,,C,,Годен,,,
1997180,,WH1,321246,EKS000005856,377812,Ex-переходная муфта МПВЛ-М25-М20 Ех е II Gb U () ГОФРОМАТИК ЗЭТАРУС,,,ЭКС,24.00000,ШТ,0.00000,ЭКС-000005856   ,,5962560.00000,,,0.05000,КГ,3.50000,3.00000,3.00000,СМ,,False,,251550.72000,,,,,,Заказной,Гилета О.В.,zeta30538,ШТ,Заказной товар,ЗЭТА АО,0.00000,0.00000,a.savitskiy,,2026-03-24 12:33:32,,436.72000,10481.28000,,,N,N,N,,False,1.20000,,,,,,0,ЭКС-000011296   ,2026-03-24 00:00:00,,,,,24.00000,1978369,2,,,,,,,,C,,Годен,,,
1997181,,WH1,321246,EKS000005856,313698,Коробка с зажимами наборными КЗНС-32 У2 IP54 пластиковый ввод ГОФРОМАТИК ЗЭТАРУС,,,ЭКС,1.00000,ШТ,0.00000,ЭКС-000005856   ,,5962595.00000,,,2.00000,КГ,37.00000,34.00000,12.00000,СМ,,,,4272.27000,,,,,,Заказной,Княжева Ю.В.,zeta30357,ШТ,Заказной товар,ЗЭТА АО,0.00000,0.00000,a.savitskiy,,2026-03-24 12:10:55,,4272.27000,4272.27000,,,N,N,N,,False,2.00000,,,,,,0,ЭКС-000012490   ,2026-03-24 00:00:00,,,,,1.00000,1978370,2,,,,,,,,C,,Годен,,,
1997182,,WH1,321247,EKS000005857,110259,Щит освещения ЩО 8505-0406,,,ЭКС,2.00000,ШТ,0.00000,ЭКС-000005857   ,,5962602.00000,,,4.38000,КГ,32.00000,28.00000,14.00000,СМ,,,,19285.80000,,,,,,Заказной,Иваненко П.В.,,ШТ,Прочее,,0.00000,0.00000,a.manokhin,,2026-03-24 12:28:52,,4821.45000,9642.90000,,,N,N,N,,False,8.76000,,,,,,0,ЭКС-000011432   ,2026-03-24 00:00:00,,,,,2.00000,1978371,2,,,,,,,,C,,Годен,,,
1997183,,WH1,321248,EKS000005858,665467,Светильник ГСО-ПРЕМИУМ 595x595x50мм 36Вт 4000лм 4000К опал драйвер 5322 (Армстронг) ГЕНСВЕТ,,,ЭКС,9.00000,ШТ,0.00000,ЭКС-000005858   ,,5962605.00000,,,1.00000,КГ,62.00000,60.50000,8.50000,СМ,,False,,218766.42000,,,,,,Заказной,Колупаев В.Г.,ГСО-7900,ШТ,Заказной товар,ТПК ДЕКО ООО,0.00000,0.00000,a.manokhin,,2026-03-24 12:57:09,,2700.82000,24307.38000,,,N,N,N,,False,9.00000,,,,,,0,ЭКС-000011724   ,2026-03-24 00:00:00,,,,,9.00000,1978372,2,,,,,,,,C,,Годен,,,
1997184,,WH1,321249,EKS000005859,665506,Светильник ГСО-ПРЕМИУМ 1195x180x50мм 36Вт 4000лм 4000К опал драйвер с БАП ГЕНСВЕТ,,,ЭКС,1.00000,ШТ,0.00000,ЭКС-000005859   ,,5962606.00000,,,1.60000,КГ,119.00000,18.00000,5.50000,СМ,,False,,4418.03000,,,,,,Заказной,Колупаев В.Г.,ГСО-7962,ШТ,Заказной товар,ТПК ДЕКО ООО,0.00000,0.00000,a.manokhin,,2026-03-24 12:55:14,,4418.03000,4418.03000,,,N,N,N,,False,1.60000,,,,,,0,ЭКС-000011136   ,2026-03-24 00:00:00,,,,,1.00000,1978373,2,,,,,,,,C,,Годен,,,
1997185,,WH1,321250,EKS000005860,690965,Светильник ГСО-Премьер (с) 595x595x40мм 54Вт 6300лм 4000К опал драйвер 0654  ГЕНСВЕТ,,,ЭКС,25.00000,ШТ,0.00000,ЭКС-000005860   ,,5962607.00000,,,1.00000,КГ,60.00000,60.00000,4.00000,СМ,,False,,1970287.50000,,,,,,,Колупаев В.Г.,ГСО-7222,ШТ,Распродажа,ТПК ДЕКО ООО,0.00000,0.00000,a.manokhin,,2026-03-24 13:02:54,,3152.46000,78811.50000,,,N,N,N,,False,25.00000,,,,,,0,ЭКС-000012164   ,2026-03-24 00:00:00,,,,,25.00000,1978374,2,,,,,,,,C,,Годен,,,
1997186,,WH1,321251,EKS000005861,688135,Светильник ГСО-Премьер IP40 (С) 595x595x40мм 36вт 4200лм/5700к опал драйвер 0653 ГЕНСВЕТ,,,ЭКС,15.00000,ШТ,0.00000,ЭКС-000005861   ,,5962608.00000,,,2.00000,КГ,60.00000,60.00000,4.00000,СМ,,False,,295026.75000,,,,,,Заказной,Колупаев В.Г.,ГСО-7166,ШТ,Заказной товар,ТПК ДЕКО ООО,0.00000,0.00000,a.manokhin,,2026-03-24 12:55:46,,1311.23000,19668.45000,,,N,N,N,,False,30.00000,,,,,,0,ЭКС-000008512   ,2026-03-24 00:00:00,,,,,15.00000,1978375,2,,,,,,,,C,,Годен,,,
1997187,,WH1,321252,TR-24/03/2026-02,0000,ТРАНЗИТ,,БАРНАУЛ,ЭКС,1.00000,ГМ,0.00000,,,1.00000,4712-12-31 00:00:00,,1.00000,КГ,1.00000,1.00000,1.00000,СМ,СМ3,,,0.00000,,,,0,,,,,,,,0.00000,2.00000,r.sagaidak,,2026-03-24 13:08:54,,0.00000,0.00000,0,Y,Y,N,N,рц,,1.00000,,,рц,0.00000,,0,,2026-03-24 00:00:00,0.00000,0.00000,0.00000,0.00000,1.00000,,,,,,,,,,,,,,,0.00000
1997188,,WH1,321253,TR-24/03/2026-03,0000,ТРАНЗИТ,,ИППОДРОМСКАЯ,ЭКС,1.00000,ГМ,0.00000,,,1.00000,4712-12-31 00:00:00,,1.00000,КГ,1.00000,1.00000,1.00000,СМ,СМ3,,,0.00000,,,,0,,,,,,,,0.00000,2.00000,r.sagaidak,,2026-03-24 13:08:59,,0.00000,0.00000,0,Y,Y,N,N,рц,,1.00000,,,рц,0.00000,,0,,2026-03-24 00:00:00,0.00000,0.00000,0.00000,0.00000,1.00000,,,,,,,,,,,,,,,0.00000
1997189,,WH1,321254,EKS000005862,213218,"Кабель ВВГЭнг(А)-LS 4х1,5 - 1кВ",,,ЭКС,50.00000,М,0.00000,ЭКС-000005862   ,,5962609.00000,,,0.41600,КГ,100.00000,1.30000,1.30000,СМ,,,,247000.00000,13,,,,,Заказной,Косолапова Л.В.,213218,М,Заказной товар,Сибкабель АО,0.00000,0.00000,a.manokhin,,2026-03-24 13:21:18,,98.80000,4940.00000,,,Y,N,N,,False,20.80000,,,,,,0,ЭКС-000009874   ,2026-03-20 00:00:00,,,,,50.00000,1978376,1,,,01,,,,,C,,Годен,,,
1997190,,WH1,321255,EKS000005863,720578,АКБ Энергия GPL 12-55,,,ЭКС,2.00000,ШТ,0.00000,ЭКС-000005863   ,,5962612.00000,,,17.80000,КГ,28.00000,25.00000,15.00000,СМ,,False,,28654.28000,,,,,,Заказной,Иваненко П.В.,Е0201-0059,ШТ,Заказной товар,Спецавтоматика ООО,0.00000,0.00000,a.manokhin,,2026-03-24 13:22:46,,7163.57000,14327.14000,,,N,N,N,,False,35.60000,,,,,,0,ЭКС-000012303   ,2026-03-24 00:00:00,,,,,2.00000,1978377,2,,,,,,,,C,,Годен,,,
1997191,,WH1,321255,EKS000005863,297835,ИБП Pro-3400 24V Энергия,,,ЭКС,1.00000,ШТ,0.00000,ЭКС-000005863   ,,5962611.00000,,,15.00000,КГ,62.00000,30.00000,30.00000,СМ,,False,,52571.06000,,,,,,Заказной,Иваненко П.В.,Е0201-0032,ШТ,Заказной товар,Спецавтоматика ООО,0.00000,0.00000,a.manokhin,,2026-03-24 13:23:41,,52571.06000,52571.06000,,,N,N,N,,False,15.00000,,,,,,0,ЭКС-000012303   ,2026-03-24 00:00:00,,,,,1.00000,1978378,2,,,,,,,,C,,Годен,,,
1997192,,WH1,321256,EKS000005864,461329,Cтабилизатор  VOLTRON -10 000  ЭНЕРГИЯ Voltron (5%),,,ЭКС,1.00000,ШТ,0.00000,ЭКС-000005864   ,,5962613.00000,,,18.60000,КГ,43.50000,34.50000,25.50000,СМ,,False,,17714.43000,,,,,,Заказной,Третьяков С.М.,Е0101-0160,ШТ,Заказной товар,Спецавтоматика ООО,0.00000,0.00000,a.manokhin,,2026-03-24 13:23:15,,17714.43000,17714.43000,,,N,N,N,,False,18.60000,,,,,,0,ЭКС-000012308   ,2026-03-24 00:00:00,,,,,1.00000,1978379,2,,,,,,,,C,,Годен,,,
1997193,,WH1,321257,EKS000005865,460630,Лестница-трансформер (четырехсекционная) алюминиевая 4x3 ступени (Сибртех),,,ЭКС,1.00000,ШТ,0.00000,ЭКС-000005865   ,,5962620.00000,,,12.00000,КГ,95.00000,28.00000,28.00000,СМ,,False,,7749.66000,,,,,,Дортман Анна Павловна,Петров И.В.,97881,ШТ,Товар филиала,МИР ИНСТРУМЕНТА ООО,0.00000,0.00000,a.manokhin,,2026-03-24 13:25:15,,7749.66000,7749.66000,,,N,N,N,,False,12.00000,,,,,,0,ЭКС-000012387   ,2026-03-24 00:00:00,,,,,1.00000,1978380,2,,,,,,,,C,,Годен,,,
1997194,,WH1,321257,EKS000005865,460083,Автоматический стриппер для проводов 0.2-6 мм (Сибртех),,,ЭКС,1.00000,ШТ,0.00000,ЭКС-000005865   ,,5962617.00000,,,0.35000,КГ,26.00000,12.00000,2.00000,СМ,,,,598.69000,,,,,,Заказной,Петров И.В.,17734,ШТ,Заказной товар,МИР Инструмента ООО,0.00000,0.00000,a.manokhin,,2026-03-24 13:28:26,,598.69000,598.69000,,,N,N,N,,False,0.35000,,,,,,0,ЭКС-000012191   ,2026-03-24 00:00:00,,,,,1.00000,1978381,2,,,,,,,,C,,Годен,,,
1997195,,WH1,321257,EKS000005865,535936,"Набор торцевых головок, 1/4, головки 4-13 мм, с трещоточным ключом, CrV, 11 предметов Stels",,,ЭКС,5.00000,УП,0.00000,ЭКС-000005865   ,,5962616.00000,,,0.30000,КГ,24.00000,7.00000,2.00000,СМ,,,,23829.00000,,,,,,Заказной,Петров И.В.,14125,УП,Заказной товар,МИР Инструмента ООО,0.00000,0.00000,a.manokhin,,2026-03-24 13:27:05,,953.16000,4765.80000,,,N,N,N,,False,1.50000,,,,,,0,ЭКС-000012234   ,2026-03-24 00:00:00,,,,,5.00000,1978382,2,,,,,,,,C,,Годен,,,
1997196,,WH1,321257,EKS000005865,520522,"Пистолет пескоструйный с нижним бачком, пневматический. MATRIX",,,ЭКС,1.00000,ШТ,0.00000,ЭКС-000005865   ,,5962618.00000,,,0.77000,КГ,25.00000,19.00000,11.00000,СМ,,,,891.15000,,,,,,Заказной,Петров И.В.,57326,ШТ,Заказной товар,МИР Инструмента ООО,0.00000,0.00000,a.manokhin,,2026-03-24 13:26:17,,891.15000,891.15000,,,N,N,N,,False,0.77000,,,,,,0,ЭКС-000012374   ,2026-03-24 00:00:00,,,,,1.00000,1978383,2,,,,,,,,C,,Годен,,,
1997197,,WH1,321257,EKS000005865,492479,"Сверло ступенчатое, 4-6-8-10-12-14-16-18-20-22-24-26-28-30-32 мм, HSS, трехгранный хвостовик Matrix",,,ЭКС,2.00000,ШТ,0.00000,ЭКС-000005865   ,,5962619.00000,,,0.17000,КГ,17.00000,9.00000,4.00000,СМ,,,,2331.52000,,,,,,Заказной,Петров И.В.,72359,ШТ,Заказной товар,МИР Инструмента ООО,0.00000,0.00000,a.manokhin,,2026-03-24 13:26:47,,582.88000,1165.76000,,,N,N,N,,False,0.34000,,,,,,0,ЭКС-000012172   ,2026-03-24 00:00:00,,,,,2.00000,1978384,2,,,,,,,,C,,Годен,,,
1997198,,WH1,321258,EKS000005866,367995,Выключатель авт. диф. тока АВДТ 34 4п 20А  30мА  тип A  х-ка C  6кА MAD22-6-020-C-30  ИЭК,,,ЭКС,1.00000,ШТ,0.00000,ЭКС-000005866,,5962644.00000,,,0.32000,КГ,10.00000,7.00000,8.00000,СМ,,False,,1170.14000,,,,,,Заказной,Шаповалов П.Г.,MAD22-6-020-C-30,ШТ,Заказной товар,ЭлектроОптТорг ООО,0.00000,0.00000,n.bezrukov,,2026-03-24 13:55:25,,1170.14000,1170.14000,,,N,N,N,,False,0.32000,,,,,,0,ЭКС-000012332   ,2026-03-24 00:00:00,,,,,1.00000,1978385,2,,,,,,,,C,,Годен,,,
1997199,,WH1,321258,EKS000005866,284354,Анкер латунный забивной М10 CLP1M-AL-10,,,ЭКС,100.00000,ШТ,0.00000,ЭКС-000005866,,5962622.00000,,,0.01420,КГ,3.00000,1.20000,1.20000,СМ,,,,414700.00000,,,,,,Заказной,Киселев А.В.,CLP1M-AL-10,ШТ,Заказной товар,ЭлектроОптТорг ООО,0.00000,0.00000,n.bezrukov,,2026-03-24 13:55:53,,41.47000,4147.00000,,,N,N,N,,False,1.42000,,,,,,0,ЭКС-000012323   ,2026-03-24 00:00:00,,,,,100.00000,1978386,2,,,,,,,,C,,Годен,,,
1997200,,WH1,321258,EKS000005866,280029,Термоусаживаемая трубка ТТК 43/12 4:1 черная с клеем 1 м,,,ЭКС,5.00000,М,0.00000,ЭКС-000005866,,5962636.00000,,,0.20000,КГ,50.00000,6.00000,4.00000,СМ,,,,9143.50000,,,,,,Заказной,Княжева Ю.В.,UMR-A3-43-12-41-K02,М,Заказной товар,ЭлектроОптТорг ООО,0.00000,0.00000,zmeevskiy,,2026-03-24 13:49:43,,365.74000,1828.70000,,,N,N,N,,False,1.00000,,,,,,0,ЭКС-000004839   ,2026-03-24 00:00:00,,,,,5.00000,1978387,2,,,,,,,,C,,Годен,,,
1997201,,WH1,321258,EKS000005866,76789,Труба  ПВХ гладкая жесткая d20 ИЭК серая (3м),,,ЭКС,2046.00000,М,0.00000,ЭКС-000005866,,5962651.00000,,,0.11200,КГ,100.00000,2.00000,2.00000,СМ,,True,,93308525.64000,,,,,,Дортман Анна Павловна,Гилета О.В.,CTR10-020-K41-093I,М,Базовый,ЭлектроОптТорг ООО,0.00000,0.00000,n.bezrukov,,2026-03-24 14:20:52,,22.29000,45605.34000,,,N,N,N,,True,229.15200,,,,,,0,ЭКС-000012320   ,2026-03-24 00:00:00,,,,,2046.00000,1978388,2,,,,,,,Long 3,B,,Годен,,,
1997202,,WH1,321258,EKS000005866,48842,Корпус навес (500х400х150) ЩМП-2-1 36 с монт.пан. IP31 ИЭК YKM41-02-31,,,ЭКС,5.00000,ШТ,0.00000,ЭКС-000005866,,5962657.00000,,,6.70000,КГ,51.00000,40.00000,16.50000,СМ,,False,,75171.00000,,9403208009,,,,Дортман Анна Павловна,Феденькова Д.Ю.,YKM41-02-31,ШТ,Базовый,ЭлектроОптТорг ООО,0.00000,0.00000,zmeevskiy,,2026-03-24 13:49:43,,3006.84000,15034.20000,,,N,N,N,,False,33.50000,,,,,,0,ЭКС-000012355   ,2026-03-24 00:00:00,,,,,5.00000,1978389,2,,,,,,,,C,,Годен,,,
1997203,,WH1,321258,EKS000005866,42746,Площадка 30х30 самоклеящаяся белая под хомуты(100шт) ИЭК,,,ЭКС,1.00000,УП,0.00000,ЭКС-000005866,,5962627.00000,,,0.20000,КГ,21.00000,5.40000,10.00000,СМ,,False,,279.95000,,3926909709,,,,Дортман Анна Павловна,Гилета О.В.,UHP30-30-100,УП,Базовый,ЭлектроОптТорг ООО,0.00000,0.00000,a.savitskiy,,2026-03-24 14:01:42,,279.95000,279.95000,,,N,N,N,,False,0.20000,,,,,,0,ЭКС-000012325   ,2026-03-24 00:00:00,,,,,1.00000,1978390,2,,,,,,,,C,,Годен,,,
1997204,,WH1,321258,EKS000005866,36871,Корпус навес метал ЩРН-36з-0 74 36мод IP54 (540х330х120) ИЭК MKM11-N-36-54-Z,,,ЭКС,1.00000,ШТ,0.00000,ЭКС-000005866,,5962662.00000,,,7.80000,КГ,54.00000,33.00000,12.00000,СМ,,False,,4920.19000,,9403208009,,,,Дортман Анна Павловна,Феденькова Д.Ю.,MKM11-N-36-54-Z,ШТ,Базовый,ЭлектроОптТорг ООО,0.00000,0.00000,zmeevskiy,,2026-03-24 13:49:43,,4920.19000,4920.19000,,,N,N,N,,False,7.80000,,,,,,0,ЭКС-000012323   ,2026-03-24 00:00:00,,,,,1.00000,1978391,2,,,,,,,,C,,Годен,,,
1997205,,WH1,321258,EKS000005866,251649,Прожектор СДО 07-100 светодиодный серый IP65 IEK,,,ЭКС,4.00000,ШТ,0.00000,ЭКС-000005866,,5962640.00000,,,1.80000,КГ,29.00000,10.00000,24.00000,СМ,,True,,18661.92000,,,,,,Заказной,Косова Т.В.,LPDO701-100-K03,ШТ,Заказной товар,ЭлектроОптТорг ООО,0.00000,0.00000,n.bezrukov,,2026-03-24 13:52:25,,1166.37000,4665.48000,,,N,N,N,,True,7.20000,,,,,,0,ЭКС-000012414   ,2026-03-24 00:00:00,,,,,4.00000,1978392,2,,,,,,,,C,,Годен,,,
1997206,,WH1,321258,EKS000005866,245977,Гильза ГМЛ-10 медная луженая соединительная IEK,,,ЭКС,5000.00000,ШТ,0.00000,ЭКС-000005866,,5962648.00000,,,0.06000,КГ,3.50000,0.50000,0.50000,СМ,,True,,294750000.00000,,,,,,Заказной,Княжева Ю.В.,UGTY10-010-05,ШТ,Заказной товар,ЭлектроОптТорг ООО,0.00000,0.00000,n.bezrukov,,2026-03-24 13:56:54,,11.79000,58950.00000,,,N,N,N,,True,300.00000,,,,,,0,ЭКС-000012320   ,2026-03-24 00:00:00,,,,,5000.00000,1978393,2,,,,,,,,C,,Годен,,,
1997207,,WH1,321258,EKS000005866,239823,Накладка на стык профиля 50х105 010696,,,ЭКС,20.00000,ШТ,0.00000,ЭКС-000005866,,5962654.00000,,,0.00100,КГ,5.00000,4.00000,2.50000,СМ,,False,,9808.00000,,,1,,,Дортман Анна Павловна,Гилета О.В.,010696,ШТ,Выводится из ассортимента,ЭлектроОптТорг ООО,0.00000,0.00000,n.bezrukov,,2026-03-24 13:53:21,,24.52000,490.40000,,,N,N,N,,False,0.02000,,,,,,0,ЭКС-000006938   ,2026-03-24 00:00:00,,,,,20.00000,1978394,2,,,,,,,,C,,Годен,,,
1997208,,WH1,321258,EKS000005866,220000,"Розетка о/у 3х2К+З тройная с з/к 16А с дымчатой крышкой IP54, серия ""ГЕРМЕС PLUS"" РСб23-3-ГПБд",,,ЭКС,52.00000,ШТ,0.00000,ЭКС-000005866,,5962637.00000,,,0.35000,КГ,22.00000,7.50000,5.00000,СМ,,True,,1618587.36000,,,,,,Дортман Анна Павловна,Куграшова О.В.,ERMP32-K03-16-54-EC,ШТ,Базовый,ЭлектроОптТорг ООО,0.00000,0.00000,n.bezrukov,,2026-03-24 13:53:54,,598.59000,31126.68000,,,N,N,N,,True,18.20000,,,,,,0,,2026-03-24 00:00:00,,,,,52.00000,1978395,2,,,,,,,,C,,Годен,,,
1997209,,WH1,321258,EKS000005866,216067,Изолятор ступенчатый ИСв4-30 (М8) силовой с болтом ИЭК YIS11-4-30-8-B,,,ЭКС,16.00000,ШТ,0.00000,ЭКС-000005866,,5962641.00000,,,0.40000,КГ,23.00000,10.00000,3.50000,СМ,,,,79016.96000,,,,,,Заказной,Феденькова Д.Ю.,YIS11-4-30-8-B,ШТ,Заказной товар,ЭлектроОптТорг ООО,0.00000,0.00000,a.savitskiy,,2026-03-24 14:01:19,,308.66000,4938.56000,,,N,N,N,,False,6.40000,,,,,,0,ЭКС-000012315   ,2026-03-24 00:00:00,,,,,16.00000,1978396,2,,,,,,,,C,,Годен,,,
1997210,,WH1,321258,EKS000005866,186607,Держатель горизонтальный VH300 ИЭК CLW10-VH-300,,,ЭКС,20.00000,ШТ,0.00000,ЭКС-000005866,,5962653.00000,,,1.00000,КГ,30.00000,5.00000,1.00000,СМ,,,,71196.00000,,,,,,Заказной,Киселёв А.В.,CLW10-VH-300,ШТ,Заказной товар,ЭлектроОптТорг ООО,0.00000,0.00000,n.bezrukov,,2026-03-24 13:50:25,,177.99000,3559.80000,,,N,N,N,,False,20.00000,,,,,,0,ЭКС-000012323   ,2026-03-24 00:00:00,,,,,20.00000,1978397,2,,,,,,,,C,,Годен,,,
1997211,,WH1,321258,EKS000005866,152461,Угол наружный 50х105  010619,,,ЭКС,30.00000,ШТ,0.00000,ЭКС-000005866,,5962655.00000,,,0.08000,КГ,12.00000,20.00000,4.60000,СМ,,False,,326043.00000,,3926909709,,,,Дортман Анна Павловна,Гилета О.В.,010619,ШТ,Заказной товар,ЭлектроОптТорг ООО,0.00000,0.00000,n.bezrukov,,2026-03-24 13:57:41,,362.27000,10868.10000,,,N,N,N,,False,2.40000,,,,,,0,,2026-03-24 00:00:00,,,,,30.00000,1978398,2,,,,,,,,C,,Годен,,,
1997212,,WH1,321258,EKS000005866,122659,Фотореле ФР-602 5500ВА IP44 серый IEK,,,ЭКС,20.00000,ШТ,0.00000,ЭКС-000005866,,5962642.00000,,,0.19000,КГ,10.00000,10.00000,8.00000,СМ,,True,,119448.00000,,,,,,Катышев Александр Вячесла,Третьяков С.М.,LFR20-602-4400-003,ШТ,Базовый,ЭлектроОптТорг ООО,0.00000,0.00000,n.bezrukov,,2026-03-24 13:52:44,,298.62000,5972.40000,,,N,N,N,,True,3.80000,,,,,,0,,2026-03-24 00:00:00,,,,,20.00000,1978399,2,,,,,,,,C,,Годен,,,
1997213,,WH1,321258,EKS000005866,107898,Изолятор SM35 (А) силовой H35xD32xM8мм ИЭК  YIS11-35-10,,,ЭКС,10.00000,ШТ,0.00000,ЭКС-000005866,,5962631.00000,,,0.08000,КГ,3.50000,3.40000,4.00000,СМ,,False,,4625.00000,,8546901000,,,,Дортман Анна Павловна,Феденькова Д.Ю.,YIS11-35-10,ШТ,Базовый,ЭлектроОптТорг ООО,0.00000,0.00000,n.bezrukov,,2026-03-24 13:58:04,,46.25000,462.50000,,,N,N,N,,False,0.80000,,,,,,0,,2026-03-24 00:00:00,,,,,10.00000,1978400,2,,,,,,,,C,,Годен,,,
1997214,,WH1,321258,EKS000005866,91072,Сальник d=20мм (Dотв.бокса 22мм) серый ИЭК YSA40-20-22-68-K41,,,ЭКС,100.00000,ШТ,0.00000,ЭКС-000005866,,5962652.00000,,,0.01000,КГ,2.41000,2.41000,2.41000,СМ,,,,45900.00000,,,1,,,Дортман Анна Павловна,Феденькова Д.Ю.,YSA40-20-22-68-K41,ШТ,Базовый,ЭлектроОптТорг ООО,0.00000,0.00000,n.bezrukov,,2026-03-24 13:57:53,,4.59000,459.00000,,,N,N,N,,False,1.00000,,,,,,0,ЭКС-000012310   ,2026-03-24 00:00:00,,,,,100.00000,1978401,2,,,,,,,,C,,Годен,,,
1997215,,WH1,321258,EKS000005866,883549,Заглушка для CP-MC 4 вывода 2.5кв.мм сер.,,,ЭКС,50.00000,ШТ,0.00000,ЭКС-000005866,,5962623.00000,,,0.00100,КГ,7.00000,3.00000,0.10000,СМ,,False,,64275.00000,,,,,,Заказной,Феденькова Д.Ю.,YCT22-00-4-K03-002-ZGL,ШТ,,ЭлектроОптТорг ООО,0.00000,0.00000,n.bezrukov,,2026-03-24 14:06:50,,25.71000,1285.50000,,,N,N,N,,False,0.05000,,,,,,0,,2026-03-24 00:00:00,,,,,50.00000,1978402,2,,,,,,,,C,,Годен,,,
1997216,,WH1,321258,EKS000005866,883514,"Хомут P6.6 стандартный чёрный 8,8х610мм",,,ЭКС,42.00000,УП,0.00000,ЭКС-000005866,,5962630.00000,,,0.98000,КГ,65.00000,16.00000,5.00000,СМ,,False,,1471334.76000,,,,,,Заказной,Гилета О.В.,UHH30-D088-610-100-K02,УП,,ЭлектроОптТорг ООО,0.00000,0.00000,n.bezrukov,,2026-03-24 14:10:11,,834.09000,35031.78000,,,N,N,N,,False,41.16000,,,,,,0,ЭКС-000012320   ,2026-03-24 00:00:00,,,,,42.00000,1978403,2,,,,,,,,C,,Годен,,,
1997217,,WH1,321258,EKS000005866,883043,"Трансформатор тока ТТИ-А 250/5А 5ВА класс 0,5 МПИ08 IEK",,,ЭКС,3.00000,ШТ,0.00000,ЭКС-000005866,,5962625.00000,,,0.61000,КГ,12.50000,9.00000,10.50000,СМ,,False,,6005.61000,,,,,,,Самоличенко В.А.,ITT10-2-05-0250-08,ШТ,Заказной товар,ЭлектроОптТорг ООО,0.00000,0.00000,n.bezrukov,,2026-03-24 13:53:37,,667.29000,2001.87000,,,N,N,N,,False,1.83000,,,,,,0,ЭКС-000012447   ,2026-03-24 00:00:00,,,,,3.00000,1978404,2,,,,,,,,C,,Годен,,,
1997218,,WH1,321258,EKS000005866,761520,Вывод кабеля FP142 чёрный   //  IEK FORTE PIANO,,,ЭКС,1.00000,ШТ,0.00000,ЭКС-000005866,,5962628.00000,,,0.12000,КГ,9.50000,9.50000,6.00000,СМ,,False,,295.62000,,,,,,,Куграшова О.В.,FP-VK10-0-K02,ШТ,Товар РЦ,ЭлектроОптТорг ООО,0.00000,0.00000,a.savitskiy,,2026-03-24 14:01:07,,295.62000,295.62000,,,N,N,N,,False,0.12000,,,,,,0,ЭКС-000012372   ,2026-03-24 00:00:00,,,,,1.00000,1978405,2,,,,,,,,C,,Годен,,,
1997219,,WH1,321258,EKS000005866,703088,Устройство защиты от дугового пробоя c автоматическим выключателем 1P+N C 16A KARAT IEK,,,ЭКС,6.00000,ШТ,0.00000,ЭКС-000005866,,5962621.00000,,,0.10000,КГ,8.00000,7.00000,3.00000,СМ,,False,,249966.72000,,,,,,Заказной,Шаповалов П.Г.,KA-DP11-1-016-C,ШТ,Заказной товар,ЭлектроОптТорг ООО,0.00000,0.00000,n.bezrukov,,2026-03-24 13:55:41,,6943.52000,41661.12000,,,N,N,N,,False,0.60000,,,,,,0,ЭКС-000012450   ,2026-03-24 00:00:00,,,,,6.00000,1978406,2,,,,,,,,C,,Годен,,,
1997220,,WH1,321258,EKS000005866,690229,Корпус навес метал ЩРн-60 (1х60) 835х310х140 IP54 сер,,,ЭКС,1.00000,ШТ,0.00000,ЭКС-000005866,,5962658.00000,,,6.00000,КГ,85.00000,33.00000,18.00000,СМ,,,,9933.67000,,,,,,Заказной,Феденькова Д.Ю.,TI5-50-N-060-54-7035,ШТ,Заказной товар,ЭлектроОптТорг ООО,0.00000,0.00000,zmeevskiy,,2026-03-24 13:49:43,,9933.67000,9933.67000,,,N,N,N,,False,6.00000,,,,,,0,ЭКС-000012323   ,2026-03-24 00:00:00,,,,,1.00000,1978407,2,,,,,,,,C,,Годен,,,
1997221,,WH1,321258,EKS000005866,685843,Коробка распред. герметичная WTP-401 3 ввода IP68 IEK,,,ЭКС,16.00000,ШТ,0.00000,ЭКС-000005866,,5962635.00000,,,0.10000,КГ,13.00000,8.00000,4.00000,СМ,,,,146618.88000,,,,,,Заказной,Княжева Ю.В.,UWB10-Y-450-41-03-68,ШТ,Заказной товар,ЭлектроОптТорг ООО,0.00000,0.00000,a.savitskiy,,2026-03-24 14:00:37,,572.73000,9163.68000,,,N,N,N,,False,1.60000,,,,,,0,ЭКС-000012314   ,2026-03-24 00:00:00,,,,,16.00000,1978408,2,,,,,,,,C,,Годен,,,
1997222,,WH1,321258,EKS000005866,634304,Корпус навес (800х600х250) ЩМП-80.60.25 УХЛ1 IP66,,,ЭКС,6.00000,ШТ,0.00000,ЭКС-000005866,,5962659.00000,,,30.00000,КГ,60.00000,80.00000,25.00000,СМ,,,,295360.20000,,,,,,Акулинский Петр Иванович,Феденькова Д.Ю.,TI5-10-N-080-060-025-66,ШТ,Товар РЦ,ЭлектроОптТорг ООО,0.00000,0.00000,zmeevskiy,,2026-03-24 13:49:43,,8204.45000,49226.70000,,,N,N,N,,False,180.00000,,,,,,0,ЭКС-000012457   ,2026-03-24 00:00:00,,,,,6.00000,1978409,2,,,,,,,,C,,Годен,,,
1997223,,WH1,321258,EKS000005866,627820,ARMAT Контактор КМИ-А-23212 LC1D 32А 24В/АС3 1НО;1НЗ IEK,,,ЭКС,2.00000,ШТ,0.00000,ЭКС-000005866,,5962626.00000,,,0.20000,КГ,10.00000,9.00000,5.00000,СМ,,True,,7388.04000,,,,,,Сарычев Дмитрий Сергеевич,Третьяков С.М.,AR-ACC-21-032-024-11,ШТ,Товар РЦ,ЭлектроОптТорг ООО,0.00000,0.00000,n.bezrukov,,2026-03-24 13:55:05,,1847.01000,3694.02000,,,N,N,N,,True,0.40000,,,,,,0,ЭКС-000012335   ,2026-03-24 00:00:00,,,,,2.00000,1978410,2,,,,,,,,C,,Годен,,,
1997224,,WH1,321258,EKS000005866,579682,Выкл. конц. КВ-8108 регул. рычаг с пластик. роликом IP65 IEK,,,ЭКС,2.00000,ШТ,0.00000,ЭКС-000005866,,5962629.00000,,,0.10000,КГ,13.00000,5.00000,3.00000,СМ,,,,1697.04000,,,,,,Заказной,Третьяков С.М.,KKV12-8108-1-65,ШТ,Заказной товар,ЭлектроОптТорг ООО,0.00000,0.00000,n.bezrukov,,2026-03-24 13:56:38,,424.26000,848.52000,,,N,N,N,,False,0.20000,,,,,,0,ЭКС-000012418   ,2026-03-24 00:00:00,,,,,2.00000,1978411,2,,,,,,,,C,,Годен,,,
1997225,,WH1,321258,EKS000005866,515030,IEK Обогреватель на DIN-рейку в корпусе (встроенный вентилятор)250Вт IP20,,,ЭКС,2.00000,ШТ,0.00000,ЭКС-000005866,,5962634.00000,,,0.66000,КГ,12.50000,9.00000,10.00000,СМ,,,,20072.68000,,,,,,Заказной,Феденькова Д.Ю.,YCE-CSL-250-20,ШТ,Заказной товар,ЭлектроОптТорг ООО,0.00000,0.00000,a.savitskiy,,2026-03-24 14:06:24,,5018.17000,10036.34000,,,N,N,N,,False,1.32000,,,,,,0,ЭКС-000012322   ,2026-03-24 00:00:00,,,,,2.00000,1978412,2,,,,,,,,C,,Годен,,,
1997226,,WH1,321258,EKS000005866,485579,Кнопка LA167-BW3371 d=22мм RC 1з с подсвет. зеленая IEK,,,ЭКС,10.00000,ШТ,0.00000,ЭКС-000005866,,5962645.00000,,,0.10000,КГ,7.00000,4.00000,3.00000,СМ,,,,33891.00000,,,,,,Заказной,Третьяков С.М.,BBT20-BW3371-1-12-67-K06,ШТ,Товар РЦ,ЭлектроОптТорг ООО,0.00000,0.00000,n.bezrukov,,2026-03-24 13:54:40,,338.91000,3389.10000,,,N,N,N,,False,1.00000,,,,,,0,,2026-03-24 00:00:00,,,,,10.00000,1978413,2,,,,,,,,C,,Годен,,,
1997227,,WH1,321258,EKS000005866,471241,Кнопка LA167-BAF45 d=22мм 1з+1р красная IEK,,,ЭКС,10.00000,ШТ,0.00000,ЭКС-000005866,,5962649.00000,,,0.15000,КГ,5.00000,3.00000,3.00000,СМ,,,,26607.00000,,,,,,Заказной,Третьяков С.М.,BBT20-BAF45-3-22-67-K04,ШТ,Заказной товар,ЭлектроОптТорг ООО,0.00000,0.00000,n.bezrukov,,2026-03-24 13:54:51,,266.07000,2660.70000,,,N,N,N,,False,1.50000,,,,,,0,,2026-03-24 00:00:00,,,,,10.00000,1978414,2,,,,,,,,C,,Годен,,,
1997228,,WH1,321258,EKS000005866,424234,Корпус навесн. пласт. 1 ряд / 12 модулей ЩРН-П-12 IP41 GENERICA,,,ЭКС,30.00000,ШТ,0.00000,ЭКС-000005866,,5962661.00000,,,0.10000,КГ,25.00000,10.00000,20.00000,СМ,,False,,373284.00000,,,,,,Заказной,Феденькова Д.Ю.,MKP12-N-12-41-G,ШТ,Заказной товар,ЭлектроОптТорг ООО,0.00000,0.00000,n.bezrukov,,2026-03-24 13:50:37,,414.76000,12442.80000,,,N,N,N,,False,3.00000,,,,,,0,ЭКС-000012432   ,2026-03-24 00:00:00,,,,,30.00000,1978415,2,,,,,,,,C,,Годен,,,
1997229,,WH1,321258,EKS000005866,421959,Корпус навесн. пласт. 1 ряд / 18 модулей ЩРН-П-18 IP41 GENERICA,,,ЭКС,10.00000,ШТ,0.00000,ЭКС-000005866,,5962660.00000,,,0.50000,КГ,36.00000,22.00000,10.00000,СМ,,False,,61273.00000,,,,,,Заказной,Феденькова Д.Ю.,MKP12-N-18-41-G,ШТ,Заказной товар,ЭлектроОптТорг ООО,0.00000,0.00000,zmeevskiy,,2026-03-24 13:49:43,,612.73000,6127.30000,,,N,N,N,,False,5.00000,,,,,,0,ЭКС-000012432   ,2026-03-24 00:00:00,,,,,10.00000,1978416,2,,,,,,,,C,,Годен,,,
1997230,,WH1,321258,EKS000005866,389227,Блок зажимов БЗН ТС-604 16 мм2 60A 4 пары IEK,,,ЭКС,6.00000,ШТ,0.00000,ЭКС-000005866,,5962633.00000,,,0.20000,КГ,11.50000,4.50000,3.50000,СМ,,True,,7114.32000,,,,,,Заказной,Феденькова Д.Ю.,YZN42-04-016-K02,ШТ,Заказной товар,ЭлектроОптТорг ООО,0.00000,0.00000,a.savitskiy,,2026-03-24 14:02:03,,197.62000,1185.72000,,,N,N,N,,True,1.20000,,,,,,0,ЭКС-000012322   ,2026-03-24 00:00:00,,,,,6.00000,1978417,2,,,,,,,,C,,Годен,,,
1997231,,WH1,321258,EKS000005866,371496,IEK Белый Светильник LED ДВО 1608 круг 18Вт 6500 IP20,,,ЭКС,10.00000,ШТ,0.00000,ЭКС-000005866,,5962647.00000,,,0.30000,КГ,26.00000,23.00000,2.50000,СМ,,True,,58356.00000,,,,,,Заказной,Косова Т.В.,LDVO0-1608-1-18-6500-K01,ШТ,Заказной товар,ЭлектроОптТорг ООО,0.00000,0.00000,n.bezrukov,,2026-03-24 13:53:08,,583.56000,5835.60000,,,N,N,N,,True,3.00000,,,,,,0,ЭКС-000012394   ,2026-03-24 00:00:00,,,,,10.00000,1978418,2,,,,,,,,C,,Годен,,,
1997232,,WH1,321259,EKS000005867,664015,IEK Расширитель выводов РВ-400 для ВА88-37 (3шт/компл),,,ЭКС,4.00000,КТ,0.00000,ЭКС-000005867   ,,5962677.00000,,,0.50000,КГ,6.50000,2.50000,2.00000,СМ,,True,,31189.92000,,,,,,Заказной,Самоличенко В.А.,SVA40D-RV-0400,КТ,Заказной товар,ЭлектроОптТорг ООО,0.00000,0.00000,a.savitskiy,,2026-03-24 13:51:19,,1949.37000,7797.48000,,,N,N,N,,True,2.00000,,,,,,0,ЭКС-000012523   ,2026-03-24 00:00:00,,,,,4.00000,1978419,2,,,,,,,,C,,Годен,,,
1997233,,WH1,321259,EKS000005867,633009,IEK GENERICA Лампа LED A60 груша 12Вт 230В 3000К E27,,,ЭКС,10.00000,ШТ,0.00000,ЭКС-000005867   ,,5962663.00000,,,0.02000,КГ,11.00000,6.00000,6.00000,СМ,,True,,2988.00000,,,,,,Заказной,Косова Т.В.,LL-A60-12-230-30-E27-G,ШТ,Заказной товар,ЭлектроОптТорг ООО,0.00000,0.00000,a.savitskiy,,2026-03-24 13:57:08,,29.88000,298.80000,,,N,N,N,,True,0.20000,,,,,,0,ЭКС-000012139   ,2026-03-24 00:00:00,,,,,10.00000,1978420,2,,,,,,,,C,,Годен,,,
1997234,,WH1,321259,EKS000005867,626314,Расширитель выводов РВ-250 для ВА88-35 (3шт/компл) IEK,,,ЭКС,9.00000,КТ,0.00000,ЭКС-000005867   ,,5962682.00000,,,0.20000,КГ,8.00000,5.00000,2.00000,СМ,,True,,78091.29000,,,,,,Заказной,Самоличенко В.А.,SVA30D-RV-0250,КТ,Заказной товар,ЭлектроОптТорг ООО,0.00000,0.00000,a.savitskiy,,2026-03-24 13:50:59,,964.09000,8676.81000,,,N,N,N,,True,1.80000,,,,,,0,ЭКС-000012523   ,2026-03-24 00:00:00,,,,,9.00000,1978421,2,,,,,,,,C,,Годен,,,
1997235,,WH1,321259,EKS000005867,144973,Светильник LED подвесной ИЭК односторонний серия ССА 1002 Запасный Выход,,,ЭКС,1.00000,ШТ,0.00000,ЭКС-000005867   ,,5962679.00000,,,0.55000,КГ,39.00000,18.00000,3.50000,СМ,,True,,621.14000,,,,,,Логунов Владимир Александ,Колупаев В.Г.,LSSA0-1002-003-K03,ШТ,Распродажа,ЭлектроОптТорг ООО,0.00000,0.00000,a.savitskiy,,2026-03-24 13:51:57,,621.14000,621.14000,,,N,N,N,,True,0.55000,,,,,,0,ЭКС-000012588   ,2026-03-24 00:00:00,,,,,1.00000,1978422,2,,,,,,,,C,,Годен,,,
1997236,,WH1,321259,EKS000005867,124207,"Хомут 3,6х150мм нейлон (100шт) ИЭК",,,ЭКС,1.00000,УП,0.00000,ЭКС-000005867   ,,5962667.00000,,,0.05000,КГ,22.00000,9.00000,1.00000,СМ,,,,67.41000,,,,,,Дортман Анна Павловна,Гилета О.В.,UHH31-D036-150-100,УП,Базовый,ЭлектроОптТорг ООО,0.00000,0.00000,a.savitskiy,,2026-03-24 13:57:26,,67.41000,67.41000,,,N,N,N,,False,0.05000,,,,,,0,ЭКС-000012430   ,2026-03-24 00:00:00,,,,,1.00000,1978423,2,,,,,,,,C,,Годен,,,
1997237,,WH1,321259,EKS000005867,14705,Наконечник-гильза Е1008 1мм (100 шт) ИЭК,,,ЭКС,1.00000,УП,0.00000,ЭКС-000005867   ,,5962670.00000,,,0.01200,КГ,3.60000,6.00000,1.60000,СМ,,True,,59.67000,,8536901000,,,,Дортман Анна Павловна,Княжева Ю.В.,UGN10-001-D14-08,УП,Базовый,ЭлектроОптТорг ООО,0.00000,0.00000,a.savitskiy,,2026-03-24 13:57:44,,59.67000,59.67000,,,N,N,N,,True,0.01200,,,,,,0,ЭКС-000012430   ,2026-03-24 00:00:00,,,,,1.00000,1978424,2,,,,,,,,C,,Годен,,,
1997238,,WH1,321259,EKS000005867,6735,"Выключатель авт. ВА47-29 3п    4А  х-ка C   4,5кА  MVA20-3-004-C  ИЭК",,,ЭКС,2.00000,ШТ,0.00000,ЭКС-000005867   ,,5962688.00000,,,0.31200,КГ,8.50000,5.50000,8.75000,СМ,,False,,1968.12000,,8536201007,1,,,Катышев Александр Вячесла,Шаповалов П.Г.,MVA20-3-004-C,ШТ,Базовый,ЭлектроОптТорг ООО,0.00000,0.00000,a.savitskiy,,2026-03-24 13:52:18,,492.03000,984.06000,,,N,N,N,,False,0.62400,,,,,,0,ЭКС-000012581   ,2026-03-24 00:00:00,,,,,2.00000,1978425,2,,,,,,,,C,,Годен,,,
1997239,,WH1,321259,EKS000005867,576050,BRITE Роз. комп. 2-ая RJ45 кат.5E РК10-2-БрБ бел. IEK,,,ЭКС,1.00000,ШТ,0.00000,ЭКС-000005867   ,,5962678.00000,,,0.03000,КГ,8.00000,8.00000,3.00000,СМ,,True,,396.12000,,,,,,Дортман Анна Павловна,Куграшова О.В.,BR-K20-1-K01,ШТ,Базовый,ЭлектроОптТорг ООО,0.00000,0.00000,a.savitskiy,,2026-03-24 13:49:17,,396.12000,396.12000,,,N,N,N,,True,0.03000,,,,,,0,ЭКС-000012503   ,2026-03-24 00:00:00,,,,,1.00000,1978426,2,,,,,,,,C,,Годен,,,
1997240,,WH1,321259,EKS000005867,313777,Светильник LED ДПО 5032Д 12Вт 960лм 4000K круг белый с датчиком движения IP65 ИЭК 178х80мм,,,ЭКС,6.00000,ШТ,0.00000,ЭКС-000005867   ,,5962664.00000,,,0.10000,КГ,17.00000,7.00000,16.00000,СМ,,True,,27082.44000,,,,,,Заказной,Косова Т.В.,LDPO1-5032D-12-4000-K01,ШТ,Распродажа,ЭлектроОптТорг ООО,0.00000,0.00000,a.savitskiy,,2026-03-24 13:57:55,,752.29000,4513.74000,,,N,N,N,,True,0.60000,,,,,,0,ЭКС-000012530   ,2026-03-24 00:00:00,,,,,6.00000,1978427,2,,,,,,,,C,,Годен,,,
1997241,,WH1,321259,EKS000005867,307643,Светильник LED ДПО 5030 12Вт 4000K IP65 круг белый IEK,,,ЭКС,12.00000,ШТ,0.00000,ЭКС-000005867   ,,5962675.00000,,,0.32000,КГ,17.00000,8.00000,17.00000,СМ,,True,,60825.60000,,,,,,Заказной,Косова Т.В.,LDPO0-5030-12-4000-K01,ШТ,Заказной товар,ЭлектроОптТорг ООО,0.00000,0.00000,a.savitskiy,,2026-03-24 13:58:41,,422.40000,5068.80000,,,N,N,N,,True,3.84000,,,,,,0,ЭКС-000012530   ,2026-03-24 00:00:00,,,,,12.00000,1978428,2,,,,,,,,C,,Годен,,,
1997242,,WH1,321259,EKS000005867,304617,Светильник ДСП 4006 200Вт 6500К IP65 алюминий IEK,,,ЭКС,13.00000,ШТ,0.00000,ЭКС-000005867   ,,5962665.00000,,,5.67000,КГ,40.00000,40.00000,14.00000,СМ,,True,,988633.10000,,,,,,Заказной,Колупаев В.Г.,LDSP0-4006-200-65-K23,ШТ,Заказной товар,ЭлектроОптТорг ООО,0.00000,0.00000,a.savitskiy,,2026-03-24 13:43:45,,5849.90000,76048.70000,,,N,N,N,,True,73.71000,,,,,,0,ЭКС-000009027   ,2026-03-24 00:00:00,,,,,13.00000,1978429,2,,,,,,,,C,,Годен,,,
1997243,,WH1,321259,EKS000005867,296116,"ITK Коммутационный шнур (патч-корд), кат.5Е UTP, LSZH, 1,5м, серый",,,ЭКС,6.00000,ШТ,0.00000,ЭКС-000005867   ,,5962680.00000,,,0.06000,КГ,17.00000,17.00000,1.50000,СМ,,,,5451.48000,,,,,,Заказной,Козлова М.А.,PC01-C5EUL-1M5,ШТ,Заказной товар,ЭлектроОптТорг ООО,0.00000,0.00000,a.savitskiy,,2026-03-24 13:52:35,,151.43000,908.58000,,,N,N,N,,False,0.36000,,,,,,0,ЭКС-000012456   ,2026-03-24 00:00:00,,,,,6.00000,1978430,2,,,,,,,,C,,Годен,,,
1997244,,WH1,321259,EKS000005867,269300,Светильник LED ДСП 1306 36Вт 4000К IP65 1200мм серый пластик ИЭК,,,ЭКС,6.00000,ШТ,0.00000,ЭКС-000005867   ,,5962676.00000,,,1.36000,КГ,120.00000,8.00000,7.00000,СМ,,True,,44307.72000,,,,,,Заказной,Колупаев В.Г.,LDSP0-1306-36-4500-K01,ШТ,Заказной товар,ЭлектроОптТорг ООО,0.00000,0.00000,n.bezrukov,,2026-03-24 13:44:56,,1230.77000,7384.62000,,,N,N,N,,True,8.16000,,,,,,0,ЭКС-000012530   ,2026-03-24 00:00:00,,,,,6.00000,1978431,2,,,,,,,,C,,Годен,,,
1997245,,WH1,321259,EKS000005867,239219,"Розетка 1-ая c з/к с защ.шт. с крышкой(РАМКА НЕ СНИМАЕТСЯ) 16А Кварта,IP44 белый РСбш10-3-ККБ-44",,,ЭКС,160.00000,ШТ,0.00000,ЭКС-000005867   ,,5962674.00000,,,0.10000,КГ,8.00000,8.00000,5.00000,СМ,,True,,3264512.00000,,,,,,Заказной,Куграшова О.В.,ERK70-K01-10-DM-44,ШТ,Заказной товар,ЭлектроОптТорг ООО,0.00000,0.00000,a.savitskiy,,2026-03-24 13:45:26,,127.52000,20403.20000,,,N,N,N,,True,16.00000,,,,,,0,ЭКС-000012472   ,2026-03-24 00:00:00,,,,,160.00000,1978432,2,,,,,,,,C,,Годен,,,
1997246,,WH1,321259,EKS000005867,191794,Профиль перфорированный L-образный толщ.2мм CLP1L-030-030,,,ЭКС,2.00000,ШТ,0.00000,ЭКС-000005867   ,,5962692.00000,,,1.50000,КГ,300.00000,4.00000,4.00000,СМ,,,,2245.64000,,,,,,Заказной,Киселев А.В.,CLP1L-030-030,ШТ,Распродажа,ЭлектроОптТорг ООО,0.00000,0.00000,n.bezrukov,,2026-03-24 14:26:34,,561.41000,1122.82000,,,N,N,N,,False,3.00000,,,,,,0,ЭКС-000012520   ,2026-03-24 00:00:00,,,,,2.00000,1978433,2,,,,,,,Long 3 met,C,,Годен,,,
1997247,,WH1,321259,EKS000005867,175447,Лоток проволочный 60х300 CLWG10-060-300-3,,,ЭКС,60.00000,М,0.00000,ЭКС-000005867   ,,5962691.00000,,,0.90000,КГ,100.00000,30.00000,3.00000,СМ,,,,1622304.00000,,,,,,Заказной,Киселев А.В.,CLWG10-060-300-3,М,Распродажа,ЭлектроОптТорг ООО,0.00000,0.00000,n.bezrukov,,2026-03-24 14:19:30,,450.64000,27038.40000,,,N,N,N,,False,54.00000,,,,,,0,ЭКС-000012474   ,2026-03-24 00:00:00,,,,,60.00000,1978434,2,,,,,,,Long 3 met,C,,Годен,,,
1997248,,WH1,321259,EKS000005867,164837,Кронштейн настенный осн.300 мм. CLP1CW-300-1,,,ЭКС,100.00000,ШТ,0.00000,ЭКС-000005867   ,,5962689.00000,,,0.85000,КГ,30.00000,12.00000,3.00000,СМ,,,,2616800.00000,,,,,,Заказной,Киселев А.В.,CLP1CW-300-1,ШТ,Заказной товар,ЭлектроОптТорг ООО,0.00000,0.00000,a.savitskiy,,2026-03-24 14:02:41,,261.68000,26168.00000,,,N,N,N,,False,85.00000,,,,,,0,ЭКС-000012448   ,2026-03-24 00:00:00,,,,,100.00000,1978435,2,,,,,,,,C,,Годен,,,
1997249,,WH1,321259,EKS000005867,858144,Термостат электронный с индикатором FP452 ваниль FORTE&PIANO,,,ЭКС,2.00000,ШТ,0.00000,ЭКС-000005867   ,,5962673.00000,,,0.25000,КГ,9.50000,9.50000,9.50000,СМ,,False,,18625.48000,,,,,,Заказной,Козлова М.А.,FP-RT11-K10,ШТ,Заказной товар,ЭлектроОптТорг ООО,0.00000,0.00000,a.savitskiy,,2026-03-24 14:08:52,,4656.37000,9312.74000,,,N,N,N,,False,0.50000,,,,,,0,ЭКС-000012583   ,2026-03-24 00:00:00,,,,,2.00000,1978436,2,,,,,,,,C,,Годен,,,
1997250,,WH1,321259,EKS000005867,809168,Корпус навес метал ЩРН-120 (2х60) 835х570х140 IP31 бел IEK,,,ЭКС,1.00000,ШТ,0.00000,ЭКС-000005867   ,,5962690.00000,,,14.80000,КГ,86.00000,64.00000,17.00000,СМ,,False,,12612.89000,,,,,,Заказной,Феденькова Д.Ю.,TI5-50-N-2X060-31,ШТ,Заказной товар,ЭлектроОптТорг ООО,0.00000,0.00000,n.bezrukov,,2026-03-24 13:45:34,,12612.89000,12612.89000,,,N,N,N,,False,14.80000,,,,,,0,ЭКС-000012572   ,2026-03-24 00:00:00,,,,,1.00000,1978437,2,,,,,,,,C,,Годен,,,
1997251,,WH1,321259,EKS000005867,761512,Выключател 2кл  прох. 10А FP407 ваниль    //  IEK FORTE PIANO,,,ЭКС,1.00000,ШТ,0.00000,ЭКС-000005867   ,,5962686.00000,,,0.14000,КГ,9.50000,9.50000,5.00000,СМ,,,,552.88000,,,,,,Заказной,Куграшова О.В.,FP-V22-0-10-1-K10,ШТ,Заказной товар,ЭлектроОптТорг ООО,0.00000,0.00000,a.savitskiy,,2026-03-24 13:48:26,,552.88000,552.88000,,,N,N,N,,False,0.14000,,,,,,0,ЭКС-000012583   ,2026-03-24 00:00:00,,,,,1.00000,1978438,2,,,,,,,,C,,Годен,,,
1997252,,WH1,321259,EKS000005867,761502,Выключател 2кл  10А FP405 ваниль    //  IEK FORTE PIANO,,,ЭКС,5.00000,ШТ,0.00000,ЭКС-000005867   ,,5962683.00000,,,0.10000,КГ,9.00000,9.00000,5.00000,СМ,,,,9876.50000,,,,,,Заказной,Куграшова О.В.,FP-V20-0-10-1-K10,ШТ,Заказной товар,ЭлектроОптТорг ООО,0.00000,0.00000,a.savitskiy,,2026-03-24 13:53:59,,395.06000,1975.30000,,,N,N,N,,False,0.50000,,,,,,0,ЭКС-000012583   ,2026-03-24 00:00:00,,,,,5.00000,1978439,2,,,,,,,,C,,Годен,,,
1997253,,WH1,321259,EKS000005867,761497,Выключател 1кл  перекр. 10А FP412 ваниль    //  IEK FORTE PIANO,,,ЭКС,1.00000,ШТ,0.00000,ЭКС-000005867   ,,5962684.00000,,,0.13000,КГ,9.00000,9.00000,5.00000,СМ,,,,509.75000,,,,,,Заказной,Куграшова О.В.,FP-V13-0-10-1-K10,ШТ,Заказной товар,ЭлектроОптТорг ООО,0.00000,0.00000,a.savitskiy,,2026-03-24 13:49:02,,509.75000,509.75000,,,N,N,N,,False,0.13000,,,,,,0,ЭКС-000012583   ,2026-03-24 00:00:00,,,,,1.00000,1978440,2,,,,,,,,C,,Годен,,,
1997254,,WH1,321259,EKS000005867,761487,Выключател 1кл  прох. 10А FP403 ваниль    //  IEK FORTE PIANO,,,ЭКС,7.00000,ШТ,0.00000,ЭКС-000005867   ,,5962685.00000,,,0.14000,КГ,9.50000,9.50000,5.00000,СМ,,,,17484.67000,,,,,,Заказной,Куграшова О.В.,FP-V12-0-10-1-K10,ШТ,Заказной товар,ЭлектроОптТорг ООО,0.00000,0.00000,a.savitskiy,,2026-03-24 13:59:20,,356.83000,2497.81000,,,N,N,N,,False,0.98000,,,,,,0,ЭКС-000012583   ,2026-03-24 00:00:00,,,,,7.00000,1978441,2,,,,,,,,C,,Годен,,,
1997255,,WH1,321259,EKS000005867,761477,Выключател 1кл  10А FP401 ваниль    //  IEK FORTE PIANO,,,ЭКС,6.00000,ШТ,0.00000,ЭКС-000005867   ,,5962672.00000,,,0.10000,КГ,9.00000,9.00000,5.00000,СМ,,,,9175.68000,,,,,,Заказной,Куграшова О.В.,FP-V10-0-10-1-K10,ШТ,Заказной товар,ЭлектроОптТорг ООО,0.00000,0.00000,a.savitskiy,,2026-03-24 13:53:24,,254.88000,1529.28000,,,N,N,N,,False,0.60000,,,,,,0,ЭКС-000012583   ,2026-03-24 00:00:00,,,,,6.00000,1978442,2,,,,,,,,C,,Годен,,,
1997256,,WH1,321259,EKS000005867,761432,Розетка  с ЗК без  з/шт винт. кон. 16А FP416 ваниль    //  IEK FORTE PIANO,,,ЭКС,38.00000,ШТ,0.00000,ЭКС-000005867   ,,5962668.00000,,,0.10000,КГ,9.00000,9.00000,5.00000,СМ,,True,,396349.12000,,,,,,Заказной,Куграшова О.В.,FP-R11-16-K10,ШТ,Заказной товар,ЭлектроОптТорг ООО,0.00000,0.00000,a.savitskiy,,2026-03-24 13:52:54,,274.48000,10430.24000,,,N,N,N,,True,3.80000,,,,,,0,ЭКС-000012583   ,2026-03-24 00:00:00,,,,,38.00000,1978443,2,,,,,,,,C,,Годен,,,
1997257,,WH1,321259,EKS000005867,761392,Розетка  комп. RJ45 кат.5E FP432 ваниль    //  IEK FORTE PIANO,,,ЭКС,3.00000,ШТ,0.00000,ЭКС-000005867   ,,5962687.00000,,,0.12000,КГ,9.50000,9.00000,5.00000,СМ,,True,,5955.30000,,,,,,Заказной,Куграшова О.В.,FP-K10-1-K10,ШТ,Заказной товар,ЭлектроОптТорг ООО,0.00000,0.00000,a.savitskiy,,2026-03-24 14:07:40,,661.70000,1985.10000,,,N,N,N,,True,0.36000,,,,,,0,ЭКС-000012583   ,2026-03-24 00:00:00,,,,,3.00000,1978444,2,,,,,,,,C,,Годен,,,
1997258,,WH1,321259,EKS000005867,677264,IEK Светильник накладной под лампу GX53 белый,,,ЭКС,10.00000,ШТ,0.00000,ЭКС-000005867   ,,5962666.00000,,,0.01000,КГ,9.00000,9.00000,4.00000,СМ,,True,,10352.00000,,,,,,Заказной,Косова Т.В.,LUPB0-GX53-1-K01,ШТ,Заказной товар,ЭлектроОптТорг ООО,0.00000,0.00000,a.savitskiy,,2026-03-24 13:49:38,,103.52000,1035.20000,,,N,N,N,,True,0.10000,,,,,,0,ЭКС-000012528   ,2026-03-24 00:00:00,,,,,10.00000,1978445,2,,,,,,,,C,,Годен,,,
1997259,,WH1,321259,EKS000005867,670651,Шины на DIN-рейку в корпусе (кросс-модуль) ШНК 2х11 L+PEN IEK,,,ЭКС,3.00000,ШТ,0.00000,ЭКС-000005867   ,,5962669.00000,,,0.20000,КГ,11.00000,5.00000,6.00000,СМ,,True,,6342.03000,,,,,,Заказной,Феденькова Д.Ю.,YND10-2-11-050,ШТ,Заказной товар,ЭлектроОптТорг ООО,0.00000,0.00000,a.savitskiy,,2026-03-24 13:51:41,,704.67000,2114.01000,,,N,N,N,,True,0.60000,,,,,,0,ЭКС-000012583   ,2026-03-24 00:00:00,,,,,3.00000,1978446,2,,,,,,,,C,,Годен,,,
1997260,,WH1,321260,EKS000005868,153151,Лоток перфорированный 50х100х3000 CLP10-050-100-3,,,ЭКС,60.00000,М,0.00000,ЭКС-000005868   ,,5962702.00000,,,1.18000,КГ,100.00000,10.00000,2.50000,СМ,,,,601524.00000,,,,,,Дортман Анна Павловна,Киселев А.В.,CLP10-050-100-3,М,Базовый,ЭлектроОптТорг ООО,0.00000,0.00000,n.bezrukov,,2026-03-24 14:22:03,,167.09000,10025.40000,,,N,N,N,,False,70.80000,,,,,,0,,2026-03-24 00:00:00,,,,,60.00000,1978447,2,,,,,,,Long 3 met,A,,Годен,,,
1997261,,WH1,321260,EKS000005868,152522,Кронштейн настенный осн.100 мм. CLP1CW-100-1,,,ЭКС,124.00000,ШТ,0.00000,ЭКС-000005868   ,,5962701.00000,,,0.15000,КГ,13.00000,3.00000,4.00000,СМ,,,,2014717.28000,,,,,,Дортман Анна Павловна,Киселев А.В.,CLP1CW-100-1,ШТ,Товар РЦ,ЭлектроОптТорг ООО,0.00000,0.00000,n.bezrukov,,2026-03-24 14:17:14,,131.03000,16247.72000,,,N,N,N,,False,18.60000,,,,,,0,,2026-03-24 00:00:00,,,,,124.00000,1978448,2,,,,,,,,C,,Годен,,,
1997262,,WH1,321260,EKS000005868,136772,Кнопка управления LAY5-BW3361 с подсветкой зеленый 1з IEK BBT50-BW-K06,,,ЭКС,20.00000,ШТ,0.00000,ЭКС-000005868   ,,5962695.00000,,,0.06000,КГ,8.00000,4.00000,4.00000,СМ,,,,95836.00000,,,1,,,Катышев Александр Вячесла,Третьяков С.М.,BBT50-BW-K06,ШТ,Товар РЦ,ЭлектроОптТорг ООО,0.00000,0.00000,n.bezrukov,,2026-03-24 13:59:46,,239.59000,4791.80000,,,N,N,N,,False,1.20000,,,,,,0,,2026-03-24 00:00:00,,,,,20.00000,1978449,2,,,,,,,,C,,Годен,,,
1997263,,WH1,321260,EKS000005868,127573,"Кабель-канал 100х60 ""ПРАЙМЕР"" парапетный",,,ЭКС,264.00000,М,0.00000,ЭКС-000005868   ,,5962704.00000,,,1.30000,КГ,100.00000,10.00000,6.00000,СМ,,,,28765630.08000,,,,,,Дортман Анна Павловна,Гилета О.В.,CKK40-100-060-1-K01,М,Базовый,ЭлектроОптТорг ООО,0.00000,0.00000,n.bezrukov,,2026-03-24 14:17:45,,412.73000,108960.72000,,,N,N,N,,False,343.20000,,,,,,0,,2026-03-24 00:00:00,,,,,264.00000,1978450,2,,,,,,,Kanal,A,,Годен,,,
1997264,,WH1,321260,EKS000005868,102700,"Трансформатор тока ТТИ-30  250/5А  5ВА  класс 0,5S  ИЭК",,,ЭКС,1.00000,ШТ,0.00000,ЭКС-000005868   ,,5962696.00000,,,0.40000,КГ,10.00000,10.00000,5.00000,СМ,,,,767.53000,,,,,,Умрихина Е.В.,Третьяков С.М.,ITT20-3-05-0250,ШТ,Заказной товар,ЭлектроОптТорг ООО,0.00000,0.00000,n.bezrukov,,2026-03-24 14:03:22,,767.53000,767.53000,,,Y,N,N,,False,0.40000,,,,,,0,,2026-03-24 00:00:00,,,,,1.00000,1978451,2,,,,,,,,C,,Годен,,,
1997265,,WH1,321260,EKS000005868,7476,УЗО ВД1-63 4Р 16А 30мА ИЭК,,,ЭКС,2.00000,ШТ,0.00000,ЭКС-000005868   ,,5962698.00000,,,0.45000,КГ,8.00000,9.00000,9.00000,СМ,,False,,4936.28000,,,,,,Складской комплекс,Шаповалов П.Г.,MDV10-4-016-030,ШТ,Товар РЦ,ЭлектроОптТорг ООО,0.00000,0.00000,n.bezrukov,,2026-03-24 14:02:49,,1234.07000,2468.14000,,,N,N,N,,False,0.90000,,,,,,0,,2026-03-24 00:00:00,,,,,2.00000,1978452,2,,,,,,,,C,,Годен,,,
1997266,,WH1,321260,EKS000005868,6646,Выключатель авт. ВА88-32 3Р 50А 25кА ИЭК,,,ЭКС,3.00000,ШТ,0.00000,ЭКС-000005868   ,,5962699.00000,,,0.98000,КГ,15.00000,9.00000,10.00000,СМ,,False,,24991.11000,,,,,,Прочие,Самоличенко В.А.,SVA10-3-0050,ШТ,Товар РЦ,ЭлектроОптТорг ООО,0.00000,0.00000,n.bezrukov,,2026-03-24 13:59:00,,2776.79000,8330.37000,,,N,N,N,,False,2.94000,,,,,,0,,2026-03-24 00:00:00,,,,,3.00000,1978453,2,,,,,,,,C,,Годен,,,
1997267,,WH1,321260,EKS000005868,769351,"Плоский изменяемый угол для К.К. ""Праймер"" 80х40",,,ЭКС,12.00000,ШТ,0.00000,ЭКС-000005868   ,,5962703.00000,,,0.10000,КГ,11.00000,8.00000,4.00000,СМ,,,,24333.12000,,,,,,,Гилета О.В.,CKK-40D-P-080-040-K01,ШТ,Товар РЦ,ЭлектроОптТорг ООО,0.00000,0.00000,n.bezrukov,,2026-03-24 13:58:49,,168.98000,2027.76000,,,N,N,N,,False,1.20000,,,,,,0,,2026-03-24 00:00:00,,,,,12.00000,1978454,2,,,,,,,,C,,Годен,,,
1997268,,WH1,321260,EKS000005868,634304,Корпус навес (800х600х250) ЩМП-80.60.25 УХЛ1 IP66,,,ЭКС,4.00000,ШТ,0.00000,ЭКС-000005868   ,,5962705.00000,,,30.00000,КГ,60.00000,80.00000,25.00000,СМ,,,,149712.64000,,,,,,Акулинский Петр Иванович,Феденькова Д.Ю.,TI5-10-N-080-060-025-66,ШТ,Товар РЦ,ЭлектроОптТорг ООО,0.00000,0.00000,n.bezrukov,,2026-03-24 14:13:30,,9357.04000,37428.16000,,,N,N,N,,False,120.00000,,,,,,0,,2026-03-24 00:00:00,,,,,4.00000,1978455,2,,,,,,,,C,,Годен,,,
1997269,,WH1,321260,EKS000005868,249169,Держатель с защёлкой CF20 IEK черный (10 шт/комп),,,ЭКС,100.00000,УП,0.00000,ЭКС-000005868   ,,5962700.00000,,,0.10000,КГ,10.00000,7.00000,3.00000,СМ,,False,,276800.00000,,,,,,Дортман Анна Павловна,Гилета О.В.,CTA10D-CF20-K02-010,УП,Базовый,ЭлектроОптТорг ООО,0.00000,0.00000,n.bezrukov,,2026-03-24 14:13:17,,27.68000,2768.00000,,,N,N,N,,False,10.00000,,,,,,0,,2026-03-24 00:00:00,,,,,100.00000,1978456,2,,,,,,,,C,,Годен,,,
1997270,,WH1,321260,EKS000005868,248303,Заглушка для пломбировки ВА47-29 ИЭК (для авт.выкл.нов.обр.),,,ЭКС,432.00000,ШТ,0.00000,ЭКС-000005868   ,,5962706.00000,,,0.00140,КГ,1.00000,1.00000,1.00000,СМ,,False,,765158.40000,,,,,,Катышев Александр Вячесла,Шаповалов П.Г.,MVA20D-UBV-3,ШТ,Базовый,ЭлектроОптТорг ООО,0.00000,0.00000,n.bezrukov,,2026-03-24 14:13:02,,4.10000,1771.20000,,,N,N,N,,False,0.60480,,,,,,0,,2026-03-24 00:00:00,,,,,432.00000,1978457,2,,,,,,,,C,,Годен,,,
1997271,,WH1,321260,EKS000005868,225000,"Разъём RJ-45 UTP для кабеля кат.5Е, 8P8C",,,ЭКС,960.00000,ШТ,0.00000,ЭКС-000005868   ,,5962697.00000,,,0.00100,КГ,3.00000,1.00000,0.80000,СМ,,True,,5216256.00000,,,,,,Коробейников Николай Алек,Козлова М.А.,CS3-1C5EU,ШТ,Базовый,ЭлектроОптТорг ООО,0.00000,0.00000,n.bezrukov,,2026-03-24 14:02:19,,5.66000,5433.60000,,,N,N,N,,True,0.96000,,,,,,0,,2026-03-24 00:00:00,,,,,960.00000,1978458,2,,,,,,,,A,,Годен,,,
1997272,,WH1,321260,EKS000005868,203242,"Шина PE ""земля"" в комб DIN-изол ""Стойка"" ШНИ-8х12-6-КС-Ж ИЭК YNN10-812-6DP-K05",,,ЭКС,220.00000,ШТ,0.00000,ЭКС-000005868   ,,5962693.00000,,,0.05000,КГ,9.00000,4.00000,1.00000,СМ,,True,,4847744.00000,,,,,,Дортман Анна Павловна,Феденькова Д.Ю.,YNN10-812-6DP-K05,ШТ,Базовый,ЭлектроОптТорг ООО,0.00000,0.00000,n.bezrukov,,2026-03-24 14:04:00,,100.16000,22035.20000,,,N,N,N,,True,11.00000,,,,,,0,,2026-03-24 00:00:00,,,,,220.00000,1978459,2,,,,,,,,C,,Годен,,,
1997273,,WH1,321261,EKS000005869,836488,"MS-5G, 5 предметов, универсальный набор пневмоинструмента (06459-H5)",,,ЭКС,1.00000,ШТ,0.00000,ЭКС-000005869   ,,5962714.00000,,,1.74000,КГ,41.00000,12.00000,20.00000,СМ,,False,,2037.98000,,,,,,Заказной,Петров И.В.,06459-H5_z01,ШТ,Заказной товар,ЗУБР НСК ООО (Ювента),0.00000,0.00000,a.manokhin,,2026-03-24 13:34:42,,2037.98000,2037.98000,,,N,N,N,,False,1.74000,,,,,,0,ЭКС-000012374   ,2026-03-24 00:00:00,,,,,1.00000,1978460,2,,,,,,,,C,,Годен,,,
1997274,,WH1,321261,EKS000005869,525590,"Заточной станок ЗУБР ПСТ-200 d200 мм, 500 Вт Профессиональный",,,ЭКС,1.00000,ШТ,0.00000,ЭКС-000005869   ,,5962713.00000,,,6.00000,КГ,36.00000,26.00000,28.00000,СМ,,,,5516.23000,,,,,,Заказной,Петров И.В.,ПСТ-200,ШТ,Заказной товар,ЗУБР НСК ООО (Ювента),0.00000,0.00000,a.manokhin,,2026-03-24 13:35:06,,5516.23000,5516.23000,,,N,N,N,,False,6.00000,,,,,,0,ЭКС-000012262   ,2026-03-24 00:00:00,,,,,1.00000,1978461,2,,,,,,,,C,,Годен,,,
1997275,,WH1,321261,EKS000005869,359538,"Чашка STAYER ""MASTER"" для гипса высокая, 120х90мм",,,ЭКС,30.00000,ШТ,0.00000,ЭКС-000005869   ,,5962712.00000,,,0.08000,КГ,12.00000,12.00000,2.00000,СМ,,,,33516.00000,,,,,,Дортман Анна Павловна,Петров И.В.,0608-1,ШТ,Базовый,ЗУБР НСК ООО (Ювента),0.00000,0.00000,a.manokhin,,2026-03-24 13:33:29,,37.24000,1117.20000,,,N,N,N,,False,2.40000,,,,,,0,,2026-03-24 00:00:00,,,,,30.00000,1978462,2,,,,,,,,A,,Годен,,,
1997276,,WH1,321262,EKS000005870,755581,Наконечник медь лужёный ТМЛ  95-12-15 PLEXUP,,,ЭКС,800.00000,ШТ,0.00000,ЭКС-000005870   ,,5962717.00000,,,0.05000,КГ,7.50000,3.00000,2.50000,СМ,,False,,63116800.00000,,,,,,,Княжева Ю.В.,SAL95-12-15-025,ШТ,Новинка,ДПА ООО,0.00000,0.00000,a.manokhin,,2026-03-24 13:41:15,,98.62000,78896.00000,,,N,N,N,,False,40.00000,,,,,,0,,2026-03-20 00:00:00,,,,,800.00000,1978463,2,,,,,,,,C,,Годен,,,
1997277,,WH1,321262,EKS000005870,749489,Наконечник медь лужёный ТМЛ  10-6-5 PLEXUP,,,ЭКС,1300.00000,ШТ,0.00000,ЭКС-000005870   ,,5962716.00000,,,0.01000,КГ,4.00000,0.70000,1.00000,СМ,,False,,27496300.00000,,,,,,,Княжева Ю.В.,SAL10-06-05-100,ШТ,Базовый,ДПА ООО,0.00000,0.00000,a.manokhin,,2026-03-24 13:41:47,,16.27000,21151.00000,,,N,N,N,,False,13.00000,,,,,,0,,2026-03-20 00:00:00,,,,,1300.00000,1978464,2,,,,,,,,C,,Годен,,,
1997278,,WH1,321262,EKS000005870,749478,Наконечник медь ТМ  50-10-11 PLEXUP,,,ЭКС,1200.00000,ШТ,0.00000,ЭКС-000005870   ,,5962715.00000,,,0.03150,КГ,6.00000,1.00000,1.50000,СМ,,False,,66744000.00000,,,,,,,Княжева Ю.В.,SAM50-10-11-050,ШТ,Базовый,ДПА ООО,0.00000,0.00000,a.manokhin,,2026-03-24 13:40:42,,46.35000,55620.00000,,,N,N,N,,False,37.80000,,,,,,0,,2026-03-20 00:00:00,,,,,1200.00000,1978465,2,,,,,,,,C,,Годен,,,
1997279,,WH1,321262,EKS000005870,833698,Наконечник медь ТМ 185-16-21 PLEXUP,,,ЭКС,560.00000,ШТ,0.00000,ЭКС-000005870   ,,5962718.00000,,,0.13000,КГ,10.00000,4.00000,2.50000,СМ,,False,,76402368.00000,,,,,,,Княжева Ю.В.,SAM185-16-21-010,ШТ,Базовый,ДПА ООО,0.00000,0.00000,a.manokhin,,2026-03-24 13:39:18,,243.63000,136432.80000,,,N,N,N,,False,72.80000,,,,,,0,,2026-03-20 00:00:00,,,,,560.00000,1978466,2,,,,,,,,C,,Годен,,,
1997280,,WH1,321263,EKS000005871,404226,Светильник LED DBA-101-0-20 аварийный непостоянный 30LED 3Вт 3/5ч 70/140Лм 6500К IP20 160х45х23 ЭРА,,,ЭКС,59.00000,ШТ,0.00000,ЭКС-000005871   ,,5962722.00000,,,0.55000,КГ,16.00000,5.00000,3.00000,СМ,,,,905060.00000,,,,,,Заказной,Колупаев В.Г.,Б0044394,ШТ,Заказной товар,Орион ООО   (ЭРА) новый,0.00000,0.00000,a.manokhin,,2026-03-24 13:51:09,,260.00000,15340.00000,,,N,N,N,,False,32.45000,,,,,,0,ЭКС-000012416   ,2026-03-24 00:00:00,,,,,59.00000,1978467,2,,,,,,,,C,,Годен,,,
1997281,,WH1,321264,EKS000005872,404748,"Выкл 1кл. с подсв., 10А-250В, IP20, ОУ, Intro Polo, белый   3-102-01",,,ЭКС,20.00000,ШТ,0.00000,ЭКС-000005872   ,,5962724.00000,,,0.04000,КГ,6.00000,6.00000,2.00000,СМ,,,,17800.00000,,,,,,Заказной,Куграшова О.В.,Б0036093,ШТ,Заказной товар,Орион ООО   (ЭРА) новый,0.00000,0.00000,a.manokhin,,2026-03-24 13:53:44,,44.50000,890.00000,,,N,N,N,,False,0.80000,,,,,,0,ЭКС-000006938   ,2026-03-24 00:00:00,,,,,20.00000,1978468,2,,,,,,,,C,,Годен,,,
1997282,,WH1,321265,EKS000005873,797280,Набор изолент ЭРА SET-7 ПВХ 7 шт цветная 15мм х 5м,,,ЭКС,1.00000,ШТ,0.00000,ЭКС-000005873   ,,5962727.00000,,,0.12000,КГ,11.00000,6.00000,6.00000,СМ,,,,90.00000,,,,,,Заказной,Петров И.В.,Б0062937,ШТ,Заказной товар,Орион ООО   (ЭРА) новый,0.00000,0.00000,a.manokhin,,2026-03-24 13:54:45,,90.00000,90.00000,,,N,N,N,,False,0.12000,,,,,,0,ЭКС-000012418   ,2026-03-24 00:00:00,,,,,1.00000,1978469,2,,,,,,,,C,,Годен,,,
1997283,,WH1,321265,EKS000005873,571231,ЭРА Изолента PRO PROSS25 силиконовая самослипающаяся 25 мм х 3 м черная,,,ЭКС,2.00000,ШТ,0.00000,ЭКС-000005873   ,,5962726.00000,,,0.08000,КГ,10.00000,8.00000,5.00000,СМ,,,,1068.00000,,,,,,Дортман Анна Павловна,Петров И.В.,Б0052254,ШТ,Товар филиала,Орион ООО   (ЭРА) новый,0.00000,0.00000,a.manokhin,,2026-03-24 13:54:57,,267.00000,534.00000,,,N,N,N,,False,0.16000,,,,,,0,ЭКС-000012423   ,2026-03-24 00:00:00,,,,,2.00000,1978470,2,,,,,,,,C,,Годен,,,
1997284,,WH1,321265,EKS000005873,282980,Супер-клей Гель 3 г СИЛА (цена за 1 тюбик),,,ЭКС,60.00000,ШТ,0.00000,ЭКС-000005873   ,,5962725.00000,,,0.10000,КГ,11.00000,4.00000,1.00000,СМ,,,,73800.00000,,,,,,Дортман Анна Павловна,Петров И.В.,C0042300,ШТ,Базовый,Орион ООО   (ЭРА) новый,0.00000,0.00000,a.manokhin,,2026-03-24 13:54:29,,20.50000,1230.00000,,,N,N,N,,False,6.00000,,,,,,0,,2026-03-24 00:00:00,,,,,60.00000,1978471,2,,,,,,,,A,,Годен,,,
1997285,,WH1,321266,EKS000005874,308976,"Розетка 2P+E IP54, 16АХ-250В, ОУ, ЭРА Эксперт, белый   11-2401-01",,,ЭКС,8.00000,ШТ,0.00000,ЭКС-000005874   ,,5962728.00000,,,0.06000,КГ,7.00000,6.00000,4.00000,СМ,,,,12896.00000,,,,,,Заказной,Куграшова О.В.,Б0020712,ШТ,Заказной товар,Орион ООО   (ЭРА) новый,0.00000,0.00000,a.manokhin,,2026-03-24 13:50:36,,201.50000,1612.00000,,,N,N,N,,False,0.48000,,,,,,0,ЭКС-000012511   ,2026-03-24 00:00:00,,,,,8.00000,1978472,2,,,,,,,,C,,Годен,,,
1997286,,WH1,321267,EKS000005875,675655,Корпус навес (1000х650х285) ЩМПг-5-0 IP54 У2,,,ЭКС,2.00000,ШТ,0.00000,ЭКС-000005875   ,,5962730.00000,,,20.00000,КГ,100.00000,66.00000,29.00000,СМ,,False,,30114.00000,,,,,,Заказной,Феденькова Д.Ю.,Б0057152,ШТ,Заказной товар,Орион ООО   (ЭРА) новый (,0.00000,0.00000,a.manokhin,,2026-03-24 13:48:48,,7528.50000,15057.00000,,,N,N,N,,False,40.00000,,,,,,0,ЭКС-000012548   ,2026-03-24 00:00:00,,,,,2.00000,1978473,2,,,,,,,,C,,Годен,,,
1997287,,WH1,321267,EKS000005875,664178,Распределительный блок на DIN-рейку NO-122-39 РБД-80А,,,ЭКС,10.00000,ШТ,0.00000,ЭКС-000005875   ,,5962729.00000,,,0.10000,КГ,7.00000,5.00000,4.00000,СМ,,,,16250.00000,,,,,,Акулинский Петр Иванович,Феденькова Д.Ю.,Б0051113,ШТ,Товар филиала,Орион ООО   (ЭРА) новый,0.00000,0.00000,a.manokhin,,2026-03-24 13:49:45,,162.50000,1625.00000,,,N,N,N,,False,1.00000,,,,,,0,ЭКС-000012526   ,2026-03-24 00:00:00,,,,,10.00000,1978474,2,,,,,,,,C,,Годен,,,
1997288,,WH1,321268,EKS000005876,625042,Корпус навес (500х400х220) ЩМПг-2-0 IP54 У2,,,ЭКС,4.00000,ШТ,0.00000,ЭКС-000005876   ,,5962732.00000,,,8.00000,КГ,50.00000,40.00000,23.00000,СМ,,,,42896.00000,,,,,,Акулинский Петр Иванович,Феденькова Д.Ю.,Б0057149,ШТ,Товар филиала,Орион ООО   (ЭРА) новый,0.00000,0.00000,a.manokhin,,2026-03-24 13:48:07,,2681.00000,10724.00000,,,N,N,N,,False,32.00000,,,,,,0,ЭКС-000012574   ,2026-03-24 00:00:00,,,,,4.00000,1978475,2,,,,,,,,C,,Годен,,,
1997289,,WH1,321268,EKS000005876,407367,Вилка б/з прямая 10A белая (24/480/5760) Vx1-W ЭРА,,,ЭКС,10.00000,ШТ,0.00000,ЭКС-000005876   ,,5962731.00000,,,0.40000,КГ,6.00000,3.00000,3.00000,СМ,,,,2600.00000,,,,,,Дортман Анна Павловна,Княжева Ю.В.,Б0039671,ШТ,Товар филиала,Орион ООО   (ЭРА) новый,0.00000,0.00000,a.manokhin,,2026-03-24 13:50:12,,26.00000,260.00000,,,N,N,N,,False,4.00000,,,,,,0,ЭКС-000012565   ,2026-03-24 00:00:00,,,,,10.00000,1978476,2,,,,,,,,C,,Годен,,,
1997290,,WH1,321269,EKS000005877,315248,Светильник LED SPO-5-40-6K-M (F) 36Вт 3600Лм 6500К IP40 1200x75x25 мат. сталь-бел ЭРА,,,ЭКС,10.00000,ШТ,0.00000,ЭКС-000005877   ,,5962733.00000,,,0.44000,КГ,120.00000,7.00000,2.50000,СМ,,False,,21408.00000,,,,,,Логунов Владимир Александ,Колупаев В.Г.,Б0032480,ШТ,Базовый,Орион ООО   (ЭРА) новый (,0.00000,0.00000,a.manokhin,,2026-03-24 13:58:15,,214.08000,2140.80000,,,N,N,N,,False,4.40000,,,,,,0,ЭКС-000012446   ,2026-03-24 00:00:00,,,,,10.00000,1978477,2,,,,,,,,A,,Годен,,,
1997291,,WH1,321270,EKS000005878,469258,"ЭРА SPP-AC4-0-350-048 Кронштейн  на опору с 2 хомутами 625x460x280,   d 48 (6/48)",,,ЭКС,1.00000,ШТ,0.00000,ЭКС-000005878   ,,5962734.00000,,,3.00000,КГ,70.00000,30.00000,30.00000,СМ,,False,,1003.00000,,,,,,Заказной,Колупаев В.Г.,Б0047655,ШТ,Заказной товар,Орион ООО   (ЭРА) новый (,0.00000,0.00000,a.manokhin,,2026-03-24 13:58:50,,1003.00000,1003.00000,,,N,N,N,,False,3.00000,,,,,,0,ЭКС-000012092   ,2026-03-24 00:00:00,,,,,1.00000,1978478,2,,,,,,,,C,,Годен,,,
1997292,,WH1,321270,EKS000005878,315248,Светильник LED SPO-5-40-6K-M (F) 36Вт 3600Лм 6500К IP40 1200x75x25 мат. сталь-бел ЭРА,,,ЭКС,300.00000,ШТ,0.00000,ЭКС-000005878   ,,5962735.00000,,,0.44000,КГ,120.00000,7.00000,2.50000,СМ,,False,,20070000.00000,,,,,,Логунов Владимир Александ,Колупаев В.Г.,Б0032480,ШТ,Базовый,Орион ООО   (ЭРА) новый (,0.00000,0.00000,a.manokhin,,2026-03-24 13:57:00,,223.00000,66900.00000,,,N,N,N,,False,132.00000,,,,,,0,,2026-03-24 00:00:00,,,,,300.00000,1978479,2,,,,,,,,A,,Годен,,,
1997293,,WH1,321271,EKS000005879,883216,Водило диаметром 40 мм в сборе (НЭМЗ),,,ЭКС,20.00000,ШТ,0.00000,ЭКС-000005879   ,,5962736.00000,,,1.44000,КГ,19.00000,6.00000,6.00000,СМ,,False,,574428.00000,,,,,,Заказной,Новоселов А.В.,,ШТ,Заказной товар,НЭМЗ ИНЖИНИРИНГ ООО,0.00000,0.00000,a.manokhin,,2026-03-24 14:20:14,,1436.07000,28721.40000,,,N,N,N,,False,28.80000,,,,,,0,,2026-03-24 00:00:00,,,,,20.00000,1978480,2,,,,,,,,C,,Годен,,,
1997294,,WH1,321272,EKS000005880,864927,"Пункт распределительный ПР-8-ВР(ЩРУН-1, ЩРУН-2)",,,ЭКС,2.00000,ШТ,0.00000,ЭКС-000005880   ,,5962738.00000,,,60.00000,КГ,130.00000,80.00000,32.00000,СМ,,False,,487079.44000,,,,,,Заказной,Иваненко П.В.,NI06022026163203660,ШТ,Заказной товар,НЭМЗ ИНЖИНИРИНГ ООО,0.00000,0.00000,a.manokhin,,2026-03-24 14:26:36,,121769.86000,243539.72000,,,N,N,N,,False,120.00000,,,,,,0,ЭКС-000008217   ,2026-03-24 00:00:00,,,,,2.00000,1978481,2,,,,,,,,C,,Годен,,,
1997295,,WH1,321272,EKS000005880,864926,"Пункт распределительный ПР-8-РУ(ЩРН-1, ЩРН-2, ЩРН-3)",,,ЭКС,3.00000,ШТ,0.00000,ЭКС-000005880   ,,5962737.00000,,,30.00000,КГ,82.00000,74.00000,28.00000,СМ,,False,,422219.88000,,,,,,Заказной,Иваненко П.В.,NI06022026163159650,ШТ,Заказной товар,НЭМЗ ИНЖИНИРИНГ ООО,0.00000,0.00000,a.manokhin,,2026-03-24 14:23:09,,46913.32000,140739.96000,,,N,N,N,,False,90.00000,,,,,,0,ЭКС-000008217   ,2026-03-24 00:00:00,,,,,3.00000,1978482,2,,,,,,,,C,,Годен,,,
1997296,,WH1,321273,EKS000005881,863935,Источник бесперебойного питания 18650(продукция),,,ЭКС,2.00000,ШТ,0.00000,ЭКС-000005881   ,,5962741.00000,,,0.25000,КГ,15.00000,10.00000,4.00000,СМ,,False,,9160.68000,,,,,,Заказной,Козлова М.А.,100037126500,ШТ,Заказной товар,Группа Теплолюкс ООО,0.00000,0.00000,r.sagaidak,,2026-03-24 14:32:22,,2290.17000,4580.34000,,,N,N,N,,False,0.50000,,,,,,0,ЭКС-000009487   ,2026-03-12 00:00:00,,,,,2.00000,1978483,2,,,,,,,,C,,Годен,,,
1997297,,WH1,321273,EKS000005881,861675,Кран с электроприводом Neptun Bugatti Pro 12В 1/2,,,ЭКС,4.00000,ШТ,0.00000,ЭКС-000005881   ,,5962739.00000,,,0.72000,КГ,13.50000,12.50000,7.00000,СМ,,False,,73364.00000,,,,,,,Козлова М.А.,100035626700,ШТ,Товар РЦ,Группа Теплолюкс ООО,0.00000,0.00000,r.sagaidak,,2026-03-24 14:01:47,,4585.25000,18341.00000,,,N,N,N,,False,2.88000,,,,,,0,,2026-03-12 00:00:00,,,,,4.00000,1978484,2,,,,,,,,C,,Годен,,,
1997298,,WH1,321274,EKS000005882,485874,Держатель - клипса d25 для монтажного пистолета серая,,,ЭКС,1800.00000,ШТ,0.00000,ЭКС-000005882   ,,5962742.00000,,,0.00500,КГ,3.00000,3.00000,1.00000,СМ,,,,12571200.00000,,,,,,Дортман Анна Павловна,Гилета О.В.,PR13.0121,ШТ,Базовый,Промрукав ООО,0.00000,0.00000,a.savitskiy,,2026-03-24 15:55:23,,3.88000,6984.00000,,,N,N,N,,False,9.00000,,,,,,0,,2026-03-25 00:00:00,,,,,1800.00000,1978485,2,,,,,,,,B,,Годен,,,
1997299,,WH1,321275,EKS000005883,765679,Держатель плоского кабеля двусторонний для прямого монтажа на 4 места черный,,,ЭКС,40.00000,ШТ,0.00000,ЭКС-000005883   ,,5962743.00000,,,0.01000,КГ,10.00000,2.00000,1.00000,СМ,,,,11376.00000,,,,,,,Гилета О.В.,PR13.0439,ШТ,Базовый,Промрукав ООО,0.00000,0.00000,a.savitskiy,,2026-03-24 15:09:54,,7.11000,284.40000,,,N,N,N,,False,0.40000,,,,,,0,,2026-03-25 00:00:00,,,,,40.00000,1978486,2,,,,,,,,C,,Годен,,,
1997300,,WH1,321275,EKS000005883,421566,"Трубка ТВ-40 ПВХ 6 мм ""кембрик"" (150 м/уп)",,,ЭКС,150.00000,М,0.00000,ЭКС-000005883   ,,5962744.00000,,,0.10000,КГ,100.00000,0.70000,0.70000,СМ,,,,119925.00000,,,,,,Заказной,Гилета О.В.,PR08.2564,М,Заказной товар,Промрукав ООО,0.00000,0.00000,a.savitskiy,,2026-03-24 14:31:58,,5.33000,799.50000,,,N,N,N,,False,15.00000,,,,,,0,ЭКС-000010460   ,2026-03-25 00:00:00,,,,,150.00000,1978487,2,,,,,,,,C,,Годен,,,
1997301,,WH1,321276,EKS000005884,758878,Коробка универсальная для кабель-канала 40-0460 безгалогенная (HF) черная 85х85х45 (152шт/кор) Промр,,,ЭКС,912.00000,ШТ,0.00000,ЭКС-000005884   ,,5962745.00000,,,0.06000,КГ,8.50000,8.50000,4.50000,СМ,,False,,48108072.96000,,,,,,,Княжева Ю.В.,40-0460-9005,ШТ,Базовый,Промрукав ООО,0.00000,0.00000,a.savitskiy,,2026-03-24 15:37:55,,57.84000,52750.08000,,,N,N,N,,False,54.72000,,,,,,0,,2026-03-25 00:00:00,,,,,912.00000,1978488,2,,,,,,,,C,,Годен,,,
1997302,,WH1,321277,EKS000005885,657658,"Заклепка резьбовая, стальная оцинкованная цилиндр, М8х1,5х17,5 (1000 шт/уп) (Промрукав)",,,ЭКС,1000.00000,ШТ,0.00000,ЭКС-000005885   ,,5962746.00000,,,0.00010,КГ,1.00000,0.80000,0.80000,СМ,,,,4460000.00000,,,,,,Заказной,Петров И.В.,PR08.3678,ШТ,Заказной товар,Промрукав ООО,0.00000,0.00000,a.savitskiy,,2026-03-24 14:37:23,,4.46000,4460.00000,,,N,N,N,,False,0.10000,,,,,,0,ЭКС-000010546   ,2026-03-25 00:00:00,,,,,1000.00000,1978489,2,,,,,,,,C,,Годен,,,
1997303,,WH1,321278,EKS000005886,883912,Дюбель-хомут для плоского кабеля 5-10 мм черный (100 шт/уп) Промрукав,,,ЭКС,700.00000,ШТ,0.00000,ЭКС-000005886   ,,5962747.00000,,,0.00100,КГ,4.50000,1.30000,0.60000,СМ,,,,509600.00000,,,,,,Заказной,Гилета О.В.,PR08.6956,ШТ,Заказной товар,Промрукав ООО,0.00000,0.00000,a.savitskiy,,2026-03-24 15:00:26,,1.04000,728.00000,,,N,N,N,,False,0.70000,,,,,,0,ЭКС-000010735   ,2026-03-25 00:00:00,,,,,700.00000,1978490,2,,,,,,,,C,,Годен,,,
1997304,,WH1,321279,EKS000005887,390579,Труба  ПВХ  d25 гибкая лёгкая с протяжкой (50м),,,ЭКС,600.00000,М,0.00000,ЭКС-000005887   ,,5962758.00000,,,0.10000,КГ,100.00000,2.50000,2.50000,СМ,,,,7138800.00000,,,,,,Дортман Анна Павловна,Гилета О.В.,PR.012531,М,Базовый,Промрукав ООО,0.00000,0.00000,a.savitskiy,,2026-03-24 16:02:47,,19.83000,11898.00000,,,Y,N,N,,False,60.00000,,,,,,0,,2026-03-25 00:00:00,,,,,600.00000,1978491,1,,,,,,,Gofra_BIG,C,,Годен,,,
1997305,,WH1,321279,EKS000005887,506434,Держатель кабеля двусторонний для прямого монтажа черный,,,ЭКС,420.00000,ШТ,0.00000,ЭКС-000005887   ,,5962753.00000,,,0.05000,КГ,25.00000,3.00000,2.00000,СМ,,,,4381776.00000,,,,,,Дортман Анна Павловна,Гилета О.В.,PR13.0383,ШТ,Базовый,Промрукав ООО,0.00000,0.00000,a.savitskiy,,2026-03-24 14:26:03,,24.84000,10432.80000,,,N,N,N,,False,21.00000,,,,,,0,,2026-03-25 00:00:00,,,,,420.00000,1978492,2,,,,,,,,B,,Годен,,,
1997306,,WH1,321279,EKS000005887,506433,Держатель кабеля двусторонний для прямого монтажа белый,,,ЭКС,100.00000,ШТ,0.00000,ЭКС-000005887   ,,5962754.00000,,,0.05000,КГ,25.00000,3.00000,2.00000,СМ,,,,248400.00000,,,,,,Дортман Анна Павловна,Гилета О.В.,PR13.0384,ШТ,Базовый,Промрукав ООО,0.00000,0.00000,a.savitskiy,,2026-03-24 15:17:47,,24.84000,2484.00000,,,N,N,N,,False,5.00000,,,,,,0,,2026-03-25 00:00:00,,,,,100.00000,1978493,2,,,,,,,,C,,Годен,,,
1997307,,WH1,321279,EKS000005887,502382,Труба жесткая ПВХ 2-х метровая легкая черная д20 (100м/уп) Промрукав,,,ЭКС,300.00000,М,0.00000,ЭКС-000005887   ,,5962752.00000,,,0.20000,КГ,100.00000,2.00000,2.00000,СМ,,,,2387700.00000,,,,,,Дортман Анна Павловна,Гилета О.В.,PR05.0118,М,Базовый,Промрукав ООО,0.00000,0.00000,a.savitskiy,,2026-03-24 15:00:59,,26.53000,7959.00000,,,N,N,N,,False,60.00000,,,,,,0,,2026-03-25 00:00:00,,,,,300.00000,1978494,2,,,,,,,Long 2,C,,Годен,,,
1997308,,WH1,321279,EKS000005887,470491,Держатель - клипса d16 для монтажного пистолета серая,,,ЭКС,600.00000,ШТ,0.00000,ЭКС-000005887   ,,5962748.00000,,,0.00100,КГ,3.00000,3.00000,1.00000,СМ,,,,972000.00000,,,,,,Дортман Анна Павловна,Гилета О.В.,PR13.0119,ШТ,Базовый,Промрукав ООО,0.00000,0.00000,a.savitskiy,,2026-03-24 15:26:45,,2.70000,1620.00000,,,N,N,N,,False,0.60000,,,,,,0,,2026-03-25 00:00:00,,,,,600.00000,1978495,2,,,,,,,,C,,Годен,,,
1997309,,WH1,321279,EKS000005887,470490,Держатель - клипса d20 для монтажного пистолета серая,,,ЭКС,9100.00000,ШТ,0.00000,ЭКС-000005887   ,,5962749.00000,,,0.02000,КГ,3.00000,2.00000,1.00000,СМ,,,,231868000.00000,,,,,,Дортман Анна Павловна,Гилета О.В.,PR13.0120,ШТ,Базовый,Промрукав ООО,0.00000,0.00000,a.savitskiy,,2026-03-24 15:27:07,,2.80000,25480.00000,,,N,N,N,,False,182.00000,,,,,,0,,2026-03-25 00:00:00,,,,,9100.00000,1978496,2,,,,,,,,B,,Годен,,,
1997310,,WH1,321279,EKS000005887,391893,Хомут (FR ПР-40) (100шт/5000шт уп/кор) Промрукав,,,ЭКС,1300.00000,ШТ,0.00000,ЭКС-000005887   ,,5962750.00000,,,0.00200,КГ,6.00000,3.00000,0.10000,СМ,,,,11069500.00000,,,,,,Заказной,Гилета О.В.,PR08.3660,ШТ,Заказной товар,Промрукав ООО,0.00000,0.00000,a.savitskiy,,2026-03-24 15:29:16,,6.55000,8515.00000,,,N,N,N,,False,2.60000,,,,,,0,ЭКС-000012273   ,2026-03-25 00:00:00,,,,,1300.00000,1978497,2,,,,,,,,C,,Годен,,,
1997311,,WH1,321279,EKS000005887,664363,Площадка под стяжку усиленная для прямого монтажа черная (1уп=50шт) Промрукав,,,ЭКС,80.00000,УП,0.00000,ЭКС-000005887   ,,5962757.00000,,,0.12000,КГ,19.00000,15.00000,4.00000,СМ,,,,642624.00000,,,,,,Дортман Анна Павловна,Гилета О.В.,PR13.0460_уп50шт,УП,Базовый,Промрукав ООО,0.00000,0.00000,a.savitskiy,,2026-03-24 15:28:27,,100.41000,8032.80000,,,N,N,N,,False,9.60000,,,,,,0,,2026-03-25 00:00:00,,,,,80.00000,1978498,2,,,,,,,,A,,Годен,,,
1997312,,WH1,321279,EKS000005887,582886,Крепеж-клипса для труб атмосферостойкая для монтажного пистолета черная в п/э d20 мм (100шт/900шт уп,,,ЭКС,2400.00000,ШТ,0.00000,ЭКС-000005887   ,,5962756.00000,,,0.00300,КГ,3.00000,3.00000,1.50000,СМ,,,,17798400.00000,,,,,,Акулинский Петр Иванович,Гилета О.В.,PR13.0406,ШТ,Базовый,Промрукав ООО,0.00000,0.00000,a.savitskiy,,2026-03-24 15:27:31,,3.09000,7416.00000,,,N,N,N,,False,7.20000,,,,,,0,,2026-03-25 00:00:00,,,,,2400.00000,1978499,2,,,,,,,,B,,Годен,,,
1997313,,WH1,321279,EKS000005887,529607,Хомут заземления д 5-48 мм (нерж. сталь) Промрукав (Длина ленты: 21 см),,,ЭКС,20.00000,ШТ,0.00000,ЭКС-000005887   ,,5962751.00000,,,0.05000,КГ,22.00000,5.00000,3.00000,СМ,,,,179812.00000,,,,,,Заказной,Гилета О.В.,PR08.3874,ШТ,Заказной товар,Промрукав ООО,0.00000,0.00000,a.savitskiy,,2026-03-24 15:29:51,,449.53000,8990.60000,,,N,N,N,,False,1.00000,,,,,,0,ЭКС-000012235   ,2026-03-25 00:00:00,,,,,20.00000,1978500,2,,,,,,,,C,,Годен,,,
1997314,,WH1,321279,EKS000005887,506435,Держатель кабеля односторонний для прямого монтажа белый,,,ЭКС,200.00000,ШТ,0.00000,ЭКС-000005887   ,,5962755.00000,,,0.05000,КГ,12.00000,3.00000,2.00000,СМ,,,,568000.00000,,,,,,Дортман Анна Павловна,Гилета О.В.,PR13.0385,ШТ,Базовый,Промрукав ООО,0.00000,0.00000,a.savitskiy,,2026-03-24 15:18:21,,14.20000,2840.00000,,,N,N,N,,False,10.00000,,,,,,0,,2026-03-25 00:00:00,,,,,200.00000,1978501,2,,,,,,,,C,,Годен,,,
1997315,,WH1,321280,EKS000005888,799173,Коробка распределительная 60-0302-9005 для прямого монтажа двухкомпонентная безгалогенная (HF) черна,,,ЭКС,768.00000,ШТ,0.00000,ЭКС-000005888   ,,5962760.00000,,,0.10000,КГ,10.00000,10.00000,3.00000,СМ,,False,,35749232.64000,,,,,,,Княжева Ю.В.,60-0302-9005,ШТ,Базовый,Промрукав ООО,0.00000,0.00000,a.savitskiy,,2026-03-24 15:41:16,,60.61000,46548.48000,,,N,N,N,,False,76.80000,,,,,,0,,2026-03-25 00:00:00,,,,,768.00000,1978502,2,,,,,,,,C,,Годен,,,
1997316,,WH1,321280,EKS000005888,762512,Коробка распределительная 60-0302 для прямого монтажа двухкомпонентная безгалогенная (HF) 100х100х30,,,ЭКС,960.00000,ШТ,0.00000,ЭКС-000005888   ,,5962759.00000,,,0.10000,КГ,10.50000,10.50000,3.00000,СМ,,False,,55858176.00000,,,,,,,Княжева Ю.В.,60-0302,ШТ,Базовый,Промрукав ООО,0.00000,0.00000,a.savitskiy,,2026-03-24 15:48:21,,60.61000,58185.60000,,,N,N,N,,False,96.00000,,,,,,0,,2026-03-25 00:00:00,,,,,960.00000,1978503,2,,,,,,,,C,,Годен,,,
1997317,,WH1,321281,EKS000005889,391894,Хомут (FR ПР-25) (100шт/5000шт уп/кор) Промрукав,,,ЭКС,600.00000,ШТ,0.00000,ЭКС-000005889   ,,5962762.00000,,,0.00200,КГ,3.00000,1.50000,0.10000,СМ,,,,1918800.00000,,,,,,Заказной,Гилета О.В.,PR08.3659,ШТ,Заказной товар,Промрукав ООО,0.00000,0.00000,a.savitskiy,,2026-03-24 15:56:22,,5.33000,3198.00000,,,N,N,N,,False,1.20000,,,,,,0,ЭКС-000011815   ,2026-03-25 00:00:00,,,,,600.00000,1978504,2,,,,,,,,C,,Годен,,,
1997318,,WH1,321281,EKS000005889,579861,Муфта соединительная для двустенных труб d50 мм,,,ЭКС,8.00000,ШТ,0.00000,ЭКС-000005889   ,,5962761.00000,,,0.00500,КГ,11.00000,6.00000,6.00000,СМ,,,,1784.96000,,,,,,Заказной,Гилета О.В.,PR08.3108,ШТ,Заказной товар,Промрукав ООО,0.00000,0.00000,a.savitskiy,,2026-03-24 15:15:24,,27.89000,223.12000,,,N,N,N,,False,0.04000,,,,,,0,ЭКС-000011815   ,2026-03-25 00:00:00,,,,,8.00000,1978505,2,,,,,,,,C,,Годен,,,
1997319,,WH1,321281,EKS000005889,529607,Хомут заземления д 5-48 мм (нерж. сталь) Промрукав (Длина ленты: 21 см),,,ЭКС,78.00000,ШТ,0.00000,ЭКС-000005889   ,,5962765.00000,,,0.05000,КГ,22.00000,5.00000,3.00000,СМ,,,,2488842.72000,,,,,,Заказной,Гилета О.В.,PR08.3874,ШТ,Заказной товар,Промрукав ООО,0.00000,0.00000,a.savitskiy,,2026-03-24 15:31:21,,409.08000,31908.24000,,,N,N,N,,False,3.90000,,,,,,0,ЭКС-000011815   ,2026-03-25 00:00:00,,,,,78.00000,1978506,2,,,,,,,,C,,Годен,,,
1997320,,WH1,321281,EKS000005889,515686,Скоба металлическая двухлапковая СМД 31-32 (50 шт/уп),,,ЭКС,1900.00000,ШТ,0.00000,ЭКС-000005889   ,,5962775.00000,,,0.02000,КГ,5.00000,4.00000,1.00000,СМ,,,,12274000.00000,,,,,,Акулинский Петр Иванович,Гилета О.В.,PR08.2550,ШТ,Выводится из ассортимента,Промрукав ООО,0.00000,0.00000,a.savitskiy,,2026-03-24 14:37:52,,3.40000,6460.00000,,,N,N,N,,False,38.00000,,,,,,0,ЭКС-000011815   ,2026-03-25 00:00:00,,,,,1900.00000,1978507,2,,,,,,,,C,,Годен,,,
1997321,,WH1,321281,EKS000005889,424963,"Стяжки кабельные стальные СКС (316) 7,9х200 (100 шт/уп)",,,ЭКС,200.00000,ШТ,0.00000,ЭКС-000005889   ,,5962770.00000,,,0.00010,КГ,18.00000,0.50000,0.30000,СМ,,,,838800.00000,,,,,,Заказной,Гилета О.В.,PR08.3969,ШТ,Заказной товар,Промрукав ООО,0.00000,0.00000,a.savitskiy,,2026-03-24 15:04:23,,20.97000,4194.00000,,,N,N,N,,False,0.02000,,,,,,0,ЭКС-000011815   ,2026-03-25 00:00:00,,,,,200.00000,1978508,2,,,,,,,,C,,Годен,,,
1997322,,WH1,321281,EKS000005889,392897,Кабель-канал белый 2-й замок в п/э 25х16 (80м/уп) Промрукав,,,ЭКС,240.00000,М,0.00000,ЭКС-000005889   ,,5962771.00000,,,0.08000,КГ,100.00000,2.50000,1.60000,СМ,,,,2195712.00000,,,,,,Заказной,Гилета О.В.,PR.0625161,М,Заказной товар,Промрукав ООО,0.00000,0.00000,a.savitskiy,,2026-03-24 15:01:29,,38.12000,9148.80000,,,N,N,N,,False,19.20000,,,,,,0,,2026-03-25 00:00:00,,,,,240.00000,1978509,2,,,,,,,Kanal,C,,Годен,,,
1997323,,WH1,321282,EKS000005890,378882,Труба гофрированная ПНД лёгкая 350 Н безгалогенная (HF) стойкая к ультрафиолету черная с/з д16 (100м,,,ЭКС,200.00000,М,0.00000,ЭКС-000005890   ,,5962779.00000,,,0.25000,КГ,100.00000,1.60000,1.60000,СМ,,,,476400.00000,,,,,,Заказной,Гилета О.В.,161556,М,Заказной товар,Промрукав ООО,0.00000,0.00000,a.savitskiy,,2026-03-24 16:08:22,,11.91000,2382.00000,,,Y,N,N,,False,50.00000,,,,,,0,ЭКС-000011502   ,2026-03-25 00:00:00,,,,,200.00000,1978510,1,,,,,,,Gofra,C,,Годен,,,
1997324,,WH1,321282,EKS000005890,286797,Труба гофр ПНД d 20 легкая с зондом безгалогенная HF стойкая к уф(100 м) черная,,,ЭКС,200.00000,М,0.00000,ЭКС-000005890   ,,5962780.00000,,,0.02000,КГ,100.00000,2.00000,2.00000,СМ,,,,624400.00000,,,,,,Заказной,Гилета О.В.,161557,М,Заказной товар,Промрукав ООО,0.00000,0.00000,a.savitskiy,,2026-03-24 16:05:18,,15.61000,3122.00000,,,Y,N,N,,False,4.00000,,,,,,0,ЭКС-000011502   ,2026-03-25 00:00:00,,,,,200.00000,1978511,1,,,,,,,Gofra,C,,Годен,,,
1997325,,WH1,321282,EKS000005890,390581,Труба  ПВХ  d32 гибкая лёгкая с протяжкой (25м),,,ЭКС,175.00000,М,0.00000,ЭКС-000005890   ,,5962783.00000,,,0.02000,КГ,100.00000,3.50000,3.50000,СМ,,,,861787.50000,,,,,,Дортман Анна Павловна,Гилета О.В.,PR.013231,М,Выводится из ассортимента,Промрукав ООО,0.00000,0.00000,a.savitskiy,,2026-03-24 16:04:03,,28.14000,4924.50000,,,Y,N,N,,False,3.50000,,,,,,0,ЭКС-000011288   ,2026-03-25 00:00:00,,,,,175.00000,1978512,1,,,,,,,Gofra_BIG,C,,Годен,,,
1997326,,WH1,321282,EKS000005890,570960,Соединитель угловой разборный д20 (50шт/800шт уп/кор),,,ЭКС,100.00000,ШТ,0.00000,ЭКС-000005890   ,,5962784.00000,,,0.00100,КГ,6.00000,2.00000,2.00000,СМ,,,,96000.00000,,,,,,Заказной,Гилета О.В.,PR.07520,ШТ,Заказной товар,Промрукав ООО,0.00000,0.00000,a.savitskiy,,2026-03-24 15:05:19,,9.60000,960.00000,,,N,N,N,,False,0.10000,,,,,,0,ЭКС-000011443   ,2026-03-25 00:00:00,,,,,100.00000,1978513,2,,,,,,,,C,,Годен,,,
1997327,,WH1,321282,EKS000005890,438702,Муфта вводная для гофрированных труб серая ВМ-ГТ-25 Промрукав,,,ЭКС,30.00000,ШТ,0.00000,ЭКС-000005890   ,,5962782.00000,,,0.02000,КГ,5.00000,4.00000,4.00000,СМ,,,,61947.00000,,,,,,Заказной,Гилета О.В.,PR08.3270,ШТ,Заказной товар,Промрукав ООО,0.00000,0.00000,a.savitskiy,,2026-03-24 14:52:08,,68.83000,2064.90000,,,N,N,N,,False,0.60000,,,,,,0,ЭКС-000011513   ,2026-03-25 00:00:00,,,,,30.00000,1978514,2,,,,,,,,C,,Годен,,,
1997328,,WH1,321282,EKS000005890,387643,Тройник разборный д20 (50шт/600шт уп/кор) Промрукав,,,ЭКС,50.00000,ШТ,0.00000,ЭКС-000005890   ,,5962781.00000,,,0.03000,КГ,7.00000,4.00000,2.00000,СМ,,,,35400.00000,,,,,,Заказной,Гилета О.В.,PR.07320,ШТ,Заказной товар,Промрукав ООО,0.00000,0.00000,a.savitskiy,,2026-03-24 15:55:40,,14.16000,708.00000,,,N,N,N,,False,1.50000,,,,,,0,ЭКС-000011443   ,2026-03-25 00:00:00,,,,,50.00000,1978515,2,,,,,,,,C,,Годен,,,
1997329,,WH1,321283,EKS000005891,427353,"Трубка ТВ-40 ПВХ 5 мм ""кембрик"" (150 м/уп)",,,ЭКС,150.00000,М,0.00000,ЭКС-000005891   ,,5962785.00000,,,0.06000,КГ,100.00000,0.50000,0.50000,СМ,,,,103725.00000,,,,,,Заказной,Гилета О.В.,PR08.2563,М,Заказной товар,Промрукав ООО,0.00000,0.00000,a.savitskiy,,2026-03-24 14:32:21,,4.61000,691.50000,,,N,N,N,,False,9.00000,,,,,,0,ЭКС-000010460   ,2026-03-25 00:00:00,,,,,150.00000,1978516,2,,,,,,,,C,,Годен,,,
1997330,,WH1,321284,EKS000005892,503656,"Коробка распаячная ОП (70х70х40) IP66  для прямого монтажа двухком-я безгалоген, (HF) серая Промрука",,,ЭКС,300.00000,ШТ,0.00000,ЭКС-000005892   ,,5962786.00000,,,0.15000,КГ,7.00000,7.00000,4.00000,СМ,,,,4003200.00000,,,,,,Заказной,Княжева Ю.В.,60-0200,ШТ,Заказной товар,Промрукав ООО,0.00000,0.00000,a.savitskiy,,2026-03-24 15:43:11,,44.48000,13344.00000,,,N,N,N,,False,45.00000,,,,,,0,ЭКС-000012088   ,2026-03-25 00:00:00,,,,,300.00000,1978517,2,,,,,,,,C,,Годен,,,
1997331,,WH1,321284,EKS000005892,485891,"Коробка распаячная ОП (70х70х40) IP66  для прямого монтажа двухком-я безгалоген, (HF) черная Промрук",,,ЭКС,300.00000,ШТ,0.00000,ЭКС-000005892   ,,5962788.00000,,,0.03000,КГ,8.00000,8.00000,5.00000,СМ,,,,4003200.00000,,,,,,Дортман Анна Павловна,Княжева Ю.В.,60-0200-9005,ШТ,Товар филиала,Промрукав ООО,0.00000,0.00000,a.savitskiy,,2026-03-24 15:44:09,,44.48000,13344.00000,,,N,N,N,,False,9.00000,,,,,,0,,2026-03-25 00:00:00,,,,,300.00000,1978518,2,,,,,,,,C,,Годен,,,
1997332,,WH1,321284,EKS000005892,485843,Коробка распаячная ОП (100х100х50) IP66 для прямого монтажа двухкомп-я безгалоген. (HF) серая Промру,,,ЭКС,1122.00000,ШТ,0.00000,ЭКС-000005892   ,,5962787.00000,,,0.02000,КГ,11.00000,11.00000,5.50000,СМ,,,,89758429.20000,,,,,,Дортман Анна Павловна,Княжева Ю.В.,60-0300,ШТ,Базовый,Промрукав ООО,0.00000,0.00000,a.savitskiy,,2026-03-24 14:39:34,,71.30000,79998.60000,,,N,N,N,,False,22.44000,,,,,,0,,2026-03-25 00:00:00,,,,,1122.00000,1978519,2,,,,,,,,A,,Годен,,,
1997333,,WH1,321285,EKS000005893,428686,Труба гофрированная ПЛЛ легкая безгалогенная (HF) негорючая (НГ) белая с/з д16 (100м/5500м уп/пал) П,,,ЭКС,100.00000,М,0.00000,ЭКС-000005893   ,,5962791.00000,,,0.03000,КГ,100.00000,1.50000,1.50000,СМ,,,,453500.00000,,,,,,Заказной,Гилета О.В.,PR02.0214,М,Заказной товар,Промрукав ООО,0.00000,0.00000,a.savitskiy,,2026-03-24 16:05:45,,45.35000,4535.00000,,,Y,N,N,,False,3.00000,,,,,,0,ЭКС-000011810   ,2026-03-25 00:00:00,,,,,100.00000,1978520,1,,,,,,,Gofra,C,,Годен,,,
1997334,,WH1,321285,EKS000005893,575697,Крепёж-клипса для труб Полистирол белая д16 (100шт/2000шт уп/кор),,,ЭКС,100.00000,ШТ,0.00000,ЭКС-000005893   ,,5962790.00000,,,0.01000,КГ,2.50000,2.00000,1.00000,СМ,,,,15200.00000,,,,,,Заказной,Гилета О.В.,PR.02716б,ШТ,Заказной товар,Промрукав ООО,0.00000,0.00000,a.savitskiy,,2026-03-24 15:56:00,,1.52000,152.00000,,,N,N,N,,False,1.00000,,,,,,0,ЭКС-000011810   ,2026-03-25 00:00:00,,,,,100.00000,1978521,2,,,,,,,,C,,Годен,,,
1997335,,WH1,321286,EKS000005894,747849,Коробка установочная СП ГСК 80-0600-2С стойкая к горению (ПВ-2) 68х45 Промрукав 80-0600-2С,,,ЭКС,200.00000,ШТ,0.00000,ЭКС-000005894   ,,5962792.00000,,,0.02000,КГ,7.50000,7.50000,4.50000,СМ,,False,,1250400.00000,,,,,,,Княжева Ю.В.,80-0600-2С,ШТ,Базовый,Промрукав ООО,0.00000,0.00000,a.savitskiy,,2026-03-24 15:47:43,,31.26000,6252.00000,,,N,N,N,,False,4.00000,,,,,,0,,2026-03-25 00:00:00,,,,,200.00000,1978522,2,,,,,,,,C,,Годен,,,
1997336,,WH1,321287,EKS000005895,178259,Труба гофр ПНД d 25 с зондом безгалогенная HF (50 м) черная,,,ЭКС,450.00000,М,0.00000,ЭКС-000005895   ,,5962794.00000,,,0.08000,КГ,100.00000,2.50000,2.50000,СМ,,,,3215700.00000,,,,,,Заказной,Гилета О.В.,PR.022551,М,Выводится из ассортимента,Промрукав ООО,0.00000,0.00000,a.savitskiy,,2026-03-24 16:08:01,,15.88000,7146.00000,,,Y,N,N,,False,36.00000,,,,,,0,ЭКС-000010940   ,2026-03-25 00:00:00,,,,,450.00000,1978523,1,,,,,,,Gofra_BIG,C,,Годен,,,
1997337,,WH1,321288,EKS000005896,390575,Труба  ПВХ  d16 гибкая лёгкая с протяжкой (100м),,,ЭКС,200.00000,М,0.00000,ЭКС-000005896   ,,5962796.00000,,,0.02000,КГ,100.00000,1.60000,1.60000,СМ,,,,405200.00000,,,,,,Дортман Анна Павловна,Гилета О.В.,PR.011631,М,Базовый,Промрукав ООО,0.00000,0.00000,a.savitskiy,,2026-03-24 16:06:38,,10.13000,2026.00000,,,Y,N,N,,False,4.00000,,,,,,0,ЭКС-000012168   ,2026-03-25 00:00:00,,,,,200.00000,1978524,1,,,,,,,Gofra_BIG,C,,Годен,,,
1997338,,WH1,321288,EKS000005896,390575,Труба  ПВХ  d16 гибкая лёгкая с протяжкой (100м),,,ЭКС,200.00000,М,0.00000,ЭКС-000005896   ,,5962797.00000,,,0.02000,КГ,100.00000,1.60000,1.60000,СМ,,,,405200.00000,,,,,,Дортман Анна Павловна,Гилета О.В.,PR.011631,М,Базовый,Промрукав ООО,0.00000,0.00000,a.savitskiy,,2026-03-24 16:06:57,,10.13000,2026.00000,,,Y,N,N,,False,4.00000,,,,,,0,ЭКС-000012168   ,2026-03-25 00:00:00,,,,,200.00000,1978525,1,,,,,,,Gofra_BIG,C,,Годен,,,
1997339,,WH1,321288,EKS000005896,625481,Кабель-канал белый 2-й замок в п/э 80х40 (30м/уп),,,ЭКС,30.00000,М,0.00000,ЭКС-000005896   ,,5962795.00000,,,0.20000,КГ,100.00000,8.00000,4.00000,СМ,,,,219708.00000,,,,,,Заказной,Гилета О.В.,PR.0580401,М,Заказной товар,Промрукав ООО,0.00000,0.00000,a.savitskiy,,2026-03-24 15:01:48,,244.12000,7323.60000,,,N,N,N,,False,6.00000,,,,,,0,ЭКС-000012152   ,2026-03-25 00:00:00,,,,,30.00000,1978526,2,,,,,,,Kanal,C,,Годен,,,
1997340,,WH1,321288,EKS000005896,419140,"Трубка ТВ-40 ПВХ 4 мм ""кембрик"" (150 м/уп)",,,ЭКС,150.00000,М,0.00000,ЭКС-000005896   ,,5962798.00000,,,0.10000,КГ,100.00000,0.50000,0.50000,СМ,,,,86850.00000,,,,,,Заказной,Гилета О.В.,PR08.2562,М,Заказной товар,Промрукав ООО,0.00000,0.00000,a.savitskiy,,2026-03-24 14:32:40,,3.86000,579.00000,,,N,N,N,,False,15.00000,,,,,,0,ЭКС-000011764   ,2026-03-25 00:00:00,,,,,150.00000,1978527,2,,,,,,,,C,,Годен,,,
1997341,,WH1,321289,EKS000005897,452050,Коробка распаячная ОП 40-0210 безгалогенная (HF) 80х80х40 (105шт/кор) Промрукав,,,ЭКС,105.00000,ШТ,0.00000,ЭКС-000005897   ,,5962799.00000,,,0.01000,КГ,9.00000,9.00000,4.00000,СМ,,,,395907.75000,,,,,,Заказной,Княжева Ю.В.,40-0210,ШТ,Заказной товар,Промрукав ООО,0.00000,0.00000,a.savitskiy,,2026-03-24 15:43:40,,35.91000,3770.55000,,,N,N,N,,False,1.05000,,,,,,0,,2026-03-25 00:00:00,,,,,105.00000,1978528,2,,,,,,,,C,,Годен,,,
1997342,,WH1,321290,EKS000005898,749629,Труба гофрированная ПВХ сверхтяжелая 1100 Н серая с/з д20 (100м/4800м уп/пал),,,ЭКС,800.00000,М,800.00000,ЭКС-000005898   ,,5962801.00000,,,0.07000,КГ,100.00000,2.00000,2.00000,СМ,,,,21555200.00000,,,,,,Заказной,Гилета О.В.,PR.0120321,М,Заказной товар,Промрукав ООО,0.00000,0.00000,a.savitskiy,,2026-03-24 15:03:33,,33.68000,26944.00000,,,N,N,N,,False,56.00000,,,,,,0,ЭКС-000009411   ,2026-03-25 00:00:00,,,,,800.00000,1978529,2,,,,,,,,C,,Годен,,,
1997343,,WH1,321291,EKS000005899,617469,Коробка установочная углубленная 80-0510С безгалогенная (HF) 68х62 с саморезами красная Промрукав,,,ЭКС,280.00000,ШТ,0.00000,ЭКС-000005899   ,,5962802.00000,,,0.01000,КГ,7.00000,7.00000,6.00000,СМ,,False,,912576.00000,,,,,,Дортман Анна Павловна,Княжева Ю.В.,80-0510С,ШТ,Базовый,Промрукав ООО,0.00000,0.00000,a.savitskiy,,2026-03-24 15:32:47,,11.64000,3259.20000,,,N,N,N,,False,2.80000,,,,,,0,ЭКС-000012494   ,2026-03-25 00:00:00,,,,,280.00000,1978530,2,,,,,,,,C,,Годен,,,
1997344,,WH1,321292,EKS000005900,857093,Гильза медная луженая под опрессовку ГМЛ-П 10,,,ЭКС,20.00000,ШТ,0.00000,ЭКС-000005900   ,,5962804.00000,,,0.00200,КГ,1.00000,0.80000,0.80000,СМ,,False,,4528.00000,,,,,,Заказной,Княжева Ю.В.,PR08.29332,ШТ,,Промрукав ООО,0.00000,0.00000,a.savitskiy,,2026-03-24 14:56:46,,11.32000,226.40000,,,N,N,N,,False,0.04000,,,,,,0,ЭКС-000010479   ,2026-03-25 00:00:00,,,,,20.00000,1978531,2,,,,,,,,C,,Годен,,,
1997345,,WH1,321292,EKS000005900,846561,Гильза медная луженая под опрессовку ГМЛ-П 16,,,ЭКС,100.00000,ШТ,0.00000,ЭКС-000005900   ,,5962803.00000,,,0.00200,КГ,1.00000,0.80000,0.80000,СМ,,False,,162200.00000,,,,,,Заказной,Княжева Ю.В.,PR08.29326,ШТ,Заказной товар,Промрукав ООО,0.00000,0.00000,a.savitskiy,,2026-03-24 14:55:51,,16.22000,1622.00000,,,N,N,N,,False,0.20000,,,,,,0,ЭКС-000010479   ,2026-03-25 00:00:00,,,,,100.00000,1978532,2,,,,,,,,C,,Годен,,,
1997346,,WH1,321293,EKS000005901,502472,Муфта труба-труба черная д20 Промрукав (упаковка 10шт),,,ЭКС,17.00000,УП,0.00000,ЭКС-000005901   ,,5962805.00000,,,0.20000,КГ,20.00000,10.00000,5.00000,СМ,,,,23669.10000,,,,,,Дортман Анна Павловна,Гилета О.В.,PR13.0164_шт10,УП,Базовый,Промрукав ООО,0.00000,0.00000,a.savitskiy,,2026-03-24 14:47:08,,81.90000,1392.30000,,,N,N,N,,False,3.40000,,,,,,0,,2026-03-25 00:00:00,,,,,17.00000,1978533,2,,,,,,,,C,,Годен,,,
1997347,,WH1,321293,EKS000005901,502471,"Колено открывающееся, 90 град, черный д20 Промрукав (цена за 5шт)",,,ЭКС,10.00000,УП,0.00000,ЭКС-000005901   ,,5962806.00000,,,0.20000,КГ,12.00000,12.00000,5.00000,СМ,,,,4940.00000,,,,,,Дортман Анна Павловна,Гилета О.В.,PR13.0174_шт5,УП,Базовый,Промрукав ООО,0.00000,0.00000,a.savitskiy,,2026-03-24 15:09:34,,49.40000,494.00000,,,N,N,N,,False,2.00000,,,,,,0,,2026-03-25 00:00:00,,,,,10.00000,1978534,2,,,,,,,,C,,Годен,,,
1997348,,WH1,321293,EKS000005901,502470,Тройник разборный черный д20 (5шт/400шт уп/кор) Промрукав (цена за 5шт),,,ЭКС,10.00000,УП,0.00000,ЭКС-000005901   ,,5962807.00000,,,0.20000,КГ,20.00000,10.00000,3.00000,СМ,,,,7475.00000,,,,,,Дортман Анна Павловна,Гилета О.В.,PR13.0178_шт5,УП,Базовый,Промрукав ООО,0.00000,0.00000,a.savitskiy,,2026-03-24 15:11:10,,74.75000,747.50000,,,N,N,N,,False,2.00000,,,,,,0,,2026-03-25 00:00:00,,,,,10.00000,1978535,2,,,,,,,,C,,Годен,,,
1997349,,WH1,321293,EKS000005901,825007,Кольцо уплотнительное для двустенной трубы d50 мм (12шт/1152шт уп/кор) Промрукав,,,ЭКС,12.00000,ШТ,0.00000,ЭКС-000005901   ,,5962808.00000,,,0.01000,КГ,5.50000,5.50000,0.30000,СМ,,False,,1454.40000,,,,,,Заказной,Гилета О.В.,PR13.02761,ШТ,Заказной товар,Промрукав ООО,0.00000,0.00000,a.savitskiy,,2026-03-24 14:57:06,,10.10000,121.20000,,,N,N,N,,False,0.12000,,,,,,0,ЭКС-000010033   ,2026-03-25 00:00:00,,,,,12.00000,1978536,2,,,,,,,,C,,Годен,,,
1997350,,WH1,321294,EKS000005902,738449,Шарнир универсальный для шпильки М10 Промрукав PR08.5164,,,ЭКС,19.00000,ШТ,0.00000,ЭКС-000005902   ,,5962809.00000,,,0.25000,КГ,8.00000,5.00000,3.50000,СМ,,,,125970.95000,,,,,,Заказной,Киселев А.В.,PR08.5164,ШТ,Заказной товар,Промрукав ООО,0.00000,0.00000,a.savitskiy,,2026-03-24 14:50:58,,348.95000,6630.05000,,,N,N,N,,False,4.75000,,,,,,0,ЭКС-000010546   ,2026-03-25 00:00:00,,,,,19.00000,1978537,2,,,,,,,,C,,Годен,,,
1997351,,WH1,321295,EKS000005903,765681,Держатель плоского кабеля двусторонний для прямого монтажа на 12 мест черный (20шт/260шт уп/кор) Про,,,ЭКС,60.00000,ШТ,0.00000,ЭКС-000005903   ,,5962810.00000,,,0.01500,КГ,22.50000,2.00000,1.00000,СМ,,,,76680.00000,,,,,,Заказной,Гилета О.В.,PR13.0443,ШТ,Заказной товар,Промрукав ООО,0.00000,0.00000,a.savitskiy,,2026-03-24 15:08:57,,21.30000,1278.00000,,,N,N,N,,False,0.90000,,,,,,0,ЭКС-000009046   ,2026-03-25 00:00:00,,,,,60.00000,1978538,2,,,,,,,,C,,Годен,,,
1997352,,WH1,321296,EKS000005904,883911,Талреп крюк-крюк М10 DIN 1480 тип С (20шт/уп) (Промрукав),,,ЭКС,80.00000,ШТ,0.00000,ЭКС-000005904   ,,5962811.00000,,,0.17000,КГ,20.00000,3.00000,1.50000,СМ,,,,728064.00000,,,,,,Заказной,Гилета О.В.,PR08.3921,ШТ,Заказной товар,Промрукав ООО,0.00000,0.00000,a.savitskiy,,2026-03-24 15:14:19,,113.76000,9100.80000,,,N,N,N,,False,13.60000,,,,,,0,ЭКС-000006692   ,2026-03-25 00:00:00,,,,,80.00000,1978539,2,,,,,,,,C,,Годен,,,
1997353,,WH1,321297,EKS000005905,527534,Светильник LED 6Вт IP65 с оптич. датчиком Актей СА-5106Ф,,,ЭКС,3.00000,ШТ,0.00000,ЭКС-000005905   ,,5962813.00000,,,0.18000,КГ,17.00000,11.00000,4.00000,СМ,,,,7164.90000,,,,,,Заказной,Колупаев В.Г.,СА-5106Ф,ШТ,Заказной товар,СНАБСИБЭЛЕКТРО  ООО (новы,0.00000,0.00000,n.bezrukov,,2026-03-24 14:36:27,,796.10000,2388.30000,,,N,N,N,,False,0.54000,,,,,,0,ЭКС-000012574   ,2026-03-24 00:00:00,,,,,3.00000,1978540,2,,,,,,,,C,,Годен,,,
1997354,,WH1,321297,EKS000005905,333363,Светильник светодиодный 8Вт IP30 с оптико-акустич. датчиком Актей СА-7008У,,,ЭКС,12.00000,ШТ,0.00000,ЭКС-000005905   ,,5962812.00000,,,0.24000,КГ,18.00000,12.00000,5.00000,СМ,,,,140843.52000,,,,,,Заказной,Колупаев В.Г.,СА-7008У,ШТ,Заказной товар,СНАБСИБЭЛЕКТРО  ООО (новы,0.00000,0.00000,n.bezrukov,,2026-03-24 14:37:33,,978.08000,11736.96000,,,N,N,N,,False,2.88000,,,,,,0,ЭКС-000012574   ,2026-03-24 00:00:00,,,,,12.00000,1978541,2,,,,,,,,C,,Годен,,,
1997355,,WH1,321298,EKS000005906,166614,Кабель КГ-ХЛ 4х50-220/380В-3,,,ЭКС,45.00000,М,0.00000,ЭКС-000005906   ,,5962814.00000,,,2.55200,КГ,100.00000,3.38000,3.38000,СМ,,,,4664142.00000,33.8,,,,,Коробейников Николай Алек,Дунав М.И.,166614,М,Базовый,Холдинг Кабельный Альянс,0.00000,0.00000,n.bezrukov,,2026-03-24 14:44:26,,2303.28000,103647.60000,,,Y,N,N,,False,114.84000,,,,,,0,ЭКС-000012270   ,2026-03-24 00:00:00,,,,,45.00000,1978542,1,,,,,,,,C,,Годен,,,
1997356,,WH1,321299,EKS000005907,258252,Сумка монтажника С-04 (КВТ),,,ЭКС,2.00000,ШТ,0.00000,ЭКС-000005907   ,,5962815.00000,,,2.33000,КГ,41.00000,32.00000,18.00000,СМ,,False,,10271.48000,,,,,,Дортман Анна Павловна,Петров И.В.,66143,ШТ,Базовый,Техэлектро-Сибирь ООО,0.00000,0.00000,n.bezrukov,,2026-03-24 14:36:42,,2567.87000,5135.74000,,,N,N,N,,False,4.66000,,,,,,0,,2026-03-24 00:00:00,,,,,2.00000,1978543,2,,,,,,,,C,,Годен,,,
1997357,,WH1,321300,O00000001513,822477,МАЯК-24-КПМ1-НИ Оповещатель комбинированный уличный,,,ЭКС,1.00000,ШТ,0.00000,О00-000001513   ,,5962817.00000,,,0.11000,КГ,10.00000,10.00000,2.00000,СМ,,False,,715.00000,,,,,,Заказной,Самоличенко В.А.,GB 006140,ШТ,Заказной товар,"ООО ""Артоль"" ",0.00000,0.00000,a.savitskiy,,2026-03-24 15:10:24,,715.00000,715.00000,,,N,N,N,,False,0.11000,,,,,,0,,2026-03-24 00:00:00,,,,,1.00000,1978544,2,,,,,,,,C,,Годен,,,
1997358,,WH1,321301,EKS000005908,182486,Кабель ППГнг(A)-HF 4x4,,,ЭКС,45.00000,М,0.00000,ЭКС-000005908   ,,5962818.00000,,,0.30735,КГ,100.00000,1.20000,1.20000,СМ,,,,328556.25000,12.6,,,,,Заказной,Лихушина Н.И.,182486,М,Заказной товар,Сибкабель АО,0.00000,0.00000,a.manokhin,,2026-03-24 15:13:19,,162.25000,7301.25000,,,Y,N,N,,False,13.83075,,,,,,0,ЭКС-000012441   ,2026-03-24 00:00:00,,,,,45.00000,1978545,1,,,01,,,,,C,,Годен,,,
1997359,,WH1,321302,EKS000005909,584826,Устройство защиты многофункциональное УЗМ-50Ц УХЛ4,,,ЭКС,1.00000,ШТ,0.00000,ЭКС-000005909   ,,5962820.00000,,,0.10000,КГ,8.00000,7.00000,4.00000,СМ,,,,3320.46000,,,,,,Заказной,Третьяков С.М.,A8302-19911854,ШТ,Заказной товар,Реле и Автоматика  ООО,0.00000,0.00000,a.manokhin,,2026-03-24 15:18:04,,3320.46000,3320.46000,,,N,N,N,,False,0.10000,,,,,,0,ЭКС-000012583   ,2026-03-24 00:00:00,,,,,1.00000,1978546,2,,,,,,,,C,,Годен,,,
1997360,,WH1,321302,EKS000005909,467964,Выключатель автоматический модульный YON MD63-1C6-10 10kA,,,ЭКС,4.00000,ШТ,0.00000,ЭКС-000005909   ,,5962819.00000,,,0.11000,КГ,8.00000,2.00000,5.00000,СМ,,False,,11719.20000,,,,,,Заказной,Шаповалов П.Г.,MD63-1C6-10,ШТ,Заказной товар,Диэлектрические кабельные,0.00000,0.00000,a.manokhin,,2026-03-24 15:19:31,,732.45000,2929.80000,,,N,N,N,,False,0.44000,,,,,,0,ЭКС-000012439   ,2026-03-24 00:00:00,,,,,4.00000,1978547,2,,,,,,,,C,,Годен,,,
1997361,,WH1,321303,EKS000005910,51914,Коробка устан. HEGEL сплошные стены с/п d68х42 КУ1101,,,ЭКС,576.00000,ШТ,0.00000,ЭКС-000005910   ,,5962821.00000,,,0.00100,КГ,8.50000,7.00000,4.00000,СМ,,False,27.33.13.190,3500236.80000,,8547200009,,,,Дортман Анна Павловна,Княжева Ю.В.,КУ1101-И,ШТ,Базовый,СНАБСИБЭЛЕКТРО  ООО (новы,0.00000,0.00000,a.manokhin,,2026-03-24 15:06:21,,10.55000,6076.80000,,,N,N,N,,False,0.57600,,,,,,0,,2026-03-24 00:00:00,,,,,576.00000,1978548,2,,,,,,,,A,,Годен,,,
1997362,,WH1,321304,EKS000005911,167445,"Кабель ППГнг(A)-HF 5x1,5-0,66",,,ЭКС,321.00000,М,0.00000,ЭКС-000005911   ,,5962822.00000,,,0.29300,КГ,100.00000,0.88000,0.88000,СМ,,,,9523049.22000,13.7,,,,,Заказной,Лихушина Н.И.,139592,М,Заказной товар,,0.00000,0.00000,a.manokhin,,2026-03-24 15:22:16,,92.42000,29666.82000,,,Y,N,N,,False,94.05300,,,,,,0,ЭКС-000012468   ,2026-03-24 00:00:00,,,,,321.00000,1978549,1,,,01,,,,,C,,Годен,,,
1997363,,WH1,321304,EKS000005911,167535,Кабель ППГнг(A)-HF 5x16,,,ЭКС,345.00000,М,0.00000,ЭКС-000005911   ,,5962823.00000,,,1.23700,КГ,100.00000,2.32000,2.32000,СМ,,,,99797701.50000,23.2,,,,,Заказной,Лихушина Н.И.,167535,М,Заказной товар,Сибкабель АО,0.00000,0.00000,a.manokhin,,2026-03-24 14:59:44,,838.46000,289268.70000,,,Y,N,N,,False,426.76500,,,,,,0,ЭКС-000012468   ,2026-03-24 00:00:00,,,,,345.00000,1978550,1,,,01,,,,,C,,Годен,,,
1997364,,WH1,321304,EKS000005911,182486,Кабель ППГнг(A)-HF 4x4,,,ЭКС,367.00000,М,0.00000,ЭКС-000005911   ,,5962824.00000,,,0.30735,КГ,100.00000,1.20000,1.20000,СМ,,,,21869452.93000,12.6,,,,,Заказной,Лихушина Н.И.,182486,М,Заказной товар,Сибкабель АО,0.00000,0.00000,a.manokhin,,2026-03-24 15:24:09,,162.37000,59589.79000,,,Y,N,N,,False,112.79745,,,,,,0,ЭКС-000012468   ,2026-03-24 00:00:00,,,,,367.00000,1978551,1,,,01,,,,,C,,Годен,,,
1997365,,WH1,321304,EKS000005911,631402,"Кабель ППГнг(A)-HF 5х4 ок(N,PE)-0,66",,,ЭКС,248.00000,М,0.00000,ЭКС-000005911   ,,5962825.00000,,,0.37900,КГ,100.00000,1.37000,1.37000,СМ,,False,,13792887.04000,13.7,,,,,Заказной,Лихушина Н.И.,,М,Заказной товар,Кабельный завод Кабэкс ОО,0.00000,0.00000,a.manokhin,,2026-03-24 15:23:41,,224.26000,55616.48000,,,Y,N,N,,False,93.99200,,,,,,0,ЭКС-000012468   ,2026-03-24 00:00:00,,,,,248.00000,1978552,1,,,01,,,,,C,,Годен,,,
1997366,,WH1,321305,EKS000005912,264333,"Выключатель с/п 2кл. б/рамки ""Glossa"" платина GSL001251",,,ЭКС,1.00000,ШТ,0.00000,ЭКС-000005912   ,,5962832.00000,,,0.10000,КГ,7.00000,7.00000,3.00000,СМ,,,,254.61000,,,,,,Заказной,Куграшова О.В.,GSL001251,ШТ,Распродажа,Шнейдер Электрик АО,0.00000,0.00000,a.manokhin,,2026-03-24 15:15:52,,254.61000,254.61000,,,N,N,N,,False,0.10000,,,,,,0,ЭКС-000012378   ,2026-03-24 00:00:00,,,,,1.00000,1978553,2,,,,,,,,C,,Годен,,,
1997367,,WH1,321305,EKS000005912,233990,Гильза ГМЛ-6 медная луженая соединительная IEK UGTY10-006-04,,,ЭКС,2900.00000,ШТ,0.00000,ЭКС-000005912   ,,5962831.00000,,,0.01000,КГ,2.00000,0.30000,0.30000,СМ,,True,,83847700.00000,,,,,,Дортман Анна Павловна,Княжева Ю.В.,UGTY10-006-04,ШТ,Базовый,ЭлектроОптТорг ООО,0.00000,0.00000,a.manokhin,,2026-03-24 15:11:11,,9.97000,28913.00000,,,N,N,N,,True,29.00000,,,,,,0,ЭКС-000012320   ,2026-03-24 00:00:00,,,,,2900.00000,1978554,2,,,,,,,,C,,Годен,,,
1997368,,WH1,321305,EKS000005912,223227,Розетка 2К+З (2мод) красная РКС-20-32-П (ИЭК) CKK-40D-RSZK2-K04-K Праймер,,,ЭКС,11.00000,ШТ,0.00000,ЭКС-000005912   ,,5962830.00000,,,0.10000,КГ,5.00000,5.00000,5.00000,СМ,,True,,26571.60000,,,,,,Дортман Анна Павловна,Гилета О.В.,CKK-40D-RSZK2-K04-K,ШТ,Базовый,ЭлектроОптТорг ООО,0.00000,0.00000,a.manokhin,,2026-03-24 15:17:44,,219.60000,2415.60000,,,N,N,N,,True,1.10000,,,,,,0,ЭКС-000012309   ,2026-03-24 00:00:00,,,,,11.00000,1978555,2,,,,,,,,C,,Годен,,,
1997369,,WH1,321305,EKS000005912,191548,"Рамка 2-ая, горизонтальная,""Glossa"" титан GSL000402",,,ЭКС,1.00000,ШТ,0.00000,ЭКС-000005912   ,,5962829.00000,,,0.10000,КГ,10.00000,6.00000,0.60000,СМ,,,,104.84000,,,,,,Заказной,Куграшова О.В.,GSL000402,ШТ,Распродажа,Шнейдер Электрик АО,0.00000,0.00000,a.manokhin,,2026-03-24 15:14:47,,104.84000,104.84000,,,N,N,N,,False,0.10000,,,,,,0,ЭКС-000012378   ,2026-03-24 00:00:00,,,,,1.00000,1978556,2,,,,,,,,C,,Годен,,,
1997370,,WH1,321305,EKS000005912,155714,"Переключатель LAY5-BJ33 3 положения ""I-0-II"" длин ручка ИЭК",,,ЭКС,2.00000,ШТ,0.00000,ЭКС-000005912   ,,5962828.00000,,,0.09500,КГ,8.00000,4.50000,3.50000,СМ,,,,759.84000,,,,,,Катышев Александр Вячесла,Третьяков С.М.,BSW70-BJ-3-K02,ШТ,Товар РЦ,ЭлектроОптТорг ООО,0.00000,0.00000,a.manokhin,,2026-03-24 15:20:18,,189.96000,379.92000,,,N,N,N,,False,0.19000,,,,,,0,ЭКС-000012314   ,2026-03-24 00:00:00,,,,,2.00000,1978557,2,,,,,,,,C,,Годен,,,
1997371,,WH1,321305,EKS000005912,76947,Коробка уст. скр.пр. D68х45 кирпич. наборные Gusi С3М3 Евро,,,ЭКС,7200.00000,ШТ,0.00000,ЭКС-000005912   ,,5962827.00000,,,0.03000,КГ,7.00000,6.00000,7.00000,СМ,,,,425088000.00000,,,,,,,Княжева Ю.В.,С3М3 Евро,ШТ,Суперсклад,СНАБСИБЭЛЕКТРО  ООО (новы,0.00000,0.00000,a.manokhin,,2026-03-24 15:04:14,,8.20000,59040.00000,,,N,N,N,,False,216.00000,,,,,,0,,2026-03-24 00:00:00,,,,,7200.00000,1978558,2,,,,,,,,A,,Годен,,,
1997372,,WH1,321305,EKS000005912,40235,Коробка уст. скр.пр. D68х45 г/к Gusi С3Е3 Евро,,,ЭКС,3300.00000,ШТ,0.00000,ЭКС-000005912   ,,5962826.00000,,,0.04000,КГ,7.40000,6.00000,7.00000,СМ,,,,112602600.00000,,,,,,,Княжева Ю.В.,С3Е3 Евро,ШТ,Суперсклад,СНАБСИБЭЛЕКТРО  ООО (новы,0.00000,0.00000,a.manokhin,,2026-03-24 14:48:22,,10.34000,34122.00000,,,N,N,N,,False,132.00000,,,,,,0,,2026-03-24 00:00:00,,,,,3300.00000,1978559,2,,,,,,,,A,,Годен,,,
1997373,,WH1,321305,EKS000005912,744523,"Розетка с ЗК, 16А, механизм, КАРБОН  /ARTGALLERY  /GAL001043",,,ЭКС,48.00000,ШТ,0.00000,ЭКС-000005912   ,,5962838.00000,,,0.07000,КГ,10.00000,8.00000,4.00000,СМ,,,,726405.12000,,,,,,,Куграшова О.В.,GAL001043,ШТ,Выводится из ассортимента,СИСТЭМ ЭЛЕКТРИК АО (ранее,0.00000,0.00000,a.manokhin,,2026-03-24 15:14:02,,315.28000,15133.44000,,,N,N,N,,False,3.36000,,,,,,0,ЭКС-000011556   ,2026-03-24 00:00:00,,,,,48.00000,1978560,2,,,,,,,,C,,Годен,,,
1997374,,WH1,321305,EKS000005912,744379,"Переключатель 2-кл, сх.6/2, 10АХ, механизм, АЛЮМИНИЙ /ARTGALLERY  /GAL000365",,,ЭКС,1.00000,ШТ,0.00000,ЭКС-000005912   ,,5962837.00000,,,0.08000,КГ,7.00000,7.00000,4.00000,СМ,,,,635.36000,,,,,,Заказной,Куграшова О.В.,GAL000365,ШТ,Заказной товар,СИСТЭМ ЭЛЕКТРИК АО (ранее,0.00000,0.00000,a.manokhin,,2026-03-24 15:16:04,,635.36000,635.36000,,,N,N,N,,False,0.08000,,,,,,0,ЭКС-000012443   ,2026-03-24 00:00:00,,,,,1.00000,1978561,2,,,,,,,,C,,Годен,,,
1997375,,WH1,321305,EKS000005912,744378,"Переключатель 1-кл, сх.6, 10АХ, механизм, АЛЮМИНИЙ /ARTGALLERY  /GAL000361",,,ЭКС,2.00000,ШТ,0.00000,ЭКС-000005912   ,,5962836.00000,,,0.10000,КГ,7.00000,7.00000,3.00000,СМ,,,,1888.12000,,,,,,Заказной,Куграшова О.В.,GAL000361,ШТ,Заказной товар,СИСТЭМ ЭЛЕКТРИК АО (ранее,0.00000,0.00000,a.manokhin,,2026-03-24 15:15:20,,472.03000,944.06000,,,N,N,N,,False,0.20000,,,,,,0,ЭКС-000012443   ,2026-03-24 00:00:00,,,,,2.00000,1978562,2,,,,,,,,C,,Годен,,,
1997376,,WH1,321305,EKS000005912,744357,"Рамка 1-пост, АЛЮМИНИЙ /ARTGALLERY  /GAL000301",,,ЭКС,3.00000,ШТ,0.00000,ЭКС-000005912   ,,5962835.00000,,,0.01000,КГ,8.00000,8.00000,1.00000,СМ,,,,712.08000,,,,,,Заказной,Куграшова О.В.,GAL000301,ШТ,Заказной товар,СИСТЭМ ЭЛЕКТРИК АО (ранее,0.00000,0.00000,a.manokhin,,2026-03-24 15:14:37,,79.12000,237.36000,,,N,N,N,,False,0.03000,,,,,,0,ЭКС-000012443   ,2026-03-24 00:00:00,,,,,3.00000,1978563,2,,,,,,,,C,,Годен,,,
1997377,,WH1,321305,EKS000005912,390793,Тройник Т-01/03В 3 места 2P+PE 16А с выкл. белый IEK,,,ЭКС,2.00000,ШТ,0.00000,ЭКС-000005912   ,,5962834.00000,,,0.30000,КГ,19.00000,9.00000,6.00000,СМ,,True,,1263.52000,,,,,,Заказной,Княжева Ю.В.,WTP10-16-03-ZK-K01,ШТ,Заказной товар,ЭлектроОптТорг ООО,0.00000,0.00000,a.manokhin,,2026-03-24 15:19:57,,315.88000,631.76000,,,N,N,N,,True,0.60000,,,,,,0,ЭКС-000012550   ,2026-03-24 00:00:00,,,,,2.00000,1978564,2,,,,,,,,C,,Годен,,,
1997378,,WH1,321305,EKS000005912,273205,"Выключатель 1кл о/у (cх.1) изолир.пласт., 10А, 250B, ""Blanca"" алюминий  BLNVA101013",,,ЭКС,1.00000,ШТ,0.00000,ЭКС-000005912   ,,5962833.00000,,,0.00100,КГ,8.00000,8.00000,5.00000,СМ,,,,146.29000,,,,,,Заказной,Куграшова О.В.,BLNVA101013,ШТ,Заказной товар,Шнейдер Электрик АО,0.00000,0.00000,a.manokhin,,2026-03-24 15:17:04,,146.29000,146.29000,,,N,N,N,,False,0.00100,,,,,,0,ЭКС-000012248   ,2026-03-24 00:00:00,,,,,1.00000,1978565,2,,,,,,,,C,,Годен,,,
1997379,,WH1,321306,EKS000005913,321191,Светильник LED -CSVT Айсберг SLIM -38/MILKY  38Вт 5000К 4800Лм IP65,,,ЭКС,4.00000,ШТ,0.00000,ЭКС-000005913   ,,5962839.00000,,,1.00000,КГ,120.00000,12.00000,5.00000,СМ,,False,,24135.36000,,,,,,Заказной,Колупаев В.Г.,ЦБ000009202,ШТ,Заказной товар,ЦЕНТРСТРОЙСВЕТ ЗАО ( Закр,0.00000,0.00000,a.manokhin,,2026-03-24 15:06:48,,1508.46000,6033.84000,,,N,N,N,,False,4.00000,,,,,,0,ЭКС-000012402   ,2026-03-24 00:00:00,,,,,4.00000,1978566,2,,,,,,,,C,,Годен,,,
1997380,,WH1,321307,EKS000005914,860660,Автоматический выключатель 1P 6А (C) 6кА ВА 47-63N EKF PROxima,,,ЭКС,6.00000,ШТ,0.00000,ЭКС-000005914   ,,5962842.00000,,,0.09000,КГ,9.00000,8.00000,2.00000,СМ,,,,6409.08000,,,,,,Заказной,Шаповалов П.Г.,M636106C,ШТ,Заказной товар,Электрорешения ООО,0.00000,0.00000,a.manokhin,,2026-03-24 15:12:17,,178.03000,1068.18000,,,N,N,N,,False,0.54000,,,,,,0,ЭКС-000012564   ,2026-03-24 00:00:00,,,,,6.00000,1978567,2,,,,,,,,C,,Годен,,,
1997381,,WH1,321307,EKS000005914,833307,"1 - местная рамка, белая, пластик Эпика EKF",,,ЭКС,9.00000,ШТ,0.00000,ЭКС-000005914   ,,5962841.00000,,,0.03000,КГ,9.00000,9.00000,1.00000,СМ,,False,,2076.84000,,,,,,Заказной,Гилета О.В.,UP1-FPW-01,ШТ,Заказной товар,Электрорешения ООО,0.00000,0.00000,a.manokhin,,2026-03-24 15:12:07,,25.64000,230.76000,,,N,N,N,,False,0.27000,,,,,,0,ЭКС-000012313   ,2026-03-24 00:00:00,,,,,9.00000,1978568,2,,,,,,,,C,,Годен,,,
1997382,,WH1,321307,EKS000005914,795791,Systeme Electric Шинка Греб. 2P (L1L2) 18мм 12мод 63А,,,ЭКС,2.00000,ШТ,0.00000,ЭКС-000005914   ,,5962840.00000,,,0.05000,КГ,20.00000,1.00000,1.00000,СМ,,False,,1701.72000,,,,,,,Феденькова Д.Ю.,C9XPH212,ШТ,Товар филиала,СИСТЭМ ЭЛЕКТРИК АО (ранее,0.00000,0.00000,a.manokhin,,2026-03-24 15:16:41,,425.43000,850.86000,,,N,N,N,,False,0.10000,,,,,,0,ЭКС-000012589   ,2026-03-24 00:00:00,,,,,2.00000,1978569,2,,,,,,,,C,,Годен,,,
1997383,,WH1,321308,EKS000005915,495849,Провод ПуВнг(A)-LS 1х16 PE,,,ЭКС,400.00000,М,0.00000,ЭКС-000005915   ,,5962843.00000,,,0.20000,КГ,100.00000,1.00000,1.00000,СМ,,,,26360000.00000,,,,,,Заказной,Дунав М.И.,495849,М,Заказной товар,ЗАО Металлист,0.00000,0.00000,n.bezrukov,,2026-03-24 15:02:04,,164.75000,65900.00000,,,Y,N,N,,False,80.00000,,,,,,0,ЭКС-000012698   ,2026-03-24 00:00:00,,,,,400.00000,1978570,1,,,01,,,,,C,,Годен,,,
1997384,,WH1,321309,TR-24/03/2026-05,0000,ТРАНЗИТ,,ИЭК КРАСНОЯРСК,ЭКС,1.00000,ГМ,0.00000,,,1.00000,4712-12-31 00:00:00,,1.00000,КГ,1.00000,1.00000,1.00000,СМ,СМ3,,,0.00000,,,,0,,,,,,,,0.00000,2.00000,r.sagaidak,,2026-03-24 15:08:25,,0.00000,0.00000,0,Y,Y,N,N,рц,,1.00000,,,рц,0.00000,,0,,2026-03-24 00:00:00,0.00000,0.00000,0.00000,0.00000,1.00000,,,,,,,,,,,,,,,0.00000
1997385,,WH1,321310,TR-24/03/2026-06,0000,ТРАНЗИТ,,ИЭК БАРНАУЛ,ЭКС,1.00000,ГМ,0.00000,,,1.00000,4712-12-31 00:00:00,,1.00000,КГ,1.00000,1.00000,1.00000,СМ,СМ3,,,0.00000,,,,0,,,,,,,,0.00000,2.00000,r.sagaidak,,2026-03-24 15:08:21,,0.00000,0.00000,0,Y,Y,N,N,рц,,1.00000,,,рц,0.00000,,0,,2026-03-24 00:00:00,0.00000,0.00000,0.00000,0.00000,1.00000,,,,,,,,,,,,,,,0.00000
1997386,,WH1,321311,EKS000005916,883048,Фонарь ручной/налобный Epilso LUMINUS SST40 10W 1200 Lm EPF-205,,,ЭКС,2.00000,ШТ,0.00000,ЭКС-000005916   ,,5962844.00000,,,0.22000,КГ,12.00000,11.00000,5.00000,СМ,,False,,11403.28000,,,,,,Заказной,Колупаев В.Г.,,ШТ,Заказной товар,ВсеИнструменты.ру,0.00000,0.00000,n.bezrukov,,2026-03-24 15:24:33,,2850.82000,5701.64000,,,N,N,N,,False,0.44000,,,,,,0,ЭКС-000005722   ,2026-03-24 00:00:00,,,,,2.00000,1978571,2,,,,,,,,C,,Годен,,,
1997387,,WH1,321312,EKS000005917,170367,Лампа LED E27  Corn  12W/840  230V кукуруза 72LED Ecola 108х41мм,,,ЭКС,20.00000,ШТ,0.00000,ЭКС-000005917   ,,5962845.00000,,,0.11000,КГ,4.50000,4.50000,13.00000,СМ,,,,100000.00000,,,,,,Заказной,Косова Т.В.,Z7NV12ELC,ШТ,Распродажа,Теплый свет  ООО,0.00000,0.00000,n.bezrukov,,2026-03-24 15:25:36,,250.00000,5000.00000,,,N,N,N,,False,2.20000,,,,,,0,ЭКС-000000116   ,2026-03-24 00:00:00,,,,,20.00000,1978572,2,,,,,,,,C,,Годен,,,
1997388,,WH1,321313,EKS000005918,806419,"Гвозди по бетону  TOUA 3,05x19 мм, 1000 шт. (по бетону, металлу, кирпичу) Bullet Point  усиленный",,,ЭКС,1.00000,ШТ,0.00000,ЭКС-000005918   ,,5962847.00000,,,1.33000,КГ,19.50000,12.50000,10.50000,СМ,,False,,1072.95000,,,,,,,Петров И.В.,30519stepEGBP,ШТ,Товар филиала,ВсеИнструменты.ру,0.00000,0.00000,n.bezrukov,,2026-03-24 15:19:54,,1072.95000,1072.95000,,,N,N,N,,False,1.33000,,,,,,0,ЭКС-000010992   ,2026-03-24 00:00:00,,,,,1.00000,1978573,2,,,,,,,,C,,Годен,,,
1997389,,WH1,321313,EKS000005918,763615,Баллон газовый TOUA с зеленым клапаном (длина 165 мм)  Стандарт,,,ЭКС,10.00000,ШТ,0.00000,ЭКС-000005918   ,,5962846.00000,,,0.20000,КГ,19.50000,3.50000,3.50000,СМ,,False,,27459.00000,,,,,,,Петров И.В.,toua-fcgs,ШТ,Товар филиала,ВсеИнструменты.ру,0.00000,0.00000,n.bezrukov,,2026-03-24 15:21:36,,274.59000,2745.90000,,,N,N,N,,False,2.00000,,,,,,0,ЭКС-000010992   ,2026-03-24 00:00:00,,,,,10.00000,1978574,2,,,,,,,,C,,Годен,,,
1997390,,WH1,321314,EKS000005919,874799,Fenix Фонарь LR35R,,,ЭКС,5.00000,ШТ,0.00000,ЭКС-000005919   ,,5962848.00000,,,0.56000,КГ,20.00000,13.00000,7.00000,СМ,,False,,394713.00000,,,,,,Заказной,Колупаев В.Г.,,ШТ,Заказной товар,ВсеИнструменты.ру,0.00000,0.00000,n.bezrukov,,2026-03-24 15:15:15,,15788.52000,78942.60000,,,N,N,N,,False,2.80000,,,,,,0,ЭКС-000066500   ,2026-03-24 00:00:00,,,,,5.00000,1978575,2,,,,,,,,C,,Годен,,,
1997391,,WH1,321315,EKS000005920,866533,"Набор г-образных шестигранных шаровых ключей 10 шт Gigant, размеры 1,5-10мм, grf-122",,,ЭКС,10.00000,ШТ,0.00000,ЭКС-000005920   ,,5962850.00000,,,0.30000,КГ,20.00000,10.00000,3.00000,СМ,,False,,20000.00000,,,,,,Заказной,Петров И.В.,grf-122,ШТ,Заказной товар,ВсеИнструменты.ру,0.00000,0.00000,n.bezrukov,,2026-03-24 15:25:00,,200.00000,2000.00000,,,N,N,N,,False,3.00000,,,,,,0,ЭКС-000007598   ,2026-03-24 00:00:00,,,,,10.00000,1978576,2,,,,,,,,C,,Годен,,,
1997392,,WH1,321316,EKS000005921,877932,Набор стальных бит Profi (2 шт; PH2; 100 мм) CUTOP 83-340,,,ЭКС,1.00000,УП,0.00000,ЭКС-000005921   ,,5962851.00000,,,0.02000,КГ,18.00000,5.00000,0.50000,СМ,,False,,263.11000,,,,,,Заказной,Петров И.В.,83-340,УП,Заказной товар,ВсеИнструменты.ру,0.00000,0.00000,n.bezrukov,,2026-03-24 15:17:47,,263.11000,263.11000,,,N,N,N,,False,0.02000,,,,,,0,ЭКС-000009694   ,2026-03-24 00:00:00,,,,,1.00000,1978577,2,,,,,,,,C,,Годен,,,
1997393,,WH1,321317,EKS000005922,882707,Испытательная коробка к электросчётчикам ПЭМИ КИ У3 X7908575,,,ЭКС,1.00000,ШТ,0.00000,ЭКС-000005922   ,,5962852.00000,,,0.44000,КГ,22.00000,7.00000,4.00000,СМ,,False,,676.23000,,,,,,Заказной,Любаева С.В.,,ШТ,Прочее,ВсеИнструменты.ру,0.00000,0.00000,n.bezrukov,,2026-03-24 15:16:40,,676.23000,676.23000,,,N,N,N,,False,0.44000,,,,,,0,ЭКС-000011206   ,2026-03-24 00:00:00,,,,,1.00000,1978578,2,,,,,,,,C,,Годен,,,
1997394,,WH1,321318,EKS000005923,882964,Nord-Yada Клемма АКБ латунь 2шт усиленная грузовая болт М10 ТМ Nord YADA 909359,,,ЭКС,2.00000,УП,0.00000,ЭКС-000005923   ,,5962853.00000,,,0.18000,КГ,12.00000,8.00000,2.00000,СМ,,False,,2996.72000,,,,,,Заказной,Любаева С.В.,,УП,Прочее,ВсеИнструменты.ру,0.00000,0.00000,n.bezrukov,,2026-03-24 15:19:14,,749.18000,1498.36000,,,N,N,N,,False,0.36000,,,,,,0,ЭКС-000011078   ,2026-03-24 00:00:00,,,,,2.00000,1978579,2,,,,,,,,C,,Годен,,,
1997395,,WH1,321319,EKS000005924,877385,"DUEL Прецизионная отвёртка SL2x60мм, DL01-20-060",,,ЭКС,5.00000,ШТ,0.00000,ЭКС-000005924   ,,5962855.00000,,,0.01000,КГ,16.00000,1.00000,1.00000,СМ,,False,,7254.00000,,,,,,Заказной,Любаева С.В.,,ШТ,Прочее,ВсеИнструменты.ру,0.00000,0.00000,n.bezrukov,,2026-03-24 15:12:46,,290.16000,1450.80000,,,N,N,N,,False,0.05000,,,,,,0,ЭКС-000009788   ,2026-03-23 00:00:00,,,,,5.00000,1978580,2,,,,,,,,C,,Годен,,,
1997396,,WH1,321319,EKS000005924,877382,"DUEL Прецизионная отвёртка Sl1.5x40 мм, DL01-15-040",,,ЭКС,5.00000,ШТ,0.00000,ЭКС-000005924   ,,5962854.00000,,,0.00500,КГ,14.00000,1.00000,1.00000,СМ,,False,,8955.00000,,,,,,Заказной,Любаева С.В.,,ШТ,Прочее,ВсеИнструменты.ру,0.00000,0.00000,n.bezrukov,,2026-03-24 15:12:21,,358.20000,1791.00000,,,N,N,N,,False,0.02500,,,,,,0,ЭКС-000009788   ,2026-03-23 00:00:00,,,,,5.00000,1978581,2,,,,,,,,C,,Годен,,,
1997397,,WH1,321320,EKS000005925,843040,"Заградительный огонь LEDZOM тип А, LEDZOM красный, ударопрочный, поликарбонат",,,ЭКС,9.00000,ШТ,0.00000,ЭКС-000005925   ,,5962856.00000,,,0.54000,КГ,27.00000,17.00000,20.00000,СМ,,False,,123159.69000,,,,,,Заказной,Аверин А.И.,,ШТ,Прочее,Приборика ООО,0.00000,0.00000,n.bezrukov,,2026-03-24 15:08:04,,1520.49000,13684.41000,,,N,N,N,,False,4.86000,,,,,,0,ЭКС-000066989   ,2026-03-23 00:00:00,,,,,9.00000,1978582,2,,,,,,,,C,,Годен,,,
1997398,,WH1,321321,EKS000005926,208672,Корпус сварной навесной серии ST с М/П Размер: 500x500x300 мм (ВхШхГ) IP65,,,ЭКС,165.00000,ШТ,0.00000,ЭКС-000005926   ,,5962858.00000,,,8.00000,КГ,50.00000,50.00000,30.00000,СМ,,False,,153754004.25000,,,,,,Заказной,Феденькова Д.Ю.,R5ST0553,ШТ,Заказной товар,Диэлектрические кабельные,0.00000,0.00000,n.bezrukov,,2026-03-24 16:37:16,,5647.53000,931842.45000,,,N,N,N,,False,1320.00000,,,,,,0,ЭКС-000009377   ,2026-03-24 00:00:00,,,,,165.00000,1978583,2,,,,,,,,C,,Годен,,,
1997399,,WH1,321322,EKS000005927,357924,"Переключатель одноклавишный модульный, ""Avanti"", ""Белое облако"", 2моду",,,ЭКС,4.00000,ШТ,0.00000,ЭКС-000005927   ,,5962874.00000,,,0.60000,КГ,5.00000,5.00000,4.00000,СМ,,,,4164.96000,,,,,,Заказной,Гилета О.В.,4400112,ШТ,Выводится из ассортимента,Диэлектрические кабельные,0.00000,0.00000,n.bezrukov,,2026-03-24 16:08:46,,260.31000,1041.24000,,,N,N,N,,False,2.40000,,,,,,0,ЭКС-000012410   ,2026-03-24 00:00:00,,,,,4.00000,1978584,2,,,,,,,,C,,Годен,,,
1997400,,WH1,321322,EKS000005927,357923,"Выключатель Avanti 16A 2мод ""Белое облако"" 4400101",,,ЭКС,11.00000,ШТ,0.00000,ЭКС-000005927   ,,5962873.00000,,,0.02000,КГ,8.00000,8.00000,4.00000,СМ,,,,19866.99000,,,,,,Заказной,Гилета О.В.,4400102,ШТ,Заказной товар,Диэлектрические кабельные,0.00000,0.00000,n.bezrukov,,2026-03-24 16:08:57,,164.19000,1806.09000,,,N,N,N,,False,0.22000,,,,,,0,ЭКС-000012410   ,2026-03-24 00:00:00,,,,,11.00000,1978585,2,,,,,,,,C,,Годен,,,
1997401,,WH1,321322,EKS000005927,357920,"Выключатель Avanti 16A 1мод ""Белое облако"" 4400101",,,ЭКС,12.00000,ШТ,0.00000,ЭКС-000005927   ,,5962872.00000,,,0.01000,КГ,5.00000,4.00000,2.00000,СМ,,,,20511.36000,,,,,,Заказной,Гилета О.В.,4400101,ШТ,Заказной товар,Диэлектрические кабельные,0.00000,0.00000,n.bezrukov,,2026-03-24 16:08:30,,142.44000,1709.28000,,,N,N,N,,False,0.12000,,,,,,0,ЭКС-000012410   ,2026-03-24 00:00:00,,,,,12.00000,1978586,2,,,,,,,,C,,Годен,,,
1997402,,WH1,321322,EKS000005927,101647,Перегородка SEP L 3000 H80 36500,,,ЭКС,36.00000,М,0.00000,ЭКС-000005927   ,,5962869.00000,,,0.50000,КГ,100.00000,8.00000,1.50000,СМ,,,,279715.68000,,,,,,Заказной,Киселёв А.В.,36500,М,Заказной товар,Диэлектрические кабельные,0.00000,0.00000,n.bezrukov,,2026-03-24 16:46:20,,215.83000,7769.88000,,,N,N,N,,False,18.00000,,,,,,0,,2026-03-24 00:00:00,,,,,36.00000,1978587,2,,,,,,,Long 3 met,C,,Годен,,,
1997403,,WH1,321322,EKS000005927,38049,Лоток перф. 200х80 L 3000  35304,,,ЭКС,48.00000,М,0.00000,ЭКС-000005927   ,,5962865.00000,,,2.40000,КГ,100.00000,20.00000,4.00000,СМ,,False,,1310515.20000,,7326909807,,,,Дортман Анна Павловна,Киселев А.В.,35304,М,Товар РЦ,Диэлектрические кабельные,0.00000,0.00000,n.bezrukov,,2026-03-24 16:45:10,,568.80000,27302.40000,,,N,N,N,,False,115.20000,,,,,,0,,2026-03-24 00:00:00,,,,,48.00000,1978588,2,,,,,,,Long 3 met,C,,Годен,,,
1997404,,WH1,321322,EKS000005927,2327,Лоток перф.  80х80 L 3000  35301,,,ЭКС,24.00000,М,0.00000,ЭКС-000005927   ,,5962864.00000,,,1.40000,КГ,100.00000,8.00000,4.00000,СМ,,False,,211898.88000,,7326909807,,,,Заказной,Киселев А.В.,35301,М,Распродажа,Диэлектрические кабельные,0.00000,0.00000,n.bezrukov,,2026-03-24 16:43:36,,367.88000,8829.12000,,,N,N,N,,False,33.60000,,,,,,0,ЭКС-000012410   ,2026-03-24 00:00:00,,,,,24.00000,1978589,2,,,,,,,Long 3 met,C,,Годен,,,
1997405,,WH1,321322,EKS000005927,2132,Держатель с защелкой d20 ДКС 51020,,,ЭКС,200.00000,ШТ,0.00000,ЭКС-000005927   ,,5962878.00000,,,0.00300,КГ,5.00000,4.00000,1.00000,СМ,,False,,98400.00000,,3925901000,,,,Дортман Анна Павловна,Гилета О.В.,51020,ШТ,Суперсклад,Диэлектрические кабельные,0.00000,0.00000,n.bezrukov,,2026-03-24 16:30:13,,2.46000,492.00000,,,N,N,N,,False,0.60000,,,,,,0,ЭКС-000012410   ,2026-03-24 00:00:00,,,,,200.00000,1978590,2,,,,,,,,A,,Годен,,,
1997406,,WH1,321322,EKS000005927,355806,"Рамка-суппорт Avanti белый для ""In-liner Front"" 4мод. 4400914",,,ЭКС,23.00000,ШТ,0.00000,ЭКС-000005927   ,,5962877.00000,,,0.01000,КГ,13.00000,7.00000,2.00000,СМ,,,,125568.73000,,,,,,Дортман Анна Павловна,Гилета О.В.,4400914,ШТ,Товар РЦ,Диэлектрические кабельные,0.00000,0.00000,n.bezrukov,,2026-03-24 16:29:42,,237.37000,5459.51000,,,N,N,N,,False,0.23000,,,,,,0,ЭКС-000012410   ,2026-03-24 00:00:00,,,,,23.00000,1978591,2,,,,,,,,C,,Годен,,,
1997407,,WH1,321322,EKS000005927,355801,"Розетка модульная 2P+E, с з/ш, Avanti  ""Белое облако"" 2 мод",,,ЭКС,100.00000,ШТ,0.00000,ЭКС-000005927   ,,5962871.00000,,,0.10000,КГ,4.00000,4.00000,4.00000,СМ,,,,1661700.00000,,,,,,Дортман Анна Павловна,Гилета О.В.,4400002,ШТ,Товар РЦ,Диэлектрические кабельные,0.00000,0.00000,n.bezrukov,,2026-03-24 16:25:23,,166.17000,16617.00000,,,N,N,N,,False,10.00000,,,,,,0,ЭКС-000012410   ,2026-03-24 00:00:00,,,,,100.00000,1978592,2,,,,,,,,C,,Годен,,,
1997408,,WH1,321322,EKS000005927,216693,"Гайка с насечкой, препятствующая откручиванию М10 CM101000",,,ЭКС,100.00000,ШТ,0.00000,ЭКС-000005927   ,,5962881.00000,,,0.01000,КГ,1.00000,1.00000,1.00000,СМ,,,,61200.00000,,,,,,Заказной,Киселёв А.В.,CM101000,ШТ,Заказной товар,Диэлектрические кабельные,0.00000,0.00000,n.bezrukov,,2026-03-24 16:33:09,,6.12000,612.00000,,,N,N,N,,False,1.00000,,,,,,0,ЭКС-000012410   ,2026-03-24 00:00:00,,,,,100.00000,1978593,2,,,,,,,,C,,Годен,,,
1997409,,WH1,321322,EKS000005927,214664,Винт для механического соединения элементов с гладкой головкой М6х16 CM010616,,,ЭКС,100.00000,ШТ,0.00000,ЭКС-000005927   ,,5962879.00000,,,0.00690,КГ,2.00000,1.10000,1.10000,СМ,,False,25.94.11.110,37800.00000,,7318159008,,,,Заказной,Киселев А.В.,CM010616,ШТ,Заказной товар,Диэлектрические кабельные,0.00000,0.00000,n.bezrukov,,2026-03-24 16:32:50,,3.78000,378.00000,,,N,N,N,,False,0.69000,,,,,,0,ЭКС-000012410   ,2026-03-24 00:00:00,,,,,100.00000,1978594,2,,,,,,,,C,,Годен,,,
1997410,,WH1,321322,EKS000005927,211372,"Гайка с насечкой, препятствующая откручиванию М6  CM100600",,,ЭКС,200.00000,ШТ,0.00000,ЭКС-000005927   ,,5962880.00000,,,0.00300,КГ,1.00000,1.00000,0.50000,СМ,,False,25.94.11.130,99200.00000,,7318165000,,,,Дортман Анна Павловна,Киселев А.В.,CM100600,ШТ,Базовый,Диэлектрические кабельные,0.00000,0.00000,n.bezrukov,,2026-03-24 16:32:36,,2.48000,496.00000,,,N,N,N,,False,0.60000,,,,,,0,ЭКС-000012410   ,2026-03-24 00:00:00,,,,,200.00000,1978595,2,,,,,,,,A,,Годен,,,
1997411,,WH1,321322,EKS000005927,172986,Шпилька М10х1000  CM201001,,,ЭКС,25.00000,М,0.00000,ЭКС-000005927   ,,5962882.00000,,,0.80000,КГ,100.00000,1.50000,1.50000,СМ,,,,90206.25000,,,,,,Заказной,Киселёв А.В.,CM201001,М,Заказной товар,Диэлектрические кабельные,0.00000,0.00000,n.bezrukov,,2026-03-24 16:43:58,,144.33000,3608.25000,,,N,N,N,,False,20.00000,,,,,,0,ЭКС-000012410   ,2026-03-24 00:00:00,,,,,25.00000,1978596,2,,,,,,,,C,,Годен,,,
1997412,,WH1,321322,EKS000005927,160508,Тройник 110х50 мм 01006,,,ЭКС,10.00000,ШТ,0.00000,ЭКС-000005927   ,,5962859.00000,,,0.08000,КГ,19.00000,17.00000,5.20000,СМ,,,,44854.00000,,,,,,Заказной,Гилета О.В.,01006,ШТ,Заказной товар,Диэлектрические кабельные,0.00000,0.00000,n.bezrukov,,2026-03-24 16:26:23,,448.54000,4485.40000,,,N,N,N,,False,0.80000,,,,,,0,ЭКС-000012410   ,2026-03-24 00:00:00,,,,,10.00000,1978597,2,,,,,,,,C,,Годен,,,
1997413,,WH1,321322,EKS000005927,160502,"Угол внешний 110х50 мм, изменяемый (80-120°) 01052",,,ЭКС,10.00000,ШТ,0.00000,ЭКС-000005927   ,,5962863.00000,,,0.08800,КГ,20.00000,13.00000,4.60000,СМ,,,,44554.00000,,,,,,Дортман Анна Павловна,Гилета О.В.,01052,ШТ,Товар РЦ,Диэлектрические кабельные,0.00000,0.00000,n.bezrukov,,2026-03-24 16:05:49,,445.54000,4455.40000,,,N,N,N,,False,0.88000,,,,,,0,ЭКС-000012410   ,2026-03-24 00:00:00,,,,,10.00000,1978598,2,,,,,,,,C,,Годен,,,
1997414,,WH1,321322,EKS000005927,160501,"Угол внутренний 110х50 мм, изменяемый (70-120°) 01051",,,ЭКС,30.00000,ШТ,0.00000,ЭКС-000005927   ,,5962862.00000,,,0.21000,КГ,20.00000,13.00000,11.50000,СМ,,,,356364.00000,,,,,,Дортман Анна Павловна,Гилета О.В.,01051,ШТ,Товар РЦ,Диэлектрические кабельные,0.00000,0.00000,n.bezrukov,,2026-03-24 16:12:21,,395.96000,11878.80000,,,N,N,N,,False,6.30000,,,,,,0,ЭКС-000012410   ,2026-03-24 00:00:00,,,,,30.00000,1978599,2,,,,,,,,C,,Годен,,,
1997415,,WH1,321322,EKS000005927,148704,Кабель-канал 110х50 мм с фронтальной крышкой 01050,,,ЭКС,128.00000,М,0.00000,ЭКС-000005927   ,,5962860.00000,,,0.80000,КГ,100.00000,11.00000,2.50000,СМ,,,,8561131.52000,,,,,,,Гилета О.В.,01050,М,Базовый,Диэлектрические кабельные,0.00000,0.00000,n.bezrukov,,2026-03-24 16:42:59,,522.53000,66883.84000,,,N,N,N,,False,102.40000,,,,,,0,,2026-03-24 00:00:00,,,,,128.00000,1978600,2,,,,,,,Kanal,C,,Годен,,,
1997416,,WH1,321322,EKS000005927,625703,"Компьютерная розетка RJ-45 без шторки модульная, кат.5е, ""Avanti"", ""Белое облако"", 1 модуль 4400661",,,ЭКС,62.00000,ШТ,0.00000,ЭКС-000005927   ,,5962875.00000,,,0.01000,КГ,5.00000,3.00000,3.00000,СМ,,,,994135.28000,,,,,,Дортман Анна Павловна,Гилета О.В.,4400661,ШТ,Товар РЦ,Диэлектрические кабельные,0.00000,0.00000,n.bezrukov,,2026-03-24 16:57:40,,258.62000,16034.44000,,,N,N,N,,False,0.62000,,,,,,0,ЭКС-000012410   ,2026-03-24 00:00:00,,,,,62.00000,1978601,2,,,,,,,,C,,Годен,,,
1997417,,WH1,321322,EKS000005927,361462,Ответвитель DPT Т-образный горизонтальный 200х80 в комплекте с крепежными элементами и пластинами,,,ЭКС,1.00000,УП,0.00000,ЭКС-000005927   ,,5962868.00000,,,0.80000,КГ,46.00000,33.00000,8.00000,СМ,,,,2030.60000,,,,,,Заказной,Киселёв А.В.,36144K,УП,Заказной товар,Диэлектрические кабельные,0.00000,0.00000,n.bezrukov,,2026-03-24 16:31:19,,2030.60000,2030.60000,,,N,N,N,,False,0.80000,,,,,,0,ЭКС-000012410   ,2026-03-24 00:00:00,,,,,1.00000,1978602,2,,,,,,,,C,,Годен,,,
1997418,,WH1,321322,EKS000005927,361418,Угол CPO 90 горизонтальный 90° 200х80 в комплекте с крепежными элементами и пластинами,,,ЭКС,1.00000,УП,0.00000,ЭКС-000005927   ,,5962867.00000,,,2.00000,КГ,45.00000,35.00000,8.00000,СМ,,,,1352.33000,,,,,,Заказной,Киселёв А.В.,36024K,УП,Заказной товар,Диэлектрические кабельные,0.00000,0.00000,n.bezrukov,,2026-03-24 16:30:58,,1352.33000,1352.33000,,,N,N,N,,False,2.00000,,,,,,0,ЭКС-000012410   ,2026-03-24 00:00:00,,,,,1.00000,1978603,2,,,,,,,,C,,Годен,,,
1997419,,WH1,321322,EKS000005927,360422,"Рамка-суппорт Avanti белый для ""In-liner Front"" 2мод. 4400912",,,ЭКС,8.00000,ШТ,0.00000,ЭКС-000005927   ,,5962876.00000,,,0.01000,КГ,6.00000,6.00000,2.00000,СМ,,,,12660.48000,,,,,,Акулинский Петр Иванович,Гилета О.В.,4400912,ШТ,Товар РЦ,Диэлектрические кабельные,0.00000,0.00000,n.bezrukov,,2026-03-24 16:26:54,,197.82000,1582.56000,,,N,N,N,,False,0.08000,,,,,,0,ЭКС-000012410   ,2026-03-24 00:00:00,,,,,8.00000,1978604,2,,,,,,,,C,,Годен,,,
1997420,,WH1,321323,EKS000005928,360400,Заглушка 1 мод Viva серая 45116,,,ЭКС,6.00000,ШТ,0.00000,ЭКС-000005928   ,,5962885.00000,,,0.01000,КГ,4.00000,3.00000,3.00000,СМ,,,,1150.20000,,,,,,Заказной,Гилета О.В.,45116,ШТ,Распродажа,Диэлектрические кабельные,0.00000,0.00000,n.bezrukov,,2026-03-24 16:07:44,,31.95000,191.70000,,,N,N,N,,False,0.06000,,,,,,0,ЭКС-000011132   ,2026-03-24 00:00:00,,,,,6.00000,1978605,2,,,,,,,,C,,Годен,,,
1997421,,WH1,321323,EKS000005928,85479,"Клеммник Фибергласс, 12p, 150C, 450V, 24A, 2,5 мм.кв 43212FV",,,ЭКС,320.00000,ШТ,0.00000,ЭКС-000005928   ,,5962883.00000,,,0.03000,КГ,12.00000,2.00000,1.25000,СМ,,,,12230656.00000,,,,,,Дортман Анна Павловна,Феденькова Д.Ю.,43212FV,ШТ,Базовый,Диэлектрические кабельные,0.00000,0.00000,n.bezrukov,,2026-03-24 16:21:17,,119.44000,38220.80000,,,N,N,N,,False,9.60000,,,,,,0,,2026-03-24 00:00:00,,,,,320.00000,1978606,2,,,,,,,,C,,Годен,,,
1997422,,WH1,321323,EKS000005928,839769,DKC F5/1А Предохранитель 1А,,,ЭКС,20.00000,ШТ,0.00000,ЭКС-000005928   ,,5962888.00000,,,0.00100,КГ,1.50000,0.40000,0.40000,СМ,,False,,66740.00000,,,,,,Заказной,Самоличенко В.А.,ZFN006ST,ШТ,Заказной товар,Диэлектрические кабельные,0.00000,0.00000,n.bezrukov,,2026-03-24 17:02:42,,166.85000,3337.00000,,,N,N,N,,False,0.02000,,,,,,0,ЭКС-000009693   ,2026-03-24 00:00:00,,,,,20.00000,1978607,2,,,,,,,,C,,Годен,,,
1997423,,WH1,321323,EKS000005928,839492,Корпус встр. пласт. 1 ряд / 12 модулей ЩРВ-П-12 IP 40 с 2 шинами PEN на 6 и 8 отв.FRAME,,,ЭКС,7.00000,ШТ,0.00000,ЭКС-000005928   ,,5962886.00000,,,1.18000,КГ,32.00000,24.00000,11.00000,СМ,,False,,42997.50000,,,,,,,Феденькова Д.Ю.,F12B1WD,ШТ,Новинка,Диэлектрические кабельные,0.00000,0.00000,n.bezrukov,,2026-03-24 16:35:23,,877.50000,6142.50000,,,N,N,N,,False,8.26000,,,,,,0,,2026-03-24 00:00:00,,,,,7.00000,1978608,2,,,,,,,,C,,Годен,,,
1997424,,WH1,321323,EKS000005928,762481,"DKC Комплект, крыша и основание, для шкафов nCQE, 800 x 400 мм",,,ЭКС,2.00000,КТ,0.00000,ЭКС-000005928   ,,5962887.00000,,,10.00000,КГ,47.00000,80.00000,20.00000,СМ,,False,,38126.88000,,,,,,Заказной,Феденькова Д.Ю.,R5NKTB84,КТ,Заказной товар,Диэлектрические кабельные,0.00000,0.00000,n.bezrukov,,2026-03-24 16:35:48,,9531.72000,19063.44000,,,N,N,N,,False,20.00000,,,,,,0,ЭКС-000012454   ,2026-03-24 00:00:00,,,,,2.00000,1978609,2,,,,,,,,C,,Годен,,,
1997425,,WH1,321324,EKS000005929,114808,"Наконечники с отверстием под винт и изолир.фланцем, 1,5-2,5мм 2B4P",,,ЭКС,100.00000,ШТ,0.00000,ЭКС-000005929   ,,5962889.00000,,,0.00010,КГ,2.00000,0.50000,0.50000,СМ,,,,60300.00000,,,,,,Дортман Анна Павловна,Княжева Ю.В.,2B4P,ШТ,Недоступен к заказу,Диэлектрические кабельные,0.00000,0.00000,n.bezrukov,,2026-03-24 16:05:03,,6.03000,603.00000,,,N,N,N,,False,0.01000,,,,,,0,ЭКС-000010517   ,2026-03-24 00:00:00,,,,,100.00000,1978610,2,,,,,,,,C,,Годен,,,
1997426,,WH1,321324,EKS000005929,749242,"Наконечник вилочный с изолир.фланцем ПВХ, легкий ввод жилы, 2,5-6 кв.мм М6 (д.6,4 мм) (НВИ) DKC",,,ЭКС,100.00000,ШТ,0.00000,ЭКС-000005929   ,,5962890.00000,,,0.00300,КГ,2.00000,0.50000,0.50000,СМ,,False,,49200.00000,,,,,,Заказной,Княжева Ю.В.,2C16P-EE-PVC,ШТ,Заказной товар,Диэлектрические кабельные,0.00000,0.00000,n.bezrukov,,2026-03-24 16:42:23,,4.92000,492.00000,,,N,N,N,,False,0.30000,,,,,,0,ЭКС-000010517   ,2026-03-24 00:00:00,,,,,100.00000,1978611,2,,,,,,,,C,,Годен,,,
1997427,,WH1,321324,EKS000005929,680670,DKC Корпус клеммный металлический SDE ВхШхГ 150x150x120 мм,,,ЭКС,4.00000,ШТ,0.00000,ЭКС-000005929   ,,5962893.00000,,,3.50000,КГ,16.00000,16.00000,15.00000,СМ,,,,48801.92000,,,,,,Заказной,Феденькова Д.Ю.,R5SDE1112,ШТ,Заказной товар,Диэлектрические кабельные,0.00000,0.00000,n.bezrukov,,2026-03-24 16:26:01,,3050.12000,12200.48000,,,N,N,N,,False,14.00000,,,,,,0,ЭКС-000002121   ,2026-03-24 00:00:00,,,,,4.00000,1978612,2,,,,,,,,C,,Годен,,,
1997428,,WH1,321324,EKS000005929,338897,Вентилятор c решеткой и фильтром R5RV08230,,,ЭКС,4.00000,ШТ,0.00000,ЭКС-000005929   ,,5962892.00000,,,0.25000,КГ,14.00000,14.00000,8.00000,СМ,,False,,22374.08000,,,,,,Заказной,Феденькова Д.Ю.,R5RV08230,ШТ,Заказной товар,Диэлектрические кабельные,0.00000,0.00000,n.bezrukov,,2026-03-24 16:06:28,,1398.38000,5593.52000,,,N,N,N,,False,1.00000,,,,,,0,ЭКС-000010353   ,2026-03-24 00:00:00,,,,,4.00000,1978613,2,,,,,,,,C,,Годен,,,
1997429,,WH1,321324,EKS000005929,334514,"Вентиляционная решетка с фильтром, 112 x 112 мм R5RF08",,,ЭКС,3.00000,ШТ,0.00000,ЭКС-000005929   ,,5962891.00000,,,0.10000,КГ,11.50000,11.50000,4.00000,СМ,,False,,2700.45000,,,,,,Заказной,Феденькова Д.Ю.,R5RF08,ШТ,Заказной товар,Диэлектрические кабельные,0.00000,0.00000,n.bezrukov,,2026-03-24 16:07:21,,300.05000,900.15000,,,N,N,N,,False,0.30000,,,,,,0,ЭКС-000010353   ,2026-03-24 00:00:00,,,,,3.00000,1978614,2,,,,,,,,C,,Годен,,,
1997430,,WH1,321324,EKS000005929,208672,Корпус сварной навесной серии ST с М/П Размер: 500x500x300 мм (ВхШхГ) IP65,,,ЭКС,1.00000,ШТ,0.00000,ЭКС-000005929   ,,5962894.00000,,,8.00000,КГ,50.00000,50.00000,30.00000,СМ,,False,,6194.63000,,,,,,Заказной,Феденькова Д.Ю.,R5ST0553,ШТ,Заказной товар,Диэлектрические кабельные,0.00000,0.00000,n.bezrukov,,2026-03-24 16:37:07,,6194.63000,6194.63000,,,N,N,N,,False,8.00000,,,,,,0,ЭКС-000011055   ,2026-03-24 00:00:00,,,,,1.00000,1978615,2,,,,,,,,C,,Годен,,,
1997431,,WH1,321325,EKS000005930,318594,"Труба ПЛЛ гибкая гофр. не содержит галогенов д.25мм, ПВ-0, с протяжкой,50м, цвет белый 81825",,,ЭКС,100.00000,М,0.00000,ЭКС-000005930   ,,5962898.00000,,,0.07000,КГ,100.00000,2.00000,2.00000,СМ,,False,,937400.00000,,,,,,Заказной,Гилета О.В.,81825,М,Заказной товар,Диэлектрические кабельные,0.00000,0.00000,n.bezrukov,,2026-03-24 15:44:27,,93.74000,9374.00000,,,Y,N,N,,False,7.00000,,,,,,0,ЭКС-000012562   ,2026-03-24 00:00:00,,,,,100.00000,1978616,1,,,,,,,Gofra,C,,Годен,,,
1997432,,WH1,321325,EKS000005930,36732,Труба ПВХ гибкая гофрированная тяжелая 25мм 91525,,,ЭКС,50.00000,М,0.00000,ЭКС-000005930   ,,5962899.00000,,,0.09400,КГ,100.00000,2.60000,2.60000,СМ,,False,,98150.00000,,3917320009,,,,Заказной,Гилета О.В.,91525,М,Заказной товар,Диэлектрические кабельные,0.00000,0.00000,n.bezrukov,,2026-03-24 15:45:29,,39.26000,1963.00000,,,Y,N,N,,False,4.70000,,,,,,0,ЭКС-000012603   ,2026-03-24 00:00:00,,,,,50.00000,1978617,1,,,,,,,Gofra_BIG,C,,Годен,,,
1997433,,WH1,321325,EKS000005930,47038,Труба ПВХ гибкая гофрированная тяжелая 32мм 91532,,,ЭКС,50.00000,М,0.00000,ЭКС-000005930   ,,5962900.00000,,,0.15000,КГ,100.00000,3.20000,3.20000,СМ,,False,,134550.00000,,3917320009,,,,Заказной,Гилета О.В.,91532,М,Заказной товар,Диэлектрические кабельные,0.00000,0.00000,n.bezrukov,,2026-03-24 15:44:59,,53.82000,2691.00000,,,Y,N,N,,False,7.50000,,,,,,0,ЭКС-000012603   ,2026-03-24 00:00:00,,,,,50.00000,1978618,1,,,,,,,Gofra_BIG,C,,Годен,,,
1997434,,WH1,321325,EKS000005930,848158,Комплект для крепления встраиваемых щитков FRAME в полые стены,,,ЭКС,1.00000,ШТ,0.00000,ЭКС-000005930   ,,5962903.00000,,,0.02000,КГ,12.00000,9.00000,2.00000,СМ,,False,,201.38000,,,,,,Заказной,Феденькова Д.Ю.,F00APBW,ШТ,Заказной товар,Диэлектрические кабельные,0.00000,0.00000,n.bezrukov,,2026-03-24 15:57:11,,201.38000,201.38000,,,N,N,N,,False,0.02000,,,,,,0,ЭКС-000012499   ,2026-03-24 00:00:00,,,,,1.00000,1978619,2,,,,,,,,C,,Годен,,,
1997435,,WH1,321325,EKS000005930,839479,Корпус встр. пласт. 2 ряда / 24 модуля ЩРВ-П-24 IP40 с 4 шин. PEN (8 отв. и 6 отв) FRAME,,,ЭКС,1.00000,ШТ,0.00000,ЭКС-000005930   ,,5962904.00000,,,2.70000,КГ,42.00000,32.00000,11.00000,СМ,,False,,1642.15000,,,,,,,Феденькова Д.Ю.,F24B1WD,ШТ,Новинка,Диэлектрические кабельные,0.00000,0.00000,n.bezrukov,,2026-03-24 15:50:04,,1642.15000,1642.15000,,,N,N,N,,False,2.70000,,,,,,0,ЭКС-000012501   ,2026-03-24 00:00:00,,,,,1.00000,1978620,2,,,,,,,,C,,Годен,,,
1997436,,WH1,321325,EKS000005930,808697,"DKC Лента изоляционная ПВХ 19x0,15 20м в рулоне Синяя",,,ЭКС,57.00000,ШТ,0.00000,ЭКС-000005930   ,,5962906.00000,,,0.01000,КГ,7.00000,7.00000,2.00000,СМ,,False,,203062.50000,,,,,,Заказной,Петров И.В.,PVC192015BL,ШТ,Заказной товар,Диэлектрические кабельные,0.00000,0.00000,n.bezrukov,,2026-03-24 15:53:28,,62.50000,3562.50000,,,N,N,N,,False,0.57000,,,,,,0,ЭКС-000012299   ,2026-03-24 00:00:00,,,,,57.00000,1978621,2,,,,,,,,C,,Годен,,,
1997437,,WH1,321325,EKS000005930,204277,Шайба М8 узкая DIN125 CM240800,,,ЭКС,200.00000,ШТ,0.00000,ЭКС-000005930   ,,5962901.00000,,,0.00100,КГ,1.50000,1.50000,0.20000,СМ,,,,72800.00000,,,,,,Заказной,Киселёв А.В.,CM240800,ШТ,Заказной товар,Диэлектрические кабельные,0.00000,0.00000,n.bezrukov,,2026-03-24 15:51:46,,1.82000,364.00000,,,N,N,N,,False,0.20000,,,,,,0,ЭКС-000012453   ,2026-03-24 00:00:00,,,,,200.00000,1978622,2,,,,,,,,C,,Годен,,,
1997438,,WH1,321325,EKS000005930,114803,"Наконечник с отверстием под винт и изолир.фланцем, 0,25-1,5мм 2A4P",,,ЭКС,400.00000,ШТ,0.00000,ЭКС-000005930   ,,5962895.00000,,,0.01000,КГ,2.00000,0.50000,0.50000,СМ,,,,910400.00000,,,,,,Заказной,Княжева Ю.В.,2A4P,ШТ,Недоступен к заказу,Диэлектрические кабельные,0.00000,0.00000,n.bezrukov,,2026-03-24 15:50:41,,5.69000,2276.00000,,,N,N,N,,False,4.00000,,,,,,0,ЭКС-000012693   ,2026-03-24 00:00:00,,,,,400.00000,1978623,2,,,,,,,,C,,Годен,,,
1997439,,WH1,321325,EKS000005930,808696,"DKC Лента изоляционная ПВХ 19x0,15 20м в рулоне Красная",,,ЭКС,115.00000,ШТ,0.00000,ЭКС-000005930   ,,5962907.00000,,,0.01000,КГ,7.00000,7.00000,2.00000,СМ,,False,,826562.50000,,,,,,Заказной,Петров И.В.,PVC192015RD,ШТ,Заказной товар,Диэлектрические кабельные,0.00000,0.00000,n.bezrukov,,2026-03-24 15:49:44,,62.50000,7187.50000,,,N,N,N,,False,1.15000,,,,,,0,ЭКС-000012299   ,2026-03-24 00:00:00,,,,,115.00000,1978624,2,,,,,,,,C,,Годен,,,
1997440,,WH1,321325,EKS000005930,808695,"DKC Лента изоляционная ПВХ 19x0,15 20м в рулоне Белая",,,ЭКС,252.00000,ШТ,0.00000,ЭКС-000005930   ,,5962908.00000,,,0.01000,КГ,7.00000,7.00000,2.00000,СМ,,False,,3969000.00000,,,,,,Заказной,Петров И.В.,PVC192015W,ШТ,Заказной товар,Диэлектрические кабельные,0.00000,0.00000,n.bezrukov,,2026-03-24 16:14:15,,62.50000,15750.00000,,,N,N,N,,False,2.52000,,,,,,0,ЭКС-000012299   ,2026-03-24 00:00:00,,,,,252.00000,1978625,2,,,,,,,,C,,Годен,,,
1997441,,WH1,321325,EKS000005930,391696,"Муфта металлорукав-коробка DN 26,М25х1,5 наружная резьба ДКС 6014-2527",,,ЭКС,9.00000,ШТ,0.00000,ЭКС-000005930   ,,5962897.00000,,,0.85000,КГ,5.00000,5.00000,5.00000,СМ,,,,168096.87000,,,,,,Заказной,Гилета О.В.,6014-2527,ШТ,Распродажа,Диэлектрические кабельные,0.00000,0.00000,n.bezrukov,,2026-03-24 15:50:57,,2075.27000,18677.43000,,,N,N,N,,False,7.65000,,,,,,0,ЭКС-000012628   ,2026-03-24 00:00:00,,,,,9.00000,1978626,2,,,,,,,,C,,Годен,,,
1997442,,WH1,321325,EKS000005930,357487,Наконечник кольцевой под винт 16 кв.мм винт 8 мм 2E8,,,ЭКС,100.00000,ШТ,0.00000,ЭКС-000005930   ,,5962896.00000,,,0.02000,КГ,3.00000,1.50000,0.50000,СМ,,,,166700.00000,,,,,,Заказной,Княжева Ю.В.,2E8,ШТ,Распродажа,Диэлектрические кабельные,0.00000,0.00000,n.bezrukov,,2026-03-24 15:52:28,,16.67000,1667.00000,,,N,N,N,,False,2.00000,,,,,,0,ЭКС-000012683   ,2026-03-24 00:00:00,,,,,100.00000,1978627,2,,,,,,,,C,,Годен,,,
1997443,,WH1,321325,EKS000005930,285030,Усиленный клиновой анкер М8х65  CM480865,,,ЭКС,100.00000,ШТ,0.00000,ЭКС-000005930   ,,5962902.00000,,,0.20000,КГ,7.00000,1.00000,1.00000,СМ,,,,260200.00000,,,,,,Дортман Анна Павловна,Киселев А.В.,CM480865,ШТ,Распродажа,Диэлектрические кабельные,0.00000,0.00000,n.bezrukov,,2026-03-24 15:52:01,,26.02000,2602.00000,,,N,N,N,,False,20.00000,,,,,,0,ЭКС-000012639   ,2026-03-24 00:00:00,,,,,100.00000,1978628,2,,,,,,,,C,,Годен,,,
1997444,,WH1,321325,EKS000005930,228923,"Обогреватель с клеммной колодкой,  P=150 R5SHT150",,,ЭКС,2.00000,ШТ,0.00000,ЭКС-000005930   ,,5962910.00000,,,0.88000,КГ,22.00000,12.00000,10.00000,СМ,,,,23023.00000,,,,,,Заказной,Феденькова Д.Ю.,R5SHT150,ШТ,Заказной товар,Диэлектрические кабельные,0.00000,0.00000,n.bezrukov,,2026-03-24 15:51:27,,5755.75000,11511.50000,,,N,N,N,,False,1.76000,,,,,,0,ЭКС-000012677   ,2026-03-24 00:00:00,,,,,2.00000,1978629,2,,,,,,,,C,,Годен,,,
1997445,,WH1,321325,EKS000005930,208677,Корпус сварной навесной серии ST с М/П Размер: 600x400x250 мм (ВхШхГ) IP65,,,ЭКС,1.00000,ШТ,0.00000,ЭКС-000005930   ,,5962912.00000,,,15.00000,КГ,60.00000,40.00000,29.00000,СМ,,False,,5263.41000,,,,,,Заказной,Феденькова Д.Ю.,R5ST0649,ШТ,Заказной товар,Диэлектрические кабельные,0.00000,0.00000,n.bezrukov,,2026-03-24 15:54:26,,5263.41000,5263.41000,,,N,N,N,,False,15.00000,,,,,,0,ЭКС-000012597   ,2026-03-24 00:00:00,,,,,1.00000,1978630,2,,,,,,,,C,,Годен,,,
1997446,,WH1,321325,EKS000005930,208670,Корпус сварной навесной серии ST с М/П Размер: 500x400x250 мм (ВхШхГ) IP65,,,ЭКС,1.00000,ШТ,0.00000,ЭКС-000005930   ,,5962911.00000,,,10.00000,КГ,55.00000,40.00000,22.00000,СМ,,False,,4629.21000,,,,,,Заказной,Феденькова Д.Ю.,R5ST0549,ШТ,Заказной товар,Диэлектрические кабельные,0.00000,0.00000,n.bezrukov,,2026-03-24 15:45:50,,4629.21000,4629.21000,,,N,N,N,,False,10.00000,,,,,,0,ЭКС-000012582   ,2026-03-24 00:00:00,,,,,1.00000,1978631,2,,,,,,,,C,,Годен,,,
1997447,,WH1,321325,EKS000005930,207201,"С-обр. профиль для пров. лотка 41х21, L3000 FPL2130",,,ЭКС,12.00000,М,0.00000,ЭКС-000005930   ,,5962905.00000,,,1.00000,КГ,100.00000,4.00000,1.80000,СМ,,,,79365.60000,,,,,,Заказной,Киселёв А.В.,FPL2130,М,Заказной товар,Диэлектрические кабельные,0.00000,0.00000,n.bezrukov,,2026-03-24 16:00:08,,551.15000,6613.80000,,,N,N,N,,False,12.00000,,,,,,0,ЭКС-000012639   ,2026-03-24 00:00:00,,,,,12.00000,1978632,2,,,,,,,,C,,Годен,,,
1997448,,WH1,321326,EKS000005931,682689,DKC Корпус навесной STE с М/П ВхШхГ 400x300x200 мм,,,ЭКС,1.00000,ШТ,0.00000,ЭКС-000005931   ,,5962974.00000,,,4.00000,КГ,41.00000,32.00000,22.00000,СМ,,,,7074.08000,,,,,,Заказной,Феденькова Д.Ю.,R5STE0432,ШТ,Заказной товар,Диэлектрические кабельные,0.00000,0.00000,n.bezrukov,,2026-03-24 16:24:22,,7074.08000,7074.08000,,,N,N,N,,False,4.00000,,,,,,0,ЭКС-000010517   ,2026-03-24 00:00:00,,,,,1.00000,1978633,2,,,,,,,,C,,Годен,,,
1997449,,WH1,321326,EKS000005931,856519,"Наконечник-гильза двойная с изолир.фланцем для жилы сечением 0,5 кв.мм, длина контактной части 8мм,",,,ЭКС,100.00000,ШТ,0.00000,ЭКС-000005931   ,,5962916.00000,,,0.00100,КГ,1.00000,0.30000,0.30000,СМ,,False,,13900.00000,,,,,,Заказной,Княжева Ю.В.,IFD2-0.5-8WT,ШТ,Заказной товар,Диэлектрические кабельные,0.00000,0.00000,n.bezrukov,,2026-03-24 16:40:39,,1.39000,139.00000,,,N,N,N,,False,0.10000,,,,,,0,ЭКС-000010517   ,2026-03-24 00:00:00,,,,,100.00000,1978634,2,,,,,,,,C,,Годен,,,
1997450,,WH1,321326,EKS000005931,839769,DKC F5/1А Предохранитель 1А,,,ЭКС,80.00000,ШТ,0.00000,ЭКС-000005931   ,,5962976.00000,,,0.00100,КГ,1.50000,0.40000,0.40000,СМ,,False,,973504.00000,,,,,,Заказной,Самоличенко В.А.,ZFN006ST,ШТ,Заказной товар,Диэлектрические кабельные,0.00000,0.00000,n.bezrukov,,2026-03-24 16:10:03,,152.11000,12168.80000,,,N,N,N,,False,0.08000,,,,,,0,ЭКС-000010517   ,2026-03-24 00:00:00,,,,,80.00000,1978635,2,,,,,,,,C,,Годен,,,
1997451,,WH1,321326,EKS000005931,680670,DKC Корпус клеммный металлический SDE ВхШхГ 150x150x120 мм,,,ЭКС,5.00000,ШТ,0.00000,ЭКС-000005931   ,,5962973.00000,,,3.50000,КГ,16.00000,16.00000,15.00000,СМ,,,,69518.50000,,,,,,Заказной,Феденькова Д.Ю.,R5SDE1112,ШТ,Заказной товар,Диэлектрические кабельные,0.00000,0.00000,n.bezrukov,,2026-03-24 16:34:39,,2780.74000,13903.70000,,,N,N,N,,False,17.50000,,,,,,0,ЭКС-000008089   ,2026-03-24 00:00:00,,,,,5.00000,1978636,2,,,,,,,,C,,Годен,,,
1997452,,WH1,321326,EKS000005931,677500,DKC Корпус навесной STE с М/П ВхШхГ 500x400x250 мм,,,ЭКС,1.00000,ШТ,0.00000,ЭКС-000005931   ,,5962975.00000,,,16.00000,КГ,50.00000,41.00000,28.00000,СМ,,,,9622.44000,,,,,,Заказной,Феденькова Д.Ю.,R5STE0549,ШТ,Заказной товар,Диэлектрические кабельные,0.00000,0.00000,n.bezrukov,,2026-03-24 16:36:23,,9622.44000,9622.44000,,,N,N,N,,False,16.00000,,,,,,0,ЭКС-000010517   ,2026-03-24 00:00:00,,,,,1.00000,1978637,2,,,,,,,,C,,Годен,,,
1997453,,WH1,321326,EKS000005931,361897,Угол CDV 90 вертикальный внеш. осн.150 H80 в комплекте с крепежными элементами и пластинами,,,ЭКС,3.00000,УП,0.00000,ЭКС-000005931   ,,5962915.00000,,,1.00000,КГ,21.00000,21.00000,15.00000,СМ,,,,22882.14000,,,,,,Заказной,Киселёв А.В.,37373K,УП,Заказной товар,Диэлектрические кабельные,0.00000,0.00000,n.bezrukov,,2026-03-24 16:10:23,,2542.46000,7627.38000,,,N,N,N,,False,3.00000,,,,,,0,ЭКС-000010517   ,2026-03-24 00:00:00,,,,,3.00000,1978638,2,,,,,,,,C,,Годен,,,
1997454,,WH1,321326,EKS000005931,117599,"Вилочные наконечники под винт с изолир. фланцем, 1,5-2,5мм 2B15P",,,ЭКС,200.00000,ШТ,0.00000,ЭКС-000005931   ,,5962913.00000,,,0.01000,КГ,2.00000,1.00000,1.00000,СМ,,,,219600.00000,,,,,,Заказной,Княжева Ю.В.,2B15P,ШТ,Распродажа,Диэлектрические кабельные,0.00000,0.00000,n.bezrukov,,2026-03-24 16:05:13,,5.49000,1098.00000,,,N,N,N,,False,2.00000,,,,,,0,ЭКС-000010517   ,2026-03-24 00:00:00,,,,,200.00000,1978639,2,,,,,,,,C,,Годен,,,
1997455,,WH1,321326,EKS000005931,810913,"Наконечник-гильза двойная с изолир.фланцем 2,5 кв.мм синий (НШВИ2)",,,ЭКС,600.00000,ШТ,0.00000,ЭКС-000005931   ,,5962917.00000,,,0.01000,КГ,2.00000,0.70000,0.40000,СМ,,False,,763200.00000,,,,,,Заказной,Княжева Ю.В.,IFD2-2.5-10BL,ШТ,Заказной товар,Диэлектрические кабельные,0.00000,0.00000,n.bezrukov,,2026-03-24 16:04:32,,2.12000,1272.00000,,,N,N,N,,False,6.00000,,,,,,0,,2026-03-24 00:00:00,,,,,600.00000,1978640,2,,,,,,,,C,,Годен,,,
1997456,,WH1,321326,EKS000005931,808697,"DKC Лента изоляционная ПВХ 19x0,15 20м в рулоне Синяя",,,ЭКС,777.00000,ШТ,0.00000,ЭКС-000005931   ,,5962940.00000,,,0.01000,КГ,7.00000,7.00000,2.00000,СМ,,False,,34400478.42000,,,,,,Заказной,Петров И.В.,PVC192015BL,ШТ,Заказной товар,Диэлектрические кабельные,0.00000,0.00000,n.bezrukov,,2026-03-24 16:34:11,,56.98000,44273.46000,,,N,N,N,,False,7.77000,,,,,,0,ЭКС-000012290   ,2026-03-24 00:00:00,,,,,777.00000,1978641,2,,,,,,,,C,,Годен,,,
1997457,,WH1,321326,EKS000005931,808696,"DKC Лента изоляционная ПВХ 19x0,15 20м в рулоне Красная",,,ЭКС,298.00000,ШТ,0.00000,ЭКС-000005931   ,,5962960.00000,,,0.01000,КГ,7.00000,7.00000,2.00000,СМ,,False,,5060051.92000,,,,,,Заказной,Петров И.В.,PVC192015RD,ШТ,Заказной товар,Диэлектрические кабельные,0.00000,0.00000,n.bezrukov,,2026-03-24 16:28:34,,56.98000,16980.04000,,,N,N,N,,False,2.98000,,,,,,0,ЭКС-000012290   ,2026-03-24 00:00:00,,,,,298.00000,1978642,2,,,,,,,,C,,Годен,,,
1997458,,WH1,321326,EKS000005931,808695,"DKC Лента изоляционная ПВХ 19x0,15 20м в рулоне Белая",,,ЭКС,96.00000,ШТ,0.00000,ЭКС-000005931   ,,5962964.00000,,,0.01000,КГ,7.00000,7.00000,2.00000,СМ,,False,,525127.68000,,,,,,Заказной,Петров И.В.,PVC192015W,ШТ,Заказной товар,Диэлектрические кабельные,0.00000,0.00000,n.bezrukov,,2026-03-24 16:14:26,,56.98000,5470.08000,,,N,N,N,,False,0.96000,,,,,,0,ЭКС-000012292   ,2026-03-24 00:00:00,,,,,96.00000,1978643,2,,,,,,,,C,,Годен,,,
1997459,,WH1,321326,EKS000005931,808694,"DKC Лента изоляционная ПВХ 19x0,15 20м в рулоне Желтая",,,ЭКС,381.00000,ШТ,0.00000,ЭКС-000005931   ,,5962965.00000,,,0.01000,КГ,7.00000,7.00000,2.00000,СМ,,False,,8271273.78000,,,,,,Заказной,Петров И.В.,PVC192015Y,ШТ,Заказной товар,Диэлектрические кабельные,0.00000,0.00000,n.bezrukov,,2026-03-24 16:31:56,,56.98000,21709.38000,,,N,N,N,,False,3.81000,,,,,,0,ЭКС-000012290   ,2026-03-24 00:00:00,,,,,381.00000,1978644,2,,,,,,,,C,,Годен,,,
1997460,,WH1,321326,EKS000005931,749906,"Концевой выключатель с двумя контактами, нормально открытый + нормально закрытый (NO+NC). С поворотн",,,ЭКС,3.00000,ШТ,0.00000,ЭКС-000005931   ,,5962972.00000,,,0.12000,КГ,14.00000,5.00000,4.00000,СМ,,False,,6188.40000,,,,,,Заказной,Феденькова Д.Ю.,R5MC131,ШТ,Заказной товар,Диэлектрические кабельные,0.00000,0.00000,n.bezrukov,,2026-03-24 16:07:09,,687.60000,2062.80000,,,N,N,N,,False,0.36000,,,,,,0,ЭКС-000011745   ,2026-03-24 00:00:00,,,,,3.00000,1978645,2,,,,,,,,C,,Годен,,,
1997461,,WH1,321326,EKS000005931,744779,"DKC Лента изоляционная ПВХ 19x0,15 20м в рулоне Черная",,,ЭКС,1733.00000,ШТ,0.00000,ЭКС-000005931   ,,5962929.00000,,,0.01000,КГ,7.00000,7.00000,2.00000,СМ,,,,171127407.22000,,,,,,Заказной,Петров И.В.,PVC192015BK,ШТ,Заказной товар,Диэлектрические кабельные,0.00000,0.00000,n.bezrukov,,2026-03-24 16:28:50,,56.98000,98746.34000,,,N,N,N,,False,17.33000,,,,,,0,ЭКС-000012290   ,2026-03-24 00:00:00,,,,,1733.00000,1978646,2,,,,,,,,C,,Годен,,,
1997462,,WH1,321326,EKS000005931,722000,"DKC Лента изоляционная ПВХ 15x0,13 10м в рулоне Черная",,,ЭКС,1803.00000,ШТ,0.00000,ЭКС-000005931   ,,5962919.00000,,,0.01000,КГ,5.00000,5.00000,1.00000,СМ,,,,147294155.79000,,,,,,Заказной,Петров И.В.,PVC151013BK,ШТ,Заказной товар,Диэлектрические кабельные,0.00000,0.00000,n.bezrukov,,2026-03-24 16:29:04,,45.31000,81693.93000,,,N,N,N,,False,18.03000,,,,,,0,ЭКС-000012290   ,2026-03-24 00:00:00,,,,,1803.00000,1978647,2,,,,,,,,C,,Годен,,,
1997463,,WH1,321326,EKS000005931,704862,"DKC Лента изоляционная ПВХ 19x0,15 20м в рулоне Зеленая",,,ЭКС,335.00000,ШТ,0.00000,ЭКС-000005931   ,,5962952.00000,,,0.02000,КГ,7.00000,7.00000,2.00000,СМ,,,,6394580.50000,,,,,,Заказной,Петров И.В.,PVC192015GN,ШТ,Заказной товар,Диэлектрические кабельные,0.00000,0.00000,n.bezrukov,,2026-03-24 16:28:17,,56.98000,19088.30000,,,N,N,N,,False,6.70000,,,,,,0,ЭКС-000012290   ,2026-03-24 00:00:00,,,,,335.00000,1978648,2,,,,,,,,C,,Годен,,,
1997464,,WH1,321327,EKS000005932,525793,Стеновое крепление лотка (кронштейн) LP5000,,,ЭКС,10.00000,ШТ,0.00000,ЭКС-000005932   ,,5962977.00000,,,0.10000,КГ,9.00000,5.00000,5.00000,СМ,,False,,31203.00000,,,,,,Дортман Анна Павловна,Киселев А.В.,LP5000,ШТ,Недоступен к заказу,Диэлектрические кабельные,0.00000,0.00000,n.bezrukov,,2026-03-24 16:04:45,,312.03000,3120.30000,,,N,N,N,,False,1.00000,,,,,,0,,2026-03-24 00:00:00,,,,,10.00000,1978649,2,,,,,,,,C,,Годен,,,
1997465,,WH1,321328,EKS000005933,797904,"Экопласт JBS300 Коробка распределительная о/п 300х250х120 8 вых., 12 муфты 44030",,,ЭКС,2.00000,ШТ,0.00000,ЭКС-000005933   ,,5962979.00000,,,1.00000,КГ,30.00000,25.00000,12.00000,СМ,,False,,6141.00000,,,,,,Заказной,Любаева С.В.,16062500,ШТ,Прочее,ВсеИнструменты.ру,0.00000,0.00000,n.bezrukov,,2026-03-24 15:29:13,,1535.25000,3070.50000,,,N,N,N,,False,2.00000,,,,,,0,ЭКС-000011698   ,2026-03-23 00:00:00,,,,,2.00000,1978650,2,,,,,,,,C,,Годен,,,
1997466,,WH1,321329,EKS000005934,882584,Реле промежуточное ПР-102 5А 110В AC 3 конт. с LED-индикацией,,,ЭКС,80.00000,ШТ,0.00000,ЭКС-000005934   ,,5962986.00000,,,0.03000,КГ,4.00000,2.70000,2.00000,СМ,,False,,1627136.00000,,,,,,Заказной,Третьяков С.М.,23881DEK,ШТ,,СИСТЭМ ЭЛЕКТРИК АО (ранее,0.00000,0.00000,a.savitskiy,,2026-03-24 16:26:19,,254.24000,20339.20000,,,N,N,N,,False,2.40000,,,,,,0,ЭКС-000010655   ,2026-03-26 00:00:00,,,,,80.00000,1978651,2,,,,,,,,C,,Годен,,,
1997467,,WH1,321330,TR-24/03/2026-07,0000,ТРАНЗИТ,,ЮВЕЛС КРАСНОЯРСК №1,ЭКС,1.00000,ГМ,0.00000,,,1.00000,4712-12-31 00:00:00,,1.00000,КГ,1.00000,1.00000,1.00000,СМ,СМ3,,,0.00000,,,,0,,,,,,,,0.00000,2.00000,r.sagaidak,,2026-03-24 17:43:17,,0.00000,0.00000,0,Y,Y,N,N,рц,,1.00000,,,рц,0.00000,,0,,2026-03-24 00:00:00,0.00000,0.00000,0.00000,0.00000,1.00000,,,,,,,,,,,,,,,0.00000
1997468,,WH1,321331,TR-24/03/2026-08,0000,ТРАНЗИТ,,ЮВЕЛС КРАСНОЯРСК №2,ЭКС,1.00000,ГМ,0.00000,,,1.00000,4712-12-31 00:00:00,,1.00000,КГ,1.00000,1.00000,1.00000,СМ,СМ3,,,0.00000,,,,0,,,,,,,,0.00000,2.00000,r.sagaidak,,2026-03-24 17:43:26,,0.00000,0.00000,0,Y,Y,N,N,рц,,1.00000,,,рц,0.00000,,0,,2026-03-24 00:00:00,0.00000,0.00000,0.00000,0.00000,1.00000,,,,,,,,,,,,,,,0.00000
1997469,,WH1,321332,TR-24/03/2026-09,0000,ТРАНЗИТ,,ЮВЕЛС КРАСНОЯРСК №3,ЭКС,1.00000,ГМ,0.00000,,,1.00000,4712-12-31 00:00:00,,1.00000,КГ,1.00000,1.00000,1.00000,СМ,СМ3,,,0.00000,,,,0,,,,,,,,0.00000,2.00000,r.sagaidak,,2026-03-24 17:43:34,,0.00000,0.00000,0,Y,Y,N,N,рц,,1.00000,,,рц,0.00000,,0,,2026-03-24 00:00:00,0.00000,0.00000,0.00000,0.00000,1.00000,,,,,,,,,,,,,,,0.00000
1997470,,WH1,321333,EKS000005935,836219,"Газ для зажигалок S&B бутан 200 мл, объем 290см3 ГС 005",,,ЭКС,21.00000,ШТ,0.00000,ЭКС-000005935   ,,5963006.00000,,,0.20000,КГ,16.00000,5.00000,5.00000,СМ,,False,,48439.44000,,,,,,,Петров И.В.,ГС 005,ШТ,Базовый,ВсеИнструменты.ру,0.00000,0.00000,r.sagaidak,,2026-03-24 17:55:32,,109.84000,2306.64000,,,N,N,N,,False,4.20000,,,,,,0,,2026-03-24 00:00:00,,,,,21.00000,1978652,2,,,,,,,,C,,Годен,,,
1997471,,WH1,321333,EKS000005935,804070,Паяльная паста (35 г) Mechanic XG50,,,ЭКС,4.00000,ШТ,0.00000,ЭКС-000005935   ,,5963005.00000,,,0.04000,КГ,11.00000,6.00000,3.00000,СМ,,False,,8157.44000,,,,,,,Петров И.В.,XG50,ШТ,Товар РЦ,ВсеИнструменты.ру,0.00000,0.00000,r.sagaidak,,2026-03-24 17:54:37,,509.84000,2039.36000,,,N,N,N,,False,0.16000,,,,,,0,,2026-03-24 00:00:00,,,,,4.00000,1978653,2,,,,,,,,C,,Годен,,,
1997472,,WH1,321333,EKS000005935,549056,"ЗУБР 12х110мм, 15шт, болт анкерный с пластиковым кольцом, желтый цинк",,,ЭКС,1.00000,УП,0.00000,ЭКС-000005935   ,,5963004.00000,,,2.26000,КГ,16.00000,10.00000,9.00000,СМ,,,,950.00000,,,,,,Заказной,Петров И.В.,4-302312-12-110,УП,Заказной товар,ЗУБР НСК ООО (Ювента),0.00000,0.00000,r.sagaidak,,2026-03-24 17:55:02,,950.00000,950.00000,,,N,N,N,,False,2.26000,,,,,,0,ЭКС-000006421   ,2026-03-24 00:00:00,,,,,1.00000,1978654,2,,,,,,,,C,,Годен,,,
1997473,,WH1,321333,EKS000005935,882927,Свинцовая пломба Пломба.Ру 1 кг. 41675,,,ЭКС,6.00000,ШТ,0.00000,ЭКС-000005935   ,,5963007.00000,,,1.00000,КГ,12.00000,6.00000,4.00000,СМ,,False,,15757.56000,,,,,,Заказной,Петров И.В.,41675,ШТ,Заказной товар,ВсеИнструменты.ру,0.00000,0.00000,r.sagaidak,,2026-03-24 17:56:27,,437.71000,2626.26000,,,N,N,N,,False,6.00000,,,,,,0,ЭКС-000008733   ,2026-03-24 00:00:00,,,,,6.00000,1978655,2,,,,,,,,C,,Годен,,,
1997474,,WH1,321334,EKS000005936,317429,"Аккумулятор свинцово-кислотный DELTA HR 12-7.2 12В | 7,2Ач  2,5кг",,,ЭКС,4.00000,ШТ,0.00000,ЭКС-000005936   ,,5963018.00000,,,2.50000,КГ,15.00000,6.00000,10.00000,СМ,,False,,22363.84000,,,,,,Сарычев Дмитрий Сергеевич,Иваненко П.В.,4614010180011,ШТ,Товар РЦ,СМАРТ БЭТТЕРИЗ ООО,0.00000,0.00000,r.sorokin,,2026-03-25 08:58:52,,1397.74000,5590.96000,,,N,N,N,,False,10.00000,,,,,,0,ЭКС-000011619   ,2026-03-24 00:00:00,,,,,4.00000,1978656,2,,,,,,,,C,,Годен,,,
1997475,,WH1,321335,EKS000005937,696174,Аккумуляторная батарея Delta DTM 12100 L (12V / 100Ah),,,ЭКС,1.00000,ШТ,0.00000,ЭКС-000005937   ,,5963019.00000,,,30.00000,КГ,36.00000,20.00000,27.00000,СМ,,False,,15430.33000,,,,,,Заказной,Иваненко П.В.,DTM12100L,ШТ,Заказной товар,Тайле Рус,0.00000,0.00000,r.sorokin,,2026-03-25 09:02:25,,15430.33000,15430.33000,,,N,N,N,,False,30.00000,,,,,,0,ЭКС-000012531   ,2026-03-24 00:00:00,,,,,1.00000,1978657,2,,,,,,,,C,,Годен,,,
1997476,,WH1,321336,EKS000005938,877346,Реле обрыва фаз JVM-1 3ф. 380В (БЕЗ колодки разъема),,,ЭКС,2.00000,ШТ,0.00000,ЭКС-000005938   ,,5963020.00000,,,0.30000,КГ,10.00000,7.00000,10.00000,СМ,,False,,6000.00000,,,,,,Заказной,Любаева С.В.,,ШТ,Прочее,Карпов Владимир Алексееви,0.00000,0.00000,r.sorokin,,2026-03-25 09:04:52,,1500.00000,3000.00000,,,N,N,N,,False,0.60000,,,,,,0,ЭКС-000009302   ,2026-03-10 00:00:00,,,,,2.00000,1978658,2,,,,,,,,C,,Годен,,,
1997477,,WH1,321337,EKS000005939,685931,Конвектор ОК-EU-1500 Eurolux,,,ЭКС,1.00000,ШТ,0.00000,ЭКС-000005939   ,,5963021.00000,,,5.00000,КГ,65.00000,50.00000,13.00000,СМ,,False,,2215.26000,,,,,,,Петров И.В.,67/4/25,ШТ,Базовый,Креусс АО,0.00000,0.00000,r.sorokin,,2026-03-25 09:10:56,,2215.26000,2215.26000,,,N,N,N,,False,5.00000,,,,,,0,,2026-03-25 00:00:00,,,,,1.00000,1978659,2,,,,,,,,C,,Брак,,,
1997478,,WH1,321338,EKS000005940,494858,Конвектор ОК-EU-2000CH Eurolux,,,ЭКС,1.00000,ШТ,0.00000,ЭКС-000005940   ,,5963022.00000,,,4.00000,КГ,80.00000,11.00000,50.00000,СМ,,False,,1931.35000,,,,,,Катышев Александр Вячесла,Петров И.В.,67/4/33,ШТ,Базовый,Креусс АО,0.00000,0.00000,r.sorokin,,2026-03-25 09:14:55,,1931.35000,1931.35000,,,N,N,N,,False,4.00000,,,,,,0,,2026-03-25 00:00:00,,,,,1.00000,1978660,2,,,,,,,,C,,Брак,,,
1997479,,WH1,321339,EKS000005941,685931,Конвектор ОК-EU-1500 Eurolux,,,ЭКС,1.00000,ШТ,0.00000,ЭКС-000005941   ,,5963023.00000,,,5.00000,КГ,65.00000,50.00000,13.00000,СМ,,False,,2215.26000,,,,,,,Петров И.В.,67/4/25,ШТ,Базовый,Креусс АО,0.00000,0.00000,r.sorokin,,2026-03-25 09:16:03,,2215.26000,2215.26000,,,N,N,N,,False,5.00000,,,,,,0,,2026-03-25 00:00:00,,,,,1.00000,1978661,2,,,,,,,,C,,Брак,,,
1997480,,WH1,321340,EKS000005942,686,Провод ПЩ 10,,,ЭКС,9.00000,КГ,0.00000,ЭКС-000005942,,5963024.00000,,,1.00000,КГ,10.00000,10.00000,6.00000,СМ,,False,,162664.20000,4.75,,,,,Коробейников Николай Алек,Лихушина Н.И.,686,КГ,Товар РЦ,Холдинг Кабельный Альянс,0.00000,0.00000,zmeevskiy,,2026-03-25 11:55:36,,2008.20000,18073.80000,,,Y,N,N,,False,9.00000,,,,,,0,ЭКС-000011599   ,2026-03-24 00:00:00,,,,,9.00000,1978662,1,,,,,,,,C,,Годен,,,
1997481,,WH1,321340,EKS000005942,133900,"Кабель КГН 4х2,5",,,ЭКС,50.00000,М,0.00000,ЭКС-000005942,,5963025.00000,,,0.29000,КГ,100.00000,1.33000,1.33000,СМ,,,,526225.00000,13.3,,,,,Заказной,Косолапова Л.В.,133900,М,Заказной товар,Сибкабель АО,0.00000,0.00000,zmeevskiy,,2026-03-25 11:55:36,,210.49000,10524.50000,,,Y,N,N,,False,14.50000,,,,,,0,ЭКС-000011036   ,2026-03-24 00:00:00,,,,,50.00000,1978663,1,,,,,,,,C,,Годен,,,
1997482,,WH1,321341,EKS000005943,240939,Кабель КГВВнг(A)-LS 5х25 - 1кВ,,,ЭКС,21.00000,М,0.00000,ЭКС-000005943   ,,5963026.00000,,,2.01000,КГ,100.00000,3.01000,3.01000,СМ,,,,634753.35000,30.3,,,,,Заказной,Косолапова Л.В.,240939,М,Заказной товар,,0.00000,0.00000,v.kochev,,2026-03-25 13:30:25,,1439.35000,30226.35000,,,Y,N,N,,False,42.21000,,,,,,0,ЭКС-000007376   ,2026-03-03 00:00:00,,,,,21.00000,1978664,1,,,,,,,,C,,Годен,,,
1997483,,WH1,321342,EKS000005944,880313,Бра Скади черный/матовое золото (левое) w15х6 h100 Led 22W (3000K),,,ЭКС,1.00000,ШТ,0.00000,ЭКС-000005944   ,,5963027.00000,,,1.20000,КГ,100.00000,19.00000,8.00000,СМ,,False,,4147.54000,,,,,,Заказной,Кузьмин М.С.,"08418A-100L,19-33(3000K)",ШТ,Заказной товар,Свет-Декор ООО,0.00000,0.00000,r.sorokin,,2026-03-25 11:04:00,,4147.54000,4147.54000,,,N,N,N,,False,1.20000,,,,,,0,ЭКС-000010977   ,2026-03-25 00:00:00,,,,,1.00000,1978665,2,,,,,,,,C,,Годен,,,
1997484,,WH1,321343,EKS000005945,811932,"Комплект светодиодных линеек ""Армстронг"" 4x8Вт (драйвер 36Вт) 4000лм, 6000К, smd 5730, 4x520мм",,,ЭКС,250.00000,ШТ,0.00000,ЭКС-000005945   ,,5963033.00000,,,0.16000,КГ,58.00000,8.00000,3.00000,СМ,,True,26.11.22.200,22448750.00000,,,,,,,Косова Т.В.,12-141,ШТ,Базовый,ООО «АЛИОТ»,0.00000,0.00000,o.ivanov,,2026-03-25 11:41:21,,359.18000,89795.00000,,,N,N,N,,True,40.00000,,,,,,0,ЭКС-000010927   ,2026-03-25 00:00:00,,,,,250.00000,1978666,2,,,,,,,,C,,Годен,,,
1997485,,WH1,321343,EKS000005945,811923,"LED Панель встраиваемая безрамочная FLP,32Вт (24Вт+8Вт)2720лм, 6500К, IP20, 225х21мм, круг, 3 режима",,,ЭКС,12.00000,ШТ,0.00000,ЭКС-000005945   ,,5963028.00000,,,0.42000,КГ,28.00000,23.00000,4.00000,СМ,,True,27.40.25.123,84358.08000,,,,,,,Косова Т.В.,06-111,ШТ,Товар филиала,ООО «АЛИОТ»,0.00000,0.00000,o.ivanov,,2026-03-25 11:48:22,,585.82000,7029.84000,,,N,N,N,,True,5.04000,,,,,,0,ЭКС-000010989   ,2026-03-25 00:00:00,,,,,12.00000,1978667,2,,,,,,,,C,,Годен,,,
1997486,,WH1,321343,EKS000005945,811876,"LED Панель встраиваемая круглая 220В, 10Вт, 800Лм, CRI:80Ra, Ф 120/85мм,алюминиевый корпус 6500K",,,ЭКС,10.00000,ШТ,0.00000,ЭКС-000005945   ,,5963029.00000,,,0.17000,КГ,16.00000,13.00000,3.00000,СМ,,True,27.40.25.123,29434.00000,,,,,,,Косова Т.В.,06-53,ШТ,Товар филиала,ООО «АЛИОТ»,0.00000,0.00000,o.ivanov,,2026-03-25 11:51:56,,294.34000,2943.40000,,,N,N,N,,True,1.70000,,,,,,0,ЭКС-000010989   ,2026-03-25 00:00:00,,,,,10.00000,1978668,2,,,,,,,,C,,Годен,,,
1997487,,WH1,321343,EKS000005945,856235,"Комплект (10шт)крепежей пластиковых для круглого неона smd 2835, 144д/м, d=14мм, арт 17-57/58/59",,,ЭКС,100.00000,ШТ,0.00000,ЭКС-000005945   ,,5963030.00000,,,0.01000,КГ,12.00000,7.00000,1.00000,СМ,,False,,797500.00000,,,,,,,Кузьмин М.С.,09-154,ШТ,Новинка,ООО «АЛИОТ»,0.00000,0.00000,o.ivanov,,2026-03-25 11:56:58,,79.75000,7975.00000,,,N,N,N,,False,1.00000,,,,,,0,,2026-03-25 00:00:00,,,,,100.00000,1978669,2,,,,,,,,C,,Годен,,,
1997488,,WH1,321344,EKS000005946,866398,Потолочная люстра ЭкономСвет,,,ЭКС,1.00000,ШТ,0.00000,ЭКС-000005946   ,,5963036.00000,,,3.50000,КГ,32.00000,16.00000,26.00000,СМ,,False,,2099.18000,,,,,,Заказной,Кузьмин М.С.,13147/5CR+BK WT,ШТ,Заказной товар,ДОМ СВЕТА ООО,0.00000,0.00000,r.sorokin,,2026-03-25 11:48:57,,2099.18000,2099.18000,,,N,N,N,,False,3.50000,,,,,,0,ЭКС-000007705   ,2026-03-24 00:00:00,,,,,1.00000,1978670,2,,,,,,,,C,,Годен,,,
1997489,,WH1,321344,EKS000005946,866397,Люстра потолочная De City Dela,,,ЭКС,1.00000,ШТ,0.00000,ЭКС-000005946   ,,5963037.00000,,,3.70000,КГ,24.00000,20.00000,29.50000,СМ,,False,,2360.66000,,,,,,Заказной,Кузьмин М.С.,635015605,ШТ,Заказной товар,ДОМ СВЕТА ООО,0.00000,0.00000,r.sorokin,,2026-03-25 11:41:39,,2360.66000,2360.66000,,,N,N,N,,False,3.70000,,,,,,0,ЭКС-000007705   ,2026-03-24 00:00:00,,,,,1.00000,1978671,2,,,,,,,,C,,Годен,,,
1997490,,WH1,321345,EKS000005947,878200,Потолочная люстра Ambrella light Traditional Modern TR9593,,,ЭКС,2.00000,ШТ,0.00000,ЭКС-000005947   ,,5963040.00000,,,1.60000,КГ,35.00000,18.00000,21.00000,СМ,,False,,11472.80000,,,,,,Заказной,Кузьмин М.С.,TR9593,ШТ,Заказной товар,ДОМ СВЕТА ООО,0.00000,0.00000,r.sorokin,,2026-03-25 11:46:15,,2868.20000,5736.40000,,,N,N,N,,False,3.20000,,,,,,0,ЭКС-000010153   ,2026-03-24 00:00:00,,,,,2.00000,1978672,2,,,,,,,,C,,Годен,,,
1997491,,WH1,321345,EKS000005947,877369,Потолочная люстра Lumion Comfi Gareta 8235/6C,,,ЭКС,1.00000,ШТ,0.00000,ЭКС-000005947   ,,5963039.00000,,,2.00000,КГ,40.00000,32.00000,9.00000,СМ,,False,,3552.79000,,,,,,Заказной,Кузьмин М.С.,8235/6C,ШТ,Заказной товар,ДОМ СВЕТА ООО,0.00000,0.00000,r.sorokin,,2026-03-25 11:38:26,,3552.79000,3552.79000,,,N,N,N,,False,2.00000,,,,,,0,ЭКС-000010107   ,2026-03-24 00:00:00,,,,,1.00000,1978673,2,,,,,,,,C,,Годен,,,
1997492,,WH1,321345,EKS000005947,481468,Влагозащищенный светильник Lightstar 011274,,,ЭКС,5.00000,ШТ,0.00000,ЭКС-000005947   ,,5963038.00000,,,0.20000,КГ,10.00000,10.00000,5.50000,СМ,,False,,12386.25000,,,,,,Заказной,Кузьмин М.С.,011274,ШТ,Заказной товар,ООО «ДЕНКИРС РУС»,0.00000,0.00000,r.sorokin,,2026-03-25 11:36:16,,495.45000,2477.25000,,,N,N,N,,False,1.00000,,,,,,0,ЭКС-000010107   ,2026-03-24 00:00:00,,,,,5.00000,1978674,2,,,,,,,,C,,Годен,,,
1997493,,WH1,321346,EKS000005948,883339,Прожектор FL-LED Light-PAD 800W Black   4200К 80000Лм 800Вт  AC220-240В 800x360x50мм,,,ЭКС,21.00000,ШТ,21.00000,ЭКС-000005948   ,,5963051.00000,,,0.00000,,0.00000,0.00000,0.00000,,,False,,3434014.08000,,,,,,,Косова Т.В.,615701,ШТ,Товар РЦ,ЛАЙТИНГ-РУС   ООО,0.00000,0.00000,ILSSRV,56ebf153-9bf1-4a9d-8daa-b65eea770b6c,2026-03-25 10:02:42,,7786.88000,163524.48000,,,N,N,N,,False,0.00000,,,,,,0,,2026-03-25 00:00:00,,,,,21.00000,1978675,2,,,,,,,,C,,Годен,,,
1997494,,WH1,321346,EKS000005948,877916,Прожектор FL-LED Light-PAD 700W Grey   6400К 70000Лм 700Вт  AC220-240В 700x350x45мм,,,ЭКС,30.00000,ШТ,30.00000,ЭКС-000005948   ,,5963050.00000,,,4.90000,КГ,72.00000,35.00000,8.00000,СМ,,False,,5532786.00000,,,,,,,Косова Т.В.,616494,ШТ,Товар РЦ,ЛАЙТИНГ-РУС   ООО,0.00000,0.00000,ILSSRV,56ebf153-9bf1-4a9d-8daa-b65eea770b6c,2026-03-25 10:02:42,,6147.54000,184426.20000,,,N,N,N,,False,147.00000,,,,,,0,,2026-03-25 00:00:00,,,,,30.00000,1978676,2,,,,,,,,C,,Годен,,,
1997495,,WH1,321346,EKS000005948,874970,Прожектор FL-LED Light-PAD 250W Black    6400К 25000Лм 250Вт  AC220-240В 370x270x38мм,,,ЭКС,20.00000,ШТ,20.00000,ЭКС-000005948   ,,5963045.00000,,,2.07000,КГ,37.00000,28.00000,4.00000,СМ,,False,,639344.00000,,,,,,,Косова Т.В.,616906,ШТ,Базовый,ЛАЙТИНГ-РУС   ООО,0.00000,0.00000,ILSSRV,56ebf153-9bf1-4a9d-8daa-b65eea770b6c,2026-03-25 10:02:42,,1598.36000,31967.20000,,,N,N,N,,False,41.40000,,,,,,0,,2026-03-25 00:00:00,,,,,20.00000,1978677,2,,,,,,,,C,,Годен,,,
1997496,,WH1,321346,EKS000005948,865985,Прожектор FL-LED Light-PAD 400W Grey   6400К 40000Лм 400Вт  AC220-240В 395x305x35мм,,,ЭКС,200.00000,ШТ,200.00000,ЭКС-000005948   ,,5963048.00000,,,2.40000,КГ,42.00000,31.50000,4.50000,СМ,,False,,95082000.00000,,,,,,,Косова Т.В.,616401,ШТ,Базовый,ЛАЙТИНГ-РУС   ООО,0.00000,0.00000,ILSSRV,56ebf153-9bf1-4a9d-8daa-b65eea770b6c,2026-03-25 10:02:42,,2377.05000,475410.00000,,,N,N,N,,False,480.00000,,,,,,0,,2026-03-25 00:00:00,,,,,200.00000,1978678,2,,,,,,,,C,,Годен,,,
1997497,,WH1,321346,EKS000005948,820880,Прожектор FL-LED Light-PAD 300W Black   6400К 30000Лм 300Вт  AC220-240В 365x270x35мм,,,ЭКС,300.00000,ШТ,300.00000,ЭКС-000005948   ,,5963046.00000,,,2.00000,КГ,37.00000,27.00000,4.00000,СМ,,,,169671600.00000,,,,,,,Косова Т.В.,616333,ШТ,Базовый,ЛАЙТИНГ-РУС   ООО,0.00000,0.00000,ILSSRV,56ebf153-9bf1-4a9d-8daa-b65eea770b6c,2026-03-25 10:02:42,,1885.24000,565572.00000,,,N,N,N,,False,600.00000,,,,,,0,,2026-03-25 00:00:00,,,,,300.00000,1978679,2,,,,,,,,C,,Годен,,,
1997498,,WH1,321346,EKS000005948,795072,Прожектор FL-LED Light-PAD 150W Black  6400К 15000Лм 150Вт  AC220-240В 290x210x30мм FOTON,,,ЭКС,200.00000,ШТ,200.00000,ЭКС-000005948   ,,5963042.00000,,,1.00000,КГ,30.00000,22.00000,4.00000,СМ,,False,,31474800.00000,,,,,,,Косова Т.В.,616227,ШТ,Базовый,ЛАЙТИНГ-РУС   ООО,0.00000,0.00000,ILSSRV,56ebf153-9bf1-4a9d-8daa-b65eea770b6c,2026-03-25 10:02:42,,786.87000,157374.00000,,,N,N,N,,False,200.00000,,,,,,0,,2026-03-25 00:00:00,,,,,200.00000,1978680,2,,,,,,,,C,,Годен,,,
1997499,,WH1,321346,EKS000005948,769310,Прожектор FL-LED Light-PAD 200W Black   6400К 20000Лм 200Вт  AC220-240В 338x240x30мм FOTON,,,ЭКС,200.00000,ШТ,200.00000,ЭКС-000005948   ,,5963044.00000,,,1.00000,КГ,33.00000,25.00000,4.00000,СМ,,,,39344000.00000,,,,,,,Косова Т.В.,616272,ШТ,Базовый,ЛАЙТИНГ-РУС   ООО,0.00000,0.00000,ILSSRV,56ebf153-9bf1-4a9d-8daa-b65eea770b6c,2026-03-25 10:02:42,,983.60000,196720.00000,,,N,N,N,,False,200.00000,,,,,,0,,2026-03-25 00:00:00,,,,,200.00000,1978681,2,,,,,,,,C,,Годен,,,
1997500,,WH1,321346,EKS000005948,883350,Прожектор FL-LED Light-PAD 600W Grey   6400К 60000Лм 600Вт  AC220-240В 595x320x42мм,,,ЭКС,16.00000,ШТ,16.00000,ЭКС-000005948   ,,5963055.00000,,,0.00000,,0.00000,0.00000,0.00000,,,False,,1468851.20000,,,,,,,Косова Т.В.,616224,ШТ,Товар РЦ,ЛАЙТИНГ-РУС   ООО,0.00000,0.00000,ILSSRV,56ebf153-9bf1-4a9d-8daa-b65eea770b6c,2026-03-25 10:02:42,,5737.70000,91803.20000,,,N,N,N,,False,0.00000,,,,,,0,,2026-03-25 00:00:00,,,,,16.00000,1978682,2,,,,,,,,C,,Годен,,,
1997501,,WH1,321346,EKS000005948,883349,Прожектор FL-LED Light-PAD 600W Grey   4200К 60000Лм 600Вт  AC220-240В 595x320x42мм,,,ЭКС,87.00000,ШТ,87.00000,ЭКС-000005948   ,,5963054.00000,,,0.00000,,0.00000,0.00000,0.00000,,,False,,43428651.30000,,,,,,,Косова Т.В.,617217,ШТ,Товар РЦ,ЛАЙТИНГ-РУС   ООО,0.00000,0.00000,ILSSRV,56ebf153-9bf1-4a9d-8daa-b65eea770b6c,2026-03-25 10:02:42,,5737.70000,499179.90000,,,N,N,N,,False,0.00000,,,,,,0,,2026-03-25 00:00:00,,,,,87.00000,1978683,2,,,,,,,,C,,Годен,,,
1997502,,WH1,321346,EKS000005948,883345,Прожектор FL-LED Light-PAD 600W Black   6400К 60000Лм 600Вт  AC220-240В 595x320x42мм,,,ЭКС,47.00000,ШТ,47.00000,ЭКС-000005948   ,,5963052.00000,,,0.00000,,0.00000,0.00000,0.00000,,,False,,12674579.30000,,,,,,,Косова Т.В.,617200,ШТ,Товар РЦ,ЛАЙТИНГ-РУС   ООО,0.00000,0.00000,ILSSRV,56ebf153-9bf1-4a9d-8daa-b65eea770b6c,2026-03-25 10:02:42,,5737.70000,269671.90000,,,N,N,N,,False,0.00000,,,,,,0,,2026-03-25 00:00:00,,,,,47.00000,1978684,2,,,,,,,,C,,Годен,,,
1997503,,WH1,321347,EKS000005949,470321,Лампа LED MR1660 LV 7W/830 560Lm 230V GU5.3 OSRAM,,,ЭКС,400.00000,ШТ,300.00000,ЭКС-000005949   ,,5963069.00000,,,0.05000,КГ,5.00000,5.00000,5.00000,СМ,,,,11292800.00000,,,,,,Логунов Владимир Александ,Косова Т.В.,4058075582781,ШТ,Базовый,ЛЕДВАНС  АО,0.00000,0.00000,r.sorokin,,2026-03-25 12:43:34,,70.58000,28232.00000,,,N,N,N,,False,20.00000,,,,,,0,,2026-03-25 00:00:00,,,,,400.00000,1978685,2,,,,,,,,B,,Годен,,,
1997504,,WH1,321347,EKS000005949,469476,Лампа LED E27 LV CLA60 7W/840 220V 560Lm OSRAM груша мат.,,,ЭКС,20.00000,ШТ,20.00000,ЭКС-000005949   ,,5963058.00000,,,0.02000,КГ,11.00000,6.00000,6.00000,СМ,,,,21456.00000,,,,,,Заказной,Косова Т.В.,4058075578760,ШТ,Распродажа,ЛЕДВАНС  АО,0.00000,0.00000,ILSSRV,d739c564-87c3-45a2-bcba-77325adf9602,2026-03-25 10:26:59,,53.64000,1072.80000,,,N,N,N,,False,0.40000,,,,,,0,ЭКС-000011007   ,2026-03-25 00:00:00,,,,,20.00000,1978686,2,,,,,,,,C,,Годен,,,
1997505,,WH1,321347,EKS000005949,469385,Лампа LED GX53100 LV 10W/830 800Lm 230V GX53 OSRAM,,,ЭКС,100.00000,ШТ,100.00000,ЭКС-000005949   ,,5963067.00000,,,0.02000,КГ,8.00000,8.00000,3.00000,СМ,,,,1040200.00000,,,,,,Логунов Владимир Александ,Косова Т.В.,4058075582064,ШТ,Базовый,ЛЕДВАНС  АО,0.00000,0.00000,ILSSRV,d739c564-87c3-45a2-bcba-77325adf9602,2026-03-25 10:26:59,,104.02000,10402.00000,,,N,N,N,,False,2.00000,,,,,,0,,2026-03-25 00:00:00,,,,,100.00000,1978687,2,,,,,,,,C,,Годен,,,
1997506,,WH1,321347,EKS000005949,391100,Лампа OS FQ/HO49W/840 G5 LUMILUX PLUS16x1449,,,ЭКС,9.00000,ШТ,0.00000,ЭКС-000005949   ,,5963075.00000,,,0.20000,КГ,145.00000,2.00000,2.00000,СМ,,,,21910.50000,,,,,,Заказной,Косова Т.В.,4050300657134,ШТ,Заказной товар,ЛАЙТИНГ-РУС   ООО,0.00000,0.00000,r.sorokin,,2026-03-25 12:33:41,,270.50000,2434.50000,,,N,N,N,,False,1.80000,,,,,,0,ЭКС-000010772   ,2026-03-25 00:00:00,,,,,9.00000,1978688,2,,,,,,,,C,,Годен,,,
1997507,,WH1,321347,EKS000005949,260769,Лампа 10W BL355/385  T8 L=330мм BL Ультрафиолет (в ловушки для насекомых) FOTON,,,ЭКС,100.00000,ШТ,100.00000,ЭКС-000005949   ,,5963083.00000,,,0.30000,КГ,35.50000,3.00000,3.00000,СМ,,False,,2459000.00000,,,,,,Логунов Владимир Александ,Косова Т.В.,604576,ШТ,Базовый,ЛАЙТИНГ-РУС   ООО,0.00000,0.00000,ILSSRV,d739c564-87c3-45a2-bcba-77325adf9602,2026-03-25 10:26:59,,245.90000,24590.00000,,,N,N,N,,False,30.00000,,,,,,0,,2026-03-25 00:00:00,,,,,100.00000,1978689,2,,,,,,,,C,,Годен,,,
1997508,,WH1,321347,EKS000005949,245930,"ЭПРА  FL 4х18W  FOTON   182х43х30  (2х18w,  4х18w)",,,ЭКС,100.00000,ШТ,100.00000,ЭКС-000005949   ,,5963084.00000,,,0.20000,КГ,18.00000,4.00000,3.00000,СМ,,,,3279000.00000,,,,,,Логунов Владимир Александ,Косова Т.В.,604026,ШТ,Базовый,ЛАЙТИНГ-РУС   ООО,0.00000,0.00000,ILSSRV,d739c564-87c3-45a2-bcba-77325adf9602,2026-03-25 10:27:00,,327.90000,32790.00000,,,N,N,N,,False,20.00000,,,,,,0,,2026-03-25 00:00:00,,,,,100.00000,1978690,2,,,,,,,,C,,Годен,,,
1997509,,WH1,321347,EKS000005949,192605,Лампа Philips TUV 8W G5 UV-C Special,,,ЭКС,3.00000,ШТ,3.00000,ЭКС-000005949   ,,5963056.00000,,,0.10000,КГ,30.00000,2.00000,2.00000,СМ,,,,4860.00000,,,,,,Заказной,Косова Т.В.,871150062368327,ШТ,Прочее,КАМЕРТОН (Не использовать,0.00000,0.00000,ILSSRV,d739c564-87c3-45a2-bcba-77325adf9602,2026-03-25 10:27:00,,540.00000,1620.00000,,,N,N,N,,False,0.30000,,,,,,0,ЭКС-000010589   ,2026-03-25 00:00:00,,,,,3.00000,1978691,6,,,,,,,,C,,Годен,,,
1997510,,WH1,321347,EKS000005949,469382,Лампа LED PAR1675 LV 10W/830 800Lm 230V GU10 OSRAM,,,ЭКС,300.00000,ШТ,300.00000,ЭКС-000005949   ,,5963071.00000,,,0.03000,КГ,5.00000,5.00000,6.00000,СМ,,,,9328500.00000,,,,,,Логунов Владимир Александ,Косова Т.В.,4058075581722,ШТ,Базовый,ЛЕДВАНС  АО,0.00000,0.00000,ILSSRV,d739c564-87c3-45a2-bcba-77325adf9602,2026-03-25 10:27:00,,103.65000,31095.00000,,,N,N,N,,False,9.00000,,,,,,0,,2026-03-25 00:00:00,,,,,300.00000,1978692,2,,,,,,,,C,,Годен,,,
1997511,,WH1,321347,EKS000005949,469379,Лампа LED GU10 7W/830 560Lm 230V LV PAR16 60  OSRAM,,,ЭКС,50.00000,ШТ,50.00000,ЭКС-000005949   ,,5963070.00000,,,0.03000,КГ,5.00000,5.00000,6.00000,СМ,,,,174675.00000,,,,,,Логунов Владимир Александ,Косова Т.В.,4058075581555,ШТ,Базовый,ЛЕДВАНС  АО,0.00000,0.00000,ILSSRV,d739c564-87c3-45a2-bcba-77325adf9602,2026-03-25 10:27:00,,69.87000,3493.50000,,,N,N,N,,False,1.50000,,,,,,0,,2026-03-25 00:00:00,,,,,50.00000,1978693,2,,,,,,,,B,,Годен,,,
1997512,,WH1,321347,EKS000005949,469128,Лампа LED E27 R90 11W/840 230V 880Lm OSRAM зеркал. LV,,,ЭКС,50.00000,ШТ,50.00000,ЭКС-000005949   ,,5963074.00000,,,0.02000,КГ,12.00000,8.00000,8.00000,СМ,,,,292900.00000,,,,,,Логунов Владимир Александ,Косова Т.В.,4058075582729,ШТ,Базовый,ЛЕДВАНС  АО,0.00000,0.00000,ILSSRV,d739c564-87c3-45a2-bcba-77325adf9602,2026-03-25 10:27:00,,117.16000,5858.00000,,,N,N,N,,False,1.00000,,,,,,0,,2026-03-25 00:00:00,,,,,50.00000,1978694,2,,,,,,,,C,,Годен,,,
1997513,,WH1,321347,EKS000005949,468836,Лампа LED E27 R63 8W/830 230V 640Lm OSRAM зеркал. LV,,,ЭКС,100.00000,ШТ,0.00000,ЭКС-000005949   ,,5963073.00000,,,0.02000,КГ,11.00000,7.00000,7.00000,СМ,,,,959900.00000,,,,,,Логунов Владимир Александ,Косова Т.В.,4058075581838,ШТ,Базовый,ЛЕДВАНС  АО,0.00000,0.00000,r.sorokin,,2026-03-25 12:26:20,,95.99000,9599.00000,,,N,N,N,,False,2.00000,,,,,,0,,2026-03-25 00:00:00,,,,,100.00000,1978695,2,,,,,,,,C,,Годен,,,
1997514,,WH1,321347,EKS000005949,438684,Лампа LED GX53100 LV 12W/840 960Lm 230V GX53 OSRAM,,,ЭКС,300.00000,ШТ,200.00000,ЭКС-000005949   ,,5963068.00000,,,0.02000,КГ,8.00000,8.00000,3.00000,СМ,,,,9428400.00000,,,,,,Логунов Владимир Александ,Косова Т.В.,4058075582187,ШТ,Суперсклад,ЛЕДВАНС  АО,0.00000,0.00000,r.sorokin,,2026-03-25 12:39:43,,104.76000,31428.00000,,,N,N,N,,False,6.00000,,,,,,0,,2026-03-25 00:00:00,,,,,300.00000,1978696,2,,,,,,,,A,,Годен,,,
1997515,,WH1,321347,EKS000005949,438682,Лампа LED PAR1675 LV 10W/840 800Lm 230V GU10 OSRAM,,,ЭКС,500.00000,ШТ,0.00000,ЭКС-000005949   ,,5963072.00000,,,0.03000,КГ,5.00000,5.00000,6.00000,СМ,,,,25912500.00000,,,,,,Логунов Владимир Александ,Косова Т.В.,4058075581807,ШТ,Базовый,ЛЕДВАНС  АО,0.00000,0.00000,r.sorokin,,2026-03-25 13:04:48,,103.65000,51825.00000,,,N,N,N,,False,15.00000,,,,,,0,,2026-03-25 00:00:00,,,,,500.00000,1978697,2,,,,,,,,A,,Годен,,,
1997516,,WH1,321347,EKS000005949,430502,Лампа LED E27 LV CLA125 15W/830 220V 1200Lm OSRAM груша мат.,,,ЭКС,100.00000,ШТ,100.00000,ЭКС-000005949   ,,5963061.00000,,,0.02000,КГ,12.00000,6.00000,6.00000,СМ,,,,818800.00000,,,,,,Логунов Владимир Александ,Косова Т.В.,4058075579095,ШТ,Базовый,ЛЕДВАНС  АО,0.00000,0.00000,ILSSRV,d739c564-87c3-45a2-bcba-77325adf9602,2026-03-25 10:27:00,,81.88000,8188.00000,,,N,N,N,,False,2.00000,,,,,,0,,2026-03-25 00:00:00,,,,,100.00000,1978698,2,,,,,,,,B,,Годен,,,
1997517,,WH1,321347,EKS000005949,430498,Лампа LED E27 LV CLA75 10W/840 220V 800Lm OSRAM груша мат.,,,ЭКС,200.00000,ШТ,100.00000,ЭКС-000005949   ,,5963060.00000,,,0.05000,КГ,12.00000,6.00000,6.00000,СМ,,,,2228800.00000,,,,,,Логунов Владимир Александ,Косова Т.В.,4058075578852,ШТ,Базовый,ЛЕДВАНС  АО,0.00000,0.00000,r.sorokin,,2026-03-25 12:57:39,,55.72000,11144.00000,,,N,N,N,,False,10.00000,,,,,,0,,2026-03-25 00:00:00,,,,,200.00000,1978699,2,,,,,,,,A,,Годен,,,
1997518,,WH1,321347,EKS000005949,430497,Лампа LED E27 LV CLA75 10W/830 220V 800Lm OSRAM груша мат.,,,ЭКС,100.00000,ШТ,0.00000,ЭКС-000005949   ,,5963059.00000,,,0.02000,КГ,12.00000,6.00000,6.00000,СМ,,,,557200.00000,,,,,,Логунов Владимир Александ,Косова Т.В.,4058075578821,ШТ,Базовый,ЛЕДВАНС  АО,0.00000,0.00000,r.sorokin,,2026-03-25 12:56:11,,55.72000,5572.00000,,,N,N,N,,False,2.00000,,,,,,0,,2026-03-25 00:00:00,,,,,100.00000,1978700,2,,,,,,,,B,,Годен,,,
1997519,,WH1,321347,EKS000005949,430494,Лампа LED E27 LV CLA150 20W/865 220V 1600Lm OSRAM груша мат.,,,ЭКС,100.00000,ШТ,0.00000,ЭКС-000005949   ,,5963062.00000,,,0.01000,КГ,13.00000,7.00000,7.00000,СМ,,,,1196200.00000,,,,,,Логунов Владимир Александ,Косова Т.В.,4058075579378,ШТ,Базовый,ЛЕДВАНС  АО,0.00000,0.00000,r.sorokin,,2026-03-25 12:38:24,,119.62000,11962.00000,,,N,N,N,,False,1.00000,,,,,,0,,2026-03-25 00:00:00,,,,,100.00000,1978701,2,,,,,,,,B,,Годен,,,
1997520,,WH1,321347,EKS000005949,852263,Лампа ДРВ 250W E40 3700K 220-240V 5600Lm 1.25A d90x226mm FOTON LIGHTING,,,ЭКС,100.00000,ШТ,40.00000,ЭКС-000005949   ,,5963085.00000,,,0.20000,КГ,22.00000,9.00000,9.00000,СМ,,False,,3399200.00000,,,,,,,Косова Т.В.,620293,ШТ,Базовый,ЛАЙТИНГ-РУС   ООО,0.00000,0.00000,r.sorokin,,2026-03-25 12:59:32,,339.92000,33992.00000,,,N,N,N,,False,20.00000,,,,,,0,,2026-03-25 00:00:00,,,,,100.00000,1978702,2,,,,,,,,C,,Годен,,,
1997521,,WH1,321347,EKS000005949,675486,Лампа LED E27 груша 11W/840 220V 1521Lm филамент OSRAM LS CLA150 гарантия 3 года,,,ЭКС,30.00000,ШТ,30.00000,ЭКС-000005949   ,,5963065.00000,,,0.00100,КГ,11.00000,6.00000,6.00000,СМ,,,,159138.00000,,,,,,,Косова Т.В.,4058075684249,ШТ,Новинка,ЛЕДВАНС  АО,0.00000,0.00000,ILSSRV,d739c564-87c3-45a2-bcba-77325adf9602,2026-03-25 10:27:00,,176.82000,5304.60000,,,N,N,N,,False,0.03000,,,,,,0,,2026-03-25 00:00:00,,,,,30.00000,1978703,2,,,,,,,,C,,Годен,,,
1997522,,WH1,321347,EKS000005949,669217,Лампа  OS  L18W/830 Россия LUMILUX G13   d26x590mm  1350lm 3000K,,,ЭКС,25.00000,ШТ,25.00000,ЭКС-000005949   ,,5963076.00000,,,0.01000,КГ,60.00000,2.00000,2.00000,СМ,,,,47687.50000,,,,,,Заказной,Косова Т.В.,4058075693050,ШТ,Выводится из ассортимента,ЛАЙТИНГ-РУС   ООО,0.00000,0.00000,ILSSRV,d739c564-87c3-45a2-bcba-77325adf9602,2026-03-25 10:27:00,,76.30000,1907.50000,,,N,N,N,,False,0.25000,,,,,,0,ЭКС-000010734   ,2026-03-25 00:00:00,,,,,25.00000,1978704,2,,,,,,,,C,,Годен,,,
1997523,,WH1,321347,EKS000005949,627951,Лампа LED E27 груша 11W/827 220V 1521Lm филамент OSRAM LS CLA150 гарантия 3 года,,,ЭКС,100.00000,ШТ,0.00000,ЭКС-000005949   ,,5963063.00000,,,0.00100,КГ,11.00000,6.00000,6.00000,СМ,,,,1857400.00000,,,,,,Акулинский Петр Иванович,Косова Т.В.,4058075684218,ШТ,Новинка,ЛЕДВАНС  АО,0.00000,0.00000,r.sorokin,,2026-03-25 12:58:24,,185.74000,18574.00000,,,N,N,N,,False,0.10000,,,,,,0,,2026-03-25 00:00:00,,,,,100.00000,1978705,2,,,,,,,,C,,Годен,,,
1997524,,WH1,321347,EKS000005949,604840,Лампа LED E14 свеча 6W/840 220V 806Lm филамент OSRAM LS CLB75 гарантия 5 лет,,,ЭКС,20.00000,ШТ,20.00000,ЭКС-000005949   ,,5963066.00000,,,0.03000,КГ,10.00000,5.00000,3.50000,СМ,,,,59004.00000,,,,,,Логунов Владимир Александ,Косова Т.В.,4058075684843,ШТ,Базовый,ЛЕДВАНС  АО,0.00000,0.00000,ILSSRV,d739c564-87c3-45a2-bcba-77325adf9602,2026-03-25 10:27:00,,147.51000,2950.20000,,,N,N,N,,False,0.60000,,,,,,0,,2026-03-25 00:00:00,,,,,20.00000,1978706,2,,,,,,,,C,,Годен,,,
1997525,,WH1,321347,EKS000005949,523661,Лампа ДРВ 500 Е40 СТ-КОМ,,,ЭКС,28.00000,ШТ,28.00000,ЭКС-000005949   ,,5963077.00000,,,0.10000,КГ,28.50000,11.50000,11.50000,СМ,,False,,351184.96000,,,,,,Логунов Владимир Александ,Косова Т.В.,57-00001839,ШТ,Базовый,СТ-КОМ  ООО,0.00000,0.00000,ILSSRV,d739c564-87c3-45a2-bcba-77325adf9602,2026-03-25 10:27:00,,447.94000,12542.32000,,,N,N,N,,False,2.80000,,,,,,0,,2026-03-25 00:00:00,,,,,28.00000,1978707,2,,,,,,,,C,,Годен,,,
1997526,,WH1,321347,EKS000005949,503407,Лампа Т5 16  8W/6400К G5 L288мм FOTON,,,ЭКС,100.00000,ШТ,0.00000,ЭКС-000005949   ,,5963080.00000,,,0.04000,КГ,31.00000,2.00000,2.00000,СМ,,,,1148000.00000,,,,,,Логунов Владимир Александ,Косова Т.В.,604415,ШТ,Новинка,ЛАЙТИНГ-РУС   ООО,0.00000,0.00000,r.sorokin,,2026-03-25 12:51:20,,114.80000,11480.00000,,,N,N,N,,False,4.00000,,,,,,0,,2026-03-25 00:00:00,,,,,100.00000,1978708,2,,,,,,,,C,,Годен,,,
1997527,,WH1,321347,EKS000005949,503403,Лампа Т4 12  20W/6400К G5 L554мм FOTON,,,ЭКС,100.00000,ШТ,100.00000,ЭКС-000005949   ,,5963079.00000,,,0.05000,КГ,57.00000,1.50000,1.50000,СМ,,,,1695000.00000,,,,,,Логунов Владимир Александ,Косова Т.В.,604330,ШТ,Новинка,ЛАЙТИНГ-РУС   ООО,0.00000,0.00000,ILSSRV,d739c564-87c3-45a2-bcba-77325adf9602,2026-03-25 10:27:00,,169.50000,16950.00000,,,N,N,N,,False,5.00000,,,,,,0,,2026-03-25 00:00:00,,,,,100.00000,1978709,2,,,,,,,,C,,Годен,,,
1997528,,WH1,321347,EKS000005949,503401,Лампа Т4 12  16W/6400К G5 L455мм FOTON,,,ЭКС,200.00000,ШТ,0.00000,ЭКС-000005949   ,,5963082.00000,,,0.05000,КГ,48.00000,1.50000,1.50000,СМ,,,,4852000.00000,,,,,,Логунов Владимир Александ,Косова Т.В.,604316,ШТ,Новинка,ЛАЙТИНГ-РУС   ООО,0.00000,0.00000,r.sorokin,,2026-03-25 12:55:41,,121.30000,24260.00000,,,N,N,N,,False,10.00000,,,,,,0,,2026-03-25 00:00:00,,,,,200.00000,1978710,2,,,,,,,,C,,Годен,,,
1997529,,WH1,321347,EKS000005949,503400,Лампа Т4 12  12W/6400К G5 L357мм FOTON,,,ЭКС,100.00000,ШТ,100.00000,ЭКС-000005949   ,,5963078.00000,,,0.03000,КГ,37.00000,1.50000,1.50000,СМ,,,,1037000.00000,,,,,,Логунов Владимир Александ,Косова Т.В.,604293,ШТ,Новинка,ЛАЙТИНГ-РУС   ООО,0.00000,0.00000,ILSSRV,d739c564-87c3-45a2-bcba-77325adf9602,2026-03-25 10:27:00,,103.70000,10370.00000,,,N,N,N,,False,3.00000,,,,,,0,,2026-03-25 00:00:00,,,,,100.00000,1978711,2,,,,,,,,C,,Годен,,,
1997530,,WH1,321347,EKS000005949,470676,Лампа LED E27 LV CLA60 7W/830 220V 560Lm OSRAM груша мат.,,,ЭКС,20.00000,ШТ,20.00000,ЭКС-000005949   ,,5963057.00000,,,0.01000,КГ,10.00000,6.00000,6.00000,СМ,,,,20208.00000,,,,,,Заказной,Косова Т.В.,4058075577893,ШТ,Распродажа,ЛЕДВАНС  АО,0.00000,0.00000,ILSSRV,d739c564-87c3-45a2-bcba-77325adf9602,2026-03-25 10:27:00,,50.52000,1010.40000,,,N,N,N,,False,0.20000,,,,,,0,ЭКС-000011007   ,2026-03-25 00:00:00,,,,,20.00000,1978712,2,,,,,,,,C,,Годен,,,
1997531,,WH1,321348,EKS000005950,882607,Бра Lightstar Erica 609633,,,ЭКС,1.00000,ШТ,0.00000,ЭКС-000005950   ,,5963088.00000,,,0.80000,КГ,31.00000,28.00000,15.00000,СМ,,False,,2212.75000,,,,,,Заказной,Кузьмин М.С.,609633,ШТ,Заказной товар,"ООО ""ТИЛАЙТ""",0.00000,0.00000,o.ivanov,,2026-03-25 12:07:26,,2212.75000,2212.75000,,,N,N,N,,False,0.80000,,,,,,0,ЭКС-000011088   ,2026-03-24 00:00:00,,,,,1.00000,1978713,2,,,,,,,,C,,Годен,,,
1997532,,WH1,321348,EKS000005950,882606,Бра Lightstar Erica 609636,,,ЭКС,1.00000,ШТ,0.00000,ЭКС-000005950   ,,5963087.00000,,,0.90000,КГ,31.00000,27.00000,15.00000,СМ,,False,,2212.75000,,,,,,Заказной,Кузьмин М.С.,609636,ШТ,Заказной товар,"ООО ""ТИЛАЙТ""",0.00000,0.00000,o.ivanov,,2026-03-25 12:10:52,,2212.75000,2212.75000,,,N,N,N,,False,0.90000,,,,,,0,ЭКС-000011088   ,2026-03-24 00:00:00,,,,,1.00000,1978714,2,,,,,,,,C,,Годен,,,
1997533,,WH1,321348,EKS000005950,882604,Бра Lightstar Erica 609637,,,ЭКС,1.00000,ШТ,0.00000,ЭКС-000005950   ,,5963086.00000,,,0.90000,КГ,31.00000,28.00000,15.00000,СМ,,False,,2212.75000,,,,,,Заказной,Кузьмин М.С.,609637,ШТ,Заказной товар,"ООО ""ТИЛАЙТ""",0.00000,0.00000,o.ivanov,,2026-03-25 12:13:03,,2212.75000,2212.75000,,,N,N,N,,False,0.90000,,,,,,0,ЭКС-000011088   ,2026-03-24 00:00:00,,,,,1.00000,1978715,2,,,,,,,,C,,Годен,,,
1997534,,WH1,321349,EKS000005951,750940,"РТТ-326 П УХЛ4, 180А, 153,0 - 180,0А, 660В/50Гц, 1з+1р, ручной возврат, IP00, реле электротепловое т",,,ЭКС,1.00000,ШТ,0.00000,ЭКС-000005951   ,,5963091.00000,,,0.50000,КГ,15.00000,10.00000,8.00000,СМ,,,,2167.25000,,,,,,Заказной,Третьяков С.М.,ET515874,ШТ,Заказной товар,ПО Электротехник ЗАО,0.00000,0.00000,o.ivanov,,2026-03-25 12:29:44,,2167.25000,2167.25000,,,N,N,N,,False,0.50000,,,,,,0,ЭКС-000011621   ,2026-03-25 00:00:00,,,,,1.00000,1978716,2,,,,,,,,C,,Годен,,,
1997535,,WH1,321349,EKS000005951,504846,"ПКУ-15-21.131-54У2 (2*КЕ081/2(1з+1р) черная + 1*КЕ081/2(1з+1р) красная + PG-19), пост управления  (Э",,,ЭКС,3.00000,ШТ,0.00000,ЭКС-000005951   ,,5963089.00000,,,0.50000,КГ,22.00000,10.00000,10.00000,СМ,,,,9506.79000,,,,,,Заказной,Третьяков С.М.,ET008511,ШТ,Выводится из ассортимента,ПО Электротехник ЗАО,0.00000,0.00000,o.ivanov,,2026-03-25 12:30:36,,1056.31000,3168.93000,,,N,N,N,,False,1.50000,,,,,,0,ЭКС-000011593   ,2026-03-25 00:00:00,,,,,3.00000,1978717,2,,,,,,,,C,,Годен,,,
1997536,,WH1,321349,EKS000005951,504061,ПКУ-15-21.121-54У2 (1xКЕ081/2(1з+1р) черная + 1xКЕ081/2(1з+1р) красная + PG-19,,,ЭКС,2.00000,ШТ,0.00000,ЭКС-000005951   ,,5963090.00000,,,0.20000,КГ,17.00000,10.00000,10.00000,СМ,,,,3179.60000,,,,,,Заказной,Третьяков С.М.,ET008513,ШТ,Товар РЦ,ПО Электротехник ЗАО,0.00000,0.00000,o.ivanov,,2026-03-25 12:28:47,,794.90000,1589.80000,,,N,N,N,,False,0.40000,,,,,,0,ЭКС-000011606   ,2026-03-25 00:00:00,,,,,2.00000,1978718,2,,,,,,,,C,,Годен,,,
1997537,,WH1,321349,EKS000005951,847878,"Трансформатор ОСМ1-0,4 У3 380/110/29/24",,,ЭКС,1.00000,ШТ,0.00000,ЭКС-000005951   ,,5963092.00000,,,5.25000,КГ,12.00000,14.00000,15.00000,СМ,,False,,6260.58000,,,,,,Заказной,Третьяков С.М.,ET560440,ШТ,Заказной товар,ПО Электротехник ЗАО,0.00000,0.00000,o.ivanov,,2026-03-25 12:34:28,,6260.58000,6260.58000,,,N,N,N,,False,5.25000,,,,,,0,ЭКС-000011249   ,2026-03-25 00:00:00,,,,,1.00000,1978719,2,,,,,,,,C,,Годен,,,
1997538,,WH1,321350,EKS000005952,839970,"Arlight Лента RT-A120-8mm 12V White6000 (9.6 W/m, IP20, 2835, 5m) (Открытый)",,,ЭКС,10.00000,М,10.00000,ЭКС-000005952   ,,5963103.00000,,,0.05000,КГ,100.00000,0.20000,0.20000,СМ,,False,,29315.00000,,,,,,Заказной,Кузьмин М.С.,012334(2),М,Заказной товар,Арлайт РУС ООО,0.00000,0.00000,ILSSRV,d7adbf5e-b291-4c33-9a2c-4bdb5011187f,2026-03-25 10:31:50,,293.15000,2931.50000,,,N,N,N,,False,0.50000,,,,,,0,ЭКС-000011963   ,2026-04-02 00:00:00,,,,,10.00000,1978720,2,,,,,,,,C,,Годен,,,
1997539,,WH1,321350,EKS000005952,818857,Arlight Профиль SL-KANT-H10-2000 ANOD (Алюминий),,,ЭКС,20.00000,М,20.00000,ЭКС-000005952   ,,5963102.00000,,,0.04000,КГ,100.00000,1.00000,1.00000,СМ,,False,,94256.00000,,,,,,Заказной,Кузьмин М.С.,049013,М,Заказной товар,Арлайт РУС ООО,0.00000,0.00000,ILSSRV,d7adbf5e-b291-4c33-9a2c-4bdb5011187f,2026-03-25 10:31:50,,235.64000,4712.80000,,,N,N,N,,False,0.80000,,,,,,0,ЭКС-000011963   ,2026-04-02 00:00:00,,,,,20.00000,1978721,2,,,,,,,Long 2,C,,Годен,,,
1997540,,WH1,321350,EKS000005952,779450,"Лента TWIST-A128-10mm 24V Day4000 (10 W/m, IP20, 5m) (Arlight, 7 лет)",,,ЭКС,25.00000,М,25.00000,ЭКС-000005952   ,,5963096.00000,,,0.00000,,0.00000,0.00000,0.00000,,,,,329681.25000,,,,,,Заказной,Кузьмин М.С.,050497,М,Заказной товар,Арлайт РУС ООО,0.00000,0.00000,ILSSRV,d7adbf5e-b291-4c33-9a2c-4bdb5011187f,2026-03-25 10:31:50,,527.49000,13187.25000,,,N,N,N,,False,0.00000,,,,,,0,ЭКС-000011959   ,2026-04-02 00:00:00,,,,,25.00000,1978722,2,,,,,,,,C,,Годен,,,
1997541,,WH1,321350,EKS000005952,732661,"Лента COB-X320-8mm 48V Day4000 (8 W/m, IP20, 50m PRO REEL) (Arlight, -)",,,ЭКС,50.00000,М,50.00000,ЭКС-000005952   ,,5963094.00000,,,0.00000,,0.00000,0.00000,0.00000,,,False,,836425.00000,,,,,,Заказной,Кузьмин М.С.,043245,М,Заказной товар,Арлайт РУС ООО,0.00000,0.00000,ILSSRV,d7adbf5e-b291-4c33-9a2c-4bdb5011187f,2026-03-25 10:31:50,,334.57000,16728.50000,,,N,N,N,,False,0.00000,,,,,,0,ЭКС-000011931   ,2026-04-02 00:00:00,,,,,50.00000,1978723,2,,,,,,,,C,,Годен,,,
1997542,,WH1,321350,EKS000005952,508658,"Arlight Декодер SMART-K15-DMX (12-36V, 4x8A) (IP20 Металл, 5 лет)",,,ЭКС,7.00000,ШТ,7.00000,ЭКС-000005952   ,,5963098.00000,,,0.40000,КГ,18.00000,8.00000,5.00000,СМ,,False,,204924.86000,,,,,,Заказной,Кузьмин М.С.,023823,ШТ,Заказной товар,Арлайт РУС ООО,0.00000,0.00000,ILSSRV,d7adbf5e-b291-4c33-9a2c-4bdb5011187f,2026-03-25 10:31:50,,4182.14000,29274.98000,,,N,N,N,,False,2.80000,,,,,,0,ЭКС-000011963   ,2026-04-02 00:00:00,,,,,7.00000,1978724,2,,,,,,,,C,,Годен,,,
1997543,,WH1,321350,EKS000005952,397414,Arlight Полоса ARH-W12-2000 ANOD,,,ЭКС,20.00000,М,20.00000,ЭКС-000005952   ,,5963101.00000,,,0.20000,КГ,100.00000,1.00000,0.50000,СМ,,False,,68460.00000,,,,,,Заказной,Кузьмин М.С.,023469,М,Заказной товар,Арлайт РУС ООО,0.00000,0.00000,ILSSRV,d7adbf5e-b291-4c33-9a2c-4bdb5011187f,2026-03-25 10:31:50,,171.15000,3423.00000,,,N,N,N,,False,4.00000,,,,,,0,ЭКС-000011963   ,2026-04-02 00:00:00,,,,,20.00000,1978725,2,,,,,,,,C,,Годен,,,
1997544,,WH1,321350,EKS000005952,338938,Профиль ARH-KANT-H30-2000 ANOD 016136 Arlight,,,ЭКС,20.00000,М,20.00000,ЭКС-000005952   ,,5963099.00000,,,0.05000,КГ,100.00000,4.00000,2.00000,СМ,,,,213316.00000,,,,,,Заказной,Кузьмин М.С.,016136,М,Заказной товар,Арлайт РУС ООО,0.00000,0.00000,ILSSRV,d7adbf5e-b291-4c33-9a2c-4bdb5011187f,2026-03-25 10:31:50,,533.29000,10665.80000,,,N,N,N,,False,1.00000,,,,,,0,ЭКС-000011963   ,2026-04-02 00:00:00,,,,,20.00000,1978726,2,,,,,,,Long 2,C,,Годен,,,
1997545,,WH1,321350,EKS000005952,883599,Лента светодиодная герметичная MICROLED-PW-M288-10mm 24В White6000 (12Вт/м IP66 2216),,,ЭКС,10.00000,М,10.00000,ЭКС-000005952   ,,5963097.00000,,,0.00000,,0.00000,0.00000,0.00000,,,,,86341.00000,,,,,,Заказной,Кузьмин М.С.,046750,М,Заказной товар,Арлайт РУС ООО,0.00000,0.00000,ILSSRV,d7adbf5e-b291-4c33-9a2c-4bdb5011187f,2026-03-25 10:31:50,,863.41000,8634.10000,,,N,N,N,,False,0.00000,,,,,,0,ЭКС-000011959   ,2026-04-02 00:00:00,,,,,10.00000,1978727,2,,,,,,,,C,,Годен,,,
1997546,,WH1,321350,EKS000005952,866453,Экран ARH-KANT-H30-2000 Round Frost-PM 2м пластик,,,ЭКС,20.00000,М,20.00000,ЭКС-000005952   ,,5963100.00000,,,0.00000,,0.00000,0.00000,0.00000,,,False,,228196.00000,,,,,,Заказной,Кузьмин М.С.,016582,М,,Арлайт РУС ООО,0.00000,0.00000,ILSSRV,d7adbf5e-b291-4c33-9a2c-4bdb5011187f,2026-03-25 10:31:50,,570.49000,11409.80000,,,N,N,N,,False,0.00000,,,,,,0,ЭКС-000011963   ,2026-04-02 00:00:00,,,,,20.00000,1978728,2,,,,,,,,C,,Годен,,,
1997547,,WH1,321350,EKS000005952,861591,"Блок питания ARV-DRS-100-24 (24V, 4.2A, 100W) (Arlight, IP20 DIN-рейка 5 лет)",,,ЭКС,1.00000,ШТ,1.00000,ЭКС-000005952   ,,5963093.00000,,,0.22000,КГ,10.00000,8.00000,6.00000,СМ,,False,,3278.53000,,,,,,Заказной,Кузьмин М.С.,059902,ШТ,Заказной товар,Арлайт РУС ООО,0.00000,0.00000,ILSSRV,d7adbf5e-b291-4c33-9a2c-4bdb5011187f,2026-03-25 10:31:50,,3278.53000,3278.53000,,,N,N,N,,False,0.22000,,,,,,0,ЭКС-000011833   ,2026-04-02 00:00:00,,,,,1.00000,1978729,2,,,,,,,,C,,Годен,,,
1997548,,WH1,321350,EKS000005952,856420,"Блок питания ARV-SP-48090-FLAT-PFC (48V, 1.8A, 90W) (IP20 Пластик, 5 лет)",,,ЭКС,1.00000,ШТ,1.00000,ЭКС-000005952   ,,5963095.00000,,,0.22000,КГ,19.00000,7.00000,2.00000,СМ,,False,,2435.09000,,,,,,Заказной,Кузьмин М.С.,052082,ШТ,Заказной товар,Арлайт РУС ООО,0.00000,0.00000,ILSSRV,d7adbf5e-b291-4c33-9a2c-4bdb5011187f,2026-03-25 10:31:50,,2435.09000,2435.09000,,,N,N,N,,False,0.22000,,,,,,0,ЭКС-000011931   ,2026-04-02 00:00:00,,,,,1.00000,1978730,2,,,,,,,,C,,Годен,,,
1997549,,WH1,321351,EKS000005953,882601,Накладная люстра ST-Luce ESTENSE SL6203.402.50,,,ЭКС,1.00000,ШТ,1.00000,ЭКС-000005953   ,,5963104.00000,,,0.00000,,0.00000,0.00000,0.00000,,,False,,10160.25000,,,,,,Заказной,Кузьмин М.С.,SL6203.402.50,ШТ,Заказной товар,СТ групп ООО,0.00000,0.00000,ILSSRV,3276dc86-0a0b-4d0b-8487-f763651dcf7f,2026-03-25 10:32:46,,10160.25000,10160.25000,,,N,N,N,,False,0.00000,,,,,,0,ЭКС-000011089   ,2026-03-25 00:00:00,,,,,1.00000,1978731,2,,,,,,,,C,,Годен,,,
1997550,,WH1,321352,EKS000005954,409316,"Arlight Светильник LGD-GELIOS-2TR-R80-30W Day4000 (WH, 20-60 deg, 230V)",,,ЭКС,15.00000,ШТ,15.00000,ЭКС-000005954   ,,5963105.00000,,,1.00000,КГ,29.00000,9.00000,9.00000,СМ,,False,,804388.50000,,,,,,Заказной,Кузьмин М.С.,031240,ШТ,Заказной товар,Арлайт РУС ООО,0.00000,0.00000,ILSSRV,9f615b22-2ae6-4d49-8150-33acfce9ec7d,2026-03-25 10:38:48,,3575.06000,53625.90000,,,N,N,N,,False,15.00000,,,,,,0,ЭКС-000011578   ,2026-04-01 00:00:00,,,,,15.00000,1978732,2,,,,,,,,C,,Годен,,,
1997551,,WH1,321352,EKS000005954,355937,Заглушка LGD-2TR-CAP-WH Arlight,,,ЭКС,3.00000,ШТ,3.00000,ЭКС-000005954   ,,5963107.00000,,,0.01000,КГ,3.00000,3.00000,2.00000,СМ,,False,,216.36000,,,,,,Заказной,Кузьмин М.С.,022776,ШТ,Заказной товар,Арлайт РУС ООО,0.00000,0.00000,ILSSRV,9f615b22-2ae6-4d49-8150-33acfce9ec7d,2026-03-25 10:38:48,,24.04000,72.12000,,,N,N,N,,False,0.03000,,,,,,0,ЭКС-000011578   ,2026-04-01 00:00:00,,,,,3.00000,1978733,6,,,,,,,,C,,Годен,,,
1997552,,WH1,321352,EKS000005954,339047,Arlight Трек LGD-2TR-TRACK-1000-WH-M (C),,,ЭКС,3.00000,ШТ,3.00000,ЭКС-000005954   ,,5963111.00000,,,1.00000,КГ,100.00000,3.00000,2.00000,СМ,,False,,4517.73000,,,,,,Логунов Владимир Александ,Кузьмин М.С.,022770,ШТ,Распродажа,Светодиод Технолоджиз,0.00000,0.00000,ILSSRV,9f615b22-2ae6-4d49-8150-33acfce9ec7d,2026-03-25 10:38:49,,501.97000,1505.91000,,,N,N,N,,False,3.00000,,,,,,0,ЭКС-000011578   ,2026-04-01 00:00:00,,,,,3.00000,1978734,2,,,,,,,,C,,Годен,,,
1997553,,WH1,321352,EKS000005954,316393,Arlight Коннектор внутренний LGD-2TR-CON-MINI-WH (C),,,ЭКС,3.00000,ШТ,3.00000,ЭКС-000005954   ,,5963108.00000,,,0.10000,КГ,10.00000,3.00000,3.00000,СМ,,False,,934.92000,,,,,,Заказной,Кузьмин М.С.,025272,ШТ,Заказной товар,Арлайт РУС ООО,0.00000,0.00000,ILSSRV,9f615b22-2ae6-4d49-8150-33acfce9ec7d,2026-03-25 10:38:49,,103.88000,311.64000,,,N,N,N,,False,0.30000,,,,,,0,ЭКС-000011578   ,2026-04-01 00:00:00,,,,,3.00000,1978735,2,,,,,,,,C,,Годен,,,
1997554,,WH1,321352,EKS000005954,312694,Коннектор LGD-2TR-CON-POWER-WH (C) Arlight,,,ЭКС,3.00000,ШТ,3.00000,ЭКС-000005954   ,,5963106.00000,,,0.10000,КГ,12.00000,4.00000,3.00000,СМ,,False,,920.34000,,,,,,Заказной,Кузьмин М.С.,022779,ШТ,Заказной товар,Арлайт РУС ООО,0.00000,0.00000,ILSSRV,9f615b22-2ae6-4d49-8150-33acfce9ec7d,2026-03-25 10:38:49,,102.26000,306.78000,,,N,N,N,,False,0.30000,,,,,,0,ЭКС-000011578   ,2026-04-01 00:00:00,,,,,3.00000,1978736,6,,,,,,,,C,,Годен,,,
1997555,,WH1,321352,EKS000005954,307779,Подвес LGD-2TR-HANG-2000-WH (C) Arlight,,,ЭКС,9.00000,ШТ,9.00000,ЭКС-000005954   ,,5963110.00000,,,0.10000,КГ,10.00000,10.00000,5.00000,СМ,,False,,24842.70000,,,,,,Заказной,Кузьмин М.С.,022783,ШТ,Заказной товар,Арлайт РУС ООО,0.00000,0.00000,ILSSRV,9f615b22-2ae6-4d49-8150-33acfce9ec7d,2026-03-25 10:38:49,,306.70000,2760.30000,,,N,N,N,,False,0.90000,,,,,,0,ЭКС-000011578   ,2026-04-01 00:00:00,,,,,9.00000,1978737,6,,,,,,,,C,,Годен,,,
1997556,,WH1,321352,EKS000005954,307777,Трек LGD-2TR-TRACK-2000-WH-M (C) Arlight,,,ЭКС,3.00000,ШТ,3.00000,ЭКС-000005954   ,,5963109.00000,,,1.50000,КГ,200.00000,4.00000,2.00000,СМ,,False,,8691.75000,,,,,,Заказной,Кузьмин М.С.,022773,ШТ,Заказной товар,Арлайт РУС ООО,0.00000,0.00000,ILSSRV,9f615b22-2ae6-4d49-8150-33acfce9ec7d,2026-03-25 10:38:49,,965.75000,2897.25000,,,N,N,N,,False,4.50000,,,,,,0,ЭКС-000011578   ,2026-04-01 00:00:00,,,,,3.00000,1978738,6,,,,,,,,C,,Годен,,,
1997557,,WH1,321352,EKS000005954,765354,"Лента герметичная CSP-PFS-X320-10mm 24V Warm3000 (10 W/m, IP68, TWP100, 5m) (Arlight, -)",,,ЭКС,30.00000,М,30.00000,ЭКС-000005954   ,,5963116.00000,,,0.13000,КГ,100.00000,1.00000,0.60000,СМ,,False,,1183815.00000,,,,,,Заказной,Кузьмин М.С.,045052,М,Заказной товар,Арлайт РУС ООО,0.00000,0.00000,ILSSRV,9f615b22-2ae6-4d49-8150-33acfce9ec7d,2026-03-25 10:38:49,,1315.35000,39460.50000,,,N,N,N,,False,3.90000,,,,,,0,ЭКС-000011766   ,2026-04-01 00:00:00,,,,,30.00000,1978739,2,,,,,,,,C,,Годен,,,
1997558,,WH1,321352,EKS000005954,762698,"Arlight Алюминиевый Профиль KLUS-LOCK-FM-2000 ANOD (ARL, Металл)",,,ЭКС,12.00000,М,12.00000,ЭКС-000005954   ,,5963112.00000,,,0.10000,КГ,100.00000,5.50000,0.50000,СМ,,False,,118762.56000,,,,,,Заказной,Кузьмин М.С.,019185,М,Заказной товар,Арлайт РУС ООО,0.00000,0.00000,ILSSRV,9f615b22-2ae6-4d49-8150-33acfce9ec7d,2026-03-25 10:38:49,,824.74000,9896.88000,,,N,N,N,,False,1.20000,,,,,,0,ЭКС-000011601   ,2026-04-01 00:00:00,,,,,12.00000,1978740,2,,,,,,,,C,,Годен,,,
1997559,,WH1,321352,EKS000005954,761248,Пружинный держатель PLS-GIP/LOCK Arlight,,,ЭКС,24.00000,ШТ,24.00000,ЭКС-000005954   ,,5963113.00000,,,0.00000,,0.00000,0.00000,0.00000,,,False,,164304.00000,,,,,,Заказной,Кузьмин М.С.,016442,ШТ,Заказной товар,Арлайт РУС ООО,0.00000,0.00000,ILSSRV,9f615b22-2ae6-4d49-8150-33acfce9ec7d,2026-03-25 10:38:49,,285.25000,6846.00000,,,N,N,N,,False,0.00000,,,,,,0,ЭКС-000011601   ,2026-04-01 00:00:00,,,,,24.00000,1978741,6,,,,,,,,C,,Годен,,,
1997560,,WH1,321352,EKS000005954,751210,"Arlight Лента MICROLED-M266-4mm 24V Warm3000 (12 W/m, IP20, 2216, 5m) (узкая)",,,ЭКС,15.00000,М,15.00000,ЭКС-000005954   ,,5963115.00000,,,0.10000,КГ,100.00000,1.00000,0.50000,СМ,,False,,140843.25000,,,,,,Заказной,Кузьмин М.С.,037824,М,Заказной товар,Арлайт РУС ООО,0.00000,0.00000,ILSSRV,9f615b22-2ae6-4d49-8150-33acfce9ec7d,2026-03-25 10:38:49,,625.97000,9389.55000,,,N,N,N,,False,1.50000,,,,,,0,ЭКС-000011737   ,2026-04-01 00:00:00,,,,,15.00000,1978742,2,,,,,,,,C,,Годен,,,
1997561,,WH1,321352,EKS000005954,465355,"Arlight Диммер ARL-SIRIUS-DIM (12-24V, 1x25A, 2.4G) (ARL, IP20 Металл, 3 года)",,,ЭКС,1.00000,ШТ,1.00000,ЭКС-000005954   ,,5963114.00000,,,0.10000,КГ,11.00000,4.00000,3.00000,СМ,,False,,2039.81000,,,,,,Заказной,Кузьмин М.С.,029928,ШТ,Заказной товар,Арлайт РУС ООО,0.00000,0.00000,ILSSRV,9f615b22-2ae6-4d49-8150-33acfce9ec7d,2026-03-25 10:38:49,,2039.81000,2039.81000,,,N,N,N,,False,0.10000,,,,,,0,ЭКС-000011686   ,2026-04-01 00:00:00,,,,,1.00000,1978743,2,,,,,,,,C,,Годен,,,
1997562,,WH1,321353,EKS000005955,421763,"Arlight Шнур питания ARD-PRO-STD-1.5M Black (230V, 1.6A)",,,ЭКС,1.00000,ШТ,1.00000,ЭКС-000005955   ,,5963117.00000,,,0.10000,КГ,10.00000,10.00000,1.00000,СМ,,,,728.50000,,,,,,Заказной,Кузьмин М.С.,025888,ШТ,Заказной товар,Арлайт РУС ООО,0.00000,0.00000,ILSSRV,9f615b22-2ae6-4d49-8150-33acfce9ec7d,2026-03-25 10:38:50,,728.50000,728.50000,,,N,N,N,,False,0.10000,,,,,,0,,2026-04-01 00:00:00,,,,,1.00000,1978744,2,,,,,,,,C,,Годен,,,
1997563,,WH1,321354,EKS000005956,704609,"Ключ комбинированный трещоточный, 19 мм, CrV, зеркальный хром. MATRIX PROFESSIONAL",,,ЭКС,4.00000,ШТ,4.00000,ЭКС-000005956   ,,5963121.00000,,,0.20000,КГ,20.00000,3.00000,0.80000,СМ,,,,5682.08000,,,,,,Заказной,Петров И.В.,14812,ШТ,Заказной товар,МИР Инструмента ООО,0.00000,0.00000,ILSSRV,01ec2f9c-cea4-49f9-bc27-740ff842be25,2026-03-25 10:43:44,,355.13000,1420.52000,,,N,N,N,,False,0.80000,,,,,,0,ЭКС-000011231   ,2026-03-24 00:00:00,,,,,4.00000,1978745,2,,,,,,,,C,,Годен,,,
1997564,,WH1,321354,EKS000005956,460618,"Стремянка стальная 4 ступени, 80 см (Сибртех)",,,ЭКС,2.00000,ШТ,2.00000,ЭКС-000005956   ,,5963118.00000,,,6.00000,КГ,155.00000,44.00000,10.00000,СМ,,,,6878.36000,,,,,,Заказной,Петров И.В.,97844,ШТ,Заказной товар,МИР Инструмента ООО,0.00000,0.00000,ILSSRV,01ec2f9c-cea4-49f9-bc27-740ff842be25,2026-03-25 10:43:44,,1719.59000,3439.18000,,,N,N,N,,False,12.00000,,,,,,0,ЭКС-000012569   ,2026-03-24 00:00:00,,,,,2.00000,1978746,2,,,,,,,Long < 2,C,,Годен,,,
1997565,,WH1,321354,EKS000005956,805765,"Циркуляционный насос CP25-8, напор 8 м, 130 л/мин, 1 м кабель, монт. длина 180 мм Denzel",,,ЭКС,1.00000,ШТ,1.00000,ЭКС-000005956   ,,5963122.00000,,,0.00000,,0.00000,0.00000,0.00000,,,,,4389.51000,,,,,,Заказной,Петров И.В.,99412,ШТ,Заказной товар,МИР ИНСТРУМЕНТА ООО,0.00000,0.00000,ILSSRV,01ec2f9c-cea4-49f9-bc27-740ff842be25,2026-03-25 10:43:45,,4389.51000,4389.51000,,,N,N,N,,False,0.00000,,,,,,0,ЭКС-000011216   ,2026-03-24 00:00:00,,,,,1.00000,1978747,2,,,,,,,,C,,Годен,,,
1997566,,WH1,321354,EKS000005956,729914,"Ключ комбинированный трещоточный, 10 мм, CrV, зеркальный хром Matrix Professional",,,ЭКС,4.00000,ШТ,4.00000,ЭКС-000005956   ,,5963119.00000,,,0.00100,КГ,16.00000,2.00000,0.50000,СМ,,,,3053.60000,,,,,,Заказной,Петров И.В.,14803,ШТ,Заказной товар,МИР ИНСТРУМЕНТА ООО,0.00000,0.00000,ILSSRV,01ec2f9c-cea4-49f9-bc27-740ff842be25,2026-03-25 10:43:45,,190.85000,763.40000,,,N,N,N,,False,0.00400,,,,,,0,ЭКС-000011231   ,2026-03-24 00:00:00,,,,,4.00000,1978748,2,,,,,,,,C,,Годен,,,
1997567,,WH1,321354,EKS000005956,704611,"Ключ комбинированный трещоточный, 17 мм, CrV, зеркальный хром. MATRIX PROFESSIONAL",,,ЭКС,4.00000,ШТ,4.00000,ЭКС-000005956   ,,5963120.00000,,,0.20000,КГ,20.00000,3.00000,0.80000,СМ,,,,4568.64000,,,,,,Заказной,Петров И.В.,14810,ШТ,Заказной товар,МИР Инструмента ООО,0.00000,0.00000,ILSSRV,01ec2f9c-cea4-49f9-bc27-740ff842be25,2026-03-25 10:43:45,,285.54000,1142.16000,,,N,N,N,,False,0.80000,,,,,,0,ЭКС-000011231   ,2026-03-24 00:00:00,,,,,4.00000,1978749,2,,,,,,,,C,,Годен,,,
1997568,,WH1,321355,EKS000005957,366745,СТ ARCTIC.OPL ECO Светильник LED 1200 4000K,,,ЭКС,24.00000,ШТ,0.00000,ЭКС-000005957   ,,5963124.00000,,,1.00000,КГ,130.00000,20.00000,15.00000,СМ,,False,,3000706.56000,,,,,,Заказной,Колупаев В.Г.,1088000100,ШТ,Заказной товар,МГК Световые Технологии О,0.00000,0.00000,v.plevako,,2026-03-25 11:43:41,,5209.56000,125029.44000,,,N,N,N,,False,24.00000,,,,,,0,ЭКС-000007973   ,2026-03-25 00:00:00,,,,,24.00000,1978750,2,,,,,,,Long < 2,C,,Годен,,,
1997569,,WH1,321355,EKS000005957,203404,Светильник LED OPL/R ECO LED (595) EM 36Вт опал 2900лм/4000K IP20 Световые Технологии,,,ЭКС,30.00000,ШТ,0.00000,ЭКС-000005957   ,,5963123.00000,,,5.00000,КГ,60.00000,70.00000,17.00000,СМ,,False,27.40.25.132,11258370.00000,,9405110033,,,,Заказной,Колупаев В.Г.,1028000490,ШТ,Заказной товар,МГК Световые Технологии О,0.00000,0.00000,v.plevako,,2026-03-25 11:46:52,,12509.30000,375279.00000,,,N,N,N,,False,150.00000,,,,,,0,ЭКС-000006447   ,2026-03-25 00:00:00,,,,,30.00000,1978751,2,,,,,,,,C,,Годен,,,
1997570,,WH1,321356,EKS000005958,872735,"Лента спиральная монтажная STEKKER, диаметр пучка 9-65 мм,10 м/упак, белый, SWB-12",,,ЭКС,5.00000,ШТ,5.00000,ЭКС-000005958   ,,5963127.00000,,,0.00000,,0.00000,0.00000,0.00000,,,False,,3033.75000,,,,,,Заказной,Косова Т.В.,49283,ШТ,Заказной товар,МСТ ООО  (FERON),0.00000,0.00000,ILSSRV,c4097396-efee-4656-8e31-2a9f681c20b1,2026-03-25 10:53:46,,121.35000,606.75000,,,N,N,N,,False,0.00000,,,,,,0,ЭКС-000012778   ,2026-03-25 00:00:00,,,,,5.00000,1978752,2,,,,,,,,C,,Годен,,,
1997571,,WH1,321356,EKS000005958,755821,"Feron Светильник потолочный 12W, 230V, GX53, белый, HL361",,,ЭКС,6.00000,ШТ,6.00000,ЭКС-000005958   ,,5963125.00000,,,0.00000,,0.00000,0.00000,0.00000,,,,,15165.00000,,,,,,Заказной,Косова Т.В.,41994,ШТ,Заказной товар,МСТ ООО  (FERON),0.00000,0.00000,ILSSRV,c4097396-efee-4656-8e31-2a9f681c20b1,2026-03-25 10:53:46,,421.25000,2527.50000,,,N,N,N,,False,0.00000,,,,,,0,ЭКС-000012377   ,2026-03-25 00:00:00,,,,,6.00000,1978753,2,,,,,,,,C,,Годен,,,
1997572,,WH1,321356,EKS000005958,702497,"Feron Прожектор на штативе , 2*70W 6400К 220V черный IP65 , LL-504",,,ЭКС,1.00000,ШТ,1.00000,ЭКС-000005958   ,,5963126.00000,,,3.80000,КГ,59.00000,15.00000,15.00000,СМ,,False,,2653.03000,,,,,,Заказной,Косова Т.В.,41544,ШТ,Заказной товар,МСТ ООО  (FERON),0.00000,0.00000,ILSSRV,c4097396-efee-4656-8e31-2a9f681c20b1,2026-03-25 10:53:46,,2653.03000,2653.03000,,,N,N,N,,False,3.80000,,,,,,0,ЭКС-000012857   ,2026-03-25 00:00:00,,,,,1.00000,1978754,2,,,,,,,,C,,Годен,,,
1997573,,WH1,321356,EKS000005958,872737,"Лента спиральная монтажная STEKKER, диаметр пучка 15-100 мм, 10 м/упак, белый, SWB-19",,,ЭКС,5.00000,ШТ,5.00000,ЭКС-000005958   ,,5963128.00000,,,0.00000,,0.00000,0.00000,0.00000,,,False,,7303.50000,,,,,,Заказной,Косова Т.В.,49285,ШТ,Заказной товар,МСТ ООО  (FERON),0.00000,0.00000,ILSSRV,c4097396-efee-4656-8e31-2a9f681c20b1,2026-03-25 10:53:46,,292.14000,1460.70000,,,N,N,N,,False,0.00000,,,,,,0,ЭКС-000012778   ,2026-03-25 00:00:00,,,,,5.00000,1978755,2,,,,,,,,C,,Годен,,,
1997574,,WH1,321357,EKS000005959,871935,"Розетка 2-местная USB + Type C (механизм), STEKKER, 250В, 20W, серия Эмили, RST10-5115-05, черный уг",,,ЭКС,3.00000,ШТ,3.00000,ЭКС-000005959   ,,5963138.00000,,,0.00000,,0.00000,0.00000,0.00000,,,False,,8899.11000,,,,,,Заказной,Косова Т.В.,49853,ШТ,Заказной товар,МСТ ООО  (FERON),0.00000,0.00000,ILSSRV,daf7fec1-c40a-4b26-94c6-92a557366b2e,2026-03-25 10:54:47,,988.79000,2966.37000,,,N,N,N,,False,0.00000,,,,,,0,ЭКС-000012044   ,2026-03-25 00:00:00,,,,,3.00000,1978756,2,,,,,,,,C,,Годен,,,
1997575,,WH1,321357,EKS000005959,868992,"Лампа светодиодная Feron LB-217 G13 72W 175-265V 4000K 1,2м",,,ЭКС,30.00000,ШТ,30.00000,ЭКС-000005959   ,,5963133.00000,,,0.00000,,0.00000,0.00000,0.00000,,,False,,265554.00000,,,,,,Заказной,Косова Т.В.,51082,ШТ,Заказной товар,МСТ ООО  (FERON),0.00000,0.00000,ILSSRV,daf7fec1-c40a-4b26-94c6-92a557366b2e,2026-03-25 10:54:47,,295.06000,8851.80000,,,N,N,N,,False,0.00000,,,,,,0,ЭКС-000011674   ,2026-03-25 00:00:00,,,,,30.00000,1978757,2,,,,,,,,C,,Годен,,,
1997576,,WH1,321357,EKS000005959,868768,"Светильник Feron HL3891 LUMINA настенно-потолочный под лампу GX53, золото, черный",,,ЭКС,4.00000,ШТ,4.00000,ЭКС-000005959   ,,5963132.00000,,,0.00000,,0.00000,0.00000,0.00000,,,False,,2264.16000,,,,,,Заказной,Косова Т.В.,48797,ШТ,Заказной товар,МСТ ООО  (FERON),0.00000,0.00000,ILSSRV,daf7fec1-c40a-4b26-94c6-92a557366b2e,2026-03-25 10:54:47,,141.51000,566.04000,,,N,N,N,,False,0.00000,,,,,,0,ЭКС-000012051   ,2026-03-25 00:00:00,,,,,4.00000,1978758,2,,,,,,,,C,,Годен,,,
1997577,,WH1,321357,EKS000005959,635643,"Светильник светодиодный линейный Feron AL4020 IP20 36W 4000К, рас-ль мат. в алюм. кор.черн.",,,ЭКС,17.00000,ШТ,17.00000,ЭКС-000005959   ,,5963131.00000,,,1.00000,КГ,120.00000,6.00000,7.00000,СМ,,False,,410455.14000,,,,,,Заказной,Косова Т.В.,41338,ШТ,Заказной товар,МСТ ООО  (FERON),0.00000,0.00000,ILSSRV,daf7fec1-c40a-4b26-94c6-92a557366b2e,2026-03-25 10:54:47,,1420.26000,24144.42000,,,N,N,N,,False,17.00000,,,,,,0,ЭКС-000011816   ,2026-03-25 00:00:00,,,,,17.00000,1978759,2,,,,,,,,C,,Годен,,,
1997578,,WH1,321357,EKS000005959,608312,Светильник LED 36Вт  3100Lm/6500K  призма универсальный монтаж  AL2115,,,ЭКС,2.00000,ШТ,2.00000,ЭКС-000005959   ,,5963130.00000,,,0.70000,КГ,60.00000,60.00000,2.00000,СМ,,False,,2020.40000,,,,,,Акулинский Петр Иванович,Косова Т.В.,21085,ШТ,Товар филиала,МСТ ООО  (FERON),0.00000,0.00000,ILSSRV,daf7fec1-c40a-4b26-94c6-92a557366b2e,2026-03-25 10:54:47,,505.10000,1010.20000,,,N,N,N,,False,1.40000,,,,,,0,ЭКС-000012038   ,2026-03-25 00:00:00,,,,,2.00000,1978760,2,,,,,,,,C,,Годен,,,
1997579,,WH1,321357,EKS000005959,607585,"Прожектор LED переносной 30W, 6400К, 2400Lm, LL-512, IP65 Feron",,,ЭКС,10.00000,ШТ,10.00000,ЭКС-000005959   ,,5963134.00000,,,0.15000,КГ,20.00000,20.00000,4.00000,СМ,,False,,74571.00000,,,,,,Акулинский Петр Иванович,Косова Т.В.,29746,ШТ,Базовый,Декком ООО,0.00000,0.00000,ILSSRV,daf7fec1-c40a-4b26-94c6-92a557366b2e,2026-03-25 10:54:47,,745.71000,7457.10000,,,N,N,N,,False,1.50000,,,,,,0,,2026-03-25 00:00:00,,,,,10.00000,1978761,2,,,,,,,,C,,Годен,,,
1997580,,WH1,321357,EKS000005959,395193,"Прожектор LED переносной 50W, 6400К, 4000Lm, LL-513, IP65 Feron",,,ЭКС,10.00000,ШТ,10.00000,ЭКС-000005959   ,,5963135.00000,,,1.00000,КГ,30.00000,25.00000,6.00000,СМ,,False,,96687.00000,,,,,,Логунов Владимир Александ,Косова Т.В.,29747,ШТ,Базовый,Декком ООО,0.00000,0.00000,ILSSRV,daf7fec1-c40a-4b26-94c6-92a557366b2e,2026-03-25 10:54:47,,966.87000,9668.70000,,,N,N,N,,False,10.00000,,,,,,0,,2026-03-25 00:00:00,,,,,10.00000,1978762,2,,,,,,,,C,,Годен,,,
1997581,,WH1,321357,EKS000005959,883999,"Удлинитель на катушке 4-местный с/з, 30м, серия Professional, син",,,ЭКС,1.00000,ШТ,1.00000,ЭКС-000005959   ,,5963129.00000,,,0.00000,,0.00000,0.00000,0.00000,,,False,,5208.80000,,,,,,Заказной,Косова Т.В.,,ШТ,Прочее,Декком ООО ,0.00000,0.00000,ILSSRV,daf7fec1-c40a-4b26-94c6-92a557366b2e,2026-03-25 10:54:48,,5208.80000,5208.80000,,,N,N,N,,False,0.00000,,,,,,0,,2026-03-25 00:00:00,,,,,1.00000,1978763,2,,,,,,,,C,,Годен,,,
1997582,,WH1,321357,EKS000005959,871939,"Рамка STEKKER, PFR00-5001-05 1-местная, серия Эмили, черный уголь, soft touch",,,ЭКС,3.00000,ШТ,3.00000,ЭКС-000005959   ,,5963137.00000,,,0.00000,,0.00000,0.00000,0.00000,,,False,,404.55000,,,,,,Заказной,Косова Т.В.,49858,ШТ,Заказной товар,МСТ ООО  (FERON),0.00000,0.00000,ILSSRV,daf7fec1-c40a-4b26-94c6-92a557366b2e,2026-03-25 10:54:48,,44.95000,134.85000,,,N,N,N,,False,0.00000,,,,,,0,ЭКС-000012044   ,2026-03-25 00:00:00,,,,,3.00000,1978764,2,,,,,,,,C,,Годен,,,
1997583,,WH1,321358,EKS000005960,866131,"Трансформатор тока ТТИ-40 300/5А 5ВА класс 0,5S МПИ08 IEK",,,ЭКС,3.00000,ШТ,0.00000,ЭКС-000005960   ,,5963139.00000,,,0.47000,КГ,12.00000,8.00000,5.00000,СМ,,False,,11270.07000,,,,,,Заказной,Самоличенко В.А.,ITT30-3-05-0300-08,ШТ,Заказной товар,ЭлектроОптТорг ООО,0.00000,0.00000,r.sorokin,,2026-03-25 10:57:04,,1252.23000,3756.69000,,,N,N,N,,False,1.41000,,,,,,0,ЭКС-000007412   ,2026-03-03 00:00:00,,,,,3.00000,1978765,2,,,,,,,,C,,Годен,,,
1997584,,WH1,321359,EKS000005961,749629,Труба гофрированная ПВХ сверхтяжелая 1100 Н серая с/з д20 (100м/4800м уп/пал),,,ЭКС,800.00000,М,800.00000,ЭКС-000005961   ,,5963140.00000,,,0.07000,КГ,100.00000,2.00000,2.00000,СМ,,,,21555200.00000,,,,,,Заказной,Гилета О.В.,PR.0120321,М,Заказной товар,Промрукав ООО,0.00000,0.00000,ILSSRV,698b4508-37a9-4a95-a1aa-4e65eed123c2,2026-03-25 10:57:46,,33.68000,26944.00000,,,N,N,N,,False,56.00000,,,,,,0,ЭКС-000009411   ,2026-03-25 00:00:00,,,,,800.00000,1978766,2,,,,,,,,C,,Годен,,,
1997585,,WH1,321360,EKS000005962,860314,Настенный светильник 70150/1 черный,,,ЭКС,9.00000,ШТ,0.00000,ЭКС-000005962   ,,5963141.00000,,,0.62000,КГ,20.00000,20.00000,20.00000,СМ,,False,,190217.16000,,,,,,Заказной,Кузьмин М.С.,a064844,ШТ,Заказной товар,Электростандарт ООО,0.00000,0.00000,v.plevako,,2026-03-25 11:49:28,,2348.36000,21135.24000,,,N,N,N,,False,5.58000,,,,,,0,ЭКС-000067417   ,2026-03-23 00:00:00,,,,,9.00000,1978767,2,,,,,,,,C,,Годен,,,
1997586,,WH1,321361,EKS000005963,673745,W1110164/ Выключатель 1кл с подсветкой (графит матовый)   // код a063096,,,ЭКС,1.00000,ШТ,1.00000,ЭКС-000005963   ,,5963147.00000,,,0.02000,КГ,7.00000,4.00000,7.00000,СМ,,,,524.59000,,,,,,Заказной,Куграшова О.В.,W1110164,ШТ,Заказной товар,ВЕРКЕЛЬ ООО,0.00000,0.00000,ILSSRV,686c958e-c9a9-4c51-ab2a-422a1c72757e,2026-03-25 11:15:55,,524.59000,524.59000,,,N,N,N,,False,0.02000,,,,,,0,ЭКС-000011166   ,2026-03-30 00:00:00,,,,,1.00000,1978768,2,,,,,,,,C,,Годен,,,
1997587,,WH1,321361,EKS000005963,395684,W1122004/ Выключатель 2кл  проходной (графит рифленый)   // код a050760,,,ЭКС,2.00000,ШТ,2.00000,ЭКС-000005963   ,,5963152.00000,,,0.03000,КГ,7.00000,7.00000,4.00000,СМ,,,,2032.80000,,,,,,Заказной,Куграшова О.В.,W1122004,ШТ,Заказной товар,ВЕРКЕЛЬ ООО,0.00000,0.00000,ILSSRV,686c958e-c9a9-4c51-ab2a-422a1c72757e,2026-03-25 11:15:55,,508.20000,1016.40000,,,N,N,N,,False,0.06000,,,,,,0,ЭКС-000011554   ,2026-03-30 00:00:00,,,,,2.00000,1978769,2,,,,,,,,C,,Годен,,,
1997588,,WH1,321361,EKS000005963,320763,W0052113/ Рамка на 5 постов Stream (перламутровый рифленый)   // код a051280,,,ЭКС,1.00000,ШТ,1.00000,ЭКС-000005963   ,,5963146.00000,,,0.05000,КГ,37.00000,8.50000,1.00000,СМ,,,,1319.67000,,,,,,Заказной,Куграшова О.В.,W0052113,ШТ,Выводится из ассортимента,ВЕРКЕЛЬ ООО,0.00000,0.00000,ILSSRV,686c958e-c9a9-4c51-ab2a-422a1c72757e,2026-03-25 11:15:55,,1319.67000,1319.67000,,,N,N,N,,False,0.05000,,,,,,0,ЭКС-000011041   ,2026-03-30 00:00:00,,,,,1.00000,1978770,2,,,,,,,,C,,Годен,,,
1997589,,WH1,321361,EKS000005963,279400,W0011803/ Рамка на 1 пост Stark (слоновая кость)   // код a050918,,,ЭКС,5.00000,ШТ,5.00000,ЭКС-000005963   ,,5963162.00000,,,0.02000,КГ,9.00000,9.00000,1.00000,СМ,,,,1291.00000,,,,,,Заказной,Куграшова О.В.,W0011803,ШТ,Заказной товар,ВЕРКЕЛЬ ООО,0.00000,0.00000,ILSSRV,686c958e-c9a9-4c51-ab2a-422a1c72757e,2026-03-25 11:15:55,,51.64000,258.20000,,,N,N,N,,False,0.10000,,,,,,0,ЭКС-000011041   ,2026-03-30 00:00:00,,,,,5.00000,1978771,2,,,,,,,,C,,Годен,,,
1997590,,WH1,321361,EKS000005963,279389,W1122003/ Выключатель 2кл  проходной (слоновая кость)   // код a051485,,,ЭКС,2.00000,ШТ,2.00000,ЭКС-000005963   ,,5963151.00000,,,0.08000,КГ,7.00000,7.00000,4.00000,СМ,,,,1508.20000,,,,,,Заказной,Куграшова О.В.,W1122003,ШТ,Заказной товар,ВЕРКЕЛЬ ООО,0.00000,0.00000,ILSSRV,686c958e-c9a9-4c51-ab2a-422a1c72757e,2026-03-25 11:15:55,,377.05000,754.10000,,,N,N,N,,False,0.16000,,,,,,0,ЭКС-000011041   ,2026-03-30 00:00:00,,,,,2.00000,1978772,2,,,,,,,,C,,Годен,,,
1997591,,WH1,321361,EKS000005963,263663,W1171003/ Розетка с ЗК  (слоновая кость)   // код a051490,,,ЭКС,3.00000,ШТ,3.00000,ЭКС-000005963   ,,5963157.00000,,,0.07000,КГ,7.50000,7.50000,4.30000,СМ,,,,1814.76000,,,,,,Заказной,Куграшова О.В.,W1171003,ШТ,Заказной товар,ВЕРКЕЛЬ ООО,0.00000,0.00000,ILSSRV,686c958e-c9a9-4c51-ab2a-422a1c72757e,2026-03-25 11:15:55,,201.64000,604.92000,,,N,N,N,,False,0.21000,,,,,,0,ЭКС-000011041   ,2026-03-30 00:00:00,,,,,3.00000,1978773,2,,,,,,,,C,,Годен,,,
1997592,,WH1,321361,EKS000005963,263607,W1171001/ Розетка с ЗК  (белый)   // код a051127,,,ЭКС,400.00000,ШТ,400.00000,ЭКС-000005963   ,,5963164.00000,,,0.09000,КГ,7.00000,5.00000,7.00000,СМ,,,,32262400.00000,,,,,,Дортман Анна Павловна,Куграшова О.В.,W1171001,ШТ,Базовый,ВЕРКЕЛЬ ООО,0.00000,0.00000,ILSSRV,686c958e-c9a9-4c51-ab2a-422a1c72757e,2026-03-25 11:15:55,,201.64000,80656.00000,,,N,N,N,,False,36.00000,,,,,,0,,2026-03-30 00:00:00,,,,,400.00000,1978774,2,,,,,,,,C,,Годен,,,
1997593,,WH1,321361,EKS000005963,320759,W0012113/ Рамка на 1 пост Stream (перламутровый рифленый)   // код a051264,,,ЭКС,18.00000,ШТ,18.00000,ЭКС-000005963   ,,5963163.00000,,,0.06000,КГ,8.00000,8.00000,0.50000,СМ,,,,47005.92000,,,,,,Дортман Анна Павловна,Куграшова О.В.,W0012113,ШТ,Базовый,ВЕРКЕЛЬ ООО,0.00000,0.00000,ILSSRV,686c958e-c9a9-4c51-ab2a-422a1c72757e,2026-03-25 11:15:55,,145.08000,2611.44000,,,N,N,N,,False,1.08000,,,,,,0,ЭКС-000011041   ,2026-03-30 00:00:00,,,,,18.00000,1978775,2,,,,,,,,C,,Годен,,,
1997594,,WH1,321361,EKS000005963,320675,W5071003/ Розетка с ЗК  Gallant (слоновая кость)   // код a051552,,,ЭКС,2.00000,ШТ,2.00000,ЭКС-000005963   ,,5963161.00000,,,0.01000,КГ,8.00000,7.00000,4.00000,СМ,,,,632.80000,,,,,,Заказной,Куграшова О.В.,W5071003,ШТ,Заказной товар,ВЕРКЕЛЬ ООО,0.00000,0.00000,ILSSRV,686c958e-c9a9-4c51-ab2a-422a1c72757e,2026-03-25 11:15:55,,158.20000,316.40000,,,N,N,N,,False,0.02000,,,,,,0,ЭКС-000011041   ,2026-03-30 00:00:00,,,,,2.00000,1978776,2,,,,,,,,C,,Годен,,,
1997595,,WH1,321361,EKS000005963,320591,W1122113/ Выключатель  2кл проходной с подсветкой (перламутровый рифленый)   // код a051174,,,ЭКС,2.00000,ШТ,2.00000,ЭКС-000005963   ,,5963155.00000,,,0.10000,КГ,7.00000,7.00000,4.00000,СМ,,,,3114.76000,,,,,,Заказной,Куграшова О.В.,W1122113,ШТ,Заказной товар,ВЕРКЕЛЬ ООО,0.00000,0.00000,ILSSRV,686c958e-c9a9-4c51-ab2a-422a1c72757e,2026-03-25 11:15:55,,778.69000,1557.38000,,,N,N,N,,False,0.20000,,,,,,0,ЭКС-000011041   ,2026-03-30 00:00:00,,,,,2.00000,1978777,2,,,,,,,,C,,Годен,,,
1997596,,WH1,321361,EKS000005963,320588,W1112113/ Выключатель 1кл  проходной с подсветкой (перламутровый рифленый)   // код a051182,,,ЭКС,2.00000,ШТ,2.00000,ЭКС-000005963   ,,5963148.00000,,,0.10000,КГ,7.00000,7.00000,4.00000,СМ,,,,2262.32000,,,,,,Заказной,Куграшова О.В.,W1112113,ШТ,Заказной товар,ВЕРКЕЛЬ ООО,0.00000,0.00000,ILSSRV,686c958e-c9a9-4c51-ab2a-422a1c72757e,2026-03-25 11:15:55,,565.58000,1131.16000,,,N,N,N,,False,0.20000,,,,,,0,ЭКС-000011041   ,2026-03-30 00:00:00,,,,,2.00000,1978778,2,,,,,,,,C,,Годен,,,
1997597,,WH1,321361,EKS000005963,320586,W1122013/ Выключатель 2кл  проходной (перламутровый рифленый)   // код a051185,,,ЭКС,4.00000,ШТ,4.00000,ЭКС-000005963   ,,5963153.00000,,,0.10000,КГ,7.00000,7.00000,4.00000,СМ,,,,8131.20000,,,,,,Заказной,Куграшова О.В.,W1122013,ШТ,Заказной товар,ВЕРКЕЛЬ ООО,0.00000,0.00000,ILSSRV,686c958e-c9a9-4c51-ab2a-422a1c72757e,2026-03-25 11:15:55,,508.20000,2032.80000,,,N,N,N,,False,0.40000,,,,,,0,ЭКС-000010964   ,2026-03-30 00:00:00,,,,,4.00000,1978779,2,,,,,,,,C,,Годен,,,
1997598,,WH1,321361,EKS000005963,320585,W1171213/ Розетка  IP44  с ЗК с защит. крышкой и шторками (перламутровый рифленый)   // код a051173,,,ЭКС,6.00000,ШТ,6.00000,ЭКС-000005963   ,,5963158.00000,,,0.08000,КГ,7.00000,7.00000,6.00000,СМ,,,,16967.16000,,,,,,Заказной,Куграшова О.В.,W1171213,ШТ,Заказной товар,ВЕРКЕЛЬ ООО,0.00000,0.00000,ILSSRV,686c958e-c9a9-4c51-ab2a-422a1c72757e,2026-03-25 11:15:55,,471.31000,2827.86000,,,N,N,N,,False,0.48000,,,,,,0,ЭКС-000011041   ,2026-03-30 00:00:00,,,,,6.00000,1978780,2,,,,,,,,C,,Годен,,,
1997599,,WH1,321361,EKS000005963,320581,W1120113/ Выключатель 2кл  с подсветкой (перламутровый рифленый)   // код a051186,,,ЭКС,3.00000,ШТ,3.00000,ЭКС-000005963   ,,5963150.00000,,,0.10000,КГ,7.00000,7.00000,4.00000,СМ,,,,6750.00000,,,,,,Заказной,Куграшова О.В.,W1120113,ШТ,Заказной товар,ВЕРКЕЛЬ ООО,0.00000,0.00000,ILSSRV,686c958e-c9a9-4c51-ab2a-422a1c72757e,2026-03-25 11:15:55,,750.00000,2250.00000,,,N,N,N,,False,0.30000,,,,,,0,ЭКС-000011041   ,2026-03-30 00:00:00,,,,,3.00000,1978781,2,,,,,,,,C,,Годен,,,
1997600,,WH1,321361,EKS000005963,320579,W1183013/ ТВ-розетка оконечная (перламутровый рифленый)   // код a051171,,,ЭКС,3.00000,ШТ,3.00000,ЭКС-000005963   ,,5963159.00000,,,0.10000,КГ,7.00000,7.00000,5.00000,СМ,,,,4131.18000,,,,,,Дортман Анна Павловна,Куграшова О.В.,W1183013,ШТ,Базовый,ВЕРКЕЛЬ ООО,0.00000,0.00000,ILSSRV,686c958e-c9a9-4c51-ab2a-422a1c72757e,2026-03-25 11:15:55,,459.02000,1377.06000,,,N,N,N,,False,0.30000,,,,,,0,ЭКС-000011041   ,2026-03-30 00:00:00,,,,,3.00000,1978782,2,,,,,,,,C,,Годен,,,
1997601,,WH1,321361,EKS000005963,315400,W1150203/ Вывод кабеля (слоновая кость)   // код a051482,,,ЭКС,1.00000,ШТ,1.00000,ЭКС-000005963   ,,5963156.00000,,,0.10000,КГ,8.00000,8.00000,4.00000,СМ,,,,229.51000,,,,,,Заказной,Куграшова О.В.,W1150203,ШТ,Заказной товар,ВЕРКЕЛЬ ООО,0.00000,0.00000,ILSSRV,686c958e-c9a9-4c51-ab2a-422a1c72757e,2026-03-25 11:15:55,,229.51000,229.51000,,,N,N,N,,False,0.10000,,,,,,0,ЭКС-000011041   ,2026-03-30 00:00:00,,,,,1.00000,1978783,2,,,,,,,,C,,Годен,,,
1997602,,WH1,321361,EKS000005963,279430,W1171208/ Розетка  IP44  с ЗК с защит. крышкой и шторками (черный матовый)   // код a069582,,,ЭКС,4.00000,ШТ,4.00000,ЭКС-000005963   ,,5963165.00000,,,0.10000,КГ,8.00000,8.00000,5.00000,СМ,,,,7475.36000,,,,,,Заказной,Куграшова О.В.,W1171208,ШТ,Заказной товар,ВЕРКЕЛЬ ООО,0.00000,0.00000,ILSSRV,686c958e-c9a9-4c51-ab2a-422a1c72757e,2026-03-25 11:15:55,,467.21000,1868.84000,,,N,N,N,,False,0.40000,,,,,,0,ЭКС-000010289   ,2026-03-30 00:00:00,,,,,4.00000,1978784,2,,,,,,,,C,,Годен,,,
1997603,,WH1,321361,EKS000005963,819496,W1212004/ Выключатель 1кл  проходной (дымчатый)// код  a069449,,,ЭКС,3.00000,ШТ,3.00000,ЭКС-000005963   ,,5963160.00000,,,0.00000,,0.00000,0.00000,0.00000,,,,,3172.14000,,,,,,Заказной,Куграшова О.В.,W1212004,ШТ,Заказной товар,ВЕРКЕЛЬ ООО,0.00000,0.00000,ILSSRV,686c958e-c9a9-4c51-ab2a-422a1c72757e,2026-03-25 11:15:55,,352.46000,1057.38000,,,N,N,N,,False,0.00000,,,,,,0,ЭКС-000011237   ,2026-03-30 00:00:00,,,,,3.00000,1978785,2,,,,,,,,C,,Годен,,,
1997604,,WH1,321361,EKS000005963,687292,"W0023101/ Рамка на 2 поста Senso (белый, стекло soft-touch)   // код a064565",,,ЭКС,1.00000,ШТ,1.00000,ЭКС-000005963   ,,5963144.00000,,,0.00000,,0.00000,0.00000,0.00000,,,,,2459.02000,,,,,,Заказной,Куграшова О.В.,W0023101,ШТ,Заказной товар,ВЕРКЕЛЬ ООО,0.00000,0.00000,ILSSRV,686c958e-c9a9-4c51-ab2a-422a1c72757e,2026-03-25 11:15:55,,2459.02000,2459.02000,,,N,N,N,,False,0.00000,,,,,,0,ЭКС-000011333   ,2026-03-30 00:00:00,,,,,1.00000,1978786,2,,,,,,,,C,,Годен,,,
1997605,,WH1,321361,EKS000005963,687291,"W0013101/ Рамка на 1 пост Senso (белый, стекло soft-touch)   // код a064564",,,ЭКС,1.00000,ШТ,1.00000,ЭКС-000005963   ,,5963142.00000,,,0.10000,КГ,16.00000,12.00000,1.50000,СМ,,,,1307.38000,,,,,,Заказной,Куграшова О.В.,W0013101,ШТ,Заказной товар,ВЕРКЕЛЬ ООО,0.00000,0.00000,ILSSRV,686c958e-c9a9-4c51-ab2a-422a1c72757e,2026-03-25 11:15:55,,1307.38000,1307.38000,,,N,N,N,,False,0.10000,,,,,,0,ЭКС-000011333   ,2026-03-30 00:00:00,,,,,1.00000,1978787,2,,,,,,,,C,,Годен,,,
1997606,,WH1,321361,EKS000005963,673774,W0031865/ Рамка на 3 поста Stark (серебряный матовый)   // код a063455,,,ЭКС,2.00000,ШТ,2.00000,ЭКС-000005963   ,,5963145.00000,,,0.03000,КГ,22.00000,9.00000,1.00000,СМ,,,,1495.08000,,,,,,Заказной,Куграшова О.В.,W0031865,ШТ,Заказной товар,ВЕРКЕЛЬ ООО,0.00000,0.00000,ILSSRV,686c958e-c9a9-4c51-ab2a-422a1c72757e,2026-03-25 11:15:56,,373.77000,747.54000,,,N,N,N,,False,0.06000,,,,,,0,ЭКС-000011166   ,2026-03-30 00:00:00,,,,,2.00000,1978788,2,,,,,,,,C,,Годен,,,
1997607,,WH1,321361,EKS000005963,673773,W0021865/ Рамка на 2 поста Stark (серебряный матовый)   // код a063454,,,ЭКС,3.00000,ШТ,3.00000,ЭКС-000005963   ,,5963143.00000,,,0.00100,КГ,16.00000,9.00000,0.50000,СМ,,,,1991.79000,,,,,,Заказной,Куграшова О.В.,W0021865,ШТ,Заказной товар,ВЕРКЕЛЬ ООО,0.00000,0.00000,ILSSRV,686c958e-c9a9-4c51-ab2a-422a1c72757e,2026-03-25 11:15:56,,221.31000,663.93000,,,N,N,N,,False,0.00300,,,,,,0,ЭКС-000011166   ,2026-03-30 00:00:00,,,,,3.00000,1978789,2,,,,,,,,C,,Годен,,,
1997608,,WH1,321361,EKS000005963,673747,W1120064/ Выключатель 2кл  (графит матовый)   // код a063098,,,ЭКС,1.00000,ШТ,1.00000,ЭКС-000005963   ,,5963149.00000,,,0.01000,КГ,10.50000,7.50000,4.00000,СМ,,,,377.05000,,,,,,Заказной,Куграшова О.В.,W1120064,ШТ,Заказной товар,ВЕРКЕЛЬ ООО,0.00000,0.00000,ILSSRV,686c958e-c9a9-4c51-ab2a-422a1c72757e,2026-03-25 11:15:56,,377.05000,377.05000,,,N,N,N,,False,0.01000,,,,,,0,ЭКС-000011166   ,2026-03-30 00:00:00,,,,,1.00000,1978790,2,,,,,,,,C,,Годен,,,
1997609,,WH1,321362,EKS000005964,497536,Держатель - клипса  d20 (с защелкой) Ff,,,ЭКС,6300.00000,ШТ,6300.00000,ЭКС-000005964   ,,5963168.00000,,,0.00700,КГ,2.00000,2.00000,1.00000,СМ,,,,40880700.00000,,,,,,Дортман Анна Павловна,Гилета О.В.,43525,ШТ,Базовый,Техэлектро-Сибирь ООО,0.00000,0.00000,ILSSRV,87ac0f31-3b48-4a69-993a-a481b8dd713e,2026-03-25 11:16:51,,1.03000,6489.00000,,,N,N,N,,False,44.10000,,,,,,0,,2026-03-25 00:00:00,,,,,6300.00000,1978791,2,,,,,,,,C,,Годен,,,
1997610,,WH1,321362,EKS000005964,325868,Муфта переходная 4ПКТп(б) (СИП)-1-25/50 (Б) КВТ,,,ЭКС,4.00000,ШТ,4.00000,ЭКС-000005964   ,,5963167.00000,,,0.30000,КГ,33.00000,15.00000,5.00000,СМ,,False,,46140.00000,,,,,,Заказной,Гилета О.В.,68066,ШТ,Заказной товар,Техэлектро-Сибирь ООО,0.00000,0.00000,ILSSRV,87ac0f31-3b48-4a69-993a-a481b8dd713e,2026-03-25 11:16:51,,2883.75000,11535.00000,,,N,N,N,,False,1.20000,,,,,,0,ЭКС-000010044   ,2026-03-25 00:00:00,,,,,4.00000,1978792,2,,,,,,,,C,,Годен,,,
1997611,,WH1,321362,EKS000005964,307820,"Муфта 5ПКТп(б) мини - 2,5/10 (КВТ)",,,ЭКС,2.00000,ШТ,2.00000,ЭКС-000005964   ,,5963166.00000,,,0.15000,КГ,20.00000,15.00000,4.00000,СМ,,,,2718.08000,,,,,,Заказной,Гилета О.В.,74675,ШТ,Заказной товар,Техэлектро-Сибирь ООО,0.00000,0.00000,ILSSRV,87ac0f31-3b48-4a69-993a-a481b8dd713e,2026-03-25 11:16:51,,679.52000,1359.04000,,,N,N,N,,False,0.30000,,,,,,0,ЭКС-000009950   ,2026-03-25 00:00:00,,,,,2.00000,1978793,2,,,,,,,,C,,Годен,,,
1997612,,WH1,321363,EKS000005965,354725,Металлорукав в ПВХ изоляции 20 (Р3-ЦПнг-LS) (Fortisflex) 73249,,,ЭКС,50.00000,М,50.00000,ЭКС-000005965   ,,5963171.00000,,,0.18000,КГ,100.00000,2.00000,2.00000,СМ,,,,145600.00000,,,,,,Заказной,Гилета О.В.,73249,М,Заказной товар,Техэлектро-Сибирь ООО,0.00000,0.00000,ILSSRV,012f31d7-7595-4b1c-9290-209573d3502e,2026-03-25 11:17:52,,58.24000,2912.00000,,,Y,N,N,,False,9.00000,,,,,,0,ЭКС-000012693   ,2026-03-25 00:00:00,,,,,50.00000,1978794,1,,,,,,,Rukav,C,,Годен,,,
1997613,,WH1,321363,EKS000005965,354725,Металлорукав в ПВХ изоляции 20 (Р3-ЦПнг-LS) (Fortisflex) 73249,,,ЭКС,100.00000,М,100.00000,ЭКС-000005965   ,,5963172.00000,,,0.18000,КГ,100.00000,2.00000,2.00000,СМ,,,,582400.00000,,,,,,Заказной,Гилета О.В.,73249,М,Заказной товар,Техэлектро-Сибирь ООО,0.00000,0.00000,ILSSRV,012f31d7-7595-4b1c-9290-209573d3502e,2026-03-25 11:17:52,,58.24000,5824.00000,,,Y,N,N,,False,18.00000,,,,,,0,ЭКС-000012693   ,2026-03-25 00:00:00,,,,,100.00000,1978795,1,,,,,,,Rukav,C,,Годен,,,
1997614,,WH1,321363,EKS000005965,354725,Металлорукав в ПВХ изоляции 20 (Р3-ЦПнг-LS) (Fortisflex) 73249,,,ЭКС,367.00000,М,367.00000,ЭКС-000005965   ,,5963173.00000,,,0.18000,КГ,100.00000,2.00000,2.00000,СМ,,,,7844287.36000,,,,,,Заказной,Гилета О.В.,73249,М,Заказной товар,Техэлектро-Сибирь ООО,0.00000,0.00000,ILSSRV,012f31d7-7595-4b1c-9290-209573d3502e,2026-03-25 11:17:52,,58.24000,21374.08000,,,Y,N,N,,False,66.06000,,,,,,0,ЭКС-000012693   ,2026-03-25 00:00:00,,,,,367.00000,1978796,1,,,,,,,Rukav,C,,Годен,,,
1997615,,WH1,321363,EKS000005965,354725,Металлорукав в ПВХ изоляции 20 (Р3-ЦПнг-LS) (Fortisflex) 73249,,,ЭКС,33.00000,М,33.00000,ЭКС-000005965   ,,5963174.00000,,,0.18000,КГ,100.00000,2.00000,2.00000,СМ,,,,63423.36000,,,,,,Заказной,Гилета О.В.,73249,М,Заказной товар,Техэлектро-Сибирь ООО,0.00000,0.00000,ILSSRV,012f31d7-7595-4b1c-9290-209573d3502e,2026-03-25 11:17:52,,58.24000,1921.92000,,,Y,N,N,,False,5.94000,,,,,,0,,2026-03-25 00:00:00,,,,,33.00000,1978797,1,,,,,,,Rukav,C,,Годен,,,
1997616,,WH1,321363,EKS000005965,580287,Металлорукав в ПВХ изоляции 20 Р3-ЦПнг-LS с протяжкой (Fortisflex),,,ЭКС,40.00000,М,40.00000,ЭКС-000005965   ,,5963175.00000,,,0.10000,КГ,100.00000,2.40000,2.40000,СМ,,,,97504.00000,,,,,,Заказной,Гилета О.В.,76648,М,Заказной товар,Техэлектро-Сибирь ООО,0.00000,0.00000,ILSSRV,012f31d7-7595-4b1c-9290-209573d3502e,2026-03-25 11:17:52,,60.94000,2437.60000,,,Y,N,N,,False,4.00000,,,,,,0,,2026-03-25 00:00:00,,,,,40.00000,1978798,1,,,,,,,Rukav,C,,Годен,,,
1997617,,WH1,321363,EKS000005965,580287,Металлорукав в ПВХ изоляции 20 Р3-ЦПнг-LS с протяжкой (Fortisflex),,,ЭКС,60.00000,М,60.00000,ЭКС-000005965   ,,5963176.00000,,,0.10000,КГ,100.00000,2.40000,2.40000,СМ,,,,219384.00000,,,,,,Заказной,Гилета О.В.,76648,М,Заказной товар,Техэлектро-Сибирь ООО,0.00000,0.00000,ILSSRV,012f31d7-7595-4b1c-9290-209573d3502e,2026-03-25 11:17:53,,60.94000,3656.40000,,,Y,N,N,,False,6.00000,,,,,,0,ЭКС-000012693   ,2026-03-25 00:00:00,,,,,60.00000,1978799,1,,,,,,,Rukav,C,,Годен,,,
1997618,,WH1,321363,EKS000005965,322042,Манжета ремонтная ТРМ 100/25-1200 (КВТ),,,ЭКС,7.00000,ШТ,7.00000,ЭКС-000005965   ,,5963170.00000,,,0.82000,КГ,120.00000,38.00000,1.50000,СМ,,,,84559.79000,,,,,,Заказной,Гилета О.В.,74813,ШТ,Заказной товар,Техэлектро-Сибирь ООО,0.00000,0.00000,ILSSRV,012f31d7-7595-4b1c-9290-209573d3502e,2026-03-25 11:17:53,,1725.71000,12079.97000,,,N,N,N,,False,5.74000,,,,,,0,ЭКС-000012632   ,2026-03-25 00:00:00,,,,,7.00000,1978800,2,,,,,,,,C,,Годен,,,
1997619,,WH1,321363,EKS000005965,796212,"Стяжки (хомуты) стальные с покрытием СКС-П (316) 4,6x600 (Fortisflex)",,,ЭКС,100.00000,ШТ,100.00000,ЭКС-000005965   ,,5963177.00000,,,0.01000,КГ,60.00000,0.50000,0.30000,СМ,,,,149400.00000,,,,,,Заказной,Гилета О.В.,74895,ШТ,Заказной товар,Техэлектро-Сибирь ООО,0.00000,0.00000,ILSSRV,012f31d7-7595-4b1c-9290-209573d3502e,2026-03-25 11:17:53,,14.94000,1494.00000,,,N,N,N,,False,1.00000,,,,,,0,ЭКС-000012742   ,2026-03-25 00:00:00,,,,,100.00000,1978801,2,,,,,,,,C,,Годен,,,
1997620,,WH1,321363,EKS000005965,634420,СМК 222-413 (КВТ) Клемма универсальная СМК 222-413 (КВТ),,,ЭКС,1400.00000,ШТ,1400.00000,ЭКС-000005965   ,,5963178.00000,,,0.00100,КГ,2.00000,1.00000,0.50000,СМ,,,,18992400.00000,,,,,,Заказной,Феденькова Д.Ю.,87633,ШТ,Заказной товар,Техэлектро-Сибирь ООО,0.00000,0.00000,ILSSRV,012f31d7-7595-4b1c-9290-209573d3502e,2026-03-25 11:17:53,,9.69000,13566.00000,,,N,N,N,,False,1.40000,,,,,,0,ЭКС-000012684   ,2026-03-25 00:00:00,,,,,1400.00000,1978802,2,,,,,,,,C,,Годен,,,
1997621,,WH1,321364,EKS000005966,442002,Металлорукав в ПВХ изоляции 20 (МРПИнг Nord) (Fortisflex),,,ЭКС,100.00000,М,100.00000,ЭКС-000005966   ,,5963192.00000,,,0.40000,КГ,100.00000,2.00000,2.00000,СМ,,,,651900.00000,,,,,,Дортман Анна Павловна,Гилета О.В.,67588,М,Заказной товар,Техэлектро-Сибирь ООО,0.00000,0.00000,ILSSRV,012f31d7-7595-4b1c-9290-209573d3502e,2026-03-25 11:17:58,,65.19000,6519.00000,,,Y,N,N,,False,40.00000,,,,,,0,,2026-03-25 00:00:00,,,,,100.00000,1978803,1,,,,,,,Rukav,C,,Годен,,,
1997622,,WH1,321364,EKS000005966,420232,"Бирка У-136 треугольная У3,5 (штуки) Ff",,,ЭКС,45300.00000,ШТ,45300.00000,ЭКС-000005966   ,,5963202.00000,,,0.01000,КГ,5.00000,5.00000,0.10000,СМ,,,,2585633400.00000,,,,,,Дортман Анна Павловна,Гилета О.В.,66783_шт,ШТ,Базовый,Техэлектро-Сибирь ООО,0.00000,0.00000,ILSSRV,012f31d7-7595-4b1c-9290-209573d3502e,2026-03-25 11:17:58,,1.26000,57078.00000,,,N,N,N,,False,453.00000,,,,,,0,ЭКС-000012459   ,2026-03-25 00:00:00,,,,,45300.00000,1978804,2,,,,,,,,A,,Годен,,,
1997623,,WH1,321364,EKS000005966,420230,"Бирка У-134 квадратная (размер 55х55) У3,5 (штуки) Ff",,,ЭКС,42000.00000,ШТ,42000.00000,ЭКС-000005966   ,,5963205.00000,,,0.01000,КГ,5.00000,5.00000,0.10000,СМ,,,,2363760000.00000,,,,,,Дортман Анна Павловна,Гилета О.В.,66781_шт,ШТ,Базовый,Техэлектро-Сибирь ООО,0.00000,0.00000,ILSSRV,012f31d7-7595-4b1c-9290-209573d3502e,2026-03-25 11:17:58,,1.34000,56280.00000,,,N,N,N,,False,420.00000,,,,,,0,ЭКС-000012459   ,2026-03-25 00:00:00,,,,,42000.00000,1978805,2,,,,,,,,A,,Годен,,,
1997624,,WH1,321364,EKS000005966,76929,Хомут кабельный  5х200 (ч) (100 шт./уп) Ff,,,ЭКС,130.00000,УП,130.00000,ЭКС-000005966   ,,5963186.00000,,,0.04000,КГ,27.00000,11.00000,2.00000,СМ,,,,1481961.00000,,,,,,Дортман Анна Павловна,Гилета О.В.,49415,УП,Базовый,Техэлектро-Сибирь ООО,0.00000,0.00000,ILSSRV,012f31d7-7595-4b1c-9290-209573d3502e,2026-03-25 11:17:58,,87.69000,11399.70000,,,N,N,N,,False,5.20000,,,,,,0,,2026-03-25 00:00:00,,,,,130.00000,1978806,2,,,,,,,,A,,Годен,,,
1997625,,WH1,321364,EKS000005966,75343,Хомут кабельный  5х300 (ч) (100 шт./уп) Ff,,,ЭКС,85.00000,УП,85.00000,ЭКС-000005966   ,,5963185.00000,,,0.19000,КГ,32.00000,9.00000,3.00000,СМ,,,,979348.75000,,,,,,Дортман Анна Павловна,Гилета О.В.,49417,УП,Базовый,Техэлектро-Сибирь ООО,0.00000,0.00000,ILSSRV,012f31d7-7595-4b1c-9290-209573d3502e,2026-03-25 11:17:58,,135.55000,11521.75000,,,N,N,N,,False,16.15000,,,,,,0,,2026-03-25 00:00:00,,,,,85.00000,1978807,2,,,,,,,,B,,Годен,,,
1997626,,WH1,321364,EKS000005966,75341,Хомут кабельный  4х300 (ч) (100 шт./уп) Ff,,,ЭКС,340.00000,УП,340.00000,ЭКС-000005966   ,,5963183.00000,,,0.03000,КГ,36.00000,10.00000,2.00000,СМ,,,,11591212.00000,,,,,,Дортман Анна Павловна,Гилета О.В.,49413,УП,Базовый,Техэлектро-Сибирь ООО,0.00000,0.00000,ILSSRV,012f31d7-7595-4b1c-9290-209573d3502e,2026-03-25 11:17:58,,100.27000,34091.80000,,,N,N,N,,False,10.20000,,,,,,0,,2026-03-25 00:00:00,,,,,340.00000,1978808,2,,,,,,,,A,,Годен,,,
1997627,,WH1,321364,EKS000005966,62140,Муфта 3КНТп 10-(25/50)-Б с наконечниками (КВТ),,,ЭКС,7.00000,ШТ,7.00000,ЭКС-000005966   ,,5963180.00000,,,2.00000,КГ,71.00000,13.00000,13.00000,СМ,,,,136290.07000,,,,,,Дортман Анна Павловна,Гилета О.В.,50118,ШТ,Товар РЦ,Техэлектро-Сибирь ООО,0.00000,0.00000,ILSSRV,012f31d7-7595-4b1c-9290-209573d3502e,2026-03-25 11:17:58,,2781.43000,19470.01000,,,N,N,N,,False,14.00000,,,,,,0,,2026-03-25 00:00:00,,,,,7.00000,1978809,2,,,,,,,,C,,Годен,,,
1997628,,WH1,321364,EKS000005966,410174,Хомут кабельный КСО 4x150 (б) с отверстием под винт (100шт.) Ff,,,ЭКС,20.00000,УП,20.00000,ЭКС-000005966   ,,5963207.00000,,,0.08900,КГ,20.00000,10.00000,3.00000,СМ,,,,28720.00000,,,,,,Дортман Анна Павловна,Гилета О.В.,80529,УП,Базовый,Техэлектро-Сибирь ООО,0.00000,0.00000,ILSSRV,012f31d7-7595-4b1c-9290-209573d3502e,2026-03-25 11:17:58,,71.80000,1436.00000,,,N,N,N,,False,1.78000,,,,,,0,,2026-03-25 00:00:00,,,,,20.00000,1978810,2,,,,,,,,C,,Годен,,,
1997629,,WH1,321364,EKS000005966,378780,Протяжка-стеклопруток FGP-3.5/10 10м,,,ЭКС,40.00000,ШТ,40.00000,ЭКС-000005966   ,,5963197.00000,,,0.15000,КГ,25.00000,25.00000,1.00000,СМ,,,,801744.00000,,,,,,Акулинский Петр Иванович,Гилета О.В.,69441,ШТ,Базовый,Техэлектро-Сибирь ООО,0.00000,0.00000,ILSSRV,012f31d7-7595-4b1c-9290-209573d3502e,2026-03-25 11:17:58,,501.09000,20043.60000,,,N,N,N,,False,6.00000,,,,,,0,,2026-03-25 00:00:00,,,,,40.00000,1978811,2,,,,,,,,A,,Годен,,,
1997630,,WH1,321364,EKS000005966,365335,Хомут морозостойкий КСС «NORD» 5x300 (ч) (100шт),,,ЭКС,45.00000,УП,45.00000,ЭКС-000005966   ,,5963201.00000,,,0.30000,КГ,33.00000,9.00000,3.00000,СМ,,,,305248.50000,,,,,,Акулинский Петр Иванович,Гилета О.В.,79751,УП,Базовый,Техэлектро-Сибирь ООО,0.00000,0.00000,ILSSRV,012f31d7-7595-4b1c-9290-209573d3502e,2026-03-25 11:17:58,,150.74000,6783.30000,,,N,N,N,,False,13.50000,,,,,,0,,2026-03-25 00:00:00,,,,,45.00000,1978812,2,,,,,,,,B,,Годен,,,
1997631,,WH1,321364,EKS000005966,321676,Скоба кабельная СНК 6 (100шт.) (Fortisflex),,,ЭКС,1.00000,УП,1.00000,ЭКС-000005966   ,,5963195.00000,,,0.06000,КГ,10.00000,10.00000,4.00000,СМ,,,,60.77000,,,,,,Заказной,Гилета О.В.,66445,УП,Заказной товар,Техэлектро-Сибирь ООО,0.00000,0.00000,ILSSRV,012f31d7-7595-4b1c-9290-209573d3502e,2026-03-25 11:17:58,,60.77000,60.77000,,,N,N,N,,False,0.06000,,,,,,0,ЭКС-000012402   ,2026-03-25 00:00:00,,,,,1.00000,1978813,2,,,,,,,,C,,Годен,,,
1997632,,WH1,321364,EKS000005966,245756,Дюбель-хомут 6х14мм нейлон ДХП белый для плоского кабеля (100 шт.) (Fortisflex),,,ЭКС,90.00000,УП,90.00000,ЭКС-000005966   ,,5963194.00000,,,0.10000,КГ,16.00000,2.00000,14.00000,СМ,,False,,410508.00000,,,,,,Дортман Анна Павловна,Гилета О.В.,59388,УП,Базовый,Техэлектро-Сибирь ООО,0.00000,0.00000,ILSSRV,012f31d7-7595-4b1c-9290-209573d3502e,2026-03-25 11:17:58,,50.68000,4561.20000,,,N,N,N,,False,9.00000,,,,,,0,,2026-03-25 00:00:00,,,,,90.00000,1978814,2,,,,,,,,A,,Годен,,,
1997633,,WH1,321364,EKS000005966,245754,Дюбель-хомут  5х8мм нейлон ДХП белый для плоского кабеля (100шт.) (Fortisflex),,,ЭКС,85.00000,УП,85.00000,ЭКС-000005966   ,,5963193.00000,,,0.21000,КГ,14.00000,1.00000,14.00000,СМ,,False,,330399.25000,,,,,,Дортман Анна Павловна,Гилета О.В.,59234,УП,Базовый,Техэлектро-Сибирь ООО,0.00000,0.00000,ILSSRV,012f31d7-7595-4b1c-9290-209573d3502e,2026-03-25 11:17:58,,45.73000,3887.05000,,,N,N,N,,False,17.85000,,,,,,0,,2026-03-25 00:00:00,,,,,85.00000,1978815,2,,,,,,,,B,,Годен,,,
1997634,,WH1,321364,EKS000005966,155395,Муфта 4ПКТп-1-25/50 без наконечников (пластик без брони) (КВТ),,,ЭКС,4.00000,ШТ,4.00000,ЭКС-000005966   ,,5963191.00000,,,0.40000,КГ,65.00000,12.00000,6.00000,СМ,,,,13271.04000,,,,,,Заказной,Гилета О.В.,57777,ШТ,Заказной товар,Техэлектро-Сибирь ООО,0.00000,0.00000,ILSSRV,012f31d7-7595-4b1c-9290-209573d3502e,2026-03-25 11:17:58,,829.44000,3317.76000,,,N,N,N,,False,1.60000,,,,,,0,ЭКС-000011975   ,2026-03-25 00:00:00,,,,,4.00000,1978816,2,,,,,,,,C,,Годен,,,
1997635,,WH1,321364,EKS000005966,154635,Хомут кабельный  3х150 (б) (100 шт./уп) Ff,,,ЭКС,460.00000,УП,460.00000,ЭКС-000005966   ,,5963190.00000,,,0.20000,КГ,16.00000,5.00000,3.00000,СМ,,,,6477076.00000,,,,,,Дортман Анна Павловна,Гилета О.В.,49393,УП,Базовый,Техэлектро-Сибирь ООО,0.00000,0.00000,ILSSRV,012f31d7-7595-4b1c-9290-209573d3502e,2026-03-25 11:17:58,,30.61000,14080.60000,,,N,N,N,,False,92.00000,,,,,,0,,2026-03-25 00:00:00,,,,,460.00000,1978817,2,,,,,,,,A,,Годен,,,
1997636,,WH1,321364,EKS000005966,136180,Хомут кабельный  5х400 (б) (100 шт./уп) Ff,,,ЭКС,60.00000,УП,60.00000,ЭКС-000005966   ,,5963188.00000,,,0.26500,КГ,40.00000,9.00000,3.00000,СМ,,,,697536.00000,,,,,,Дортман Анна Павловна,Гилета О.В.,49787,УП,Базовый,Техэлектро-Сибирь ООО,0.00000,0.00000,ILSSRV,012f31d7-7595-4b1c-9290-209573d3502e,2026-03-25 11:17:58,,193.76000,11625.60000,,,N,N,N,,False,15.90000,,,,,,0,,2026-03-25 00:00:00,,,,,60.00000,1978818,2,,,,,,,,B,,Годен,,,
1997637,,WH1,321364,EKS000005966,134233,Хомут кабельный  4х200 (б) (100 шт./уп) Ff,,,ЭКС,310.00000,УП,310.00000,ЭКС-000005966   ,,5963187.00000,,,0.30000,КГ,20.00000,10.00000,3.00000,СМ,,,,6394494.00000,,,,,,Дортман Анна Павловна,Гилета О.В.,49397,УП,Базовый,Техэлектро-Сибирь ООО,0.00000,0.00000,ILSSRV,012f31d7-7595-4b1c-9290-209573d3502e,2026-03-25 11:17:58,,66.54000,20627.40000,,,N,N,N,,False,93.00000,,,,,,0,,2026-03-25 00:00:00,,,,,310.00000,1978819,2,,,,,,,,A,,Годен,,,
1997638,,WH1,321364,EKS000005966,620865,Скоба кабельная СНК 12 (100шт.) (Fortisflex),,,ЭКС,1.00000,УП,1.00000,ЭКС-000005966   ,,5963196.00000,,,0.10000,КГ,15.00000,10.00000,2.00000,СМ,,,,94.81000,,,,,,Заказной,Гилета О.В.,66447,УП,Заказной товар,Техэлектро-Сибирь ООО,0.00000,0.00000,ILSSRV,012f31d7-7595-4b1c-9290-209573d3502e,2026-03-25 11:17:58,,94.81000,94.81000,,,N,N,N,,False,0.10000,,,,,,0,ЭКС-000012402   ,2026-03-25 00:00:00,,,,,1.00000,1978820,2,,,,,,,,C,,Годен,,,
1997639,,WH1,321364,EKS000005966,520667,"Стяжки нейлоновые НСС ""EasyFix"" 4x250 (ч) (100 шт.)",,,ЭКС,1.00000,УП,1.00000,ЭКС-000005966   ,,5963209.00000,,,0.00000,,0.00000,0.00000,0.00000,,,False,,54.91000,,,,,,Заказной,Гилета О.В.,84815,УП,Заказной товар,Техэлектро-Сибирь ООО,0.00000,0.00000,ILSSRV,012f31d7-7595-4b1c-9290-209573d3502e,2026-03-25 11:17:58,,54.91000,54.91000,,,N,N,N,,False,0.00000,,,,,,0,ЭКС-000012235   ,2026-03-25 00:00:00,,,,,1.00000,1978821,2,,,,,,,,C,,Годен,,,
1997640,,WH1,321364,EKS000005966,452546,Дюбель-хомут 5х10мм нейлон ДХП черный для плоского кабеля (100шт.),,,ЭКС,14.00000,УП,14.00000,ЭКС-000005966   ,,5963208.00000,,,0.20000,КГ,12.00000,10.00000,6.00000,СМ,,False,,8467.20000,,,,,,Акулинский Петр Иванович,Гилета О.В.,81829,УП,Товар РЦ,Техэлектро-Сибирь ООО,0.00000,0.00000,ILSSRV,012f31d7-7595-4b1c-9290-209573d3502e,2026-03-25 11:17:58,,43.20000,604.80000,,,N,N,N,,False,2.80000,,,,,,0,,2026-03-25 00:00:00,,,,,14.00000,1978822,2,,,,,,,,C,,Годен,,,
1997641,,WH1,321365,EKS000005967,463572,Набор НШВИ №10,,,ЭКС,3.00000,ШТ,3.00000,ЭКС-000005967   ,,5963235.00000,,,0.30000,КГ,21.00000,11.00000,3.00000,СМ,,False,,7199.19000,,,,,,Дортман Анна Павловна,Княжева Ю.В.,83602,ШТ,Товар филиала,Техэлектро-Сибирь ООО,0.00000,0.00000,ILSSRV,012f31d7-7595-4b1c-9290-209573d3502e,2026-03-25 11:18:04,,799.91000,2399.73000,,,N,N,N,,False,0.90000,,,,,,0,ЭКС-000012601   ,2026-03-25 00:00:00,,,,,3.00000,1978823,2,,,,,,,,C,,Годен,,,
1997642,,WH1,321365,EKS000005967,431553,Термоусаживаемая трубка ТНТ-8/4 желтая по 1м КВТ,,,ЭКС,300.00000,М,300.00000,ЭКС-000005967   ,,5963233.00000,,,0.01000,КГ,50.00000,1.50000,0.20000,СМ,,,,1359000.00000,,,,,,Дортман Анна Павловна,Княжева Ю.В.,82975,М,Базовый,Техэлектро-Сибирь ООО,0.00000,0.00000,ILSSRV,012f31d7-7595-4b1c-9290-209573d3502e,2026-03-25 11:18:04,,15.10000,4530.00000,,,N,N,N,,False,3.00000,,,,,,0,ЭКС-000012597   ,2026-03-25 00:00:00,,,,,300.00000,1978824,2,,,,,,,,C,,Годен,,,
1997643,,WH1,321365,EKS000005967,425327,Набор НШВИ № 8 КВТ,,,ЭКС,1.00000,ШТ,1.00000,ЭКС-000005967   ,,5963232.00000,,,0.50000,КГ,23.00000,13.00000,4.00000,СМ,,,,806.86000,,,,,,Заказной,Княжева Ю.В.,82885,ШТ,Заказной товар,Техэлектро-Сибирь ООО,0.00000,0.00000,ILSSRV,012f31d7-7595-4b1c-9290-209573d3502e,2026-03-25 11:18:04,,806.86000,806.86000,,,N,N,N,,False,0.50000,,,,,,0,ЭКС-000012599   ,2026-03-25 00:00:00,,,,,1.00000,1978825,2,,,,,,,,C,,Годен,,,
1997644,,WH1,321365,EKS000005967,66800,Наконечник медный луженый ТМЛ   6-6-4 (КВТ),,,ЭКС,100.00000,ШТ,100.00000,ЭКС-000005967   ,,5963217.00000,,,0.00400,КГ,3.00000,0.90000,0.40000,СМ,,,,112800.00000,,,,,,Дортман Анна Павловна,Княжева Ю.В.,40830,ШТ,Товар филиала,Техэлектро-Сибирь ООО,0.00000,0.00000,ILSSRV,012f31d7-7595-4b1c-9290-209573d3502e,2026-03-25 11:18:04,,11.28000,1128.00000,,,N,N,N,,False,0.40000,,,,,,0,ЭКС-000012716   ,2026-03-25 00:00:00,,,,,100.00000,1978826,2,,,,,,,,C,,Годен,,,
1997645,,WH1,321365,EKS000005967,66784,Наконечник медный ТМ  25-8-7 (КВТ),,,ЭКС,100.00000,ШТ,100.00000,ЭКС-000005967   ,,5963215.00000,,,0.01300,КГ,4.20000,1.50000,1.00000,СМ,,False,27.33.13,349700.00000,,8536901000,,,,Дортман Анна Павловна,Княжева Ю.В.,41281,ШТ,Товар филиала,Техэлектро-Сибирь ООО,0.00000,0.00000,ILSSRV,012f31d7-7595-4b1c-9290-209573d3502e,2026-03-25 11:18:04,,34.97000,3497.00000,,,N,N,N,,False,1.30000,,,,,,0,,2026-03-25 00:00:00,,,,,100.00000,1978827,2,,,,,,,,C,,Годен,,,
1997646,,WH1,321365,EKS000005967,46061,Наконечник медный ТМ  50-8-11 (КВТ),,,ЭКС,100.00000,ШТ,100.00000,ЭКС-000005967   ,,5963214.00000,,,0.02500,КГ,6.50000,2.00000,1.50000,СМ,,False,27.33.13,715500.00000,,8536901000,,,,Заказной,Княжева Ю.В.,41283,ШТ,Заказной товар,Техэлектро-Сибирь ООО,0.00000,0.00000,ILSSRV,012f31d7-7595-4b1c-9290-209573d3502e,2026-03-25 11:18:04,,71.55000,7155.00000,,,N,N,N,,False,2.50000,,,,,,0,ЭКС-000012676   ,2026-03-25 00:00:00,,,,,100.00000,1978828,2,,,,,,,,C,,Годен,,,
1997647,,WH1,321365,EKS000005967,42090,Наконечник медный луженый ТМЛ   6-5-4 (КВТ),,,ЭКС,100.00000,ШТ,100.00000,ЭКС-000005967   ,,5963210.00000,,,0.00300,КГ,3.00000,1.00000,0.50000,СМ,,False,27.33.13,112800.00000,,8536901000,,,,Дортман Анна Павловна,Княжева Ю.В.,40829,ШТ,Товар филиала,Техэлектро-Сибирь ООО,0.00000,0.00000,ILSSRV,012f31d7-7595-4b1c-9290-209573d3502e,2026-03-25 11:18:04,,11.28000,1128.00000,,,N,N,N,,False,0.30000,,,,,,0,,2026-03-25 00:00:00,,,,,100.00000,1978829,2,,,,,,,,C,,Годен,,,
1997648,,WH1,321365,EKS000005967,425103,"Наконечник вилочный изолир. НВИ 2,5-4 (КВТ)",,,ЭКС,500.00000,ШТ,500.00000,ЭКС-000005967   ,,5963218.00000,,,0.00500,КГ,2.00000,1.00000,1.00000,СМ,,,,530000.00000,,,,,,Дортман Анна Павловна,Княжева Ю.В.,47486,ШТ,Товар филиала,Техэлектро-Сибирь ООО,0.00000,0.00000,ILSSRV,012f31d7-7595-4b1c-9290-209573d3502e,2026-03-25 11:18:04,,2.12000,1060.00000,,,N,N,N,,False,2.50000,,,,,,0,,2026-03-25 00:00:00,,,,,500.00000,1978830,2,,,,,,,,C,,Годен,,,
1997649,,WH1,321365,EKS000005967,417908,"Наконечник вилочный изолир. НВИ 2,5-5 (КВТ)",,,ЭКС,500.00000,ШТ,500.00000,ЭКС-000005967   ,,5963212.00000,,,0.01000,КГ,2.00000,1.00000,0.50000,СМ,,,,530000.00000,,,,,,Дортман Анна Павловна,Княжева Ю.В.,47487,ШТ,Товар РЦ,Техэлектро-Сибирь ООО,0.00000,0.00000,ILSSRV,012f31d7-7595-4b1c-9290-209573d3502e,2026-03-25 11:18:04,,2.12000,1060.00000,,,N,N,N,,False,5.00000,,,,,,0,,2026-03-25 00:00:00,,,,,500.00000,1978831,2,,,,,,,,C,,Годен,,,
1997650,,WH1,321365,EKS000005967,397162,"Наконечник кольцевой изолир. НКИ 2,5-6 (КВТ)",,,ЭКС,500.00000,ШТ,500.00000,ЭКС-000005967   ,,5963221.00000,,,0.03000,КГ,2.50000,1.00000,0.30000,СМ,,,,847500.00000,,,,,,Дортман Анна Павловна,Княжева Ю.В.,47479,ШТ,Базовый,Техэлектро-Сибирь ООО,0.00000,0.00000,ILSSRV,012f31d7-7595-4b1c-9290-209573d3502e,2026-03-25 11:18:04,,3.39000,1695.00000,,,N,N,N,,False,15.00000,,,,,,0,,2026-03-25 00:00:00,,,,,500.00000,1978832,2,,,,,,,,A,,Годен,,,
1997651,,WH1,321365,EKS000005967,396984,Набор изол. разъемов П-290 КВТ,,,ЭКС,1.00000,ШТ,1.00000,ЭКС-000005967   ,,5963231.00000,,,0.30000,КГ,30.00000,15.00000,4.00000,СМ,,False,27.33.13,1279.04000,,,,,,Заказной,Княжева Ю.В.,79430,ШТ,Заказной товар,Техэлектро-Сибирь ООО,0.00000,0.00000,ILSSRV,012f31d7-7595-4b1c-9290-209573d3502e,2026-03-25 11:18:04,,1279.04000,1279.04000,,,N,N,N,,False,0.30000,,,,,,0,ЭКС-000012599   ,2026-03-25 00:00:00,,,,,1.00000,1978833,2,,,,,,,,C,,Годен,,,
1997652,,WH1,321365,EKS000005967,358470,"Наконечник штыревой втулочный изолир. НШвИ 0,75-8 (КВТ)",,,ЭКС,1000.00000,ШТ,1000.00000,ЭКС-000005967   ,,5963245.00000,,,0.01000,КГ,1.30000,0.20000,0.20000,СМ,,False,,410000.00000,,,,,,Дортман Анна Павловна,Княжева Ю.В.,79436,ШТ,Базовый,Техэлектро-Сибирь ООО,0.00000,0.00000,ILSSRV,012f31d7-7595-4b1c-9290-209573d3502e,2026-03-25 11:18:04,,0.41000,410.00000,,,N,N,N,,False,10.00000,,,,,,0,,2026-03-25 00:00:00,,,,,1000.00000,1978834,2,,,,,,,,C,,Годен,,,
1997653,,WH1,321365,EKS000005967,278054,Трубка ТТК-(3:1)-6/2 прозрачная,,,ЭКС,10.00000,М,10.00000,ЭКС-000005967   ,,5963229.00000,,,0.00100,КГ,100.00000,1.00000,1.00000,СМ,,,,3126.00000,,,,,,Акулинский Петр Иванович,Княжева Ю.В.,59683,М,Товар филиала,Техэлектро-Сибирь ООО,0.00000,0.00000,ILSSRV,012f31d7-7595-4b1c-9290-209573d3502e,2026-03-25 11:18:04,,31.26000,312.60000,,,N,N,N,,False,0.01000,,,,,,0,,2026-03-25 00:00:00,,,,,10.00000,1978835,2,,,,,,,,C,,Годен,,,
1997654,,WH1,321365,EKS000005967,278053,Трубка ТТК-(3:1)-4.8/1.6 прозрачная,,,ЭКС,10.00000,М,10.00000,ЭКС-000005967   ,,5963227.00000,,,0.01000,КГ,100.00000,1.00000,0.20000,СМ,,,,2570.00000,,,,,,Акулинский Петр Иванович,Княжева Ю.В.,59682,М,Товар филиала,Техэлектро-Сибирь ООО,0.00000,0.00000,ILSSRV,012f31d7-7595-4b1c-9290-209573d3502e,2026-03-25 11:18:04,,25.70000,257.00000,,,N,N,N,,False,0.10000,,,,,,0,,2026-03-25 00:00:00,,,,,10.00000,1978836,2,,,,,,,,C,,Годен,,,
1997655,,WH1,321365,EKS000005967,278042,Трубка ТТК-(3:1)-9/3 прозрачная,,,ЭКС,10.00000,М,10.00000,ЭКС-000005967   ,,5963225.00000,,,0.10000,КГ,50.00000,0.50000,0.50000,СМ,,,,4628.00000,,,,,,Акулинский Петр Иванович,Княжева Ю.В.,59685,М,Товар филиала,Техэлектро-Сибирь ООО,0.00000,0.00000,ILSSRV,012f31d7-7595-4b1c-9290-209573d3502e,2026-03-25 11:18:04,,46.28000,462.80000,,,N,N,N,,False,1.00000,,,,,,0,,2026-03-25 00:00:00,,,,,10.00000,1978837,2,,,,,,,,C,,Годен,,,
1997656,,WH1,321365,EKS000005967,67029,Трубка ТУТнг-LS-30/15 черная (КВТ),,,ЭКС,100.00000,М,100.00000,ЭКС-000005967   ,,5963224.00000,,,0.15000,КГ,50.00000,5.00000,0.20000,СМ,,,,586000.00000,,,,,,Дортман Анна Павловна,Княжева Ю.В.,60095,М,Товар филиала,Техэлектро-Сибирь ООО,0.00000,0.00000,ILSSRV,012f31d7-7595-4b1c-9290-209573d3502e,2026-03-25 11:18:04,,58.60000,5860.00000,,,N,N,N,,False,15.00000,,,,,,0,ЭКС-000012676   ,2026-03-25 00:00:00,,,,,100.00000,1978838,2,,,,,,,,C,,Годен,,,
1997657,,WH1,321365,EKS000005967,66838,Наконечник медный луженый ТМЛ   4-6-3 (КВТ),,,ЭКС,100.00000,ШТ,100.00000,ЭКС-000005967   ,,5963223.00000,,,0.02400,КГ,3.00000,1.00000,0.40000,СМ,,,,100900.00000,,,,,,Дортман Анна Павловна,Княжева Ю.В.,40827,ШТ,Товар филиала,Техэлектро-Сибирь ООО,0.00000,0.00000,ILSSRV,012f31d7-7595-4b1c-9290-209573d3502e,2026-03-25 11:18:04,,10.09000,1009.00000,,,N,N,N,,False,2.40000,,,,,,0,ЭКС-000012716   ,2026-03-25 00:00:00,,,,,100.00000,1978839,2,,,,,,,,C,,Годен,,,
1997658,,WH1,321365,EKS000005967,825748,Гильза кабельная алюмомедная ГАМ 10/10 КВТ,,,ЭКС,20.00000,ШТ,20.00000,ЭКС-000005967   ,,5963243.00000,,,0.01500,КГ,7.00000,1.00000,1.00000,СМ,,False,,38072.00000,,,,,,,Княжева Ю.В.,90831,ШТ,Товар филиала,Техэлектро-Сибирь ООО,0.00000,0.00000,ILSSRV,012f31d7-7595-4b1c-9290-209573d3502e,2026-03-25 11:18:04,,95.18000,1903.60000,,,N,N,N,,False,0.30000,,,,,,0,,2026-03-25 00:00:00,,,,,20.00000,1978840,2,,,,,,,,C,,Годен,,,
1997659,,WH1,321365,EKS000005967,728333,Наконечник кабельный ТМЛ 240-12-24 (КВТ),,,ЭКС,10.00000,ШТ,10.00000,ЭКС-000005967   ,,5963242.00000,,,0.10000,КГ,10.00000,4.00000,4.00000,СМ,,,,70068.00000,,,,,,Заказной,Княжева Ю.В.,89407,ШТ,Заказной товар,Техэлектро-Сибирь ООО,0.00000,0.00000,ILSSRV,012f31d7-7595-4b1c-9290-209573d3502e,2026-03-25 11:18:04,,700.68000,7006.80000,,,N,N,N,,False,1.00000,,,,,,0,ЭКС-000012676   ,2026-03-25 00:00:00,,,,,10.00000,1978841,2,,,,,,,,C,,Годен,,,
1997660,,WH1,321365,EKS000005967,544569,Трубка ТТК-(3:1)-25/8 прозрачная КВТ,,,ЭКС,10.00000,М,10.00000,ЭКС-000005967   ,,5963240.00000,,,0.05000,КГ,100.00000,4.00000,0.50000,СМ,,,,20623.00000,,,,,,Акулинский Петр Иванович,Княжева Ю.В.,85088,М,Товар филиала,Техэлектро-Сибирь ООО,0.00000,0.00000,ILSSRV,012f31d7-7595-4b1c-9290-209573d3502e,2026-03-25 11:18:04,,206.23000,2062.30000,,,N,N,N,,False,0.50000,,,,,,0,,2026-03-25 00:00:00,,,,,10.00000,1978842,2,,,,,,,,C,,Годен,,,
1997661,,WH1,321365,EKS000005967,531412,Лента терм. с клеевым подслоем ТЛК-50-1.0-5 чернная (5м) КВТ,,,ЭКС,15.00000,ШТ,15.00000,ЭКС-000005967   ,,5963239.00000,,,0.10000,КГ,8.00000,8.00000,5.00000,СМ,,,,130947.75000,,,,,,Заказной,Княжева Ю.В.,84911,ШТ,Заказной товар,Техэлектро-Сибирь ООО,0.00000,0.00000,ILSSRV,012f31d7-7595-4b1c-9290-209573d3502e,2026-03-25 11:18:04,,581.99000,8729.85000,,,N,N,N,,False,1.50000,,,,,,0,ЭКС-000012747   ,2026-03-25 00:00:00,,,,,15.00000,1978843,2,,,,,,,,C,,Годен,,,
1997662,,WH1,321365,EKS000005967,505600,Трубка ТТК-(3:1)-20/6 прозрачная,,,ЭКС,10.00000,М,10.00000,ЭКС-000005967   ,,5963237.00000,,,0.20000,КГ,100.00000,1.00000,0.50000,СМ,,,,13787.00000,,,,,,Дортман Анна Павловна,Княжева Ю.В.,85066,М,Товар филиала,Техэлектро-Сибирь ООО,0.00000,0.00000,ILSSRV,012f31d7-7595-4b1c-9290-209573d3502e,2026-03-25 11:18:04,,137.87000,1378.70000,,,N,N,N,,False,2.00000,,,,,,0,,2026-03-25 00:00:00,,,,,10.00000,1978844,2,,,,,,,,C,,Годен,,,
1997663,,WH1,321366,EKS000005968,878125,Инструмент для снятия изоляции WS-03 серия ПРОФИ (КВТ),,,ЭКС,1.00000,ШТ,1.00000,ЭКС-000005968   ,,5963247.00000,,,0.00000,,0.00000,0.00000,0.00000,,,False,,673.68000,,,,,,Заказной,Петров И.В.,101542,ШТ,Заказной товар,Техэлектро-Сибирь ООО,0.00000,0.00000,ILSSRV,012f31d7-7595-4b1c-9290-209573d3502e,2026-03-25 11:18:05,,673.68000,673.68000,,,N,N,N,,False,0.00000,,,,,,0,ЭКС-000010150   ,2026-03-25 00:00:00,,,,,1.00000,1978845,2,,,,,,,,C,,Годен,,,
1997664,,WH1,321367,EKS000005969,66840,Наконечник медный луженый ТМЛ  10-8-5 (КВТ),,,ЭКС,100.00000,ШТ,100.00000,ЭКС-000005969   ,,5963248.00000,,,0.00800,КГ,4.00000,1.60000,0.80000,СМ,,,,271600.00000,,,,,,Дортман Анна Павловна,Княжева Ю.В.,40834,ШТ,Базовый,Техэлектро-Сибирь ООО,0.00000,0.00000,ILSSRV,012f31d7-7595-4b1c-9290-209573d3502e,2026-03-25 11:18:05,,27.16000,2716.00000,,,N,N,N,,False,0.80000,,,,,,0,,2026-03-25 00:00:00,,,,,100.00000,1978846,2,,,,,,,,A,,Годен,,,
1997665,,WH1,321368,EKS000005970,418024,КВТ Трубка ТСТ (3:1) - 35/14,,,ЭКС,60.00000,М,60.00000,ЭКС-000005970   ,,5963250.00000,,,0.42000,КГ,50.00000,4.00000,4.00000,СМ,,,,764820.00000,,,,,,Заказной,Княжева Ю.В.,81330,М,Заказной товар,Техэлектро-Сибирь ООО,0.00000,0.00000,ILSSRV,012f31d7-7595-4b1c-9290-209573d3502e,2026-03-25 11:18:05,,212.45000,12747.00000,,,N,N,N,,False,25.20000,,,,,,0,ЭКС-000010720   ,2026-03-25 00:00:00,,,,,60.00000,1978847,2,,,,,,,,C,,Годен,,,
1997666,,WH1,321369,EKS000005971,834418,КВТ Отвертка диэлектрическая шлицевая 2.5х75 серия ПРОФИ,,,ЭКС,20.00000,ШТ,20.00000,ЭКС-000005971   ,,5963251.00000,,,0.03000,КГ,16.00000,1.00000,1.00000,СМ,,False,,29284.00000,,,,,,Заказной,Петров И.В.,102998,ШТ,Заказной товар,Техэлектро-Сибирь ООО,0.00000,0.00000,ILSSRV,012f31d7-7595-4b1c-9290-209573d3502e,2026-03-25 11:18:06,,73.21000,1464.20000,,,N,N,N,,False,0.60000,,,,,,0,ЭКС-000009788   ,2026-03-25 00:00:00,,,,,20.00000,1978848,2,,,,,,,,C,,Годен,,,
1997667,,WH1,321370,EKS000005972,729798,Кабельный ввод латунный МGM 80 (55-62 мм),,,ЭКС,2.00000,ШТ,2.00000,ЭКС-000005972   ,,5963252.00000,,,1.00000,КГ,8.00000,8.00000,5.00000,СМ,,,,13392.56000,,,,,,Заказной,Феденькова Д.Ю.,87995,ШТ,Заказной товар,Техэлектро-Сибирь ООО,0.00000,0.00000,ILSSRV,012f31d7-7595-4b1c-9290-209573d3502e,2026-03-25 11:18:06,,3348.14000,6696.28000,,,N,N,N,,False,2.00000,,,,,,0,ЭКС-000010267   ,2026-03-25 00:00:00,,,,,2.00000,1978849,2,,,,,,,,C,,Годен,,,
1997668,,WH1,321371,EKS000005973,79290,"Пресс гидравлический ручной ПГРс-300 (с механизмом АСД), для наконечников 10–300 мм (КВТ)",,,ЭКС,1.00000,ШТ,1.00000,ЭКС-000005973   ,,5963253.00000,,,6.50000,КГ,49.00000,9.50000,19.00000,СМ,,,,5158.02000,,,,,,Дортман Анна Павловна,Петров И.В.,49627,ШТ,Товар филиала,Техэлектро-Сибирь ООО,0.00000,0.00000,ILSSRV,012f31d7-7595-4b1c-9290-209573d3502e,2026-03-25 11:18:08,,5158.02000,5158.02000,,,N,N,N,,False,6.50000,,,,,,0,ЭКС-000012422   ,2026-03-25 00:00:00,,,,,1.00000,1978850,2,,,,,,,,C,,Годен,,,
1997669,,WH1,321371,EKS000005973,801296,Набор СТК+8 9Пресс-клещи в прочной тканевой сумке с набором номерных матриц) (КВТ),,,ЭКС,1.00000,ШТ,1.00000,ЭКС-000005973   ,,5963259.00000,,,1.20000,КГ,29.00000,12.00000,7.00000,СМ,,,,3124.39000,,,,,,Заказной,Петров И.В.,83347,ШТ,Заказной товар,Техэлектро-Сибирь ООО,0.00000,0.00000,ILSSRV,012f31d7-7595-4b1c-9290-209573d3502e,2026-03-25 11:18:08,,3124.39000,3124.39000,,,N,N,N,,False,1.20000,,,,,,0,ЭКС-000012411   ,2026-03-25 00:00:00,,,,,1.00000,1978851,2,,,,,,,,C,,Годен,,,
1997670,,WH1,321371,EKS000005973,420674,Кейс-органайзер двухсторонний К-08 (КВТ),,,ЭКС,6.00000,ШТ,6.00000,ЭКС-000005973   ,,5963257.00000,,,0.30000,КГ,33.00000,27.00000,8.00000,СМ,,,,26301.24000,,,,,,Дортман Анна Павловна,Петров И.В.,81439,ШТ,Заказной товар,Техэлектро-Сибирь ООО,0.00000,0.00000,ILSSRV,012f31d7-7595-4b1c-9290-209573d3502e,2026-03-25 11:18:08,,730.59000,4383.54000,,,N,N,N,,False,1.80000,,,,,,0,ЭКС-000012089   ,2026-03-25 00:00:00,,,,,6.00000,1978852,2,,,,,,,,C,,Годен,,,
1997671,,WH1,321371,EKS000005973,319666,"Пассатижи (плоскогубцы) 200 мм, серия ""Мастер"", двухкомпонентная ручка (КВТ)",,,ЭКС,1.00000,ШТ,1.00000,ЭКС-000005973   ,,5963256.00000,,,0.10000,КГ,20.00000,7.00000,3.00000,СМ,,,,420.03000,,,,,,Заказной,Петров И.В.,77421,ШТ,Заказной товар,Техэлектро-Сибирь ООО,0.00000,0.00000,ILSSRV,012f31d7-7595-4b1c-9290-209573d3502e,2026-03-25 11:18:08,,420.03000,420.03000,,,N,N,N,,False,0.10000,,,,,,0,ЭКС-000012580   ,2026-03-25 00:00:00,,,,,1.00000,1978853,2,,,,,,,,C,,Годен,,,
1997672,,WH1,321371,EKS000005973,304209,Набор для монтажа СИП НИС-1 (КВТ),,,ЭКС,1.00000,КТ,1.00000,ЭКС-000005973   ,,5963255.00000,,,14.50000,КГ,46.00000,27.00000,27.00000,СМ,,,,21175.59000,,,,,,Заказной,Петров И.В.,58744,КТ,Заказной товар,Техэлектро-Сибирь ООО,0.00000,0.00000,ILSSRV,012f31d7-7595-4b1c-9290-209573d3502e,2026-03-25 11:18:08,,21175.59000,21175.59000,,,N,N,N,,False,14.50000,,,,,,0,ЭКС-000012172   ,2026-03-25 00:00:00,,,,,1.00000,1978854,2,,,,,,,,C,,Годен,,,
1997673,,WH1,321371,EKS000005973,186995,"Длинногубцы диэлектрические (тонкогубцы) изогнутые 200 мм, серия ""Стандарт"", 1000В (КВТ)",,,ЭКС,1.00000,ШТ,1.00000,ЭКС-000005973   ,,5963254.00000,,,0.50000,КГ,20.00000,6.00000,4.00000,СМ,,,,551.68000,,,,,,Заказной,Петров И.В.,60473,ШТ,Распродажа,Техэлектро-Сибирь ООО,0.00000,0.00000,ILSSRV,012f31d7-7595-4b1c-9290-209573d3502e,2026-03-25 11:18:08,,551.68000,551.68000,,,N,N,N,,False,0.50000,,,,,,0,ЭКС-000012408   ,2026-03-25 00:00:00,,,,,1.00000,1978855,2,,,,,,,,C,,Годен,,,
1997674,,WH1,321372,EKS000005974,860658,Гильза медн.луженая ГМЛ-П 10 (КВТ),,,ЭКС,100.00000,ШТ,100.00000,ЭКС-000005974   ,,5963260.00000,,,0.00100,КГ,1.00000,0.40000,0.40000,СМ,,,,113400.00000,,,,,,,Княжева Ю.В.,67293,ШТ,Суперсклад,Техэлектро-Сибирь ООО,0.00000,0.00000,ILSSRV,012f31d7-7595-4b1c-9290-209573d3502e,2026-03-25 11:18:09,,11.34000,1134.00000,,,N,N,N,,False,0.10000,,,,,,0,,2026-03-25 00:00:00,,,,,100.00000,1978856,2,,,,,,,,C,,Годен,,,
1997675,,WH1,321372,EKS000005974,406820,Термоусаживаемая трубка ТНТ-8/4 белая по 1м КВТ (ТУТ),,,ЭКС,20.00000,М,20.00000,ЭКС-000005974   ,,5963262.00000,,,0.01000,КГ,50.00000,1.00000,0.30000,СМ,,,,6040.00000,,,,,,Дортман Анна Павловна,Княжева Ю.В.,82962,М,Базовый,Техэлектро-Сибирь ООО,0.00000,0.00000,ILSSRV,012f31d7-7595-4b1c-9290-209573d3502e,2026-03-25 11:18:09,,15.10000,302.00000,,,N,N,N,,False,0.20000,,,,,,0,,2026-03-25 00:00:00,,,,,20.00000,1978857,2,,,,,,,,C,,Годен,,,
1997676,,WH1,321372,EKS000005974,310112,Гильза медн.луженая ГМЛ-П 10 (КВТ),,,ЭКС,3900.00000,ШТ,3900.00000,ЭКС-000005974   ,,5963261.00000,,,0.01000,КГ,1.00000,0.50000,0.50000,СМ,,,,172481400.00000,,,,,,Дортман Анна Павловна,Княжева Ю.В.,67293,ШТ,Базовый,Техэлектро-Сибирь ООО,0.00000,0.00000,ILSSRV,012f31d7-7595-4b1c-9290-209573d3502e,2026-03-25 11:18:09,,11.34000,44226.00000,,,N,N,N,,False,39.00000,,,,,,0,,2026-03-25 00:00:00,,,,,3900.00000,1978858,2,,,,,,,,A,,Годен,,,
1997677,,WH1,321373,EKS000005975,779956,"Разъем плоский РПИ-М 1,5-(6,3) (30шт.) КВТ",,,ЭКС,4.00000,УП,4.00000,ЭКС-000005975   ,,5963263.00000,,,0.01000,КГ,10.00000,10.00000,0.50000,СМ,,,,1493.12000,,,,,,,Княжева Ю.В.,91025,УП,Базовый,Техэлектро-Сибирь ООО,0.00000,0.00000,ILSSRV,0c3b2c74-2211-4fdc-a5cd-f74d8bad541e,2026-03-25 11:18:45,,93.32000,373.28000,,,N,N,N,,False,0.04000,,,,,,0,ЭКС-000010856   ,2026-03-25 00:00:00,,,,,4.00000,1978859,2,,,,,,,,C,,Годен,,,
1997678,,WH1,321374,EKS000005976,66840,Наконечник медный луженый ТМЛ  10-8-5 (КВТ),,,ЭКС,100.00000,ШТ,100.00000,ЭКС-000005976   ,,5963264.00000,,,0.00800,КГ,4.00000,1.60000,0.80000,СМ,,,,271600.00000,,,,,,Дортман Анна Павловна,Княжева Ю.В.,40834,ШТ,Базовый,Техэлектро-Сибирь ООО,0.00000,0.00000,ILSSRV,0c3b2c74-2211-4fdc-a5cd-f74d8bad541e,2026-03-25 11:18:46,,27.16000,2716.00000,,,N,N,N,,False,0.80000,,,,,,0,,2026-03-25 00:00:00,,,,,100.00000,1978860,2,,,,,,,,A,,Годен,,,
1997679,,WH1,321375,EKS000005977,308557,"Стяжки (хомуты) стальные СКС (304) 4,6x400 Ff  74914",,,ЭКС,400.00000,ШТ,400.00000,ЭКС-000005977   ,,5963266.00000,,,0.01000,КГ,41.00000,0.50000,0.01000,СМ,,,,868800.00000,,,,,,Дортман Анна Павловна,Гилета О.В.,74914,ШТ,Товар РЦ,Техэлектро-Сибирь ООО,0.00000,0.00000,ILSSRV,0c3b2c74-2211-4fdc-a5cd-f74d8bad541e,2026-03-25 11:18:46,,5.43000,2172.00000,,,N,N,N,,False,4.00000,,,,,,0,,2026-03-25 00:00:00,,,,,400.00000,1978861,2,,,,,,,,C,,Годен,,,
1997680,,WH1,321376,EKS000005978,849956,Отвертка аккумуляторная SD-4-5 ПРОФИ,,,ЭКС,1.00000,ШТ,1.00000,ЭКС-000005978   ,,5963267.00000,,,0.67000,КГ,22.00000,12.00000,6.00000,СМ,,False,,2309.68000,,,,,,Заказной,Петров И.В.,105417,ШТ,Заказной товар,Техэлектро-Сибирь ООО,0.00000,0.00000,ILSSRV,0c3b2c74-2211-4fdc-a5cd-f74d8bad541e,2026-03-25 11:18:46,,2309.68000,2309.68000,,,N,N,N,,False,0.67000,,,,,,0,ЭКС-000011150   ,2026-03-25 00:00:00,,,,,1.00000,1978862,2,,,,,,,,C,,Годен,,,
1997681,,WH1,321377,EKS000005979,211553,Шайба ШАМ 17/8.5 (КВТ),,,ЭКС,100.00000,ШТ,100.00000,ЭКС-000005979   ,,5963268.00000,,,0.00100,КГ,1.70000,1.70000,0.10000,СМ,,False,25.99.29,426500.00000,,7616999008,,,,Заказной,Княжева Ю.В.,58750,ШТ,Заказной товар,Техэлектро-Сибирь ООО,0.00000,0.00000,ILSSRV,0c3b2c74-2211-4fdc-a5cd-f74d8bad541e,2026-03-25 11:18:47,,42.65000,4265.00000,,,N,N,N,,False,0.10000,,,,,,0,ЭКС-000010469   ,2026-03-25 00:00:00,,,,,100.00000,1978863,2,,,,,,,,C,,Годен,,,
1997682,,WH1,321378,EKS000005980,66840,Наконечник медный луженый ТМЛ  10-8-5 (КВТ),,,ЭКС,100.00000,ШТ,100.00000,ЭКС-000005980   ,,5963269.00000,,,0.00800,КГ,4.00000,1.60000,0.80000,СМ,,,,271600.00000,,,,,,Дортман Анна Павловна,Княжева Ю.В.,40834,ШТ,Базовый,Техэлектро-Сибирь ООО,0.00000,0.00000,ILSSRV,0a48976b-01d4-416e-8c27-f96b411a32e8,2026-03-25 11:19:46,,27.16000,2716.00000,,,N,N,N,,False,0.80000,,,,,,0,,2026-03-25 00:00:00,,,,,100.00000,1978864,2,,,,,,,,A,,Годен,,,
1997683,,WH1,321379,EKS000005981,679633,"Пресс-клещи ПКВк-6м, для втулочных одинарных 0,25-6 мм и двойных 2х0,5-2х4 мм (квадрат) (КВТ)",,,ЭКС,1.00000,ШТ,1.00000,ЭКС-000005981   ,,5963271.00000,,,0.30000,КГ,22.00000,11.00000,3.00000,СМ,,,,670.49000,,,,,,Заказной,Петров И.В.,85224,ШТ,Заказной товар,Техэлектро-Сибирь ООО,0.00000,0.00000,ILSSRV,0a48976b-01d4-416e-8c27-f96b411a32e8,2026-03-25 11:19:46,,670.49000,670.49000,,,N,N,N,,False,0.30000,,,,,,0,ЭКС-000011615   ,2026-03-25 00:00:00,,,,,1.00000,1978865,2,,,,,,,,C,,Годен,,,
1997684,,WH1,321380,EKS000005982,398461,Наконечник ТМЛ(DIN) 150-12-17 КВТ,,,ЭКС,10.00000,ШТ,10.00000,ЭКС-000005982   ,,5963272.00000,,,0.20000,КГ,10.00000,3.00000,3.00000,СМ,,,,62166.00000,,,,,,Заказной,Княжева Ю.В.,58669,ШТ,Заказной товар,Техэлектро-Сибирь ООО,0.00000,0.00000,ILSSRV,0a48976b-01d4-416e-8c27-f96b411a32e8,2026-03-25 11:19:46,,621.66000,6216.60000,,,N,N,N,,False,2.00000,,,,,,0,ЭКС-000010780   ,2026-03-25 00:00:00,,,,,10.00000,1978866,2,,,,,,,,C,,Годен,,,
1997685,,WH1,321381,EKS000005983,304636,Металлорукав в ПВХ изоляции 32 (МРПИнг Nord) (Fortisflex),,,ЭКС,25.00000,М,25.00000,ЭКС-000005983   ,,5963273.00000,,,0.30000,КГ,100.00000,4.00000,4.00000,СМ,,,,81981.25000,,,,,,Заказной,Гилета О.В.,67590,М,Заказной товар,Техэлектро-Сибирь ООО,0.00000,0.00000,ILSSRV,0a48976b-01d4-416e-8c27-f96b411a32e8,2026-03-25 11:19:47,,131.17000,3279.25000,,,Y,N,N,,False,7.50000,,,,,,0,ЭКС-000011815   ,2026-03-25 00:00:00,,,,,25.00000,1978867,1,,,,,,,,C,,Годен,,,
1997686,,WH1,321382,EKS000005984,810538,Коронка КВТ SF-72/65 5T с адаптером SDS-Plus серия ПРОФИ,,,ЭКС,4.00000,ШТ,4.00000,ЭКС-000005984   ,,5963276.00000,,,0.40000,КГ,13.00000,11.00000,11.00000,СМ,,False,,29141.44000,,,,,,,Петров И.В.,102561,ШТ,Базовый,Техэлектро-Сибирь ООО,0.00000,0.00000,ILSSRV,0a48976b-01d4-416e-8c27-f96b411a32e8,2026-03-25 11:19:47,,1821.34000,7285.36000,,,N,N,N,,False,1.60000,,,,,,0,,2026-03-25 00:00:00,,,,,4.00000,1978868,2,,,,,,,,C,,Годен,,,
1997687,,WH1,321382,EKS000005984,502799,"Коронка алмазная 82 мм без хвостовика ""Профи"" SF-82/65 (КВТ)",,,ЭКС,4.00000,ШТ,4.00000,ЭКС-000005984   ,,5963275.00000,,,0.50000,КГ,10.00000,8.00000,7.00000,СМ,,,,35784.16000,,,,,,Дортман Анна Павловна,Петров И.В.,85565,ШТ,Базовый,Техэлектро-Сибирь ООО,0.00000,0.00000,ILSSRV,0a48976b-01d4-416e-8c27-f96b411a32e8,2026-03-25 11:19:47,,2236.51000,8946.04000,,,N,N,N,,False,2.00000,,,,,,0,,2026-03-25 00:00:00,,,,,4.00000,1978869,2,,,,,,,,C,,Годен,,,
1997688,,WH1,321382,EKS000005984,310497,Перчатки монтажника С-33 (L) 1 пара (КВТ),,,ЭКС,12.00000,ШТ,12.00000,ЭКС-000005984   ,,5963274.00000,,,0.20000,КГ,27.00000,11.00000,2.00000,СМ,,False,14.19.13,40105.44000,,,,,,Дортман Анна Павловна,Петров И.В.,75387,ШТ,Базовый,Техэлектро-Сибирь ООО,0.00000,0.00000,ILSSRV,0a48976b-01d4-416e-8c27-f96b411a32e8,2026-03-25 11:19:47,,278.51000,3342.12000,,,N,N,N,,False,2.40000,,,,,,0,,2026-03-25 00:00:00,,,,,12.00000,1978870,2,,,,,,,,C,,Годен,,,
1997689,,WH1,321383,EKS000005985,863524,Наконечник медный луженый штифтовой НШП 35,,,ЭКС,700.00000,ШТ,700.00000,ЭКС-000005985   ,,5963282.00000,,,0.02000,КГ,4.00000,1.00000,1.00000,СМ,,,,38058300.00000,,,,,,,Княжева Ю.В.,50311,ШТ,Базовый,Техэлектро-Сибирь ООО,0.00000,0.00000,ILSSRV,0a48976b-01d4-416e-8c27-f96b411a32e8,2026-03-25 11:19:49,,77.67000,54369.00000,,,N,N,N,,False,14.00000,,,,,,0,ЭКС-000012353   ,2026-03-25 00:00:00,,,,,700.00000,1978871,2,,,,,,,,C,,Годен,,,
1997690,,WH1,321383,EKS000005985,371219,"Зажим соед. изолирующий СИЗ-2 (1-4,5мм) синий КВТ",,,ЭКС,1300.00000,ШТ,1300.00000,ЭКС-000005985   ,,5963285.00000,,,0.01000,КГ,1.50000,1.00000,1.00000,СМ,,,,1740700.00000,,,,,,Дортман Анна Павловна,Княжева Ю.В.,79496,ШТ,Товар филиала,Техэлектро-Сибирь ООО,0.00000,0.00000,ILSSRV,0a48976b-01d4-416e-8c27-f96b411a32e8,2026-03-25 11:19:49,,1.03000,1339.00000,,,N,N,N,,False,13.00000,,,,,,0,ЭКС-000012353   ,2026-03-25 00:00:00,,,,,1300.00000,1978872,2,,,,,,,,C,,Годен,,,
1997691,,WH1,321383,EKS000005985,207156,Наконечник медный ТМ  16-8-6 (КВТ),,,ЭКС,100.00000,ШТ,100.00000,ЭКС-000005985   ,,5963283.00000,,,0.05000,КГ,3.00000,1.00000,0.50000,СМ,,,,279100.00000,,,,,,Дортман Анна Павловна,Княжева Ю.В.,43030,ШТ,Товар филиала,Техэлектро-Сибирь ООО,0.00000,0.00000,ILSSRV,0a48976b-01d4-416e-8c27-f96b411a32e8,2026-03-25 11:19:49,,27.91000,2791.00000,,,N,N,N,,False,5.00000,,,,,,0,,2026-03-25 00:00:00,,,,,100.00000,1978873,2,,,,,,,,C,,Годен,,,
1997692,,WH1,321383,EKS000005985,62142,Муфта 3КНТп 10-(150/240)-Б с наконечниками (КВТ),,,ЭКС,8.00000,ШТ,8.00000,ЭКС-000005985   ,,5963280.00000,,,3.00000,КГ,71.00000,13.00000,13.00000,СМ,,,,273145.60000,,,,,,Дортман Анна Павловна,Гилета О.В.,50120,ШТ,Товар РЦ,Техэлектро-Сибирь ООО,0.00000,0.00000,ILSSRV,0a48976b-01d4-416e-8c27-f96b411a32e8,2026-03-25 11:19:49,,4267.90000,34143.20000,,,N,N,N,,False,24.00000,,,,,,0,ЭКС-000012353   ,2026-03-25 00:00:00,,,,,8.00000,1978874,2,,,,,,,,C,,Годен,,,
1997693,,WH1,321383,EKS000005985,62140,Муфта 3КНТп 10-(25/50)-Б с наконечниками (КВТ),,,ЭКС,6.00000,ШТ,6.00000,ЭКС-000005985   ,,5963279.00000,,,2.00000,КГ,71.00000,13.00000,13.00000,СМ,,,,100131.48000,,,,,,Дортман Анна Павловна,Гилета О.В.,50118,ШТ,Товар РЦ,Техэлектро-Сибирь ООО,0.00000,0.00000,ILSSRV,0a48976b-01d4-416e-8c27-f96b411a32e8,2026-03-25 11:19:49,,2781.43000,16688.58000,,,N,N,N,,False,12.00000,,,,,,0,ЭКС-000012353   ,2026-03-25 00:00:00,,,,,6.00000,1978875,2,,,,,,,,C,,Годен,,,
1997694,,WH1,321383,EKS000005985,62136,Муфта 3КВТп 10-(150/240)-Б с наконечниками (КВТ),,,ЭКС,5.00000,ШТ,5.00000,ЭКС-000005985   ,,5963278.00000,,,1.20000,КГ,71.00000,12.00000,12.00000,СМ,,False,,90259.50000,,,,,,Дортман Анна Павловна,Гилета О.В.,50117,ШТ,Базовый,Техэлектро-Сибирь ООО,0.00000,0.00000,ILSSRV,0a48976b-01d4-416e-8c27-f96b411a32e8,2026-03-25 11:19:49,,3610.38000,18051.90000,,,N,N,N,,False,6.00000,,,,,,0,ЭКС-000012353   ,2026-03-25 00:00:00,,,,,5.00000,1978876,2,,,,,,,,C,,Годен,,,
1997695,,WH1,321383,EKS000005985,62134,Муфта 3КВТп 10-(25/50)-Б с наконечниками (КВТ),,,ЭКС,3.00000,ШТ,3.00000,ЭКС-000005985   ,,5963277.00000,,,2.00000,КГ,71.00000,13.00000,13.00000,СМ,,,,20062.08000,,,,,,Дортман Анна Павловна,Гилета О.В.,50115,ШТ,Товар РЦ,Техэлектро-Сибирь ООО,0.00000,0.00000,ILSSRV,0a48976b-01d4-416e-8c27-f96b411a32e8,2026-03-25 11:19:49,,2229.12000,6687.36000,,,N,N,N,,False,6.00000,,,,,,0,ЭКС-000012353   ,2026-03-25 00:00:00,,,,,3.00000,1978877,2,,,,,,,,C,,Годен,,,
1997696,,WH1,321384,EKS000005986,507157,"Муфта 5ПКТп мини - 2,5/10 нг-LS",,,ЭКС,8.00000,ШТ,8.00000,ЭКС-000005986   ,,5963286.00000,,,0.07000,КГ,20.00000,16.00000,3.00000,СМ,,,,42300.16000,,,,,,Заказной,Гилета О.В.,82483,ШТ,Заказной товар,Техэлектро-Сибирь ООО,0.00000,0.00000,ILSSRV,0a48976b-01d4-416e-8c27-f96b411a32e8,2026-03-25 11:19:50,,660.94000,5287.52000,,,N,N,N,,False,0.56000,,,,,,0,ЭКС-000011647   ,2026-03-25 00:00:00,,,,,8.00000,1978878,2,,,,,,,,C,,Годен,,,
1997697,,WH1,321385,EKS000005987,387144,Держатель - клипса  d20 (с защелкой) Ff,,,ЭКС,500.00000,ШТ,500.00000,ЭКС-000005987   ,,5963288.00000,,,0.01000,КГ,3.00000,3.00000,1.00000,СМ,,,,257500.00000,,,,,,Дортман Анна Павловна,Гилета О.В.,43525,ШТ,Базовый,Техэлектро-Сибирь ООО,0.00000,0.00000,ILSSRV,1a36a502-a099-446e-a740-58e2ae86c7a4,2026-03-25 11:20:46,,1.03000,515.00000,,,N,N,N,,False,5.00000,,,,,,0,,2026-03-25 00:00:00,,,,,500.00000,1978879,2,,,,,,,,A,,Годен,,,
1997698,,WH1,321385,EKS000005987,308557,"Стяжки (хомуты) стальные СКС (304) 4,6x400 Ff  74914",,,ЭКС,600.00000,ШТ,600.00000,ЭКС-000005987   ,,5963287.00000,,,0.01000,КГ,41.00000,0.50000,0.01000,СМ,,,,1954800.00000,,,,,,Дортман Анна Павловна,Гилета О.В.,74914,ШТ,Товар РЦ,Техэлектро-Сибирь ООО,0.00000,0.00000,ILSSRV,1a36a502-a099-446e-a740-58e2ae86c7a4,2026-03-25 11:20:46,,5.43000,3258.00000,,,N,N,N,,False,6.00000,,,,,,0,,2026-03-25 00:00:00,,,,,600.00000,1978880,2,,,,,,,,C,,Годен,,,
1997699,,WH1,321386,EKS000005988,365359,"Наконечник штыревой втулочный изолир. НШвИ 1,0-8 (КВТ)_уп100шт",,,ЭКС,120.00000,УП,120.00000,ЭКС-000005988   ,,5963315.00000,,,0.02000,КГ,10.00000,7.00000,1.00000,СМ,,,,662400.00000,,,,,,Дортман Анна Павловна,Княжева Ю.В.,79438_уп100шт,УП,Базовый,Техэлектро-Сибирь ООО,0.00000,0.00000,ILSSRV,1a36a502-a099-446e-a740-58e2ae86c7a4,2026-03-25 11:20:56,,46.00000,5520.00000,,,N,N,N,,False,2.40000,,,,,,0,,2026-03-25 00:00:00,,,,,120.00000,1978881,2,,,,,,,,A,,Годен,,,
1997700,,WH1,321386,EKS000005988,310531,"Набор ""Гермокомплект 9/3"" (КВТ)",,,ЭКС,60.00000,УП,60.00000,ЭКС-000005988   ,,5963312.00000,,,0.20000,КГ,14.00000,10.00000,3.00000,СМ,,,,412560.00000,,,,,,Дортман Анна Павловна,Княжева Ю.В.,73659,УП,Базовый,Техэлектро-Сибирь ООО,0.00000,0.00000,ILSSRV,1a36a502-a099-446e-a740-58e2ae86c7a4,2026-03-25 11:20:56,,114.60000,6876.00000,,,N,N,N,,False,12.00000,,,,,,0,,2026-03-25 00:00:00,,,,,60.00000,1978882,2,,,,,,,,A,,Годен,,,
1997701,,WH1,321386,EKS000005988,297337,Гильза ГМЛ-П 6 (КВТ),,,ЭКС,4500.00000,ШТ,4500.00000,ЭКС-000005988   ,,5963310.00000,,,0.01000,КГ,1.00000,0.30000,0.30000,СМ,,,,154305000.00000,,,,,,Акулинский Петр Иванович,Княжева Ю.В.,67292,ШТ,Базовый,Техэлектро-Сибирь ООО,0.00000,0.00000,ILSSRV,1a36a502-a099-446e-a740-58e2ae86c7a4,2026-03-25 11:20:56,,7.62000,34290.00000,,,N,N,N,,False,45.00000,,,,,,0,,2026-03-25 00:00:00,,,,,4500.00000,1978883,2,,,,,,,,A,,Годен,,,
1997702,,WH1,321386,EKS000005988,66800,Наконечник медный луженый ТМЛ   6-6-4 (КВТ),,,ЭКС,600.00000,ШТ,600.00000,ЭКС-000005988   ,,5963292.00000,,,0.00400,КГ,3.00000,0.90000,0.40000,СМ,,,,4060800.00000,,,,,,Дортман Анна Павловна,Княжева Ю.В.,40830,ШТ,Товар филиала,Техэлектро-Сибирь ООО,0.00000,0.00000,ILSSRV,1a36a502-a099-446e-a740-58e2ae86c7a4,2026-03-25 11:20:56,,11.28000,6768.00000,,,N,N,N,,False,2.40000,,,,,,0,ЭКС-000012229   ,2026-03-25 00:00:00,,,,,600.00000,1978884,2,,,,,,,,C,,Годен,,,
1997703,,WH1,321386,EKS000005988,62074,"Гильза медн.луженая ГМЛ-  2,5-2,6  КВТ",,,ЭКС,4300.00000,ШТ,4300.00000,ЭКС-000005988   ,,5963291.00000,,,0.00200,КГ,2.00000,0.50000,0.50000,СМ,,,,149584100.00000,,,,,,Дортман Анна Павловна,Княжева Ю.В.,41163,ШТ,Товар филиала,Техэлектро-Сибирь ООО,0.00000,0.00000,ILSSRV,1a36a502-a099-446e-a740-58e2ae86c7a4,2026-03-25 11:20:56,,8.09000,34787.00000,,,N,N,N,,False,8.60000,,,,,,0,ЭКС-000012320   ,2026-03-25 00:00:00,,,,,4300.00000,1978885,2,,,,,,,,C,,Годен,,,
1997704,,WH1,321386,EKS000005988,42090,Наконечник медный луженый ТМЛ   6-5-4 (КВТ),,,ЭКС,100.00000,ШТ,100.00000,ЭКС-000005988   ,,5963290.00000,,,0.00300,КГ,3.00000,1.00000,0.50000,СМ,,False,27.33.13,112800.00000,,8536901000,,,,Дортман Анна Павловна,Княжева Ю.В.,40829,ШТ,Товар филиала,Техэлектро-Сибирь ООО,0.00000,0.00000,ILSSRV,1a36a502-a099-446e-a740-58e2ae86c7a4,2026-03-25 11:20:56,,11.28000,1128.00000,,,N,N,N,,False,0.30000,,,,,,0,ЭКС-000012430   ,2026-03-25 00:00:00,,,,,100.00000,1978886,2,,,,,,,,C,,Годен,,,
1997705,,WH1,321386,EKS000005988,11494,Сжим ответвительный У-734М (16-35/16-25) КВТ,,,ЭКС,500.00000,ШТ,500.00000,ЭКС-000005988   ,,5963289.00000,,,0.04400,КГ,4.50000,4.50000,4.00000,СМ,,False,27.33.13,4717500.00000,,8536901000,,,,Дортман Анна Павловна,Княжева Ю.В.,61642,ШТ,Базовый,Техэлектро-Сибирь ООО,0.00000,0.00000,ILSSRV,1a36a502-a099-446e-a740-58e2ae86c7a4,2026-03-25 11:20:56,,18.87000,9435.00000,,,N,N,N,,False,22.00000,,,,,,0,,2026-03-25 00:00:00,,,,,500.00000,1978887,2,,,,,,,,A,,Годен,,,
1997706,,WH1,321386,EKS000005988,278048,Трубка ТТК-(3:1)-12/4 прозрачная,,,ЭКС,10.00000,М,10.00000,ЭКС-000005988   ,,5963309.00000,,,0.01000,КГ,100.00000,2.00000,0.20000,СМ,,,,7224.00000,,,,,,Акулинский Петр Иванович,Княжева Ю.В.,59686,М,Товар филиала,Техэлектро-Сибирь ООО,0.00000,0.00000,ILSSRV,1a36a502-a099-446e-a740-58e2ae86c7a4,2026-03-25 11:20:56,,72.24000,722.40000,,,N,N,N,,False,0.10000,,,,,,0,ЭКС-000012402   ,2026-03-25 00:00:00,,,,,10.00000,1978888,2,,,,,,,,C,,Годен,,,
1997707,,WH1,321386,EKS000005988,248515,Трубка ТТК-(3:1)-6/2 черная (КВТ),,,ЭКС,750.00000,М,750.00000,ЭКС-000005988   ,,5963308.00000,,,0.04000,КГ,50.00000,1.00000,0.50000,СМ,,,,14805000.00000,,,,,,Дортман Анна Павловна,Княжева Ю.В.,59695,М,Базовый,Техэлектро-Сибирь ООО,0.00000,0.00000,ILSSRV,1a36a502-a099-446e-a740-58e2ae86c7a4,2026-03-25 11:20:56,,26.32000,19740.00000,,,N,N,N,,False,30.00000,,,,,,0,,2026-03-25 00:00:00,,,,,750.00000,1978889,2,,,,,,,,A,,Годен,,,
1997708,,WH1,321386,EKS000005988,168522,Трубка ТТК-(4:1)-8/2 (КВТ),,,ЭКС,360.00000,М,360.00000,ЭКС-000005988   ,,5963306.00000,,,0.00100,КГ,50.00000,4.00000,1.00000,СМ,,,,6192288.00000,,,,,,Дортман Анна Павловна,Княжева Ю.В.,59674,М,Базовый,Техэлектро-Сибирь ООО,0.00000,0.00000,ILSSRV,1a36a502-a099-446e-a740-58e2ae86c7a4,2026-03-25 11:20:56,,47.78000,17200.80000,,,N,N,N,,False,0.36000,,,,,,0,,2026-03-25 00:00:00,,,,,360.00000,1978890,2,,,,,,,,A,,Годен,,,
1997709,,WH1,321386,EKS000005988,168516,Трубка ТТК-(3:1)-12/4 черная (КВТ),,,ЭКС,20.00000,М,20.00000,ЭКС-000005988   ,,5963303.00000,,,0.01000,КГ,50.00000,8.00000,1.00000,СМ,,,,24412.00000,,,,,,Дортман Анна Павловна,Княжева Ю.В.,59697,М,Товар филиала,Техэлектро-Сибирь ООО,0.00000,0.00000,ILSSRV,1a36a502-a099-446e-a740-58e2ae86c7a4,2026-03-25 11:20:56,,61.03000,1220.60000,,,N,N,N,,False,0.20000,,,,,,0,,2026-03-25 00:00:00,,,,,20.00000,1978891,2,,,,,,,,C,,Годен,,,
1997710,,WH1,321386,EKS000005988,168515,Трубка ТТК(3:1)-4.8/1.6 черная (КВТ),,,ЭКС,320.00000,М,320.00000,ЭКС-000005988   ,,5963302.00000,,,0.04000,КГ,50.00000,3.00000,1.50000,СМ,,,,2215936.00000,,,,,,Дортман Анна Павловна,Княжева Ю.В.,59694,М,Базовый,Техэлектро-Сибирь ООО,0.00000,0.00000,ILSSRV,1a36a502-a099-446e-a740-58e2ae86c7a4,2026-03-25 11:20:56,,21.64000,6924.80000,,,N,N,N,,False,12.80000,,,,,,0,,2026-03-25 00:00:00,,,,,320.00000,1978892,2,,,,,,,,A,,Годен,,,
1997711,,WH1,321386,EKS000005988,166017,Трубка ТТК-(3:1)-9/3 черная (КВТ),,,ЭКС,460.00000,М,460.00000,ЭКС-000005988   ,,5963301.00000,,,0.12000,КГ,50.00000,1.00000,2.00000,СМ,,,,8315880.00000,,,,,,Дортман Анна Павловна,Княжева Ю.В.,59696,М,Суперсклад,Техэлектро-Сибирь ООО,0.00000,0.00000,ILSSRV,1a36a502-a099-446e-a740-58e2ae86c7a4,2026-03-25 11:20:56,,39.30000,18078.00000,,,N,N,N,,False,55.20000,,,,,,0,,2026-03-25 00:00:00,,,,,460.00000,1978893,2,,,,,,,,A,,Годен,,,
1997712,,WH1,321386,EKS000005988,161313,Наконечник медный луженый штифтовой НШП 10,,,ЭКС,500.00000,ШТ,500.00000,ЭКС-000005988   ,,5963300.00000,,,0.02000,КГ,2.00000,1.00000,1.00000,СМ,,,,5872500.00000,,,,,,Дортман Анна Павловна,Княжева Ю.В.,50308,ШТ,Базовый,Техэлектро-Сибирь ООО,0.00000,0.00000,ILSSRV,1a36a502-a099-446e-a740-58e2ae86c7a4,2026-03-25 11:20:56,,23.49000,11745.00000,,,N,N,N,,False,10.00000,,,,,,0,,2026-03-25 00:00:00,,,,,500.00000,1978894,2,,,,,,,,A,,Годен,,,
1997713,,WH1,321386,EKS000005988,127693,Сжим ответвительный У-859М (50-70/4-35) КВТ,,,ЭКС,420.00000,ШТ,420.00000,ЭКС-000005988   ,,5963299.00000,,,0.10000,КГ,8.00000,6.00000,6.00000,СМ,,,,11137896.00000,,,,,,Дортман Анна Павловна,Княжева Ю.В.,61644,ШТ,Базовый,Техэлектро-Сибирь ООО,0.00000,0.00000,ILSSRV,1a36a502-a099-446e-a740-58e2ae86c7a4,2026-03-25 11:20:56,,63.14000,26518.80000,,,N,N,N,,False,42.00000,,,,,,0,,2026-03-25 00:00:00,,,,,420.00000,1978895,2,,,,,,,,C,,Годен,,,
1997714,,WH1,321386,EKS000005988,67057,Трубка ТУТнг-LS 80/40 черная (КВТ),,,ЭКС,100.00000,М,100.00000,ЭКС-000005988   ,,5963296.00000,,,0.05000,КГ,50.00000,13.00000,0.01000,СМ,,False,,2055200.00000,,,,,,Дортман Анна Павловна,Княжева Ю.В.,60099,М,Товар РЦ,Техэлектро-Сибирь ООО,0.00000,0.00000,ILSSRV,1a36a502-a099-446e-a740-58e2ae86c7a4,2026-03-25 11:20:56,,205.52000,20552.00000,,,N,N,N,,False,5.00000,,,,,,0,,2026-03-25 00:00:00,,,,,100.00000,1978896,2,,,,,,,,C,,Годен,,,
1997715,,WH1,321386,EKS000005988,66840,Наконечник медный луженый ТМЛ  10-8-5 (КВТ),,,ЭКС,800.00000,ШТ,800.00000,ЭКС-000005988   ,,5963295.00000,,,0.00800,КГ,4.00000,1.60000,0.80000,СМ,,,,17382400.00000,,,,,,Дортман Анна Павловна,Княжева Ю.В.,40834,ШТ,Базовый,Техэлектро-Сибирь ООО,0.00000,0.00000,ILSSRV,1a36a502-a099-446e-a740-58e2ae86c7a4,2026-03-25 11:20:56,,27.16000,21728.00000,,,N,N,N,,False,6.40000,,,,,,0,,2026-03-25 00:00:00,,,,,800.00000,1978897,2,,,,,,,,A,,Годен,,,
1997716,,WH1,321386,EKS000005988,866256,Гильза ГМЛ-П16 КВТ,,,ЭКС,200.00000,ШТ,200.00000,ЭКС-000005988   ,,5963318.00000,,,0.01000,КГ,1.00000,0.70000,0.70000,СМ,,,,720800.00000,,,,,,,Княжева Ю.В.,67294,ШТ,Базовый,Техэлектро-Сибирь ООО,0.00000,0.00000,ILSSRV,1a36a502-a099-446e-a740-58e2ae86c7a4,2026-03-25 11:20:56,,18.02000,3604.00000,,,N,N,N,,False,2.00000,,,,,,0,,2026-03-25 00:00:00,,,,,200.00000,1978898,2,,,,,,,,C,,Годен,,,
1997717,,WH1,321386,EKS000005988,466212,Трубка ТТК-(3:1)-25/8 черная (КВТ),,,ЭКС,60.00000,М,60.00000,ЭКС-000005988   ,,5963333.00000,,,0.10000,КГ,100.00000,4.00000,0.50000,СМ,,,,641952.00000,,,,,,Дортман Анна Павловна,Княжева Ю.В.,85085,М,Базовый,Техэлектро-Сибирь ООО,0.00000,0.00000,ILSSRV,1a36a502-a099-446e-a740-58e2ae86c7a4,2026-03-25 11:20:56,,178.32000,10699.20000,,,N,N,N,,False,6.00000,,,,,,0,,2026-03-25 00:00:00,,,,,60.00000,1978899,2,,,,,,,,B,,Годен,,,
1997718,,WH1,321386,EKS000005988,431068,Термоусаживаемая трубка ТНТ-30/15 черная по 1м КВТ,,,ЭКС,95.00000,М,95.00000,ЭКС-000005988   ,,5963332.00000,,,0.05000,КГ,50.00000,5.00000,0.30000,СМ,,,,667218.25000,,,,,,Дортман Анна Павловна,Княжева Ю.В.,84325,М,Базовый,Техэлектро-Сибирь ООО,0.00000,0.00000,ILSSRV,1a36a502-a099-446e-a740-58e2ae86c7a4,2026-03-25 11:20:56,,73.93000,7023.35000,,,N,N,N,,False,4.75000,,,,,,0,,2026-03-25 00:00:00,,,,,95.00000,1978900,2,,,,,,,,A,,Годен,,,
1997719,,WH1,321386,EKS000005988,430169,Термоусаживаемая трубка ТНТ-20/10 черная по 1м КВТ,,,ЭКС,100.00000,М,100.00000,ЭКС-000005988   ,,5963330.00000,,,0.05000,КГ,50.00000,3.00000,0.30000,СМ,,,,351700.00000,,,,,,Дортман Анна Павловна,Княжева Ю.В.,84324,М,Базовый,Техэлектро-Сибирь ООО,0.00000,0.00000,ILSSRV,1a36a502-a099-446e-a740-58e2ae86c7a4,2026-03-25 11:20:56,,35.17000,3517.00000,,,N,N,N,,False,5.00000,,,,,,0,,2026-03-25 00:00:00,,,,,100.00000,1978901,2,,,,,,,,A,,Годен,,,
1997720,,WH1,321386,EKS000005988,427988,Нак-к кольцевой НКИ(н) 10-6 (КВТ),,,ЭКС,100.00000,ШТ,100.00000,ЭКС-000005988   ,,5963307.00000,,,0.03300,КГ,2.00000,1.00000,1.00000,СМ,,,,122900.00000,,,,,,Заказной,Княжева Ю.В.,61773,ШТ,Заказной товар,Техэлектро-Сибирь ООО,0.00000,0.00000,ILSSRV,1a36a502-a099-446e-a740-58e2ae86c7a4,2026-03-25 11:20:56,,12.29000,1229.00000,,,N,N,N,,False,3.30000,,,,,,0,ЭКС-000012315   ,2026-03-25 00:00:00,,,,,100.00000,1978902,2,,,,,,,,C,,Годен,,,
1997721,,WH1,321386,EKS000005988,418467,Термоусаживаемая трубка ТНТ-20/10 зеленая по 1м КВТ (ТУТ),,,ЭКС,20.00000,М,20.00000,ЭКС-000005988   ,,5963329.00000,,,0.01000,КГ,50.00000,4.00000,0.20000,СМ,,,,14668.00000,,,,,,Дортман Анна Павловна,Княжева Ю.В.,82992,М,Базовый,Техэлектро-Сибирь ООО,0.00000,0.00000,ILSSRV,1a36a502-a099-446e-a740-58e2ae86c7a4,2026-03-25 11:20:56,,36.67000,733.40000,,,N,N,N,,False,0.20000,,,,,,0,ЭКС-000012345   ,2026-03-25 00:00:00,,,,,20.00000,1978903,2,,,,,,,,C,,Годен,,,
1997722,,WH1,321386,EKS000005988,405971,Термоусаживаемая трубка ТНТ-20/10 красная по 1м КВТ (ТУТ),,,ЭКС,80.00000,М,80.00000,ЭКС-000005988   ,,5963327.00000,,,0.02000,КГ,50.00000,3.00000,2.00000,СМ,,,,234688.00000,,,,,,Дортман Анна Павловна,Княжева Ю.В.,82993,М,Базовый,Техэлектро-Сибирь ООО,0.00000,0.00000,ILSSRV,1a36a502-a099-446e-a740-58e2ae86c7a4,2026-03-25 11:20:56,,36.67000,2933.60000,,,N,N,N,,False,1.60000,,,,,,0,,2026-03-25 00:00:00,,,,,80.00000,1978904,2,,,,,,,,C,,Годен,,,
1997723,,WH1,321386,EKS000005988,405966,Термоусаживаемая трубка ТНТ-10/5 белая по 1м КВТ (ТУТ),,,ЭКС,40.00000,М,40.00000,ЭКС-000005988   ,,5963325.00000,,,0.02000,КГ,50.00000,1.00000,0.50000,СМ,,,,27744.00000,,,,,,Дортман Анна Павловна,Княжева Ю.В.,82963,М,Базовый,Техэлектро-Сибирь ООО,0.00000,0.00000,ILSSRV,1a36a502-a099-446e-a740-58e2ae86c7a4,2026-03-25 11:20:56,,17.34000,693.60000,,,N,N,N,,False,0.80000,,,,,,0,,2026-03-25 00:00:00,,,,,40.00000,1978905,2,,,,,,,,C,,Годен,,,
1997724,,WH1,321386,EKS000005988,403853,"Наконечник штыревой втулочный изолир. НШвИ(2) 1,0-8 (КВТ)",,,ЭКС,2000.00000,ШТ,2000.00000,ЭКС-000005988   ,,5963317.00000,,,0.00100,КГ,1.00000,0.50000,0.50000,СМ,,,,3440000.00000,,,,,,Дортман Анна Павловна,Княжева Ю.В.,79464,ШТ,Товар филиала,Техэлектро-Сибирь ООО,0.00000,0.00000,ILSSRV,1a36a502-a099-446e-a740-58e2ae86c7a4,2026-03-25 11:20:56,,0.86000,1720.00000,,,N,N,N,,False,2.00000,,,,,,0,ЭКС-000012315   ,2026-03-25 00:00:00,,,,,2000.00000,1978906,2,,,,,,,,C,,Годен,,,
1997725,,WH1,321386,EKS000005988,397164,"Наконечник кольцевой изолир. НКИ 1,5-6 (КВТ)",,,ЭКС,1000.00000,ШТ,1000.00000,ЭКС-000005988   ,,5963294.00000,,,0.00200,КГ,2.50000,0.70000,0.30000,СМ,,,,3120000.00000,,,,,,Дортман Анна Павловна,Княжева Ю.В.,47475,ШТ,Товар РЦ,Техэлектро-Сибирь ООО,0.00000,0.00000,ILSSRV,1a36a502-a099-446e-a740-58e2ae86c7a4,2026-03-25 11:20:56,,3.12000,3120.00000,,,N,N,N,,False,2.00000,,,,,,0,ЭКС-000012401   ,2026-03-25 00:00:00,,,,,1000.00000,1978907,2,,,,,,,,C,,Годен,,,
1997726,,WH1,321386,EKS000005988,391725,Наконечник штыревой втулочный изолир. НШвИ 95-25 (КВТ),,,ЭКС,50.00000,ШТ,50.00000,ЭКС-000005988   ,,5963316.00000,,,0.02000,КГ,4.00000,2.00000,2.00000,СМ,,,,53725.00000,,,,,,Дортман Анна Павловна,Княжева Ю.В.,79457,ШТ,Товар РЦ,Техэлектро-Сибирь ООО,0.00000,0.00000,ILSSRV,1a36a502-a099-446e-a740-58e2ae86c7a4,2026-03-25 11:20:56,,21.49000,1074.50000,,,N,N,N,,False,1.00000,,,,,,0,,2026-03-25 00:00:00,,,,,50.00000,1978908,2,,,,,,,,C,,Годен,,,
1997727,,WH1,321386,EKS000005988,386730,Трубка CTTK(3:1)-40/12 (1.22м) КВТ,,,ЭКС,10.00000,ШТ,10.00000,ЭКС-000005988   ,,5963320.00000,,,0.01000,КГ,100.00000,5.00000,2.00000,СМ,,,,26522.00000,,,,,,Заказной,Княжева Ю.В.,79830,ШТ,Заказной товар,Техэлектро-Сибирь ООО,0.00000,0.00000,ILSSRV,1a36a502-a099-446e-a740-58e2ae86c7a4,2026-03-25 11:20:56,,265.22000,2652.20000,,,N,N,N,,False,0.10000,,,,,,0,ЭКС-000012495   ,2026-03-25 00:00:00,,,,,10.00000,1978909,2,,,,,,,,C,,Годен,,,
1997728,,WH1,321386,EKS000005988,376123,Гильза ГМЛ-П16 КВТ,,,ЭКС,1300.00000,ШТ,1300.00000,ЭКС-000005988   ,,5963319.00000,,,0.02000,КГ,0.50000,0.50000,0.50000,СМ,,,,30453800.00000,,,,,,Дортман Анна Павловна,Княжева Ю.В.,67294,ШТ,Базовый,Техэлектро-Сибирь ООО,0.00000,0.00000,ILSSRV,1a36a502-a099-446e-a740-58e2ae86c7a4,2026-03-25 11:20:56,,18.02000,23426.00000,,,N,N,N,,False,26.00000,,,,,,0,,2026-03-25 00:00:00,,,,,1300.00000,1978910,2,,,,,,,,A,,Годен,,,
1997729,,WH1,321386,EKS000005988,366101,"Наконечник штыревой втулочный изолир. НШвИ 0,75-12 (КВТ)_уп100шт",,,ЭКС,80.00000,УП,80.00000,ЭКС-000005988   ,,5963314.00000,,,0.03000,КГ,8.00000,6.00000,1.00000,СМ,,,,332800.00000,,,,,,Дортман Анна Павловна,Княжева Ю.В.,79437_уп100шт,УП,Базовый,Техэлектро-Сибирь ООО,0.00000,0.00000,ILSSRV,1a36a502-a099-446e-a740-58e2ae86c7a4,2026-03-25 11:20:56,,52.00000,4160.00000,,,N,N,N,,False,2.40000,,,,,,0,,2026-03-25 00:00:00,,,,,80.00000,1978911,2,,,,,,,,A,,Годен,,,
1997730,,WH1,321387,EKS000005989,310112,Гильза медн.луженая ГМЛ-П 10 (КВТ),,,ЭКС,4500.00000,ШТ,4500.00000,ЭКС-000005989   ,,5963335.00000,,,0.01000,КГ,1.00000,0.50000,0.50000,СМ,,,,229635000.00000,,,,,,Дортман Анна Павловна,Княжева Ю.В.,67293,ШТ,Базовый,Техэлектро-Сибирь ООО,0.00000,0.00000,ILSSRV,1a36a502-a099-446e-a740-58e2ae86c7a4,2026-03-25 11:20:57,,11.34000,51030.00000,,,N,N,N,,False,45.00000,,,,,,0,,2026-03-25 00:00:00,,,,,4500.00000,1978912,2,,,,,,,,A,,Годен,,,
1997731,,WH1,321387,EKS000005989,62053,Гильза медн.луженая ГМЛ- 16-6  КВТ,,,ЭКС,200.00000,ШТ,200.00000,ЭКС-000005989   ,,5963334.00000,,,0.08000,КГ,3.00000,0.70000,0.70000,СМ,,False,27.33.13,1081600.00000,,8536901000,,,,Дортман Анна Павловна,Княжева Ю.В.,41303,ШТ,Товар РЦ,Техэлектро-Сибирь ООО,0.00000,0.00000,ILSSRV,1a36a502-a099-446e-a740-58e2ae86c7a4,2026-03-25 11:20:57,,27.04000,5408.00000,,,N,N,N,,False,16.00000,,,,,,0,,2026-03-25 00:00:00,,,,,200.00000,1978913,2,,,,,,,,C,,Годен,,,
1997732,,WH1,321388,EKS000005990,398461,Наконечник ТМЛ(DIN) 150-12-17 КВТ,,,ЭКС,20.00000,ШТ,20.00000,ЭКС-000005990   ,,5963337.00000,,,0.20000,КГ,10.00000,3.00000,3.00000,СМ,,,,248664.00000,,,,,,Заказной,Княжева Ю.В.,58669,ШТ,Заказной товар,Техэлектро-Сибирь ООО,0.00000,0.00000,ILSSRV,1a36a502-a099-446e-a740-58e2ae86c7a4,2026-03-25 11:20:57,,621.66000,12433.20000,,,N,N,N,,False,4.00000,,,,,,0,ЭКС-000009769   ,2026-03-25 00:00:00,,,,,20.00000,1978914,2,,,,,,,,C,,Годен,,,
1997733,,WH1,321389,EKS000005991,304636,Металлорукав в ПВХ изоляции 32 (МРПИнг Nord) (Fortisflex),,,ЭКС,300.00000,М,300.00000,ЭКС-000005991   ,,5963338.00000,,,0.30000,КГ,100.00000,4.00000,4.00000,СМ,,,,11805300.00000,,,,,,Заказной,Гилета О.В.,67590,М,Заказной товар,Техэлектро-Сибирь ООО,0.00000,0.00000,ILSSRV,1a36a502-a099-446e-a740-58e2ae86c7a4,2026-03-25 11:20:58,,131.17000,39351.00000,,,Y,N,N,,False,90.00000,,,,,,0,ЭКС-000010415   ,2026-03-25 00:00:00,,,,,300.00000,1978915,1,,,,,,,,C,,Годен,,,
1997734,,WH1,321389,EKS000005991,304636,Металлорукав в ПВХ изоляции 32 (МРПИнг Nord) (Fortisflex),,,ЭКС,100.00000,М,100.00000,ЭКС-000005991   ,,5963339.00000,,,0.30000,КГ,100.00000,4.00000,4.00000,СМ,,,,1311700.00000,,,,,,Заказной,Гилета О.В.,67590,М,Заказной товар,Техэлектро-Сибирь ООО,0.00000,0.00000,ILSSRV,1a36a502-a099-446e-a740-58e2ae86c7a4,2026-03-25 11:20:58,,131.17000,13117.00000,,,Y,N,N,,False,30.00000,,,,,,0,ЭКС-000010415   ,2026-03-25 00:00:00,,,,,100.00000,1978916,1,,,,,,,,C,,Годен,,,
1997735,,WH1,321389,EKS000005991,504894,Проводник заземляющий ПЗУ-6-300 (Fortisflex),,,ЭКС,80.00000,ШТ,80.00000,ЭКС-000005991   ,,5963340.00000,,,0.06000,КГ,30.00000,1.00000,1.00000,СМ,,,,619200.00000,,,,,,Заказной,Гилета О.В.,79693,ШТ,Заказной товар,Техэлектро-Сибирь ООО,0.00000,0.00000,ILSSRV,1a36a502-a099-446e-a740-58e2ae86c7a4,2026-03-25 11:20:58,,96.75000,7740.00000,,,N,N,N,,False,4.80000,,,,,,0,ЭКС-000010296   ,2026-03-25 00:00:00,,,,,80.00000,1978917,2,,,,,,,,C,,Годен,,,
1997736,,WH1,321390,EKS000005992,329841,Устройство АВР ТСM 225/250А 3р EKF PROxima,,,ЭКС,1.00000,ШТ,1.00000,ЭКС-000005992   ,,5963341.00000,,,5.00000,КГ,45.00000,25.00000,20.00000,СМ,,,,28705.63000,,,,,,Заказной,Третьяков С.М.,ats-tsm-225-250A-3p-pro,ШТ,Товар РЦ,Электрорешения ООО,0.00000,0.00000,ILSSRV,16903315-77b7-49e5-ad96-b1ea7a6922dd,2026-03-25 11:59:49,,28705.63000,28705.63000,,,N,N,N,,False,5.00000,,,,,,0,ЭКС-000011223   ,2026-03-26 00:00:00,,,,,1.00000,1978918,2,,,,,,,,C,,Годен,,,
1997737,,WH1,321390,EKS000005992,326970,Контактор КТЭ 265А 380В NO EKF PROxima,,,ЭКС,2.00000,ШТ,2.00000,ЭКС-000005992   ,,5963342.00000,,,8.00000,КГ,30.00000,30.00000,30.00000,СМ,,True,,53599.48000,,,,,,Заказной,Третьяков С.М.,ctr-b-265-380,ШТ,Выводится из ассортимента,Электрорешения ООО,0.00000,0.00000,ILSSRV,16903315-77b7-49e5-ad96-b1ea7a6922dd,2026-03-25 11:59:49,,13399.87000,26799.74000,,,N,N,N,,True,16.00000,,,,,,0,ЭКС-000011228   ,2026-03-26 00:00:00,,,,,2.00000,1978919,2,,,,,,,,C,,Годен,,,
1997738,,WH1,321391,EKS000005993,756155,Вилка переносная 025 3Р+РЕ+N 32А 380В IP44 EKF PROXIMA,,,ЭКС,1.00000,ШТ,1.00000,ЭКС-000005993   ,,5963343.00000,,,0.20000,КГ,20.00000,6.00000,6.00000,СМ,,True,,362.83000,,,,,,Заказной,Княжева Ю.В.,ps-025-32-380-PRO,ШТ,Заказной товар,Электрорешения ООО,0.00000,0.00000,ILSSRV,16903315-77b7-49e5-ad96-b1ea7a6922dd,2026-03-25 11:59:50,,362.83000,362.83000,,,N,N,N,,True,0.20000,,,,,,0,ЭКС-000011544   ,2026-03-26 00:00:00,,,,,1.00000,1978920,2,,,,,,,,C,,Годен,,,
1997739,,WH1,321391,EKS000005993,623449,"EKF PROxima Наконечник штыревой втулочный  НШвИ 0,5-10 (50шт.)",,,ЭКС,12.00000,УП,12.00000,ЭКС-000005993   ,,5963344.00000,,,0.01000,КГ,10.00000,7.00000,0.10000,СМ,,True,,3754.08000,,,,,,Заказной,Княжева Ю.В.,nhvi-0.5-10,УП,Заказной товар,Электрорешения ООО,0.00000,0.00000,ILSSRV,16903315-77b7-49e5-ad96-b1ea7a6922dd,2026-03-25 11:59:50,,26.07000,312.84000,,,N,N,N,,True,0.12000,,,,,,0,ЭКС-000011546   ,2026-03-26 00:00:00,,,,,12.00000,1978921,2,,,,,,,,C,,Годен,,,
1997740,,WH1,321391,EKS000005993,331261,Розетка стационарная наружная 1252 3Р+РЕ+N 32А 380В IP67 EKF PROxima,,,ЭКС,1.00000,ШТ,1.00000,ЭКС-000005993   ,,5963345.00000,,,0.10000,КГ,12.00000,6.00000,6.00000,СМ,,True,,1055.42000,,,,,,Заказной,Княжева Ю.В.,ps-1252-32-380,ШТ,Заказной товар,Электрорешения ООО,0.00000,0.00000,ILSSRV,16903315-77b7-49e5-ad96-b1ea7a6922dd,2026-03-25 11:59:50,,1055.42000,1055.42000,,,N,N,N,,True,0.10000,,,,,,0,ЭКС-000011544   ,2026-03-26 00:00:00,,,,,1.00000,1978922,2,,,,,,,,C,,Годен,,,
1997741,,WH1,321392,EKS000005994,795330,EKF Автоматический выключатель 3P 20А (D) 10kA ВА 47-100M без теплового расцепителя PROxima,,,ЭКС,4.00000,ШТ,4.00000,ЭКС-000005994   ,,5963348.00000,,,0.00000,,0.00000,0.00000,0.00000,,,,,46430.24000,,,,,,Заказной,Шаповалов П.Г.,mcb47100m-3-20D-pro,ШТ,Заказной товар,Электрорешения ООО,0.00000,0.00000,ILSSRV,16903315-77b7-49e5-ad96-b1ea7a6922dd,2026-03-25 11:59:53,,2901.89000,11607.56000,,,N,N,N,,False,0.00000,,,,,,0,ЭКС-000011473   ,2026-03-26 00:00:00,,,,,4.00000,1978923,2,,,,,,,,C,,Годен,,,
1997742,,WH1,321392,EKS000005994,793651,Зажим прокалывающий ответвительный P3X-95 25-95 мм2 / 25-95 мм2 EKF,,,ЭКС,20.00000,ШТ,20.00000,ЭКС-000005994   ,,5963351.00000,,,0.00000,,0.00000,0.00000,0.00000,,,True,,92436.00000,,,,,,Заказной,Дунав М.И.,p-3x-95,ШТ,Заказной товар,Электрорешения ООО,0.00000,0.00000,ILSSRV,16903315-77b7-49e5-ad96-b1ea7a6922dd,2026-03-25 11:59:53,,231.09000,4621.80000,,,N,N,N,,True,0.00000,,,,,,0,ЭКС-000010401   ,2026-03-26 00:00:00,,,,,20.00000,1978924,2,,,,,,,,C,,Годен,,,
1997743,,WH1,321392,EKS000005994,635168,Автоматический выключатель 3P 50А (C) 6кА ВА 47-63N EKF PROxima,,,ЭКС,1.00000,ШТ,1.00000,ЭКС-000005994   ,,5963349.00000,,,0.20000,КГ,8.00000,7.00000,5.00000,СМ,,,,703.91000,,,,,,Заказной,Шаповалов П.Г.,M636350C,ШТ,Заказной товар,Электрорешения ООО,0.00000,0.00000,ILSSRV,16903315-77b7-49e5-ad96-b1ea7a6922dd,2026-03-25 11:59:53,,703.91000,703.91000,,,N,N,N,,False,0.20000,,,,,,0,ЭКС-000011473   ,2026-03-26 00:00:00,,,,,1.00000,1978925,2,,,,,,,,C,,Годен,,,
1997744,,WH1,321392,EKS000005994,523671,Панель оператора EKF PRO-Screen 7E,,,ЭКС,1.00000,ШТ,1.00000,ЭКС-000005994   ,,5963354.00000,,,0.80000,КГ,24.00000,7.00000,18.00000,СМ,,,,11655.76000,,,,,,Заказной,Третьяков С.М.,RSC-7E,ШТ,Заказной товар,Электрорешения ООО,0.00000,0.00000,ILSSRV,16903315-77b7-49e5-ad96-b1ea7a6922dd,2026-03-25 11:59:53,,11655.76000,11655.76000,,,N,N,N,,False,0.80000,,,,,,0,ЭКС-000011492   ,2026-03-26 00:00:00,,,,,1.00000,1978926,2,,,,,,,,C,,Годен,,,
1997745,,WH1,321392,EKS000005994,329974,Оповещатель светозвуковой ED16-22BMS 24В EKF PROxima,,,ЭКС,20.00000,ШТ,20.00000,ЭКС-000005994   ,,5963353.00000,,,0.01000,КГ,5.00000,3.00000,3.00000,СМ,,,,101628.00000,,,,,,Заказной,Третьяков С.М.,ed16-22bms-24,ШТ,Товар РЦ,Электрорешения ООО,0.00000,0.00000,ILSSRV,16903315-77b7-49e5-ad96-b1ea7a6922dd,2026-03-25 11:59:53,,254.07000,5081.40000,,,N,N,N,,False,0.20000,,,,,,0,ЭКС-000011417   ,2026-03-26 00:00:00,,,,,20.00000,1978927,2,,,,,,,,C,,Годен,,,
1997746,,WH1,321392,EKS000005994,329417,Выключатель нагрузки ВН-99 400/400А 3P EKF,,,ЭКС,1.00000,ШТ,1.00000,ЭКС-000005994   ,,5963350.00000,,,5.00000,КГ,30.00000,18.00000,18.00000,СМ,,False,,11312.25000,,,,,,Заказной,Самоличенко В.А.,sl99-400-400,ШТ,Заказной товар,Электрорешения ООО,0.00000,0.00000,ILSSRV,16903315-77b7-49e5-ad96-b1ea7a6922dd,2026-03-25 11:59:53,,11312.25000,11312.25000,,,N,N,N,,False,5.00000,,,,,,0,ЭКС-000011461   ,2026-03-26 00:00:00,,,,,1.00000,1978928,2,,,,,,,,C,,Годен,,,
1997747,,WH1,321392,EKS000005994,327030,Контактор КМЭ малогабаритный 25А 220В 1NC EKF PROxima,,,ЭКС,100.00000,ШТ,100.00000,ЭКС-000005994   ,,5963352.00000,,,0.30000,КГ,9.00000,8.00000,5.00000,СМ,,True,,7909800.00000,,,,,,Катышев Александр Вячесла,Третьяков С.М.,ctr-s-25-220-nc,ШТ,Базовый,Электрорешения ООО,0.00000,0.00000,ILSSRV,16903315-77b7-49e5-ad96-b1ea7a6922dd,2026-03-25 11:59:53,,790.98000,79098.00000,,,N,N,N,,True,30.00000,,,,,,0,ЭКС-000010937   ,2026-03-26 00:00:00,,,,,100.00000,1978929,2,,,,,,,,C,,Годен,,,
1997748,,WH1,321392,EKS000005994,852145,АВДТ АВДТ-63N 3P+N 40А 30мА характеристика C тип AC электронный 6кА PROXIMA,,,ЭКС,2.00000,ШТ,2.00000,ЭКС-000005994   ,,5963347.00000,,,0.50000,КГ,8.00000,7.00000,8.00000,СМ,,False,,7409.84000,,,,,,Заказной,Шаповалов П.Г.,D63N46E40C30,ШТ,Заказной товар,Электрорешения ООО,0.00000,0.00000,ILSSRV,16903315-77b7-49e5-ad96-b1ea7a6922dd,2026-03-25 11:59:53,,1852.46000,3704.92000,,,N,N,N,,False,1.00000,,,,,,0,ЭКС-000011402   ,2026-03-26 00:00:00,,,,,2.00000,1978930,2,,,,,,,,C,,Годен,,,
1997749,,WH1,321392,EKS000005994,842490,АВДТ АВДТ-63N 3P+N 32А 30мА характеристика C тип A электронный 6кА PROXIMA,,,ЭКС,4.00000,ШТ,4.00000,ЭКС-000005994   ,,5963346.00000,,,0.00000,,0.00000,0.00000,0.00000,,,False,,27016.48000,,,,,,Заказной,Шаповалов П.Г.,D63N46EA32C30,ШТ,Заказной товар,Электрорешения ООО,0.00000,0.00000,ILSSRV,16903315-77b7-49e5-ad96-b1ea7a6922dd,2026-03-25 11:59:53,,1688.53000,6754.12000,,,N,N,N,,False,0.00000,,,,,,0,ЭКС-000011402   ,2026-03-26 00:00:00,,,,,4.00000,1978931,2,,,,,,,,C,,Годен,,,
1997750,,WH1,321393,EKS000005995,672682,Терморегулятор РТА-100,,,ЭКС,1.00000,ШТ,1.00000,ЭКС-000005995   ,,5963355.00000,,,0.20000,КГ,15.00000,9.00000,5.00000,СМ,,,,3475.41000,,,,,,Заказной,Третьяков С.М.,rta-100,ШТ,Выводится из ассортимента,Электрорешения ООО,0.00000,0.00000,ILSSRV,16903315-77b7-49e5-ad96-b1ea7a6922dd,2026-03-25 11:59:54,,3475.41000,3475.41000,,,N,N,N,,False,0.20000,,,,,,0,ЭКС-000009703   ,2026-03-26 00:00:00,,,,,1.00000,1978932,2,,,,,,,,C,,Годен,,,
1997751,,WH1,321394,EKS000005996,672682,Терморегулятор РТА-100,,,ЭКС,2.00000,ШТ,2.00000,ЭКС-000005996   ,,5963356.00000,,,0.20000,КГ,15.00000,9.00000,5.00000,СМ,,,,10689.08000,,,,,,Заказной,Третьяков С.М.,rta-100,ШТ,Выводится из ассортимента,Электрорешения ООО,0.00000,0.00000,ILSSRV,16903315-77b7-49e5-ad96-b1ea7a6922dd,2026-03-25 11:59:54,,2672.27000,5344.54000,,,N,N,N,,False,0.40000,,,,,,0,ЭКС-000008262   ,2026-03-26 00:00:00,,,,,2.00000,1978933,2,,,,,,,,C,,Годен,,,
1997752,,WH1,321395,EKS000005997,672682,Терморегулятор РТА-100,,,ЭКС,8.00000,ШТ,8.00000,ЭКС-000005997   ,,5963358.00000,,,0.20000,КГ,15.00000,9.00000,5.00000,СМ,,,,220677.76000,,,,,,Заказной,Третьяков С.М.,rta-100,ШТ,Выводится из ассортимента,Электрорешения ООО,0.00000,0.00000,ILSSRV,16903315-77b7-49e5-ad96-b1ea7a6922dd,2026-03-25 11:59:54,,3448.09000,27584.72000,,,N,N,N,,False,1.60000,,,,,,0,ЭКС-000007900   ,2026-03-26 00:00:00,,,,,8.00000,1978934,2,,,,,,,,C,,Годен,,,
1997753,,WH1,321396,EKS000005998,439101,Розетка 2-местная СП с/з с крышкой 16А с защ. штор. IP44 Минск белая,,,ЭКС,204.00000,ШТ,204.00000,ЭКС-000005998   ,,5963367.00000,,,0.12000,КГ,12.00000,9.00000,4.00000,СМ,,True,,6096327.84000,,,,,,Заказной,Гилета О.В.,ERR16-129-200-44,ШТ,Заказной товар,Электрорешения ООО,0.00000,0.00000,ILSSRV,16903315-77b7-49e5-ad96-b1ea7a6922dd,2026-03-25 11:59:55,,146.49000,29883.96000,,,N,N,N,,True,24.48000,,,,,,0,ЭКС-000011485   ,2026-03-26 00:00:00,,,,,204.00000,1978935,2,,,,,,,,C,,Годен,,,
1997754,,WH1,321396,EKS000005998,360177,Розетка 1-местная СП с/з с крышкой 16А с защ. штор. IP44 Минск белая,,,ЭКС,34.00000,ШТ,34.00000,ЭКС-000005998   ,,5963366.00000,,,0.08000,КГ,9.00000,9.00000,5.00000,СМ,,True,,113149.28000,,,,,,Дортман Анна Павловна,Гилета О.В.,ERR16-029-100-44,ШТ,Товар филиала,Электрорешения ООО,0.00000,0.00000,ILSSRV,16903315-77b7-49e5-ad96-b1ea7a6922dd,2026-03-25 11:59:55,,97.88000,3327.92000,,,N,N,N,,True,2.72000,,,,,,0,ЭКС-000011485   ,2026-03-26 00:00:00,,,,,34.00000,1978936,2,,,,,,,,C,,Годен,,,
1997755,,WH1,321397,EKS000005999,809663,АВДТ-63N 1P+N 16А 30мА характеристика C тип AC электронный EKF PROxima,,,ЭКС,1.00000,ШТ,1.00000,ЭКС-000005999   ,,5963369.00000,,,0.27000,КГ,8.00000,7.00000,4.00000,СМ,,,,589.71000,,,,,,Заказной,Шаповалов П.Г.,D63N26E16C30,ШТ,Заказной товар,Электрорешения ООО,0.00000,0.00000,ILSSRV,16903315-77b7-49e5-ad96-b1ea7a6922dd,2026-03-25 11:59:57,,589.71000,589.71000,,,N,N,N,,False,0.27000,,,,,,0,ЭКС-000011217   ,2026-03-26 00:00:00,,,,,1.00000,1978937,2,,,,,,,,C,,Годен,,,
1997756,,WH1,321397,EKS000005999,753765,"Автоматический выключатель ВА 47-63N 3P 20А (C) 4,5 кА PROXIMA EKF",,,ЭКС,2.00000,ШТ,2.00000,ЭКС-000005999   ,,5963374.00000,,,0.10000,КГ,8.00000,7.00000,5.00000,СМ,,,,1348.32000,,,,,,Заказной,Шаповалов П.Г.,M634320C,ШТ,Заказной товар,Электрорешения ООО,0.00000,0.00000,ILSSRV,16903315-77b7-49e5-ad96-b1ea7a6922dd,2026-03-25 11:59:57,,337.08000,674.16000,,,N,N,N,,False,0.20000,,,,,,0,ЭКС-000011217   ,2026-03-26 00:00:00,,,,,2.00000,1978938,2,,,,,,,,C,,Годен,,,
1997757,,WH1,321397,EKS000005999,674058,EKF Автоматический выключатель 3P 16А (D) 6кА ВА 47-63N PROxima,,,ЭКС,2.00000,ШТ,2.00000,ЭКС-000005999   ,,5963373.00000,,,0.20000,КГ,8.00000,7.00000,5.00000,СМ,,,,2121.72000,,,,,,Заказной,Шаповалов П.Г.,M636316D,ШТ,Заказной товар,Электрорешения ООО,0.00000,0.00000,ILSSRV,16903315-77b7-49e5-ad96-b1ea7a6922dd,2026-03-25 11:59:57,,530.43000,1060.86000,,,N,N,N,,False,0.40000,,,,,,0,ЭКС-000011212   ,2026-03-26 00:00:00,,,,,2.00000,1978939,2,,,,,,,,C,,Годен,,,
1997758,,WH1,321397,EKS000005999,673203,Автоматический выключатель 3P 10А (D) 6кА ВА 47-63N EKF PROxima,,,ЭКС,5.00000,ШТ,5.00000,ЭКС-000005999   ,,5963371.00000,,,0.30000,КГ,8.00000,7.00000,5.00000,СМ,,,,13275.50000,,,,,,Заказной,Шаповалов П.Г.,M636310D,ШТ,Заказной товар,Электрорешения ООО,0.00000,0.00000,ILSSRV,16903315-77b7-49e5-ad96-b1ea7a6922dd,2026-03-25 11:59:57,,531.02000,2655.10000,,,N,N,N,,False,1.50000,,,,,,0,ЭКС-000011212   ,2026-03-26 00:00:00,,,,,5.00000,1978940,2,,,,,,,,C,,Годен,,,
1997759,,WH1,321397,EKS000005999,639833,Автоматический выключатель 3P 16А (C) 6кА ВА 47-63N EKF PROxima,,,ЭКС,2.00000,ШТ,2.00000,ЭКС-000005999   ,,5963372.00000,,,0.01000,КГ,8.00000,7.00000,5.00000,СМ,,,,1934.88000,,,,,,Заказной,Шаповалов П.Г.,M636316C,ШТ,Заказной товар,Электрорешения ООО,0.00000,0.00000,ILSSRV,16903315-77b7-49e5-ad96-b1ea7a6922dd,2026-03-25 11:59:57,,483.72000,967.44000,,,N,N,N,,False,0.02000,,,,,,0,ЭКС-000011212   ,2026-03-26 00:00:00,,,,,2.00000,1978941,2,,,,,,,,C,,Годен,,,
1997760,,WH1,321397,EKS000005999,639808,Выключатель нагрузки 3P 40А ВН-63N EKF PROxima,,,ЭКС,2.00000,ШТ,2.00000,ЭКС-000005999   ,,5963376.00000,,,0.20000,КГ,8.00000,7.00000,5.00000,СМ,,,,1352.88000,,,,,,Заказной,Шаповалов П.Г.,S63340,ШТ,Заказной товар,Электрорешения ООО,0.00000,0.00000,ILSSRV,16903315-77b7-49e5-ad96-b1ea7a6922dd,2026-03-25 11:59:57,,338.22000,676.44000,,,N,N,N,,False,0.40000,,,,,,0,ЭКС-000011217   ,2026-03-26 00:00:00,,,,,2.00000,1978942,2,,,,,,,,C,,Годен,,,
1997761,,WH1,321397,EKS000005999,635170,Автоматический выключатель 3P 40А (C) 6кА ВА 47-63N EKF PROxima,,,ЭКС,4.00000,ШТ,4.00000,ЭКС-000005999   ,,5963375.00000,,,0.01000,КГ,8.00000,7.00000,5.00000,СМ,,,,8276.00000,,,,,,Заказной,Шаповалов П.Г.,M636340C,ШТ,Заказной товар,Электрорешения ООО,0.00000,0.00000,ILSSRV,16903315-77b7-49e5-ad96-b1ea7a6922dd,2026-03-25 11:59:58,,517.25000,2069.00000,,,N,N,N,,False,0.04000,,,,,,0,ЭКС-000011212   ,2026-03-26 00:00:00,,,,,4.00000,1978943,2,,,,,,,,C,,Годен,,,
1997762,,WH1,321397,EKS000005999,818222,АВДТ-63N 1P+N 6А 30мА характеристика C тип AC электронный EKF PROxima,,,ЭКС,8.00000,ШТ,8.00000,ЭКС-000005999   ,,5963370.00000,,,0.20000,КГ,8.50000,8.00000,4.00000,СМ,,False,,48840.32000,,,,,,Заказной,Шаповалов П.Г.,D63N26E6C30,ШТ,Заказной товар,Электрорешения ООО,0.00000,0.00000,ILSSRV,16903315-77b7-49e5-ad96-b1ea7a6922dd,2026-03-25 11:59:58,,763.13000,6105.04000,,,N,N,N,,False,1.60000,,,,,,0,ЭКС-000011217   ,2026-03-26 00:00:00,,,,,8.00000,1978944,2,,,,,,,,C,,Годен,,,
1997763,,WH1,321398,EKS000006000,672682,Терморегулятор РТА-100,,,ЭКС,3.00000,ШТ,3.00000,ЭКС-000006000   ,,5963378.00000,,,0.20000,КГ,15.00000,9.00000,5.00000,СМ,,,,39098.34000,,,,,,Заказной,Третьяков С.М.,rta-100,ШТ,Выводится из ассортимента,Электрорешения ООО,0.00000,0.00000,ILSSRV,b5501dc9-1a7a-4f99-9c73-97dd8c43ea9b,2026-03-25 12:00:49,,4344.26000,13032.78000,,,N,N,N,,False,0.60000,,,,,,0,ЭКС-000007900   ,2026-03-26 00:00:00,,,,,3.00000,1978945,2,,,,,,,,C,,Годен,,,
1997764,,WH1,321399,EKS000006001,753899,"Автоматический выключатель ВА 47-63N 1P 32А (C) 4,5 кА PROXIMA EKF",,,ЭКС,5.00000,ШТ,5.00000,ЭКС-000006001   ,,5963381.00000,,,0.05000,КГ,9.00000,8.00000,1.50000,СМ,,,,1971.00000,,,,,,Заказной,Шаповалов П.Г.,M634132C,ШТ,Заказной товар,Электрорешения ООО,0.00000,0.00000,ILSSRV,b5501dc9-1a7a-4f99-9c73-97dd8c43ea9b,2026-03-25 12:00:50,,78.84000,394.20000,,,N,N,N,,False,0.25000,,,,,,0,ЭКС-000011246   ,2026-03-26 00:00:00,,,,,5.00000,1978946,2,,,,,,,,C,,Годен,,,
1997765,,WH1,321399,EKS000006001,680920,EKF Автоматический выключатель 3P 25А (B) 6кА ВА 47-63N PROxima,,,ЭКС,10.00000,ШТ,10.00000,ЭКС-000006001   ,,5963382.00000,,,0.26000,КГ,8.00000,5.00000,7.00000,СМ,,,,33577.00000,,,,,,Заказной,Шаповалов П.Г.,M636325B,ШТ,Заказной товар,Электрорешения ООО,0.00000,0.00000,ILSSRV,b5501dc9-1a7a-4f99-9c73-97dd8c43ea9b,2026-03-25 12:00:50,,335.77000,3357.70000,,,N,N,N,,False,2.60000,,,,,,0,ЭКС-000011246   ,2026-03-26 00:00:00,,,,,10.00000,1978947,2,,,,,,,,C,,Годен,,,
1997766,,WH1,321400,EKS000006002,882772,Свеча зажигания 2T L7T Huter 71/2/27,,,ЭКС,4.00000,ШТ,0.00000,ЭКС-000006002   ,,5963388.00000,,,0.04000,КГ,8.00000,2.50000,2.50000,СМ,,False,,1379.68000,,,,,,Заказной,Петров И.В.,71/2/27,ШТ,Заказной товар,Креусс АО,0.00000,0.00000,v.plevako,,2026-03-25 13:22:20,,86.23000,344.92000,,,N,N,N,,False,0.16000,,,,,,0,ЭКС-000003420   ,2026-03-25 00:00:00,,,,,4.00000,1978948,2,,,,,,,,C,,Годен,,,
1997767,,WH1,321400,EKS000006002,685996,Тепловая завеса РЕСАНТА ТЗ-6С (с пультом),,,ЭКС,1.00000,ШТ,0.00000,ЭКС-000006002   ,,5963386.00000,,,5.00000,КГ,120.00000,20.00000,16.00000,СМ,,False,,10685.30000,,,,,,Заказной,Петров И.В.,67/6/3,ШТ,Заказной товар,Креусс АО,0.00000,0.00000,v.plevako,,2026-03-25 13:22:39,,10685.30000,10685.30000,,,N,N,N,,False,5.00000,,,,,,0,ЭКС-000011751   ,2026-03-25 00:00:00,,,,,1.00000,1978949,2,,,,,,,,C,,Годен,,,
1997768,,WH1,321400,EKS000006002,410098,Головка с леской GTH для HUTER GGT и GET-1200SL SAF,,,ЭКС,2.00000,ШТ,0.00000,ЭКС-000006002   ,,5963387.00000,,,0.20000,КГ,12.00000,12.00000,8.50000,СМ,,,,1273.44000,,,,,,Заказной,Петров И.В.,71/2/9,ШТ,Заказной товар,Креусс АО,0.00000,0.00000,v.plevako,,2026-03-25 13:21:05,,318.36000,636.72000,,,N,N,N,,False,0.40000,,,,,,0,ЭКС-000003420   ,2026-03-25 00:00:00,,,,,2.00000,1978950,2,,,,,,,,C,,Годен,,,
1997769,,WH1,321400,EKS000006002,401462,Конвектор ОК-2000 Ресанта,,,ЭКС,1.00000,ШТ,1.00000,ЭКС-000006002   ,,5963384.00000,,,5.00000,КГ,13.00000,80.00000,50.00000,СМ,,False,,2598.52000,,,,,,Катышев Александр Вячесла,Петров И.В.,67/4/4,ШТ,Выводится из ассортимента,Креусс АО,0.00000,0.00000,ILSSRV,f47dfe04-e7c0-4aae-9102-93bed2fbba7f,2026-03-25 12:06:52,,2598.52000,2598.52000,,,N,N,N,,False,5.00000,,,,,,0,ЭКС-000010536   ,2026-03-25 00:00:00,,,,,1.00000,1978951,2,,,,,,,,C,,Годен,,,
1997770,,WH1,321400,EKS000006002,401041,Конвектор ОК-2000 Ресанта,,,ЭКС,6.00000,ШТ,6.00000,ЭКС-000006002   ,,5963385.00000,,,5.00000,КГ,13.00000,80.00000,50.00000,СМ,,False,,93547.08000,,,,,,Катышев Александр Вячесла,Петров И.В.,67/4/4,ШТ,Выводится из ассортимента,Креусс АО,0.00000,0.00000,ILSSRV,f47dfe04-e7c0-4aae-9102-93bed2fbba7f,2026-03-25 12:06:52,,2598.53000,15591.18000,,,N,N,N,,False,30.00000,,,,,,0,ЭКС-000010536   ,2026-03-25 00:00:00,,,,,6.00000,1978952,2,,,,,,,,C,,Годен,,,
1997771,,WH1,321400,EKS000006002,400957,Конвектор ОК-1600 Ресанта,,,ЭКС,25.00000,ШТ,25.00000,ЭКС-000006002   ,,5963383.00000,,,2.00000,КГ,80.00000,40.00000,14.00000,СМ,,False,,1351025.00000,,,,,,Заказной,Петров И.В.,67/4/2,ШТ,Заказной товар,Креусс АО,0.00000,0.00000,ILSSRV,f47dfe04-e7c0-4aae-9102-93bed2fbba7f,2026-03-25 12:06:52,,2161.64000,54041.00000,,,N,N,N,,False,50.00000,,,,,,0,ЭКС-000010536   ,2026-03-25 00:00:00,,,,,25.00000,1978953,2,,,,,,,,C,,Годен,,,
1997772,,WH1,321400,EKS000006002,164980,Сварочный аппарат инверторный САИ 250 в кейсе Ресанта,,,ЭКС,1.00000,ШТ,0.00000,ЭКС-000006002   ,,5963389.00000,,,4.00000,КГ,20.00000,35.00000,40.00000,СМ,,,,8609.59000,,,,,,Заказной,Петров И.В.,65/23,ШТ,Заказной товар,Креусс АО,0.00000,0.00000,v.plevako,,2026-03-25 13:20:40,,8609.59000,8609.59000,,,N,N,N,,False,4.00000,,,,,,0,ЭКС-000012172   ,2026-03-25 00:00:00,,,,,1.00000,1978954,2,,,,,,,,C,,Годен,,,
1997773,,WH1,321401,EKS000006003,883696,"Провод ПуГВнг(А)-LS 1х0,5 Промэко",,,ЭКС,100.00000,М,100.00000,ЭКС-000006003   ,,5963390.00000,,,0.00000,,0.00000,0.00000,0.00000,,,False,,55800.00000,,,,,,,Дунав М.И.,,М,Товар РЦ,Промэко ООО,0.00000,0.00000,ILSSRV,6db67efa-de7b-4753-a001-64380dbc4771,2026-03-25 12:12:52,,5.58000,558.00000,,,Y,N,N,,False,0.00000,,,,,,0,ЭКС-000010856   ,2026-03-25 00:00:00,,,,,100.00000,1978955,1,,,,,,,,C,,Годен,,,
1997774,,WH1,321402,EKS000006004,831050,"Кабель ВВГ-Пнг(A)-FR-LS 3х2,5 ок(N,PE)-0,66 Промэко",,,ЭКС,2072.00000,М,2072.00000,ЭКС-000006004   ,,5963391.00000,,,0.19000,КГ,100.00000,1.03000,1.03000,СМ,,False,,351139519.36000,10.3,,,,,,Козлова М.А.,831050,М,Товар РЦ,Промэко ООО,0.00000,0.00000,ILSSRV,08c91a09-8638-4291-acb6-9d5e72372d1b,2026-03-25 12:13:52,,81.79000,169468.88000,,,Y,N,N,,False,393.68000,,,,,,0,,2026-03-25 00:00:00,,,,,2072.00000,1978956,1,,,01,,,,,C,,Годен,,,
1997775,,WH1,321403,EKS000006005,831050,"Кабель ВВГ-Пнг(A)-FR-LS 3х2,5 ок(N,PE)-0,66 Промэко",,,ЭКС,1009.00000,М,1009.00000,ЭКС-000006005   ,,5963392.00000,,,0.19000,КГ,100.00000,1.03000,1.03000,СМ,,False,,83268844.99000,10.3,,,,,,Козлова М.А.,831050,М,Товар РЦ,Промэко ООО,0.00000,0.00000,ILSSRV,08c91a09-8638-4291-acb6-9d5e72372d1b,2026-03-25 12:13:52,,81.79000,82526.11000,,,Y,N,N,,False,191.71000,,,,,,0,,2026-03-25 00:00:00,,,,,1009.00000,1978957,1,,,01,,,,,C,,Годен,,,
1997776,,WH1,321403,EKS000006005,855134,"Кабель ВВГ-Пнг(A)-FR-LS 3х1,5 ок(N,PE)-0,66 Промэко",,,ЭКС,7000.00000,М,7000.00000,ЭКС-000006005   ,,5963393.00000,,,0.14800,КГ,100.00000,0.95000,0.95000,СМ,,False,,2609740000.00000,9.5,,,,,,Козлова М.А.,,М,Товар РЦ,Промэко ООО,0.00000,0.00000,ILSSRV,08c91a09-8638-4291-acb6-9d5e72372d1b,2026-03-25 12:13:52,,53.26000,372820.00000,,,Y,N,N,,False,1036.00000,,,,,,0,,2026-03-25 00:00:00,,,,,7000.00000,1978958,1,,,,,,,,C,,Годен,,,
1997777,,WH1,321404,EKS000006006,660506,Реле напряжения Welrok D2-63 red,,,ЭКС,1.00000,ШТ,0.00000,ЭКС-000006006   ,,5963394.00000,,,0.15000,КГ,9.00000,7.00000,4.00000,СМ,,,,1835.18000,,,,,,Сарычев Дмитрий Сергеевич,Третьяков С.М.,4660251140014,ШТ,Базовый,ООО «ВЭЛРОК»,0.00000,0.00000,v.plevako,,2026-03-25 13:13:24,,1835.18000,1835.18000,,,N,N,N,,False,0.15000,,,,,,0,,2026-03-25 00:00:00,,,,,1.00000,1978959,2,,,,,,,,A,,Брак,,,
1997778,,WH1,321405,EKS000006007,635658,Терморегулятор TPm.1,,,ЭКС,3.00000,ШТ,0.00000,ЭКС-000006007   ,,5963395.00000,,,0.12000,КГ,10.00000,7.00000,6.00000,СМ,,False,,28010.70000,,,,,,Заказной,Козлова М.А.,2734,ШТ,Заказной товар,Грандекс ООО,0.00000,0.00000,v.plevako,,2026-03-25 13:14:28,,3112.30000,9336.90000,,,N,N,N,,False,0.36000,,,,,,0,ЭКС-000012844   ,2026-03-25 00:00:00,,,,,3.00000,1978960,2,,,,,,,,C,,Годен,,,
1997779,,WH1,321406,EKS000006008,628056,Саморегулирующийся греющий кабель Grandeks - 24-2,,,ЭКС,1000.00000,М,0.00000,ЭКС-000006008   ,,5963396.00000,,,0.10000,КГ,100.00000,1.00000,0.30000,СМ,,,,75410000.00000,,,,,,Коробейников Николай Алек,Козлова М.А.,979,М,Новинка,Грандекс ООО,0.00000,0.00000,v.plevako,,2026-03-25 13:12:42,,75.41000,75410.00000,,,Y,N,N,,False,100.00000,,,,,,0,ЭКС-000012635   ,2026-03-25 00:00:00,,,,,1000.00000,1978961,1,,,,,,,,C,,Годен,,,
1997780,,WH1,321407,EKS000006009,779101,Секция нагревательная кабельная ОМК - 010 / 396,,,ЭКС,7.00000,ШТ,0.00000,ЭКС-000006009   ,,5963398.00000,,,0.47000,КГ,23.00000,23.00000,3.00000,СМ,,,,54060.72000,,,,,,Заказной,Козлова М.А.,4786,ШТ,Заказной товар,Грандекс ООО,0.00000,0.00000,v.plevako,,2026-03-25 13:17:15,,1103.28000,7722.96000,,,N,N,N,,False,3.29000,,,,,,0,ЭКС-000012717   ,2026-03-25 00:00:00,,,,,7.00000,1978962,2,,,,,,,,C,,Годен,,,
1997781,,WH1,321407,EKS000006009,779097,Секция нагревательная кабельная ОМК - 076 / 3055,,,ЭКС,2.00000,ШТ,0.00000,ЭКС-000006009   ,,5963397.00000,,,4.16000,КГ,31.00000,31.00000,10.00000,СМ,,False,,15868.88000,,,,,,,Козлова М.А.,4790,ШТ,Товар РЦ,Грандекс ООО,0.00000,0.00000,v.plevako,,2026-03-25 13:16:14,,3967.22000,7934.44000,,,N,N,N,,False,8.32000,,,,,,0,ЭКС-000012717   ,2026-03-25 00:00:00,,,,,2.00000,1978963,2,,,,,,,,C,,Годен,,,
1997782,,WH1,321408,EKS000006010,769707,ПироПластина Ф-20,,,ЭКС,15.00000,ШТ,15.00000,ЭКС-000006010   ,,5963399.00000,,,0.02000,КГ,15.00000,10.00000,0.50000,СМ,,,,198627.75000,,,,,,Заказной,Аверин А.И.,,ШТ,Прочее,АЛАРМ 01,0.00000,0.00000,ILSSRV,a26a2f32-279c-419d-ab89-109d303aa9f0,2026-03-25 12:35:51,,882.79000,13241.85000,,,N,N,N,,False,0.30000,,,,,,0,ЭКС-000011355   ,2026-03-25 00:00:00,,,,,15.00000,1978964,2,,,,,,,,C,,Годен,,,
1997783,,WH1,321409,EKS000006011,883548,"iCarTool Тестер АКБ с функцией восстановления, зарядное устройство, 3 в 1 IC-107",,,ЭКС,1.00000,ШТ,1.00000,ЭКС-000006011   ,,5963400.00000,,,0.00000,,0.00000,0.00000,0.00000,,,False,,6504.92000,,,,,,Заказной,Аверин А.И.,,ШТ,Прочее,ВсеИнструменты.ру,0.00000,0.00000,ILSSRV,a26a2f32-279c-419d-ab89-109d303aa9f0,2026-03-25 12:35:51,,6504.92000,6504.92000,,,N,N,N,,False,0.00000,,,,,,0,ЭКС-000012045   ,2026-03-25 00:00:00,,,,,1.00000,1978965,2,,,,,,,,C,,Годен,,,
1997784,,WH1,321410,EKS000006012,730121,КЭАЗ Релейный модуль OptiRel G RM38-51-24U-6-V-CO,,,ЭКС,10.00000,ШТ,10.00000,ЭКС-000006012   ,,5963434.00000,,,0.01000,КГ,8.00000,9.00000,0.50000,СМ,,,,48760.00000,,,,,,Заказной,Третьяков С.М.,280980,ШТ,Выводится из ассортимента,Курский электроаппаратный,0.00000,0.00000,ILSSRV,5c3812b4-f226-4ec7-96c6-0f8f691aa47f,2026-03-25 12:38:03,,487.60000,4876.00000,,,N,N,N,,False,0.10000,,,,,,0,,2026-03-25 00:00:00,,,,,10.00000,1978966,2,,,,,,,,C,,Годен,,,
1997785,,WH1,321410,EKS000006012,722238,КЭАЗ Выключатель автоматический модульный ВА47-100-3C125-УХЛ3 (10кА),,,ЭКС,4.00000,ШТ,4.00000,ЭКС-000006012   ,,5963440.00000,,,0.30000,КГ,8.00000,8.00000,7.00000,СМ,,,,44292.80000,,,,,,Заказной,Шаповалов П.Г.,318175,ШТ,Заказной товар,Курский электроаппаратный,0.00000,0.00000,ILSSRV,5c3812b4-f226-4ec7-96c6-0f8f691aa47f,2026-03-25 12:38:03,,2768.30000,11073.20000,,,N,N,N,,False,1.20000,,,,,,0,,2026-03-25 00:00:00,,,,,4.00000,1978967,2,,,,,,,,C,,Годен,,,
1997786,,WH1,321410,EKS000006012,668263,КЭАЗ Выключатель нагрузки модульный OptiDin BM63P-332-УХЛ3 (ВМ63Р),,,ЭКС,1.00000,ШТ,1.00000,ЭКС-000006012   ,,5963429.00000,,,0.10000,КГ,9.00000,8.00000,6.00000,СМ,,,,648.72000,,,,,,Заказной,Шаповалов П.Г.,332898,ШТ,Заказной товар,Курский электроаппаратный,0.00000,0.00000,ILSSRV,5c3812b4-f226-4ec7-96c6-0f8f691aa47f,2026-03-25 12:38:03,,648.72000,648.72000,,,N,N,N,,False,0.10000,,,,,,0,ЭКС-000012209   ,2026-03-25 00:00:00,,,,,1.00000,1978968,2,,,,,,,,C,,Годен,,,
1997787,,WH1,321410,EKS000006012,135851,Выключатель авт. ВА57-35-340010-125А-1250-690AC-УХЛ3-КЭАЗ,,,ЭКС,1.00000,ШТ,1.00000,ЭКС-000006012   ,,5963443.00000,,,2.00000,КГ,23.00000,12.00000,15.00000,СМ,,False,,4172.40000,,,,,,Катышев Александр Вячесла,Самоличенко В.А.,108576,ШТ,Товар РЦ,Курский электроаппаратный,0.00000,0.00000,ILSSRV,5c3812b4-f226-4ec7-96c6-0f8f691aa47f,2026-03-25 12:38:03,,4172.40000,4172.40000,,,N,N,N,,False,2.00000,,,,,,0,ЭКС-000012458   ,2026-03-25 00:00:00,,,,,1.00000,1978969,2,,,,,,,,C,,Годен,,,
1997788,,WH1,321410,EKS000006012,121730,Выключатель авт. ВА57-39-340010-250А-2500-690AC-УХЛ3-КЭАЗ,,,ЭКС,4.00000,ШТ,4.00000,ЭКС-000006012   ,,5963444.00000,,,6.78000,КГ,30.00000,26.00000,20.00000,СМ,,False,,200256.00000,,,,,,Катышев Александр Вячесла,Самоличенко В.А.,109876,ШТ,Товар РЦ,Курский электроаппаратный,0.00000,0.00000,ILSSRV,5c3812b4-f226-4ec7-96c6-0f8f691aa47f,2026-03-25 12:38:03,,12516.00000,50064.00000,,,N,N,N,,False,27.12000,,,,,,0,ЭКС-000012054   ,2026-03-25 00:00:00,,,,,4.00000,1978970,2,,,,,,,,C,,Годен,,,
1997789,,WH1,321410,EKS000006012,76139,Комплект зажимов №6 ВА57-35-УХЛ3 КЭАЗ,,,ЭКС,6.00000,ШТ,6.00000,ЭКС-000006012   ,,5963451.00000,,,0.90000,КГ,4.60000,5.50000,2.00000,СМ,,False,,63417.60000,,,,,,Катышев Александр Вячесла,Самоличенко В.А.,110408,ШТ,Базовый,Курский электроаппаратный,0.00000,0.00000,ILSSRV,5c3812b4-f226-4ec7-96c6-0f8f691aa47f,2026-03-25 12:38:03,,1761.60000,10569.60000,,,N,N,N,,False,5.40000,,,,,,0,ЭКС-000012001   ,2026-03-25 00:00:00,,,,,6.00000,1978971,2,,,,,,,,C,,Годен,,,
1997790,,WH1,321410,EKS000006012,63452,Контакты основания НПН2-60-У3-КЭАЗ (комплект 2 шт.),,,ЭКС,50.00000,КТ,50.00000,ЭКС-000006012   ,,5963456.00000,,,0.03000,КГ,3.00000,2.50000,2.00000,СМ,,False,,341000.00000,,8538909908,,,,Катышев Александр Вячесла,Самоличенко В.А.,110421,КТ,Распродажа,Курский электроаппаратный,0.00000,0.00000,ILSSRV,5c3812b4-f226-4ec7-96c6-0f8f691aa47f,2026-03-25 12:38:03,,136.40000,6820.00000,,,N,N,N,,False,1.50000,,,,,,0,,2026-03-25 00:00:00,,,,,50.00000,1978972,2,,,,,,,,C,,Годен,,,
1997791,,WH1,321410,EKS000006012,234962,Комплект переходных шин ВА57-39-УХЛ3-КЭАЗ (кол-во шин 3 шт),,,ЭКС,4.00000,ШТ,4.00000,ЭКС-000006012   ,,5963453.00000,,,0.74000,КГ,9.00000,5.00000,2.50000,СМ,,False,,35193.60000,,,,,,Катышев Александр Вячесла,Самоличенко В.А.,225574,ШТ,Товар РЦ,Курский электроаппаратный,0.00000,0.00000,ILSSRV,5c3812b4-f226-4ec7-96c6-0f8f691aa47f,2026-03-25 12:38:03,,2199.60000,8798.40000,,,N,N,N,,False,2.96000,,,,,,0,ЭКС-000012054   ,2026-03-25 00:00:00,,,,,4.00000,1978973,2,,,,,,,,C,,Годен,,,
1997792,,WH1,321410,EKS000006012,206059,Выключатель авт. OptiMat E250L125-УХЛ3,,,ЭКС,2.00000,ШТ,2.00000,ЭКС-000006012   ,,5963433.00000,,,0.30000,КГ,18.00000,9.00000,7.00000,СМ,,False,,18840.00000,,,,,,Заказной,Самоличенко В.А.,100009,ШТ,Заказной товар,Курский электроаппаратный,0.00000,0.00000,ILSSRV,5c3812b4-f226-4ec7-96c6-0f8f691aa47f,2026-03-25 12:38:03,,4710.00000,9420.00000,,,N,N,N,,False,0.60000,,,,,,0,ЭКС-000012221   ,2026-03-25 00:00:00,,,,,2.00000,1978974,2,,,,,,,,C,,Годен,,,
1997793,,WH1,321410,EKS000006012,201911,Привод ручной дистанционный РПД-ВА04-36/ВА51-35/ВА57-35/ВА57-39-УХЛ3-КЭАЗ,,,ЭКС,4.00000,ШТ,4.00000,ЭКС-000006012   ,,5963459.00000,,,0.10000,КГ,22.00000,12.00000,10.00000,СМ,,False,,25331.20000,,,,,,Заказной,Самоличенко В.А.,110450,ШТ,Заказной товар,Курский электроаппаратный,0.00000,0.00000,ILSSRV,5c3812b4-f226-4ec7-96c6-0f8f691aa47f,2026-03-25 12:38:03,,1583.20000,6332.80000,,,N,N,N,,False,0.40000,,,,,,0,ЭКС-000012054   ,2026-03-25 00:00:00,,,,,4.00000,1978975,2,,,,,,,,C,,Годен,,,
1997794,,WH1,321410,EKS000006012,201614,Корпус навес. пласт. 3 ряда / 36 модуля ЩРН-П-36 IP65 дв. прозрачная чёрная,,,ЭКС,1.00000,ШТ,1.00000,ЭКС-000006012   ,,5963403.00000,,,2.00000,КГ,60.00000,30.00000,15.00000,СМ,,False,,6314.80000,,,,,,Дортман Анна Павловна,Феденькова Д.Ю.,117975,ШТ,Товар филиала,Курский электроаппаратный,0.00000,0.00000,ILSSRV,5c3812b4-f226-4ec7-96c6-0f8f691aa47f,2026-03-25 12:38:03,,6314.80000,6314.80000,,,N,N,N,,False,2.00000,,,,,,0,ЭКС-000012079   ,2026-03-25 00:00:00,,,,,1.00000,1978976,2,,,,,,,,C,,Годен,,,
1997795,,WH1,321410,EKS000006012,188388,Выключатель авт. ВА57Ф35-340010-100А-1000-400AC-УХЛ3-КЭАЗ,,,ЭКС,2.00000,ШТ,2.00000,ЭКС-000006012   ,,5963445.00000,,,2.50000,КГ,22.00000,12.00000,15.00000,СМ,,False,,11289.60000,,,,,,Катышев Александр Вячесла,Самоличенко В.А.,109286,ШТ,Базовый,Курский электроаппаратный,0.00000,0.00000,ILSSRV,5c3812b4-f226-4ec7-96c6-0f8f691aa47f,2026-03-25 12:38:03,,2822.40000,5644.80000,,,N,N,N,,False,5.00000,,,,,,0,ЭКС-000012001   ,2026-03-25 00:00:00,,,,,2.00000,1978977,2,,,,,,,,A,,Годен,,,
1997796,,WH1,321410,EKS000006012,181909,Комплект выводов расширительных ВА04-36/ВА51-35/ВА57-35-УХЛ3-КЭАЗ,,,ЭКС,3.00000,ШТ,3.00000,ЭКС-000006012   ,,5963449.00000,,,0.01000,КГ,5.00000,5.00000,5.00000,СМ,,False,,11196.00000,,,,,,Катышев Александр Вячесла,Самоличенко В.А.,110372,ШТ,Товар РЦ,Курский электроаппаратный,0.00000,0.00000,ILSSRV,5c3812b4-f226-4ec7-96c6-0f8f691aa47f,2026-03-25 12:38:03,,1244.00000,3732.00000,,,N,N,N,,False,0.03000,,,,,,0,ЭКС-000012001   ,2026-03-25 00:00:00,,,,,3.00000,1978978,2,,,,,,,,C,,Годен,,,
1997797,,WH1,321410,EKS000006012,181908,Комплект межполюсных перегородок ВА04-36/ВА51-35/ВА57-35/ВА57-39-УХЛ3-КЭАЗ,,,ЭКС,2.00000,ШТ,2.00000,ЭКС-000006012   ,,5963452.00000,,,0.05000,КГ,8.50000,7.00000,0.50000,СМ,,False,,467.20000,,,,,,Катышев Александр Вячесла,Самоличенко В.А.,110416,ШТ,Товар РЦ,Курский электроаппаратный,0.00000,0.00000,ILSSRV,5c3812b4-f226-4ec7-96c6-0f8f691aa47f,2026-03-25 12:38:03,,116.80000,233.60000,,,N,N,N,,False,0.10000,,,,,,0,ЭКС-000012196   ,2026-03-25 00:00:00,,,,,2.00000,1978979,2,,,,,,,,C,,Годен,,,
1997798,,WH1,321410,EKS000006012,177334,"Реле тепловое РТЛ-1012-2-25А-(5,5-8А)-УХЛ4 КЭАЗ",,,ЭКС,1.00000,ШТ,1.00000,ЭКС-000006012   ,,5963461.00000,,,0.20000,КГ,10.00000,6.00000,3.00000,СМ,,,,695.20000,,,,,,Заказной,Третьяков С.М.,110745,ШТ,Выводится из ассортимента,Курский электроаппаратный,0.00000,0.00000,ILSSRV,5c3812b4-f226-4ec7-96c6-0f8f691aa47f,2026-03-25 12:38:03,,695.20000,695.20000,,,N,N,N,,False,0.20000,,,,,,0,ЭКС-000012256   ,2026-03-25 00:00:00,,,,,1.00000,1978980,2,,,,,,,,C,,Годен,,,
1997799,,WH1,321410,EKS000006012,173847,Выключатель авт. ВА57Ф35-340010-50А-500-400AC-УХЛ3-КЭАЗ,,,ЭКС,2.00000,ШТ,2.00000,ЭКС-000006012   ,,5963446.00000,,,5.00000,КГ,25.00000,12.00000,15.00000,СМ,,False,,10924.80000,,,,,,Катышев Александр Вячесла,Самоличенко В.А.,109332,ШТ,Товар РЦ,Курский электроаппаратный,0.00000,0.00000,ILSSRV,5c3812b4-f226-4ec7-96c6-0f8f691aa47f,2026-03-25 12:38:03,,2731.20000,5462.40000,,,N,N,N,,False,10.00000,,,,,,0,ЭКС-000012001   ,2026-03-25 00:00:00,,,,,2.00000,1978981,2,,,,,,,,C,,Годен,,,
1997800,,WH1,321410,EKS000006012,172728,Выключатель нагрузки модульный BM63P-363,,,ЭКС,1.00000,ШТ,1.00000,ЭКС-000006012   ,,5963430.00000,,,0.32000,КГ,10.00000,8.00000,6.00000,СМ,,,,843.48000,,,,,,Заказной,Шаповалов П.Г.,103896,ШТ,Заказной товар,Курский электроаппаратный,0.00000,0.00000,ILSSRV,5c3812b4-f226-4ec7-96c6-0f8f691aa47f,2026-03-25 12:38:03,,843.48000,843.48000,,,N,N,N,,False,0.32000,,,,,,0,ЭКС-000012209   ,2026-03-25 00:00:00,,,,,1.00000,1978982,2,,,,,,,,C,,Годен,,,
1997801,,WH1,321410,EKS000006012,668123,КЭАЗ Выключатель автоматический модульный ВА47-100-3C80-УХЛ3 (10кА),,,ЭКС,4.00000,ШТ,4.00000,ЭКС-000006012   ,,5963442.00000,,,0.20000,КГ,8.00000,8.00000,7.00000,СМ,,,,19553.28000,,,,,,Заказной,Шаповалов П.Г.,318145,ШТ,Заказной товар,Курский электроаппаратный,0.00000,0.00000,ILSSRV,5c3812b4-f226-4ec7-96c6-0f8f691aa47f,2026-03-25 12:38:03,,1222.08000,4888.32000,,,N,N,N,,False,0.80000,,,,,,0,ЭКС-000012209   ,2026-03-25 00:00:00,,,,,4.00000,1978983,2,,,,,,,,C,,Годен,,,
1997802,,WH1,321410,EKS000006012,531387,Изолятор силовой SM40-(М8),,,ЭКС,40.00000,ШТ,40.00000,ЭКС-000006012   ,,5963448.00000,,,0.01000,КГ,4.00000,4.00000,4.00000,СМ,,,,68304.00000,,,,,,Акулинский Петр Иванович,Феденькова Д.Ю.,143253,ШТ,Выводится из ассортимента,Курский электроаппаратный,0.00000,0.00000,ILSSRV,5c3812b4-f226-4ec7-96c6-0f8f691aa47f,2026-03-25 12:38:03,,42.69000,1707.60000,,,N,N,N,,False,0.40000,,,,,,0,ЭКС-000012209   ,2026-03-25 00:00:00,,,,,40.00000,1978984,2,,,,,,,,C,,Годен,,,
1997803,,WH1,321410,EKS000006012,516613,Выключатель нагрузки модульный ВН-32-2100-УХЛ3-КЭАЗ,,,ЭКС,6.00000,ШТ,6.00000,ЭКС-000006012   ,,5963447.00000,,,0.09000,КГ,8.00000,4.00000,6.00000,СМ,,,,10771.20000,,,,,,Заказной,Шаповалов П.Г.,141639,ШТ,Заказной товар,Курский электроаппаратный,0.00000,0.00000,ILSSRV,5c3812b4-f226-4ec7-96c6-0f8f691aa47f,2026-03-25 12:38:03,,299.20000,1795.20000,,,N,N,N,,False,0.54000,,,,,,0,ЭКС-000012363   ,2026-03-25 00:00:00,,,,,6.00000,1978985,2,,,,,,,,C,,Годен,,,
1997804,,WH1,321410,EKS000006012,502904,Выключатель авт. OptiMat D250N-TM250-УХЛ3,,,ЭКС,2.00000,ШТ,2.00000,ЭКС-000006012   ,,5963432.00000,,,1.00000,КГ,20.00000,13.00000,12.00000,СМ,,False,,53140.32000,,,,,,Катышев Александр Вячесла,Самоличенко В.А.,291434,ШТ,Товар РЦ,Курский электроаппаратный,0.00000,0.00000,ILSSRV,5c3812b4-f226-4ec7-96c6-0f8f691aa47f,2026-03-25 12:38:03,,13285.08000,26570.16000,,,N,N,N,,False,2.00000,,,,,,0,ЭКС-000012209   ,2026-03-25 00:00:00,,,,,2.00000,1978986,2,,,,,,,,C,,Годен,,,
1997805,,WH1,321410,EKS000006012,496066,Выключатель авт. OptiMat D250N-TM160-УХЛ3,,,ЭКС,3.00000,ШТ,3.00000,ЭКС-000006012   ,,5963431.00000,,,2.00000,КГ,20.00000,14.00000,12.00000,СМ,,False,,116390.52000,,,,,,Катышев Александр Вячесла,Самоличенко В.А.,291432,ШТ,Товар РЦ,Курский электроаппаратный,0.00000,0.00000,ILSSRV,5c3812b4-f226-4ec7-96c6-0f8f691aa47f,2026-03-25 12:38:03,,12932.28000,38796.84000,,,N,N,N,,False,6.00000,,,,,,0,ЭКС-000012209   ,2026-03-25 00:00:00,,,,,3.00000,1978987,2,,,,,,,,C,,Годен,,,
1997806,,WH1,321410,EKS000006012,423965,КЭАЗ Контактор ПМЛ-1101-10А-42AC-УХЛ4-Б,,,ЭКС,4.00000,ШТ,4.00000,ЭКС-000006012   ,,5963454.00000,,,0.35000,КГ,9.00000,8.00000,5.00000,СМ,,,,12960.00000,,,,,,Заказной,Третьяков С.М.,258678,ШТ,Заказной товар,Курский электроаппаратный,0.00000,0.00000,ILSSRV,5c3812b4-f226-4ec7-96c6-0f8f691aa47f,2026-03-25 12:38:03,,810.00000,3240.00000,,,N,N,N,,False,1.40000,,,,,,0,ЭКС-000011674   ,2026-03-25 00:00:00,,,,,4.00000,1978988,2,,,,,,,,C,,Годен,,,
1997807,,WH1,321410,EKS000006012,420637,Выключатель автоматический OptiDin ВМ63-1C16-10-УХЛ3,,,ЭКС,7.00000,ШТ,7.00000,ЭКС-000006012   ,,5963406.00000,,,0.20000,КГ,9.00000,8.00000,2.00000,СМ,,,,24237.36000,,,,,,Катышев Александр Вячесла,Шаповалов П.Г.,249256,ШТ,Товар РЦ,Курский электроаппаратный,0.00000,0.00000,ILSSRV,5c3812b4-f226-4ec7-96c6-0f8f691aa47f,2026-03-25 12:38:03,,494.64000,3462.48000,,,N,N,N,,False,1.40000,,,,,,0,ЭКС-000012209   ,2026-03-25 00:00:00,,,,,7.00000,1978989,2,,,,,,,,C,,Годен,,,
1997808,,WH1,321410,EKS000006012,370935,Выключатель автоматический OptiDin BM63-3C25-10-УХЛ3,,,ЭКС,1.00000,ШТ,1.00000,ЭКС-000006012   ,,5963418.00000,,,0.40000,КГ,9.00000,8.00000,6.00000,СМ,,,,2006.64000,,,,,,Заказной,Шаповалов П.Г.,249206,ШТ,Заказной товар,Курский электроаппаратный,0.00000,0.00000,ILSSRV,5c3812b4-f226-4ec7-96c6-0f8f691aa47f,2026-03-25 12:38:03,,2006.64000,2006.64000,,,N,N,N,,False,0.40000,,,,,,0,ЭКС-000012209   ,2026-03-25 00:00:00,,,,,1.00000,1978990,2,,,,,,,,C,,Годен,,,
1997809,,WH1,321410,EKS000006012,367689,Выключатель автоматический OptiDin BM63-3C32-10-УХЛ3,,,ЭКС,2.00000,ШТ,2.00000,ЭКС-000006012   ,,5963421.00000,,,0.10000,КГ,8.00000,7.00000,4.00000,СМ,,,,8085.60000,,,,,,Заказной,Шаповалов П.Г.,249207,ШТ,Заказной товар,Курский электроаппаратный,0.00000,0.00000,ILSSRV,5c3812b4-f226-4ec7-96c6-0f8f691aa47f,2026-03-25 12:38:03,,2021.40000,4042.80000,,,N,N,N,,False,0.20000,,,,,,0,ЭКС-000012209   ,2026-03-25 00:00:00,,,,,2.00000,1978991,2,,,,,,,,C,,Годен,,,
1997810,,WH1,321410,EKS000006012,333723,Выключатель автоматический модульный OptiDin BM63-1C50-УХЛ3 (Новый),,,ЭКС,1.00000,ШТ,1.00000,ЭКС-000006012   ,,5963413.00000,,,0.12000,КГ,9.00000,8.00000,2.00000,СМ,,,,335.88000,,,,,,Заказной,Шаповалов П.Г.,260512,ШТ,Заказной товар,Курский электроаппаратный,0.00000,0.00000,ILSSRV,5c3812b4-f226-4ec7-96c6-0f8f691aa47f,2026-03-25 12:38:03,,335.88000,335.88000,,,N,N,N,,False,0.12000,,,,,,0,ЭКС-000012209   ,2026-03-25 00:00:00,,,,,1.00000,1978992,2,,,,,,,,C,,Годен,,,
1997811,,WH1,321410,EKS000006012,326085,Выключатель автоматический модульный OptiDin BM63-3C6-УХЛ3 (Новый),,,ЭКС,8.00000,ШТ,8.00000,ЭКС-000006012   ,,5963427.00000,,,0.30000,КГ,8.00000,7.00000,5.00000,СМ,,,,52462.08000,,,,,,Катышев Александр Вячесла,Шаповалов П.Г.,260803,ШТ,Товар РЦ,Курский электроаппаратный,0.00000,0.00000,ILSSRV,5c3812b4-f226-4ec7-96c6-0f8f691aa47f,2026-03-25 12:38:03,,819.72000,6557.76000,,,N,N,N,,False,2.40000,,,,,,0,,2026-03-25 00:00:00,,,,,8.00000,1978993,2,,,,,,,,C,,Годен,,,
1997812,,WH1,321410,EKS000006012,314736,Выключатель автоматический модульный OptiDin BM63-1C25-УХЛ3 (Новый),,,ЭКС,12.00000,ШТ,12.00000,ЭКС-000006012   ,,5963409.00000,,,0.12000,КГ,8.00000,7.00000,2.00000,СМ,,,,30067.20000,,,,,,Катышев Александр Вячесла,Шаповалов П.Г.,260506,ШТ,Товар РЦ,Курский электроаппаратный,0.00000,0.00000,ILSSRV,5c3812b4-f226-4ec7-96c6-0f8f691aa47f,2026-03-25 12:38:03,,208.80000,2505.60000,,,N,N,N,,False,1.44000,,,,,,0,,2026-03-25 00:00:00,,,,,12.00000,1978994,2,,,,,,,,C,,Годен,,,
1997813,,WH1,321410,EKS000006012,314633,Выключатель автоматический модульный OptiDin BM63-1C10-УХЛ3 (Новый),,,ЭКС,12.00000,ШТ,12.00000,ЭКС-000006012   ,,5963404.00000,,,0.20000,КГ,8.00000,8.00000,2.00000,СМ,,,,27682.56000,,,,,,Катышев Александр Вячесла,Шаповалов П.Г.,260501,ШТ,Товар РЦ,Курский электроаппаратный,0.00000,0.00000,ILSSRV,5c3812b4-f226-4ec7-96c6-0f8f691aa47f,2026-03-25 12:38:03,,192.24000,2306.88000,,,N,N,N,,False,2.40000,,,,,,0,,2026-03-25 00:00:00,,,,,12.00000,1978995,2,,,,,,,,C,,Годен,,,
1997814,,WH1,321410,EKS000006012,314559,Выключатель автоматический модульный OptiDin BM63-3C25-УХЛ3 (Новый),,,ЭКС,16.00000,ШТ,16.00000,ЭКС-000006012   ,,5963419.00000,,,0.10000,КГ,8.00000,8.00000,6.00000,СМ,,,,195747.84000,,,,,,Катышев Александр Вячесла,Шаповалов П.Г.,260794,ШТ,Товар РЦ,Курский электроаппаратный,0.00000,0.00000,ILSSRV,5c3812b4-f226-4ec7-96c6-0f8f691aa47f,2026-03-25 12:38:03,,764.64000,12234.24000,,,N,N,N,,False,1.60000,,,,,,0,,2026-03-25 00:00:00,,,,,16.00000,1978996,2,,,,,,,,C,,Годен,,,
1997815,,WH1,321410,EKS000006012,314558,Выключатель автоматический модульный OptiDin BM63-3C10-УХЛ3 (Новый),,,ЭКС,12.00000,ШТ,12.00000,ЭКС-000006012   ,,5963414.00000,,,0.10000,КГ,8.00000,7.00000,5.00000,СМ,,,,98703.36000,,,,,,Катышев Александр Вячесла,Шаповалов П.Г.,260789,ШТ,Товар РЦ,Курский электроаппаратный,0.00000,0.00000,ILSSRV,5c3812b4-f226-4ec7-96c6-0f8f691aa47f,2026-03-25 12:38:03,,685.44000,8225.28000,,,N,N,N,,False,1.20000,,,,,,0,,2026-03-25 00:00:00,,,,,12.00000,1978997,2,,,,,,,,C,,Годен,,,
1997816,,WH1,321410,EKS000006012,314555,Выключатель автоматический модульный OptiDin BM63-1C32-УХЛ3 (Новый),,,ЭКС,12.00000,ШТ,12.00000,ЭКС-000006012   ,,5963411.00000,,,0.20000,КГ,8.00000,8.00000,2.00000,СМ,,,,33073.92000,,,,,,Заказной,Шаповалов П.Г.,260508,ШТ,Выводится из ассортимента,Курский электроаппаратный,0.00000,0.00000,ILSSRV,5c3812b4-f226-4ec7-96c6-0f8f691aa47f,2026-03-25 12:38:03,,229.68000,2756.16000,,,N,N,N,,False,2.40000,,,,,,0,,2026-03-25 00:00:00,,,,,12.00000,1978998,2,,,,,,,,C,,Годен,,,
1997817,,WH1,321410,EKS000006012,314546,Выключатель автоматический модульный OptiDin BM63-3C16-УХЛ3 (Новый),,,ЭКС,12.00000,ШТ,12.00000,ЭКС-000006012   ,,5963416.00000,,,0.10000,КГ,8.00000,7.00000,5.00000,СМ,,,,100725.12000,,,,,,Катышев Александр Вячесла,Шаповалов П.Г.,260791,ШТ,Товар РЦ,Курский электроаппаратный,0.00000,0.00000,ILSSRV,5c3812b4-f226-4ec7-96c6-0f8f691aa47f,2026-03-25 12:38:03,,699.48000,8393.76000,,,N,N,N,,False,1.20000,,,,,,0,,2026-03-25 00:00:00,,,,,12.00000,1978999,2,,,,,,,,C,,Годен,,,
1997818,,WH1,321410,EKS000006012,314545,Выключатель автоматический модульный OptiDin BM63-1C16-УХЛ3 (Новый),,,ЭКС,24.00000,ШТ,24.00000,ЭКС-000006012   ,,5963407.00000,,,0.30000,КГ,8.00000,8.00000,2.00000,СМ,,,,110730.24000,,,,,,Катышев Александр Вячесла,Шаповалов П.Г.,260503,ШТ,Товар РЦ,Курский электроаппаратный,0.00000,0.00000,ILSSRV,5c3812b4-f226-4ec7-96c6-0f8f691aa47f,2026-03-25 12:38:03,,192.24000,4613.76000,,,N,N,N,,False,7.20000,,,,,,0,,2026-03-25 00:00:00,,,,,24.00000,1979000,2,,,,,,,,C,,Годен,,,
1997819,,WH1,321410,EKS000006012,314544,Выключатель автоматический модульный OptiDin BM63-3C40-УХЛ3 (Новый),,,ЭКС,4.00000,ШТ,4.00000,ЭКС-000006012   ,,5963423.00000,,,0.20000,КГ,8.00000,7.00000,5.50000,СМ,,,,12585.60000,,,,,,Катышев Александр Вячесла,Шаповалов П.Г.,260798,ШТ,Товар РЦ,Курский электроаппаратный,0.00000,0.00000,ILSSRV,5c3812b4-f226-4ec7-96c6-0f8f691aa47f,2026-03-25 12:38:03,,786.60000,3146.40000,,,N,N,N,,False,0.80000,,,,,,0,,2026-03-25 00:00:00,,,,,4.00000,1979001,2,,,,,,,,C,,Годен,,,
1997820,,WH1,321410,EKS000006012,305311,Выключатель авт. ВМ63 3п  50А  х-ка C  6кА  OptiDin ВМ63-3С50-УХЛ3 (Новый)  КЭАЗ,,,ЭКС,4.00000,ШТ,4.00000,ЭКС-000006012   ,,5963425.00000,,,0.30000,КГ,5.00000,7.50000,8.50000,СМ,,,,17245.44000,,,,,,Катышев Александр Вячесла,Шаповалов П.Г.,260800,ШТ,Товар РЦ,Курский электроаппаратный,0.00000,0.00000,ILSSRV,5c3812b4-f226-4ec7-96c6-0f8f691aa47f,2026-03-25 12:38:03,,1077.84000,4311.36000,,,N,N,N,,False,1.20000,,,,,,0,,2026-03-25 00:00:00,,,,,4.00000,1979002,2,,,,,,,,C,,Годен,,,
1997821,,WH1,321410,EKS000006012,305310,Выключатель авт. ВМ63 3п  32А  х-ка C  6кА  OptiDin ВМ63-3С32-УХЛ3 (Новый)  КЭАЗ,,,ЭКС,12.00000,ШТ,12.00000,ЭКС-000006012   ,,5963422.00000,,,0.30000,КГ,5.00000,7.50000,8.50000,СМ,,,,110937.60000,,,,,,Катышев Александр Вячесла,Шаповалов П.Г.,260796,ШТ,Товар РЦ,Курский электроаппаратный,0.00000,0.00000,ILSSRV,5c3812b4-f226-4ec7-96c6-0f8f691aa47f,2026-03-25 12:38:03,,770.40000,9244.80000,,,N,N,N,,False,3.60000,,,,,,0,ЭКС-000012209   ,2026-03-25 00:00:00,,,,,12.00000,1979003,2,,,,,,,,C,,Годен,,,
1997822,,WH1,321410,EKS000006012,291480,Контактор ПМЛ-7100-250А-220AC-УХЛ4-Б-КЭАЗ,,,ЭКС,1.00000,ШТ,1.00000,ЭКС-000006012   ,,5963455.00000,,,5.00000,КГ,24.00000,26.00000,24.00000,СМ,,,,19763.80000,,,,,,Заказной,Третьяков С.М.,112924,ШТ,Заказной товар,Курский электроаппаратный,0.00000,0.00000,ILSSRV,5c3812b4-f226-4ec7-96c6-0f8f691aa47f,2026-03-25 12:38:03,,19763.80000,19763.80000,,,N,N,N,,False,5.00000,,,,,,0,ЭКС-000012209   ,2026-03-25 00:00:00,,,,,1.00000,1979004,2,,,,,,,,C,,Годен,,,
1997823,,WH1,321410,EKS000006012,273397,Пускатель ПМЛ-1220-10А-380AC-(7-10А)-УХЛ3-Б,,,ЭКС,2.00000,ШТ,2.00000,ЭКС-000006012   ,,5963460.00000,,,1.00000,КГ,21.00000,17.00000,15.00000,СМ,,,,12278.40000,,,,,,Заказной,Третьяков С.М.,110699,ШТ,Распродажа,Курский электроаппаратный,0.00000,0.00000,ILSSRV,5c3812b4-f226-4ec7-96c6-0f8f691aa47f,2026-03-25 12:38:03,,3069.60000,6139.20000,,,N,N,N,,False,2.00000,,,,,,0,ЭКС-000012508   ,2026-03-25 00:00:00,,,,,2.00000,1979005,2,,,,,,,,C,,Годен,,,
1997824,,WH1,321410,EKS000006012,884013,КЭАЗ Выключатель автоматический модульный ВА47-100-1C80-УХЛ3 (10кА),,,ЭКС,12.00000,ШТ,12.00000,ЭКС-000006012   ,,5963437.00000,,,0.00000,,0.00000,0.00000,0.00000,,,False,,63244.80000,,,,,,Заказной,Шаповалов П.Г.,318109,ШТ,Заказной товар,Курский электроаппаратный,0.00000,0.00000,ILSSRV,5c3812b4-f226-4ec7-96c6-0f8f691aa47f,2026-03-25 12:38:03,,439.20000,5270.40000,,,N,N,N,,False,0.00000,,,,,,0,,2026-03-25 00:00:00,,,,,12.00000,1979006,2,,,,,,,,C,,Годен,,,
1997825,,WH1,321410,EKS000006012,806646,C7-L-M3 Лампа светодиодная зеленая 230 В AC/DC XB7EV03MP,,,ЭКС,10.00000,ШТ,10.00000,ЭКС-000006012   ,,5963401.00000,,,0.02000,КГ,2.50000,6.00000,6.00000,СМ,,False,,11459.00000,,,,,,Заказной,Третьяков С.М.,362159,ШТ,Заказной товар,Курский электроаппаратный,0.00000,0.00000,ILSSRV,5c3812b4-f226-4ec7-96c6-0f8f691aa47f,2026-03-25 12:38:03,,114.59000,1145.90000,,,N,N,N,,False,0.20000,,,,,,0,ЭКС-000011989   ,2026-03-25 00:00:00,,,,,10.00000,1979007,2,,,,,,,,C,,Годен,,,
1997826,,WH1,321410,EKS000006012,803099,КЭАЗ Лампа светодиодная OptiSignal Compact D22 С7-L-M5 желтая 230 В AC/DC XB7EV05MP,,,ЭКС,10.00000,ШТ,10.00000,ЭКС-000006012   ,,5963402.00000,,,0.00000,,0.00000,0.00000,0.00000,,,False,,11952.00000,,,,,,Заказной,Третьяков С.М.,362161,ШТ,Заказной товар,Курский электроаппаратный,0.00000,0.00000,ILSSRV,5c3812b4-f226-4ec7-96c6-0f8f691aa47f,2026-03-25 12:38:03,,119.52000,1195.20000,,,N,N,N,,False,0.00000,,,,,,0,ЭКС-000011989   ,2026-03-25 00:00:00,,,,,10.00000,1979008,2,,,,,,,,C,,Годен,,,
1997827,,WH1,321410,EKS000006012,765285,Блок распределительный на DIN-рейку OptiKit РБД-250А на DIN-рейку,,,ЭКС,3.00000,ШТ,3.00000,ЭКС-000006012   ,,5963436.00000,,,0.40000,КГ,10.00000,5.00000,5.00000,СМ,,,,9106.29000,,,,,,Заказной,Феденькова Д.Ю.,351072,ШТ,Заказной товар,Курский электроаппаратный,0.00000,0.00000,ILSSRV,5c3812b4-f226-4ec7-96c6-0f8f691aa47f,2026-03-25 12:38:03,,1011.81000,3035.43000,,,N,N,N,,False,1.20000,,,,,,0,ЭКС-000012209   ,2026-03-25 00:00:00,,,,,3.00000,1979009,2,,,,,,,,C,,Годен,,,
1997828,,WH1,321410,EKS000006012,752709,Ящик силовой на 1 направление ЯРП11М-311-100А-IP54-М-УХЛ1-КЭАЗ,,,ЭКС,3.00000,ШТ,3.00000,ЭКС-000006012   ,,5963462.00000,,,3.00000,КГ,46.00000,26.00000,19.00000,СМ,,False,,59223.60000,,,,,,Заказной,Самоличенко В.А.,349646,ШТ,Заказной товар,Курский электроаппаратный,0.00000,0.00000,ILSSRV,5c3812b4-f226-4ec7-96c6-0f8f691aa47f,2026-03-25 12:38:03,,6580.40000,19741.20000,,,N,N,N,,False,9.00000,,,,,,0,ЭКС-000012054   ,2026-03-25 00:00:00,,,,,3.00000,1979010,2,,,,,,,,C,,Годен,,,
1997829,,WH1,321411,EKS000006013,162094,"Кабель ВВГнг(A)-FR-LS 4х6 ок(N)-0,66 Кабэкс",,,ЭКС,1054.00000,М,1054.00000,ЭКС-000006013   ,,5963463.00000,,,0.71400,КГ,100.00000,2.01000,2.01000,СМ,,False,,296747881.92000,20.1,,,,,Коробейников Николай Алек,Лихушина Н.И.,ТХМ00373481,М,Товар РЦ,Кабельный завод Кабэкс ОО,0.00000,0.00000,ILSSRV,d01e5676-8b2a-47d9-9f18-55f46226240f,2026-03-25 12:39:57,,267.12000,281544.48000,,,Y,N,N,,False,752.55600,,,,,,0,,2026-03-24 00:00:00,,,,,1054.00000,1979011,1,,,01,,,,,C,,Годен,,,
1997830,,WH1,321411,EKS000006013,162115,"Кабель ВВГнг(A)-LS 5х25 мк(N,PE)-0,66 Кабэкс",,,ЭКС,1550.00000,М,1550.00000,ЭКС-000006013   ,,5963464.00000,,,1.96100,КГ,100.00000,2.79000,2.79000,СМ,,False,,3093410950.00000,27.9,,,,,Коробейников Николай Алек,Лихушина Н.И.,ТХМ00070638,М,Суперсклад,Кабельный завод Кабэкс ОО,0.00000,0.00000,ILSSRV,d01e5676-8b2a-47d9-9f18-55f46226240f,2026-03-25 12:39:57,,1287.58000,1995749.00000,,,Y,N,N,,False,3039.55000,,,,,,0,,2026-03-24 00:00:00,,,,,1550.00000,1979012,1,,,01,,,,,A,,Годен,,,
1997831,,WH1,321411,EKS000006013,162118,"Кабель ВВГнг(A)-LS 5х50 мк(N,PE)-0,66 Кабэкс",,,ЭКС,630.00000,М,630.00000,ЭКС-000006013   ,,5963465.00000,,,3.34900,КГ,100.00000,3.55000,3.55000,СМ,,False,,964955187.00000,35.5,,,,,Коробейников Николай Алек,Лихушина Н.И.,ТХМ00209002,М,Базовый,Кабельный завод Кабэкс ОО,0.00000,0.00000,ILSSRV,d01e5676-8b2a-47d9-9f18-55f46226240f,2026-03-25 12:39:57,,2431.23000,1531674.90000,,,Y,N,N,,False,2109.87000,,,,,,0,,2026-03-24 00:00:00,,,,,630.00000,1979013,1,,,01,,,,,C,,Годен,,,
1997832,,WH1,321411,EKS000006013,164898,"Кабель ВВГнг(A)-LS-LTx 5х25 мк(N,PE)-0,66 Кабэкс",,,ЭКС,578.00000,М,578.00000,ЭКС-000006013   ,,5963466.00000,,,1.95000,КГ,100.00000,2.89000,2.89000,СМ,,False,,434142158.00000,28.9,,,,,Коробейников Николай Алек,Лихушина Н.И.,ТХМ00068404,М,Товар РЦ,Кабельный завод Кабэкс ОО,0.00000,0.00000,ILSSRV,d01e5676-8b2a-47d9-9f18-55f46226240f,2026-03-25 12:39:57,,1299.50000,751111.00000,,,Y,N,N,,False,1127.10000,,,,,,0,,2026-03-24 00:00:00,,,,,578.00000,1979014,1,,,01,,,,,C,,Годен,,,
1997833,,WH1,321411,EKS000006013,164900,"Кабель ВВГнг(A)-LS-LTx 5х4 ок(N,PE)-0,66 Кабэкс",,,ЭКС,1050.00000,М,1050.00000,ЭКС-000006013   ,,5963467.00000,,,0.54000,КГ,100.00000,1.71000,1.71000,СМ,,False,,234534825.00000,17.1,,,,,Коробейников Николай Алек,Лихушина Н.И.,ТХМ00343145,М,Товар РЦ,Кабельный завод Кабэкс ОО,0.00000,0.00000,ILSSRV,d01e5676-8b2a-47d9-9f18-55f46226240f,2026-03-25 12:39:57,,212.73000,223366.50000,,,Y,N,N,,False,567.00000,,,,,,0,,2026-03-24 00:00:00,,,,,1050.00000,1979015,1,,,01,,,,,B,,Годен,,,
1997834,,WH1,321411,EKS000006013,164906,"Кабель ППГнг(A)-FR-HF 3х2,5 ок(N,PE)-0,66 Кабэкс",,,ЭКС,3452.00000,М,3452.00000,ЭКС-000006013   ,,5963468.00000,,,0.34000,КГ,100.00000,1.46000,1.46000,СМ,,False,,1121324206.40000,14.6,,,,,Коробейников Николай Алек,Лихушина Н.И.,ТХМ00194380,М,Товар РЦ,Кабельный завод Кабэкс ОО,0.00000,0.00000,ILSSRV,d01e5676-8b2a-47d9-9f18-55f46226240f,2026-03-25 12:39:57,,94.10000,324833.20000,,,Y,N,N,,False,1173.68000,,,,,,0,,2026-03-24 00:00:00,,,,,3452.00000,1979016,1,,,01,,,,,C,,Годен,,,
1997835,,WH1,321411,EKS000006013,167529,"Кабель ППГнг(A)-HF 3х6 ок(N,PE)-0,66 Кабэкс",,,ЭКС,1050.00000,М,1050.00000,ЭКС-000006013   ,,5963469.00000,,,0.37900,КГ,100.00000,1.41000,1.41000,СМ,,False,,211492575.00000,14.1,,,,,Коробейников Николай Алек,Лихушина Н.И.,ТХМ00132575,М,Товар РЦ,Кабельный завод Кабэкс ОО,0.00000,0.00000,ILSSRV,d01e5676-8b2a-47d9-9f18-55f46226240f,2026-03-25 12:39:57,,191.83000,201421.50000,,,Y,N,N,,False,397.95000,,,,,,0,,2026-03-24 00:00:00,,,,,1050.00000,1979017,1,,,01,,,,,C,,Годен,,,
1997836,,WH1,321411,EKS000006013,182482,"Кабель ППГнг(A)-HF 3х2,5 ок -0,66 Кабэкс",,,ЭКС,5044.00000,М,5044.00000,ЭКС-000006013   ,,5963470.00000,,,0.18800,КГ,100.00000,1.02000,1.02000,СМ,,False,,2129744462.56000,10.2,,,,,Коробейников Николай Алек,Лихушина Н.И.,ТХМ00132573,М,Суперсклад,Кабельный завод Кабэкс ОО,0.00000,0.00000,ILSSRV,d01e5676-8b2a-47d9-9f18-55f46226240f,2026-03-25 12:39:57,,83.71000,422233.24000,,,Y,N,N,,False,948.27200,,,,,,0,,2026-03-24 00:00:00,,,,,5044.00000,1979018,1,,,01,,,,,A,,Годен,,,
1997837,,WH1,321411,EKS000006013,182488,"Кабель ППГнг(A)-HF 5x6 ок(N,PE)-0.66 Кабэкс",,,ЭКС,1131.00000,М,1131.00000,ЭКС-000006013   ,,5963471.00000,,,0.55800,КГ,100.00000,1.66000,1.66000,СМ,,False,,402539175.09000,16.6,,,,,Коробейников Николай Алек,Лихушина Н.И.,ТХМ00132578,М,Товар РЦ,Кабельный завод Кабэкс ОО,0.00000,0.00000,ILSSRV,d01e5676-8b2a-47d9-9f18-55f46226240f,2026-03-25 12:39:57,,314.69000,355914.39000,,,Y,N,N,,False,631.09800,,,,,,0,,2026-03-24 00:00:00,,,,,1131.00000,1979019,1,,,01,,,,,B,,Годен,,,
1997838,,WH1,321411,EKS000006013,217229,"Кабель ВВГ-Пнг(A)-LS 3х10 ок(N,PE)-0,66 Кабэкс",,,ЭКС,2126.00000,М,2126.00000,ЭКС-000006013   ,,5963472.00000,,,0.51000,КГ,100.00000,1.45000,1.45000,СМ,,False,,1381500099.40000,14.5,,,,,Коробейников Николай Алек,Лихушина Н.И.,ТХМ00070633,М,Базовый,Кабельный завод Кабэкс ОО,0.00000,0.00000,ILSSRV,d01e5676-8b2a-47d9-9f18-55f46226240f,2026-03-25 12:39:57,,305.65000,649811.90000,,,Y,N,N,,False,1084.26000,,,,,,0,,2026-03-24 00:00:00,,,,,2126.00000,1979020,1,,,01,,,,,A,,Годен,,,
1997839,,WH1,321411,EKS000006013,242730,"Кабель ВВГнг(A)-LS 4х35 мк(N)-0,66 Кабэкс",,,ЭКС,560.00000,М,560.00000,ЭКС-000006013   ,,5963473.00000,,,2.08800,КГ,100.00000,2.80000,2.80000,СМ,,False,,445277504.00000,28,,,,,Коробейников Николай Алек,Лихушина Н.И.,ТХМ00131647,М,Товар РЦ,Кабельный завод Кабэкс ОО,0.00000,0.00000,ILSSRV,d01e5676-8b2a-47d9-9f18-55f46226240f,2026-03-25 12:39:57,,1419.89000,795138.40000,,,Y,N,N,,False,1169.28000,,,,,,0,,2026-03-24 00:00:00,,,,,560.00000,1979021,1,,,01,,,,,C,,Годен,,,
1997840,,WH1,321411,EKS000006013,298461,"Кабель ППГ-Пнг(A)-HF 3х1,5 ок(N,PE)-0,66 Кабэкс",,,ЭКС,7810.00000,М,7810.00000,ЭКС-000006013   ,,5963474.00000,,,0.14600,КГ,100.00000,0.82000,0.82000,СМ,,False,,3151058526.00000,8.2,,,,,Коробейников Николай Алек,Лихушина Н.И.,ТХМ00388318,М,Базовый,Кабельный завод Кабэкс ОО,0.00000,0.00000,ILSSRV,d01e5676-8b2a-47d9-9f18-55f46226240f,2026-03-25 12:39:57,,51.66000,403464.60000,,,Y,N,N,,False,1140.26000,,,,,,0,,2026-03-24 00:00:00,,,,,7810.00000,1979022,1,,,01,,,,,A,,Годен,,,
1997841,,WH1,321411,EKS000006013,298771,"Кабель ППГ-Пнг(A)-HF 3х2,5 ок -0,66 Кабэкс",,,ЭКС,4199.00000,М,4199.00000,ЭКС-000006013   ,,5963475.00000,,,0.18800,КГ,100.00000,1.11000,1.11000,СМ,,False,,1427983364.99000,11.1,,,,,Коробейников Николай Алек,Лихушина Н.И.,ТХМ00388319,М,Базовый,Кабельный завод Кабэкс ОО,0.00000,0.00000,ILSSRV,d01e5676-8b2a-47d9-9f18-55f46226240f,2026-03-25 12:39:57,,80.99000,340077.01000,,,Y,N,N,,False,789.41200,,,,,,0,,2026-03-24 00:00:00,,,,,4199.00000,1979023,1,,,01,,,,,A,,Годен,,,
1997842,,WH1,321411,EKS000006013,322368,"Кабель ВВГнг(A)-LS-LTx 5х2,5 ок(N,PE)-0,66 Кабэкс",,,ЭКС,1251.00000,М,1251.00000,ЭКС-000006013   ,,5963476.00000,,,0.38800,КГ,100.00000,1.47000,1.47000,СМ,,False,,211228184.97000,14.7,,,,,Коробейников Николай Алек,Лихушина Н.И.,ТХМ00068399,М,Товар РЦ,Кабельный завод Кабэкс ОО,0.00000,0.00000,ILSSRV,d01e5676-8b2a-47d9-9f18-55f46226240f,2026-03-25 12:39:57,,134.97000,168847.47000,,,Y,N,N,,False,485.38800,,,,,,0,,2026-03-24 00:00:00,,,,,1251.00000,1979024,1,,,01,,,,,B,,Годен,,,
1997843,,WH1,321411,EKS000006013,625238,"Кабель ППГ-Пнг(A)-HF 2x1,5-0,66 Кабэкс",,,ЭКС,3675.00000,М,3675.00000,ЭКС-000006013   ,,5963477.00000,,,0.12600,КГ,100.00000,0.90000,0.90000,СМ,,False,,448521806.25000,9,,,,,Коробейников Николай Алек,Лихушина Н.И.,ТХМ00408257,М,Товар РЦ,Кабельный завод Кабэкс ОО,0.00000,0.00000,ILSSRV,d01e5676-8b2a-47d9-9f18-55f46226240f,2026-03-25 12:39:57,,33.21000,122046.75000,,,Y,N,N,,False,463.05000,,,,,,0,,2026-03-24 00:00:00,,,,,3675.00000,1979025,1,,,01,,,,,C,,Годен,,,
1997844,,WH1,321411,EKS000006013,855380,"Кабель ВВГнг(A)-LS 4х1,5 ок(N)-0,66 (100м) Кабэкс",,,ЭКС,8400.00000,М,8400.00000,ЭКС-000006013   ,,5963478.00000,,,0.27800,КГ,100.00000,1.30000,1.30000,СМ,,False,,4601923200.00000,13.0,,,,,,Лихушина Н.И.,ТХМ00353687,М,Базовый,Кабельный завод Кабэкс ОО,0.00000,0.00000,ILSSRV,d01e5676-8b2a-47d9-9f18-55f46226240f,2026-03-25 12:39:57,,65.22000,547848.00000,,,Y,N,N,,False,2335.20000,,,,,,0,,2026-03-24 00:00:00,,,,,8400.00000,1979026,1,,,01,,,,,C,,Годен,,,
1997845,,WH1,321411,EKS000006013,855390,"Кабель ППГнг(A)-HF 3х2,5 ок -0,66 (100м) Кабэкс",,,ЭКС,8300.00000,М,8300.00000,ЭКС-000006013   ,,5963479.00000,,,0.18800,КГ,100.00000,1.02000,1.02000,СМ,,False,,5766781900.00000,10.2,,,,,,Лихушина Н.И.,ТХМ00376053,М,Новинка,Кабельный завод Кабэкс ОО,0.00000,0.00000,ILSSRV,d01e5676-8b2a-47d9-9f18-55f46226240f,2026-03-25 12:39:57,,83.71000,694793.00000,,,Y,N,N,,False,1560.40000,,,,,,0,,2026-03-24 00:00:00,,,,,8300.00000,1979027,1,,,01,,,,,C,,Годен,,,
1997846,,WH1,321411,EKS000006013,858276,"Кабель ППГнг(A)-FR-HF 3х1,5 ок(N,PE)-0,66 (100м) Кабэкс",,,ЭКС,1000.00000,М,1000.00000,ЭКС-000006013   ,,5963480.00000,,,0.28700,КГ,100.00000,1.38000,1.38000,СМ,,False,,62760000.00000,13.8,,,,,,Лихушина Н.И.,ТХМ00387183,М,Товар РЦ,Кабельный завод Кабэкс ОО,0.00000,0.00000,ILSSRV,d01e5676-8b2a-47d9-9f18-55f46226240f,2026-03-25 12:39:57,,62.76000,62760.00000,,,Y,N,N,,False,287.00000,,,,,,0,,2026-03-24 00:00:00,,,,,1000.00000,1979028,1,,,01,,,,,C,,Годен,,,
1997847,,WH1,321411,EKS000006013,866126,"Кабель ВВГнг(A)-LS-ХЛ 5х16 ок(N,PE)-0,66",,,ЭКС,535.00000,М,535.00000,ЭКС-000006013   ,,5963481.00000,,,0.00000,,0.00000,0.00000,0.00000,,,False,,230748870.50000,,,,,,Заказной,Косолапова Л.В.,ТХМ00379289,М,Заказной товар,Кабельный завод Кабэкс ОО,0.00000,0.00000,ILSSRV,d01e5676-8b2a-47d9-9f18-55f46226240f,2026-03-25 12:39:57,,806.18000,431306.30000,,,Y,N,N,,False,0.00000,,,,,,0,ЭКС-000006188   ,2026-03-24 00:00:00,,,,,535.00000,1979029,1,,,,,,,,C,,Годен,,,
1997848,,WH1,321411,EKS000006013,298771,"Кабель ППГ-Пнг(A)-HF 3х2,5 ок -0,66 Кабэкс",,,ЭКС,701.00000,М,701.00000,ЭКС-000006013   ,,5963482.00000,,,0.18800,КГ,100.00000,1.11000,1.11000,СМ,,False,,39798566.99000,11.1,,,,,Коробейников Николай Алек,Лихушина Н.И.,ТХМ00388319,М,Базовый,Кабельный завод Кабэкс ОО,0.00000,0.00000,ILSSRV,d01e5676-8b2a-47d9-9f18-55f46226240f,2026-03-25 12:39:57,,80.99000,56773.99000,,,Y,N,N,,False,131.78800,,,,,,0,,2026-03-24 00:00:00,,,,,701.00000,1979030,1,,,01,,,,,A,,Годен,,,
1997849,,WH1,321411,EKS000006013,858276,"Кабель ППГнг(A)-FR-HF 3х1,5 ок(N,PE)-0,66 (100м) Кабэкс",,,ЭКС,300.00000,М,300.00000,ЭКС-000006013   ,,5963483.00000,,,0.28700,КГ,100.00000,1.38000,1.38000,СМ,,False,,5647500.00000,13.8,,,,,,Лихушина Н.И.,ТХМ00387183,М,Товар РЦ,Кабельный завод Кабэкс ОО,0.00000,0.00000,ILSSRV,d01e5676-8b2a-47d9-9f18-55f46226240f,2026-03-25 12:39:57,,62.75000,18825.00000,,,Y,N,N,,False,86.10000,,,,,,0,,2026-03-24 00:00:00,,,,,300.00000,1979031,1,,,01,,,,,C,,Годен,,,
1997850,,WH1,321412,TR-25.03.2026-01,0000,ТРАНЗИТ,,БЕРДСК  № 69089 КРЕУСС,ЭКС,1.00000,ГМ,0.00000,,,1.00000,4712-12-31 00:00:00,,1.00000,КГ,1.00000,1.00000,1.00000,СМ,СМ3,,,0.00000,,,,0,,,,,,,,0.00000,2.00000,v.plevako,,2026-03-25 12:49:07,,0.00000,0.00000,0,Y,Y,N,N,РЦ Новосибирск,,1.00000,,,РЦ Новосибирск,0.00000,,0,,2026-03-25 00:00:00,0.00000,0.00000,0.00000,0.00000,1.00000,,,,,,,,,,,,,,,0.00000
1997851,,WH1,321413,EKS000006014,362700,Элемент питания Крона алкалин Трофи 6LR61-1BL,,,ЭКС,1.00000,ШТ,1.00000,ЭКС-000006014   ,,5963485.00000,,,0.02000,КГ,12.00000,8.00000,2.00000,СМ,,,,67.50000,,,,,,Дортман Анна Павловна,Княжева Ю.В.,C0034928,ШТ,Товар филиала,Орион ООО   (ЭРА) новый,0.00000,0.00000,ILSSRV,ec558f6b-ccf8-40b1-9c77-d1c07e25ecec,2026-03-25 13:01:57,,67.50000,67.50000,,,N,N,N,,False,0.02000,,,,,,0,ЭКС-000012641   ,2026-03-25 00:00:00,,,,,1.00000,1979032,2,,,,,,,,C,,Годен,,,
1997852,,WH1,321413,EKS000006014,322564,Элемент питания Крона солевая 6F22 EXTRA HEAVY DUTY Kodak 1BL (K9VHZ-1B),,,ЭКС,60.00000,ШТ,60.00000,ЭКС-000006014   ,,5963486.00000,,,0.05000,КГ,12.00000,8.00000,2.00000,СМ,,,,171000.00000,,,,,,Дортман Анна Павловна,Княжева Ю.В.,Б0005137,ШТ,Базовый,Орион ООО   (ЭРА) новый,0.00000,0.00000,ILSSRV,ec558f6b-ccf8-40b1-9c77-d1c07e25ecec,2026-03-25 13:01:58,,47.50000,2850.00000,,,N,N,N,,False,3.00000,,,,,,0,,2026-03-25 00:00:00,,,,,60.00000,1979033,2,,,,,,,,A,,Годен,,,
1997853,,WH1,321413,EKS000006014,305755,Элемент питания Трофи CR2450-5BL (цена за 1 штуку),,,ЭКС,55.00000,ШТ,55.00000,ЭКС-000006014   ,,5963484.00000,,,0.00500,КГ,3.00000,4.00000,1.00000,СМ,,,,71087.50000,,,,,,Дортман Анна Павловна,Княжева Ю.В.,C0034062,ШТ,Базовый,Орион ООО   (ЭРА) новый,0.00000,0.00000,ILSSRV,ec558f6b-ccf8-40b1-9c77-d1c07e25ecec,2026-03-25 13:01:58,,23.50000,1292.50000,,,N,N,N,,False,0.27500,,,,,,0,,2026-03-25 00:00:00,,,,,55.00000,1979034,2,,,,,,,,B,,Годен,,,
1997854,,WH1,321414,EKS000006015,258217,Изолента ПВХ 19мм х 20м Красная ЭРА 43584/43577,,,ЭКС,50.00000,ШТ,50.00000,ЭКС-000006015   ,,5963488.00000,,,0.07000,КГ,7.00000,7.00000,2.00000,СМ,,,,122500.00000,,,,,,Дортман Анна Павловна,Петров И.В.,C0036541,ШТ,Выводится из ассортимента,Орион ООО   (ЭРА) новый,0.00000,0.00000,ILSSRV,ec558f6b-ccf8-40b1-9c77-d1c07e25ecec,2026-03-25 13:01:59,,49.00000,2450.00000,,,N,N,N,,False,3.50000,,,,,,0,ЭКС-000012515   ,2026-03-25 00:00:00,,,,,50.00000,1979035,2,,,,,,,,C,,Годен,,,
1997855,,WH1,321414,EKS000006015,258216,Изолента ПВХ 19мм х 20м Синяя ЭРА 43560/43553,,,ЭКС,50.00000,ШТ,50.00000,ЭКС-000006015   ,,5963487.00000,,,0.07000,КГ,7.00000,7.00000,2.00000,СМ,,,,122500.00000,,,,,,Дортман Анна Павловна,Петров И.В.,C0036539,ШТ,Выводится из ассортимента,Орион ООО   (ЭРА) новый,0.00000,0.00000,ILSSRV,ec558f6b-ccf8-40b1-9c77-d1c07e25ecec,2026-03-25 13:01:59,,49.00000,2450.00000,,,N,N,N,,False,3.50000,,,,,,0,ЭКС-000012515   ,2026-03-25 00:00:00,,,,,50.00000,1979036,2,,,,,,,,C,,Годен,,,
1997856,,WH1,321414,EKS000006015,258221,Изолента ПВХ 19мм х 20м Желтая ЭРА 43621/43614,,,ЭКС,50.00000,ШТ,50.00000,ЭКС-000006015   ,,5963489.00000,,,0.07000,КГ,7.00000,7.00000,2.00000,СМ,,,,122500.00000,,,,,,Дортман Анна Павловна,Петров И.В.,C0036543,ШТ,Выводится из ассортимента,Орион ООО   (ЭРА) новый,0.00000,0.00000,ILSSRV,ec558f6b-ccf8-40b1-9c77-d1c07e25ecec,2026-03-25 13:01:59,,49.00000,2450.00000,,,N,N,N,,False,3.50000,,,,,,0,ЭКС-000012515   ,2026-03-25 00:00:00,,,,,50.00000,1979037,2,,,,,,,,C,,Годен,,,
1997857,,WH1,321414,EKS000006015,258220,Изолента ПВХ 19мм х 20м Желто-зеленая ЭРА 43669/43652,,,ЭКС,50.00000,ШТ,50.00000,ЭКС-000006015   ,,5963491.00000,,,0.07000,КГ,7.00000,7.00000,2.00000,СМ,,,,135000.00000,,,,,,Дортман Анна Павловна,Петров И.В.,C0036545,ШТ,Выводится из ассортимента,Орион ООО   (ЭРА) новый,0.00000,0.00000,ILSSRV,ec558f6b-ccf8-40b1-9c77-d1c07e25ecec,2026-03-25 13:01:59,,54.00000,2700.00000,,,N,N,N,,False,3.50000,,,,,,0,ЭКС-000012515   ,2026-03-25 00:00:00,,,,,50.00000,1979038,2,,,,,,,,C,,Годен,,,
1997858,,WH1,321414,EKS000006015,258219,Изолента ПВХ 19мм х 20м Зеленая ЭРА 43645/43638,,,ЭКС,50.00000,ШТ,50.00000,ЭКС-000006015   ,,5963490.00000,,,0.07000,КГ,7.00000,7.00000,2.00000,СМ,,,,122500.00000,,,,,,Дортман Анна Павловна,Петров И.В.,C0036544,ШТ,Выводится из ассортимента,Орион ООО   (ЭРА) новый,0.00000,0.00000,ILSSRV,ec558f6b-ccf8-40b1-9c77-d1c07e25ecec,2026-03-25 13:01:59,,49.00000,2450.00000,,,N,N,N,,False,3.50000,,,,,,0,ЭКС-000012515   ,2026-03-25 00:00:00,,,,,50.00000,1979039,2,,,,,,,,C,,Годен,,,
1997859,,WH1,321415,EKS000006016,825574,"Клемма силовая вводная КСВ ЭРА NO-224-125 (KE61) 6-50 мм? серая ""L""",,,ЭКС,4.00000,ШТ,4.00000,ЭКС-000006016   ,,5963495.00000,,,0.04000,КГ,5.00000,4.00000,1.50000,СМ,,False,,1160.00000,,,,,,Заказной,Феденькова Д.Ю.,Б0065608,ШТ,Заказной товар,Орион ООО   (ЭРА) новый (,0.00000,0.00000,ILSSRV,ec558f6b-ccf8-40b1-9c77-d1c07e25ecec,2026-03-25 13:02:01,,72.50000,290.00000,,,N,N,N,,False,0.16000,,,,,,0,ЭКС-000012586   ,2026-03-25 00:00:00,,,,,4.00000,1979040,2,,,,,,,,C,,Годен,,,
1997860,,WH1,321415,EKS000006016,824420,"Клемма силовая вводная КСВ ЭРА NO-224-126 (KE61.2) 6-50 мм? синяя ""N""",,,ЭКС,2.00000,ШТ,2.00000,ЭКС-000006016   ,,5963496.00000,,,0.02000,КГ,5.00000,4.50000,2.00000,СМ,,False,,294.00000,,,,,,Заказной,Феденькова Д.Ю.,Б0065564,ШТ,Заказной товар,Орион ООО   (ЭРА) новый (,0.00000,0.00000,ILSSRV,ec558f6b-ccf8-40b1-9c77-d1c07e25ecec,2026-03-25 13:02:01,,73.50000,147.00000,,,N,N,N,,False,0.04000,,,,,,0,ЭКС-000012586   ,2026-03-25 00:00:00,,,,,2.00000,1979041,2,,,,,,,,C,,Годен,,,
1997861,,WH1,321415,EKS000006016,824419,"Клемма силовая вводная КСВ ЭРА NO-224-127 (KE61.3) 6-50 мм? желтая/зеленая ""PE""",,,ЭКС,2.00000,ШТ,2.00000,ЭКС-000006016   ,,5963497.00000,,,0.03000,КГ,5.00000,4.50000,2.00000,СМ,,,,294.00000,,,,,,Заказной,Феденькова Д.Ю.,Б0065565,ШТ,Заказной товар,Орион ООО   (ЭРА) новый (,0.00000,0.00000,ILSSRV,ec558f6b-ccf8-40b1-9c77-d1c07e25ecec,2026-03-25 13:02:01,,73.50000,147.00000,,,N,N,N,,False,0.06000,,,,,,0,ЭКС-000012586   ,2026-03-25 00:00:00,,,,,2.00000,1979042,2,,,,,,,,C,,Годен,,,
1997862,,WH1,321415,EKS000006016,406433,"ЭРА Аксессуары для клемм NO-224-41 Клемма СМК компактная с пастой серии 243, 3 отверстия, 0,5-2,5 м",,,ЭКС,100.00000,ШТ,100.00000,ЭКС-000006016   ,,5963494.00000,,,0.01000,КГ,1.50000,1.50000,0.50000,СМ,,,,50000.00000,,,,,,Акулинский Петр Иванович,Феденькова Д.Ю.,Б0043959,ШТ,Товар филиала,Орион ООО   (ЭРА) новый,0.00000,0.00000,ILSSRV,ec558f6b-ccf8-40b1-9c77-d1c07e25ecec,2026-03-25 13:02:01,,5.00000,500.00000,,,N,N,N,,False,1.00000,,,,,,0,ЭКС-000012766   ,2026-03-25 00:00:00,,,,,100.00000,1979043,2,,,,,,,,C,,Годен,,,
1997863,,WH1,321415,EKS000006016,372339,Корпус навесн. пласт. 1 ряд / 18 модулей ЩРН-П-18 IP41 ЭРА SIMPLE,,,ЭКС,3.00000,ШТ,3.00000,ЭКС-000006016   ,,5963492.00000,,,0.95000,КГ,36.00000,22.00000,10.00000,СМ,,,,6232.50000,,,,,,Дортман Анна Павловна,Феденькова Д.Ю.,Б0041527,ШТ,Базовый,Орион ООО   (ЭРА) новый,0.00000,0.00000,ILSSRV,ec558f6b-ccf8-40b1-9c77-d1c07e25ecec,2026-03-25 13:02:01,,692.50000,2077.50000,,,N,N,N,,False,2.85000,,,,,,0,,2026-03-25 00:00:00,,,,,3.00000,1979044,2,,,,,,,,C,,Годен,,,
1997864,,WH1,321415,EKS000006016,360878,Корпус навесн. пласт. 3 ряда / 36 модулей ЩРН-П-36 IP41 ЭРА SIMPLE,,,ЭКС,1.00000,ШТ,1.00000,ЭКС-000006016   ,,5963493.00000,,,1.00000,КГ,46.00000,26.00000,10.00000,СМ,,,,1478.00000,,,,,,Дортман Анна Павловна,Феденькова Д.Ю.,Б0041529,ШТ,Товар РЦ,Орион ООО   (ЭРА) новый,0.00000,0.00000,ILSSRV,ec558f6b-ccf8-40b1-9c77-d1c07e25ecec,2026-03-25 13:02:01,,1478.00000,1478.00000,,,N,N,N,,False,1.00000,,,,,,0,,2026-03-25 00:00:00,,,,,1.00000,1979045,2,,,,,,,,C,,Годен,,,
1997865,,WH1,321415,EKS000006016,338318,Корпус навес (500х400х220) ЩМП-2-0  76  УХЛЗ с монт.пан. IP31,,,ЭКС,7.00000,ШТ,7.00000,ЭКС-000006016   ,,5963498.00000,,,4.00000,КГ,50.00000,40.00000,26.00000,СМ,,False,,121177.00000,,,,,,Дортман Анна Павловна,Феденькова Д.Ю.,Б0028754,ШТ,Базовый,Орион ООО   (ЭРА) новый (,0.00000,0.00000,ILSSRV,ec558f6b-ccf8-40b1-9c77-d1c07e25ecec,2026-03-25 13:02:01,,2473.00000,17311.00000,,,N,N,N,,False,28.00000,,,,,,0,,2026-03-25 00:00:00,,,,,7.00000,1979046,2,,,,,,,,C,,Годен,,,
1997866,,WH1,321416,EKS000006017,627941,Светильник светодиодный ЭРА SPO-960-3-40K-062 62Вт 4000К 6720Лм 1195x595x40 матовый,,,ЭКС,12.00000,ШТ,12.00000,ЭКС-000006017   ,,5963499.00000,,,3.50000,КГ,120.00000,62.00000,4.50000,СМ,,False,,455400.00000,,,,,,Заказной,Колупаев В.Г.,Б0058253,ШТ,Заказной товар,Орион ООО   (ЭРА) новый (,0.00000,0.00000,ILSSRV,ec558f6b-ccf8-40b1-9c77-d1c07e25ecec,2026-03-25 13:02:01,,3162.50000,37950.00000,,,N,N,N,,False,42.00000,,,,,,0,ЭКС-000012785   ,2026-03-25 00:00:00,,,,,12.00000,1979047,2,,,,,,,,C,,Годен,,,
1997867,,WH1,321417,EKS000006018,319364,"ЭРА LED MR16-10W-840-GU10 Лампа (диод, софит, 10Вт, нейтр, GU10)",,,ЭКС,3.00000,ШТ,3.00000,ЭКС-000006018   ,,5963505.00000,,,0.03500,КГ,6.00000,5.00000,5.00000,СМ,,,,522.00000,,,,,,Логунов Владимир Александ,Косова Т.В.,Б0032998,ШТ,Товар филиала,Орион ООО   (ЭРА) новый,0.00000,0.00000,ILSSRV,ec558f6b-ccf8-40b1-9c77-d1c07e25ecec,2026-03-25 13:02:03,,58.00000,174.00000,,,N,N,N,,False,0.10500,,,,,,0,ЭКС-000012660   ,2026-03-25 00:00:00,,,,,3.00000,1979048,2,,,,,,,,C,,Годен,,,
1997868,,WH1,321417,EKS000006018,857785,Светильник Marion 6107-109 132Вт 2800К-6200К потолочн. модерн с пультом,,,ЭКС,3.00000,ШТ,3.00000,ЭКС-000006018   ,,5963501.00000,,,0.00000,,0.00000,0.00000,0.00000,,,False,,20934.00000,,,,,,Заказной,Косова Т.В.,Б0060834,ШТ,Заказной товар,Орион ООО   (ЭРА) новый (,0.00000,0.00000,ILSSRV,ec558f6b-ccf8-40b1-9c77-d1c07e25ecec,2026-03-25 13:02:03,,2326.00000,6978.00000,,,N,N,N,,False,0.00000,,,,,,0,ЭКС-000012710   ,2026-03-25 00:00:00,,,,,3.00000,1979049,2,,,,,,,,C,,Годен,,,
1997869,,WH1,321417,EKS000006018,820121,Лампа LED ЭРА GREEN LINE LED A60-12W-865-E27 GL E27 12 Вт груша холодный свет,,,ЭКС,12.00000,ШТ,12.00000,ЭКС-000006018   ,,5963503.00000,,,0.03000,КГ,10.00000,5.00000,5.00000,СМ,,,,4464.00000,,,,,,Заказной,Косова Т.В.,Б0067129,ШТ,Заказной товар,Орион ООО   (ЭРА) новый (,0.00000,0.00000,ILSSRV,ec558f6b-ccf8-40b1-9c77-d1c07e25ecec,2026-03-25 13:02:03,,31.00000,372.00000,,,N,N,N,,False,0.36000,,,,,,0,ЭКС-000012800   ,2026-03-25 00:00:00,,,,,12.00000,1979050,2,,,,,,,,C,,Годен,,,
1997870,,WH1,321417,EKS000006018,820108,Лампа LED ЭРА GREEN LINE LED A60-20W-840-E27 GL E27 20 Вт груша яркий белый свет,,,ЭКС,15.00000,ШТ,15.00000,ЭКС-000006018   ,,5963504.00000,,,0.04000,КГ,11.00000,6.00000,6.00000,СМ,,,,9000.00000,,,,,,Заказной,Косова Т.В.,Б0067116,ШТ,Заказной товар,Орион ООО   (ЭРА) новый (,0.00000,0.00000,ILSSRV,ec558f6b-ccf8-40b1-9c77-d1c07e25ecec,2026-03-25 13:02:03,,40.00000,600.00000,,,N,N,N,,False,0.60000,,,,,,0,ЭКС-000012800   ,2026-03-25 00:00:00,,,,,15.00000,1979051,2,,,,,,,,C,,Годен,,,
1997871,,WH1,321417,EKS000006018,758423,Лампа светодиодная ЭРА RED LINE LED POWER T100-40W-6500-E27/E40 R E27/E40 R 40 Вт колокол холодный б,,,ЭКС,100.00000,ШТ,100.00000,ЭКС-000006018   ,,5963502.00000,,,0.12000,КГ,18.00000,10.00000,10.00000,СМ,,,,1190000.00000,,,,,,Заказной,Косова Т.В.,Б0063844,ШТ,Заказной товар,Орион ООО   (ЭРА) новый,0.00000,0.00000,ILSSRV,ec558f6b-ccf8-40b1-9c77-d1c07e25ecec,2026-03-25 13:02:03,,119.00000,11900.00000,,,N,N,N,,False,12.00000,,,,,,0,ЭКС-000012533   ,2026-03-25 00:00:00,,,,,100.00000,1979052,2,,,,,,,,C,,Годен,,,
1997872,,WH1,321417,EKS000006018,387953,Противомоскитная лампа ERAMF-04  ЭРА   (голубой) мухомор,,,ЭКС,4.00000,ШТ,4.00000,ЭКС-000006018   ,,5963500.00000,,,0.30000,КГ,16.00000,16.00000,16.00000,СМ,,,,2672.00000,,,,,,Логунов Владимир Александ,Косова Т.В.,Б0038601,ШТ,Товар филиала,Орион ООО   (ЭРА) новый,0.00000,0.00000,ILSSRV,ec558f6b-ccf8-40b1-9c77-d1c07e25ecec,2026-03-25 13:02:03,,167.00000,668.00000,,,N,N,N,,False,1.20000,,,,,,0,ЭКС-000012723   ,2026-03-25 00:00:00,,,,,4.00000,1979053,2,,,,,,,,C,,Годен,,,
1997873,,WH1,321418,EKS000006019,627941,Светильник светодиодный ЭРА SPO-960-3-40K-062 62Вт 4000К 6720Лм 1195x595x40 матовый,,,ЭКС,4.00000,ШТ,4.00000,ЭКС-000006019   ,,5963506.00000,,,3.50000,КГ,120.00000,62.00000,4.50000,СМ,,False,,50600.00000,,,,,,Заказной,Колупаев В.Г.,Б0058253,ШТ,Заказной товар,Орион ООО   (ЭРА) новый (,0.00000,0.00000,ILSSRV,ec558f6b-ccf8-40b1-9c77-d1c07e25ecec,2026-03-25 13:02:04,,3162.50000,12650.00000,,,N,N,N,,False,14.00000,,,,,,0,ЭКС-000012822   ,2026-03-25 00:00:00,,,,,4.00000,1979054,2,,,,,,,,C,,Годен,,,
1997874,,WH1,321419,EKS000006020,882986,"Набор сверл перовых по дереву RENNBOHR 9 предм.: 14-16-18-20-22-25-30x152 мм, удлинитель, ключ углов",,,ЭКС,2.00000,ШТ,2.00000,ЭКС-000006020   ,,5963508.00000,,,0.00000,,0.00000,0.00000,0.00000,,,False,,2600.04000,,,,,,,Петров И.В.,659199,ШТ,Товар РЦ,ВсеИнструменты.ру,0.00000,0.00000,ILSSRV,f469ebe4-4b2f-4a4b-9a6e-bfd4f1643fa5,2026-03-25 13:04:57,,650.01000,1300.02000,,,N,N,N,,False,0.00000,,,,,,0,ЭКС-000011163   ,2026-03-25 00:00:00,,,,,2.00000,1979055,2,,,,,,,,C,,Годен,,,
1997875,,WH1,321419,EKS000006020,739099,Комплект плакатов Электро Трейд №1 /7шт/ ZEB101,,,ЭКС,1.00000,ШТ,1.00000,ЭКС-000006020   ,,5963507.00000,,,0.04000,КГ,30.00000,26.00000,0.30000,СМ,,,,389.34000,,,,,,Заказной,Петров И.В.,ZEB101,ШТ,Заказной товар,ВсеИнструменты.ру,0.00000,0.00000,ILSSRV,f469ebe4-4b2f-4a4b-9a6e-bfd4f1643fa5,2026-03-25 13:04:57,,389.34000,389.34000,,,N,N,N,,False,0.04000,,,,,,0,ЭКС-000011206   ,2026-03-25 00:00:00,,,,,1.00000,1979056,2,,,,,,,,C,,Годен,,,
1997876,,WH1,321420,EKS000006021,883238,Светильник-переноска ООО ТД Агиро светодиодная переноска 15м с магнитом 220В PERENCV15,,,ЭКС,7.00000,ШТ,7.00000,ЭКС-000006021   ,,5963509.00000,,,0.00000,,0.00000,0.00000,0.00000,,,False,,51650.41000,,,,,,Заказной,Колупаев В.Г.,,ШТ,Заказной товар,ВсеИнструменты.ру,0.00000,0.00000,ILSSRV,f469ebe4-4b2f-4a4b-9a6e-bfd4f1643fa5,2026-03-25 13:04:58,,1054.09000,7378.63000,,,N,N,N,,False,0.00000,,,,,,0,ЭКС-000008390   ,2026-03-25 00:00:00,,,,,7.00000,1979057,2,,,,,,,,C,,Годен,,,
1997877,,WH1,321421,EKS000006022,1000,"Кабель ТППэп 30х2х0,4",,,ЭКС,60.00000,М,60.00000,ЭКС-000006022   ,,5963512.00000,,,0.17290,КГ,100.00000,2.00000,2.00000,СМ,,,,480672.00000,15.46,,,,,Заказной,Козлова М.А.,1000,М,Заказной товар,,0.00000,0.00000,ILSSRV,4f0df830-82cf-4f27-9ab6-1c6a38b2deae,2026-03-25 13:30:57,,133.52000,8011.20000,,,Y,N,N,,False,10.37400,,,,,,0,ЭКС-000009185   ,2026-03-19 00:00:00,,,,,60.00000,1979058,1,,,,,,,,C,,Годен,,,
