1994744,WH1,,320612,New,End,,N,ЭКС,,,,,,,ЭКС-000012197   ,5961534.00000,ЭКС-000005727   ,,,False,674591,,,,Светильник светодиодный линейный Feron AL5095 IP65 36W 4000K 1210x70x43мм,СМ,False,5.00000,120.00000,1009.34000,40373.60000,,,0.40000,7.00000,,N,,,0.00000,0,,,,ШТ,2026-03-23 00:00:00,EKS000005727,N,,,,40.00000,17.98000,1614944.00000,,КГ,Заказной,Косова Т.В.,32602,ШТ,Заказной товар,МСТ ООО  (FERON),0.00000,0.00000,a.manokhin,Пакет интерфейса поставки:3e47980d-8aee-4af5-9eba-7fe2d3f97e22,2026-03-23 09:27:16,321103,1996352,40.00000,2,,,,,,,,C,,Годен,,
1994745,WH1,,320613,New,End,,N,ЭКС,,,,,,,,5961533.00000,ЭКС-000005726   ,,,False,674092,,,,"Кабель ВВГ-Пнг(A)-LS 3х4 ок (N,РЕ)-0,66 бухта 50м ЭКС желт.",СМ,False,15.00000,26.00000,5778.54000,11557.08000,,,13.85000,26.00000,,N,,,0.00000,0,,,,ШТ,2026-03-23 00:00:00,EKS000005726,N,,,,2.00000,27.70000,23114.16000,,КГ,Коробейников Николай Алек,Козлова М.А.,674092,ШТ,Выводится из ассортимента,ИП Даммер Виктор Яковлеви,0.00000,0.00000,a.savitskiy,Пакет интерфейса поставки:2a5b03d7-e12d-4b8e-8686-83847d10bd45,2026-03-23 09:30:52,321102,1996351,2.00000,2,,,,,,,KPP_shtuki,C,,Годен,,
1994746,WH1,,320614,New,End,,N,ЭКС,,,,,,,,5961535.00000,О00-000001480   ,,,False,7669,,,,"Счетчик  Меркурий 230AМ-01 1,0 5-50А(5-60A)/380В",СМ,,18.00000,34.00000,3690.84000,36908.40000,,,1.34800,10.00000,,Y,,,0.00000,0,,,,ШТ,2026-03-23 00:00:00,O00000001480,N,,,,10.00000,13.48000,369084.00000,,КГ,,Княжева Ю.В.,,ШТ,Базовый,Гермес-Трейд Комплект ООО,0.00000,0.00000,a.savitskiy,Пакет интерфейса поставки:91e1360c-27c2-4337-a2e0-bf966809d4d5,2026-03-23 09:57:01,321104,1996355,10.00000,2,,,,,,,Schetchik,C,,Годен,,
1994747,WH1,,320614,New,End,,N,ЭКС,,,,,,,,5961536.00000,О00-000001480   ,,,False,7670,,,,"Счетчик  Меркурий 230AМ-02 1,0 10-100А/380В",СМ,,18.50000,34.00000,3808.53000,3808.53000,,,1.34200,10.50000,,Y,,,0.00000,0,,,,ШТ,2026-03-23 00:00:00,O00000001480,N,,,,1.00000,1.34200,3808.53000,,КГ,,Княжева Ю.В.,,ШТ,Базовый,Гермес-Трейд Комплект ООО,0.00000,0.00000,a.savitskiy,Пакет интерфейса поставки:91e1360c-27c2-4337-a2e0-bf966809d4d5,2026-03-23 09:57:01,321104,1996354,1.00000,2,,,,,,,Schetchik,B,,Годен,,
1994748,WH1,,320614,New,End,,N,ЭКС,,,,,,,,5961537.00000,О00-000001480   ,,,False,7671,,,,"Счетчик  Меркурий 230AМ-03 0,5S 5-7,5А/380В",СМ,,9.00000,27.00000,3807.86000,7615.72000,,,1.34200,18.00000,,Y,,,0.00000,0,,,,ШТ,2026-03-23 00:00:00,O00000001480,N,,,,2.00000,2.68400,15231.44000,,КГ,,Княжева Ю.В.,,ШТ,Базовый,Гермес-Трейд Комплект ООО,0.00000,0.00000,a.savitskiy,Пакет интерфейса поставки:91e1360c-27c2-4337-a2e0-bf966809d4d5,2026-03-23 09:57:01,321104,1996353,2.00000,2,,,,,,,Schetchik,B,,Годен,,
1994749,WH1,,320615,New,End,,N,ЭКС,,,,,,,,5961532.00000,О00-000001479   ,,,False,463490,,,,КЭАЗ Выключатель автоматический OptiDin BM63-3C6-10-УХЛ3,СМ,,5.50000,8.50000,2390.00000,2390.00000,,,0.20000,7.50000,,N,,,0.00000,0,,,,ШТ,2026-03-23 00:00:00,O00000001479,N,,,,1.00000,0.20000,2390.00000,,КГ,Заказной,Шаповалов П.Г.,249248,ШТ,Заказной товар,Курский электроаппаратный,0.00000,0.00000,r.sagaidak,Пакет интерфейса поставки:c4f8704e-466d-442c-8dd0-6a8a315fcafb,2026-03-23 09:58:40,321101,1996350,1.00000,2,,,,,,,,C,,Годен,,
1994750,WH1,,320616,New,Processed,,N,ЭКС,0.00000,0.00000,0.00000,,0.00000,0.00000,,1.00000,,,4712-12-31 00:00:00,,0000,,,,ТРАНЗИТ,СМ,,1.00000,1.00000,0.00000,0.00000,,,1.00000,1.00000,EKF ИРКУТСК,Y,Y,,0.00000,0,0,,,ГМ,2026-03-23 00:00:00,TR-23/03/2026-01,N,рц,рц,,1.00000,1.00000,0.00000,СМ3,КГ,,,,,,,0.00000,2.00000,r.sagaidak,Пакет интерфейса поставки:6e7b8d7d-e248-4c12-b875-9e279d9c0a54,2026-03-23 10:52:43,321117,1996465,1.00000,,,,,,,,,,,,,0.00000
1994751,WH1,,320617,New,Processed,,N,ЭКС,0.00000,0.00000,0.00000,,0.00000,0.00000,,1.00000,,,4712-12-31 00:00:00,,0000,,,,ТРАНЗИТ,СМ,,1.00000,1.00000,0.00000,0.00000,,,1.00000,1.00000,EKF КРАСНОЯРСК,Y,Y,,0.00000,0,0,,,ГМ,2026-03-23 00:00:00,TR-23/03/2026-02,N,рц,рц,,1.00000,1.00000,0.00000,СМ3,КГ,,,,,,,0.00000,2.00000,r.sagaidak,Пакет интерфейса поставки:6e7b8d7d-e248-4c12-b875-9e279d9c0a54,2026-03-23 10:52:43,321118,1996466,1.00000,,,,,,,,,,,,,0.00000
1994752,WH1,,320618,New,Processed,,N,ЭКС,0.00000,0.00000,0.00000,,0.00000,0.00000,,1.00000,,,4712-12-31 00:00:00,,0000,,,,ТРАНЗИТ,СМ,,1.00000,1.00000,0.00000,0.00000,,,1.00000,1.00000,EKF БАРНАУЛ,Y,Y,,0.00000,0,0,,,ГМ,2026-03-23 00:00:00,TR-23/03/2026-03,N,рц,рц,,1.00000,1.00000,0.00000,СМ3,КГ,,,,,,,0.00000,2.00000,r.sagaidak,Пакет интерфейса поставки:6e7b8d7d-e248-4c12-b875-9e279d9c0a54,2026-03-23 10:52:43,321119,1996467,1.00000,,,,,,,,,,,,,0.00000
1994753,WH1,,320619,New,End,,N,ЭКС,,,,,,,ЭКС-000069166   ,5961613.00000,ЭКС-000005730   ,,,False,669840,,,,"Ledel L-trade 55/45/Д/4,0К/02/IKIII-13/220АС/Standart IP54",СМ,,10.00000,155.00000,7069.67000,70696.70000,,,2.34000,11.00000,,N,,,0.00000,0,,,,ШТ,2026-03-16 00:00:00,EKS000005730,N,,,,10.00000,23.40000,706967.00000,,КГ,Заказной,Колупаев В.Г.,313104500842100,ШТ,Заказной товар,Торговый дом Ферекс,0.00000,0.00000,a.manokhin,Пакет интерфейса поставки:4206cd29-42a4-4cbc-8c02-631e45f6d019,2026-03-23 11:04:55,321107,1996425,10.00000,2,,,,,,,,C,,Годен,,
1994754,WH1,,320620,New,End,,N,ЭКС,,,,,,,,5961722.00000,ЭКС-000005742   ,,,False,295163,,,,"Очиститель универсальный (Изопропиловый спирт) флакон 200 мл, с распылителем (REXANT)",СМ,False,5.00000,12.00000,116.29000,5814.50000,,,0.10000,5.00000,,N,,,0.00000,0,,,,ШТ,2026-03-20 00:00:00,EKS000005742,N,,,,50.00000,8.50000,290725.00000,,КГ,Дортман Анна Павловна,Петров И.В.,09-4105,ШТ,Базовый,СДС  ООО,0.00000,0.00000,r.sagaidak,Пакет интерфейса поставки:598d62ce-43f2-4041-9776-dc46ab88e0b6,2026-03-23 11:43:18,321122,1996492,50.00000,2,,,,,,,,C,,Годен,,
1994755,WH1,,320621,New,End,,N,ЭКС,,,,,,,ЭКС-000010999   ,5961614.00000,ЭКС-000005731   ,,,False,419027,,,,"Удлинитель на катушке ""Атлант 2.0"" 4 гнезда 50м с заземлением  КГ 3*1,5  16А/3,5кВт IP44 PROxima EKF",СМ,,20.00000,30.00000,6455.41000,58098.69000,,,2.00000,30.00000,,N,,,0.00000,0,,,,ШТ,2026-04-01 00:00:00,EKS000005731,N,,,,9.00000,26.00000,522888.21000,,КГ,Заказной,Княжева Ю.В.,UKA02-16-315R-4-50-IP44,ШТ,Заказной товар,Электрорешения ООО,0.00000,0.00000,a.savitskiy,Пакет интерфейса поставки:c9fce651-73b1-4a1f-9756-b0ddf3e797bb,2026-03-23 12:07:18,321108,1996426,9.00000,2,,,,,,,,C,,Годен,,
1994756,WH1,,320622,New,End,,N,ЭКС,,,,,,,ЭКС-000006785   ,5961617.00000,ЭКС-000005733   ,,,False,635168,,,,Автоматический выключатель 3P 50А (C) 6кА ВА 47-63N EKF PROxima,СМ,,5.00000,8.00000,394.19000,4730.28000,,,0.20000,7.00000,,N,,,0.00000,0,,,,ШТ,2026-04-01 00:00:00,EKS000005733,N,,,,12.00000,3.60000,56763.36000,,КГ,Заказной,Шаповалов П.Г.,M636350C,ШТ,Заказной товар,Электрорешения ООО,0.00000,0.00000,a.savitskiy,Пакет интерфейса поставки:1d039d6c-45ba-48b8-9aae-a171cc3d64f2,2026-03-23 12:11:03,321110,1996428,12.00000,2,,,,,,,,C,,Годен,,
1994757,WH1,,320623,New,End,,N,ЭКС,,,,,,,ЭКС-000061620   ,5961637.00000,ЭКС-000005738   ,,,False,852144,,,,АВДТ АВДТ-63N 3P+N 20А 30мА характеристика C тип AC электронный 6кА PROXIMA,СМ,False,8.00000,8.50000,1579.24000,1579.24000,,,0.45000,7.50000,,N,,,0.00000,0,,,,ШТ,2026-04-01 00:00:00,EKS000005738,N,,,,1.00000,0.45000,1579.24000,,КГ,Заказной,Шаповалов П.Г.,D63N46E20C30,ШТ,Заказной товар,Электрорешения ООО,0.00000,0.00000,a.savitskiy,Пакет интерфейса поставки:1d039d6c-45ba-48b8-9aae-a171cc3d64f2,2026-03-23 12:11:13,321115,1996446,1.00000,2,,,,,,,,C,,Годен,,
1994758,WH1,,320624,New,End,,N,ЭКС,,,,,,,ЭКС-000010267   ,5961616.00000,ЭКС-000005732   ,,,False,635168,,,,Автоматический выключатель 3P 50А (C) 6кА ВА 47-63N EKF PROxima,СМ,,5.00000,8.00000,563.13000,563.13000,,,0.20000,7.00000,,N,,,0.00000,0,,,,ШТ,2026-04-01 00:00:00,EKS000005732,N,,,,1.00000,0.20000,563.13000,,КГ,Заказной,Шаповалов П.Г.,M636350C,ШТ,Заказной товар,Электрорешения ООО,0.00000,0.00000,a.savitskiy,Пакет интерфейса поставки:f8180bd5-df2e-4279-8c07-344c5ce8227f,2026-03-23 12:15:10,321109,1996427,1.00000,2,,,,,,,,C,,Годен,,
1994759,WH1,,320625,New,End,,N,ЭКС,,,,,,,ЭКС-000011114   ,5961618.00000,ЭКС-000005734   ,,,True,328755,,,,"Наконечник штыревой втулочный изолированный  НШвИ 1,0-8 (50шт.) EKF PROxima",СМ,True,0.50000,5.00000,18.82000,188.20000,,,0.01000,3.00000,,N,,,0.00000,0,,,,УП,2026-04-01 00:00:00,EKS000005734,N,,,,10.00000,0.10000,1882.00000,,КГ,Заказной,Княжева Ю.В.,nhvi-1.0-8,УП,Заказной товар,Электрорешения ООО,0.00000,0.00000,a.savitskiy,Пакет интерфейса поставки:7cda31ce-4443-4028-900f-bd8d421823b4,2026-03-23 12:17:20,321111,1996431,10.00000,2,,,,,,,,C,,Годен,,
1994760,WH1,,320625,New,End,,N,ЭКС,,,,,,,ЭКС-000011114   ,5961619.00000,ЭКС-000005734   ,,,True,328761,,,,"Наконечник штыревой втулочный изолированный  НШвИ 2,5-8 (50шт.) EKF PROxima",СМ,True,1.00000,6.00000,25.85000,258.50000,,,0.01000,4.00000,,N,,,0.00000,0,,,,УП,2026-04-01 00:00:00,EKS000005734,N,,,,10.00000,0.10000,2585.00000,,КГ,Заказной,Княжева Ю.В.,nhvi-2.5-8,УП,Заказной товар,Электрорешения ООО,0.00000,0.00000,a.savitskiy,Пакет интерфейса поставки:7cda31ce-4443-4028-900f-bd8d421823b4,2026-03-23 12:17:20,321111,1996430,10.00000,2,,,,,,,,C,,Годен,,
1994761,WH1,,320625,New,End,,N,ЭКС,,,,,,,ЭКС-000011114   ,5961620.00000,ЭКС-000005734   ,,,True,600951,,,,Наконечник штыревой втулочный  НШвИ(2) 0.5-10 (50шт.) EKF PROxima,СМ,True,1.00000,7.00000,37.32000,186.60000,,,0.01000,5.00000,,N,,,0.00000,0,,,,УП,2026-04-01 00:00:00,EKS000005734,N,,,,5.00000,0.05000,933.00000,,КГ,Заказной,Княжева Ю.В.,nhvi2-0.5-10,УП,Заказной товар,Электрорешения ООО,0.00000,0.00000,a.savitskiy,Пакет интерфейса поставки:7cda31ce-4443-4028-900f-bd8d421823b4,2026-03-23 12:17:20,321111,1996429,5.00000,2,,,,,,,,C,,Годен,,
1994762,WH1,,320625,New,End,,N,ЭКС,,,,,,,ЭКС-000011114   ,5961621.00000,ЭКС-000005734   ,,,False,883293,,,,"Ответвительный сжим (орех) У739М (4-10 мм2; 1,5-2,5 мм2) StreamLine",СМ,,3.00000,4.00000,52.81000,633.72000,,,0.04000,4.00000,,N,,,0.00000,0,,,,ШТ,2026-04-01 00:00:00,EKS000005734,N,,,,12.00000,0.54000,7604.64000,,КГ,Заказной,Княжева Ю.В.,y739m,ШТ,Заказной товар,Электрорешения ООО,0.00000,0.00000,a.savitskiy,Пакет интерфейса поставки:7cda31ce-4443-4028-900f-bd8d421823b4,2026-03-23 12:17:20,321111,1996432,12.00000,2,,,,,,,,C,,Годен,,
1994763,WH1,,320626,New,End,,N,ЭКС,,,,,,,ЭКС-000009159   ,5961734.00000,ЭКС-000005745   ,,,False,180832,,,,Кабель КВВГЭнг(A)-FR-LS 4х1,СМ,,1.00000,100.00000,65.74000,7165.66000,12.6,,0.25400,1.00000,,Y,,,0.00000,0,,,,М,2026-03-30 00:00:00,EKS000005745,N,,,,109.00000,27.68600,781056.94000,,КГ,Заказной,Козлова М.А.,ТХМ00195028,М,Заказной товар,Кабельный завод Кабэкс ОО,0.00000,0.00000,n.bezrukov,Пакет интерфейса поставки:96808786-8494-48bb-8fc8-55d2fbf3b4ce,2026-03-23 12:27:21,321125,1996502,109.00000,1,,,01,,,,,C,,Годен,,
1994764,WH1,,320627,New,End,,N,ЭКС,,,,,,,,5961572.00000,ЭКС-000005729   ,,,False,1297,,8544499509,,"Кабель КСПВ 4х0,4",СМ,False,0.32000,100.00000,9.16000,9160.00000,3.2,,0.01260,0.32000,,Y,,,0.00000,0,,,,М,2026-03-20 00:00:00,EKS000005729,N,,,,1000.00000,12.00000,9160000.00000,,КГ,Коробейников Николай Алек,Козлова М.А.,01-4701,М,Базовый,СДС  ООО,0.00000,0.00000,a.manokhin,Пакет интерфейса поставки:a05bb73c-7514-4a36-b47a-b1c16ed3b6f3,2026-03-23 12:35:17,321106,1996385,1000.00000,1,,,01,,,,,C,,Годен,,
1994765,WH1,,320627,New,End,,N,ЭКС,,,,,,,,5961573.00000,ЭКС-000005729   ,,,False,1298,,8544499509,,"Кабель КСПВ 4х0,5",СМ,False,0.34000,100.00000,12.30000,49200.00000,3.4,,0.01580,0.34000,,Y,,,0.00000,0,,,,М,2026-03-20 00:00:00,EKS000005729,N,,,,4000.00000,30.00000,196800000.00000,,КГ,Коробейников Николай Алек,Козлова М.А.,01-4711,М,Базовый,СДС  ООО,0.00000,0.00000,a.manokhin,Пакет интерфейса поставки:a05bb73c-7514-4a36-b47a-b1c16ed3b6f3,2026-03-23 12:35:17,321106,1996386,4000.00000,1,,,01,,,,,C,,Годен,,
1994766,WH1,,320627,New,End,,N,ЭКС,,,,,,,,5961587.00000,ЭКС-000005729   ,,,False,273964,,,,USB кабель универсальный microUSB шнур плоский 1М черный,СМ,,1.00000,20.00000,120.04000,3601.20000,,1,0.20000,10.00000,,N,,,0.00000,0,,,,ШТ,2026-03-20 00:00:00,EKS000005729,N,,,,30.00000,2.40000,108036.00000,,КГ,Коробейников Николай Алек,Козлова М.А.,18-4270,ШТ,Базовый,СДС  ООО,0.00000,0.00000,a.manokhin,Пакет интерфейса поставки:a05bb73c-7514-4a36-b47a-b1c16ed3b6f3,2026-03-23 12:35:17,321106,1996420,30.00000,2,,,,,,,,B,,Годен,,
1994767,WH1,,320627,New,End,,N,ЭКС,,,,,,,,5961588.00000,ЭКС-000005729   ,,,False,334512,,,,"Провод для полевой связи П-274-М,500м",СМ,,0.46000,100.00000,12.02000,36060.00000,4.6,,0.01500,0.46000,,Y,,,0.00000,0,,,,М,2026-03-20 00:00:00,EKS000005729,N,,,,3000.00000,33.96000,108180000.00000,,КГ,Коробейников Николай Алек,Козлова М.А.,01-8080,М,Товар РЦ,СДС  ООО,0.00000,0.00000,a.manokhin,Пакет интерфейса поставки:a05bb73c-7514-4a36-b47a-b1c16ed3b6f3,2026-03-23 12:35:17,321106,1996387,3000.00000,1,,,,,,,,C,,Годен,,
1994768,WH1,,320627,New,End,,N,ЭКС,,,,,,,,5961593.00000,ЭКС-000005729   ,,,False,292937,,,,"Кабель SAT 703B+Cu/Al/Cu,(75%), 75 Ом, 50м., белый  REXANT",СМ,,8.00000,22.00000,1333.81000,13338.10000,,,0.50000,22.00000,,N,,,0.00000,0,,,,ШТ,2026-03-20 00:00:00,EKS000005729,N,,,,10.00000,5.00000,133381.00000,,КГ,Коробейников Николай Алек,Козлова М.А.,01-2431-50,ШТ,Базовый,СДС  ООО,0.00000,0.00000,a.manokhin,Пакет интерфейса поставки:a05bb73c-7514-4a36-b47a-b1c16ed3b6f3,2026-03-23 12:35:17,321106,1996415,10.00000,2,,,,,,,,C,,Годен,,
1994769,WH1,,320627,New,End,,N,ЭКС,,,,,,,,5961598.00000,ЭКС-000005729   ,,,False,357586,,,,"Минибухта UTP REXANT 4PR 24AWG, CU (медь), CAT5e, 100 МГц, PVC, серый, бухта 50 м",СМ,,18.00000,18.00000,1795.44000,17954.40000,,,0.40000,7.00000,,N,,,0.00000,0,,,,ШТ,2026-03-20 00:00:00,EKS000005729,N,,,,10.00000,4.00000,179544.00000,,КГ,Коробейников Николай Алек,Козлова М.А.,01-0043-50,ШТ,Базовый,СДС  ООО,0.00000,0.00000,a.manokhin,Пакет интерфейса поставки:a05bb73c-7514-4a36-b47a-b1c16ed3b6f3,2026-03-23 12:35:17,321106,1996410,10.00000,2,,,,,,,,B,,Годен,,
1994770,WH1,,320627,New,End,,N,ЭКС,,,,,,,,5961604.00000,ЭКС-000005729   ,,,False,504663,,,,"Кабель USB-Lightning для iPhone/2,4A/nylon/denim/1m/REXANT",СМ,,2.00000,19.00000,125.54000,5021.60000,,,0.10000,6.00000,,N,,,0.00000,0,,,,ШТ,2026-03-20 00:00:00,EKS000005729,N,,,,40.00000,1.20000,200864.00000,,КГ,Коробейников Николай Алек,Козлова М.А.,18-4248,ШТ,Базовый,СДС  ООО,0.00000,0.00000,a.manokhin,Пакет интерфейса поставки:a05bb73c-7514-4a36-b47a-b1c16ed3b6f3,2026-03-23 12:35:17,321106,1996407,40.00000,2,,,,,,,,C,,Годен,,
1994771,WH1,,320627,New,End,,N,ЭКС,,,,,,,,5961577.00000,ЭКС-000005729   ,,,False,200519,,,,"ДЕЛИТЕЛЬ ТВ x 3 + 4шт. F ""BOX"" 5-1000 МГц ""GOLD"" REXANT",СМ,,5.00000,5.00000,157.70000,788.50000,,,0.20000,5.00000,,N,,,0.00000,0,,,,ШТ,2026-03-20 00:00:00,EKS000005729,N,,,,5.00000,1.00000,3942.50000,,КГ,Коробейников Николай Алек,Козлова М.А.,05-6102-1,ШТ,Базовый,СДС  ООО,0.00000,0.00000,a.savitskiy,Пакет интерфейса поставки:a05bb73c-7514-4a36-b47a-b1c16ed3b6f3,2026-03-23 12:35:17,321106,1996399,5.00000,2,,,,,,,,C,,Годен,,
1994772,WH1,,320627,New,End,,N,ЭКС,,,,,,,,5961579.00000,ЭКС-000005729   ,,,False,200521,,,,"ДЕЛИТЕЛЬ ТВ x 3 + 4шт. F ""BOX"" 5-1000 МГц ""Silver"" REXANT",СМ,,5.00000,5.00000,174.92000,8746.00000,,1,1.00000,5.00000,,N,,,0.00000,0,,,,ШТ,2026-03-20 00:00:00,EKS000005729,N,,,,50.00000,4.60000,437300.00000,,КГ,Коробейников Николай Алек,Козлова М.А.,05-6102,ШТ,Базовый,СДС  ООО,0.00000,0.00000,a.savitskiy,Пакет интерфейса поставки:a05bb73c-7514-4a36-b47a-b1c16ed3b6f3,2026-03-23 12:35:17,321106,1996397,50.00000,2,,,,,,,,B,,Годен,,
1994773,WH1,,320627,New,End,,N,ЭКС,,,,,,,,5961582.00000,ЭКС-000005729   ,,,False,205699,,8544429007,,"Шнур HDMI v1.4 gold 1,5 м с фильтрами REXANT",СМ,False,15.00000,15.00000,174.21000,1742.10000,,1,0.20000,3.00000,,N,,,0.00000,0,,,,ШТ,2026-03-20 00:00:00,EKS000005729,N,,,,10.00000,1.00000,17421.00000,,КГ,Коробейников Николай Алек,Козлова М.А.,17-6203,ШТ,Базовый,СДС  ООО инн_7734425377,0.00000,0.00000,a.savitskiy,Пакет интерфейса поставки:a05bb73c-7514-4a36-b47a-b1c16ed3b6f3,2026-03-23 12:35:17,321106,1996394,10.00000,2,,,,,,,,C,,Годен,,
1994774,WH1,,320627,New,End,,N,ЭКС,,,,,,,,5961583.00000,ЭКС-000005729   ,,,False,232487,,,,ПЕРЕХОД гнездо F - гнездо TV REXANT,СМ,,1.30000,2.00000,13.29000,2658.00000,,1,0.00100,1.30000,,N,,,0.00000,0,,,,ШТ,2026-03-20 00:00:00,EKS000005729,N,,,,200.00000,0.20000,531600.00000,,КГ,Коробейников Николай Алек,Козлова М.А.,05-4301,ШТ,Базовый,СДС  ООО,0.00000,0.00000,a.savitskiy,Пакет интерфейса поставки:a05bb73c-7514-4a36-b47a-b1c16ed3b6f3,2026-03-23 12:35:17,321106,1996424,200.00000,2,,,,,,,,B,,Годен,,
1994775,WH1,,320627,New,End,,N,ЭКС,,,,,,,,5961592.00000,ЭКС-000005729   ,,,False,292936,,,,"Кабель SAT 703B+Cu/Al/Cu,(75%), 75 Ом, 10м., белый  REXANT",СМ,,7.00000,12.00000,208.66000,4173.20000,,,0.20000,12.00000,,N,,,0.00000,0,,,,ШТ,2026-03-20 00:00:00,EKS000005729,N,,,,20.00000,4.00000,83464.00000,,КГ,Коробейников Николай Алек,Козлова М.А.,01-2431-10,ШТ,Базовый,СДС  ООО,0.00000,0.00000,a.savitskiy,Пакет интерфейса поставки:a05bb73c-7514-4a36-b47a-b1c16ed3b6f3,2026-03-23 12:35:17,321106,1996416,20.00000,2,,,,,,,,C,,Годен,,
1994776,WH1,,320627,New,End,,N,ЭКС,,,,,,,,5961599.00000,ЭКС-000005729   ,,,False,184790,,,,"Кабель RG-6U, (48%), 75 Ом, 100м.,   PROCONNECT",СМ,,0.68000,100.00000,8.28000,8280.00000,6.8,,0.03250,0.68000,,Y,,,0.00000,0,,,,М,2026-03-20 00:00:00,EKS000005729,N,,,,1000.00000,34.20000,8280000.00000,,КГ,Коробейников Николай Алек,Козлова М.А.,01-2205_м,М,Базовый,СДС  ООО,0.00000,0.00000,a.savitskiy,Пакет интерфейса поставки:a05bb73c-7514-4a36-b47a-b1c16ed3b6f3,2026-03-23 12:35:17,321106,1996388,1000.00000,1,,,,,,,,C,,Годен,,
1994777,WH1,,320627,New,End,,N,ЭКС,,,,,,,,5961600.00000,ЭКС-000005729   ,,,False,184791,,,,"Кабель RG-6U+CU, (64%), 75 Ом, 100м., белый  REXANT",СМ,,0.52000,100.00000,20.55000,22605.00000,5.2,,0.06500,0.52000,,Y,,,0.00000,0,,,,М,2026-03-20 00:00:00,EKS000005729,N,,,,1100.00000,71.50000,24865500.00000,,КГ,Коробейников Николай Алек,Козлова М.А.,01-2221_м,М,Базовый,СДС  ООО,0.00000,0.00000,a.savitskiy,Пакет интерфейса поставки:a05bb73c-7514-4a36-b47a-b1c16ed3b6f3,2026-03-23 12:35:17,321106,1996389,1100.00000,1,,,,,,,,C,,Годен,,
1994778,WH1,,320627,New,End,,N,ЭКС,,,,,,,,5961601.00000,ЭКС-000005729   ,,,False,184793,,,,"Кабель SAT 703B+Cu/Al/Cu, 75 Ом, 100м., белый  REXANT",СМ,,0.68000,100.00000,23.24000,162680.00000,6.8,,0.03950,0.68000,,Y,,,0.00000,0,,,,М,2026-03-20 00:00:00,EKS000005729,N,,,,7000.00000,291.00000,1138760000.00000,,КГ,Коробейников Николай Алек,Козлова М.А.,01-2431_м,М,Суперсклад,СДС  ООО,0.00000,0.00000,a.savitskiy,Пакет интерфейса поставки:a05bb73c-7514-4a36-b47a-b1c16ed3b6f3,2026-03-23 12:35:17,321106,1996390,7000.00000,1,,,,,,,,A,,Годен,,
1994779,WH1,,320627,New,End,,N,ЭКС,,,,,,,,5961605.00000,ЭКС-000005729   ,,,False,504664,,,,Шнур USB 3.1 type C (male)-USB 2.0 (male) 1 м белый REXANT,СМ,,1.00000,8.00000,87.53000,875.30000,,,0.10000,7.00000,,N,,,0.00000,0,,,,ШТ,2026-03-20 00:00:00,EKS000005729,N,,,,10.00000,0.30000,8753.00000,,КГ,Коробейников Николай Алек,Козлова М.А.,18-1881-1,ШТ,Товар РЦ,СДС  ООО,0.00000,0.00000,a.savitskiy,Пакет интерфейса поставки:a05bb73c-7514-4a36-b47a-b1c16ed3b6f3,2026-03-23 12:35:17,321106,1996406,10.00000,2,,,,,,,,C,,Годен,,
1994780,WH1,,320627,New,End,,N,ЭКС,,,,,,,,5961574.00000,ЭКС-000005729   ,,,False,184799,,,,"РАЗЪЁМ  F-разъём  RG-6   ""AB"" (03-008C)  PROCONNECT",СМ,,1.30000,2.00000,3.39000,169.50000,,1,0.00100,1.30000,,N,,,0.00000,0,,,,ШТ,2026-03-20 00:00:00,EKS000005729,N,,,,50.00000,0.05000,8475.00000,,КГ,Коробейников Николай Алек,Козлова М.А.,05-4003-4,ШТ,Базовый,СДС  ООО,0.00000,0.00000,n.bezrukov,Пакет интерфейса поставки:a05bb73c-7514-4a36-b47a-b1c16ed3b6f3,2026-03-23 12:35:17,321106,1996402,50.00000,2,,,,,,,,C,,Годен,,
1994781,WH1,,320627,New,End,,N,ЭКС,,,,,,,,5961575.00000,ЭКС-000005729   ,,,False,184800,,,,РАЗЪЁМ  F-разъём RG-6 (03-008C)  REXANT,СМ,,1.00000,2.00000,7.39000,5173.00000,,,0.03500,1.00000,,N,,,0.00000,0,,,,ШТ,2026-03-20 00:00:00,EKS000005729,N,,,,700.00000,2.45000,3621100.00000,,КГ,Коробейников Николай Алек,Козлова М.А.,05-4003,ШТ,Базовый,СДС  ООО,0.00000,0.00000,n.bezrukov,Пакет интерфейса поставки:a05bb73c-7514-4a36-b47a-b1c16ed3b6f3,2026-03-23 12:35:17,321106,1996401,700.00000,2,,,,,,,,B,,Годен,,
1994782,WH1,,320627,New,End,,N,ЭКС,,,,,,,,5961576.00000,ЭКС-000005729   ,,,False,197266,,,,"ПЕРЕХОД гнездо F - гнездо F ""БОЧКА"" REXANT",СМ,,1.00000,3.00000,12.42000,2484.00000,,,0.10000,1.00000,,N,,,0.00000,0,,,,ШТ,2026-03-20 00:00:00,EKS000005729,N,,,,200.00000,0.60000,496800.00000,,КГ,Коробейников Николай Алек,Козлова М.А.,05-4201,ШТ,Базовый,СДС  ООО,0.00000,0.00000,n.bezrukov,Пакет интерфейса поставки:a05bb73c-7514-4a36-b47a-b1c16ed3b6f3,2026-03-23 12:35:17,321106,1996400,200.00000,2,,,,,,,,B,,Годен,,
1994783,WH1,,320627,New,End,,N,ЭКС,,,,,,,,5961578.00000,ЭКС-000005729   ,,,False,200520,,,,"ДЕЛИТЕЛЬ ТВ x 2 + 3шт. F ""BOX"" 5-1000 МГц ""Silver"" REXANT",СМ,,5.00000,5.00000,131.19000,13119.00000,,,0.08300,5.00000,,N,,,0.00000,0,,,,ШТ,2026-03-20 00:00:00,EKS000005729,N,,,,100.00000,8.30000,1311900.00000,,КГ,Коробейников Николай Алек,Козлова М.А.,05-6101,ШТ,Базовый,СДС  ООО,0.00000,0.00000,n.bezrukov,Пакет интерфейса поставки:a05bb73c-7514-4a36-b47a-b1c16ed3b6f3,2026-03-23 12:35:17,321106,1996398,100.00000,2,,,,,,,,A,,Годен,,
1994784,WH1,,320627,New,End,,N,ЭКС,,,,,,,,5961580.00000,ЭКС-000005729   ,,,False,203045,,,,ПЕРЕХОД гнездо F - штекер TV REXANT,СМ,,1.00000,2.50000,12.75000,1275.00000,,1,0.01000,2.00000,,N,,,0.00000,0,,,,ШТ,2026-03-20 00:00:00,EKS000005729,N,,,,100.00000,1.00000,127500.00000,,КГ,Коробейников Николай Алек,Козлова М.А.,05-4303,ШТ,Базовый,СДС  ООО,0.00000,0.00000,n.bezrukov,Пакет интерфейса поставки:a05bb73c-7514-4a36-b47a-b1c16ed3b6f3,2026-03-23 12:35:17,321106,1996396,100.00000,2,,,,,,,,B,,Годен,,
1994785,WH1,,320627,New,End,,N,ЭКС,,,,,,,,5961581.00000,ЭКС-000005729   ,,,False,203050,,,,ПЕРЕХОД гнездо F - штекер TV угловой REXANT,СМ,,1.00000,2.50000,33.44000,3344.00000,,1,0.01000,2.00000,,N,,,0.00000,0,,,,ШТ,2026-03-20 00:00:00,EKS000005729,N,,,,100.00000,0.40000,334400.00000,,КГ,Коробейников Николай Алек,Козлова М.А.,05-4311,ШТ,Базовый,СДС  ООО,0.00000,0.00000,n.bezrukov,Пакет интерфейса поставки:a05bb73c-7514-4a36-b47a-b1c16ed3b6f3,2026-03-23 12:35:17,321106,1996395,100.00000,2,,,,,,,,C,,Годен,,
1994786,WH1,,320627,New,End,,N,ЭКС,,,,,,,,5961584.00000,ЭКС-000005729   ,,,False,249633,,,,"Разъем UTP RJ-45 (8P8C), CAT 5e PROconnect",СМ,,1.00000,3.00000,2.34000,2574.00000,,,0.01000,1.00000,,N,,,0.00000,0,,,,ШТ,2026-03-20 00:00:00,EKS000005729,N,,,,1100.00000,1.66000,2831400.00000,,КГ,Коробейников Николай Алек,Козлова М.А.,05-1021-3,ШТ,Базовый,СДС  ООО,0.00000,0.00000,n.bezrukov,Пакет интерфейса поставки:a05bb73c-7514-4a36-b47a-b1c16ed3b6f3,2026-03-23 12:35:17,321106,1996423,1100.00000,2,,,,,,,,B,,Годен,,
1994787,WH1,,320627,New,End,,N,ЭКС,,,,,,,,5961585.00000,ЭКС-000005729   ,,,False,268666,,,,Шнур USB 3.1 type C (male)- USB 2.0 (male) 1М  REXANT,СМ,,2.00000,19.00000,87.53000,2625.90000,,1,0.10000,10.00000,,N,,,0.00000,0,,,,ШТ,2026-03-20 00:00:00,EKS000005729,N,,,,30.00000,0.90000,78777.00000,,КГ,Коробейников Николай Алек,Козлова М.А.,18-1881,ШТ,Базовый,СДС  ООО,0.00000,0.00000,n.bezrukov,Пакет интерфейса поставки:a05bb73c-7514-4a36-b47a-b1c16ed3b6f3,2026-03-23 12:35:17,321106,1996422,30.00000,2,,,,,,,,A,,Годен,,
1994788,WH1,,320627,New,End,,N,ЭКС,,,,,,,,5961586.00000,ЭКС-000005729   ,,,False,268669,,,,"Сетевое зарядное устройство iPhone/iPod USB белое (СЗУ) (5V, 1000 mA)",СМ,,2.00000,14.00000,115.46000,2309.20000,,1,0.10000,10.00000,,N,,,0.00000,0,,,,ШТ,2026-03-20 00:00:00,EKS000005729,N,,,,20.00000,1.00000,46184.00000,,КГ,Коробейников Николай Алек,Козлова М.А.,18-1194,ШТ,Базовый,СДС  ООО,0.00000,0.00000,n.bezrukov,Пакет интерфейса поставки:a05bb73c-7514-4a36-b47a-b1c16ed3b6f3,2026-03-23 12:35:17,321106,1996421,20.00000,2,,,,,,,,A,,Годен,,
1994789,WH1,,320627,New,End,,N,ЭКС,,,,,,,,5961589.00000,ЭКС-000005729   ,,,False,292933,,,,"Кабель RG-6U, (48%), 75 Ом, 10м., белый  PROCONNECT",СМ,,14.00000,14.00000,128.43000,3852.90000,,,0.30000,6.00000,,N,,,0.00000,0,,,,ШТ,2026-03-20 00:00:00,EKS000005729,N,,,,30.00000,9.00000,115587.00000,,КГ,Коробейников Николай Алек,Козлова М.А.,01-2205-10,ШТ,Базовый,СДС  ООО,0.00000,0.00000,n.bezrukov,Пакет интерфейса поставки:a05bb73c-7514-4a36-b47a-b1c16ed3b6f3,2026-03-23 12:35:17,321106,1996419,30.00000,2,,,,,,,,C,,Годен,,
1994790,WH1,,320627,New,End,,N,ЭКС,,,,,,,,5961590.00000,ЭКС-000005729   ,,,False,292934,,,,"Кабель RG-6U, (48%), 75 Ом, 20м., белый  PROCONNECT",СМ,,16.00000,16.00000,256.00000,2560.00000,,,0.20000,6.00000,,N,,,0.00000,0,,,,ШТ,2026-03-20 00:00:00,EKS000005729,N,,,,10.00000,2.00000,25600.00000,,КГ,Коробейников Николай Алек,Козлова М.А.,01-2205-20,ШТ,Базовый,СДС  ООО,0.00000,0.00000,n.bezrukov,Пакет интерфейса поставки:a05bb73c-7514-4a36-b47a-b1c16ed3b6f3,2026-03-23 12:35:17,321106,1996418,10.00000,2,,,,,,,,C,,Годен,,
1994791,WH1,,320627,New,End,,N,ЭКС,,,,,,,,5961591.00000,ЭКС-000005729   ,,,False,292935,,,,"Кабель RG-6U, (48%), 75 Ом, 50м., белый  PROCONNECT",СМ,,20.00000,20.00000,588.75000,2943.75000,,,0.30000,8.00000,,N,,,0.00000,0,,,,ШТ,2026-03-20 00:00:00,EKS000005729,N,,,,5.00000,1.50000,14718.75000,,КГ,Коробейников Николай Алек,Козлова М.А.,01-2205-50,ШТ,Базовый,СДС  ООО,0.00000,0.00000,n.bezrukov,Пакет интерфейса поставки:a05bb73c-7514-4a36-b47a-b1c16ed3b6f3,2026-03-23 12:35:17,321106,1996417,5.00000,2,,,,,,,,C,,Годен,,
1994792,WH1,,320627,New,End,,N,ЭКС,,,,,,,,5961594.00000,ЭКС-000005729   ,,,False,292938,,,,"Кабель SAT 703B+Cu/Al/Cu,(75%), 75 Ом, 20м., белый  REXANT",СМ,,16.00000,16.00000,533.52000,16005.60000,,,0.20000,7.00000,,N,,,0.00000,0,,,,ШТ,2026-03-20 00:00:00,EKS000005729,N,,,,30.00000,18.00000,480168.00000,,КГ,Коробейников Николай Алек,Козлова М.А.,01-2431-20,ШТ,Базовый,СДС  ООО,0.00000,0.00000,n.bezrukov,Пакет интерфейса поставки:a05bb73c-7514-4a36-b47a-b1c16ed3b6f3,2026-03-23 12:35:17,321106,1996414,30.00000,2,,,,,,,,B,,Годен,,
1994793,WH1,,320627,New,End,,N,ЭКС,,,,,,,,5961595.00000,ЭКС-000005729   ,,,False,295979,,,,"USB кабель для iPhone 5/6/7 моделей, шнур в металлической оплетке, серебристый REXANT",СМ,,2.00000,15.00000,153.80000,3076.00000,,,0.08000,10.00000,,N,,,0.00000,0,,,,ШТ,2026-03-20 00:00:00,EKS000005729,N,,,,20.00000,0.60000,61520.00000,,КГ,Коробейников Николай Алек,Козлова М.А.,18-4247,ШТ,Базовый,СДС  ООО,0.00000,0.00000,n.bezrukov,Пакет интерфейса поставки:a05bb73c-7514-4a36-b47a-b1c16ed3b6f3,2026-03-23 12:35:17,321106,1996413,20.00000,2,,,,,,,,C,,Годен,,
1994794,WH1,,320627,New,End,,N,ЭКС,,,,,,,,5961596.00000,ЭКС-000005729   ,,,False,312137,,,,Шнур USB 3.1 type C (male)- USB 2.0 (male) в тканевой оплетке 1М silver REXANT,СМ,,1.00000,14.00000,100.03000,7002.10000,,1,0.00900,9.00000,,N,,,0.00000,0,,,,ШТ,2026-03-20 00:00:00,EKS000005729,N,,,,70.00000,1.40000,490147.00000,,КГ,Коробейников Николай Алек,Козлова М.А.,18-1884,ШТ,Базовый,СДС  ООО,0.00000,0.00000,n.bezrukov,Пакет интерфейса поставки:a05bb73c-7514-4a36-b47a-b1c16ed3b6f3,2026-03-23 12:35:17,321106,1996412,70.00000,2,,,,,,,,C,,Годен,,
1994795,WH1,,320627,New,End,,N,ЭКС,,,,,,,,5961597.00000,ЭКС-000005729   ,,,False,357585,,,,"Минибухта UTP REXANT 4PR 24AWG, CU (медь), CAT5e, 100 МГц, PVC, серый, бухта 25 м",СМ,,17.00000,17.00000,933.66000,46683.00000,,,0.40000,6.00000,,N,,,0.00000,0,,,,ШТ,2026-03-20 00:00:00,EKS000005729,N,,,,50.00000,32.80000,2334150.00000,,КГ,Коробейников Николай Алек,Козлова М.А.,01-0043-25,ШТ,Базовый,СДС  ООО,0.00000,0.00000,n.bezrukov,Пакет интерфейса поставки:a05bb73c-7514-4a36-b47a-b1c16ed3b6f3,2026-03-23 12:35:17,321106,1996411,50.00000,2,,,,,,,,B,,Годен,,
1994796,WH1,,320627,New,End,,N,ЭКС,,,,,,,,5961602.00000,ЭКС-000005729   ,,,False,422991,,,,"Кабель PROconnect HDMI - HDMI 1.4, 1.5м Gold",СМ,,2.00000,13.00000,101.92000,1019.20000,,1,0.05000,13.00000,,N,,,0.00000,0,,,,ШТ,2026-03-20 00:00:00,EKS000005729,N,,,,10.00000,0.50000,10192.00000,,КГ,Коробейников Николай Алек,Козлова М.А.,17-6203-6,ШТ,Базовый,СДС  ООО,0.00000,0.00000,n.bezrukov,Пакет интерфейса поставки:a05bb73c-7514-4a36-b47a-b1c16ed3b6f3,2026-03-23 12:35:17,321106,1996409,10.00000,2,,,,,,,,C,,Годен,,
1994797,WH1,,320627,New,End,,N,ЭКС,,,,,,,,5961603.00000,ЭКС-000005729   ,,,False,431746,,,,USB кабель для iPhone 5/6/7 моделей шнур 1М черный REXANT,СМ,,1.00000,14.00000,87.53000,875.30000,,,0.05000,8.00000,,N,,,0.00000,0,,,,ШТ,2026-03-20 00:00:00,EKS000005729,N,,,,10.00000,0.30000,8753.00000,,КГ,Коробейников Николай Алек,Козлова М.А.,18-1122,ШТ,Базовый,СДС  ООО,0.00000,0.00000,n.bezrukov,Пакет интерфейса поставки:a05bb73c-7514-4a36-b47a-b1c16ed3b6f3,2026-03-23 12:35:17,321106,1996408,10.00000,2,,,,,,,,C,,Годен,,
1994798,WH1,,320627,New,End,,N,ЭКС,,,,,,,,5961610.00000,ЭКС-000005729   ,,,False,810703,,,,"Розетка  1-ая с ЗК   , со шторками 16А титан  (рамка в комплекте) /KRANZ MIELE ROUND/",СМ,,4.00000,8.00000,348.94000,20238.52000,,,0.05000,8.00000,,N,,,0.00000,0,,,,ШТ,2026-03-20 00:00:00,EKS000005729,N,,,,58.00000,10.40000,1173834.16000,,КГ,,Куграшова О.В.,KR-78-0701-2,ШТ,Новинка,СДС  ООО,0.00000,0.00000,n.bezrukov,Пакет интерфейса поставки:a05bb73c-7514-4a36-b47a-b1c16ed3b6f3,2026-03-23 12:35:17,321106,1996393,58.00000,2,,,,,,,,C,,Годен,,
1994799,WH1,,320627,New,End,,N,ЭКС,,,,,,,ЭКС-000009107   ,5961612.00000,ЭКС-000005729   ,,,False,874885,,,,Мультиметр универсальный UT89XD,СМ,False,6.00000,22.00000,2508.32000,2508.32000,,,0.54000,16.00000,,N,,,0.00000,0,,,,ШТ,2026-03-20 00:00:00,EKS000005729,N,,,,1.00000,0.54000,2508.32000,,КГ,Заказной,Третьяков С.М.,13-0076,ШТ,,СДС  ООО инн_7734425377,0.00000,0.00000,n.bezrukov,Пакет интерфейса поставки:a05bb73c-7514-4a36-b47a-b1c16ed3b6f3,2026-03-23 12:35:17,321106,1996391,1.00000,2,,,,,,,,C,,Годен,,
1994800,WH1,,320627,New,End,,N,ЭКС,,,,,,,ЭКС-000009142   ,5961609.00000,ЭКС-000005729   ,,,False,715031,,,,"Клемма СМК 222-422R проxодная разъемная 2 полюса серая 0,2-2,5/4мм? (50 шт/уп) REXANT",СМ,,1.50000,4.50000,41.03000,4103.00000,,,0.01000,1.30000,,N,,,0.00000,0,,,,ШТ,2026-03-20 00:00:00,EKS000005729,N,,,,100.00000,0.90000,410300.00000,,КГ,,Феденькова Д.Ю.,07-5262,ШТ,Товар филиала,СДС  ООО,0.00000,0.00000,a.savitskiy,Пакет интерфейса поставки:a05bb73c-7514-4a36-b47a-b1c16ed3b6f3,2026-03-23 12:35:17,321106,1996403,100.00000,2,,,,,,,,C,,Годен,,
1994801,WH1,,320627,New,End,,N,ЭКС,,,,,,,ЭКС-000009150   ,5961611.00000,ЭКС-000005729   ,,,False,810734,,,,Рамка ГОРИЗОНТАЛЬНАЯ  5-пост антрацит  /KRANZ MIELE STRONG/,СМ,False,1.50000,40.00000,458.48000,458.48000,,,0.07000,9.00000,,N,,,0.00000,0,,,,ШТ,2026-03-20 00:00:00,EKS000005729,N,,,,1.00000,0.07000,458.48000,,КГ,,Куграшова О.В.,KR-78-0755-5,ШТ,Товар РЦ,СДС  ООО,0.00000,0.00000,n.bezrukov,Пакет интерфейса поставки:a05bb73c-7514-4a36-b47a-b1c16ed3b6f3,2026-03-23 12:35:17,321106,1996392,1.00000,2,,,,,,,,C,,Годен,,
1994802,WH1,,320627,New,End,,N,ЭКС,,,,,,,ЭКС-000009220   ,5961608.00000,ЭКС-000005729   ,,,False,575380,,,,"Изолента высоковольтная самослипающаяся, до 1кВ, 0.76х25 мм, 5 м Kranz",СМ,False,3.00000,12.00000,116.61000,1166.10000,,,0.20000,9.50000,,N,,,0.00000,0,,,,ШТ,2026-03-20 00:00:00,EKS000005729,N,,,,10.00000,2.00000,11661.00000,,КГ,Дортман Анна Павловна,Петров И.В.,KR-09-2511,ШТ,Товар филиала,СДС  ООО,0.00000,0.00000,n.bezrukov,Пакет интерфейса поставки:a05bb73c-7514-4a36-b47a-b1c16ed3b6f3,2026-03-23 12:35:17,321106,1996404,10.00000,2,,,,,,,,C,,Годен,,
1994803,WH1,,320627,New,End,,N,ЭКС,,,,,,,ЭКС-000009343   ,5961607.00000,ЭКС-000005729   ,,,False,516369,,,,Бур по бетону 8x160x100 мм (2 грани) SDS-Plus (Kranz),СМ,,1.00000,24.00000,52.31000,523.10000,,1,0.10000,5.00000,,N,,,0.00000,0,,,,ШТ,2026-03-20 00:00:00,EKS000005729,N,,,,10.00000,0.50000,5231.00000,,КГ,Дортман Анна Павловна,Петров И.В.,KR-91-0012,ШТ,Новинка,"ООО ""СДС""",0.00000,0.00000,n.bezrukov,Пакет интерфейса поставки:a05bb73c-7514-4a36-b47a-b1c16ed3b6f3,2026-03-23 12:35:17,321106,1996405,10.00000,2,,,,,,,,C,,Годен,,
1994804,WH1,,320628,New,End,,N,ЭКС,,,,,,,ЭКС-000011197   ,5961630.00000,ЭКС-000005736   ,,,False,513333,,,,Шина М1T 3х25х4000 мм EKF PROxima,СМ,,0.30000,400.00000,4829.62000,24148.10000,,,4.00000,2.50000,,N,,,0.00000,0,,,,ШТ,2026-04-01 00:00:00,EKS000005736,N,,,,5.00000,20.00000,120740.50000,,КГ,Заказной,Феденькова Д.Ю.,SM-3x25,ШТ,Заказной товар,Электрорешения ООО,0.00000,0.00000,a.savitskiy,Пакет интерфейса поставки:a05bb73c-7514-4a36-b47a-b1c16ed3b6f3,2026-03-23 12:35:26,321113,1996440,5.00000,2,,,,,,,Shina,C,,Годен,,
1994805,WH1,,320629,New,End,,N,ЭКС,,,,,,,ЭКС-000011581   ,5961780.00000,ЭКС-000005751   ,,,False,306710,,,,"Кабель АВБШвнг(А)-LS 5х6-0,66",СМ,,1.94000,100.00000,139.26000,9748.20000,19.4,,0.62900,1.94000,,Y,,,0.00000,0,,,,М,2026-03-20 00:00:00,EKS000005751,N,,,,70.00000,44.03000,682374.00000,,КГ,Заказной,Лихушина Н.И.,306710,М,Заказной товар,Сибкабель АО,0.00000,0.00000,a.savitskiy,Пакет интерфейса поставки:a05bb73c-7514-4a36-b47a-b1c16ed3b6f3,2026-03-23 12:35:35,321131,1996536,70.00000,1,,,01,,,,,C,,Годен,,
1994806,WH1,,320630,New,End,,N,ЭКС,,,,,,,ЭКС-000008444   ,5961736.00000,ЭКС-000005747   ,,,False,534184,,,,Светильник LED ALED. 52П 52Вт 6966Лм 6500К прозрачный IP65 1265х120х90мм 3 года гарантии,СМ,False,7.00000,127.00000,2240.25000,24642.75000,,,2.00000,13.00000,,N,,,0.00000,0,,,,ШТ,2026-03-23 00:00:00,EKS000005747,N,,,,11.00000,22.00000,271070.25000,,КГ,Логунов Владимир Александ,Колупаев В.Г.,П18052621,ШТ,Товар РЦ,Кулманаков Дмитрий Сергее,0.00000,0.00000,r.sagaidak,Пакет интерфейса поставки:9766a435-8519-4c58-b01a-fda9278cc194,2026-03-23 12:41:15,321127,1996504,11.00000,2,,,,,,,Long < 2,C,,Годен,,
1994807,WH1,,320631,New,End,,N,ЭКС,,,,,,,ЭКС-000011039   ,5961635.00000,ЭКС-000005737   ,,,True,330957,,,,Зажим СИЗ-5 (3-17мм2) (100шт.) красный EKF,СМ,True,4.00000,15.00000,380.57000,380.57000,,,0.20000,14.00000,,N,,,0.00000,0,,,,УП,2026-04-01 00:00:00,EKS000005737,N,,,,1.00000,0.20000,380.57000,,КГ,Заказной,Княжева Ю.В.,plc-cc-8,УП,Заказной товар,Электрорешения ООО,0.00000,0.00000,a.savitskiy,Пакет интерфейса поставки:ff067b41-daa3-4780-a6a3-6e9c74594f21,2026-03-23 12:43:07,321114,1996442,1.00000,2,,,,,,,,C,,Годен,,
1994808,WH1,,320631,New,End,,N,ЭКС,,,,,,,ЭКС-000011052   ,5961632.00000,ЭКС-000005737   ,,,True,397422,,,,Клемма тройная КСВ 16-50 серая EKF,СМ,True,4.00000,5.00000,452.88000,4528.80000,,,0.10000,5.00000,,N,,,0.00000,0,,,,ШТ,2026-04-01 00:00:00,EKS000005737,N,,,,10.00000,1.20000,45288.00000,,КГ,Заказной,Феденькова Д.Ю.,plc-kvs3-16-50-grey,ШТ,Заказной товар,Электрорешения ООО,0.00000,0.00000,a.savitskiy,Пакет интерфейса поставки:ff067b41-daa3-4780-a6a3-6e9c74594f21,2026-03-23 12:43:07,321114,1996445,10.00000,2,,,,,,,,C,,Годен,,
1994809,WH1,,320631,New,End,,N,ЭКС,,,,,,,ЭКС-000011052   ,5961633.00000,ЭКС-000005737   ,,,False,731243,,,,Коробка соединительная Heat box 120 SD,СМ,,14.00000,18.00000,7377.05000,29508.20000,,,1.30000,14.00000,,N,,,0.00000,0,,,,ШТ,2026-04-01 00:00:00,EKS000005737,N,,,,4.00000,5.20000,118032.80000,,КГ,Заказной,Княжева Ю.В.,HB120SD,ШТ,Заказной товар,Электрорешения ООО,0.00000,0.00000,a.savitskiy,Пакет интерфейса поставки:ff067b41-daa3-4780-a6a3-6e9c74594f21,2026-03-23 12:43:07,321114,1996443,4.00000,2,,,,,,,,C,,Годен,,
1994810,WH1,,320631,New,End,,N,ЭКС,,,,,,,ЭКС-000011087   ,5961631.00000,ЭКС-000005737   ,,,False,388004,,,,ИК датчик движения встраив. 1200Вт 360гр. до 6м IP20 EKF,СМ,,8.00000,12.00000,530.26000,530.26000,,,0.20000,8.00000,,N,,,0.00000,0,,,,ШТ,2026-04-01 00:00:00,EKS000005737,N,,,,1.00000,0.20000,530.26000,,КГ,Заказной,Княжева Ю.В.,dd-ms-100,ШТ,Заказной товар,Электрорешения ООО,0.00000,0.00000,a.savitskiy,Пакет интерфейса поставки:ff067b41-daa3-4780-a6a3-6e9c74594f21,2026-03-23 12:43:07,321114,1996441,1.00000,2,,,,,,,,C,,Годен,,
1994811,WH1,,320631,New,End,,N,ЭКС,,,,,,,ЭКС-000011134   ,5961636.00000,ЭКС-000005737   ,,,False,599734,,,,Устройство защиты от дугового пробоя (УЗДП) 2P 32А EKF PROxima,СМ,,4.00000,8.00000,7529.08000,7529.08000,,,0.21200,8.00000,,N,,,0.00000,0,,,,ШТ,2026-04-01 00:00:00,EKS000005737,N,,,,1.00000,0.21200,7529.08000,,КГ,Заказной,Шаповалов П.Г.,afdd-2-32-pro,ШТ,Товар РЦ,Электрорешения ООО,0.00000,0.00000,a.savitskiy,Пакет интерфейса поставки:ff067b41-daa3-4780-a6a3-6e9c74594f21,2026-03-23 12:43:07,321114,1996444,1.00000,2,,,,,,,,C,,Годен,,
1994812,WH1,,320632,New,End,,N,ЭКС,,,,,,,ЭКС-000000116   ,5961641.00000,ЭКС-000005739   ,,,False,883294,,,,EKF PROxima Матрица светодиодная AD16-22HS желтый 230 В AC IP65,СМ,,3.00000,5.50000,171.16000,1711.60000,,,0.02000,3.00000,,N,,,0.00000,0,,,,ШТ,2026-04-01 00:00:00,EKS000005739,N,,,,10.00000,0.23000,17116.00000,,КГ,Заказной,Третьяков С.М.,ledm-ad16-y-65,ШТ,Заказной товар,Электрорешения ООО,0.00000,0.00000,a.savitskiy,Пакет интерфейса поставки:efb26f90-b2b9-4c62-806d-10c98013be93,2026-03-23 12:45:28,321116,1996449,10.00000,2,,,,,,,,C,,Годен,,
1994813,WH1,,320632,New,End,,N,ЭКС,,,,,,,ЭКС-000000116   ,5961642.00000,ЭКС-000005739   ,,,False,607992,,,,EKF PROxima Матрица светодиодная AD16-22HS зеленый 230 В AC IP65,СМ,,3.00000,6.00000,171.16000,8558.00000,,,0.04000,3.00000,,N,,,0.00000,0,,,,ШТ,2026-04-01 00:00:00,EKS000005739,N,,,,50.00000,1.10000,427900.00000,,КГ,Заказной,Третьяков С.М.,ledm-ad16-g-65,ШТ,Заказной товар,Электрорешения ООО,0.00000,0.00000,a.savitskiy,Пакет интерфейса поставки:efb26f90-b2b9-4c62-806d-10c98013be93,2026-03-23 12:45:28,321116,1996458,50.00000,2,,,,,,,,C,,Годен,,
1994814,WH1,,320632,New,End,,N,ЭКС,,,,,,,ЭКС-000000116   ,5961644.00000,ЭКС-000005739   ,,,False,607993,,,,EKF PROxima Матрица светодиодная AD16-22HS красный 230 В AC IP65,СМ,,2.50000,5.00000,171.16000,8558.00000,,,0.01000,2.50000,,N,,,0.00000,0,,,,ШТ,2026-04-01 00:00:00,EKS000005739,N,,,,50.00000,1.00000,427900.00000,,КГ,Заказной,Третьяков С.М.,ledm-ad16-r-65,ШТ,Выводится из ассортимента,Электрорешения ООО,0.00000,0.00000,a.savitskiy,Пакет интерфейса поставки:efb26f90-b2b9-4c62-806d-10c98013be93,2026-03-23 12:45:28,321116,1996457,50.00000,2,,,,,,,,C,,Годен,,
1994815,WH1,,320632,New,End,,N,ЭКС,,,,,,,ЭКС-000008756   ,5961657.00000,ЭКС-000005739   ,,,False,330912,,,,"Хомут нейлоновый (4,8х450) (100шт.) EKF Basic",СМ,,3.00000,45.00000,314.23000,6284.60000,,,0.20000,10.00000,,N,,,0.00000,0,,,,УП,2026-04-01 00:00:00,EKS000005739,N,,,,20.00000,4.00000,125692.00000,,КГ,Заказной,Гилета О.В.,plc-c-4.8x450,УП,Заказной товар,Электрорешения ООО,0.00000,0.00000,a.savitskiy,Пакет интерфейса поставки:efb26f90-b2b9-4c62-806d-10c98013be93,2026-03-23 12:45:28,321116,1996463,20.00000,2,,,,,,,,C,,Годен,,
1994816,WH1,,320632,New,End,,N,ЭКС,,,,,,,ЭКС-000008823   ,5961646.00000,ЭКС-000005739   ,,,False,129822,,,,Ограничитель имп. перенапр. ОПВ-C/2P In 20кА 400В EKF,СМ,,4.00000,10.00000,1913.44000,1913.44000,,,0.18000,7.00000,,N,,,0.00000,0,,,,ШТ,2026-04-01 00:00:00,EKS000005739,N,,,,1.00000,0.18000,1913.44000,,КГ,Заказной,Шаповалов П.Г.,opv-c2,ШТ,Товар РЦ,Электрорешения ООО,0.00000,0.00000,a.savitskiy,Пакет интерфейса поставки:efb26f90-b2b9-4c62-806d-10c98013be93,2026-03-23 12:45:28,321116,1996452,1.00000,2,,,,,,,,C,,Годен,,
1994817,WH1,,320632,New,End,,N,ЭКС,,,,,,,ЭКС-000010750   ,5961648.00000,ЭКС-000005739   ,,,False,883296,,,,Пускатель электромагнитный ПМ12-160100 220В EKF,СМ,,17.00000,20.50000,10822.19000,32466.57000,,,5.30000,20.00000,,N,,,0.00000,0,,,,ШТ,2026-04-01 00:00:00,EKS000005739,N,,,,3.00000,15.90000,97399.71000,,КГ,Заказной,Третьяков С.М.,pm12-160/220,ШТ,Заказной товар,Электрорешения ООО,0.00000,0.00000,a.savitskiy,Пакет интерфейса поставки:efb26f90-b2b9-4c62-806d-10c98013be93,2026-03-23 12:45:28,321116,1996447,3.00000,2,,,,,,,,C,,Годен,,
1994818,WH1,,320632,New,End,,N,ЭКС,,,,,,,ЭКС-000010773   ,5961638.00000,ЭКС-000005739   ,,,False,417804,,,,Дифференциальный автомат DVA-6 1P+N 16А (B)  30мА (A) 6кА EKF AVERES,СМ,,4.00000,10.00000,3653.52000,3653.52000,,,0.25000,9.00000,,N,,,0.00000,0,,,,ШТ,2026-04-01 00:00:00,EKS000005739,N,,,,1.00000,0.25000,3653.52000,,КГ,Заказной,Шаповалов П.Г.,rcbo6-1pn-16B-30-a-av,ШТ,Заказной товар,Электрорешения ООО,0.00000,0.00000,a.savitskiy,Пакет интерфейса поставки:efb26f90-b2b9-4c62-806d-10c98013be93,2026-03-23 12:45:28,321116,1996460,1.00000,2,,,,,,,,C,,Годен,,
1994819,WH1,,320632,New,End,,N,ЭКС,,,,,,,ЭКС-000010777   ,5961650.00000,ЭКС-000005739   ,,,True,331445,,,,Реле контроля фаз многофункциональное RKF-8 EKF PROxima,СМ,True,5.00000,10.00000,2642.60000,5285.20000,,,0.05000,8.00000,,N,,,0.00000,0,,,,ШТ,2026-04-01 00:00:00,EKS000005739,N,,,,2.00000,0.10000,10570.40000,,КГ,Заказной,Третьяков С.М.,rkf-8,ШТ,Базовый,Электрорешения ООО,0.00000,0.00000,a.savitskiy,Пакет интерфейса поставки:efb26f90-b2b9-4c62-806d-10c98013be93,2026-03-23 12:45:28,321116,1996462,2.00000,2,,,,,,,,C,,Годен,,
1994820,WH1,,320632,New,End,,N,ЭКС,,,,,,,ЭКС-000010858   ,5961647.00000,ЭКС-000005739   ,,,False,883295,,,,Ограничитель имп. перенапр. ОПВ-D/4P In 5кА 230В EKF,СМ,,10.00000,8.00000,6110.81000,12221.62000,,,0.39000,7.50000,,N,,,0.00000,0,,,,ШТ,2026-04-01 00:00:00,EKS000005739,N,,,,2.00000,0.78000,24443.24000,,КГ,Заказной,Шаповалов П.Г.,opv-d4,ШТ,Заказной товар,Электрорешения ООО,0.00000,0.00000,a.savitskiy,Пакет интерфейса поставки:efb26f90-b2b9-4c62-806d-10c98013be93,2026-03-23 12:45:28,321116,1996448,2.00000,2,,,,,,,,C,,Годен,,
1994821,WH1,,320632,New,End,,N,ЭКС,,,,,,,ЭКС-000010858   ,5961653.00000,ЭКС-000005739   ,,,False,760853,,,,EKF Сменный модуль к ОПВ-D In-5кА 275В с сигнализацией,СМ,False,2.00000,5.50000,927.59000,2782.77000,,,0.04000,4.00000,,N,,,0.00000,0,,,,ШТ,2026-04-01 00:00:00,EKS000005739,N,,,,3.00000,0.12000,8348.31000,,КГ,Заказной,Шаповалов П.Г.,opv-d-module,ШТ,Заказной товар,Электрорешения ООО,0.00000,0.00000,a.savitskiy,Пакет интерфейса поставки:efb26f90-b2b9-4c62-806d-10c98013be93,2026-03-23 12:45:28,321116,1996454,3.00000,2,,,,,,,,C,,Годен,,
1994822,WH1,,320632,New,End,,N,ЭКС,,,,,,,ЭКС-000010858   ,5961654.00000,ЭКС-000005739   ,,,False,639766,,,,Сменный модуль к УЗИП Т1+Т2 EKF PROxima,СМ,,5.65000,4.70000,3031.64000,9094.92000,,,0.08000,1.75000,,N,,,0.00000,0,,,,ШТ,2026-04-01 00:00:00,EKS000005739,N,,,,3.00000,0.24000,27284.76000,,КГ,Заказной,Шаповалов П.Г.,OV12-module,ШТ,Заказной товар,Электрорешения ООО,0.00000,0.00000,a.savitskiy,Пакет интерфейса поставки:efb26f90-b2b9-4c62-806d-10c98013be93,2026-03-23 12:45:28,321116,1996456,3.00000,2,,,,,,,,C,,Годен,,
1994823,WH1,,320632,New,End,,N,ЭКС,,,,,,,ЭКС-000010858   ,5961656.00000,ЭКС-000005739   ,,,False,607485,,,,"Устройство защиты от импульсных перенапряжений Т1+Т2; Iimp-12,5kA; In-20kA; Uc-275В; 3+1 EKF",СМ,,8.00000,10.00000,9900.08000,19800.16000,,,0.52000,8.00000,,N,,,0.00000,0,,,,ШТ,2026-04-01 00:00:00,EKS000005739,N,,,,2.00000,1.04000,39600.32000,,КГ,Заказной,Шаповалов П.Г.,OV12-31-506,ШТ,Заказной товар,Электрорешения ООО,0.00000,0.00000,a.savitskiy,Пакет интерфейса поставки:efb26f90-b2b9-4c62-806d-10c98013be93,2026-03-23 12:45:28,321116,1996459,2.00000,2,,,,,,,,C,,Годен,,
1994824,WH1,,320632,New,End,,N,ЭКС,,,,,,,ЭКС-000010884   ,5961655.00000,ЭКС-000005739   ,,,False,883297,,,,"Трансформатор тока ТТЕ-Р 58 300/5А 0,5 3,75ВА",СМ,,8.00000,19.50000,2028.69000,4057.38000,,,1.18000,15.00000,,N,,,0.00000,0,,,,ШТ,2026-04-01 00:00:00,EKS000005739,N,,,,2.00000,2.36000,8114.76000,,КГ,Заказной,Самоличенко В.А.,tte-r58-300,ШТ,Заказной товар,Электрорешения ООО,0.00000,0.00000,a.savitskiy,Пакет интерфейса поставки:efb26f90-b2b9-4c62-806d-10c98013be93,2026-03-23 12:45:28,321116,1996464,2.00000,2,,,,,,,,C,,Годен,,
1994825,WH1,,320632,New,End,,N,ЭКС,,,,,,,ЭКС-000010898   ,5961649.00000,ЭКС-000005739   ,,,False,99628,,8538909908,27.12.40,Приставка ПКЭ-20 EKF,СМ,False,5.00000,4.00000,139.02000,417.06000,,,0.10000,3.00000,,N,,,0.00000,0,,,,ШТ,2026-04-01 00:00:00,EKS000005739,N,,,,3.00000,0.30000,1251.18000,,КГ,Катышев Александр Вячесла,Третьяков С.М.,ctr-sc-24,ШТ,Товар филиала,Электрорешения ООО,0.00000,0.00000,a.savitskiy,Пакет интерфейса поставки:efb26f90-b2b9-4c62-806d-10c98013be93,2026-03-23 12:45:28,321116,1996453,3.00000,2,,,,,,,,C,,Годен,,
1994826,WH1,,320632,New,End,,N,ЭКС,,,,,,,ЭКС-000010898   ,5961651.00000,ЭКС-000005739   ,,,True,144855,,,,Разъем модульный РМ 22/3 EKF rm-22-3,СМ,True,3.00000,7.00000,103.41000,2068.20000,,,0.04000,3.00000,,N,,,0.00000,0,,,,ШТ,2026-04-01 00:00:00,EKS000005739,N,,,,20.00000,0.85000,41364.00000,,КГ,Катышев Александр Вячесла,Третьяков С.М.,rm-22-3,ШТ,Товар филиала,Электрорешения ООО,0.00000,0.00000,a.savitskiy,Пакет интерфейса поставки:efb26f90-b2b9-4c62-806d-10c98013be93,2026-03-23 12:45:28,321116,1996451,20.00000,2,,,,,,,,C,,Годен,,
1994827,WH1,,320632,New,End,,N,ЭКС,,,,,,,ЭКС-000010898   ,5961652.00000,ЭКС-000005739   ,,,True,144856,,,,Реле промежуточное РП 22/3 5А 230В АС EKF rp-22-3-230,СМ,True,2.00000,4.00000,222.81000,4456.20000,,,0.02000,3.00000,,N,,,0.00000,0,,,,ШТ,2026-04-01 00:00:00,EKS000005739,N,,,,20.00000,0.69000,89124.00000,,КГ,Заказной,Третьяков С.М.,rp-22-3-230,ШТ,Товар РЦ,Электрорешения ООО,0.00000,0.00000,a.savitskiy,Пакет интерфейса поставки:efb26f90-b2b9-4c62-806d-10c98013be93,2026-03-23 12:45:28,321116,1996450,20.00000,2,,,,,,,,C,,Годен,,
1994828,WH1,,320632,New,End,,N,ЭКС,,,,,,,ЭКС-000010945   ,5961639.00000,ЭКС-000005739   ,,,True,398441,,,,Блок питания 24В DR-15W-24 EKF PROxima,СМ,True,2.50000,10.00000,1405.74000,1405.74000,,,0.10000,6.00000,,N,,,0.00000,0,,,,ШТ,2026-04-01 00:00:00,EKS000005739,N,,,,1.00000,0.10000,1405.74000,,КГ,Заказной,Третьяков С.М.,dr-15w-24,ШТ,Товар РЦ,Электрорешения ООО,0.00000,0.00000,a.savitskiy,Пакет интерфейса поставки:efb26f90-b2b9-4c62-806d-10c98013be93,2026-03-23 12:45:28,321116,1996461,1.00000,2,,,,,,,,C,,Годен,,
1994829,WH1,,320632,New,End,,N,ЭКС,,,,,,,ЭКС-000010945   ,5961640.00000,ЭКС-000005739   ,,,False,758148,,,,Индуктивный бесконтактный датчик PROXIS-2-30-15-P-NO-M12,СМ,,5.00000,15.00000,1399.38000,1399.38000,,,0.12000,10.00000,,N,,,0.00000,0,,,,ШТ,2026-04-01 00:00:00,EKS000005739,N,,,,1.00000,0.12000,1399.38000,,КГ,Заказной,Третьяков С.М.,PROXIS-2-30-15-P-NO-M12,ШТ,Заказной товар,Электрорешения ООО,0.00000,0.00000,a.savitskiy,Пакет интерфейса поставки:efb26f90-b2b9-4c62-806d-10c98013be93,2026-03-23 12:45:28,321116,1996455,1.00000,2,,,,,,,,C,,Годен,,
1994830,WH1,,320633,New,End,,N,ЭКС,,,,,,,,5961692.00000,ЭКС-000005741   ,,,False,703966,,,,Лампа LED G13  600мм 10W/840 1000Lm трубка стекло   RED LINE,СМ,False,2.50000,60.00000,44.00000,80300.00000,,,0.10000,2.50000,,N,,,0.00000,0,,,,ШТ,2026-03-21 00:00:00,EKS000005741,N,,,,1825.00000,233.70000,146547500.00000,,КГ,,Косова Т.В.,Б0056904,ШТ,Базовый,Орион ООО   (ЭРА) новый (,0.00000,0.00000,a.manokhin,Пакет интерфейса поставки:c52548c7-db32-44f8-b488-f6db18382eb5,2026-03-23 12:52:57,321121,1996490,1825.00000,2,,,,,,,,C,,Годен,,
1994831,WH1,,320633,New,End,,N,ЭКС,,,,,,,ЭКС-000000116   ,5961696.00000,ЭКС-000005741   ,,,False,691900,,,,ЭРА Лампа светодиодная ЭРА RED LINE LED T8-24W-840-G13-1500mm NTB G13 неповоротный 24Вт трубка стекл,СМ,,3.00000,150.00000,87.00000,87000.00000,,,0.10000,3.00000,,N,,,0.00000,0,,,,ШТ,2026-03-21 00:00:00,EKS000005741,N,,,,1000.00000,271.76000,87000000.00000,,КГ,Заказной,Косова Т.В.,Б0056908,ШТ,Заказной товар,Орион ООО   (ЭРА) новый,0.00000,0.00000,a.manokhin,Пакет интерфейса поставки:c52548c7-db32-44f8-b488-f6db18382eb5,2026-03-23 12:52:57,321121,1996491,1000.00000,2,,,,,,,,C,,Годен,,
1994832,WH1,,320633,New,End,,N,ЭКС,,,,,,,ЭКС-000000116   ,5961697.00000,ЭКС-000005741   ,,,False,703967,,,,Лампа LED G13  1200мм 20W/840 2000Lm трубка стекло   RED LINE,СМ,False,3.00000,120.00000,62.00000,93000.00000,,,0.18000,3.00000,,N,,,0.00000,0,,,,ШТ,2026-03-21 00:00:00,EKS000005741,N,,,,1500.00000,311.60000,139500000.00000,,КГ,,Косова Т.В.,Б0062484,ШТ,Базовый,Орион ООО   (ЭРА) новый (,0.00000,0.00000,a.manokhin,Пакет интерфейса поставки:c52548c7-db32-44f8-b488-f6db18382eb5,2026-03-23 12:52:57,321121,1996489,1500.00000,2,,,,,,,,C,,Годен,,
1994833,WH1,,320633,New,End,,N,ЭКС,,,,,,,ЭКС-000000116   ,5961698.00000,ЭКС-000005741   ,,,False,808781,,,,Лампа LED ЭРА GREEN LINE POWER T100-60W-865-E27/E40 GL Е27/Е40 60 Вт колокол холодный с,СМ,,18.00000,10.00000,167.50000,110550.00000,,,0.13000,10.00000,,N,,,0.00000,0,,,,ШТ,2026-03-21 00:00:00,EKS000005741,N,,,,660.00000,97.10000,72963000.00000,,КГ,Заказной,Косова Т.В.,Б0066980,ШТ,Заказной товар,Орион ООО   (ЭРА) новый (,0.00000,0.00000,a.manokhin,Пакет интерфейса поставки:c52548c7-db32-44f8-b488-f6db18382eb5,2026-03-23 12:52:57,321121,1996487,660.00000,2,,,,,,,,C,,Годен,,
1994834,WH1,,320633,New,End,,N,ЭКС,,,,,,,ЭКС-000000116   ,5961703.00000,ЭКС-000005741   ,,,False,808779,,,,Лампа LED ЭРА GREEN LINE POWER T140-100W-865-E27/E40 GL Е27/Е40 100 Вт колокол холодный,СМ,,14.00000,23.00000,357.50000,948447.50000,,,0.27000,14.00000,,N,,,0.00000,0,,,,ШТ,2026-03-21 00:00:00,EKS000005741,N,,,,2653.00000,827.51000,2516231217.50000,,КГ,Заказной,Косова Т.В.,Б0067055,ШТ,Заказной товар,Орион ООО   (ЭРА) новый (,0.00000,0.00000,a.manokhin,Пакет интерфейса поставки:c52548c7-db32-44f8-b488-f6db18382eb5,2026-03-23 12:52:57,321121,1996488,2653.00000,2,,,,,,,,C,,Годен,,
1994835,WH1,,320633,New,End,,N,ЭКС,,,,,,,ЭКС-000000116   ,5961709.00000,ЭКС-000005741   ,,,False,820108,,,,Лампа LED ЭРА GREEN LINE LED A60-20W-840-E27 GL E27 20 Вт груша яркий белый свет,СМ,,6.00000,11.00000,38.50000,42696.50000,,,0.04000,6.00000,,N,,,0.00000,0,,,,ШТ,2026-03-21 00:00:00,EKS000005741,N,,,,1109.00000,47.55000,47350418.50000,,КГ,Заказной,Косова Т.В.,Б0067116,ШТ,Заказной товар,Орион ООО   (ЭРА) новый (,0.00000,0.00000,a.manokhin,Пакет интерфейса поставки:c52548c7-db32-44f8-b488-f6db18382eb5,2026-03-23 12:52:57,321121,1996485,1109.00000,2,,,,,,,,C,,Годен,,
1994836,WH1,,320633,New,End,,N,ЭКС,,,,,,,ЭКС-000000116   ,5961718.00000,ЭКС-000005741   ,,,False,820103,,,,Лампа LED ЭРА GREEN LINE LED A60-25W-865-E27 GL E27 25 Вт груша холодный свет,СМ,,6.00000,12.00000,52.00000,32968.00000,,,0.03000,6.00000,,N,,,0.00000,0,,,,ШТ,2026-03-21 00:00:00,EKS000005741,N,,,,634.00000,32.58000,20901712.00000,,КГ,Заказной,Косова Т.В.,Б0067111,ШТ,Заказной товар,Орион ООО   (ЭРА) новый (,0.00000,0.00000,a.manokhin,Пакет интерфейса поставки:c52548c7-db32-44f8-b488-f6db18382eb5,2026-03-23 12:52:57,321121,1996486,634.00000,2,,,,,,,,C,,Годен,,
1994837,WH1,,320634,New,Processed,,N,ЭКС,0.00000,0.00000,0.00000,,0.00000,0.00000,,1.00000,,,4712-12-31 00:00:00,,0000,,,,ТРАНЗИТ,СМ,,1.00000,1.00000,0.00000,0.00000,,,1.00000,1.00000,ИРКУТСК БАРАБАНЫ №1,Y,Y,,0.00000,0,0,,,ГМ,2026-03-23 00:00:00,TR-23/03/2026-04,N,рц,рц,,1.00000,1.00000,0.00000,СМ3,КГ,,,,,,,0.00000,2.00000,r.sagaidak,Пакет интерфейса поставки:eaf0e21a-3415-4a81-b884-ef00ae15b681,2026-03-23 13:58:52,321136,1996606,1.00000,,,,,,,,,,,,,0.00000
1994838,WH1,,320635,New,Processed,,N,ЭКС,0.00000,0.00000,0.00000,,0.00000,0.00000,,1.00000,,,4712-12-31 00:00:00,,0000,,,,ТРАНЗИТ,СМ,,1.00000,1.00000,0.00000,0.00000,,,1.00000,1.00000,ИРКУТСК БАРАБАНЫ №2,Y,Y,,0.00000,0,0,,,ГМ,2026-03-23 00:00:00,TR-23/03/2026-05,N,рц,рц,,1.00000,1.00000,0.00000,СМ3,КГ,,,,,,,0.00000,2.00000,r.sagaidak,Пакет интерфейса поставки:eaf0e21a-3415-4a81-b884-ef00ae15b681,2026-03-23 13:58:52,321137,1996615,1.00000,,,,,,,,,,,,,0.00000
1994839,WH1,,320636,New,Processed,,N,ЭКС,0.00000,0.00000,0.00000,,0.00000,0.00000,,1.00000,,,4712-12-31 00:00:00,,0000,,,,ТРАНЗИТ,СМ,,1.00000,1.00000,0.00000,0.00000,,,1.00000,1.00000,ИРКУТСК БАРАБАНЫ №3,Y,Y,,0.00000,0,0,,,ГМ,2026-03-23 00:00:00,TR-23/03/2026-06,N,рц,рц,,1.00000,1.00000,0.00000,СМ3,КГ,,,,,,,0.00000,2.00000,r.sagaidak,Пакет интерфейса поставки:eaf0e21a-3415-4a81-b884-ef00ae15b681,2026-03-23 13:58:52,321144,1996691,1.00000,,,,,,,,,,,,,0.00000
1994840,WH1,,320637,New,Processed,,N,ЭКС,0.00000,0.00000,0.00000,,0.00000,0.00000,,1.00000,,,4712-12-31 00:00:00,,0000,,,,ТРАНЗИТ,СМ,,1.00000,1.00000,0.00000,0.00000,,,1.00000,1.00000,ИРКУТСК БАРАБАНЫ №4,Y,Y,,0.00000,0,0,,,ГМ,2026-03-23 00:00:00,TR-23/03/2026-07,N,рц,рц,,1.00000,1.00000,0.00000,СМ3,КГ,,,,,,,0.00000,2.00000,r.sagaidak,Пакет интерфейса поставки:eaf0e21a-3415-4a81-b884-ef00ae15b681,2026-03-23 13:58:52,321145,1996692,1.00000,,,,,,,,,,,,,0.00000
1994841,WH1,,320638,New,Processed,,N,ЭКС,0.00000,0.00000,0.00000,,0.00000,0.00000,,1.00000,,,4712-12-31 00:00:00,,0000,,,,ТРАНЗИТ,СМ,,1.00000,1.00000,0.00000,0.00000,,,1.00000,1.00000,ИРКУТСК БАРАБАНЫ №5,Y,Y,,0.00000,0,0,,,ГМ,2026-03-23 00:00:00,TR-23/03/2026-08,N,рц,рц,,1.00000,1.00000,0.00000,СМ3,КГ,,,,,,,0.00000,2.00000,r.sagaidak,Пакет интерфейса поставки:eaf0e21a-3415-4a81-b884-ef00ae15b681,2026-03-23 13:58:52,321146,1996693,1.00000,,,,,,,,,,,,,0.00000
1994842,WH1,,320639,New,Processed,,N,ЭКС,0.00000,0.00000,0.00000,,0.00000,0.00000,,1.00000,,,4712-12-31 00:00:00,,0000,,,,ТРАНЗИТ,СМ,,1.00000,1.00000,0.00000,0.00000,,,1.00000,1.00000,ЭЛЕКТРИКА-7,Y,Y,,0.00000,0,0,,,ГМ,2026-03-23 00:00:00,TR-23/03/2026-09,N,рц,рц,,1.00000,1.00000,0.00000,СМ3,КГ,,,,,,,0.00000,2.00000,r.sagaidak,Пакет интерфейса поставки:eaf0e21a-3415-4a81-b884-ef00ae15b681,2026-03-23 13:58:52,321147,1996694,1.00000,,,,,,,,,,,,,0.00000
1994843,WH1,,320640,New,End,,N,ЭКС,,,,,,,,5961791.00000,ЭКС-000005752   ,,,False,541100,,,,"Сверло по бетону 6х110 мм, Мастер (ЗУБР)",СМ,,1.00000,17.00000,36.43000,3643.00000,,,0.02000,5.00000,,N,,,0.00000,0,,,,ШТ,2026-03-23 00:00:00,EKS000005752,N,,,,100.00000,2.72000,364300.00000,,КГ,Заказной,Петров И.В.,2922-110-06,ШТ,Заказной товар,ЗУБР НСК ООО (Ювента),0.00000,0.00000,r.sagaidak,Пакет интерфейса поставки:6c0e61a3-12ec-4a00-9e53-780c97f5100a,2026-03-23 14:03:12,321132,1996537,100.00000,2,,,,,,,,C,,Годен,,
1994844,WH1,,320641,New,End,,N,ЭКС,,,,,,,ЭКС-000012185   ,5961974.00000,ЭКС-000005759   ,,,False,883625,,,,"Провод ПуВнг(A)-LS 1х1,5",СМ,False,0.30000,100.00000,15.66000,7830.00000,,,0.03000,0.30000,,Y,,,0.00000,0,,,,М,2026-03-23 00:00:00,EKS000005759,N,,,,500.00000,9.85000,3915000.00000,,КГ,Заказной,Дунав М.И.,883625,М,Заказной товар,ЗАО Металлист ,0.00000,0.00000,a.savitskiy,Пакет интерфейса поставки:6c0e61a3-12ec-4a00-9e53-780c97f5100a,2026-03-23 14:03:24,321141,1996688,500.00000,1,,,,,,,,C,,Годен,,
1994845,WH1,,320642,New,End,,N,ЭКС,,,,,,,,5961834.00000,ЭКС-000005754,,,False,640095,,,,"Выключатель автоматический OptiDin BM63 2P 40А х-ка C 4,5кА BM63-2C40-4,5-УХЛ3 КЭАЗ",СМ,,3.00000,8.00000,340.00000,2040.00000,,,0.10000,7.00000,,N,,,0.00000,0,,,,ШТ,2026-03-23 00:00:00,EKS000005754,N,,,,6.00000,0.60000,12240.00000,,КГ,Катышев Александр Вячесла,Шаповалов П.Г.,326807,ШТ,Базовый,Курский электроаппаратный,0.00000,0.00000,zmeevskiy,Пакет интерфейса поставки:45fbb5a4-56dd-478a-8929-3e3444fa7bba,2026-03-23 14:05:06,321134,1996581,6.00000,2,,,,,,,,C,,Годен,,
1994846,WH1,,320642,New,End,,N,ЭКС,,,,,,,,5961840.00000,ЭКС-000005754,,,False,273378,,,,Контактор ПМЛ-1100-10А-220AC-УХЛ4-Б КЭАЗ,СМ,,5.00000,9.00000,671.20000,4698.40000,,,0.40000,8.00000,,N,,,0.00000,0,,,,ШТ,2026-03-23 00:00:00,EKS000005754,N,,,,7.00000,2.80000,32888.80000,,КГ,Катышев Александр Вячесла,Третьяков С.М.,110538,ШТ,Товар РЦ,Курский электроаппаратный,0.00000,0.00000,zmeevskiy,Пакет интерфейса поставки:45fbb5a4-56dd-478a-8929-3e3444fa7bba,2026-03-23 14:05:06,321134,1996577,7.00000,2,,,,,,,,C,,Годен,,
1994847,WH1,,320642,New,End,,N,ЭКС,,,,,,,,5961841.00000,ЭКС-000005754,,,False,273383,,,,Контактор ПМЛ-2100-25А-220AC-УХЛ4-Б КЭАЗ,СМ,,6.50000,10.50000,981.60000,6871.20000,,,0.56000,9.00000,,N,,,0.00000,0,,,,ШТ,2026-03-23 00:00:00,EKS000005754,N,,,,7.00000,3.92000,48098.40000,,КГ,Катышев Александр Вячесла,Третьяков С.М.,110570,ШТ,Товар РЦ,Курский электроаппаратный,0.00000,0.00000,zmeevskiy,Пакет интерфейса поставки:45fbb5a4-56dd-478a-8929-3e3444fa7bba,2026-03-23 14:05:06,321134,1996576,7.00000,2,,,,,,,,C,,Годен,,
1994848,WH1,,320642,New,End,,N,ЭКС,,,,,,,,5961842.00000,ЭКС-000005754,,,False,273394,,,,Приставка контактная ПКЛ-22-УХЛ4 КЭАЗ,СМ,,4.00000,5.00000,334.80000,17074.80000,,,0.07000,4.00000,,N,,,0.00000,0,,,,ШТ,2026-03-23 00:00:00,EKS000005754,N,,,,51.00000,3.57000,870814.80000,,КГ,Катышев Александр Вячесла,Третьяков С.М.,110676,ШТ,Товар РЦ,Курский электроаппаратный,0.00000,0.00000,zmeevskiy,Пакет интерфейса поставки:45fbb5a4-56dd-478a-8929-3e3444fa7bba,2026-03-23 14:05:06,321134,1996575,51.00000,2,,,,,,,,C,,Годен,,
1994849,WH1,,320642,New,End,,N,ЭКС,,,,,,,ЭКС-000011706   ,5961837.00000,ЭКС-000005754,,,False,747553,,,,Выключатель путевой ВПК-2111Б-У2-КЭАЗ,СМ,,5.00000,12.00000,465.60000,465.60000,,,0.12000,7.00000,,N,,,0.00000,0,,,,ШТ,2026-03-23 00:00:00,EKS000005754,N,,,,1.00000,0.12000,465.60000,,КГ,Заказной,Третьяков С.М.,151285,ШТ,Заказной товар,Курский электроаппаратный,0.00000,0.00000,zmeevskiy,Пакет интерфейса поставки:45fbb5a4-56dd-478a-8929-3e3444fa7bba,2026-03-23 14:05:06,321134,1996580,1.00000,2,,,,,,,,C,,Годен,,
1994850,WH1,,320642,New,End,,N,ЭКС,,,,,,,ЭКС-000011779   ,5961846.00000,ЭКС-000005754,,,False,273418,,,,Разъединитель РЕ19-43-11160-1600А-УХЛ3,СМ,False,15.00000,34.00000,7634.00000,7634.00000,,,3.00000,23.00000,,N,,,0.00000,0,,,,ШТ,2026-03-23 00:00:00,EKS000005754,N,,,,1.00000,3.00000,7634.00000,,КГ,Заказной,Самоличенко В.А.,113061,ШТ,Заказной товар,Курский электроаппаратный,0.00000,0.00000,zmeevskiy,Пакет интерфейса поставки:45fbb5a4-56dd-478a-8929-3e3444fa7bba,2026-03-23 14:05:06,321134,1996574,1.00000,2,,,,,,,,C,,Годен,,
1994851,WH1,,320642,New,End,,N,ЭКС,,,,,,,ЭКС-000011806   ,5961836.00000,ЭКС-000005754,,,False,273430,,,,Переключатель кулачковый OptiSwitch 4G10-52-U-R014,СМ,,5.00000,9.00000,1520.80000,1520.80000,,,0.30000,6.00000,,N,,,0.00000,0,,,,ШТ,2026-03-23 00:00:00,EKS000005754,N,,,,1.00000,0.30000,1520.80000,,КГ,Катышев Александр Вячесла,Третьяков С.М.,138251,ШТ,Товар РЦ,Курский электроаппаратный,0.00000,0.00000,zmeevskiy,Пакет интерфейса поставки:45fbb5a4-56dd-478a-8929-3e3444fa7bba,2026-03-23 14:05:06,321134,1996573,1.00000,2,,,,,,,,C,,Годен,,
1994852,WH1,,320642,New,End,,N,ЭКС,,,,,,,ЭКС-000011807   ,5961839.00000,ЭКС-000005754,,,False,76139,,,,Комплект зажимов №6 ВА57-35-УХЛ3 КЭАЗ,СМ,False,2.00000,4.60000,1761.60000,1761.60000,,,0.90000,5.50000,,N,,,0.00000,0,,,,ШТ,2026-03-23 00:00:00,EKS000005754,N,,,,1.00000,0.90000,1761.60000,,КГ,Катышев Александр Вячесла,Самоличенко В.А.,110408,ШТ,Базовый,Курский электроаппаратный,0.00000,0.00000,zmeevskiy,Пакет интерфейса поставки:45fbb5a4-56dd-478a-8929-3e3444fa7bba,2026-03-23 14:05:06,321134,1996579,1.00000,2,,,,,,,,C,,Годен,,
1994853,WH1,,320642,New,End,,N,ЭКС,,,,,,,ЭКС-000011846   ,5961832.00000,ЭКС-000005754,,,False,310782,,,,Выключатель авт. ВМ63 1п    6А  х-ка B   6кА  OptiDin BM63-1B6-УХЛ3 (Новый)  260499 КЭАЗ,СМ,,2.00000,9.00000,306.00000,1836.00000,,,0.20000,8.00000,,N,,,0.00000,0,,,,ШТ,2026-03-23 00:00:00,EKS000005754,N,,,,6.00000,1.20000,11016.00000,,КГ,Заказной,Шаповалов П.Г.,260499,ШТ,Заказной товар,Курский электроаппаратный,0.00000,0.00000,zmeevskiy,Пакет интерфейса поставки:45fbb5a4-56dd-478a-8929-3e3444fa7bba,2026-03-23 14:05:06,321134,1996583,6.00000,2,,,,,,,,C,,Годен,,
1994854,WH1,,320642,New,End,,N,ЭКС,,,,,,,ЭКС-000011872   ,5961833.00000,ЭКС-000005754,,,False,368832,,,,Выключатель автоматический модульный OptiDin BM63-2B6-DC-УХЛ3 (Новый),СМ,,3.00000,8.00000,3928.40000,58926.00000,,,0.15000,7.00000,,N,,,0.00000,0,,,,ШТ,2026-03-23 00:00:00,EKS000005754,N,,,,15.00000,2.25000,883890.00000,,КГ,Заказной,Шаповалов П.Г.,261230,ШТ,Заказной товар,Курский электроаппаратный,0.00000,0.00000,zmeevskiy,Пакет интерфейса поставки:45fbb5a4-56dd-478a-8929-3e3444fa7bba,2026-03-23 14:05:06,321134,1996582,15.00000,2,,,,,,,,C,,Годен,,
1994855,WH1,,320642,New,End,,N,ЭКС,,,,,,,ЭКС-000011875   ,5961838.00000,ЭКС-000005754,,,False,181909,,,,Комплект выводов расширительных ВА04-36/ВА51-35/ВА57-35-УХЛ3-КЭАЗ,СМ,False,5.00000,5.00000,1244.00000,1244.00000,,,0.01000,5.00000,,N,,,0.00000,0,,,,ШТ,2026-03-23 00:00:00,EKS000005754,N,,,,1.00000,0.01000,1244.00000,,КГ,Катышев Александр Вячесла,Самоличенко В.А.,110372,ШТ,Товар РЦ,Курский электроаппаратный,0.00000,0.00000,zmeevskiy,Пакет интерфейса поставки:45fbb5a4-56dd-478a-8929-3e3444fa7bba,2026-03-23 14:05:06,321134,1996578,1.00000,2,,,,,,,,C,,Годен,,
1994856,WH1,,320643,New,Processed,,N,ЭКС,0.00000,0.00000,0.00000,,0.00000,0.00000,,1.00000,,,4712-12-31 00:00:00,,0000,,,,ТРАНЗИТ,СМ,,1.00000,1.00000,0.00000,0.00000,,,1.00000,1.00000,ОМСК,Y,Y,,0.00000,0,0,,,ГМ,2026-03-23 00:00:00,TR-23/03/2026-10,N,рц,рц,,1.00000,1.00000,0.00000,СМ3,КГ,,,,,,,0.00000,2.00000,r.sagaidak,Пакет интерфейса поставки:45fbb5a4-56dd-478a-8929-3e3444fa7bba,2026-03-23 14:04:52,321150,1996700,1.00000,,,,,,,,,,,,,0.00000
1994857,WH1,,320644,New,End,,N,ЭКС,,,,,,,ЭКС-000008762   ,5961796.00000,ЭКС-000005753   ,,,False,264309,,,,"Рамка 4-я,горизонтальная ""Glossa"" платина GSL001204",СМ,,1.00000,25.00000,256.11000,512.22000,,,0.10000,7.00000,,N,,,0.00000,0,,,,ШТ,2026-03-20 00:00:00,EKS000005753,N,,,,2.00000,0.20000,1024.44000,,КГ,Заказной,Куграшова О.В.,GSL001204,ШТ,Распродажа,Шнейдер Электрик АО,0.00000,0.00000,n.bezrukov,Пакет интерфейса поставки:a0c008e5-5db8-4cea-a156-34268e47a354,2026-03-23 14:09:29,321133,1996543,2.00000,2,,,,,,,,C,,Годен,,
1994858,WH1,,320644,New,End,,N,ЭКС,,,,,,,ЭКС-000009348   ,5961797.00000,ЭКС-000005753   ,,,False,690357,,,,"ATLASDESIGN ANTIQUE Рамка 1-пост, Песочный",СМ,,1.00000,8.00000,68.45000,410.70000,,,0.01100,8.00000,,N,,,0.00000,0,,,,ШТ,2026-03-20 00:00:00,EKS000005753,N,,,,6.00000,0.06600,2464.20000,,КГ,Заказной,Куграшова О.В.,ATN101201,ШТ,Заказной товар,СИСТЭМ ЭЛЕКТРИК АО (ранее,0.00000,0.00000,n.bezrukov,Пакет интерфейса поставки:a0c008e5-5db8-4cea-a156-34268e47a354,2026-03-23 14:09:29,321133,1996562,6.00000,2,,,,,,,,C,,Годен,,
1994859,WH1,,320644,New,End,,N,ЭКС,,,,,,,ЭКС-000009348   ,5961798.00000,ЭКС-000005753   ,,,False,690360,,,,"ATLASDESIGN ANTIQUE Рамка 4-пост, универсальная, Песочный",СМ,,1.00000,30.00000,255.76000,255.76000,,,0.01000,9.00000,,N,,,0.00000,0,,,,ШТ,2026-03-20 00:00:00,EKS000005753,N,,,,1.00000,0.01000,255.76000,,КГ,Заказной,Куграшова О.В.,ATN101204,ШТ,Заказной товар,СИСТЭМ ЭЛЕКТРИК АО (ранее,0.00000,0.00000,n.bezrukov,Пакет интерфейса поставки:a0c008e5-5db8-4cea-a156-34268e47a354,2026-03-23 14:09:29,321133,1996561,1.00000,2,,,,,,,,C,,Годен,,
1994860,WH1,,320644,New,End,,N,ЭКС,,,,,,,ЭКС-000009348   ,5961799.00000,ЭКС-000005753   ,,,False,690330,,,,"ATLASDESIGN ANTIQUE Рамка 4-пост, универсальная, Мокко",СМ,,1.00000,30.00000,255.76000,767.28000,,,0.02000,8.00000,,N,,,0.00000,0,,,,ШТ,2026-03-20 00:00:00,EKS000005753,N,,,,3.00000,0.06000,2301.84000,,КГ,Заказной,Куграшова О.В.,ATN100604,ШТ,Заказной товар,СИСТЭМ ЭЛЕКТРИК АО (ранее,0.00000,0.00000,n.bezrukov,Пакет интерфейса поставки:a0c008e5-5db8-4cea-a156-34268e47a354,2026-03-23 14:09:29,321133,1996564,3.00000,2,,,,,,,,C,,Годен,,
1994861,WH1,,320644,New,End,,N,ЭКС,,,,,,,ЭКС-000009348   ,5961800.00000,ЭКС-000005753   ,,,False,690353,,,,"ATLASDESIGN ANTIQUE Рамка 2-пост, универсальная, Аквамарин",СМ,,1.00000,15.00000,153.25000,153.25000,,,0.03000,8.00000,,N,,,0.00000,0,,,,ШТ,2026-03-20 00:00:00,EKS000005753,N,,,,1.00000,0.03000,153.25000,,КГ,Заказной,Куграшова О.В.,ATN101102,ШТ,Заказной товар,СИСТЭМ ЭЛЕКТРИК АО (ранее,0.00000,0.00000,n.bezrukov,Пакет интерфейса поставки:a0c008e5-5db8-4cea-a156-34268e47a354,2026-03-23 14:09:29,321133,1996563,1.00000,2,,,,,,,,C,,Годен,,
1994862,WH1,,320644,New,End,,N,ЭКС,,,,,,,ЭКС-000009457   ,5961802.00000,ЭКС-000005753   ,,,False,744398,,,,"Выключатель 2-кл ДЛЯ ЖАЛЮЗИ, 2х сх.4, 10А, механизм, ШАМПАНЬ /ARTGALLERY  /GAL000519",СМ,,4.00000,7.00000,589.89000,589.89000,,,0.08000,7.00000,,N,,,0.00000,0,,,,ШТ,2026-03-20 00:00:00,EKS000005753,N,,,,1.00000,0.08000,589.89000,,КГ,Заказной,Куграшова О.В.,GAL000519,ШТ,Заказной товар,СИСТЭМ ЭЛЕКТРИК АО (ранее,0.00000,0.00000,n.bezrukov,Пакет интерфейса поставки:a0c008e5-5db8-4cea-a156-34268e47a354,2026-03-23 14:09:29,321133,1996559,1.00000,2,,,,,,,,C,,Годен,,
1994863,WH1,,320644,New,End,,N,ЭКС,,,,,,,ЭКС-000010116   ,5961803.00000,ЭКС-000005753   ,,,False,508255,,,,Рамка 2-местная черная  Стокгольм EXM-G-303-30,СМ,,1.00000,16.00000,42.89000,2702.07000,,,0.02000,8.00000,,N,,,0.00000,0,,,,ШТ,2026-03-20 00:00:00,EKS000005753,N,,,,63.00000,2.26000,170230.41000,,КГ,Заказной,Гилета О.В.,EXM-G-303-30,ШТ,Новинка,Электрорешения ООО,0.00000,0.00000,n.bezrukov,Пакет интерфейса поставки:a0c008e5-5db8-4cea-a156-34268e47a354,2026-03-23 14:09:29,321133,1996546,63.00000,2,,,,,,,,C,,Годен,,
1994864,WH1,,320644,New,End,,N,ЭКС,,,,,,,ЭКС-000010116   ,5961804.00000,ЭКС-000005753   ,,,False,883637,,,,Рамка 1-местная черная  Стокгольм EXM-G-302-30,СМ,False,0.50000,8.00000,26.46000,79.38000,,,0.02000,8.00000,,N,,,0.00000,0,,,,ШТ,2026-03-20 00:00:00,EKS000005753,N,,,,3.00000,0.06000,238.14000,,КГ,,Гилета О.В.,EXM-G-302-30,ШТ,Выводится из ассортимента,Электрорешения ООО,0.00000,0.00000,n.bezrukov,Пакет интерфейса поставки:a0c008e5-5db8-4cea-a156-34268e47a354,2026-03-23 14:09:29,321133,1996556,3.00000,2,,,,,,,,C,,Годен,,
1994865,WH1,,320644,New,End,,N,ЭКС,,,,,,,ЭКС-000010116   ,5961805.00000,ЭКС-000005753   ,,,False,508256,,,,Рамка 1-местная черная  Стокгольм EXM-G-302-30,СМ,,1.00000,9.00000,26.46000,1111.32000,,,0.01000,8.00000,,N,,,0.00000,0,,,,ШТ,2026-03-20 00:00:00,EKS000005753,N,,,,42.00000,0.67000,46675.44000,,КГ,Дортман Анна Павловна,Гилета О.В.,EXM-G-302-30,ШТ,Базовый,Электрорешения ООО,0.00000,0.00000,n.bezrukov,Пакет интерфейса поставки:a0c008e5-5db8-4cea-a156-34268e47a354,2026-03-23 14:09:29,321133,1996545,42.00000,2,,,,,,,,C,,Годен,,
1994866,WH1,,320644,New,End,,N,ЭКС,,,,,,,ЭКС-000010251   ,5961809.00000,ЭКС-000005753   ,,,False,316132,,,,"Розетка с/у 2-я компьютерная RJ45, кат.5E, ""Blanca"" бежевый  BLNIS045457",СМ,,4.00000,8.00000,346.59000,693.18000,,,0.06000,8.00000,,N,,,0.00000,0,,,,ШТ,2026-03-20 00:00:00,EKS000005753,N,,,,2.00000,0.12000,1386.36000,,КГ,Заказной,Куграшова О.В.,BLNIS045457,ШТ,Заказной товар,Шнейдер Электрик АО,0.00000,0.00000,n.bezrukov,Пакет интерфейса поставки:a0c008e5-5db8-4cea-a156-34268e47a354,2026-03-23 14:09:29,321133,1996552,2.00000,2,,,,,,,,C,,Годен,,
1994867,WH1,,320644,New,End,,N,ЭКС,,,,,,,ЭКС-000010315   ,5961811.00000,ЭКС-000005753   ,,,False,316156,,,,"Розетка с/у 1-ая 16А с ЗК с з/шт  ""Blanca"" бежевый  BLNRS001117",СМ,,4.00000,8.50000,101.84000,203.68000,,,0.01000,8.50000,,N,,,0.00000,0,,,,ШТ,2026-03-20 00:00:00,EKS000005753,N,,,,2.00000,0.02000,407.36000,,КГ,Заказной,Куграшова О.В.,BLNRS001117,ШТ,Распродажа,СИСТЭМ ЭЛЕКТРИК АО (ранее,0.00000,0.00000,n.bezrukov,Пакет интерфейса поставки:a0c008e5-5db8-4cea-a156-34268e47a354,2026-03-23 14:09:29,321133,1996551,2.00000,2,,,,,,,,C,,Годен,,
1994868,WH1,,320644,New,End,,N,ЭКС,,,,,,,ЭКС-000010332   ,5961812.00000,ЭКС-000005753   ,,,False,256985,,,,Розетка о/п 1-ая с ЗК со шторками 16А Белый ХИТ RA16-138-B,СМ,,4.20000,6.50000,87.81000,263.43000,,,0.05700,6.50000,,N,,,0.00000,0,,,,ШТ,2026-03-20 00:00:00,EKS000005753,N,,,,3.00000,0.17100,790.29000,,КГ,Заказной,Куграшова О.В.,RA16-138-B,ШТ,Распродажа,Шнейдер Электрик АО,0.00000,0.00000,n.bezrukov,Пакет интерфейса поставки:a0c008e5-5db8-4cea-a156-34268e47a354,2026-03-23 14:09:29,321133,1996544,3.00000,2,,,,,,,,C,,Годен,,
1994869,WH1,,320644,New,End,,N,ЭКС,,,,,,,ЭКС-000010398   ,5961813.00000,ЭКС-000005753   ,,,False,265097,,,,"Розетка о/у 1-ая компьютерная  RJ45 изол.пл. ""Blanca"" антрацит BLNIA045006",СМ,,4.00000,8.00000,396.67000,1190.01000,,,0.08000,8.00000,,N,,,0.00000,0,,,,ШТ,2026-03-20 00:00:00,EKS000005753,N,,,,3.00000,0.24000,3570.03000,,КГ,Заказной,Куграшова О.В.,BLNIA045006,ШТ,Заказной товар,Шнейдер Электрик АО,0.00000,0.00000,n.bezrukov,Пакет интерфейса поставки:a0c008e5-5db8-4cea-a156-34268e47a354,2026-03-23 14:09:29,321133,1996542,3.00000,2,,,,,,,,C,,Годен,,
1994870,WH1,,320644,New,End,,N,ЭКС,,,,,,,ЭКС-000010402   ,5961807.00000,ЭКС-000005753   ,,,False,883638,,,,"Регулятор подогрева пола 10А, 250V~; в комплекте датчик температуры FTR231U Jung",СМ,False,9.00000,21.00000,9184.30000,9184.30000,,,0.28000,10.00000,,N,,,0.00000,0,,,,ШТ,2026-03-20 00:00:00,EKS000005753,N,,,,1.00000,0.28000,9184.30000,,КГ,Заказной,Куграшова О.В.,FTR231U,ШТ,Заказной товар,ЭкоПрофи,0.00000,0.00000,n.bezrukov,Пакет интерфейса поставки:a0c008e5-5db8-4cea-a156-34268e47a354,2026-03-23 14:09:29,321133,1996555,1.00000,2,,,,,,,,C,,Годен,,
1994871,WH1,,320644,New,End,,N,ЭКС,,,,,,,ЭКС-000010496   ,5961814.00000,ЭКС-000005753   ,,,False,302716,,,,"Выкл с самовозвратом(кнопка), сх.1, 10АХ, мех-зм, Atlasdesign Алюминий  ATN000315",СМ,,4.00000,7.00000,266.45000,799.35000,,,0.10000,7.00000,,N,,,0.00000,0,,,,ШТ,2026-03-20 00:00:00,EKS000005753,N,,,,3.00000,0.30000,2398.05000,,КГ,Заказной,Куграшова О.В.,ATN000315,ШТ,Заказной товар,СИСТЭМ ЭЛЕКТРИК АО (ранее,0.00000,0.00000,n.bezrukov,Пакет интерфейса поставки:a0c008e5-5db8-4cea-a156-34268e47a354,2026-03-23 14:09:29,321133,1996541,3.00000,2,,,,,,,,C,,Годен,,
1994872,WH1,,320644,New,End,,N,ЭКС,,,,,,,ЭКС-000010529   ,5961815.00000,ЭКС-000005753   ,,,False,744642,,,,"Розетка с ЗК, 16А, механизм, БАЗАЛЬТ  /ARTGALLERY  /GAL001443",СМ,,4.00000,8.00000,255.99000,255.99000,,,0.07000,8.00000,,N,,,0.00000,0,,,,ШТ,2026-03-20 00:00:00,EKS000005753,N,,,,1.00000,0.07000,255.99000,,КГ,,Куграшова О.В.,GAL001443,ШТ,Выводится из ассортимента,СИСТЭМ ЭЛЕКТРИК АО (ранее,0.00000,0.00000,n.bezrukov,Пакет интерфейса поставки:a0c008e5-5db8-4cea-a156-34268e47a354,2026-03-23 14:09:29,321133,1996558,1.00000,2,,,,,,,,C,,Годен,,
1994873,WH1,,320644,New,End,,N,ЭКС,,,,,,,ЭКС-000010903   ,5961818.00000,ЭКС-000005753   ,,,True,331450,,,,РM slim 25/1 EKF AVERES,СМ,True,2.00000,7.00000,161.90000,647.60000,,,0.01000,4.00000,,N,,,0.00000,0,,,,ШТ,2026-03-20 00:00:00,EKS000005753,N,,,,4.00000,0.04000,2590.40000,,КГ,Заказной,Третьяков С.М.,rms-25-1,ШТ,Товар РЦ,Электрорешения ООО,0.00000,0.00000,n.bezrukov,Пакет интерфейса поставки:a0c008e5-5db8-4cea-a156-34268e47a354,2026-03-23 14:09:29,321133,1996549,4.00000,2,,,,,,,,C,,Годен,,
1994874,WH1,,320644,New,End,,N,ЭКС,,,,,,,ЭКС-000010980   ,5961816.00000,ЭКС-000005753   ,,,False,358391,,,,Розетка двойная 2Х2К+3 без шторок белая Simon 24/  2450459-030,СМ,,6.00000,9.00000,477.00000,477.00000,,,0.10000,9.00000,,N,,,0.00000,0,,,,ШТ,2026-03-20 00:00:00,EKS000005753,N,,,,1.00000,0.10000,477.00000,,КГ,Заказной,Куграшова О.В.,2450459-030,ШТ,Распродажа,Симон Электрик ООО,0.00000,0.00000,n.bezrukov,Пакет интерфейса поставки:a0c008e5-5db8-4cea-a156-34268e47a354,2026-03-23 14:09:29,321133,1996547,1.00000,2,,,,,,,,C,,Годен,,
1994875,WH1,,320644,New,End,,N,ЭКС,,,,,,,ЭКС-000011030   ,5961817.00000,ЭКС-000005753   ,,,False,356888,,,,"Распред коробка в комплекте 4 каб ввода , коричневый BIRONI (110x35)мм пластик B1-522-22-K",СМ,,6.00000,12.00000,229.81000,2527.91000,,,0.10000,12.00000,,N,,,0.00000,0,,,,ШТ,2026-03-20 00:00:00,EKS000005753,N,,,,11.00000,1.10000,27807.01000,,КГ,Дортман Анна Павловна,Куграшова О.В.,B1-522-22-K,ШТ,Базовый,Элевел Инженер АО,0.00000,0.00000,n.bezrukov,Пакет интерфейса поставки:a0c008e5-5db8-4cea-a156-34268e47a354,2026-03-23 14:09:29,321133,1996548,11.00000,2,,,,,,,,C,,Годен,,
1994876,WH1,,320644,New,End,,N,ЭКС,,,,,,,ЭКС-000011146   ,5961819.00000,ЭКС-000005753   ,,,False,302866,,,,"Переключатель 1-кл, сх.6, 10АХ, мех-зм, Atlasdesign Мокко  ATN000661",СМ,,4.00000,7.00000,255.11000,510.22000,,1,0.10000,7.00000,,N,,,0.00000,0,,,,ШТ,2026-03-20 00:00:00,EKS000005753,N,,,,2.00000,0.20000,1020.44000,,КГ,Дортман Анна Павловна,Куграшова О.В.,ATN000661,ШТ,Базовый,Шнейдер Электрик АО,0.00000,0.00000,n.bezrukov,Пакет интерфейса поставки:a0c008e5-5db8-4cea-a156-34268e47a354,2026-03-23 14:09:29,321133,1996554,2.00000,2,,,,,,,,C,,Годен,,
1994877,WH1,,320644,New,End,,N,ЭКС,,,,,,,ЭКС-000011206   ,5961808.00000,ЭКС-000005753   ,,,False,313194,,,,Модульный контактор 1НО+1НЗ 40А 230В МК-103 DEKraft,СМ,,4.00000,9.00000,2116.19000,2116.19000,,,0.20000,7.00000,,N,,,0.00000,0,,,,ШТ,2026-03-20 00:00:00,EKS000005753,N,,,,1.00000,0.20000,2116.19000,,КГ,Заказной,Третьяков С.М.,18079DEK,ШТ,Заказной товар,СИСТЭМ ЭЛЕКТРИК АО (ранее,0.00000,0.00000,n.bezrukov,Пакет интерфейса поставки:a0c008e5-5db8-4cea-a156-34268e47a354,2026-03-23 14:09:29,321133,1996553,1.00000,2,,,,,,,,C,,Годен,,
1994878,WH1,,320644,New,End,,N,ЭКС,,,,,,,ЭКС-000011391   ,5961801.00000,ЭКС-000005753   ,,,False,676119,,,,"Рамка 2-пост , универсальная, Atlasdesign Лотос  ATN001302",СМ,,1.00000,18.00000,88.15000,705.20000,,,0.05000,8.00000,,N,,,0.00000,0,,,,ШТ,2026-03-20 00:00:00,EKS000005753,N,,,,8.00000,0.25000,5641.60000,,КГ,Заказной,Куграшова О.В.,ATN001302,ШТ,Заказной товар,СИСТЭМ ЭЛЕКТРИК АО (ранее,0.00000,0.00000,n.bezrukov,Пакет интерфейса поставки:a0c008e5-5db8-4cea-a156-34268e47a354,2026-03-23 14:09:29,321133,1996571,8.00000,2,,,,,,,,C,,Годен,,
1994879,WH1,,320644,New,End,,N,ЭКС,,,,,,,ЭКС-000011391   ,5961820.00000,ЭКС-000005753   ,,,False,676146,,,,"Розетка с ЗК со шторками, 16А, механизм, Atlasdesign Лотос  ATN001345",СМ,,4.00000,7.00000,212.70000,3190.50000,,,0.04000,7.00000,,N,,,0.00000,0,,,,ШТ,2026-03-20 00:00:00,EKS000005753,N,,,,15.00000,1.20000,47857.50000,,КГ,Заказной,Куграшова О.В.,ATN001345,ШТ,Заказной товар,СИСТЭМ ЭЛЕКТРИК АО (ранее,0.00000,0.00000,n.bezrukov,Пакет интерфейса поставки:a0c008e5-5db8-4cea-a156-34268e47a354,2026-03-23 14:09:29,321133,1996568,15.00000,2,,,,,,,,C,,Годен,,
1994880,WH1,,320644,New,End,,N,ЭКС,,,,,,,ЭКС-000011391   ,5961821.00000,ЭКС-000005753   ,,,False,676149,,,,"Выключатель 2кл , сх.5, 10АХ, механизм, Atlasdesign Лотос  ATN001351",СМ,,4.00000,7.00000,216.03000,1512.21000,,,0.03000,7.00000,,N,,,0.00000,0,,,,ШТ,2026-03-20 00:00:00,EKS000005753,N,,,,7.00000,0.66000,10585.47000,,КГ,Заказной,Куграшова О.В.,ATN001351,ШТ,Заказной товар,СИСТЭМ ЭЛЕКТРИК АО (ранее,0.00000,0.00000,n.bezrukov,Пакет интерфейса поставки:a0c008e5-5db8-4cea-a156-34268e47a354,2026-03-23 14:09:29,321133,1996567,7.00000,2,,,,,,,,C,,Годен,,
1994881,WH1,,320644,New,End,,N,ЭКС,,,,,,,ЭКС-000011391   ,5961822.00000,ЭКС-000005753   ,,,False,676118,,,,"Рамка 1-пост , Atlasdesign Лотос  ATN001301",СМ,,1.00000,8.00000,53.06000,848.96000,,,0.01000,8.00000,,N,,,0.00000,0,,,,ШТ,2026-03-20 00:00:00,EKS000005753,N,,,,16.00000,0.26000,13583.36000,,КГ,Заказной,Куграшова О.В.,ATN001301,ШТ,Заказной товар,СИСТЭМ ЭЛЕКТРИК АО (ранее,0.00000,0.00000,n.bezrukov,Пакет интерфейса поставки:a0c008e5-5db8-4cea-a156-34268e47a354,2026-03-23 14:09:29,321133,1996572,16.00000,2,,,,,,,,C,,Годен,,
1994882,WH1,,320644,New,End,,N,ЭКС,,,,,,,ЭКС-000011391   ,5961823.00000,ЭКС-000005753   ,,,False,676162,,,,"TV РОЗЕТКА оконечная 1DB, механизм, Atlasdesign Лотос  ATN001391",СМ,,4.00000,7.00000,494.51000,494.51000,,,0.10000,7.00000,,N,,,0.00000,0,,,,ШТ,2026-03-20 00:00:00,EKS000005753,N,,,,1.00000,0.10000,494.51000,,КГ,Заказной,Куграшова О.В.,ATN001391,ШТ,Заказной товар,СИСТЭМ ЭЛЕКТРИК АО (ранее,0.00000,0.00000,n.bezrukov,Пакет интерфейса поставки:a0c008e5-5db8-4cea-a156-34268e47a354,2026-03-23 14:09:29,321133,1996565,1.00000,2,,,,,,,,C,,Годен,,
1994883,WH1,,320644,New,End,,N,ЭКС,,,,,,,ЭКС-000011391   ,5961824.00000,ЭКС-000005753   ,,,False,676157,,,,"РОЗЕТКА компьютерная RJ45, кат. 5Е, механизм, Atlasdesign Лотос  ATN001383",СМ,,4.00000,8.00000,674.48000,1348.96000,,,0.01000,8.00000,,N,,,0.00000,0,,,,ШТ,2026-03-20 00:00:00,EKS000005753,N,,,,2.00000,0.02000,2697.92000,,КГ,Заказной,Куграшова О.В.,ATN001383,ШТ,Заказной товар,СИСТЭМ ЭЛЕКТРИК АО (ранее,0.00000,0.00000,n.bezrukov,Пакет интерфейса поставки:a0c008e5-5db8-4cea-a156-34268e47a354,2026-03-23 14:09:29,321133,1996566,2.00000,2,,,,,,,,C,,Годен,,
1994884,WH1,,320644,New,End,,N,ЭКС,,,,,,,ЭКС-000011391   ,5961825.00000,ЭКС-000005753   ,,,False,676124,,,,"Выключатель 1кл, сх.1, 10АХ, механизм, Atlasdesign Лотос  ATN001311",СМ,,4.00000,7.00000,163.28000,489.84000,,,0.30000,7.00000,,N,,,0.00000,0,,,,ШТ,2026-03-20 00:00:00,EKS000005753,N,,,,3.00000,0.90000,1469.52000,,КГ,Заказной,Куграшова О.В.,ATN001311,ШТ,Заказной товар,СИСТЭМ ЭЛЕКТРИК АО (ранее,0.00000,0.00000,n.bezrukov,Пакет интерфейса поставки:a0c008e5-5db8-4cea-a156-34268e47a354,2026-03-23 14:09:29,321133,1996569,3.00000,2,,,,,,,,C,,Годен,,
1994885,WH1,,320644,New,End,,N,ЭКС,,,,,,,ЭКС-000011391   ,5961826.00000,ЭКС-000005753   ,,,False,676121,,,,"Рамка 4-пост , универсальная, Atlasdesign Лотос  ATN001304",СМ,,1.00000,30.00000,245.08000,735.24000,,,0.02000,8.00000,,N,,,0.00000,0,,,,ШТ,2026-03-20 00:00:00,EKS000005753,N,,,,3.00000,0.06000,2205.72000,,КГ,Заказной,Куграшова О.В.,ATN001304,ШТ,Заказной товар,СИСТЭМ ЭЛЕКТРИК АО (ранее,0.00000,0.00000,n.bezrukov,Пакет интерфейса поставки:a0c008e5-5db8-4cea-a156-34268e47a354,2026-03-23 14:09:29,321133,1996570,3.00000,2,,,,,,,,C,,Годен,,
1994886,WH1,,320644,New,End,,N,ЭКС,,,,,,,ЭКС-000011552   ,5961827.00000,ЭКС-000005753   ,,,False,744332,,,,"ЗАГЛУШКА с суппортом для многопостовых рамок, БЕЛЫЙ /ARTGALLERY  /GAL000109",СМ,False,2.00000,8.00000,153.60000,153.60000,,,0.01000,8.00000,,N,,,0.00000,0,,,,ШТ,2026-03-20 00:00:00,EKS000005753,N,,,,1.00000,0.01000,153.60000,,КГ,,Куграшова О.В.,GAL000109,ШТ,Выводится из ассортимента,СИСТЭМ ЭЛЕКТРИК АО (ранее,0.00000,0.00000,n.bezrukov,Пакет интерфейса поставки:a0c008e5-5db8-4cea-a156-34268e47a354,2026-03-23 14:09:29,321133,1996560,1.00000,2,,,,,,,,C,,Годен,,
1994887,WH1,,320644,New,End,,N,ЭКС,,,,,,,ЭКС-000011797   ,5961830.00000,ЭКС-000005753   ,,,False,660960,,,,Выкл-ль дифференциального тока (ВДТ) City9 2п 63А 30мА Тип-A 230В,СМ,,4.00000,9.00000,3051.21000,9153.63000,,,0.10000,7.00000,,N,,,0.00000,0,,,,ШТ,2026-03-20 00:00:00,EKS000005753,N,,,,3.00000,0.30000,27460.89000,,КГ,Сарычев Дмитрий Сергеевич,Шаповалов П.Г.,C9R68263,ШТ,Товар РЦ,СИСТЭМ ЭЛЕКТРИК АО (ранее,0.00000,0.00000,n.bezrukov,Пакет интерфейса поставки:a0c008e5-5db8-4cea-a156-34268e47a354,2026-03-23 14:09:29,321133,1996538,3.00000,2,,,,,,,,C,,Годен,,
1994888,WH1,,320644,New,End,,N,ЭКС,,,,,,,ЭКС-000011806   ,5961828.00000,ЭКС-000005753   ,,,True,328985,,,,Колодка клеммная  JXB-2.5/35 серая EKF PROxima,СМ,True,0.30000,5.00000,18.51000,925.50000,,,0.01000,3.00000,,N,,,0.00000,0,,,,ШТ,2026-03-20 00:00:00,EKS000005753,N,,,,50.00000,0.40000,46275.00000,,КГ,Заказной,Феденькова Д.Ю.,plc-jxb-2.4/35gy,ШТ,Заказной товар,Электрорешения ООО,0.00000,0.00000,n.bezrukov,Пакет интерфейса поставки:a0c008e5-5db8-4cea-a156-34268e47a354,2026-03-23 14:09:29,321133,1996550,50.00000,2,,,,,,,,C,,Годен,,
1994889,WH1,,320644,New,End,,N,ЭКС,,,,,,,ЭКС-000055799   ,5961793.00000,ЭКС-000005753   ,,,False,852260,,,,Клавиша двойная для 75396-39 82/82Nature графит,СМ,False,2.00000,6.00000,445.50000,2673.00000,,,0.03000,6.00000,,N,,,0.00000,0,,,,ШТ,2026-03-20 00:00:00,EKS000005753,N,,,,6.00000,0.18000,16038.00000,,КГ,Заказной,Куграшова О.В.,82029-38,ШТ,Заказной товар,Симон Электрик ООО,0.00000,0.00000,n.bezrukov,Пакет интерфейса поставки:a0c008e5-5db8-4cea-a156-34268e47a354,2026-03-23 14:09:29,321133,1996557,6.00000,2,,,,,,,,C,,Годен,,
1994890,WH1,,320644,New,End,,N,ЭКС,,,,,,,ЭКС-000055799   ,5961794.00000,ЭКС-000005753   ,,,False,529115,,,,"Simon S82 Concept Матовый белый, Клавиша для трехпозиционного выключателя жалюзи с пиктограммой ""стр",СМ,,2.00000,6.00000,357.50000,1072.50000,,,0.02000,6.00000,,N,,,0.00000,0,,,,ШТ,2026-03-20 00:00:00,EKS000005753,N,,,,3.00000,0.06000,3217.50000,,КГ,Заказной,Куграшова О.В.,8200033-090,ШТ,Заказной товар,Симон Электрик ООО,0.00000,0.00000,n.bezrukov,Пакет интерфейса поставки:a0c008e5-5db8-4cea-a156-34268e47a354,2026-03-23 14:09:29,321133,1996540,3.00000,2,,,,,,,,C,,Годен,,
1994891,WH1,,320644,New,End,,N,ЭКС,,,,,,,ЭКС-000055799   ,5961795.00000,ЭКС-000005753   ,,,False,540761,,,,"Simon S82 Concept Матовый черный, Накладка для шнурового выключателя и вывода кабеля",СМ,,1.20000,5.00000,539.00000,3773.00000,,,0.06000,5.00000,,N,,,0.00000,0,,,,ШТ,2026-03-20 00:00:00,EKS000005753,N,,,,7.00000,0.42000,26411.00000,,КГ,Заказной,Куграшова О.В.,8200051-098,ШТ,Заказной товар,Симон Электрик ООО,0.00000,0.00000,n.bezrukov,Пакет интерфейса поставки:a0c008e5-5db8-4cea-a156-34268e47a354,2026-03-23 14:09:29,321133,1996539,7.00000,2,,,,,,,,C,,Годен,,
1994892,WH1,,320645,New,End,,N,ЭКС,,,,,,,ЭКС-000009950   ,5961661.00000,ЭКС-000005740   ,,,False,544407,,,,ЭРА U-4-HF Кабель витая пара U/UTP 4x2x24 AWG Cat5e CU нг(А) HF 305м,СМ,,35.00000,35.00000,8507.00000,34028.00000,,,8.62000,21.00000,,Y,,,0.00000,0,,,,ШТ,2026-03-21 00:00:00,EKS000005740,N,,,,4.00000,36.00000,136112.00000,,КГ,Заказной,Козлова М.А.,Б0044430,ШТ,Заказной товар,Орион ООО   (ЭРА) новый,0.00000,0.00000,a.manokhin,Пакет интерфейса поставки:a3aca545-d6fc-47a6-b775-8dc3fac4aa54,2026-03-23 14:13:12,321120,1996468,4.00000,1,,,,,,,,C,,Годен,,
1994893,WH1,,320645,New,End,,N,ЭКС,,,,,,,ЭКС-000009950   ,5961662.00000,ЭКС-000005740   ,,,False,834869,,,,ЭРА F-4-HF Кабель витая пара F/UTP 4x2x24 AWG Cat5e CU нг(А) HF 305м,СМ,False,22.00000,42.00000,11081.00000,22162.00000,,,12.09000,41.00000,,Y,,,0.00000,0,,,,ШТ,2026-03-21 00:00:00,EKS000005740,N,,,,2.00000,24.18000,44324.00000,,КГ,Заказной,Козлова М.А.,Б0044687,ШТ,Заказной товар,Орион ООО   (ЭРА) новый (,0.00000,0.00000,a.manokhin,Пакет интерфейса поставки:a3aca545-d6fc-47a6-b775-8dc3fac4aa54,2026-03-23 14:13:12,321120,1996469,2.00000,1,,,,,,,,C,,Годен,,
1994894,WH1,,320645,New,End,,N,ЭКС,,,,,,,ЭКС-000010019   ,5961659.00000,ЭКС-000005740   ,,,False,297932,,,,Светильник Настольный NL-202-G23-11W-BK черный (дельта) ЭРА,СМ,,8.00000,42.00000,1110.00000,55500.00000,,,0.50000,20.00000,,N,,,0.00000,0,,,,ШТ,2026-03-21 00:00:00,EKS000005740,N,,,,50.00000,89.00000,2775000.00000,,КГ,Логунов Владимир Александ,Косова Т.В.,C0041459,ШТ,Товар филиала,Орион ООО   (ЭРА) новый,0.00000,0.00000,a.manokhin,Пакет интерфейса поставки:a3aca545-d6fc-47a6-b775-8dc3fac4aa54,2026-03-23 14:13:12,321120,1996474,50.00000,2,,,,,,,,C,,Годен,,
1994895,WH1,,320645,New,End,,N,ЭКС,,,,,,,ЭКС-000010046   ,5961677.00000,ЭКС-000005740   ,,,False,875040,,,,Лампа светодиодная GREEN LINE LED MR16-15W-865-GU5.3 GL 15Вт софит холодный свет GU5.3,СМ,False,5.00000,5.00000,34.50000,6900.00000,,,0.02000,6.00000,,N,,,0.00000,0,,,,ШТ,2026-03-21 00:00:00,EKS000005740,N,,,,200.00000,5.40000,1380000.00000,,КГ,Заказной,Косова Т.В.,Б0070075,ШТ,,Орион ООО   (ЭРА) новый (,0.00000,0.00000,a.manokhin,Пакет интерфейса поставки:a3aca545-d6fc-47a6-b775-8dc3fac4aa54,2026-03-23 14:13:12,321120,1996470,200.00000,2,,,,,,,,C,,Годен,,
1994896,WH1,,320645,New,End,,N,ЭКС,,,,,,,ЭКС-000010286   ,5961691.00000,ЭКС-000005740   ,,,False,302375,,,,"Лампа LED G9 smd JCD 7w 4000K 220V corn, ceramics ЭРА",СМ,,2.00000,6.50000,76.00000,1520.00000,,,0.01000,2.00000,,N,,,0.00000,0,,,,ШТ,2026-03-21 00:00:00,EKS000005740,N,,,,20.00000,0.20000,30400.00000,,КГ,Логунов Владимир Александ,Косова Т.В.,Б0027866,ШТ,Товар филиала,Орион ООО   (ЭРА) новый,0.00000,0.00000,a.manokhin,Пакет интерфейса поставки:a3aca545-d6fc-47a6-b775-8dc3fac4aa54,2026-03-23 14:13:12,321120,1996473,20.00000,2,,,,,,,,C,,Годен,,
1994897,WH1,,320645,New,End,,N,ЭКС,,,,,,,ЭКС-000010317   ,5961663.00000,ЭКС-000005740   ,,,False,293857,,,,"Светильник DK LD24 SL/WH  ЭРА декор cо светодиодной подсветкой Gx53, прозрачный",СМ,,4.00000,11.00000,204.50000,2249.50000,,,0.18000,11.00000,,N,,,0.00000,0,,,,ШТ,2026-03-21 00:00:00,EKS000005740,N,,,,11.00000,1.98000,24744.50000,,КГ,Логунов Владимир Александ,Косова Т.В.,Б0029631,ШТ,Товар филиала,Орион ООО   (ЭРА) новый,0.00000,0.00000,a.manokhin,Пакет интерфейса поставки:a3aca545-d6fc-47a6-b775-8dc3fac4aa54,2026-03-23 14:13:12,321120,1996475,11.00000,2,,,,,,,,C,,Годен,,
1994898,WH1,,320645,New,End,,N,ЭКС,,,,,,,ЭКС-000010317   ,5961665.00000,ЭКС-000005740   ,,,False,568989,,,,"ЭРА Патч корд Simple PC-5U-A U/UTP категория 5e, длина 5 метров, неэкранированный, серый",СМ,,1.50000,16.00000,92.50000,370.00000,,,0.23000,13.00000,,N,,,0.00000,0,,,,ШТ,2026-03-21 00:00:00,EKS000005740,N,,,,4.00000,0.92000,1480.00000,,КГ,Акулинский Петр Иванович,Козлова М.А.,Б0051374,ШТ,Товар филиала,Орион ООО   (ЭРА) новый (,0.00000,0.00000,a.manokhin,Пакет интерфейса поставки:a3aca545-d6fc-47a6-b775-8dc3fac4aa54,2026-03-23 14:13:12,321120,1996484,4.00000,2,,,,,,,,C,,Годен,,
1994899,WH1,,320645,New,End,,N,ЭКС,,,,,,,ЭКС-000010350   ,5961667.00000,ЭКС-000005740   ,,,False,704439,,,,ЭРА Встраиваемый светильник со светодиодной подсветкой ЭРА DK LD51 CH/SHSL GX53 хром серебро,СМ,,12.00000,12.00000,199.00000,995.00000,,,0.15000,4.00000,,N,,,0.00000,0,,,,ШТ,2026-03-21 00:00:00,EKS000005740,N,,,,5.00000,0.75000,4975.00000,,КГ,,Косова Т.В.,Б0057466,ШТ,Базовый,Орион ООО   (ЭРА) новый (,0.00000,0.00000,a.manokhin,Пакет интерфейса поставки:a3aca545-d6fc-47a6-b775-8dc3fac4aa54,2026-03-23 14:13:12,321120,1996478,5.00000,2,,,,,,,,C,,Годен,,
1994900,WH1,,320645,New,End,,N,ЭКС,,,,,,,ЭКС-000010350   ,5961669.00000,ЭКС-000005740   ,,,False,797998,,,,ЭРА Встраиваемый светильник со светодиодной подсветкой ЭРА DK LD50 FR GX53 белый матовый,СМ,False,3.50000,12.50000,197.00000,5319.00000,,,0.25000,12.50000,,N,,,0.00000,0,,,,ШТ,2026-03-21 00:00:00,EKS000005740,N,,,,27.00000,6.75000,143613.00000,,КГ,,Колупаев В.Г.,Б0057470,ШТ,Товар филиала,Орион ООО   (ЭРА) новый (,0.00000,0.00000,a.manokhin,Пакет интерфейса поставки:a3aca545-d6fc-47a6-b775-8dc3fac4aa54,2026-03-23 14:13:12,321120,1996477,27.00000,2,,,,,,,,C,,Годен,,
1994901,WH1,,320645,New,End,,N,ЭКС,,,,,,,ЭКС-000010350   ,5961678.00000,ЭКС-000005740   ,,,False,866365,,,,Светильник встраиваемый DK116 WH под лампу GX53 белый,СМ,False,5.50000,11.00000,172.50000,4657.50000,,,0.10000,11.00000,,N,,,0.00000,0,,,,ШТ,2026-03-21 00:00:00,EKS000005740,N,,,,27.00000,2.70000,125752.50000,,КГ,Заказной,Лангеман Э.Г.,Б0071009,ШТ,,Орион ООО   (ЭРА) новый (,0.00000,0.00000,a.manokhin,Пакет интерфейса поставки:a3aca545-d6fc-47a6-b775-8dc3fac4aa54,2026-03-23 14:13:12,321120,1996471,27.00000,2,,,,,,,,C,,Годен,,
1994902,WH1,,320645,New,End,,N,ЭКС,,,,,,,ЭКС-000010350   ,5961684.00000,ЭКС-000005740   ,,,False,866364,,,,Светильник встраиваемый DK116 BK под лампу GX53 черный,СМ,False,5.50000,11.00000,172.50000,4657.50000,,,0.10000,11.00000,,N,,,0.00000,0,,,,ШТ,2026-03-21 00:00:00,EKS000005740,N,,,,27.00000,2.70000,125752.50000,,КГ,Заказной,Лангеман Э.Г.,Б0071010,ШТ,,Орион ООО   (ЭРА) новый (,0.00000,0.00000,a.manokhin,Пакет интерфейса поставки:a3aca545-d6fc-47a6-b775-8dc3fac4aa54,2026-03-23 14:13:12,321120,1996472,27.00000,2,,,,,,,,C,,Годен,,
1994903,WH1,,320645,New,End,,N,ЭКС,,,,,,,ЭКС-000010449   ,5961664.00000,ЭКС-000005740   ,,,False,668490,,,,Светильник LED ЭРА Классик с ДУ SPB-6-70-RC Liburn 70Вт 3400-5500К,СМ,False,10.00000,50.00000,1175.00000,2350.00000,,,2.00000,50.00000,,N,,,0.00000,0,,,,ШТ,2026-03-21 00:00:00,EKS000005740,N,,,,2.00000,4.00000,4700.00000,,КГ,Логунов Владимир Александ,Косова Т.В.,Б0051099,ШТ,Товар филиала,Орион ООО   (ЭРА) новый (,0.00000,0.00000,a.manokhin,Пакет интерфейса поставки:a3aca545-d6fc-47a6-b775-8dc3fac4aa54,2026-03-23 14:13:12,321120,1996481,2.00000,2,,,,,,,,C,,Годен,,
1994904,WH1,,320645,New,End,,N,ЭКС,,,,,,,ЭКС-000010477   ,5961666.00000,ЭКС-000005740   ,,,False,634874,,,,Светильник настенно-потолочный спот ЭРА OL35-2 BK MR16 GU10 IP20 черный хром,СМ,False,6.00000,33.00000,677.00000,1354.00000,,,0.20000,13.00000,,N,,,0.00000,0,,,,ШТ,2026-03-21 00:00:00,EKS000005740,N,,,,2.00000,0.40000,2708.00000,,КГ,Акулинский Петр Иванович,Косова Т.В.,Б0056364,ШТ,Товар филиала,Орион ООО   (ЭРА) новый (,0.00000,0.00000,a.manokhin,Пакет интерфейса поставки:a3aca545-d6fc-47a6-b775-8dc3fac4aa54,2026-03-23 14:13:12,321120,1996482,2.00000,2,,,,,,,,C,,Годен,,
1994905,WH1,,320645,New,End,,N,ЭКС,,,,,,,ЭКС-000010477   ,5961675.00000,ЭКС-000005740   ,,,False,700247,,,,ЭРА Встраиваемый светильник под лампу GX53 DK114 WH белый,СМ,False,12.00000,12.00000,486.50000,7297.50000,,,0.20000,11.00000,,N,,,0.00000,0,,,,ШТ,2026-03-21 00:00:00,EKS000005740,N,,,,15.00000,3.00000,109462.50000,,КГ,,Косова Т.В.,Б0059789,ШТ,Товар филиала,Орион ООО   (ЭРА) новый (,0.00000,0.00000,a.manokhin,Пакет интерфейса поставки:a3aca545-d6fc-47a6-b775-8dc3fac4aa54,2026-03-23 14:13:12,321120,1996479,15.00000,2,,,,,,,,C,,Годен,,
1994906,WH1,,320645,New,End,,N,ЭКС,,,,,,,ЭКС-000010541   ,5961690.00000,ЭКС-000005740   ,,,False,608060,,,,Элемент питания Трофи CR1620-1BL ENERGY POWER Lithium,СМ,,0.50000,6.00000,8.50000,170.00000,,,0.01000,4.00000,,N,,,0.00000,0,,,,ШТ,2026-03-21 00:00:00,EKS000005740,N,,,,20.00000,0.20000,3400.00000,,КГ,Дортман Анна Павловна,Княжева Ю.В.,Б0003646,ШТ,Товар филиала,Орион ООО   (ЭРА) новый,0.00000,0.00000,a.manokhin,Пакет интерфейса поставки:a3aca545-d6fc-47a6-b775-8dc3fac4aa54,2026-03-23 14:13:12,321120,1996483,20.00000,2,,,,,,,,C,,Годен,,
1994907,WH1,,320645,New,End,,N,ЭКС,,,,,,,ЭКС-000010657   ,5961660.00000,ЭКС-000005740   ,,,False,673164,,,,"Шнур для бра ЭРА  UX-ШВВП-1,8m-W 1,8 м ШВВП 2x0,5мм2 белый  ЭРА",СМ,,3.00000,22.00000,64.50000,645.00000,,,0.07000,9.00000,,N,,,0.00000,0,,,,ШТ,2026-03-21 00:00:00,EKS000005740,N,,,,10.00000,0.70000,6450.00000,,КГ,Дортман Анна Павловна,Княжева Ю.В.,Б0044069,ШТ,Товар филиала,Орион ООО   (ЭРА) новый,0.00000,0.00000,a.manokhin,Пакет интерфейса поставки:a3aca545-d6fc-47a6-b775-8dc3fac4aa54,2026-03-23 14:13:12,321120,1996480,10.00000,2,,,,,,,,C,,Годен,,
1994908,WH1,,320645,New,End,,N,ЭКС,,,,,,,ЭКС-000010657   ,5961676.00000,ЭКС-000005740   ,,,False,839692,,,,Разветвитель электрический ЭРА SPF-2-FL-USB поворотный на 2 розетки + 2USB 10А белый ЭРА,СМ,False,2.00000,11.00000,134.00000,1340.00000,,,0.05000,7.00000,,N,,,0.00000,0,,,,ШТ,2026-03-21 00:00:00,EKS000005740,N,,,,10.00000,0.50000,13400.00000,,КГ,,Княжева Ю.В.,Б0069089,ШТ,Товар филиала,Орион ООО   (ЭРА) новый (,0.00000,0.00000,a.manokhin,Пакет интерфейса поставки:a3aca545-d6fc-47a6-b775-8dc3fac4aa54,2026-03-23 14:13:12,321120,1996476,10.00000,2,,,,,,,,C,,Годен,,
1994909,WH1,,320646,New,End,,N,ЭКС,,,,,,,,5961753.00000,ЭКС-000005750   ,,,False,42091,,8536901000,27.33.13,Наконечник медный луженый ТМЛ  10-6-5 (КВТ),СМ,False,0.80000,4.00000,27.16000,2716.00000,,,0.01000,1.20000,,N,,,0.00000,0,,,,ШТ,2026-03-23 00:00:00,EKS000005750,N,,,,100.00000,1.00000,271600.00000,,КГ,Дортман Анна Павловна,Княжева Ю.В.,40832,ШТ,Базовый,Техэлектро-Сибирь ООО,0.00000,0.00000,r.sagaidak,Пакет интерфейса поставки:a3aca545-d6fc-47a6-b775-8dc3fac4aa54,2026-03-23 14:13:24,321130,1996526,100.00000,2,,,,,,,,B,,Годен,,
1994910,WH1,,320646,New,End,,N,ЭКС,,,,,,,,5961755.00000,ЭКС-000005750   ,,,False,397956,,,,"Наконечник кольцевой изолир. НКИ 6,0-8 (КВТ)",СМ,,0.70000,2.00000,6.81000,3405.00000,,,0.00100,0.70000,,N,,,0.00000,0,,,,ШТ,2026-03-23 00:00:00,EKS000005750,N,,,,500.00000,1.21000,1702500.00000,,КГ,Дортман Анна Павловна,Княжева Ю.В.,47483,ШТ,Базовый,Техэлектро-Сибирь ООО,0.00000,0.00000,r.sagaidak,Пакет интерфейса поставки:a3aca545-d6fc-47a6-b775-8dc3fac4aa54,2026-03-23 14:13:24,321130,1996530,500.00000,2,,,,,,,,B,,Годен,,
1994911,WH1,,320646,New,End,,N,ЭКС,,,,,,,,5961757.00000,ЭКС-000005750   ,,,False,397960,,,,"Наконечник кольцевой изолир. НКИ 1,5-4 (КВТ)",СМ,,0.50000,1.50000,1.72000,860.00000,,,0.00100,0.50000,,N,,,0.00000,0,,,,ШТ,2026-03-23 00:00:00,EKS000005750,N,,,,500.00000,0.35000,430000.00000,,КГ,Дортман Анна Павловна,Княжева Ю.В.,47472,ШТ,Базовый,Техэлектро-Сибирь ООО,0.00000,0.00000,r.sagaidak,Пакет интерфейса поставки:a3aca545-d6fc-47a6-b775-8dc3fac4aa54,2026-03-23 14:13:24,321130,1996529,500.00000,2,,,,,,,,B,,Годен,,
1994912,WH1,,320646,New,End,,N,ЭКС,,,,,,,,5961759.00000,ЭКС-000005750   ,,,False,66842,,,,Наконечник медный луженый ТМЛ  25-8-8 (КВТ),СМ,,1.00000,4.50000,46.98000,4698.00000,,,0.10000,1.00000,,N,,,0.00000,0,,,,ШТ,2026-03-23 00:00:00,EKS000005750,N,,,,100.00000,1.60000,469800.00000,,КГ,Дортман Анна Павловна,Княжева Ю.В.,40881,ШТ,Товар филиала,Техэлектро-Сибирь ООО,0.00000,0.00000,r.sagaidak,Пакет интерфейса поставки:a3aca545-d6fc-47a6-b775-8dc3fac4aa54,2026-03-23 14:13:24,321130,1996525,100.00000,2,,,,,,,,C,,Годен,,
1994913,WH1,,320646,New,End,,N,ЭКС,,,,,,,,5961761.00000,ЭКС-000005750   ,,,False,66844,,,,Наконечник медный луженый ТМЛ  35-10-9 (КВТ),СМ,,1.30000,6.00000,62.56000,6256.00000,,,0.02080,1.50000,,N,,,0.00000,0,,,,ШТ,2026-03-23 00:00:00,EKS000005750,N,,,,100.00000,2.08000,625600.00000,,КГ,Дортман Анна Павловна,Княжева Ю.В.,40884,ШТ,Товар филиала,Техэлектро-Сибирь ООО,0.00000,0.00000,r.sagaidak,Пакет интерфейса поставки:a3aca545-d6fc-47a6-b775-8dc3fac4aa54,2026-03-23 14:13:24,321130,1996524,100.00000,2,,,,,,,,C,,Годен,,
1994914,WH1,,320646,New,End,,N,ЭКС,,,,,,,,5961763.00000,ЭКС-000005750   ,,,False,66850,,,,Наконечник медный луженый ТМЛ  50-12-11 (КВТ),СМ,,1.00000,6.00000,78.14000,7814.00000,,,0.03000,1.00000,,N,,,0.00000,0,,,,ШТ,2026-03-23 00:00:00,EKS000005750,N,,,,100.00000,4.00000,781400.00000,,КГ,Дортман Анна Павловна,Княжева Ю.В.,40891,ШТ,Товар филиала,Техэлектро-Сибирь ООО,0.00000,0.00000,r.sagaidak,Пакет интерфейса поставки:a3aca545-d6fc-47a6-b775-8dc3fac4aa54,2026-03-23 14:13:24,321130,1996523,100.00000,2,,,,,,,,C,,Годен,,
1994915,WH1,,320646,New,End,,N,ЭКС,,,,,,,,5961765.00000,ЭКС-000005750   ,,,False,422606,,,,"Разъем плоский РПИ-П 1,5-(6,3) (КВТ)",СМ,,0.50000,3.00000,1.44000,720.00000,,,0.00500,1.00000,,N,,,0.00000,0,,,,ШТ,2026-03-23 00:00:00,EKS000005750,N,,,,500.00000,0.25000,360000.00000,,КГ,Дортман Анна Павловна,Княжева Ю.В.,49614,ШТ,Товар филиала,Техэлектро-Сибирь ООО,0.00000,0.00000,r.sagaidak,Пакет интерфейса поставки:a3aca545-d6fc-47a6-b775-8dc3fac4aa54,2026-03-23 14:13:24,321130,1996527,500.00000,2,,,,,,,,C,,Годен,,
1994916,WH1,,320646,New,End,,N,ЭКС,,,,,,,,5961769.00000,ЭКС-000005750   ,,,False,283967,,,,Термоусаживаемая трубка ТНТнг-LS 16/8 желто-зеленая по 1м КВТ,СМ,,0.30000,50.00000,47.76000,477.60000,,,0.05000,5.00000,,N,,,0.00000,0,,,,М,2026-03-23 00:00:00,EKS000005750,N,,,,10.00000,0.20000,4776.00000,,КГ,Дортман Анна Павловна,Княжева Ю.В.,72437,М,Базовый,Техэлектро-Сибирь ООО,0.00000,0.00000,r.sagaidak,Пакет интерфейса поставки:a3aca545-d6fc-47a6-b775-8dc3fac4aa54,2026-03-23 14:13:24,321130,1996534,10.00000,2,,,,,,,,C,,Годен,,
1994917,WH1,,320646,New,End,,N,ЭКС,,,,,,,,5961773.00000,ЭКС-000005750   ,,,False,365076,,,,"КВТ Наконечник ПМ 1,5 - 4",СМ,,0.50000,2.00000,3.35000,335.00000,,,0.00500,1.00000,,N,,,0.00000,0,,,,ШТ,2026-03-23 00:00:00,EKS000005750,N,,,,100.00000,0.05000,33500.00000,,КГ,Акулинский Петр Иванович,Княжева Ю.В.,59134,ШТ,Товар филиала,Техэлектро-Сибирь ООО,0.00000,0.00000,r.sagaidak,Пакет интерфейса поставки:a3aca545-d6fc-47a6-b775-8dc3fac4aa54,2026-03-23 14:13:24,321130,1996531,100.00000,2,,,,,,,,C,,Годен,,
1994918,WH1,,320646,New,End,,N,ЭКС,,,,,,,,5961776.00000,ЭКС-000005750   ,,,False,440522,,,,Термоусаживаемая трубка ТНТ-16/8 желтая по 1м КВТ,СМ,,0.20000,50.00000,29.45000,294.50000,,,0.01000,2.50000,,N,,,0.00000,0,,,,М,2026-03-23 00:00:00,EKS000005750,N,,,,10.00000,0.20000,2945.00000,,КГ,Дортман Анна Павловна,Княжева Ю.В.,82987,М,Базовый,Техэлектро-Сибирь ООО,0.00000,0.00000,r.sagaidak,Пакет интерфейса поставки:a3aca545-d6fc-47a6-b775-8dc3fac4aa54,2026-03-23 14:13:24,321130,1996522,10.00000,2,,,,,,,,C,,Годен,,
1994919,WH1,,320646,New,End,,N,ЭКС,,,,,,,ЭКС-000011972   ,5961772.00000,ЭКС-000005750   ,,,False,317184,,,,Трубка ТТК-(4:1)-4/1 (КВТ),СМ,False,0.50000,50.00000,23.67000,473.40000,,,0.50000,0.50000,,N,,,0.00000,0,,,,М,2026-03-23 00:00:00,EKS000005750,N,,,,20.00000,0.40000,9468.00000,,КГ,Дортман Анна Павловна,Княжева Ю.В.,59672,М,Товар филиала,Техэлектро-Сибирь ООО,0.00000,0.00000,r.sagaidak,Пакет интерфейса поставки:a3aca545-d6fc-47a6-b775-8dc3fac4aa54,2026-03-23 14:13:24,321130,1996532,20.00000,2,,,,,,,,C,,Годен,,
1994920,WH1,,320646,New,End,,N,ЭКС,,,,,,,ЭКС-000011985   ,5961767.00000,ЭКС-000005750   ,,,False,168516,,,,Трубка ТТК-(3:1)-12/4 черная (КВТ),СМ,,1.00000,50.00000,61.03000,1220.60000,,,0.01000,8.00000,,N,,,0.00000,0,,,,М,2026-03-23 00:00:00,EKS000005750,N,,,,20.00000,0.60000,24412.00000,,КГ,Дортман Анна Павловна,Княжева Ю.В.,59697,М,Товар филиала,Техэлектро-Сибирь ООО,0.00000,0.00000,r.sagaidak,Пакет интерфейса поставки:a3aca545-d6fc-47a6-b775-8dc3fac4aa54,2026-03-23 14:13:24,321130,1996520,20.00000,2,,,,,,,,C,,Годен,,
1994921,WH1,,320646,New,End,,N,ЭКС,,,,,,,ЭКС-000012072   ,5961768.00000,ЭКС-000005750   ,,,False,205338,,8536901000,27.33.13,Гильза  алюминиевая ГА 185-19  КВТ,СМ,False,2.50000,10.00000,56.05000,1401.25000,,,0.06000,2.50000,,N,,,0.00000,0,,,,ШТ,2026-03-23 00:00:00,EKS000005750,N,,,,25.00000,1.50000,35031.25000,,КГ,Заказной,Княжева Ю.В.,41459,ШТ,Заказной товар,Техэлектро-Сибирь ООО,0.00000,0.00000,r.sagaidak,Пакет интерфейса поставки:a3aca545-d6fc-47a6-b775-8dc3fac4aa54,2026-03-23 14:13:24,321130,1996535,25.00000,2,,,,,,,,C,,Годен,,
1994922,WH1,,320646,New,End,,N,ЭКС,,,,,,,ЭКС-000012110   ,5961771.00000,ЭКС-000005750   ,,,False,310514,,,22.21.29,"Набор ""Колорит 12/6"" (КВТ)",СМ,False,2.00000,12.00000,59.55000,119.10000,,,0.02000,9.00000,,N,,,0.00000,0,,,,УП,2026-03-23 00:00:00,EKS000005750,N,,,,2.00000,0.04000,238.20000,,КГ,Дортман Анна Павловна,Княжева Ю.В.,73641,УП,Базовый,Техэлектро-Сибирь ООО,0.00000,0.00000,r.sagaidak,Пакет интерфейса поставки:a3aca545-d6fc-47a6-b775-8dc3fac4aa54,2026-03-23 14:13:24,321130,1996533,2.00000,2,,,,,,,,C,,Годен,,
1994923,WH1,,320646,New,End,,N,ЭКС,,,,,,,ЭКС-000012192   ,5961778.00000,ЭКС-000005750   ,,,False,861419,,,,Набор втулочных наконечников НШВИ К-1490-1,СМ,False,7.00000,24.00000,2222.28000,2222.28000,,,1.18000,17.00000,,N,,,0.00000,0,,,,ШТ,2026-03-23 00:00:00,EKS000005750,N,,,,1.00000,1.18000,2222.28000,,КГ,Заказной,Княжева Ю.В.,105673,ШТ,Заказной товар,Техэлектро-Сибирь ООО,0.00000,0.00000,r.sagaidak,Пакет интерфейса поставки:a3aca545-d6fc-47a6-b775-8dc3fac4aa54,2026-03-23 14:13:24,321130,1996521,1.00000,2,,,,,,,,C,,Годен,,
1994924,WH1,,320646,New,End,,N,ЭКС,,,,,,,ЭКС-000012214   ,5961775.00000,ЭКС-000005750   ,,,False,401306,,,,Трубка ТТШ-10-150/60 КВТ,СМ,,0.30000,100.00000,834.04000,8340.40000,,,0.20000,24.00000,,N,,,0.00000,0,,,,М,2026-03-23 00:00:00,EKS000005750,N,,,,10.00000,3.00000,83404.00000,,КГ,Заказной,Княжева Ю.В.,73722,М,Заказной товар,Техэлектро-Сибирь ООО,0.00000,0.00000,r.sagaidak,Пакет интерфейса поставки:a3aca545-d6fc-47a6-b775-8dc3fac4aa54,2026-03-23 14:13:24,321130,1996528,10.00000,2,,,,,,,,C,,Годен,,
1994925,WH1,,320647,New,End,,N,ЭКС,,,,,,,,5961725.00000,ЭКС-000005743   ,,,False,429067,,,,Патрон подвесной с клеммной колодкой Е27 термостойкий пластик белый ЭРА,СМ,False,4.00000,7.00000,38.00000,76000.00000,,,0.03000,4.00000,,N,,,0.00000,0,,,,ШТ,2026-03-23 00:00:00,EKS000005743,N,,,,2000.00000,50.00000,152000000.00000,,КГ,Акулинский Петр Иванович,Колупаев В.Г.,Б0043676,ШТ,Товар филиала,Орион ООО   (ЭРА) новый (,0.00000,0.00000,a.manokhin,Пакет интерфейса поставки:9a5d592e-251f-49e1-b69c-1a8c429a7881,2026-03-23 14:15:10,321123,1996497,2000.00000,2,,,,,,,,C,,Годен,,
1994926,WH1,,320647,New,End,,N,ЭКС,,,,,,,,5961726.00000,ЭКС-000005743   ,,,False,513569,,,,Патрон подвесной с клеммной  колодкой  Е27 термостойкий  пластик черный ЭРА (аналог 197365),СМ,False,3.00000,8.00000,38.00000,76000.00000,,,0.05000,3.00000,,N,,,0.00000,0,,,,ШТ,2026-03-23 00:00:00,EKS000005743,N,,,,2000.00000,50.00000,152000000.00000,,КГ,Акулинский Петр Иванович,Колупаев В.Г.,Б0043677,ШТ,Базовый,Орион ООО   (ЭРА) новый (,0.00000,0.00000,a.manokhin,Пакет интерфейса поставки:9a5d592e-251f-49e1-b69c-1a8c429a7881,2026-03-23 14:15:10,321123,1996496,2000.00000,2,,,,,,,,C,,Годен,,
1994927,WH1,,320647,New,End,,N,ЭКС,,,,,,,ЭКС-000008034   ,5961731.00000,ЭКС-000005743   ,,,False,406666,,,,ЭРА Из.лента Лента изоляционная прорезиненная Х/Б 70 г,СМ,,2.00000,7.00000,41.00000,9102.00000,,,0.01000,7.00000,,N,,,0.00000,0,,,,ШТ,2026-03-23 00:00:00,EKS000005743,N,,,,222.00000,15.42000,2020644.00000,,КГ,Дортман Анна Павловна,Петров И.В.,Б0002454,ШТ,Товар филиала,Орион ООО   (ЭРА) новый,0.00000,0.00000,a.manokhin,Пакет интерфейса поставки:9a5d592e-251f-49e1-b69c-1a8c429a7881,2026-03-23 14:15:10,321123,1996498,222.00000,2,,,,,,,,C,,Годен,,
1994928,WH1,,320647,New,End,,N,ЭКС,,,,,,,ЭКС-000008823   ,5961727.00000,ЭКС-000005743   ,,,False,623212,,,,Корпус навес (395х310х220) ЩМПг-1-0 IP54 У2,СМ,,23.00000,41.00000,1970.50000,1970.50000,,,3.00000,33.00000,,N,,,0.00000,0,,,,ШТ,2026-03-23 00:00:00,EKS000005743,N,,,,1.00000,3.00000,1970.50000,,КГ,Акулинский Петр Иванович,Феденькова Д.Ю.,Б0057148,ШТ,Товар филиала,Орион ООО   (ЭРА) новый,0.00000,0.00000,a.manokhin,Пакет интерфейса поставки:9a5d592e-251f-49e1-b69c-1a8c429a7881,2026-03-23 14:15:10,321123,1996495,1.00000,2,,,,,,,,C,,Годен,,
1994929,WH1,,320647,New,End,,N,ЭКС,,,,,,,ЭКС-000010698   ,5961729.00000,ЭКС-000005743   ,,,False,836287,,,,Светильник потолочный светодиодный Rivoli Ava 6182-201 LED 80 Вт3000-6000К белый с пультом,СМ,False,8.00000,66.00000,1983.50000,3967.00000,,,1.95000,25.00000,,N,,,0.00000,0,,,,ШТ,2026-03-23 00:00:00,EKS000005743,N,,,,2.00000,3.90000,7934.00000,,КГ,,Косова Т.В.,Б0068466,ШТ,Товар филиала,Орион ООО   (ЭРА) новый (,0.00000,0.00000,a.manokhin,Пакет интерфейса поставки:9a5d592e-251f-49e1-b69c-1a8c429a7881,2026-03-23 14:15:10,321123,1996493,2.00000,2,,,,,,,,C,,Годен,,
1994930,WH1,,320647,New,End,,N,ЭКС,,,,,,,ЭКС-000010698   ,5961730.00000,ЭКС-000005743   ,,,False,836293,,,,Светильник потолочный светодиодный Rivoli Juniper 6187-702 LED 75 Вт 3000-6000К белый с пультом,СМ,False,13.00000,28.00000,1448.50000,4345.50000,,,1.52000,28.00000,,N,,,0.00000,0,,,,ШТ,2026-03-23 00:00:00,EKS000005743,N,,,,3.00000,4.56000,13036.50000,,КГ,,Косова Т.В.,Б0068478,ШТ,Товар филиала,Орион ООО   (ЭРА) новый (,0.00000,0.00000,a.manokhin,Пакет интерфейса поставки:9a5d592e-251f-49e1-b69c-1a8c429a7881,2026-03-23 14:15:10,321123,1996500,3.00000,2,,,,,,,,C,,Годен,,
1994931,WH1,,320647,New,End,,N,ЭКС,,,,,,,ЭКС-000010769   ,5961728.00000,ЭКС-000005743   ,,,False,632420,,,,Распаячная коробка ЭРА BS-W-75-75-28 без клеммы 75х75х28мм белая IP40,СМ,False,2.00000,7.00000,28.00000,1400.00000,,,0.03000,7.00000,,N,,,0.00000,0,,,,ШТ,2026-03-23 00:00:00,EKS000005743,N,,,,50.00000,1.50000,70000.00000,,КГ,Заказной,Княжева Ю.В.,Б0058704,ШТ,Заказной товар,Орион ООО   (ЭРА) новый (,0.00000,0.00000,a.manokhin,Пакет интерфейса поставки:9a5d592e-251f-49e1-b69c-1a8c429a7881,2026-03-23 14:15:10,321123,1996494,50.00000,2,,,,,,,,C,,Годен,,
1994932,WH1,,320647,New,End,,N,ЭКС,,,,,,,ЭКС-000010789   ,5961724.00000,ЭКС-000005743   ,,,False,295187,,,,"Модульные системы освещения ЭРА LM-8,5-840-C3 (10/160) 800 mm сенсор, (крепежные клипсы, ЗМ скотч)",СМ,False,5.50000,84.00000,930.00000,930.00000,,,0.43000,12.00000,,N,,,0.00000,0,,,,ШТ,2026-03-23 00:00:00,EKS000005743,N,,,,1.00000,0.43000,930.00000,,КГ,Логунов Владимир Александ,Колупаев В.Г.,C0045769,ШТ,Товар филиала,Орион ООО   (ЭРА) новый (,0.00000,0.00000,a.manokhin,Пакет интерфейса поставки:9a5d592e-251f-49e1-b69c-1a8c429a7881,2026-03-23 14:15:10,321123,1996499,1.00000,2,,,,,,,,C,,Годен,,
1994933,WH1,,320648,New,End,,N,ЭКС,,,,,,,,5961752.00000,ЭКС-000005749   ,,,False,883697,,,,Провод ПуГВнг(А)-LS 1х6   Промэко,СМ,False,9.00000,26.00000,57.94000,260730.00000,,,6.65000,26.00000,,Y,,,0.00000,0,,,,М,2026-03-23 00:00:00,EKS000005749,N,,,,4500.00000,299.25000,1173285000.00000,,КГ,,Дунав М.И.,883697,М,Товар РЦ,Промэко ООО,0.00000,0.00000,a.savitskiy,Пакет интерфейса поставки:7e813b0b-6f2b-4c3a-b0cf-f8965eb448a9,2026-03-23 14:23:22,321129,1996519,4500.00000,1,,,,,,,,C,,Годен,,
1994934,WH1,,320649,New,End,,N,ЭКС,,,,,,,,5961733.00000,ЭКС-000005744   ,,,False,840397,,,,"Кабель ВВГнг(A)-LS 5х10 ок(N,PE)-0,66 Промэко",СМ,False,2.03000,100.00000,418.78000,163742.98000,20.3,,0.91600,2.03000,,Y,,,0.00000,0,,,,М,2025-09-29 00:00:00,EKS000005744,N,,,,391.00000,358.15600,64023505.18000,,КГ,,Лихушина Н.И.,kz2005100,М,Новинка,Промэко ООО,0.00000,0.00000,n.bezrukov,Пакет интерфейса поставки:09121ab0-4736-4326-b1c9-1dd38788e170,2026-03-23 14:39:13,321124,1996501,391.00000,1,,,01,,,,,C,,Годен,,
1994935,WH1,,320650,New,End,,N,ЭКС,,,,,,,ЭКС-000010413   ,5961735.00000,ЭКС-000005746   ,,,False,116294,,,,Кабель КГ-ХЛ 1х240-380/660В-2,СМ,,3.00000,100.00000,2539.88000,101595.20000,34.8,,3.19000,3.00000,,Y,,,0.00000,0,,,,М,2026-03-17 00:00:00,EKS000005746,N,,,,40.00000,127.60000,4063808.00000,,КГ,Заказной,Дунав М.И.,116294,М,Заказной товар,Холдинг Кабельный Альянс,0.00000,0.00000,n.bezrukov,Пакет интерфейса поставки:62a7cf3a-9ca1-4a27-bff5-57f0a2cef927,2026-03-23 14:43:25,321126,1996503,40.00000,1,,,,,,,,C,,Годен,,
1994936,WH1,,320651,New,End,,N,ЭКС,,,,,,,ЭКС-000007159   ,5961980.00000,ЭКС-000005763   ,,,False,866346,,,,Пункт распределительный ПР-8-РУ (ЩР),СМ,False,23.00000,66.00000,16753.83000,16753.83000,,,23.00000,52.00000,,N,,,0.00000,0,,,,ШТ,2026-03-23 00:00:00,EKS000005763,N,,,,1.00000,23.00000,16753.83000,,КГ,Заказной,Иваненко П.В.,NI18022026145613790,ШТ,Заказной товар,НЭМЗ ИНЖИНИРИНГ ООО,0.00000,0.00000,n.bezrukov,Пакет интерфейса поставки:288b0005-deb3-4371-a13f-350acdbbef23,2026-03-23 14:45:41,321149,1996699,1.00000,2,,,,,,,,C,,Годен,,
1994937,WH1,,320651,New,End,,N,ЭКС,,,,,,,ЭКС-000007159   ,5961981.00000,ЭКС-000005763   ,,,False,866347,,,,Ящик управления ЯУО 9602-3174 (IP66) НЭМЗ (ЩРн),СМ,False,24.00000,50.00000,20971.40000,20971.40000,,,12.00000,40.00000,,N,,,0.00000,0,,,,ШТ,2026-03-23 00:00:00,EKS000005763,N,,,,1.00000,12.00000,20971.40000,,КГ,Заказной,Иваненко П.В.,NI18022026145616433,ШТ,Заказной товар,НЭМЗ ИНЖИНИРИНГ ООО,0.00000,0.00000,n.bezrukov,Пакет интерфейса поставки:288b0005-deb3-4371-a13f-350acdbbef23,2026-03-23 14:45:41,321149,1996698,1.00000,2,,,,,,,,C,,Годен,,
1994938,WH1,,320652,New,End,,N,ЭКС,,,,,,,,5961882.00000,ЭКС-000005756   ,,,False,168234,,,,Коробка распр. скр. пр. для сплошн. стен D100x50 IP30 Systeme Electric IMT35121,СМ,False,10.00000,10.00000,27.34000,4593.12000,,,0.10000,10.00000,,N,,,0.00000,0,,,,ШТ,2026-03-29 00:00:00,EKS000005756,N,,,,168.00000,7.00000,771644.16000,,КГ,Дортман Анна Павловна,Княжева Ю.В.,IMT35121,ШТ,Базовый,СИСТЭМ ЭЛЕКТРИК АО (ранее,0.00000,0.00000,n.bezrukov,Пакет интерфейса поставки:4a28aa79-4983-43cc-896a-9c9a8cff5d69,2026-03-23 14:47:23,321138,1996613,168.00000,2,,,,,,,,C,,Годен,,
1994939,WH1,,320652,New,End,,N,ЭКС,,,,,,,,5961883.00000,ЭКС-000005756   ,,,False,183428,,,,"Рамка 3-ая, горизонтальная,""Glossa"" белый GSL000103",СМ,,1.00000,22.00000,102.38000,15357.00000,,,0.03000,8.00000,,N,,,0.00000,0,,,,ШТ,2026-03-29 00:00:00,EKS000005756,N,,,,150.00000,6.80000,2303550.00000,,КГ,Дортман Анна Павловна,Куграшова О.В.,GSL000103,ШТ,Суперсклад,Шнейдер Электрик АО,0.00000,0.00000,n.bezrukov,Пакет интерфейса поставки:4a28aa79-4983-43cc-896a-9c9a8cff5d69,2026-03-23 14:47:23,321138,1996612,150.00000,2,,,,,,,,A,,Годен,,
1994940,WH1,,320652,New,End,,N,ЭКС,,,,,,,,5961884.00000,ЭКС-000005756   ,,,False,183446,,,,"Выключатель с/п 2кл. б/рамки ""Glossa"" белый GSL000151",СМ,,4.00000,7.00000,138.92000,108357.60000,,,0.08050,7.00000,,N,,,0.00000,0,,,,ШТ,2026-03-29 00:00:00,EKS000005756,N,,,,780.00000,62.87000,84518928.00000,,КГ,Дортман Анна Павловна,Куграшова О.В.,GSL000151,ШТ,Суперсклад,Шнейдер Электрик АО,0.00000,0.00000,n.bezrukov,Пакет интерфейса поставки:4a28aa79-4983-43cc-896a-9c9a8cff5d69,2026-03-23 14:47:23,321138,1996611,780.00000,2,,,,,,,,A,,Годен,,
1994941,WH1,,320652,New,End,,N,ЭКС,,,,,,,,5961885.00000,ЭКС-000005756   ,,,False,183459,,,,"Рамка 3-ая, горизонтальная,""Glossa"" бежевый GSL000203",СМ,,1.00000,22.00000,102.38000,3071.40000,,,0.03000,8.00000,,N,,,0.00000,0,,,,ШТ,2026-03-29 00:00:00,EKS000005756,N,,,,30.00000,1.36000,92142.00000,,КГ,Дортман Анна Павловна,Куграшова О.В.,GSL000203,ШТ,Базовый,Шнейдер Электрик АО,0.00000,0.00000,n.bezrukov,Пакет интерфейса поставки:4a28aa79-4983-43cc-896a-9c9a8cff5d69,2026-03-23 14:47:23,321138,1996610,30.00000,2,,,,,,,,B,,Годен,,
1994942,WH1,,320652,New,End,,N,ЭКС,,,,,,,,5961886.00000,ЭКС-000005756   ,,,False,303956,,,,Коробка распр. скр.пр. Systeme Electric г/к 100х100х50 с крыш.(мет.лапки) Systeme Electric IMT351611,СМ,False,6.00000,11.00000,47.85000,3445.20000,,,0.10000,11.00000,,N,,,0.00000,0,,,,ШТ,2026-03-29 00:00:00,EKS000005756,N,,,,72.00000,4.00000,248054.40000,,КГ,Дортман Анна Павловна,Княжева Ю.В.,IMT351611,ШТ,Базовый,СИСТЭМ ЭЛЕКТРИК АО (ранее,0.00000,0.00000,n.bezrukov,Пакет интерфейса поставки:4a28aa79-4983-43cc-896a-9c9a8cff5d69,2026-03-23 14:47:23,321138,1996609,72.00000,2,,,,,,,,C,,Годен,,
1994943,WH1,,320652,New,End,,N,ЭКС,,,,,,,ЭКС-000008711   ,5961881.00000,ЭКС-000005756   ,,,False,505638,,,,Выключатель авт. ВА-103 3п   63А  х-ка C   6кА  12311DEK  DEKraft,СМ,,6.00000,8.00000,657.60000,657.60000,,,0.30000,7.00000,,N,,,0.00000,0,,,,ШТ,2026-03-29 00:00:00,EKS000005756,N,,,,1.00000,0.30000,657.60000,,КГ,Катышев Александр Вячесла,Шаповалов П.Г.,12311DEK,ШТ,Товар РЦ,СИСТЭМ ЭЛЕКТРИК АО (ранее,0.00000,0.00000,n.bezrukov,Пакет интерфейса поставки:4a28aa79-4983-43cc-896a-9c9a8cff5d69,2026-03-23 14:47:23,321138,1996608,1.00000,2,,,,,,,,C,,Годен,,
1994944,WH1,,320652,New,End,,N,ЭКС,,,,,,,ЭКС-000011180   ,5961887.00000,ЭКС-000005756   ,,,False,831637,,,,Выключатель авт. диф. тока (АВДТ) City9 1P+N С 16А 6kA 10мА Тип-A 230В,СМ,False,4.00000,9.00000,2964.00000,2964.00000,,,0.20000,8.00000,,N,,,0.00000,0,,,,ШТ,2026-03-29 00:00:00,EKS000005756,N,,,,1.00000,0.20000,2964.00000,,КГ,Заказной,Шаповалов П.Г.,C9D61616,ШТ,Заказной товар,СИСТЭМ ЭЛЕКТРИК АО (ранее,0.00000,0.00000,n.bezrukov,Пакет интерфейса поставки:4a28aa79-4983-43cc-896a-9c9a8cff5d69,2026-03-23 14:47:23,321138,1996614,1.00000,2,,,,,,,,C,,Годен,,
1994945,WH1,,320652,New,End,,N,ЭКС,,,,,,,ЭКС-000011180   ,5961888.00000,ЭКС-000005756   ,,,False,755209,,,,City9 Set Авт. выкл. диф. тока (АВДТ) 1P+N С 32А 6kA 30мА Тип-A 230В,СМ,,4.00000,9.00000,3420.00000,6840.00000,,,0.01000,8.00000,,N,,,0.00000,0,,,,ШТ,2026-03-29 00:00:00,EKS000005756,N,,,,2.00000,0.02000,13680.00000,,КГ,Заказной,Шаповалов П.Г.,C9D65632,ШТ,Заказной товар,СИСТЭМ ЭЛЕКТРИК АО (ранее,0.00000,0.00000,n.bezrukov,Пакет интерфейса поставки:4a28aa79-4983-43cc-896a-9c9a8cff5d69,2026-03-23 14:47:23,321138,1996607,2.00000,2,,,,,,,,C,,Годен,,
1994946,WH1,,320653,New,End,,N,ЭКС,,,,,,,ЭКС-000012133   ,5961976.00000,ЭКС-000005761   ,,,False,167118,,,,"Провод ПВСнг(A)-LS 3х1,5",СМ,,0.50000,100.00000,56.97000,2848.50000,,,0.10000,0.50000,,Y,,,0.00000,0,,,,М,2026-03-23 00:00:00,EKS000005761,N,,,,50.00000,5.00000,142425.00000,,КГ,Заказной,Лихушина Н.И.,167118,М,Заказной товар,,0.00000,0.00000,a.savitskiy,Пакет интерфейса поставки:2712ee00-284b-4e67-a7e2-33514ddad3c1,2026-03-23 14:51:34,321143,1996690,50.00000,1,,,01,,,,,C,,Годен,,
1994947,WH1,,320654,New,End,,N,ЭКС,,,,,,,ЭКС-000008873   ,5961977.00000,ЭКС-000005762   ,,,False,874932,,,,Пункт распределительный ПР-8-РУ (ЩС.1),СМ,False,14.00000,55.00000,16850.34000,16850.34000,,,12.00000,32.00000,,N,,,0.00000,0,,,,ШТ,2026-03-23 00:00:00,EKS000005762,N,,,,1.00000,12.00000,16850.34000,,КГ,Заказной,Иваненко П.В.,NI02032026123411450,ШТ,Заказной товар,НЭМЗ ИНЖИНИРИНГ ООО,0.00000,0.00000,n.bezrukov,Пакет интерфейса поставки:ddc92b64-d533-46a2-9178-db235103b3fd,2026-03-23 14:57:24,321148,1996697,1.00000,2,,,,,,,,C,,Годен,,
1994948,WH1,,320654,New,End,,N,ЭКС,,,,,,,ЭКС-000008873   ,5961978.00000,ЭКС-000005762   ,,,False,874933,,,,Пункт распределительный ПР-8-РУ (ЩС.2),СМ,False,15.00000,61.00000,31935.37000,31935.37000,,,15.00000,55.00000,,N,,,0.00000,0,,,,ШТ,2026-03-23 00:00:00,EKS000005762,N,,,,1.00000,15.00000,31935.37000,,КГ,Заказной,Иваненко П.В.,NI02032026123415107,ШТ,Заказной товар,НЭМЗ ИНЖИНИРИНГ ООО,0.00000,0.00000,n.bezrukov,Пакет интерфейса поставки:ddc92b64-d533-46a2-9178-db235103b3fd,2026-03-23 14:57:24,321148,1996696,1.00000,2,,,,,,,,C,,Годен,,
1994949,WH1,,320654,New,End,,N,ЭКС,,,,,,,ЭКС-000008873   ,5961979.00000,ЭКС-000005762   ,,,False,874934,,,,Пункт распределительный ПР-8-РУ (ЩС.3),СМ,False,15.00000,61.00000,28061.70000,28061.70000,,,15.00000,55.00000,,N,,,0.00000,0,,,,ШТ,2026-03-23 00:00:00,EKS000005762,N,,,,1.00000,15.00000,28061.70000,,КГ,Заказной,Иваненко П.В.,NI02032026123419200,ШТ,Заказной товар,НЭМЗ ИНЖИНИРИНГ ООО,0.00000,0.00000,n.bezrukov,Пакет интерфейса поставки:ddc92b64-d533-46a2-9178-db235103b3fd,2026-03-23 14:57:24,321148,1996695,1.00000,2,,,,,,,,C,,Годен,,
1994950,WH1,,320655,New,End,,N,ЭКС,,,,,,,,5961903.00000,ЭКС-000005757   ,,,False,214963,,8536201007,,"Выключатель авт. ВА-101 2п    3А  х-ка C   4,5кА  11063DEK  DEKraft",СМ,False,7.00000,8.00000,315.00000,1890.00000,,,0.10000,4.00000,,N,,,0.00000,0,,,,ШТ,2026-03-29 00:00:00,EKS000005757,N,,,,6.00000,0.60000,11340.00000,,КГ,Заказной,Шаповалов П.Г.,11063DEK,ШТ,Товар РЦ,СИСТЭМ ЭЛЕКТРИК АО (ранее,0.00000,0.00000,a.manokhin,Пакет интерфейса поставки:2dff79cb-4b02-4168-b871-7b072517dda1,2026-03-23 15:07:17,321139,1996630,6.00000,2,,,,,,,,C,,Годен,,
1994951,WH1,,320655,New,End,,N,ЭКС,,,,,,,,5961905.00000,ЭКС-000005757   ,,,False,56646,,8536500700,,"Выключатель с/п 1кл., 10А, Этюд, белый ВС10-001B",СМ,False,5.00000,7.40000,111.20000,4448.00000,,1,0.65000,9.00000,,N,,,0.00000,0,,,,ШТ,2026-03-29 00:00:00,EKS000005757,N,,,,40.00000,26.00000,177920.00000,,КГ,Заказной,Куграшова О.В.,BC10-001B,ШТ,Заказной товар,СИСТЭМ ЭЛЕКТРИК АО (ранее,0.00000,0.00000,a.manokhin,Пакет интерфейса поставки:2dff79cb-4b02-4168-b871-7b072517dda1,2026-03-23 15:07:17,321139,1996622,40.00000,2,,,,,,,,C,,Годен,,
1994952,WH1,,320655,New,End,,N,ЭКС,,,,,,,,5961907.00000,ЭКС-000005757   ,,,False,56672,,8536699008,,"Розетка о/п 2х2К+З двойная 16А со шторками, с монт. пластиной, Этюд, белый РА16-008B",СМ,False,4.00000,10.00000,188.37000,3013.92000,,1,0.10000,6.00000,,N,,,0.00000,0,,,,ШТ,2026-03-29 00:00:00,EKS000005757,N,,,,16.00000,2.00000,48222.72000,,КГ,Заказной,Куграшова О.В.,PA16-008B,ШТ,Заказной товар,СИСТЭМ ЭЛЕКТРИК АО (ранее,0.00000,0.00000,a.manokhin,Пакет интерфейса поставки:2dff79cb-4b02-4168-b871-7b072517dda1,2026-03-23 15:07:17,321139,1996621,16.00000,2,,,,,,,,C,,Годен,,
1994953,WH1,,320655,New,End,,N,ЭКС,,,,,,,,5961917.00000,ЭКС-000005757   ,,,False,660940,,,,Выключатель авт. City9 4п С 32А 4.5kA 400В,СМ,,7.00000,8.00000,1333.80000,4001.40000,,,0.40000,8.00000,,N,,,0.00000,0,,,,ШТ,2026-03-29 00:00:00,EKS000005757,N,,,,3.00000,1.20000,12004.20000,,КГ,Сарычев Дмитрий Сергеевич,Шаповалов П.Г.,C9F34432,ШТ,Базовый,СИСТЭМ ЭЛЕКТРИК АО (ранее,0.00000,0.00000,a.manokhin,Пакет интерфейса поставки:2dff79cb-4b02-4168-b871-7b072517dda1,2026-03-23 15:07:17,321139,1996617,3.00000,2,,,,,,,,C,,Годен,,
1994954,WH1,,320655,New,End,,N,ЭКС,,,,,,,,5961921.00000,ЭКС-000005757   ,,,False,183427,,,,"Рамка 2-ая, горизонтальная,""Glossa"" белый GSL000102",СМ,,1.00000,15.00000,56.86000,27292.80000,,,0.07000,9.00000,,N,,,0.00000,0,,,,ШТ,2026-03-29 00:00:00,EKS000005757,N,,,,480.00000,20.40000,13100544.00000,,КГ,Дортман Анна Павловна,Куграшова О.В.,GSL000102,ШТ,Суперсклад,Шнейдер Электрик АО,0.00000,0.00000,a.manokhin,Пакет интерфейса поставки:2dff79cb-4b02-4168-b871-7b072517dda1,2026-03-23 15:07:17,321139,1996620,480.00000,2,,,,,,,,A,,Годен,,
1994955,WH1,,320655,New,End,,N,ЭКС,,,,,,,,5961922.00000,ЭКС-000005757   ,,,False,265124,,,,"Розетка о/у 1-ая 16А без ЗК без з/шт изол.пл. ""Blanca"" белый BLNRA000111",СМ,,3.00000,7.00000,92.61000,25004.70000,,,0.01000,7.00000,,N,,,0.00000,0,,,,ШТ,2026-03-29 00:00:00,EKS000005757,N,,,,270.00000,4.90000,6751269.00000,,КГ,Дортман Анна Павловна,Куграшова О.В.,BLNRA000111,ШТ,Базовый,Шнейдер Электрик АО,0.00000,0.00000,a.manokhin,Пакет интерфейса поставки:2dff79cb-4b02-4168-b871-7b072517dda1,2026-03-23 15:07:17,321139,1996628,270.00000,2,,,,,,,,A,,Годен,,
1994956,WH1,,320655,New,End,,N,ЭКС,,,,,,,,5961923.00000,ЭКС-000005757   ,,,False,302627,,,,"Выключатель 1-кл с подсветкой, сх.1а, 10АХ, мех-зм, Atlasdesign Белый  ATN000113",СМ,,4.00000,7.00000,172.62000,51786.00000,,,0.10000,7.00000,,N,,,0.00000,0,,,,ШТ,2026-03-29 00:00:00,EKS000005757,N,,,,300.00000,6.50000,15535800.00000,,КГ,Дортман Анна Павловна,Куграшова О.В.,ATN000113,ШТ,Базовый,Шнейдер Электрик АО,0.00000,0.00000,a.manokhin,Пакет интерфейса поставки:2dff79cb-4b02-4168-b871-7b072517dda1,2026-03-23 15:07:17,321139,1996627,300.00000,2,,,,,,,,C,,Годен,,
1994957,WH1,,320655,New,End,,N,ЭКС,,,,,,,,5961925.00000,ЭКС-000005757   ,,,False,302629,,,,"Розетка двойная без з/к,16А, в сборе, Atlasdesign Белый  ATN000120",СМ,,4.00000,12.00000,144.58000,41205.30000,,,0.10000,8.00000,,N,,,0.00000,0,,,,ШТ,2026-03-29 00:00:00,EKS000005757,N,,,,285.00000,6.50000,11743510.50000,,КГ,Дортман Анна Павловна,Куграшова О.В.,ATN000120,ШТ,Суперсклад,Шнейдер Электрик АО,0.00000,0.00000,a.manokhin,Пакет интерфейса поставки:2dff79cb-4b02-4168-b871-7b072517dda1,2026-03-23 15:07:17,321139,1996625,285.00000,2,,,,,,,,A,,Годен,,
1994958,WH1,,320655,New,End,,N,ЭКС,,,,,,,,5961927.00000,ЭКС-000005757   ,,,False,303011,,,,"Рамка 3-пост, универсальная, Atlasdesign Карбон  ATN001003",СМ,,1.00000,30.00000,296.10000,62181.00000,,,0.06200,10.00000,,N,,,0.00000,0,,,,ШТ,2026-03-29 00:00:00,EKS000005757,N,,,,210.00000,13.02000,13058010.00000,,КГ,Дортман Анна Павловна,Куграшова О.В.,ATN001003,ШТ,Базовый,Шнейдер Электрик АО,0.00000,0.00000,a.manokhin,Пакет интерфейса поставки:2dff79cb-4b02-4168-b871-7b072517dda1,2026-03-23 15:07:17,321139,1996655,210.00000,2,,,,,,,,A,,Годен,,
1994959,WH1,,320655,New,End,,N,ЭКС,,,,,,,,5961932.00000,ЭКС-000005757   ,,,False,660858,,,,Выключатель авт. диф. тока (АВДТ) City9 1P+N С 20А 4.5kA 30мА Тип-AС 230В,СМ,,4.30000,9.00000,2094.75000,155011.50000,,,0.10000,7.80000,,N,,,0.00000,0,,,,ШТ,2026-03-29 00:00:00,EKS000005757,N,,,,74.00000,7.40000,11470851.00000,,КГ,Сарычев Дмитрий Сергеевич,Шаповалов П.Г.,C9D34620,ШТ,Базовый,СИСТЭМ ЭЛЕКТРИК АО (ранее,0.00000,0.00000,a.manokhin,Пакет интерфейса поставки:2dff79cb-4b02-4168-b871-7b072517dda1,2026-03-23 15:07:17,321139,1996635,74.00000,2,,,,,,,,B,,Годен,,
1994960,WH1,,320655,New,End,,N,ЭКС,,,,,,,,5961933.00000,ЭКС-000005757   ,,,False,660859,,,,Выключатель авт. диф. тока (АВДТ) City9 1P+N С 25А 4.5kA 30мА Тип-AС 230В,СМ,,4.00000,9.00000,2043.45000,179823.60000,,,0.09000,9.00000,,N,,,0.00000,0,,,,ШТ,2026-03-29 00:00:00,EKS000005757,N,,,,88.00000,26.44000,15824476.80000,,КГ,Сарычев Дмитрий Сергеевич,Шаповалов П.Г.,C9D34625,ШТ,Суперсклад,СИСТЭМ ЭЛЕКТРИК АО (ранее,0.00000,0.00000,a.manokhin,Пакет интерфейса поставки:2dff79cb-4b02-4168-b871-7b072517dda1,2026-03-23 15:07:17,321139,1996634,88.00000,2,,,,,,,,A,,Годен,,
1994961,WH1,,320655,New,End,,N,ЭКС,,,,,,,,5961934.00000,ЭКС-000005757   ,,,False,660922,,,,Выключатель авт. City9 2п С 32А 4.5kA 230В,СМ,,4.00000,8.00000,524.97000,22048.74000,,,0.20000,8.00000,,N,,,0.00000,0,,,,ШТ,2026-03-29 00:00:00,EKS000005757,N,,,,42.00000,8.40000,926047.08000,,КГ,Сарычев Дмитрий Сергеевич,Шаповалов П.Г.,C9F34232,ШТ,Базовый,СИСТЭМ ЭЛЕКТРИК АО (ранее,0.00000,0.00000,a.manokhin,Пакет интерфейса поставки:2dff79cb-4b02-4168-b871-7b072517dda1,2026-03-23 15:07:17,321139,1996633,42.00000,2,,,,,,,,B,,Годен,,
1994962,WH1,,320655,New,End,,N,ЭКС,,,,,,,,5961935.00000,ЭКС-000005757   ,,,False,660924,,,,Выключатель авт. City9 2п С 50А 4.5kA 230В,СМ,,4.00000,8.00000,752.40000,27086.40000,,,0.20000,8.00000,,N,,,0.00000,0,,,,ШТ,2026-03-29 00:00:00,EKS000005757,N,,,,36.00000,9.00000,975110.40000,,КГ,Сарычев Дмитрий Сергеевич,Шаповалов П.Г.,C9F34250,ШТ,Базовый,СИСТЭМ ЭЛЕКТРИК АО (ранее,0.00000,0.00000,a.manokhin,Пакет интерфейса поставки:2dff79cb-4b02-4168-b871-7b072517dda1,2026-03-23 15:07:17,321139,1996618,36.00000,2,,,,,,,,B,,Годен,,
1994963,WH1,,320655,New,End,,N,ЭКС,,,,,,,,5961937.00000,ЭКС-000005757   ,,,False,660946,,,,Выкл-ль дифференциального тока (ВДТ) City9 2п 63А 30мА Тип-AC 230В,СМ,,4.00000,8.00000,2379.75000,57114.00000,,,0.23000,8.00000,,N,,,0.00000,0,,,,ШТ,2026-03-29 00:00:00,EKS000005757,N,,,,24.00000,5.52000,1370736.00000,,КГ,Сарычев Дмитрий Сергеевич,Шаповалов П.Г.,C9R36263,ШТ,Базовый,СИСТЭМ ЭЛЕКТРИК АО (ранее,0.00000,0.00000,a.manokhin,Пакет интерфейса поставки:2dff79cb-4b02-4168-b871-7b072517dda1,2026-03-23 15:07:17,321139,1996616,24.00000,2,,,,,,,,B,,Годен,,
1994964,WH1,,320655,New,End,,N,ЭКС,,,,,,,,5961912.00000,ЭКС-000005757   ,,,False,264170,,,,"Розетка с/п ИНФ кат.5E, (2RJ45)  б/рамки ""Glossa"" белый GSL000185KK",СМ,,4.00000,7.00000,618.03000,6180.30000,,1,0.07000,7.00000,,N,,,0.00000,0,,,,ШТ,2026-03-29 00:00:00,EKS000005757,N,,,,10.00000,0.75000,61803.00000,,КГ,Дортман Анна Павловна,Куграшова О.В.,GSL000185KK,ШТ,Базовый,Шнейдер Электрик АО,0.00000,0.00000,a.savitskiy,Пакет интерфейса поставки:2dff79cb-4b02-4168-b871-7b072517dda1,2026-03-23 15:07:17,321139,1996629,10.00000,2,,,,,,,,C,,Годен,,
1994965,WH1,,320655,New,End,,N,ЭКС,,,,,,,,5961924.00000,ЭКС-000005757   ,,,False,302628,,,,"Выключатель с самовозвратом(кнопка), сх.1, 10АХ, мех-зм, Atlasdesign Белый  ATN000115",СМ,,4.00000,7.00000,166.64000,1666.40000,,,0.10000,7.00000,,N,,,0.00000,0,,,,ШТ,2026-03-29 00:00:00,EKS000005757,N,,,,10.00000,0.40000,16664.00000,,КГ,Дортман Анна Павловна,Куграшова О.В.,ATN000115,ШТ,Товар РЦ,СИСТЭМ ЭЛЕКТРИК АО (ранее,0.00000,0.00000,a.savitskiy,Пакет интерфейса поставки:2dff79cb-4b02-4168-b871-7b072517dda1,2026-03-23 15:07:17,321139,1996626,10.00000,2,,,,,,,,C,,Годен,,
1994966,WH1,,320655,New,End,,N,ЭКС,,,,,,,,5961926.00000,ЭКС-000005757   ,,,False,302645,,,,"Розетка с з/к. со шторками с крышкой, 16А, IP20, мех-зм, Atlasdesign Белый  ATN000146",СМ,,4.00000,7.00000,179.24000,10754.40000,,,0.08920,7.00000,,N,,,0.00000,0,,,,ШТ,2026-03-29 00:00:00,EKS000005757,N,,,,60.00000,5.35200,645264.00000,,КГ,Дортман Анна Павловна,Куграшова О.В.,ATN000146,ШТ,Базовый,Шнейдер Электрик АО,0.00000,0.00000,a.savitskiy,Пакет интерфейса поставки:2dff79cb-4b02-4168-b871-7b072517dda1,2026-03-23 15:07:17,321139,1996624,60.00000,2,,,,,,,,B,,Годен,,
1994967,WH1,,320655,New,End,,N,ЭКС,,,,,,,,5961928.00000,ЭКС-000005757   ,,,False,303018,,,,"Розетка двойная без з/к,16А, в сборе, Atlasdesign Карбон  ATN001020",СМ,,4.00000,15.00000,292.64000,12290.88000,,,0.08000,9.00000,,N,,,0.00000,0,,,,ШТ,2026-03-29 00:00:00,EKS000005757,N,,,,42.00000,5.60000,516216.96000,,КГ,Дортман Анна Павловна,Куграшова О.В.,ATN001020,ШТ,Базовый,Шнейдер Электрик АО,0.00000,0.00000,a.savitskiy,Пакет интерфейса поставки:2dff79cb-4b02-4168-b871-7b072517dda1,2026-03-23 15:07:17,321139,1996654,42.00000,2,,,,,,,,B,,Годен,,
1994968,WH1,,320655,New,End,,N,ЭКС,,,,,,,,5961929.00000,ЭКС-000005757   ,,,False,303020,,,,"Розетка двойная с з/к, 16А, в сборе, Atlasdesign Карбон  ATN001024",СМ,,4.00000,12.00000,347.13000,29853.18000,,,0.11200,8.00000,,N,,,0.00000,0,,,,ШТ,2026-03-29 00:00:00,EKS000005757,N,,,,86.00000,9.56400,2567373.48000,,КГ,Дортман Анна Павловна,Куграшова О.В.,ATN001024,ШТ,Базовый,СИСТЭМ ЭЛЕКТРИК АО (ранее,0.00000,0.00000,a.savitskiy,Пакет интерфейса поставки:2dff79cb-4b02-4168-b871-7b072517dda1,2026-03-23 15:07:17,321139,1996653,86.00000,2,,,,,,,,B,,Годен,,
1994969,WH1,,320655,New,End,,N,ЭКС,,,,,,,,5961930.00000,ЭКС-000005757   ,,,False,657482,,,,"Выключатель 1-кл, сх.1, 10АХ, механизм, Atlasdesign Песочный",СМ,,4.00000,7.00000,154.03000,22334.35000,,,0.03000,7.00000,,N,,,0.00000,0,,,,ШТ,2026-03-29 00:00:00,EKS000005757,N,,,,145.00000,14.50000,3238480.75000,,КГ,Дортман Анна Павловна,Куграшова О.В.,ATN001211,ШТ,Базовый,СИСТЭМ ЭЛЕКТРИК АО (ранее,0.00000,0.00000,a.savitskiy,Пакет интерфейса поставки:2dff79cb-4b02-4168-b871-7b072517dda1,2026-03-23 15:07:17,321139,1996638,145.00000,2,,,,,,,,B,,Годен,,
1994970,WH1,,320655,New,End,,N,ЭКС,,,,,,,,5961931.00000,ЭКС-000005757   ,,,False,657502,,,,"Розетка с ЗК, 16А, механизм, Atlasdesign Песочный",СМ,,4.00000,8.00000,164.74000,60130.10000,,,0.09000,8.00000,,N,,,0.00000,0,,,,ШТ,2026-03-29 00:00:00,EKS000005757,N,,,,365.00000,32.85000,21947486.50000,,КГ,Дортман Анна Павловна,Куграшова О.В.,ATN001243,ШТ,Базовый,СИСТЭМ ЭЛЕКТРИК АО (ранее,0.00000,0.00000,a.savitskiy,Пакет интерфейса поставки:2dff79cb-4b02-4168-b871-7b072517dda1,2026-03-23 15:07:17,321139,1996636,365.00000,2,,,,,,,,A,,Годен,,
1994971,WH1,,320655,New,End,,N,ЭКС,,,,,,,,5961938.00000,ЭКС-000005757   ,,,False,302774,,,,"Розетка с з/к. со шторками с крышкой, 16А, IP20, мех-зм, Atlasdesign Жемчуг  ATN000446",СМ,,3.00000,8.00000,272.48000,2724.80000,,,0.10000,8.00000,,N,,,0.00000,0,,,,ШТ,2026-03-29 00:00:00,EKS000005757,N,,,,10.00000,1.30000,27248.00000,,КГ,Дортман Анна Павловна,Куграшова О.В.,ATN000446,ШТ,Товар филиала,СИСТЭМ ЭЛЕКТРИК АО (ранее,0.00000,0.00000,a.savitskiy,Пакет интерфейса поставки:2dff79cb-4b02-4168-b871-7b072517dda1,2026-03-23 15:07:17,321139,1996623,10.00000,2,,,,,,,,C,,Годен,,
1994972,WH1,,320655,New,End,,N,ЭКС,,,,,,,,5961949.00000,ЭКС-000005757   ,,,False,744628,,,,"Рамка 2-пост, универсальная, БАЗАЛЬТ /ARTGALLERY  /GAL001402",СМ,,1.00000,16.00000,161.17000,4029.25000,,,0.01000,8.00000,,N,,,0.00000,0,,,,ШТ,2026-03-29 00:00:00,EKS000005757,N,,,,25.00000,2.40000,100731.25000,,КГ,,Куграшова О.В.,GAL001402,ШТ,Базовый,СИСТЭМ ЭЛЕКТРИК АО (ранее,0.00000,0.00000,a.savitskiy,Пакет интерфейса поставки:2dff79cb-4b02-4168-b871-7b072517dda1,2026-03-23 15:07:17,321139,1996666,25.00000,2,,,,,,,,C,,Годен,,
1994973,WH1,,320655,New,End,,N,ЭКС,,,,,,,,5961951.00000,ЭКС-000005757   ,,,False,744629,,,,"Рамка 3-пост, универсальная, БАЗАЛЬТ /ARTGALLERY  /GAL001403",СМ,,1.20000,39.00000,241.50000,7245.00000,,,0.01000,8.00000,,N,,,0.00000,0,,,,ШТ,2026-03-29 00:00:00,EKS000005757,N,,,,30.00000,2.40000,217350.00000,,КГ,,Куграшова О.В.,GAL001403,ШТ,Базовый,СИСТЭМ ЭЛЕКТРИК АО (ранее,0.00000,0.00000,a.savitskiy,Пакет интерфейса поставки:2dff79cb-4b02-4168-b871-7b072517dda1,2026-03-23 15:07:17,321139,1996665,30.00000,2,,,,,,,,C,,Годен,,
1994974,WH1,,320655,New,End,,N,ЭКС,,,,,,,,5961954.00000,ЭКС-000005757   ,,,False,744645,,,,"Выключатель 2-кл, сх.5, 10АХ, механизм, БАЗАЛЬТ /ARTGALLERY  /GAL001451",СМ,,4.00000,7.00000,402.15000,12064.50000,,,0.07000,7.00000,,N,,,0.00000,0,,,,ШТ,2026-03-29 00:00:00,EKS000005757,N,,,,30.00000,4.00000,361935.00000,,КГ,,Куграшова О.В.,GAL001451,ШТ,Базовый,СИСТЭМ ЭЛЕКТРИК АО (ранее,0.00000,0.00000,a.savitskiy,Пакет интерфейса поставки:2dff79cb-4b02-4168-b871-7b072517dda1,2026-03-23 15:07:17,321139,1996663,30.00000,2,,,,,,,,C,,Годен,,
1994975,WH1,,320655,New,End,,N,ЭКС,,,,,,,,5961956.00000,ЭКС-000005757   ,,,False,785620,,,,"Розетка с ЗК , 16А, мех-м, быстрозажим. клем. БАЗАЛЬТ// ARTGALLERY// GAL001443S",СМ,,4.00000,7.00000,253.57000,54517.55000,,,0.10000,7.00000,,N,,,0.00000,0,,,,ШТ,2026-03-29 00:00:00,EKS000005757,N,,,,215.00000,19.50000,11721273.25000,,КГ,,Куграшова О.В.,GAL001443S,ШТ,Базовый,СИСТЭМ ЭЛЕКТРИК АО (ранее,0.00000,0.00000,a.savitskiy,Пакет интерфейса поставки:2dff79cb-4b02-4168-b871-7b072517dda1,2026-03-23 15:07:17,321139,1996662,215.00000,2,,,,,,,,C,,Годен,,
1994976,WH1,,320655,New,End,,N,ЭКС,,,,,,,ЭКС-000010005   ,5961890.00000,ЭКС-000005757   ,,,False,657488,,,,"СВЕТОРЕГУЛЯТОР (диммер) повор-нажим, LED, RC, 400Вт, мех., Atlasdesign Песочный",СМ,,5.00000,7.00000,3093.30000,3093.30000,,,0.01000,7.00000,,N,,,0.00000,0,,,,ШТ,2026-03-29 00:00:00,EKS000005757,N,,,,1.00000,0.01000,3093.30000,,КГ,Заказной,Куграшова О.В.,ATN001223,ШТ,Заказной товар,СИСТЭМ ЭЛЕКТРИК АО (ранее,0.00000,0.00000,a.savitskiy,Пакет интерфейса поставки:2dff79cb-4b02-4168-b871-7b072517dda1,2026-03-23 15:07:17,321139,1996637,1.00000,2,,,,,,,,C,,Годен,,
1994977,WH1,,320655,New,End,,N,ЭКС,,,,,,,ЭКС-000010212   ,5961889.00000,ЭКС-000005757   ,,,False,371631,,,,"Розетка с ЗК + 2USB зарядка 5В/2,4А, мех-м,  Atlasdesign  Бежевый ,  ATN000230",СМ,,5.00000,7.00000,1922.50000,21147.50000,,,0.10000,7.00000,,N,,,0.00000,0,,,,ШТ,2026-03-29 00:00:00,EKS000005757,N,,,,11.00000,1.19000,232622.50000,,КГ,Заказной,Куграшова О.В.,ATN000230,ШТ,Заказной товар,СИСТЭМ ЭЛЕКТРИК АО (ранее,0.00000,0.00000,a.savitskiy,Пакет интерфейса поставки:2dff79cb-4b02-4168-b871-7b072517dda1,2026-03-23 15:07:17,321139,1996648,11.00000,2,,,,,,,,C,,Годен,,
1994978,WH1,,320655,New,End,,N,ЭКС,,,,,,,ЭКС-000010353   ,5961895.00000,ЭКС-000005757   ,,,False,214884,,8536201007,,"Выключатель авт. диф. тока ДИФ-101 4п 50А  100мА  тип AC  х-ка C  4,5кА 15034DEK  SE",СМ,False,7.00000,15.00000,1383.20000,5532.80000,,,0.10000,9.00000,,N,,,0.00000,0,,,,ШТ,2026-03-29 00:00:00,EKS000005757,N,,,,4.00000,0.60000,22131.20000,,КГ,Заказной,Шаповалов П.Г.,15034DEK,ШТ,Заказной товар,СИСТЭМ ЭЛЕКТРИК АО (ранее,0.00000,0.00000,a.manokhin,Пакет интерфейса поставки:2dff79cb-4b02-4168-b871-7b072517dda1,2026-03-23 15:07:17,321139,1996631,4.00000,2,,,,,,,,C,,Годен,,
1994979,WH1,,320655,New,End,,N,ЭКС,,,,,,,ЭКС-000010471   ,5961896.00000,ЭКС-000005757   ,,,False,672247,,,,КОНТАКТОР MC1G 3P 160A 2НО+2НЗ 380V 50ГЦ,СМ,,16.00000,22.00000,14100.00000,14100.00000,,,1.60000,18.00000,,N,,,0.00000,0,,,,ШТ,2026-03-29 00:00:00,EKS000005757,N,,,,1.00000,1.60000,14100.00000,,КГ,Заказной,Третьяков С.М.,MC1G160Q5,ШТ,Заказной товар,СИСТЭМ ЭЛЕКТРИК АО (ранее,0.00000,0.00000,a.manokhin,Пакет интерфейса поставки:2dff79cb-4b02-4168-b871-7b072517dda1,2026-03-23 15:07:17,321139,1996676,1.00000,2,,,,,,,,C,,Годен,,
1994980,WH1,,320655,New,End,,N,ЭКС,,,,,,,ЭКС-000011206   ,5961897.00000,ЭКС-000005757   ,,,False,704477,,,,DEKraft Конт. дополнительный сигн. левый ДК-СК-333,СМ,False,2.00000,8.00000,1948.80000,3897.60000,,,0.05000,8.00000,,N,,,0.00000,0,,,,ШТ,2026-03-29 00:00:00,EKS000005757,N,,,,2.00000,0.10000,7795.20000,,КГ,Заказной,Самоличенко В.А.,28186DEK,ШТ,Заказной товар,СИСТЭМ ЭЛЕКТРИК АО (ранее,0.00000,0.00000,a.manokhin,Пакет интерфейса поставки:2dff79cb-4b02-4168-b871-7b072517dda1,2026-03-23 15:07:17,321139,1996670,2.00000,2,,,,,,,,C,,Годен,,
1994981,WH1,,320655,New,End,,N,ЭКС,,,,,,,ЭКС-000011206   ,5961898.00000,ЭКС-000005757   ,,,False,704475,,,,DEKraft Конт. дополнительный сигн. левый ДК-СК-332,СМ,False,2.00000,7.00000,1808.80000,1808.80000,,,0.04000,5.00000,,N,,,0.00000,0,,,,ШТ,2026-03-29 00:00:00,EKS000005757,N,,,,1.00000,0.04000,1808.80000,,КГ,,Самоличенко В.А.,28167DEK,ШТ,Распродажа,СИСТЭМ ЭЛЕКТРИК АО (ранее,0.00000,0.00000,a.manokhin,Пакет интерфейса поставки:2dff79cb-4b02-4168-b871-7b072517dda1,2026-03-23 15:07:17,321139,1996671,1.00000,2,,,,,,,,C,,Годен,,
1994982,WH1,,320655,New,End,,N,ЭКС,,,,,,,ЭКС-000011206   ,5961899.00000,ЭКС-000005757   ,,,False,704473,,,,DEKraft Конт. дополнительный сигн. левый ДК-СК-335,СМ,False,3.00000,6.00000,2158.80000,8635.20000,,,0.05000,7.00000,,N,,,0.00000,0,,,,ШТ,2026-03-29 00:00:00,EKS000005757,N,,,,4.00000,0.20000,34540.80000,,КГ,Заказной,Самоличенко В.А.,28227DEK,ШТ,Заказной товар,СИСТЭМ ЭЛЕКТРИК АО (ранее,0.00000,0.00000,a.manokhin,Пакет интерфейса поставки:2dff79cb-4b02-4168-b871-7b072517dda1,2026-03-23 15:07:17,321139,1996672,4.00000,2,,,,,,,,C,,Годен,,
1994983,WH1,,320655,New,End,,N,ЭКС,,,,,,,ЭКС-000011206   ,5961900.00000,ЭКС-000005757   ,,,False,634963,,,,Силовой автоматический выключатель 3P 400A 50кА ВА-335А DEKraft,СМ,False,21.00000,28.00000,28616.00000,114464.00000,,,5.00000,17.00000,,N,,,0.00000,0,,,,ШТ,2026-03-29 00:00:00,EKS000005757,N,,,,4.00000,19.50000,457856.00000,,КГ,Заказной,Самоличенко В.А.,28130DEK,ШТ,Заказной товар,СИСТЭМ ЭЛЕКТРИК АО (ранее,0.00000,0.00000,a.manokhin,Пакет интерфейса поставки:2dff79cb-4b02-4168-b871-7b072517dda1,2026-03-23 15:07:17,321139,1996639,4.00000,2,,,,,,,,C,,Годен,,
1994984,WH1,,320655,New,End,,N,ЭКС,,,,,,,ЭКС-000011206   ,5961901.00000,ЭКС-000005757   ,,,False,620565,,,,Силовой автоматический выключатель 3P 160A 35кА ВА-332А DEKraft,СМ,False,12.00000,16.00000,8764.00000,17528.00000,,,1.50000,9.60000,,N,,,0.00000,0,,,,ШТ,2026-03-29 00:00:00,EKS000005757,N,,,,2.00000,3.00000,35056.00000,,КГ,Заказной,Самоличенко В.А.,28109DEK,ШТ,Заказной товар,СИСТЭМ ЭЛЕКТРИК АО (ранее,0.00000,0.00000,a.manokhin,Пакет интерфейса поставки:2dff79cb-4b02-4168-b871-7b072517dda1,2026-03-23 15:07:17,321139,1996641,2.00000,2,,,,,,,,C,,Годен,,
1994985,WH1,,320655,New,End,,N,ЭКС,,,,,,,ЭКС-000011206   ,5961902.00000,ЭКС-000005757   ,,,False,620564,,,,Силовой автоматический выключатель 3P 250A 35кА ВА-333А DEKraft,СМ,False,13.00000,17.00000,12264.00000,24528.00000,,,3.00000,12.00000,,N,,,0.00000,0,,,,ШТ,2026-03-29 00:00:00,EKS000005757,N,,,,2.00000,6.00000,49056.00000,,КГ,Заказной,Самоличенко В.А.,28123DEK,ШТ,Заказной товар,СИСТЭМ ЭЛЕКТРИК АО (ранее,0.00000,0.00000,a.manokhin,Пакет интерфейса поставки:2dff79cb-4b02-4168-b871-7b072517dda1,2026-03-23 15:07:17,321139,1996642,2.00000,2,,,,,,,,C,,Годен,,
1994986,WH1,,320655,New,End,,N,ЭКС,,,,,,,ЭКС-000011248   ,5961919.00000,ЭКС-000005757   ,,,False,660964,,,,Выкл-ль дифференциального тока (ВДТ) City9 2п 25А 10мА Тип-A 230В,СМ,,4.00000,9.00000,2240.10000,2240.10000,,,0.10000,8.00000,,N,,,0.00000,0,,,,ШТ,2026-03-29 00:00:00,EKS000005757,N,,,,1.00000,0.10000,2240.10000,,КГ,Сарычев Дмитрий Сергеевич,Шаповалов П.Г.,C9R70225,ШТ,Товар РЦ,СИСТЭМ ЭЛЕКТРИК АО (ранее,0.00000,0.00000,a.manokhin,Пакет интерфейса поставки:2dff79cb-4b02-4168-b871-7b072517dda1,2026-03-23 15:07:17,321139,1996678,1.00000,2,,,,,,,,C,,Годен,,
1994987,WH1,,320655,New,End,,N,ЭКС,,,,,,,ЭКС-000011254   ,5961910.00000,ЭКС-000005757   ,,,False,214874,,8536201007,,"Выключатель авт. диф. тока ДИФ-101 4п 40А  30мА  тип AC  х-ка C  4,5кА 15024DEK  SE",СМ,False,6.50000,11.50000,1075.20000,2150.40000,,1,0.50000,9.00000,,N,,,0.00000,0,,,,ШТ,2026-03-29 00:00:00,EKS000005757,N,,,,2.00000,1.00000,4300.80000,,КГ,Заказной,Шаповалов П.Г.,15024DEK,ШТ,Заказной товар,СИСТЭМ ЭЛЕКТРИК АО (ранее,0.00000,0.00000,a.manokhin,Пакет интерфейса поставки:2dff79cb-4b02-4168-b871-7b072517dda1,2026-03-23 15:07:17,321139,1996632,2.00000,2,,,,,,,,C,,Годен,,
1994988,WH1,,320655,New,End,,N,ЭКС,,,,,,,ЭКС-000011383   ,5961891.00000,ЭКС-000005757   ,,,False,630451,,,,Силовой автоматический выключатель 3P 250A 50кА ВА-335А DEKraft,СМ,False,16.00000,28.00000,24528.00000,24528.00000,,,4.00000,16.00000,,N,,,0.00000,0,,,,ШТ,2026-03-29 00:00:00,EKS000005757,N,,,,1.00000,4.00000,24528.00000,,КГ,Заказной,Самоличенко В.А.,28128DEK,ШТ,Заказной товар,СИСТЭМ ЭЛЕКТРИК АО (ранее,0.00000,0.00000,a.manokhin,Пакет интерфейса поставки:2dff79cb-4b02-4168-b871-7b072517dda1,2026-03-23 15:07:17,321139,1996640,1.00000,2,,,,,,,,C,,Годен,,
1994989,WH1,,320655,New,End,,N,ЭКС,,,,,,,ЭКС-000011383   ,5961892.00000,ЭКС-000005757   ,,,False,318218,,,,Контактор 9А 230В_АС АС3_ АС4 1НО+1НЗ КМ-102,СМ,False,5.00000,9.00000,576.00000,576.00000,,,0.12000,7.00000,,N,,,0.00000,0,,,,ШТ,2026-03-29 00:00:00,EKS000005757,N,,,,1.00000,0.12000,576.00000,,КГ,Заказной,Третьяков С.М.,21904DEK,ШТ,Базовый,СИСТЭМ ЭЛЕКТРИК АО (ранее,0.00000,0.00000,a.manokhin,Пакет интерфейса поставки:2dff79cb-4b02-4168-b871-7b072517dda1,2026-03-23 15:07:17,321139,1996651,1.00000,2,,,,,,,,C,,Годен,,
1994990,WH1,,320655,New,End,,N,ЭКС,,,,,,,ЭКС-000011383   ,5961893.00000,ЭКС-000005757   ,,,False,325629,,,,КМ102-065А-230-11_контактор AC-3 AC-4,СМ,False,10.00000,15.00000,2448.00000,4896.00000,,,0.50000,14.00000,,N,,,0.00000,0,,,,ШТ,2026-03-29 00:00:00,EKS000005757,N,,,,2.00000,1.00000,9792.00000,,КГ,Заказной,Третьяков С.М.,22008DEK,ШТ,Базовый,СИСТЭМ ЭЛЕКТРИК АО (ранее,0.00000,0.00000,a.manokhin,Пакет интерфейса поставки:2dff79cb-4b02-4168-b871-7b072517dda1,2026-03-23 15:07:17,321139,1996650,2.00000,2,,,,,,,,C,,Годен,,
1994991,WH1,,320655,New,End,,N,ЭКС,,,,,,,ЭКС-000011383   ,5961894.00000,ЭКС-000005757   ,,,False,512920,,,,DEKraft Реле тепловое для контакторов 09А-25А 7.0А-10А,СМ,,5.00000,10.00000,614.40000,1228.80000,,,0.10000,8.00000,,N,,,0.00000,0,,,,ШТ,2026-03-29 00:00:00,EKS000005757,N,,,,2.00000,0.20000,2457.60000,,КГ,Заказной,Третьяков С.М.,23165DEK,ШТ,Заказной товар,СИСТЭМ ЭЛЕКТРИК АО (ранее,0.00000,0.00000,a.manokhin,Пакет интерфейса поставки:2dff79cb-4b02-4168-b871-7b072517dda1,2026-03-23 15:07:17,321139,1996643,2.00000,2,,,,,,,,C,,Годен,,
1994992,WH1,,320655,New,End,,N,ЭКС,,,,,,,ЭКС-000011391   ,5961920.00000,ЭКС-000005757   ,,,False,676140,,,,"ТЕРМОСТАТ электрон. теплого пола с датчиком, 10A, механизм, Atlasdesign Лотос  ATN001335",СМ,,5.00000,9.00000,5040.00000,25200.00000,,,0.10000,9.00000,,N,,,0.00000,0,,,,ШТ,2026-03-29 00:00:00,EKS000005757,N,,,,5.00000,0.50000,126000.00000,,КГ,Заказной,Куграшова О.В.,ATN001335,ШТ,Заказной товар,СИСТЭМ ЭЛЕКТРИК АО (ранее,0.00000,0.00000,a.savitskiy,Пакет интерфейса поставки:2dff79cb-4b02-4168-b871-7b072517dda1,2026-03-23 15:07:17,321139,1996674,5.00000,2,,,,,,,,C,,Годен,,
1994993,WH1,,320655,New,End,,N,ЭКС,,,,,,,ЭКС-000011450   ,5961909.00000,ЭКС-000005757   ,,,False,191474,,,,"Выключатель с/п 1кл. кнопочный б/рамки ""Glossa"" белый GSL000115",СМ,,3.00000,7.00000,163.80000,3276.00000,,,0.05000,7.00000,,N,,,0.00000,0,,,,ШТ,2026-03-29 00:00:00,EKS000005757,N,,,,20.00000,1.50000,65520.00000,,КГ,Заказной,Куграшова О.В.,GSL000115,ШТ,Распродажа,Шнейдер Электрик АО,0.00000,0.00000,a.savitskiy,Пакет интерфейса поставки:2dff79cb-4b02-4168-b871-7b072517dda1,2026-03-23 15:07:17,321139,1996619,20.00000,2,,,,,,,,C,,Годен,,
1994994,WH1,,320655,New,End,,N,ЭКС,,,,,,,ЭКС-000011479   ,5961914.00000,ЭКС-000005757   ,,,False,399614,,,,Силовой авт. выкл. 3P 160А 36кА ВА-303,СМ,False,12.00000,17.00000,4200.00000,16800.00000,,,0.50000,11.00000,,N,,,0.00000,0,,,,ШТ,2026-03-29 00:00:00,EKS000005757,N,,,,4.00000,2.00000,67200.00000,,КГ,Катышев Александр Вячесла,Самоличенко В.А.,22752DEK,ШТ,Товар РЦ,СИСТЭМ ЭЛЕКТРИК АО (ранее,0.00000,0.00000,a.manokhin,Пакет интерфейса поставки:2dff79cb-4b02-4168-b871-7b072517dda1,2026-03-23 15:07:17,321139,1996647,4.00000,2,,,,,,,,C,,Годен,,
1994995,WH1,,320655,New,End,,N,ЭКС,,,,,,,ЭКС-000011479   ,5961915.00000,ЭКС-000005757   ,,,False,399616,,,,Силовой авт. выкл. 3P 63А 25кА ВА-302,СМ,False,9.00000,13.00000,3024.00000,24192.00000,,,0.30000,8.00000,,N,,,0.00000,0,,,,ШТ,2026-03-29 00:00:00,EKS000005757,N,,,,8.00000,2.40000,193536.00000,,КГ,Катышев Александр Вячесла,Самоличенко В.А.,22747DEK,ШТ,Товар РЦ,СИСТЭМ ЭЛЕКТРИК АО (ранее,0.00000,0.00000,a.manokhin,Пакет интерфейса поставки:2dff79cb-4b02-4168-b871-7b072517dda1,2026-03-23 15:07:17,321139,1996646,8.00000,2,,,,,,,,C,,Годен,,
1994996,WH1,,320655,New,End,,N,ЭКС,,,,,,,ЭКС-000011479   ,5961916.00000,ЭКС-000005757   ,,,False,404674,,,,Шины выносные комп. 3 шт. ВА-303 3P,СМ,False,1.50000,8.00000,1106.00000,4424.00000,,,0.21000,3.00000,,N,,,0.00000,0,,,,ШТ,2026-03-29 00:00:00,EKS000005757,N,,,,4.00000,0.84000,17696.00000,,КГ,Заказной,Самоличенко В.А.,22945DEK,ШТ,Заказной товар,СИСТЭМ ЭЛЕКТРИК АО (ранее,0.00000,0.00000,a.manokhin,Пакет интерфейса поставки:2dff79cb-4b02-4168-b871-7b072517dda1,2026-03-23 15:07:17,321139,1996645,4.00000,2,,,,,,,,C,,Годен,,
1994997,WH1,,320655,New,End,,N,ЭКС,,,,,,,ЭКС-000011572   ,5961959.00000,ЭКС-000005757   ,,,False,835814,,,,"Теплый пол кабельная секция STEP BALANCE, SBC018028, 18 Вт/м, 28 м, S м?:2-3,5. Шаг, см: 7-12,5",СМ,False,14.00000,24.00000,2835.00000,5670.00000,,,1.76000,22.50000,,N,,,0.00000,0,,,,ШТ,2026-03-29 00:00:00,EKS000005757,N,,,,2.00000,3.52000,11340.00000,,КГ,Заказной,Козлова М.А.,SBC018028,ШТ,Заказной товар,СИСТЭМ ЭЛЕКТРИК АО (ранее,0.00000,0.00000,a.savitskiy,Пакет интерфейса поставки:2dff79cb-4b02-4168-b871-7b072517dda1,2026-03-23 15:07:17,321139,1996661,2.00000,2,,,,,,,,C,,Годен,,
1994998,WH1,,320655,New,End,,N,ЭКС,,,,,,,ЭКС-000011572   ,5961960.00000,ЭКС-000005757   ,,,False,877359,,,,"STEP BALANCE Секция кабельная (теплый пол) SBC018065, 18 Вт/м, 1170 Вт, 65 м",СМ,False,11.00000,29.00000,4908.75000,9817.50000,,,3.12000,27.50000,,N,,,0.00000,0,,,,ШТ,2026-03-29 00:00:00,EKS000005757,N,,,,2.00000,6.46000,19635.00000,,КГ,Заказной,Козлова М.А.,SBC018065,ШТ,,СИСТЭМ ЭЛЕКТРИК АО (ранее,0.00000,0.00000,a.savitskiy,Пакет интерфейса поставки:2dff79cb-4b02-4168-b871-7b072517dda1,2026-03-23 15:07:17,321139,1996660,2.00000,2,,,,,,,,C,,Годен,,
1994999,WH1,,320655,New,End,,N,ЭКС,,,,,,,ЭКС-000011572   ,5961961.00000,ЭКС-000005757   ,,,False,877361,,,,"STEP BALANCE Секция кабельная (теплый пол) SBC018038, 18 Вт/м, 684 Вт, 38 м",СМ,False,14.00000,24.00000,3570.00000,3570.00000,,,1.77000,22.50000,,N,,,0.00000,0,,,,ШТ,2026-03-29 00:00:00,EKS000005757,N,,,,1.00000,1.77000,3570.00000,,КГ,Заказной,Козлова М.А.,SBC018038,ШТ,,СИСТЭМ ЭЛЕКТРИК АО (ранее,0.00000,0.00000,a.savitskiy,Пакет интерфейса поставки:2dff79cb-4b02-4168-b871-7b072517dda1,2026-03-23 15:07:17,321139,1996659,1.00000,2,,,,,,,,C,,Годен,,
1995000,WH1,,320655,New,End,,N,ЭКС,,,,,,,ЭКС-000011572   ,5961962.00000,ЭКС-000005757   ,,,False,882770,,,,"STEP BALANCE Секция кабельная (теплый пол) SBC018083, 18 Вт/м, 1494 Вт, 83 м",СМ,False,11.00000,29.00000,5906.25000,11812.50000,,,4.18000,27.50000,,N,,,0.00000,0,,,,ШТ,2026-03-29 00:00:00,EKS000005757,N,,,,2.00000,8.59000,23625.00000,,КГ,Заказной,Козлова М.А.,SBC018083,ШТ,,СИСТЭМ ЭЛЕКТРИК АО (ранее,0.00000,0.00000,a.savitskiy,Пакет интерфейса поставки:2dff79cb-4b02-4168-b871-7b072517dda1,2026-03-23 15:07:17,321139,1996658,2.00000,2,,,,,,,,C,,Годен,,
1995001,WH1,,320655,New,End,,N,ЭКС,,,,,,,ЭКС-000011572   ,5961963.00000,ЭКС-000005757   ,,,False,882771,,,,"STEP BALANCE Секция кабельная (теплый пол) SBC018046, 18 Вт/м, 828 Вт, 46 м",СМ,False,11.00000,29.00000,4042.50000,4042.50000,,,2.17000,27.50000,,N,,,0.00000,0,,,,ШТ,2026-03-29 00:00:00,EKS000005757,N,,,,1.00000,2.17000,4042.50000,,КГ,Заказной,Козлова М.А.,SBC018046,ШТ,,СИСТЭМ ЭЛЕКТРИК АО (ранее,0.00000,0.00000,a.savitskiy,Пакет интерфейса поставки:2dff79cb-4b02-4168-b871-7b072517dda1,2026-03-23 15:07:17,321139,1996657,1.00000,2,,,,,,,,C,,Годен,,
1995002,WH1,,320655,New,End,,N,ЭКС,,,,,,,ЭКС-000011606   ,5961942.00000,ЭКС-000005757   ,,,False,507988,,,,DEKraft Силовой авт. выкл. для защиты двиг. 3P 100А 25кА ВА-302,СМ,False,9.00000,14.00000,3360.00000,3360.00000,,,0.80000,10.00000,,N,,,0.00000,0,,,,ШТ,2026-03-29 00:00:00,EKS000005757,N,,,,1.00000,0.80000,3360.00000,,КГ,Заказной,Самоличенко В.А.,22809DEK,ШТ,Заказной товар,СИСТЭМ ЭЛЕКТРИК АО (ранее,0.00000,0.00000,a.manokhin,Пакет интерфейса поставки:2dff79cb-4b02-4168-b871-7b072517dda1,2026-03-23 15:07:17,321139,1996644,1.00000,2,,,,,,,,C,,Годен,,
1995003,WH1,,320655,New,End,,N,ЭКС,,,,,,,ЭКС-000011606   ,5961947.00000,ЭКС-000005757   ,,,False,704850,,,,DEKraft Автоматический выключатель 2Р 2А х-ка B ВА-103 6кА,СМ,False,4.00000,9.00000,427.84000,427.84000,,,0.05000,8.00000,,N,,,0.00000,0,,,,ШТ,2026-03-29 00:00:00,EKS000005757,N,,,,1.00000,0.05000,427.84000,,КГ,Заказной,Шаповалов П.Г.,12217DEK,ШТ,Заказной товар,СИСТЭМ ЭЛЕКТРИК АО (ранее,0.00000,0.00000,a.manokhin,Пакет интерфейса поставки:2dff79cb-4b02-4168-b871-7b072517dda1,2026-03-23 15:07:17,321139,1996669,1.00000,2,,,,,,,,C,,Годен,,
1995004,WH1,,320655,New,End,,N,ЭКС,,,,,,,ЭКС-000011750   ,5961946.00000,ЭКС-000005757   ,,,False,680540,,,,Выключатель-разъединитель 3Р 125А ВН-105,СМ,False,7.00000,9.00000,1176.00000,1176.00000,,,0.24000,8.00000,,N,,,0.00000,0,,,,ШТ,2026-03-29 00:00:00,EKS000005757,N,,,,1.00000,0.24000,1176.00000,,КГ,Заказной,Самоличенко В.А.,17094DEK,ШТ,Заказной товар,СИСТЭМ ЭЛЕКТРИК АО (ранее,0.00000,0.00000,a.manokhin,Пакет интерфейса поставки:2dff79cb-4b02-4168-b871-7b072517dda1,2026-03-23 15:07:17,321139,1996673,1.00000,2,,,,,,,,C,,Годен,,
1995005,WH1,,320655,New,End,,N,ЭКС,,,,,,,ЭКС-000011795   ,5961958.00000,ЭКС-000005757   ,,,False,883597,,,,Авт. выключатель 3P  3A  хар-ка C  6kA 400В  Systeme9,СМ,,7.00000,9.00000,1847.25000,3694.50000,,,0.36000,5.00000,,N,,,0.00000,0,,,,ШТ,2026-03-29 00:00:00,EKS000005757,N,,,,2.00000,0.72000,7389.00000,,КГ,Заказной,Шаповалов П.Г.,S9F22303,ШТ,Заказной товар,СИСТЭМ ЭЛЕКТРИК АО (ранее,0.00000,0.00000,a.manokhin,Пакет интерфейса поставки:2dff79cb-4b02-4168-b871-7b072517dda1,2026-03-23 15:07:17,321139,1996656,2.00000,2,,,,,,,,C,,Годен,,
1995006,WH1,,320655,New,End,,N,ЭКС,,,,,,,ЭКС-000011816   ,5961940.00000,ЭКС-000005757   ,,,False,303044,,,,"Розетка двойная компьютерная RJ45+RJ45, кат.5E, мех-зм, Atlasdesign Карбон  ATN001085",СМ,,4.00000,7.00000,897.75000,4488.75000,,,0.04000,7.00000,,N,,,0.00000,0,,,,ШТ,2026-03-29 00:00:00,EKS000005757,N,,,,5.00000,0.60000,22443.75000,,КГ,Дортман Анна Павловна,Куграшова О.В.,ATN001085,ШТ,Базовый,Шнейдер Электрик АО,0.00000,0.00000,a.savitskiy,Пакет интерфейса поставки:2dff79cb-4b02-4168-b871-7b072517dda1,2026-03-23 15:07:17,321139,1996652,5.00000,2,,,,,,,,B,,Годен,,
1995007,WH1,,320655,New,End,,N,ЭКС,,,,,,,ЭКС-000011816   ,5961943.00000,ЭКС-000005757   ,,,False,720779,,,,"Розетка с з/к 16А c 2USB зарядка A+C мех-м,  Atlasdesign Карбон, ATN001032",СМ,,5.00000,8.00000,4410.00000,4410.00000,,,0.10000,7.00000,,N,,,0.00000,0,,,,ШТ,2026-03-29 00:00:00,EKS000005757,N,,,,1.00000,0.10000,4410.00000,,КГ,Заказной,Куграшова О.В.,ATN001032,ШТ,Заказной товар,СИСТЭМ ЭЛЕКТРИК АО (ранее,0.00000,0.00000,a.savitskiy,Пакет интерфейса поставки:2dff79cb-4b02-4168-b871-7b072517dda1,2026-03-23 15:07:17,321139,1996668,1.00000,2,,,,,,,,C,,Годен,,
1995008,WH1,,320655,New,End,,N,ЭКС,,,,,,,ЭКС-000011827   ,5961948.00000,ЭКС-000005757   ,,,False,744627,,,,"Рамка 1-пост, БАЗАЛЬТ /ARTGALLERY  /GAL001401",СМ,,2.00000,8.00000,80.59000,3223.60000,,,0.01000,8.00000,,N,,,0.00000,0,,,,ШТ,2026-03-29 00:00:00,EKS000005757,N,,,,40.00000,1.00000,128944.00000,,КГ,,Куграшова О.В.,GAL001401,ШТ,Базовый,СИСТЭМ ЭЛЕКТРИК АО (ранее,0.00000,0.00000,a.savitskiy,Пакет интерфейса поставки:2dff79cb-4b02-4168-b871-7b072517dda1,2026-03-23 15:07:17,321139,1996667,40.00000,2,,,,,,,,C,,Годен,,
1995009,WH1,,320655,New,End,,N,ЭКС,,,,,,,ЭКС-000011827   ,5961953.00000,ЭКС-000005757   ,,,False,744634,,,,"Выключатель 1-кл, сх.1, 10АХ, механизм БАЗАЛЬТ /ARTGALLERY  /GAL001411",СМ,,4.00000,7.00000,241.50000,2415.00000,,,0.07000,7.00000,,N,,,0.00000,0,,,,ШТ,2026-03-29 00:00:00,EKS000005757,N,,,,10.00000,1.00000,24150.00000,,КГ,,Куграшова О.В.,GAL001411,ШТ,Базовый,СИСТЭМ ЭЛЕКТРИК АО (ранее,0.00000,0.00000,a.savitskiy,Пакет интерфейса поставки:2dff79cb-4b02-4168-b871-7b072517dda1,2026-03-23 15:07:17,321139,1996664,10.00000,2,,,,,,,,C,,Годен,,
1995010,WH1,,320655,New,End,,N,ЭКС,,,,,,,ЭКС-000011848   ,5961941.00000,ЭКС-000005757   ,,,False,333206,,,,DEKraft Контакт дополнительный для ВА-105,СМ,,1.50000,9.00000,604.80000,1209.60000,,,0.01000,7.50000,,N,,,0.00000,0,,,,ШТ,2026-03-29 00:00:00,EKS000005757,N,,,,2.00000,0.02000,2419.20000,,КГ,Заказной,Шаповалов П.Г.,13303DEK,ШТ,Заказной товар,СИСТЭМ ЭЛЕКТРИК АО (ранее,0.00000,0.00000,a.manokhin,Пакет интерфейса поставки:2dff79cb-4b02-4168-b871-7b072517dda1,2026-03-23 15:07:17,321139,1996649,2.00000,2,,,,,,,,C,,Годен,,
1995011,WH1,,320655,New,End,,N,ЭКС,,,,,,,ЭКС-000011891   ,5961945.00000,ЭКС-000005757   ,,,False,676080,,,,"РОЗЕТКА двойная HDMI+RJ45, кат.5Е, механизм, Atlasdesign Белый  ATN000182",СМ,,3.00000,7.00000,948.15000,3792.60000,,,0.10000,7.00000,,N,,,0.00000,0,,,,ШТ,2026-03-29 00:00:00,EKS000005757,N,,,,4.00000,0.40000,15170.40000,,КГ,Заказной,Куграшова О.В.,ATN000182,ШТ,Заказной товар,СИСТЭМ ЭЛЕКТРИК АО (ранее,0.00000,0.00000,a.savitskiy,Пакет интерфейса поставки:2dff79cb-4b02-4168-b871-7b072517dda1,2026-03-23 15:07:17,321139,1996675,4.00000,2,,,,,,,,C,,Годен,,
1995012,WH1,,320655,New,End,,N,ЭКС,,,,,,,ЭКС-000011919   ,5961944.00000,ЭКС-000005757   ,,,False,670642,,,,DEKraft Шины выносные для ВА-332 комп. 3 шт. 3P ШВ-332,СМ,False,0.80000,7.50000,1022.00000,2044.00000,,,0.05000,3.50000,,N,,,0.00000,0,,,,ШТ,2026-03-29 00:00:00,EKS000005757,N,,,,2.00000,0.10000,4088.00000,,КГ,Заказной,Самоличенко В.А.,28173DEK,ШТ,Заказной товар,СИСТЭМ ЭЛЕКТРИК АО (ранее,0.00000,0.00000,a.manokhin,Пакет интерфейса поставки:2dff79cb-4b02-4168-b871-7b072517dda1,2026-03-23 15:07:17,321139,1996677,2.00000,2,,,,,,,,C,,Годен,,
1995013,WH1,,320656,New,End,,N,ЭКС,,,,,,,ЭКС-000003420   ,5961968.00000,ЭКС-000005758   ,,,False,656189,,,,"Опрыскиватель ручной 1 л, с насосом Palisad",СМ,,11.00000,27.00000,285.25000,570.50000,,,0.22000,17.00000,,N,,,0.00000,0,,,,ШТ,2026-03-20 00:00:00,EKS000005758,N,,,,2.00000,0.44000,1141.00000,,КГ,Заказной,Петров И.В.,64736,ШТ,Заказной товар,МИР Инструмента ООО,0.00000,0.00000,a.savitskiy,Пакет интерфейса поставки:2dff79cb-4b02-4168-b871-7b072517dda1,2026-03-23 15:07:27,321140,1996684,2.00000,2,,,,,,,,C,,Годен,,
1995014,WH1,,320656,New,End,,N,ЭКС,,,,,,,ЭКС-000003420   ,5961969.00000,ЭКС-000005758   ,,,False,661611,,,,Ареометр для измерения плотности электролита// SPARTA,СМ,,5.00000,30.00000,136.15000,272.30000,,,0.10000,10.00000,,N,,,0.00000,0,,,,ШТ,2026-03-20 00:00:00,EKS000005758,N,,,,2.00000,0.20000,544.60000,,КГ,Заказной,Петров И.В.,549125,ШТ,Заказной товар,МИР Инструмента ООО,0.00000,0.00000,a.savitskiy,Пакет интерфейса поставки:2dff79cb-4b02-4168-b871-7b072517dda1,2026-03-23 15:07:27,321140,1996683,2.00000,2,,,,,,,,C,,Годен,,
1995015,WH1,,320656,New,End,,N,ЭКС,,,,,,,ЭКС-000010170   ,5961972.00000,ЭКС-000005758   ,,,False,866029,,,,Отвертка плоская шлицевая SL8 x 200 мм с трехкомпонентной рукояткой Fusion,СМ,False,3.00000,36.00000,114.82000,1148.20000,,,0.18000,3.00000,,N,,,0.00000,0,,,,ШТ,2026-03-20 00:00:00,EKS000005758,N,,,,10.00000,1.80000,11482.00000,,КГ,Заказной,Петров И.В.,11426,ШТ,,МИР ИНСТРУМЕНТА ООО,0.00000,0.00000,a.savitskiy,Пакет интерфейса поставки:2dff79cb-4b02-4168-b871-7b072517dda1,2026-03-23 15:07:27,321140,1996679,10.00000,2,,,,,,,,C,,Годен,,
1995016,WH1,,320656,New,End,,N,ЭКС,,,,,,,ЭКС-000011744   ,5961967.00000,ЭКС-000005758   ,,,False,623922,,,,"Коронка BIMETAL, 51 мм. MATRIX",СМ,,5.00000,5.00000,269.96000,539.92000,,,0.10000,5.00000,,N,,,0.00000,0,,,,ШТ,2026-03-20 00:00:00,EKS000005758,N,,,,2.00000,0.20000,1079.84000,,КГ,Заказной,Петров И.В.,72451,ШТ,Заказной товар,МИР Инструмента ООО,0.00000,0.00000,a.savitskiy,Пакет интерфейса поставки:2dff79cb-4b02-4168-b871-7b072517dda1,2026-03-23 15:07:27,321140,1996685,2.00000,2,,,,,,,,C,,Годен,,
1995017,WH1,,320656,New,End,,N,ЭКС,,,,,,,ЭКС-000011744   ,5961973.00000,ЭКС-000005758   ,,,False,882941,,,,"Коронка BIMETAL, 114 мм.",СМ,False,15.00000,12.50000,563.39000,1126.78000,,,0.53000,5.00000,,N,,,0.00000,0,,,,ШТ,2026-03-20 00:00:00,EKS000005758,N,,,,2.00000,1.06000,2253.56000,,КГ,Заказной,Петров И.В.,72495,ШТ,,МИР ИНСТРУМЕНТА ООО,0.00000,0.00000,a.savitskiy,Пакет интерфейса поставки:2dff79cb-4b02-4168-b871-7b072517dda1,2026-03-23 15:07:27,321140,1996687,2.00000,2,,,,,,,,C,,Годен,,
1995018,WH1,,320656,New,End,,N,ЭКС,,,,,,,ЭКС-000011841   ,5961965.00000,ЭКС-000005758   ,,,False,883601,,,,"Вороток, 115 мм, квадрат 1/4, CrV Stels",СМ,False,1.50000,12.00000,102.70000,102.70000,,,0.05000,2.50000,,N,,,0.00000,0,,,,ШТ,2026-03-20 00:00:00,EKS000005758,N,,,,1.00000,0.05000,102.70000,,КГ,Заказной,Петров И.В.,14011,ШТ,Заказной товар,МИР ИНСТРУМЕНТА ООО,0.00000,0.00000,a.savitskiy,Пакет интерфейса поставки:2dff79cb-4b02-4168-b871-7b072517dda1,2026-03-23 15:07:27,321140,1996686,1.00000,2,,,,,,,,C,,Годен,,
1995019,WH1,,320656,New,End,,N,ЭКС,,,,,,,ЭКС-000011841   ,5961966.00000,ЭКС-000005758   ,,,False,859583,,,,"Вороток-отвертка, 150 мм, квадрат 1/4 Stels",СМ,False,2.50000,15.00000,127.02000,127.02000,,,0.10000,2.50000,,N,,,0.00000,0,,,,ШТ,2026-03-20 00:00:00,EKS000005758,N,,,,1.00000,0.10000,127.02000,,КГ,Заказной,Петров И.В.,14012,ШТ,Заказной товар,МИР ИНСТРУМЕНТА ООО,0.00000,0.00000,a.savitskiy,Пакет интерфейса поставки:2dff79cb-4b02-4168-b871-7b072517dda1,2026-03-23 15:07:27,321140,1996680,1.00000,2,,,,,,,,C,,Годен,,
1995020,WH1,,320656,New,End,,N,ЭКС,,,,,,,ЭКС-000011841   ,5961970.00000,ЭКС-000005758   ,,,False,735677,,,,"Зажим для пайки ""Третья рука"" с лупой// SPARTA",СМ,,20.00000,18.00000,384.43000,384.43000,,,0.35000,6.50000,,N,,,0.00000,0,,,,ШТ,2026-03-20 00:00:00,EKS000005758,N,,,,1.00000,0.35000,384.43000,,КГ,Заказной,Петров И.В.,914605,ШТ,Заказной товар,МИР ИНСТРУМЕНТА ООО,0.00000,0.00000,a.savitskiy,Пакет интерфейса поставки:2dff79cb-4b02-4168-b871-7b072517dda1,2026-03-23 15:07:27,321140,1996682,1.00000,2,,,,,,,,C,,Годен,,
1995021,WH1,,320656,New,End,,N,ЭКС,,,,,,,ЭКС-000011841   ,5961971.00000,ЭКС-000005758   ,,,False,809419,,,,"Набор удлиненных торцевых головок 1/4, шестигранные, CrV, 10 шт, 4-13 мм. MATRIX",СМ,,3.00000,26.00000,745.50000,745.50000,,,0.12000,9.00000,,N,,,0.00000,0,,,,ШТ,2026-03-20 00:00:00,EKS000005758,N,,,,1.00000,0.12000,745.50000,,КГ,Заказной,Петров И.В.,13592,ШТ,Заказной товар,МИР ИНСТРУМЕНТА ООО,0.00000,0.00000,a.savitskiy,Пакет интерфейса поставки:2dff79cb-4b02-4168-b871-7b072517dda1,2026-03-23 15:07:27,321140,1996681,1.00000,2,,,,,,,,C,,Годен,,
1995022,WH1,,320657,New,End,,N,ЭКС,,,,,,,,5961847.00000,ЭКС-000005755   ,,,False,168234,,,,Коробка распр. скр. пр. для сплошн. стен D100x50 IP30 Systeme Electric IMT35121,СМ,False,10.00000,10.00000,27.34000,4593.12000,,,0.10000,10.00000,,N,,,0.00000,0,,,,ШТ,2026-03-27 00:00:00,EKS000005755,N,,,,168.00000,7.00000,771644.16000,,КГ,Дортман Анна Павловна,Княжева Ю.В.,IMT35121,ШТ,Базовый,СИСТЭМ ЭЛЕКТРИК АО (ранее,0.00000,0.00000,a.manokhin,Пакет интерфейса поставки:eda25382-3a79-41fe-9279-ebb25ce557a6,2026-03-23 15:09:11,321135,1996590,168.00000,2,,,,,,,,C,,Годен,,
1995023,WH1,,320657,New,End,,N,ЭКС,,,,,,,,5961854.00000,ЭКС-000005755   ,,,False,302828,,,,"Розетка компьютерная RJ45, мех-зм, Atlasdesign Шампань  ATN000583",СМ,,4.00000,7.00000,613.30000,3066.50000,,1,0.20000,7.00000,,N,,,0.00000,0,,,,ШТ,2026-03-27 00:00:00,EKS000005755,N,,,,5.00000,1.00000,15332.50000,,КГ,Дортман Анна Павловна,Куграшова О.В.,ATN000583,ШТ,Базовый,Шнейдер Электрик АО,0.00000,0.00000,a.manokhin,Пакет интерфейса поставки:eda25382-3a79-41fe-9279-ebb25ce557a6,2026-03-23 15:09:11,321135,1996598,5.00000,2,,,,,,,,C,,Годен,,
1995024,WH1,,320657,New,End,,N,ЭКС,,,,,,,,5961856.00000,ЭКС-000005755   ,,,False,302834,,,,"TV Розетка одиночная, мех-зм, Atlasdesign Шампань  ATN000593",СМ,,3.00000,9.00000,197.51000,1975.10000,,1,0.20000,9.00000,,N,,,0.00000,0,,,,ШТ,2026-03-27 00:00:00,EKS000005755,N,,,,10.00000,0.50000,19751.00000,,КГ,Дортман Анна Павловна,Куграшова О.В.,ATN000593,ШТ,Базовый,Шнейдер Электрик АО,0.00000,0.00000,a.manokhin,Пакет интерфейса поставки:eda25382-3a79-41fe-9279-ebb25ce557a6,2026-03-23 15:09:11,321135,1996597,10.00000,2,,,,,,,,C,,Годен,,
1995025,WH1,,320657,New,End,,N,ЭКС,,,,,,,,5961858.00000,ЭКС-000005755   ,,,False,302846,,,,"Розетка двойная без з/к,16А, в сборе, Atlasdesign Мокко  ATN000620",СМ,,5.00000,12.00000,218.93000,1313.58000,,,0.09700,8.00000,,N,,,0.00000,0,,,,ШТ,2026-03-27 00:00:00,EKS000005755,N,,,,6.00000,0.58000,7881.48000,,КГ,Дортман Анна Павловна,Куграшова О.В.,ATN000620,ШТ,Базовый,Шнейдер Электрик АО,0.00000,0.00000,a.manokhin,Пакет интерфейса поставки:eda25382-3a79-41fe-9279-ebb25ce557a6,2026-03-23 15:09:11,321135,1996596,6.00000,2,,,,,,,,C,,Годен,,
1995026,WH1,,320657,New,End,,N,ЭКС,,,,,,,,5961861.00000,ЭКС-000005755   ,,,False,302878,,,,"Вывод кабеля, мех-зм, Atlasdesign Мокко  ATN000699",СМ,,3.50000,7.00000,175.14000,1751.40000,,,0.20000,7.00000,,N,,,0.00000,0,,,,ШТ,2026-03-27 00:00:00,EKS000005755,N,,,,10.00000,0.62000,17514.00000,,КГ,Заказной,Куграшова О.В.,ATN000699,ШТ,Заказной товар,СИСТЭМ ЭЛЕКТРИК АО (ранее,0.00000,0.00000,a.manokhin,Пакет интерфейса поставки:eda25382-3a79-41fe-9279-ebb25ce557a6,2026-03-23 15:09:11,321135,1996594,10.00000,2,,,,,,,,C,,Годен,,
1995027,WH1,,320657,New,End,,N,ЭКС,,,,,,,,5961875.00000,ЭКС-000005755   ,,,False,741044,,,,ДОПОЛНИТЕЛЬНЫЙ БЛОК КОНТАКТОВ GM2 1НО+1НЗ ФРОНТАЛЬНЫЙ,СМ,,1.00000,4.00000,554.40000,5544.00000,,,0.01000,3.00000,,N,,,0.00000,0,,,,ШТ,2026-03-27 00:00:00,EKS000005755,N,,,,10.00000,0.10000,55440.00000,,КГ,,Третьяков С.М.,GMAE11,ШТ,Выводится из ассортимента,СИСТЭМ ЭЛЕКТРИК АО (ранее,0.00000,0.00000,a.manokhin,Пакет интерфейса поставки:eda25382-3a79-41fe-9279-ebb25ce557a6,2026-03-23 15:09:11,321135,1996604,10.00000,2,,,,,,,,C,,Годен,,
1995028,WH1,,320657,New,End,,N,ЭКС,,,,,,,ЭКС-000010608   ,5961860.00000,ЭКС-000005755   ,,,False,302859,,,,"Розетка с з/к со шторками, 16А, мех-зм, Atlasdesign Мокко  ATN000645",СМ,,5.00000,8.00000,197.51000,5925.30000,,,0.10000,8.00000,,N,,,0.00000,0,,,,ШТ,2026-03-27 00:00:00,EKS000005755,N,,,,30.00000,1.50000,177759.00000,,КГ,Дортман Анна Павловна,Куграшова О.В.,ATN000645,ШТ,Базовый,Шнейдер Электрик АО,0.00000,0.00000,a.manokhin,Пакет интерфейса поставки:eda25382-3a79-41fe-9279-ebb25ce557a6,2026-03-23 15:09:11,321135,1996595,30.00000,2,,,,,,,,C,,Годен,,
1995029,WH1,,320657,New,End,,N,ЭКС,,,,,,,ЭКС-000010765   ,5961874.00000,ЭКС-000005755   ,,,False,801282,,,,АВТ.ВЫКЛ.ЗАЩ.ДВ. GM2ME 2.5-4.0A КОМБ.РАСЦЕПИТЕЛЬ КНОП.УПР.,СМ,,5.50000,9.50000,1988.00000,1988.00000,,,0.10000,8.50000,,N,,,0.00000,0,,,,ШТ,2026-03-27 00:00:00,EKS000005755,N,,,,1.00000,0.10000,1988.00000,,КГ,Заказной,Третьяков С.М.,GM2ME08,ШТ,Заказной товар,СИСТЭМ ЭЛЕКТРИК АО (ранее,0.00000,0.00000,a.manokhin,Пакет интерфейса поставки:eda25382-3a79-41fe-9279-ebb25ce557a6,2026-03-23 15:09:11,321135,1996601,1.00000,2,,,,,,,,C,,Годен,,
1995030,WH1,,320657,New,End,,N,ЭКС,,,,,,,ЭКС-000010783   ,5961850.00000,ЭКС-000005755   ,,,False,265231,,,,"Светорегулятор с/у поворотно-нажимной универс   400Вт  ""Blanca"" ясень BLNSS040015",СМ,,9.00000,9.00000,1355.75000,1355.75000,,,0.11000,5.00000,,N,,,0.00000,0,,,,ШТ,2026-03-27 00:00:00,EKS000005755,N,,,,1.00000,0.11000,1355.75000,,КГ,Заказной,Куграшова О.В.,BLNSS040015,ШТ,Заказной товар,Шнейдер Электрик АО,0.00000,0.00000,a.manokhin,Пакет интерфейса поставки:eda25382-3a79-41fe-9279-ebb25ce557a6,2026-03-23 15:09:11,321135,1996589,1.00000,2,,,,,,,,C,,Годен,,
1995031,WH1,,320657,New,End,,N,ЭКС,,,,,,,ЭКС-000010833   ,5961865.00000,ЭКС-000005755   ,,,False,405005,,,,Силовой авт. выкл. 3P 100А 36кА ВА-303,СМ,False,12.00000,17.00000,3556.00000,7112.00000,,,1.50000,11.00000,,N,,,0.00000,0,,,,ШТ,2026-03-27 00:00:00,EKS000005755,N,,,,2.00000,3.00000,14224.00000,,КГ,Катышев Александр Вячесла,Самоличенко В.А.,22750DEK,ШТ,Товар РЦ,СИСТЭМ ЭЛЕКТРИК АО (ранее,0.00000,0.00000,a.manokhin,Пакет интерфейса поставки:eda25382-3a79-41fe-9279-ebb25ce557a6,2026-03-23 15:09:11,321135,1996591,2.00000,2,,,,,,,,C,,Годен,,
1995032,WH1,,320657,New,End,,N,ЭКС,,,,,,,ЭКС-000010846   ,5961849.00000,ЭКС-000005755   ,,,False,266454,,,,Реле контроля фаз серии РК-101 01,СМ,,6.00000,11.00000,2010.40000,2010.40000,,,0.30000,9.00000,,N,,,0.00000,0,,,,ШТ,2026-03-27 00:00:00,EKS000005755,N,,,,1.00000,0.30000,2010.40000,,КГ,Заказной,Третьяков С.М.,23300DEK,ШТ,Заказной товар,СИСТЭМ ЭЛЕКТРИК АО (ранее,0.00000,0.00000,a.manokhin,Пакет интерфейса поставки:eda25382-3a79-41fe-9279-ebb25ce557a6,2026-03-23 15:09:11,321135,1996588,1.00000,2,,,,,,,,C,,Годен,,
1995033,WH1,,320657,New,End,,N,ЭКС,,,,,,,ЭКС-000010979   ,5961867.00000,ЭКС-000005755   ,,,False,655648,,,,Кнопка аварийного останова SB4 в сборе 22мм 40мм тяни-толкай металл 1НО+1НЗ,СМ,False,2.00000,5.00000,892.80000,8928.00000,,,0.05000,3.00000,,N,,,0.00000,0,,,,ШТ,2026-03-27 00:00:00,EKS000005755,N,,,,10.00000,0.70000,89280.00000,,КГ,Заказной,Третьяков С.М.,SB4BT845,ШТ,Товар РЦ,СИСТЭМ ЭЛЕКТРИК АО (ранее,0.00000,0.00000,a.manokhin,Пакет интерфейса поставки:eda25382-3a79-41fe-9279-ebb25ce557a6,2026-03-23 15:09:11,321135,1996585,10.00000,2,,,,,,,,C,,Годен,,
1995034,WH1,,320657,New,End,,N,ЭКС,,,,,,,ЭКС-000010989   ,5961871.00000,ЭКС-000005755   ,,,False,660863,,,,Выключатель авт. диф. тока (АВДТ) City9 1P+N С 16А 4.5kA 10мА Тип-A 230В,СМ,False,4.00000,8.00000,2462.40000,22161.60000,,,0.10000,7.00000,,N,,,0.00000,0,,,,ШТ,2026-03-27 00:00:00,EKS000005755,N,,,,9.00000,0.90000,199454.40000,,КГ,Сарычев Дмитрий Сергеевич,Шаповалов П.Г.,C9D51616,ШТ,Базовый,СИСТЭМ ЭЛЕКТРИК АО (ранее,0.00000,0.00000,a.manokhin,Пакет интерфейса поставки:eda25382-3a79-41fe-9279-ebb25ce557a6,2026-03-23 15:09:11,321135,1996605,9.00000,2,,,,,,,,C,,Годен,,
1995035,WH1,,320657,New,End,,N,ЭКС,,,,,,,ЭКС-000011055   ,5961864.00000,ЭКС-000005755   ,,,False,399616,,,,Силовой авт. выкл. 3P 63А 25кА ВА-302,СМ,False,9.00000,13.00000,3024.00000,3024.00000,,,0.30000,8.00000,,N,,,0.00000,0,,,,ШТ,2026-03-27 00:00:00,EKS000005755,N,,,,1.00000,0.30000,3024.00000,,КГ,Катышев Александр Вячесла,Самоличенко В.А.,22747DEK,ШТ,Товар РЦ,СИСТЭМ ЭЛЕКТРИК АО (ранее,0.00000,0.00000,a.manokhin,Пакет интерфейса поставки:eda25382-3a79-41fe-9279-ebb25ce557a6,2026-03-23 15:09:11,321135,1996592,1.00000,2,,,,,,,,C,,Годен,,
1995036,WH1,,320657,New,End,,N,ЭКС,,,,,,,ЭКС-000011055   ,5961866.00000,ЭКС-000005755   ,,,False,405052,,,,Расцепитель независимый правый AC 230В ВА-302 3P,СМ,False,4.00000,8.00000,901.60000,901.60000,,,0.10000,6.00000,,N,,,0.00000,0,,,,ШТ,2026-03-27 00:00:00,EKS000005755,N,,,,1.00000,0.10000,901.60000,,КГ,Заказной,Самоличенко В.А.,22892DEK,ШТ,Заказной товар,СИСТЭМ ЭЛЕКТРИК АО (ранее,0.00000,0.00000,a.manokhin,Пакет интерфейса поставки:eda25382-3a79-41fe-9279-ebb25ce557a6,2026-03-23 15:09:11,321135,1996586,1.00000,2,,,,,,,,C,,Годен,,
1995037,WH1,,320657,New,End,,N,ЭКС,,,,,,,ЭКС-000011097   ,5961870.00000,ЭКС-000005755   ,,,False,660862,,,,Выключатель авт. диф. тока (АВДТ) City9 1P+N С 10А 4.5kA 10мА Тип-A 230В,СМ,,4.00000,8.00000,2830.05000,5660.10000,,,0.20000,8.00000,,N,,,0.00000,0,,,,ШТ,2026-03-27 00:00:00,EKS000005755,N,,,,2.00000,0.40000,11320.20000,,КГ,Сарычев Дмитрий Сергеевич,Шаповалов П.Г.,C9D51610,ШТ,Товар РЦ,СИСТЭМ ЭЛЕКТРИК АО (ранее,0.00000,0.00000,a.manokhin,Пакет интерфейса поставки:eda25382-3a79-41fe-9279-ebb25ce557a6,2026-03-23 15:09:11,321135,1996584,2.00000,2,,,,,,,,C,,Годен,,
1995038,WH1,,320657,New,End,,N,ЭКС,,,,,,,ЭКС-000011138   ,5961852.00000,ЭКС-000005755   ,,,False,302638,,,,"ДАТЧИК ДВИЖЕНИЯ потолочный, 2000 Вт, 360°, Atlasdesign Белый  ATN000137",СМ,False,3.00000,13.00000,1215.90000,1215.90000,,,0.13000,13.00000,,N,,,0.00000,0,,,,ШТ,2026-03-27 00:00:00,EKS000005755,N,,,,1.00000,0.13000,1215.90000,,КГ,Заказной,Княжева Ю.В.,ATN000137,ШТ,Заказной товар,СИСТЭМ ЭЛЕКТРИК АО (ранее,0.00000,0.00000,a.manokhin,Пакет интерфейса поставки:eda25382-3a79-41fe-9279-ebb25ce557a6,2026-03-23 15:09:11,321135,1996600,1.00000,2,,,,,,,,C,,Годен,,
1995039,WH1,,320657,New,End,,N,ЭКС,,,,,,,ЭКС-000011180   ,5961877.00000,ЭКС-000005755   ,,,False,744790,,,,City9 Set Авт. выкл. диф. тока (АВДТ) 1P+N С 16А 6kA 30мА Тип-A 230В,СМ,,4.00000,9.00000,2721.75000,40826.25000,,,0.10000,8.00000,,N,,,0.00000,0,,,,ШТ,2026-03-27 00:00:00,EKS000005755,N,,,,15.00000,1.50000,612393.75000,,КГ,Заказной,Шаповалов П.Г.,C9D65616,ШТ,Заказной товар,СИСТЭМ ЭЛЕКТРИК АО (ранее,0.00000,0.00000,a.manokhin,Пакет интерфейса поставки:eda25382-3a79-41fe-9279-ebb25ce557a6,2026-03-23 15:09:11,321135,1996603,15.00000,2,,,,,,,,C,,Годен,,
1995040,WH1,,320657,New,End,,N,ЭКС,,,,,,,ЭКС-000011180   ,5961878.00000,ЭКС-000005755   ,,,False,747726,,,,City9 Set Авт. выкл. диф. тока (АВДТ) 1P+N С 10А 6kA 30мА Тип-A 230В,СМ,,4.00000,9.00000,3135.00000,18810.00000,,,0.20000,8.00000,,N,,,0.00000,0,,,,ШТ,2026-03-27 00:00:00,EKS000005755,N,,,,6.00000,1.20000,112860.00000,,КГ,Заказной,Шаповалов П.Г.,C9D65610,ШТ,Заказной товар,СИСТЭМ ЭЛЕКТРИК АО (ранее,0.00000,0.00000,a.manokhin,Пакет интерфейса поставки:eda25382-3a79-41fe-9279-ebb25ce557a6,2026-03-23 15:09:11,321135,1996602,6.00000,2,,,,,,,,C,,Годен,,
1995041,WH1,,320657,New,End,,N,ЭКС,,,,,,,ЭКС-000011184   ,5961853.00000,ЭКС-000005755   ,,,False,302707,,,,"Коробка для наружного монтажа, Atlasdesign Алюминий  ATN000300",СМ,,3.00000,8.00000,263.03000,4208.48000,,,0.01000,8.00000,,N,,,0.00000,0,,,,ШТ,2026-03-27 00:00:00,EKS000005755,N,,,,16.00000,0.56000,67335.68000,,КГ,Заказной,Куграшова О.В.,ATN000300,ШТ,Заказной товар,СИСТЭМ ЭЛЕКТРИК АО (ранее,0.00000,0.00000,a.manokhin,Пакет интерфейса поставки:eda25382-3a79-41fe-9279-ebb25ce557a6,2026-03-23 15:09:11,321135,1996599,16.00000,2,,,,,,,,C,,Годен,,
1995042,WH1,,320657,New,End,,N,ЭКС,,,,,,,ЭКС-000011227   ,5961863.00000,ЭКС-000005755   ,,,False,373164,,,,"Трансформатор тока ТШП-0,66-60-0,5-600/5 DEK",СМ,False,3.00000,12.00000,1369.20000,16430.40000,,,0.20000,10.00000,,N,,,0.00000,0,,,,ШТ,2026-03-27 00:00:00,EKS000005755,N,,,,12.00000,2.40000,197164.80000,,КГ,Заказной,Самоличенко В.А.,50144DEK,ШТ,Заказной товар,СИСТЭМ ЭЛЕКТРИК АО (ранее,0.00000,0.00000,a.manokhin,Пакет интерфейса поставки:eda25382-3a79-41fe-9279-ebb25ce557a6,2026-03-23 15:09:11,321135,1996593,12.00000,2,,,,,,,,C,,Годен,,
1995043,WH1,,320657,New,End,,N,ЭКС,,,,,,,ЭКС-000011234   ,5961851.00000,ЭКС-000005755   ,,,False,273181,,,,"Розетка о/у 2-ая без заземл. без штор. изолир.пласт.,16А,250В,""Blanca"" алюминий  BLNRA000213",СМ,,3.00000,10.50000,186.80000,1868.00000,,,0.10000,6.50000,,N,,,0.00000,0,,,,ШТ,2026-03-27 00:00:00,EKS000005755,N,,,,10.00000,0.90000,18680.00000,,КГ,Заказной,Куграшова О.В.,BLNRA000213,ШТ,Заказной товар,Шнейдер Электрик АО,0.00000,0.00000,a.manokhin,Пакет интерфейса поставки:eda25382-3a79-41fe-9279-ebb25ce557a6,2026-03-23 15:09:11,321135,1996587,10.00000,2,,,,,,,,C,,Годен,,
1995044,WH1,,320658,New,End,,N,ЭКС,,,,,,,ЭКС-000012157   ,5961999.00000,ЭКС-000005768   ,,,False,883535,,,,Светильник светодиодный SLIM-38/MILKY 37Вт 5000К IP65 4800лм ДСП накладной/подвесной CSVT ЦБ00000920,СМ,False,7.00000,120.00000,1508.46000,120676.80000,,,1.52000,13.00000,,N,,,0.00000,0,,,,ШТ,2026-03-23 00:00:00,EKS000005768,N,,,,80.00000,121.60000,9654144.00000,,КГ,Заказной,Любаева С.В.,,ШТ,Прочее,ИП Постников Александр Ал,0.00000,0.00000,n.bezrukov,Пакет интерфейса поставки:53637a97-ff83-4cb0-bdce-9d8f37ea1133,2026-03-23 15:11:25,321155,1996708,80.00000,2,,,,,,,,C,,Годен,,
1995045,WH1,,320659,New,End,,N,ЭКС,,,,,,,,5962045.00000,ЭКС-000005781   ,,,False,804096,,,,Светильник LED SPP-31-36-6K-M 36Вт 6500К 3780Лм 1170x50x32мм матовый IP65 ЭРА,СМ,False,4.00000,120.00000,401.85000,200925.00000,,,0.20000,6.00000,,N,,,0.00000,0,,,,ШТ,2026-03-23 00:00:00,EKS000005781,N,,,,500.00000,80.00000,100462500.00000,,КГ,,Колупаев В.Г.,Б0065362,ШТ,Базовый,Орион ООО   (ЭРА) новый (,0.00000,0.00000,a.savitskiy,Пакет интерфейса поставки:910fe4b4-84f9-4125-be1a-f639b2d81c50,2026-03-23 15:27:31,321168,1996752,500.00000,2,,,,,,,,C,,Годен,,
1995046,WH1,,320660,New,End,,N,ЭКС,,,,,,,ЭКС-000010328   ,5961992.00000,ЭКС-000005765   ,,,False,524634,,,,Выключатель авт. M06N ARMAT 1п 10А х-ка B AR-M06N-1-B010 ИЭК,СМ,,1.50000,8.00000,381.87000,8783.01000,,,0.20000,7.50000,,N,,,0.00000,0,,,,ШТ,2026-03-23 00:00:00,EKS000005765,N,,,,23.00000,3.70000,202009.23000,,КГ,Катышев Александр Вячесла,Шаповалов П.Г.,AR-M06N-1-B010,ШТ,Базовый,ЭлектроОптТорг ООО,0.00000,0.00000,a.manokhin,Пакет интерфейса поставки:79002f5d-0b2a-4e93-b520-d17fc351173d,2026-03-23 15:29:10,321152,1996705,23.00000,2,,,,,,,,C,,Годен,,
1995047,WH1,,320661,New,End,,N,ЭКС,,,,,,,ЭКС-000011982   ,5962018.00000,ЭКС-000005773   ,,,False,305570,,,,Кабель ВБШвнг(А)-LS 4x35-1,СМ,,2.00000,100.00000,1274.64000,108344.40000,,,0.60000,2.00000,,Y,,,0.00000,0,,,,М,2026-03-20 00:00:00,EKS000005773,N,,,,85.00000,51.00000,9209274.00000,,КГ,Заказной,Лихушина Н.И.,,М,Заказной товар,Томсккабель ООО (Общество,0.00000,0.00000,n.bezrukov,Пакет интерфейса поставки:79002f5d-0b2a-4e93-b520-d17fc351173d,2026-03-23 15:29:14,321160,1996727,85.00000,1,,,01,,,,,C,,Годен,,
1995048,WH1,,320662,New,End,,N,ЭКС,,,,,,,ЭКС-000009912   ,5962019.00000,ЭКС-000005774   ,,,False,167548,,,,"Кабель ППГнг(A)-HF 5х240 мс (N,PE)-1",СМ,,6.11000,100.00000,18483.61000,110901.66000,61.1,,13.55600,6.11000,,Y,,,0.00000,0,,,,М,2026-03-16 00:00:00,EKS000005774,N,,,,6.00000,81.33600,665409.96000,,КГ,Заказной,Лихушина Н.И.,167548,М,Заказной товар,,0.00000,0.00000,a.manokhin,Пакет интерфейса поставки:d53f0eb0-7c9e-42df-85e5-0543d7f46c2b,2026-03-23 15:33:29,321161,1996728,6.00000,1,,,01,,,,,C,,Годен,,
1995049,WH1,,320663,New,End,,N,ЭКС,,,,,,,ЭКС-000011878   ,5962012.00000,ЭКС-000005772   ,,,False,745,,,,Провод ВПП 6,СМ,,1.50000,100.00000,77.55000,16285.50000,,,0.08833,1.50000,,Y,,,0.00000,0,,,,М,2026-03-23 00:00:00,EKS000005772,N,,,,210.00000,18.54930,3419955.00000,,КГ,Заказной,Косолапова Л.В.,745,М,Заказной товар,Сибкабель АО,0.00000,0.00000,n.bezrukov,Пакет интерфейса поставки:8ec6ccdd-1b68-4c19-895b-99b0d96b188e,2026-03-23 15:35:10,321159,1996721,210.00000,1,,,01,,,,,C,,Годен,,
1995050,WH1,,320663,New,End,,N,ЭКС,,,,,,,ЭКС-000011982   ,5962015.00000,ЭКС-000005772   ,,,False,196260,,,,"Кабель КВБбШвнг(А)-LS 4х1,0",СМ,,1.41000,100.00000,65.48000,11131.60000,14.1,,0.36300,1.41000,,Y,,,0.00000,0,,,,М,2026-03-23 00:00:00,EKS000005772,N,,,,170.00000,61.71000,1892372.00000,,КГ,Заказной,Козлова М.А.,196260,М,Заказной товар,,0.00000,0.00000,n.bezrukov,Пакет интерфейса поставки:8ec6ccdd-1b68-4c19-895b-99b0d96b188e,2026-03-23 15:35:10,321159,1996724,170.00000,1,,,01,,,,,C,,Годен,,
1995051,WH1,,320663,New,End,,N,ЭКС,,,,,,,ЭКС-000012047   ,5962014.00000,ЭКС-000005772   ,,,False,150538,,,,"Кабель КВВГЭнг(A)-LS 4х0,75",СМ,,1.01000,100.00000,43.16000,6905.60000,10.1,,0.14800,1.01000,,Y,,,0.00000,0,,,,М,2026-03-23 00:00:00,EKS000005772,N,,,,160.00000,23.68000,1104896.00000,,КГ,Коробейников Николай Алек,Козлова М.А.,ТХМ00382607,М,Товар РЦ,Металлист ЗАО,0.00000,0.00000,n.bezrukov,Пакет интерфейса поставки:8ec6ccdd-1b68-4c19-895b-99b0d96b188e,2026-03-23 15:35:10,321159,1996723,160.00000,1,,,01,,,,,C,,Годен,,
1995052,WH1,,320663,New,End,,N,ЭКС,,,,,,,ЭКС-000012134   ,5962017.00000,ЭКС-000005772   ,,,False,849236,,,,"Кабель ВВГнг(A)-LS-LTx 5х2,5 ок(N,PE)-0,66",СМ,False,1.00000,100.00000,134.42000,6721.00000,,,0.10000,1.00000,,Y,,,0.00000,0,,,,М,2026-03-23 00:00:00,EKS000005772,N,,,,50.00000,5.00000,336050.00000,,КГ,Заказной,Лихушина Н.И.,,М,Заказной товар,Кабельный завод Кабэкс ОО,0.00000,0.00000,n.bezrukov,Пакет интерфейса поставки:8ec6ccdd-1b68-4c19-895b-99b0d96b188e,2026-03-23 15:35:10,321159,1996726,50.00000,1,,,01,,,,,C,,Годен,,
1995053,WH1,,320663,New,End,,N,ЭКС,,,,,,,ЭКС-000012169   ,5962016.00000,ЭКС-000005772   ,,,False,755204,,,,Кабель АВВГнг(А)-LS 4х185 мс (N)-1,СМ,,5.12000,100.00000,896.56000,47517.68000,51.2,,4.16400,5.12000,,Y,,,0.00000,0,,,,М,2026-03-23 00:00:00,EKS000005772,N,,,,53.00000,220.69200,2518437.04000,,КГ,AABL,Лихушина Н.И.,00-00137762,М,Товар РЦ,ООО Алтайский кабельный з,0.00000,0.00000,n.bezrukov,Пакет интерфейса поставки:8ec6ccdd-1b68-4c19-895b-99b0d96b188e,2026-03-23 15:35:10,321159,1996725,53.00000,1,,,01,,,,,C,,Годен,,
1995054,WH1,,320663,New,End,,N,ЭКС,,,,,,,ЭКС-000012172   ,5962013.00000,ЭКС-000005772   ,,,False,69270,,,,"Кабель ВБШвнг(A)-LS 5х10 ок(N,PE)-1",СМ,,2.17000,100.00000,554.78000,166434.00000,21.7,,1.10100,2.17000,,Y,,,0.00000,0,,,,М,2026-03-23 00:00:00,EKS000005772,N,,,,300.00000,330.30000,49930200.00000,,КГ,Заказной,Лихушина Н.И.,ТХМ00135926,М,Заказной товар,Кабельный завод Кабэкс ОО,0.00000,0.00000,n.bezrukov,Пакет интерфейса поставки:8ec6ccdd-1b68-4c19-895b-99b0d96b188e,2026-03-23 15:35:10,321159,1996722,300.00000,1,,,01,,,,,C,,Годен,,
1995055,WH1,,320664,New,Processed,,N,ЭКС,0.00000,0.00000,0.00000,,0.00000,0.00000,,1.00000,,,4712-12-31 00:00:00,,0000,,,,ТРАНЗИТ,СМ,,1.00000,1.00000,0.00000,0.00000,,,1.00000,1.00000,ИЭК БАРНАУЛ,Y,Y,,0.00000,0,0,,,ГМ,2026-03-23 00:00:00,TR-23/03/2026-11,N,рц,рц,,1.00000,1.00000,0.00000,СМ3,КГ,,,,,,,0.00000,2.00000,r.sagaidak,Пакет интерфейса поставки:8ec6ccdd-1b68-4c19-895b-99b0d96b188e,2026-03-23 15:34:59,321169,1996753,1.00000,,,,,,,,,,,,,0.00000
1995056,WH1,,320665,New,Processed,,N,ЭКС,0.00000,0.00000,0.00000,,0.00000,0.00000,,1.00000,,,4712-12-31 00:00:00,,0000,,,,ТРАНЗИТ,СМ,,1.00000,1.00000,0.00000,0.00000,,,1.00000,1.00000,ИЭК КРАСНОЯРСК,Y,Y,,0.00000,0,0,,,ГМ,2026-03-23 00:00:00,TR-23/03/2026-12,N,рц,рц,,1.00000,1.00000,0.00000,СМ3,КГ,,,,,,,0.00000,2.00000,r.sagaidak,Пакет интерфейса поставки:8ec6ccdd-1b68-4c19-895b-99b0d96b188e,2026-03-23 15:34:59,321172,1996791,1.00000,,,,,,,,,,,,,0.00000
1995057,WH1,,320666,New,End,,N,ЭКС,,,,,,,ЭКС-000009090   ,5962010.00000,ЭКС-000005770   ,,,False,438610,,,,"Контакт к ККТ-61,62  (ЭТ)",СМ,,1.00000,2.00000,66.99000,2009.70000,,,0.01000,2.00000,,N,,,0.00000,0,,,,ШТ,2026-03-23 00:00:00,EKS000005770,N,,,,30.00000,0.30000,60291.00000,,КГ,Заказной,Третьяков С.М.,ET521367,ШТ,Заказной товар,ПО Электротехник ЗАО,0.00000,0.00000,n.bezrukov,Пакет интерфейса поставки:3e69f6e0-a73c-41e1-b017-01a9cc9c84e4,2026-03-23 15:37:20,321157,1996719,30.00000,2,,,,,,,,C,,Годен,,
1995058,WH1,,320667,New,End,,N,ЭКС,,,,,,,ЭКС-000010828   ,5962011.00000,ЭКС-000005771   ,,,False,840882,,,,Панель сд встраиваемая круглая RLP-VC 665WH 6Вт 230В 6500К 420Лм 95мм белая IP40 IN HOME,СМ,False,4.00000,10.00000,57.36000,1319.28000,,,0.02000,10.00000,,N,,,0.00000,0,,,,ШТ,2026-03-23 00:00:00,EKS000005771,N,,,,23.00000,0.46000,30343.44000,,КГ,Заказной,Косова Т.В.,4690612024516,ШТ,Заказной товар,ИН ХОУМ  ООО,0.00000,0.00000,n.bezrukov,Пакет интерфейса поставки:3e69f6e0-a73c-41e1-b017-01a9cc9c84e4,2026-03-23 15:37:29,321158,1996720,23.00000,2,,,,,,,,C,,Годен,,
1995059,WH1,,320668,New,End,,N,ЭКС,,,,,,,ЭКС-000012172   ,5962043.00000,ЭКС-000005779   ,,,False,308177,,,,Изолента ПВХ 15мм х 10м Разноцветная ЭРА Набор 5 цветов 43966/43959 (цена за 1 шт),СМ,,1.00000,5.00000,15.50000,387.50000,,,0.10000,5.00000,,N,,,0.00000,0,,,,ШТ,2026-03-23 00:00:00,EKS000005779,N,,,,25.00000,0.25000,9687.50000,,КГ,Заказной,Петров И.В.,C0038781,ШТ,Заказной товар,Орион ООО   (ЭРА) новый,0.00000,0.00000,a.savitskiy,Пакет интерфейса поставки:3e69f6e0-a73c-41e1-b017-01a9cc9c84e4,2026-03-23 15:37:37,321166,1996750,25.00000,2,,,,,,,,C,,Годен,,
1995060,WH1,,320669,New,End,,N,ЭКС,,,,,,,ЭКС-000012111   ,5962041.00000,ЭКС-000005778   ,,,False,535689,,,,ЭРА Светильник переносной WLX-10m под лампу E27 60Вт 10м IP20,СМ,,10.00000,35.00000,362.00000,724.00000,,,0.40000,10.00000,,N,,,0.00000,0,,,,ШТ,2026-03-23 00:00:00,EKS000005778,N,,,,2.00000,0.80000,1448.00000,,КГ,Заказной,Колупаев В.Г.,Б0052914,ШТ,Заказной товар,Орион ООО   (ЭРА) новый,0.00000,0.00000,a.savitskiy,Пакет интерфейса поставки:f98acca7-24fa-4b1b-88e5-e9a51b491b15,2026-03-23 15:39:16,321165,1996749,2.00000,2,,,,,,,,C,,Годен,,
1995061,WH1,,320669,New,End,,N,ЭКС,,,,,,,ЭКС-000012117   ,5962042.00000,ЭКС-000005778   ,,,False,795306,,,,Светильник LED SPP-504-0-50K-070 70Вт 7000лм 5000К КСС Д черный 3 года IP65 306х150х37мм D48 ЭРА,СМ,False,4.00000,31.00000,635.00000,3810.00000,,,0.70000,16.00000,,N,,,0.00000,0,,,,ШТ,2026-03-23 00:00:00,EKS000005778,N,,,,6.00000,4.20000,22860.00000,,КГ,Заказной,Колупаев В.Г.,Б0062696,ШТ,Заказной товар,Орион ООО   (ЭРА) новый (,0.00000,0.00000,a.savitskiy,Пакет интерфейса поставки:f98acca7-24fa-4b1b-88e5-e9a51b491b15,2026-03-23 15:39:16,321165,1996748,6.00000,2,,,,,,,,C,,Годен,,
1995062,WH1,,320670,New,End,,N,ЭКС,,,,,,,ЭКС-000012195   ,5962022.00000,ЭКС-000005775   ,,,False,808110,,,,"ЭРА GU5.3-MR16-35W-12V-CL (галоген, софит, 35Вт, нейтр, GU5.3)",СМ,False,5.00000,5.00000,41.00000,246.00000,,,0.01000,5.00000,,N,,,0.00000,0,,,,ШТ,2026-03-23 00:00:00,EKS000005775,N,,,,6.00000,0.06000,1476.00000,,КГ,,Косова Т.В.,C0027355,ШТ,Товар филиала,Орион ООО   (ЭРА) новый (,0.00000,0.00000,a.savitskiy,Пакет интерфейса поставки:8f3f06df-2f40-4c6d-b88c-ddc24df43d45,2026-03-23 15:41:26,321162,1996730,6.00000,2,,,,,,,,C,,Годен,,
1995063,WH1,,320670,New,End,,N,ЭКС,,,,,,,ЭКС-000012230   ,5962025.00000,ЭКС-000005775   ,,,False,365383,,,,SPB-6 Brilliance R 70 ЭРА Светодиод. св-к 70Вт 3000-6500К 5950 Лм с пультом ДУ  500x77 мм (6/24),СМ,False,10.00000,53.00000,1046.50000,5232.50000,,,2.00000,53.00000,,N,,,0.00000,0,,,,ШТ,2026-03-23 00:00:00,EKS000005775,N,,,,5.00000,10.00000,26162.50000,,КГ,Логунов Владимир Александ,Косова Т.В.,Б0036369,ШТ,Товар филиала,Орион ООО   (ЭРА) новый (,0.00000,0.00000,a.savitskiy,Пакет интерфейса поставки:8f3f06df-2f40-4c6d-b88c-ddc24df43d45,2026-03-23 15:41:26,321162,1996731,5.00000,2,,,,,,,,C,,Годен,,
1995064,WH1,,320670,New,End,,N,ЭКС,,,,,,,ЭКС-000012236   ,5962023.00000,ЭКС-000005775   ,,,False,857139,,,,Светильник настенно-потолочный спот Belladonna 7073-701 1хGU10 15Вт поворотный с выключателем,СМ,False,10.50000,17.00000,544.50000,544.50000,,,0.43000,15.00000,,N,,,0.00000,0,,,,ШТ,2026-03-23 00:00:00,EKS000005775,N,,,,1.00000,0.43000,544.50000,,КГ,,Косова Т.В.,Б0057930,ШТ,Товар филиала,Орион ООО   (ЭРА) новый (,0.00000,0.00000,a.savitskiy,Пакет интерфейса поставки:8f3f06df-2f40-4c6d-b88c-ddc24df43d45,2026-03-23 15:41:26,321162,1996729,1.00000,2,,,,,,,,C,,Годен,,
1995065,WH1,,320670,New,End,,N,ЭКС,,,,,,,ЭКС-000012236   ,5962024.00000,ЭКС-000005775   ,,,False,864172,,,,Светильник настенный Grace 6186-702 LED 15Вт 3000К чёрный светодиодный,СМ,False,8.00000,95.00000,812.00000,812.00000,,,0.76000,8.00000,,N,,,0.00000,0,,,,ШТ,2026-03-23 00:00:00,EKS000005775,N,,,,1.00000,0.76000,812.00000,,КГ,,Косова Т.В.,Б0068433,ШТ,Товар филиала,Орион ООО   (ЭРА) новый (,0.00000,0.00000,a.savitskiy,Пакет интерфейса поставки:8f3f06df-2f40-4c6d-b88c-ddc24df43d45,2026-03-23 15:41:26,321162,1996732,1.00000,2,,,,,,,,C,,Годен,,
1995066,WH1,,320671,New,End,,N,ЭКС,,,,,,,,5961986.00000,ЭКС-000005764   ,,,False,679657,,,,"Диск отрезной по металлу 125х1,0х22 A 54 S BF 80 (14А БУ) ЛУГА /1/25/400/",СМ,,0.20000,12.50000,13.38000,7024.50000,,,0.10000,12.50000,,N,,,0.00000,0,,,,ШТ,2026-03-23 00:00:00,EKS000005764,N,,,,525.00000,16.50000,3687862.50000,,КГ,,Петров И.В.,D11001252210000,ШТ,Базовый,СИБИРЬ-ЗИТАР ООО,0.00000,0.00000,n.bezrukov,Пакет интерфейса поставки:15fc8881-26f7-46b2-b625-4c068ebc7709,2026-03-23 15:51:17,321151,1996703,525.00000,2,,,,,,,,B,,Годен,,
1995067,WH1,,320671,New,End,,N,ЭКС,,,,,,,,5961990.00000,ЭКС-000005764   ,,,False,691979,,,,"Диск отрезной по металлу 125х1,6х22 A 40 S BF 80 (14А БУ) ЛУГА /1/25/400/",СМ,,0.20000,12.00000,14.95000,747.50000,,,0.10000,12.00000,,N,,,0.00000,0,,,,ШТ,2026-03-23 00:00:00,EKS000005764,N,,,,50.00000,3.00000,37375.00000,,КГ,Заказной,Петров И.В.,D11001252216000,ШТ,Заказной товар,СИБИРЬ-ЗИТАР ООО,0.00000,0.00000,n.bezrukov,Пакет интерфейса поставки:15fc8881-26f7-46b2-b625-4c068ebc7709,2026-03-23 15:51:17,321151,1996702,50.00000,2,,,,,,,,C,,Годен,,
1995068,WH1,,320671,New,End,,N,ЭКС,,,,,,,ЭКС-000010546   ,5961984.00000,ЭКС-000005764   ,,,False,883817,,,,Винтс полукруглой гол. и прессшайбой 6х30 (DIN967 РечМЗ 500шт),СМ,False,9.00000,22.00000,459.84000,459.84000,,,4.22000,14.00000,,N,,,0.00000,0,,,,УП,2026-03-23 00:00:00,EKS000005764,N,,,,1.00000,4.22000,459.84000,,КГ,Заказной,Петров И.В.,A18000603031005,УП,Заказной товар,СИБИРЬ-ЗИТАР ООО,0.00000,0.00000,n.bezrukov,Пакет интерфейса поставки:15fc8881-26f7-46b2-b625-4c068ebc7709,2026-03-23 15:51:17,321151,1996704,1.00000,2,,,,,,,,C,,Годен,,
1995069,WH1,,320671,New,End,,N,ЭКС,,,,,,,ЭКС-000011945   ,5961985.00000,ЭКС-000005764   ,,,False,729317,,,,"Саморез ST 5,5х32 кровельный с шайбой (200)",СМ,,8.00000,12.00000,157.34000,157.34000,,,0.50000,9.00000,,N,,,0.00000,0,,,,УП,2026-03-23 00:00:00,EKS000005764,N,,,,1.00000,0.50000,157.34000,,КГ,Заказной,Петров И.В.,AB5105503232207,УП,Заказной товар,СИБИРЬ-ЗИТАР ООО,0.00000,0.00000,n.bezrukov,Пакет интерфейса поставки:15fc8881-26f7-46b2-b625-4c068ebc7709,2026-03-23 15:51:17,321151,1996701,1.00000,2,,,,,,,,C,,Годен,,
1995070,WH1,,320672,New,End,,N,ЭКС,,,,,,,ЭКС-000010368   ,5961997.00000,ЭКС-000005767   ,,,False,742675,,,,Блок контактов вспомогательный OptiStart MP-HS20,СМ,,3.00000,9.00000,816.64000,816.64000,,,0.10000,8.00000,,N,,,0.00000,0,,,,ШТ,2026-03-23 00:00:00,EKS000005767,N,,,,1.00000,0.10000,816.64000,,КГ,Заказной,Третьяков С.М.,116824,ШТ,Заказной товар,Курский электроаппаратный,0.00000,0.00000,a.manokhin,Пакет интерфейса поставки:96539d09-66da-4f6a-b6c0-a8005f15f26d,2026-03-23 15:55:27,321154,1996707,1.00000,2,,,,,,,,C,,Годен,,
1995071,WH1,,320673,New,End,,N,ЭКС,,,,,,,ЭКС-000010328   ,5961996.00000,ЭКС-000005766   ,,,False,524634,,,,Выключатель авт. M06N ARMAT 1п 10А х-ка B AR-M06N-1-B010 ИЭК,СМ,,1.50000,8.00000,382.44000,2294.64000,,,0.20000,7.50000,,N,,,0.00000,0,,,,ШТ,2026-03-23 00:00:00,EKS000005766,N,,,,6.00000,1.20000,13767.84000,,КГ,Катышев Александр Вячесла,Шаповалов П.Г.,AR-M06N-1-B010,ШТ,Базовый,ЭлектроОптТорг ООО,0.00000,0.00000,a.manokhin,Пакет интерфейса поставки:121cf447-062c-4020-9f2b-c91b29b51b52,2026-03-23 15:57:36,321153,1996706,6.00000,2,,,,,,,,C,,Годен,,
1995072,WH1,,320674,New,End,,N,ЭКС,,,,,,,ЭКС-000012137   ,5962044.00000,ЭКС-000005780   ,,,False,469249,,,,ЭРА SPP-AC2-0-230-048 Кронштейн для уличного светильника с перемен углом 230x150x120  d48mm,СМ,False,5.00000,26.00000,270.00000,6750.00000,,,1.30000,15.00000,,N,,,0.00000,0,,,,ШТ,2026-03-23 00:00:00,EKS000005780,N,,,,25.00000,22.50000,168750.00000,,КГ,Заказной,Колупаев В.Г.,Б0047649,ШТ,Заказной товар,Орион ООО   (ЭРА) новый (,0.00000,0.00000,a.savitskiy,Пакет интерфейса поставки:121cf447-062c-4020-9f2b-c91b29b51b52,2026-03-23 15:57:44,321167,1996751,25.00000,2,,,,,,,,C,,Годен,,
1995073,WH1,,320675,New,End,,N,ЭКС,,,,,,,ЭКС-000012075   ,5962040.00000,ЭКС-000005777   ,,,False,856017,,,,Клемма NO-225-423 универсальная 222-415 с рычагами 5-проводная 0.08-2.5/4 мм2,СМ,False,2.00000,8.00000,28.00000,140.00000,,,0.00100,4.00000,,N,,,0.00000,0,,,,УП,2026-03-23 00:00:00,EKS000005777,N,,,,5.00000,0.00500,700.00000,,КГ,Заказной,Феденькова Д.Ю.,Б0067931,УП,Заказной товар,Орион ООО   (ЭРА) новый (,0.00000,0.00000,a.savitskiy,Пакет интерфейса поставки:c3e079b6-f8e7-477e-8255-61cdf4d02fc9,2026-03-23 15:59:23,321164,1996745,5.00000,2,,,,,,,,C,,Годен,,
1995074,WH1,,320675,New,End,,N,ЭКС,,,,,,,ЭКС-000012106   ,5962039.00000,ЭКС-000005777   ,,,False,842961,,,,Изолятор ступенчатый шинный NO-224-162 ИС4-50 (М10) с болтами 15кВ,СМ,False,3.50000,22.00000,595.00000,1190.00000,,,1.20000,21.50000,,N,,,0.00000,0,,,,ШТ,2026-03-23 00:00:00,EKS000005777,N,,,,2.00000,2.50000,2380.00000,,КГ,Заказной,Феденькова Д.Ю.,Б0065685,ШТ,Заказной товар,Орион ООО   (ЭРА) новый (,0.00000,0.00000,a.savitskiy,Пакет интерфейса поставки:c3e079b6-f8e7-477e-8255-61cdf4d02fc9,2026-03-23 15:59:23,321164,1996746,2.00000,2,,,,,,,,C,,Годен,,
1995075,WH1,,320675,New,End,,N,ЭКС,,,,,,,ЭКС-000012201   ,5962038.00000,ЭКС-000005777   ,,,False,625042,,,,Корпус навес (500х400х220) ЩМПг-2-0 IP54 У2,СМ,,23.00000,50.00000,2681.00000,5362.00000,,,8.00000,40.00000,,N,,,0.00000,0,,,,ШТ,2026-03-23 00:00:00,EKS000005777,N,,,,2.00000,16.00000,10724.00000,,КГ,Акулинский Петр Иванович,Феденькова Д.Ю.,Б0057149,ШТ,Товар филиала,Орион ООО   (ЭРА) новый,0.00000,0.00000,a.savitskiy,Пакет интерфейса поставки:c3e079b6-f8e7-477e-8255-61cdf4d02fc9,2026-03-23 15:59:23,321164,1996747,2.00000,2,,,,,,,,C,,Годен,,
1995076,WH1,,320676,New,End,,N,ЭКС,,,,,,,ЭКС-000008405   ,5961975.00000,ЭКС-000005760   ,,,False,464852,,,,"Кабель ВВГнг(A)-LS 5х120 мс (N,РЕ)-1",СМ,,4.80000,100.00000,5942.62000,546721.04000,48,,7.27300,4.80000,,Y,,,0.00000,0,,,,М,2026-03-23 00:00:00,EKS000005760,N,,,,92.00000,669.11600,50298335.68000,,КГ,Заказной,Лихушина Н.И.,55766,М,Заказной товар,Кабельный завод Кабэкс ОО,0.00000,0.00000,a.savitskiy,Пакет интерфейса поставки:4317dd01-2584-4e92-bf91-0ac2756837c1,2026-03-23 16:03:36,321142,1996689,92.00000,1,,,01,,,,,C,,Годен,,
1995077,WH1,,320677,New,End,,N,ЭКС,,,,,,,,5962026.00000,ЭКС-000005776   ,,,False,263438,,,,Элемент питания AA алкалин Трофи LR6-4BL (4 штуки в упаковке),СМ,,1.50000,12.00000,58.00000,2900.00000,,,0.70000,8.00000,,N,,,0.00000,0,,,,УП,2026-03-23 00:00:00,EKS000005776,N,,,,50.00000,4.00000,145000.00000,,КГ,Дортман Анна Павловна,Княжева Ю.В.,C0034657_4шт,УП,Базовый,Орион ООО   (ЭРА) новый,0.00000,0.00000,a.savitskiy,Пакет интерфейса поставки:4317dd01-2584-4e92-bf91-0ac2756837c1,2026-03-23 16:03:47,321163,1996739,50.00000,2,,,,,,,,C,,Годен,,
1995078,WH1,,320677,New,End,,N,ЭКС,,,,,,,,5962031.00000,ЭКС-000005776   ,,,False,333532,,,,Элемент питания AAA алкалин LR03 (мизин.) Kodak ULTRA DIGITAL BL- 4 (K3A-4 U) (упаковка 4шт,СМ,,1.00000,10.00000,134.00000,7370.00000,,,0.05000,8.00000,,N,,,0.00000,0,,,,УП,2026-03-23 00:00:00,EKS000005776,N,,,,55.00000,3.95000,405350.00000,,КГ,Дортман Анна Павловна,Княжева Ю.В.,Б0005128_4шт,УП,Базовый,Орион ООО   (ЭРА) новый,0.00000,0.00000,a.savitskiy,Пакет интерфейса поставки:4317dd01-2584-4e92-bf91-0ac2756837c1,2026-03-23 16:03:47,321163,1996734,55.00000,2,,,,,,,,C,,Годен,,
1995079,WH1,,320677,New,End,,N,ЭКС,,,,,,,,5962032.00000,ЭКС-000005776   ,,,False,322564,,,,Элемент питания Крона солевая 6F22 EXTRA HEAVY DUTY Kodak 1BL (K9VHZ-1B),СМ,,2.00000,12.00000,47.50000,3800.00000,,,0.05000,8.00000,,N,,,0.00000,0,,,,ШТ,2026-03-23 00:00:00,EKS000005776,N,,,,80.00000,3.62000,304000.00000,,КГ,Дортман Анна Павловна,Княжева Ю.В.,Б0005137,ШТ,Базовый,Орион ООО   (ЭРА) новый,0.00000,0.00000,a.savitskiy,Пакет интерфейса поставки:4317dd01-2584-4e92-bf91-0ac2756837c1,2026-03-23 16:03:47,321163,1996736,80.00000,2,,,,,,,,A,,Годен,,
1995080,WH1,,320677,New,End,,N,ЭКС,,,,,,,,5962033.00000,ЭКС-000005776   ,,,False,322563,,,,Элемент питания 23A/LR23A/3LR50 Kodak 23A-1BL (K23A-1),СМ,,1.00000,5.00000,35.50000,1420.00000,,,0.02000,5.00000,,N,,,0.00000,0,,,,ШТ,2026-03-23 00:00:00,EKS000005776,N,,,,40.00000,0.80000,56800.00000,,КГ,Дортман Анна Павловна,Княжева Ю.В.,Б0017778,ШТ,Базовый,Орион ООО   (ЭРА) новый,0.00000,0.00000,a.savitskiy,Пакет интерфейса поставки:4317dd01-2584-4e92-bf91-0ac2756837c1,2026-03-23 16:03:47,321163,1996737,40.00000,2,,,,,,,,C,,Годен,,
1995081,WH1,,320677,New,End,,N,ЭКС,,,,,,,,5962034.00000,ЭКС-000005776   ,,,False,313939,,,,Элемент питания AA алкалин Kodak LR6-60 (4S) XTRALIFE colour box (KAA-60) (цена за 1шт),СМ,,1.00000,5.00000,16.00000,20160.00000,,,0.02250,1.00000,,N,,,0.00000,0,,,,ШТ,2026-03-23 00:00:00,EKS000005776,N,,,,1260.00000,52.50000,25401600.00000,,КГ,Дортман Анна Павловна,Княжева Ю.В.,Б0029222,ШТ,Суперсклад,Орион ООО   (ЭРА) новый,0.00000,0.00000,a.savitskiy,Пакет интерфейса поставки:4317dd01-2584-4e92-bf91-0ac2756837c1,2026-03-23 16:03:47,321163,1996738,1260.00000,2,,,,,,,,A,,Годен,,
1995082,WH1,,320677,New,End,,N,ЭКС,,,,,,,,5962035.00000,ЭКС-000005776   ,,,False,765199,,,,Элемент питания AAA алкалин Duracell LR03-4BL BASIC (4шт в упаковке),СМ,,1.00000,12.00000,256.00000,30720.00000,,,0.03000,8.00000,,N,,,0.00000,0,,,,УП,2026-03-23 00:00:00,EKS000005776,N,,,,120.00000,7.20000,3686400.00000,,КГ,,Княжева Ю.В.,Б0014046_4шт,УП,Суперсклад,Орион ООО   (ЭРА) новый,0.00000,0.00000,a.savitskiy,Пакет интерфейса поставки:4317dd01-2584-4e92-bf91-0ac2756837c1,2026-03-23 16:03:47,321163,1996740,120.00000,2,,,,,,,,C,,Годен,,
1995083,WH1,,320677,New,End,,N,ЭКС,,,,,,,ЭКС-000012075   ,5962027.00000,ЭКС-000005776   ,,,False,420368,,,,Вилка каучуковая с/з 90град 16A IP44 черная V9-B-IP44 ЭРА,СМ,,3.00000,7.00000,104.00000,104.00000,,,0.01000,3.00000,,N,,,0.00000,0,,,,ШТ,2026-03-23 00:00:00,EKS000005776,N,,,,1.00000,0.01000,104.00000,,КГ,Дортман Анна Павловна,Княжева Ю.В.,Б0044542,ШТ,Товар филиала,Орион ООО   (ЭРА) новый,0.00000,0.00000,a.savitskiy,Пакет интерфейса поставки:4317dd01-2584-4e92-bf91-0ac2756837c1,2026-03-23 16:03:47,321163,1996743,1.00000,2,,,,,,,,C,,Годен,,
1995084,WH1,,320677,New,End,,N,ЭКС,,,,,,,ЭКС-000012111   ,5962028.00000,ЭКС-000005776   ,,,False,400186,,,,Вилка IP44 каучук c/з 16A красная V8-RED-IP44 (30/300)  ЭРА,СМ,,5.00000,12.00000,98.50000,1477.50000,,,0.20000,5.00000,,N,,,0.00000,0,,,,ШТ,2026-03-23 00:00:00,EKS000005776,N,,,,15.00000,3.00000,22162.50000,,КГ,Дортман Анна Павловна,Княжева Ю.В.,Б0044547,ШТ,Базовый,Орион ООО   (ЭРА) новый,0.00000,0.00000,a.savitskiy,Пакет интерфейса поставки:4317dd01-2584-4e92-bf91-0ac2756837c1,2026-03-23 16:03:47,321163,1996744,15.00000,2,,,,,,,,C,,Годен,,
1995085,WH1,,320677,New,End,,N,ЭКС,,,,,,,ЭКС-000012111   ,5962029.00000,ЭКС-000005776   ,,,False,464615,,,,Удлинитель силовой на рамке б/з 1 гн 10м ПВС 2x0.75  UFx-1-2x0.75-10m-IP44 ЭРА,СМ,,8.00000,39.00000,459.50000,919.00000,,,0.40000,14.00000,,N,,,0.00000,0,,,,ШТ,2026-03-23 00:00:00,EKS000005776,N,,,,2.00000,0.80000,1838.00000,,КГ,Заказной,Княжева Ю.В.,Б0046820,ШТ,Заказной товар,Орион ООО   (ЭРА) новый,0.00000,0.00000,a.savitskiy,Пакет интерфейса поставки:4317dd01-2584-4e92-bf91-0ac2756837c1,2026-03-23 16:03:47,321163,1996742,2.00000,2,,,,,,,,C,,Годен,,
1995086,WH1,,320677,New,End,,N,ЭКС,,,,,,,ЭКС-000012111   ,5962030.00000,ЭКС-000005776   ,,,False,673966,,,,Разветвитель электрический SPx-2-W на 2 розетки без заземления 10А белый ЭРА,СМ,,5.00000,9.00000,90.50000,362.00000,,,0.15000,8.00000,,N,,,0.00000,0,,,,ШТ,2026-03-23 00:00:00,EKS000005776,N,,,,4.00000,0.60000,1448.00000,,КГ,Акулинский Петр Иванович,Княжева Ю.В.,Б0053480,ШТ,Товар филиала,Орион ООО   (ЭРА) новый (,0.00000,0.00000,a.savitskiy,Пакет интерфейса поставки:4317dd01-2584-4e92-bf91-0ac2756837c1,2026-03-23 16:03:47,321163,1996741,4.00000,2,,,,,,,,C,,Годен,,
1995087,WH1,,320677,New,End,,N,ЭКС,,,,,,,ЭКС-000012111   ,5962036.00000,ЭКС-000005776   ,,,False,326578,,,,"Удлинитель c заземлением, 3х1мм2, 16А, ПВС, 5гн, 5м ЭРА U-5e-5m",СМ,,6.00000,30.00000,461.00000,922.00000,,,0.80000,11.00000,,N,,,0.00000,0,,,,ШТ,2026-03-23 00:00:00,EKS000005776,N,,,,2.00000,1.60000,1844.00000,,КГ,Дортман Анна Павловна,Княжева Ю.В.,Б0028377,ШТ,Товар филиала,Орион ООО   (ЭРА) новый,0.00000,0.00000,a.savitskiy,Пакет интерфейса поставки:4317dd01-2584-4e92-bf91-0ac2756837c1,2026-03-23 16:03:47,321163,1996735,2.00000,2,,,,,,,,C,,Годен,,
1995088,WH1,,320677,New,End,,N,ЭКС,,,,,,,ЭКС-000012111   ,5962037.00000,ЭКС-000005776   ,,,False,357698,,,,"Удлинитель U-3es-5m  ЭРА с заземл, 3x1мм2, 16A, ПВС, с выкл, 3гн, 5м",СМ,,7.00000,25.00000,431.00000,1293.00000,,,0.40000,13.00000,,N,,,0.00000,0,,,,ШТ,2026-03-23 00:00:00,EKS000005776,N,,,,3.00000,1.20000,3879.00000,,КГ,Дортман Анна Павловна,Княжева Ю.В.,Б0028379,ШТ,Базовый,Орион ООО   (ЭРА) новый,0.00000,0.00000,a.savitskiy,Пакет интерфейса поставки:4317dd01-2584-4e92-bf91-0ac2756837c1,2026-03-23 16:03:47,321163,1996733,3.00000,2,,,,,,,,C,,Годен,,
1995089,WH1,,320678,New,End,,N,ЭКС,,,,,,,ЭКС-000009536   ,5962168.00000,ЭКС-000005787   ,,,False,52383,,8536901000,,Вспомог. сигнал. контакт комп. S2C-S/H6R для S200 STO2CDS200909R0001,СМ,False,2.00000,10.00000,1286.88000,2573.76000,,,0.04000,11.00000,,N,,,0.00000,0,,,,ШТ,2026-03-23 00:00:00,EKS000005787,N,,,,2.00000,0.08000,5147.52000,,КГ,Катышев Александр Вячесла,Шаповалов П.Г.,2CDS200922R0001,ШТ,Недоступен к заказу,АББ ООО,0.00000,0.00000,r.sagaidak,Пакет интерфейса поставки:b1d805c3-a851-4e83-83be-886de2a4a04c,2026-03-23 16:17:17,321176,1996846,2.00000,2,,,,,,,,C,,Годен,,
1995090,WH1,,320678,New,End,,N,ЭКС,,,,,,,ЭКС-000009536   ,5962169.00000,ЭКС-000005787   ,,,False,169754,,,,"Вспомогат.контакт S2C-H6R 1п.к. для S200 (+для F200, DS200 и DS201/DS202C)",СМ,,1.70000,11.00000,942.63000,1885.26000,,,0.03000,11.00000,,N,,,0.00000,0,,,,ШТ,2026-03-23 00:00:00,EKS000005787,N,,,,2.00000,0.06000,3770.52000,,КГ,Катышев Александр Вячесла,Шаповалов П.Г.,2CDS200912R0001,ШТ,Недоступен к заказу,АББ ООО,0.00000,0.00000,r.sagaidak,Пакет интерфейса поставки:b1d805c3-a851-4e83-83be-886de2a4a04c,2026-03-23 16:17:17,321176,1996845,2.00000,2,,,,,,,,C,,Годен,,
1995091,WH1,,320679,New,End,,N,ЭКС,,,,,,,ЭКС-000011957   ,5962171.00000,ЭКС-000005788   ,,,False,533620,,,,"STAYER 4-in-1 съемник стопорных колец, 4 насадки",СМ,,2.50000,24.50000,290.96000,290.96000,,,0.10000,10.50000,,N,,,0.00000,0,,,,УП,2026-03-23 00:00:00,EKS000005788,N,,,,1.00000,0.10000,290.96000,,КГ,Заказной,Петров И.В.,2280,УП,Заказной товар,ЗУБР НСК ООО (Ювента),0.00000,0.00000,n.bezrukov,Пакет интерфейса поставки:135d6531-f8f7-4ff5-92c4-bd81a59f367e,2026-03-23 16:35:34,321177,1996847,1.00000,2,,,,,,,,C,,Годен,,
1995092,WH1,,320679,New,End,,N,ЭКС,,,,,,,ЭКС-000011957   ,5962172.00000,ЭКС-000005788   ,,,False,883826,,,,"4 шт, 130 мм, набор съемников стопорных колец, Профессионал (22825)",СМ,False,4.00000,23.00000,992.80000,992.80000,,,0.38000,13.00000,,N,,,0.00000,0,,,,ШТ,2026-03-23 00:00:00,EKS000005788,N,,,,1.00000,0.38000,992.80000,,КГ,Заказной,Петров И.В.,22825,ШТ,Заказной товар,ЗУБР НСК ООО (Ювента),0.00000,0.00000,n.bezrukov,Пакет интерфейса поставки:135d6531-f8f7-4ff5-92c4-bd81a59f367e,2026-03-23 16:35:34,321177,1996849,1.00000,2,,,,,,,,C,,Годен,,
1995093,WH1,,320679,New,End,,N,ЭКС,,,,,,,ЭКС-000012062   ,5962175.00000,ЭКС-000005788   ,,,False,634159,,,,"Силовой удлинитель ЗУБР КГ 3х2.5 5м 3гн. 4000Вт IP44, КГ 325-Ш3, Профессионал",СМ,,6.00000,26.00000,925.89000,925.89000,,,0.60000,13.00000,,N,,,0.00000,0,,,,ШТ,2026-03-23 00:00:00,EKS000005788,N,,,,1.00000,0.60000,925.89000,,КГ,Заказной,Княжева Ю.В.,55024-05,ШТ,Заказной товар,ЗУБР НСК ООО (Ювента),0.00000,0.00000,n.bezrukov,Пакет интерфейса поставки:135d6531-f8f7-4ff5-92c4-bd81a59f367e,2026-03-23 16:35:34,321177,1996851,1.00000,2,,,,,,,,C,,Годен,,
1995094,WH1,,320679,New,End,,N,ЭКС,,,,,,,ЭКС-000012160   ,5962176.00000,ЭКС-000005788   ,,,False,837421,,,,"d 125 мм, 1600 Вт, 30 мм, штроборез (бороздодел), Профессионал (ЗШ-П30-1600 ПСТ)",СМ,False,18.00000,48.00000,8400.57000,8400.57000,,,4.92000,21.50000,,N,,,0.00000,0,,,,ШТ,2026-03-23 00:00:00,EKS000005788,N,,,,1.00000,4.92000,8400.57000,,КГ,Заказной,Петров И.В.,ЗШ-П30-1600 ПСТ,ШТ,Заказной товар,ЗУБР НСК ООО (Ювента),0.00000,0.00000,n.bezrukov,Пакет интерфейса поставки:135d6531-f8f7-4ff5-92c4-bd81a59f367e,2026-03-23 16:35:34,321177,1996850,1.00000,2,,,,,,,,C,,Годен,,
1995095,WH1,,320679,New,End,,N,ЭКС,,,,,,,ЭКС-000012172   ,5962173.00000,ЭКС-000005788   ,,,False,541423,,,,"Набор сверл по металлу титановых 10 шт (1-10 мм), Р6М5, класс А, Титан Профессионал (ЗУБР)",СМ,,1.50000,16.00000,1292.81000,2585.62000,,,0.26000,10.00000,,N,,,0.00000,0,,,,УП,2026-03-23 00:00:00,EKS000005788,N,,,,2.00000,0.52000,5171.24000,,КГ,Заказной,Петров И.В.,29615-H10,УП,Заказной товар,ЗУБР НСК ООО (Ювента),0.00000,0.00000,n.bezrukov,Пакет интерфейса поставки:135d6531-f8f7-4ff5-92c4-bd81a59f367e,2026-03-23 16:35:34,321177,1996852,2.00000,2,,,,,,,,C,,Годен,,
1995096,WH1,,320679,New,End,,N,ЭКС,,,,,,,ЭКС-000012172   ,5962174.00000,ЭКС-000005788   ,,,False,883827,,,,"ЗУБР СТП-5/5 текстильный петлевой строп, красный, г/п 5 т, длина 5 м",СМ,False,10.00000,40.00000,2555.52000,10222.08000,,,2.84000,16.00000,,N,,,0.00000,0,,,,ШТ,2026-03-23 00:00:00,EKS000005788,N,,,,4.00000,11.36000,40888.32000,,КГ,Заказной,Петров И.В.,43555-5-5,ШТ,Заказной товар,ЗУБР НСК ООО (Ювента),0.00000,0.00000,n.bezrukov,Пакет интерфейса поставки:135d6531-f8f7-4ff5-92c4-bd81a59f367e,2026-03-23 16:35:34,321177,1996848,4.00000,2,,,,,,,,C,,Годен,,
1995097,WH1,,320680,New,Processed,,N,ЭКС,0.00000,0.00000,0.00000,,0.00000,0.00000,,1.00000,,,4712-12-31 00:00:00,,0000,,,,ТРАНЗИТ,СМ,,1.00000,1.00000,0.00000,0.00000,,,1.00000,1.00000,КЕМЕРОВО,Y,Y,,0.00000,0,0,,,ГМ,2026-03-23 00:00:00,TR-23/03/2026-13,N,рц,рц,,1.00000,1.00000,0.00000,СМ3,КГ,,,,,,,0.00000,2.00000,r.sagaidak,Пакет интерфейса поставки:135d6531-f8f7-4ff5-92c4-bd81a59f367e,2026-03-23 16:35:02,321178,1996853,1.00000,,,,,,,,,,,,,0.00000
1995098,WH1,,320681,New,End,,N,ЭКС,,,,,,,,5961539.00000,ЭКС-000005728   ,,,False,270616,,,,Набор термоусадочных трубок №2 (АВТО импорт) REXANT,СМ,,2.00000,17.00000,44.36000,2084.92000,,1,0.10000,7.00000,,N,,,0.00000,0,,,,УП,2026-03-20 00:00:00,EKS000005728,N,,,,47.00000,2.70000,97991.24000,,КГ,Дортман Анна Павловна,Княжева Ю.В.,29-0102,УП,Базовый,"ООО ""СДС""",0.00000,0.00000,a.manokhin,Пакет интерфейса поставки:988d1f25-f006-4a66-bf24-294f697730e7,2026-03-23 16:43:43,321105,1996362,47.00000,2,,,,,,,,A,,Годен,,
1995099,WH1,,320681,New,End,,N,ЭКС,,,,,,,,5961540.00000,ЭКС-000005728   ,,,False,270620,,,,Набор термоусадочных трубок №4 (РЫБОЛОВ) REXANT,СМ,,1.00000,15.00000,32.63000,2577.77000,,1,0.10000,8.00000,,N,,,0.00000,0,,,,УП,2026-03-20 00:00:00,EKS000005728,N,,,,79.00000,4.40000,203643.83000,,КГ,Дортман Анна Павловна,Княжева Ю.В.,29-0104,УП,Базовый,"ООО ""СДС""",0.00000,0.00000,a.manokhin,Пакет интерфейса поставки:988d1f25-f006-4a66-bf24-294f697730e7,2026-03-23 16:43:43,321105,1996361,79.00000,2,,,,,,,,A,,Годен,,
1995100,WH1,,320681,New,End,,N,ЭКС,,,,,,,,5961543.00000,ЭКС-000005728   ,,,False,389732,,,,Газовая горелка-насадка GT-24 с пьезоподжигом (REXANT),СМ,,5.00000,18.00000,218.83000,8315.54000,,1,0.10000,12.00000,,N,,,0.00000,0,,,,ШТ,2026-03-20 00:00:00,EKS000005728,N,,,,38.00000,4.70000,315990.52000,,КГ,Дортман Анна Павловна,Петров И.В.,12-0024,ШТ,Базовый,"ООО ""СДС""",0.00000,0.00000,a.manokhin,Пакет интерфейса поставки:988d1f25-f006-4a66-bf24-294f697730e7,2026-03-23 16:43:43,321105,1996371,38.00000,2,,,,,,,,A,,Годен,,
1995101,WH1,,320681,New,End,,N,ЭКС,,,,,,,,5961546.00000,ЭКС-000005728   ,,,False,431462,,,,"Лента перфорированная волна 12х0,55 мм, оцинк. (25 м) (REXANT)",СМ,,18.00000,18.00000,233.21000,9328.40000,,,0.20000,1.00000,,N,,,0.00000,0,,,,ШТ,2026-03-20 00:00:00,EKS000005728,N,,,,40.00000,24.00000,373136.00000,,КГ,Дортман Анна Павловна,Петров И.В.,07-7212-4,ШТ,Базовый,"ООО ""СДС""",0.00000,0.00000,a.manokhin,Пакет интерфейса поставки:988d1f25-f006-4a66-bf24-294f697730e7,2026-03-23 16:43:43,321105,1996367,40.00000,2,,,,,,,,A,,Годен,,
1995102,WH1,,320681,New,End,,N,ЭКС,,,,,,,,5961547.00000,ЭКС-000005728   ,,,False,462756,,,,"Лента перфорированная прямая 12х0,55 мм, оцинк. (25 м) (REXANT)",СМ,,1.50000,20.00000,223.25000,30138.75000,,,0.40000,20.00000,,N,,,0.00000,0,,,,ШТ,2026-03-20 00:00:00,EKS000005728,N,,,,135.00000,108.00000,4068731.25000,,КГ,Дортман Анна Павловна,Петров И.В.,07-7112-4,ШТ,Базовый,"ООО ""СДС""",0.00000,0.00000,a.manokhin,Пакет интерфейса поставки:988d1f25-f006-4a66-bf24-294f697730e7,2026-03-23 16:43:43,321105,1996365,135.00000,2,,,,,,,Niz_10,A,,Годен,,
1995103,WH1,,320681,New,End,,N,ЭКС,,,,,,,,5961552.00000,ЭКС-000005728   ,,,False,566250,,,,"Диск отрезной по металлу 125х1,0 мм, для УШМ (Kranz)",СМ,,0.12000,12.00000,27.60000,2760.00000,,,0.03000,12.00000,,N,,,0.00000,0,,,,ШТ,2026-03-20 00:00:00,EKS000005728,N,,,,100.00000,2.00000,276000.00000,,КГ,Дортман Анна Павловна,Петров И.В.,KR-90-0912,ШТ,Новинка,"ООО ""СДС""",0.00000,0.00000,a.manokhin,Пакет интерфейса поставки:988d1f25-f006-4a66-bf24-294f697730e7,2026-03-23 16:43:43,321105,1996382,100.00000,2,,,,,,,,B,,Годен,,
1995104,WH1,,320681,New,End,,N,ЭКС,,,,,,,,5961562.00000,ЭКС-000005728   ,,,False,433460,,,,"Кабель-канал 40х25 мм, белый (32 м/уп.)  REXANT",СМ,,2.50000,100.00000,50.55000,6470.40000,,,0.20000,4.00000,,N,,,0.00000,0,,,,М,2026-03-20 00:00:00,EKS000005728,N,,,,128.00000,12.00000,828211.20000,,КГ,Дортман Анна Павловна,Гилета О.В.,28-4025-2,М,Товар РЦ,"ООО ""СДС""",0.00000,0.00000,a.manokhin,Пакет интерфейса поставки:988d1f25-f006-4a66-bf24-294f697730e7,2026-03-23 16:43:43,321105,1996366,128.00000,2,,,,,,,Kanal,C,,Годен,,
1995105,WH1,,320681,New,End,,N,ЭКС,,,,,,,,5961541.00000,ЭКС-000005728   ,,,False,293063,,,,"Флюс для пайки, ПАЯЛЬНАЯ КИСЛОТА, 30 мл, флакон REXANT",СМ,,2.00000,7.00000,29.21000,584.20000,,1,0.10000,3.00000,,N,,,0.00000,0,,,,ШТ,2026-03-20 00:00:00,EKS000005728,N,,,,20.00000,0.60000,11684.00000,,КГ,Дортман Анна Павловна,Петров И.В.,09-3610,ШТ,Базовый,"ООО ""СДС""",0.00000,0.00000,n.bezrukov,Пакет интерфейса поставки:988d1f25-f006-4a66-bf24-294f697730e7,2026-03-23 16:43:43,321105,1996359,20.00000,2,,,,,,,,C,,Годен,,
1995106,WH1,,320681,New,End,,N,ЭКС,,,,,,,,5961542.00000,ЭКС-000005728   ,,,False,295241,,,,Лезвие сегментированное 18 мм (уп. 10 шт) (REXANT),СМ,,1.00000,9.00000,37.52000,3001.60000,,1,0.10000,2.00000,,N,,,0.00000,0,,,,УП,2026-03-20 00:00:00,EKS000005728,N,,,,80.00000,3.80000,240128.00000,,КГ,Дортман Анна Павловна,Петров И.В.,12-4912,УП,Базовый,"ООО ""СДС""",0.00000,0.00000,n.bezrukov,Пакет интерфейса поставки:988d1f25-f006-4a66-bf24-294f697730e7,2026-03-23 16:43:43,321105,1996372,80.00000,2,,,,,,,,A,,Годен,,
1995107,WH1,,320681,New,End,,N,ЭКС,,,,,,,,5961544.00000,ЭКС-000005728   ,,,False,422905,,,,"Маркер-краска MunHwa «Slim» 2 мм, белая, нитрооснова",СМ,,1.00000,13.00000,175.06000,11203.84000,,1,0.01000,1.00000,,N,,,0.00000,0,,,,ШТ,2026-03-20 00:00:00,EKS000005728,N,,,,64.00000,1.04000,717045.76000,,КГ,Дортман Анна Павловна,Петров И.В.,08-7405,ШТ,Базовый,"ООО ""СДС""",0.00000,0.00000,n.bezrukov,Пакет интерфейса поставки:988d1f25-f006-4a66-bf24-294f697730e7,2026-03-23 16:43:43,321105,1996370,64.00000,2,,,,,,,,A,,Годен,,
1995108,WH1,,320681,New,End,,N,ЭКС,,,,,,,,5961545.00000,ЭКС-000005728   ,,,False,422916,,,,"Припой с канифолью, 1 м, d=0.8 мм, (олово 60%, свинец 40%), спираль, блистер REXANT",СМ,,0.50000,8.00000,70.39000,4293.79000,,1,0.00100,5.00000,,N,,,0.00000,0,,,,ШТ,2026-03-20 00:00:00,EKS000005728,N,,,,61.00000,0.11100,261921.19000,,КГ,Дортман Анна Павловна,Петров И.В.,09-3130,ШТ,Базовый,"ООО ""СДС""",0.00000,0.00000,n.bezrukov,Пакет интерфейса поставки:988d1f25-f006-4a66-bf24-294f697730e7,2026-03-23 16:43:43,321105,1996369,61.00000,2,,,,,,,,A,,Годен,,
1995109,WH1,,320681,New,End,,N,ЭКС,,,,,,,,5961548.00000,ЭКС-000005728   ,,,False,512088,,,,Бур по бетону 6x110x50 мм (2 грани) SDS-Plus (Kranz),СМ,,2.00000,19.00000,36.33000,23360.19000,,,0.10000,4.00000,,N,,,0.00000,0,,,,ШТ,2026-03-20 00:00:00,EKS000005728,N,,,,643.00000,28.30000,15020602.17000,,КГ,Дортман Анна Павловна,Петров И.В.,KR-91-0006,ШТ,Новинка,"ООО ""СДС""",0.00000,0.00000,n.bezrukov,Пакет интерфейса поставки:988d1f25-f006-4a66-bf24-294f697730e7,2026-03-23 16:43:43,321105,1996357,643.00000,2,,,,,,,,A,,Годен,,
1995110,WH1,,320681,New,End,,N,ЭКС,,,,,,,,5961549.00000,ЭКС-000005728   ,,,False,516336,,,,"Диск алмазный сегментный 125 мм, для УШМ, по бетону, кирпичу и камню (Kranz)",СМ,,0.60000,13.00000,163.56000,3271.20000,,,0.10000,13.00000,,N,,,0.00000,0,,,,ШТ,2026-03-20 00:00:00,EKS000005728,N,,,,20.00000,2.00000,65424.00000,,КГ,Дортман Анна Павловна,Петров И.В.,KR-90-0101,ШТ,Новинка,"ООО ""СДС""",0.00000,0.00000,n.bezrukov,Пакет интерфейса поставки:988d1f25-f006-4a66-bf24-294f697730e7,2026-03-23 16:43:43,321105,1996356,20.00000,2,,,,,,,,B,,Годен,,
1995111,WH1,,320681,New,End,,N,ЭКС,,,,,,,,5961550.00000,ЭКС-000005728   ,,,False,516371,,,,Бур по бетону 10x160x100 мм (2 грани) SDS-Plus (Kranz),СМ,,1.00000,23.00000,57.71000,3635.73000,,,0.20000,4.00000,,N,,,0.00000,0,,,,ШТ,2026-03-20 00:00:00,EKS000005728,N,,,,63.00000,6.40000,229050.99000,,КГ,Дортман Анна Павловна,Петров И.В.,KR-91-0013,ШТ,Новинка,"ООО ""СДС""",0.00000,0.00000,n.bezrukov,Пакет интерфейса поставки:988d1f25-f006-4a66-bf24-294f697730e7,2026-03-23 16:43:43,321105,1996384,63.00000,2,,,,,,,,C,,Годен,,
1995112,WH1,,320681,New,End,,N,ЭКС,,,,,,,,5961551.00000,ЭКС-000005728   ,,,False,516479,,,,"Сверло по кафелю, керамике, стеклу 6 мм (2 грани), шестигранный хвостовик (Kranz)",СМ,,1.00000,14.00000,66.15000,4035.15000,,,0.02000,4.00000,,N,,,0.00000,0,,,,ШТ,2026-03-20 00:00:00,EKS000005728,N,,,,61.00000,1.22000,246144.15000,,КГ,Дортман Анна Павловна,Петров И.В.,KR-91-0642,ШТ,Новинка,"ООО ""СДС""",0.00000,0.00000,n.bezrukov,Пакет интерфейса поставки:988d1f25-f006-4a66-bf24-294f697730e7,2026-03-23 16:43:43,321105,1996383,61.00000,2,,,,,,,,B,,Годен,,
1995113,WH1,,320681,New,End,,N,ЭКС,,,,,,,,5961553.00000,ЭКС-000005728   ,,,False,810714,,,,"Розетка 1-ая с ЗК , со шторками 16А антрацит (рамка в комплекте) /KRANZ MIELE  STRONG /",СМ,,4.00000,8.00000,345.86000,69172.00000,,,0.05000,8.00000,,N,,,0.00000,0,,,,ШТ,2026-03-20 00:00:00,EKS000005728,N,,,,200.00000,30.00000,13834400.00000,,КГ,,Куграшова О.В.,KR-78-0701-5,ШТ,Новинка,СДС  ООО,0.00000,0.00000,n.bezrukov,Пакет интерфейса поставки:988d1f25-f006-4a66-bf24-294f697730e7,2026-03-23 16:43:43,321105,1996376,200.00000,2,,,,,,,,C,,Годен,,
1995114,WH1,,320681,New,End,,N,ЭКС,,,,,,,,5961555.00000,ЭКС-000005728   ,,,False,810703,,,,"Розетка  1-ая с ЗК   , со шторками 16А титан  (рамка в комплекте) /KRANZ MIELE ROUND/",СМ,,4.00000,8.00000,348.94000,131899.32000,,,0.05000,8.00000,,N,,,0.00000,0,,,,ШТ,2026-03-20 00:00:00,EKS000005728,N,,,,378.00000,59.40000,49857942.96000,,КГ,,Куграшова О.В.,KR-78-0701-2,ШТ,Новинка,СДС  ООО,0.00000,0.00000,n.bezrukov,Пакет интерфейса поставки:988d1f25-f006-4a66-bf24-294f697730e7,2026-03-23 16:43:43,321105,1996377,378.00000,2,,,,,,,,C,,Годен,,
1995115,WH1,,320681,New,End,,N,ЭКС,,,,,,,,5961557.00000,ЭКС-000005728   ,,,False,810681,,,,"Розетка  1-ая с ЗК   , со шторками 16А оникс (рамка в комплекте)  /KRANZ MIELE ROUND/",СМ,,4.00000,8.00000,345.86000,17293.00000,,,0.05000,8.00000,,N,,,0.00000,0,,,,ШТ,2026-03-20 00:00:00,EKS000005728,N,,,,50.00000,10.00000,864650.00000,,КГ,,Куграшова О.В.,KR-78-0701-3,ШТ,Новинка,СДС  ООО,0.00000,0.00000,n.bezrukov,Пакет интерфейса поставки:988d1f25-f006-4a66-bf24-294f697730e7,2026-03-23 16:43:43,321105,1996379,50.00000,2,,,,,,,,C,,Годен,,
1995116,WH1,,320681,New,End,,N,ЭКС,,,,,,,,5961558.00000,ЭКС-000005728   ,,,False,824259,,,,"Розетка  1-ая с ЗК   , со шторками и крышкой 16А титан  (рамка в комплекте) /KRANZ MIELE ROUND/",СМ,,5.00000,8.00000,488.41000,488.41000,,,0.10000,8.00000,,N,,,0.00000,0,,,,ШТ,2026-03-20 00:00:00,EKS000005728,N,,,,1.00000,0.10000,488.41000,,КГ,,Куграшова О.В.,KR-78-0702-2,ШТ,Заказной товар,СДС  ООО,0.00000,0.00000,n.bezrukov,Пакет интерфейса поставки:988d1f25-f006-4a66-bf24-294f697730e7,2026-03-23 16:43:43,321105,1996375,1.00000,2,,,,,,,,C,,Годен,,
1995117,WH1,,320681,New,End,,N,ЭКС,,,,,,,,5961559.00000,ЭКС-000005728   ,,,False,810689,,,,Рамка ГОРИЗОНТАЛЬНАЯ   2-пост перламутр / KRANZ MIELE ROUND/,СМ,False,1.50000,16.00000,100.94000,2018.80000,,,0.03000,9.00000,,N,,,0.00000,0,,,,ШТ,2026-03-20 00:00:00,EKS000005728,N,,,,20.00000,1.40000,40376.00000,,КГ,,Куграшова О.В.,KR-78-0752-1,ШТ,Новинка,СДС  ООО,0.00000,0.00000,n.bezrukov,Пакет интерфейса поставки:988d1f25-f006-4a66-bf24-294f697730e7,2026-03-23 16:43:43,321105,1996378,20.00000,2,,,,,,,,C,,Годен,,
1995118,WH1,,320681,New,End,,N,ЭКС,,,,,,,ЭКС-000009495   ,5961568.00000,ЭКС-000005728   ,,,False,463723,,,,"Круглогубцы прямые 160 мм, двухкомпонентная ручка (REXANT)",СМ,,1.00000,17.00000,200.07000,1000.35000,,,0.16000,6.00000,,N,,,0.00000,0,,,,ШТ,2026-03-20 00:00:00,EKS000005728,N,,,,5.00000,0.80000,5001.75000,,КГ,Заказной,Петров И.В.,12-4623,ШТ,Заказной товар,"ООО ""СДС""",0.00000,0.00000,n.bezrukov,Пакет интерфейса поставки:988d1f25-f006-4a66-bf24-294f697730e7,2026-03-23 16:43:43,321105,1996364,5.00000,2,,,,,,,,C,,Годен,,
1995119,WH1,,320681,New,End,,N,ЭКС,,,,,,,ЭКС-000009495   ,5961569.00000,ЭКС-000005728   ,,,False,464067,,,,"Флюс для пайки, паяльный жир НЕЙТРАЛЬНЫЙ, 100 мл, банка REXANT",СМ,,5.00000,7.50000,120.88000,362.64000,,,0.20000,5.00000,,N,,,0.00000,0,,,,ШТ,2026-03-20 00:00:00,EKS000005728,N,,,,3.00000,0.60000,1087.92000,,КГ,Заказной,Петров И.В.,09-3667,ШТ,Заказной товар,"ООО ""СДС""",0.00000,0.00000,n.bezrukov,Пакет интерфейса поставки:988d1f25-f006-4a66-bf24-294f697730e7,2026-03-23 16:43:43,321105,1996363,3.00000,2,,,,,,,,C,,Годен,,
1995120,WH1,,320681,New,End,,N,ЭКС,,,,,,,ЭКС-000009701   ,5961560.00000,ЭКС-000005728   ,,,False,281326,,,,Тумблер 250V 15А (6c) ON-OFF-ON двухполюсный  (KN-203)  REXANT,СМ,,2.00000,6.00000,98.11000,9811.00000,,1,0.06000,3.00000,,N,,,0.00000,0,,,,ШТ,2026-03-20 00:00:00,EKS000005728,N,,,,100.00000,10.00000,981100.00000,,КГ,Сарычев Дмитрий Сергеевич,Третьяков С.М.,36-4132,ШТ,Базовый,"ООО ""СДС""",0.00000,0.00000,n.bezrukov,Пакет интерфейса поставки:988d1f25-f006-4a66-bf24-294f697730e7,2026-03-23 16:43:43,321105,1996360,100.00000,2,,,,,,,,C,,Годен,,
1995121,WH1,,320681,New,End,,N,ЭКС,,,,,,,ЭКС-000009822   ,5961570.00000,ЭКС-000005728   ,,,False,797416,,,,"PROconnect Кабель HDMI - HDMI 2.0, 10м, Gold (Zip Lock пакет)",СМ,,5.00000,17.00000,718.62000,7186.20000,,,0.50000,17.00000,,N,,,0.00000,0,,,,ШТ,2026-03-20 00:00:00,EKS000005728,N,,,,10.00000,5.00000,71862.00000,,КГ,Заказной,Петров И.В.,17-6108-6,ШТ,Заказной товар,СДС  ООО,0.00000,0.00000,a.manokhin,Пакет интерфейса поставки:988d1f25-f006-4a66-bf24-294f697730e7,2026-03-23 16:43:43,321105,1996381,10.00000,2,,,,,,,,C,,Годен,,
1995122,WH1,,320681,New,End,,N,ЭКС,,,,,,,ЭКС-000009919   ,5961566.00000,ЭКС-000005728   ,,,False,855676,,,,Клещи токовые MS2000G,СМ,False,6.50000,30.00000,3777.24000,3777.24000,,,1.41000,25.00000,,N,,,0.00000,0,,,,ШТ,2026-03-20 00:00:00,EKS000005728,N,,,,1.00000,1.41000,3777.24000,,КГ,Заказной,Третьяков С.М.,13-1301,ШТ,Заказной товар,СДС  ООО,0.00000,0.00000,a.savitskiy,Пакет интерфейса поставки:988d1f25-f006-4a66-bf24-294f697730e7,2026-03-23 16:43:43,321105,1996374,1.00000,2,,,,,,,,C,,Годен,,
1995123,WH1,,320681,New,End,,N,ЭКС,,,,,,,ЭКС-000009926   ,5961565.00000,ЭКС-000005728   ,,,False,803946,,,,"Клемма вводная КВМ 4-25мм. для модульного оборудования, прямой ввод",СМ,False,1.00000,3.00000,61.56000,1231.20000,,,0.01200,1.00000,,N,,,0.00000,0,,,,ШТ,2026-03-20 00:00:00,EKS000005728,N,,,,20.00000,0.24000,24624.00000,,КГ,Заказной,Феденькова Д.Ю.,11-2251,ШТ,Заказной товар,СДС  ООО,0.00000,0.00000,n.bezrukov,Пакет интерфейса поставки:988d1f25-f006-4a66-bf24-294f697730e7,2026-03-23 16:43:43,321105,1996380,20.00000,2,,,,,,,,C,,Годен,,
1995124,WH1,,320681,New,End,,N,ЭКС,,,,,,,ЭКС-000010046   ,5961564.00000,ЭКС-000005728   ,,,False,486506,,,,Аккумулятор Li-ion 16340 unprotected 700 mAH 3.7 В REXANT,СМ,,1.50000,3.00000,85.45000,1709.00000,,,0.02000,1.50000,,N,,,0.00000,0,,,,ШТ,2026-03-20 00:00:00,EKS000005728,N,,,,20.00000,0.40000,34180.00000,,КГ,Заказной,Княжева Ю.В.,30-2040,ШТ,Заказной товар,"ООО ""СДС""",0.00000,0.00000,n.bezrukov,Пакет интерфейса поставки:988d1f25-f006-4a66-bf24-294f697730e7,2026-03-23 16:43:43,321105,1996358,20.00000,2,,,,,,,,C,,Годен,,
1995125,WH1,,320681,New,End,,N,ЭКС,,,,,,,ЭКС-000010058   ,5961561.00000,ЭКС-000005728   ,,,False,423525,,,,"Зажим ""крокодил"" ЗК 500A 200 мм (уп. 2 шт) (1 шт. красный + 1 шт. черный) (REXANT)",СМ,False,6.00000,16.00000,127.13000,254.26000,,,0.53000,16.00000,,N,,,2.00000,0,,,,УП,2026-03-20 00:00:00,EKS000005728,N,,,,0.00000,0.00000,0.00000,,КГ,Заказной,Петров И.В.,16-0025,УП,Заказной товар,СДС  ООО,0.00000,0.00000,ILSSRV,Пакет интерфейса поставки:988d1f25-f006-4a66-bf24-294f697730e7,2026-03-23 16:43:43,321105,1996368,2.00000,2,,,,,,,,C,,Годен,,
1995126,WH1,,320681,New,End,,N,ЭКС,,,,,,,ЭКС-000010160   ,5961567.00000,ЭКС-000005728   ,,,False,878160,,,,Универсальный секундный клей 3гр,СМ,False,1.00000,16.00000,13.34000,160.08000,,,0.00100,7.50000,,N,,,0.00000,0,,,,ШТ,2026-03-20 00:00:00,EKS000005728,N,,,,12.00000,0.01200,1920.96000,,КГ,Заказной,Петров И.В.,61-0912,ШТ,Заказной товар,СДС  ООО инн_7734425377,0.00000,0.00000,a.savitskiy,Пакет интерфейса поставки:988d1f25-f006-4a66-bf24-294f697730e7,2026-03-23 16:43:43,321105,1996373,12.00000,2,,,,,,,,C,,Годен,,
1995127,WH1,,320682,New,End,,N,ЭКС,,,,,,,ЭКС-000011207   ,5961628.00000,ЭКС-000005735   ,,,False,331987,,,,Рубильник  400A 3P реверсивный без рукоятки управления TwinBlock EKF,СМ,False,24.00000,26.00000,22503.40000,45006.80000,,,3.00000,24.00000,,N,,,0.00000,0,,,,ШТ,2026-04-01 00:00:00,EKS000005735,N,,,,2.00000,6.00000,90013.60000,,КГ,Заказной,Самоличенко В.А.,tb-s-400-3p-rev,ШТ,Заказной товар,Электрорешения ООО,0.00000,0.00000,a.savitskiy,Пакет интерфейса поставки:988d1f25-f006-4a66-bf24-294f697730e7,2026-03-23 16:43:53,321112,1996434,2.00000,2,,,,,,,,C,,Годен,,
1995128,WH1,,320682,New,End,,N,ЭКС,,,,,,,ЭКС-000011207   ,5961629.00000,ЭКС-000005735   ,,,False,331961,,,,Рукоятка управления для прямой установки на рубильники реверсивные (I-0-II) TwinBlock 315-400А EKF P,СМ,False,6.00000,10.00000,383.51000,767.02000,,,0.10000,6.00000,,N,,,0.00000,0,,,,ШТ,2026-04-01 00:00:00,EKS000005735,N,,,,2.00000,0.20000,1534.04000,,КГ,Заказной,Самоличенко В.А.,tb-315-400-fh-rev,ШТ,Заказной товар,Электрорешения ООО,0.00000,0.00000,a.savitskiy,Пакет интерфейса поставки:988d1f25-f006-4a66-bf24-294f697730e7,2026-03-23 16:43:53,321112,1996435,2.00000,2,,,,,,,,C,,Годен,,
1995129,WH1,,320682,New,End,,N,ЭКС,,,,,,,ЭКС-000011209   ,5961624.00000,ЭКС-000005735   ,,,False,330233,,,,Основание с держателем к ППН-35 габарит 1 EKF,СМ,False,9.00000,20.00000,469.91000,5638.92000,,,0.44000,6.00000,,N,,,0.00000,0,,,,ШТ,2026-04-01 00:00:00,EKS000005735,N,,,,12.00000,5.28000,67667.04000,,КГ,Катышев Александр Вячесла,Самоличенко В.А.,fusb-35,ШТ,Товар филиала,Электрорешения ООО,0.00000,0.00000,a.savitskiy,Пакет интерфейса поставки:988d1f25-f006-4a66-bf24-294f697730e7,2026-03-23 16:43:53,321112,1996436,12.00000,2,,,,,,,,C,,Годен,,
1995130,WH1,,320682,New,End,,N,ЭКС,,,,,,,ЭКС-000011221   ,5961623.00000,ЭКС-000005735   ,,,False,877875,,,,Основание с держателем к ППН-33 габарит 0 EKF,СМ,,3.00000,17.00000,327.00000,7848.00000,,,0.30000,8.00000,,N,,,3.00000,0,,,,ШТ,2026-04-01 00:00:00,EKS000005735,N,,,,21.00000,6.72000,164808.00000,,КГ,Заказной,Самоличенко В.А.,fusb-33-0,ШТ,Заказной товар,Электрорешения ООО,0.00000,0.00000,a.savitskiy,Пакет интерфейса поставки:988d1f25-f006-4a66-bf24-294f697730e7,2026-03-23 16:43:53,321112,1996433,24.00000,2,,,,,,,,C,,Годен,,
1995131,WH1,,320682,New,End,,N,ЭКС,,,,,,,ЭКС-000011221   ,5961626.00000,ЭКС-000005735   ,,,False,330196,,,,Вставка плавкая ППН-33 160/100А габарит 0 EKF PROxima,СМ,False,3.00000,13.00000,226.35000,2716.20000,,,0.10000,4.20000,,N,,,0.00000,0,,,,ШТ,2026-04-01 00:00:00,EKS000005735,N,,,,12.00000,4.00000,32594.40000,,КГ,Катышев Александр Вячесла,Самоличенко В.А.,fus-33-0/160/100,ШТ,Выводится из ассортимента,Электрорешения ООО,0.00000,0.00000,a.savitskiy,Пакет интерфейса поставки:988d1f25-f006-4a66-bf24-294f697730e7,2026-03-23 16:43:53,321112,1996438,12.00000,2,,,,,,,,C,,Годен,,
1995132,WH1,,320682,New,End,,N,ЭКС,,,,,,,ЭКС-000011221   ,5961627.00000,ЭКС-000005735   ,,,False,330202,,,,Вставка плавкая ППН-33 160/40А габарит 0 EKF PROxima,СМ,False,3.00000,12.00000,226.35000,2716.20000,,,0.20000,6.00000,,N,,,0.00000,0,,,,ШТ,2026-04-01 00:00:00,EKS000005735,N,,,,12.00000,2.00000,32594.40000,,КГ,Заказной,Самоличенко В.А.,fus-33-0/160/40,ШТ,Заказной товар,Электрорешения ООО,0.00000,0.00000,a.savitskiy,Пакет интерфейса поставки:988d1f25-f006-4a66-bf24-294f697730e7,2026-03-23 16:43:53,321112,1996437,12.00000,2,,,,,,,,C,,Годен,,
1995133,WH1,,320682,New,End,,N,ЭКС,,,,,,,ЭКС-000011223   ,5961622.00000,ЭКС-000005735   ,,,False,329572,,,,Выключатель-разъединитель ВР32У-35В31250 250А съемная л/п рукоятка MAXima EKF PROxima,СМ,False,17.00000,21.00000,1839.11000,1839.11000,,,1.00000,9.00000,,N,,,0.00000,0,,,,ШТ,2026-04-01 00:00:00,EKS000005735,N,,,,1.00000,1.00000,1839.11000,,КГ,Заказной,Самоличенко В.А.,uvr32-35b31250,ШТ,Заказной товар,Электрорешения ООО,0.00000,0.00000,a.savitskiy,Пакет интерфейса поставки:988d1f25-f006-4a66-bf24-294f697730e7,2026-03-23 16:43:53,321112,1996439,1.00000,2,,,,,,,,C,,Годен,,
1995134,WH1,,320683,New,End,,N,ЭКС,,,,,,,,5961750.00000,ЭКС-000005748   ,,,False,186323,,,,"Кабель ВВГнг(A)-LS 3х1,5 ок(N,PE)-0,66 Кабэкс",СМ,False,1.14000,100.00000,52.05000,29720.55000,11.4,,0.21600,1.14000,,Y,,,571.00000,0,,,,М,2026-03-23 00:00:00,EKS000005748,N,,,,0.00000,0.00000,0.00000,,КГ,Коробейников Николай Алек,Лихушина Н.И.,ТХМ00130578,М,Базовый,Кабельный завод Кабэкс ОО,0.00000,0.00000,ILSSRV,Пакет интерфейса поставки:988d1f25-f006-4a66-bf24-294f697730e7,2026-03-23 16:44:03,321128,1996517,571.00000,1,,,01,,,,,A,,Годен,,
1995135,WH1,,320683,New,End,,N,ЭКС,,,,,,,,5961751.00000,ЭКС-000005748   ,,,False,855389,,,,"Кабель ППГ-Пнг(A)-HF 3х1,5 ок(N,PE)-0,66 (100м) Кабэкс",СМ,False,0.94000,100.00000,50.82000,208362.00000,9.4,,0.14600,0.94000,,Y,,,4100.00000,0,,,,М,2026-03-23 00:00:00,EKS000005748,N,,,,0.00000,0.00000,0.00000,,КГ,,Лихушина Н.И.,ТХМ00382654,М,Новинка,Кабельный завод Кабэкс ОО,0.00000,0.00000,ILSSRV,Пакет интерфейса поставки:988d1f25-f006-4a66-bf24-294f697730e7,2026-03-23 16:44:03,321128,1996518,4100.00000,1,,,01,,,,,C,,Годен,,
1995136,WH1,,320683,New,End,,N,ЭКС,,,,,,,,5961738.00000,ЭКС-000005748   ,,,False,162108,,,,"Кабель ВВГнг(A)-LS 4х1,5 ок(N)-0,66 Кабэкс",СМ,False,1.30000,100.00000,65.22000,674700.90000,13,,0.27800,1.30000,,Y,,,0.00000,0,,,,М,2026-03-23 00:00:00,EKS000005748,N,,,,10345.00000,2875.91000,6979780810.50000,,КГ,Коробейников Николай Алек,Лихушина Н.И.,ТГ000004477,М,Суперсклад,Кабельный завод Кабэкс ОО,0.00000,0.00000,n.bezrukov,Пакет интерфейса поставки:988d1f25-f006-4a66-bf24-294f697730e7,2026-03-23 16:44:03,321128,1996505,10345.00000,1,,,01,,,,,A,,Годен,,
1995137,WH1,,320683,New,End,,N,ЭКС,,,,,,,,5961739.00000,ЭКС-000005748   ,,,False,162111,,,,"Кабель ВВГнг(A)-LS 4х6 ок(N)-0,66 Кабэкс",СМ,False,1.58000,100.00000,238.57000,647478.98000,15.8,,0.51600,1.58000,,Y,,,0.00000,0,,,,М,2026-03-23 00:00:00,EKS000005748,N,,,,2714.00000,1400.42400,1757257951.72000,,КГ,Коробейников Николай Алек,Лихушина Н.И.,ТХМ00129529,М,Суперсклад,Кабельный завод Кабэкс ОО,0.00000,0.00000,n.bezrukov,Пакет интерфейса поставки:988d1f25-f006-4a66-bf24-294f697730e7,2026-03-23 16:44:03,321128,1996506,2714.00000,1,,,01,,,,,A,,Годен,,
1995138,WH1,,320683,New,End,,N,ЭКС,,,,,,,,5961740.00000,ЭКС-000005748   ,,,False,162120,,,,"Кабель ВВГнг(A)-LS 5х95 мc(N,PE)-1 Кабэкс",СМ,False,4.48000,100.00000,4787.59000,2484759.21000,44.8,,5.97900,4.48000,,Y,,,0.00000,0,,,,М,2026-03-23 00:00:00,EKS000005748,N,,,,519.00000,3103.10100,1289590029.99000,,КГ,AABL,Лихушина Н.И.,ТХМ00343594,М,Товар РЦ,Кабельный завод Кабэкс ОО,0.00000,0.00000,n.bezrukov,Пакет интерфейса поставки:988d1f25-f006-4a66-bf24-294f697730e7,2026-03-23 16:44:03,321128,1996507,519.00000,1,,,01,,,,,C,,Годен,,
1995139,WH1,,320683,New,End,,N,ЭКС,,,,,,,,5961741.00000,ЭКС-000005748   ,,,False,182480,,,,"Кабель ППГнг(A)-HF 4х1,5 ок(N)-0,66 Кабэкс",СМ,False,1.01000,100.00000,70.44000,73962.00000,10.1,,0.17500,1.01000,,Y,,,0.00000,0,,,,М,2026-03-23 00:00:00,EKS000005748,N,,,,1050.00000,183.75000,77660100.00000,,КГ,Коробейников Николай Алек,Лихушина Н.И.,ТХМ00132589,М,Товар РЦ,Кабельный завод Кабэкс ОО,0.00000,0.00000,n.bezrukov,Пакет интерфейса поставки:988d1f25-f006-4a66-bf24-294f697730e7,2026-03-23 16:44:03,321128,1996508,1050.00000,1,,,01,,,,,C,,Годен,,
1995140,WH1,,320683,New,End,,N,ЭКС,,,,,,,,5961742.00000,ЭКС-000005748   ,,,False,182482,,,,"Кабель ППГнг(A)-HF 3х2,5 ок -0,66 Кабэкс",СМ,False,1.02000,100.00000,83.71000,839862.43000,10.2,,0.18800,1.02000,,Y,,,0.00000,0,,,,М,2026-03-23 00:00:00,EKS000005748,N,,,,10033.00000,1886.20400,8426339760.19000,,КГ,Коробейников Николай Алек,Лихушина Н.И.,ТХМ00132573,М,Суперсклад,Кабельный завод Кабэкс ОО,0.00000,0.00000,n.bezrukov,Пакет интерфейса поставки:988d1f25-f006-4a66-bf24-294f697730e7,2026-03-23 16:44:03,321128,1996509,10033.00000,1,,,01,,,,,A,,Годен,,
1995141,WH1,,320683,New,End,,N,ЭКС,,,,,,,,5961743.00000,ЭКС-000005748   ,,,False,186323,,,,"Кабель ВВГнг(A)-LS 3х1,5 ок(N,PE)-0,66 Кабэкс",СМ,False,1.14000,100.00000,52.05000,283412.25000,11.4,,0.21600,1.14000,,Y,,,0.00000,0,,,,М,2026-03-23 00:00:00,EKS000005748,N,,,,6016.00000,1299.45600,1705008096.00000,,КГ,Коробейников Николай Алек,Лихушина Н.И.,ТХМ00130578,М,Базовый,Кабельный завод Кабэкс ОО,0.00000,0.00000,n.bezrukov,Пакет интерфейса поставки:988d1f25-f006-4a66-bf24-294f697730e7,2026-03-23 16:44:03,321128,1996510,5445.00000,1,,,01,,,,,A,,Годен,,
1995142,WH1,,320683,New,End,,N,ЭКС,,,,,,,,5961744.00000,ЭКС-000005748   ,,,False,217228,,,,"Кабель ВВГнг(A)-LS 5х70 мс(N,PE)-1 Кабэкс",СМ,False,3.48000,100.00000,3408.05000,2143663.45000,34.8,,3.93100,3.48000,,Y,,,0.00000,0,,,,М,2026-03-23 00:00:00,EKS000005748,N,,,,629.00000,2472.59900,1348364310.05000,,КГ,Коробейников Николай Алек,Лихушина Н.И.,ТХМ00343603,М,Товар РЦ,Кабельный завод Кабэкс ОО,0.00000,0.00000,n.bezrukov,Пакет интерфейса поставки:988d1f25-f006-4a66-bf24-294f697730e7,2026-03-23 16:44:03,321128,1996511,629.00000,1,,,01,,,,,C,,Годен,,
1995143,WH1,,320683,New,End,,N,ЭКС,,,,,,,,5961745.00000,ЭКС-000005748   ,,,False,298461,,,,"Кабель ППГ-Пнг(A)-HF 3х1,5 ок(N,PE)-0,66 Кабэкс",СМ,False,0.82000,100.00000,50.82000,809562.60000,8.2,,0.14600,0.82000,,Y,,,0.00000,0,,,,М,2026-03-23 00:00:00,EKS000005748,N,,,,15930.00000,2325.78000,12896332218.00000,,КГ,Коробейников Николай Алек,Лихушина Н.И.,ТХМ00388318,М,Базовый,Кабельный завод Кабэкс ОО,0.00000,0.00000,n.bezrukov,Пакет интерфейса поставки:988d1f25-f006-4a66-bf24-294f697730e7,2026-03-23 16:44:03,321128,1996512,15930.00000,1,,,01,,,,,A,,Годен,,
1995144,WH1,,320683,New,End,,N,ЭКС,,,,,,,,5961746.00000,ЭКС-000005748   ,,,False,298771,,,,"Кабель ППГ-Пнг(A)-HF 3х2,5 ок -0,66 Кабэкс",СМ,False,1.11000,100.00000,80.99000,793782.99000,11.1,,0.18800,1.11000,,Y,,,0.00000,0,,,,М,2026-03-23 00:00:00,EKS000005748,N,,,,9801.00000,1842.58800,7779867084.99000,,КГ,Коробейников Николай Алек,Лихушина Н.И.,ТХМ00388319,М,Базовый,Кабельный завод Кабэкс ОО,0.00000,0.00000,n.bezrukov,Пакет интерфейса поставки:988d1f25-f006-4a66-bf24-294f697730e7,2026-03-23 16:44:03,321128,1996513,9801.00000,1,,,01,,,,,A,,Годен,,
1995145,WH1,,320683,New,End,,N,ЭКС,,,,,,,,5961747.00000,ЭКС-000005748   ,,,False,851382,,,,"Кабель ППГ-Пнг(A)-FR-HF 3х1,5 ок(N,PE)-0,66 Кабэкс",СМ,False,1.38000,100.00000,58.73000,79050.58000,13.8,,0.28700,1.38000,,Y,,,0.00000,0,,,,М,2026-03-23 00:00:00,EKS000005748,N,,,,1346.00000,386.30200,106402080.68000,,КГ,,Лихушина Н.И.,ТХМ00407041,М,Товар РЦ,Кабельный завод Кабэкс ОО,0.00000,0.00000,n.bezrukov,Пакет интерфейса поставки:988d1f25-f006-4a66-bf24-294f697730e7,2026-03-23 16:44:03,321128,1996514,1346.00000,1,,,,,,,,C,,Годен,,
1995146,WH1,,320683,New,End,,N,ЭКС,,,,,,,,5961748.00000,ЭКС-000005748,,,False,855389,,,,"Кабель ППГ-Пнг(A)-HF 3х1,5 ок(N,PE)-0,66 (100м) Кабэкс",СМ,False,0.94000,100.00000,50.82000,762300.00000,9.4,,0.14600,0.94000,,Y,Y,,0.00000,0,,,,М,2026-03-23 00:00:00,EKS000005748,N,,,,19100.00000,2788.60000,14559930000.00000,,КГ,,Лихушина Н.И.,ТХМ00382654,М,Новинка,Кабельный завод Кабэкс ОО,0.00000,0.00000,n.bezrukov,Пакет интерфейса поставки:988d1f25-f006-4a66-bf24-294f697730e7,2026-03-23 16:44:03,321128,1996515,15000.00000,1,,,01,,,,,C,,Годен,,
1995147,WH1,,320683,New,End,,N,ЭКС,,,,,,,,5961749.00000,ЭКС-000005748   ,,,False,298461,,,,"Кабель ППГ-Пнг(A)-HF 3х1,5 ок(N,PE)-0,66 Кабэкс",СМ,False,0.82000,100.00000,51.66000,406564.20000,8.2,,0.14600,0.82000,,Y,,,0.00000,0,,,,М,2026-03-23 00:00:00,EKS000005748,N,,,,7870.00000,1149.02000,3199660254.00000,,КГ,Коробейников Николай Алек,Лихушина Н.И.,ТХМ00388318,М,Базовый,Кабельный завод Кабэкс ОО,0.00000,0.00000,n.bezrukov,Пакет интерфейса поставки:988d1f25-f006-4a66-bf24-294f697730e7,2026-03-23 16:44:03,321128,1996516,7870.00000,1,,,01,,,,,A,,Годен,,
1995148,WH1,,320684,New,End,,N,ЭКС,,,,,,,ЭКС-000011609   ,5962000.00000,ЭКС-000005769   ,,,False,154205,,,,"Заглушка для К.К. ""Праймер"" 100х40",СМ,,5.40000,11.00000,70.42000,2112.60000,,,0.05000,6.00000,,N,,,0.00000,0,,,,ШТ,2026-03-23 00:00:00,EKS000005769,N,,,,30.00000,1.50000,63378.00000,,КГ,Дортман Анна Павловна,Гилета О.В.,CKK-40D-Z-100-040-K01,ШТ,Товар РЦ,ЭлектроОптТорг ООО,0.00000,0.00000,n.bezrukov,Пакет интерфейса поставки:dcf5058c-bcfd-4836-b60d-2ddee3003ad8,2026-03-23 16:55:19,321156,1996715,30.00000,2,,,,,,,,C,,Годен,,
1995149,WH1,,320684,New,End,,N,ЭКС,,,,,,,ЭКС-000012106,5962001.00000,ЭКС-000005769,,,False,207156,,,,Наконечник медный ТМ  16-8-6 (КВТ),СМ,,0.50000,3.00000,30.14000,1507.00000,,,0.05000,1.00000,,N,Y,,0.00000,0,,,,ШТ,2026-03-23 00:00:00,EKS000005769,N,,,,50.00000,2.50000,75350.00000,,КГ,Дортман Анна Павловна,Княжева Ю.В.,43030,ШТ,Товар филиала,Техэлектро-Сибирь ООО,0.00000,0.00000,n.bezrukov,Пакет интерфейса поставки:dcf5058c-bcfd-4836-b60d-2ddee3003ad8,2026-03-23 16:55:19,321156,1996714,50.00000,2,,,,,,,,C,,Годен,,
1995150,WH1,,320684,New,End,,N,ЭКС,,,,,,,ЭКС-000012106   ,5962004.00000,ЭКС-000005769   ,,,False,358496,,,,Наконечник штыревой втулочный изолир. НШвИ 16-12 (КВТ),СМ,,1.00000,2.00000,2.41000,241.00000,,,0.01000,1.00000,,N,,,0.00000,0,,,,ШТ,2026-03-23 00:00:00,EKS000005769,N,,,,100.00000,0.20000,24100.00000,,КГ,Дортман Анна Павловна,Княжева Ю.В.,79452,ШТ,Базовый,Техэлектро-Сибирь ООО,0.00000,0.00000,n.bezrukov,Пакет интерфейса поставки:dcf5058c-bcfd-4836-b60d-2ddee3003ad8,2026-03-23 16:55:19,321156,1996711,100.00000,2,,,,,,,,C,,Годен,,
1995151,WH1,,320684,New,End,,N,ЭКС,,,,,,,ЭКС-000012110   ,5962002.00000,ЭКС-000005769   ,,,False,238205,,,,Наконечник медный луженый ТМЛс 120-10 (КВТ),СМ,,2.00000,7.00000,223.58000,894.32000,,,0.06000,3.00000,,N,,,0.00000,0,,,,ШТ,2026-03-23 00:00:00,EKS000005769,N,,,,4.00000,0.24000,3577.28000,,КГ,Дортман Анна Павловна,Княжева Ю.В.,65668,ШТ,Товар филиала,Техэлектро-Сибирь ООО,0.00000,0.00000,n.bezrukov,Пакет интерфейса поставки:dcf5058c-bcfd-4836-b60d-2ddee3003ad8,2026-03-23 16:55:19,321156,1996713,4.00000,2,,,,,,,,C,,Годен,,
1995152,WH1,,320684,New,End,,N,ЭКС,,,,,,,ЭКС-000012114   ,5962003.00000,ЭКС-000005769   ,,,False,307820,,,,"Муфта 5ПКТп(б) мини - 2,5/10 (КВТ)",СМ,,4.00000,20.00000,733.88000,7338.80000,,,0.15000,15.00000,,N,,,0.00000,0,,,,ШТ,2026-03-23 00:00:00,EKS000005769,N,,,,10.00000,0.60000,73388.00000,,КГ,Заказной,Гилета О.В.,74675,ШТ,Заказной товар,Техэлектро-Сибирь ООО,0.00000,0.00000,n.bezrukov,Пакет интерфейса поставки:dcf5058c-bcfd-4836-b60d-2ddee3003ad8,2026-03-23 16:55:19,321156,1996712,10.00000,2,,,,,,,,C,,Годен,,
1995153,WH1,,320684,New,End,,N,ЭКС,,,,,,,ЭКС-000012147   ,5962005.00000,ЭКС-000005769   ,,,False,502268,,,,DEKraft Автоматический выключатель 3Р 10А х-ка C ВА-103 6кА,СМ,,6.00000,8.00000,803.07000,7227.63000,,,0.20000,7.00000,,N,,,0.00000,0,,,,ШТ,2026-03-23 00:00:00,EKS000005769,N,,,,9.00000,2.00000,65048.67000,,КГ,Заказной,Шаповалов П.Г.,12303DEK,ШТ,Заказной товар,СИСТЭМ ЭЛЕКТРИК АО (ранее,0.00000,0.00000,n.bezrukov,Пакет интерфейса поставки:dcf5058c-bcfd-4836-b60d-2ddee3003ad8,2026-03-23 16:55:19,321156,1996710,9.00000,2,,,,,,,,C,,Годен,,
1995154,WH1,,320684,New,End,,N,ЭКС,,,,,,,ЭКС-000012147   ,5962006.00000,ЭКС-000005769   ,,,False,512918,,,,DEKraft Автоматический выключатель 3Р 20А х-ка C ВА-103 6кА,СМ,,6.00000,8.00000,793.70000,10318.10000,,,0.30000,8.00000,,N,,,0.00000,0,,,,ШТ,2026-03-23 00:00:00,EKS000005769,N,,,,13.00000,1.80000,134135.30000,,КГ,Заказной,Шаповалов П.Г.,12306DEK,ШТ,Заказной товар,СИСТЭМ ЭЛЕКТРИК АО (ранее,0.00000,0.00000,n.bezrukov,Пакет интерфейса поставки:dcf5058c-bcfd-4836-b60d-2ddee3003ad8,2026-03-23 16:55:19,321156,1996709,13.00000,2,,,,,,,,C,,Годен,,
1995155,WH1,,320684,New,End,,N,ЭКС,,,,,,,ЭКС-000012243   ,5962007.00000,ЭКС-000005769   ,,,False,657480,,,,"Рамка 5-пост, универсальная, Atlasdesign Песочный",СМ,,0.50000,37.00000,354.22000,1416.88000,,,0.01000,8.00000,,N,,,0.00000,0,,,,ШТ,2026-03-23 00:00:00,EKS000005769,N,,,,4.00000,0.04000,5667.52000,,КГ,Дортман Анна Павловна,Куграшова О.В.,ATN001205,ШТ,Базовый,СИСТЭМ ЭЛЕКТРИК АО (ранее,0.00000,0.00000,n.bezrukov,Пакет интерфейса поставки:dcf5058c-bcfd-4836-b60d-2ddee3003ad8,2026-03-23 16:55:19,321156,1996718,4.00000,2,,,,,,,,C,,Годен,,
1995156,WH1,,320684,New,End,,N,ЭКС,,,,,,,ЭКС-000012243   ,5962008.00000,ЭКС-000005769   ,,,False,657515,,,,"Розетка компьютерная RJ45, кат. 5Е, механизм, Atlasdesign Песочный",СМ,,4.00000,7.00000,677.80000,3389.00000,,,0.04000,7.00000,,N,,,0.00000,0,,,,ШТ,2026-03-23 00:00:00,EKS000005769,N,,,,5.00000,0.50000,16945.00000,,КГ,Дортман Анна Павловна,Куграшова О.В.,ATN001283,ШТ,Базовый,СИСТЭМ ЭЛЕКТРИК АО (ранее,0.00000,0.00000,n.bezrukov,Пакет интерфейса поставки:dcf5058c-bcfd-4836-b60d-2ddee3003ad8,2026-03-23 16:55:19,321156,1996717,5.00000,2,,,,,,,,C,,Годен,,
1995157,WH1,,320684,New,End,,N,ЭКС,,,,,,,ЭКС-000012277   ,5962009.00000,ЭКС-000005769   ,,,False,657523,,,,"ВЫВОД КАБЕЛЯ, механизм, Atlasdesign Песочный",СМ,,4.00000,8.00000,193.65000,387.30000,,,0.10000,8.00000,,N,,,0.00000,0,,,,ШТ,2026-03-23 00:00:00,EKS000005769,N,,,,2.00000,0.20000,774.60000,,КГ,Дортман Анна Павловна,Куграшова О.В.,ATN001299,ШТ,Базовый,СИСТЭМ ЭЛЕКТРИК АО (ранее,0.00000,0.00000,n.bezrukov,Пакет интерфейса поставки:dcf5058c-bcfd-4836-b60d-2ddee3003ad8,2026-03-23 16:55:19,321156,1996716,2.00000,2,,,,,,,,C,,Годен,,
1995158,WH1,,320685,New,End,,N,ЭКС,,,,,,,,5962127.00000,ЭКС-000005785   ,,,True,392673,,,,IEK Клемма вводная силовая КВС 35-150 кв.мм. синяя,СМ,True,5.00000,2.00000,311.50000,1557.50000,,,0.05000,9.00000,,N,,,0.00000,0,,,,ШТ,2026-03-23 00:00:00,EKS000005785,N,,,,5.00000,0.70000,7787.50000,,КГ,Заказной,Феденькова Д.Ю.,YZN12-150-K07,ШТ,Заказной товар,ЭлектроОптТорг ООО,0.00000,0.00000,a.savitskiy,Пакет интерфейса поставки:ee422df4-7fde-40ef-8b91-4964f5402fa5,2026-03-23 17:19:25,321174,1996821,5.00000,2,,,,,,,,C,,Годен,,
1995159,WH1,,320685,New,End,,N,ЭКС,,,,,,,ЭКС-000006183   ,5962141.00000,ЭКС-000005785   ,,,False,387158,,,,"Ящик с понижающим трансформатором ЯТП-0,25 230/36-3 УХЛ2 IP54 ИЭК",СМ,False,21.00000,31.00000,5349.68000,16049.04000,,,6.50000,25.00000,,N,,,0.00000,0,,,,ШТ,2026-03-23 00:00:00,EKS000005785,N,,,,3.00000,19.50000,48147.12000,,КГ,Заказной,Самоличенко В.А.,MTT13-036-0251-54,ШТ,Заказной товар,ЭлектроОптТорг ООО,0.00000,0.00000,a.savitskiy,Пакет интерфейса поставки:ee422df4-7fde-40ef-8b91-4964f5402fa5,2026-03-23 17:19:25,321174,1996823,3.00000,2,,,,,,,,C,,Годен,,
1995160,WH1,,320685,New,End,,N,ЭКС,,,,,,,ЭКС-000012060   ,5962129.00000,ЭКС-000005785   ,,,False,80807,,8536201007,,"Выключатель авт. ВА47-29 2п   40А  х-ка D   4,5кА  MVA20-2-040-D  ИЭК",СМ,False,8.75000,8.50000,386.00000,386.00000,,,0.20800,3.67000,,N,,,0.00000,0,,,,ШТ,2026-03-23 00:00:00,EKS000005785,N,,,,1.00000,0.20800,386.00000,,КГ,Заказной,Шаповалов П.Г.,MVA20-2-040-D,ШТ,Товар РЦ,ЭлектроОптТорг ООО,0.00000,0.00000,a.savitskiy,Пакет интерфейса поставки:ee422df4-7fde-40ef-8b91-4964f5402fa5,2026-03-23 17:19:25,321174,1996810,1.00000,2,,,,,,,,C,,Годен,,
1995161,WH1,,320685,New,End,,N,ЭКС,,,,,,,ЭКС-000012066   ,5962135.00000,ЭКС-000005785   ,,,True,627814,,,,ARMAT Контактор КМИ-А-22512 LC1D 25А 24В/АС3 1НО/1НЗ IEK,СМ,True,5.00000,10.00000,1404.72000,11237.76000,,,0.20000,9.00000,,N,,,0.00000,0,,,,ШТ,2026-03-23 00:00:00,EKS000005785,N,,,,8.00000,1.60000,89902.08000,,КГ,Сарычев Дмитрий Сергеевич,Третьяков С.М.,AR-ACC-21-025-024-11,ШТ,Товар РЦ,ЭлектроОптТорг ООО,0.00000,0.00000,a.savitskiy,Пакет интерфейса поставки:ee422df4-7fde-40ef-8b91-4964f5402fa5,2026-03-23 17:19:25,321174,1996818,8.00000,2,,,,,,,,C,,Годен,,
1995162,WH1,,320685,New,End,,N,ЭКС,,,,,,,ЭКС-000012071   ,5962124.00000,ЭКС-000005785   ,,,False,576241,,,,BRITE Выключ. 2-кл. 10А ВС10-2-0-БрА алюм. IEK,СМ,,4.00000,7.00000,116.26000,116.26000,,,0.01000,7.00000,,N,,,0.00000,0,,,,ШТ,2026-03-23 00:00:00,EKS000005785,N,,,,1.00000,0.01000,116.26000,,КГ,Заказной,Куграшова О.В.,BR-V20-0-10-K47,ШТ,Заказной товар,ЭлектроОптТорг ООО,0.00000,0.00000,a.savitskiy,Пакет интерфейса поставки:ee422df4-7fde-40ef-8b91-4964f5402fa5,2026-03-23 17:19:25,321174,1996819,1.00000,2,,,,,,,,C,,Годен,,
1995163,WH1,,320685,New,End,,N,ЭКС,,,,,,,ЭКС-000012101   ,5962133.00000,ЭКС-000005785   ,,,True,269300,,,,Светильник LED ДСП 1306 36Вт 4000К IP65 1200мм серый пластик ИЭК,СМ,True,7.00000,120.00000,1230.77000,2461.54000,,,1.36000,8.00000,,N,,,0.00000,0,,,,ШТ,2026-03-23 00:00:00,EKS000005785,N,,,,2.00000,2.72000,4923.08000,,КГ,Заказной,Колупаев В.Г.,LDSP0-1306-36-4500-K01,ШТ,Заказной товар,ЭлектроОптТорг ООО,0.00000,0.00000,a.savitskiy,Пакет интерфейса поставки:ee422df4-7fde-40ef-8b91-4964f5402fa5,2026-03-23 17:19:25,321174,1996809,2.00000,2,,,,,,,,C,,Годен,,
1995164,WH1,,320685,New,End,,N,ЭКС,,,,,,,ЭКС-000012101   ,5962140.00000,ЭКС-000005785   ,,,False,741498,,,,Корпус навес пластик КМПн-18 IP65 черн. прозр. дверь,СМ,,16.00000,42.00000,3407.67000,3407.67000,,,3.00000,25.00000,,N,,,0.00000,0,,,,ШТ,2026-03-23 00:00:00,EKS000005785,N,,,,1.00000,3.00000,3407.67000,,КГ,Заказной,Феденькова Д.Ю.,TF5-KP72-N-18-65-K03-K02,ШТ,Заказной товар,ЭлектроОптТорг ООО,0.00000,0.00000,a.savitskiy,Пакет интерфейса поставки:ee422df4-7fde-40ef-8b91-4964f5402fa5,2026-03-23 17:19:25,321174,1996816,1.00000,2,,,,,,,,C,,Годен,,
1995165,WH1,,320685,New,End,,N,ЭКС,,,,,,,ЭКС-000012105   ,5962125.00000,ЭКС-000005785   ,,,True,14714,,8536901000,,"Наконечник-кольцо НКИ1,25-4  0,5-1,5мм (100 шт) ИЭК",СМ,True,1.40000,9.00000,143.86000,1007.02000,,,0.06300,6.00000,,N,,,0.00000,0,,,,УП,2026-03-23 00:00:00,EKS000005785,N,,,,7.00000,0.44100,7049.14000,,КГ,Заказной,Княжева Ю.В.,UNL20-D15-4-4,УП,Заказной товар,ЭлектроОптТорг ООО,0.00000,0.00000,a.savitskiy,Пакет интерфейса поставки:ee422df4-7fde-40ef-8b91-4964f5402fa5,2026-03-23 17:19:25,321174,1996815,7.00000,2,,,,,,,,C,,Годен,,
1995166,WH1,,320685,New,End,,N,ЭКС,,,,,,,ЭКС-000012105   ,5962130.00000,ЭКС-000005785   ,,,True,40745,,8536901000,,"Наконечник-кольцо НКИ1,25-3  0,5-1,5мм (100 шт) ИЭК",СМ,True,1.00000,11.50000,154.15000,308.30000,,1,0.05400,7.00000,,N,,,0.00000,0,,,,УП,2026-03-23 00:00:00,EKS000005785,N,,,,2.00000,0.10800,616.60000,,КГ,Заказной,Княжева Ю.В.,UNL20-D15-4-3,УП,Заказной товар,ЭлектроОптТорг ООО,0.00000,0.00000,a.savitskiy,Пакет интерфейса поставки:ee422df4-7fde-40ef-8b91-4964f5402fa5,2026-03-23 17:19:25,321174,1996813,2.00000,2,,,,,,,,C,,Годен,,
1995167,WH1,,320685,New,End,,N,ЭКС,,,,,,,ЭКС-000012131   ,5962126.00000,ЭКС-000005785   ,,,False,861954,,,,IEK ARMAT АВДТ B10N 1P+NP B10 30мА тип A (36мм),СМ,False,8.00000,9.00000,1827.00000,14616.00000,,,0.23000,4.00000,,N,,,0.00000,0,,,,ШТ,2026-03-23 00:00:00,EKS000005785,N,,,,8.00000,1.91000,116928.00000,,КГ,Заказной,Шаповалов П.Г.,AR-B10N-1N-B010A030,ШТ,Заказной товар,ЭлектроОптТорг ООО,0.00000,0.00000,a.savitskiy,Пакет интерфейса поставки:ee422df4-7fde-40ef-8b91-4964f5402fa5,2026-03-23 17:19:25,321174,1996811,8.00000,2,,,,,,,,C,,Годен,,
1995168,WH1,,320685,New,End,,N,ЭКС,,,,,,,ЭКС-000012139   ,5962134.00000,ЭКС-000005785   ,,,True,429879,,,,IEK Лампа светодиодная A60 шар 12Вт 24-48В 4000К E27,СМ,True,6.00000,12.00000,178.71000,3574.20000,,,0.01000,6.00000,,N,,,0.00000,0,,,,ШТ,2026-03-23 00:00:00,EKS000005785,N,,,,20.00000,0.60000,71484.00000,,КГ,Заказной,Косова Т.В.,LLE-A60-12-24-48-40-E27,ШТ,Заказной товар,ЭлектроОптТорг ООО,0.00000,0.00000,a.savitskiy,Пакет интерфейса поставки:ee422df4-7fde-40ef-8b91-4964f5402fa5,2026-03-23 17:19:25,321174,1996820,20.00000,2,,,,,,,,C,,Годен,,
1995169,WH1,,320685,New,End,,N,ЭКС,,,,,,,ЭКС-000012151   ,5962142.00000,ЭКС-000005785   ,,,False,36855,,9403208009,,Корпус навес (395х310х150) ЩМП-1-1 36 с монт.пан. IP31 ИЭК YKM41-01-31,СМ,False,16.00000,40.00000,2376.86000,11884.30000,,,4.70000,30.00000,,N,,,0.00000,0,,,,ШТ,2026-03-23 00:00:00,EKS000005785,N,,,,5.00000,23.50000,59421.50000,,КГ,Дортман Анна Павловна,Феденькова Д.Ю.,YKM41-01-31,ШТ,Базовый,ЭлектроОптТорг ООО,0.00000,0.00000,a.savitskiy,Пакет интерфейса поставки:ee422df4-7fde-40ef-8b91-4964f5402fa5,2026-03-23 17:19:25,321174,1996814,5.00000,2,,,,,,,,C,,Годен,,
1995170,WH1,,320685,New,End,,N,ЭКС,,,,,,,ЭКС-000012152   ,5962138.00000,ЭКС-000005785   ,,,False,62824,,,,"Выключатель авт. ВА47-29 3п   20А  х-ка B   4,5кА  MVA20-3-020-B  ИЭК",СМ,,8.75000,8.50000,451.99000,2711.94000,,,0.31200,5.50000,,N,,,0.00000,0,,,,ШТ,2026-03-23 00:00:00,EKS000005785,N,,,,6.00000,1.87000,16271.64000,,КГ,Катышев Александр Вячесла,Шаповалов П.Г.,MVA20-3-020-B,ШТ,Товар РЦ,ЭлектроОптТорг ООО,0.00000,0.00000,a.savitskiy,Пакет интерфейса поставки:ee422df4-7fde-40ef-8b91-4964f5402fa5,2026-03-23 17:19:25,321174,1996812,6.00000,2,,,,,,,,C,,Годен,,
1995171,WH1,,320685,New,End,,N,ЭКС,,,,,,,ЭКС-000012161   ,5962136.00000,ЭКС-000005785   ,,,True,390793,,,,Тройник Т-01/03В 3 места 2P+PE 16А с выкл. белый IEK,СМ,True,6.00000,19.00000,290.75000,872.25000,,,0.30000,9.00000,,N,,,0.00000,0,,,,ШТ,2026-03-23 00:00:00,EKS000005785,N,,,,3.00000,0.90000,2616.75000,,КГ,Заказной,Княжева Ю.В.,WTP10-16-03-ZK-K01,ШТ,Заказной товар,ЭлектроОптТорг ООО,0.00000,0.00000,a.savitskiy,Пакет интерфейса поставки:ee422df4-7fde-40ef-8b91-4964f5402fa5,2026-03-23 17:19:25,321174,1996822,3.00000,2,,,,,,,,C,,Годен,,
1995172,WH1,,320685,New,End,,N,ЭКС,,,,,,,ЭКС-000012172   ,5962131.00000,ЭКС-000005785   ,,,True,670665,,,,IEK GENERICA Лампа LED A60 груша 20Вт 230В 6500К E27,СМ,True,6.00000,15.70000,40.22000,8044.00000,,,0.05000,6.00000,,N,,,0.00000,0,,,,ШТ,2026-03-23 00:00:00,EKS000005785,N,,,,200.00000,10.00000,1608800.00000,,КГ,Заказной,Косова Т.В.,LL-A60-20-230-65-E27-G,ШТ,Заказной товар,ЭлектроОптТорг ООО,0.00000,0.00000,a.savitskiy,Пакет интерфейса поставки:ee422df4-7fde-40ef-8b91-4964f5402fa5,2026-03-23 17:19:25,321174,1996817,200.00000,2,,,,,,,,C,,Годен,,
1995173,WH1,,320686,New,End,,N,ЭКС,,,,,,,,5962148.00000,ЭКС-000005786   ,,,False,38588,,8547200009,,Сальник PG  7 диаметр проводника 5-6мм IP54 ИЭК YSA20-06-07-54-K41,СМ,False,3.00000,1.90000,6.52000,130.40000,,,0.00600,1.90000,,N,,,0.00000,0,,,,ШТ,2026-03-23 00:00:00,EKS000005786,N,,,,20.00000,0.12000,2608.00000,,КГ,Дортман Анна Павловна,Феденькова Д.Ю.,YSA20-06-07-54-K41,ШТ,Базовый,ЭлектроОптТорг ООО,0.00000,0.00000,a.savitskiy,Пакет интерфейса поставки:ec94bfb0-d6bd-49d0-b805-98f5c4c7a40f,2026-03-23 17:23:55,321175,1996827,20.00000,2,,,,,,,,C,,Годен,,
1995174,WH1,,320686,New,End,,N,ЭКС,,,,,,,,5962160.00000,ЭКС-000005786   ,,,False,11304,,8536508008,,Переключатель АLС-22  черн.длин.рукоят.2 фикс.полож. I-O 1з+1р ИЭК,СМ,False,10.00000,3.10000,192.92000,1929.20000,,1,0.10000,5.00000,,N,,,0.00000,0,,,,ШТ,2026-03-23 00:00:00,EKS000005786,N,,,,10.00000,1.00000,19292.00000,,КГ,Заказной,Третьяков С.М.,BSW10-ALC-2-K02,ШТ,Заказной товар,ЭлектроОптТорг ООО,0.00000,0.00000,a.savitskiy,Пакет интерфейса поставки:ec94bfb0-d6bd-49d0-b805-98f5c4c7a40f,2026-03-23 17:23:55,321175,1996830,10.00000,2,,,,,,,,C,,Годен,,
1995175,WH1,,320686,New,End,,N,ЭКС,,,,,,,,5962164.00000,ЭКС-000005786   ,,,False,125944,,,,"Кабель-канал 80х40 ""ПРАЙМЕР"" парапетный",СМ,,4.00000,100.00000,289.30000,6943.20000,,,0.10000,8.00000,,N,,,0.00000,0,,,,М,2026-03-23 00:00:00,EKS000005786,N,,,,24.00000,16.00000,166636.80000,,КГ,Дортман Анна Павловна,Гилета О.В.,CKK40-080-040-1-K01,М,Базовый,ЭлектроОптТорг ООО,0.00000,0.00000,a.savitskiy,Пакет интерфейса поставки:ec94bfb0-d6bd-49d0-b805-98f5c4c7a40f,2026-03-23 17:23:55,321175,1996833,24.00000,2,,,,,,,Kanal,C,,Годен,,
1995176,WH1,,320686,New,End,,N,ЭКС,,,,,,,ЭКС-000012189   ,5962157.00000,ЭКС-000005786   ,,,True,505510,,,,Панель вт. ПМм1-250 с задн. резьб. пр. ВА88-35 MASTER IEK,СМ,True,8.00000,17.50000,4111.50000,8223.00000,,,1.71000,14.50000,,N,,,0.00000,0,,,,ШТ,2026-03-23 00:00:00,EKS000005786,N,,,,2.00000,3.42000,16446.00000,,КГ,Заказной,Самоличенко В.А.,SVA30D-PM1-R-02,ШТ,Заказной товар,ЭлектроОптТорг ООО,0.00000,0.00000,a.savitskiy,Пакет интерфейса поставки:ec94bfb0-d6bd-49d0-b805-98f5c4c7a40f,2026-03-23 17:23:55,321175,1996844,2.00000,2,,,,,,,,C,,Годен,,
1995177,WH1,,320686,New,End,,N,ЭКС,,,,,,,ЭКС-000012192   ,5962153.00000,ЭКС-000005786   ,,,False,286608,,,,Фильтр c защитным кожухом 125x125мм для вент-ра 55м3/час IEK YCE-EF-055-55,СМ,,6.00000,17.50000,790.12000,3160.48000,,,0.31000,17.50000,,N,,,0.00000,0,,,,ШТ,2026-03-23 00:00:00,EKS000005786,N,,,,4.00000,1.24000,12641.92000,,КГ,Заказной,Феденькова Д.Ю.,YCE-EF-055-55,ШТ,Заказной товар,ЭлектроОптТорг ООО,0.00000,0.00000,a.savitskiy,Пакет интерфейса поставки:ec94bfb0-d6bd-49d0-b805-98f5c4c7a40f,2026-03-23 17:23:55,321175,1996826,4.00000,2,,,,,,,,C,,Годен,,
1995178,WH1,,320686,New,End,,N,ЭКС,,,,,,,ЭКС-000012192   ,5962166.00000,ЭКС-000005786   ,,,False,634326,,,,Корпус навес (400х300х150) ЩМП-40.30.15 УХЛ1 IP66 IEK,СМ,,18.00000,42.00000,3678.33000,7356.66000,,,7.00000,31.00000,,N,,,0.00000,0,,,,ШТ,2026-03-23 00:00:00,EKS000005786,N,,,,2.00000,14.00000,14713.32000,,КГ,Заказной,Феденькова Д.Ю.,TI5-10-N-040-030-015-66,ШТ,Заказной товар,ЭлектроОптТорг ООО,0.00000,0.00000,a.savitskiy,Пакет интерфейса поставки:ec94bfb0-d6bd-49d0-b805-98f5c4c7a40f,2026-03-23 17:23:55,321175,1996843,2.00000,2,,,,,,,,C,,Годен,,
1995179,WH1,,320686,New,End,,N,ЭКС,,,,,,,ЭКС-000012211   ,5962146.00000,ЭКС-000005786   ,,,True,60868,,8536490000,,"Реле РТИ-1302 электротепловое (0,16-0,25А) ИЭК",СМ,True,7.20000,10.00000,543.10000,543.10000,,,0.30000,5.10000,,N,,,0.00000,0,,,,ШТ,2026-03-23 00:00:00,EKS000005786,N,,,,1.00000,0.30000,543.10000,,КГ,Умрихина Е.В.,Третьяков С.М.,DRT10-C016-C025,ШТ,Заказной товар,ЭлектроОптТорг ООО,0.00000,0.00000,a.savitskiy,Пакет интерфейса поставки:ec94bfb0-d6bd-49d0-b805-98f5c4c7a40f,2026-03-23 17:23:55,321175,1996839,1.00000,2,,,,,,,,C,,Годен,,
1995180,WH1,,320686,New,End,,N,ЭКС,,,,,,,ЭКС-000012211   ,5962147.00000,ЭКС-000005786   ,,,True,60869,,8536490000,,"Реле РТИ-1303 электротепловое 0,25-0,4А  ИЭК",СМ,True,5.00000,10.00000,459.98000,459.98000,,,0.10000,7.00000,,N,,,0.00000,0,,,,ШТ,2026-03-23 00:00:00,EKS000005786,N,,,,1.00000,0.10000,459.98000,,КГ,Заказной,Третьяков С.М.,DRT10-C025-D004,ШТ,Заказной товар,ЭлектроОптТорг ООО,0.00000,0.00000,a.savitskiy,Пакет интерфейса поставки:ec94bfb0-d6bd-49d0-b805-98f5c4c7a40f,2026-03-23 17:23:55,321175,1996838,1.00000,2,,,,,,,,C,,Годен,,
1995181,WH1,,320686,New,End,,N,ЭКС,,,,,,,ЭКС-000012211   ,5962150.00000,ЭКС-000005786   ,,,True,60867,,8536490000,,"Реле РТИ-1301 электротепловое (0,1-0,16А) ИЭК",СМ,True,7.20000,10.50000,465.52000,465.52000,,,0.30000,5.00000,,N,,,0.00000,0,,,,ШТ,2026-03-23 00:00:00,EKS000005786,N,,,,1.00000,0.30000,465.52000,,КГ,Заказной,Третьяков С.М.,DRT10-D001-C016,ШТ,Заказной товар,ЭлектроОптТорг ООО,0.00000,0.00000,a.savitskiy,Пакет интерфейса поставки:ec94bfb0-d6bd-49d0-b805-98f5c4c7a40f,2026-03-23 17:23:55,321175,1996840,1.00000,2,,,,,,,,C,,Годен,,
1995182,WH1,,320686,New,End,,N,ЭКС,,,,,,,ЭКС-000012211   ,5962155.00000,ЭКС-000005786   ,,,True,12963,,8536490000,,Реле РТИ-1310 электротепловое 4-6А ИЭК,СМ,True,5.00000,10.00000,440.45000,440.45000,,,0.18000,7.00000,,N,,,0.00000,0,,,,ШТ,2026-03-23 00:00:00,EKS000005786,N,,,,1.00000,0.18000,440.45000,,КГ,Катышев Александр Вячесла,Третьяков С.М.,DRT10-0004-0006,ШТ,Базовый,ЭлектроОптТорг ООО,0.00000,0.00000,a.savitskiy,Пакет интерфейса поставки:ec94bfb0-d6bd-49d0-b805-98f5c4c7a40f,2026-03-23 17:23:55,321175,1996829,1.00000,2,,,,,,,,C,,Годен,,
1995183,WH1,,320686,New,End,,N,ЭКС,,,,,,,ЭКС-000012211   ,5962156.00000,ЭКС-000005786   ,,,True,12975,,8536490000,,Реле РТИ-3363 электротепловое 63-80А ИЭК,СМ,True,9.00000,12.00000,1072.72000,1072.72000,,,0.50000,9.00000,,N,,,0.00000,0,,,,ШТ,2026-03-23 00:00:00,EKS000005786,N,,,,1.00000,0.50000,1072.72000,,КГ,Заказной,Третьяков С.М.,DRT30-0063-0080,ШТ,Заказной товар,ЭлектроОптТорг ООО,0.00000,0.00000,a.savitskiy,Пакет интерфейса поставки:ec94bfb0-d6bd-49d0-b805-98f5c4c7a40f,2026-03-23 17:23:55,321175,1996828,1.00000,2,,,,,,,,C,,Годен,,
1995184,WH1,,320686,New,End,,N,ЭКС,,,,,,,ЭКС-000012227   ,5962158.00000,ЭКС-000005786   ,,,True,289200,,,,Прожектор СДО 06-50 светодиодный черный IP65 6500 K IEK,СМ,True,15.00000,21.00000,365.74000,1828.70000,,,0.65000,5.00000,,N,,,0.00000,0,,,,ШТ,2026-03-23 00:00:00,EKS000005786,N,,,,5.00000,3.25000,9143.50000,,КГ,Логунов Владимир Александ,Косова Т.В.,LPDO601-50-65-K02,ШТ,Товар филиала,ЭлектроОптТорг ООО,0.00000,0.00000,a.savitskiy,Пакет интерфейса поставки:ec94bfb0-d6bd-49d0-b805-98f5c4c7a40f,2026-03-23 17:23:55,321175,1996825,5.00000,2,,,,,,,,C,,Годен,,
1995185,WH1,,320686,New,End,,N,ЭКС,,,,,,,ЭКС-000012229   ,5962143.00000,ЭКС-000005786   ,,,True,76409,,8536419000,,Контактор КМИ-11210 12А   24В/АС3 1НО         ИЭК,СМ,True,8.00000,9.00000,690.74000,3453.70000,,,0.14000,5.50000,,N,,,0.00000,0,,,,ШТ,2026-03-23 00:00:00,EKS000005786,N,,,,5.00000,0.70000,17268.50000,,КГ,Заказной,Третьяков С.М.,KKM11-012-024-10,ШТ,Заказной товар,ЭлектроОптТорг ООО,0.00000,0.00000,a.savitskiy,Пакет интерфейса поставки:ec94bfb0-d6bd-49d0-b805-98f5c4c7a40f,2026-03-23 17:23:55,321175,1996837,5.00000,2,,,,,,,,C,,Годен,,
1995186,WH1,,320686,New,End,,N,ЭКС,,,,,,,ЭКС-000012229   ,5962151.00000,ЭКС-000005786   ,,,False,113089,,8536508008,,Пускатель ПРК32-14    9-14А       660В ИЭК,СМ,False,4.00000,10.00000,1453.96000,2907.92000,,,0.20000,7.00000,,N,,,0.00000,0,,,,ШТ,2026-03-23 00:00:00,EKS000005786,N,,,,2.00000,0.40000,5815.84000,,КГ,Заказной,Третьяков С.М.,DMS11-014,ШТ,Заказной товар,ЭлектроОптТорг ООО,0.00000,0.00000,a.savitskiy,Пакет интерфейса поставки:ec94bfb0-d6bd-49d0-b805-98f5c4c7a40f,2026-03-23 17:23:55,321175,1996834,2.00000,2,,,,,,,,C,,Годен,,
1995187,WH1,,320686,New,End,,N,ЭКС,,,,,,,ЭКС-000012229   ,5962152.00000,ЭКС-000005786   ,,,False,113087,,8536508008,,"Пускатель ПРК32-6,3   4-6,3А      660В ИЭК",СМ,False,4.00000,10.00000,1345.33000,1345.33000,,,0.20000,7.00000,,N,,,0.00000,0,,,,ШТ,2026-03-23 00:00:00,EKS000005786,N,,,,1.00000,0.20000,1345.33000,,КГ,Заказной,Третьяков С.М.,DMS11-D63,ШТ,Заказной товар,ЭлектроОптТорг ООО,0.00000,0.00000,a.savitskiy,Пакет интерфейса поставки:ec94bfb0-d6bd-49d0-b805-98f5c4c7a40f,2026-03-23 17:23:55,321175,1996835,1.00000,2,,,,,,,,C,,Годен,,
1995188,WH1,,320686,New,End,,N,ЭКС,,,,,,,ЭКС-000012232   ,5962159.00000,ЭКС-000005786   ,,,False,113078,,8536508008,,"Пускатель ПРК32-0,63 0,4-0,63А 660В ИЭК",СМ,False,4.00000,10.00000,1446.97000,1446.97000,,,0.20000,7.00000,,N,,,0.00000,0,,,,ШТ,2026-03-23 00:00:00,EKS000005786,N,,,,1.00000,0.20000,1446.97000,,КГ,Заказной,Третьяков С.М.,DMS11-C63,ШТ,Заказной товар,ЭлектроОптТорг ООО,0.00000,0.00000,a.savitskiy,Пакет интерфейса поставки:ec94bfb0-d6bd-49d0-b805-98f5c4c7a40f,2026-03-23 17:23:55,321175,1996836,1.00000,2,,,,,,,,C,,Годен,,
1995189,WH1,,320686,New,End,,N,ЭКС,,,,,,,ЭКС-000012257   ,5962145.00000,ЭКС-000005786   ,,,True,134428,,,,Гильза изолированная нулевая ГИН 70 (MJPT 70N) ИЭК,СМ,True,2.00000,18.00000,217.21000,2172.10000,,,0.07800,2.00000,,N,,,0.00000,0,,,,ШТ,2026-03-23 00:00:00,EKS000005786,N,,,,10.00000,0.78000,21721.00000,,КГ,Заказной,Дунав М.И.,UZA-24-D70-D70,ШТ,Заказной товар,ЭлектроОптТорг ООО,0.00000,0.00000,a.savitskiy,Пакет интерфейса поставки:ec94bfb0-d6bd-49d0-b805-98f5c4c7a40f,2026-03-23 17:23:55,321175,1996832,10.00000,2,,,,,,,,C,,Годен,,
1995190,WH1,,320686,New,End,,N,ЭКС,,,,,,,ЭКС-000012258   ,5962162.00000,ЭКС-000005786   ,,,False,427894,,,,Корпус навесн. пласт. 1 ряд / 8 модулей ЩРН-П-8 черный IP41,СМ,,11.00000,21.00000,533.90000,533.90000,,,0.50000,19.00000,,N,,,0.00000,0,,,,ШТ,2026-03-23 00:00:00,EKS000005786,N,,,,1.00000,0.50000,533.90000,,КГ,Заказной,Феденькова Д.Ю.,MKP12-N-08-41-K02,ШТ,Заказной товар,ЭлектроОптТорг ООО,0.00000,0.00000,a.savitskiy,Пакет интерфейса поставки:ec94bfb0-d6bd-49d0-b805-98f5c4c7a40f,2026-03-23 17:23:55,321175,1996824,1.00000,2,,,,,,,,C,,Годен,,
1995191,WH1,,320686,New,End,,N,ЭКС,,,,,,,ЭКС-000012262   ,5962144.00000,ЭКС-000005786   ,,,False,687831,,,,IEK ARMA2L 5 Комплект щупов и крокодилов TL30,СМ,,3.00000,15.00000,307.14000,614.28000,,,0.10000,5.00000,,N,,,0.00000,0,,,,КТ,2026-03-23 00:00:00,EKS000005786,N,,,,2.00000,0.20000,1228.56000,,КГ,Заказной,Самоличенко В.А.,A2L5-DM10D-TL2-110-22,КТ,Заказной товар,ЭлектроОптТорг ООО,0.00000,0.00000,a.savitskiy,Пакет интерфейса поставки:ec94bfb0-d6bd-49d0-b805-98f5c4c7a40f,2026-03-23 17:23:55,321175,1996842,2.00000,2,,,,,,,,C,,Годен,,
1995192,WH1,,320686,New,End,,N,ЭКС,,,,,,,ЭКС-000012267   ,5962163.00000,ЭКС-000005786   ,,,False,851718,,,,Спираль монтажная СП-09 черная,СМ,False,2.00000,39.00000,185.10000,185.10000,,,0.07000,23.00000,,N,,,0.00000,0,,,,УП,2026-03-23 00:00:00,EKS000005786,N,,,,1.00000,0.07000,185.10000,,КГ,Заказной,Гилета О.В.,USWB1-09-02-K02,УП,Заказной товар,ЭлектроОптТорг ООО,0.00000,0.00000,a.savitskiy,Пакет интерфейса поставки:ec94bfb0-d6bd-49d0-b805-98f5c4c7a40f,2026-03-23 17:23:55,321175,1996841,1.00000,2,,,,,,,,C,,Годен,,
1995193,WH1,,320686,New,End,,N,ЭКС,,,,,,,ЭКС-000012295   ,5962154.00000,ЭКС-000005786   ,,,False,181696,,,,Вставка плавкая 40А ППНИ-33 габарит 00С ИЭК,СМ,False,3.00000,7.00000,203.40000,610.20000,,,0.30000,4.00000,,N,,,0.00000,0,,,,ШТ,2026-03-23 00:00:00,EKS000005786,N,,,,3.00000,0.90000,1830.60000,,КГ,Заказной,Самоличенко В.А.,DPP11-040,ШТ,Заказной товар,ЭлектроОптТорг ООО,0.00000,0.00000,a.savitskiy,Пакет интерфейса поставки:ec94bfb0-d6bd-49d0-b805-98f5c4c7a40f,2026-03-23 17:23:55,321175,1996831,3.00000,2,,,,,,,,C,,Годен,,
1995194,WH1,,320687,New,End,,N,ЭКС,,,,,,,ЭКС-000010694   ,5962198.00000,ЭКС-000005789   ,,,False,676084,,,,"Выключатель 2кл с самовозвратом(кнопка), сх.2, 10А, механизм, Atlasdesign Алюминий  ATN000317",СМ,,4.00000,7.00000,321.30000,1606.50000,,,0.10000,7.00000,,N,,,0.00000,0,,,,ШТ,2026-03-22 00:00:00,EKS000005789,N,,,,5.00000,0.43000,8032.50000,,КГ,Заказной,Куграшова О.В.,ATN000317,ШТ,Заказной товар,СИСТЭМ ЭЛЕКТРИК АО (ранее,0.00000,0.00000,a.savitskiy,Пакет интерфейса поставки:d7030701-48cf-4585-b2e9-cfc5676ce376,2026-03-23 17:31:37,321179,1996854,5.00000,2,,,,,,,,C,,Годен,,
1995195,WH1,,320688,New,End,,N,ЭКС,,,,,,,,5962200.00000,ЭКС-000005791   ,,,False,215044,,,,"Выключатель авт. ВА-101 4п   63А  х-ка D   4,5кА  11144DEK  DEKraft",СМ,,9.00000,16.00000,868.00000,2604.00000,,,0.20000,11.00000,,N,,,0.00000,0,,,,ШТ,2026-03-22 00:00:00,EKS000005791,N,,,,3.00000,0.30000,7812.00000,,КГ,Заказной,Шаповалов П.Г.,11144DEK,ШТ,Заказной товар,СИСТЭМ ЭЛЕКТРИК АО (ранее,0.00000,0.00000,a.savitskiy,Пакет интерфейса поставки:d7030701-48cf-4585-b2e9-cfc5676ce376,2026-03-23 17:31:45,321181,1996856,3.00000,2,,,,,,,,C,,Годен,,
1995196,WH1,,320689,New,End,,N,ЭКС,,,,,,,ЭКС-000009542   ,5962199.00000,ЭКС-000005790   ,,,False,730907,,,,Systeme Electric Контактор MC1E 3P 80A НО+НЗ 380V/400V 50/60ГЦ,СМ,,13.50000,14.00000,5301.00000,42408.00000,,,1.43000,9.00000,,N,,,0.00000,0,,,,ШТ,2026-03-21 00:00:00,EKS000005790,N,,,,8.00000,11.44000,339264.00000,,КГ,Заказной,Третьяков С.М.,MC1E80Q7,ШТ,Заказной товар,СИСТЭМ ЭЛЕКТРИК АО (ранее,0.00000,0.00000,a.savitskiy,Пакет интерфейса поставки:70e71ae2-a64b-428c-9aba-038addb0eceb,2026-03-23 17:33:23,321180,1996855,8.00000,2,,,,,,,,C,,Годен,,
1995197,WH1,,320690,New,End,,N,ЭКС,,,,,,,,5962058.00000,ЭКС-000005783   ,,,False,36759,,3925902000,,Кабель-канал TMC 15X17 WO (Россия) 00303,СМ,False,1.50000,100.00000,42.26000,4056.96000,,,0.10000,1.70000,,N,,,0.00000,0,,,,М,2026-03-27 00:00:00,EKS000005783,N,,,,96.00000,9.60000,389468.16000,,КГ,Заказной,Гилета О.В.,00303,М,Распродажа,Диэлектрические кабельные,0.00000,0.00000,a.manokhin,Пакет интерфейса поставки:8719cf4e-55e6-4aa9-9095-ce2b74842481,2026-03-23 17:39:48,321171,1996767,96.00000,2,,,,,,,Kanal,C,,Годен,,
1995198,WH1,,320690,New,End,,N,ЭКС,,,,,,,,5962060.00000,ЭКС-000005783   ,,,False,219234,,,,Соединение на стык GM 50x20 WO 00653,СМ,,2.00000,4.00000,61.99000,2479.60000,,,0.10000,3.00000,,N,,,0.00000,0,,,,ШТ,2026-03-27 00:00:00,EKS000005783,N,,,,40.00000,0.50000,99184.00000,,КГ,Заказной,Гилета О.В.,00653,ШТ,Распродажа,Диэлектрические кабельные,0.00000,0.00000,a.manokhin,Пакет интерфейса поставки:8719cf4e-55e6-4aa9-9095-ce2b74842481,2026-03-23 17:39:48,321171,1996765,40.00000,2,,,,,,,,C,,Годен,,
1995199,WH1,,320690,New,End,,N,ЭКС,,,,,,,,5962062.00000,ЭКС-000005783   ,,,False,36891,,3925901000,,Коробка распределительная SDMN WO 00677 ,СМ,False,3.50000,7.50000,103.30000,1033.00000,,,0.03000,7.50000,,N,,,0.00000,0,,,,ШТ,2026-03-27 00:00:00,EKS000005783,N,,,,10.00000,0.30000,10330.00000,,КГ,Заказной,Гилета О.В.,00677 ,ШТ,Распродажа,Диэлектрические кабельные,0.00000,0.00000,a.manokhin,Пакет интерфейса поставки:8719cf4e-55e6-4aa9-9095-ce2b74842481,2026-03-23 17:39:48,321171,1996766,10.00000,2,,,,,,,,C,,Годен,,
1995200,WH1,,320690,New,End,,N,ЭКС,,,,,,,,5962064.00000,ЭКС-000005783   ,,,False,103473,,,,Соединение на стык GAN 80 WO для серии TA 00886,СМ,,3.50000,8.00000,52.98000,529.80000,,,0.05000,1.00000,,N,,,0.00000,0,,,,ШТ,2026-03-27 00:00:00,EKS000005783,N,,,,10.00000,0.10000,5298.00000,,КГ,Заказной,Гилета О.В.,00886,ШТ,Заказной товар,Диэлектрические кабельные,0.00000,0.00000,a.manokhin,Пакет интерфейса поставки:8719cf4e-55e6-4aa9-9095-ce2b74842481,2026-03-23 17:39:48,321171,1996777,10.00000,2,,,,,,,,C,,Годен,,
1995201,WH1,,320690,New,End,,N,ЭКС,,,,,,,,5962068.00000,ЭКС-000005783   ,,,False,161571,,,,Т-ответвление NTAN 80x40 WO 01756,СМ,,5.50000,13.50000,194.14000,1941.40000,,,0.10000,9.00000,,N,,,0.00000,0,,,,ШТ,2026-03-27 00:00:00,EKS000005783,N,,,,10.00000,1.00000,19414.00000,,КГ,Заказной,Гилета О.В.,01756,ШТ,Заказной товар,Диэлектрические кабельные,0.00000,0.00000,a.manokhin,Пакет интерфейса поставки:8719cf4e-55e6-4aa9-9095-ce2b74842481,2026-03-23 17:39:48,321171,1996772,10.00000,2,,,,,,,,C,,Годен,,
1995202,WH1,,320690,New,End,,N,ЭКС,,,,,,,,5962070.00000,ЭКС-000005783   ,,,False,10525,,3925902000,,Кабель-канал TA-GN 80x40 WO с крышкой с напр (Россия) 01781,СМ,False,4.00000,100.00000,247.74000,5945.76000,,,0.50000,8.00000,,N,,,0.00000,0,,,,М,2026-03-27 00:00:00,EKS000005783,N,,,,24.00000,10.00000,142698.24000,,КГ,Заказной,Гилета О.В.,01781,М,Заказной товар,Диэлектрические кабельные,0.00000,0.00000,a.manokhin,Пакет интерфейса поставки:8719cf4e-55e6-4aa9-9095-ce2b74842481,2026-03-23 17:39:48,321171,1996768,24.00000,2,,,,,,,Kanal,C,,Годен,,
1995203,WH1,,320690,New,End,,N,ЭКС,,,,,,,,5962072.00000,ЭКС-000005783   ,,,False,107174,,,,Угол внутренний неизменяемый NIA 80x40 01824,СМ,,15.00000,14.00000,145.06000,1160.48000,,,0.05000,8.00000,,N,,,0.00000,0,,,,ШТ,2026-03-27 00:00:00,EKS000005783,N,,,,8.00000,0.30000,9283.84000,,КГ,Заказной,Гилета О.В.,01824,ШТ,Заказной товар,Диэлектрические кабельные,0.00000,0.00000,a.manokhin,Пакет интерфейса поставки:8719cf4e-55e6-4aa9-9095-ce2b74842481,2026-03-23 17:39:48,321171,1996776,8.00000,2,,,,,,,,C,,Годен,,
1995204,WH1,,320690,New,End,,N,ЭКС,,,,,,,,5962093.00000,ЭКС-000005783   ,,,False,307751,,,,"DKC Кабельный зажим для С-профиля, диаметр кабеля 18-22 мм",СМ,False,3.00000,7.00000,96.98000,4849.00000,,,0.20000,2.00000,,N,,,0.00000,0,,,,ШТ,2026-03-27 00:00:00,EKS000005783,N,,,,50.00000,1.94000,242450.00000,,КГ,Заказной,Феденькова Д.Ю.,R5CABF22,ШТ,Заказной товар,Диэлектрические кабельные,0.00000,0.00000,a.manokhin,Пакет интерфейса поставки:8719cf4e-55e6-4aa9-9095-ce2b74842481,2026-03-23 17:39:48,321171,1996790,50.00000,2,,,,,,,,C,,Годен,,
1995205,WH1,,320690,New,End,,N,ЭКС,,,,,,,ЭКС-000012171   ,5962096.00000,ЭКС-000005783   ,,,False,218880,,,,Корпус сварной навесной серии ST с М/П Размер: 1400x800x300 мм (ВхШхГ) IP65,СМ,False,35.00000,140.00000,19668.04000,39336.08000,,,40.00000,80.00000,,N,,,0.00000,0,,,,ШТ,2026-03-27 00:00:00,EKS000005783,N,,,,2.00000,80.00000,78672.16000,,КГ,Заказной,Феденькова Д.Ю.,R5ST1483,ШТ,Заказной товар,Диэлектрические кабельные,0.00000,0.00000,a.manokhin,Пакет интерфейса поставки:8719cf4e-55e6-4aa9-9095-ce2b74842481,2026-03-23 17:39:48,321171,1996770,2.00000,2,,,,,,,Long < 2,B,,Годен,,
1995206,WH1,,320690,New,End,,N,ЭКС,,,,,,,ЭКС-000012219   ,5962074.00000,ЭКС-000005783   ,,,False,295010,,,,"Наконечник кольцевой под винт, 16мм.кв. винт 10мм. 2e10",СМ,,1.00000,4.00000,17.22000,3444.00000,,,0.00450,1.50000,,N,,,0.00000,0,,,,ШТ,2026-03-27 00:00:00,EKS000005783,N,,,,200.00000,0.90000,688800.00000,,КГ,Заказной,Княжева Ю.В.,2E10,ШТ,Заказной товар,Диэлектрические кабельные,0.00000,0.00000,a.manokhin,Пакет интерфейса поставки:8719cf4e-55e6-4aa9-9095-ce2b74842481,2026-03-23 17:39:48,321171,1996763,200.00000,2,,,,,,,,C,,Годен,,
1995207,WH1,,320690,New,End,,N,ЭКС,,,,,,,ЭКС-000012263   ,5962088.00000,ЭКС-000005783   ,,,False,634518,,,,Универсальный соединитель NG3103 (замена NG3103R),СМ,,3.80000,4.50000,80.29000,1605.80000,,,0.09000,4.50000,,N,,,0.00000,0,,,,ШТ,2026-03-27 00:00:00,EKS000005783,N,,,,20.00000,1.80000,32116.00000,,КГ,Заказной,Киселев А.В.,NG3103,ШТ,Заказной товар,Диэлектрические кабельные,0.00000,0.00000,a.manokhin,Пакет интерфейса поставки:8719cf4e-55e6-4aa9-9095-ce2b74842481,2026-03-23 17:39:48,321171,1996784,20.00000,2,,,,,,,,C,,Годен,,
1995208,WH1,,320690,New,End,,N,ЭКС,,,,,,,ЭКС-000012265   ,5962067.00000,ЭКС-000005783   ,,,False,90824,,3925902000,27.33.13.190,Угол плоский NPAN 80x40 WO 01740,СМ,False,2.00000,13.00000,219.16000,876.64000,,,0.05000,13.00000,,N,,,0.00000,0,,,,ШТ,2026-03-27 00:00:00,EKS000005783,N,,,,4.00000,0.20000,3506.56000,,КГ,Заказной,Гилета О.В.,01740,ШТ,Заказной товар,Диэлектрические кабельные,0.00000,0.00000,a.manokhin,Пакет интерфейса поставки:8719cf4e-55e6-4aa9-9095-ce2b74842481,2026-03-23 17:39:48,321171,1996778,4.00000,2,,,,,,,,C,,Годен,,
1995209,WH1,,320690,New,End,,N,ЭКС,,,,,,,ЭКС-000012279   ,5962078.00000,ЭКС-000005783   ,,,False,107217,,,,"Кабельный ввод для труб ПВХ-пластик, цвет серый IP55 д.32",СМ,,2.00000,3.00000,13.44000,1344.00000,,,0.10000,2.00000,,N,,,0.00000,0,,,,ШТ,2026-03-27 00:00:00,EKS000005783,N,,,,100.00000,0.60000,134400.00000,,КГ,Заказной,Гилета О.В.,54532,ШТ,Распродажа,Диэлектрические кабельные,0.00000,0.00000,a.manokhin,Пакет интерфейса поставки:8719cf4e-55e6-4aa9-9095-ce2b74842481,2026-03-23 17:39:48,321171,1996775,100.00000,2,,,,,,,,C,,Годен,,
1995210,WH1,,320690,New,End,,N,ЭКС,,,,,,,ЭКС-000012305   ,5962079.00000,ЭКС-000005783   ,,,False,619511,,,,Антикоррозионная лента NA1001,СМ,,12.00000,10.00000,769.03000,2307.09000,,,1.20000,12.00000,,N,,,0.00000,0,,,,ШТ,2026-03-27 00:00:00,EKS000005783,N,,,,3.00000,3.60000,6921.27000,,КГ,Заказной,Киселев А.В.,NA1001,ШТ,Заказной товар,Диэлектрические кабельные,0.00000,0.00000,a.manokhin,Пакет интерфейса поставки:8719cf4e-55e6-4aa9-9095-ce2b74842481,2026-03-23 17:39:48,321171,1996788,3.00000,2,,,,,,,,C,,Годен,,
1995211,WH1,,320690,New,End,,N,ЭКС,,,,,,,ЭКС-000012305   ,5962081.00000,ЭКС-000005783   ,,,False,675572,,,,"Верт. заземлитель 1500 мм, D16 мм NE1202",СМ,,1.80000,150.00000,811.05000,2433.15000,,,1.50000,1.80000,,N,,,0.00000,0,,,,ШТ,2026-03-27 00:00:00,EKS000005783,N,,,,3.00000,4.50000,7299.45000,,КГ,Заказной,Киселев А.В.,NE1202,ШТ,Заказной товар,Диэлектрические кабельные,0.00000,0.00000,a.manokhin,Пакет интерфейса поставки:8719cf4e-55e6-4aa9-9095-ce2b74842481,2026-03-23 17:39:48,321171,1996780,3.00000,2,,,,,,,Long 2,C,,Годен,,
1995212,WH1,,320690,New,End,,N,ЭКС,,,,,,,ЭКС-000012305   ,5962082.00000,ЭКС-000005783   ,,,False,232386,,,,"Соединитель верт. заземлителя, D16 мм NE1302",СМ,,3.00000,9.50000,252.49000,757.47000,,,0.20000,4.00000,,N,,,0.00000,0,,,,ШТ,2026-03-27 00:00:00,EKS000005783,N,,,,3.00000,0.60000,2272.41000,,КГ,Заказной,Киселев А.В.,NE1302,ШТ,Выводится из ассортимента,Диэлектрические кабельные,0.00000,0.00000,a.manokhin,Пакет интерфейса поставки:8719cf4e-55e6-4aa9-9095-ce2b74842481,2026-03-23 17:39:48,321171,1996764,3.00000,2,,,,,,,,C,,Годен,,
1995213,WH1,,320690,New,End,,N,ЭКС,,,,,,,ЭКС-000012305   ,5962083.00000,ЭКС-000005783   ,,,False,674388,,,,"Соединительная муфта, D16 мм NE1304",СМ,,2.50000,7.00000,431.25000,1293.75000,,,0.07000,2.50000,,N,,,0.00000,0,,,,ШТ,2026-03-27 00:00:00,EKS000005783,N,,,,3.00000,0.21000,3881.25000,,КГ,Заказной,Киселев А.В.,NE1304,ШТ,Заказной товар,Диэлектрические кабельные,0.00000,0.00000,a.manokhin,Пакет интерфейса поставки:8719cf4e-55e6-4aa9-9095-ce2b74842481,2026-03-23 17:39:48,321171,1996783,3.00000,2,,,,,,,,C,,Годен,,
1995214,WH1,,320690,New,End,,N,ЭКС,,,,,,,ЭКС-000012305   ,5962084.00000,ЭКС-000005783   ,,,False,674389,,,,Наконечник верт. заземлителя NE1402,СМ,,2.00000,5.00000,421.26000,1263.78000,,,0.02000,2.00000,,N,,,0.00000,0,,,,ШТ,2026-03-27 00:00:00,EKS000005783,N,,,,3.00000,0.06000,3791.34000,,КГ,Заказной,Киселев А.В.,NE1402,ШТ,Заказной товар,Диэлектрические кабельные,0.00000,0.00000,a.manokhin,Пакет интерфейса поставки:8719cf4e-55e6-4aa9-9095-ce2b74842481,2026-03-23 17:39:48,321171,1996782,3.00000,2,,,,,,,,C,,Годен,,
1995215,WH1,,320690,New,End,,N,ЭКС,,,,,,,ЭКС-000012305   ,5962085.00000,ЭКС-000005783   ,,,False,674390,,,,Винт для забивания стержневого заземлителя NE1404,СМ,,2.20000,5.10000,220.69000,662.07000,,,0.10000,2.20000,,N,,,0.00000,0,,,,ШТ,2026-03-27 00:00:00,EKS000005783,N,,,,3.00000,0.30000,1986.21000,,КГ,Заказной,Киселев А.В.,NE1404,ШТ,Заказной товар,Диэлектрические кабельные,0.00000,0.00000,a.manokhin,Пакет интерфейса поставки:8719cf4e-55e6-4aa9-9095-ce2b74842481,2026-03-23 17:39:48,321171,1996781,3.00000,2,,,,,,,,C,,Годен,,
1995216,WH1,,320690,New,End,,N,ЭКС,,,,,,,ЭКС-000012305   ,5962089.00000,ЭКС-000005783   ,,,False,627608,,,,"Соединитель полоса - полоса, 80х80 мм NG3105 (замена на NG3105R)",СМ,,3.00000,8.00000,304.64000,3351.04000,,,0.37000,8.00000,,N,,,0.00000,0,,,,ШТ,2026-03-27 00:00:00,EKS000005783,N,,,,11.00000,4.07000,36861.44000,,КГ,Заказной,Киселев А.В.,NG3105,ШТ,Заказной товар,Диэлектрические кабельные,0.00000,0.00000,a.manokhin,Пакет интерфейса поставки:8719cf4e-55e6-4aa9-9095-ce2b74842481,2026-03-23 17:39:48,321171,1996787,11.00000,2,,,,,,,,C,,Годен,,
1995217,WH1,,320690,New,End,,N,ЭКС,,,,,,,ЭКС-000012311   ,5962086.00000,ЭКС-000005783   ,,,False,442142,,,,"Вертикальный заземлитель из уголка 50х50х5 мм, 3 м NE5503",СМ,,5.00000,300.00000,2634.57000,7903.71000,,,2.00000,5.00000,,N,,,0.00000,0,,,,ШТ,2026-03-27 00:00:00,EKS000005783,N,,,,3.00000,6.00000,23711.13000,,КГ,Заказной,Киселев А.В.,NE5503,ШТ,Заказной товар,Диэлектрические кабельные,0.00000,0.00000,a.manokhin,Пакет интерфейса поставки:8719cf4e-55e6-4aa9-9095-ce2b74842481,2026-03-23 17:39:48,321171,1996789,3.00000,2,,,,,,,Long 3,C,,Годен,,
1995218,WH1,,320690,New,End,,N,ЭКС,,,,,,,ЭКС-000012311   ,5962087.00000,ЭКС-000005783   ,,,False,631952,,,,"Соединитель пруток - полоса, 80х80 мм NG3101",СМ,,4.00000,8.00000,272.17000,2721.70000,,,0.10000,8.00000,,N,,,0.00000,0,,,,ШТ,2026-03-27 00:00:00,EKS000005783,N,,,,10.00000,1.00000,27217.00000,,КГ,Заказной,Киселев А.В.,NG3101,ШТ,Заказной товар,Диэлектрические кабельные,0.00000,0.00000,a.manokhin,Пакет интерфейса поставки:8719cf4e-55e6-4aa9-9095-ce2b74842481,2026-03-23 17:39:48,321171,1996786,10.00000,2,,,,,,,,C,,Годен,,
1995219,WH1,,320690,New,End,,N,ЭКС,,,,,,,ЭКС-000012311   ,5962091.00000,ЭКС-000005783   ,,,False,633568,,,,Параллельный зажим NG3108 (замена NG3108R),СМ,,4.00000,6.50000,94.89000,1328.46000,,,0.10000,4.50000,,N,,,0.00000,0,,,,ШТ,2026-03-27 00:00:00,EKS000005783,N,,,,14.00000,1.40000,18598.44000,,КГ,Заказной,Киселев А.В.,NG3108,ШТ,Заказной товар,Диэлектрические кабельные,0.00000,0.00000,a.manokhin,Пакет интерфейса поставки:8719cf4e-55e6-4aa9-9095-ce2b74842481,2026-03-23 17:39:48,321171,1996785,14.00000,2,,,,,,,,C,,Годен,,
1995220,WH1,,320690,New,End,,N,ЭКС,,,,,,,ЭКС-000012312   ,5962066.00000,ЭКС-000005783   ,,,False,160509,,,,Накладка на стык профиля 110х50 мм 01009,СМ,,1.00000,9.00000,38.92000,1556.80000,,,0.02000,4.00000,,N,,,0.00000,0,,,,ШТ,2026-03-27 00:00:00,EKS000005783,N,,,,40.00000,0.30000,62272.00000,,КГ,Дортман Анна Павловна,Гилета О.В.,01009,ШТ,Товар РЦ,Диэлектрические кабельные,0.00000,0.00000,a.manokhin,Пакет интерфейса поставки:8719cf4e-55e6-4aa9-9095-ce2b74842481,2026-03-23 17:39:48,321171,1996773,40.00000,2,,,,,,,,C,,Годен,,
1995221,WH1,,320690,New,End,,N,ЭКС,,,,,,,ЭКС-000012325   ,5962075.00000,ЭКС-000005783   ,,,False,2195,,8547200009,,"Зажим кабельный с контргайкой IP68 PG7 д.3-6,5мм 52500",СМ,False,1.70000,3.50000,25.24000,1262.00000,,,0.10000,1.70000,,N,,,0.00000,0,,,,ШТ,2026-03-27 00:00:00,EKS000005783,N,,,,50.00000,0.90000,63100.00000,,КГ,Заказной,Феденькова Д.Ю.,52500 ,ШТ,Заказной товар,Диэлектрические кабельные,0.00000,0.00000,a.manokhin,Пакет интерфейса поставки:8719cf4e-55e6-4aa9-9095-ce2b74842481,2026-03-23 17:39:48,321171,1996769,50.00000,2,,,,,,,,C,,Годен,,
1995222,WH1,,320690,New,End,,N,ЭКС,,,,,,,ЭКС-000012325   ,5962076.00000,ЭКС-000005783   ,,,False,84102,,,,Зажим кабельный с контргайкой IP68 PG9 д.4-8мм 52600,СМ,,2.00000,4.00000,25.90000,1295.00000,,,0.01000,2.00000,,N,,,0.00000,0,,,,ШТ,2026-03-27 00:00:00,EKS000005783,N,,,,50.00000,1.20000,64750.00000,,КГ,Дортман Анна Павловна,Феденькова Д.Ю.,52600 ,ШТ,Выводится из ассортимента,Диэлектрические кабельные,0.00000,0.00000,a.manokhin,Пакет интерфейса поставки:8719cf4e-55e6-4aa9-9095-ce2b74842481,2026-03-23 17:39:48,321171,1996779,50.00000,2,,,,,,,,C,,Годен,,
1995223,WH1,,320690,New,End,,N,ЭКС,,,,,,,ЭКС-000012362   ,5962077.00000,ЭКС-000005783   ,,,False,118920,,,,"Коробка с гладкими стенками, 240х190х90 IP56 54210",СМ,,19.00000,24.00000,508.45000,508.45000,,,1.00000,9.00000,,N,,,0.00000,0,,,,ШТ,2026-03-27 00:00:00,EKS000005783,N,,,,1.00000,1.00000,508.45000,,КГ,Заказной,Княжева Ю.В.,54210,ШТ,Заказной товар,Диэлектрические кабельные,0.00000,0.00000,a.manokhin,Пакет интерфейса поставки:8719cf4e-55e6-4aa9-9095-ce2b74842481,2026-03-23 17:39:48,321171,1996774,1.00000,2,,,,,,,,C,,Годен,,
1995224,WH1,,320690,New,End,,N,ЭКС,,,,,,,ЭКС-000012366   ,5962095.00000,ЭКС-000005783   ,,,False,208678,,,,Корпус сварной навесной серии ST с М/П Размер: 600x500x200 мм (ВхШхГ) IP66,СМ,False,24.00000,61.00000,5578.10000,5578.10000,,,10.00000,51.00000,,N,,,0.00000,0,,,,ШТ,2026-03-27 00:00:00,EKS000005783,N,,,,1.00000,10.00000,5578.10000,,КГ,Заказной,Феденькова Д.Ю.,R5ST0652,ШТ,Заказной товар,Диэлектрические кабельные,0.00000,0.00000,a.manokhin,Пакет интерфейса поставки:8719cf4e-55e6-4aa9-9095-ce2b74842481,2026-03-23 17:39:48,321171,1996771,1.00000,2,,,,,,,,C,,Годен,,
1995225,WH1,,320691,New,End,,N,ЭКС,,,,,,,,5962106.00000,ЭКС-000005784   ,,,False,136773,,,,Кнопка управления LAY5-BW3461 с подсветкой красный 1з ИЭК,СМ,,4.00000,8.00000,254.12000,5082.40000,,1,0.06000,4.00000,,N,,,0.00000,0,,,,ШТ,2026-03-23 00:00:00,EKS000005784,N,,,,20.00000,2.00000,101648.00000,,КГ,Катышев Александр Вячесла,Третьяков С.М.,BBT50-BW-K04,ШТ,Товар РЦ,ЭлектроОптТорг ООО,0.00000,0.00000,n.bezrukov,Пакет интерфейса поставки:8719cf4e-55e6-4aa9-9095-ce2b74842481,2026-03-23 17:39:58,321173,1996807,20.00000,2,,,,,,,,C,,Годен,,
1995226,WH1,,320691,New,End,,N,ЭКС,,,,,,,,5962107.00000,ЭКС-000005784   ,,,True,48091,,8536490000,,"Реле РТИ-1304 электротепловое 0,4-0,63 А ИЭК",СМ,True,4.80000,10.00000,450.49000,450.49000,,,0.30000,7.00000,,N,,,0.00000,0,,,,ШТ,2026-03-23 00:00:00,EKS000005784,N,,,,1.00000,0.30000,450.49000,,КГ,Умрихина Е.В.,Третьяков С.М.,DRT10-D004-C063,ШТ,Выводится из ассортимента,ЭлектроОптТорг ООО,0.00000,0.00000,n.bezrukov,Пакет интерфейса поставки:8719cf4e-55e6-4aa9-9095-ce2b74842481,2026-03-23 17:39:58,321173,1996798,1.00000,2,,,,,,,,C,,Годен,,
1995227,WH1,,320691,New,End,,N,ЭКС,,,,,,,,5962108.00000,ЭКС-000005784   ,,,True,180121,,,,Шина нул на DIN-изол ШНИ-6х9-10-Д-Ж ИЭК YNN10-69-10D-K05,СМ,True,3.00000,7.00000,89.09000,16036.20000,,,0.10000,1.00000,,N,,,0.00000,0,,,,ШТ,2026-03-23 00:00:00,EKS000005784,N,,,,180.00000,18.00000,2886516.00000,,КГ,Дортман Анна Павловна,Феденькова Д.Ю.,YNN10-69-10D-K05,ШТ,Базовый,ЭлектроОптТорг ООО,0.00000,0.00000,n.bezrukov,Пакет интерфейса поставки:8719cf4e-55e6-4aa9-9095-ce2b74842481,2026-03-23 17:39:58,321173,1996806,180.00000,2,,,,,,,,B,,Годен,,
1995228,WH1,,320691,New,End,,N,ЭКС,,,,,,,,5962109.00000,ЭКС-000005784   ,,,True,200777,,,,Контактный блок 1з (NO) для серии LAY5 ИЭК,СМ,True,1.50000,3.00000,43.52000,3481.60000,,,0.01000,3.00000,,N,,,0.00000,0,,,,ШТ,2026-03-23 00:00:00,EKS000005784,N,,,,80.00000,4.00000,278528.00000,,КГ,Умрихина Е.В.,Третьяков С.М.,BDK21,ШТ,Распродажа,ЭлектроОптТорг ООО,0.00000,0.00000,n.bezrukov,Пакет интерфейса поставки:8719cf4e-55e6-4aa9-9095-ce2b74842481,2026-03-23 17:39:58,321173,1996804,80.00000,2,,,,,,,,C,,Годен,,
1995229,WH1,,320691,New,End,,N,ЭКС,,,,,,,,5962110.00000,ЭКС-000005784   ,,,False,206954,,,,Удлинитель У03 3 места 2Р+РЕ/3метра 16А/250В ИЭК,СМ,,6.00000,20.00000,288.52000,1154.08000,,1,0.40000,6.00000,,N,,,0.00000,0,,,,ШТ,2026-03-23 00:00:00,EKS000005784,N,,,,4.00000,1.60000,4616.32000,,КГ,Дортман Анна Павловна,Княжева Ю.В.,WYP10-16-03-03-Z-N,ШТ,Товар РЦ,ЭлектроОптТорг ООО,0.00000,0.00000,n.bezrukov,Пакет интерфейса поставки:8719cf4e-55e6-4aa9-9095-ce2b74842481,2026-03-23 17:39:58,321173,1996803,4.00000,2,,,,,,,,C,,Годен,,
1995230,WH1,,320691,New,End,,N,ЭКС,,,,,,,,5962111.00000,ЭКС-000005784   ,,,True,118798,,,,Шина соед. типа PIN (штырь) 1Р 63А (дл.1м) ИЭК YNS21-1-063,СМ,True,1.40000,100.00000,411.70000,82340.00000,,,0.18000,1.60000,,N,,,0.00000,0,,,,ШТ,2026-03-23 00:00:00,EKS000005784,N,,,,200.00000,36.30000,16468000.00000,,КГ,Дортман Анна Павловна,Феденькова Д.Ю.,YNS21-1-063,ШТ,Суперсклад,ЭлектроОптТорг ООО,0.00000,0.00000,n.bezrukov,Пакет интерфейса поставки:8719cf4e-55e6-4aa9-9095-ce2b74842481,2026-03-23 17:39:58,321173,1996808,200.00000,2,,,,,,,,A,,Годен,,
1995231,WH1,,320691,New,End,,N,ЭКС,,,,,,,,5962112.00000,ЭКС-000005784   ,,,False,576234,,,,BRITE Выключ. 2-кл. 10А ВС10-2-0-БрЧ черн. IEK,СМ,,4.00000,7.00000,116.26000,16741.44000,,,0.06000,7.00000,,N,,,0.00000,0,,,,ШТ,2026-03-23 00:00:00,EKS000005784,N,,,,144.00000,7.34000,2410767.36000,,КГ,Дортман Анна Павловна,Куграшова О.В.,BR-V20-0-10-K02,ШТ,Базовый,ЭлектроОптТорг ООО,0.00000,0.00000,n.bezrukov,Пакет интерфейса поставки:8719cf4e-55e6-4aa9-9095-ce2b74842481,2026-03-23 17:39:58,321173,1996796,144.00000,2,,,,,,,,C,,Годен,,
1995232,WH1,,320691,New,End,,N,ЭКС,,,,,,,,5962113.00000,ЭКС-000005784   ,,,True,12969,,8536490000,,Реле РТИ-2355 электротепловое 28-36А ИЭК,СМ,True,6.00000,9.60000,653.17000,653.17000,,,0.08000,7.80000,,N,,,0.00000,0,,,,ШТ,2026-03-23 00:00:00,EKS000005784,N,,,,1.00000,0.08000,653.17000,,КГ,Умрихина Е.В.,Третьяков С.М.,DRT20-0028-0036,ШТ,Выводится из ассортимента,ЭлектроОптТорг ООО,0.00000,0.00000,n.bezrukov,Пакет интерфейса поставки:8719cf4e-55e6-4aa9-9095-ce2b74842481,2026-03-23 17:39:58,321173,1996800,1.00000,2,,,,,,,,C,,Годен,,
1995233,WH1,,320691,New,End,,N,ЭКС,,,,,,,,5962115.00000,ЭКС-000005784   ,,,False,366732,,,,Выключатель авт. ВА47-60M 1п 25А х-ка С 6кА MVA31-1-025-C ИЭК,СМ,,1.70000,8.00000,150.08000,450.24000,,,0.12000,7.00000,,N,,,0.00000,0,,,,ШТ,2026-03-23 00:00:00,EKS000005784,N,,,,3.00000,0.36000,1350.72000,,КГ,Катышев Александр Вячесла,Шаповалов П.Г.,MVA31-1-025-C,ШТ,Товар РЦ,ЭлектроОптТорг ООО,0.00000,0.00000,n.bezrukov,Пакет интерфейса поставки:8719cf4e-55e6-4aa9-9095-ce2b74842481,2026-03-23 17:39:58,321173,1996801,3.00000,2,,,,,,,,C,,Годен,,
1995234,WH1,,320691,New,End,,N,ЭКС,,,,,,,,5962116.00000,ЭКС-000005784   ,,,False,62824,,,,"Выключатель авт. ВА47-29 3п   20А  х-ка B   4,5кА  MVA20-3-020-B  ИЭК",СМ,,8.75000,8.50000,451.99000,451.99000,,,0.31200,5.50000,,N,,,0.00000,0,,,,ШТ,2026-03-23 00:00:00,EKS000005784,N,,,,1.00000,0.31200,451.99000,,КГ,Катышев Александр Вячесла,Шаповалов П.Г.,MVA20-3-020-B,ШТ,Товар РЦ,ЭлектроОптТорг ООО,0.00000,0.00000,n.bezrukov,Пакет интерфейса поставки:8719cf4e-55e6-4aa9-9095-ce2b74842481,2026-03-23 17:39:58,321173,1996797,1.00000,2,,,,,,,,C,,Годен,,
1995235,WH1,,320691,New,End,,N,ЭКС,,,,,,,,5962117.00000,ЭКС-000005784   ,,,True,12973,,8536490000,,Реле РТИ-3359 электротепловое 48-65А ИЭК,СМ,True,8.00000,13.00000,1112.60000,2225.20000,,,0.48000,9.00000,,N,,,0.00000,0,,,,ШТ,2026-03-23 00:00:00,EKS000005784,N,,,,2.00000,0.96000,4450.40000,,КГ,Умрихина Е.В.,Третьяков С.М.,DRT30-0048-0065,ШТ,Заказной товар,ЭлектроОптТорг ООО,0.00000,0.00000,n.bezrukov,Пакет интерфейса поставки:8719cf4e-55e6-4aa9-9095-ce2b74842481,2026-03-23 17:39:58,321173,1996799,2.00000,2,,,,,,,,C,,Годен,,
1995236,WH1,,320691,New,End,,N,ЭКС,,,,,,,,5962118.00000,ЭКС-000005784   ,,,False,749768,,,,"Розетка 1хRJ45 компьютерная, UTP CAT5E Valena Белый DIY (774238)",СМ,,3.00000,8.00000,571.59000,3429.54000,,,0.30000,8.00000,,N,,,0.00000,0,,,,ШТ,2026-03-23 00:00:00,EKS000005784,N,,,,6.00000,1.80000,20577.24000,,КГ,,Куграшова О.В.,694286,ШТ,Товар РЦ,ЛЕГРАН ООО( ранее ООО Фир,0.00000,0.00000,n.bezrukov,Пакет интерфейса поставки:8719cf4e-55e6-4aa9-9095-ce2b74842481,2026-03-23 17:39:58,321173,1996794,6.00000,2,,,,,,,,C,,Годен,,
1995237,WH1,,320691,New,End,,N,ЭКС,,,,,,,,5962119.00000,ЭКС-000005784   ,,,False,634329,,,,Корпус навес (300х300х200) ЩМП-30.30.20 УХЛ1 IP66 IEK,СМ,,23.00000,33.00000,3920.12000,35281.08000,,,6.50000,31.00000,,N,,,0.00000,0,,,,ШТ,2026-03-23 00:00:00,EKS000005784,N,,,,9.00000,58.50000,317529.72000,,КГ,Акулинский Петр Иванович,Феденькова Д.Ю.,TI5-10-N-030-030-020-66,ШТ,Товар РЦ,ЭлектроОптТорг ООО,0.00000,0.00000,n.bezrukov,Пакет интерфейса поставки:8719cf4e-55e6-4aa9-9095-ce2b74842481,2026-03-23 17:39:58,321173,1996795,9.00000,2,,,,,,,,C,,Годен,,
1995238,WH1,,320691,New,End,,N,ЭКС,,,,,,,,5962120.00000,ЭКС-000005784   ,,,False,233299,,,,Выключатель 1кл 10А Quteo белый с монт пластиной  782200,СМ,,3.00000,5.00000,93.99000,3759.60000,,,0.05250,5.00000,,N,,,0.00000,0,,,,ШТ,2026-03-23 00:00:00,EKS000005784,N,,,,40.00000,2.10000,150384.00000,,КГ,Дортман Анна Павловна,Куграшова О.В.,782200,ШТ,Базовый,Легран ООО( ранее ООО Фир,0.00000,0.00000,n.bezrukov,Пакет интерфейса поставки:8719cf4e-55e6-4aa9-9095-ce2b74842481,2026-03-23 17:39:58,321173,1996802,40.00000,2,,,,,,,,A,,Годен,,
1995239,WH1,,320691,New,End,,N,ЭКС,,,,,,,,5962121.00000,ЭКС-000005784   ,,,False,198336,,,,Рамка 2п белый Etika 672502,СМ,False,1.00000,20.00000,42.98000,12077.38000,,,0.08000,9.00000,,N,,,0.00000,0,,,,ШТ,2026-03-23 00:00:00,EKS000005784,N,,,,281.00000,10.28000,3393743.78000,,КГ,Дортман Анна Павловна,Куграшова О.В.,672502,ШТ,Базовый,ЭлектроОптТорг ООО,0.00000,0.00000,n.bezrukov,Пакет интерфейса поставки:8719cf4e-55e6-4aa9-9095-ce2b74842481,2026-03-23 17:39:58,321173,1996805,281.00000,2,,,,,,,,C,,Годен,,
1995240,WH1,,320691,New,End,,N,ЭКС,,,,,,,,5962122.00000,ЭКС-000005784   ,,,False,83811,,,,Труба  ПВХ  d40 гибкая лёгкая с протяжкой ( 15 м) ИЭК,СМ,,4.00000,100.00000,47.88000,13645.80000,,,0.12000,4.00000,,Y,,,0.00000,0,,,,М,2026-03-23 00:00:00,EKS000005784,N,,,,285.00000,28.50000,3889053.00000,,КГ,Дортман Анна Павловна,Гилета О.В.,CTG20-40-K41-015I,М,Товар РЦ,ЭлектроОптТорг ООО,0.00000,0.00000,n.bezrukov,Пакет интерфейса поставки:8719cf4e-55e6-4aa9-9095-ce2b74842481,2026-03-23 17:39:58,321173,1996792,285.00000,1,,,,,,,Gofra,C,,Годен,,
1995241,WH1,,320691,New,End,,N,ЭКС,,,,,,,,5962123.00000,ЭКС-000005784   ,,,False,139898,,,,Труба гофр ПНД d 16 с зондом (100 м ) ИЭК черный,СМ,,1.60000,100.00000,11.37000,13644.00000,,,0.04000,1.60000,,Y,,,0.00000,0,,,,М,2026-03-23 00:00:00,EKS000005784,N,,,,1200.00000,36.00000,16372800.00000,,КГ,Дортман Анна Павловна,Гилета О.В.,CTG20-16-K02-100-1,М,Базовый,ЭлектроОптТорг ООО,0.00000,0.00000,n.bezrukov,Пакет интерфейса поставки:8719cf4e-55e6-4aa9-9095-ce2b74842481,2026-03-23 17:39:58,321173,1996793,1200.00000,1,,,,,,,Gofra,B,,Годен,,
1995242,WH1,,320692,New,End,,N,ЭКС,,,,,,,,5962049.00000,ЭКС-000005782   ,,,False,159539,,,,"Башенка напольная BUS, 12 мод., черная RAL7016 09090",СМ,,12.00000,22.00000,2079.64000,4159.28000,,,0.50000,13.00000,,N,,,0.00000,0,,,,ШТ,2026-03-27 00:00:00,EKS000005782,N,,,,2.00000,1.00000,8318.56000,,КГ,Дортман Анна Павловна,Гилета О.В.,09090,ШТ,Товар РЦ,Диэлектрические кабельные,0.00000,0.00000,a.manokhin,Пакет интерфейса поставки:6c948875-7e3b-4846-a3d7-f91a0522731c,2026-03-23 17:43:38,321170,1996760,2.00000,2,,,,,,,,C,,Годен,,
1995243,WH1,,320692,New,End,,N,ЭКС,,,,,,,,5962050.00000,ЭКС-000005782   ,,,False,630132,,,,"Хомут P6.6 стандартный, белый 2,5х100 25203SR_уп100шт",СМ,,1.00000,10.00000,35.00000,175.00000,,,0.05000,8.00000,,N,,,0.00000,0,,,,УП,2026-03-27 00:00:00,EKS000005782,N,,,,5.00000,0.25000,875.00000,,КГ,Дортман Анна Павловна,Гилета О.В.,25203SR_уп100шт,УП,Товар РЦ,Диэлектрические кабельные,0.00000,0.00000,a.manokhin,Пакет интерфейса поставки:6c948875-7e3b-4846-a3d7-f91a0522731c,2026-03-23 17:43:38,321170,1996762,5.00000,2,,,,,,,,C,,Годен,,
1995244,WH1,,320692,New,End,,N,ЭКС,,,,,,,,5962051.00000,ЭКС-000005782   ,,,False,632571,,,,"Хомут P6.6 стандартный, черный 3,6х300 25310SR_уп (уп.100шт)",СМ,,1.00000,30.00000,184.00000,36800.00000,,,0.10000,10.00000,,N,,,0.00000,0,,,,УП,2026-03-27 00:00:00,EKS000005782,N,,,,200.00000,20.00000,7360000.00000,,КГ,Дортман Анна Павловна,Гилета О.В.,25310SR_уп100шт,УП,Базовый,Диэлектрические кабельные,0.00000,0.00000,a.manokhin,Пакет интерфейса поставки:6c948875-7e3b-4846-a3d7-f91a0522731c,2026-03-23 17:43:38,321170,1996761,200.00000,2,,,,,,,,A,,Годен,,
1995245,WH1,,320692,New,End,,N,ЭКС,,,,,,,,5962052.00000,ЭКС-000005782   ,,,False,355801,,,,"Розетка модульная 2P+E, с з/ш, Avanti  ""Белое облако"" 2 мод",СМ,,4.00000,4.00000,182.26000,9113.00000,,,0.10000,4.00000,,N,,,0.00000,0,,,,ШТ,2026-03-27 00:00:00,EKS000005782,N,,,,50.00000,1.50000,455650.00000,,КГ,Дортман Анна Павловна,Гилета О.В.,4400002,ШТ,Товар РЦ,Диэлектрические кабельные,0.00000,0.00000,a.manokhin,Пакет интерфейса поставки:6c948875-7e3b-4846-a3d7-f91a0522731c,2026-03-23 17:43:38,321170,1996758,50.00000,2,,,,,,,,C,,Годен,,
1995246,WH1,,320692,New,End,,N,ЭКС,,,,,,,,5962053.00000,ЭКС-000005782   ,,,False,360422,,,,"Рамка-суппорт Avanti белый для ""In-liner Front"" 2мод. 4400912",СМ,,2.00000,6.00000,216.98000,6509.40000,,,0.01000,6.00000,,N,,,0.00000,0,,,,ШТ,2026-03-27 00:00:00,EKS000005782,N,,,,30.00000,0.30000,195282.00000,,КГ,Акулинский Петр Иванович,Гилета О.В.,4400912,ШТ,Товар РЦ,Диэлектрические кабельные,0.00000,0.00000,a.manokhin,Пакет интерфейса поставки:6c948875-7e3b-4846-a3d7-f91a0522731c,2026-03-23 17:43:38,321170,1996755,30.00000,2,,,,,,,,C,,Годен,,
1995247,WH1,,320692,New,End,,N,ЭКС,,,,,,,,5962054.00000,ЭКС-000005782   ,,,False,355806,,,,"Рамка-суппорт Avanti белый для ""In-liner Front"" 4мод. 4400914",СМ,,2.00000,13.00000,260.37000,4686.66000,,,0.01000,7.00000,,N,,,0.00000,0,,,,ШТ,2026-03-27 00:00:00,EKS000005782,N,,,,18.00000,0.38000,84359.88000,,КГ,Дортман Анна Павловна,Гилета О.В.,4400914,ШТ,Товар РЦ,Диэлектрические кабельные,0.00000,0.00000,a.manokhin,Пакет интерфейса поставки:6c948875-7e3b-4846-a3d7-f91a0522731c,2026-03-23 17:43:38,321170,1996757,18.00000,2,,,,,,,,C,,Годен,,
1995248,WH1,,320692,New,End,,N,ЭКС,,,,,,,,5962055.00000,ЭКС-000005782   ,,,False,355807,,,,"Рамка-суппорт Avanti белый для ""In-liner Front"" 6 мод. 4400916",СМ,,2.00000,19.00000,303.76000,3948.88000,,,0.01000,7.00000,,N,,,0.00000,0,,,,ШТ,2026-03-27 00:00:00,EKS000005782,N,,,,13.00000,0.43000,51335.44000,,КГ,Дортман Анна Павловна,Гилета О.В.,4400916,ШТ,Товар РЦ,Диэлектрические кабельные,0.00000,0.00000,a.manokhin,Пакет интерфейса поставки:6c948875-7e3b-4846-a3d7-f91a0522731c,2026-03-23 17:43:38,321170,1996756,13.00000,2,,,,,,,,C,,Годен,,
1995249,WH1,,320692,New,End,,N,ЭКС,,,,,,,,5962056.00000,ЭКС-000005782   ,,,False,290586,,,,"Держатель-клипса для монтажного пистолета, д.20мм, серый",СМ,,1.00000,2.50000,3.13000,31300.00000,,,0.01000,2.50000,,N,,,0.00000,0,,,,ШТ,2026-03-27 00:00:00,EKS000005782,N,,,,10000.00000,18.80000,313000000.00000,,КГ,Дортман Анна Павловна,Гилета О.В.,51020M,ШТ,Базовый,Диэлектрические кабельные,0.00000,0.00000,a.manokhin,Пакет интерфейса поставки:6c948875-7e3b-4846-a3d7-f91a0522731c,2026-03-23 17:43:38,321170,1996759,10000.00000,2,,,,,,,,A,,Годен,,
1995250,WH1,,320692,New,End,,N,ЭКС,,,,,,,,5962057.00000,ЭКС-000005782   ,,,False,2119,,3917320009,,Труба  ПВХ  d32 гибкая лёгкая с протяжкой ( 25 м) ДКС цвет серый 91932,СМ,False,3.20000,100.00000,31.20000,15600.00000,,,0.10700,3.20000,,Y,,,0.00000,0,,,,М,2026-03-27 00:00:00,EKS000005782,N,,,,500.00000,160.00000,7800000.00000,,КГ,Дортман Анна Павловна,Гилета О.В.,91932,М,Базовый,Диэлектрические кабельные,0.00000,0.00000,a.manokhin,Пакет интерфейса поставки:6c948875-7e3b-4846-a3d7-f91a0522731c,2026-03-23 17:43:38,321170,1996754,500.00000,1,,,,,,,Gofra_BIG,A,,Годен,,
1995251,WH1,,320693,New,End,,N,ЭКС,,,,,,,ЭКС-000010736   ,5962211.00000,ЭКС-000005793   ,,,False,715541,,,,Система Neptun PROFI Base 1/2,СМ,False,20.00000,20.00000,16751.07000,33502.14000,,,2.50000,12.00000,,N,,,0.00000,0,,,,ШТ,2026-03-23 00:00:00,EKS000005793,N,,,,2.00000,5.00000,67004.28000,,КГ,Заказной,Петров И.В.,НС-1381327,ШТ,Заказной товар,Р-Климат,0.00000,0.00000,a.manokhin,Пакет интерфейса поставки:af98c117-093a-4446-aff6-fbc774fedfdb,2026-03-23 18:27:39,321183,1996859,2.00000,2,,,,,,,,C,,Годен,,
1995252,WH1,,320694,New,End,,N,ЭКС,,,,,,,ЭКС-000010536   ,5962209.00000,ЭКС-000005792   ,,,False,512007,,,,Термостат механический BALLU BMT-1,СМ,False,6.00000,9.00000,687.95000,2063.85000,,,0.30000,9.00000,,N,,,0.00000,0,,,,ШТ,2026-03-23 00:00:00,EKS000005792,N,,,,3.00000,0.90000,6191.55000,,КГ,Катышев Александр Вячесла,Петров И.В.,НС-1042655,ШТ,Базовый,Р-Климат,0.00000,0.00000,a.manokhin,Пакет интерфейса поставки:8500010d-c254-4e3c-98a3-70e8a4e44cac,2026-03-23 18:29:48,321182,1996858,3.00000,2,,,,,,,,C,,Годен,,
1995253,WH1,,320694,New,End,,N,ЭКС,,,,,,,ЭКС-000012190   ,5962210.00000,ЭКС-000005792   ,,,False,569198,,,,Комплект фильтров Pre-filter+HEPA+Carbon FPHC-107 для очистителей воздуха BALLU AP-107,СМ,False,4.00000,39.00000,1971.31000,7885.24000,,,0.55000,24.00000,,N,,,0.00000,0,,,,КТ,2026-03-23 00:00:00,EKS000005792,N,,,,4.00000,2.20000,31540.96000,,КГ,Заказной,Петров И.В.,НС-1276057,КТ,Заказной товар,Р-Климат,0.00000,0.00000,a.manokhin,Пакет интерфейса поставки:8500010d-c254-4e3c-98a3-70e8a4e44cac,2026-03-23 18:29:48,321182,1996857,4.00000,2,,,,,,,,C,,Годен,,
1995254,WH1,,320695,New,End,,N,ЭКС,,,,,,,ЭКС-000011804   ,5962212.00000,ЭКС-000005794   ,,,False,559175,,,,Конвектор Ballu Camino Eco Turbo BEC/EMT-1000,СМ,False,13.00000,45.00000,1715.16000,30872.88000,,,3.30000,42.00000,,N,,,0.00000,0,,,,ШТ,2026-03-23 00:00:00,EKS000005794,N,,,,18.00000,59.40000,555711.84000,,КГ,Катышев Александр Вячесла,Петров И.В.,НС-1166353,ШТ,Выводится из ассортимента,Р-Климат,0.00000,0.00000,a.manokhin,Пакет интерфейса поставки:8500010d-c254-4e3c-98a3-70e8a4e44cac,2026-03-23 18:29:56,321184,1996862,18.00000,2,,,,,,,,C,,Годен,,
1995255,WH1,,320695,New,End,,N,ЭКС,,,,,,,ЭКС-000011804   ,5962213.00000,ЭКС-000005794   ,,,False,705728,,,,Кронштейн универсальный CWM-02 для монтажа конвектора на стену,СМ,False,2.00000,30.00000,271.72000,4075.80000,,,0.03000,6.00000,,N,,,0.00000,0,,,,ШТ,2026-03-23 00:00:00,EKS000005794,N,,,,15.00000,0.45000,61137.00000,,КГ,Заказной,Петров И.В.,НС-1168104,ШТ,Заказной товар,Р-Климат,0.00000,0.00000,a.manokhin,Пакет интерфейса поставки:8500010d-c254-4e3c-98a3-70e8a4e44cac,2026-03-23 18:29:56,321184,1996860,15.00000,2,,,,,,,,C,,Годен,,
1995256,WH1,,320695,New,End,,N,ЭКС,,,,,,,ЭКС-000011922   ,5962214.00000,ЭКС-000005794   ,,,False,569454,,,,Комплект колесиков BFT/EVUR для конвекторов Ballu Evolution Transformer,СМ,False,7.00000,25.00000,407.21000,407.21000,,,0.35000,12.00000,,N,,,0.00000,0,,,,КТ,2026-03-23 00:00:00,EKS000005794,N,,,,1.00000,0.35000,407.21000,,КГ,Заказной,Петров И.В.,НС-1117335,КТ,Заказной товар,Р-Климат,0.00000,0.00000,a.manokhin,Пакет интерфейса поставки:8500010d-c254-4e3c-98a3-70e8a4e44cac,2026-03-23 18:29:56,321184,1996861,1.00000,2,,,,,,,,C,,Годен,,
1995257,WH1,,320695,New,End,,N,ЭКС,,,,,,,ЭКС-000011922   ,5962215.00000,ЭКС-000005794   ,,,False,883798,,,,Блок управления Transformer Mechanic Ballu BCT/EVU-3M,СМ,False,9.00000,16.00000,1351.48000,1351.48000,,,0.36000,10.00000,,N,,,0.00000,0,,,,ШТ,2026-03-23 00:00:00,EKS000005794,N,,,,1.00000,0.36000,1351.48000,,КГ,Заказной,Петров И.В.,НС-1238688,ШТ,Заказной товар,Р-Климат,0.00000,0.00000,a.manokhin,Пакет интерфейса поставки:8500010d-c254-4e3c-98a3-70e8a4e44cac,2026-03-23 18:29:56,321184,1996863,1.00000,2,,,,,,,,C,,Годен,,
1995258,WH1,,320696,New,End,,N,ЭКС,,,,,,,,5962218.00000,ЭКС-000005795   ,,,False,761671,,,,"Welrok VIP-63 Реле напряжения с контролем тока 63 А (max 80 A), 13 900 ВА",СМ,,4.00000,9.00000,2286.61000,2286.61000,,,0.40000,7.00000,,N,,,0.00000,0,,,,ШТ,2026-03-24 00:00:00,EKS000005795,N,,,,1.00000,0.40000,2286.61000,,КГ,,Третьяков С.М.,4660251140335,ШТ,Базовый,ООО «ВЭЛРОК»,0.00000,0.00000,r.sagaidak,Пакет интерфейса поставки:c880d020-b85a-494c-9773-071215a59012,2026-03-24 08:32:49,321185,1996864,1.00000,2,,,,,,,,C,,Брак,,
1995259,WH1,,320697,New,End,,N,ЭКС,,,,,,,ЭКС-000010569   ,5962219.00000,ЭКС-000005796   ,,,False,199097,,,,"Кабель КСРВнг(А)-FRLS 4х0,5 мм (0,2 мм кв.)",СМ,,0.90000,100.00000,34.84000,6968.00000,9,,0.13000,0.90000,,Y,,,0.00000,0,,,,М,2026-03-23 00:00:00,EKS000005796,N,,,,200.00000,26.00000,1393600.00000,,КГ,Заказной,Косолапова Л.В.,,М,Заказной товар,,0.00000,0.00000,a.manokhin,Пакет интерфейса поставки:de15ba28-fe71-40b4-a08a-fdcaef5eeb01,2026-03-24 08:46:55,321186,1996865,200.00000,1,,,,,,,,C,,Годен,,
1995260,WH1,,320698,New,End,,N,ЭКС,,,,,,,ЭКС-000012265   ,5962220.00000,ЭКС-000005797   ,,,False,608394,,,,"Кабель КСВВнг(А)-LS 2х2х0,8",СМ,,0.40000,100.00000,34.25000,3425.00000,,,0.02000,0.40000,,Y,,,0.00000,0,,,,М,2026-03-23 00:00:00,EKS000005797,N,,,,100.00000,2.00000,342500.00000,,КГ,Заказной,Косолапова Л.В.,,М,Заказной товар,ТПД Паритет ООО,0.00000,0.00000,a.manokhin,Пакет интерфейса поставки:de15ba28-fe71-40b4-a08a-fdcaef5eeb01,2026-03-24 08:47:02,321187,1996866,100.00000,1,,,,,,,,C,,Годен,,
1995261,WH1,,320699,New,End,,N,ЭКС,,,,,,,ЭКС-000010097   ,5962222.00000,ЭКС-000005798   ,,,False,698785,,,,"Кабель NIKOLAN SF/UTP 4 пары, Кат.5e (Класс D), тест по ISO/IEC, 100МГц, одножильный, BC (чистая мед",СМ,,33.50000,33.00000,26325.48000,52650.96000,,,15.99000,26.50000,,N,,,0.00000,0,,,,ШТ,2026-03-23 00:00:00,EKS000005798,N,,,,2.00000,33.70000,105301.92000,,КГ,Заказной,Козлова М.А.,NMC 4000C-OR,ШТ,Заказной товар,Тайле Рус,0.00000,0.00000,a.savitskiy,Пакет интерфейса поставки:3debb9af-13f1-4656-aedb-1fbb061c77c4,2026-03-24 08:58:50,321188,1996867,2.00000,2,,,,,,,,C,,Годен,,
1995262,WH1,,320699,New,End,,N,ЭКС,,,,,,,ЭКС-000011936   ,5962221.00000,ЭКС-000005798   ,,,False,695764,,,,"Кабель NETLAN F/UTP 4 пары, Кат.5e (Класс D), 100МГц, одножильный, BC (чистая медь), внешний, PE до",СМ,,23.00000,42.00000,8070.95000,8070.95000,,,15.00000,42.00000,,N,,,0.00000,0,,,,ШТ,2026-03-23 00:00:00,EKS000005798,N,,,,1.00000,15.00000,8070.95000,,КГ,Заказной,Козлова М.А.,EC-UF004-5E-PE-BK,ШТ,Заказной товар,Тайле Рус,0.00000,0.00000,a.savitskiy,Пакет интерфейса поставки:3debb9af-13f1-4656-aedb-1fbb061c77c4,2026-03-24 08:58:50,321188,1996868,1.00000,2,,,,,,,,C,,Годен,,
1995263,WH1,,320700,New,End,,N,ЭКС,,,,,,,ЭКС-000008766   ,5962223.00000,ЭКС-000005799   ,,,False,12338,,,,Пускатель ПБР-3А бесконтактный реверс.,СМ,,10.00000,26.00000,7336.48000,36682.40000,,,0.70000,22.00000,,N,,,0.00000,0,,,,ШТ,2026-03-23 00:00:00,EKS000005799,N,,,,5.00000,3.50000,183412.00000,,КГ,Заказной,Аверин А.И.,,ШТ,Прочее,,0.00000,0.00000,a.manokhin,Пакет интерфейса поставки:03e6d6ba-b935-480e-b16d-e83f0ead6625,2026-03-24 10:12:58,321189,1996869,5.00000,2,,,,,,,,C,,Годен,,
1995264,WH1,,320701,New,End,,N,ЭКС,,,,,,,ЭКС-000011780   ,5962226.00000,ЭКС-000005800   ,,,False,596927,,,,"Комплект радиоуправления TOR F21-E1B (380В, 6 кнопок)",СМ,,17.00000,32.00000,3105.00000,3105.00000,,,0.50000,20.00000,,N,,,0.00000,0,,,,ШТ,2026-03-24 00:00:00,EKS000005800,N,,,,1.00000,0.50000,3105.00000,,КГ,Заказной,Петров И.В.,1190512,ШТ,Заказной товар,"ТОРГОВЫЙ ДОМ ""ТОР"" ООО",0.00000,0.00000,r.sagaidak,Пакет интерфейса поставки:628c2541-4491-41c0-9dab-88130590c436,2026-03-24 10:26:57,321190,1996870,1.00000,2,,,,,,,,C,,Годен,,
1995265,WH1,,320702,New,End,,N,ЭКС,,,,,,,ЭКС-000066500   ,5962341.00000,ЭКС-000005809   ,,,False,855136,,,,Светильник Ex-ДСО 01-45-850-Д120,СМ,False,8.00000,120.00000,7813.12000,31252.48000,,,2.30000,11.00000,,N,,,0.00000,0,,,,ШТ,2026-03-24 00:00:00,EKS000005809,N,,,,4.00000,9.20000,125009.92000,,КГ,Заказной,Колупаев В.Г.,2000000115740,ШТ,Заказной товар,Торговый дом Ферекс ,0.00000,0.00000,a.manokhin,Пакет интерфейса поставки:d44d3457-0570-4c68-9d0f-1bfaa6e7f542,2026-03-24 10:31:08,321199,1996971,4.00000,2,,,,,,,,C,,Годен,,
1995266,WH1,,320703,New,End,,N,ЭКС,,,,,,,,5962297.00000,ЭКС-000005804   ,,,False,810878,,,,Выключатель 1кл  Черный матовый   /Voltum,СМ,,4.00000,7.00000,286.89000,8606.70000,,,0.04000,7.00000,,N,,,0.00000,0,,,,ШТ,2026-03-24 00:00:00,EKS000005804,N,,,,30.00000,2.40000,258201.00000,,КГ,,Куграшова О.В.,VLS010108,ШТ,Заказной товар,Вольтум,0.00000,0.00000,a.savitskiy,Пакет интерфейса поставки:34b44880-6f4a-4b41-b8bf-e0ab291081b5,2026-03-24 10:32:50,321194,1996940,30.00000,2,,,,,,,,C,,Годен,,
1995267,WH1,,320703,New,End,,N,ЭКС,,,,,,,,5962299.00000,ЭКС-000005804   ,,,False,811015,,,,Переключатель   1кл  Графит    /Voltum,СМ,,4.00000,7.00000,311.48000,622.96000,,,0.15000,7.00000,,N,,,0.00000,0,,,,ШТ,2026-03-24 00:00:00,EKS000005804,N,,,,2.00000,0.30000,1245.92000,,КГ,,Куграшова О.В.,VLS010307,ШТ,Заказной товар,Вольтум,0.00000,0.00000,a.savitskiy,Пакет интерфейса поставки:34b44880-6f4a-4b41-b8bf-e0ab291081b5,2026-03-24 10:32:50,321194,1996938,2.00000,2,,,,,,,,C,,Годен,,
1995268,WH1,,320703,New,End,,N,ЭКС,,,,,,,,5962300.00000,ЭКС-000005804   ,,,False,813220,,,,Переключатель проходной  1кл  Черный матовый   /Voltum,СМ,False,3.00000,6.00000,331.97000,2655.76000,,,0.10000,6.00000,,N,,,0.00000,0,,,,ШТ,2026-03-24 00:00:00,EKS000005804,N,,,,8.00000,0.80000,21246.08000,,КГ,,Куграшова О.В.,VLS010308,ШТ,Товар РЦ,Вольтум,0.00000,0.00000,a.savitskiy,Пакет интерфейса поставки:34b44880-6f4a-4b41-b8bf-e0ab291081b5,2026-03-24 10:32:50,321194,1996949,8.00000,2,,,,,,,,C,,Годен,,
1995269,WH1,,320703,New,End,,N,ЭКС,,,,,,,,5962301.00000,ЭКС-000005804   ,,,False,813219,,,,Выключатель 2кл  Черный матовый   /Voltum,СМ,,4.00000,7.00000,352.46000,4581.98000,,,0.10000,7.00000,,N,,,0.00000,0,,,,ШТ,2026-03-24 00:00:00,EKS000005804,N,,,,13.00000,1.17000,59565.74000,,КГ,,Куграшова О.В.,VLS020108,ШТ,Заказной товар,Вольтум,0.00000,0.00000,a.savitskiy,Пакет интерфейса поставки:34b44880-6f4a-4b41-b8bf-e0ab291081b5,2026-03-24 10:32:50,321194,1996934,13.00000,2,,,,,,,,C,,Годен,,
1995270,WH1,,320703,New,End,,N,ЭКС,,,,,,,,5962303.00000,ЭКС-000005804   ,,,False,831367,,,,Переключатель   2кл  Графит    /Voltum,СМ,False,4.00000,8.00000,364.76000,729.52000,,,0.08000,8.00000,,N,,,0.00000,0,,,,ШТ,2026-03-24 00:00:00,EKS000005804,N,,,,2.00000,0.16000,1459.04000,,КГ,,Куграшова О.В.,VLS020307,ШТ,Заказной товар,Вольтум,0.00000,0.00000,a.savitskiy,Пакет интерфейса поставки:34b44880-6f4a-4b41-b8bf-e0ab291081b5,2026-03-24 10:32:50,321194,1996935,2.00000,2,,,,,,,,C,,Годен,,
1995271,WH1,,320703,New,End,,N,ЭКС,,,,,,,,5962304.00000,ЭКС-000005804   ,,,False,818798,,,,Переключатель проходной 2кл  Черный матовый   /Voltum,СМ,False,4.00000,7.50000,397.54000,1590.16000,,,0.08000,7.50000,,N,,,0.00000,0,,,,ШТ,2026-03-24 00:00:00,EKS000005804,N,,,,4.00000,0.32000,6360.64000,,КГ,,Куграшова О.В.,VLS020308,ШТ,Товар РЦ,Вольтум,0.00000,0.00000,a.savitskiy,Пакет интерфейса поставки:34b44880-6f4a-4b41-b8bf-e0ab291081b5,2026-03-24 10:32:50,321194,1996942,4.00000,2,,,,,,,,C,,Годен,,
1995272,WH1,,320703,New,End,,N,ЭКС,,,,,,,,5962305.00000,ЭКС-000005804   ,,,False,813216,,,,Розетка с ЗК Черный матовый   /Voltum,СМ,False,4.00000,7.00000,303.69000,27332.10000,,,0.10000,7.00000,,N,,,0.00000,0,,,,ШТ,2026-03-24 00:00:00,EKS000005804,N,,,,90.00000,10.80000,2459889.00000,,КГ,,Куграшова О.В.,VLS040108,ШТ,Товар РЦ,Вольтум,0.00000,0.00000,a.savitskiy,Пакет интерфейса поставки:34b44880-6f4a-4b41-b8bf-e0ab291081b5,2026-03-24 10:32:50,321194,1996937,90.00000,2,,,,,,,,C,,Годен,,
1995273,WH1,,320703,New,End,,N,ЭКС,,,,,,,,5962306.00000,ЭКС-000005804   ,,,False,823076,,,,"Розетка RJ45 кат,6 Кашемир    /Voltum",СМ,,3.00000,7.00000,577.87000,2889.35000,,,0.06000,8.00000,,N,,,0.00000,0,,,,ШТ,2026-03-24 00:00:00,EKS000005804,N,,,,5.00000,0.30000,14446.75000,,КГ,,Куграшова О.В.,VLS060103,ШТ,Заказной товар,Вольтум,0.00000,0.00000,a.savitskiy,Пакет интерфейса поставки:34b44880-6f4a-4b41-b8bf-e0ab291081b5,2026-03-24 10:32:50,321194,1996941,5.00000,2,,,,,,,,C,,Годен,,
1995274,WH1,,320703,New,End,,N,ЭКС,,,,,,,,5962307.00000,ЭКС-000005804   ,,,False,813221,,,,"Розетка RJ45 кат,6 Черный матовый   /Voltum",СМ,,2.00000,6.00000,643.44000,3860.64000,,,0.05000,6.00000,,N,,,0.00000,0,,,,ШТ,2026-03-24 00:00:00,EKS000005804,N,,,,6.00000,0.30000,23163.84000,,КГ,,Куграшова О.В.,VLS060108,ШТ,Заказной товар,Вольтум,0.00000,0.00000,a.savitskiy,Пакет интерфейса поставки:34b44880-6f4a-4b41-b8bf-e0ab291081b5,2026-03-24 10:32:50,321194,1996948,6.00000,2,,,,,,,,C,,Годен,,
1995275,WH1,,320703,New,End,,N,ЭКС,,,,,,,,5962311.00000,ЭКС-000005804   ,,,False,813224,,,,Рамка 1пост  Черный матовый   /Voltum,СМ,,0.60000,8.00000,90.16000,3155.60000,,,0.01000,8.00000,,N,,,0.00000,0,,,,ШТ,2026-03-24 00:00:00,EKS000005804,N,,,,35.00000,0.65000,110446.00000,,КГ,,Куграшова О.В.,VLS100108,ШТ,Заказной товар,Вольтум,0.00000,0.00000,a.savitskiy,Пакет интерфейса поставки:34b44880-6f4a-4b41-b8bf-e0ab291081b5,2026-03-24 10:32:50,321194,1996946,35.00000,2,,,,,,,,C,,Годен,,
1995276,WH1,,320703,New,End,,N,ЭКС,,,,,,,,5962313.00000,ЭКС-000005804   ,,,False,810886,,,,Рамка 2пост   Черный матовый   /Voltum,СМ,,0.60000,15.00000,180.33000,4508.25000,,,0.01000,8.00000,,N,,,0.00000,0,,,,ШТ,2026-03-24 00:00:00,EKS000005804,N,,,,25.00000,0.59000,112706.25000,,КГ,,Куграшова О.В.,VLS100208,ШТ,Заказной товар,Вольтум,0.00000,0.00000,a.savitskiy,Пакет интерфейса поставки:34b44880-6f4a-4b41-b8bf-e0ab291081b5,2026-03-24 10:32:50,321194,1996939,25.00000,2,,,,,,,,C,,Годен,,
1995277,WH1,,320703,New,End,,N,ЭКС,,,,,,,,5962315.00000,ЭКС-000005804   ,,,False,813225,,,,Рамка 3пост  Черный матовый   /Voltum,СМ,,0.50000,24.00000,270.49000,3516.37000,,,0.05000,8.00000,,N,,,0.00000,0,,,,ШТ,2026-03-24 00:00:00,EKS000005804,N,,,,13.00000,0.51000,45712.81000,,КГ,,Куграшова О.В.,VLS100308,ШТ,Заказной товар,Вольтум,0.00000,0.00000,a.savitskiy,Пакет интерфейса поставки:34b44880-6f4a-4b41-b8bf-e0ab291081b5,2026-03-24 10:32:50,321194,1996945,13.00000,2,,,,,,,,C,,Годен,,
1995278,WH1,,320703,New,End,,N,ЭКС,,,,,,,,5962317.00000,ЭКС-000005804   ,,,False,813226,,,,Рамка 4пост  Черный матовый   /Voltum,СМ,,1.00000,30.00000,360.66000,2163.96000,,,0.03000,8.00000,,N,,,0.00000,0,,,,ШТ,2026-03-24 00:00:00,EKS000005804,N,,,,6.00000,0.18000,12983.76000,,КГ,,Куграшова О.В.,VLS100408,ШТ,Заказной товар,Вольтум,0.00000,0.00000,a.savitskiy,Пакет интерфейса поставки:34b44880-6f4a-4b41-b8bf-e0ab291081b5,2026-03-24 10:32:50,321194,1996944,6.00000,2,,,,,,,,C,,Годен,,
1995279,WH1,,320703,New,End,,N,ЭКС,,,,,,,ЭКС-000010908   ,5962309.00000,ЭКС-000005804   ,,,False,813227,,,,Розетка TV+SATоконечная Кашемир    /Voltum,СМ,False,4.00000,7.00000,524.59000,1049.18000,,,0.06000,7.00000,,N,,,0.00000,0,,,,ШТ,2026-03-24 00:00:00,EKS000005804,N,,,,2.00000,0.12000,2098.36000,,КГ,Заказной,Куграшова О.В.,VLS060403,ШТ,Заказной товар,Вольтум,0.00000,0.00000,a.savitskiy,Пакет интерфейса поставки:34b44880-6f4a-4b41-b8bf-e0ab291081b5,2026-03-24 10:32:50,321194,1996943,2.00000,2,,,,,,,,C,,Годен,,
1995280,WH1,,320703,New,End,,N,ЭКС,,,,,,,ЭКС-000010908   ,5962310.00000,ЭКС-000005804   ,,,False,828498,,,,Терморегулятор механический Кашемир    /Voltum,СМ,False,4.00000,8.00000,3893.44000,3893.44000,,,0.15000,8.00000,,N,,,0.00000,0,,,,ШТ,2026-03-24 00:00:00,EKS000005804,N,,,,1.00000,0.15000,3893.44000,,КГ,Заказной,Куграшова О.В.,VLS070103,ШТ,Заказной товар,Вольтум,0.00000,0.00000,a.savitskiy,Пакет интерфейса поставки:34b44880-6f4a-4b41-b8bf-e0ab291081b5,2026-03-24 10:32:50,321194,1996936,1.00000,2,,,,,,,,C,,Годен,,
1995281,WH1,,320703,New,End,,N,ЭКС,,,,,,,ЭКС-000010908   ,5962316.00000,ЭКС-000005804   ,,,False,813223,,,,Рамка 4пост  Кашемир    /Voltum,СМ,,1.00000,30.00000,315.58000,631.16000,,,0.03000,8.00000,,N,,,0.00000,0,,,,ШТ,2026-03-24 00:00:00,EKS000005804,N,,,,2.00000,0.06000,1262.32000,,КГ,,Куграшова О.В.,VLS100403,ШТ,Заказной товар,Вольтум,0.00000,0.00000,a.savitskiy,Пакет интерфейса поставки:34b44880-6f4a-4b41-b8bf-e0ab291081b5,2026-03-24 10:32:50,321194,1996947,2.00000,2,,,,,,,,C,,Годен,,
1995282,WH1,,320704,New,End,,N,ЭКС,,,,,,,ЭКС-000008419   ,5962345.00000,ЭКС-000005813   ,,,False,391845,,,,Комплект из 24 изоляторов опорных ИО8-75-130 У3 ВЕАШ.305660.800-14,СМ,,26.00000,60.00000,5333.34000,16000.02000,,,18.00000,40.00000,,N,,,0.00000,0,,,,ШТ,2026-03-16 00:00:00,EKS000005813,N,,,,3.00000,54.00000,48000.06000,,КГ,Заказной,Иваненко П.В.,,ШТ,Заказной товар,"АО ""ПО Элтехника”",0.00000,0.00000,a.manokhin,Пакет интерфейса поставки:38d2fc49-1391-4848-9a60-d7edfa726b4c,2026-03-24 10:36:59,321203,1996975,3.00000,2,,,,,,,,C,,Годен,,
1995283,WH1,,320705,New,End,,N,ЭКС,,,,,,,ЭКС-000009398   ,5962343.00000,ЭКС-000005811   ,,,True,503007,,,,"IEK ONI Преобразователь частоты A150 380В 3Ф 2,2кВт 6А встр. торм ONI",СМ,True,16.00000,22.00000,9255.22000,9255.22000,,,2.00000,21.00000,,N,,,0.00000,0,,,,ШТ,2026-03-26 00:00:00,EKS000005811,N,,,,1.00000,2.00000,9255.22000,,КГ,Заказной,Третьяков С.М.,A150-33-22NT,ШТ,Выводится из ассортимента,ЭлектроОптТорг ООО,0.00000,0.00000,a.manokhin,Пакет интерфейса поставки:3095497d-86b1-47a8-8c7a-4c0c2c18ecf7,2026-03-24 10:43:11,321201,1996973,1.00000,2,,,,,,,,C,,Годен,,
1995284,WH1,,320706,New,End,,N,ЭКС,,,,,,,ЭКС-000008756   ,5962339.00000,ЭКС-000005807   ,,,False,646082,,,,"ПКТ-40Б У2, 5А, IP54, кнопка БЛОКИРОВКА с фиксацией (красная), стоп, вверх, вниз, влево, вправо, пос",СМ,,8.00000,27.00000,991.31000,1982.62000,,,0.20000,8.00000,,N,,,0.00000,0,,,,ШТ,2026-03-23 00:00:00,EKS000005807,N,,,,2.00000,0.40000,3965.24000,,КГ,Заказной,Третьяков С.М.,ET512632,ШТ,Заказной товар,ПО Электротехник ЗАО,0.00000,0.00000,n.bezrukov,Пакет интерфейса поставки:abadd5c9-7a0b-4db3-99dc-b45aaacbc367,2026-03-24 10:45:03,321197,1996968,2.00000,2,,,,,,,,C,,Годен,,
1995285,WH1,,320706,New,End,,N,ЭКС,,,,,,,ЭКС-000010651   ,5962338.00000,ЭКС-000005807   ,,,False,622114,,,,"ВП 16Г-23Б-231-55 У2.3, рычаг с роликом, без сальника, ход вправо, cамовозврат, 1з+1р, IP55, выключа",СМ,,8.00000,15.00000,692.08000,9689.12000,,,0.50000,8.00000,,N,,,0.00000,0,,,,ШТ,2026-03-23 00:00:00,EKS000005807,N,,,,14.00000,7.00000,135647.68000,,КГ,Заказной,Третьяков С.М.,ET001525,ШТ,Заказной товар,ПО Электротехник ЗАО,0.00000,0.00000,n.bezrukov,Пакет интерфейса поставки:abadd5c9-7a0b-4db3-99dc-b45aaacbc367,2026-03-24 10:45:03,321197,1996969,14.00000,2,,,,,,,,C,,Годен,,
1995286,WH1,,320707,New,End,,N,ЭКС,,,,,,,ЭКС-000010982   ,5962359.00000,ЭКС-000005821   ,,,False,180321,,,,"Кабель КППГнг(А)-HF 7х1,5",СМ,,2.00000,100.00000,152.10000,10647.00000,,,0.30000,2.00000,,Y,,,0.00000,0,,,,М,2026-03-24 00:00:00,EKS000005821,N,,,,70.00000,21.00000,745290.00000,,КГ,Заказной,Косолапова Л.В.,180321,М,Заказной товар,,0.00000,0.00000,a.savitskiy,Пакет интерфейса поставки:5ffa7ffa-7932-42ed-bc61-f13cf3466e2c,2026-03-24 10:47:12,321211,1996987,70.00000,1,,,01,,,,,C,,Годен,,
1995287,WH1,,320708,New,End,,N,ЭКС,,,,,,,ЭКС-000009637   ,5962340.00000,ЭКС-000005808   ,,,False,790696,,,,Грозозащита Ethernet с креплением на DIN SNR-SPNet-BP1010-IP20,СМ,False,2.00000,10.00000,1024.16000,5120.80000,,,0.07000,10.00000,,N,,,0.00000,0,,,,ШТ,2026-03-21 00:00:00,EKS000005808,N,,,,5.00000,0.35000,25604.00000,,КГ,Заказной,Самоличенко В.А.,SNR-SPNet-BP1010-IP20,ШТ,Заказной товар,НАГ ООО,0.00000,0.00000,a.manokhin,Пакет интерфейса поставки:f7dbbb54-0f27-4d78-8d5e-a8909d0cf1ab,2026-03-24 10:48:53,321198,1996970,5.00000,2,,,,,,,,C,,Годен,,
1995288,WH1,,320709,New,End,,N,ЭКС,,,,,,,,5962295.00000,ЭКС-000005803   ,,,False,429351,,,,"Лента COB-X378-8mm 24V Day4000 (11 W/m, IP20, 5m) (Arlight, -)",СМ,False,0.20000,100.00000,526.14000,105228.00000,,,0.00100,0.50000,,N,,,0.00000,0,,,,М,2026-03-31 00:00:00,EKS000005803,N,,,,200.00000,8.00000,21045600.00000,,КГ,Логунов Владимир Александ,Кузьмин М.С.,031884(3),М,Базовый,Арлайт РУС ООО,0.00000,0.00000,n.bezrukov,Пакет интерфейса поставки:bf8aa8b3-72cf-41d4-80e6-e349670b8888,2026-03-24 10:51:15,321193,1996915,200.00000,2,,,,,,,,C,,Годен,,
1995289,WH1,,320709,New,End,,N,ЭКС,,,,,,,ЭКС-000011032   ,5962263.00000,ЭКС-000005803   ,,,False,862565,,,,"Выключатель 1кл мех-м проходной быстрозаж.клем. SWT-NOBE-MKP1-SFPL-GD (230V, 10A) Arlight NOBE Золот",СМ,False,4.00000,8.00000,453.66000,453.66000,,,0.10000,8.00000,,N,,,0.00000,0,,,,ШТ,2026-03-31 00:00:00,EKS000005803,N,,,,1.00000,0.10000,453.66000,,КГ,Заказной,Кузьмин М.С.,054247,ШТ,Заказной товар,Арлайт РУС ООО,0.00000,0.00000,n.bezrukov,Пакет интерфейса поставки:bf8aa8b3-72cf-41d4-80e6-e349670b8888,2026-03-24 10:51:15,321193,1996919,1.00000,2,,,,,,,,C,,Годен,,
1995290,WH1,,320709,New,End,,N,ЭКС,,,,,,,ЭКС-000011032   ,5962264.00000,ЭКС-000005803   ,,,False,862537,,,,"Рамка 2-пост, пластик горизонт. FRM-NOBE-SFPL-2-GD Arlight NOBE Золото светлое",СМ,False,1.00000,15.00000,215.16000,860.64000,,,0.02000,9.00000,,N,,,0.00000,0,,,,ШТ,2026-03-31 00:00:00,EKS000005803,N,,,,4.00000,0.08000,3442.56000,,КГ,Заказной,Кузьмин М.С.,054217,ШТ,Заказной товар,Арлайт РУС ООО,0.00000,0.00000,n.bezrukov,Пакет интерфейса поставки:bf8aa8b3-72cf-41d4-80e6-e349670b8888,2026-03-24 10:51:15,321193,1996921,4.00000,2,,,,,,,,C,,Годен,,
1995291,WH1,,320709,New,End,,N,ЭКС,,,,,,,ЭКС-000011032   ,5962265.00000,ЭКС-000005803   ,,,False,862533,,,,"Рамка 1-пост, пластик горизонт. FRM-NOBE-SFPL-1-GD Arlight NOBE Золото светлое",СМ,False,1.00000,9.00000,111.99000,783.93000,,,0.01000,9.00000,,N,,,0.00000,0,,,,ШТ,2026-03-31 00:00:00,EKS000005803,N,,,,7.00000,0.07000,5487.51000,,КГ,Заказной,Кузьмин М.С.,054213,ШТ,Заказной товар,Арлайт РУС ООО,0.00000,0.00000,n.bezrukov,Пакет интерфейса поставки:bf8aa8b3-72cf-41d4-80e6-e349670b8888,2026-03-24 10:51:15,321193,1996922,7.00000,2,,,,,,,,C,,Годен,,
1995292,WH1,,320709,New,End,,N,ЭКС,,,,,,,ЭКС-000011032   ,5962266.00000,ЭКС-000005803   ,,,False,862596,,,,"Розетка мех-м с ЗК со шт. быстрозаж.клем. SCT-NOBE-MEU1-SFPL-GD (230V, 16A) Arlight NOBE Золото свет",СМ,False,4.00000,8.00000,391.16000,3911.60000,,,0.10000,8.00000,,N,,,0.00000,0,,,,ШТ,2026-03-31 00:00:00,EKS000005803,N,,,,10.00000,1.08000,39116.00000,,КГ,Заказной,Кузьмин М.С.,054278,ШТ,Заказной товар,Арлайт РУС ООО,0.00000,0.00000,n.bezrukov,Пакет интерфейса поставки:bf8aa8b3-72cf-41d4-80e6-e349670b8888,2026-03-24 10:51:15,321193,1996917,10.00000,2,,,,,,,,C,,Годен,,
1995293,WH1,,320709,New,End,,N,ЭКС,,,,,,,ЭКС-000011032   ,5962267.00000,ЭКС-000005803   ,,,False,862562,,,,"Выключатель 1кл мех-м быстрозаж.клем. SWT-NOBE-MK01-SFPL-GD (230V, 10A) Arlight NOBE Золото светлое",СМ,False,4.00000,8.00000,365.01000,1095.03000,,,0.10000,8.00000,,N,,,0.00000,0,,,,ШТ,2026-03-31 00:00:00,EKS000005803,N,,,,3.00000,0.30000,3285.09000,,КГ,Заказной,Кузьмин М.С.,054244,ШТ,Заказной товар,Арлайт РУС ООО,0.00000,0.00000,n.bezrukov,Пакет интерфейса поставки:bf8aa8b3-72cf-41d4-80e6-e349670b8888,2026-03-24 10:51:15,321193,1996920,3.00000,2,,,,,,,,C,,Годен,,
1995294,WH1,,320709,New,End,,N,ЭКС,,,,,,,ЭКС-000011032   ,5962268.00000,ЭКС-000005803   ,,,False,862571,,,,"Выключатель 2кл мех-м быстрозаж.клем. SWT-NOBE-MK02-SFPL-GD (230V, 10A) Arlight NOBE Золото светлое",СМ,False,4.00000,8.00000,459.93000,2299.65000,,,0.10000,8.00000,,N,,,0.00000,0,,,,ШТ,2026-03-31 00:00:00,EKS000005803,N,,,,5.00000,0.50000,11498.25000,,КГ,Заказной,Кузьмин М.С.,054253,ШТ,Заказной товар,Арлайт РУС ООО,0.00000,0.00000,n.bezrukov,Пакет интерфейса поставки:bf8aa8b3-72cf-41d4-80e6-e349670b8888,2026-03-24 10:51:15,321193,1996918,5.00000,2,,,,,,,,C,,Годен,,
1995295,WH1,,320709,New,End,,N,ЭКС,,,,,,,ЭКС-000011092   ,5962269.00000,ЭКС-000005803   ,,,False,686102,,,,"Arlight Блок питания ARV-SP-24020-FLAT-B (24V, 0.83A, 20W) (IP20 Пластик, 5 лет)",СМ,False,2.00000,11.00000,703.14000,703.14000,,,0.20000,4.00000,,N,,,0.00000,0,,,,ШТ,2026-03-31 00:00:00,EKS000005803,N,,,,1.00000,0.20000,703.14000,,КГ,Заказной,Кузьмин М.С.,029375(1),ШТ,Заказной товар,Арлайт РУС ООО,0.00000,0.00000,n.bezrukov,Пакет интерфейса поставки:bf8aa8b3-72cf-41d4-80e6-e349670b8888,2026-03-24 10:51:15,321193,1996930,1.00000,2,,,,,,,,C,,Годен,,
1995296,WH1,,320709,New,End,,N,ЭКС,,,,,,,ЭКС-000011092   ,5962270.00000,ЭКС-000005803   ,,,False,559264,,,,"Arlight Светодиодная лента MINI-F60-5mm 24V RGB (6 W/m, IP20, 3535, 5m) (узкая)",СМ,False,0.30000,100.00000,612.15000,3060.75000,,,0.01000,1.00000,,N,,,0.00000,0,,,,М,2026-03-31 00:00:00,EKS000005803,N,,,,5.00000,0.10000,15303.75000,,КГ,Заказной,Кузьмин М.С.,025706(2),М,Заказной товар,Арлайт РУС ООО,0.00000,0.00000,n.bezrukov,Пакет интерфейса поставки:bf8aa8b3-72cf-41d4-80e6-e349670b8888,2026-03-24 10:51:15,321193,1996907,5.00000,2,,,,,,,,C,,Годен,,
1995297,WH1,,320709,New,End,,N,ЭКС,,,,,,,ЭКС-000011092   ,5962271.00000,ЭКС-000005803   ,,,False,399662,,,,"Блок питания ARPV-LG24200-PFC-A (24V, 8.3A, 200W) (Arlight, IP67 Металл, 5 лет)",СМ,False,5.00000,24.00000,4927.01000,4927.01000,,,0.90000,9.00000,,N,,,0.00000,0,,,,ШТ,2026-03-31 00:00:00,EKS000005803,N,,,,1.00000,0.90000,4927.01000,,КГ,Заказной,Кузьмин М.С.,030019,ШТ,Заказной товар,Арлайт РУС ООО,0.00000,0.00000,n.bezrukov,Пакет интерфейса поставки:bf8aa8b3-72cf-41d4-80e6-e349670b8888,2026-03-24 10:51:15,321193,1996903,1.00000,2,,,,,,,,C,,Годен,,
1995298,WH1,,320709,New,End,,N,ЭКС,,,,,,,ЭКС-000011092   ,5962272.00000,ЭКС-000005803   ,,,False,357720,,,,"Блок питания ARPV-24015-B (24V, 0.6A, 15W) (Arlight, IP67 Металл, 3 года)",СМ,False,3.00000,12.00000,618.42000,618.42000,,,0.20000,3.00000,,N,,,0.00000,0,,,,ШТ,2026-03-31 00:00:00,EKS000005803,N,,,,1.00000,0.20000,618.42000,,КГ,Логунов Владимир Александ,Кузьмин М.С.,022897,ШТ,Товар филиала,Арлайт РУС ООО,0.00000,0.00000,n.bezrukov,Пакет интерфейса поставки:bf8aa8b3-72cf-41d4-80e6-e349670b8888,2026-03-24 10:51:15,321193,1996906,1.00000,2,,,,,,,,C,,Годен,,
1995299,WH1,,320709,New,End,,N,ЭКС,,,,,,,ЭКС-000011092   ,5962273.00000,ЭКС-000005803   ,,,False,451992,,,,"Arlight Светодиодная лента герметичная RTW-SE-A60-8mm 24V Warm3000 (7.2 W/m, IP65, 2835, 5m) (ARL, -",СМ,False,0.30000,100.00000,391.23000,1956.15000,,,0.02000,0.50000,,N,,,0.00000,0,,,,М,2026-03-31 00:00:00,EKS000005803,N,,,,5.00000,0.14000,9780.75000,,КГ,Заказной,Кузьмин М.С.,020525(2),М,Заказной товар,Арлайт РУС ООО,0.00000,0.00000,n.bezrukov,Пакет интерфейса поставки:bf8aa8b3-72cf-41d4-80e6-e349670b8888,2026-03-24 10:51:15,321193,1996913,5.00000,2,,,,,,,,C,,Годен,,
1995300,WH1,,320709,New,End,,N,ЭКС,,,,,,,ЭКС-000011092,5962274.00000,ЭКС-000005803,,,False,679080,,,,"Профиль STRETCH-SHADOW-2000 WHITE (A2-CONTOUR-PRO) (Arlight, Алюминий)",СМ,False,1.50000,100.00000,489.88000,2939.28000,,,0.30000,6.00000,,N,Y,,0.00000,0,,,,М,2026-03-31 00:00:00,EKS000005803,N,,,,6.00000,1.80000,17635.68000,,КГ,Заказной,Кузьмин М.С.,042559,М,Заказной товар,Арлайт РУС ООО,0.00000,0.00000,n.bezrukov,Пакет интерфейса поставки:bf8aa8b3-72cf-41d4-80e6-e349670b8888,2026-03-24 10:51:15,321193,1996931,6.00000,2,,,,,,,Long 2,C,,Годен,,
1995301,WH1,,320709,New,End,,N,ЭКС,,,,,,,ЭКС-000011092   ,5962275.00000,ЭКС-000005803   ,,,False,595753,,,,"Arlight Светодиодная лента RT-A240-15mm 24V Day4000 (19.2 W/m, IP20, 2835, 5m) (ARL, Открытый)",СМ,False,0.40000,100.00000,802.70000,12040.50000,,,0.02000,1.00000,,N,,,0.00000,0,,,,М,2026-03-31 00:00:00,EKS000005803,N,,,,15.00000,1.50000,180607.50000,,КГ,Заказной,Кузьмин М.С.,013474(2),М,Заказной товар,Арлайт РУС ООО,0.00000,0.00000,n.bezrukov,Пакет интерфейса поставки:bf8aa8b3-72cf-41d4-80e6-e349670b8888,2026-03-24 10:51:15,321193,1996900,15.00000,2,,,,,,,,C,,Годен,,
1995302,WH1,,320709,New,End,,N,ЭКС,,,,,,,ЭКС-000011092   ,5962276.00000,ЭКС-000005803   ,,,False,679058,,,,Arlight Профиль STRETCH-S-50-CEIL-CENTER-2000 (GAMMA50) (Алюминий),СМ,False,3.00000,100.00000,719.32000,10070.48000,,,1.00000,6.00000,,N,,,0.00000,0,,,,М,2026-03-31 00:00:00,EKS000005803,N,,,,14.00000,14.00000,140986.72000,,КГ,Заказной,Кузьмин М.С.,040700,М,Заказной товар,Арлайт РУС ООО,0.00000,0.00000,n.bezrukov,Пакет интерфейса поставки:bf8aa8b3-72cf-41d4-80e6-e349670b8888,2026-03-24 10:51:15,321193,1996932,14.00000,2,,,,,,,Long 2,C,,Годен,,
1995303,WH1,,320709,New,End,,N,ЭКС,,,,,,,ЭКС-000011092   ,5962277.00000,ЭКС-000005803   ,,,False,435358,,,,"Контроллер SMART-MINI-RGB-SET (12-24V, 3x1.5A, ПДУ 24кн, IR) (ARL, IP20 Пластик, 5 лет)",СМ,False,2.00000,10.00000,768.10000,768.10000,,,0.05000,5.00000,,N,,,0.00000,0,,,,ШТ,2026-03-31 00:00:00,EKS000005803,N,,,,1.00000,0.05000,768.10000,,КГ,Логунов Владимир Александ,Кузьмин М.С.,031594,ШТ,Товар филиала,Арлайт РУС ООО,0.00000,0.00000,n.bezrukov,Пакет интерфейса поставки:bf8aa8b3-72cf-41d4-80e6-e349670b8888,2026-03-24 10:51:15,321193,1996914,1.00000,2,,,,,,,,C,,Годен,,
1995304,WH1,,320709,New,End,,N,ЭКС,,,,,,,ЭКС-000011092   ,5962296.00000,ЭКС-000005803   ,,,False,758236,,,,Arlight Экран STRETCH-S-50-CEIL-CENTER-10m OPAL (GAMMA50) (-),СМ,,0.30000,100.00000,396.87000,7937.40000,,,0.08000,5.00000,,N,,,0.00000,0,,,,М,2026-03-31 00:00:00,EKS000005803,N,,,,20.00000,1.48000,158748.00000,,КГ,Заказной,Кузьмин М.С.,046943,М,Заказной товар,Арлайт РУС ООО,0.00000,0.00000,n.bezrukov,Пакет интерфейса поставки:bf8aa8b3-72cf-41d4-80e6-e349670b8888,2026-03-24 10:51:15,321193,1996927,20.00000,2,,,,,,,,C,,Годен,,
1995305,WH1,,320709,New,End,,N,ЭКС,,,,,,,ЭКС-000011251   ,5962278.00000,ЭКС-000005803   ,,,False,806387,,,,"Arlight Светильник SP-ARTEMIS-SURFACE-FLAP-R55-12W Warm3000 (WH, 8-80 deg, 230V) (IP20 Металл, 5 лет",СМ,,7.00000,17.00000,3507.60000,3507.60000,,,0.48000,14.00000,,N,,,0.00000,0,,,,ШТ,2026-03-31 00:00:00,EKS000005803,N,,,,1.00000,0.48000,3507.60000,,КГ,Заказной,Кузьмин М.С.,051791,ШТ,Заказной товар,Арлайт РУС ООО,0.00000,0.00000,n.bezrukov,Пакет интерфейса поставки:bf8aa8b3-72cf-41d4-80e6-e349670b8888,2026-03-24 10:51:15,321193,1996926,1.00000,2,,,,,,,,C,,Годен,,
1995306,WH1,,320709,New,End,,N,ЭКС,,,,,,,ЭКС-000011304   ,5962279.00000,ЭКС-000005803   ,,,False,691972,,,,"Arlight Экран MAT-L-10000 матовый для PDS, MIC (Пластик)",СМ,False,0.30000,100.00000,491.12000,4911.20000,,,0.01000,1.50000,,N,,,0.00000,0,,,,М,2026-03-31 00:00:00,EKS000005803,N,,,,10.00000,0.20000,49112.00000,,КГ,Заказной,Кузьмин М.С.,036118,М,Заказной товар,Арлайт РУС ООО,0.00000,0.00000,n.bezrukov,Пакет интерфейса поставки:bf8aa8b3-72cf-41d4-80e6-e349670b8888,2026-03-24 10:51:15,321193,1996929,10.00000,2,,,,,,,,C,,Годен,,
1995307,WH1,,320709,New,End,,N,ЭКС,,,,,,,ЭКС-000011304,5962280.00000,ЭКС-000005803,,,False,520867,,,,Arlight Профиль MIC-H-COMFY-2000 ANOD (Алюминий),СМ,False,1.50000,100.00000,830.94000,8309.40000,,,0.08000,1.50000,,N,Y,,0.00000,0,,,,М,2026-03-31 00:00:00,EKS000005803,N,,,,10.00000,0.80000,83094.00000,,КГ,Акулинский Петр Иванович,Кузьмин М.С.,029844,М,Товар филиала,Арлайт РУС ООО,0.00000,0.00000,n.bezrukov,Пакет интерфейса поставки:bf8aa8b3-72cf-41d4-80e6-e349670b8888,2026-03-24 10:51:15,321193,1996910,10.00000,2,,,,,,,Long 2,C,,Годен,,
1995308,WH1,,320709,New,End,,N,ЭКС,,,,,,,ЭКС-000011345   ,5962281.00000,ЭКС-000005803   ,,,False,531427,,,,"Панель IM-S600x600-40W Day4000 (WH, 120 deg, 230V) (Arlight, IP40 Металл, 3 года)",СМ,False,5.00000,65.00000,4317.05000,38853.45000,,,2.00000,68.00000,,N,,,0.00000,0,,,,ШТ,2026-03-31 00:00:00,EKS000005803,N,,,,9.00000,19.00000,349681.05000,,КГ,Заказной,Косова Т.В.,023145(2),ШТ,Заказной товар,Арлайт РУС ООО,0.00000,0.00000,n.bezrukov,Пакет интерфейса поставки:bf8aa8b3-72cf-41d4-80e6-e349670b8888,2026-03-24 10:51:15,321193,1996908,9.00000,2,,,,,,,,C,,Годен,,
1995309,WH1,,320709,New,End,,N,ЭКС,,,,,,,ЭКС-000011345   ,5962282.00000,ЭКС-000005803   ,,,False,605219,,,,"Arlight Блок питания ARJ-SP-40-PFC-1-10V-DALI2-PD (40W, 700-1200mA) (IP20 Пластик, 5 лет)",СМ,False,4.00000,21.00000,2441.83000,21976.47000,,,0.24000,6.00000,,N,,,0.00000,0,,,,ШТ,2026-03-31 00:00:00,EKS000005803,N,,,,9.00000,2.16000,197788.23000,,КГ,Заказной,Кузьмин М.С.,025125(1),ШТ,Заказной товар,Арлайт РУС ООО,0.00000,0.00000,n.bezrukov,Пакет интерфейса поставки:bf8aa8b3-72cf-41d4-80e6-e349670b8888,2026-03-24 10:51:15,321193,1996933,9.00000,2,,,,,,,,C,,Годен,,
1995310,WH1,,320709,New,End,,N,ЭКС,,,,,,,ЭКС-000011358   ,5962283.00000,ЭКС-000005803   ,,,False,497229,,,,"Arlight Блок питания ARPV-12100-A1 (12V, 8.3A, 100W) (IP67 Металл, 3 года)",СМ,False,4.00000,18.00000,2564.80000,5129.60000,,,0.20000,5.50000,,N,,,0.00000,0,,,,ШТ,2026-03-31 00:00:00,EKS000005803,N,,,,2.00000,0.40000,10259.20000,,КГ,Логунов Владимир Александ,Кузьмин М.С.,032316,ШТ,Товар филиала,Арлайт РУС ООО,0.00000,0.00000,n.bezrukov,Пакет интерфейса поставки:bf8aa8b3-72cf-41d4-80e6-e349670b8888,2026-03-24 10:51:15,321193,1996912,2.00000,2,,,,,,,,C,,Годен,,
1995311,WH1,,320709,New,End,,N,ЭКС,,,,,,,ЭКС-000011358   ,5962284.00000,ЭКС-000005803   ,,,False,423155,,,,"Arlight Блок питания ARPV-12200-B1 (12V, 16,7A, 200W)",СМ,False,7.00000,27.00000,3909.58000,23457.48000,,,0.50000,9.00000,,N,,,0.00000,0,,,,ШТ,2026-03-31 00:00:00,EKS000005803,N,,,,6.00000,3.00000,140744.88000,,КГ,Заказной,Кузьмин М.С.,028784,ШТ,Заказной товар,Арлайт РУС ООО,0.00000,0.00000,n.bezrukov,Пакет интерфейса поставки:bf8aa8b3-72cf-41d4-80e6-e349670b8888,2026-03-24 10:51:15,321193,1996916,6.00000,2,,,,,,,,C,,Годен,,
1995312,WH1,,320709,New,End,,N,ЭКС,,,,,,,ЭКС-000011358   ,5962285.00000,ЭКС-000005803   ,,,False,501882,,,,"Arlight Блок питания ARPV-12250-A1 (12V, 21A, 252W) (IP67 Металл, 3 года)",СМ,False,4.00000,24.00000,4157.30000,8314.60000,,,0.30000,8.00000,,N,,,0.00000,0,,,,ШТ,2026-03-31 00:00:00,EKS000005803,N,,,,2.00000,0.60000,16629.20000,,КГ,Заказной,Кузьмин М.С.,031513,ШТ,Заказной товар,Арлайт РУС ООО,0.00000,0.00000,n.bezrukov,Пакет интерфейса поставки:bf8aa8b3-72cf-41d4-80e6-e349670b8888,2026-03-24 10:51:15,321193,1996911,2.00000,2,,,,,,,,C,,Годен,,
1995313,WH1,,320709,New,End,,N,ЭКС,,,,,,,ЭКС-000011358   ,5962286.00000,ЭКС-000005803   ,,,False,595290,,,,"Arlight Светодиодная лента RT-A60-8mm 12V Warm3000 (4.8 W/m, IP20, 2835, 5m) (Открытый)",СМ,False,0.20000,100.00000,249.58000,37437.00000,,,0.01000,0.50000,,N,,,0.00000,0,,,,М,2026-03-31 00:00:00,EKS000005803,N,,,,150.00000,3.00000,5615550.00000,,КГ,Заказной,Кузьмин М.С.,024092(2),М,Заказной товар,Арлайт РУС ООО,0.00000,0.00000,n.bezrukov,Пакет интерфейса поставки:bf8aa8b3-72cf-41d4-80e6-e349670b8888,2026-03-24 10:51:15,321193,1996901,150.00000,2,,,,,,,,C,,Годен,,
1995314,WH1,,320709,New,End,,N,ЭКС,,,,,,,ЭКС-000011433   ,5962287.00000,ЭКС-000005803   ,,,False,373371,,,,Arlight Заглушка PIK-1007 глухая,СМ,False,0.50000,0.50000,86.81000,868.10000,,,0.01000,0.50000,,N,,,0.00000,0,,,,ШТ,2026-03-31 00:00:00,EKS000005803,N,,,,10.00000,0.01000,8681.00000,,КГ,Заказной,Кузьмин М.С.,023988,ШТ,Заказной товар,Арлайт РУС ООО,0.00000,0.00000,n.bezrukov,Пакет интерфейса поставки:bf8aa8b3-72cf-41d4-80e6-e349670b8888,2026-03-24 10:51:15,321193,1996905,10.00000,2,,,,,,,,C,,Годен,,
1995315,WH1,,320709,New,End,,N,ЭКС,,,,,,,ЭКС-000011433   ,5962288.00000,ЭКС-000005803   ,,,False,387945,,,,Arlight Заглушка SL-SLIM-H7 глухая,СМ,False,1.00000,2.00000,130.22000,130.22000,,,0.00300,2.00000,,N,,,0.00000,0,,,,КТ,2026-03-31 00:00:00,EKS000005803,N,,,,1.00000,0.00300,130.22000,,КГ,Заказной,Кузьмин М.С.,024475,КТ,Заказной товар,Арлайт РУС ООО,0.00000,0.00000,n.bezrukov,Пакет интерфейса поставки:bf8aa8b3-72cf-41d4-80e6-e349670b8888,2026-03-24 10:51:15,321193,1996904,1.00000,2,,,,,,,,C,,Годен,,
1995316,WH1,,320709,New,End,,N,ЭКС,,,,,,,ЭКС-000011433   ,5962289.00000,ЭКС-000005803   ,,,False,560519,,,,Arlight Экран SL-W15-3000 OPAL (Пластик),СМ,False,0.50000,100.00000,173.63000,2083.56000,,,0.01000,1.50000,,N,,,0.00000,0,,,,М,2026-03-31 00:00:00,EKS000005803,N,,,,12.00000,0.12000,25002.72000,,КГ,Заказной,Кузьмин М.С.,036034,М,Заказной товар,Арлайт РУС ООО,0.00000,0.00000,n.bezrukov,Пакет интерфейса поставки:bf8aa8b3-72cf-41d4-80e6-e349670b8888,2026-03-24 10:51:15,321193,1996902,12.00000,2,,,,,,,Long 3,C,,Годен,,
1995317,WH1,,320709,New,End,,N,ЭКС,,,,,,,ЭКС-000011433   ,5962290.00000,ЭКС-000005803   ,,,False,522680,,,,Arlight Профиль SL-SLIM-H7-3000 ANOD (Алюминий),СМ,False,1.00000,100.00000,226.96000,2723.52000,,,0.10000,2.00000,,N,,,0.00000,0,,,,М,2026-03-31 00:00:00,EKS000005803,N,,,,12.00000,1.20000,32682.24000,,КГ,Заказной,Кузьмин М.С.,036033,М,Заказной товар,Арлайт РУС ООО,0.00000,0.00000,n.bezrukov,Пакет интерфейса поставки:bf8aa8b3-72cf-41d4-80e6-e349670b8888,2026-03-24 10:51:15,321193,1996909,12.00000,2,,,,,,,,C,,Годен,,
1995318,WH1,,320709,New,End,,N,ЭКС,,,,,,,ЭКС-000011433   ,5962291.00000,ЭКС-000005803   ,,,False,855073,,,,Лента светодиодная герметичная COB-PS-X400-7mm 24В Warm3000 (7.2Вт/м IP67 CSP),СМ,False,0.10000,100.00000,920.75000,4603.75000,,,0.01000,1.00000,,N,,,0.00000,0,,,,М,2026-03-31 00:00:00,EKS000005803,N,,,,5.00000,0.30000,23018.75000,,КГ,Заказной,Кузьмин М.С.,041699,М,Заказной товар,Арлайт РУС ООО,0.00000,0.00000,n.bezrukov,Пакет интерфейса поставки:bf8aa8b3-72cf-41d4-80e6-e349670b8888,2026-03-24 10:51:15,321193,1996923,5.00000,2,,,,,,,,C,,Годен,,
1995319,WH1,,320709,New,End,,N,ЭКС,,,,,,,ЭКС-000011433   ,5962292.00000,ЭКС-000005803   ,,,False,811324,,,,"Лента COB-X320-8mm 24V Warm3000 (8 W/m, IP20, 5m) (Arlight, -)",СМ,False,0.50000,100.00000,315.68000,4735.20000,,,0.04000,1.00000,,N,,,0.00000,0,,,,М,2026-03-31 00:00:00,EKS000005803,N,,,,15.00000,0.30000,71028.00000,,КГ,Заказной,Кузьмин М.С.,039022(1),М,Заказной товар,Арлайт РУС ООО,0.00000,0.00000,n.bezrukov,Пакет интерфейса поставки:bf8aa8b3-72cf-41d4-80e6-e349670b8888,2026-03-24 10:51:15,321193,1996924,15.00000,2,,,,,,,,C,,Годен,,
1995320,WH1,,320709,New,End,,N,ЭКС,,,,,,,ЭКС-000011433   ,5962293.00000,ЭКС-000005803   ,,,False,808289,,,,Arlight Профиль MIC-M-2000 (Алюминий),СМ,False,0.50000,100.00000,363.38000,726.76000,,,0.25000,1.50000,,N,,,0.00000,0,,,,М,2026-03-31 00:00:00,EKS000005803,N,,,,2.00000,0.50000,1453.52000,,КГ,Заказной,Кузьмин М.С.,044530,М,Заказной товар,Арлайт РУС ООО,0.00000,0.00000,n.bezrukov,Пакет интерфейса поставки:bf8aa8b3-72cf-41d4-80e6-e349670b8888,2026-03-24 10:51:15,321193,1996925,2.00000,2,,,,,,,,C,,Годен,,
1995321,WH1,,320709,New,End,,N,ЭКС,,,,,,,ЭКС-000011433   ,5962294.00000,ЭКС-000005803   ,,,False,751209,,,,"Заглушка для MIC-M глухая (Arlight, Пластик)",СМ,False,0.50000,16.00000,192.23000,192.23000,,,0.01000,8.00000,,N,,,0.00000,0,,,,КТ,2026-03-31 00:00:00,EKS000005803,N,,,,1.00000,0.01000,192.23000,,КГ,Заказной,Кузьмин М.С.,044532,КТ,Заказной товар,Арлайт РУС ООО,0.00000,0.00000,n.bezrukov,Пакет интерфейса поставки:bf8aa8b3-72cf-41d4-80e6-e349670b8888,2026-03-24 10:51:15,321193,1996928,1.00000,2,,,,,,,,C,,Годен,,
1995322,WH1,,320710,New,End,,N,ЭКС,,,,,,,ЭКС-000010267   ,5962342.00000,ЭКС-000005810   ,,,False,600835,,,,УЗИП РИФ-Э-I+II 255/25 (3+1),СМ,False,7.00000,14.00000,31542.09000,63084.18000,,,0.86000,9.00000,,N,,,0.00000,0,,,,ШТ,2026-03-19 00:00:00,EKS000005810,N,,,,2.00000,1.72000,126168.36000,,КГ,Заказной,Шаповалов П.Г.,114002,ШТ,Заказной товар,СТРИМЕР АО НПО,0.00000,0.00000,a.manokhin,Пакет интерфейса поставки:bf8aa8b3-72cf-41d4-80e6-e349670b8888,2026-03-24 10:51:22,321200,1996972,2.00000,2,,,,,,,,C,,Годен,,
1995323,WH1,,320711,New,End,,N,ЭКС,,,,,,,,5962232.00000,ЭКС-000005802   ,,,False,266791,,,,"Мат греющий CLIMATIQ-0,5, 75Вт 0,5м2",СМ,,15.00000,52.00000,1110.25000,5551.25000,,,1.00000,15.00000,,N,,,0.00000,0,,,,ШТ,2026-03-26 00:00:00,EKS000005802,N,,,,5.00000,5.00000,27756.25000,,КГ,Коробейников Николай Алек,Козлова М.А.,IQ206006,ШТ,Базовый,СМАРТ ХИТ ООО,0.00000,0.00000,a.manokhin,Пакет интерфейса поставки:de5d6ff0-00f6-4c70-8d8c-5772e7557f01,2026-03-24 10:53:00,321192,1996878,5.00000,2,,,,,,,,C,,Годен,,
1995324,WH1,,320711,New,End,,N,ЭКС,,,,,,,,5962233.00000,ЭКС-000005802   ,,,False,266792,,,,"Мат греющий CLIMATIQ-1,0, 150Вт 1,0м2",СМ,,15.00000,52.00000,1290.98000,6454.90000,,,1.10000,15.00000,,N,,,0.00000,0,,,,ШТ,2026-03-26 00:00:00,EKS000005802,N,,,,5.00000,5.50000,32274.50000,,КГ,Коробейников Николай Алек,Козлова М.А.,IQ206013,ШТ,Базовый,СМАРТ ХИТ ООО,0.00000,0.00000,a.manokhin,Пакет интерфейса поставки:de5d6ff0-00f6-4c70-8d8c-5772e7557f01,2026-03-24 10:53:00,321192,1996877,5.00000,2,,,,,,,,C,,Годен,,
1995325,WH1,,320711,New,End,,N,ЭКС,,,,,,,,5962234.00000,ЭКС-000005802   ,,,False,266793,,,,"Мат греющий CLIMATIQ-1,5, 225Вт 1,5м2",СМ,,15.00000,50.00000,1597.13000,7985.65000,,,1.00000,15.00000,,N,,,0.00000,0,,,,ШТ,2026-03-26 00:00:00,EKS000005802,N,,,,5.00000,5.00000,39928.25000,,КГ,Коробейников Николай Алек,Козлова М.А.,IQ206020,ШТ,Базовый,СМАРТ ХИТ ООО,0.00000,0.00000,a.manokhin,Пакет интерфейса поставки:de5d6ff0-00f6-4c70-8d8c-5772e7557f01,2026-03-24 10:53:00,321192,1996876,5.00000,2,,,,,,,,C,,Годен,,
1995326,WH1,,320711,New,End,,N,ЭКС,,,,,,,,5962235.00000,ЭКС-000005802   ,,,False,266794,,,,"Мат греющий CLIMATIQ-2,0, 300Вт 2,0м2",СМ,,15.00000,50.00000,1918.03000,23016.36000,,,1.00000,15.00000,,N,,,0.00000,0,,,,ШТ,2026-03-26 00:00:00,EKS000005802,N,,,,12.00000,18.00000,276196.32000,,КГ,Коробейников Николай Алек,Козлова М.А.,IQ206037,ШТ,Базовый,СМАРТ ХИТ ООО,0.00000,0.00000,a.manokhin,Пакет интерфейса поставки:de5d6ff0-00f6-4c70-8d8c-5772e7557f01,2026-03-24 10:53:00,321192,1996875,12.00000,2,,,,,,,,C,,Годен,,
1995327,WH1,,320711,New,End,,N,ЭКС,,,,,,,,5962236.00000,ЭКС-000005802   ,,,False,266795,,,,"Мат греющий CLIMATIQ-2,5, 375Вт 2,5м2",СМ,,15.00000,52.00000,2220.49000,15543.43000,,,1.80000,15.00000,,N,,,0.00000,0,,,,ШТ,2026-03-26 00:00:00,EKS000005802,N,,,,7.00000,12.60000,108804.01000,,КГ,Коробейников Николай Алек,Козлова М.А.,IQ206044,ШТ,Базовый,СМАРТ ХИТ ООО,0.00000,0.00000,a.manokhin,Пакет интерфейса поставки:de5d6ff0-00f6-4c70-8d8c-5772e7557f01,2026-03-24 10:53:00,321192,1996888,7.00000,2,,,,,,,,C,,Годен,,
1995328,WH1,,320711,New,End,,N,ЭКС,,,,,,,,5962237.00000,ЭКС-000005802   ,,,False,266797,,,,"Мат греющий CLIMATIQ-3,5, 525Вт 3,5м2",СМ,,15.00000,52.00000,2965.57000,8896.71000,,,1.50000,15.00000,,N,,,0.00000,0,,,,ШТ,2026-03-26 00:00:00,EKS000005802,N,,,,3.00000,4.50000,26690.13000,,КГ,Коробейников Николай Алек,Козлова М.А.,IQ206068,ШТ,Базовый,СМАРТ ХИТ ООО,0.00000,0.00000,a.manokhin,Пакет интерфейса поставки:de5d6ff0-00f6-4c70-8d8c-5772e7557f01,2026-03-24 10:53:00,321192,1996887,3.00000,2,,,,,,,,C,,Годен,,
1995329,WH1,,320711,New,End,,N,ЭКС,,,,,,,,5962238.00000,ЭКС-000005802   ,,,False,266800,,,,"Мат греющий CLIMATIQ-5,0, 750Вт 5,0м2",СМ,,20.00000,52.00000,3872.95000,7745.90000,,,2.00000,20.00000,,N,,,0.00000,0,,,,ШТ,2026-03-26 00:00:00,EKS000005802,N,,,,2.00000,4.00000,15491.80000,,КГ,Коробейников Николай Алек,Козлова М.А.,IQ206099,ШТ,Базовый,СМАРТ ХИТ ООО,0.00000,0.00000,a.manokhin,Пакет интерфейса поставки:de5d6ff0-00f6-4c70-8d8c-5772e7557f01,2026-03-24 10:53:00,321192,1996886,2.00000,2,,,,,,,,C,,Годен,,
1995330,WH1,,320711,New,End,,N,ЭКС,,,,,,,,5962239.00000,ЭКС-000005802   ,,,False,318321,,,,Терморегулятор CLIMATIQ BT мех. белый (модель RTC 70.26),СМ,,6.50000,10.00000,377.05000,33934.50000,,,0.30000,9.50000,,N,,,0.00000,0,,,,ШТ,2026-03-26 00:00:00,EKS000005802,N,,,,90.00000,21.60000,3054105.00000,,КГ,Коробейников Николай Алек,Козлова М.А.,IQ20616,ШТ,Базовый,СМАРТ ХИТ ООО,0.00000,0.00000,a.manokhin,Пакет интерфейса поставки:de5d6ff0-00f6-4c70-8d8c-5772e7557f01,2026-03-24 10:53:00,321192,1996885,90.00000,2,,,,,,,,A,,Годен,,
1995331,WH1,,320711,New,End,,N,ЭКС,,,,,,,,5962240.00000,ЭКС-000005802   ,,,False,391461,,,,Терморегулятор CLIMATIQ PT электр. прогр. слоновая кость,СМ,,7.00000,10.00000,1283.61000,6418.05000,,,0.34000,9.50000,,N,,,0.00000,0,,,,ШТ,2026-03-26 00:00:00,EKS000005802,N,,,,5.00000,1.70000,32090.25000,,КГ,Коробейников Николай Алек,Козлова М.А.,IQ20666,ШТ,Базовый,СМАРТ ХИТ ООО,0.00000,0.00000,a.manokhin,Пакет интерфейса поставки:de5d6ff0-00f6-4c70-8d8c-5772e7557f01,2026-03-24 10:53:00,321192,1996884,5.00000,2,,,,,,,,C,,Годен,,
1995332,WH1,,320711,New,End,,N,ЭКС,,,,,,,,5962241.00000,ЭКС-000005802   ,,,False,392734,,,,Терморегулятор CLIMATIQ BT мех. слоновая кость (модель RTC 70.26),СМ,,7.00000,10.00000,377.05000,7541.00000,,,0.19000,9.00000,,N,,,0.00000,0,,,,ШТ,2026-03-26 00:00:00,EKS000005802,N,,,,20.00000,3.80000,150820.00000,,КГ,Коробейников Николай Алек,Козлова М.А.,IQ20617,ШТ,Базовый,СМАРТ ХИТ ООО,0.00000,0.00000,a.manokhin,Пакет интерфейса поставки:de5d6ff0-00f6-4c70-8d8c-5772e7557f01,2026-03-24 10:53:00,321192,1996883,20.00000,2,,,,,,,,C,,Годен,,
1995333,WH1,,320711,New,End,,N,ЭКС,,,,,,,,5962242.00000,ЭКС-000005802   ,,,False,468917,,,,Терморегулятор CLIMATIQ PT электр. прогр. белый,СМ,,6.70000,10.00000,1283.61000,6418.05000,,,0.20000,9.50000,,N,,,0.00000,0,,,,ШТ,2026-03-26 00:00:00,EKS000005802,N,,,,5.00000,1.00000,32090.25000,,КГ,Коробейников Николай Алек,Козлова М.А.,IQ20665,ШТ,Базовый,СМАРТ ХИТ ООО,0.00000,0.00000,a.manokhin,Пакет интерфейса поставки:de5d6ff0-00f6-4c70-8d8c-5772e7557f01,2026-03-24 10:53:00,321192,1996882,5.00000,2,,,,,,,,C,,Годен,,
1995334,WH1,,320711,New,End,,N,ЭКС,,,,,,,,5962243.00000,ЭКС-000005802   ,,,False,490823,,,,Греющий кабель CLIMATIQ CABLE 10м в стяжку 20Вт/м.п.,СМ,,11.00000,23.00000,1287.29000,20596.64000,,,0.50000,23.00000,,N,,,0.00000,0,,,,ШТ,2026-03-26 00:00:00,EKS000005802,N,,,,16.00000,12.40000,329546.24000,,КГ,Коробейников Николай Алек,Козлова М.А.,IQ206211,ШТ,Базовый,СМАРТ ХИТ ООО,0.00000,0.00000,a.manokhin,Пакет интерфейса поставки:de5d6ff0-00f6-4c70-8d8c-5772e7557f01,2026-03-24 10:53:00,321192,1996881,16.00000,2,,,,,,,,C,,Годен,,
1995335,WH1,,320711,New,End,,N,ЭКС,,,,,,,,5962245.00000,ЭКС-000005802   ,,,False,490825,,,,Греющий кабель CLIMATIQ CABLE 15м в стяжку 20Вт/м.п.,СМ,,11.00000,23.00000,1615.57000,24233.55000,,,0.50000,23.00000,,N,,,0.00000,0,,,,ШТ,2026-03-26 00:00:00,EKS000005802,N,,,,15.00000,12.50000,363503.25000,,КГ,Коробейников Николай Алек,Козлова М.А.,IQ206228,ШТ,Базовый,СМАРТ ХИТ ООО,0.00000,0.00000,a.manokhin,Пакет интерфейса поставки:de5d6ff0-00f6-4c70-8d8c-5772e7557f01,2026-03-24 10:53:00,321192,1996880,15.00000,2,,,,,,,,C,,Годен,,
1995336,WH1,,320711,New,End,,N,ЭКС,,,,,,,,5962246.00000,ЭКС-000005802   ,,,False,490827,,,,Греющий кабель CLIMATIQ CABLE 20м в стяжку 20Вт/м.п.,СМ,,11.00000,23.00000,1910.66000,42034.52000,,,1.00000,23.00000,,N,,,0.00000,0,,,,ШТ,2026-03-26 00:00:00,EKS000005802,N,,,,22.00000,35.00000,924759.44000,,КГ,Коробейников Николай Алек,Козлова М.А.,IQ206235,ШТ,Базовый,СМАРТ ХИТ ООО,0.00000,0.00000,a.manokhin,Пакет интерфейса поставки:de5d6ff0-00f6-4c70-8d8c-5772e7557f01,2026-03-24 10:53:00,321192,1996879,22.00000,2,,,,,,,,C,,Годен,,
1995337,WH1,,320711,New,End,,N,ЭКС,,,,,,,,5962248.00000,ЭКС-000005802   ,,,False,490828,,,,Греющий кабель CLIMATIQ CABLE 25м в стяжку 20Вт/м.п.,СМ,,11.00000,23.00000,2198.36000,10991.80000,,,0.50000,23.00000,,N,,,0.00000,0,,,,ШТ,2026-03-26 00:00:00,EKS000005802,N,,,,5.00000,2.50000,54959.00000,,КГ,Коробейников Николай Алек,Козлова М.А.,IQ206242,ШТ,Базовый,СМАРТ ХИТ ООО,0.00000,0.00000,a.manokhin,Пакет интерфейса поставки:de5d6ff0-00f6-4c70-8d8c-5772e7557f01,2026-03-24 10:53:00,321192,1996874,5.00000,2,,,,,,,,C,,Годен,,
1995338,WH1,,320711,New,End,,N,ЭКС,,,,,,,,5962249.00000,ЭКС-000005802   ,,,False,490831,,,,Греющий кабель CLIMATIQ CABLE 50м в стяжку 20Вт/м.п.,СМ,,11.00000,23.00000,3611.07000,18055.35000,,,1.00000,23.00000,,N,,,0.00000,0,,,,ШТ,2026-03-26 00:00:00,EKS000005802,N,,,,5.00000,5.00000,90276.75000,,КГ,Коробейников Николай Алек,Козлова М.А.,IQ206280,ШТ,Базовый,СМАРТ ХИТ ООО,0.00000,0.00000,a.manokhin,Пакет интерфейса поставки:de5d6ff0-00f6-4c70-8d8c-5772e7557f01,2026-03-24 10:53:00,321192,1996873,5.00000,2,,,,,,,,C,,Годен,,
1995339,WH1,,320711,New,End,,N,ЭКС,,,,,,,,5962251.00000,ЭКС-000005802   ,,,False,493559,,,,"Греющий кабель CLIMATIQ CABLE 7,5м в стяжку 20Вт/м.п.",СМ,,11.00000,23.00000,1099.18000,10991.80000,,,0.67000,23.00000,,N,,,0.00000,0,,,,ШТ,2026-03-26 00:00:00,EKS000005802,N,,,,10.00000,6.70000,109918.00000,,КГ,Коробейников Николай Алек,Козлова М.А.,IQ206204,ШТ,Базовый,СМАРТ ХИТ ООО,0.00000,0.00000,a.manokhin,Пакет интерфейса поставки:de5d6ff0-00f6-4c70-8d8c-5772e7557f01,2026-03-24 10:53:00,321192,1996899,10.00000,2,,,,,,,,C,,Годен,,
1995340,WH1,,320711,New,End,,N,ЭКС,,,,,,,,5962253.00000,ЭКС-000005802   ,,,False,493560,,,,Греющий кабель CLIMATIQ CABLE 30м в стяжку 20Вт/м.п.,СМ,,11.00000,23.50000,2489.75000,7469.25000,,,1.60000,23.50000,,N,,,0.00000,0,,,,ШТ,2026-03-26 00:00:00,EKS000005802,N,,,,3.00000,4.80000,22407.75000,,КГ,Коробейников Николай Алек,Козлова М.А.,IQ206259,ШТ,Базовый,СМАРТ ХИТ ООО,0.00000,0.00000,a.manokhin,Пакет интерфейса поставки:de5d6ff0-00f6-4c70-8d8c-5772e7557f01,2026-03-24 10:53:00,321192,1996898,3.00000,2,,,,,,,,C,,Годен,,
1995341,WH1,,320711,New,End,,N,ЭКС,,,,,,,,5962254.00000,ЭКС-000005802   ,,,False,493561,,,,Греющий кабель CLIMATIQ CABLE 60м в стяжку 20Вт/м.п.,СМ,,11.00000,23.00000,4286.07000,8572.14000,,,2.90000,23.00000,,N,,,0.00000,0,,,,ШТ,2026-03-26 00:00:00,EKS000005802,N,,,,2.00000,5.80000,17144.28000,,КГ,Коробейников Николай Алек,Козлова М.А.,IQ206297,ШТ,Базовый,СМАРТ ХИТ ООО,0.00000,0.00000,a.manokhin,Пакет интерфейса поставки:de5d6ff0-00f6-4c70-8d8c-5772e7557f01,2026-03-24 10:53:00,321192,1996897,2.00000,2,,,,,,,,C,,Годен,,
1995342,WH1,,320711,New,End,,N,ЭКС,,,,,,,,5962255.00000,ЭКС-000005802   ,,,False,634129,,,,Терморегулятор IQ THERMOSTAT D черн. электрон. в рамку матовый,СМ,False,7.00000,10.00000,2128.28000,53207.00000,,,0.20000,10.00000,,N,,,0.00000,0,,,,ШТ,2026-03-26 00:00:00,EKS000005802,N,,,,25.00000,5.00000,1330175.00000,,КГ,Коробейников Николай Алек,Козлова М.А.,IQ00417_мат,ШТ,Базовый,СМАРТ ХИТ ООО,0.00000,0.00000,a.manokhin,Пакет интерфейса поставки:de5d6ff0-00f6-4c70-8d8c-5772e7557f01,2026-03-24 10:53:00,321192,1996896,25.00000,2,,,,,,,,B,,Годен,,
1995343,WH1,,320711,New,End,,N,ЭКС,,,,,,,,5962256.00000,ЭКС-000005802   ,,,False,634131,,,,Терморегулятор IQ THERMOSTAT D wi-fi черн. электрон. в рамку,СМ,,7.00000,10.00000,3570.49000,21422.94000,,,0.20000,10.00000,,N,,,0.00000,0,,,,ШТ,2026-03-26 00:00:00,EKS000005802,N,,,,6.00000,1.20000,128537.64000,,КГ,Коробейников Николай Алек,Козлова М.А.,IQ00420,ШТ,Базовый,СМАРТ ХИТ ООО,0.00000,0.00000,a.manokhin,Пакет интерфейса поставки:de5d6ff0-00f6-4c70-8d8c-5772e7557f01,2026-03-24 10:53:00,321192,1996895,6.00000,2,,,,,,,,C,,Годен,,
1995344,WH1,,320711,New,End,,N,ЭКС,,,,,,,,5962257.00000,ЭКС-000005802   ,,,False,640533,,,,Греющий кабель CLIMATIQ CABLE 35м в стяжку 20Вт/м.п.,СМ,,11.00000,23.00000,2700.00000,27000.00000,,,1.70000,23.00000,,N,,,0.00000,0,,,,ШТ,2026-03-26 00:00:00,EKS000005802,N,,,,10.00000,17.00000,270000.00000,,КГ,Коробейников Николай Алек,Козлова М.А.,IQ206266,ШТ,Базовый,СМАРТ ХИТ ООО,0.00000,0.00000,a.manokhin,Пакет интерфейса поставки:de5d6ff0-00f6-4c70-8d8c-5772e7557f01,2026-03-24 10:53:00,321192,1996894,10.00000,2,,,,,,,,C,,Годен,,
1995345,WH1,,320711,New,End,,N,ЭКС,,,,,,,,5962258.00000,ЭКС-000005802   ,,,False,679821,,,,IQ OUTDOOR THERMOSTAT Din терморегулятор с выносным датчиком воздуха в комплекте,СМ,,8.00000,12.00000,5737.70000,17213.10000,,,0.01000,10.00000,,N,,,0.00000,0,,,,ШТ,2026-03-26 00:00:00,EKS000005802,N,,,,3.00000,0.03000,51639.30000,,КГ,,Козлова М.А.,IQ00422,ШТ,Новинка,СМАРТ ХИТ ООО,0.00000,0.00000,a.manokhin,Пакет интерфейса поставки:de5d6ff0-00f6-4c70-8d8c-5772e7557f01,2026-03-24 10:53:00,321192,1996893,3.00000,2,,,,,,,,C,,Годен,,
1995346,WH1,,320711,New,End,,N,ЭКС,,,,,,,,5962259.00000,ЭКС-000005802   ,,,False,795523,,,,Терморегулятор CLIMATIQ BT мех. черный (модель RTC 70.26),СМ,,7.00000,10.00000,377.05000,26393.50000,,,0.10000,10.00000,,N,,,0.00000,0,,,,ШТ,2026-03-26 00:00:00,EKS000005802,N,,,,70.00000,18.60000,1847545.00000,,КГ,,Козлова М.А.,IQ20618,ШТ,Базовый,СМАРТ ХИТ ООО,0.00000,0.00000,a.manokhin,Пакет интерфейса поставки:de5d6ff0-00f6-4c70-8d8c-5772e7557f01,2026-03-24 10:53:00,321192,1996892,70.00000,2,,,,,,,,B,,Годен,,
1995347,WH1,,320711,New,End,,N,ЭКС,,,,,,,,5962260.00000,ЭКС-000005802   ,,,False,840566,,,,"Мат греющий IQ FLOOR MAT-2,0  300Вт, 2,0м2",СМ,False,15.00000,52.00000,3828.69000,19143.45000,,,1.40000,15.00000,,N,,,0.00000,0,,,,ШТ,2026-03-26 00:00:00,EKS000005802,N,,,,5.00000,7.00000,95717.25000,,КГ,,Козлова М.А.,IQ00104,ШТ,Базовый,СМАРТ ХИТ ООО,0.00000,0.00000,a.manokhin,Пакет интерфейса поставки:de5d6ff0-00f6-4c70-8d8c-5772e7557f01,2026-03-24 10:53:00,321192,1996891,5.00000,2,,,,,,,,C,,Годен,,
1995348,WH1,,320711,New,End,,N,ЭКС,,,,,,,,5962261.00000,ЭКС-000005802   ,,,False,851326,,,,Терморегулятор CLIMATIQ FD черный,СМ,False,7.00000,13.00000,1914.34000,9571.70000,,,0.25000,10.00000,,N,,,0.00000,0,,,,ШТ,2026-03-26 00:00:00,EKS000005802,N,,,,5.00000,1.25000,47858.50000,,КГ,,Козлова М.А.,IQ20673,ШТ,Базовый,СМАРТ ХИТ ООО,0.00000,0.00000,a.manokhin,Пакет интерфейса поставки:de5d6ff0-00f6-4c70-8d8c-5772e7557f01,2026-03-24 10:53:00,321192,1996890,5.00000,2,,,,,,,,C,,Годен,,
1995349,WH1,,320711,New,End,,N,ЭКС,,,,,,,,5962262.00000,ЭКС-000005802   ,,,False,851327,,,,Терморегулятор CLIMATIQ FD белый,СМ,False,7.00000,10.00000,1914.34000,9571.70000,,,0.25000,10.00000,,N,,,0.00000,0,,,,ШТ,2026-03-26 00:00:00,EKS000005802,N,,,,5.00000,1.25000,47858.50000,,КГ,,Козлова М.А.,IQ20674,ШТ,Базовый,СМАРТ ХИТ ООО,0.00000,0.00000,a.manokhin,Пакет интерфейса поставки:de5d6ff0-00f6-4c70-8d8c-5772e7557f01,2026-03-24 10:53:00,321192,1996889,5.00000,2,,,,,,,,C,,Годен,,
1995350,WH1,,320711,New,End,,N,ЭКС,,,,,,,ЭКС-000008764   ,5962250.00000,ЭКС-000005802   ,,,False,490834,,,,Греющий кабель CLIMATIQ CABLE 90м в стяжку 20Вт/м.п.,СМ,,12.00000,28.00000,5765.16000,5765.16000,,,2.00000,28.00000,,N,,,0.00000,0,,,,ШТ,2026-03-26 00:00:00,EKS000005802,N,,,,1.00000,2.00000,5765.16000,,КГ,Заказной,Козлова М.А.,IQ206327,ШТ,Заказной товар,СМАРТ ХИТ ООО,0.00000,0.00000,a.manokhin,Пакет интерфейса поставки:de5d6ff0-00f6-4c70-8d8c-5772e7557f01,2026-03-24 10:53:00,321192,1996872,1.00000,2,,,,,,,,C,,Годен,,
1995351,WH1,,320712,New,End,,N,ЭКС,,,,,,,ЭКС-000004726   ,5962344.00000,ЭКС-000005812   ,,,False,673327,,,,Тумблер 24V 25А (3c) ON-OFF однополюсный с красной LED подсветкой Rexant,СМ,,1.00000,6.00000,286.07000,2860.70000,,,0.01000,3.00000,,N,,,0.00000,0,,,,ШТ,2026-03-23 00:00:00,EKS000005812,N,,,,10.00000,0.10000,28607.00000,,КГ,Заказной,Третьяков С.М.,36-4360,ШТ,Заказной товар,"ООО ""СДС""",0.00000,0.00000,a.manokhin,Пакет интерфейса поставки:de5d6ff0-00f6-4c70-8d8c-5772e7557f01,2026-03-24 10:53:06,321202,1996974,10.00000,2,,,,,,,,C,,Годен,,
1995352,WH1,,320713,New,End,,N,ЭКС,,,,,,,,5962328.00000,ЭКС-000005805   ,,,False,883450,,,,Лампа сменная неоновая BA9S 230В красная MFK-230-04 te00103542,СМ,False,2.00000,1.00000,8.51000,851.00000,,,0.00200,1.00000,,N,,,0.00000,0,,,,ШТ,2026-03-21 00:00:00,EKS000005805,N,,,,100.00000,0.20000,85100.00000,,КГ,Заказной,Третьяков С.М.,te00103542,ШТ,Заказной товар,МФК Техэнерго ООО,0.00000,0.00000,a.savitskiy,Пакет интерфейса поставки:a090a12b-0d86-4324-97b3-07bc13cdf711,2026-03-24 10:54:42,321195,1996957,100.00000,2,,,,,,,,C,,Годен,,
1995353,WH1,,320713,New,End,,N,ЭКС,,,,,,,ЭКС-000003231   ,5962325.00000,ЭКС-000005805   ,,,False,883448,,,,Авт. выкл. ВА47-100 3п 80А 10кА  хар-ка С TAM310C080-1 te00126025,СМ,False,8.00000,8.00000,910.15000,45507.50000,,,0.43000,8.50000,,N,,,0.00000,0,,,,ШТ,2026-03-21 00:00:00,EKS000005805,N,,,,50.00000,23.35000,2275375.00000,,КГ,Заказной,Шаповалов П.Г.,te00126025,ШТ,Заказной товар,МФК Техэнерго ООО,0.00000,0.00000,a.savitskiy,Пакет интерфейса поставки:a090a12b-0d86-4324-97b3-07bc13cdf711,2026-03-24 10:54:42,321195,1996959,50.00000,2,,,,,,,,C,,Годен,,
1995354,WH1,,320713,New,End,,N,ЭКС,,,,,,,ЭКС-000003231   ,5962326.00000,ЭКС-000005805   ,,,False,883449,,,,"Авт. выкл. ВА 4729-NRG 1п 20А 4,5кА хар-ка C TAMNRG14C20 te00449489",СМ,False,7.50000,8.00000,65.41000,6541.00000,,,0.08000,2.00000,,N,,,0.00000,0,,,,ШТ,2026-03-21 00:00:00,EKS000005805,N,,,,100.00000,8.32000,654100.00000,,КГ,Заказной,Шаповалов П.Г.,te00449489,ШТ,Заказной товар,МФК Техэнерго ООО,0.00000,0.00000,a.savitskiy,Пакет интерфейса поставки:a090a12b-0d86-4324-97b3-07bc13cdf711,2026-03-24 10:54:42,321195,1996958,100.00000,2,,,,,,,,C,,Годен,,
1995355,WH1,,320713,New,End,,N,ЭКС,,,,,,,ЭКС-000003231   ,5962327.00000,ЭКС-000005805   ,,,False,819943,,,,"Авт. выкл. ВА47-29-NRG 3п 16А 4,5кА хар-ка C TAMNRG34C16 te00446735",СМ,False,6.00000,9.00000,167.89000,8394.50000,,,0.10000,8.00000,,N,,,0.00000,0,,,,ШТ,2026-03-21 00:00:00,EKS000005805,N,,,,50.00000,6.20000,419725.00000,,КГ,Заказной,Шаповалов П.Г.,te00446735,ШТ,Заказной товар,МФК Техэнерго ООО,0.00000,0.00000,a.savitskiy,Пакет интерфейса поставки:a090a12b-0d86-4324-97b3-07bc13cdf711,2026-03-24 10:54:42,321195,1996950,50.00000,2,,,,,,,,C,,Годен,,
1995356,WH1,,320713,New,End,,N,ЭКС,,,,,,,ЭКС-000008756   ,5962319.00000,ЭКС-000005805   ,,,False,133849,,,,"Пост кнопочный ПКТ-40 (IP54)  У2 (5 А, вверх, вниз, влево, вправо)",СМ,,4.00000,30.00000,226.96000,907.84000,,,0.90000,10.00000,,N,,,0.00000,0,,,,ШТ,2026-03-21 00:00:00,EKS000005805,N,,,,4.00000,3.60000,3631.36000,,КГ,Катышев Александр Вячесла,Третьяков С.М.,te00125370,ШТ,Базовый,МФК Техэнерго ООО,0.00000,0.00000,a.savitskiy,Пакет интерфейса поставки:a090a12b-0d86-4324-97b3-07bc13cdf711,2026-03-24 10:54:42,321195,1996956,4.00000,2,,,,,,,,C,,Годен,,
1995357,WH1,,320713,New,End,,N,ЭКС,,,,,,,ЭКС-000009452   ,5962324.00000,ЭКС-000005805   ,,,False,631580,,,,Изолятор опорный СА-3/6 (армир. болтом) ТехКерамика,СМ,,10.00000,12.00000,187.85000,5635.50000,,,0.60000,10.00000,,N,,,0.00000,0,,,,ШТ,2026-03-21 00:00:00,EKS000005805,N,,,,30.00000,18.00000,169065.00000,,КГ,Заказной,Дунав М.И.,te00242319,ШТ,Заказной товар,МФК Техэнерго ООО,0.00000,0.00000,a.savitskiy,Пакет интерфейса поставки:a090a12b-0d86-4324-97b3-07bc13cdf711,2026-03-24 10:54:42,321195,1996953,30.00000,2,,,,,,,,C,,Годен,,
1995358,WH1,,320713,New,End,,N,ЭКС,,,,,,,ЭКС-000009685   ,5962322.00000,ЭКС-000005805   ,,,False,674790,,,,"Кнопочный выключатель APBB-22N сдвоенная кнопка ""Пуск-Стоп"" с подсветкой",СМ,False,3.00000,8.00000,95.21000,1904.20000,,,0.01000,6.00000,,N,,,0.00000,0,,,,ШТ,2026-03-21 00:00:00,EKS000005805,N,,,,20.00000,1.22000,38084.00000,,КГ,Заказной,Третьяков С.М.,te00141644,ШТ,Заказной товар,МФК Техэнерго ООО,0.00000,0.00000,a.savitskiy,Пакет интерфейса поставки:a090a12b-0d86-4324-97b3-07bc13cdf711,2026-03-24 10:54:42,321195,1996952,20.00000,2,,,,,,,,C,,Годен,,
1995359,WH1,,320713,New,End,,N,ЭКС,,,,,,,ЭКС-000010160   ,5962323.00000,ЭКС-000005805   ,,,False,883447,,,,Выключатель Пралеска 1ОП б/п 6А 250В IP54 в сборе А16-222 белый,СМ,False,4.00000,7.50000,98.52000,985.20000,,,0.08000,7.50000,,N,,,0.00000,0,,,,ШТ,2026-03-21 00:00:00,EKS000005805,N,,,,10.00000,0.80000,9852.00000,,КГ,Заказной,Третьяков С.М.,te00136686,ШТ,Заказной товар,МФК Техэнерго ООО,0.00000,0.00000,a.savitskiy,Пакет интерфейса поставки:a090a12b-0d86-4324-97b3-07bc13cdf711,2026-03-24 10:54:42,321195,1996960,10.00000,2,,,,,,,,C,,Годен,,
1995360,WH1,,320713,New,End,,N,ЭКС,,,,,,,ЭКС-000010419   ,5962320.00000,ЭКС-000005805   ,,,False,326535,,,,Пакетный переключатель термостойкий ППКП (ТПКП) 25А,СМ,False,8.50000,11.00000,814.68000,2444.04000,,,0.30000,10.00000,,N,,,0.00000,0,,,,ШТ,2026-03-21 00:00:00,EKS000005805,N,,,,3.00000,0.90000,7332.12000,,КГ,Заказной,Третьяков С.М.,te00007701,ШТ,Заказной товар,МФК Техэнерго ООО,0.00000,0.00000,a.savitskiy,Пакет интерфейса поставки:a090a12b-0d86-4324-97b3-07bc13cdf711,2026-03-24 10:54:42,321195,1996954,3.00000,2,,,,,,,,C,,Годен,,
1995361,WH1,,320713,New,End,,N,ЭКС,,,,,,,ЭКС-000010419   ,5962329.00000,ЭКС-000005805   ,,,False,747920,,,,Пускатель э/м ПМЛ 2501-25 36В,СМ,False,11.00000,13.00000,1437.00000,7185.00000,,,2.00000,9.00000,,N,,,0.00000,0,,,,ШТ,2026-03-21 00:00:00,EKS000005805,N,,,,5.00000,10.00000,35925.00000,,КГ,Заказной,Третьяков С.М.,te00121686,ШТ,Заказной товар,МФК Техэнерго ООО,0.00000,0.00000,a.savitskiy,Пакет интерфейса поставки:a090a12b-0d86-4324-97b3-07bc13cdf711,2026-03-24 10:54:42,321195,1996951,5.00000,2,,,,,,,,C,,Годен,,
1995362,WH1,,320713,New,End,,N,ЭКС,,,,,,,ЭКС-000010465   ,5962321.00000,ЭКС-000005805   ,,,False,180870,,,,"Пакетный выключатель ПВ 3-16 У1 (IP56) (16А, пласт.корпус)",СМ,False,12.00000,9.00000,418.07000,418.07000,,,0.20000,10.00000,,N,,,0.00000,0,,,,ШТ,2026-03-21 00:00:00,EKS000005805,N,,,,1.00000,0.20000,418.07000,,КГ,Заказной,Третьяков С.М.,te00016998,ШТ,Заказной товар,МФК Техэнерго ООО,0.00000,0.00000,a.savitskiy,Пакет интерфейса поставки:a090a12b-0d86-4324-97b3-07bc13cdf711,2026-03-24 10:54:42,321195,1996955,1.00000,2,,,,,,,,C,,Годен,,
1995363,WH1,,320714,New,End,,N,ЭКС,,,,,,,ЭКС-000009745   ,5962362.00000,ЭКС-000005824   ,,,False,210972,,,,"Кабель КГВЭВнг(A)-LS 2х1,5",СМ,,1.00000,100.00000,48.18000,4818.00000,,,0.25000,1.00000,,Y,,,0.00000,0,,,,М,2026-03-20 00:00:00,EKS000005824,N,,,,100.00000,25.00000,481800.00000,,КГ,Заказной,Косолапова Л.В.,210972,М,Заказной товар,,0.00000,0.00000,n.bezrukov,Пакет интерфейса поставки:3c25afaf-e8e6-475f-863b-d85156ddb214,2026-03-24 11:03:12,321214,1996990,100.00000,1,,,,,,,,C,,Годен,,
1995364,WH1,,320715,New,End,,N,ЭКС,,,,,,,,5962351.00000,ЭКС-000005816   ,,,False,755581,,,,Наконечник медь лужёный ТМЛ  95-12-15 PLEXUP,СМ,False,2.50000,7.50000,83.78000,83780.00000,,,0.05000,3.00000,,N,,,0.00000,0,,,,ШТ,2026-03-20 00:00:00,EKS000005816,N,,,,1000.00000,51.85000,83780000.00000,,КГ,,Княжева Ю.В.,SAL95-12-15-025,ШТ,Новинка,ДПА ООО,0.00000,0.00000,n.bezrukov,Пакет интерфейса поставки:d3aa8dbf-10eb-4a9f-b83d-4dd480663d83,2026-03-24 11:23:19,321206,1996979,1000.00000,2,,,,,,,,C,,Годен,,
1995365,WH1,,320716,New,End,,N,ЭКС,,,,,,,ЭКС-000010487   ,5962517.00000,ЭКС-000005852   ,,,False,303150,,,,Светильник LED PPI-01 150w 5000K 21000Лм IP65 (new slim)  Jazzway Гарантия 5 лет,СМ,False,14.00000,85.00000,9912.62000,9912.62000,,,3.70000,15.00000,,N,,,0.00000,0,,,,ШТ,2026-03-24 00:00:00,EKS000005852,N,,,,1.00000,3.70000,9912.62000,,КГ,Заказной,Колупаев В.Г.,.5005501A,ШТ,Заказной товар,ВТЛ  ООО (JAZZWAY),0.00000,0.00000,n.bezrukov,Пакет интерфейса поставки:d3aa8dbf-10eb-4a9f-b83d-4dd480663d83,2026-03-24 11:23:25,321242,1997115,1.00000,2,,,,,,,,C,,Годен,,
1995366,WH1,,320717,New,End,,N,ЭКС,,,,,,,,5962348.00000,ЭКС-000005814   ,,,False,749559,,,,Гильза медная луженая  ГМЛ 10-5 PLEXUP,СМ,False,0.80000,3.00000,10.65000,63900.00000,,,0.00800,0.80000,,N,,,0.00000,0,,,,ШТ,2026-03-20 00:00:00,EKS000005814,N,,,,6000.00000,49.20000,383400000.00000,,КГ,,Княжева Ю.В.,SGL10-00-05-100,ШТ,Суперсклад,ДПА ООО,0.00000,0.00000,n.bezrukov,Пакет интерфейса поставки:b3b0036c-e6d1-43f7-ad92-d22e915e1d53,2026-03-24 11:29:05,321204,1996977,6000.00000,2,,,,,,,,B,,Годен,,
1995367,WH1,,320717,New,End,,N,ЭКС,,,,,,,,5962349.00000,ЭКС-000005814   ,,,False,755581,,,,Наконечник медь лужёный ТМЛ  95-12-15 PLEXUP,СМ,False,2.50000,7.50000,81.69000,163380.00000,,,0.05000,3.00000,,N,,,0.00000,0,,,,ШТ,2026-03-20 00:00:00,EKS000005814,N,,,,2000.00000,103.70000,326760000.00000,,КГ,,Княжева Ю.В.,SAL95-12-15-025,ШТ,Новинка,ДПА ООО,0.00000,0.00000,n.bezrukov,Пакет интерфейса поставки:b3b0036c-e6d1-43f7-ad92-d22e915e1d53,2026-03-24 11:29:05,321204,1996976,2000.00000,2,,,,,,,,C,,Годен,,
1995368,WH1,,320718,New,End,,N,ЭКС,,,,,,,ЭКС-000008756   ,5962398.00000,ЭКС-000005833   ,,,False,135495,,,,Контактор КТН-5115 115А 230В/АС3 TDM,СМ,,20.00000,25.00000,4863.86000,4863.86000,,,5.00000,23.50000,,N,,,0.00000,0,,,,ШТ,2026-03-27 00:00:00,EKS000005833,N,,,,1.00000,5.00000,4863.86000,,КГ,Заказной,Третьяков С.М.,SQ0710-0001,ШТ,Заказной товар,Торговый Дом Морозова (ОО,0.00000,0.00000,a.manokhin,Пакет интерфейса поставки:4c04843b-27d6-4aad-bcd1-8b8e47a14c83,2026-03-24 12:12:49,321223,1997019,1.00000,2,,,,,,,,C,,Годен,,
1995369,WH1,,320719,New,End,,N,ЭКС,,,,,,,ЭКС-000011334   ,5962519.00000,ЭКС-000005853   ,,,False,883129,,,,Аккумуляторная батарея VEKTOR BATTERY GEL 12-150,СМ,False,29.00000,50.00000,18681.97000,37363.94000,,,42.80000,18.50000,,N,,,0.00000,0,,,,ШТ,2026-03-24 00:00:00,EKS000005853,N,,,,2.00000,85.60000,74727.88000,,КГ,Заказной,Иваненко П.В.,,ШТ,Заказной товар,"ООО ""ВЕКТОР ЭНЕРДЖИ""",0.00000,0.00000,a.savitskiy,Пакет интерфейса поставки:4c04843b-27d6-4aad-bcd1-8b8e47a14c83,2026-03-24 12:12:55,321243,1997116,2.00000,2,,,,,,,,C,,Годен,,
1995370,WH1,,320720,New,End,,N,ЭКС,,,,,,,ЭКС-000011740   ,5962374.00000,ЭКС-000005828   ,,,False,174977,,,,Кнопка КП-01 (для пров. звонков) TDM SQ1901-0019,СМ,,5.00000,20.00000,188.67000,62638.44000,,,0.30000,14.00000,,N,,,0.00000,0,,,,ШТ,2026-03-27 00:00:00,EKS000005828,N,,,,332.00000,29.55000,20795962.08000,,КГ,Заказной,Княжева Ю.В.,SQ1901-0019,ШТ,Заказной товар,Торговый Дом Морозова (ОО,0.00000,0.00000,a.manokhin,Пакет интерфейса поставки:f3853e50-a959-4990-bfbd-8f9bb071fef1,2026-03-24 12:17:13,321218,1996999,332.00000,2,,,,,,,,C,,Годен,,
1995371,WH1,,320721,New,End,,N,ЭКС,,,,,,,ЭКС-000012213   ,5962429.00000,ЭКС-000005839   ,,,False,739788,,,,R3-Рубеж-2ОП Прибор приёмно-контрольный и управления,СМ,False,5.00000,23.00000,28888.52000,28888.52000,,,0.30000,17.00000,,N,,,0.00000,0,,,,ШТ,2026-03-24 00:00:00,EKS000005839,N,,,,1.00000,0.30000,28888.52000,,КГ,Заказной,Самоличенко В.А.,R3-Рубеж-2ОП,ШТ,Заказной товар,Тантос ООО,0.00000,0.00000,a.savitskiy,Пакет интерфейса поставки:f3853e50-a959-4990-bfbd-8f9bb071fef1,2026-03-24 12:17:19,321229,1997044,1.00000,2,,,,,,,,C,,Годен,,
1995372,WH1,,320722,New,End,,N,ЭКС,,,,,,,ЭКС-000011720   ,5962375.00000,ЭКС-000005829   ,,,False,451362,,,,Сигнализатор звуковой AD22-22M/k23 d22 мм 24В DC/AC черный TDM,СМ,,3.00000,6.50000,180.29000,3605.80000,,,0.02000,3.00000,,N,,,0.00000,0,,,,ШТ,2026-03-27 00:00:00,EKS000005829,N,,,,20.00000,0.40000,72116.00000,,КГ,Заказной,Третьяков С.М.,SQ0746-0001,ШТ,Заказной товар,Торговый Дом Морозова (ОО,0.00000,0.00000,a.manokhin,Пакет интерфейса поставки:8d53a742-497b-4629-bd16-d88461f6ba7f,2026-03-24 12:18:56,321219,1997000,20.00000,2,,,,,,,,C,,Годен,,
1995373,WH1,,320723,New,End,,N,ЭКС,,,,,,,ЭКС-000011530   ,5962376.00000,ЭКС-000005830   ,,,False,883263,,,,"Блок питания 100Вт-12В-IP20 для светодиодных лент и модулей, металл, узкий",СМ,False,3.00000,19.00000,443.16000,443.16000,,,0.24000,5.00000,,N,,,0.00000,0,,,,ШТ,2026-03-27 00:00:00,EKS000005830,N,,,,1.00000,0.24000,443.16000,,КГ,Заказной,Лангеман Э.Г.,SQ0331-0552,ШТ,,Торговый Дом Морозова (ОО,0.00000,0.00000,a.manokhin,Пакет интерфейса поставки:bd787baa-c879-48a1-b659-cc1ad4e302e1,2026-03-24 12:21:06,321220,1997001,1.00000,2,,,,,,,,C,,Годен,,
1995374,WH1,,320724,New,End,,N,ЭКС,,,,,,,ЭКС-000022447   ,5962399.00000,ЭКС-000005834   ,,,False,135468,,,,Контактор КМН 10960   9А в оболочке Ue=230В/АС3 IP54 TDM,СМ,,15.00000,17.10000,1462.39000,1462.39000,,,0.60000,9.00000,,N,,,0.00000,0,,,,ШТ,2026-03-27 00:00:00,EKS000005834,N,,,,1.00000,0.60000,1462.39000,,КГ,Катышев Александр Вячесла,Третьяков С.М.,SQ0709-0001,ШТ,Базовый,Торговый Дом Морозова (ОО,0.00000,0.00000,a.manokhin,Пакет интерфейса поставки:bd787baa-c879-48a1-b659-cc1ad4e302e1,2026-03-24 12:21:13,321224,1997020,1.00000,2,,,,,,,,C,,Годен,,
1995375,WH1,,320725,New,End,,N,ЭКС,,,,,,,ЭКС-000004603   ,5962360.00000,ЭКС-000005822   ,,,False,864441,,,,Кабель МКЭШВнг(А)-HF 5х2х1,СМ,False,2.00000,100.00000,200.00000,301000.00000,,,0.50000,2.00000,,Y,,,0.00000,0,,,,М,2026-03-23 00:00:00,EKS000005822,N,,,,1505.00000,752.50000,453005000.00000,,КГ,Заказной,Козлова М.А.,,М,Заказной товар,БЕЛКАБ,0.00000,0.00000,a.savitskiy,Пакет интерфейса поставки:1c8c4c94-3896-4992-8ba1-a5ed6d6fe7a8,2026-03-24 12:22:50,321212,1996988,1505.00000,1,,,,,,,,C,,Годен,,
1995376,WH1,,320726,New,End,,N,ЭКС,,,,,,,ЭКС-000010316   ,5962363.00000,ЭКС-000005825   ,,,False,731732,,,,"Кабель ВБШвнг(A)-FRLS 3х1,5 ок(N,PE)-1кВ",СМ,,1.20000,100.00000,114.34000,45736.00000,,,0.40000,1.20000,,Y,,,0.00000,0,,,,М,2026-03-20 00:00:00,EKS000005825,N,,,,400.00000,160.00000,18294400.00000,,КГ,Заказной,Косолапова Л.В.,,М,Заказной товар,СтройТрэйд ООО,0.00000,0.00000,n.bezrukov,Пакет интерфейса поставки:1c8c4c94-3896-4992-8ba1-a5ed6d6fe7a8,2026-03-24 12:22:56,321215,1996991,400.00000,1,,,01,,,,,C,,Годен,,
1995377,WH1,,320727,New,End,,N,ЭКС,,,,,,,ЭКС-000007787   ,5962353.00000,ЭКС-000005818   ,,,False,728768,,,,"Светильник LED ЛУЧ-220-С 83ФА БАП ДРАЙВ 8 Вт, ~220 В, БАП, 1050Лм, фотоакуст. датчик",СМ,,5.00000,18.00000,1332.79000,31986.96000,,,0.40000,18.00000,,N,,,0.00000,0,,,,ШТ,2026-03-24 00:00:00,EKS000005818,N,,,,24.00000,9.60000,767687.04000,,КГ,Заказной,Колупаев В.Г.,ЛУЧ-220-С 83ФА БАП ДРАЙВ,ШТ,Заказной товар,Спектр-СБ,0.00000,0.00000,a.manokhin,Пакет интерфейса поставки:4a01e41f-99e7-4682-8df4-28d0ec683728,2026-03-24 12:25:04,321208,1996981,24.00000,2,,,,,,,,C,,Годен,,
1995378,WH1,,320728,New,End,,N,ЭКС,,,,,,,ЭКС-000009914   ,5962354.00000,ЭКС-000005819   ,,,False,235439,,,,"Светильник LED ЛУЧ-220-С 83ФА ДРАЙВ 8Вт 1050Лм 4000K фотоакуст. датчик, IP54",СМ,,18.00000,18.00000,682.79000,13655.80000,,,0.30000,5.00000,,N,,,0.00000,0,,,,ШТ,2026-03-24 00:00:00,EKS000005819,N,,,,20.00000,8.00000,273116.00000,,КГ,Заказной,Колупаев В.Г.,ЛУЧ-220-С 83ФА ДРАЙВ,ШТ,Заказной товар,Спектр-СБ,0.00000,0.00000,a.manokhin,Пакет интерфейса поставки:4a01e41f-99e7-4682-8df4-28d0ec683728,2026-03-24 12:25:11,321209,1996984,20.00000,2,,,,,,,,C,,Годен,,
1995379,WH1,,320728,New,End,,N,ЭКС,,,,,,,ЭКС-000009963   ,5962355.00000,ЭКС-000005819   ,,,False,723705,,,,"Светильник LED ЛУЧ-220-С 123ФА ДРАЙВ 12Вт 1400Лм 4000K фотоакуст. датчик, IP54",СМ,False,5.00000,18.00000,822.95000,24688.50000,,,0.30000,18.00000,,N,,,0.00000,0,,,,ШТ,2026-03-24 00:00:00,EKS000005819,N,,,,30.00000,8.00000,740655.00000,,КГ,Заказной,Колупаев В.Г.,ЛУЧ-220-С 123ФА ДРАЙВ,ШТ,Выводится из ассортимента,Спектр-СБ,0.00000,0.00000,a.manokhin,Пакет интерфейса поставки:4a01e41f-99e7-4682-8df4-28d0ec683728,2026-03-24 12:25:11,321209,1996983,30.00000,2,,,,,,,,C,,Годен,,
1995380,WH1,,320728,New,End,,N,ЭКС,,,,,,,ЭКС-000009963   ,5962356.00000,ЭКС-000005819   ,,,False,728712,,,,"Светильник LED ЛУЧ-220-С 123 ДРАЙВ 12 Вт, ~220 В, без датчика, 1400Лм",СМ,False,5.00000,18.00000,758.19000,7581.90000,,,1.00000,18.00000,,N,,,0.00000,0,,,,ШТ,2026-03-24 00:00:00,EKS000005819,N,,,,10.00000,10.00000,75819.00000,,КГ,Заказной,Колупаев В.Г.,ЛУЧ-220-С 123 ДРАЙВ,ШТ,Выводится из ассортимента,Спектр-СБ,0.00000,0.00000,a.manokhin,Пакет интерфейса поставки:4a01e41f-99e7-4682-8df4-28d0ec683728,2026-03-24 12:25:11,321209,1996982,10.00000,2,,,,,,,,C,,Годен,,
1995381,WH1,,320729,New,End,,N,ЭКС,,,,,,,ЭКС-000012159   ,5962352.00000,ЭКС-000005817   ,,,False,505985,,,,ЛУЧ-220-С 123Ф Драйв (07594),СМ,,5.00000,18.00000,847.54000,25426.20000,,,0.20000,18.00000,,N,,,0.00000,0,,,,ШТ,2026-03-24 00:00:00,EKS000005817,N,,,,30.00000,6.00000,762786.00000,,КГ,Заказной,Колупаев В.Г.,0759410995,ШТ,Заказной товар,Спектр-СБ,0.00000,0.00000,a.manokhin,Пакет интерфейса поставки:895c900a-2e43-4dec-9e8b-7d5bf49b5e76,2026-03-24 12:27:18,321207,1996980,30.00000,2,,,,,,,,C,,Годен,,
1995382,WH1,,320730,New,End,,N,ЭКС,,,,,,,ЭКС-000010038   ,5962358.00000,ЭКС-000005820   ,,,False,728762,,,,"Светильник LED ЛУЧ-220-С 83ДФА1 БАП ДРАЙВ 8 Вт, ~220 В, БАП, 1050Лм фотоакуст. датчик, дежурн. режим",СМ,,5.00000,18.00000,1332.79000,19991.85000,,,0.40000,18.00000,,N,,,0.00000,0,,,,ШТ,2026-03-24 00:00:00,EKS000005820,N,,,,15.00000,6.00000,299877.75000,,КГ,Заказной,Колупаев В.Г.,ЛУЧ-220-С 83ДФА1 БАП ДРАЙ,ШТ,Заказной товар,Спектр-СБ,0.00000,0.00000,a.manokhin,Пакет интерфейса поставки:895c900a-2e43-4dec-9e8b-7d5bf49b5e76,2026-03-24 12:27:24,321210,1996985,15.00000,2,,,,,,,,C,,Годен,,
1995383,WH1,,320730,New,End,,N,ЭКС,,,,,,,ЭКС-000010478   ,5962357.00000,ЭКС-000005820   ,,,False,302104,,,,"Светильник LED ЛУЧ-220-С 64ФА ДРАЙВ 6Вт 800Лм 4000K фотоакуст. датчик, IP54",СМ,,5.00000,15.00000,601.64000,12032.80000,,,0.20000,15.00000,,N,,,0.00000,0,,,,ШТ,2026-03-24 00:00:00,EKS000005820,N,,,,20.00000,4.20000,240656.00000,,КГ,Заказной,Колупаев В.Г.,ЛУЧ-220-С 64ФА ДРАЙВ,ШТ,Заказной товар,Спектр-СБ,0.00000,0.00000,a.manokhin,Пакет интерфейса поставки:895c900a-2e43-4dec-9e8b-7d5bf49b5e76,2026-03-24 12:27:24,321210,1996986,20.00000,2,,,,,,,,C,,Годен,,
1995384,WH1,,320731,New,End,,N,ЭКС,,,,,,,ЭКС-000010800   ,5962361.00000,ЭКС-000005823   ,,,False,780886,,,,"Преобразователь частоты  LCI-G5.5/P7.5-4B 5,5кВт|13А 3 ~ 342-440В IP20",СМ,,27.00000,32.00000,15567.54000,15567.54000,,,3.58000,24.00000,,N,,,0.00000,0,,,,ШТ,2026-03-20 00:00:00,EKS000005823,N,,,,1.00000,3.58000,15567.54000,,КГ,Заказной,Третьяков С.М.,00090900,ШТ,Заказной товар,Инстарт ООО,0.00000,0.00000,a.manokhin,Пакет интерфейса поставки:895c900a-2e43-4dec-9e8b-7d5bf49b5e76,2026-03-24 12:27:30,321213,1996989,1.00000,2,,,,,,,,C,,Годен,,
1995385,WH1,,320732,New,End,,N,ЭКС,,,,,,,ЭКС-000006183   ,5962402.00000,ЭКС-000005836   ,,,False,268782,,,,"Выключатель 1-кл. скрытой установки IP54 10A ""Вуокса"" TDM SQ1803-0101",СМ,,4.00000,9.00000,153.45000,18414.00000,,,0.07000,9.00000,,N,,,0.00000,0,,,,ШТ,2026-03-27 00:00:00,EKS000005836,N,,,,120.00000,10.56000,2209680.00000,,КГ,Дортман Анна Павловна,Княжева Ю.В.,SQ1803-0101,ШТ,Распродажа,Торговый Дом Морозова (ОО,0.00000,0.00000,a.manokhin,Пакет интерфейса поставки:7fafdca0-c51c-49c1-bc19-a1a27e54664c,2026-03-24 12:31:08,321226,1997022,120.00000,2,,,,,,,,C,,Годен,,
1995386,WH1,,320733,New,End,,N,ЭКС,,,,,,,ЭКС-000010482   ,5962430.00000,ЭКС-000005840   ,,,False,742332,,,,"Маяк-24-КП, оповещатель охранно-пожарный комбинированный свето-звуковой",СМ,,5.00000,9.00000,516.40000,1032.80000,,,0.01000,9.00000,,N,,,0.00000,0,,,,ШТ,2026-03-24 00:00:00,EKS000005840,N,,,,2.00000,0.02000,2065.60000,,КГ,Заказной,Марин А.Ю.,216923,ШТ,Заказной товар,ТД ТИНКО ООО,0.00000,0.00000,a.savitskiy,Пакет интерфейса поставки:c6d58eab-3725-4384-9e69-7202f7ea3732,2026-03-24 12:35:17,321230,1997045,2.00000,2,,,,,,,,C,,Годен,,
1995387,WH1,,320733,New,End,,N,ЭКС,,,,,,,ЭКС-000010569   ,5962431.00000,ЭКС-000005840   ,,,False,847786,,,,"АРИЯ-ПС-БРО-РМ, блок трансляции фоновой музыки + резервный источник 220В, АКБ 7Ач, IP40, ГО и ЧС, му",СМ,False,9.50000,25.50000,11146.72000,55733.60000,,,1.04000,20.50000,,N,,,0.00000,0,,,,ШТ,2026-03-24 00:00:00,EKS000005840,N,,,,5.00000,5.20000,278668.00000,,КГ,Заказной,Марин А.Ю.,АРИЯ-ПС-БРО-РМ,ШТ,Заказной товар,Приборы Охраны ООО,0.00000,0.00000,a.savitskiy,Пакет интерфейса поставки:c6d58eab-3725-4384-9e69-7202f7ea3732,2026-03-24 12:35:17,321230,1997050,5.00000,2,,,,,,,,C,,Годен,,
1995388,WH1,,320733,New,End,,N,ЭКС,,,,,,,ЭКС-000010569   ,5962432.00000,ЭКС-000005840   ,,,False,847787,,,,"АРИЯ-ПС-МК-12, микрофон",СМ,False,8.00000,25.00000,2986.89000,14934.45000,,,0.11000,8.00000,,N,,,0.00000,0,,,,ШТ,2026-03-24 00:00:00,EKS000005840,N,,,,5.00000,0.55000,74672.25000,,КГ,Заказной,Марин А.Ю.,5АРИЯ-ПС-МК-12,ШТ,Заказной товар,Приборы Охраны ООО,0.00000,0.00000,a.savitskiy,Пакет интерфейса поставки:c6d58eab-3725-4384-9e69-7202f7ea3732,2026-03-24 12:35:17,321230,1997049,5.00000,2,,,,,,,,C,,Годен,,
1995389,WH1,,320733,New,End,,N,ЭКС,,,,,,,ЭКС-000010569   ,5962433.00000,ЭКС-000005840   ,,,False,847789,,,,АРИЯ - ПС-10 (АРИЯ-10 (10 Вт)),СМ,False,8.00000,27.00000,1208.20000,24164.00000,,,0.50000,17.00000,,N,,,0.00000,0,,,,ШТ,2026-03-24 00:00:00,EKS000005840,N,,,,20.00000,11.55000,483280.00000,,КГ,Заказной,Марин А.Ю.,АРИЯ - ПС-10,ШТ,Заказной товар,Приборы Охраны ООО,0.00000,0.00000,a.savitskiy,Пакет интерфейса поставки:c6d58eab-3725-4384-9e69-7202f7ea3732,2026-03-24 12:35:17,321230,1997048,20.00000,2,,,,,,,,C,,Годен,,
1995390,WH1,,320733,New,End,,N,ЭКС,,,,,,,ЭКС-000010569   ,5962434.00000,ЭКС-000005840   ,,,False,847790,,,,"ИВЭПР 12/5 2х17 - Р БР (К4), источник резервного питания",СМ,False,11.00000,38.00000,6656.05000,33280.25000,,,2.38000,26.50000,,N,,,0.00000,0,,,,ШТ,2026-03-24 00:00:00,EKS000005840,N,,,,5.00000,11.90000,166401.25000,,КГ,Заказной,Марин А.Ю.,ИВЭПР 12/5 2х17 - Р БР (К,ШТ,Заказной товар,Приборы Охраны ООО,0.00000,0.00000,a.savitskiy,Пакет интерфейса поставки:c6d58eab-3725-4384-9e69-7202f7ea3732,2026-03-24 12:35:17,321230,1997047,5.00000,2,,,,,,,,C,,Годен,,
1995391,WH1,,320733,New,End,,N,ЭКС,,,,,,,ЭКС-000010569   ,5962435.00000,ЭКС-000005840   ,,,False,847791,,,,Аккумулятор ETALON FORS 18 А/ч 12В,СМ,False,19.00000,19.00000,2444.25000,26886.75000,,,5.15000,8.00000,,N,,,0.00000,0,,,,ШТ,2026-03-24 00:00:00,EKS000005840,N,,,,11.00000,56.80000,295754.25000,,КГ,Заказной,Марин А.Ю.,ETALON FORS 18 А/ч 12В,ШТ,Заказной товар,Приборы Охраны ООО,0.00000,0.00000,a.savitskiy,Пакет интерфейса поставки:c6d58eab-3725-4384-9e69-7202f7ea3732,2026-03-24 12:35:17,321230,1997046,11.00000,2,,,,,,,,C,,Годен,,
1995392,WH1,,320734,New,End,,N,ЭКС,,,,,,,,5962420.00000,ЭКС-000005838   ,,,False,794213,,,,Лампа LED-T8-М-PRO 20Вт  матовая 6500К холод. бел. G13 2000лм 230В 1200мм неповоротн. IN HOME,СМ,False,3.00000,120.00000,69.83000,1745.75000,,,0.19000,3.00000,,N,,,0.00000,0,,,,ШТ,2026-03-24 00:00:00,EKS000005838,N,,,,25.00000,5.60000,43643.75000,,КГ,,Косова Т.В.,4690612030999,ШТ,Товар филиала,ИН ХОУМ  ООО,0.00000,0.00000,a.savitskiy,Пакет интерфейса поставки:1fdacfba-0571-4073-a58e-b4cfa2a0e05f,2026-03-24 12:38:56,321228,1997035,25.00000,2,,,,,,,,C,,Годен,,
1995393,WH1,,320734,New,End,,N,ЭКС,,,,,,,ЭКС-000011478   ,5962413.00000,ЭКС-000005838   ,,,False,841147,,,,Светильник трековый TR-GX53-TL 52RB под GX53 с подсветкой черный IN HOME,СМ,False,15.00000,10.00000,233.61000,233.61000,,,0.20000,10.00000,,N,,,0.00000,0,,,,ШТ,2026-03-24 00:00:00,EKS000005838,N,,,,1.00000,0.20000,233.61000,,КГ,Заказной,Косова Т.В.,4690612043760,ШТ,Заказной товар,ИН ХОУМ  ООО,0.00000,0.00000,a.savitskiy,Пакет интерфейса поставки:1fdacfba-0571-4073-a58e-b4cfa2a0e05f,2026-03-24 12:38:56,321228,1997043,1.00000,2,,,,,,,,C,,Годен,,
1995394,WH1,,320734,New,End,,N,ЭКС,,,,,,,ЭКС-000011481   ,5962414.00000,ЭКС-000005838   ,,,False,841804,,,,Лампа сд LED-A65-VC 30Вт 230В Е27 3000К 2850Лм IN HOME,СМ,False,7.00000,13.00000,53.61000,536.10000,,,0.05000,7.00000,,N,,,0.00000,0,,,,ШТ,2026-03-24 00:00:00,EKS000005838,N,,,,10.00000,0.52000,5361.00000,,КГ,Заказной,Косова Т.В.,4690612066233,ШТ,Заказной товар,ИН ХОУМ  ООО,0.00000,0.00000,a.savitskiy,Пакет интерфейса поставки:1fdacfba-0571-4073-a58e-b4cfa2a0e05f,2026-03-24 12:38:56,321228,1997041,10.00000,2,,,,,,,,C,,Годен,,
1995395,WH1,,320734,New,End,,N,ЭКС,,,,,,,ЭКС-000011508   ,5962415.00000,ЭКС-000005838   ,,,False,830305,,,,Стартер S10 4-65W 220-240В IN HOME,СМ,False,2.00000,4.00000,6.89000,172.25000,,,0.00100,2.00000,,N,,,0.00000,0,,,,ШТ,2026-03-24 00:00:00,EKS000005838,N,,,,25.00000,0.10000,4306.25000,,КГ,Заказной,Косова Т.В.,4690612032436,ШТ,Заказной товар,ИН ХОУМ  ООО,0.00000,0.00000,a.savitskiy,Пакет интерфейса поставки:1fdacfba-0571-4073-a58e-b4cfa2a0e05f,2026-03-24 12:38:56,321228,1997034,25.00000,2,,,,,,,,C,,Годен,,
1995396,WH1,,320734,New,End,,N,ЭКС,,,,,,,ЭКС-000011890   ,5962416.00000,ЭКС-000005838   ,,,False,842186,,,,Светильник складской линзованный сд UHB-2L 200Вт 230В 5000К 21000Лм 105лм/Вт IP65 без пульсации NEOX,СМ,False,3.50000,31.00000,1618.03000,8090.15000,,,1.15000,31.00000,,N,,,0.00000,0,,,,ШТ,2026-03-24 00:00:00,EKS000005838,N,,,,5.00000,5.75000,40450.75000,,КГ,Заказной,Косова Т.В.,4690612057064,ШТ,Заказной товар,ИН ХОУМ  ООО,0.00000,0.00000,a.savitskiy,Пакет интерфейса поставки:1fdacfba-0571-4073-a58e-b4cfa2a0e05f,2026-03-24 12:38:56,321228,1997040,5.00000,2,,,,,,,,C,,Годен,,
1995397,WH1,,320734,New,End,,N,ЭКС,,,,,,,ЭКС-000012005   ,5962417.00000,ЭКС-000005838   ,,,False,508811,,,,Прожектор  LED СДО-7 100Вт 230В 6500К IP65 черный IN HOME,СМ,False,3.00000,23.00000,326.56000,13062.40000,,,0.28000,20.00000,,N,,,0.00000,0,,,,ШТ,2026-03-24 00:00:00,EKS000005838,N,,,,40.00000,27.60000,522496.00000,,КГ,Заказной,Косова Т.В.,4690612034652,ШТ,Прочее,ИН ХОУМ  ООО,0.00000,0.00000,a.savitskiy,Пакет интерфейса поставки:1fdacfba-0571-4073-a58e-b4cfa2a0e05f,2026-03-24 12:38:56,321228,1997038,40.00000,2,,,,,,,,C,,Годен,,
1995398,WH1,,320734,New,End,,N,ЭКС,,,,,,,ЭКС-000012050   ,5962418.00000,ЭКС-000005838   ,,,False,841771,,,,ЭПРА-36-SLIM 36Вт для серии ДВО-SLIM NEOX,СМ,False,3.00000,13.00000,227.21000,227.21000,,,0.10000,5.50000,,N,,,0.00000,0,,,,ШТ,2026-03-24 00:00:00,EKS000005838,N,,,,1.00000,0.10000,227.21000,,КГ,Заказной,Косова Т.В.,4690612064550,ШТ,Заказной товар,ИН ХОУМ  ООО,0.00000,0.00000,a.savitskiy,Пакет интерфейса поставки:1fdacfba-0571-4073-a58e-b4cfa2a0e05f,2026-03-24 12:38:56,321228,1997042,1.00000,2,,,,,,,,C,,Годен,,
1995399,WH1,,320734,New,End,,N,ЭКС,,,,,,,ЭКС-000012097   ,5962419.00000,ЭКС-000005838   ,,,False,841082,,,,Панель сд универсальная ДВО-02 4040-ОПАЛ 40Вт 4000К IP40 595х595х22мм NEOX,СМ,False,2.50000,59.00000,506.56000,4052.48000,,,1.00000,59.00000,,N,,,0.00000,0,,,,ШТ,2026-03-24 00:00:00,EKS000005838,N,,,,8.00000,9.88000,32419.84000,,КГ,Заказной,Косова Т.В.,4690612038803,ШТ,Заказной товар,ИН ХОУМ  ООО,0.00000,0.00000,a.savitskiy,Пакет интерфейса поставки:1fdacfba-0571-4073-a58e-b4cfa2a0e05f,2026-03-24 12:38:56,321228,1997032,8.00000,2,,,,,,,,C,,Годен,,
1995400,WH1,,320734,New,End,,N,ЭКС,,,,,,,ЭКС-000012180   ,5962422.00000,ЭКС-000005838   ,,,False,842196,,,,Светильник уличный линзованный сд ДКУ-2L 200Вт 230В 5000К 25000Лм 125лм/Вт 48-70мм IP65 NEOX,СМ,False,6.00000,56.00000,2341.48000,7024.44000,,,2.21000,28.00000,,N,,,0.00000,0,,,,ШТ,2026-03-24 00:00:00,EKS000005838,N,,,,3.00000,6.63000,21073.32000,,КГ,Заказной,Косова Т.В.,4690612057699,ШТ,Заказной товар,ИН ХОУМ  ООО,0.00000,0.00000,a.savitskiy,Пакет интерфейса поставки:1fdacfba-0571-4073-a58e-b4cfa2a0e05f,2026-03-24 12:38:56,321228,1997039,3.00000,2,,,,,,,,C,,Годен,,
1995401,WH1,,320734,New,End,,N,ЭКС,,,,,,,ЭКС-000012249   ,5962423.00000,ЭКС-000005838   ,,,False,605091,,,,Лампа LED-T8-М-PRO 30Вт 230В G13 6500К 3000Лм 1200мм матовая IN HOME,СМ,False,3.00000,120.00000,86.07000,4303.50000,,,0.20000,3.00000,,N,,,0.00000,0,,,,ШТ,2026-03-24 00:00:00,EKS000005838,N,,,,50.00000,11.00000,215175.00000,,КГ,Заказной,Косова Т.В.,4690612031026,ШТ,Заказной товар,ИН ХОУМ  ООО,0.00000,0.00000,a.savitskiy,Пакет интерфейса поставки:1fdacfba-0571-4073-a58e-b4cfa2a0e05f,2026-03-24 12:38:56,321228,1997037,50.00000,2,,,,,,,,C,,Годен,,
1995402,WH1,,320734,New,End,,N,ЭКС,,,,,,,ЭКС-000012280   ,5962424.00000,ЭКС-000005838   ,,,False,841040,,,,Лампа сд низковольтная LED-MO-PRO 15Вт 12-48В Е27 6500К 1200Лм IN HOME,СМ,False,6.00000,11.00000,91.48000,914.80000,,,0.05000,6.00000,,N,,,0.00000,0,,,,ШТ,2026-03-24 00:00:00,EKS000005838,N,,,,10.00000,0.50000,9148.00000,,КГ,Заказной,Косова Т.В.,4690612036366,ШТ,Заказной товар,ИН ХОУМ  ООО,0.00000,0.00000,a.savitskiy,Пакет интерфейса поставки:1fdacfba-0571-4073-a58e-b4cfa2a0e05f,2026-03-24 12:38:56,321228,1997033,10.00000,2,,,,,,,,C,,Годен,,
1995403,WH1,,320734,New,End,,N,ЭКС,,,,,,,ЭКС-000012306   ,5962425.00000,ЭКС-000005838   ,,,False,660579,,,,Светильник LED универс. ДВО-02 3640-ПРИЗМА 36Вт 230В 4000К 4020лм 110лм/Вт 595х595х19 панель,СМ,False,2.00000,58.00000,392.46000,4709.52000,,,0.01000,58.00000,,N,,,0.00000,0,,,,ШТ,2026-03-24 00:00:00,EKS000005838,N,,,,12.00000,12.00000,56514.24000,,КГ,Заказной,Косова Т.В.,4690612038162,ШТ,Заказной товар,ИН ХОУМ  ООО,0.00000,0.00000,a.savitskiy,Пакет интерфейса поставки:1fdacfba-0571-4073-a58e-b4cfa2a0e05f,2026-03-24 12:38:56,321228,1997036,12.00000,2,,,,,,,,C,,Годен,,
1995404,WH1,,320735,New,End,,N,ЭКС,,,,,,,ЭКС-000001806   ,5962350.00000,ЭКС-000005815   ,,,False,749498,,,,Наконечник медный  лужёный ТМЛ-35 10-9 PLEXUP,СМ,False,1.00000,5.00000,34.54000,69080.00000,,,0.00900,1.00000,,N,,,0.00000,0,,,,ШТ,2026-03-19 00:00:00,EKS000005815,N,,,,2000.00000,34.40000,138160000.00000,,КГ,Заказной,Княжева Ю.В.,SAL35-10-09-050,ШТ,Заказной товар,ДПА ООО,0.00000,0.00000,n.bezrukov,Пакет интерфейса поставки:e8a4e0fa-4a33-4e08-924c-99b8511fb8d0,2026-03-24 12:41:03,321205,1996978,2000.00000,2,,,,,,,,C,,Годен,,
1995405,WH1,,320736,New,End,,N,ЭКС,,,,,,,ЭКС-000011432   ,5962602.00000,ЭКС-000005857   ,,,False,110259,,,,Щит освещения ЩО 8505-0406,СМ,,14.00000,32.00000,4821.45000,9642.90000,,,4.38000,28.00000,,N,,,0.00000,0,,,,ШТ,2026-03-24 00:00:00,EKS000005857,N,,,,2.00000,8.76000,19285.80000,,КГ,Заказной,Иваненко П.В.,,ШТ,Прочее,,0.00000,0.00000,a.manokhin,Пакет интерфейса поставки:e8a4e0fa-4a33-4e08-924c-99b8511fb8d0,2026-03-24 12:41:09,321247,1997182,2.00000,2,,,,,,,,C,,Годен,,
1995406,WH1,,320737,New,End,,N,ЭКС,,,,,,,ЭКС-000000116   ,5962334.00000,ЭКС-000005806   ,,,False,753407,,,,Лампа КМ 24-90 24В TEKM2490 te00458638,СМ,False,0.50000,4.50000,31.97000,4795.50000,,,0.00500,0.50000,,N,,,0.00000,0,,,,ШТ,2026-03-21 00:00:00,EKS000005806,N,,,,150.00000,0.46000,719325.00000,,КГ,Заказной,Третьяков С.М.,te00458638,ШТ,Заказной товар,МФК Техэнерго ООО,0.00000,0.00000,a.savitskiy,Пакет интерфейса поставки:c14bb21a-a197-4df0-a6a9-8d6eb7f9a3fd,2026-03-24 12:42:56,321196,1996964,150.00000,2,,,,,,,,C,,Годен,,
1995407,WH1,,320737,New,End,,N,ЭКС,,,,,,,ЭКС-000000116   ,5962336.00000,ЭКС-000005806   ,,,False,855928,,,,Лампа КМ 48-50 48В TEKM4850 te00458639,СМ,False,0.20000,4.00000,31.97000,3197.00000,,,0.00010,0.20000,,N,,,0.00000,0,,,,ШТ,2026-03-21 00:00:00,EKS000005806,N,,,,100.00000,0.21000,319700.00000,,КГ,Заказной,Третьяков С.М.,te00458639,ШТ,Заказной товар,МФК Техэнерго ООО,0.00000,0.00000,a.savitskiy,Пакет интерфейса поставки:c14bb21a-a197-4df0-a6a9-8d6eb7f9a3fd,2026-03-24 12:42:56,321196,1996961,100.00000,2,,,,,,,,C,,Годен,,
1995408,WH1,,320737,New,End,,N,ЭКС,,,,,,,ЭКС-000000116   ,5962337.00000,ЭКС-000005806   ,,,False,855446,,,,Лампа КМ 60-50 60В TEKM6050 te00458640,СМ,False,0.50000,4.00000,31.97000,3197.00000,,,0.00500,0.50000,,N,,,0.00000,0,,,,ШТ,2026-03-21 00:00:00,EKS000005806,N,,,,100.00000,0.22000,319700.00000,,КГ,Заказной,Третьяков С.М.,te00458640,ШТ,Заказной товар,МФК Техэнерго ООО,0.00000,0.00000,a.savitskiy,Пакет интерфейса поставки:c14bb21a-a197-4df0-a6a9-8d6eb7f9a3fd,2026-03-24 12:42:56,321196,1996962,100.00000,2,,,,,,,,C,,Годен,,
1995409,WH1,,320737,New,End,,N,ЭКС,,,,,,,ЭКС-000008756   ,5962330.00000,ЭКС-000005806   ,,,False,503087,,,,Выключатель концевой ВПУ-011БЕ 111161-67.21.У2,СМ,False,8.00000,14.00000,638.80000,3194.00000,,,0.90000,8.00000,,N,,,0.00000,0,,,,ШТ,2026-03-21 00:00:00,EKS000005806,N,,,,5.00000,4.50000,15970.00000,,КГ,Заказной,Третьяков С.М.,te00114477,ШТ,Заказной товар,МФК Техэнерго ООО,0.00000,0.00000,a.savitskiy,Пакет интерфейса поставки:c14bb21a-a197-4df0-a6a9-8d6eb7f9a3fd,2026-03-24 12:42:56,321196,1996967,5.00000,2,,,,,,,,C,,Годен,,
1995410,WH1,,320737,New,End,,N,ЭКС,,,,,,,ЭКС-000010693   ,5962333.00000,ЭКС-000005806   ,,,False,672259,,,,Контактор КМИ-22510 25А 220В 1з УХЛ4 Класс Б Теxenergo,СМ,False,6.00000,10.00000,617.58000,3087.90000,,,0.20000,9.00000,,N,,,0.00000,0,,,,ШТ,2026-03-21 00:00:00,EKS000005806,N,,,,5.00000,1.00000,15439.50000,,КГ,Заказной,Третьяков С.М.,te00421382,ШТ,Заказной товар,МФК Техэнерго ООО,0.00000,0.00000,a.savitskiy,Пакет интерфейса поставки:c14bb21a-a197-4df0-a6a9-8d6eb7f9a3fd,2026-03-24 12:42:56,321196,1996965,5.00000,2,,,,,,,,C,,Годен,,
1995411,WH1,,320737,New,End,,N,ЭКС,,,,,,,ЭКС-000010791   ,5962331.00000,ЭКС-000005806   ,,,False,753408,,,,Переключатель крестовой ПК 12-21-822,СМ,False,13.00000,9.00000,2418.03000,48360.60000,,,0.50000,9.00000,,N,,,0.00000,0,,,,ШТ,2026-03-21 00:00:00,EKS000005806,N,,,,20.00000,10.00000,967212.00000,,КГ,Заказной,Третьяков С.М.,te00006852,ШТ,Заказной товар,МФК Техэнерго ООО,0.00000,0.00000,a.savitskiy,Пакет интерфейса поставки:c14bb21a-a197-4df0-a6a9-8d6eb7f9a3fd,2026-03-24 12:42:56,321196,1996963,20.00000,2,,,,,,,,C,,Годен,,
1995412,WH1,,320737,New,End,,N,ЭКС,,,,,,,ЭКС-000010791   ,5962332.00000,ЭКС-000005806   ,,,False,523282,,,,Тумблер ТП1-2 15А 250В,СМ,False,2.00000,6.00000,105.87000,2117.40000,,,0.02000,3.50000,,N,,,0.00000,0,,,,ШТ,2026-03-21 00:00:00,EKS000005806,N,,,,20.00000,0.75000,42348.00000,,КГ,Заказной,Третьяков С.М.,te00120865,ШТ,Заказной товар,МФК Техэнерго ООО,0.00000,0.00000,a.savitskiy,Пакет интерфейса поставки:c14bb21a-a197-4df0-a6a9-8d6eb7f9a3fd,2026-03-24 12:42:56,321196,1996966,20.00000,2,,,,,,,,C,,Годен,,
1995413,WH1,,320738,New,End,,N,ЭКС,,,,,,,ЭКС-000010097   ,5962370.00000,ЭКС-000005827   ,,,False,604947,,,,КМНп-10910 9А 110В/АС3 1НО TDM,СМ,,6.00000,12.00000,1526.95000,3053.90000,,,0.20000,8.00000,,N,,,0.00000,0,,,,ШТ,2026-03-27 00:00:00,EKS000005827,N,,,,2.00000,0.40000,6107.80000,,КГ,Заказной,Третьяков С.М.,SQ0755-0002,ШТ,Заказной товар,Торговый Дом Морозова (ОО,0.00000,0.00000,a.manokhin,Пакет интерфейса поставки:c14bb21a-a197-4df0-a6a9-8d6eb7f9a3fd,2026-03-24 12:43:02,321217,1996998,2.00000,2,,,,,,,,C,,Годен,,
1995414,WH1,,320738,New,End,,N,ЭКС,,,,,,,ЭКС-000010097   ,5962371.00000,ЭКС-000005827   ,,,False,268591,,,,"Реле электротепловое токовое РТТ-325 П УХЛ4 100А (85,0 - 115,0)А TDM",СМ,,7.00000,15.00000,1714.36000,3428.72000,,,0.60000,10.00000,,N,,,0.00000,0,,,,ШТ,2026-03-27 00:00:00,EKS000005827,N,,,,2.00000,1.20000,6857.44000,,КГ,Заказной,Третьяков С.М.,SQ0741-0004,ШТ,Заказной товар,Торговый Дом Морозова (ОО,0.00000,0.00000,a.manokhin,Пакет интерфейса поставки:c14bb21a-a197-4df0-a6a9-8d6eb7f9a3fd,2026-03-24 12:43:02,321217,1996997,2.00000,2,,,,,,,,C,,Годен,,
1995415,WH1,,320738,New,End,,N,ЭКС,,,,,,,ЭКС-000010097   ,5962372.00000,ЭКС-000005827   ,,,False,268597,,,,"Реле электротепловое токовое РТТ-325 П УХЛ4  50А (42,5 - 57,5)А TDM",СМ,,11.00000,15.00000,1718.56000,8592.80000,,,0.55000,7.00000,,N,,,0.00000,0,,,,ШТ,2026-03-27 00:00:00,EKS000005827,N,,,,5.00000,2.75000,42964.00000,,КГ,Заказной,Третьяков С.М.,SQ0741-0001,ШТ,Заказной товар,Торговый Дом Морозова (ОО,0.00000,0.00000,a.manokhin,Пакет интерфейса поставки:c14bb21a-a197-4df0-a6a9-8d6eb7f9a3fd,2026-03-24 12:43:02,321217,1996995,5.00000,2,,,,,,,,C,,Годен,,
1995416,WH1,,320738,New,End,,N,ЭКС,,,,,,,ЭКС-000010097   ,5962373.00000,ЭКС-000005827   ,,,False,268594,,,,"Реле электротепловое токовое РТТ-325 П УХЛ4  63А (53,5 - 72,3)А TDM",СМ,,7.00000,15.00000,1718.56000,8592.80000,,,0.30000,10.00000,,N,,,0.00000,0,,,,ШТ,2026-03-27 00:00:00,EKS000005827,N,,,,5.00000,1.50000,42964.00000,,КГ,Заказной,Третьяков С.М.,SQ0741-0002,ШТ,Заказной товар,Торговый Дом Морозова (ОО,0.00000,0.00000,a.manokhin,Пакет интерфейса поставки:c14bb21a-a197-4df0-a6a9-8d6eb7f9a3fd,2026-03-24 12:43:02,321217,1996996,5.00000,2,,,,,,,,C,,Годен,,
1995417,WH1,,320739,New,End,,N,ЭКС,,,,,,,ЭКС-000010711   ,5962378.00000,ЭКС-000005831   ,,,False,191058,,,,Пакетный выключатель ПВ3-100 исп.3 3П 100А 220В IP00 TDM,СМ,,16.00000,15.00000,1801.15000,3602.30000,,,1.15000,15.00000,,N,,,0.00000,0,,,,ШТ,2026-03-27 00:00:00,EKS000005831,N,,,,2.00000,2.30000,7204.60000,,КГ,Заказной,Третьяков С.М.,SQ0723-0030,ШТ,Заказной товар,Торговый Дом Морозова (ОО,0.00000,0.00000,a.manokhin,Пакет интерфейса поставки:c14bb21a-a197-4df0-a6a9-8d6eb7f9a3fd,2026-03-24 12:43:09,321221,1997003,2.00000,6,,,,,,,,C,,Годен,,
1995418,WH1,,320739,New,End,,N,ЭКС,,,,,,,ЭКС-000010869   ,5962381.00000,ЭКС-000005831   ,,,False,233779,,,,Реле времени РВ1A-2реж-1сек/10мин-5А-220В-8Ц TDM SQ1503-0007,СМ,,4.00000,8.00000,512.34000,5123.40000,,,0.09000,4.00000,,N,,,0.00000,0,,,,ШТ,2026-03-27 00:00:00,EKS000005831,N,,,,10.00000,0.90000,51234.00000,,КГ,Заказной,Третьяков С.М.,SQ1503-0007,ШТ,Заказной товар,Торговый Дом Морозова (ОО,0.00000,0.00000,a.manokhin,Пакет интерфейса поставки:c14bb21a-a197-4df0-a6a9-8d6eb7f9a3fd,2026-03-24 12:43:09,321221,1997002,10.00000,2,,,,,,,,C,,Годен,,
1995419,WH1,,320739,New,End,,N,ЭКС,,,,,,,ЭКС-000010882   ,5962382.00000,ЭКС-000005831   ,,,False,737663,,,,КМН-22530 реверс 25А 230В/АС3 2НО TDM,СМ,,11.00000,13.50000,1601.58000,9609.48000,,,1.10000,9.00000,,N,,,0.00000,0,,,,ШТ,2026-03-27 00:00:00,EKS000005831,N,,,,6.00000,6.60000,57656.88000,,КГ,Заказной,Третьяков С.М.,SQ0761-0007,ШТ,Заказной товар,Торговый Дом Морозова (ОО,0.00000,0.00000,a.manokhin,Пакет интерфейса поставки:c14bb21a-a197-4df0-a6a9-8d6eb7f9a3fd,2026-03-24 12:43:09,321221,1997004,6.00000,2,,,,,,,,C,,Годен,,
1995420,WH1,,320739,New,End,,N,ЭКС,,,,,,,ЭКС-000011096   ,5962380.00000,ЭКС-000005831   ,,,False,620618,,,,"ПКЕ 222-1 У2, красный гриб с фиксацией, IP54 TDM",СМ,,10.00000,10.00000,315.29000,1261.16000,,,0.10000,10.00000,,N,,,0.00000,0,,,,ШТ,2026-03-27 00:00:00,EKS000005831,N,,,,4.00000,0.40000,5044.64000,,КГ,Заказной,Третьяков С.М.,SQ0742-0028,ШТ,Распродажа,Торговый Дом Морозова (ОО,0.00000,0.00000,a.manokhin,Пакет интерфейса поставки:c14bb21a-a197-4df0-a6a9-8d6eb7f9a3fd,2026-03-24 12:43:09,321221,1997005,4.00000,2,,,,,,,,C,,Годен,,
1995421,WH1,,320739,New,End,,N,ЭКС,,,,,,,ЭКС-000011174   ,5962383.00000,ЭКС-000005831   ,,,False,295770,,,,Кулачковый переключатель КПУ11-10/202 (1-0-2 2р (возврат)) TDM,СМ,,7.00000,8.00000,859.07000,6013.49000,,,0.18000,6.00000,,N,,,0.00000,0,,,,ШТ,2026-03-27 00:00:00,EKS000005831,N,,,,7.00000,1.26000,42094.43000,,КГ,Заказной,Третьяков С.М.,SQ0715-0104,ШТ,Заказной товар,Торговый Дом Морозова (ОО,0.00000,0.00000,a.manokhin,Пакет интерфейса поставки:c14bb21a-a197-4df0-a6a9-8d6eb7f9a3fd,2026-03-24 12:43:09,321221,1997006,7.00000,2,,,,,,,,C,,Годен,,
1995422,WH1,,320740,New,End,,N,ЭКС,,,,,,,,5962369.00000,ЭКС-000005826   ,,,False,157327,,,,"Наклейка ""Заземление"" 20х20 (самокл.) TDM",СМ,,0.10000,2.00000,1.05000,604.80000,,,0.01000,2.00000,,N,,,0.00000,0,,,,ШТ,2026-03-27 00:00:00,EKS000005826,N,,,,576.00000,0.18000,348364.80000,,КГ,Дортман Анна Павловна,Петров И.В.,SQ0817-0019,ШТ,Базовый,Торговый Дом Морозова (ОО,0.00000,0.00000,a.manokhin,Пакет интерфейса поставки:d7d08b2d-8115-4f91-8837-f6965464963e,2026-03-24 12:45:16,321216,1996994,576.00000,2,,,,,,,,C,,Годен,,
1995423,WH1,,320740,New,End,,N,ЭКС,,,,,,,ЭКС-000010081   ,5962367.00000,ЭКС-000005826   ,,,False,605221,,,,"Соединитель для круглых воздуховодов, D100, TDM",СМ,,6.00000,10.00000,51.57000,103.14000,,,0.04000,10.00000,,N,,,0.00000,0,,,,ШТ,2026-03-27 00:00:00,EKS000005826,N,,,,2.00000,0.08000,206.28000,,КГ,Заказной,Катышев А.В.,SQ1807-1708,ШТ,Заказной товар,Торговый Дом Морозова (ОО,0.00000,0.00000,a.manokhin,Пакет интерфейса поставки:d7d08b2d-8115-4f91-8837-f6965464963e,2026-03-24 12:45:16,321216,1996992,2.00000,2,,,,,,,,C,,Годен,,
1995424,WH1,,320740,New,End,,N,ЭКС,,,,,,,ЭКС-000010081   ,5962368.00000,ЭКС-000005826   ,,,False,490859,,,,"Вентилятор осевой канальный, ВКО-100, TDM",СМ,,8.50000,10.50000,673.75000,673.75000,,,0.30000,10.50000,,N,,,0.00000,0,,,,ШТ,2026-03-27 00:00:00,EKS000005826,N,,,,1.00000,0.30000,673.75000,,КГ,Заказной,Катышев А.В.,SQ1807-1801,ШТ,Заказной товар,Торговый Дом Морозова (ОО,0.00000,0.00000,a.manokhin,Пакет интерфейса поставки:d7d08b2d-8115-4f91-8837-f6965464963e,2026-03-24 12:45:16,321216,1996993,1.00000,2,,,,,,,,C,,Годен,,
1995425,WH1,,320741,New,End,,N,ЭКС,,,,,,,,5962396.00000,ЭКС-000005832   ,,,False,159466,,,,Вилка угловая с/з белая 16А 250В TDM,СМ,,3.00000,8.00000,42.85000,14140.50000,,,0.05000,5.00000,,N,,,0.00000,0,,,,ШТ,2026-03-27 00:00:00,EKS000005832,N,,,,330.00000,10.00000,4666365.00000,,КГ,Дортман Анна Павловна,Княжева Ю.В.,SQ1806-0007,ШТ,Суперсклад,Торговый Дом Морозова (ОО,0.00000,0.00000,a.manokhin,Пакет интерфейса поставки:d7d08b2d-8115-4f91-8837-f6965464963e,2026-03-24 12:45:27,321222,1997011,330.00000,2,,,,,,,,A,,Годен,,
1995426,WH1,,320741,New,End,,N,ЭКС,,,,,,,,5962397.00000,ЭКС-000005832   ,,,False,157841,,,,Колодка розеточная 3 гнезда 2П+3 16А 250В белая TDM,СМ,,5.00000,16.00000,130.60000,9142.00000,,,0.18000,6.00000,,N,,,0.00000,0,,,,ШТ,2026-03-27 00:00:00,EKS000005832,N,,,,70.00000,9.08000,639940.00000,,КГ,Дортман Анна Павловна,Княжева Ю.В.,SQ1806-0013,ШТ,Базовый,Торговый Дом Морозова (ОО,0.00000,0.00000,a.manokhin,Пакет интерфейса поставки:d7d08b2d-8115-4f91-8837-f6965464963e,2026-03-24 12:45:27,321222,1997012,70.00000,2,,,,,,,,A,,Годен,,
1995427,WH1,,320741,New,End,,N,ЭКС,,,,,,,ЭКС-000010500   ,5962385.00000,ЭКС-000005832   ,,,False,251788,,,,"Строительно-монтажная клемма КБМ-2273-234 (2,5мм2) с пастой TDM",СМ,,0.30000,1.50000,6.61000,1718.60000,,,0.00100,1.00000,,N,,,0.00000,0,,,,ШТ,2026-03-27 00:00:00,EKS000005832,N,,,,260.00000,0.40000,446836.00000,,КГ,Заказной,Феденькова Д.Ю.,SQ0517-0113,ШТ,Заказной товар,Торговый Дом Морозова (ОО,0.00000,0.00000,a.manokhin,Пакет интерфейса поставки:d7d08b2d-8115-4f91-8837-f6965464963e,2026-03-24 12:45:27,321222,1997008,260.00000,2,,,,,,,,C,,Годен,,
1995428,WH1,,320741,New,End,,N,ЭКС,,,,,,,ЭКС-000010776   ,5962388.00000,ЭКС-000005832   ,,,False,796132,,,,Кабельный ввод мембранный КВМ-35 TDM,СМ,,4.00000,22.00000,419.68000,2098.40000,,,0.24000,8.00000,,N,,,0.00000,0,,,,ШТ,2026-03-27 00:00:00,EKS000005832,N,,,,5.00000,1.20000,10492.00000,,КГ,Заказной,Феденькова Д.Ю.,SQ0814-0008,ШТ,Заказной товар,Торговый Дом Морозова (ОО,0.00000,0.00000,a.manokhin,Пакет интерфейса поставки:d7d08b2d-8115-4f91-8837-f6965464963e,2026-03-24 12:45:27,321222,1997016,5.00000,2,,,,,,,,C,,Годен,,
1995429,WH1,,320741,New,End,,N,ЭКС,,,,,,,ЭКС-000010776   ,5962389.00000,ЭКС-000005832   ,,,False,883717,,,,Кабельный ввод мембранный КВМ-25 TDM,СМ,False,2.00000,20.00000,332.48000,1329.92000,,,0.24000,8.00000,,N,,,0.00000,0,,,,ШТ,2026-03-27 00:00:00,EKS000005832,N,,,,4.00000,0.96000,5319.68000,,КГ,Заказной,Феденькова Д.Ю.,SQ0814-0009,ШТ,Заказной товар,Торговый Дом Морозова (ОО,0.00000,0.00000,a.manokhin,Пакет интерфейса поставки:d7d08b2d-8115-4f91-8837-f6965464963e,2026-03-24 12:45:27,321222,1997015,4.00000,2,,,,,,,,C,,Годен,,
1995430,WH1,,320741,New,End,,N,ЭКС,,,,,,,ЭКС-000010776   ,5962391.00000,ЭКС-000005832   ,,,False,778665,,,,Кабельный ввод мембранный КВМ-16 TDM,СМ,False,3.00000,20.00000,342.11000,8894.86000,,,0.20000,10.00000,,N,,,0.00000,0,,,,ШТ,2026-03-27 00:00:00,EKS000005832,N,,,,26.00000,5.20000,231266.36000,,КГ,Заказной,Феденькова Д.Ю.,SQ0814-0010,ШТ,Заказной товар,Торговый Дом Морозова (ОО,0.00000,0.00000,a.manokhin,Пакет интерфейса поставки:d7d08b2d-8115-4f91-8837-f6965464963e,2026-03-24 12:45:27,321222,1997017,26.00000,2,,,,,,,,C,,Годен,,
1995431,WH1,,320741,New,End,,N,ЭКС,,,,,,,ЭКС-000010776   ,5962392.00000,ЭКС-000005832   ,,,False,883718,,,,Кабельный ввод мембранный КВМ-6 TDM,СМ,False,2.00000,20.00000,394.11000,3941.10000,,,0.23000,7.00000,,N,,,0.00000,0,,,,ШТ,2026-03-27 00:00:00,EKS000005832,N,,,,10.00000,2.30000,39411.00000,,КГ,Заказной,Феденькова Д.Ю.,SQ0814-0011,ШТ,Заказной товар,Торговый Дом Морозова (ОО,0.00000,0.00000,a.manokhin,Пакет интерфейса поставки:d7d08b2d-8115-4f91-8837-f6965464963e,2026-03-24 12:45:27,321222,1997014,10.00000,2,,,,,,,,C,,Годен,,
1995432,WH1,,320741,New,End,,N,ЭКС,,,,,,,ЭКС-000010898   ,5962393.00000,ЭКС-000005832   ,,,False,141619,,,,Корпус навес метал ЩРН-12 IP66 (265х310х120) TDM SQ0905-0070,СМ,,13.50000,34.00000,1866.29000,1866.29000,,,4.62000,27.50000,,N,,,0.00000,0,,,,ШТ,2026-03-27 00:00:00,EKS000005832,N,,,,1.00000,4.62000,1866.29000,,КГ,Заказной,Феденькова Д.Ю.,SQ0905-0070,ШТ,Заказной товар,Торговый Дом Морозова (ОО,0.00000,0.00000,a.manokhin,Пакет интерфейса поставки:d7d08b2d-8115-4f91-8837-f6965464963e,2026-03-24 12:45:27,321222,1997013,1.00000,2,,,,,,,,C,,Годен,,
1995433,WH1,,320741,New,End,,N,ЭКС,,,,,,,ЭКС-000010974   ,5962394.00000,ЭКС-000005832   ,,,False,186269,,,,Корпус навес (600х600х150) ЩМП-6.6.1-0 с монт.пан IP66 TDM SQ0905-0080,СМ,,17.00000,60.00000,6318.57000,6318.57000,,,5.20000,60.00000,,N,,,0.00000,0,,,,ШТ,2026-03-27 00:00:00,EKS000005832,N,,,,1.00000,5.20000,6318.57000,,КГ,Заказной,Феденькова Д.Ю.,SQ0905-0080,ШТ,Заказной товар,Торговый Дом Морозова (ОО,0.00000,0.00000,a.manokhin,Пакет интерфейса поставки:d7d08b2d-8115-4f91-8837-f6965464963e,2026-03-24 12:45:27,321222,1997010,1.00000,2,,,,,,,,C,,Годен,,
1995434,WH1,,320741,New,End,,N,ЭКС,,,,,,,ЭКС-000011001   ,5962386.00000,ЭКС-000005832   ,,,False,196607,,,,Термоусаживаемая трубка ТУТнг 50/25 черная (25 м/ролл) TDM SQ0518-0112,СМ,,0.30000,50.00000,125.78000,12578.00000,,,0.30000,8.00000,,N,,,0.00000,0,,,,М,2026-03-27 00:00:00,EKS000005832,N,,,,100.00000,14.00000,1257800.00000,,КГ,Дортман Анна Павловна,Княжева Ю.В.,SQ0518-0112,М,Базовый,Торговый Дом Морозова (ОО,0.00000,0.00000,a.manokhin,Пакет интерфейса поставки:d7d08b2d-8115-4f91-8837-f6965464963e,2026-03-24 12:45:27,321222,1997009,100.00000,2,,,,,,,,C,,Годен,,
1995435,WH1,,320741,New,End,,N,ЭКС,,,,,,,ЭКС-000011059   ,5962395.00000,ЭКС-000005832   ,,,False,337971,,,,"Коробка электромонтажная КЭМ 1-10-3М ОП D72 мм IP44, 3-х рожк. (карболит) TDM",СМ,False,3.00000,8.00000,59.02000,1180.40000,,,0.07000,8.00000,,N,,,0.00000,0,,,,ШТ,2026-03-27 00:00:00,EKS000005832,N,,,,20.00000,1.40000,23608.00000,,КГ,Заказной,Княжева Ю.В.,SQ1401-1001,ШТ,Заказной товар,Торговый Дом Морозова (ОО,0.00000,0.00000,a.manokhin,Пакет интерфейса поставки:d7d08b2d-8115-4f91-8837-f6965464963e,2026-03-24 12:45:27,321222,1997007,20.00000,2,,,,,,,,C,,Годен,,
1995436,WH1,,320741,New,End,,N,ЭКС,,,,,,,ЭКС-000011129   ,5962387.00000,ЭКС-000005832   ,,,False,428967,,,,Наконечник ТМЛ (DIN) 50-10 TDM,СМ,,0.50000,6.00000,152.61000,3815.25000,,,0.04000,1.50000,,N,,,0.00000,0,,,,ШТ,2026-03-27 00:00:00,EKS000005832,N,,,,25.00000,1.02000,95381.25000,,КГ,Заказной,Княжева Ю.В.,SQ0577-0014,ШТ,Заказной товар,Торговый Дом Морозова (ОО,0.00000,0.00000,a.manokhin,Пакет интерфейса поставки:d7d08b2d-8115-4f91-8837-f6965464963e,2026-03-24 12:45:27,321222,1997018,25.00000,2,,,,,,,,C,,Годен,,
1995437,WH1,,320742,New,End,,N,ЭКС,,,,,,,,5962407.00000,ЭКС-000005837   ,,,False,255810,,,,Термоусаживаемая трубка ТУТнг 30/15 желто-зеленая по 1м (25 м/упак) TDM,СМ,,0.20000,50.00000,101.04000,2526.00000,,1,0.05000,5.00000,,N,,,0.00000,0,,,,М,2026-03-27 00:00:00,EKS000005837,N,,,,25.00000,0.40000,63150.00000,,КГ,Дортман Анна Павловна,Княжева Ю.В.,SQ0518-0280,М,Товар РЦ,Торговый Дом Морозова (ОО,0.00000,0.00000,a.manokhin,Пакет интерфейса поставки:d7d08b2d-8115-4f91-8837-f6965464963e,2026-03-24 12:45:33,321227,1997023,25.00000,2,,,,,,,,C,,Годен,,
1995438,WH1,,320742,New,End,,N,ЭКС,,,,,,,ЭКС-000011254   ,5962411.00000,ЭКС-000005837   ,,,False,403891,,,,Расп. коробка с крышкой 75х75х28 ОП белая IP40 TDM SQ1401-0205,СМ,,3.00000,8.00000,20.52000,410.40000,,,0.03500,8.00000,,N,,,0.00000,0,,,,ШТ,2026-03-27 00:00:00,EKS000005837,N,,,,20.00000,0.70000,8208.00000,,КГ,Заказной,Княжева Ю.В.,SQ1401-0205,ШТ,Заказной товар,Торговый Дом Морозова (ОО,0.00000,0.00000,a.manokhin,Пакет интерфейса поставки:d7d08b2d-8115-4f91-8837-f6965464963e,2026-03-24 12:45:33,321227,1997030,20.00000,2,,,,,,,,C,,Годен,,
1995439,WH1,,320742,New,End,,N,ЭКС,,,,,,,ЭКС-000011462   ,5962403.00000,ЭКС-000005837   ,,,False,158331,,,,"Разъем РпИп 2-5-0,8 плоский (папа) (100шт) TDM",СМ,,1.00000,6.00000,131.23000,131.23000,,,0.01000,6.00000,,N,,,0.00000,0,,,,УП,2026-03-27 00:00:00,EKS000005837,N,,,,1.00000,0.01000,131.23000,,КГ,Заказной,Княжева Ю.В.,SQ0504-0001,УП,Заказной товар,Торговый Дом Морозова (ОО,0.00000,0.00000,a.manokhin,Пакет интерфейса поставки:d7d08b2d-8115-4f91-8837-f6965464963e,2026-03-24 12:45:33,321227,1997026,1.00000,2,,,,,,,,C,,Годен,,
1995440,WH1,,320742,New,End,,N,ЭКС,,,,,,,ЭКС-000011462   ,5962404.00000,ЭКС-000005837   ,,,False,161551,,,,"Разъем РпИм 1,25-250 плоский (мама) (100шт) TDM",СМ,,0.50000,7.00000,130.81000,130.81000,,,0.06000,7.00000,,N,,,0.00000,0,,,,УП,2026-03-27 00:00:00,EKS000005837,N,,,,1.00000,0.06000,130.81000,,КГ,Заказной,Княжева Ю.В.,SQ0504-0003,УП,Заказной товар,Торговый Дом Морозова (ОО,0.00000,0.00000,a.manokhin,Пакет интерфейса поставки:d7d08b2d-8115-4f91-8837-f6965464963e,2026-03-24 12:45:33,321227,1997025,1.00000,2,,,,,,,,C,,Годен,,
1995441,WH1,,320742,New,End,,N,ЭКС,,,,,,,ЭКС-000011462   ,5962405.00000,ЭКС-000005837   ,,,False,158326,,,,"Разъем РпИм 2-5-0,8 плоский (мама) (100шт) TDM",СМ,,1.50000,11.00000,123.26000,123.26000,,,0.10000,8.00000,,N,,,0.00000,0,,,,УП,2026-03-27 00:00:00,EKS000005837,N,,,,1.00000,0.10000,123.26000,,КГ,Заказной,Княжева Ю.В.,SQ0504-0004,УП,Заказной товар,Торговый Дом Морозова (ОО,0.00000,0.00000,a.manokhin,Пакет интерфейса поставки:d7d08b2d-8115-4f91-8837-f6965464963e,2026-03-24 12:45:33,321227,1997028,1.00000,2,,,,,,,,C,,Годен,,
1995442,WH1,,320742,New,End,,N,ЭКС,,,,,,,ЭКС-000011462   ,5962406.00000,ЭКС-000005837   ,,,False,158329,,,,"Разъем РпИп 1,25-5-0,8 плоский (папа) (100шт) TDM",СМ,,0.50000,7.00000,114.46000,114.46000,,,0.04000,7.00000,,N,,,0.00000,0,,,,УП,2026-03-27 00:00:00,EKS000005837,N,,,,1.00000,0.04000,114.46000,,КГ,Заказной,Княжева Ю.В.,SQ0504-0007,УП,Заказной товар,Торговый Дом Морозова (ОО,0.00000,0.00000,a.manokhin,Пакет интерфейса поставки:d7d08b2d-8115-4f91-8837-f6965464963e,2026-03-24 12:45:33,321227,1997027,1.00000,2,,,,,,,,C,,Годен,,
1995443,WH1,,320742,New,End,,N,ЭКС,,,,,,,ЭКС-000011477   ,5962410.00000,ЭКС-000005837   ,,,False,171639,,,,Сжим ответвительный У-859М (50-70/4-35 мм2) IP20 TDM SQ0831-0005,СМ,,4.00000,8.00000,77.15000,16664.40000,,,0.30000,6.00000,,N,,,0.00000,0,,,,ШТ,2026-03-27 00:00:00,EKS000005837,N,,,,216.00000,42.00000,3599510.40000,,КГ,Дортман Анна Павловна,Княжева Ю.В.,SQ0831-0005,ШТ,Выводится из ассортимента,Торговый Дом Морозова (ОО,0.00000,0.00000,a.manokhin,Пакет интерфейса поставки:d7d08b2d-8115-4f91-8837-f6965464963e,2026-03-24 12:45:33,321227,1997024,216.00000,2,,,,,,,,C,,Годен,,
1995444,WH1,,320742,New,End,,N,ЭКС,,,,,,,ЭКС-000011633   ,5962412.00000,ЭКС-000005837   ,,,False,320261,,,,"Распаячная коробка ОП 240х195х165мм, крышка, IP55, кабельные ввода d28-3 шт., d37-2 шт., TDM",СМ,,17.00000,25.00000,271.32000,542.64000,,,0.30000,20.00000,,N,,,0.00000,0,,,,ШТ,2026-03-27 00:00:00,EKS000005837,N,,,,2.00000,0.60000,1085.28000,,КГ,Заказной,Княжева Ю.В.,SQ1401-1274,ШТ,Заказной товар,Торговый Дом Морозова (ОО,0.00000,0.00000,a.manokhin,Пакет интерфейса поставки:d7d08b2d-8115-4f91-8837-f6965464963e,2026-03-24 12:45:33,321227,1997031,2.00000,2,,,,,,,,C,,Годен,,
1995445,WH1,,320742,New,End,,N,ЭКС,,,,,,,ЭКС-000011659   ,5962409.00000,ЭКС-000005837   ,,,False,139935,,,,"Шина ""N""(ноль) 2х7 на DIN-рейку в корпусе TDM SQ0801-0007",СМ,False,6.00000,7.00000,218.85000,6565.50000,,,0.12000,5.00000,,N,,,0.00000,0,,,,ШТ,2026-03-27 00:00:00,EKS000005837,N,,,,30.00000,3.60000,196965.00000,,КГ,Заказной,Феденькова Д.Ю.,SQ0801-0007,ШТ,Выводится из ассортимента,Торговый Дом Морозова (ОО,0.00000,0.00000,a.manokhin,Пакет интерфейса поставки:d7d08b2d-8115-4f91-8837-f6965464963e,2026-03-24 12:45:33,321227,1997029,30.00000,2,,,,,,,,C,,Годен,,
1995446,WH1,,320743,New,End,,N,ЭКС,,,,,,,,5962400.00000,ЭКС-000005835   ,,,False,133573,,,,"Выключатель авт. ВА47-29 1п   16А  х-ка C   4,5кА  SQ0206-0074  TDM",СМ,,2.00000,8.00000,92.24000,13282.56000,,,0.10500,8.00000,,N,,,0.00000,0,,,,ШТ,2026-03-27 00:00:00,EKS000005835,N,,,,144.00000,15.12000,1912688.64000,,КГ,Катышев Александр Вячесла,Шаповалов П.Г.,SQ0206-0074,ШТ,Базовый,Торговый Дом Морозова (ОО,0.00000,0.00000,a.manokhin,Пакет интерфейса поставки:2328622e-57b4-415e-b2a7-bd469a3cda7c,2026-03-24 12:47:10,321225,1997021,144.00000,2,,,,,,,,C,,Годен,,
1995447,WH1,,320744,New,End,,N,ЭКС,,,,,,,ЭКС-000010649   ,5962500.00000,ЭКС-000005846   ,,,False,318058,,,,Светильник LED PWP-С4 1200 36w 6500K 3600Lm  IP65 COMPACT Jazzway,СМ,False,3.00000,120.00000,561.03000,5610.30000,,,0.80000,4.00000,,N,,,0.00000,0,,,,ШТ,2026-03-24 00:00:00,EKS000005846,N,,,,10.00000,8.00000,56103.00000,,КГ,Логунов Владимир Александ,Колупаев В.Г.,.5016668,ШТ,Базовый,ВТЛ  ООО (JAZZWAY),0.00000,0.00000,n.bezrukov,Пакет интерфейса поставки:1e497fd5-0417-4f72-b928-556edd52befe,2026-03-24 12:53:20,321236,1997103,10.00000,2,,,,,,,,B,,Годен,,
1995448,WH1,,320745,New,End,,N,ЭКС,,,,,,,,5962439.00000,ЭКС-000005842   ,,,False,196230,,,,"Лампа LED E14, 7W 3000К 230V 530Lm, свеча на ветру матовая  Jazzway POWER",СМ,,4.00000,15.00000,53.02000,901.34000,,,0.10000,4.00000,,N,,,0.00000,0,,,,ШТ,2026-03-24 00:00:00,EKS000005842,N,,,,17.00000,1.00000,15322.78000,,КГ,Логунов Владимир Александ,Косова Т.В.,.1027894-2,ШТ,Базовый,ВТЛ  ООО (JAZZWAY),0.00000,0.00000,n.bezrukov,Пакет интерфейса поставки:72f9e4f7-8a9d-4f71-acb4-148c4b67d79f,2026-03-24 12:56:58,321232,1997059,17.00000,2,,,,,,,,C,,Годен,,
1995449,WH1,,320745,New,End,,N,ЭКС,,,,,,,,5962440.00000,ЭКС-000005842   ,,,False,196241,,,,"Лампа LED E14, 7W 4000К 230V 560Lm, свеча на ветру матовая  Jazzway POWER",СМ,,4.00000,16.00000,53.02000,1060.40000,,,0.05000,4.00000,,N,,,0.00000,0,,,,ШТ,2026-03-24 00:00:00,EKS000005842,N,,,,20.00000,0.60000,21208.00000,,КГ,Логунов Владимир Александ,Косова Т.В.,.1027917-2,ШТ,Базовый,ВТЛ  ООО (JAZZWAY),0.00000,0.00000,n.bezrukov,Пакет интерфейса поставки:72f9e4f7-8a9d-4f71-acb4-148c4b67d79f,2026-03-24 12:56:58,321232,1997058,20.00000,2,,,,,,,,C,,Годен,,
1995450,WH1,,320745,New,End,,N,ЭКС,,,,,,,,5962441.00000,ЭКС-000005842   ,,,False,305521,,,,Лампа LED GX53  10W/850 840Lm 230V  Jazzway (таблетка),СМ,,3.00000,8.00000,36.89000,18445.00000,,,0.00200,7.00000,,N,,,0.00000,0,,,,ШТ,2026-03-24 00:00:00,EKS000005842,N,,,,500.00000,17.00000,9222500.00000,,КГ,Логунов Владимир Александ,Косова Т.В.,.1029089,ШТ,Суперсклад,ВТЛ  ООО (JAZZWAY),0.00000,0.00000,n.bezrukov,Пакет интерфейса поставки:72f9e4f7-8a9d-4f71-acb4-148c4b67d79f,2026-03-24 12:56:58,321232,1997081,500.00000,2,,,,,,,,B,,Годен,,
1995451,WH1,,320745,New,End,,N,ЭКС,,,,,,,,5962442.00000,ЭКС-000005842   ,,,False,202268,,,,Лампа LED G4  3w  2700K 200Lm 220V  PLED Jazzway,СМ,,1.20000,4.00000,53.23000,2661.50000,,1,0.00500,1.20000,,N,,,0.00000,0,,,,ШТ,2026-03-24 00:00:00,EKS000005842,N,,,,50.00000,0.25000,133075.00000,,КГ,Логунов Владимир Александ,Косова Т.В.,.1032041,ШТ,Базовый,ВТЛ  ООО (JAZZWAY),0.00000,0.00000,n.bezrukov,Пакет интерфейса поставки:72f9e4f7-8a9d-4f71-acb4-148c4b67d79f,2026-03-24 12:56:58,321232,1997057,50.00000,2,,,,,,,,C,,Годен,,
1995452,WH1,,320745,New,End,,N,ЭКС,,,,,,,,5962443.00000,ЭКС-000005842   ,,,False,202269,,,,Лампа LED G4  3w  4000K 200Lm 220V  PLED Jazzway,СМ,,1.20000,4.00000,53.23000,3459.95000,,1,0.00500,1.20000,,N,,,0.00000,0,,,,ШТ,2026-03-24 00:00:00,EKS000005842,N,,,,65.00000,0.32500,224896.75000,,КГ,Логунов Владимир Александ,Косова Т.В.,.1032072,ШТ,Базовый,ВТЛ  ООО (JAZZWAY),0.00000,0.00000,n.bezrukov,Пакет интерфейса поставки:72f9e4f7-8a9d-4f71-acb4-148c4b67d79f,2026-03-24 12:56:58,321232,1997056,65.00000,2,,,,,,,,C,,Годен,,
1995453,WH1,,320745,New,End,,N,ЭКС,,,,,,,,5962444.00000,ЭКС-000005842   ,,,False,203044,,,,Лампа LED G13  600мм 10W/840 800Lm матовая стекло JAZZWAY,СМ,,3.00000,60.00000,70.65000,14130.00000,,,0.12000,3.00000,,N,,,0.00000,0,,,,ШТ,2026-03-24 00:00:00,EKS000005842,N,,,,200.00000,24.00000,2826000.00000,,КГ,Логунов Владимир Александ,Косова Т.В.,.1032492,ШТ,Базовый,ВТЛ  ООО (JAZZWAY),0.00000,0.00000,n.bezrukov,Пакет интерфейса поставки:72f9e4f7-8a9d-4f71-acb4-148c4b67d79f,2026-03-24 12:56:58,321232,1997069,200.00000,2,,,,,,,,C,,Годен,,
1995454,WH1,,320745,New,End,,N,ЭКС,,,,,,,,5962445.00000,ЭКС-000005842   ,,,False,205378,,8539520003,27.40.15.150,"Лампа LED E14, 7W 3000К 230V 530Lm, свеча матовая  Jazzway POWER",СМ,False,4.10000,12.00000,48.71000,4871.00000,,,0.02000,4.10000,,N,,,0.00000,0,,,,ШТ,2026-03-24 00:00:00,EKS000005842,N,,,,100.00000,4.60000,487100.00000,,КГ,Логунов Владимир Александ,Косова Т.В.,.1027818-2,ШТ,Базовый,ВТЛ  ООО (JAZZWAY),0.00000,0.00000,n.bezrukov,Пакет интерфейса поставки:72f9e4f7-8a9d-4f71-acb4-148c4b67d79f,2026-03-24 12:56:58,321232,1997068,100.00000,2,,,,,,,,C,,Годен,,
1995455,WH1,,320745,New,End,,N,ЭКС,,,,,,,,5962446.00000,ЭКС-000005842   ,,,False,205552,,8539520003,27.40.15.150,"Лампа LED E14, 7W 5000К 230V 560Lm, свеча матовая  Jazzway POWER",СМ,False,4.00000,11.00000,48.71000,4871.00000,,,0.10000,4.00000,,N,,,0.00000,0,,,,ШТ,2026-03-24 00:00:00,EKS000005842,N,,,,100.00000,2.60000,487100.00000,,КГ,Логунов Владимир Александ,Косова Т.В.,.1027832-2,ШТ,Базовый,ВТЛ  ООО (JAZZWAY),0.00000,0.00000,n.bezrukov,Пакет интерфейса поставки:72f9e4f7-8a9d-4f71-acb4-148c4b67d79f,2026-03-24 12:56:58,321232,1997067,100.00000,2,,,,,,,,C,,Годен,,
1995456,WH1,,320745,New,End,,N,ЭКС,,,,,,,,5962447.00000,ЭКС-000005842   ,,,False,206570,,,,"Лампа LED E27, 7W 3000К 230V 530Lm, шар матовый, Jazzway",СМ,,5.00000,10.00000,48.71000,4871.00000,,,0.30000,5.00000,,N,,,0.00000,0,,,,ШТ,2026-03-24 00:00:00,EKS000005842,N,,,,100.00000,3.00000,487100.00000,,КГ,Логунов Владимир Александ,Косова Т.В.,.1027863-2,ШТ,Базовый,ВТЛ  ООО (JAZZWAY),0.00000,0.00000,n.bezrukov,Пакет интерфейса поставки:72f9e4f7-8a9d-4f71-acb4-148c4b67d79f,2026-03-24 12:56:58,321232,1997066,100.00000,2,,,,,,,,C,,Годен,,
1995457,WH1,,320745,New,End,,N,ЭКС,,,,,,,,5962449.00000,ЭКС-000005842   ,,,False,206571,,,,"Лампа LED E14, 7W 5000К 230V 560Lm, шар матовый  Jazzway POWER",СМ,,5.00000,10.00000,48.71000,4871.00000,,,0.30000,5.00000,,N,,,0.00000,0,,,,ШТ,2026-03-24 00:00:00,EKS000005842,N,,,,100.00000,3.00000,487100.00000,,КГ,Логунов Владимир Александ,Косова Т.В.,.1027870-2,ШТ,Базовый,ВТЛ  ООО (JAZZWAY),0.00000,0.00000,n.bezrukov,Пакет интерфейса поставки:72f9e4f7-8a9d-4f71-acb4-148c4b67d79f,2026-03-24 12:56:58,321232,1997065,100.00000,2,,,,,,,,C,,Годен,,
1995458,WH1,,320745,New,End,,N,ЭКС,,,,,,,,5962450.00000,ЭКС-000005842   ,,,False,211877,,8539520003,27.40.15.150,"Лампа LED E27, 7W 4000К 230V 580Lm, A60 груша мат, Jazzway ЭКО",СМ,False,7.00000,13.00000,44.84000,4484.00000,,,0.15000,7.00000,,N,,,0.00000,0,,,,ШТ,2026-03-24 00:00:00,EKS000005842,N,,,,100.00000,4.20000,448400.00000,,КГ,Логунов Владимир Александ,Косова Т.В.,.1033185,ШТ,Базовый,ВТЛ  ООО (JAZZWAY),0.00000,0.00000,n.bezrukov,Пакет интерфейса поставки:72f9e4f7-8a9d-4f71-acb4-148c4b67d79f,2026-03-24 12:56:58,321232,1997064,100.00000,2,,,,,,,,C,,Годен,,
1995459,WH1,,320745,New,End,,N,ЭКС,,,,,,,,5962451.00000,ЭКС-000005842   ,,,False,213580,,,,"Лампа LED E27, 11W 4000К 230V 880Lm, A60 груша мат, Jazzway ЭКО",СМ,,5.00000,5.00000,42.39000,4239.00000,,,0.05000,5.00000,,N,,,0.00000,0,,,,ШТ,2026-03-24 00:00:00,EKS000005842,N,,,,100.00000,5.00000,423900.00000,,КГ,Логунов Владимир Александ,Косова Т.В.,.1033215,ШТ,Базовый,ВТЛ  ООО (JAZZWAY),0.00000,0.00000,n.bezrukov,Пакет интерфейса поставки:72f9e4f7-8a9d-4f71-acb4-148c4b67d79f,2026-03-24 12:56:58,321232,1997063,100.00000,2,,,,,,,,B,,Годен,,
1995460,WH1,,320745,New,End,,N,ЭКС,,,,,,,,5962452.00000,ЭКС-000005842   ,,,False,214355,,,,"Лампа LED E14, 7W 3000К 230V 540Lm, R50 зеркальная мат. Jazzway Super Power",СМ,,4.00000,9.00000,67.78000,6778.00000,,,0.08000,5.00000,,N,,,0.00000,0,,,,ШТ,2026-03-24 00:00:00,EKS000005842,N,,,,100.00000,4.00000,677800.00000,,КГ,Логунов Владимир Александ,Косова Т.В.,.1033628,ШТ,Базовый,ВТЛ  ООО (JAZZWAY),0.00000,0.00000,n.bezrukov,Пакет интерфейса поставки:72f9e4f7-8a9d-4f71-acb4-148c4b67d79f,2026-03-24 12:56:58,321232,1997062,100.00000,2,,,,,,,,B,,Годен,,
1995461,WH1,,320745,New,End,,N,ЭКС,,,,,,,,5962453.00000,ЭКС-000005842   ,,,False,214357,,,,Лампа LED G13  1500мм 24W/840 2100Lm матовая стекло JAZZWAY,СМ,,3.50000,160.00000,175.88000,17588.00000,,,0.20000,3.50000,,N,,,0.00000,0,,,,ШТ,2026-03-24 00:00:00,EKS000005842,N,,,,100.00000,38.00000,1758800.00000,,КГ,Логунов Владимир Александ,Косова Т.В.,.1032539,ШТ,Базовый,ВТЛ  ООО (JAZZWAY),0.00000,0.00000,n.bezrukov,Пакет интерфейса поставки:72f9e4f7-8a9d-4f71-acb4-148c4b67d79f,2026-03-24 12:56:58,321232,1997061,100.00000,2,,,,,,,Long < 2,C,,Годен,,
1995462,WH1,,320745,New,End,,N,ЭКС,,,,,,,,5962454.00000,ЭКС-000005842   ,,,False,215904,,,,"Лампа LED E27, 10W 3000К 230V 790Lm, A60 груша мат, Jazzway SP",СМ,,6.00000,12.00000,43.05000,4305.00000,,,0.10000,6.00000,,N,,,0.00000,0,,,,ШТ,2026-03-24 00:00:00,EKS000005842,N,,,,100.00000,4.00000,430500.00000,,КГ,Логунов Владимир Александ,Косова Т.В.,.1033697,ШТ,Базовый,ВТЛ  ООО (JAZZWAY),0.00000,0.00000,n.bezrukov,Пакет интерфейса поставки:72f9e4f7-8a9d-4f71-acb4-148c4b67d79f,2026-03-24 12:56:58,321232,1997060,100.00000,2,,,,,,,,C,,Годен,,
1995463,WH1,,320745,New,End,,N,ЭКС,,,,,,,,5962455.00000,ЭКС-000005842   ,,,False,215905,,,,"Лампа LED E27, 12W 3000К 230V 1080Lm, A60 груша мат, Jazzway SP",СМ,,6.00000,12.00000,47.82000,4782.00000,,,0.10000,6.00000,,N,,,0.00000,0,,,,ШТ,2026-03-24 00:00:00,EKS000005842,N,,,,100.00000,6.40000,478200.00000,,КГ,Логунов Владимир Александ,Косова Т.В.,.1033703,ШТ,Базовый,ВТЛ  ООО (JAZZWAY),0.00000,0.00000,n.bezrukov,Пакет интерфейса поставки:72f9e4f7-8a9d-4f71-acb4-148c4b67d79f,2026-03-24 12:56:58,321232,1997091,100.00000,2,,,,,,,,B,,Годен,,
1995464,WH1,,320745,New,End,,N,ЭКС,,,,,,,,5962457.00000,ЭКС-000005842   ,,,False,218171,,,,Лампа LED G13  1500мм 24W/865 2200Lm матовая стекло JAZZWAY,СМ,,3.00000,150.00000,175.88000,17588.00000,,,0.30000,3.00000,,N,,,0.00000,0,,,,ШТ,2026-03-24 00:00:00,EKS000005842,N,,,,100.00000,24.00000,1758800.00000,,КГ,Логунов Владимир Александ,Косова Т.В.,.1032553,ШТ,Базовый,ВТЛ  ООО (JAZZWAY),0.00000,0.00000,n.bezrukov,Пакет интерфейса поставки:72f9e4f7-8a9d-4f71-acb4-148c4b67d79f,2026-03-24 12:56:58,321232,1997090,100.00000,2,,,,,,,Long < 2,C,,Годен,,
1995465,WH1,,320745,New,End,,N,ЭКС,,,,,,,,5962459.00000,ЭКС-000005842   ,,,False,220323,,,,Лампа LED ЭКО GX53 6W/850 460Lm 230V матовая Jazzway (таблетка),СМ,,3.00000,7.00000,34.21000,3421.00000,,,0.10000,7.00000,,N,,,0.00000,0,,,,ШТ,2026-03-24 00:00:00,EKS000005842,N,,,,100.00000,8.00000,342100.00000,,КГ,Логунов Владимир Александ,Косова Т.В.,.2852007,ШТ,Базовый,ВТЛ  ООО (JAZZWAY),0.00000,0.00000,n.bezrukov,Пакет интерфейса поставки:72f9e4f7-8a9d-4f71-acb4-148c4b67d79f,2026-03-24 12:56:58,321232,1997089,100.00000,2,,,,,,,,C,,Годен,,
1995466,WH1,,320745,New,End,,N,ЭКС,,,,,,,,5962460.00000,ЭКС-000005842   ,,,False,226446,,,,"Лампа LED E27, 15W 5000К 230V 1400Lm A60 груша мат, Jazzway SP",СМ,,5.00000,15.00000,59.84000,23936.00000,,,0.20000,5.00000,,N,,,0.00000,0,,,,ШТ,2026-03-24 00:00:00,EKS000005842,N,,,,400.00000,24.00000,9574400.00000,,КГ,Логунов Владимир Александ,Косова Т.В.,.2853035,ШТ,Суперсклад,ВТЛ  ООО (JAZZWAY),0.00000,0.00000,n.bezrukov,Пакет интерфейса поставки:72f9e4f7-8a9d-4f71-acb4-148c4b67d79f,2026-03-24 12:56:58,321232,1997088,400.00000,2,,,,,,,,A,,Годен,,
1995467,WH1,,320745,New,End,,N,ЭКС,,,,,,,,5962462.00000,ЭКС-000005842   ,,,False,228633,,,,Лампа LED GX53  15W/850 1300Lm 230V  Jazzway (таблетка),СМ,,3.00000,7.00000,60.48000,30240.00000,,,0.08000,7.00000,,N,,,0.00000,0,,,,ШТ,2026-03-24 00:00:00,EKS000005842,N,,,,500.00000,30.00000,15120000.00000,,КГ,Логунов Владимир Александ,Косова Т.В.,.2855466,ШТ,Базовый,ВТЛ  ООО (JAZZWAY),0.00000,0.00000,n.bezrukov,Пакет интерфейса поставки:72f9e4f7-8a9d-4f71-acb4-148c4b67d79f,2026-03-24 12:56:58,321232,1997087,500.00000,2,,,,,,,,B,,Годен,,
1995468,WH1,,320745,New,End,,N,ЭКС,,,,,,,,5962463.00000,ЭКС-000005842   ,,,False,231676,,,,Светильник LED круг PBH-PC2-RA 12W 1080Лм 4000К белый IP65 Jazzway 155х50мм,СМ,False,18.00000,18.00000,300.38000,12015.20000,,,0.30000,5.00000,,N,,,0.00000,0,,,,ШТ,2026-03-24 00:00:00,EKS000005842,N,,,,40.00000,10.00000,480608.00000,,КГ,Логунов Владимир Александ,Косова Т.В.,.1035660,ШТ,Базовый,ВТЛ  ООО (JAZZWAY),0.00000,0.00000,n.bezrukov,Пакет интерфейса поставки:72f9e4f7-8a9d-4f71-acb4-148c4b67d79f,2026-03-24 12:56:58,321232,1997086,40.00000,2,,,,,,,,B,,Годен,,
1995469,WH1,,320745,New,End,,N,ЭКС,,,,,,,,5962464.00000,ЭКС-000005842   ,,,False,246725,,,,Прожектор LED  PFL- SC  30w  6500K IP65   (матовое стекло) 2550Lm Jazzway,СМ,,14.00000,14.00000,930.41000,27912.30000,,,0.50000,5.00000,,N,,,0.00000,0,,,,ШТ,2026-03-24 00:00:00,EKS000005842,N,,,,30.00000,15.00000,837369.00000,,КГ,Логунов Владимир Александ,Косова Т.В.,.5001404,ШТ,Базовый,ВТЛ  ООО (JAZZWAY),0.00000,0.00000,n.bezrukov,Пакет интерфейса поставки:72f9e4f7-8a9d-4f71-acb4-148c4b67d79f,2026-03-24 12:56:58,321232,1997085,30.00000,2,,,,,,,,C,,Годен,,
1995470,WH1,,320745,New,End,,N,ЭКС,,,,,,,,5962465.00000,ЭКС-000005842   ,,,False,249051,,,,"Лампа LED E27, 9W 3000К 230V 820Lm, свеча матовая, Jazzway",СМ,,4.00000,10.00000,54.73000,2736.50000,,,0.05000,4.00000,,N,,,0.00000,0,,,,ШТ,2026-03-24 00:00:00,EKS000005842,N,,,,50.00000,1.50000,136825.00000,,КГ,Логунов Владимир Александ,Косова Т.В.,.5001923A,ШТ,Базовый,ВТЛ  ООО (JAZZWAY),0.00000,0.00000,n.bezrukov,Пакет интерфейса поставки:72f9e4f7-8a9d-4f71-acb4-148c4b67d79f,2026-03-24 12:56:58,321232,1997084,50.00000,2,,,,,,,,C,,Годен,,
1995471,WH1,,320745,New,End,,N,ЭКС,,,,,,,,5962467.00000,ЭКС-000005842   ,,,False,269304,,,,Лампа LED GX53  8W/840 640Lm 230V  Jazzway (таблетка),СМ,,3.00000,8.00000,36.15000,10845.00000,,,0.10000,8.00000,,N,,,0.00000,0,,,,ШТ,2026-03-24 00:00:00,EKS000005842,N,,,,300.00000,15.27000,3253500.00000,,КГ,Логунов Владимир Александ,Косова Т.В.,.5006065,ШТ,Суперсклад,ВТЛ  ООО (JAZZWAY),0.00000,0.00000,n.bezrukov,Пакет интерфейса поставки:72f9e4f7-8a9d-4f71-acb4-148c4b67d79f,2026-03-24 12:56:58,321232,1997083,300.00000,2,,,,,,,,A,,Годен,,
1995472,WH1,,320745,New,End,,N,ЭКС,,,,,,,,5962468.00000,ЭКС-000005842   ,,,False,272485,,,,"Лампа LED E14, 9W 5000К 230V 820Lm, свеча на ветру матовая  Jazzway POWER",СМ,,4.00000,14.00000,55.55000,5555.00000,,,0.10000,4.00000,,N,,,0.00000,0,,,,ШТ,2026-03-24 00:00:00,EKS000005842,N,,,,100.00000,3.00000,555500.00000,,КГ,Логунов Владимир Александ,Косова Т.В.,.2859549A,ШТ,Базовый,ВТЛ  ООО (JAZZWAY),0.00000,0.00000,n.bezrukov,Пакет интерфейса поставки:72f9e4f7-8a9d-4f71-acb4-148c4b67d79f,2026-03-24 12:56:58,321232,1997082,100.00000,2,,,,,,,,C,,Годен,,
1995473,WH1,,320745,New,End,,N,ЭКС,,,,,,,,5962469.00000,ЭКС-000005842   ,,,False,359711,,,,"Лампа LED E14, 11W 4000К 230V 980Lm, шарик матовый  Jazzway POWER",СМ,,8.00000,4.00000,60.96000,6096.00000,,,0.01000,4.00000,,N,,,0.00000,0,,,,ШТ,2026-03-24 00:00:00,EKS000005842,N,,,,100.00000,4.00000,609600.00000,,КГ,Логунов Владимир Александ,Косова Т.В.,.5019270,ШТ,Базовый,ВТЛ  ООО (JAZZWAY),0.00000,0.00000,n.bezrukov,Пакет интерфейса поставки:72f9e4f7-8a9d-4f71-acb4-148c4b67d79f,2026-03-24 12:56:58,321232,1997080,100.00000,2,,,,,,,,C,,Годен,,
1995474,WH1,,320745,New,End,,N,ЭКС,,,,,,,,5962470.00000,ЭКС-000005842   ,,,False,369685,,,,Светильник PPB Pulsar 24w 6500K IP20 D260x55 Jazzway,СМ,False,6.00000,27.00000,509.36000,10187.20000,,,0.20000,27.00000,,N,,,0.00000,0,,,,ШТ,2026-03-24 00:00:00,EKS000005842,N,,,,20.00000,4.00000,203744.00000,,КГ,Логунов Владимир Александ,Косова Т.В.,.5025028,ШТ,Базовый,ВТЛ  ООО (JAZZWAY),0.00000,0.00000,n.bezrukov,Пакет интерфейса поставки:72f9e4f7-8a9d-4f71-acb4-148c4b67d79f,2026-03-24 12:56:58,321232,1997079,20.00000,2,,,,,,,,C,,Годен,,
1995475,WH1,,320745,New,End,,N,ЭКС,,,,,,,,5962472.00000,ЭКС-000005842   ,,,False,435476,,,,Лампа LED GX53  15W/840 1260Lm 230V  Jazzway (таблетка),СМ,,3.00000,7.00000,60.48000,6048.00000,,,0.20000,8.00000,,N,,,0.00000,0,,,,ШТ,2026-03-24 00:00:00,EKS000005842,N,,,,100.00000,4.35000,604800.00000,,КГ,Акулинский Петр Иванович,Косова Т.В.,.5032934,ШТ,Базовый,ВТЛ  ООО (JAZZWAY),0.00000,0.00000,n.bezrukov,Пакет интерфейса поставки:72f9e4f7-8a9d-4f71-acb4-148c4b67d79f,2026-03-24 12:56:58,321232,1997078,100.00000,2,,,,,,,,C,,Годен,,
1995476,WH1,,320745,New,End,,N,ЭКС,,,,,,,,5962473.00000,ЭКС-000005842   ,,,False,464345,,,,Лампа LED GX53  12W/840 1000Lm 230V  Jazzway (таблетка),СМ,,2.50000,7.00000,48.80000,4880.00000,,,0.02000,7.00000,,N,,,0.00000,0,,,,ШТ,2026-03-24 00:00:00,EKS000005842,N,,,,100.00000,4.50000,488000.00000,,КГ,Логунов Владимир Александ,Косова Т.В.,.5032903,ШТ,Базовый,ВТЛ  ООО (JAZZWAY),0.00000,0.00000,n.bezrukov,Пакет интерфейса поставки:72f9e4f7-8a9d-4f71-acb4-148c4b67d79f,2026-03-24 12:56:58,321232,1997077,100.00000,2,,,,,,,,C,,Годен,,
1995477,WH1,,320745,New,End,,N,ЭКС,,,,,,,,5962474.00000,ЭКС-000005842   ,,,False,516647,,,,Лампа LED GX53  10W/840 820Lm 230V  Jazzway (таблетка),СМ,,3.00000,7.00000,36.89000,14756.00000,,,0.08000,7.00000,,N,,,0.00000,0,,,,ШТ,2026-03-24 00:00:00,EKS000005842,N,,,,400.00000,12.00000,5902400.00000,,КГ,Акулинский Петр Иванович,Косова Т.В.,.5032873,ШТ,Базовый,ВТЛ  ООО (JAZZWAY),0.00000,0.00000,n.bezrukov,Пакет интерфейса поставки:72f9e4f7-8a9d-4f71-acb4-148c4b67d79f,2026-03-24 12:56:58,321232,1997076,400.00000,2,,,,,,,,B,,Годен,,
1995478,WH1,,320745,New,End,,N,ЭКС,,,,,,,,5962475.00000,ЭКС-000005842   ,,,False,519935,,,,Прожектор PFL-S4-100w 15000Лм 6500K 80° Серый IP65 Jazzway (гарантия 5 лет),СМ,False,4.00000,30.00000,1458.12000,14581.20000,,,1.00000,27.00000,,N,,,0.00000,0,,,,ШТ,2026-03-24 00:00:00,EKS000005842,N,,,,10.00000,10.00000,145812.00000,,КГ,Логунов Владимир Александ,Косова Т.В.,.5036437,ШТ,Базовый,ВТЛ  ООО (JAZZWAY),0.00000,0.00000,n.bezrukov,Пакет интерфейса поставки:72f9e4f7-8a9d-4f71-acb4-148c4b67d79f,2026-03-24 12:56:58,321232,1997075,10.00000,2,,,,,,,,C,,Годен,,
1995479,WH1,,320745,New,End,,N,ЭКС,,,,,,,,5962476.00000,ЭКС-000005842   ,,,False,569060,,,,Прожектор LED  PFL- V  100w  6500K IP65 9000Lm Jazzway,СМ,,4.00000,25.00000,996.57000,39862.80000,,,2.00000,25.00000,,N,,,0.00000,0,,,,ШТ,2026-03-24 00:00:00,EKS000005842,N,,,,40.00000,60.00000,1594512.00000,,КГ,Акулинский Петр Иванович,Косова Т.В.,.5039759,ШТ,Базовый,ВТЛ  ООО (JAZZWAY),0.00000,0.00000,n.bezrukov,Пакет интерфейса поставки:72f9e4f7-8a9d-4f71-acb4-148c4b67d79f,2026-03-24 12:56:58,321232,1997074,40.00000,2,,,,,,,,C,,Годен,,
1995480,WH1,,320745,New,End,,N,ЭКС,,,,,,,,5962478.00000,ЭКС-000005842   ,,,False,569061,,,,Прожектор LED  PFL- V  200w  6500K IP65 18000Lm Jazzway,СМ,,4.00000,32.00000,2837.16000,56743.20000,,,1.00000,30.00000,,N,,,0.00000,0,,,,ШТ,2026-03-24 00:00:00,EKS000005842,N,,,,20.00000,20.00000,1134864.00000,,КГ,Акулинский Петр Иванович,Косова Т.В.,.5039797,ШТ,Базовый,ВТЛ  ООО (JAZZWAY),0.00000,0.00000,n.bezrukov,Пакет интерфейса поставки:72f9e4f7-8a9d-4f71-acb4-148c4b67d79f,2026-03-24 12:56:58,321232,1997073,20.00000,2,,,,,,,,C,,Годен,,
1995481,WH1,,320745,New,End,,N,ЭКС,,,,,,,,5962479.00000,ЭКС-000005842   ,,,False,597211,,,,Прожектор LED  PFL- V  50w  6500K IP65 4500Lm Jazzway,СМ,,19.00000,22.00000,559.86000,5598.60000,,,0.40000,4.00000,,N,,,0.00000,0,,,,ШТ,2026-03-24 00:00:00,EKS000005842,N,,,,10.00000,4.00000,55986.00000,,КГ,Акулинский Петр Иванович,Косова Т.В.,.5039735,ШТ,Базовый,ВТЛ  ООО (JAZZWAY),0.00000,0.00000,n.bezrukov,Пакет интерфейса поставки:72f9e4f7-8a9d-4f71-acb4-148c4b67d79f,2026-03-24 12:56:58,321232,1997072,10.00000,2,,,,,,,,C,,Годен,,
1995482,WH1,,320745,New,End,,N,ЭКС,,,,,,,,5962480.00000,ЭКС-000005842   ,,,False,623259,,,,Лампа LED E27  HP-T120   40W/840  230V 3400Lm цилиндр Jazzway,СМ,False,11.50000,19.00000,222.81000,22281.00000,,,0.01000,11.50000,,N,,,0.00000,0,,,,ШТ,2026-03-24 00:00:00,EKS000005842,N,,,,100.00000,8.00000,2228100.00000,,КГ,Логунов Владимир Александ,Косова Т.В.,.1038920A,ШТ,Базовый,ВТЛ  ООО (JAZZWAY),0.00000,0.00000,n.bezrukov,Пакет интерфейса поставки:72f9e4f7-8a9d-4f71-acb4-148c4b67d79f,2026-03-24 12:56:58,321232,1997071,100.00000,2,,,,,,,,A,,Годен,,
1995483,WH1,,320745,New,End,,N,ЭКС,,,,,,,,5962481.00000,ЭКС-000005842   ,,,False,728923,,,,"Лампа LED НИЗКОВОЛЬТНАЯ E27 10W 6500K 800Lm DC12-48V/AC24-42,груша матовая A60, Jazzway",СМ,,6.00000,11.00000,97.85000,9785.00000,,,0.02000,6.00000,,N,,,0.00000,0,,,,ШТ,2026-03-24 00:00:00,EKS000005842,N,,,,100.00000,3.20000,978500.00000,,КГ,,Косова Т.В.,.5050532,ШТ,Базовый,ВТЛ  ООО (JAZZWAY),0.00000,0.00000,n.bezrukov,Пакет интерфейса поставки:72f9e4f7-8a9d-4f71-acb4-148c4b67d79f,2026-03-24 12:56:58,321232,1997070,100.00000,2,,,,,,,,C,,Годен,,
1995484,WH1,,320745,New,End,,N,ЭКС,,,,,,,,5962482.00000,ЭКС-000005842   ,,,False,728925,,,,"Лампа LED НИЗКОВОЛЬТНАЯ E27 15W 6500K 1200Lm DC12-48V/AC24-42,груша матовая A60, Jazzway",СМ,,6.00000,6.00000,105.99000,21198.00000,,,0.20000,11.00000,,N,,,0.00000,0,,,,ШТ,2026-03-24 00:00:00,EKS000005842,N,,,,200.00000,12.00000,4239600.00000,,КГ,,Косова Т.В.,.5050594,ШТ,Базовый,ВТЛ  ООО (JAZZWAY),0.00000,0.00000,n.bezrukov,Пакет интерфейса поставки:72f9e4f7-8a9d-4f71-acb4-148c4b67d79f,2026-03-24 12:56:58,321232,1997055,200.00000,2,,,,,,,,C,,Годен,,
1995485,WH1,,320745,New,End,,N,ЭКС,,,,,,,,5962483.00000,ЭКС-000005842   ,,,False,728928,,,,"Лампа LED НИЗКОВОЛЬТНАЯ E27 20W 6500K 1600Lm DC12-48V/AC24-42,груша матовая A60, Jazzway",СМ,,6.00000,12.00000,122.32000,24464.00000,,,0.01000,6.00000,,N,,,0.00000,0,,,,ШТ,2026-03-24 00:00:00,EKS000005842,N,,,,200.00000,14.40000,4892800.00000,,КГ,,Косова Т.В.,.5050655,ШТ,Базовый,ВТЛ  ООО (JAZZWAY),0.00000,0.00000,n.bezrukov,Пакет интерфейса поставки:72f9e4f7-8a9d-4f71-acb4-148c4b67d79f,2026-03-24 12:56:58,321232,1997054,200.00000,2,,,,,,,,C,,Годен,,
1995486,WH1,,320745,New,End,,N,ЭКС,,,,,,,,5962484.00000,ЭКС-000005842   ,,,False,802248,,,,"Лампа LED PRO G4  6w  4000K 480Lm 220V  PLED (d16,5х50mm) Jazzway",СМ,,2.00000,6.00000,72.48000,7248.00000,,1,0.01000,2.00000,,N,,,0.00000,0,,,,ШТ,2026-03-24 00:00:00,EKS000005842,N,,,,100.00000,1.30000,724800.00000,,КГ,,Косова Т.В.,.5062467,ШТ,Базовый,ВТЛ  ООО (JAZZWAY),0.00000,0.00000,n.bezrukov,Пакет интерфейса поставки:72f9e4f7-8a9d-4f71-acb4-148c4b67d79f,2026-03-24 12:56:58,321232,1997053,100.00000,2,,,,,,,,C,,Годен,,
1995487,WH1,,320745,New,End,,N,ЭКС,,,,,,,,5962485.00000,ЭКС-000005842   ,,,False,802252,,,,"Лампа LED PRO G4  8w  4000K 680Lm 220V  PLED (d16,5х65mm) Jazzway",СМ,,2.00000,7.50000,90.61000,9061.00000,,,0.04000,2.00000,,N,,,0.00000,0,,,,ШТ,2026-03-24 00:00:00,EKS000005842,N,,,,100.00000,1.50000,906100.00000,,КГ,,Косова Т.В.,.5062580,ШТ,Базовый,ВТЛ  ООО (JAZZWAY),0.00000,0.00000,n.bezrukov,Пакет интерфейса поставки:72f9e4f7-8a9d-4f71-acb4-148c4b67d79f,2026-03-24 12:56:58,321232,1997096,100.00000,2,,,,,,,,C,,Годен,,
1995488,WH1,,320745,New,End,,N,ЭКС,,,,,,,,5962486.00000,ЭКС-000005842   ,,,False,842732,,,,Лампа LED G13  1200мм 30W/840 3000Lm матовая стекло JAZZWAY,СМ,False,3.00000,120.00000,77.50000,15500.00000,,,0.20000,3.00000,,N,,,0.00000,0,,,,ШТ,2026-03-24 00:00:00,EKS000005842,N,,,,200.00000,41.60000,3100000.00000,,КГ,,Косова Т.В.,.5066052,ШТ,Базовый,ВТЛ  ООО (JAZZWAY),0.00000,0.00000,n.bezrukov,Пакет интерфейса поставки:72f9e4f7-8a9d-4f71-acb4-148c4b67d79f,2026-03-24 12:56:58,321232,1997095,200.00000,2,,,,,,,,C,,Годен,,
1995489,WH1,,320745,New,End,,N,ЭКС,,,,,,,,5962488.00000,ЭКС-000005842   ,,,False,842733,,,,Лампа LED G13  1200мм 30W/865 3000Lm матовая стекло JAZZWAY,СМ,False,3.00000,120.00000,77.50000,46500.00000,,,0.20000,3.00000,,N,,,0.00000,0,,,,ШТ,2026-03-24 00:00:00,EKS000005842,N,,,,600.00000,123.60000,27900000.00000,,КГ,,Косова Т.В.,.5066076,ШТ,Базовый,ВТЛ  ООО (JAZZWAY),0.00000,0.00000,n.bezrukov,Пакет интерфейса поставки:72f9e4f7-8a9d-4f71-acb4-148c4b67d79f,2026-03-24 12:56:58,321232,1997094,600.00000,2,,,,,,,,C,,Годен,,
1995490,WH1,,320745,New,End,,N,ЭКС,,,,,,,,5962489.00000,ЭКС-000005842   ,,,False,843120,,,,Прожектор LED  PFL-SA 100W OPAL 6500K IP65  9000Lm Jazzway,СМ,False,16.00000,19.50000,641.15000,19234.50000,,,0.46000,4.50000,,N,,,0.00000,0,,,,ШТ,2026-03-24 00:00:00,EKS000005842,N,,,,30.00000,14.10000,577035.00000,,КГ,,Косова Т.В.,.5065932,ШТ,Базовый,ВТЛ  ООО (JAZZWAY),0.00000,0.00000,n.bezrukov,Пакет интерфейса поставки:72f9e4f7-8a9d-4f71-acb4-148c4b67d79f,2026-03-24 12:56:58,321232,1997093,30.00000,2,,,,,,,,C,,Годен,,
1995491,WH1,,320745,New,End,,N,ЭКС,,,,,,,,5962490.00000,ЭКС-000005842   ,,,False,846936,,,,Лампа LED GX53  20W/830 1630Lm 230V  Jazzway (таблетка),СМ,False,3.50000,7.50000,66.34000,26536.00000,,,0.04000,7.50000,,N,,,0.00000,0,,,,ШТ,2026-03-24 00:00:00,EKS000005842,N,,,,400.00000,20.76000,10614400.00000,,КГ,,Косова Т.В.,.5065284,ШТ,Базовый,ВТЛ  ООО (JAZZWAY),0.00000,0.00000,n.bezrukov,Пакет интерфейса поставки:72f9e4f7-8a9d-4f71-acb4-148c4b67d79f,2026-03-24 12:56:58,321232,1997092,400.00000,2,,,,,,,,C,,Годен,,
1995492,WH1,,320746,New,End,,N,ЭКС,,,,,,,,5962492.00000,ЭКС-000005844   ,,,False,235650,,,,Светильник LED PWP-С2 1200 40w 4000K 3600Lm  IP65 COMPACT Jazzway,СМ,False,3.50000,120.00000,794.45000,47667.00000,,,1.00000,5.00000,,N,,,0.00000,0,,,,ШТ,2026-03-24 00:00:00,EKS000005844,N,,,,60.00000,20.00000,2860020.00000,,КГ,Логунов Владимир Александ,Колупаев В.Г.,.5016576,ШТ,Базовый,ВТЛ  ООО (JAZZWAY),0.00000,0.00000,n.bezrukov,Пакет интерфейса поставки:72f9e4f7-8a9d-4f71-acb4-148c4b67d79f,2026-03-24 12:57:04,321234,1997100,60.00000,2,,,,,,,,C,,Годен,,
1995493,WH1,,320746,New,End,,N,ЭКС,,,,,,,,5962494.00000,ЭКС-000005844   ,,,False,317797,,,,Светильник LED PWP-С4 1500 45w 6500K 4500Lm  IP65 COMPACT Jazzway,СМ,False,3.00000,153.00000,865.31000,103837.20000,,,1.00000,4.00000,,N,,,0.00000,0,,,,ШТ,2026-03-24 00:00:00,EKS000005844,N,,,,120.00000,49.60000,12460464.00000,,КГ,Логунов Владимир Александ,Колупаев В.Г.,.5016699,ШТ,Базовый,ВТЛ  ООО (JAZZWAY),0.00000,0.00000,n.bezrukov,Пакет интерфейса поставки:72f9e4f7-8a9d-4f71-acb4-148c4b67d79f,2026-03-24 12:57:04,321234,1997099,120.00000,2,,,,,,,Long < 2,C,,Годен,,
1995494,WH1,,320746,New,End,,N,ЭКС,,,,,,,,5962496.00000,ЭКС-000005844   ,,,False,318058,,,,Светильник LED PWP-С4 1200 36w 6500K 3600Lm  IP65 COMPACT Jazzway,СМ,False,3.00000,120.00000,572.47000,137392.80000,,,0.80000,4.00000,,N,,,0.00000,0,,,,ШТ,2026-03-24 00:00:00,EKS000005844,N,,,,240.00000,73.50000,32974272.00000,,КГ,Логунов Владимир Александ,Колупаев В.Г.,.5016668,ШТ,Базовый,ВТЛ  ООО (JAZZWAY),0.00000,0.00000,n.bezrukov,Пакет интерфейса поставки:72f9e4f7-8a9d-4f71-acb4-148c4b67d79f,2026-03-24 12:57:04,321234,1997098,240.00000,2,,,,,,,,B,,Годен,,
1995495,WH1,,320747,New,End,,N,ЭКС,,,,,,,ЭКС-000008512   ,5962608.00000,ЭКС-000005861   ,,,False,688135,,,,Светильник ГСО-Премьер IP40 (С) 595x595x40мм 36вт 4200лм/5700к опал драйвер 0653 ГЕНСВЕТ,СМ,False,4.00000,60.00000,1311.23000,19668.45000,,,2.00000,60.00000,,N,,,0.00000,0,,,,ШТ,2026-03-24 00:00:00,EKS000005861,N,,,,15.00000,24.00000,295026.75000,,КГ,Заказной,Колупаев В.Г.,ГСО-7166,ШТ,Заказной товар,ТПК ДЕКО ООО,0.00000,0.00000,a.manokhin,Пакет интерфейса поставки:bc2a889d-bc43-44fd-aa79-675402378b52,2026-03-24 13:01:24,321251,1997186,15.00000,2,,,,,,,,C,,Годен,,
1995496,WH1,,320748,New,End,,N,ЭКС,,,,,,,ЭКС-000011724   ,5962605.00000,ЭКС-000005858   ,,,False,665467,,,,Светильник ГСО-ПРЕМИУМ 595x595x50мм 36Вт 4000лм 4000К опал драйвер 5322 (Армстронг) ГЕНСВЕТ,СМ,False,8.50000,62.00000,2700.82000,24307.38000,,,1.00000,60.50000,,N,,,0.00000,0,,,,ШТ,2026-03-24 00:00:00,EKS000005858,N,,,,9.00000,11.00000,218766.42000,,КГ,Заказной,Колупаев В.Г.,ГСО-7900,ШТ,Заказной товар,ТПК ДЕКО ООО,0.00000,0.00000,a.manokhin,Пакет интерфейса поставки:79be62a5-24e6-43c4-9b33-8ffc4b003b76,2026-03-24 13:03:05,321248,1997183,9.00000,2,,,,,,,,C,,Годен,,
1995497,WH1,,320749,New,End,,N,ЭКС,,,,,,,ЭКС-000011136   ,5962606.00000,ЭКС-000005859   ,,,False,665506,,,,Светильник ГСО-ПРЕМИУМ 1195x180x50мм 36Вт 4000лм 4000К опал драйвер с БАП ГЕНСВЕТ,СМ,False,5.50000,119.00000,4418.03000,4418.03000,,,1.60000,18.00000,,N,,,0.00000,0,,,,ШТ,2026-03-24 00:00:00,EKS000005859,N,,,,1.00000,1.60000,4418.03000,,КГ,Заказной,Колупаев В.Г.,ГСО-7962,ШТ,Заказной товар,ТПК ДЕКО ООО,0.00000,0.00000,a.manokhin,Пакет интерфейса поставки:fe3f0a9f-4a93-452d-9e46-841047b6b2c6,2026-03-24 13:05:16,321249,1997184,1.00000,2,,,,,,,,C,,Годен,,
1995498,WH1,,320750,New,End,,N,ЭКС,,,,,,,ЭКС-000012164   ,5962607.00000,ЭКС-000005860   ,,,False,690965,,,,Светильник ГСО-Премьер (с) 595x595x40мм 54Вт 6300лм 4000К опал драйвер 0654  ГЕНСВЕТ,СМ,False,4.00000,60.00000,3152.46000,78811.50000,,,1.00000,60.00000,,N,,,0.00000,0,,,,ШТ,2026-03-24 00:00:00,EKS000005860,N,,,,25.00000,20.00000,1970287.50000,,КГ,,Колупаев В.Г.,ГСО-7222,ШТ,Распродажа,ТПК ДЕКО ООО,0.00000,0.00000,a.manokhin,Пакет интерфейса поставки:a32249c8-b69d-437e-905d-08ff457c40f9,2026-03-24 13:07:27,321250,1997185,25.00000,2,,,,,,,,C,,Годен,,
1995499,WH1,,320751,New,End,,N,ЭКС,,,,,,,ЭКС-000010342   ,5962509.00000,ЭКС-000005848   ,,,False,296221,,,,Лента LED  6w/m 12V IP20 2835/60  (5 метров) зеленая JAZZWAY,СМ,False,1.00000,15.00000,312.19000,936.57000,,,0.06000,15.00000,,N,,,0.00000,0,,,,УП,2026-03-24 00:00:00,EKS000005848,N,,,,3.00000,0.18000,2809.71000,,КГ,Заказной,Кузьмин М.С.,.5000322,УП,Заказной товар,ВТЛ  ООО (JAZZWAY),0.00000,0.00000,n.bezrukov,Пакет интерфейса поставки:86a16b7a-95b8-4f0d-8736-9bcad96f4894,2026-03-24 13:13:07,321238,1997110,3.00000,2,,,,,,,,C,,Годен,,
1995500,WH1,,320752,New,End,,N,ЭКС,,,,,,,ЭКС-000010938   ,5962437.00000,ЭКС-000005841   ,,,False,778533,,,,PTR  4026 26W 4000K 120° BL 900mm IP40 Jazzway,СМ,False,4.50000,90.00000,822.38000,5756.66000,,,0.28000,5.50000,,N,,,0.00000,0,,,,ШТ,2026-03-24 00:00:00,EKS000005841,N,,,,7.00000,1.96000,40296.62000,,КГ,,Кузьмин М.С.,.5060715,ШТ,Товар филиала,ВТЛ  ООО (JAZZWAY),0.00000,0.00000,n.bezrukov,Пакет интерфейса поставки:dd72f407-22e4-4f78-9114-e3229d0c1ba9,2026-03-24 13:15:22,321231,1997051,7.00000,2,,,,,,,,C,,Годен,,
1995501,WH1,,320752,New,End,,N,ЭКС,,,,,,,ЭКС-000010938   ,5962438.00000,ЭКС-000005841   ,,,False,778531,,,,PTR  4018 18W 4000K 120° BL 600mm IP40 Jazzway,СМ,False,5.00000,60.00000,621.35000,1242.70000,,,0.20000,5.00000,,N,,,0.00000,0,,,,ШТ,2026-03-24 00:00:00,EKS000005841,N,,,,2.00000,0.40000,2485.40000,,КГ,,Кузьмин М.С.,.5060678,ШТ,Товар филиала,ВТЛ  ООО (JAZZWAY),0.00000,0.00000,n.bezrukov,Пакет интерфейса поставки:dd72f407-22e4-4f78-9114-e3229d0c1ba9,2026-03-24 13:15:22,321231,1997052,2.00000,2,,,,,,,,C,,Годен,,
1995502,WH1,,320753,New,End,,N,ЭКС,,,,,,,ЭКС-000009727   ,5962491.00000,ЭКС-000005843   ,,,False,728925,,,,"Лампа LED НИЗКОВОЛЬТНАЯ E27 15W 6500K 1200Lm DC12-48V/AC24-42,груша матовая A60, Jazzway",СМ,,6.00000,6.00000,105.99000,4239.60000,,,0.20000,11.00000,,N,,,0.00000,0,,,,ШТ,2026-03-24 00:00:00,EKS000005843,N,,,,40.00000,4.00000,169584.00000,,КГ,,Косова Т.В.,.5050594,ШТ,Базовый,ВТЛ  ООО (JAZZWAY),0.00000,0.00000,n.bezrukov,Пакет интерфейса поставки:dd72f407-22e4-4f78-9114-e3229d0c1ba9,2026-03-24 13:15:30,321233,1997097,40.00000,2,,,,,,,,C,,Годен,,
1995503,WH1,,320754,New,End,,N,ЭКС,,,,,,,,5962498.00000,ЭКС-000005845   ,,,False,679426,,,,Блок аварийного питания PEPP36-1.0H IP40,СМ,False,3.00000,20.00000,593.29000,4153.03000,,,0.20000,4.50000,,N,,,0.00000,0,,,,ШТ,2026-03-24 00:00:00,EKS000005845,N,,,,7.00000,1.40000,29071.21000,,КГ,,Колупаев В.Г.,.5046009,ШТ,Товар филиала,ВТЛ  ООО (JAZZWAY),0.00000,0.00000,n.bezrukov,Пакет интерфейса поставки:2c2804f3-7167-494a-8b99-84d1d918c977,2026-03-24 13:17:18,321235,1997102,7.00000,2,,,,,,,,C,,Годен,,
1995504,WH1,,320754,New,End,,N,ЭКС,,,,,,,,5962499.00000,ЭКС-000005845   ,,,False,757747,,,,Светильник PPL 588/G 40w OPAL 3800Лм/4000K IP40 (588x588x25) ГРИЛЬЯТО,СМ,False,2.00000,60.00000,984.80000,98480.00000,,,0.50000,60.00000,,N,,,0.00000,0,,,,ШТ,2026-03-24 00:00:00,EKS000005845,N,,,,100.00000,50.00000,9848000.00000,,КГ,,Колупаев В.Г.,.5053090,ШТ,Товар филиала,ВТЛ  ООО (JAZZWAY),0.00000,0.00000,n.bezrukov,Пакет интерфейса поставки:2c2804f3-7167-494a-8b99-84d1d918c977,2026-03-24 13:17:18,321235,1997101,100.00000,2,,,,,,,,C,,Годен,,
1995505,WH1,,320755,New,Processed,,N,ЭКС,0.00000,0.00000,0.00000,,0.00000,0.00000,,1.00000,,,4712-12-31 00:00:00,,0000,,,,ТРАНЗИТ,СМ,,1.00000,1.00000,0.00000,0.00000,,,1.00000,1.00000,БАРНАУЛ,Y,Y,,0.00000,0,0,,,ГМ,2026-03-24 00:00:00,TR-24/03/2026-02,N,рц,рц,,1.00000,1.00000,0.00000,СМ3,КГ,,,,,,,0.00000,2.00000,r.sagaidak,Пакет интерфейса поставки:424e2fa0-5b54-467b-981b-8f7b883442bc,2026-03-24 13:20:50,321252,1997187,1.00000,,,,,,,,,,,,,0.00000
1995506,WH1,,320756,New,Processed,,N,ЭКС,0.00000,0.00000,0.00000,,0.00000,0.00000,,1.00000,,,4712-12-31 00:00:00,,0000,,,,ТРАНЗИТ,СМ,,1.00000,1.00000,0.00000,0.00000,,,1.00000,1.00000,ИППОДРОМСКАЯ,Y,Y,,0.00000,0,0,,,ГМ,2026-03-24 00:00:00,TR-24/03/2026-03,N,рц,рц,,1.00000,1.00000,0.00000,СМ3,КГ,,,,,,,0.00000,2.00000,r.sagaidak,Пакет интерфейса поставки:424e2fa0-5b54-467b-981b-8f7b883442bc,2026-03-24 13:20:50,321253,1997188,1.00000,,,,,,,,,,,,,0.00000
1995507,WH1,,320757,New,End,,N,ЭКС,,,,,,,ЭКС-000009412   ,5962512.00000,ЭКС-000005850   ,,,False,863573,,,,Адаптер 72W (12V 6A) IP20,СМ,False,4.50000,14.50000,826.12000,3304.48000,,,0.28000,10.50000,,N,,,0.00000,0,,,,ШТ,2026-03-24 00:00:00,EKS000005850,N,,,,4.00000,1.12000,13217.92000,,КГ,Заказной,Лангеман Э.Г.,.5053076,ШТ,Заказной товар,ВТЛ  ООО (JAZZWAY),0.00000,0.00000,n.bezrukov,Пакет интерфейса поставки:d4fae356-a563-4741-8bf1-0cb5becaaaa1,2026-03-24 13:27:01,321240,1997112,4.00000,2,,,,,,,,C,,Годен,,
1995508,WH1,,320758,New,End,,N,ЭКС,,,,,,,ЭКС-000010086   ,5962514.00000,ЭКС-000005851   ,,,False,595861,,,,Драйвер 100mA 40w PPL 595/U BT,СМ,False,2.00000,16.00000,363.21000,5448.15000,,,0.05000,2.00000,,N,,,0.00000,0,,,,ШТ,2026-03-24 00:00:00,EKS000005851,N,,,,15.00000,0.75000,81722.25000,,КГ,Заказной,Колупаев В.Г.,.5018358,ШТ,Заказной товар,ВТЛ  ООО (JAZZWAY),0.00000,0.00000,n.bezrukov,Пакет интерфейса поставки:d4fae356-a563-4741-8bf1-0cb5becaaaa1,2026-03-24 13:27:10,321241,1997114,15.00000,2,,,,,,,,C,,Годен,,
1995509,WH1,,320758,New,End,,N,ЭКС,,,,,,,ЭКС-000010246   ,5962516.00000,ЭКС-000005851   ,,,False,730015,,,,ФАZА СДО-20 30w 6500K BL IP65 230V,СМ,False,3.00000,11.00000,162.50000,325.00000,,,0.20000,10.00000,,N,,,0.00000,0,,,,ШТ,2026-03-24 00:00:00,EKS000005851,N,,,,2.00000,0.40000,650.00000,,КГ,Заказной,Колупаев В.Г.,.5047280,ШТ,Заказной товар,ВТЛ  ООО (JAZZWAY),0.00000,0.00000,n.bezrukov,Пакет интерфейса поставки:d4fae356-a563-4741-8bf1-0cb5becaaaa1,2026-03-24 13:27:10,321241,1997113,2.00000,2,,,,,,,,C,,Годен,,
1995510,WH1,,320759,New,End,,N,ЭКС,,,,,,,ЭКС-000010315   ,5962510.00000,ЭКС-000005849   ,,,False,863573,,,,Адаптер 72W (12V 6A) IP20,СМ,False,4.50000,14.50000,826.12000,3304.48000,,,0.28000,10.50000,,N,,,0.00000,0,,,,ШТ,2026-03-24 00:00:00,EKS000005849,N,,,,4.00000,1.12000,13217.92000,,КГ,Заказной,Лангеман Э.Г.,.5053076,ШТ,Заказной товар,ВТЛ  ООО (JAZZWAY),0.00000,0.00000,n.bezrukov,Пакет интерфейса поставки:27c13817-6ce0-4e76-bc63-4e64494fea7b,2026-03-24 13:28:59,321239,1997111,4.00000,2,,,,,,,,C,,Годен,,
1995511,WH1,,320760,New,End,,N,ЭКС,,,,,,,,5962559.00000,ЭКС-000005856   ,,,False,298940,,,,Металлорукав в ПВХ изоляции 50 (МРПИ нг) черный с протяжкой (20 м/уп) ГОФРОМАТИК ЗЭТАРУС,СМ,,5.00000,100.00000,181.11000,10866.60000,,,0.40000,5.00000,,Y,,,0.00000,0,,,,М,2026-03-24 00:00:00,EKS000005856,N,,,,60.00000,30.00000,651996.00000,,КГ,Дортман Анна Павловна,Гилета О.В.,zeta44410,М,Товар РЦ,ЗЭТА АО,0.00000,0.00000,a.savitskiy,Пакет интерфейса поставки:27c13817-6ce0-4e76-bc63-4e64494fea7b,2026-03-24 13:29:11,321246,1997151,60.00000,1,,,,,,,Rukav,C,,Годен,,
1995512,WH1,,320760,New,End,,N,ЭКС,,,,,,,,5962562.00000,ЭКС-000005856   ,,,False,102063,,,,Наконечник медный луженый ТМЛ 95-12-15 ГОСТ 7386-80 ЗЭТАРУС,СМ,,1.00000,6.00000,98.36000,2950.80000,,,0.01000,2.00000,,N,,,0.00000,0,,,,ШТ,2026-03-24 00:00:00,EKS000005856,N,,,,30.00000,0.40000,88524.00000,,КГ,Дортман Анна Павловна,Княжева Ю.В.,zeta10631,ШТ,Базовый,ЗЭТА АО,0.00000,0.00000,a.savitskiy,Пакет интерфейса поставки:27c13817-6ce0-4e76-bc63-4e64494fea7b,2026-03-24 13:29:11,321246,1997157,30.00000,2,,,,,,,,C,,Годен,,
1995513,WH1,,320760,New,End,,N,ЭКС,,,,,,,,5962564.00000,ЭКС-000005856   ,,,False,826238,,,,"Перемычка ПГС 25-560 У2,5 ГОФРОМАТИК (ЗЭТАРУС)",СМ,False,2.00000,56.00000,110.43000,2208.60000,,,0.10000,1.00000,,N,,,0.00000,0,,,,ШТ,2026-03-24 00:00:00,EKS000005856,N,,,,20.00000,2.35000,44172.00000,,КГ,Заказной,Гилета О.В.,zeta11111,ШТ,Заказной товар,ЗЭТА АО,0.00000,0.00000,a.savitskiy,Пакет интерфейса поставки:27c13817-6ce0-4e76-bc63-4e64494fea7b,2026-03-24 13:29:11,321246,1997170,20.00000,2,,,,,,,,C,,Годен,,
1995514,WH1,,320760,New,End,,N,ЭКС,,,,,,,,5962570.00000,ЭКС-000005856   ,,,False,7904,,8536900100,,"Коробка клеммная КЗНС-08 УХЛ1,5 IP65 (с латун вводами) ГОФРОМАТИК ЗЭТАРУС",СМ,False,11.00000,27.00000,2134.07000,21340.70000,,,1.85000,20.00000,,N,,,0.00000,0,,,,ШТ,2026-03-24 00:00:00,EKS000005856,N,,,,10.00000,18.50000,213407.00000,,КГ,Дортман Анна Павловна,Княжева Ю.В.,zeta30314,ШТ,Товар РЦ,ЗЭТА АО,0.00000,0.00000,a.savitskiy,Пакет интерфейса поставки:27c13817-6ce0-4e76-bc63-4e64494fea7b,2026-03-24 13:29:11,321246,1997159,10.00000,2,,,,,,,,C,,Годен,,
1995515,WH1,,320760,New,End,,N,ЭКС,,,,,,,,5962571.00000,ЭКС-000005856   ,,,False,512000,,,,Гильза ГМ 35-10 ЗЭТАРУС,СМ,,1.00000,5.00000,33.39000,3339.00000,,,0.01500,1.00000,,N,,,0.00000,0,,,,ШТ,2026-03-24 00:00:00,EKS000005856,N,,,,100.00000,1.50000,333900.00000,,КГ,Заказной,Княжева Ю.В.,zeta10116,ШТ,Заказной товар,ЗЭТА АО,0.00000,0.00000,a.savitskiy,Пакет интерфейса поставки:27c13817-6ce0-4e76-bc63-4e64494fea7b,2026-03-24 13:29:11,321246,1997175,100.00000,2,,,,,,,,C,,Годен,,
1995516,WH1,,320760,New,End,,N,ЭКС,,,,,,,,5962573.00000,ЭКС-000005856   ,,,False,62013,,,,Резьбовой крепежный элемент с наружной резьбой РКН-20(22) (МВ 20(22)-М) У2 IP54 ГОФРОМАТИК ЗЭТАРУС,СМ,,3.50000,5.50000,63.80000,6380.00000,,,0.06000,3.50000,,N,,,0.00000,0,,,,ШТ,2026-03-24 00:00:00,EKS000005856,N,,,,100.00000,6.00000,638000.00000,,КГ,Дортман Анна Павловна,Гилета О.В.,zeta40412,ШТ,Базовый,ЗЭТА АО,0.00000,0.00000,a.savitskiy,Пакет интерфейса поставки:27c13817-6ce0-4e76-bc63-4e64494fea7b,2026-03-24 13:29:11,321246,1997158,100.00000,2,,,,,,,,B,,Годен,,
1995517,WH1,,320760,New,End,,N,ЭКС,,,,,,,,5962574.00000,ЭКС-000005856   ,,,False,147219,,,,Резьбовой крепежный элемент с наружной резьбой РКН-15 (МВ 15-М) У2 IP54 ГОФРОМАТИК ЗЭТАРУС,СМ,,2.00000,3.00000,48.98000,9796.00000,,,0.04000,3.00000,,N,,,0.00000,0,,,,ШТ,2026-03-24 00:00:00,EKS000005856,N,,,,200.00000,84.00000,1959200.00000,,КГ,Дортман Анна Павловна,Гилета О.В.,zeta40411,ШТ,Базовый,ЗЭТА АО,0.00000,0.00000,a.savitskiy,Пакет интерфейса поставки:27c13817-6ce0-4e76-bc63-4e64494fea7b,2026-03-24 13:29:11,321246,1997156,200.00000,2,,,,,,,,B,,Годен,,
1995518,WH1,,320760,New,End,,N,ЭКС,,,,,,,,5962575.00000,ЭКС-000005856   ,,,False,147232,,,,Оконцеватель для металлорукава 15 мм (1/2) ГОФРОМАТИК ЗЭТАРУС,СМ,False,1.50000,2.00000,9.43000,943.00000,,,0.05000,2.00000,,N,,,0.00000,0,,,,ШТ,2026-03-24 00:00:00,EKS000005856,N,,,,100.00000,1.64000,94300.00000,,КГ,Дортман Анна Павловна,Гилета О.В.,zeta41011,ШТ,Базовый,ЗЭТА АО,0.00000,0.00000,a.savitskiy,Пакет интерфейса поставки:27c13817-6ce0-4e76-bc63-4e64494fea7b,2026-03-24 13:29:11,321246,1997168,100.00000,2,,,,,,,,C,,Годен,,
1995519,WH1,,320760,New,End,,N,ЭКС,,,,,,,,5962576.00000,ЭКС-000005856   ,,,False,177389,,,,Скоба двухлапковая металлическая d10-11 мм ГОФРОМАТИК ЗЭТАРУС,СМ,,1.00000,3.00000,1.05000,105.00000,,,0.00100,1.00000,,N,,,0.00000,0,,,,ШТ,2026-03-24 00:00:00,EKS000005856,N,,,,100.00000,0.08000,10500.00000,,КГ,Дортман Анна Павловна,Гилета О.В.,zeta41610,ШТ,Базовый,ЗЭТА АО,0.00000,0.00000,a.savitskiy,Пакет интерфейса поставки:27c13817-6ce0-4e76-bc63-4e64494fea7b,2026-03-24 13:29:11,321246,1997167,100.00000,2,,,,,,,,C,,Годен,,
1995520,WH1,,320760,New,End,,N,ЭКС,,,,,,,,5962577.00000,ЭКС-000005856   ,,,False,185414,,,,Резьбовой крепежный элемент с наружной резьбой РКН-10 (МВ 10-М) У2 IP54 ГОФРОМАТИК ЗЭТАРУС,СМ,,2.00000,3.00000,35.79000,7158.00000,,,0.01000,2.00000,,N,,,0.00000,0,,,,ШТ,2026-03-24 00:00:00,EKS000005856,N,,,,200.00000,4.80000,1431600.00000,,КГ,Дортман Анна Павловна,Гилета О.В.,zeta40410,ШТ,Базовый,ЗЭТА АО,0.00000,0.00000,a.savitskiy,Пакет интерфейса поставки:27c13817-6ce0-4e76-bc63-4e64494fea7b,2026-03-24 13:29:11,321246,1997166,200.00000,2,,,,,,,,C,,Годен,,
1995521,WH1,,320760,New,End,,N,ЭКС,,,,,,,,5962580.00000,ЭКС-000005856   ,,,False,187414,,,,Скоба однолапковая металлическая d19-20 мм ГОФРОМАТИК ЗЭТАРУС,СМ,,1.00000,4.00000,1.42000,85.20000,,,0.00690,2.00000,,N,,,0.00000,0,,,,ШТ,2026-03-24 00:00:00,EKS000005856,N,,,,60.00000,0.41400,5112.00000,,КГ,Дортман Анна Павловна,Гилета О.В.,zeta41716,ШТ,Базовый,ЗЭТА АО,0.00000,0.00000,a.savitskiy,Пакет интерфейса поставки:27c13817-6ce0-4e76-bc63-4e64494fea7b,2026-03-24 13:29:11,321246,1997165,60.00000,2,,,,,,,,A,,Годен,,
1995522,WH1,,320760,New,End,,N,ЭКС,,,,,,,,5962582.00000,ЭКС-000005856   ,,,False,200870,,,,Металлорукав в ПВХ изоляции 50 (МРПИ/Р3-ЦПнг/ШЭМ) (20 м/уп) ГОФРОМАТИК ЗЭТАРУС,СМ,,6.00000,100.00000,172.36000,10341.60000,,,1.00000,6.00000,,Y,,,0.00000,0,,,,М,2026-03-24 00:00:00,EKS000005856,N,,,,60.00000,42.00000,620496.00000,,КГ,Дортман Анна Павловна,Гилета О.В.,zeta42217,М,Товар РЦ,ЗЭТА АО,0.00000,0.00000,a.savitskiy,Пакет интерфейса поставки:27c13817-6ce0-4e76-bc63-4e64494fea7b,2026-03-24 13:29:11,321246,1997154,60.00000,1,,,,,,,Rukav,C,,Годен,,
1995523,WH1,,320760,New,End,,N,ЭКС,,,,,,,,5962583.00000,ЭКС-000005856   ,,,False,205141,,,,Скоба однолапковая металлическая d25-26 мм ГОФРОМАТИК ЗЭТАРУС,СМ,,1.00000,4.00000,1.63000,3260.00000,,,0.01000,1.00000,,N,,,0.00000,0,,,,ШТ,2026-03-24 00:00:00,EKS000005856,N,,,,2000.00000,17.54000,6520000.00000,,КГ,Дортман Анна Павловна,Гилета О.В.,zeta41718,ШТ,Базовый,ЗЭТА АО,0.00000,0.00000,a.savitskiy,Пакет интерфейса поставки:27c13817-6ce0-4e76-bc63-4e64494fea7b,2026-03-24 13:29:11,321246,1997163,2000.00000,2,,,,,,,,A,,Годен,,
1995524,WH1,,320760,New,End,,N,ЭКС,,,,,,,,5962585.00000,ЭКС-000005856   ,,,False,227447,,,,Скоба двухлапковая металлическая d38-40 мм ГОФРОМАТИК ЗЭТАРУС,СМ,,2.00000,8.00000,3.61000,1805.00000,,,0.01000,5.00000,,N,,,0.00000,0,,,,ШТ,2026-03-24 00:00:00,EKS000005856,N,,,,500.00000,2.00000,902500.00000,,КГ,Дортман Анна Павловна,Гилета О.В.,zeta41618,ШТ,Базовый,ЗЭТА АО,0.00000,0.00000,a.savitskiy,Пакет интерфейса поставки:27c13817-6ce0-4e76-bc63-4e64494fea7b,2026-03-24 13:29:11,321246,1997162,500.00000,2,,,,,,,,B,,Годен,,
1995525,WH1,,320760,New,End,,N,ЭКС,,,,,,,,5962587.00000,ЭКС-000005856   ,,,False,253795,,,,Скоба двухлапковая металлическая d14-15 мм ГОФРОМАТИК ЗЭТАРУС,СМ,,2.00000,4.00000,1.20000,960.00000,,,0.02000,2.00000,,N,,,0.00000,0,,,,ШТ,2026-03-24 00:00:00,EKS000005856,N,,,,800.00000,1.60000,768000.00000,,КГ,Дортман Анна Павловна,Гилета О.В.,zeta41612,ШТ,Товар РЦ,ЗЭТА АО,0.00000,0.00000,a.savitskiy,Пакет интерфейса поставки:27c13817-6ce0-4e76-bc63-4e64494fea7b,2026-03-24 13:29:11,321246,1997160,800.00000,2,,,,,,,,C,,Годен,,
1995526,WH1,,320760,New,End,,N,ЭКС,,,,,,,,5962596.00000,ЭКС-000005856   ,,,False,623545,,,,Соединитель болтовой 4СБ-3-001 150-240 ЗЭТАРУС,СМ,,3.50000,10.50000,408.23000,6123.45000,,,0.20000,4.00000,,N,,,0.00000,0,,,,ШТ,2026-03-24 00:00:00,EKS000005856,N,,,,15.00000,3.40000,91851.75000,,КГ,Дортман Анна Павловна,Княжева Ю.В.,zeta11045,ШТ,Базовый,ЗЭТА АО,0.00000,0.00000,a.savitskiy,Пакет интерфейса поставки:27c13817-6ce0-4e76-bc63-4e64494fea7b,2026-03-24 13:29:11,321246,1997174,15.00000,2,,,,,,,,C,,Годен,,
1995527,WH1,,320760,New,End,,N,ЭКС,,,,,,,ЭКС-000011296   ,5962560.00000,ЭКС-000005856   ,,,False,377812,,,,Ex-переходная муфта МПВЛ-М25-М20 Ех е II Gb U () ГОФРОМАТИК ЗЭТАРУС,СМ,False,3.00000,3.50000,436.72000,10481.28000,,,0.05000,3.00000,,N,,,0.00000,0,,,,ШТ,2026-03-24 00:00:00,EKS000005856,N,,,,24.00000,1.24000,251550.72000,,КГ,Заказной,Гилета О.В.,zeta30538,ШТ,Заказной товар,ЗЭТА АО,0.00000,0.00000,a.savitskiy,Пакет интерфейса поставки:27c13817-6ce0-4e76-bc63-4e64494fea7b,2026-03-24 13:29:11,321246,1997180,24.00000,2,,,,,,,,C,,Годен,,
1995528,WH1,,320760,New,End,,N,ЭКС,,,,,,,ЭКС-000011647   ,5962561.00000,ЭКС-000005856   ,,,False,296507,,,,Металлорукав в ПВХ изоляции 16 (МРПИ/Р3-ЦПнг/ШЭМ) (50 м/уп) ГОФРОМАТИК ЗЭТАРУС,СМ,,2.00000,100.00000,43.34000,19503.00000,,,0.30000,2.00000,,Y,,,0.00000,0,,,,М,2026-03-24 00:00:00,EKS000005856,N,,,,450.00000,67.50000,8776350.00000,,КГ,Заказной,Гилета О.В.,zeta42232,М,Заказной товар,ЗЭТА АО,0.00000,0.00000,a.savitskiy,Пакет интерфейса поставки:27c13817-6ce0-4e76-bc63-4e64494fea7b,2026-03-24 13:29:11,321246,1997152,450.00000,1,,,,,,,Rukav,C,,Годен,,
1995529,WH1,,320760,New,End,,N,ЭКС,,,,,,,ЭКС-000011757   ,5962567.00000,ЭКС-000005856   ,,,False,266197,,,,Резьбовой крепежный элемент с наружной резьбой РКН-75 У2 IP54 ГОФРОМАТИК ЗЭТАРУС,СМ,,7.00000,10.00000,812.48000,3249.92000,,,0.10000,10.00000,,N,,,0.00000,0,,,,ШТ,2026-03-24 00:00:00,EKS000005856,N,,,,4.00000,2.28000,12999.68000,,КГ,Заказной,Гилета О.В.,zeta40427,ШТ,Заказной товар,ЗЭТА АО,0.00000,0.00000,a.savitskiy,Пакет интерфейса поставки:27c13817-6ce0-4e76-bc63-4e64494fea7b,2026-03-24 13:29:11,321246,1997155,4.00000,2,,,,,,,,C,,Годен,,
1995530,WH1,,320760,New,End,,N,ЭКС,,,,,,,ЭКС-000011757   ,5962568.00000,ЭКС-000005856   ,,,False,266759,,,,Металлорукав в ПВХ изоляции 75 (МРПИ/Р3-ЦПнг/ШЭМ) черный (10 м/уп) ГОФРОМАТИК ЗЭТАРУС,СМ,,8.50000,100.00000,356.14000,28491.20000,,,0.50000,8.50000,,Y,,,0.00000,0,,,,М,2026-03-24 00:00:00,EKS000005856,N,,,,80.00000,120.00000,2279296.00000,,КГ,Заказной,Гилета О.В.,zeta42220,М,Заказной товар,ЗЭТА АО,0.00000,0.00000,a.savitskiy,Пакет интерфейса поставки:27c13817-6ce0-4e76-bc63-4e64494fea7b,2026-03-24 13:29:11,321246,1997153,80.00000,1,,,,,,,Rukav,C,,Годен,,
1995531,WH1,,320760,New,End,,N,ЭКС,,,,,,,ЭКС-000011757   ,5962569.00000,ЭКС-000005856   ,,,False,862176,,,,Оконцеватель для металлорукава 75 мм,СМ,False,3.00000,9.00000,124.66000,1745.24000,,,0.05400,9.00000,,N,,,0.00000,0,,,,ШТ,2026-03-24 00:00:00,EKS000005856,N,,,,14.00000,0.75600,24433.36000,,КГ,Заказной,Гилета О.В.,zeta41018,ШТ,Заказной товар,ЗЭТА АО,0.00000,0.00000,a.savitskiy,Пакет интерфейса поставки:27c13817-6ce0-4e76-bc63-4e64494fea7b,2026-03-24 13:29:11,321246,1997169,14.00000,2,,,,,,,,C,,Годен,,
1995532,WH1,,320760,New,End,,N,ЭКС,,,,,,,ЭКС-000011870   ,5962566.00000,ЭКС-000005856   ,,,False,246972,,,,Резьбовой крепежный элемент с наружной резьбой РКН-12 (МВ 12-М) У2 IP54 ГОФРОМАТИК ЗЭТАРУС,СМ,,3.00000,4.00000,37.84000,3027.20000,,,0.08000,3.00000,,N,,,0.00000,0,,,,ШТ,2026-03-24 00:00:00,EKS000005856,N,,,,80.00000,2.48000,242176.00000,,КГ,Заказной,Гилета О.В.,zeta40424,ШТ,Заказной товар,ЗЭТА АО,0.00000,0.00000,a.savitskiy,Пакет интерфейса поставки:27c13817-6ce0-4e76-bc63-4e64494fea7b,2026-03-24 13:29:11,321246,1997161,80.00000,2,,,,,,,,C,,Годен,,
1995533,WH1,,320760,New,End,,N,ЭКС,,,,,,,ЭКС-000012084   ,5962579.00000,ЭКС-000005856   ,,,False,675751,,,,Скоба однолапковая металлическая d19-20 мм ГОФРОМАТИК ЗЭТАРУС,СМ,,2.00000,2.00000,1.42000,3180.80000,,,0.00100,2.00000,,N,,,0.00000,0,,,,ШТ,2026-03-24 00:00:00,EKS000005856,N,,,,2240.00000,7.84000,7124992.00000,,КГ,,Гилета О.В.,zeta41716,ШТ,Заказной товар,ЗЭТА АО,0.00000,0.00000,a.savitskiy,Пакет интерфейса поставки:27c13817-6ce0-4e76-bc63-4e64494fea7b,2026-03-24 13:29:11,321246,1997171,2240.00000,2,,,,,,,,C,,Годен,,
1995534,WH1,,320760,New,End,,N,ЭКС,,,,,,,ЭКС-000012253   ,5962581.00000,ЭКС-000005856   ,,,False,195656,,,,"Кабельный ввод М 12 латунный УТ1,5 IP68 (d кабеля 3-6,5мм) ГОФРОМАТИК ЗЭТАРУС",СМ,,2.00000,5.00000,35.69000,3569.00000,,,0.20000,2.00000,,N,,,0.00000,0,,,,ШТ,2026-03-24 00:00:00,EKS000005856,N,,,,100.00000,1.30000,356900.00000,,КГ,Заказной,Феденькова Д.Ю.,zeta30110,ШТ,Заказной товар,ЗЭТА АО,0.00000,0.00000,a.savitskiy,Пакет интерфейса поставки:27c13817-6ce0-4e76-bc63-4e64494fea7b,2026-03-24 13:29:11,321246,1997164,100.00000,2,,,,,,,,C,,Годен,,
1995535,WH1,,320760,New,End,,N,ЭКС,,,,,,,ЭКС-000012319   ,5962589.00000,ЭКС-000005856   ,,,False,633754,,,,Кабельный ввод ВК-НР-М20-12-L8 ГОФРОМАТИК ЗЭТАРУС,СМ,,2.00000,3.00000,243.16000,2431.60000,,,0.03000,2.00000,,N,,,0.00000,0,,,,ШТ,2026-03-24 00:00:00,EKS000005856,N,,,,10.00000,0.39000,24316.00000,,КГ,Заказной,Гилета О.В.,zeta34804,ШТ,Заказной товар,ЗЭТА АО,0.00000,0.00000,a.savitskiy,Пакет интерфейса поставки:27c13817-6ce0-4e76-bc63-4e64494fea7b,2026-03-24 13:29:11,321246,1997173,10.00000,2,,,,,,,,C,,Годен,,
1995536,WH1,,320760,New,End,,N,ЭКС,,,,,,,ЭКС-000012319   ,5962590.00000,ЭКС-000005856   ,,,False,669861,,,,Кабельный ввод ВК-НР-М16-8-L8 ГОФРОМАТИК (ЗЭТАРУС),СМ,,2.00000,3.00000,198.96000,1989.60000,,,0.02000,2.00000,,N,,,0.00000,0,,,,ШТ,2026-03-24 00:00:00,EKS000005856,N,,,,10.00000,0.20000,19896.00000,,КГ,Заказной,Гилета О.В.,zeta34802,ШТ,Заказной товар,ЗЭТА АО,0.00000,0.00000,a.savitskiy,Пакет интерфейса поставки:27c13817-6ce0-4e76-bc63-4e64494fea7b,2026-03-24 13:29:11,321246,1997172,10.00000,2,,,,,,,,C,,Годен,,
1995537,WH1,,320760,New,End,,N,ЭКС,,,,,,,ЭКС-000012477   ,5962591.00000,ЭКС-000005856   ,,,False,419756,,,,Сальник PG 11 пластик (5-10мм),СМ,,3.00000,2.00000,7.11000,4266.00000,,,0.10000,2.00000,,N,,,0.00000,0,,,,ШТ,2026-03-24 00:00:00,EKS000005856,N,,,,600.00000,4.08000,2559600.00000,,КГ,Заказной,Феденькова Д.Ю.,zeta30882,ШТ,Заказной товар,ЗЭТА АО,0.00000,0.00000,a.savitskiy,Пакет интерфейса поставки:27c13817-6ce0-4e76-bc63-4e64494fea7b,2026-03-24 13:29:11,321246,1997179,600.00000,2,,,,,,,,C,,Годен,,
1995538,WH1,,320760,New,End,,N,ЭКС,,,,,,,ЭКС-000012477   ,5962592.00000,ЭКС-000005856   ,,,False,419757,,,,Сальник PG 25 пластик (15-21мм),СМ,,4.00000,3.00000,20.67000,4134.00000,,,0.10000,3.00000,,N,,,0.00000,0,,,,ШТ,2026-03-24 00:00:00,EKS000005856,N,,,,200.00000,4.80000,826800.00000,,КГ,Заказной,Феденькова Д.Ю.,zeta30886,ШТ,Заказной товар,ЗЭТА АО,0.00000,0.00000,a.savitskiy,Пакет интерфейса поставки:27c13817-6ce0-4e76-bc63-4e64494fea7b,2026-03-24 13:29:11,321246,1997178,200.00000,2,,,,,,,,C,,Годен,,
1995539,WH1,,320760,New,End,,N,ЭКС,,,,,,,ЭКС-000012477   ,5962593.00000,ЭКС-000005856   ,,,False,419758,,,,Сальник PG 16 пластик (10-14мм),СМ,,3.00000,2.00000,10.88000,2176.00000,,,0.10000,2.00000,,N,,,0.00000,0,,,,ШТ,2026-03-24 00:00:00,EKS000005856,N,,,,200.00000,2.76000,435200.00000,,КГ,Заказной,Феденькова Д.Ю.,zeta30884,ШТ,Заказной товар,ЗЭТА АО,0.00000,0.00000,a.savitskiy,Пакет интерфейса поставки:27c13817-6ce0-4e76-bc63-4e64494fea7b,2026-03-24 13:29:11,321246,1997177,200.00000,2,,,,,,,,C,,Годен,,
1995540,WH1,,320760,New,End,,N,ЭКС,,,,,,,ЭКС-000012477   ,5962594.00000,ЭКС-000005856   ,,,False,419759,,,,Сальник PG 36 пластик (22-32мм),СМ,,5.00000,6.00000,47.90000,9580.00000,,,0.25000,6.00000,,N,,,0.00000,0,,,,ШТ,2026-03-24 00:00:00,EKS000005856,N,,,,200.00000,8.40000,1916000.00000,,КГ,Заказной,Феденькова Д.Ю.,zeta30888,ШТ,Заказной товар,ЗЭТА АО,0.00000,0.00000,a.savitskiy,Пакет интерфейса поставки:27c13817-6ce0-4e76-bc63-4e64494fea7b,2026-03-24 13:29:11,321246,1997176,200.00000,2,,,,,,,,C,,Годен,,
1995541,WH1,,320760,New,End,,N,ЭКС,,,,,,,ЭКС-000012490   ,5962595.00000,ЭКС-000005856   ,,,False,313698,,,,Коробка с зажимами наборными КЗНС-32 У2 IP54 пластиковый ввод ГОФРОМАТИК ЗЭТАРУС,СМ,,12.00000,37.00000,4272.27000,4272.27000,,,2.00000,34.00000,,N,,,0.00000,0,,,,ШТ,2026-03-24 00:00:00,EKS000005856,N,,,,1.00000,2.00000,4272.27000,,КГ,Заказной,Княжева Ю.В.,zeta30357,ШТ,Заказной товар,ЗЭТА АО,0.00000,0.00000,a.savitskiy,Пакет интерфейса поставки:27c13817-6ce0-4e76-bc63-4e64494fea7b,2026-03-24 13:29:11,321246,1997181,1.00000,2,,,,,,,,C,,Годен,,
1995542,WH1,,320761,New,End,,N,ЭКС,,,,,,,,5962502.00000,ЭКС-000005847   ,,,False,246725,,,,Прожектор LED  PFL- SC  30w  6500K IP65   (матовое стекло) 2550Lm Jazzway,СМ,,14.00000,14.00000,930.41000,9304.10000,,,0.50000,5.00000,,N,,,0.00000,0,,,,ШТ,2026-03-24 00:00:00,EKS000005847,N,,,,10.00000,5.00000,93041.00000,,КГ,Логунов Владимир Александ,Косова Т.В.,.5001404,ШТ,Базовый,ВТЛ  ООО (JAZZWAY),0.00000,0.00000,n.bezrukov,Пакет интерфейса поставки:f8b49aca-62c6-46ef-8439-7c8defc86902,2026-03-24 13:31:22,321237,1997104,10.00000,2,,,,,,,,C,,Годен,,
1995543,WH1,,320761,New,End,,N,ЭКС,,,,,,,,5962503.00000,ЭКС-000005847   ,,,False,246726,,,,Прожектор LED  PFL- SC  50w  6500K IP65   (матовое стекло) 4250Lm Jazzway,СМ,,17.50000,18.00000,1347.11000,26942.20000,,,0.70000,4.50000,,N,,,0.00000,0,,,,ШТ,2026-03-24 00:00:00,EKS000005847,N,,,,20.00000,14.00000,538844.00000,,КГ,Логунов Владимир Александ,Косова Т.В.,.5001435,ШТ,Базовый,ВТЛ  ООО (JAZZWAY),0.00000,0.00000,n.bezrukov,Пакет интерфейса поставки:f8b49aca-62c6-46ef-8439-7c8defc86902,2026-03-24 13:31:22,321237,1997109,20.00000,2,,,,,,,,C,,Годен,,
1995544,WH1,,320761,New,End,,N,ЭКС,,,,,,,,5962504.00000,ЭКС-000005847   ,,,False,314207,,,,Лампа галогенная PH-JC 20Вт 12В clear G4 2000ч Jazzway,СМ,,2.00000,7.00000,26.57000,26570.00000,,,0.00500,2.00000,,N,,,0.00000,0,,,,ШТ,2026-03-24 00:00:00,EKS000005847,N,,,,1000.00000,5.00000,26570000.00000,,КГ,Акулинский Петр Иванович,Косова Т.В.,.3322540,ШТ,Базовый,ВТЛ  ООО (JAZZWAY),0.00000,0.00000,n.bezrukov,Пакет интерфейса поставки:f8b49aca-62c6-46ef-8439-7c8defc86902,2026-03-24 13:31:22,321237,1997108,1000.00000,2,,,,,,,,B,,Годен,,
1995545,WH1,,320761,New,End,,N,ЭКС,,,,,,,,5962505.00000,ЭКС-000005847   ,,,False,519935,,,,Прожектор PFL-S4-100w 15000Лм 6500K 80° Серый IP65 Jazzway (гарантия 5 лет),СМ,False,4.00000,30.00000,1458.12000,14581.20000,,,1.00000,27.00000,,N,,,0.00000,0,,,,ШТ,2026-03-24 00:00:00,EKS000005847,N,,,,10.00000,10.00000,145812.00000,,КГ,Логунов Владимир Александ,Косова Т.В.,.5036437,ШТ,Базовый,ВТЛ  ООО (JAZZWAY),0.00000,0.00000,n.bezrukov,Пакет интерфейса поставки:f8b49aca-62c6-46ef-8439-7c8defc86902,2026-03-24 13:31:22,321237,1997107,10.00000,2,,,,,,,,C,,Годен,,
1995546,WH1,,320761,New,End,,N,ЭКС,,,,,,,,5962506.00000,ЭКС-000005847   ,,,False,569060,,,,Прожектор LED  PFL- V  100w  6500K IP65 9000Lm Jazzway,СМ,,4.00000,25.00000,996.56000,19931.20000,,,2.00000,25.00000,,N,,,0.00000,0,,,,ШТ,2026-03-24 00:00:00,EKS000005847,N,,,,20.00000,30.00000,398624.00000,,КГ,Акулинский Петр Иванович,Косова Т.В.,.5039759,ШТ,Базовый,ВТЛ  ООО (JAZZWAY),0.00000,0.00000,n.bezrukov,Пакет интерфейса поставки:f8b49aca-62c6-46ef-8439-7c8defc86902,2026-03-24 13:31:22,321237,1997106,20.00000,2,,,,,,,,C,,Годен,,
1995547,WH1,,320761,New,End,,N,ЭКС,,,,,,,ЭКС-000010477   ,5962508.00000,ЭКС-000005847   ,,,False,736132,,,,Фонарь ручной Фонарь ФАZА AccuF1-L15WZ-bk (черн.),СМ,,5.00000,20.00000,708.63000,1417.26000,,,0.20000,9.00000,,N,,,0.00000,0,,,,ШТ,2026-03-24 00:00:00,EKS000005847,N,,,,2.00000,0.40000,2834.52000,,КГ,,Косова Т.В.,.5050402,ШТ,Товар филиала,ВТЛ  ООО (JAZZWAY),0.00000,0.00000,n.bezrukov,Пакет интерфейса поставки:f8b49aca-62c6-46ef-8439-7c8defc86902,2026-03-24 13:31:22,321237,1997105,2.00000,2,,,,,,,,C,,Годен,,
1995548,WH1,,320762,New,End,,N,ЭКС,,,,,,,ЭКС-000009874   ,5962609.00000,ЭКС-000005862   ,,,False,213218,,,,"Кабель ВВГЭнг(А)-LS 4х1,5 - 1кВ",СМ,,1.30000,100.00000,98.80000,4940.00000,13,,0.41600,1.30000,,Y,,,0.00000,0,,,,М,2026-03-20 00:00:00,EKS000005862,N,,,,50.00000,20.80000,247000.00000,,КГ,Заказной,Косолапова Л.В.,213218,М,Заказной товар,Сибкабель АО,0.00000,0.00000,a.manokhin,Пакет интерфейса поставки:c9d808d7-3fb4-41d0-9260-3217aa744ef7,2026-03-24 13:35:02,321254,1997189,50.00000,1,,,01,,,,,C,,Годен,,
1995549,WH1,,320763,New,End,,N,ЭКС,,,,,,,ЭКС-000012308   ,5962613.00000,ЭКС-000005864   ,,,False,461329,,,,Cтабилизатор  VOLTRON -10 000  ЭНЕРГИЯ Voltron (5%),СМ,False,25.50000,43.50000,17714.43000,17714.43000,,,18.60000,34.50000,,N,,,0.00000,0,,,,ШТ,2026-03-24 00:00:00,EKS000005864,N,,,,1.00000,18.60000,17714.43000,,КГ,Заказной,Третьяков С.М.,Е0101-0160,ШТ,Заказной товар,Спецавтоматика ООО,0.00000,0.00000,a.manokhin,Пакет интерфейса поставки:024fc427-20b3-4990-b29d-17f145e359a8,2026-03-24 13:37:14,321256,1997192,1.00000,2,,,,,,,,C,,Годен,,
1995550,WH1,,320764,New,End,,N,ЭКС,,,,,,,ЭКС-000012172   ,5962619.00000,ЭКС-000005865   ,,,False,492479,,,,"Сверло ступенчатое, 4-6-8-10-12-14-16-18-20-22-24-26-28-30-32 мм, HSS, трехгранный хвостовик Matrix",СМ,,4.00000,17.00000,582.88000,1165.76000,,,0.17000,9.00000,,N,,,0.00000,0,,,,ШТ,2026-03-24 00:00:00,EKS000005865,N,,,,2.00000,0.34000,2331.52000,,КГ,Заказной,Петров И.В.,72359,ШТ,Заказной товар,МИР Инструмента ООО,0.00000,0.00000,a.manokhin,Пакет интерфейса поставки:3e85d7ae-87fc-4c06-ac86-ef02070510bb,2026-03-24 13:39:25,321257,1997197,2.00000,2,,,,,,,,C,,Годен,,
1995551,WH1,,320764,New,End,,N,ЭКС,,,,,,,ЭКС-000012191   ,5962617.00000,ЭКС-000005865   ,,,False,460083,,,,Автоматический стриппер для проводов 0.2-6 мм (Сибртех),СМ,,2.00000,26.00000,598.69000,598.69000,,,0.35000,12.00000,,N,,,0.00000,0,,,,ШТ,2026-03-24 00:00:00,EKS000005865,N,,,,1.00000,0.35000,598.69000,,КГ,Заказной,Петров И.В.,17734,ШТ,Заказной товар,МИР Инструмента ООО,0.00000,0.00000,a.manokhin,Пакет интерфейса поставки:3e85d7ae-87fc-4c06-ac86-ef02070510bb,2026-03-24 13:39:25,321257,1997194,1.00000,2,,,,,,,,C,,Годен,,
1995552,WH1,,320764,New,End,,N,ЭКС,,,,,,,ЭКС-000012234   ,5962616.00000,ЭКС-000005865   ,,,False,535936,,,,"Набор торцевых головок, 1/4, головки 4-13 мм, с трещоточным ключом, CrV, 11 предметов Stels",СМ,,2.00000,24.00000,953.16000,4765.80000,,,0.30000,7.00000,,N,,,0.00000,0,,,,УП,2026-03-24 00:00:00,EKS000005865,N,,,,5.00000,1.50000,23829.00000,,КГ,Заказной,Петров И.В.,14125,УП,Заказной товар,МИР Инструмента ООО,0.00000,0.00000,a.manokhin,Пакет интерфейса поставки:3e85d7ae-87fc-4c06-ac86-ef02070510bb,2026-03-24 13:39:25,321257,1997195,5.00000,2,,,,,,,,C,,Годен,,
1995553,WH1,,320764,New,End,,N,ЭКС,,,,,,,ЭКС-000012374   ,5962618.00000,ЭКС-000005865   ,,,False,520522,,,,"Пистолет пескоструйный с нижним бачком, пневматический. MATRIX",СМ,,11.00000,25.00000,891.15000,891.15000,,,0.77000,19.00000,,N,,,0.00000,0,,,,ШТ,2026-03-24 00:00:00,EKS000005865,N,,,,1.00000,0.77000,891.15000,,КГ,Заказной,Петров И.В.,57326,ШТ,Заказной товар,МИР Инструмента ООО,0.00000,0.00000,a.manokhin,Пакет интерфейса поставки:3e85d7ae-87fc-4c06-ac86-ef02070510bb,2026-03-24 13:39:25,321257,1997196,1.00000,2,,,,,,,,C,,Годен,,
1995554,WH1,,320764,New,End,,N,ЭКС,,,,,,,ЭКС-000012387   ,5962620.00000,ЭКС-000005865   ,,,False,460630,,,,Лестница-трансформер (четырехсекционная) алюминиевая 4x3 ступени (Сибртех),СМ,False,28.00000,95.00000,7749.66000,7749.66000,,,12.00000,28.00000,,N,,,0.00000,0,,,,ШТ,2026-03-24 00:00:00,EKS000005865,N,,,,1.00000,12.00000,7749.66000,,КГ,Дортман Анна Павловна,Петров И.В.,97881,ШТ,Товар филиала,МИР ИНСТРУМЕНТА ООО,0.00000,0.00000,a.manokhin,Пакет интерфейса поставки:3e85d7ae-87fc-4c06-ac86-ef02070510bb,2026-03-24 13:39:25,321257,1997193,1.00000,2,,,,,,,,C,,Годен,,
1995555,WH1,,320765,New,End,,N,ЭКС,,,,,,,ЭКС-000012303   ,5962611.00000,ЭКС-000005863   ,,,False,297835,,,,ИБП Pro-3400 24V Энергия,СМ,False,30.00000,62.00000,52571.06000,52571.06000,,,15.00000,30.00000,,N,,,0.00000,0,,,,ШТ,2026-03-24 00:00:00,EKS000005863,N,,,,1.00000,15.00000,52571.06000,,КГ,Заказной,Иваненко П.В.,Е0201-0032,ШТ,Заказной товар,Спецавтоматика ООО,0.00000,0.00000,a.manokhin,Пакет интерфейса поставки:52429bd9-699c-4a12-a01a-32d524ec4cc1,2026-03-24 13:41:05,321255,1997191,1.00000,2,,,,,,,,C,,Годен,,
1995556,WH1,,320765,New,End,,N,ЭКС,,,,,,,ЭКС-000012303   ,5962612.00000,ЭКС-000005863   ,,,False,720578,,,,АКБ Энергия GPL 12-55,СМ,False,15.00000,28.00000,7163.57000,14327.14000,,,17.80000,25.00000,,N,,,0.00000,0,,,,ШТ,2026-03-24 00:00:00,EKS000005863,N,,,,2.00000,35.60000,28654.28000,,КГ,Заказной,Иваненко П.В.,Е0201-0059,ШТ,Заказной товар,Спецавтоматика ООО,0.00000,0.00000,a.manokhin,Пакет интерфейса поставки:52429bd9-699c-4a12-a01a-32d524ec4cc1,2026-03-24 13:41:05,321255,1997190,2.00000,2,,,,,,,,C,,Годен,,
1995557,WH1,,320766,New,End,,N,ЭКС,,,,,,,ЭКС-000012446   ,5962733.00000,ЭКС-000005877   ,,,False,315248,,,,Светильник LED SPO-5-40-6K-M (F) 36Вт 3600Лм 6500К IP40 1200x75x25 мат. сталь-бел ЭРА,СМ,False,2.50000,120.00000,214.08000,2140.80000,,,0.44000,7.00000,,N,,,0.00000,0,,,,ШТ,2026-03-24 00:00:00,EKS000005877,N,,,,10.00000,4.40000,21408.00000,,КГ,Логунов Владимир Александ,Колупаев В.Г.,Б0032480,ШТ,Базовый,Орион ООО   (ЭРА) новый (,0.00000,0.00000,a.manokhin,Пакет интерфейса поставки:45dbb752-bcf8-4a13-b33c-c4b99d7e3e60,2026-03-24 14:01:09,321269,1997290,10.00000,2,,,,,,,,A,,Годен,,
1995558,WH1,,320767,New,End,,N,ЭКС,,,,,,,,5962735.00000,ЭКС-000005878   ,,,False,315248,,,,Светильник LED SPO-5-40-6K-M (F) 36Вт 3600Лм 6500К IP40 1200x75x25 мат. сталь-бел ЭРА,СМ,False,2.50000,120.00000,223.00000,66900.00000,,,0.44000,7.00000,,N,,,0.00000,0,,,,ШТ,2026-03-24 00:00:00,EKS000005878,N,,,,300.00000,140.55000,20070000.00000,,КГ,Логунов Владимир Александ,Колупаев В.Г.,Б0032480,ШТ,Базовый,Орион ООО   (ЭРА) новый (,0.00000,0.00000,a.manokhin,Пакет интерфейса поставки:b7d7a092-619b-4bff-9cfa-53093c16f05a,2026-03-24 14:15:25,321270,1997292,300.00000,2,,,,,,,,A,,Годен,,
1995559,WH1,,320767,New,End,,N,ЭКС,,,,,,,ЭКС-000012092   ,5962734.00000,ЭКС-000005878   ,,,False,469258,,,,"ЭРА SPP-AC4-0-350-048 Кронштейн  на опору с 2 хомутами 625x460x280,   d 48 (6/48)",СМ,False,30.00000,70.00000,1003.00000,1003.00000,,,3.00000,30.00000,,N,,,0.00000,0,,,,ШТ,2026-03-24 00:00:00,EKS000005878,N,,,,1.00000,3.00000,1003.00000,,КГ,Заказной,Колупаев В.Г.,Б0047655,ШТ,Заказной товар,Орион ООО   (ЭРА) новый (,0.00000,0.00000,a.manokhin,Пакет интерфейса поставки:b7d7a092-619b-4bff-9cfa-53093c16f05a,2026-03-24 14:15:25,321270,1997291,1.00000,2,,,,,,,,C,,Годен,,
1995560,WH1,,320768,New,End,,N,ЭКС,,,,,,,ЭКС-000012511   ,5962728.00000,ЭКС-000005874   ,,,False,308976,,,,"Розетка 2P+E IP54, 16АХ-250В, ОУ, ЭРА Эксперт, белый   11-2401-01",СМ,,4.00000,7.00000,201.50000,1612.00000,,,0.06000,6.00000,,N,,,0.00000,0,,,,ШТ,2026-03-24 00:00:00,EKS000005874,N,,,,8.00000,0.48000,12896.00000,,КГ,Заказной,Куграшова О.В.,Б0020712,ШТ,Заказной товар,Орион ООО   (ЭРА) новый,0.00000,0.00000,a.manokhin,Пакет интерфейса поставки:c01b9d5f-fdc6-4630-8af0-05a1a044f388,2026-03-24 14:23:07,321266,1997285,8.00000,2,,,,,,,,C,,Годен,,
1995561,WH1,,320769,New,End,,N,ЭКС,,,,,,,ЭКС-000012526   ,5962729.00000,ЭКС-000005875   ,,,False,664178,,,,Распределительный блок на DIN-рейку NO-122-39 РБД-80А,СМ,,4.00000,7.00000,162.50000,1625.00000,,,0.10000,5.00000,,N,,,0.00000,0,,,,ШТ,2026-03-24 00:00:00,EKS000005875,N,,,,10.00000,1.00000,16250.00000,,КГ,Акулинский Петр Иванович,Феденькова Д.Ю.,Б0051113,ШТ,Товар филиала,Орион ООО   (ЭРА) новый,0.00000,0.00000,a.manokhin,Пакет интерфейса поставки:c01b9d5f-fdc6-4630-8af0-05a1a044f388,2026-03-24 14:23:16,321267,1997287,10.00000,2,,,,,,,,C,,Годен,,
1995562,WH1,,320769,New,End,,N,ЭКС,,,,,,,ЭКС-000012548   ,5962730.00000,ЭКС-000005875   ,,,False,675655,,,,Корпус навес (1000х650х285) ЩМПг-5-0 IP54 У2,СМ,False,29.00000,100.00000,7528.50000,15057.00000,,,20.00000,66.00000,,N,,,0.00000,0,,,,ШТ,2026-03-24 00:00:00,EKS000005875,N,,,,2.00000,40.00000,30114.00000,,КГ,Заказной,Феденькова Д.Ю.,Б0057152,ШТ,Заказной товар,Орион ООО   (ЭРА) новый (,0.00000,0.00000,a.manokhin,Пакет интерфейса поставки:c01b9d5f-fdc6-4630-8af0-05a1a044f388,2026-03-24 14:23:16,321267,1997286,2.00000,2,,,,,,,,C,,Годен,,
1995563,WH1,,320770,New,End,,N,ЭКС,,,,,,,ЭКС-000012565   ,5962731.00000,ЭКС-000005876   ,,,False,407367,,,,Вилка б/з прямая 10A белая (24/480/5760) Vx1-W ЭРА,СМ,,3.00000,6.00000,26.00000,260.00000,,,0.40000,3.00000,,N,,,0.00000,0,,,,ШТ,2026-03-24 00:00:00,EKS000005876,N,,,,10.00000,4.00000,2600.00000,,КГ,Дортман Анна Павловна,Княжева Ю.В.,Б0039671,ШТ,Товар филиала,Орион ООО   (ЭРА) новый,0.00000,0.00000,a.manokhin,Пакет интерфейса поставки:6673ab77-9aa3-4952-a7a8-10f7758b246b,2026-03-24 14:25:05,321268,1997289,10.00000,2,,,,,,,,C,,Годен,,
1995564,WH1,,320770,New,End,,N,ЭКС,,,,,,,ЭКС-000012574   ,5962732.00000,ЭКС-000005876   ,,,False,625042,,,,Корпус навес (500х400х220) ЩМПг-2-0 IP54 У2,СМ,,23.00000,50.00000,2681.00000,10724.00000,,,8.00000,40.00000,,N,,,0.00000,0,,,,ШТ,2026-03-24 00:00:00,EKS000005876,N,,,,4.00000,32.00000,42896.00000,,КГ,Акулинский Петр Иванович,Феденькова Д.Ю.,Б0057149,ШТ,Товар филиала,Орион ООО   (ЭРА) новый,0.00000,0.00000,a.manokhin,Пакет интерфейса поставки:6673ab77-9aa3-4952-a7a8-10f7758b246b,2026-03-24 14:25:05,321268,1997288,4.00000,2,,,,,,,,C,,Годен,,
1995565,WH1,,320771,New,End,,N,ЭКС,,,,,,,ЭКС-000008217   ,5962737.00000,ЭКС-000005880   ,,,False,864926,,,,"Пункт распределительный ПР-8-РУ(ЩРН-1, ЩРН-2, ЩРН-3)",СМ,False,28.00000,82.00000,46913.32000,140739.96000,,,30.00000,74.00000,,N,,,0.00000,0,,,,ШТ,2026-03-24 00:00:00,EKS000005880,N,,,,3.00000,90.00000,422219.88000,,КГ,Заказной,Иваненко П.В.,NI06022026163159650,ШТ,Заказной товар,НЭМЗ ИНЖИНИРИНГ ООО,0.00000,0.00000,a.manokhin,Пакет интерфейса поставки:40e789b4-7524-41aa-806d-da7fe44ad1ea,2026-03-24 14:31:13,321272,1997295,3.00000,2,,,,,,,,C,,Годен,,
1995566,WH1,,320771,New,End,,N,ЭКС,,,,,,,ЭКС-000008217   ,5962738.00000,ЭКС-000005880   ,,,False,864927,,,,"Пункт распределительный ПР-8-ВР(ЩРУН-1, ЩРУН-2)",СМ,False,32.00000,130.00000,121769.86000,243539.72000,,,60.00000,80.00000,,N,,,0.00000,0,,,,ШТ,2026-03-24 00:00:00,EKS000005880,N,,,,2.00000,120.00000,487079.44000,,КГ,Заказной,Иваненко П.В.,NI06022026163203660,ШТ,Заказной товар,НЭМЗ ИНЖИНИРИНГ ООО,0.00000,0.00000,a.manokhin,Пакет интерфейса поставки:40e789b4-7524-41aa-806d-da7fe44ad1ea,2026-03-24 14:31:13,321272,1997294,2.00000,2,,,,,,,,C,,Годен,,
1995567,WH1,,320772,New,End,,N,ЭКС,,,,,,,,5962715.00000,ЭКС-000005870   ,,,False,749478,,,,Наконечник медь ТМ  50-10-11 PLEXUP,СМ,False,1.50000,6.00000,46.35000,55620.00000,,,0.03150,1.00000,,N,,,0.00000,0,,,,ШТ,2026-03-20 00:00:00,EKS000005870,N,,,,1200.00000,37.80000,66744000.00000,,КГ,,Княжева Ю.В.,SAM50-10-11-050,ШТ,Базовый,ДПА ООО,0.00000,0.00000,a.manokhin,Пакет интерфейса поставки:8d9dcb1b-158a-423f-9b48-67c6f533df64,2026-03-24 14:33:29,321262,1997278,1200.00000,2,,,,,,,,C,,Годен,,
1995568,WH1,,320772,New,End,,N,ЭКС,,,,,,,,5962716.00000,ЭКС-000005870   ,,,False,749489,,,,Наконечник медь лужёный ТМЛ  10-6-5 PLEXUP,СМ,False,1.00000,4.00000,16.27000,21151.00000,,,0.01000,0.70000,,N,,,0.00000,0,,,,ШТ,2026-03-20 00:00:00,EKS000005870,N,,,,1300.00000,6.00000,27496300.00000,,КГ,,Княжева Ю.В.,SAL10-06-05-100,ШТ,Базовый,ДПА ООО,0.00000,0.00000,a.manokhin,Пакет интерфейса поставки:8d9dcb1b-158a-423f-9b48-67c6f533df64,2026-03-24 14:33:29,321262,1997277,1300.00000,2,,,,,,,,C,,Годен,,
1995569,WH1,,320772,New,End,,N,ЭКС,,,,,,,,5962717.00000,ЭКС-000005870   ,,,False,755581,,,,Наконечник медь лужёный ТМЛ  95-12-15 PLEXUP,СМ,False,2.50000,7.50000,98.62000,78896.00000,,,0.05000,3.00000,,N,,,0.00000,0,,,,ШТ,2026-03-20 00:00:00,EKS000005870,N,,,,800.00000,41.48000,63116800.00000,,КГ,,Княжева Ю.В.,SAL95-12-15-025,ШТ,Новинка,ДПА ООО,0.00000,0.00000,a.manokhin,Пакет интерфейса поставки:8d9dcb1b-158a-423f-9b48-67c6f533df64,2026-03-24 14:33:29,321262,1997276,800.00000,2,,,,,,,,C,,Годен,,
1995570,WH1,,320772,New,End,,N,ЭКС,,,,,,,,5962718.00000,ЭКС-000005870   ,,,False,833698,,,,Наконечник медь ТМ 185-16-21 PLEXUP,СМ,False,2.50000,10.00000,243.63000,136432.80000,,,0.13000,4.00000,,N,,,0.00000,0,,,,ШТ,2026-03-20 00:00:00,EKS000005870,N,,,,560.00000,76.80000,76402368.00000,,КГ,,Княжева Ю.В.,SAM185-16-21-010,ШТ,Базовый,ДПА ООО,0.00000,0.00000,a.manokhin,Пакет интерфейса поставки:8d9dcb1b-158a-423f-9b48-67c6f533df64,2026-03-24 14:33:29,321262,1997279,560.00000,2,,,,,,,,C,,Годен,,
1995571,WH1,,320773,New,End,,N,ЭКС,,,,,,,ЭКС-000009027   ,5962665.00000,ЭКС-000005867   ,,,True,304617,,,,Светильник ДСП 4006 200Вт 6500К IP65 алюминий IEK,СМ,True,14.00000,40.00000,5849.90000,76048.70000,,,5.67000,40.00000,,N,,,0.00000,0,,,,ШТ,2026-03-24 00:00:00,EKS000005867,N,,,,13.00000,73.71000,988633.10000,,КГ,Заказной,Колупаев В.Г.,LDSP0-4006-200-65-K23,ШТ,Заказной товар,ЭлектроОптТорг ООО,0.00000,0.00000,a.savitskiy,Пакет интерфейса поставки:87ea8eb4-1989-4004-a9a6-02393a754d1b,2026-03-24 14:39:13,321259,1997242,13.00000,2,,,,,,,,C,,Годен,,
1995572,WH1,,320773,New,End,,N,ЭКС,,,,,,,ЭКС-000012139   ,5962663.00000,ЭКС-000005867   ,,,True,633009,,,,IEK GENERICA Лампа LED A60 груша 12Вт 230В 3000К E27,СМ,True,6.00000,11.00000,29.88000,298.80000,,,0.02000,6.00000,,N,,,0.00000,0,,,,ШТ,2026-03-24 00:00:00,EKS000005867,N,,,,10.00000,0.34000,2988.00000,,КГ,Заказной,Косова Т.В.,LL-A60-12-230-30-E27-G,ШТ,Заказной товар,ЭлектроОптТорг ООО,0.00000,0.00000,a.savitskiy,Пакет интерфейса поставки:87ea8eb4-1989-4004-a9a6-02393a754d1b,2026-03-24 14:39:13,321259,1997233,10.00000,2,,,,,,,,C,,Годен,,
1995573,WH1,,320773,New,End,,N,ЭКС,,,,,,,ЭКС-000012430   ,5962667.00000,ЭКС-000005867   ,,,False,124207,,,,"Хомут 3,6х150мм нейлон (100шт) ИЭК",СМ,,1.00000,22.00000,67.41000,67.41000,,,0.05000,9.00000,,N,,,0.00000,0,,,,УП,2026-03-24 00:00:00,EKS000005867,N,,,,1.00000,0.05000,67.41000,,КГ,Дортман Анна Павловна,Гилета О.В.,UHH31-D036-150-100,УП,Базовый,ЭлектроОптТорг ООО,0.00000,0.00000,a.savitskiy,Пакет интерфейса поставки:87ea8eb4-1989-4004-a9a6-02393a754d1b,2026-03-24 14:39:13,321259,1997236,1.00000,2,,,,,,,,C,,Годен,,
1995574,WH1,,320773,New,End,,N,ЭКС,,,,,,,ЭКС-000012430   ,5962670.00000,ЭКС-000005867   ,,,True,14705,,8536901000,,Наконечник-гильза Е1008 1мм (100 шт) ИЭК,СМ,True,1.60000,3.60000,59.67000,59.67000,,,0.01200,6.00000,,N,,,0.00000,0,,,,УП,2026-03-24 00:00:00,EKS000005867,N,,,,1.00000,0.01200,59.67000,,КГ,Дортман Анна Павловна,Княжева Ю.В.,UGN10-001-D14-08,УП,Базовый,ЭлектроОптТорг ООО,0.00000,0.00000,a.savitskiy,Пакет интерфейса поставки:87ea8eb4-1989-4004-a9a6-02393a754d1b,2026-03-24 14:39:13,321259,1997237,1.00000,2,,,,,,,,C,,Годен,,
1995575,WH1,,320773,New,End,,N,ЭКС,,,,,,,ЭКС-000012448   ,5962689.00000,ЭКС-000005867   ,,,False,164837,,,,Кронштейн настенный осн.300 мм. CLP1CW-300-1,СМ,,3.00000,30.00000,261.68000,26168.00000,,,0.85000,12.00000,,N,,,0.00000,0,,,,ШТ,2026-03-24 00:00:00,EKS000005867,N,,,,100.00000,50.00000,2616800.00000,,КГ,Заказной,Киселев А.В.,CLP1CW-300-1,ШТ,Заказной товар,ЭлектроОптТорг ООО,0.00000,0.00000,a.savitskiy,Пакет интерфейса поставки:87ea8eb4-1989-4004-a9a6-02393a754d1b,2026-03-24 14:39:13,321259,1997248,100.00000,2,,,,,,,,C,,Годен,,
1995576,WH1,,320773,New,End,,N,ЭКС,,,,,,,ЭКС-000012456   ,5962680.00000,ЭКС-000005867   ,,,False,296116,,,,"ITK Коммутационный шнур (патч-корд), кат.5Е UTP, LSZH, 1,5м, серый",СМ,,1.50000,17.00000,151.43000,908.58000,,,0.06000,17.00000,,N,,,0.00000,0,,,,ШТ,2026-03-24 00:00:00,EKS000005867,N,,,,6.00000,0.36000,5451.48000,,КГ,Заказной,Козлова М.А.,PC01-C5EUL-1M5,ШТ,Заказной товар,ЭлектроОптТорг ООО,0.00000,0.00000,a.savitskiy,Пакет интерфейса поставки:87ea8eb4-1989-4004-a9a6-02393a754d1b,2026-03-24 14:39:13,321259,1997243,6.00000,2,,,,,,,,C,,Годен,,
1995577,WH1,,320773,New,End,,N,ЭКС,,,,,,,ЭКС-000012472   ,5962674.00000,ЭКС-000005867   ,,,True,239219,,,,"Розетка 1-ая c з/к с защ.шт. с крышкой(РАМКА НЕ СНИМАЕТСЯ) 16А Кварта,IP44 белый РСбш10-3-ККБ-44",СМ,True,5.00000,8.00000,127.52000,20403.20000,,,0.10000,8.00000,,N,,,0.00000,0,,,,ШТ,2026-03-24 00:00:00,EKS000005867,N,,,,160.00000,3.00000,3264512.00000,,КГ,Заказной,Куграшова О.В.,ERK70-K01-10-DM-44,ШТ,Заказной товар,ЭлектроОптТорг ООО,0.00000,0.00000,a.savitskiy,Пакет интерфейса поставки:87ea8eb4-1989-4004-a9a6-02393a754d1b,2026-03-24 14:39:13,321259,1997245,160.00000,2,,,,,,,,C,,Годен,,
1995578,WH1,,320773,New,End,,N,ЭКС,,,,,,,ЭКС-000012474   ,5962691.00000,ЭКС-000005867   ,,,False,175447,,,,Лоток проволочный 60х300 CLWG10-060-300-3,СМ,,3.00000,100.00000,450.64000,27038.40000,,,0.90000,30.00000,,N,,,0.00000,0,,,,М,2026-03-24 00:00:00,EKS000005867,N,,,,60.00000,54.00000,1622304.00000,,КГ,Заказной,Киселев А.В.,CLWG10-060-300-3,М,Распродажа,ЭлектроОптТорг ООО,0.00000,0.00000,n.bezrukov,Пакет интерфейса поставки:87ea8eb4-1989-4004-a9a6-02393a754d1b,2026-03-24 14:39:13,321259,1997247,60.00000,2,,,,,,,Long 3 met,C,,Годен,,
1995579,WH1,,320773,New,End,,N,ЭКС,,,,,,,ЭКС-000012503   ,5962678.00000,ЭКС-000005867   ,,,True,576050,,,,BRITE Роз. комп. 2-ая RJ45 кат.5E РК10-2-БрБ бел. IEK,СМ,True,3.00000,8.00000,396.12000,396.12000,,,0.03000,8.00000,,N,,,0.00000,0,,,,ШТ,2026-03-24 00:00:00,EKS000005867,N,,,,1.00000,0.03000,396.12000,,КГ,Дортман Анна Павловна,Куграшова О.В.,BR-K20-1-K01,ШТ,Базовый,ЭлектроОптТорг ООО,0.00000,0.00000,a.savitskiy,Пакет интерфейса поставки:87ea8eb4-1989-4004-a9a6-02393a754d1b,2026-03-24 14:39:13,321259,1997239,1.00000,2,,,,,,,,C,,Годен,,
1995580,WH1,,320773,New,End,,N,ЭКС,,,,,,,ЭКС-000012520   ,5962692.00000,ЭКС-000005867   ,,,False,191794,,,,Профиль перфорированный L-образный толщ.2мм CLP1L-030-030,СМ,,4.00000,300.00000,561.41000,1122.82000,,,1.50000,4.00000,,N,,,0.00000,0,,,,ШТ,2026-03-24 00:00:00,EKS000005867,N,,,,2.00000,3.00000,2245.64000,,КГ,Заказной,Киселев А.В.,CLP1L-030-030,ШТ,Распродажа,ЭлектроОптТорг ООО,0.00000,0.00000,n.bezrukov,Пакет интерфейса поставки:87ea8eb4-1989-4004-a9a6-02393a754d1b,2026-03-24 14:39:13,321259,1997246,2.00000,2,,,,,,,Long 3 met,C,,Годен,,
1995581,WH1,,320773,New,End,,N,ЭКС,,,,,,,ЭКС-000012523   ,5962677.00000,ЭКС-000005867   ,,,True,664015,,,,IEK Расширитель выводов РВ-400 для ВА88-37 (3шт/компл),СМ,True,2.00000,6.50000,1949.37000,7797.48000,,,0.50000,2.50000,,N,,,0.00000,0,,,,КТ,2026-03-24 00:00:00,EKS000005867,N,,,,4.00000,2.00000,31189.92000,,КГ,Заказной,Самоличенко В.А.,SVA40D-RV-0400,КТ,Заказной товар,ЭлектроОптТорг ООО,0.00000,0.00000,a.savitskiy,Пакет интерфейса поставки:87ea8eb4-1989-4004-a9a6-02393a754d1b,2026-03-24 14:39:13,321259,1997232,4.00000,2,,,,,,,,C,,Годен,,
1995582,WH1,,320773,New,End,,N,ЭКС,,,,,,,ЭКС-000012523   ,5962682.00000,ЭКС-000005867   ,,,True,626314,,,,Расширитель выводов РВ-250 для ВА88-35 (3шт/компл) IEK,СМ,True,2.00000,8.00000,964.09000,8676.81000,,,0.20000,5.00000,,N,,,0.00000,0,,,,КТ,2026-03-24 00:00:00,EKS000005867,N,,,,9.00000,1.80000,78091.29000,,КГ,Заказной,Самоличенко В.А.,SVA30D-RV-0250,КТ,Заказной товар,ЭлектроОптТорг ООО,0.00000,0.00000,a.savitskiy,Пакет интерфейса поставки:87ea8eb4-1989-4004-a9a6-02393a754d1b,2026-03-24 14:39:13,321259,1997234,9.00000,2,,,,,,,,C,,Годен,,
1995583,WH1,,320773,New,End,,N,ЭКС,,,,,,,ЭКС-000012528   ,5962666.00000,ЭКС-000005867   ,,,True,677264,,,,IEK Светильник накладной под лампу GX53 белый,СМ,True,4.00000,9.00000,103.52000,1035.20000,,,0.01000,9.00000,,N,,,0.00000,0,,,,ШТ,2026-03-24 00:00:00,EKS000005867,N,,,,10.00000,0.10000,10352.00000,,КГ,Заказной,Косова Т.В.,LUPB0-GX53-1-K01,ШТ,Заказной товар,ЭлектроОптТорг ООО,0.00000,0.00000,a.savitskiy,Пакет интерфейса поставки:87ea8eb4-1989-4004-a9a6-02393a754d1b,2026-03-24 14:39:13,321259,1997258,10.00000,2,,,,,,,,C,,Годен,,
1995584,WH1,,320773,New,End,,N,ЭКС,,,,,,,ЭКС-000012530   ,5962664.00000,ЭКС-000005867   ,,,True,313777,,,,Светильник LED ДПО 5032Д 12Вт 960лм 4000K круг белый с датчиком движения IP65 ИЭК 178х80мм,СМ,True,16.00000,17.00000,752.29000,4513.74000,,,0.10000,7.00000,,N,,,0.00000,0,,,,ШТ,2026-03-24 00:00:00,EKS000005867,N,,,,6.00000,0.60000,27082.44000,,КГ,Заказной,Косова Т.В.,LDPO1-5032D-12-4000-K01,ШТ,Распродажа,ЭлектроОптТорг ООО,0.00000,0.00000,a.savitskiy,Пакет интерфейса поставки:87ea8eb4-1989-4004-a9a6-02393a754d1b,2026-03-24 14:39:13,321259,1997240,6.00000,2,,,,,,,,C,,Годен,,
1995585,WH1,,320773,New,End,,N,ЭКС,,,,,,,ЭКС-000012530   ,5962675.00000,ЭКС-000005867   ,,,True,307643,,,,Светильник LED ДПО 5030 12Вт 4000K IP65 круг белый IEK,СМ,True,17.00000,17.00000,422.40000,5068.80000,,,0.32000,8.00000,,N,,,0.00000,0,,,,ШТ,2026-03-24 00:00:00,EKS000005867,N,,,,12.00000,3.84000,60825.60000,,КГ,Заказной,Косова Т.В.,LDPO0-5030-12-4000-K01,ШТ,Заказной товар,ЭлектроОптТорг ООО,0.00000,0.00000,a.savitskiy,Пакет интерфейса поставки:87ea8eb4-1989-4004-a9a6-02393a754d1b,2026-03-24 14:39:13,321259,1997241,12.00000,2,,,,,,,,C,,Годен,,
1995586,WH1,,320773,New,End,,N,ЭКС,,,,,,,ЭКС-000012530   ,5962676.00000,ЭКС-000005867   ,,,True,269300,,,,Светильник LED ДСП 1306 36Вт 4000К IP65 1200мм серый пластик ИЭК,СМ,True,7.00000,120.00000,1230.77000,7384.62000,,,1.36000,8.00000,,N,,,0.00000,0,,,,ШТ,2026-03-24 00:00:00,EKS000005867,N,,,,6.00000,8.16000,44307.72000,,КГ,Заказной,Колупаев В.Г.,LDSP0-1306-36-4500-K01,ШТ,Заказной товар,ЭлектроОптТорг ООО,0.00000,0.00000,n.bezrukov,Пакет интерфейса поставки:87ea8eb4-1989-4004-a9a6-02393a754d1b,2026-03-24 14:39:13,321259,1997244,6.00000,2,,,,,,,,C,,Годен,,
1995587,WH1,,320773,New,End,,N,ЭКС,,,,,,,ЭКС-000012572   ,5962690.00000,ЭКС-000005867   ,,,False,809168,,,,Корпус навес метал ЩРН-120 (2х60) 835х570х140 IP31 бел IEK,СМ,False,17.00000,86.00000,12612.89000,12612.89000,,,14.80000,64.00000,,N,,,0.00000,0,,,,ШТ,2026-03-24 00:00:00,EKS000005867,N,,,,1.00000,14.80000,12612.89000,,КГ,Заказной,Феденькова Д.Ю.,TI5-50-N-2X060-31,ШТ,Заказной товар,ЭлектроОптТорг ООО,0.00000,0.00000,n.bezrukov,Пакет интерфейса поставки:87ea8eb4-1989-4004-a9a6-02393a754d1b,2026-03-24 14:39:13,321259,1997250,1.00000,2,,,,,,,,C,,Годен,,
1995588,WH1,,320773,New,End,,N,ЭКС,,,,,,,ЭКС-000012581   ,5962688.00000,ЭКС-000005867   ,,,False,6735,,8536201007,,"Выключатель авт. ВА47-29 3п    4А  х-ка C   4,5кА  MVA20-3-004-C  ИЭК",СМ,False,8.75000,8.50000,492.03000,984.06000,,1,0.31200,5.50000,,N,,,0.00000,0,,,,ШТ,2026-03-24 00:00:00,EKS000005867,N,,,,2.00000,0.62400,1968.12000,,КГ,Катышев Александр Вячесла,Шаповалов П.Г.,MVA20-3-004-C,ШТ,Базовый,ЭлектроОптТорг ООО,0.00000,0.00000,a.savitskiy,Пакет интерфейса поставки:87ea8eb4-1989-4004-a9a6-02393a754d1b,2026-03-24 14:39:13,321259,1997238,2.00000,2,,,,,,,,C,,Годен,,
1995589,WH1,,320773,New,End,,N,ЭКС,,,,,,,ЭКС-000012583   ,5962668.00000,ЭКС-000005867   ,,,True,761432,,,,Розетка  с ЗК без  з/шт винт. кон. 16А FP416 ваниль    //  IEK FORTE PIANO,СМ,True,5.00000,9.00000,274.48000,10430.24000,,,0.10000,9.00000,,N,,,0.00000,0,,,,ШТ,2026-03-24 00:00:00,EKS000005867,N,,,,38.00000,3.80000,396349.12000,,КГ,Заказной,Куграшова О.В.,FP-R11-16-K10,ШТ,Заказной товар,ЭлектроОптТорг ООО,0.00000,0.00000,a.savitskiy,Пакет интерфейса поставки:87ea8eb4-1989-4004-a9a6-02393a754d1b,2026-03-24 14:39:13,321259,1997256,38.00000,2,,,,,,,,C,,Годен,,
1995590,WH1,,320773,New,End,,N,ЭКС,,,,,,,ЭКС-000012583   ,5962669.00000,ЭКС-000005867   ,,,True,670651,,,,Шины на DIN-рейку в корпусе (кросс-модуль) ШНК 2х11 L+PEN IEK,СМ,True,6.00000,11.00000,704.67000,2114.01000,,,0.20000,5.00000,,N,,,0.00000,0,,,,ШТ,2026-03-24 00:00:00,EKS000005867,N,,,,3.00000,0.60000,6342.03000,,КГ,Заказной,Феденькова Д.Ю.,YND10-2-11-050,ШТ,Заказной товар,ЭлектроОптТорг ООО,0.00000,0.00000,a.savitskiy,Пакет интерфейса поставки:87ea8eb4-1989-4004-a9a6-02393a754d1b,2026-03-24 14:39:13,321259,1997259,3.00000,2,,,,,,,,C,,Годен,,
1995591,WH1,,320773,New,End,,N,ЭКС,,,,,,,ЭКС-000012583   ,5962672.00000,ЭКС-000005867   ,,,False,761477,,,,Выключател 1кл  10А FP401 ваниль    //  IEK FORTE PIANO,СМ,,5.00000,9.00000,254.88000,1529.28000,,,0.10000,9.00000,,N,,,0.00000,0,,,,ШТ,2026-03-24 00:00:00,EKS000005867,N,,,,6.00000,0.60000,9175.68000,,КГ,Заказной,Куграшова О.В.,FP-V10-0-10-1-K10,ШТ,Заказной товар,ЭлектроОптТорг ООО,0.00000,0.00000,a.savitskiy,Пакет интерфейса поставки:87ea8eb4-1989-4004-a9a6-02393a754d1b,2026-03-24 14:39:13,321259,1997255,6.00000,2,,,,,,,,C,,Годен,,
1995592,WH1,,320773,New,End,,N,ЭКС,,,,,,,ЭКС-000012583   ,5962673.00000,ЭКС-000005867   ,,,False,858144,,,,Термостат электронный с индикатором FP452 ваниль FORTE&PIANO,СМ,False,9.50000,9.50000,4656.37000,9312.74000,,,0.25000,9.50000,,N,,,0.00000,0,,,,ШТ,2026-03-24 00:00:00,EKS000005867,N,,,,2.00000,0.50000,18625.48000,,КГ,Заказной,Козлова М.А.,FP-RT11-K10,ШТ,Заказной товар,ЭлектроОптТорг ООО,0.00000,0.00000,a.savitskiy,Пакет интерфейса поставки:87ea8eb4-1989-4004-a9a6-02393a754d1b,2026-03-24 14:39:13,321259,1997249,2.00000,2,,,,,,,,C,,Годен,,
1995593,WH1,,320773,New,End,,N,ЭКС,,,,,,,ЭКС-000012583   ,5962683.00000,ЭКС-000005867   ,,,False,761502,,,,Выключател 2кл  10А FP405 ваниль    //  IEK FORTE PIANO,СМ,,5.00000,9.00000,395.06000,1975.30000,,,0.10000,9.00000,,N,,,0.00000,0,,,,ШТ,2026-03-24 00:00:00,EKS000005867,N,,,,5.00000,0.50000,9876.50000,,КГ,Заказной,Куграшова О.В.,FP-V20-0-10-1-K10,ШТ,Заказной товар,ЭлектроОптТорг ООО,0.00000,0.00000,a.savitskiy,Пакет интерфейса поставки:87ea8eb4-1989-4004-a9a6-02393a754d1b,2026-03-24 14:39:13,321259,1997252,5.00000,2,,,,,,,,C,,Годен,,
1995594,WH1,,320773,New,End,,N,ЭКС,,,,,,,ЭКС-000012583   ,5962684.00000,ЭКС-000005867   ,,,False,761497,,,,Выключател 1кл  перекр. 10А FP412 ваниль    //  IEK FORTE PIANO,СМ,,5.00000,9.00000,509.75000,509.75000,,,0.13000,9.00000,,N,,,0.00000,0,,,,ШТ,2026-03-24 00:00:00,EKS000005867,N,,,,1.00000,0.13000,509.75000,,КГ,Заказной,Куграшова О.В.,FP-V13-0-10-1-K10,ШТ,Заказной товар,ЭлектроОптТорг ООО,0.00000,0.00000,a.savitskiy,Пакет интерфейса поставки:87ea8eb4-1989-4004-a9a6-02393a754d1b,2026-03-24 14:39:13,321259,1997253,1.00000,2,,,,,,,,C,,Годен,,
1995595,WH1,,320773,New,End,,N,ЭКС,,,,,,,ЭКС-000012583   ,5962685.00000,ЭКС-000005867   ,,,False,761487,,,,Выключател 1кл  прох. 10А FP403 ваниль    //  IEK FORTE PIANO,СМ,,5.00000,9.50000,356.83000,2497.81000,,,0.14000,9.50000,,N,,,0.00000,0,,,,ШТ,2026-03-24 00:00:00,EKS000005867,N,,,,7.00000,0.98000,17484.67000,,КГ,Заказной,Куграшова О.В.,FP-V12-0-10-1-K10,ШТ,Заказной товар,ЭлектроОптТорг ООО,0.00000,0.00000,a.savitskiy,Пакет интерфейса поставки:87ea8eb4-1989-4004-a9a6-02393a754d1b,2026-03-24 14:39:13,321259,1997254,7.00000,2,,,,,,,,C,,Годен,,
1995596,WH1,,320773,New,End,,N,ЭКС,,,,,,,ЭКС-000012583   ,5962686.00000,ЭКС-000005867   ,,,False,761512,,,,Выключател 2кл  прох. 10А FP407 ваниль    //  IEK FORTE PIANO,СМ,,5.00000,9.50000,552.88000,552.88000,,,0.14000,9.50000,,N,,,0.00000,0,,,,ШТ,2026-03-24 00:00:00,EKS000005867,N,,,,1.00000,0.14000,552.88000,,КГ,Заказной,Куграшова О.В.,FP-V22-0-10-1-K10,ШТ,Заказной товар,ЭлектроОптТорг ООО,0.00000,0.00000,a.savitskiy,Пакет интерфейса поставки:87ea8eb4-1989-4004-a9a6-02393a754d1b,2026-03-24 14:39:13,321259,1997251,1.00000,2,,,,,,,,C,,Годен,,
1995597,WH1,,320773,New,End,,N,ЭКС,,,,,,,ЭКС-000012583   ,5962687.00000,ЭКС-000005867   ,,,True,761392,,,,Розетка  комп. RJ45 кат.5E FP432 ваниль    //  IEK FORTE PIANO,СМ,True,5.00000,9.50000,661.70000,1985.10000,,,0.12000,9.00000,,N,,,0.00000,0,,,,ШТ,2026-03-24 00:00:00,EKS000005867,N,,,,3.00000,0.36000,5955.30000,,КГ,Заказной,Куграшова О.В.,FP-K10-1-K10,ШТ,Заказной товар,ЭлектроОптТорг ООО,0.00000,0.00000,a.savitskiy,Пакет интерфейса поставки:87ea8eb4-1989-4004-a9a6-02393a754d1b,2026-03-24 14:39:13,321259,1997257,3.00000,2,,,,,,,,C,,Годен,,
1995598,WH1,,320773,New,End,,N,ЭКС,,,,,,,ЭКС-000012588   ,5962679.00000,ЭКС-000005867   ,,,True,144973,,,,Светильник LED подвесной ИЭК односторонний серия ССА 1002 Запасный Выход,СМ,True,3.50000,39.00000,621.14000,621.14000,,,0.55000,18.00000,,N,,,0.00000,0,,,,ШТ,2026-03-24 00:00:00,EKS000005867,N,,,,1.00000,0.55000,621.14000,,КГ,Логунов Владимир Александ,Колупаев В.Г.,LSSA0-1002-003-K03,ШТ,Распродажа,ЭлектроОптТорг ООО,0.00000,0.00000,a.savitskiy,Пакет интерфейса поставки:87ea8eb4-1989-4004-a9a6-02393a754d1b,2026-03-24 14:39:13,321259,1997235,1.00000,2,,,,,,,,C,,Годен,,
1995599,WH1,,320774,New,End,,N,ЭКС,,,,,,,,5962712.00000,ЭКС-000005869   ,,,False,359538,,,,"Чашка STAYER ""MASTER"" для гипса высокая, 120х90мм",СМ,,2.00000,12.00000,37.24000,1117.20000,,,0.08000,12.00000,,N,,,0.00000,0,,,,ШТ,2026-03-24 00:00:00,EKS000005869,N,,,,30.00000,2.40000,33516.00000,,КГ,Дортман Анна Павловна,Петров И.В.,0608-1,ШТ,Базовый,ЗУБР НСК ООО (Ювента),0.00000,0.00000,a.manokhin,Пакет интерфейса поставки:62f1f551-ba52-4d0b-8d3f-4883c7b1dcc9,2026-03-24 14:41:23,321261,1997275,30.00000,2,,,,,,,,A,,Годен,,
1995600,WH1,,320774,New,End,,N,ЭКС,,,,,,,ЭКС-000012262   ,5962713.00000,ЭКС-000005869   ,,,False,525590,,,,"Заточной станок ЗУБР ПСТ-200 d200 мм, 500 Вт Профессиональный",СМ,,28.00000,36.00000,5516.23000,5516.23000,,,6.00000,26.00000,,N,,,0.00000,0,,,,ШТ,2026-03-24 00:00:00,EKS000005869,N,,,,1.00000,6.00000,5516.23000,,КГ,Заказной,Петров И.В.,ПСТ-200,ШТ,Заказной товар,ЗУБР НСК ООО (Ювента),0.00000,0.00000,a.manokhin,Пакет интерфейса поставки:62f1f551-ba52-4d0b-8d3f-4883c7b1dcc9,2026-03-24 14:41:23,321261,1997274,1.00000,2,,,,,,,,C,,Годен,,
1995601,WH1,,320774,New,End,,N,ЭКС,,,,,,,ЭКС-000012374   ,5962714.00000,ЭКС-000005869   ,,,False,836488,,,,"MS-5G, 5 предметов, универсальный набор пневмоинструмента (06459-H5)",СМ,False,20.00000,41.00000,2037.98000,2037.98000,,,1.74000,12.00000,,N,,,0.00000,0,,,,ШТ,2026-03-24 00:00:00,EKS000005869,N,,,,1.00000,1.74000,2037.98000,,КГ,Заказной,Петров И.В.,06459-H5_z01,ШТ,Заказной товар,ЗУБР НСК ООО (Ювента),0.00000,0.00000,a.manokhin,Пакет интерфейса поставки:62f1f551-ba52-4d0b-8d3f-4883c7b1dcc9,2026-03-24 14:41:23,321261,1997273,1.00000,2,,,,,,,,C,,Годен,,
1995602,WH1,,320775,New,End,,N,ЭКС,,,,,,,ЭКС-000006938   ,5962724.00000,ЭКС-000005872   ,,,False,404748,,,,"Выкл 1кл. с подсв., 10А-250В, IP20, ОУ, Intro Polo, белый   3-102-01",СМ,,2.00000,6.00000,44.50000,890.00000,,,0.04000,6.00000,,N,,,0.00000,0,,,,ШТ,2026-03-24 00:00:00,EKS000005872,N,,,,20.00000,0.83000,17800.00000,,КГ,Заказной,Куграшова О.В.,Б0036093,ШТ,Заказной товар,Орион ООО   (ЭРА) новый,0.00000,0.00000,a.manokhin,Пакет интерфейса поставки:aea6a94f-fd48-4851-87f4-ad10732dbb94,2026-03-24 14:43:10,321264,1997281,20.00000,2,,,,,,,,C,,Годен,,
1995603,WH1,,320776,New,End,,N,ЭКС,,,,,,,ЭКС-000012416   ,5962722.00000,ЭКС-000005871   ,,,False,404226,,,,Светильник LED DBA-101-0-20 аварийный непостоянный 30LED 3Вт 3/5ч 70/140Лм 6500К IP20 160х45х23 ЭРА,СМ,,3.00000,16.00000,260.00000,15340.00000,,,0.55000,5.00000,,N,,,0.00000,0,,,,ШТ,2026-03-24 00:00:00,EKS000005871,N,,,,59.00000,14.95000,905060.00000,,КГ,Заказной,Колупаев В.Г.,Б0044394,ШТ,Заказной товар,Орион ООО   (ЭРА) новый,0.00000,0.00000,a.manokhin,Пакет интерфейса поставки:1f39ac14-7ea9-4845-b6d0-40a19e791224,2026-03-24 14:45:19,321263,1997280,59.00000,2,,,,,,,,C,,Годен,,
1995604,WH1,,320777,New,End,,N,ЭКС,,,,,,,,5962623.00000,ЭКС-000005866,,,False,883549,,,,Заглушка для CP-MC 4 вывода 2.5кв.мм сер.,СМ,False,0.10000,7.00000,25.71000,1285.50000,,,0.00100,3.00000,,N,,,0.00000,0,,,,ШТ,2026-03-24 00:00:00,EKS000005866,N,,,,50.00000,0.16000,64275.00000,,КГ,Заказной,Феденькова Д.Ю.,YCT22-00-4-K03-002-ZGL,ШТ,,ЭлектроОптТорг ООО,0.00000,0.00000,n.bezrukov,Пакет интерфейса поставки:066f73e0-5f98-40d3-9b86-e107b3d6208d,2026-03-24 14:49:34,321258,1997215,50.00000,2,,,,,,,,C,,Годен,,
1995605,WH1,,320777,New,End,,N,ЭКС,,,,,,,,5962631.00000,ЭКС-000005866,,,False,107898,,8546901000,,Изолятор SM35 (А) силовой H35xD32xM8мм ИЭК  YIS11-35-10,СМ,False,4.00000,3.50000,46.25000,462.50000,,,0.08000,3.40000,,N,,,0.00000,0,,,,ШТ,2026-03-24 00:00:00,EKS000005866,N,,,,10.00000,0.80000,4625.00000,,КГ,Дортман Анна Павловна,Феденькова Д.Ю.,YIS11-35-10,ШТ,Базовый,ЭлектроОптТорг ООО,0.00000,0.00000,n.bezrukov,Пакет интерфейса поставки:066f73e0-5f98-40d3-9b86-e107b3d6208d,2026-03-24 14:49:34,321258,1997213,10.00000,2,,,,,,,,C,,Годен,,
1995606,WH1,,320777,New,End,,N,ЭКС,,,,,,,,5962637.00000,ЭКС-000005866,,,True,220000,,,,"Розетка о/у 3х2К+З тройная с з/к 16А с дымчатой крышкой IP54, серия ""ГЕРМЕС PLUS"" РСб23-3-ГПБд",СМ,True,5.00000,22.00000,598.59000,31126.68000,,,0.35000,7.50000,,N,,,0.00000,0,,,,ШТ,2026-03-24 00:00:00,EKS000005866,N,,,,52.00000,21.00000,1618587.36000,,КГ,Дортман Анна Павловна,Куграшова О.В.,ERMP32-K03-16-54-EC,ШТ,Базовый,ЭлектроОптТорг ООО,0.00000,0.00000,n.bezrukov,Пакет интерфейса поставки:066f73e0-5f98-40d3-9b86-e107b3d6208d,2026-03-24 14:49:34,321258,1997208,52.00000,2,,,,,,,,C,,Годен,,
1995607,WH1,,320777,New,End,,N,ЭКС,,,,,,,,5962642.00000,ЭКС-000005866,,,True,122659,,,,Фотореле ФР-602 5500ВА IP44 серый IEK,СМ,True,8.00000,10.00000,298.62000,5972.40000,,,0.19000,10.00000,,N,,,0.00000,0,,,,ШТ,2026-03-24 00:00:00,EKS000005866,N,,,,20.00000,3.80000,119448.00000,,КГ,Катышев Александр Вячесла,Третьяков С.М.,LFR20-602-4400-003,ШТ,Базовый,ЭлектроОптТорг ООО,0.00000,0.00000,n.bezrukov,Пакет интерфейса поставки:066f73e0-5f98-40d3-9b86-e107b3d6208d,2026-03-24 14:49:34,321258,1997212,20.00000,2,,,,,,,,C,,Годен,,
1995608,WH1,,320777,New,End,,N,ЭКС,,,,,,,,5962645.00000,ЭКС-000005866,,,False,485579,,,,Кнопка LA167-BW3371 d=22мм RC 1з с подсвет. зеленая IEK,СМ,,3.00000,7.00000,338.91000,3389.10000,,,0.10000,4.00000,,N,,,0.00000,0,,,,ШТ,2026-03-24 00:00:00,EKS000005866,N,,,,10.00000,1.00000,33891.00000,,КГ,Заказной,Третьяков С.М.,BBT20-BW3371-1-12-67-K06,ШТ,Товар РЦ,ЭлектроОптТорг ООО,0.00000,0.00000,n.bezrukov,Пакет интерфейса поставки:066f73e0-5f98-40d3-9b86-e107b3d6208d,2026-03-24 14:49:34,321258,1997226,10.00000,2,,,,,,,,C,,Годен,,
1995609,WH1,,320777,New,End,,N,ЭКС,,,,,,,,5962649.00000,ЭКС-000005866,,,False,471241,,,,Кнопка LA167-BAF45 d=22мм 1з+1р красная IEK,СМ,,3.00000,5.00000,266.07000,2660.70000,,,0.15000,3.00000,,N,,,0.00000,0,,,,ШТ,2026-03-24 00:00:00,EKS000005866,N,,,,10.00000,1.50000,26607.00000,,КГ,Заказной,Третьяков С.М.,BBT20-BAF45-3-22-67-K04,ШТ,Заказной товар,ЭлектроОптТорг ООО,0.00000,0.00000,n.bezrukov,Пакет интерфейса поставки:066f73e0-5f98-40d3-9b86-e107b3d6208d,2026-03-24 14:49:34,321258,1997227,10.00000,2,,,,,,,,C,,Годен,,
1995610,WH1,,320777,New,End,,N,ЭКС,,,,,,,,5962655.00000,ЭКС-000005866,,,False,152461,,3926909709,,Угол наружный 50х105  010619,СМ,False,4.60000,12.00000,362.27000,10868.10000,,,0.08000,20.00000,,N,,,0.00000,0,,,,ШТ,2026-03-24 00:00:00,EKS000005866,N,,,,30.00000,2.40000,326043.00000,,КГ,Дортман Анна Павловна,Гилета О.В.,010619,ШТ,Заказной товар,ЭлектроОптТорг ООО,0.00000,0.00000,n.bezrukov,Пакет интерфейса поставки:066f73e0-5f98-40d3-9b86-e107b3d6208d,2026-03-24 14:49:34,321258,1997211,30.00000,2,,,,,,,,C,,Годен,,
1995611,WH1,,320777,New,End,,N,ЭКС,,,,,,,ЭКС-000004839   ,5962636.00000,ЭКС-000005866,,,False,280029,,,,Термоусаживаемая трубка ТТК 43/12 4:1 черная с клеем 1 м,СМ,,4.00000,50.00000,365.74000,1828.70000,,,0.20000,6.00000,,N,,,0.00000,0,,,,М,2026-03-24 00:00:00,EKS000005866,N,,,,5.00000,1.00000,9143.50000,,КГ,Заказной,Княжева Ю.В.,UMR-A3-43-12-41-K02,М,Заказной товар,ЭлектроОптТорг ООО,0.00000,0.00000,zmeevskiy,Пакет интерфейса поставки:066f73e0-5f98-40d3-9b86-e107b3d6208d,2026-03-24 14:49:34,321258,1997200,5.00000,2,,,,,,,,C,,Годен,,
1995612,WH1,,320777,New,End,,N,ЭКС,,,,,,,ЭКС-000006938   ,5962654.00000,ЭКС-000005866,,,False,239823,,,,Накладка на стык профиля 50х105 010696,СМ,False,2.50000,5.00000,24.52000,490.40000,,1,0.00100,4.00000,,N,,,0.00000,0,,,,ШТ,2026-03-24 00:00:00,EKS000005866,N,,,,20.00000,0.80000,9808.00000,,КГ,Дортман Анна Павловна,Гилета О.В.,010696,ШТ,Выводится из ассортимента,ЭлектроОптТорг ООО,0.00000,0.00000,n.bezrukov,Пакет интерфейса поставки:066f73e0-5f98-40d3-9b86-e107b3d6208d,2026-03-24 14:49:34,321258,1997207,20.00000,2,,,,,,,,C,,Годен,,
1995613,WH1,,320777,New,End,,N,ЭКС,,,,,,,ЭКС-000012310   ,5962652.00000,ЭКС-000005866,,,False,91072,,,,Сальник d=20мм (Dотв.бокса 22мм) серый ИЭК YSA40-20-22-68-K41,СМ,,2.41000,2.41000,4.59000,459.00000,,1,0.01000,2.41000,,N,,,0.00000,0,,,,ШТ,2026-03-24 00:00:00,EKS000005866,N,,,,100.00000,0.20000,45900.00000,,КГ,Дортман Анна Павловна,Феденькова Д.Ю.,YSA40-20-22-68-K41,ШТ,Базовый,ЭлектроОптТорг ООО,0.00000,0.00000,n.bezrukov,Пакет интерфейса поставки:066f73e0-5f98-40d3-9b86-e107b3d6208d,2026-03-24 14:49:34,321258,1997214,100.00000,2,,,,,,,,C,,Годен,,
1995614,WH1,,320777,New,End,,N,ЭКС,,,,,,,ЭКС-000012314   ,5962635.00000,ЭКС-000005866,,,False,685843,,,,Коробка распред. герметичная WTP-401 3 ввода IP68 IEK,СМ,,4.00000,13.00000,572.73000,9163.68000,,,0.10000,8.00000,,N,,,0.00000,0,,,,ШТ,2026-03-24 00:00:00,EKS000005866,N,,,,16.00000,1.60000,146618.88000,,КГ,Заказной,Княжева Ю.В.,UWB10-Y-450-41-03-68,ШТ,Заказной товар,ЭлектроОптТорг ООО,0.00000,0.00000,a.savitskiy,Пакет интерфейса поставки:066f73e0-5f98-40d3-9b86-e107b3d6208d,2026-03-24 14:49:34,321258,1997221,16.00000,2,,,,,,,,C,,Годен,,
1995615,WH1,,320777,New,End,,N,ЭКС,,,,,,,ЭКС-000012315   ,5962641.00000,ЭКС-000005866,,,False,216067,,,,Изолятор ступенчатый ИСв4-30 (М8) силовой с болтом ИЭК YIS11-4-30-8-B,СМ,,3.50000,23.00000,308.66000,4938.56000,,,0.40000,10.00000,,N,,,0.00000,0,,,,ШТ,2026-03-24 00:00:00,EKS000005866,N,,,,16.00000,4.00000,79016.96000,,КГ,Заказной,Феденькова Д.Ю.,YIS11-4-30-8-B,ШТ,Заказной товар,ЭлектроОптТорг ООО,0.00000,0.00000,a.savitskiy,Пакет интерфейса поставки:066f73e0-5f98-40d3-9b86-e107b3d6208d,2026-03-24 14:49:34,321258,1997209,16.00000,2,,,,,,,,C,,Годен,,
1995616,WH1,,320777,New,End,,N,ЭКС,,,,,,,ЭКС-000012320   ,5962630.00000,ЭКС-000005866,,,False,883514,,,,"Хомут P6.6 стандартный чёрный 8,8х610мм",СМ,False,5.00000,65.00000,834.09000,35031.78000,,,0.98000,16.00000,,N,,,0.00000,0,,,,УП,2026-03-24 00:00:00,EKS000005866,N,,,,42.00000,43.56000,1471334.76000,,КГ,Заказной,Гилета О.В.,UHH30-D088-610-100-K02,УП,,ЭлектроОптТорг ООО,0.00000,0.00000,n.bezrukov,Пакет интерфейса поставки:066f73e0-5f98-40d3-9b86-e107b3d6208d,2026-03-24 14:49:34,321258,1997216,42.00000,2,,,,,,,,C,,Годен,,
1995617,WH1,,320777,New,End,,N,ЭКС,,,,,,,ЭКС-000012320   ,5962648.00000,ЭКС-000005866,,,True,245977,,,,Гильза ГМЛ-10 медная луженая соединительная IEK,СМ,True,0.50000,3.50000,11.79000,58950.00000,,,0.06000,0.50000,,N,,,0.00000,0,,,,ШТ,2026-03-24 00:00:00,EKS000005866,N,,,,5000.00000,19.00000,294750000.00000,,КГ,Заказной,Княжева Ю.В.,UGTY10-010-05,ШТ,Заказной товар,ЭлектроОптТорг ООО,0.00000,0.00000,n.bezrukov,Пакет интерфейса поставки:066f73e0-5f98-40d3-9b86-e107b3d6208d,2026-03-24 14:49:34,321258,1997206,5000.00000,2,,,,,,,,C,,Годен,,
1995618,WH1,,320777,New,End,,N,ЭКС,,,,,,,ЭКС-000012320   ,5962651.00000,ЭКС-000005866,,,True,76789,,,,Труба  ПВХ гладкая жесткая d20 ИЭК серая (3м),СМ,True,2.00000,100.00000,22.29000,45605.34000,,,0.11200,2.00000,,N,,,0.00000,0,,,,М,2026-03-24 00:00:00,EKS000005866,N,,,,2046.00000,228.80000,93308525.64000,,КГ,Дортман Анна Павловна,Гилета О.В.,CTR10-020-K41-093I,М,Базовый,ЭлектроОптТорг ООО,0.00000,0.00000,n.bezrukov,Пакет интерфейса поставки:066f73e0-5f98-40d3-9b86-e107b3d6208d,2026-03-24 14:49:34,321258,1997201,2046.00000,2,,,,,,,Long 3,B,,Годен,,
1995619,WH1,,320777,New,End,,N,ЭКС,,,,,,,ЭКС-000012322   ,5962633.00000,ЭКС-000005866,,,True,389227,,,,Блок зажимов БЗН ТС-604 16 мм2 60A 4 пары IEK,СМ,True,3.50000,11.50000,197.62000,1185.72000,,,0.20000,4.50000,,N,,,0.00000,0,,,,ШТ,2026-03-24 00:00:00,EKS000005866,N,,,,6.00000,1.20000,7114.32000,,КГ,Заказной,Феденькова Д.Ю.,YZN42-04-016-K02,ШТ,Заказной товар,ЭлектроОптТорг ООО,0.00000,0.00000,a.savitskiy,Пакет интерфейса поставки:066f73e0-5f98-40d3-9b86-e107b3d6208d,2026-03-24 14:49:34,321258,1997230,6.00000,2,,,,,,,,C,,Годен,,
1995620,WH1,,320777,New,End,,N,ЭКС,,,,,,,ЭКС-000012322   ,5962634.00000,ЭКС-000005866,,,False,515030,,,,IEK Обогреватель на DIN-рейку в корпусе (встроенный вентилятор)250Вт IP20,СМ,,10.00000,12.50000,5018.17000,10036.34000,,,0.66000,9.00000,,N,,,0.00000,0,,,,ШТ,2026-03-24 00:00:00,EKS000005866,N,,,,2.00000,1.32000,20072.68000,,КГ,Заказной,Феденькова Д.Ю.,YCE-CSL-250-20,ШТ,Заказной товар,ЭлектроОптТорг ООО,0.00000,0.00000,a.savitskiy,Пакет интерфейса поставки:066f73e0-5f98-40d3-9b86-e107b3d6208d,2026-03-24 14:49:34,321258,1997225,2.00000,2,,,,,,,,C,,Годен,,
1995621,WH1,,320777,New,End,,N,ЭКС,,,,,,,ЭКС-000012323   ,5962622.00000,ЭКС-000005866,,,False,284354,,,,Анкер латунный забивной М10 CLP1M-AL-10,СМ,,1.20000,3.00000,41.47000,4147.00000,,,0.01420,1.20000,,N,,,0.00000,0,,,,ШТ,2026-03-24 00:00:00,EKS000005866,N,,,,100.00000,1.42000,414700.00000,,КГ,Заказной,Киселев А.В.,CLP1M-AL-10,ШТ,Заказной товар,ЭлектроОптТорг ООО,0.00000,0.00000,n.bezrukov,Пакет интерфейса поставки:066f73e0-5f98-40d3-9b86-e107b3d6208d,2026-03-24 14:49:34,321258,1997199,100.00000,2,,,,,,,,C,,Годен,,
1995622,WH1,,320777,New,End,,N,ЭКС,,,,,,,ЭКС-000012323   ,5962653.00000,ЭКС-000005866,,,False,186607,,,,Держатель горизонтальный VH300 ИЭК CLW10-VH-300,СМ,,1.00000,30.00000,177.99000,3559.80000,,,1.00000,5.00000,,N,,,0.00000,0,,,,ШТ,2026-03-24 00:00:00,EKS000005866,N,,,,20.00000,6.00000,71196.00000,,КГ,Заказной,Киселёв А.В.,CLW10-VH-300,ШТ,Заказной товар,ЭлектроОптТорг ООО,0.00000,0.00000,n.bezrukov,Пакет интерфейса поставки:066f73e0-5f98-40d3-9b86-e107b3d6208d,2026-03-24 14:49:34,321258,1997210,20.00000,2,,,,,,,,C,,Годен,,
1995623,WH1,,320777,New,End,,N,ЭКС,,,,,,,ЭКС-000012323   ,5962658.00000,ЭКС-000005866,,,False,690229,,,,Корпус навес метал ЩРн-60 (1х60) 835х310х140 IP54 сер,СМ,,18.00000,85.00000,9933.67000,9933.67000,,,6.00000,33.00000,,N,,,0.00000,0,,,,ШТ,2026-03-24 00:00:00,EKS000005866,N,,,,1.00000,6.00000,9933.67000,,КГ,Заказной,Феденькова Д.Ю.,TI5-50-N-060-54-7035,ШТ,Заказной товар,ЭлектроОптТорг ООО,0.00000,0.00000,zmeevskiy,Пакет интерфейса поставки:066f73e0-5f98-40d3-9b86-e107b3d6208d,2026-03-24 14:49:34,321258,1997220,1.00000,2,,,,,,,,C,,Годен,,
1995624,WH1,,320777,New,End,,N,ЭКС,,,,,,,ЭКС-000012323   ,5962662.00000,ЭКС-000005866,,,False,36871,,9403208009,,Корпус навес метал ЩРН-36з-0 74 36мод IP54 (540х330х120) ИЭК MKM11-N-36-54-Z,СМ,False,12.00000,54.00000,4920.19000,4920.19000,,,7.80000,33.00000,,N,,,0.00000,0,,,,ШТ,2026-03-24 00:00:00,EKS000005866,N,,,,1.00000,7.80000,4920.19000,,КГ,Дортман Анна Павловна,Феденькова Д.Ю.,MKM11-N-36-54-Z,ШТ,Базовый,ЭлектроОптТорг ООО,0.00000,0.00000,zmeevskiy,Пакет интерфейса поставки:066f73e0-5f98-40d3-9b86-e107b3d6208d,2026-03-24 14:49:34,321258,1997204,1.00000,2,,,,,,,,C,,Годен,,
1995625,WH1,,320777,New,End,,N,ЭКС,,,,,,,ЭКС-000012325   ,5962627.00000,ЭКС-000005866,,,False,42746,,3926909709,,Площадка 30х30 самоклеящаяся белая под хомуты(100шт) ИЭК,СМ,False,10.00000,21.00000,279.95000,279.95000,,,0.20000,5.40000,,N,,,0.00000,0,,,,УП,2026-03-24 00:00:00,EKS000005866,N,,,,1.00000,0.20000,279.95000,,КГ,Дортман Анна Павловна,Гилета О.В.,UHP30-30-100,УП,Базовый,ЭлектроОптТорг ООО,0.00000,0.00000,a.savitskiy,Пакет интерфейса поставки:066f73e0-5f98-40d3-9b86-e107b3d6208d,2026-03-24 14:49:34,321258,1997203,1.00000,2,,,,,,,,C,,Годен,,
1995626,WH1,,320777,New,End,,N,ЭКС,,,,,,,ЭКС-000012332   ,5962644.00000,ЭКС-000005866,,,False,367995,,,,Выключатель авт. диф. тока АВДТ 34 4п 20А  30мА  тип A  х-ка C  6кА MAD22-6-020-C-30  ИЭК,СМ,False,8.00000,10.00000,1170.14000,1170.14000,,,0.32000,7.00000,,N,,,0.00000,0,,,,ШТ,2026-03-24 00:00:00,EKS000005866,N,,,,1.00000,0.32000,1170.14000,,КГ,Заказной,Шаповалов П.Г.,MAD22-6-020-C-30,ШТ,Заказной товар,ЭлектроОптТорг ООО,0.00000,0.00000,n.bezrukov,Пакет интерфейса поставки:066f73e0-5f98-40d3-9b86-e107b3d6208d,2026-03-24 14:49:34,321258,1997198,1.00000,2,,,,,,,,C,,Годен,,
1995627,WH1,,320777,New,End,,N,ЭКС,,,,,,,ЭКС-000012335   ,5962626.00000,ЭКС-000005866,,,True,627820,,,,ARMAT Контактор КМИ-А-23212 LC1D 32А 24В/АС3 1НО;1НЗ IEK,СМ,True,5.00000,10.00000,1847.01000,3694.02000,,,0.20000,9.00000,,N,,,0.00000,0,,,,ШТ,2026-03-24 00:00:00,EKS000005866,N,,,,2.00000,0.40000,7388.04000,,КГ,Сарычев Дмитрий Сергеевич,Третьяков С.М.,AR-ACC-21-032-024-11,ШТ,Товар РЦ,ЭлектроОптТорг ООО,0.00000,0.00000,n.bezrukov,Пакет интерфейса поставки:066f73e0-5f98-40d3-9b86-e107b3d6208d,2026-03-24 14:49:34,321258,1997223,2.00000,2,,,,,,,,C,,Годен,,
1995628,WH1,,320777,New,End,,N,ЭКС,,,,,,,ЭКС-000012355   ,5962657.00000,ЭКС-000005866,,,False,48842,,9403208009,,Корпус навес (500х400х150) ЩМП-2-1 36 с монт.пан. IP31 ИЭК YKM41-02-31,СМ,False,16.50000,51.00000,3006.84000,15034.20000,,,6.70000,40.00000,,N,,,0.00000,0,,,,ШТ,2026-03-24 00:00:00,EKS000005866,N,,,,5.00000,33.50000,75171.00000,,КГ,Дортман Анна Павловна,Феденькова Д.Ю.,YKM41-02-31,ШТ,Базовый,ЭлектроОптТорг ООО,0.00000,0.00000,zmeevskiy,Пакет интерфейса поставки:066f73e0-5f98-40d3-9b86-e107b3d6208d,2026-03-24 14:49:34,321258,1997202,5.00000,2,,,,,,,,C,,Годен,,
1995629,WH1,,320777,New,End,,N,ЭКС,,,,,,,ЭКС-000012372   ,5962628.00000,ЭКС-000005866,,,False,761520,,,,Вывод кабеля FP142 чёрный   //  IEK FORTE PIANO,СМ,False,6.00000,9.50000,295.62000,295.62000,,,0.12000,9.50000,,N,,,0.00000,0,,,,ШТ,2026-03-24 00:00:00,EKS000005866,N,,,,1.00000,0.12000,295.62000,,КГ,,Куграшова О.В.,FP-VK10-0-K02,ШТ,Товар РЦ,ЭлектроОптТорг ООО,0.00000,0.00000,a.savitskiy,Пакет интерфейса поставки:066f73e0-5f98-40d3-9b86-e107b3d6208d,2026-03-24 14:49:34,321258,1997218,1.00000,2,,,,,,,,C,,Годен,,
1995630,WH1,,320777,New,End,,N,ЭКС,,,,,,,ЭКС-000012394   ,5962647.00000,ЭКС-000005866,,,True,371496,,,,IEK Белый Светильник LED ДВО 1608 круг 18Вт 6500 IP20,СМ,True,2.50000,26.00000,583.56000,5835.60000,,,0.30000,23.00000,,N,,,0.00000,0,,,,ШТ,2026-03-24 00:00:00,EKS000005866,N,,,,10.00000,3.00000,58356.00000,,КГ,Заказной,Косова Т.В.,LDVO0-1608-1-18-6500-K01,ШТ,Заказной товар,ЭлектроОптТорг ООО,0.00000,0.00000,n.bezrukov,Пакет интерфейса поставки:066f73e0-5f98-40d3-9b86-e107b3d6208d,2026-03-24 14:49:34,321258,1997231,10.00000,2,,,,,,,,C,,Годен,,
1995631,WH1,,320777,New,End,,N,ЭКС,,,,,,,ЭКС-000012414   ,5962640.00000,ЭКС-000005866,,,True,251649,,,,Прожектор СДО 07-100 светодиодный серый IP65 IEK,СМ,True,24.00000,29.00000,1166.37000,4665.48000,,,1.80000,10.00000,,N,,,0.00000,0,,,,ШТ,2026-03-24 00:00:00,EKS000005866,N,,,,4.00000,7.20000,18661.92000,,КГ,Заказной,Косова Т.В.,LPDO701-100-K03,ШТ,Заказной товар,ЭлектроОптТорг ООО,0.00000,0.00000,n.bezrukov,Пакет интерфейса поставки:066f73e0-5f98-40d3-9b86-e107b3d6208d,2026-03-24 14:49:34,321258,1997205,4.00000,2,,,,,,,,C,,Годен,,
1995632,WH1,,320777,New,End,,N,ЭКС,,,,,,,ЭКС-000012418   ,5962629.00000,ЭКС-000005866,,,False,579682,,,,Выкл. конц. КВ-8108 регул. рычаг с пластик. роликом IP65 IEK,СМ,,3.00000,13.00000,424.26000,848.52000,,,0.10000,5.00000,,N,,,0.00000,0,,,,ШТ,2026-03-24 00:00:00,EKS000005866,N,,,,2.00000,0.20000,1697.04000,,КГ,Заказной,Третьяков С.М.,KKV12-8108-1-65,ШТ,Заказной товар,ЭлектроОптТорг ООО,0.00000,0.00000,n.bezrukov,Пакет интерфейса поставки:066f73e0-5f98-40d3-9b86-e107b3d6208d,2026-03-24 14:49:34,321258,1997224,2.00000,2,,,,,,,,C,,Годен,,
1995633,WH1,,320777,New,End,,N,ЭКС,,,,,,,ЭКС-000012432   ,5962661.00000,ЭКС-000005866,,,False,424234,,,,Корпус навесн. пласт. 1 ряд / 12 модулей ЩРН-П-12 IP41 GENERICA,СМ,False,20.00000,25.00000,414.76000,12442.80000,,,0.10000,10.00000,,N,,,0.00000,0,,,,ШТ,2026-03-24 00:00:00,EKS000005866,N,,,,30.00000,15.00000,373284.00000,,КГ,Заказной,Феденькова Д.Ю.,MKP12-N-12-41-G,ШТ,Заказной товар,ЭлектроОптТорг ООО,0.00000,0.00000,n.bezrukov,Пакет интерфейса поставки:066f73e0-5f98-40d3-9b86-e107b3d6208d,2026-03-24 14:49:34,321258,1997228,30.00000,2,,,,,,,,C,,Годен,,
1995634,WH1,,320777,New,End,,N,ЭКС,,,,,,,ЭКС-000012432   ,5962660.00000,ЭКС-000005866,,,False,421959,,,,Корпус навесн. пласт. 1 ряд / 18 модулей ЩРН-П-18 IP41 GENERICA,СМ,False,10.00000,36.00000,612.73000,6127.30000,,,0.50000,22.00000,,N,,,0.00000,0,,,,ШТ,2026-03-24 00:00:00,EKS000005866,N,,,,10.00000,11.00000,61273.00000,,КГ,Заказной,Феденькова Д.Ю.,MKP12-N-18-41-G,ШТ,Заказной товар,ЭлектроОптТорг ООО,0.00000,0.00000,zmeevskiy,Пакет интерфейса поставки:066f73e0-5f98-40d3-9b86-e107b3d6208d,2026-03-24 14:49:34,321258,1997229,10.00000,2,,,,,,,,C,,Годен,,
1995635,WH1,,320777,New,End,,N,ЭКС,,,,,,,ЭКС-000012447   ,5962625.00000,ЭКС-000005866,,,False,883043,,,,"Трансформатор тока ТТИ-А 250/5А 5ВА класс 0,5 МПИ08 IEK",СМ,False,10.50000,12.50000,667.29000,2001.87000,,,0.61000,9.00000,,N,,,0.00000,0,,,,ШТ,2026-03-24 00:00:00,EKS000005866,N,,,,3.00000,1.83000,6005.61000,,КГ,,Самоличенко В.А.,ITT10-2-05-0250-08,ШТ,Заказной товар,ЭлектроОптТорг ООО,0.00000,0.00000,n.bezrukov,Пакет интерфейса поставки:066f73e0-5f98-40d3-9b86-e107b3d6208d,2026-03-24 14:49:34,321258,1997217,3.00000,2,,,,,,,,C,,Годен,,
1995636,WH1,,320777,New,End,,N,ЭКС,,,,,,,ЭКС-000012450   ,5962621.00000,ЭКС-000005866,,,False,703088,,,,Устройство защиты от дугового пробоя c автоматическим выключателем 1P+N C 16A KARAT IEK,СМ,False,3.00000,8.00000,6943.52000,41661.12000,,,0.10000,7.00000,,N,,,0.00000,0,,,,ШТ,2026-03-24 00:00:00,EKS000005866,N,,,,6.00000,1.16000,249966.72000,,КГ,Заказной,Шаповалов П.Г.,KA-DP11-1-016-C,ШТ,Заказной товар,ЭлектроОптТорг ООО,0.00000,0.00000,n.bezrukov,Пакет интерфейса поставки:066f73e0-5f98-40d3-9b86-e107b3d6208d,2026-03-24 14:49:34,321258,1997219,6.00000,2,,,,,,,,C,,Годен,,
1995637,WH1,,320777,New,End,,N,ЭКС,,,,,,,ЭКС-000012457   ,5962659.00000,ЭКС-000005866,,,False,634304,,,,Корпус навес (800х600х250) ЩМП-80.60.25 УХЛ1 IP66,СМ,,25.00000,60.00000,8204.45000,49226.70000,,,30.00000,80.00000,,N,,,0.00000,0,,,,ШТ,2026-03-24 00:00:00,EKS000005866,N,,,,6.00000,180.00000,295360.20000,,КГ,Акулинский Петр Иванович,Феденькова Д.Ю.,TI5-10-N-080-060-025-66,ШТ,Товар РЦ,ЭлектроОптТорг ООО,0.00000,0.00000,zmeevskiy,Пакет интерфейса поставки:066f73e0-5f98-40d3-9b86-e107b3d6208d,2026-03-24 14:49:34,321258,1997222,6.00000,2,,,,,,,,C,,Годен,,
1995638,WH1,,320778,New,End,,N,ЭКС,,,,,,,,5962725.00000,ЭКС-000005873   ,,,False,282980,,,,Супер-клей Гель 3 г СИЛА (цена за 1 тюбик),СМ,,1.00000,11.00000,20.50000,1230.00000,,,0.10000,4.00000,,N,,,0.00000,0,,,,ШТ,2026-03-24 00:00:00,EKS000005873,N,,,,60.00000,6.00000,73800.00000,,КГ,Дортман Анна Павловна,Петров И.В.,C0042300,ШТ,Базовый,Орион ООО   (ЭРА) новый,0.00000,0.00000,a.manokhin,Пакет интерфейса поставки:bd60c93a-6ff2-42ec-9687-ee830a69dfc1,2026-03-24 14:51:13,321265,1997284,60.00000,2,,,,,,,,A,,Годен,,
1995639,WH1,,320778,New,End,,N,ЭКС,,,,,,,ЭКС-000012418   ,5962727.00000,ЭКС-000005873   ,,,False,797280,,,,Набор изолент ЭРА SET-7 ПВХ 7 шт цветная 15мм х 5м,СМ,,6.00000,11.00000,90.00000,90.00000,,,0.12000,6.00000,,N,,,0.00000,0,,,,ШТ,2026-03-24 00:00:00,EKS000005873,N,,,,1.00000,0.12000,90.00000,,КГ,Заказной,Петров И.В.,Б0062937,ШТ,Заказной товар,Орион ООО   (ЭРА) новый,0.00000,0.00000,a.manokhin,Пакет интерфейса поставки:bd60c93a-6ff2-42ec-9687-ee830a69dfc1,2026-03-24 14:51:13,321265,1997282,1.00000,2,,,,,,,,C,,Годен,,
1995640,WH1,,320778,New,End,,N,ЭКС,,,,,,,ЭКС-000012423   ,5962726.00000,ЭКС-000005873   ,,,False,571231,,,,ЭРА Изолента PRO PROSS25 силиконовая самослипающаяся 25 мм х 3 м черная,СМ,,5.00000,10.00000,267.00000,534.00000,,,0.08000,8.00000,,N,,,0.00000,0,,,,ШТ,2026-03-24 00:00:00,EKS000005873,N,,,,2.00000,0.16000,1068.00000,,КГ,Дортман Анна Павловна,Петров И.В.,Б0052254,ШТ,Товар филиала,Орион ООО   (ЭРА) новый,0.00000,0.00000,a.manokhin,Пакет интерфейса поставки:bd60c93a-6ff2-42ec-9687-ee830a69dfc1,2026-03-24 14:51:13,321265,1997283,2.00000,2,,,,,,,,C,,Годен,,
1995641,WH1,,320779,New,End,,N,ЭКС,,,,,,,ЭКС-000010546   ,5962809.00000,ЭКС-000005902   ,,,False,738449,,,,Шарнир универсальный для шпильки М10 Промрукав PR08.5164,СМ,,3.50000,8.00000,348.95000,6630.05000,,,0.25000,5.00000,,N,,,0.00000,0,,,,ШТ,2026-03-25 00:00:00,EKS000005902,N,,,,19.00000,4.75000,125970.95000,,КГ,Заказной,Киселев А.В.,PR08.5164,ШТ,Заказной товар,Промрукав ООО,0.00000,0.00000,a.savitskiy,Пакет интерфейса поставки:9f507d71-a12e-41e5-b077-39e036b72915,2026-03-24 15:05:30,321294,1997350,19.00000,2,,,,,,,,C,,Годен,,
1995642,WH1,,320780,New,End,,N,ЭКС,,,,,,,ЭКС-000010546   ,5962746.00000,ЭКС-000005885   ,,,False,657658,,,,"Заклепка резьбовая, стальная оцинкованная цилиндр, М8х1,5х17,5 (1000 шт/уп) (Промрукав)",СМ,,0.80000,1.00000,4.46000,4460.00000,,,0.00010,0.80000,,N,,,0.00000,0,,,,ШТ,2026-03-25 00:00:00,EKS000005885,N,,,,1000.00000,2.00000,4460000.00000,,КГ,Заказной,Петров И.В.,PR08.3678,ШТ,Заказной товар,Промрукав ООО,0.00000,0.00000,a.savitskiy,Пакет интерфейса поставки:ec0db5bd-4baa-41c8-8950-d601f8fdd7a8,2026-03-24 15:07:10,321277,1997302,1000.00000,2,,,,,,,,C,,Годен,,
1995643,WH1,,320781,New,End,,N,ЭКС,,,,,,,ЭКС-000012402   ,5962839.00000,ЭКС-000005913   ,,,False,321191,,,,Светильник LED -CSVT Айсберг SLIM -38/MILKY  38Вт 5000К 4800Лм IP65,СМ,False,5.00000,120.00000,1508.46000,6033.84000,,,1.00000,12.00000,,N,,,0.00000,0,,,,ШТ,2026-03-24 00:00:00,EKS000005913,N,,,,4.00000,4.00000,24135.36000,,КГ,Заказной,Колупаев В.Г.,ЦБ000009202,ШТ,Заказной товар,ЦЕНТРСТРОЙСВЕТ ЗАО ( Закр,0.00000,0.00000,a.manokhin,Пакет интерфейса поставки:1a946c9d-c901-4010-94af-04cbddb3fa72,2026-03-24 15:09:19,321306,1997379,4.00000,2,,,,,,,,C,,Годен,,
1995644,WH1,,320782,New,Processed,,N,ЭКС,0.00000,0.00000,0.00000,,0.00000,0.00000,,1.00000,,,4712-12-31 00:00:00,,0000,,,,ТРАНЗИТ,СМ,,1.00000,1.00000,0.00000,0.00000,,,1.00000,1.00000,ИЭК КРАСНОЯРСК,Y,Y,,0.00000,0,0,,,ГМ,2026-03-24 00:00:00,TR-24/03/2026-05,N,рц,рц,,1.00000,1.00000,0.00000,СМ3,КГ,,,,,,,0.00000,2.00000,r.sagaidak,Пакет интерфейса поставки:1a946c9d-c901-4010-94af-04cbddb3fa72,2026-03-24 15:08:54,321309,1997384,1.00000,,,,,,,,,,,,,0.00000
1995645,WH1,,320783,New,Processed,,N,ЭКС,0.00000,0.00000,0.00000,,0.00000,0.00000,,1.00000,,,4712-12-31 00:00:00,,0000,,,,ТРАНЗИТ,СМ,,1.00000,1.00000,0.00000,0.00000,,,1.00000,1.00000,ИЭК БАРНАУЛ,Y,Y,,0.00000,0,0,,,ГМ,2026-03-24 00:00:00,TR-24/03/2026-06,N,рц,рц,,1.00000,1.00000,0.00000,СМ3,КГ,,,,,,,0.00000,2.00000,r.sagaidak,Пакет интерфейса поставки:0fb5f643-e585-44c9-beb6-b22bbf1b52bd,2026-03-24 15:10:55,321310,1997385,1.00000,,,,,,,,,,,,,0.00000
1995646,WH1,,320784,New,End,,N,ЭКС,,,,,,,ЭКС-000012698   ,5962843.00000,ЭКС-000005915   ,,,False,495849,,,,Провод ПуВнг(A)-LS 1х16 PE,СМ,,1.00000,100.00000,164.75000,65900.00000,,,0.20000,1.00000,,Y,,,0.00000,0,,,,М,2026-03-24 00:00:00,EKS000005915,N,,,,400.00000,80.00000,26360000.00000,,КГ,Заказной,Дунав М.И.,495849,М,Заказной товар,ЗАО Металлист,0.00000,0.00000,n.bezrukov,Пакет интерфейса поставки:a59bdb1c-ed07-4eaa-af3d-192cd558b892,2026-03-24 15:13:30,321308,1997383,400.00000,1,,,01,,,,,C,,Годен,,
1995647,WH1,,320785,New,End,,N,ЭКС,,,,,,,ЭКС-000010735   ,5962747.00000,ЭКС-000005886   ,,,False,883912,,,,Дюбель-хомут для плоского кабеля 5-10 мм черный (100 шт/уп) Промрукав,СМ,,0.60000,4.50000,1.04000,728.00000,,,0.00100,1.30000,,N,,,0.00000,0,,,,ШТ,2026-03-25 00:00:00,EKS000005886,N,,,,700.00000,0.63000,509600.00000,,КГ,Заказной,Гилета О.В.,PR08.6956,ШТ,Заказной товар,Промрукав ООО,0.00000,0.00000,a.savitskiy,Пакет интерфейса поставки:d34020cc-7195-4979-800a-756d8e54cfe8,2026-03-24 15:25:20,321278,1997303,700.00000,2,,,,,,,,C,,Годен,,
1995648,WH1,,320786,New,End,,N,ЭКС,,,,,,,ЭКС-000010479   ,5962803.00000,ЭКС-000005900   ,,,False,846561,,,,Гильза медная луженая под опрессовку ГМЛ-П 16,СМ,False,0.80000,1.00000,16.22000,1622.00000,,,0.00200,0.80000,,N,,,0.00000,0,,,,ШТ,2026-03-25 00:00:00,EKS000005900,N,,,,100.00000,0.24000,162200.00000,,КГ,Заказной,Княжева Ю.В.,PR08.29326,ШТ,Заказной товар,Промрукав ООО,0.00000,0.00000,a.savitskiy,Пакет интерфейса поставки:d34020cc-7195-4979-800a-756d8e54cfe8,2026-03-24 15:25:28,321292,1997345,100.00000,2,,,,,,,,C,,Годен,,
1995649,WH1,,320786,New,End,,N,ЭКС,,,,,,,ЭКС-000010479   ,5962804.00000,ЭКС-000005900   ,,,False,857093,,,,Гильза медная луженая под опрессовку ГМЛ-П 10,СМ,False,0.80000,1.00000,11.32000,226.40000,,,0.00200,0.80000,,N,,,0.00000,0,,,,ШТ,2026-03-25 00:00:00,EKS000005900,N,,,,20.00000,0.04000,4528.00000,,КГ,Заказной,Княжева Ю.В.,PR08.29332,ШТ,,Промрукав ООО,0.00000,0.00000,a.savitskiy,Пакет интерфейса поставки:d34020cc-7195-4979-800a-756d8e54cfe8,2026-03-24 15:25:28,321292,1997344,20.00000,2,,,,,,,,C,,Годен,,
1995650,WH1,,320787,New,End,,N,ЭКС,,,,,,,,5962817.00000,О00-000001513   ,,,False,822477,,,,МАЯК-24-КПМ1-НИ Оповещатель комбинированный уличный,СМ,False,2.00000,10.00000,715.00000,715.00000,,,0.11000,10.00000,,N,,,0.00000,0,,,,ШТ,2026-03-24 00:00:00,O00000001513,N,,,,1.00000,0.11000,715.00000,,КГ,Заказной,Самоличенко В.А.,GB 006140,ШТ,Заказной товар,"ООО ""Артоль"" ",0.00000,0.00000,a.savitskiy,Пакет интерфейса поставки:6f7627fe-496e-45e5-985e-267389e41149,2026-03-24 15:29:04,321300,1997357,1.00000,2,,,,,,,,C,,Годен,,
1995651,WH1,,320788,New,End,,N,ЭКС,,,,,,,ЭКС-000012441   ,5962818.00000,ЭКС-000005908   ,,,False,182486,,,,Кабель ППГнг(A)-HF 4x4,СМ,,1.20000,100.00000,162.25000,7301.25000,12.6,,0.30735,1.20000,,Y,,,0.00000,0,,,,М,2026-03-24 00:00:00,EKS000005908,N,,,,45.00000,13.83075,328556.25000,,КГ,Заказной,Лихушина Н.И.,182486,М,Заказной товар,Сибкабель АО,0.00000,0.00000,a.manokhin,Пакет интерфейса поставки:6f7627fe-496e-45e5-985e-267389e41149,2026-03-24 15:29:12,321301,1997358,45.00000,1,,,01,,,,,C,,Годен,,
1995652,WH1,,320789,New,End,,N,ЭКС,,,,,,,,5962736.00000,ЭКС-000005879   ,,,False,883216,,,,Водило диаметром 40 мм в сборе (НЭМЗ),СМ,False,6.00000,19.00000,1436.07000,28721.40000,,,1.44000,6.00000,,N,,,0.00000,0,,,,ШТ,2026-03-24 00:00:00,EKS000005879,N,,,,20.00000,28.80000,574428.00000,,КГ,Заказной,Новоселов А.В.,,ШТ,Заказной товар,НЭМЗ ИНЖИНИРИНГ ООО,0.00000,0.00000,a.manokhin,Пакет интерфейса поставки:f13aa01e-792c-447f-be0a-6184372d7b45,2026-03-24 15:37:34,321271,1997293,20.00000,2,,,,,,,,C,,Годен,,
1995653,WH1,,320790,New,End,,N,ЭКС,,,,,,,ЭКС-000009046   ,5962810.00000,ЭКС-000005903   ,,,False,765681,,,,Держатель плоского кабеля двусторонний для прямого монтажа на 12 мест черный (20шт/260шт уп/кор) Про,СМ,,1.00000,22.50000,21.30000,1278.00000,,,0.01500,2.00000,,N,,,0.00000,0,,,,ШТ,2026-03-25 00:00:00,EKS000005903,N,,,,60.00000,0.90000,76680.00000,,КГ,Заказной,Гилета О.В.,PR13.0443,ШТ,Заказной товар,Промрукав ООО,0.00000,0.00000,a.savitskiy,Пакет интерфейса поставки:f13aa01e-792c-447f-be0a-6184372d7b45,2026-03-24 15:37:43,321295,1997351,60.00000,2,,,,,,,,C,,Годен,,
1995654,WH1,,320791,New,End,,N,ЭКС,,,,,,,,5962743.00000,ЭКС-000005883   ,,,False,765679,,,,Держатель плоского кабеля двусторонний для прямого монтажа на 4 места черный,СМ,,1.00000,10.00000,7.11000,284.40000,,,0.01000,2.00000,,N,,,0.00000,0,,,,ШТ,2026-03-25 00:00:00,EKS000005883,N,,,,40.00000,0.20000,11376.00000,,КГ,,Гилета О.В.,PR13.0439,ШТ,Базовый,Промрукав ООО,0.00000,0.00000,a.savitskiy,Пакет интерфейса поставки:7e4ebeec-8ab2-4bfd-96e2-356aab5b84f7,2026-03-24 15:39:24,321275,1997299,40.00000,2,,,,,,,,C,,Годен,,
1995655,WH1,,320791,New,End,,N,ЭКС,,,,,,,ЭКС-000010460   ,5962744.00000,ЭКС-000005883   ,,,False,421566,,,,"Трубка ТВ-40 ПВХ 6 мм ""кембрик"" (150 м/уп)",СМ,,0.70000,100.00000,5.33000,799.50000,,,0.10000,0.70000,,N,,,0.00000,0,,,,М,2026-03-25 00:00:00,EKS000005883,N,,,,150.00000,2.50000,119925.00000,,КГ,Заказной,Гилета О.В.,PR08.2564,М,Заказной товар,Промрукав ООО,0.00000,0.00000,a.savitskiy,Пакет интерфейса поставки:7e4ebeec-8ab2-4bfd-96e2-356aab5b84f7,2026-03-24 15:39:24,321275,1997300,150.00000,2,,,,,,,,C,,Годен,,
1995656,WH1,,320792,New,End,,N,ЭКС,,,,,,,ЭКС-000010460   ,5962785.00000,ЭКС-000005891   ,,,False,427353,,,,"Трубка ТВ-40 ПВХ 5 мм ""кембрик"" (150 м/уп)",СМ,,0.50000,100.00000,4.61000,691.50000,,,0.06000,0.50000,,N,,,0.00000,0,,,,М,2026-03-25 00:00:00,EKS000005891,N,,,,150.00000,7.00000,103725.00000,,КГ,Заказной,Гилета О.В.,PR08.2563,М,Заказной товар,Промрукав ООО,0.00000,0.00000,a.savitskiy,Пакет интерфейса поставки:7e4ebeec-8ab2-4bfd-96e2-356aab5b84f7,2026-03-24 15:39:32,321283,1997329,150.00000,2,,,,,,,,C,,Годен,,
1995657,WH1,,320793,New,End,,N,ЭКС,,,,,,,,5962805.00000,ЭКС-000005901   ,,,False,502472,,,,Муфта труба-труба черная д20 Промрукав (упаковка 10шт),СМ,,5.00000,20.00000,81.90000,1392.30000,,,0.20000,10.00000,,N,,,0.00000,0,,,,УП,2026-03-25 00:00:00,EKS000005901,N,,,,17.00000,3.40000,23669.10000,,КГ,Дортман Анна Павловна,Гилета О.В.,PR13.0164_шт10,УП,Базовый,Промрукав ООО,0.00000,0.00000,a.savitskiy,Пакет интерфейса поставки:7e4ebeec-8ab2-4bfd-96e2-356aab5b84f7,2026-03-24 15:39:41,321293,1997346,17.00000,2,,,,,,,,C,,Годен,,
1995658,WH1,,320793,New,End,,N,ЭКС,,,,,,,,5962806.00000,ЭКС-000005901   ,,,False,502471,,,,"Колено открывающееся, 90 град, черный д20 Промрукав (цена за 5шт)",СМ,,5.00000,12.00000,49.40000,494.00000,,,0.20000,12.00000,,N,,,0.00000,0,,,,УП,2026-03-25 00:00:00,EKS000005901,N,,,,10.00000,2.00000,4940.00000,,КГ,Дортман Анна Павловна,Гилета О.В.,PR13.0174_шт5,УП,Базовый,Промрукав ООО,0.00000,0.00000,a.savitskiy,Пакет интерфейса поставки:7e4ebeec-8ab2-4bfd-96e2-356aab5b84f7,2026-03-24 15:39:41,321293,1997347,10.00000,2,,,,,,,,C,,Годен,,
1995659,WH1,,320793,New,End,,N,ЭКС,,,,,,,,5962807.00000,ЭКС-000005901   ,,,False,502470,,,,Тройник разборный черный д20 (5шт/400шт уп/кор) Промрукав (цена за 5шт),СМ,,3.00000,20.00000,74.75000,747.50000,,,0.20000,10.00000,,N,,,0.00000,0,,,,УП,2026-03-25 00:00:00,EKS000005901,N,,,,10.00000,2.00000,7475.00000,,КГ,Дортман Анна Павловна,Гилета О.В.,PR13.0178_шт5,УП,Базовый,Промрукав ООО,0.00000,0.00000,a.savitskiy,Пакет интерфейса поставки:7e4ebeec-8ab2-4bfd-96e2-356aab5b84f7,2026-03-24 15:39:41,321293,1997348,10.00000,2,,,,,,,,C,,Годен,,
1995660,WH1,,320793,New,End,,N,ЭКС,,,,,,,ЭКС-000010033   ,5962808.00000,ЭКС-000005901   ,,,False,825007,,,,Кольцо уплотнительное для двустенной трубы d50 мм (12шт/1152шт уп/кор) Промрукав,СМ,False,0.30000,5.50000,10.10000,121.20000,,,0.01000,5.50000,,N,,,0.00000,0,,,,ШТ,2026-03-25 00:00:00,EKS000005901,N,,,,12.00000,0.03000,1454.40000,,КГ,Заказной,Гилета О.В.,PR13.02761,ШТ,Заказной товар,Промрукав ООО,0.00000,0.00000,a.savitskiy,Пакет интерфейса поставки:7e4ebeec-8ab2-4bfd-96e2-356aab5b84f7,2026-03-24 15:39:41,321293,1997349,12.00000,2,,,,,,,,C,,Годен,,
1995661,WH1,,320794,New,End,,N,ЭКС,,,,,,,ЭКС-000009694   ,5962851.00000,ЭКС-000005921   ,,,False,877932,,,,Набор стальных бит Profi (2 шт; PH2; 100 мм) CUTOP 83-340,СМ,False,0.50000,18.00000,263.11000,263.11000,,,0.02000,5.00000,,N,,,0.00000,0,,,,УП,2026-03-24 00:00:00,EKS000005921,N,,,,1.00000,0.02000,263.11000,,КГ,Заказной,Петров И.В.,83-340,УП,Заказной товар,ВсеИнструменты.ру,0.00000,0.00000,n.bezrukov,Пакет интерфейса поставки:7e4ebeec-8ab2-4bfd-96e2-356aab5b84f7,2026-03-24 15:39:52,321316,1997392,1.00000,2,,,,,,,,C,,Годен,,
1995662,WH1,,320795,New,End,,N,ЭКС,,,,,,,ЭКС-000011078   ,5962853.00000,ЭКС-000005923   ,,,False,882964,,,,Nord-Yada Клемма АКБ латунь 2шт усиленная грузовая болт М10 ТМ Nord YADA 909359,СМ,False,2.00000,12.00000,749.18000,1498.36000,,,0.18000,8.00000,,N,,,0.00000,0,,,,УП,2026-03-24 00:00:00,EKS000005923,N,,,,2.00000,0.36000,2996.72000,,КГ,Заказной,Любаева С.В.,,УП,Прочее,ВсеИнструменты.ру,0.00000,0.00000,n.bezrukov,Пакет интерфейса поставки:7e4ebeec-8ab2-4bfd-96e2-356aab5b84f7,2026-03-24 15:40:04,321318,1997394,2.00000,2,,,,,,,,C,,Годен,,
1995663,WH1,,320796,New,End,,N,ЭКС,,,,,,,ЭКС-000012574   ,5962812.00000,ЭКС-000005905   ,,,False,333363,,,,Светильник светодиодный 8Вт IP30 с оптико-акустич. датчиком Актей СА-7008У,СМ,,5.00000,18.00000,978.08000,11736.96000,,,0.24000,12.00000,,N,,,0.00000,0,,,,ШТ,2026-03-24 00:00:00,EKS000005905,N,,,,12.00000,2.88000,140843.52000,,КГ,Заказной,Колупаев В.Г.,СА-7008У,ШТ,Заказной товар,СНАБСИБЭЛЕКТРО  ООО (новы,0.00000,0.00000,n.bezrukov,Пакет интерфейса поставки:d223f59f-af5e-43fb-b06b-e7ee8dc87a7f,2026-03-24 15:41:16,321297,1997354,12.00000,2,,,,,,,,C,,Годен,,
1995664,WH1,,320796,New,End,,N,ЭКС,,,,,,,ЭКС-000012574   ,5962813.00000,ЭКС-000005905   ,,,False,527534,,,,Светильник LED 6Вт IP65 с оптич. датчиком Актей СА-5106Ф,СМ,,4.00000,17.00000,796.10000,2388.30000,,,0.18000,11.00000,,N,,,0.00000,0,,,,ШТ,2026-03-24 00:00:00,EKS000005905,N,,,,3.00000,0.54000,7164.90000,,КГ,Заказной,Колупаев В.Г.,СА-5106Ф,ШТ,Заказной товар,СНАБСИБЭЛЕКТРО  ООО (новы,0.00000,0.00000,n.bezrukov,Пакет интерфейса поставки:d223f59f-af5e-43fb-b06b-e7ee8dc87a7f,2026-03-24 15:41:16,321297,1997353,3.00000,2,,,,,,,,C,,Годен,,
1995665,WH1,,320797,New,End,,N,ЭКС,,,,,,,ЭКС-000009788   ,5962854.00000,ЭКС-000005924   ,,,False,877382,,,,"DUEL Прецизионная отвёртка Sl1.5x40 мм, DL01-15-040",СМ,False,1.00000,14.00000,358.20000,1791.00000,,,0.00500,1.00000,,N,,,0.00000,0,,,,ШТ,2026-03-23 00:00:00,EKS000005924,N,,,,5.00000,0.02500,8955.00000,,КГ,Заказной,Любаева С.В.,,ШТ,Прочее,ВсеИнструменты.ру,0.00000,0.00000,n.bezrukov,Пакет интерфейса поставки:d223f59f-af5e-43fb-b06b-e7ee8dc87a7f,2026-03-24 15:41:31,321319,1997396,5.00000,2,,,,,,,,C,,Годен,,
1995666,WH1,,320797,New,End,,N,ЭКС,,,,,,,ЭКС-000009788   ,5962855.00000,ЭКС-000005924   ,,,False,877385,,,,"DUEL Прецизионная отвёртка SL2x60мм, DL01-20-060",СМ,False,1.00000,16.00000,290.16000,1450.80000,,,0.01000,1.00000,,N,,,0.00000,0,,,,ШТ,2026-03-23 00:00:00,EKS000005924,N,,,,5.00000,0.05000,7254.00000,,КГ,Заказной,Любаева С.В.,,ШТ,Прочее,ВсеИнструменты.ру,0.00000,0.00000,n.bezrukov,Пакет интерфейса поставки:d223f59f-af5e-43fb-b06b-e7ee8dc87a7f,2026-03-24 15:41:31,321319,1997395,5.00000,2,,,,,,,,C,,Годен,,
1995667,WH1,,320798,New,End,,N,ЭКС,,,,,,,,5962739.00000,ЭКС-000005881   ,,,False,861675,,,,Кран с электроприводом Neptun Bugatti Pro 12В 1/2,СМ,False,7.00000,13.50000,4585.25000,18341.00000,,,0.72000,12.50000,,N,,,0.00000,0,,,,ШТ,2026-03-12 00:00:00,EKS000005881,N,,,,4.00000,2.88000,73364.00000,,КГ,,Козлова М.А.,100035626700,ШТ,Товар РЦ,Группа Теплолюкс ООО,0.00000,0.00000,r.sagaidak,Пакет интерфейса поставки:3339db82-6fd3-4709-af79-36b0f8f2559f,2026-03-24 15:43:12,321273,1997297,4.00000,2,,,,,,,,C,,Годен,,
1995668,WH1,,320798,New,End,,N,ЭКС,,,,,,,ЭКС-000009487   ,5962741.00000,ЭКС-000005881   ,,,False,863935,,,,Источник бесперебойного питания 18650(продукция),СМ,False,4.00000,15.00000,2290.17000,4580.34000,,,0.25000,10.00000,,N,,,0.00000,0,,,,ШТ,2026-03-12 00:00:00,EKS000005881,N,,,,2.00000,0.50000,9160.68000,,КГ,Заказной,Козлова М.А.,100037126500,ШТ,Заказной товар,Группа Теплолюкс ООО,0.00000,0.00000,r.sagaidak,Пакет интерфейса поставки:3339db82-6fd3-4709-af79-36b0f8f2559f,2026-03-24 15:43:12,321273,1997296,2.00000,2,,,,,,,,C,,Годен,,
1995669,WH1,,320799,New,End,,N,ЭКС,,,,,,,ЭКС-000006692   ,5962811.00000,ЭКС-000005904   ,,,False,883911,,,,Талреп крюк-крюк М10 DIN 1480 тип С (20шт/уп) (Промрукав),СМ,,1.50000,20.00000,113.76000,9100.80000,,,0.17000,3.00000,,N,,,0.00000,0,,,,ШТ,2026-03-25 00:00:00,EKS000005904,N,,,,80.00000,13.96000,728064.00000,,КГ,Заказной,Гилета О.В.,PR08.3921,ШТ,Заказной товар,Промрукав ООО,0.00000,0.00000,a.savitskiy,Пакет интерфейса поставки:3339db82-6fd3-4709-af79-36b0f8f2559f,2026-03-24 15:43:22,321296,1997352,80.00000,2,,,,,,,,C,,Годен,,
1995670,WH1,,320800,New,End,,N,ЭКС,,,,,,,ЭКС-000011206   ,5962852.00000,ЭКС-000005922   ,,,False,882707,,,,Испытательная коробка к электросчётчикам ПЭМИ КИ У3 X7908575,СМ,False,4.00000,22.00000,676.23000,676.23000,,,0.44000,7.00000,,N,,,0.00000,0,,,,ШТ,2026-03-24 00:00:00,EKS000005922,N,,,,1.00000,0.44000,676.23000,,КГ,Заказной,Любаева С.В.,,ШТ,Прочее,ВсеИнструменты.ру,0.00000,0.00000,n.bezrukov,Пакет интерфейса поставки:3339db82-6fd3-4709-af79-36b0f8f2559f,2026-03-24 15:43:34,321317,1997393,1.00000,2,,,,,,,,C,,Годен,,
1995671,WH1,,320801,New,End,,N,ЭКС,,,,,,,ЭКС-000066989   ,5962856.00000,ЭКС-000005925   ,,,False,843040,,,,"Заградительный огонь LEDZOM тип А, LEDZOM красный, ударопрочный, поликарбонат",СМ,False,20.00000,27.00000,1520.49000,13684.41000,,,0.54000,17.00000,,N,,,0.00000,0,,,,ШТ,2026-03-23 00:00:00,EKS000005925,N,,,,9.00000,4.86000,123159.69000,,КГ,Заказной,Аверин А.И.,,ШТ,Прочее,Приборика ООО,0.00000,0.00000,n.bezrukov,Пакет интерфейса поставки:e63f8cd7-3f10-458a-9667-684303b6da38,2026-03-24 15:45:14,321320,1997397,9.00000,2,,,,,,,,C,,Годен,,
1995672,WH1,,320802,New,End,,N,ЭКС,,,,,,,,5962815.00000,ЭКС-000005907   ,,,False,258252,,,,Сумка монтажника С-04 (КВТ),СМ,False,18.00000,41.00000,2567.87000,5135.74000,,,2.33000,32.00000,,N,,,0.00000,0,,,,ШТ,2026-03-24 00:00:00,EKS000005907,N,,,,2.00000,4.66000,10271.48000,,КГ,Дортман Анна Павловна,Петров И.В.,66143,ШТ,Базовый,Техэлектро-Сибирь ООО,0.00000,0.00000,n.bezrukov,Пакет интерфейса поставки:6925803b-abfb-475d-8f6a-cc5c6a759d28,2026-03-24 15:47:24,321299,1997356,2.00000,2,,,,,,,,C,,Годен,,
1995673,WH1,,320803,New,End,,N,ЭКС,,,,,,,,5962821.00000,ЭКС-000005910   ,,,False,51914,,8547200009,27.33.13.190,Коробка устан. HEGEL сплошные стены с/п d68х42 КУ1101,СМ,False,4.00000,8.50000,10.55000,6076.80000,,,0.00100,7.00000,,N,,,0.00000,0,,,,ШТ,2026-03-24 00:00:00,EKS000005910,N,,,,576.00000,4.00000,3500236.80000,,КГ,Дортман Анна Павловна,Княжева Ю.В.,КУ1101-И,ШТ,Базовый,СНАБСИБЭЛЕКТРО  ООО (новы,0.00000,0.00000,a.manokhin,Пакет интерфейса поставки:6925803b-abfb-475d-8f6a-cc5c6a759d28,2026-03-24 15:47:35,321303,1997361,576.00000,2,,,,,,,,A,,Годен,,
1995674,WH1,,320804,New,End,,N,ЭКС,,,,,,,ЭКС-000012270   ,5962814.00000,ЭКС-000005906   ,,,False,166614,,,,Кабель КГ-ХЛ 4х50-220/380В-3,СМ,,3.38000,100.00000,2303.28000,103647.60000,33.8,,2.55200,3.38000,,Y,,,0.00000,0,,,,М,2026-03-24 00:00:00,EKS000005906,N,,,,45.00000,114.84000,4664142.00000,,КГ,Коробейников Николай Алек,Дунав М.И.,166614,М,Базовый,Холдинг Кабельный Альянс,0.00000,0.00000,n.bezrukov,Пакет интерфейса поставки:908d22e9-e2de-46e0-9ca0-70d37a6a5b36,2026-03-24 15:51:15,321298,1997355,45.00000,1,,,,,,,,C,,Годен,,
1995675,WH1,,320805,New,End,,N,ЭКС,,,,,,,ЭКС-000012468   ,5962822.00000,ЭКС-000005911   ,,,False,167445,,,,"Кабель ППГнг(A)-HF 5x1,5-0,66",СМ,,0.88000,100.00000,92.42000,29666.82000,13.7,,0.29300,0.88000,,Y,,,0.00000,0,,,,М,2026-03-24 00:00:00,EKS000005911,N,,,,321.00000,94.05300,9523049.22000,,КГ,Заказной,Лихушина Н.И.,139592,М,Заказной товар,,0.00000,0.00000,a.manokhin,Пакет интерфейса поставки:908d22e9-e2de-46e0-9ca0-70d37a6a5b36,2026-03-24 15:51:25,321304,1997362,321.00000,1,,,01,,,,,C,,Годен,,
1995676,WH1,,320805,New,End,,N,ЭКС,,,,,,,ЭКС-000012468   ,5962823.00000,ЭКС-000005911   ,,,False,167535,,,,Кабель ППГнг(A)-HF 5x16,СМ,,2.32000,100.00000,838.46000,289268.70000,23.2,,1.23700,2.32000,,Y,,,0.00000,0,,,,М,2026-03-24 00:00:00,EKS000005911,N,,,,345.00000,426.76500,99797701.50000,,КГ,Заказной,Лихушина Н.И.,167535,М,Заказной товар,Сибкабель АО,0.00000,0.00000,a.manokhin,Пакет интерфейса поставки:908d22e9-e2de-46e0-9ca0-70d37a6a5b36,2026-03-24 15:51:25,321304,1997363,345.00000,1,,,01,,,,,C,,Годен,,
1995677,WH1,,320805,New,End,,N,ЭКС,,,,,,,ЭКС-000012468   ,5962824.00000,ЭКС-000005911   ,,,False,182486,,,,Кабель ППГнг(A)-HF 4x4,СМ,,1.20000,100.00000,162.37000,59589.79000,12.6,,0.30735,1.20000,,Y,,,0.00000,0,,,,М,2026-03-24 00:00:00,EKS000005911,N,,,,367.00000,112.79745,21869452.93000,,КГ,Заказной,Лихушина Н.И.,182486,М,Заказной товар,Сибкабель АО,0.00000,0.00000,a.manokhin,Пакет интерфейса поставки:908d22e9-e2de-46e0-9ca0-70d37a6a5b36,2026-03-24 15:51:25,321304,1997364,367.00000,1,,,01,,,,,C,,Годен,,
1995678,WH1,,320805,New,End,,N,ЭКС,,,,,,,ЭКС-000012468   ,5962825.00000,ЭКС-000005911   ,,,False,631402,,,,"Кабель ППГнг(A)-HF 5х4 ок(N,PE)-0,66",СМ,False,1.37000,100.00000,224.26000,55616.48000,13.7,,0.37900,1.37000,,Y,,,0.00000,0,,,,М,2026-03-24 00:00:00,EKS000005911,N,,,,248.00000,93.99200,13792887.04000,,КГ,Заказной,Лихушина Н.И.,,М,Заказной товар,Кабельный завод Кабэкс ОО,0.00000,0.00000,a.manokhin,Пакет интерфейса поставки:908d22e9-e2de-46e0-9ca0-70d37a6a5b36,2026-03-24 15:51:25,321304,1997365,248.00000,1,,,01,,,,,C,,Годен,,
1995679,WH1,,320806,New,End,,N,ЭКС,,,,,,,ЭКС-000066500   ,5962848.00000,ЭКС-000005919   ,,,False,874799,,,,Fenix Фонарь LR35R,СМ,False,7.00000,20.00000,15788.52000,78942.60000,,,0.56000,13.00000,,N,,,0.00000,0,,,,ШТ,2026-03-24 00:00:00,EKS000005919,N,,,,5.00000,2.80000,394713.00000,,КГ,Заказной,Колупаев В.Г.,,ШТ,Заказной товар,ВсеИнструменты.ру,0.00000,0.00000,n.bezrukov,Пакет интерфейса поставки:966a9160-4d4e-405a-9541-d9126cc83019,2026-03-24 15:53:37,321314,1997390,5.00000,2,,,,,,,,C,,Годен,,
1995680,WH1,,320807,New,End,,N,ЭКС,,,,,,,,5962693.00000,ЭКС-000005868   ,,,True,203242,,,,"Шина PE ""земля"" в комб DIN-изол ""Стойка"" ШНИ-8х12-6-КС-Ж ИЭК YNN10-812-6DP-K05",СМ,True,1.00000,9.00000,100.16000,22035.20000,,,0.05000,4.00000,,N,,,0.00000,0,,,,ШТ,2026-03-24 00:00:00,EKS000005868,N,,,,220.00000,5.50000,4847744.00000,,КГ,Дортман Анна Павловна,Феденькова Д.Ю.,YNN10-812-6DP-K05,ШТ,Базовый,ЭлектроОптТорг ООО,0.00000,0.00000,n.bezrukov,Пакет интерфейса поставки:1e9fb611-fad4-4e24-9261-b93696e2e047,2026-03-24 15:55:20,321260,1997272,220.00000,2,,,,,,,,C,,Годен,,
1995681,WH1,,320807,New,End,,N,ЭКС,,,,,,,,5962695.00000,ЭКС-000005868   ,,,False,136772,,,,Кнопка управления LAY5-BW3361 с подсветкой зеленый 1з IEK BBT50-BW-K06,СМ,,4.00000,8.00000,239.59000,4791.80000,,1,0.06000,4.00000,,N,,,0.00000,0,,,,ШТ,2026-03-24 00:00:00,EKS000005868,N,,,,20.00000,1.00000,95836.00000,,КГ,Катышев Александр Вячесла,Третьяков С.М.,BBT50-BW-K06,ШТ,Товар РЦ,ЭлектроОптТорг ООО,0.00000,0.00000,n.bezrukov,Пакет интерфейса поставки:1e9fb611-fad4-4e24-9261-b93696e2e047,2026-03-24 15:55:20,321260,1997262,20.00000,2,,,,,,,,C,,Годен,,
1995682,WH1,,320807,New,End,,N,ЭКС,,,,,,,,5962696.00000,ЭКС-000005868   ,,,False,102700,,,,"Трансформатор тока ТТИ-30  250/5А  5ВА  класс 0,5S  ИЭК",СМ,,5.00000,10.00000,767.53000,767.53000,,,0.40000,10.00000,,Y,,,0.00000,0,,,,ШТ,2026-03-24 00:00:00,EKS000005868,N,,,,1.00000,0.40000,767.53000,,КГ,Умрихина Е.В.,Третьяков С.М.,ITT20-3-05-0250,ШТ,Заказной товар,ЭлектроОптТорг ООО,0.00000,0.00000,n.bezrukov,Пакет интерфейса поставки:1e9fb611-fad4-4e24-9261-b93696e2e047,2026-03-24 15:55:20,321260,1997264,1.00000,2,,,,,,,,C,,Годен,,
1995683,WH1,,320807,New,End,,N,ЭКС,,,,,,,,5962697.00000,ЭКС-000005868   ,,,True,225000,,,,"Разъём RJ-45 UTP для кабеля кат.5Е, 8P8C",СМ,True,0.80000,3.00000,5.66000,5433.60000,,,0.00100,1.00000,,N,,,0.00000,0,,,,ШТ,2026-03-24 00:00:00,EKS000005868,N,,,,960.00000,9.60000,5216256.00000,,КГ,Коробейников Николай Алек,Козлова М.А.,CS3-1C5EU,ШТ,Базовый,ЭлектроОптТорг ООО,0.00000,0.00000,n.bezrukov,Пакет интерфейса поставки:1e9fb611-fad4-4e24-9261-b93696e2e047,2026-03-24 15:55:20,321260,1997271,960.00000,2,,,,,,,,A,,Годен,,
1995684,WH1,,320807,New,End,,N,ЭКС,,,,,,,,5962698.00000,ЭКС-000005868   ,,,False,7476,,,,УЗО ВД1-63 4Р 16А 30мА ИЭК,СМ,False,9.00000,8.00000,1234.07000,2468.14000,,,0.45000,9.00000,,N,,,0.00000,0,,,,ШТ,2026-03-24 00:00:00,EKS000005868,N,,,,2.00000,0.90000,4936.28000,,КГ,Складской комплекс,Шаповалов П.Г.,MDV10-4-016-030,ШТ,Товар РЦ,ЭлектроОптТорг ООО,0.00000,0.00000,n.bezrukov,Пакет интерфейса поставки:1e9fb611-fad4-4e24-9261-b93696e2e047,2026-03-24 15:55:20,321260,1997265,2.00000,2,,,,,,,,C,,Годен,,
1995685,WH1,,320807,New,End,,N,ЭКС,,,,,,,,5962699.00000,ЭКС-000005868   ,,,False,6646,,,,Выключатель авт. ВА88-32 3Р 50А 25кА ИЭК,СМ,False,10.00000,15.00000,2776.79000,8330.37000,,,0.98000,9.00000,,N,,,0.00000,0,,,,ШТ,2026-03-24 00:00:00,EKS000005868,N,,,,3.00000,2.94000,24991.11000,,КГ,Прочие,Самоличенко В.А.,SVA10-3-0050,ШТ,Товар РЦ,ЭлектроОптТорг ООО,0.00000,0.00000,n.bezrukov,Пакет интерфейса поставки:1e9fb611-fad4-4e24-9261-b93696e2e047,2026-03-24 15:55:20,321260,1997266,3.00000,2,,,,,,,,C,,Годен,,
1995686,WH1,,320807,New,End,,N,ЭКС,,,,,,,,5962700.00000,ЭКС-000005868   ,,,False,249169,,,,Держатель с защёлкой CF20 IEK черный (10 шт/комп),СМ,False,3.00000,10.00000,27.68000,2768.00000,,,0.10000,7.00000,,N,,,0.00000,0,,,,УП,2026-03-24 00:00:00,EKS000005868,N,,,,100.00000,1.20000,276800.00000,,КГ,Дортман Анна Павловна,Гилета О.В.,CTA10D-CF20-K02-010,УП,Базовый,ЭлектроОптТорг ООО,0.00000,0.00000,n.bezrukov,Пакет интерфейса поставки:1e9fb611-fad4-4e24-9261-b93696e2e047,2026-03-24 15:55:20,321260,1997269,100.00000,2,,,,,,,,C,,Годен,,
1995687,WH1,,320807,New,End,,N,ЭКС,,,,,,,,5962701.00000,ЭКС-000005868   ,,,False,152522,,,,Кронштейн настенный осн.100 мм. CLP1CW-100-1,СМ,,4.00000,13.00000,131.03000,16247.72000,,,0.15000,3.00000,,N,,,0.00000,0,,,,ШТ,2026-03-24 00:00:00,EKS000005868,N,,,,124.00000,18.60000,2014717.28000,,КГ,Дортман Анна Павловна,Киселев А.В.,CLP1CW-100-1,ШТ,Товар РЦ,ЭлектроОптТорг ООО,0.00000,0.00000,n.bezrukov,Пакет интерфейса поставки:1e9fb611-fad4-4e24-9261-b93696e2e047,2026-03-24 15:55:20,321260,1997261,124.00000,2,,,,,,,,C,,Годен,,
1995688,WH1,,320807,New,End,,N,ЭКС,,,,,,,,5962702.00000,ЭКС-000005868   ,,,False,153151,,,,Лоток перфорированный 50х100х3000 CLP10-050-100-3,СМ,,2.50000,100.00000,167.09000,10025.40000,,,1.18000,10.00000,,N,,,0.00000,0,,,,М,2026-03-24 00:00:00,EKS000005868,N,,,,60.00000,70.80000,601524.00000,,КГ,Дортман Анна Павловна,Киселев А.В.,CLP10-050-100-3,М,Базовый,ЭлектроОптТорг ООО,0.00000,0.00000,n.bezrukov,Пакет интерфейса поставки:1e9fb611-fad4-4e24-9261-b93696e2e047,2026-03-24 15:55:20,321260,1997260,60.00000,2,,,,,,,Long 3 met,A,,Годен,,
1995689,WH1,,320807,New,End,,N,ЭКС,,,,,,,,5962703.00000,ЭКС-000005868   ,,,False,769351,,,,"Плоский изменяемый угол для К.К. ""Праймер"" 80х40",СМ,,4.00000,11.00000,168.98000,2027.76000,,,0.10000,8.00000,,N,,,0.00000,0,,,,ШТ,2026-03-24 00:00:00,EKS000005868,N,,,,12.00000,1.50000,24333.12000,,КГ,,Гилета О.В.,CKK-40D-P-080-040-K01,ШТ,Товар РЦ,ЭлектроОптТорг ООО,0.00000,0.00000,n.bezrukov,Пакет интерфейса поставки:1e9fb611-fad4-4e24-9261-b93696e2e047,2026-03-24 15:55:20,321260,1997267,12.00000,2,,,,,,,,C,,Годен,,
1995690,WH1,,320807,New,End,,N,ЭКС,,,,,,,,5962704.00000,ЭКС-000005868   ,,,False,127573,,,,"Кабель-канал 100х60 ""ПРАЙМЕР"" парапетный",СМ,,6.00000,100.00000,412.73000,108960.72000,,,1.30000,10.00000,,N,,,0.00000,0,,,,М,2026-03-24 00:00:00,EKS000005868,N,,,,264.00000,343.20000,28765630.08000,,КГ,Дортман Анна Павловна,Гилета О.В.,CKK40-100-060-1-K01,М,Базовый,ЭлектроОптТорг ООО,0.00000,0.00000,n.bezrukov,Пакет интерфейса поставки:1e9fb611-fad4-4e24-9261-b93696e2e047,2026-03-24 15:55:20,321260,1997263,264.00000,2,,,,,,,Kanal,A,,Годен,,
1995691,WH1,,320807,New,End,,N,ЭКС,,,,,,,,5962705.00000,ЭКС-000005868   ,,,False,634304,,,,Корпус навес (800х600х250) ЩМП-80.60.25 УХЛ1 IP66,СМ,,25.00000,60.00000,9357.04000,37428.16000,,,30.00000,80.00000,,N,,,0.00000,0,,,,ШТ,2026-03-24 00:00:00,EKS000005868,N,,,,4.00000,120.00000,149712.64000,,КГ,Акулинский Петр Иванович,Феденькова Д.Ю.,TI5-10-N-080-060-025-66,ШТ,Товар РЦ,ЭлектроОптТорг ООО,0.00000,0.00000,n.bezrukov,Пакет интерфейса поставки:1e9fb611-fad4-4e24-9261-b93696e2e047,2026-03-24 15:55:20,321260,1997268,4.00000,2,,,,,,,,C,,Годен,,
1995692,WH1,,320807,New,End,,N,ЭКС,,,,,,,,5962706.00000,ЭКС-000005868   ,,,False,248303,,,,Заглушка для пломбировки ВА47-29 ИЭК (для авт.выкл.нов.обр.),СМ,False,1.00000,1.00000,4.10000,1771.20000,,,0.00140,1.00000,,N,,,0.00000,0,,,,ШТ,2026-03-24 00:00:00,EKS000005868,N,,,,432.00000,0.59800,765158.40000,,КГ,Катышев Александр Вячесла,Шаповалов П.Г.,MVA20D-UBV-3,ШТ,Базовый,ЭлектроОптТорг ООО,0.00000,0.00000,n.bezrukov,Пакет интерфейса поставки:1e9fb611-fad4-4e24-9261-b93696e2e047,2026-03-24 15:55:20,321260,1997270,432.00000,2,,,,,,,,C,,Годен,,
1995693,WH1,,320808,New,End,,N,ЭКС,,,,,,,ЭКС-000012313   ,5962841.00000,ЭКС-000005914   ,,,False,833307,,,,"1 - местная рамка, белая, пластик Эпика EKF",СМ,False,1.00000,9.00000,25.64000,230.76000,,,0.03000,9.00000,,N,,,0.00000,0,,,,ШТ,2026-03-24 00:00:00,EKS000005914,N,,,,9.00000,0.27000,2076.84000,,КГ,Заказной,Гилета О.В.,UP1-FPW-01,ШТ,Заказной товар,Электрорешения ООО,0.00000,0.00000,a.manokhin,Пакет интерфейса поставки:1e9fb611-fad4-4e24-9261-b93696e2e047,2026-03-24 15:55:38,321307,1997381,9.00000,2,,,,,,,,C,,Годен,,
1995694,WH1,,320808,New,End,,N,ЭКС,,,,,,,ЭКС-000012564   ,5962842.00000,ЭКС-000005914   ,,,False,860660,,,,Автоматический выключатель 1P 6А (C) 6кА ВА 47-63N EKF PROxima,СМ,,2.00000,9.00000,178.03000,1068.18000,,,0.09000,8.00000,,N,,,0.00000,0,,,,ШТ,2026-03-24 00:00:00,EKS000005914,N,,,,6.00000,0.54000,6409.08000,,КГ,Заказной,Шаповалов П.Г.,M636106C,ШТ,Заказной товар,Электрорешения ООО,0.00000,0.00000,a.manokhin,Пакет интерфейса поставки:1e9fb611-fad4-4e24-9261-b93696e2e047,2026-03-24 15:55:38,321307,1997380,6.00000,2,,,,,,,,C,,Годен,,
1995695,WH1,,320808,New,End,,N,ЭКС,,,,,,,ЭКС-000012589   ,5962840.00000,ЭКС-000005914   ,,,False,795791,,,,Systeme Electric Шинка Греб. 2P (L1L2) 18мм 12мод 63А,СМ,False,1.00000,20.00000,425.43000,850.86000,,,0.05000,1.00000,,N,,,0.00000,0,,,,ШТ,2026-03-24 00:00:00,EKS000005914,N,,,,2.00000,0.10000,1701.72000,,КГ,,Феденькова Д.Ю.,C9XPH212,ШТ,Товар филиала,СИСТЭМ ЭЛЕКТРИК АО (ранее,0.00000,0.00000,a.manokhin,Пакет интерфейса поставки:1e9fb611-fad4-4e24-9261-b93696e2e047,2026-03-24 15:55:38,321307,1997382,2.00000,2,,,,,,,,C,,Годен,,
1995696,WH1,,320809,New,End,,N,ЭКС,,,,,,,ЭКС-000005722   ,5962844.00000,ЭКС-000005916   ,,,False,883048,,,,Фонарь ручной/налобный Epilso LUMINUS SST40 10W 1200 Lm EPF-205,СМ,False,5.00000,12.00000,2850.82000,5701.64000,,,0.22000,11.00000,,N,,,0.00000,0,,,,ШТ,2026-03-24 00:00:00,EKS000005916,N,,,,2.00000,0.44000,11403.28000,,КГ,Заказной,Колупаев В.Г.,,ШТ,Заказной товар,ВсеИнструменты.ру,0.00000,0.00000,n.bezrukov,Пакет интерфейса поставки:1e9fb611-fad4-4e24-9261-b93696e2e047,2026-03-24 15:55:50,321311,1997386,2.00000,2,,,,,,,,C,,Годен,,
1995697,WH1,,320810,New,End,,N,ЭКС,,,,,,,ЭКС-000012439   ,5962819.00000,ЭКС-000005909   ,,,False,467964,,,,Выключатель автоматический модульный YON MD63-1C6-10 10kA,СМ,False,5.00000,8.00000,732.45000,2929.80000,,,0.11000,2.00000,,N,,,0.00000,0,,,,ШТ,2026-03-24 00:00:00,EKS000005909,N,,,,4.00000,0.44000,11719.20000,,КГ,Заказной,Шаповалов П.Г.,MD63-1C6-10,ШТ,Заказной товар,Диэлектрические кабельные,0.00000,0.00000,a.manokhin,Пакет интерфейса поставки:d537b43f-7c01-49dd-ae60-9617fcd6ffe3,2026-03-24 15:57:30,321302,1997360,4.00000,2,,,,,,,,C,,Годен,,
1995698,WH1,,320810,New,End,,N,ЭКС,,,,,,,ЭКС-000012583   ,5962820.00000,ЭКС-000005909   ,,,False,584826,,,,Устройство защиты многофункциональное УЗМ-50Ц УХЛ4,СМ,,4.00000,8.00000,3320.46000,3320.46000,,,0.10000,7.00000,,N,,,0.00000,0,,,,ШТ,2026-03-24 00:00:00,EKS000005909,N,,,,1.00000,0.10000,3320.46000,,КГ,Заказной,Третьяков С.М.,A8302-19911854,ШТ,Заказной товар,Реле и Автоматика  ООО,0.00000,0.00000,a.manokhin,Пакет интерфейса поставки:d537b43f-7c01-49dd-ae60-9617fcd6ffe3,2026-03-24 15:57:30,321302,1997359,1.00000,2,,,,,,,,C,,Годен,,
1995699,WH1,,320811,New,End,,N,ЭКС,,,,,,,,5962826.00000,ЭКС-000005912   ,,,False,40235,,,,Коробка уст. скр.пр. D68х45 г/к Gusi С3Е3 Евро,СМ,,7.00000,7.40000,10.34000,34122.00000,,,0.04000,6.00000,,N,,,0.00000,0,,,,ШТ,2026-03-24 00:00:00,EKS000005912,N,,,,3300.00000,61.50000,112602600.00000,,КГ,,Княжева Ю.В.,С3Е3 Евро,ШТ,Суперсклад,СНАБСИБЭЛЕКТРО  ООО (новы,0.00000,0.00000,a.manokhin,Пакет интерфейса поставки:d537b43f-7c01-49dd-ae60-9617fcd6ffe3,2026-03-24 15:57:42,321305,1997372,3300.00000,2,,,,,,,,A,,Годен,,
1995700,WH1,,320811,New,End,,N,ЭКС,,,,,,,,5962827.00000,ЭКС-000005912   ,,,False,76947,,,,Коробка уст. скр.пр. D68х45 кирпич. наборные Gusi С3М3 Евро,СМ,,7.00000,7.00000,8.20000,59040.00000,,,0.03000,6.00000,,N,,,0.00000,0,,,,ШТ,2026-03-24 00:00:00,EKS000005912,N,,,,7200.00000,200.00000,425088000.00000,,КГ,,Княжева Ю.В.,С3М3 Евро,ШТ,Суперсклад,СНАБСИБЭЛЕКТРО  ООО (новы,0.00000,0.00000,a.manokhin,Пакет интерфейса поставки:d537b43f-7c01-49dd-ae60-9617fcd6ffe3,2026-03-24 15:57:42,321305,1997371,7200.00000,2,,,,,,,,A,,Годен,,
1995701,WH1,,320811,New,End,,N,ЭКС,,,,,,,ЭКС-000011556   ,5962838.00000,ЭКС-000005912   ,,,False,744523,,,,"Розетка с ЗК, 16А, механизм, КАРБОН  /ARTGALLERY  /GAL001043",СМ,,4.00000,10.00000,315.28000,15133.44000,,,0.07000,8.00000,,N,,,0.00000,0,,,,ШТ,2026-03-24 00:00:00,EKS000005912,N,,,,48.00000,4.21000,726405.12000,,КГ,,Куграшова О.В.,GAL001043,ШТ,Выводится из ассортимента,СИСТЭМ ЭЛЕКТРИК АО (ранее,0.00000,0.00000,a.manokhin,Пакет интерфейса поставки:d537b43f-7c01-49dd-ae60-9617fcd6ffe3,2026-03-24 15:57:42,321305,1997373,48.00000,2,,,,,,,,C,,Годен,,
1995702,WH1,,320811,New,End,,N,ЭКС,,,,,,,ЭКС-000012248   ,5962833.00000,ЭКС-000005912   ,,,False,273205,,,,"Выключатель 1кл о/у (cх.1) изолир.пласт., 10А, 250B, ""Blanca"" алюминий  BLNVA101013",СМ,,5.00000,8.00000,146.29000,146.29000,,,0.00100,8.00000,,N,,,0.00000,0,,,,ШТ,2026-03-24 00:00:00,EKS000005912,N,,,,1.00000,0.00100,146.29000,,КГ,Заказной,Куграшова О.В.,BLNVA101013,ШТ,Заказной товар,Шнейдер Электрик АО,0.00000,0.00000,a.manokhin,Пакет интерфейса поставки:d537b43f-7c01-49dd-ae60-9617fcd6ffe3,2026-03-24 15:57:42,321305,1997378,1.00000,2,,,,,,,,C,,Годен,,
1995703,WH1,,320811,New,End,,N,ЭКС,,,,,,,ЭКС-000012309   ,5962830.00000,ЭКС-000005912   ,,,True,223227,,,,Розетка 2К+З (2мод) красная РКС-20-32-П (ИЭК) CKK-40D-RSZK2-K04-K Праймер,СМ,True,5.00000,5.00000,219.60000,2415.60000,,,0.10000,5.00000,,N,,,0.00000,0,,,,ШТ,2026-03-24 00:00:00,EKS000005912,N,,,,11.00000,1.10000,26571.60000,,КГ,Дортман Анна Павловна,Гилета О.В.,CKK-40D-RSZK2-K04-K,ШТ,Базовый,ЭлектроОптТорг ООО,0.00000,0.00000,a.manokhin,Пакет интерфейса поставки:d537b43f-7c01-49dd-ae60-9617fcd6ffe3,2026-03-24 15:57:42,321305,1997368,11.00000,2,,,,,,,,C,,Годен,,
1995704,WH1,,320811,New,End,,N,ЭКС,,,,,,,ЭКС-000012314   ,5962828.00000,ЭКС-000005912   ,,,False,155714,,,,"Переключатель LAY5-BJ33 3 положения ""I-0-II"" длин ручка ИЭК",СМ,,3.50000,8.00000,189.96000,379.92000,,,0.09500,4.50000,,N,,,0.00000,0,,,,ШТ,2026-03-24 00:00:00,EKS000005912,N,,,,2.00000,0.19000,759.84000,,КГ,Катышев Александр Вячесла,Третьяков С.М.,BSW70-BJ-3-K02,ШТ,Товар РЦ,ЭлектроОптТорг ООО,0.00000,0.00000,a.manokhin,Пакет интерфейса поставки:d537b43f-7c01-49dd-ae60-9617fcd6ffe3,2026-03-24 15:57:42,321305,1997370,2.00000,2,,,,,,,,C,,Годен,,
1995705,WH1,,320811,New,End,,N,ЭКС,,,,,,,ЭКС-000012320   ,5962831.00000,ЭКС-000005912   ,,,True,233990,,,,Гильза ГМЛ-6 медная луженая соединительная IEK UGTY10-006-04,СМ,True,0.30000,2.00000,9.97000,28913.00000,,,0.01000,0.30000,,N,,,0.00000,0,,,,ШТ,2026-03-24 00:00:00,EKS000005912,N,,,,2900.00000,13.05000,83847700.00000,,КГ,Дортман Анна Павловна,Княжева Ю.В.,UGTY10-006-04,ШТ,Базовый,ЭлектроОптТорг ООО,0.00000,0.00000,a.manokhin,Пакет интерфейса поставки:d537b43f-7c01-49dd-ae60-9617fcd6ffe3,2026-03-24 15:57:42,321305,1997367,2900.00000,2,,,,,,,,C,,Годен,,
1995706,WH1,,320811,New,End,,N,ЭКС,,,,,,,ЭКС-000012378   ,5962829.00000,ЭКС-000005912   ,,,False,191548,,,,"Рамка 2-ая, горизонтальная,""Glossa"" титан GSL000402",СМ,,0.60000,10.00000,104.84000,104.84000,,,0.10000,6.00000,,N,,,0.00000,0,,,,ШТ,2026-03-24 00:00:00,EKS000005912,N,,,,1.00000,0.10000,104.84000,,КГ,Заказной,Куграшова О.В.,GSL000402,ШТ,Распродажа,Шнейдер Электрик АО,0.00000,0.00000,a.manokhin,Пакет интерфейса поставки:d537b43f-7c01-49dd-ae60-9617fcd6ffe3,2026-03-24 15:57:42,321305,1997369,1.00000,2,,,,,,,,C,,Годен,,
1995707,WH1,,320811,New,End,,N,ЭКС,,,,,,,ЭКС-000012378   ,5962832.00000,ЭКС-000005912   ,,,False,264333,,,,"Выключатель с/п 2кл. б/рамки ""Glossa"" платина GSL001251",СМ,,3.00000,7.00000,254.61000,254.61000,,,0.10000,7.00000,,N,,,0.00000,0,,,,ШТ,2026-03-24 00:00:00,EKS000005912,N,,,,1.00000,0.10000,254.61000,,КГ,Заказной,Куграшова О.В.,GSL001251,ШТ,Распродажа,Шнейдер Электрик АО,0.00000,0.00000,a.manokhin,Пакет интерфейса поставки:d537b43f-7c01-49dd-ae60-9617fcd6ffe3,2026-03-24 15:57:42,321305,1997366,1.00000,2,,,,,,,,C,,Годен,,
1995708,WH1,,320811,New,End,,N,ЭКС,,,,,,,ЭКС-000012443   ,5962835.00000,ЭКС-000005912   ,,,False,744357,,,,"Рамка 1-пост, АЛЮМИНИЙ /ARTGALLERY  /GAL000301",СМ,,1.00000,8.00000,79.12000,237.36000,,,0.01000,8.00000,,N,,,0.00000,0,,,,ШТ,2026-03-24 00:00:00,EKS000005912,N,,,,3.00000,0.03000,712.08000,,КГ,Заказной,Куграшова О.В.,GAL000301,ШТ,Заказной товар,СИСТЭМ ЭЛЕКТРИК АО (ранее,0.00000,0.00000,a.manokhin,Пакет интерфейса поставки:d537b43f-7c01-49dd-ae60-9617fcd6ffe3,2026-03-24 15:57:42,321305,1997376,3.00000,2,,,,,,,,C,,Годен,,
1995709,WH1,,320811,New,End,,N,ЭКС,,,,,,,ЭКС-000012443   ,5962836.00000,ЭКС-000005912   ,,,False,744378,,,,"Переключатель 1-кл, сх.6, 10АХ, механизм, АЛЮМИНИЙ /ARTGALLERY  /GAL000361",СМ,,3.00000,7.00000,472.03000,944.06000,,,0.10000,7.00000,,N,,,0.00000,0,,,,ШТ,2026-03-24 00:00:00,EKS000005912,N,,,,2.00000,0.20000,1888.12000,,КГ,Заказной,Куграшова О.В.,GAL000361,ШТ,Заказной товар,СИСТЭМ ЭЛЕКТРИК АО (ранее,0.00000,0.00000,a.manokhin,Пакет интерфейса поставки:d537b43f-7c01-49dd-ae60-9617fcd6ffe3,2026-03-24 15:57:42,321305,1997375,2.00000,2,,,,,,,,C,,Годен,,
1995710,WH1,,320811,New,End,,N,ЭКС,,,,,,,ЭКС-000012443   ,5962837.00000,ЭКС-000005912   ,,,False,744379,,,,"Переключатель 2-кл, сх.6/2, 10АХ, механизм, АЛЮМИНИЙ /ARTGALLERY  /GAL000365",СМ,,4.00000,7.00000,635.36000,635.36000,,,0.08000,7.00000,,N,,,0.00000,0,,,,ШТ,2026-03-24 00:00:00,EKS000005912,N,,,,1.00000,0.08000,635.36000,,КГ,Заказной,Куграшова О.В.,GAL000365,ШТ,Заказной товар,СИСТЭМ ЭЛЕКТРИК АО (ранее,0.00000,0.00000,a.manokhin,Пакет интерфейса поставки:d537b43f-7c01-49dd-ae60-9617fcd6ffe3,2026-03-24 15:57:42,321305,1997374,1.00000,2,,,,,,,,C,,Годен,,
1995711,WH1,,320811,New,End,,N,ЭКС,,,,,,,ЭКС-000012550   ,5962834.00000,ЭКС-000005912   ,,,True,390793,,,,Тройник Т-01/03В 3 места 2P+PE 16А с выкл. белый IEK,СМ,True,6.00000,19.00000,315.88000,631.76000,,,0.30000,9.00000,,N,,,0.00000,0,,,,ШТ,2026-03-24 00:00:00,EKS000005912,N,,,,2.00000,0.60000,1263.52000,,КГ,Заказной,Княжева Ю.В.,WTP10-16-03-ZK-K01,ШТ,Заказной товар,ЭлектроОптТорг ООО,0.00000,0.00000,a.manokhin,Пакет интерфейса поставки:d537b43f-7c01-49dd-ae60-9617fcd6ffe3,2026-03-24 15:57:42,321305,1997377,2.00000,2,,,,,,,,C,,Годен,,
1995712,WH1,,320812,New,End,,N,ЭКС,,,,,,,ЭКС-000010992   ,5962846.00000,ЭКС-000005918   ,,,False,763615,,,,Баллон газовый TOUA с зеленым клапаном (длина 165 мм)  Стандарт,СМ,False,3.50000,19.50000,274.59000,2745.90000,,,0.20000,3.50000,,N,,,0.00000,0,,,,ШТ,2026-03-24 00:00:00,EKS000005918,N,,,,10.00000,1.04000,27459.00000,,КГ,,Петров И.В.,toua-fcgs,ШТ,Товар филиала,ВсеИнструменты.ру,0.00000,0.00000,n.bezrukov,Пакет интерфейса поставки:d537b43f-7c01-49dd-ae60-9617fcd6ffe3,2026-03-24 15:57:50,321313,1997389,10.00000,2,,,,,,,,C,,Годен,,
1995713,WH1,,320812,New,End,,N,ЭКС,,,,,,,ЭКС-000010992   ,5962847.00000,ЭКС-000005918   ,,,False,806419,,,,"Гвозди по бетону  TOUA 3,05x19 мм, 1000 шт. (по бетону, металлу, кирпичу) Bullet Point  усиленный",СМ,False,10.50000,19.50000,1072.95000,1072.95000,,,1.33000,12.50000,,N,,,0.00000,0,,,,ШТ,2026-03-24 00:00:00,EKS000005918,N,,,,1.00000,1.33000,1072.95000,,КГ,,Петров И.В.,30519stepEGBP,ШТ,Товар филиала,ВсеИнструменты.ру,0.00000,0.00000,n.bezrukov,Пакет интерфейса поставки:d537b43f-7c01-49dd-ae60-9617fcd6ffe3,2026-03-24 15:57:50,321313,1997388,1.00000,2,,,,,,,,C,,Годен,,
1995714,WH1,,320813,New,End,,N,ЭКС,,,,,,,ЭКС-000000116   ,5962845.00000,ЭКС-000005917   ,,,False,170367,,,,Лампа LED E27  Corn  12W/840  230V кукуруза 72LED Ecola 108х41мм,СМ,,13.00000,4.50000,250.00000,5000.00000,,,0.11000,4.50000,,N,,,0.00000,0,,,,ШТ,2026-03-24 00:00:00,EKS000005917,N,,,,20.00000,2.20000,100000.00000,,КГ,Заказной,Косова Т.В.,Z7NV12ELC,ШТ,Распродажа,Теплый свет  ООО,0.00000,0.00000,n.bezrukov,Пакет интерфейса поставки:685ad7bb-92d1-4ab5-8795-ed52b5801758,2026-03-24 15:59:29,321312,1997387,20.00000,2,,,,,,,,C,,Годен,,
1995715,WH1,,320814,New,End,,N,ЭКС,,,,,,,ЭКС-000007598   ,5962850.00000,ЭКС-000005920   ,,,False,866533,,,,"Набор г-образных шестигранных шаровых ключей 10 шт Gigant, размеры 1,5-10мм, grf-122",СМ,False,3.00000,20.00000,200.00000,2000.00000,,,0.30000,10.00000,,N,,,0.00000,0,,,,ШТ,2026-03-24 00:00:00,EKS000005920,N,,,,10.00000,3.00000,20000.00000,,КГ,Заказной,Петров И.В.,grf-122,ШТ,Заказной товар,ВсеИнструменты.ру,0.00000,0.00000,n.bezrukov,Пакет интерфейса поставки:685ad7bb-92d1-4ab5-8795-ed52b5801758,2026-03-24 15:59:38,321315,1997391,10.00000,2,,,,,,,,C,,Годен,,
1995716,WH1,,320815,New,End,,N,ЭКС,,,,,,,,5962771.00000,ЭКС-000005889   ,,,False,392897,,,,Кабель-канал белый 2-й замок в п/э 25х16 (80м/уп) Промрукав,СМ,,1.60000,100.00000,38.12000,9148.80000,,,0.08000,2.50000,,N,,,0.00000,0,,,,М,2026-03-25 00:00:00,EKS000005889,N,,,,240.00000,27.00000,2195712.00000,,КГ,Заказной,Гилета О.В.,PR.0625161,М,Заказной товар,Промрукав ООО,0.00000,0.00000,a.savitskiy,Пакет интерфейса поставки:b4d48764-9257-4879-a0be-ccdb5bea050f,2026-03-24 16:27:38,321281,1997322,240.00000,2,,,,,,,Kanal,C,,Годен,,
1995717,WH1,,320815,New,End,,N,ЭКС,,,,,,,ЭКС-000011815   ,5962761.00000,ЭКС-000005889   ,,,False,579861,,,,Муфта соединительная для двустенных труб d50 мм,СМ,,6.00000,11.00000,27.89000,223.12000,,,0.00500,6.00000,,N,,,0.00000,0,,,,ШТ,2026-03-25 00:00:00,EKS000005889,N,,,,8.00000,0.04000,1784.96000,,КГ,Заказной,Гилета О.В.,PR08.3108,ШТ,Заказной товар,Промрукав ООО,0.00000,0.00000,a.savitskiy,Пакет интерфейса поставки:b4d48764-9257-4879-a0be-ccdb5bea050f,2026-03-24 16:27:38,321281,1997318,8.00000,2,,,,,,,,C,,Годен,,
1995718,WH1,,320815,New,End,,N,ЭКС,,,,,,,ЭКС-000011815   ,5962762.00000,ЭКС-000005889   ,,,False,391894,,,,Хомут (FR ПР-25) (100шт/5000шт уп/кор) Промрукав,СМ,,0.10000,3.00000,5.33000,3198.00000,,,0.00200,1.50000,,N,,,0.00000,0,,,,ШТ,2026-03-25 00:00:00,EKS000005889,N,,,,600.00000,1.20000,1918800.00000,,КГ,Заказной,Гилета О.В.,PR08.3659,ШТ,Заказной товар,Промрукав ООО,0.00000,0.00000,a.savitskiy,Пакет интерфейса поставки:b4d48764-9257-4879-a0be-ccdb5bea050f,2026-03-24 16:27:38,321281,1997317,600.00000,2,,,,,,,,C,,Годен,,
1995719,WH1,,320815,New,End,,N,ЭКС,,,,,,,ЭКС-000011815   ,5962765.00000,ЭКС-000005889   ,,,False,529607,,,,Хомут заземления д 5-48 мм (нерж. сталь) Промрукав (Длина ленты: 21 см),СМ,,3.00000,22.00000,409.08000,31908.24000,,,0.05000,5.00000,,N,,,0.00000,0,,,,ШТ,2026-03-25 00:00:00,EKS000005889,N,,,,78.00000,3.90000,2488842.72000,,КГ,Заказной,Гилета О.В.,PR08.3874,ШТ,Заказной товар,Промрукав ООО,0.00000,0.00000,a.savitskiy,Пакет интерфейса поставки:b4d48764-9257-4879-a0be-ccdb5bea050f,2026-03-24 16:27:38,321281,1997319,78.00000,2,,,,,,,,C,,Годен,,
1995720,WH1,,320815,New,End,,N,ЭКС,,,,,,,ЭКС-000011815   ,5962770.00000,ЭКС-000005889   ,,,False,424963,,,,"Стяжки кабельные стальные СКС (316) 7,9х200 (100 шт/уп)",СМ,,0.30000,18.00000,20.97000,4194.00000,,,0.00010,0.50000,,N,,,0.00000,0,,,,ШТ,2026-03-25 00:00:00,EKS000005889,N,,,,200.00000,1.00000,838800.00000,,КГ,Заказной,Гилета О.В.,PR08.3969,ШТ,Заказной товар,Промрукав ООО,0.00000,0.00000,a.savitskiy,Пакет интерфейса поставки:b4d48764-9257-4879-a0be-ccdb5bea050f,2026-03-24 16:27:38,321281,1997321,200.00000,2,,,,,,,,C,,Годен,,
1995721,WH1,,320815,New,End,,N,ЭКС,,,,,,,ЭКС-000011815   ,5962775.00000,ЭКС-000005889   ,,,False,515686,,,,Скоба металлическая двухлапковая СМД 31-32 (50 шт/уп),СМ,,1.00000,5.00000,3.40000,6460.00000,,,0.02000,4.00000,,N,,,0.00000,0,,,,ШТ,2026-03-25 00:00:00,EKS000005889,N,,,,1900.00000,15.20000,12274000.00000,,КГ,Акулинский Петр Иванович,Гилета О.В.,PR08.2550,ШТ,Выводится из ассортимента,Промрукав ООО,0.00000,0.00000,a.savitskiy,Пакет интерфейса поставки:b4d48764-9257-4879-a0be-ccdb5bea050f,2026-03-24 16:27:38,321281,1997320,1900.00000,2,,,,,,,,C,,Годен,,
1995722,WH1,,320816,New,End,,N,ЭКС,,,,,,,,5962792.00000,ЭКС-000005894   ,,,False,747849,,,,Коробка установочная СП ГСК 80-0600-2С стойкая к горению (ПВ-2) 68х45 Промрукав 80-0600-2С,СМ,False,4.50000,7.50000,31.26000,6252.00000,,,0.02000,7.50000,,N,,,0.00000,0,,,,ШТ,2026-03-25 00:00:00,EKS000005894,N,,,,200.00000,4.44000,1250400.00000,,КГ,,Княжева Ю.В.,80-0600-2С,ШТ,Базовый,Промрукав ООО,0.00000,0.00000,a.savitskiy,Пакет интерфейса поставки:4c863b8c-dad1-452a-888f-c0375922731f,2026-03-24 16:31:27,321286,1997335,200.00000,2,,,,,,,,C,,Годен,,
1995723,WH1,,320817,New,End,,N,ЭКС,,,,,,,,5962787.00000,ЭКС-000005892   ,,,False,485843,,,,Коробка распаячная ОП (100х100х50) IP66 для прямого монтажа двухкомп-я безгалоген. (HF) серая Промру,СМ,,5.50000,11.00000,71.30000,79998.60000,,,0.02000,11.00000,,N,,,0.00000,0,,,,ШТ,2026-03-25 00:00:00,EKS000005892,N,,,,1122.00000,175.00000,89758429.20000,,КГ,Дортман Анна Павловна,Княжева Ю.В.,60-0300,ШТ,Базовый,Промрукав ООО,0.00000,0.00000,a.savitskiy,Пакет интерфейса поставки:ef5ead89-83de-4cb4-876d-e4f8512eb01b,2026-03-24 16:33:37,321284,1997332,1122.00000,2,,,,,,,,A,,Годен,,
1995724,WH1,,320817,New,End,,N,ЭКС,,,,,,,,5962788.00000,ЭКС-000005892   ,,,False,485891,,,,"Коробка распаячная ОП (70х70х40) IP66  для прямого монтажа двухком-я безгалоген, (HF) черная Промрук",СМ,,5.00000,8.00000,44.48000,13344.00000,,,0.03000,8.00000,,N,,,0.00000,0,,,,ШТ,2026-03-25 00:00:00,EKS000005892,N,,,,300.00000,6.00000,4003200.00000,,КГ,Дортман Анна Павловна,Княжева Ю.В.,60-0200-9005,ШТ,Товар филиала,Промрукав ООО,0.00000,0.00000,a.savitskiy,Пакет интерфейса поставки:ef5ead89-83de-4cb4-876d-e4f8512eb01b,2026-03-24 16:33:37,321284,1997331,300.00000,2,,,,,,,,C,,Годен,,
1995725,WH1,,320817,New,End,,N,ЭКС,,,,,,,ЭКС-000012088   ,5962786.00000,ЭКС-000005892   ,,,False,503656,,,,"Коробка распаячная ОП (70х70х40) IP66  для прямого монтажа двухком-я безгалоген, (HF) серая Промрука",СМ,,4.00000,7.00000,44.48000,13344.00000,,,0.15000,7.00000,,N,,,0.00000,0,,,,ШТ,2026-03-25 00:00:00,EKS000005892,N,,,,300.00000,30.00000,4003200.00000,,КГ,Заказной,Княжева Ю.В.,60-0200,ШТ,Заказной товар,Промрукав ООО,0.00000,0.00000,a.savitskiy,Пакет интерфейса поставки:ef5ead89-83de-4cb4-876d-e4f8512eb01b,2026-03-24 16:33:37,321284,1997330,300.00000,2,,,,,,,,C,,Годен,,
1995726,WH1,,320818,New,End,,N,ЭКС,,,,,,,,5962799.00000,ЭКС-000005897   ,,,False,452050,,,,Коробка распаячная ОП 40-0210 безгалогенная (HF) 80х80х40 (105шт/кор) Промрукав,СМ,,4.00000,9.00000,35.91000,3770.55000,,,0.01000,9.00000,,N,,,0.00000,0,,,,ШТ,2026-03-25 00:00:00,EKS000005897,N,,,,105.00000,9.00000,395907.75000,,КГ,Заказной,Княжева Ю.В.,40-0210,ШТ,Заказной товар,Промрукав ООО,0.00000,0.00000,a.savitskiy,Пакет интерфейса поставки:0b69a33a-cef9-4aa4-8000-d5d50d39e2c8,2026-03-24 16:35:33,321289,1997341,105.00000,2,,,,,,,,C,,Годен,,
1995727,WH1,,320819,New,End,,N,ЭКС,,,,,,,ЭКС-000012494   ,5962802.00000,ЭКС-000005899   ,,,False,617469,,,,Коробка установочная углубленная 80-0510С безгалогенная (HF) 68х62 с саморезами красная Промрукав,СМ,False,6.00000,7.00000,11.64000,3259.20000,,,0.01000,7.00000,,N,,,0.00000,0,,,,ШТ,2026-03-25 00:00:00,EKS000005899,N,,,,280.00000,2.80000,912576.00000,,КГ,Дортман Анна Павловна,Княжева Ю.В.,80-0510С,ШТ,Базовый,Промрукав ООО,0.00000,0.00000,a.savitskiy,Пакет интерфейса поставки:0b69a33a-cef9-4aa4-8000-d5d50d39e2c8,2026-03-24 16:35:41,321291,1997343,280.00000,2,,,,,,,,C,,Годен,,
1995728,WH1,,320820,New,End,,N,ЭКС,,,,,,,,5962742.00000,ЭКС-000005882   ,,,False,485874,,,,Держатель - клипса d25 для монтажного пистолета серая,СМ,,1.00000,3.00000,3.88000,6984.00000,,,0.00500,3.00000,,N,,,0.00000,0,,,,ШТ,2026-03-25 00:00:00,EKS000005882,N,,,,1800.00000,9.00000,12571200.00000,,КГ,Дортман Анна Павловна,Гилета О.В.,PR13.0121,ШТ,Базовый,Промрукав ООО,0.00000,0.00000,a.savitskiy,Пакет интерфейса поставки:edf5ab03-69fa-433f-afb8-9eb591d6182a,2026-03-24 16:37:26,321274,1997298,1800.00000,2,,,,,,,,B,,Годен,,
1995729,WH1,,320821,New,End,,N,ЭКС,,,,,,,ЭКС-000011810   ,5962790.00000,ЭКС-000005893   ,,,False,575697,,,,Крепёж-клипса для труб Полистирол белая д16 (100шт/2000шт уп/кор),СМ,,1.00000,2.50000,1.52000,152.00000,,,0.01000,2.00000,,N,,,0.00000,0,,,,ШТ,2026-03-25 00:00:00,EKS000005893,N,,,,100.00000,0.30000,15200.00000,,КГ,Заказной,Гилета О.В.,PR.02716б,ШТ,Заказной товар,Промрукав ООО,0.00000,0.00000,a.savitskiy,Пакет интерфейса поставки:edf5ab03-69fa-433f-afb8-9eb591d6182a,2026-03-24 16:37:35,321285,1997334,100.00000,2,,,,,,,,C,,Годен,,
1995730,WH1,,320821,New,End,,N,ЭКС,,,,,,,ЭКС-000011810   ,5962791.00000,ЭКС-000005893   ,,,False,428686,,,,Труба гофрированная ПЛЛ легкая безгалогенная (HF) негорючая (НГ) белая с/з д16 (100м/5500м уп/пал) П,СМ,,1.50000,100.00000,45.35000,4535.00000,,,0.03000,1.50000,,Y,,,0.00000,0,,,,М,2026-03-25 00:00:00,EKS000005893,N,,,,100.00000,5.00000,453500.00000,,КГ,Заказной,Гилета О.В.,PR02.0214,М,Заказной товар,Промрукав ООО,0.00000,0.00000,a.savitskiy,Пакет интерфейса поставки:edf5ab03-69fa-433f-afb8-9eb591d6182a,2026-03-24 16:37:35,321285,1997333,100.00000,1,,,,,,,Gofra,C,,Годен,,
1995731,WH1,,320822,New,End,,N,ЭКС,,,,,,,ЭКС-000010655   ,5962986.00000,ЭКС-000005934   ,,,False,882584,,,,Реле промежуточное ПР-102 5А 110В AC 3 конт. с LED-индикацией,СМ,False,2.00000,4.00000,254.24000,20339.20000,,,0.03000,2.70000,,N,,,0.00000,0,,,,ШТ,2026-03-26 00:00:00,EKS000005934,N,,,,80.00000,2.76000,1627136.00000,,КГ,Заказной,Третьяков С.М.,23881DEK,ШТ,,СИСТЭМ ЭЛЕКТРИК АО (ранее,0.00000,0.00000,a.savitskiy,Пакет интерфейса поставки:86d4b0e6-e5ea-4aca-99c8-55f4f2e0008c,2026-03-24 16:39:16,321329,1997466,80.00000,2,,,,,,,,C,,Годен,,
1995732,WH1,,320823,New,End,,N,ЭКС,,,,,,,ЭКС-000011698   ,5962979.00000,ЭКС-000005933   ,,,False,797904,,,,"Экопласт JBS300 Коробка распределительная о/п 300х250х120 8 вых., 12 муфты 44030",СМ,False,12.00000,30.00000,1535.25000,3070.50000,,,1.00000,25.00000,,N,,,0.00000,0,,,,ШТ,2026-03-23 00:00:00,EKS000005933,N,,,,2.00000,2.00000,6141.00000,,КГ,Заказной,Любаева С.В.,16062500,ШТ,Прочее,ВсеИнструменты.ру,0.00000,0.00000,n.bezrukov,Пакет интерфейса поставки:34255bf0-627b-4d1c-9677-43622dea8cf0,2026-03-24 16:41:26,321328,1997465,2.00000,2,,,,,,,,C,,Годен,,
1995733,WH1,,320824,New,End,,N,ЭКС,,,,,,,ЭКС-000011764   ,5962798.00000,ЭКС-000005896   ,,,False,419140,,,,"Трубка ТВ-40 ПВХ 4 мм ""кембрик"" (150 м/уп)",СМ,,0.50000,100.00000,3.86000,579.00000,,,0.10000,0.50000,,N,,,0.00000,0,,,,М,2026-03-25 00:00:00,EKS000005896,N,,,,150.00000,1.50000,86850.00000,,КГ,Заказной,Гилета О.В.,PR08.2562,М,Заказной товар,Промрукав ООО,0.00000,0.00000,a.savitskiy,Пакет интерфейса поставки:146dc78c-42ac-4cc7-a72a-4ade65766eac,2026-03-24 16:43:36,321288,1997340,150.00000,2,,,,,,,,C,,Годен,,
1995734,WH1,,320824,New,End,,N,ЭКС,,,,,,,ЭКС-000012152   ,5962795.00000,ЭКС-000005896   ,,,False,625481,,,,Кабель-канал белый 2-й замок в п/э 80х40 (30м/уп),СМ,,4.00000,100.00000,244.12000,7323.60000,,,0.20000,8.00000,,N,,,0.00000,0,,,,М,2026-03-25 00:00:00,EKS000005896,N,,,,30.00000,7.00000,219708.00000,,КГ,Заказной,Гилета О.В.,PR.0580401,М,Заказной товар,Промрукав ООО,0.00000,0.00000,a.savitskiy,Пакет интерфейса поставки:146dc78c-42ac-4cc7-a72a-4ade65766eac,2026-03-24 16:43:36,321288,1997339,30.00000,2,,,,,,,Kanal,C,,Годен,,
1995735,WH1,,320824,New,End,,N,ЭКС,,,,,,,ЭКС-000012168   ,5962796.00000,ЭКС-000005896   ,,,False,390575,,,,Труба  ПВХ  d16 гибкая лёгкая с протяжкой (100м),СМ,,1.60000,100.00000,10.13000,2026.00000,,,0.02000,1.60000,,Y,,,0.00000,0,,,,М,2026-03-25 00:00:00,EKS000005896,N,,,,200.00000,5.70000,405200.00000,,КГ,Дортман Анна Павловна,Гилета О.В.,PR.011631,М,Базовый,Промрукав ООО,0.00000,0.00000,a.savitskiy,Пакет интерфейса поставки:146dc78c-42ac-4cc7-a72a-4ade65766eac,2026-03-24 16:43:36,321288,1997337,200.00000,1,,,,,,,Gofra_BIG,C,,Годен,,
1995736,WH1,,320824,New,End,,N,ЭКС,,,,,,,ЭКС-000012168   ,5962797.00000,ЭКС-000005896   ,,,False,390575,,,,Труба  ПВХ  d16 гибкая лёгкая с протяжкой (100м),СМ,,1.60000,100.00000,10.13000,2026.00000,,,0.02000,1.60000,,Y,,,0.00000,0,,,,М,2026-03-25 00:00:00,EKS000005896,N,,,,200.00000,5.70000,405200.00000,,КГ,Дортман Анна Павловна,Гилета О.В.,PR.011631,М,Базовый,Промрукав ООО,0.00000,0.00000,a.savitskiy,Пакет интерфейса поставки:146dc78c-42ac-4cc7-a72a-4ade65766eac,2026-03-24 16:43:36,321288,1997338,200.00000,1,,,,,,,Gofra_BIG,C,,Годен,,
1995737,WH1,,320825,New,End,,N,ЭКС,,,,,,,,5962977.00000,ЭКС-000005932   ,,,False,525793,,,,Стеновое крепление лотка (кронштейн) LP5000,СМ,False,5.00000,9.00000,312.03000,3120.30000,,,0.10000,5.00000,,N,,,0.00000,0,,,,ШТ,2026-03-24 00:00:00,EKS000005932,N,,,,10.00000,0.90000,31203.00000,,КГ,Дортман Анна Павловна,Киселев А.В.,LP5000,ШТ,Недоступен к заказу,Диэлектрические кабельные,0.00000,0.00000,n.bezrukov,Пакет интерфейса поставки:76f697eb-ebfb-435a-ae36-153fff0cc317,2026-03-24 16:47:17,321327,1997464,10.00000,2,,,,,,,,C,,Годен,,
1995738,WH1,,320826,New,End,,N,ЭКС,,,,,,,ЭКС-000012299   ,5962906.00000,ЭКС-000005930   ,,,False,808697,,,,"DKC Лента изоляционная ПВХ 19x0,15 20м в рулоне Синяя",СМ,False,2.00000,7.00000,62.50000,3562.50000,,,0.01000,7.00000,,N,,,0.00000,0,,,,ШТ,2026-03-24 00:00:00,EKS000005930,N,,,,57.00000,1.41000,203062.50000,,КГ,Заказной,Петров И.В.,PVC192015BL,ШТ,Заказной товар,Диэлектрические кабельные,0.00000,0.00000,n.bezrukov,Пакет интерфейса поставки:75b019f4-f708-4fd1-b970-ab47d34c379c,2026-03-24 16:53:30,321325,1997436,57.00000,2,,,,,,,,C,,Годен,,
1995739,WH1,,320826,New,End,,N,ЭКС,,,,,,,ЭКС-000012299   ,5962907.00000,ЭКС-000005930   ,,,False,808696,,,,"DKC Лента изоляционная ПВХ 19x0,15 20м в рулоне Красная",СМ,False,2.00000,7.00000,62.50000,7187.50000,,,0.01000,7.00000,,N,,,0.00000,0,,,,ШТ,2026-03-24 00:00:00,EKS000005930,N,,,,115.00000,4.23000,826562.50000,,КГ,Заказной,Петров И.В.,PVC192015RD,ШТ,Заказной товар,Диэлектрические кабельные,0.00000,0.00000,n.bezrukov,Пакет интерфейса поставки:75b019f4-f708-4fd1-b970-ab47d34c379c,2026-03-24 16:53:30,321325,1997439,115.00000,2,,,,,,,,C,,Годен,,
1995740,WH1,,320826,New,End,,N,ЭКС,,,,,,,ЭКС-000012299   ,5962908.00000,ЭКС-000005930   ,,,False,808695,,,,"DKC Лента изоляционная ПВХ 19x0,15 20м в рулоне Белая",СМ,False,2.00000,7.00000,62.50000,15750.00000,,,0.01000,7.00000,,N,,,0.00000,0,,,,ШТ,2026-03-24 00:00:00,EKS000005930,N,,,,252.00000,13.24000,3969000.00000,,КГ,Заказной,Петров И.В.,PVC192015W,ШТ,Заказной товар,Диэлектрические кабельные,0.00000,0.00000,n.bezrukov,Пакет интерфейса поставки:75b019f4-f708-4fd1-b970-ab47d34c379c,2026-03-24 16:53:30,321325,1997440,252.00000,2,,,,,,,,C,,Годен,,
1995741,WH1,,320826,New,End,,N,ЭКС,,,,,,,ЭКС-000012453   ,5962901.00000,ЭКС-000005930   ,,,False,204277,,,,Шайба М8 узкая DIN125 CM240800,СМ,,0.20000,1.50000,1.82000,364.00000,,,0.00100,1.50000,,N,,,0.00000,0,,,,ШТ,2026-03-24 00:00:00,EKS000005930,N,,,,200.00000,0.26000,72800.00000,,КГ,Заказной,Киселёв А.В.,CM240800,ШТ,Заказной товар,Диэлектрические кабельные,0.00000,0.00000,n.bezrukov,Пакет интерфейса поставки:75b019f4-f708-4fd1-b970-ab47d34c379c,2026-03-24 16:53:30,321325,1997437,200.00000,2,,,,,,,,C,,Годен,,
1995742,WH1,,320826,New,End,,N,ЭКС,,,,,,,ЭКС-000012499   ,5962903.00000,ЭКС-000005930   ,,,False,848158,,,,Комплект для крепления встраиваемых щитков FRAME в полые стены,СМ,False,2.00000,12.00000,201.38000,201.38000,,,0.02000,9.00000,,N,,,0.00000,0,,,,ШТ,2026-03-24 00:00:00,EKS000005930,N,,,,1.00000,0.02000,201.38000,,КГ,Заказной,Феденькова Д.Ю.,F00APBW,ШТ,Заказной товар,Диэлектрические кабельные,0.00000,0.00000,n.bezrukov,Пакет интерфейса поставки:75b019f4-f708-4fd1-b970-ab47d34c379c,2026-03-24 16:53:30,321325,1997434,1.00000,2,,,,,,,,C,,Годен,,
1995743,WH1,,320826,New,End,,N,ЭКС,,,,,,,ЭКС-000012501   ,5962904.00000,ЭКС-000005930   ,,,False,839479,,,,Корпус встр. пласт. 2 ряда / 24 модуля ЩРВ-П-24 IP40 с 4 шин. PEN (8 отв. и 6 отв) FRAME,СМ,False,11.00000,42.00000,1642.15000,1642.15000,,,2.70000,32.00000,,N,,,0.00000,0,,,,ШТ,2026-03-24 00:00:00,EKS000005930,N,,,,1.00000,2.70000,1642.15000,,КГ,,Феденькова Д.Ю.,F24B1WD,ШТ,Новинка,Диэлектрические кабельные,0.00000,0.00000,n.bezrukov,Пакет интерфейса поставки:75b019f4-f708-4fd1-b970-ab47d34c379c,2026-03-24 16:53:30,321325,1997435,1.00000,2,,,,,,,,C,,Годен,,
1995744,WH1,,320826,New,End,,N,ЭКС,,,,,,,ЭКС-000012562   ,5962898.00000,ЭКС-000005930   ,,,False,318594,,,,"Труба ПЛЛ гибкая гофр. не содержит галогенов д.25мм, ПВ-0, с протяжкой,50м, цвет белый 81825",СМ,False,2.00000,100.00000,93.74000,9374.00000,,,0.07000,2.00000,,Y,,,0.00000,0,,,,М,2026-03-24 00:00:00,EKS000005930,N,,,,100.00000,5.00000,937400.00000,,КГ,Заказной,Гилета О.В.,81825,М,Заказной товар,Диэлектрические кабельные,0.00000,0.00000,n.bezrukov,Пакет интерфейса поставки:75b019f4-f708-4fd1-b970-ab47d34c379c,2026-03-24 16:53:30,321325,1997431,100.00000,1,,,,,,,Gofra,C,,Годен,,
1995745,WH1,,320826,New,End,,N,ЭКС,,,,,,,ЭКС-000012582   ,5962911.00000,ЭКС-000005930   ,,,False,208670,,,,Корпус сварной навесной серии ST с М/П Размер: 500x400x250 мм (ВхШхГ) IP65,СМ,False,22.00000,55.00000,4629.21000,4629.21000,,,10.00000,40.00000,,N,,,0.00000,0,,,,ШТ,2026-03-24 00:00:00,EKS000005930,N,,,,1.00000,10.00000,4629.21000,,КГ,Заказной,Феденькова Д.Ю.,R5ST0549,ШТ,Заказной товар,Диэлектрические кабельные,0.00000,0.00000,n.bezrukov,Пакет интерфейса поставки:75b019f4-f708-4fd1-b970-ab47d34c379c,2026-03-24 16:53:30,321325,1997446,1.00000,2,,,,,,,,C,,Годен,,
1995746,WH1,,320826,New,End,,N,ЭКС,,,,,,,ЭКС-000012597   ,5962912.00000,ЭКС-000005930   ,,,False,208677,,,,Корпус сварной навесной серии ST с М/П Размер: 600x400x250 мм (ВхШхГ) IP65,СМ,False,29.00000,60.00000,5263.41000,5263.41000,,,15.00000,40.00000,,N,,,0.00000,0,,,,ШТ,2026-03-24 00:00:00,EKS000005930,N,,,,1.00000,15.00000,5263.41000,,КГ,Заказной,Феденькова Д.Ю.,R5ST0649,ШТ,Заказной товар,Диэлектрические кабельные,0.00000,0.00000,n.bezrukov,Пакет интерфейса поставки:75b019f4-f708-4fd1-b970-ab47d34c379c,2026-03-24 16:53:30,321325,1997445,1.00000,2,,,,,,,,C,,Годен,,
1995747,WH1,,320826,New,End,,N,ЭКС,,,,,,,ЭКС-000012603   ,5962899.00000,ЭКС-000005930   ,,,False,36732,,3917320009,,Труба ПВХ гибкая гофрированная тяжелая 25мм 91525,СМ,False,2.60000,100.00000,39.26000,1963.00000,,,0.09400,2.60000,,Y,,,0.00000,0,,,,М,2026-03-24 00:00:00,EKS000005930,N,,,,50.00000,6.40000,98150.00000,,КГ,Заказной,Гилета О.В.,91525,М,Заказной товар,Диэлектрические кабельные,0.00000,0.00000,n.bezrukov,Пакет интерфейса поставки:75b019f4-f708-4fd1-b970-ab47d34c379c,2026-03-24 16:53:30,321325,1997432,50.00000,1,,,,,,,Gofra_BIG,C,,Годен,,
1995748,WH1,,320826,New,End,,N,ЭКС,,,,,,,ЭКС-000012603   ,5962900.00000,ЭКС-000005930   ,,,False,47038,,3917320009,,Труба ПВХ гибкая гофрированная тяжелая 32мм 91532,СМ,False,3.20000,100.00000,53.82000,2691.00000,,,0.15000,3.20000,,Y,,,0.00000,0,,,,М,2026-03-24 00:00:00,EKS000005930,N,,,,50.00000,1.00000,134550.00000,,КГ,Заказной,Гилета О.В.,91532,М,Заказной товар,Диэлектрические кабельные,0.00000,0.00000,n.bezrukov,Пакет интерфейса поставки:75b019f4-f708-4fd1-b970-ab47d34c379c,2026-03-24 16:53:30,321325,1997433,50.00000,1,,,,,,,Gofra_BIG,C,,Годен,,
1995749,WH1,,320826,New,End,,N,ЭКС,,,,,,,ЭКС-000012628   ,5962897.00000,ЭКС-000005930   ,,,False,391696,,,,"Муфта металлорукав-коробка DN 26,М25х1,5 наружная резьба ДКС 6014-2527",СМ,,5.00000,5.00000,2075.27000,18677.43000,,,0.85000,5.00000,,N,,,0.00000,0,,,,ШТ,2026-03-24 00:00:00,EKS000005930,N,,,,9.00000,7.65000,168096.87000,,КГ,Заказной,Гилета О.В.,6014-2527,ШТ,Распродажа,Диэлектрические кабельные,0.00000,0.00000,n.bezrukov,Пакет интерфейса поставки:75b019f4-f708-4fd1-b970-ab47d34c379c,2026-03-24 16:53:30,321325,1997441,9.00000,2,,,,,,,,C,,Годен,,
1995750,WH1,,320826,New,End,,N,ЭКС,,,,,,,ЭКС-000012639   ,5962902.00000,ЭКС-000005930   ,,,False,285030,,,,Усиленный клиновой анкер М8х65  CM480865,СМ,,1.00000,7.00000,26.02000,2602.00000,,,0.20000,1.00000,,N,,,0.00000,0,,,,ШТ,2026-03-24 00:00:00,EKS000005930,N,,,,100.00000,3.00000,260200.00000,,КГ,Дортман Анна Павловна,Киселев А.В.,CM480865,ШТ,Распродажа,Диэлектрические кабельные,0.00000,0.00000,n.bezrukov,Пакет интерфейса поставки:75b019f4-f708-4fd1-b970-ab47d34c379c,2026-03-24 16:53:30,321325,1997443,100.00000,2,,,,,,,,C,,Годен,,
1995751,WH1,,320826,New,End,,N,ЭКС,,,,,,,ЭКС-000012639   ,5962905.00000,ЭКС-000005930   ,,,False,207201,,,,"С-обр. профиль для пров. лотка 41х21, L3000 FPL2130",СМ,,1.80000,100.00000,551.15000,6613.80000,,,1.00000,4.00000,,N,,,0.00000,0,,,,М,2026-03-24 00:00:00,EKS000005930,N,,,,12.00000,12.00000,79365.60000,,КГ,Заказной,Киселёв А.В.,FPL2130,М,Заказной товар,Диэлектрические кабельные,0.00000,0.00000,n.bezrukov,Пакет интерфейса поставки:75b019f4-f708-4fd1-b970-ab47d34c379c,2026-03-24 16:53:30,321325,1997447,12.00000,2,,,,,,,,C,,Годен,,
1995752,WH1,,320826,New,End,,N,ЭКС,,,,,,,ЭКС-000012677   ,5962910.00000,ЭКС-000005930   ,,,False,228923,,,,"Обогреватель с клеммной колодкой,  P=150 R5SHT150",СМ,,10.00000,22.00000,5755.75000,11511.50000,,,0.88000,12.00000,,N,,,0.00000,0,,,,ШТ,2026-03-24 00:00:00,EKS000005930,N,,,,2.00000,1.76000,23023.00000,,КГ,Заказной,Феденькова Д.Ю.,R5SHT150,ШТ,Заказной товар,Диэлектрические кабельные,0.00000,0.00000,n.bezrukov,Пакет интерфейса поставки:75b019f4-f708-4fd1-b970-ab47d34c379c,2026-03-24 16:53:30,321325,1997444,2.00000,2,,,,,,,,C,,Годен,,
1995753,WH1,,320826,New,End,,N,ЭКС,,,,,,,ЭКС-000012683   ,5962896.00000,ЭКС-000005930   ,,,False,357487,,,,Наконечник кольцевой под винт 16 кв.мм винт 8 мм 2E8,СМ,,0.50000,3.00000,16.67000,1667.00000,,,0.02000,1.50000,,N,,,0.00000,0,,,,ШТ,2026-03-24 00:00:00,EKS000005930,N,,,,100.00000,0.20000,166700.00000,,КГ,Заказной,Княжева Ю.В.,2E8,ШТ,Распродажа,Диэлектрические кабельные,0.00000,0.00000,n.bezrukov,Пакет интерфейса поставки:75b019f4-f708-4fd1-b970-ab47d34c379c,2026-03-24 16:53:30,321325,1997442,100.00000,2,,,,,,,,C,,Годен,,
1995754,WH1,,320826,New,End,,N,ЭКС,,,,,,,ЭКС-000012693   ,5962895.00000,ЭКС-000005930   ,,,False,114803,,,,"Наконечник с отверстием под винт и изолир.фланцем, 0,25-1,5мм 2A4P",СМ,,0.50000,2.00000,5.69000,2276.00000,,,0.01000,0.50000,,N,,,0.00000,0,,,,ШТ,2026-03-24 00:00:00,EKS000005930,N,,,,400.00000,0.20000,910400.00000,,КГ,Заказной,Княжева Ю.В.,2A4P,ШТ,Недоступен к заказу,Диэлектрические кабельные,0.00000,0.00000,n.bezrukov,Пакет интерфейса поставки:75b019f4-f708-4fd1-b970-ab47d34c379c,2026-03-24 16:53:30,321325,1997438,400.00000,2,,,,,,,,C,,Годен,,
1995755,WH1,,320827,New,End,,N,ЭКС,,,,,,,ЭКС-000011288   ,5962783.00000,ЭКС-000005890   ,,,False,390581,,,,Труба  ПВХ  d32 гибкая лёгкая с протяжкой (25м),СМ,,3.50000,100.00000,28.14000,4924.50000,,,0.02000,3.50000,,Y,,,0.00000,0,,,,М,2026-03-25 00:00:00,EKS000005890,N,,,,175.00000,14.00000,861787.50000,,КГ,Дортман Анна Павловна,Гилета О.В.,PR.013231,М,Выводится из ассортимента,Промрукав ООО,0.00000,0.00000,a.savitskiy,Пакет интерфейса поставки:3c5e3f58-fb3f-4ff8-af3d-e019d3a83e5b,2026-03-24 17:01:52,321282,1997325,175.00000,1,,,,,,,Gofra_BIG,C,,Годен,,
1995756,WH1,,320827,New,End,,N,ЭКС,,,,,,,ЭКС-000011443   ,5962781.00000,ЭКС-000005890   ,,,False,387643,,,,Тройник разборный д20 (50шт/600шт уп/кор) Промрукав,СМ,,2.00000,7.00000,14.16000,708.00000,,,0.03000,4.00000,,N,,,0.00000,0,,,,ШТ,2026-03-25 00:00:00,EKS000005890,N,,,,50.00000,1.50000,35400.00000,,КГ,Заказной,Гилета О.В.,PR.07320,ШТ,Заказной товар,Промрукав ООО,0.00000,0.00000,a.savitskiy,Пакет интерфейса поставки:3c5e3f58-fb3f-4ff8-af3d-e019d3a83e5b,2026-03-24 17:01:52,321282,1997328,50.00000,2,,,,,,,,C,,Годен,,
1995757,WH1,,320827,New,End,,N,ЭКС,,,,,,,ЭКС-000011443   ,5962784.00000,ЭКС-000005890   ,,,False,570960,,,,Соединитель угловой разборный д20 (50шт/800шт уп/кор),СМ,,2.00000,6.00000,9.60000,960.00000,,,0.00100,2.00000,,N,,,0.00000,0,,,,ШТ,2026-03-25 00:00:00,EKS000005890,N,,,,100.00000,0.20000,96000.00000,,КГ,Заказной,Гилета О.В.,PR.07520,ШТ,Заказной товар,Промрукав ООО,0.00000,0.00000,a.savitskiy,Пакет интерфейса поставки:3c5e3f58-fb3f-4ff8-af3d-e019d3a83e5b,2026-03-24 17:01:52,321282,1997326,100.00000,2,,,,,,,,C,,Годен,,
1995758,WH1,,320827,New,End,,N,ЭКС,,,,,,,ЭКС-000011502   ,5962779.00000,ЭКС-000005890   ,,,False,378882,,,,Труба гофрированная ПНД лёгкая 350 Н безгалогенная (HF) стойкая к ультрафиолету черная с/з д16 (100м,СМ,,1.60000,100.00000,11.91000,2382.00000,,,0.25000,1.60000,,Y,,,0.00000,0,,,,М,2026-03-25 00:00:00,EKS000005890,N,,,,200.00000,6.60000,476400.00000,,КГ,Заказной,Гилета О.В.,161556,М,Заказной товар,Промрукав ООО,0.00000,0.00000,a.savitskiy,Пакет интерфейса поставки:3c5e3f58-fb3f-4ff8-af3d-e019d3a83e5b,2026-03-24 17:01:52,321282,1997323,200.00000,1,,,,,,,Gofra,C,,Годен,,
1995759,WH1,,320827,New,End,,N,ЭКС,,,,,,,ЭКС-000011502   ,5962780.00000,ЭКС-000005890   ,,,False,286797,,,,Труба гофр ПНД d 20 легкая с зондом безгалогенная HF стойкая к уф(100 м) черная,СМ,,2.00000,100.00000,15.61000,3122.00000,,,0.02000,2.00000,,Y,,,0.00000,0,,,,М,2026-03-25 00:00:00,EKS000005890,N,,,,200.00000,12.00000,624400.00000,,КГ,Заказной,Гилета О.В.,161557,М,Заказной товар,Промрукав ООО,0.00000,0.00000,a.savitskiy,Пакет интерфейса поставки:3c5e3f58-fb3f-4ff8-af3d-e019d3a83e5b,2026-03-24 17:01:52,321282,1997324,200.00000,1,,,,,,,Gofra,C,,Годен,,
1995760,WH1,,320827,New,End,,N,ЭКС,,,,,,,ЭКС-000011513   ,5962782.00000,ЭКС-000005890   ,,,False,438702,,,,Муфта вводная для гофрированных труб серая ВМ-ГТ-25 Промрукав,СМ,,4.00000,5.00000,68.83000,2064.90000,,,0.02000,4.00000,,N,,,0.00000,0,,,,ШТ,2026-03-25 00:00:00,EKS000005890,N,,,,30.00000,0.60000,61947.00000,,КГ,Заказной,Гилета О.В.,PR08.3270,ШТ,Заказной товар,Промрукав ООО,0.00000,0.00000,a.savitskiy,Пакет интерфейса поставки:3c5e3f58-fb3f-4ff8-af3d-e019d3a83e5b,2026-03-24 17:01:52,321282,1997327,30.00000,2,,,,,,,,C,,Годен,,
1995761,WH1,,320828,New,End,,N,ЭКС,,,,,,,,5962748.00000,ЭКС-000005887   ,,,False,470491,,,,Держатель - клипса d16 для монтажного пистолета серая,СМ,,1.00000,3.00000,2.70000,1620.00000,,,0.00100,3.00000,,N,,,0.00000,0,,,,ШТ,2026-03-25 00:00:00,EKS000005887,N,,,,600.00000,1.20000,972000.00000,,КГ,Дортман Анна Павловна,Гилета О.В.,PR13.0119,ШТ,Базовый,Промрукав ООО,0.00000,0.00000,a.savitskiy,Пакет интерфейса поставки:c961a68f-2bc7-43e9-93ff-042517c68522,2026-03-24 17:03:33,321279,1997308,600.00000,2,,,,,,,,C,,Годен,,
1995762,WH1,,320828,New,End,,N,ЭКС,,,,,,,,5962749.00000,ЭКС-000005887   ,,,False,470490,,,,Держатель - клипса d20 для монтажного пистолета серая,СМ,,1.00000,3.00000,2.80000,25480.00000,,,0.02000,2.00000,,N,,,0.00000,0,,,,ШТ,2026-03-25 00:00:00,EKS000005887,N,,,,9100.00000,33.84000,231868000.00000,,КГ,Дортман Анна Павловна,Гилета О.В.,PR13.0120,ШТ,Базовый,Промрукав ООО,0.00000,0.00000,a.savitskiy,Пакет интерфейса поставки:c961a68f-2bc7-43e9-93ff-042517c68522,2026-03-24 17:03:33,321279,1997309,9100.00000,2,,,,,,,,B,,Годен,,
1995763,WH1,,320828,New,End,,N,ЭКС,,,,,,,,5962752.00000,ЭКС-000005887   ,,,False,502382,,,,Труба жесткая ПВХ 2-х метровая легкая черная д20 (100м/уп) Промрукав,СМ,,2.00000,100.00000,26.53000,7959.00000,,,0.20000,2.00000,,N,,,0.00000,0,,,,М,2026-03-25 00:00:00,EKS000005887,N,,,,300.00000,45.00000,2387700.00000,,КГ,Дортман Анна Павловна,Гилета О.В.,PR05.0118,М,Базовый,Промрукав ООО,0.00000,0.00000,a.savitskiy,Пакет интерфейса поставки:c961a68f-2bc7-43e9-93ff-042517c68522,2026-03-24 17:03:33,321279,1997307,300.00000,2,,,,,,,Long 2,C,,Годен,,
1995764,WH1,,320828,New,End,,N,ЭКС,,,,,,,,5962753.00000,ЭКС-000005887   ,,,False,506434,,,,Держатель кабеля двусторонний для прямого монтажа черный,СМ,,2.00000,25.00000,24.84000,10432.80000,,,0.05000,3.00000,,N,,,0.00000,0,,,,ШТ,2026-03-25 00:00:00,EKS000005887,N,,,,420.00000,10.20000,4381776.00000,,КГ,Дортман Анна Павловна,Гилета О.В.,PR13.0383,ШТ,Базовый,Промрукав ООО,0.00000,0.00000,a.savitskiy,Пакет интерфейса поставки:c961a68f-2bc7-43e9-93ff-042517c68522,2026-03-24 17:03:33,321279,1997305,420.00000,2,,,,,,,,B,,Годен,,
1995765,WH1,,320828,New,End,,N,ЭКС,,,,,,,,5962754.00000,ЭКС-000005887   ,,,False,506433,,,,Держатель кабеля двусторонний для прямого монтажа белый,СМ,,2.00000,25.00000,24.84000,2484.00000,,,0.05000,3.00000,,N,,,0.00000,0,,,,ШТ,2026-03-25 00:00:00,EKS000005887,N,,,,100.00000,2.00000,248400.00000,,КГ,Дортман Анна Павловна,Гилета О.В.,PR13.0384,ШТ,Базовый,Промрукав ООО,0.00000,0.00000,a.savitskiy,Пакет интерфейса поставки:c961a68f-2bc7-43e9-93ff-042517c68522,2026-03-24 17:03:33,321279,1997306,100.00000,2,,,,,,,,C,,Годен,,
1995766,WH1,,320828,New,End,,N,ЭКС,,,,,,,,5962755.00000,ЭКС-000005887   ,,,False,506435,,,,Держатель кабеля односторонний для прямого монтажа белый,СМ,,2.00000,12.00000,14.20000,2840.00000,,,0.05000,3.00000,,N,,,0.00000,0,,,,ШТ,2026-03-25 00:00:00,EKS000005887,N,,,,200.00000,3.00000,568000.00000,,КГ,Дортман Анна Павловна,Гилета О.В.,PR13.0385,ШТ,Базовый,Промрукав ООО,0.00000,0.00000,a.savitskiy,Пакет интерфейса поставки:c961a68f-2bc7-43e9-93ff-042517c68522,2026-03-24 17:03:33,321279,1997314,200.00000,2,,,,,,,,C,,Годен,,
1995767,WH1,,320828,New,End,,N,ЭКС,,,,,,,,5962756.00000,ЭКС-000005887   ,,,False,582886,,,,Крепеж-клипса для труб атмосферостойкая для монтажного пистолета черная в п/э d20 мм (100шт/900шт уп,СМ,,1.50000,3.00000,3.09000,7416.00000,,,0.00300,3.00000,,N,,,0.00000,0,,,,ШТ,2026-03-25 00:00:00,EKS000005887,N,,,,2400.00000,8.66000,17798400.00000,,КГ,Акулинский Петр Иванович,Гилета О.В.,PR13.0406,ШТ,Базовый,Промрукав ООО,0.00000,0.00000,a.savitskiy,Пакет интерфейса поставки:c961a68f-2bc7-43e9-93ff-042517c68522,2026-03-24 17:03:33,321279,1997312,2400.00000,2,,,,,,,,B,,Годен,,
1995768,WH1,,320828,New,End,,N,ЭКС,,,,,,,,5962757.00000,ЭКС-000005887   ,,,False,664363,,,,Площадка под стяжку усиленная для прямого монтажа черная (1уп=50шт) Промрукав,СМ,,4.00000,19.00000,100.41000,8032.80000,,,0.12000,15.00000,,N,,,0.00000,0,,,,УП,2026-03-25 00:00:00,EKS000005887,N,,,,80.00000,38.60000,642624.00000,,КГ,Дортман Анна Павловна,Гилета О.В.,PR13.0460_уп50шт,УП,Базовый,Промрукав ООО,0.00000,0.00000,a.savitskiy,Пакет интерфейса поставки:c961a68f-2bc7-43e9-93ff-042517c68522,2026-03-24 17:03:33,321279,1997311,80.00000,2,,,,,,,,A,,Годен,,
1995769,WH1,,320828,New,End,,N,ЭКС,,,,,,,,5962758.00000,ЭКС-000005887   ,,,False,390579,,,,Труба  ПВХ  d25 гибкая лёгкая с протяжкой (50м),СМ,,2.50000,100.00000,19.83000,11898.00000,,,0.10000,2.50000,,Y,,,0.00000,0,,,,М,2026-03-25 00:00:00,EKS000005887,N,,,,600.00000,36.00000,7138800.00000,,КГ,Дортман Анна Павловна,Гилета О.В.,PR.012531,М,Базовый,Промрукав ООО,0.00000,0.00000,a.savitskiy,Пакет интерфейса поставки:c961a68f-2bc7-43e9-93ff-042517c68522,2026-03-24 17:03:33,321279,1997304,600.00000,1,,,,,,,Gofra_BIG,C,,Годен,,
1995770,WH1,,320828,New,End,,N,ЭКС,,,,,,,ЭКС-000012235   ,5962751.00000,ЭКС-000005887   ,,,False,529607,,,,Хомут заземления д 5-48 мм (нерж. сталь) Промрукав (Длина ленты: 21 см),СМ,,3.00000,22.00000,449.53000,8990.60000,,,0.05000,5.00000,,N,,,0.00000,0,,,,ШТ,2026-03-25 00:00:00,EKS000005887,N,,,,20.00000,1.00000,179812.00000,,КГ,Заказной,Гилета О.В.,PR08.3874,ШТ,Заказной товар,Промрукав ООО,0.00000,0.00000,a.savitskiy,Пакет интерфейса поставки:c961a68f-2bc7-43e9-93ff-042517c68522,2026-03-24 17:03:33,321279,1997313,20.00000,2,,,,,,,,C,,Годен,,
1995771,WH1,,320828,New,End,,N,ЭКС,,,,,,,ЭКС-000012273   ,5962750.00000,ЭКС-000005887   ,,,False,391893,,,,Хомут (FR ПР-40) (100шт/5000шт уп/кор) Промрукав,СМ,,0.10000,6.00000,6.55000,8515.00000,,,0.00200,3.00000,,N,,,0.00000,0,,,,ШТ,2026-03-25 00:00:00,EKS000005887,N,,,,1300.00000,2.60000,11069500.00000,,КГ,Заказной,Гилета О.В.,PR08.3660,ШТ,Заказной товар,Промрукав ООО,0.00000,0.00000,a.savitskiy,Пакет интерфейса поставки:c961a68f-2bc7-43e9-93ff-042517c68522,2026-03-24 17:03:33,321279,1997310,1300.00000,2,,,,,,,,C,,Годен,,
1995772,WH1,,320829,New,End,,N,ЭКС,,,,,,,ЭКС-000009377   ,5962858.00000,ЭКС-000005926   ,,,False,208672,,,,Корпус сварной навесной серии ST с М/П Размер: 500x500x300 мм (ВхШхГ) IP65,СМ,False,30.00000,50.00000,5647.53000,931842.45000,,,8.00000,50.00000,,N,,,0.00000,0,,,,ШТ,2026-03-24 00:00:00,EKS000005926,N,,,,165.00000,2440.00000,153754004.25000,,КГ,Заказной,Феденькова Д.Ю.,R5ST0553,ШТ,Заказной товар,Диэлектрические кабельные,0.00000,0.00000,n.bezrukov,Пакет интерфейса поставки:c961a68f-2bc7-43e9-93ff-042517c68522,2026-03-24 17:03:41,321321,1997398,165.00000,2,,,,,,,,C,,Годен,,
1995773,WH1,,320830,New,End,,N,ЭКС,,,,,,,ЭКС-000010940   ,5962794.00000,ЭКС-000005895   ,,,False,178259,,,,Труба гофр ПНД d 25 с зондом безгалогенная HF (50 м) черная,СМ,,2.50000,100.00000,15.88000,7146.00000,,,0.08000,2.50000,,Y,,,0.00000,0,,,,М,2026-03-25 00:00:00,EKS000005895,N,,,,450.00000,18.00000,3215700.00000,,КГ,Заказной,Гилета О.В.,PR.022551,М,Выводится из ассортимента,Промрукав ООО,0.00000,0.00000,a.savitskiy,Пакет интерфейса поставки:a27b9ebe-1c70-4b20-b35a-746f5270b5fc,2026-03-24 17:05:21,321287,1997336,450.00000,1,,,,,,,Gofra_BIG,C,,Годен,,
1995774,WH1,,320831,New,End,,N,ЭКС,,,,,,,,5962883.00000,ЭКС-000005928   ,,,False,85479,,,,"Клеммник Фибергласс, 12p, 150C, 450V, 24A, 2,5 мм.кв 43212FV",СМ,,1.25000,12.00000,119.44000,38220.80000,,,0.03000,2.00000,,N,,,0.00000,0,,,,ШТ,2026-03-24 00:00:00,EKS000005928,N,,,,320.00000,9.60000,12230656.00000,,КГ,Дортман Анна Павловна,Феденькова Д.Ю.,43212FV,ШТ,Базовый,Диэлектрические кабельные,0.00000,0.00000,n.bezrukov,Пакет интерфейса поставки:a27b9ebe-1c70-4b20-b35a-746f5270b5fc,2026-03-24 17:05:31,321323,1997421,320.00000,2,,,,,,,,C,,Годен,,
1995775,WH1,,320831,New,End,,N,ЭКС,,,,,,,,5962886.00000,ЭКС-000005928   ,,,False,839492,,,,Корпус встр. пласт. 1 ряд / 12 модулей ЩРВ-П-12 IP 40 с 2 шинами PEN на 6 и 8 отв.FRAME,СМ,False,11.00000,32.00000,877.50000,6142.50000,,,1.18000,24.00000,,N,,,0.00000,0,,,,ШТ,2026-03-24 00:00:00,EKS000005928,N,,,,7.00000,8.26000,42997.50000,,КГ,,Феденькова Д.Ю.,F12B1WD,ШТ,Новинка,Диэлектрические кабельные,0.00000,0.00000,n.bezrukov,Пакет интерфейса поставки:a27b9ebe-1c70-4b20-b35a-746f5270b5fc,2026-03-24 17:05:31,321323,1997423,7.00000,2,,,,,,,,C,,Годен,,
1995776,WH1,,320831,New,End,,N,ЭКС,,,,,,,ЭКС-000009693   ,5962888.00000,ЭКС-000005928   ,,,False,839769,,,,DKC F5/1А Предохранитель 1А,СМ,False,0.40000,1.50000,166.85000,3337.00000,,,0.00100,0.40000,,N,,,0.00000,0,,,,ШТ,2026-03-24 00:00:00,EKS000005928,N,,,,20.00000,0.02000,66740.00000,,КГ,Заказной,Самоличенко В.А.,ZFN006ST,ШТ,Заказной товар,Диэлектрические кабельные,0.00000,0.00000,n.bezrukov,Пакет интерфейса поставки:a27b9ebe-1c70-4b20-b35a-746f5270b5fc,2026-03-24 17:05:31,321323,1997422,20.00000,2,,,,,,,,C,,Годен,,
1995777,WH1,,320831,New,End,,N,ЭКС,,,,,,,ЭКС-000011132   ,5962885.00000,ЭКС-000005928   ,,,False,360400,,,,Заглушка 1 мод Viva серая 45116,СМ,,3.00000,4.00000,31.95000,191.70000,,,0.01000,3.00000,,N,,,0.00000,0,,,,ШТ,2026-03-24 00:00:00,EKS000005928,N,,,,6.00000,0.10000,1150.20000,,КГ,Заказной,Гилета О.В.,45116,ШТ,Распродажа,Диэлектрические кабельные,0.00000,0.00000,n.bezrukov,Пакет интерфейса поставки:a27b9ebe-1c70-4b20-b35a-746f5270b5fc,2026-03-24 17:05:31,321323,1997420,6.00000,2,,,,,,,,C,,Годен,,
1995778,WH1,,320831,New,End,,N,ЭКС,,,,,,,ЭКС-000012454   ,5962887.00000,ЭКС-000005928   ,,,False,762481,,,,"DKC Комплект, крыша и основание, для шкафов nCQE, 800 x 400 мм",СМ,False,20.00000,47.00000,9531.72000,19063.44000,,,10.00000,80.00000,,N,,,0.00000,0,,,,КТ,2026-03-24 00:00:00,EKS000005928,N,,,,2.00000,20.00000,38126.88000,,КГ,Заказной,Феденькова Д.Ю.,R5NKTB84,КТ,Заказной товар,Диэлектрические кабельные,0.00000,0.00000,n.bezrukov,Пакет интерфейса поставки:a27b9ebe-1c70-4b20-b35a-746f5270b5fc,2026-03-24 17:05:31,321323,1997424,2.00000,2,,,,,,,,C,,Годен,,
1995779,WH1,,320832,New,End,,N,ЭКС,,,,,,,,5962745.00000,ЭКС-000005884   ,,,False,758878,,,,Коробка универсальная для кабель-канала 40-0460 безгалогенная (HF) черная 85х85х45 (152шт/кор) Промр,СМ,False,4.50000,8.50000,57.84000,52750.08000,,,0.06000,8.50000,,N,,,0.00000,0,,,,ШТ,2026-03-25 00:00:00,EKS000005884,N,,,,912.00000,59.22000,48108072.96000,,КГ,,Княжева Ю.В.,40-0460-9005,ШТ,Базовый,Промрукав ООО,0.00000,0.00000,a.savitskiy,Пакет интерфейса поставки:85e98ea0-159a-4c98-9294-7e35e03002bc,2026-03-24 17:09:41,321276,1997301,912.00000,2,,,,,,,,C,,Годен,,
1995780,WH1,,320833,New,End,,N,ЭКС,,,,,,,,5962860.00000,ЭКС-000005927   ,,,False,148704,,,,Кабель-канал 110х50 мм с фронтальной крышкой 01050,СМ,,2.50000,100.00000,522.53000,66883.84000,,,0.80000,11.00000,,N,,,0.00000,0,,,,М,2026-03-24 00:00:00,EKS000005927,N,,,,128.00000,120.00000,8561131.52000,,КГ,,Гилета О.В.,01050,М,Базовый,Диэлектрические кабельные,0.00000,0.00000,n.bezrukov,Пакет интерфейса поставки:3ad87a09-36d1-424f-9a4d-9422bdf42be9,2026-03-24 17:13:23,321322,1997415,128.00000,2,,,,,,,Kanal,C,,Годен,,
1995781,WH1,,320833,New,End,,N,ЭКС,,,,,,,,5962865.00000,ЭКС-000005927   ,,,False,38049,,7326909807,,Лоток перф. 200х80 L 3000  35304,СМ,False,4.00000,100.00000,568.80000,27302.40000,,,2.40000,20.00000,,N,,,0.00000,0,,,,М,2026-03-24 00:00:00,EKS000005927,N,,,,48.00000,115.20000,1310515.20000,,КГ,Дортман Анна Павловна,Киселев А.В.,35304,М,Товар РЦ,Диэлектрические кабельные,0.00000,0.00000,n.bezrukov,Пакет интерфейса поставки:3ad87a09-36d1-424f-9a4d-9422bdf42be9,2026-03-24 17:13:23,321322,1997403,48.00000,2,,,,,,,Long 3 met,C,,Годен,,
1995782,WH1,,320833,New,End,,N,ЭКС,,,,,,,,5962869.00000,ЭКС-000005927   ,,,False,101647,,,,Перегородка SEP L 3000 H80 36500,СМ,,1.50000,100.00000,215.83000,7769.88000,,,0.50000,8.00000,,N,,,0.00000,0,,,,М,2026-03-24 00:00:00,EKS000005927,N,,,,36.00000,18.00000,279715.68000,,КГ,Заказной,Киселёв А.В.,36500,М,Заказной товар,Диэлектрические кабельные,0.00000,0.00000,n.bezrukov,Пакет интерфейса поставки:3ad87a09-36d1-424f-9a4d-9422bdf42be9,2026-03-24 17:13:23,321322,1997402,36.00000,2,,,,,,,Long 3 met,C,,Годен,,
1995783,WH1,,320833,New,End,,N,ЭКС,,,,,,,ЭКС-000012410   ,5962859.00000,ЭКС-000005927   ,,,False,160508,,,,Тройник 110х50 мм 01006,СМ,,5.20000,19.00000,448.54000,4485.40000,,,0.08000,17.00000,,N,,,0.00000,0,,,,ШТ,2026-03-24 00:00:00,EKS000005927,N,,,,10.00000,1.10000,44854.00000,,КГ,Заказной,Гилета О.В.,01006,ШТ,Заказной товар,Диэлектрические кабельные,0.00000,0.00000,n.bezrukov,Пакет интерфейса поставки:3ad87a09-36d1-424f-9a4d-9422bdf42be9,2026-03-24 17:13:23,321322,1997412,10.00000,2,,,,,,,,C,,Годен,,
1995784,WH1,,320833,New,End,,N,ЭКС,,,,,,,ЭКС-000012410   ,5962862.00000,ЭКС-000005927   ,,,False,160501,,,,"Угол внутренний 110х50 мм, изменяемый (70-120°) 01051",СМ,,11.50000,20.00000,395.96000,11878.80000,,,0.21000,13.00000,,N,,,0.00000,0,,,,ШТ,2026-03-24 00:00:00,EKS000005927,N,,,,30.00000,5.02000,356364.00000,,КГ,Дортман Анна Павловна,Гилета О.В.,01051,ШТ,Товар РЦ,Диэлектрические кабельные,0.00000,0.00000,n.bezrukov,Пакет интерфейса поставки:3ad87a09-36d1-424f-9a4d-9422bdf42be9,2026-03-24 17:13:23,321322,1997414,30.00000,2,,,,,,,,C,,Годен,,
1995785,WH1,,320833,New,End,,N,ЭКС,,,,,,,ЭКС-000012410   ,5962863.00000,ЭКС-000005927   ,,,False,160502,,,,"Угол внешний 110х50 мм, изменяемый (80-120°) 01052",СМ,,4.60000,20.00000,445.54000,4455.40000,,,0.08800,13.00000,,N,,,0.00000,0,,,,ШТ,2026-03-24 00:00:00,EKS000005927,N,,,,10.00000,0.88000,44554.00000,,КГ,Дортман Анна Павловна,Гилета О.В.,01052,ШТ,Товар РЦ,Диэлектрические кабельные,0.00000,0.00000,n.bezrukov,Пакет интерфейса поставки:3ad87a09-36d1-424f-9a4d-9422bdf42be9,2026-03-24 17:13:23,321322,1997413,10.00000,2,,,,,,,,C,,Годен,,
1995786,WH1,,320833,New,End,,N,ЭКС,,,,,,,ЭКС-000012410   ,5962864.00000,ЭКС-000005927   ,,,False,2327,,7326909807,,Лоток перф.  80х80 L 3000  35301,СМ,False,4.00000,100.00000,367.88000,8829.12000,,,1.40000,8.00000,,N,,,0.00000,0,,,,М,2026-03-24 00:00:00,EKS000005927,N,,,,24.00000,33.60000,211898.88000,,КГ,Заказной,Киселев А.В.,35301,М,Распродажа,Диэлектрические кабельные,0.00000,0.00000,n.bezrukov,Пакет интерфейса поставки:3ad87a09-36d1-424f-9a4d-9422bdf42be9,2026-03-24 17:13:23,321322,1997404,24.00000,2,,,,,,,Long 3 met,C,,Годен,,
1995787,WH1,,320833,New,End,,N,ЭКС,,,,,,,ЭКС-000012410   ,5962867.00000,ЭКС-000005927   ,,,False,361418,,,,Угол CPO 90 горизонтальный 90° 200х80 в комплекте с крепежными элементами и пластинами,СМ,,8.00000,45.00000,1352.33000,1352.33000,,,2.00000,35.00000,,N,,,0.00000,0,,,,УП,2026-03-24 00:00:00,EKS000005927,N,,,,1.00000,2.00000,1352.33000,,КГ,Заказной,Киселёв А.В.,36024K,УП,Заказной товар,Диэлектрические кабельные,0.00000,0.00000,n.bezrukov,Пакет интерфейса поставки:3ad87a09-36d1-424f-9a4d-9422bdf42be9,2026-03-24 17:13:23,321322,1997418,1.00000,2,,,,,,,,C,,Годен,,
1995788,WH1,,320833,New,End,,N,ЭКС,,,,,,,ЭКС-000012410   ,5962868.00000,ЭКС-000005927   ,,,False,361462,,,,Ответвитель DPT Т-образный горизонтальный 200х80 в комплекте с крепежными элементами и пластинами,СМ,,8.00000,46.00000,2030.60000,2030.60000,,,0.80000,33.00000,,N,,,0.00000,0,,,,УП,2026-03-24 00:00:00,EKS000005927,N,,,,1.00000,0.80000,2030.60000,,КГ,Заказной,Киселёв А.В.,36144K,УП,Заказной товар,Диэлектрические кабельные,0.00000,0.00000,n.bezrukov,Пакет интерфейса поставки:3ad87a09-36d1-424f-9a4d-9422bdf42be9,2026-03-24 17:13:23,321322,1997417,1.00000,2,,,,,,,,C,,Годен,,
1995789,WH1,,320833,New,End,,N,ЭКС,,,,,,,ЭКС-000012410   ,5962871.00000,ЭКС-000005927   ,,,False,355801,,,,"Розетка модульная 2P+E, с з/ш, Avanti  ""Белое облако"" 2 мод",СМ,,4.00000,4.00000,166.17000,16617.00000,,,0.10000,4.00000,,N,,,0.00000,0,,,,ШТ,2026-03-24 00:00:00,EKS000005927,N,,,,100.00000,3.00000,1661700.00000,,КГ,Дортман Анна Павловна,Гилета О.В.,4400002,ШТ,Товар РЦ,Диэлектрические кабельные,0.00000,0.00000,n.bezrukov,Пакет интерфейса поставки:3ad87a09-36d1-424f-9a4d-9422bdf42be9,2026-03-24 17:13:23,321322,1997407,100.00000,2,,,,,,,,C,,Годен,,
1995790,WH1,,320833,New,End,,N,ЭКС,,,,,,,ЭКС-000012410   ,5962872.00000,ЭКС-000005927   ,,,False,357920,,,,"Выключатель Avanti 16A 1мод ""Белое облако"" 4400101",СМ,,2.00000,5.00000,142.44000,1709.28000,,,0.01000,4.00000,,N,,,0.00000,0,,,,ШТ,2026-03-24 00:00:00,EKS000005927,N,,,,12.00000,0.12000,20511.36000,,КГ,Заказной,Гилета О.В.,4400101,ШТ,Заказной товар,Диэлектрические кабельные,0.00000,0.00000,n.bezrukov,Пакет интерфейса поставки:3ad87a09-36d1-424f-9a4d-9422bdf42be9,2026-03-24 17:13:23,321322,1997401,12.00000,2,,,,,,,,C,,Годен,,
1995791,WH1,,320833,New,End,,N,ЭКС,,,,,,,ЭКС-000012410   ,5962873.00000,ЭКС-000005927   ,,,False,357923,,,,"Выключатель Avanti 16A 2мод ""Белое облако"" 4400101",СМ,,4.00000,8.00000,164.19000,1806.09000,,,0.02000,8.00000,,N,,,0.00000,0,,,,ШТ,2026-03-24 00:00:00,EKS000005927,N,,,,11.00000,0.62000,19866.99000,,КГ,Заказной,Гилета О.В.,4400102,ШТ,Заказной товар,Диэлектрические кабельные,0.00000,0.00000,n.bezrukov,Пакет интерфейса поставки:3ad87a09-36d1-424f-9a4d-9422bdf42be9,2026-03-24 17:13:23,321322,1997400,11.00000,2,,,,,,,,C,,Годен,,
1995792,WH1,,320833,New,End,,N,ЭКС,,,,,,,ЭКС-000012410   ,5962874.00000,ЭКС-000005927   ,,,False,357924,,,,"Переключатель одноклавишный модульный, ""Avanti"", ""Белое облако"", 2моду",СМ,,4.00000,5.00000,260.31000,1041.24000,,,0.60000,5.00000,,N,,,0.00000,0,,,,ШТ,2026-03-24 00:00:00,EKS000005927,N,,,,4.00000,2.40000,4164.96000,,КГ,Заказной,Гилета О.В.,4400112,ШТ,Выводится из ассортимента,Диэлектрические кабельные,0.00000,0.00000,n.bezrukov,Пакет интерфейса поставки:3ad87a09-36d1-424f-9a4d-9422bdf42be9,2026-03-24 17:13:23,321322,1997399,4.00000,2,,,,,,,,C,,Годен,,
1995793,WH1,,320833,New,End,,N,ЭКС,,,,,,,ЭКС-000012410   ,5962875.00000,ЭКС-000005927   ,,,False,625703,,,,"Компьютерная розетка RJ-45 без шторки модульная, кат.5е, ""Avanti"", ""Белое облако"", 1 модуль 4400661",СМ,,3.00000,5.00000,258.62000,16034.44000,,,0.01000,3.00000,,N,,,0.00000,0,,,,ШТ,2026-03-24 00:00:00,EKS000005927,N,,,,62.00000,1.52000,994135.28000,,КГ,Дортман Анна Павловна,Гилета О.В.,4400661,ШТ,Товар РЦ,Диэлектрические кабельные,0.00000,0.00000,n.bezrukov,Пакет интерфейса поставки:3ad87a09-36d1-424f-9a4d-9422bdf42be9,2026-03-24 17:13:23,321322,1997416,62.00000,2,,,,,,,,C,,Годен,,
1995794,WH1,,320833,New,End,,N,ЭКС,,,,,,,ЭКС-000012410   ,5962876.00000,ЭКС-000005927   ,,,False,360422,,,,"Рамка-суппорт Avanti белый для ""In-liner Front"" 2мод. 4400912",СМ,,2.00000,6.00000,197.82000,1582.56000,,,0.01000,6.00000,,N,,,0.00000,0,,,,ШТ,2026-03-24 00:00:00,EKS000005927,N,,,,8.00000,0.08000,12660.48000,,КГ,Акулинский Петр Иванович,Гилета О.В.,4400912,ШТ,Товар РЦ,Диэлектрические кабельные,0.00000,0.00000,n.bezrukov,Пакет интерфейса поставки:3ad87a09-36d1-424f-9a4d-9422bdf42be9,2026-03-24 17:13:23,321322,1997419,8.00000,2,,,,,,,,C,,Годен,,
1995795,WH1,,320833,New,End,,N,ЭКС,,,,,,,ЭКС-000012410   ,5962877.00000,ЭКС-000005927   ,,,False,355806,,,,"Рамка-суппорт Avanti белый для ""In-liner Front"" 4мод. 4400914",СМ,,2.00000,13.00000,237.37000,5459.51000,,,0.01000,7.00000,,N,,,0.00000,0,,,,ШТ,2026-03-24 00:00:00,EKS000005927,N,,,,23.00000,0.63000,125568.73000,,КГ,Дортман Анна Павловна,Гилета О.В.,4400914,ШТ,Товар РЦ,Диэлектрические кабельные,0.00000,0.00000,n.bezrukov,Пакет интерфейса поставки:3ad87a09-36d1-424f-9a4d-9422bdf42be9,2026-03-24 17:13:23,321322,1997406,23.00000,2,,,,,,,,C,,Годен,,
1995796,WH1,,320833,New,End,,N,ЭКС,,,,,,,ЭКС-000012410   ,5962878.00000,ЭКС-000005927   ,,,False,2132,,3925901000,,Держатель с защелкой d20 ДКС 51020,СМ,False,1.00000,5.00000,2.46000,492.00000,,,0.00300,4.00000,,N,,,0.00000,0,,,,ШТ,2026-03-24 00:00:00,EKS000005927,N,,,,200.00000,0.60000,98400.00000,,КГ,Дортман Анна Павловна,Гилета О.В.,51020,ШТ,Суперсклад,Диэлектрические кабельные,0.00000,0.00000,n.bezrukov,Пакет интерфейса поставки:3ad87a09-36d1-424f-9a4d-9422bdf42be9,2026-03-24 17:13:23,321322,1997405,200.00000,2,,,,,,,,A,,Годен,,
1995797,WH1,,320833,New,End,,N,ЭКС,,,,,,,ЭКС-000012410   ,5962879.00000,ЭКС-000005927   ,,,False,214664,,7318159008,25.94.11.110,Винт для механического соединения элементов с гладкой головкой М6х16 CM010616,СМ,False,1.10000,2.00000,3.78000,378.00000,,,0.00690,1.10000,,N,,,0.00000,0,,,,ШТ,2026-03-24 00:00:00,EKS000005927,N,,,,100.00000,1.38000,37800.00000,,КГ,Заказной,Киселев А.В.,CM010616,ШТ,Заказной товар,Диэлектрические кабельные,0.00000,0.00000,n.bezrukov,Пакет интерфейса поставки:3ad87a09-36d1-424f-9a4d-9422bdf42be9,2026-03-24 17:13:23,321322,1997409,100.00000,2,,,,,,,,C,,Годен,,
1995798,WH1,,320833,New,End,,N,ЭКС,,,,,,,ЭКС-000012410   ,5962880.00000,ЭКС-000005927   ,,,False,211372,,7318165000,25.94.11.130,"Гайка с насечкой, препятствующая откручиванию М6  CM100600",СМ,False,0.50000,1.00000,2.48000,496.00000,,,0.00300,1.00000,,N,,,0.00000,0,,,,ШТ,2026-03-24 00:00:00,EKS000005927,N,,,,200.00000,0.60000,99200.00000,,КГ,Дортман Анна Павловна,Киселев А.В.,CM100600,ШТ,Базовый,Диэлектрические кабельные,0.00000,0.00000,n.bezrukov,Пакет интерфейса поставки:3ad87a09-36d1-424f-9a4d-9422bdf42be9,2026-03-24 17:13:23,321322,1997410,200.00000,2,,,,,,,,A,,Годен,,
1995799,WH1,,320833,New,End,,N,ЭКС,,,,,,,ЭКС-000012410   ,5962881.00000,ЭКС-000005927   ,,,False,216693,,,,"Гайка с насечкой, препятствующая откручиванию М10 CM101000",СМ,,1.00000,1.00000,6.12000,612.00000,,,0.01000,1.00000,,N,,,0.00000,0,,,,ШТ,2026-03-24 00:00:00,EKS000005927,N,,,,100.00000,1.00000,61200.00000,,КГ,Заказной,Киселёв А.В.,CM101000,ШТ,Заказной товар,Диэлектрические кабельные,0.00000,0.00000,n.bezrukov,Пакет интерфейса поставки:3ad87a09-36d1-424f-9a4d-9422bdf42be9,2026-03-24 17:13:23,321322,1997408,100.00000,2,,,,,,,,C,,Годен,,
1995800,WH1,,320833,New,End,,N,ЭКС,,,,,,,ЭКС-000012410   ,5962882.00000,ЭКС-000005927   ,,,False,172986,,,,Шпилька М10х1000  CM201001,СМ,,1.50000,100.00000,144.33000,3608.25000,,,0.80000,1.50000,,N,,,0.00000,0,,,,М,2026-03-24 00:00:00,EKS000005927,N,,,,25.00000,10.00000,90206.25000,,КГ,Заказной,Киселёв А.В.,CM201001,М,Заказной товар,Диэлектрические кабельные,0.00000,0.00000,n.bezrukov,Пакет интерфейса поставки:3ad87a09-36d1-424f-9a4d-9422bdf42be9,2026-03-24 17:13:23,321322,1997411,25.00000,2,,,,,,,,C,,Годен,,
1995801,WH1,,320834,New,End,,N,ЭКС,,,,,,,,5962917.00000,ЭКС-000005931   ,,,False,810913,,,,"Наконечник-гильза двойная с изолир.фланцем 2,5 кв.мм синий (НШВИ2)",СМ,False,0.40000,2.00000,2.12000,1272.00000,,,0.01000,0.70000,,N,,,0.00000,0,,,,ШТ,2026-03-24 00:00:00,EKS000005931,N,,,,600.00000,0.60000,763200.00000,,КГ,Заказной,Княжева Ю.В.,IFD2-2.5-10BL,ШТ,Заказной товар,Диэлектрические кабельные,0.00000,0.00000,n.bezrukov,Пакет интерфейса поставки:337cdec1-1e7f-4cc3-ab68-ec40dab731f9,2026-03-24 17:15:34,321326,1997455,600.00000,2,,,,,,,,C,,Годен,,
1995802,WH1,,320834,New,End,,N,ЭКС,,,,,,,ЭКС-000008089   ,5962973.00000,ЭКС-000005931   ,,,False,680670,,,,DKC Корпус клеммный металлический SDE ВхШхГ 150x150x120 мм,СМ,,15.00000,16.00000,2780.74000,13903.70000,,,3.50000,16.00000,,N,,,0.00000,0,,,,ШТ,2026-03-24 00:00:00,EKS000005931,N,,,,5.00000,17.50000,69518.50000,,КГ,Заказной,Феденькова Д.Ю.,R5SDE1112,ШТ,Заказной товар,Диэлектрические кабельные,0.00000,0.00000,n.bezrukov,Пакет интерфейса поставки:337cdec1-1e7f-4cc3-ab68-ec40dab731f9,2026-03-24 17:15:34,321326,1997451,5.00000,2,,,,,,,,C,,Годен,,
1995803,WH1,,320834,New,End,,N,ЭКС,,,,,,,ЭКС-000010517   ,5962913.00000,ЭКС-000005931   ,,,False,117599,,,,"Вилочные наконечники под винт с изолир. фланцем, 1,5-2,5мм 2B15P",СМ,,1.00000,2.00000,5.49000,1098.00000,,,0.01000,1.00000,,N,,,0.00000,0,,,,ШТ,2026-03-24 00:00:00,EKS000005931,N,,,,200.00000,2.00000,219600.00000,,КГ,Заказной,Княжева Ю.В.,2B15P,ШТ,Распродажа,Диэлектрические кабельные,0.00000,0.00000,n.bezrukov,Пакет интерфейса поставки:337cdec1-1e7f-4cc3-ab68-ec40dab731f9,2026-03-24 17:15:34,321326,1997454,200.00000,2,,,,,,,,C,,Годен,,
1995804,WH1,,320834,New,End,,N,ЭКС,,,,,,,ЭКС-000010517   ,5962915.00000,ЭКС-000005931   ,,,False,361897,,,,Угол CDV 90 вертикальный внеш. осн.150 H80 в комплекте с крепежными элементами и пластинами,СМ,,15.00000,21.00000,2542.46000,7627.38000,,,1.00000,21.00000,,N,,,0.00000,0,,,,УП,2026-03-24 00:00:00,EKS000005931,N,,,,3.00000,3.00000,22882.14000,,КГ,Заказной,Киселёв А.В.,37373K,УП,Заказной товар,Диэлектрические кабельные,0.00000,0.00000,n.bezrukov,Пакет интерфейса поставки:337cdec1-1e7f-4cc3-ab68-ec40dab731f9,2026-03-24 17:15:34,321326,1997453,3.00000,2,,,,,,,,C,,Годен,,
1995805,WH1,,320834,New,End,,N,ЭКС,,,,,,,ЭКС-000010517   ,5962916.00000,ЭКС-000005931   ,,,False,856519,,,,"Наконечник-гильза двойная с изолир.фланцем для жилы сечением 0,5 кв.мм, длина контактной части 8мм,",СМ,False,0.30000,1.00000,1.39000,139.00000,,,0.00100,0.30000,,N,,,0.00000,0,,,,ШТ,2026-03-24 00:00:00,EKS000005931,N,,,,100.00000,0.01000,13900.00000,,КГ,Заказной,Княжева Ю.В.,IFD2-0.5-8WT,ШТ,Заказной товар,Диэлектрические кабельные,0.00000,0.00000,n.bezrukov,Пакет интерфейса поставки:337cdec1-1e7f-4cc3-ab68-ec40dab731f9,2026-03-24 17:15:34,321326,1997449,100.00000,2,,,,,,,,C,,Годен,,
1995806,WH1,,320834,New,End,,N,ЭКС,,,,,,,ЭКС-000010517   ,5962974.00000,ЭКС-000005931   ,,,False,682689,,,,DKC Корпус навесной STE с М/П ВхШхГ 400x300x200 мм,СМ,,22.00000,41.00000,7074.08000,7074.08000,,,4.00000,32.00000,,N,,,0.00000,0,,,,ШТ,2026-03-24 00:00:00,EKS000005931,N,,,,1.00000,4.00000,7074.08000,,КГ,Заказной,Феденькова Д.Ю.,R5STE0432,ШТ,Заказной товар,Диэлектрические кабельные,0.00000,0.00000,n.bezrukov,Пакет интерфейса поставки:337cdec1-1e7f-4cc3-ab68-ec40dab731f9,2026-03-24 17:15:34,321326,1997448,1.00000,2,,,,,,,,C,,Годен,,
1995807,WH1,,320834,New,End,,N,ЭКС,,,,,,,ЭКС-000010517   ,5962975.00000,ЭКС-000005931   ,,,False,677500,,,,DKC Корпус навесной STE с М/П ВхШхГ 500x400x250 мм,СМ,,28.00000,50.00000,9622.44000,9622.44000,,,16.00000,41.00000,,N,,,0.00000,0,,,,ШТ,2026-03-24 00:00:00,EKS000005931,N,,,,1.00000,16.00000,9622.44000,,КГ,Заказной,Феденькова Д.Ю.,R5STE0549,ШТ,Заказной товар,Диэлектрические кабельные,0.00000,0.00000,n.bezrukov,Пакет интерфейса поставки:337cdec1-1e7f-4cc3-ab68-ec40dab731f9,2026-03-24 17:15:34,321326,1997452,1.00000,2,,,,,,,,C,,Годен,,
1995808,WH1,,320834,New,End,,N,ЭКС,,,,,,,ЭКС-000010517   ,5962976.00000,ЭКС-000005931   ,,,False,839769,,,,DKC F5/1А Предохранитель 1А,СМ,False,0.40000,1.50000,152.11000,12168.80000,,,0.00100,0.40000,,N,,,0.00000,0,,,,ШТ,2026-03-24 00:00:00,EKS000005931,N,,,,80.00000,0.08000,973504.00000,,КГ,Заказной,Самоличенко В.А.,ZFN006ST,ШТ,Заказной товар,Диэлектрические кабельные,0.00000,0.00000,n.bezrukov,Пакет интерфейса поставки:337cdec1-1e7f-4cc3-ab68-ec40dab731f9,2026-03-24 17:15:34,321326,1997450,80.00000,2,,,,,,,,C,,Годен,,
1995809,WH1,,320834,New,End,,N,ЭКС,,,,,,,ЭКС-000011745   ,5962972.00000,ЭКС-000005931   ,,,False,749906,,,,"Концевой выключатель с двумя контактами, нормально открытый + нормально закрытый (NO+NC). С поворотн",СМ,False,4.00000,14.00000,687.60000,2062.80000,,,0.12000,5.00000,,N,,,0.00000,0,,,,ШТ,2026-03-24 00:00:00,EKS000005931,N,,,,3.00000,0.36000,6188.40000,,КГ,Заказной,Феденькова Д.Ю.,R5MC131,ШТ,Заказной товар,Диэлектрические кабельные,0.00000,0.00000,n.bezrukov,Пакет интерфейса поставки:337cdec1-1e7f-4cc3-ab68-ec40dab731f9,2026-03-24 17:15:34,321326,1997460,3.00000,2,,,,,,,,C,,Годен,,
1995810,WH1,,320834,New,End,,N,ЭКС,,,,,,,ЭКС-000012290   ,5962919.00000,ЭКС-000005931   ,,,False,722000,,,,"DKC Лента изоляционная ПВХ 15x0,13 10м в рулоне Черная",СМ,,1.00000,5.00000,45.31000,81693.93000,,,0.01000,5.00000,,N,,,0.00000,0,,,,ШТ,2026-03-24 00:00:00,EKS000005931,N,,,,1803.00000,54.03000,147294155.79000,,КГ,Заказной,Петров И.В.,PVC151013BK,ШТ,Заказной товар,Диэлектрические кабельные,0.00000,0.00000,n.bezrukov,Пакет интерфейса поставки:337cdec1-1e7f-4cc3-ab68-ec40dab731f9,2026-03-24 17:15:34,321326,1997462,1803.00000,2,,,,,,,,C,,Годен,,
1995811,WH1,,320834,New,End,,N,ЭКС,,,,,,,ЭКС-000012290   ,5962929.00000,ЭКС-000005931   ,,,False,744779,,,,"DKC Лента изоляционная ПВХ 19x0,15 20м в рулоне Черная",СМ,,2.00000,7.00000,56.98000,98746.34000,,,0.01000,7.00000,,N,,,0.00000,0,,,,ШТ,2026-03-24 00:00:00,EKS000005931,N,,,,1733.00000,84.85000,171127407.22000,,КГ,Заказной,Петров И.В.,PVC192015BK,ШТ,Заказной товар,Диэлектрические кабельные,0.00000,0.00000,n.bezrukov,Пакет интерфейса поставки:337cdec1-1e7f-4cc3-ab68-ec40dab731f9,2026-03-24 17:15:34,321326,1997461,1733.00000,2,,,,,,,,C,,Годен,,
1995812,WH1,,320834,New,End,,N,ЭКС,,,,,,,ЭКС-000012290   ,5962940.00000,ЭКС-000005931   ,,,False,808697,,,,"DKC Лента изоляционная ПВХ 19x0,15 20м в рулоне Синяя",СМ,False,2.00000,7.00000,56.98000,44273.46000,,,0.01000,7.00000,,N,,,0.00000,0,,,,ШТ,2026-03-24 00:00:00,EKS000005931,N,,,,777.00000,35.29000,34400478.42000,,КГ,Заказной,Петров И.В.,PVC192015BL,ШТ,Заказной товар,Диэлектрические кабельные,0.00000,0.00000,n.bezrukov,Пакет интерфейса поставки:337cdec1-1e7f-4cc3-ab68-ec40dab731f9,2026-03-24 17:15:34,321326,1997456,777.00000,2,,,,,,,,C,,Годен,,
1995813,WH1,,320834,New,End,,N,ЭКС,,,,,,,ЭКС-000012290   ,5962952.00000,ЭКС-000005931   ,,,False,704862,,,,"DKC Лента изоляционная ПВХ 19x0,15 20м в рулоне Зеленая",СМ,,2.00000,7.00000,56.98000,19088.30000,,,0.02000,7.00000,,N,,,0.00000,0,,,,ШТ,2026-03-24 00:00:00,EKS000005931,N,,,,335.00000,20.44000,6394580.50000,,КГ,Заказной,Петров И.В.,PVC192015GN,ШТ,Заказной товар,Диэлектрические кабельные,0.00000,0.00000,n.bezrukov,Пакет интерфейса поставки:337cdec1-1e7f-4cc3-ab68-ec40dab731f9,2026-03-24 17:15:34,321326,1997463,335.00000,2,,,,,,,,C,,Годен,,
1995814,WH1,,320834,New,End,,N,ЭКС,,,,,,,ЭКС-000012290   ,5962960.00000,ЭКС-000005931   ,,,False,808696,,,,"DKC Лента изоляционная ПВХ 19x0,15 20м в рулоне Красная",СМ,False,2.00000,7.00000,56.98000,16980.04000,,,0.01000,7.00000,,N,,,0.00000,0,,,,ШТ,2026-03-24 00:00:00,EKS000005931,N,,,,298.00000,13.12000,5060051.92000,,КГ,Заказной,Петров И.В.,PVC192015RD,ШТ,Заказной товар,Диэлектрические кабельные,0.00000,0.00000,n.bezrukov,Пакет интерфейса поставки:337cdec1-1e7f-4cc3-ab68-ec40dab731f9,2026-03-24 17:15:34,321326,1997457,298.00000,2,,,,,,,,C,,Годен,,
1995815,WH1,,320834,New,End,,N,ЭКС,,,,,,,ЭКС-000012290   ,5962965.00000,ЭКС-000005931   ,,,False,808694,,,,"DKC Лента изоляционная ПВХ 19x0,15 20м в рулоне Желтая",СМ,False,2.00000,7.00000,56.98000,21709.38000,,,0.01000,7.00000,,N,,,0.00000,0,,,,ШТ,2026-03-24 00:00:00,EKS000005931,N,,,,381.00000,21.45000,8271273.78000,,КГ,Заказной,Петров И.В.,PVC192015Y,ШТ,Заказной товар,Диэлектрические кабельные,0.00000,0.00000,n.bezrukov,Пакет интерфейса поставки:337cdec1-1e7f-4cc3-ab68-ec40dab731f9,2026-03-24 17:15:34,321326,1997459,381.00000,2,,,,,,,,C,,Годен,,
1995816,WH1,,320834,New,End,,N,ЭКС,,,,,,,ЭКС-000012292   ,5962964.00000,ЭКС-000005931   ,,,False,808695,,,,"DKC Лента изоляционная ПВХ 19x0,15 20м в рулоне Белая",СМ,False,2.00000,7.00000,56.98000,5470.08000,,,0.01000,7.00000,,N,,,0.00000,0,,,,ШТ,2026-03-24 00:00:00,EKS000005931,N,,,,96.00000,2.28000,525127.68000,,КГ,Заказной,Петров И.В.,PVC192015W,ШТ,Заказной товар,Диэлектрические кабельные,0.00000,0.00000,n.bezrukov,Пакет интерфейса поставки:337cdec1-1e7f-4cc3-ab68-ec40dab731f9,2026-03-24 17:15:34,321326,1997458,96.00000,2,,,,,,,,C,,Годен,,
1995817,WH1,,320835,New,End,,N,ЭКС,,,,,,,,5962759.00000,ЭКС-000005888   ,,,False,762512,,,,Коробка распределительная 60-0302 для прямого монтажа двухкомпонентная безгалогенная (HF) 100х100х30,СМ,False,3.00000,10.50000,60.61000,58185.60000,,,0.10000,10.50000,,N,,,0.00000,0,,,,ШТ,2026-03-25 00:00:00,EKS000005888,N,,,,960.00000,50.00000,55858176.00000,,КГ,,Княжева Ю.В.,60-0302,ШТ,Базовый,Промрукав ООО,0.00000,0.00000,a.savitskiy,Пакет интерфейса поставки:096a9c58-8da9-486f-b659-319b49a0b842,2026-03-24 17:23:46,321280,1997316,960.00000,2,,,,,,,,C,,Годен,,
1995818,WH1,,320835,New,End,,N,ЭКС,,,,,,,,5962760.00000,ЭКС-000005888   ,,,False,799173,,,,Коробка распределительная 60-0302-9005 для прямого монтажа двухкомпонентная безгалогенная (HF) черна,СМ,False,3.00000,10.00000,60.61000,46548.48000,,,0.10000,10.00000,,N,,,0.00000,0,,,,ШТ,2026-03-25 00:00:00,EKS000005888,N,,,,768.00000,51.20000,35749232.64000,,КГ,,Княжева Ю.В.,60-0302-9005,ШТ,Базовый,Промрукав ООО,0.00000,0.00000,a.savitskiy,Пакет интерфейса поставки:096a9c58-8da9-486f-b659-319b49a0b842,2026-03-24 17:23:46,321280,1997315,768.00000,2,,,,,,,,C,,Годен,,
1995819,WH1,,320836,New,End,,N,ЭКС,,,,,,,ЭКС-000002121   ,5962893.00000,ЭКС-000005929   ,,,False,680670,,,,DKC Корпус клеммный металлический SDE ВхШхГ 150x150x120 мм,СМ,,15.00000,16.00000,3050.12000,12200.48000,,,3.50000,16.00000,,N,,,0.00000,0,,,,ШТ,2026-03-24 00:00:00,EKS000005929,N,,,,4.00000,14.00000,48801.92000,,КГ,Заказной,Феденькова Д.Ю.,R5SDE1112,ШТ,Заказной товар,Диэлектрические кабельные,0.00000,0.00000,n.bezrukov,Пакет интерфейса поставки:096a9c58-8da9-486f-b659-319b49a0b842,2026-03-24 17:23:54,321324,1997427,4.00000,2,,,,,,,,C,,Годен,,
1995820,WH1,,320836,New,End,,N,ЭКС,,,,,,,ЭКС-000010353   ,5962891.00000,ЭКС-000005929   ,,,False,334514,,,,"Вентиляционная решетка с фильтром, 112 x 112 мм R5RF08",СМ,False,4.00000,11.50000,300.05000,900.15000,,,0.10000,11.50000,,N,,,0.00000,0,,,,ШТ,2026-03-24 00:00:00,EKS000005929,N,,,,3.00000,0.30000,2700.45000,,КГ,Заказной,Феденькова Д.Ю.,R5RF08,ШТ,Заказной товар,Диэлектрические кабельные,0.00000,0.00000,n.bezrukov,Пакет интерфейса поставки:096a9c58-8da9-486f-b659-319b49a0b842,2026-03-24 17:23:54,321324,1997429,3.00000,2,,,,,,,,C,,Годен,,
1995821,WH1,,320836,New,End,,N,ЭКС,,,,,,,ЭКС-000010353   ,5962892.00000,ЭКС-000005929   ,,,False,338897,,,,Вентилятор c решеткой и фильтром R5RV08230,СМ,False,8.00000,14.00000,1398.38000,5593.52000,,,0.25000,14.00000,,N,,,0.00000,0,,,,ШТ,2026-03-24 00:00:00,EKS000005929,N,,,,4.00000,1.00000,22374.08000,,КГ,Заказной,Феденькова Д.Ю.,R5RV08230,ШТ,Заказной товар,Диэлектрические кабельные,0.00000,0.00000,n.bezrukov,Пакет интерфейса поставки:096a9c58-8da9-486f-b659-319b49a0b842,2026-03-24 17:23:54,321324,1997428,4.00000,2,,,,,,,,C,,Годен,,
1995822,WH1,,320836,New,End,,N,ЭКС,,,,,,,ЭКС-000010517   ,5962889.00000,ЭКС-000005929   ,,,False,114808,,,,"Наконечники с отверстием под винт и изолир.фланцем, 1,5-2,5мм 2B4P",СМ,,0.50000,2.00000,6.03000,603.00000,,,0.00010,0.50000,,N,,,0.00000,0,,,,ШТ,2026-03-24 00:00:00,EKS000005929,N,,,,100.00000,0.15000,60300.00000,,КГ,Дортман Анна Павловна,Княжева Ю.В.,2B4P,ШТ,Недоступен к заказу,Диэлектрические кабельные,0.00000,0.00000,n.bezrukov,Пакет интерфейса поставки:096a9c58-8da9-486f-b659-319b49a0b842,2026-03-24 17:23:54,321324,1997425,100.00000,2,,,,,,,,C,,Годен,,
1995823,WH1,,320836,New,End,,N,ЭКС,,,,,,,ЭКС-000010517   ,5962890.00000,ЭКС-000005929   ,,,False,749242,,,,"Наконечник вилочный с изолир.фланцем ПВХ, легкий ввод жилы, 2,5-6 кв.мм М6 (д.6,4 мм) (НВИ) DKC",СМ,False,0.50000,2.00000,4.92000,492.00000,,,0.00300,0.50000,,N,,,0.00000,0,,,,ШТ,2026-03-24 00:00:00,EKS000005929,N,,,,100.00000,0.16000,49200.00000,,КГ,Заказной,Княжева Ю.В.,2C16P-EE-PVC,ШТ,Заказной товар,Диэлектрические кабельные,0.00000,0.00000,n.bezrukov,Пакет интерфейса поставки:096a9c58-8da9-486f-b659-319b49a0b842,2026-03-24 17:23:54,321324,1997426,100.00000,2,,,,,,,,C,,Годен,,
1995824,WH1,,320836,New,End,,N,ЭКС,,,,,,,ЭКС-000011055   ,5962894.00000,ЭКС-000005929   ,,,False,208672,,,,Корпус сварной навесной серии ST с М/П Размер: 500x500x300 мм (ВхШхГ) IP65,СМ,False,30.00000,50.00000,6194.63000,6194.63000,,,8.00000,50.00000,,N,,,0.00000,0,,,,ШТ,2026-03-24 00:00:00,EKS000005929,N,,,,1.00000,8.00000,6194.63000,,КГ,Заказной,Феденькова Д.Ю.,R5ST0553,ШТ,Заказной товар,Диэлектрические кабельные,0.00000,0.00000,n.bezrukov,Пакет интерфейса поставки:096a9c58-8da9-486f-b659-319b49a0b842,2026-03-24 17:23:54,321324,1997430,1.00000,2,,,,,,,,C,,Годен,,
1995825,WH1,,320837,New,Processed,,N,ЭКС,0.00000,0.00000,0.00000,,0.00000,0.00000,,1.00000,,,4712-12-31 00:00:00,,0000,,,,ТРАНЗИТ,СМ,,1.00000,1.00000,0.00000,0.00000,,,1.00000,1.00000,ЮВЕЛС КРАСНОЯРСК №1,Y,Y,,0.00000,0,0,,,ГМ,2026-03-24 00:00:00,TR-24/03/2026-07,N,рц,рц,,1.00000,1.00000,0.00000,СМ3,КГ,,,,,,,0.00000,2.00000,r.sagaidak,Пакет интерфейса поставки:09d6692b-1fc8-49a3-82d3-da8fb4c9c48e,2026-03-24 17:45:10,321330,1997467,1.00000,,,,,,,,,,,,,0.00000
1995826,WH1,,320838,New,Processed,,N,ЭКС,0.00000,0.00000,0.00000,,0.00000,0.00000,,1.00000,,,4712-12-31 00:00:00,,0000,,,,ТРАНЗИТ,СМ,,1.00000,1.00000,0.00000,0.00000,,,1.00000,1.00000,ЮВЕЛС КРАСНОЯРСК №2,Y,Y,,0.00000,0,0,,,ГМ,2026-03-24 00:00:00,TR-24/03/2026-08,N,рц,рц,,1.00000,1.00000,0.00000,СМ3,КГ,,,,,,,0.00000,2.00000,r.sagaidak,Пакет интерфейса поставки:09d6692b-1fc8-49a3-82d3-da8fb4c9c48e,2026-03-24 17:45:10,321331,1997468,1.00000,,,,,,,,,,,,,0.00000
1995827,WH1,,320839,New,Processed,,N,ЭКС,0.00000,0.00000,0.00000,,0.00000,0.00000,,1.00000,,,4712-12-31 00:00:00,,0000,,,,ТРАНЗИТ,СМ,,1.00000,1.00000,0.00000,0.00000,,,1.00000,1.00000,ЮВЕЛС КРАСНОЯРСК №3,Y,Y,,0.00000,0,0,,,ГМ,2026-03-24 00:00:00,TR-24/03/2026-09,N,рц,рц,,1.00000,1.00000,0.00000,СМ3,КГ,,,,,,,0.00000,2.00000,r.sagaidak,Пакет интерфейса поставки:09d6692b-1fc8-49a3-82d3-da8fb4c9c48e,2026-03-24 17:45:10,321332,1997469,1.00000,,,,,,,,,,,,,0.00000
1995828,WH1,,320840,New,End,,N,ЭКС,,,,,,,,5963005.00000,ЭКС-000005935   ,,,False,804070,,,,Паяльная паста (35 г) Mechanic XG50,СМ,False,3.00000,11.00000,509.84000,2039.36000,,,0.04000,6.00000,,N,,,0.00000,0,,,,ШТ,2026-03-24 00:00:00,EKS000005935,N,,,,4.00000,0.16000,8157.44000,,КГ,,Петров И.В.,XG50,ШТ,Товар РЦ,ВсеИнструменты.ру,0.00000,0.00000,r.sagaidak,Пакет интерфейса поставки:7d9222be-4ff2-4bd4-8a84-3e584a44eb14,2026-03-24 18:11:32,321333,1997471,4.00000,2,,,,,,,,C,,Годен,,
1995829,WH1,,320840,New,End,,N,ЭКС,,,,,,,,5963006.00000,ЭКС-000005935   ,,,False,836219,,,,"Газ для зажигалок S&B бутан 200 мл, объем 290см3 ГС 005",СМ,False,5.00000,16.00000,109.84000,2306.64000,,,0.20000,5.00000,,N,,,0.00000,0,,,,ШТ,2026-03-24 00:00:00,EKS000005935,N,,,,21.00000,4.20000,48439.44000,,КГ,,Петров И.В.,ГС 005,ШТ,Базовый,ВсеИнструменты.ру,0.00000,0.00000,r.sagaidak,Пакет интерфейса поставки:7d9222be-4ff2-4bd4-8a84-3e584a44eb14,2026-03-24 18:11:32,321333,1997470,21.00000,2,,,,,,,,C,,Годен,,
1995830,WH1,,320840,New,End,,N,ЭКС,,,,,,,ЭКС-000006421   ,5963004.00000,ЭКС-000005935   ,,,False,549056,,,,"ЗУБР 12х110мм, 15шт, болт анкерный с пластиковым кольцом, желтый цинк",СМ,,9.00000,16.00000,950.00000,950.00000,,,2.26000,10.00000,,N,,,0.00000,0,,,,УП,2026-03-24 00:00:00,EKS000005935,N,,,,1.00000,2.26000,950.00000,,КГ,Заказной,Петров И.В.,4-302312-12-110,УП,Заказной товар,ЗУБР НСК ООО (Ювента),0.00000,0.00000,r.sagaidak,Пакет интерфейса поставки:7d9222be-4ff2-4bd4-8a84-3e584a44eb14,2026-03-24 18:11:32,321333,1997472,1.00000,2,,,,,,,,C,,Годен,,
1995831,WH1,,320840,New,End,,N,ЭКС,,,,,,,ЭКС-000008733   ,5963007.00000,ЭКС-000005935   ,,,False,882927,,,,Свинцовая пломба Пломба.Ру 1 кг. 41675,СМ,False,4.00000,12.00000,437.71000,2626.26000,,,1.00000,6.00000,,N,,,0.00000,0,,,,ШТ,2026-03-24 00:00:00,EKS000005935,N,,,,6.00000,6.00000,15757.56000,,КГ,Заказной,Петров И.В.,41675,ШТ,Заказной товар,ВсеИнструменты.ру,0.00000,0.00000,r.sagaidak,Пакет интерфейса поставки:7d9222be-4ff2-4bd4-8a84-3e584a44eb14,2026-03-24 18:11:32,321333,1997473,6.00000,2,,,,,,,,C,,Годен,,
1995832,WH1,,320841,New,End,,N,ЭКС,,,,,,,,5962522.00000,ЭКС-000005854   ,,,False,7669,,,,"Счетчик  Меркурий 230AМ-01 1,0 5-50А(5-60A)/380В",СМ,,18.00000,34.00000,3819.93000,3819.93000,,,1.34800,10.00000,,Y,,,1.00000,0,,,,ШТ,2026-03-24 00:00:00,EKS000005854,N,,,,0.00000,0.00000,0.00000,,КГ,,Княжева Ю.В.,,ШТ,Базовый,Гермес-Трейд Комплект ООО,0.00000,0.00000,ILSSRV,Пакет интерфейса поставки:2a7da5b8-9312-4886-9cf7-528093ff0707,2026-03-24 18:33:37,321244,1997121,1.00000,2,,,,,,,Schetchik,C,,Годен,,
1995833,WH1,,320841,New,End,,N,ЭКС,,,,,,,,5962520.00000,ЭКС-000005854   ,,,False,213219,,,,"Рассеиватель ПРОЗРАЧНЫЙ для профиля PAL 1506, 1612 , 1818, 1919, 2206, 2406, 0612, 0816",СМ,False,1.00000,200.00000,169.10000,1183.70000,,,0.10000,1.00000,,N,,,0.00000,0,,,,ШТ,2026-03-24 00:00:00,EKS000005854,N,,,,7.00000,0.70000,8285.90000,,КГ,Логунов Владимир Александ,Кузьмин М.С.,.1025364,ШТ,Базовый,ВТЛ  ООО (JAZZWAY),0.00000,0.00000,r.sagaidak,Пакет интерфейса поставки:2a7da5b8-9312-4886-9cf7-528093ff0707,2026-03-24 18:33:37,321244,1997128,7.00000,2,,,,,,,Long 2,C,,Годен,,
1995834,WH1,,320841,New,End,,N,ЭКС,,,,,,,,5962523.00000,ЭКС-000005854   ,,,False,185157,,3926909709,,"Рассеиватель МАТОВЫЙ для профиля PAL 1506, 1612 , 1818, 1919, 2206, 2406, 0612, 0816",СМ,False,1.00000,200.00000,179.83000,899.15000,,,0.02000,1.00000,,N,,,0.00000,0,,,,ШТ,2026-03-24 00:00:00,EKS000005854,N,,,,5.00000,0.10000,4495.75000,,КГ,Логунов Владимир Александ,Кузьмин М.С.,.1023117,ШТ,Базовый,ВТЛ  ООО (JAZZWAY),0.00000,0.00000,r.sagaidak,Пакет интерфейса поставки:2a7da5b8-9312-4886-9cf7-528093ff0707,2026-03-24 18:33:37,321244,1997129,5.00000,2,,,,,,,Long 2,A,,Годен,,
1995835,WH1,,320841,New,End,,N,ЭКС,,,,,,,,5962524.00000,ЭКС-000005854   ,,,False,747256,,,,"Кабель гибкий КГтп-ХЛ 2х1,5-380/660В-3 (100м)",СМ,,5.00000,30.00000,3679.90000,3679.90000,,,5.00000,30.00000,,N,,,0.00000,0,,,,ШТ,2026-03-24 00:00:00,EKS000005854,N,,,,1.00000,5.00000,3679.90000,,КГ,,Дунав М.И.,747256,ШТ,Базовый,ЗАО Металлист,0.00000,0.00000,r.sagaidak,Пакет интерфейса поставки:2a7da5b8-9312-4886-9cf7-528093ff0707,2026-03-24 18:33:37,321244,1997139,1.00000,2,,,,,,,KPP_shtuki,C,,Годен,,
1995836,WH1,,320841,New,End,,N,ЭКС,,,,,,,,5962525.00000,ЭКС-000005854   ,,,False,838519,,,,"Пушка тепловая, квадратная, PTC, 5кВт REXANT",СМ,False,36.00000,27.00000,3499.08000,3499.08000,,,5.00000,24.00000,,N,,,0.00000,0,,,,ШТ,2026-03-24 00:00:00,EKS000005854,N,,,,1.00000,5.00000,3499.08000,,КГ,,Петров И.В.,60-0009,ШТ,Базовый,СДС  ООО инн_7734425377,0.00000,0.00000,r.sagaidak,Пакет интерфейса поставки:2a7da5b8-9312-4886-9cf7-528093ff0707,2026-03-24 18:33:37,321244,1997134,1.00000,2,,,,,,,,C,,Годен,,
1995837,WH1,,320841,New,End,,N,ЭКС,,,,,,,,5962526.00000,ЭКС-000005854   ,,,False,15853,,9403208009,,Корпус навес (650х500х220) ЩМП-3-0 36 с монт.пан. IP31 ИЭК YKM40-03-31,СМ,False,23.00000,67.00000,4744.25000,4744.25000,,,14.00000,52.00000,,N,,,0.00000,0,,,,ШТ,2026-03-24 00:00:00,EKS000005854,N,,,,1.00000,14.00000,4744.25000,,КГ,Дортман Анна Павловна,Феденькова Д.Ю.,YKM40-03-31,ШТ,Базовый,ЭлектроОптТорг ООО,0.00000,0.00000,r.sagaidak,Пакет интерфейса поставки:2a7da5b8-9312-4886-9cf7-528093ff0707,2026-03-24 18:33:37,321244,1997119,1.00000,2,,,,,,,,B,,Годен,,
1995838,WH1,,320841,New,End,,N,ЭКС,,,,,,,,5962527.00000,ЭКС-000005854   ,,,False,257645,,,,"Мат греющий IQ FLOOR MAT-2,5  375Вт, 2,5м2",СМ,,63.00000,15.00000,4053.69000,4053.69000,,,1.50000,15.00000,,N,,,0.00000,0,,,,ШТ,2026-03-24 00:00:00,EKS000005854,N,,,,1.00000,1.50000,4053.69000,,КГ,Коробейников Николай Алек,Козлова М.А.,IQ00105,ШТ,Базовый,СМАРТ ХИТ ООО,0.00000,0.00000,r.sagaidak,Пакет интерфейса поставки:2a7da5b8-9312-4886-9cf7-528093ff0707,2026-03-24 18:33:37,321244,1997126,1.00000,2,,,,,,,,C,,Годен,,
1995839,WH1,,320841,New,End,,N,ЭКС,,,,,,,,5962528.00000,ЭКС-000005854   ,,,False,674083,,,,"Кабель ВВГ-Пнг(A)-LS 2х2,5 ок (N)-0,66 Бухта 50м ЭКС желт.",СМ,False,17.00000,17.00000,2576.65000,2576.65000,,,7.85000,10.00000,,N,,,0.00000,0,,,,ШТ,2026-03-24 00:00:00,EKS000005854,N,,,,1.00000,7.85000,2576.65000,,КГ,Коробейников Николай Алек,Козлова М.А.,674083,ШТ,Базовый,ИП Даммер Виктор Яковлеви,0.00000,0.00000,r.sagaidak,Пакет интерфейса поставки:2a7da5b8-9312-4886-9cf7-528093ff0707,2026-03-24 18:33:37,321244,1997144,1.00000,2,,,,,,,KPP_shtuki,C,,Годен,,
1995840,WH1,,320841,New,End,,N,ЭКС,,,,,,,,5962529.00000,ЭКС-000005854   ,,,False,810098,,,,"Конвектор электрический с меxаническим термостатом, 1,0кВт, СТИЧ-нагревательный элемент, ножки REXAN",СМ,False,11.00000,51.00000,2114.32000,2114.32000,,,2.82000,49.00000,,N,,,0.00000,0,,,,ШТ,2026-03-24 00:00:00,EKS000005854,N,,,,1.00000,2.82000,2114.32000,,КГ,,Петров И.В.,60-0093,ШТ,Базовый,СДС  ООО инн_7734425377,0.00000,0.00000,r.sagaidak,Пакет интерфейса поставки:2a7da5b8-9312-4886-9cf7-528093ff0707,2026-03-24 18:33:37,321244,1997137,1.00000,2,,,,,,,,C,,Годен,,
1995841,WH1,,320841,New,End,,N,ЭКС,,,,,,,,5962530.00000,ЭКС-000005854   ,,,False,837491,,,,"Конвектор электрический с меxаническим термостатом, 0,5кВт, СТИЧ-нагревательный элемент, ножки REXAN",СМ,False,10.50000,51.00000,1946.25000,3892.50000,,,3.06000,50.00000,,N,,,0.00000,0,,,,ШТ,2026-03-24 00:00:00,EKS000005854,N,,,,2.00000,6.12000,7785.00000,,КГ,,Петров И.В.,60-0126,ШТ,Базовый,СДС  ООО инн_7734425377,0.00000,0.00000,r.sagaidak,Пакет интерфейса поставки:2a7da5b8-9312-4886-9cf7-528093ff0707,2026-03-24 18:33:37,321244,1997136,2.00000,2,,,,,,,,C,,Годен,,
1995842,WH1,,320841,New,End,,N,ЭКС,,,,,,,,5962531.00000,ЭКС-000005854   ,,,False,838506,,,,"Конвектор электрический с меxаническим термостатом, 1,5кВт, X-нагревательный элемент, ножки REXAN",СМ,False,10.50000,64.50000,2731.46000,5462.92000,,,4.50000,50.00000,,N,,,0.00000,0,,,,ШТ,2026-03-24 00:00:00,EKS000005854,N,,,,2.00000,9.00000,10925.84000,,КГ,,Петров И.В.,60-0097,ШТ,Базовый,СДС  ООО инн_7734425377,0.00000,0.00000,r.sagaidak,Пакет интерфейса поставки:2a7da5b8-9312-4886-9cf7-528093ff0707,2026-03-24 18:33:37,321244,1997135,2.00000,2,,,,,,,,C,,Годен,,
1995843,WH1,,320841,New,End,,N,ЭКС,,,,,,,,5962532.00000,ЭКС-000005854   ,,,False,838525,,,,"Пушка тепловая, регулировка угла наклона, 2 кВт, REXANT",СМ,False,35.00000,25.00000,2440.05000,4880.10000,,,3.00000,25.00000,,N,,,0.00000,0,,,,ШТ,2026-03-24 00:00:00,EKS000005854,N,,,,2.00000,6.00000,9760.20000,,КГ,,Петров И.В.,60-0038,ШТ,Базовый,СДС  ООО инн_7734425377,0.00000,0.00000,r.sagaidak,Пакет интерфейса поставки:2a7da5b8-9312-4886-9cf7-528093ff0707,2026-03-24 18:33:37,321244,1997132,2.00000,2,,,,,,,,C,,Годен,,
1995844,WH1,,320841,New,End,,N,ЭКС,,,,,,,,5962534.00000,ЭКС-000005854   ,,,False,6641,,8536209007,,Выключатель авт. ВА88-32 3Р 100А 25кА ИЭК,СМ,False,10.00000,14.00000,2840.14000,2840.14000,,,1.00000,9.00000,,N,,,0.00000,0,,,,ШТ,2026-03-24 00:00:00,EKS000005854,N,,,,1.00000,1.00000,2840.14000,,КГ,Катышев Александр Вячесла,Самоличенко В.А.,SVA10-3-0100,ШТ,Базовый,ЭлектроОптТорг ООО,0.00000,0.00000,r.sagaidak,Пакет интерфейса поставки:2a7da5b8-9312-4886-9cf7-528093ff0707,2026-03-24 18:33:37,321244,1997122,1.00000,2,,,,,,,,C,,Годен,,
1995845,WH1,,320841,New,End,,N,ЭКС,,,,,,,,5962535.00000,ЭКС-000005854   ,,,False,15844,,9403208009,,"Корпус навес метал ЩУ-1/1-0 74 У1 IP66 2 мод, ИЭК (310х300х150) MKM51-N-01-54",СМ,False,16.00000,30.00000,3230.43000,3230.43000,,,4.00000,30.00000,,N,,,0.00000,0,,,,ШТ,2026-03-24 00:00:00,EKS000005854,N,,,,1.00000,4.00000,3230.43000,,КГ,Дортман Анна Павловна,Феденькова Д.Ю.,MKM51-N-01-54,ШТ,Базовый,ЭлектроОптТорг ООО,0.00000,0.00000,r.sagaidak,Пакет интерфейса поставки:2a7da5b8-9312-4886-9cf7-528093ff0707,2026-03-24 18:33:37,321244,1997120,1.00000,2,,,,,,,,C,,Годен,,
1995846,WH1,,320841,New,End,,N,ЭКС,,,,,,,,5962536.00000,ЭКС-000005854   ,,,False,99976,,,,Стабилизатор Ресанта 1ф АСН- 1500/1-Ц,СМ,False,20.00000,30.00000,2825.26000,2825.26000,,,6.00000,20.00000,,N,,,0.00000,0,,,,ШТ,2026-03-24 00:00:00,EKS000005854,N,,,,1.00000,6.00000,2825.26000,,КГ,Катышев Александр Вячесла,Третьяков С.М.,63/6/3,ШТ,Базовый,Креусс АО,0.00000,0.00000,r.sagaidak,Пакет интерфейса поставки:2a7da5b8-9312-4886-9cf7-528093ff0707,2026-03-24 18:33:37,321244,1997131,1.00000,2,,,,,,,,C,,Годен,,
1995847,WH1,,320841,New,End,,N,ЭКС,,,,,,,,5962537.00000,ЭКС-000005854   ,,,False,150380,,,,Контактор E1 НО+1НЗ 40А 400В AC3 220В 50Гц,СМ,,8.00000,13.00000,2728.92000,2728.92000,,,0.60000,12.00000,,N,,,0.00000,0,,,,ШТ,2026-03-24 00:00:00,EKS000005854,N,,,,1.00000,0.60000,2728.92000,,КГ,Катышев Александр Вячесла,Третьяков С.М.,LC1E40M5,ШТ,Базовый,СИСТЭМ ЭЛЕКТРИК АО (ранее,0.00000,0.00000,r.sagaidak,Пакет интерфейса поставки:2a7da5b8-9312-4886-9cf7-528093ff0707,2026-03-24 18:33:37,321244,1997130,1.00000,2,,,,,,,,C,,Годен,,
1995848,WH1,,320841,New,End,,N,ЭКС,,,,,,,,5962538.00000,ЭКС-000005854   ,,,False,224515,,,,"Розетка с/п 1-ая 2К б/рамки ""Glossa"" антрацит GSL000741",СМ,,4.00000,5.00000,167.70000,2347.80000,,1,0.10000,5.00000,,N,,,0.00000,0,,,,ШТ,2026-03-24 00:00:00,EKS000005854,N,,,,14.00000,1.40000,32869.20000,,КГ,Дортман Анна Павловна,Куграшова О.В.,GSL000741,ШТ,Базовый,Шнейдер Электрик АО,0.00000,0.00000,r.sagaidak,Пакет интерфейса поставки:2a7da5b8-9312-4886-9cf7-528093ff0707,2026-03-24 18:33:37,321244,1997127,14.00000,2,,,,,,,,C,,Годен,,
1995849,WH1,,320841,New,End,,N,ЭКС,,,,,,,,5962539.00000,ЭКС-000005854   ,,,False,258558,,,,Терморегулятор IQ THERMOSTAT TS электр. прогр. сенс. бел,СМ,,7.00000,10.00000,2286.25000,2286.25000,,,0.35000,9.00000,,N,,,0.00000,0,,,,ШТ,2026-03-24 00:00:00,EKS000005854,N,,,,1.00000,0.35000,2286.25000,,КГ,Коробейников Николай Алек,Козлова М.А.,IQ00406,ШТ,Базовый,СМАРТ ХИТ ООО,0.00000,0.00000,r.sagaidak,Пакет интерфейса поставки:2a7da5b8-9312-4886-9cf7-528093ff0707,2026-03-24 18:33:37,321244,1997125,1.00000,2,,,,,,,,C,,Годен,,
1995850,WH1,,320841,New,End,,N,ЭКС,,,,,,,,5962540.00000,ЭКС-000005854   ,,,False,302817,,,,"Розетка с з/к. со шторками с крышкой, 16А, IP20, мех-зм, Atlasdesign Шампань  ATN000546",СМ,,4.00000,7.00000,270.31000,2162.48000,,,0.10000,7.00000,,N,,,0.00000,0,,,,ШТ,2026-03-24 00:00:00,EKS000005854,N,,,,8.00000,0.80000,17299.84000,,КГ,Дортман Анна Павловна,Куграшова О.В.,ATN000546,ШТ,Базовый,Шнейдер Электрик АО,0.00000,0.00000,r.sagaidak,Пакет интерфейса поставки:2a7da5b8-9312-4886-9cf7-528093ff0707,2026-03-24 18:33:37,321244,1997124,8.00000,2,,,,,,,,C,,Годен,,
1995851,WH1,,320841,New,End,,N,ЭКС,,,,,,,,5962542.00000,ЭКС-000005854   ,,,False,320071,,,,"Блок питания ARS-250-12 (12V, 20,8A, 250W) (Arlight, IP20 Сетка, 2 года)",СМ,False,6.00000,18.00000,2394.84000,2394.84000,,,0.50000,12.00000,,N,,,0.00000,0,,,,ШТ,2026-03-24 00:00:00,EKS000005854,N,,,,1.00000,0.50000,2394.84000,,КГ,Логунов Владимир Александ,Кузьмин М.С.,023612,ШТ,Базовый,Арлайт РУС ООО,0.00000,0.00000,r.sagaidak,Пакет интерфейса поставки:2a7da5b8-9312-4886-9cf7-528093ff0707,2026-03-24 18:33:37,321244,1997123,1.00000,2,,,,,,,,C,,Годен,,
1995852,WH1,,320841,New,End,,N,ЭКС,,,,,,,,5962543.00000,ЭКС-000005854   ,,,False,597211,,,,Прожектор LED  PFL- V  50w  6500K IP65 4500Lm Jazzway,СМ,,19.00000,22.00000,562.37000,2249.48000,,,0.40000,4.00000,,N,,,0.00000,0,,,,ШТ,2026-03-24 00:00:00,EKS000005854,N,,,,4.00000,1.60000,8997.92000,,КГ,Акулинский Петр Иванович,Косова Т.В.,.5039735,ШТ,Базовый,ВТЛ  ООО (JAZZWAY),0.00000,0.00000,r.sagaidak,Пакет интерфейса поставки:2a7da5b8-9312-4886-9cf7-528093ff0707,2026-03-24 18:33:37,321244,1997147,4.00000,2,,,,,,,,C,,Годен,,
1995853,WH1,,320841,New,End,,N,ЭКС,,,,,,,,5962544.00000,ЭКС-000005854   ,,,False,625154,,,,Электротепловентилятор TP-03220 HINTEK,СМ,False,25.00000,34.00000,3061.62000,3061.62000,,,4.00000,25.00000,,N,,,0.00000,0,,,,ШТ,2026-03-24 00:00:00,EKS000005854,N,,,,1.00000,4.00000,3061.62000,,КГ,Катышев Александр Вячесла,Петров И.В.,04.000055,ШТ,Базовый,ЭЛКОМ СК,0.00000,0.00000,r.sagaidak,Пакет интерфейса поставки:2a7da5b8-9312-4886-9cf7-528093ff0707,2026-03-24 18:33:37,321244,1997146,1.00000,2,,,,,,,,C,,Годен,,
1995854,WH1,,320841,New,End,,N,ЭКС,,,,,,,,5962545.00000,ЭКС-000005854   ,,,False,689287,,,,Свет-к с/д (потолочный) LE LED RF 28W 3000К 4000К 6500К (круг D300x25 IP40) Черный,СМ,False,3.00000,30.00000,1327.98000,1327.98000,,,0.80000,30.00000,,N,,,0.00000,0,,,,ШТ,2026-03-24 00:00:00,EKS000005854,N,,,,1.00000,0.80000,1327.98000,,КГ,,Косова Т.В.,LE061209-011,ШТ,Новинка,ЗАО «Энергокомплект»,0.00000,0.00000,r.sagaidak,Пакет интерфейса поставки:2a7da5b8-9312-4886-9cf7-528093ff0707,2026-03-24 18:33:37,321244,1997143,1.00000,2,,,,,,,,C,,Годен,,
1995855,WH1,,320841,New,End,,N,ЭКС,,,,,,,,5962546.00000,ЭКС-000005854   ,,,False,690983,,,,"Удлинитель силовой 4гн ПВС 3х1,5мм2 16А 3500Вт 20м IP20 на пластиковой катушке PLEXUP",СМ,,40.00000,30.00000,1825.01000,1825.01000,,,3.00000,23.00000,,N,,,0.00000,0,,,,ШТ,2026-03-24 00:00:00,EKS000005854,N,,,,1.00000,3.00000,1825.01000,,КГ,,Княжева Ю.В.,EUC41-35-20-20,ШТ,Новинка,Независимость ТД ООО,0.00000,0.00000,r.sagaidak,Пакет интерфейса поставки:2a7da5b8-9312-4886-9cf7-528093ff0707,2026-03-24 18:33:37,321244,1997141,1.00000,2,,,,,,,,C,,Годен,,
1995856,WH1,,320841,New,End,,N,ЭКС,,,,,,,,5962547.00000,ЭКС-000005854   ,,,False,780052,,,,"Диск алмазный двойной, сегментный, 125х22,2мм, сухая резка KRANZ",СМ,,1.00000,13.00000,1467.23000,2934.46000,,,0.30000,13.00000,,N,,,0.00000,0,,,,ШТ,2026-03-24 00:00:00,EKS000005854,N,,,,2.00000,0.60000,5868.92000,,КГ,,Петров И.В.,KR-90-0101-2,ШТ,Базовый,СДС  ООО,0.00000,0.00000,r.sagaidak,Пакет интерфейса поставки:2a7da5b8-9312-4886-9cf7-528093ff0707,2026-03-24 18:33:37,321244,1997138,2.00000,2,,,,,,,,C,,Годен,,
1995857,WH1,,320841,New,End,,N,ЭКС,,,,,,,,5962549.00000,ЭКС-000005854   ,,,False,838522,,,,"Пушка тепловая электрическая, круглая, PTC, 3кВт REXANT",СМ,False,30.00000,25.00000,1933.70000,3867.40000,,,2.00000,22.00000,,N,,,0.00000,0,,,,ШТ,2026-03-24 00:00:00,EKS000005854,N,,,,2.00000,4.00000,7734.80000,,КГ,,Петров И.В.,60-0016,ШТ,Базовый,СДС  ООО инн_7734425377,0.00000,0.00000,r.sagaidak,Пакет интерфейса поставки:2a7da5b8-9312-4886-9cf7-528093ff0707,2026-03-24 18:33:37,321244,1997133,2.00000,2,,,,,,,,C,,Годен,,
1995858,WH1,,320841,New,End,,N,ЭКС,,,,,,,,5962550.00000,ЭКС-000005854   ,,,False,496012,,,,Панель SPL-510-S-65K-040 40Вт 3420Лм 6500К IP40 СЕРЕБРО ЭРА 595x595x8 без драйвера(Код366129Драйвер),СМ,False,1.50000,60.00000,1046.07000,1046.07000,,,0.80000,60.00000,,N,,,0.00000,0,,,,ШТ,2026-03-24 00:00:00,EKS000005854,N,,,,1.00000,0.80000,1046.07000,,КГ,Акулинский Петр Иванович,Колупаев В.Г.,Б0048924,ШТ,Базовый,Орион ООО   (ЭРА) новый (,0.00000,0.00000,r.sagaidak,Пакет интерфейса поставки:2a7da5b8-9312-4886-9cf7-528093ff0707,2026-03-24 18:33:37,321244,1997118,1.00000,2,,,,,,,,C,,Годен,,
1995859,WH1,,320841,New,End,,N,ЭКС,,,,,,,,5962551.00000,ЭКС-000005854   ,,,False,533322,,,,Светильник PTR  28 GU10 BL 230V IP20 Jazzway,СМ,False,7.00000,15.00000,327.11000,1308.44000,,,0.20000,10.00000,,N,,,0.00000,0,,,,ШТ,2026-03-24 00:00:00,EKS000005854,N,,,,4.00000,0.80000,5233.76000,,КГ,Логунов Владимир Александ,Кузьмин М.С.,.5040182,ШТ,Базовый,ВТЛ  ООО (JAZZWAY),0.00000,0.00000,r.sagaidak,Пакет интерфейса поставки:2a7da5b8-9312-4886-9cf7-528093ff0707,2026-03-24 18:33:37,321244,1997117,4.00000,2,,,,,,,,C,,Годен,,
1995860,WH1,,320841,New,End,,N,ЭКС,,,,,,,,5962553.00000,ЭКС-000005854   ,,,False,660946,,,,Выкл-ль дифференциального тока (ВДТ) City9 2п 63А 30мА Тип-AC 230В,СМ,,4.00000,8.00000,2448.75000,7346.25000,,,0.23000,8.00000,,N,,,0.00000,0,,,,ШТ,2026-03-24 00:00:00,EKS000005854,N,,,,3.00000,0.69000,22038.75000,,КГ,Сарычев Дмитрий Сергеевич,Шаповалов П.Г.,C9R36263,ШТ,Базовый,СИСТЭМ ЭЛЕКТРИК АО (ранее,0.00000,0.00000,r.sagaidak,Пакет интерфейса поставки:2a7da5b8-9312-4886-9cf7-528093ff0707,2026-03-24 18:33:37,321244,1997145,3.00000,2,,,,,,,,B,,Годен,,
1995861,WH1,,320841,New,End,,N,ЭКС,,,,,,,,5962554.00000,ЭКС-000005854   ,,,False,689295,,,,Свет-к с/д (потолочный) LE LED RF 50W 3000К 4000К 6500К (круг D480x25 IP40) Черный,СМ,False,3.00000,50.00000,2254.15000,2254.15000,,,2.00000,50.00000,,N,,,0.00000,0,,,,ШТ,2026-03-24 00:00:00,EKS000005854,N,,,,1.00000,2.00000,2254.15000,,КГ,,Косова Т.В.,LE061209-013,ШТ,Новинка,ЗАО «Энергокомплект»,0.00000,0.00000,r.sagaidak,Пакет интерфейса поставки:2a7da5b8-9312-4886-9cf7-528093ff0707,2026-03-24 18:33:37,321244,1997142,1.00000,2,,,,,,,,C,,Годен,,
1995862,WH1,,320841,New,End,,N,ЭКС,,,,,,,,5962555.00000,ЭКС-000005854   ,,,False,743391,,,,Комплект подключения 3 фазный NILED,СМ,False,7.00000,26.00000,2083.71000,2083.71000,,,0.90000,12.00000,,N,,,0.00000,0,,,,ШТ,2026-03-24 00:00:00,EKS000005854,N,,,,1.00000,0.90000,2083.71000,,КГ,,Дунав М.И.,14200411,ШТ,Базовый,"ООО ""АРМАТЕХ""",0.00000,0.00000,r.sagaidak,Пакет интерфейса поставки:2a7da5b8-9312-4886-9cf7-528093ff0707,2026-03-24 18:33:37,321244,1997140,1.00000,2,,,,,,,,C,,Годен,,
1995863,WH1,,320842,New,End,,N,ЭКС,,,,,,,,5962227.00000,ЭКС-000005801   ,,,False,370021,,,,"Кабель КГтп-ХЛ 2х0,75-380/660В-3",СМ,,0.72000,100.00000,20.99000,44079.00000,7.2,,0.05700,0.72000,,Y,,,100.00000,0,,,,М,2026-03-24 00:00:00,EKS000005801,N,,,,2000.00000,114.00000,88158000.00000,,КГ,Коробейников Николай Алек,Дунав М.И.,370021,М,Товар РЦ,ЗАО Металлист,0.00000,0.00000,a.savitskiy,Пакет интерфейса поставки:cb5f54ef-2c17-4737-a4c4-d8d8744bdb23,2026-03-24 18:35:43,321191,1996871,2100.00000,1,,,,,,,,C,,Годен,,
1995864,WH1,,320843,New,End,,N,ЭКС,,,,,,,,5962556.00000,ЭКС-000005855   ,,,False,521057,,,,"Блок питания ARV-DR150-24 (24V, 6.25A, 150W) (Arlight, IP20 DIN-рейка)",СМ,False,7.00000,11.00000,4974.38000,4974.38000,,,0.30000,10.00000,,N,,,1.00000,0,,,,ШТ,2026-03-24 00:00:00,EKS000005855,N,,,,0.00000,0.00000,0.00000,,КГ,Акулинский Петр Иванович,Кузьмин М.С.,035700,ШТ,Базовый,Арлайт РУС ООО,0.00000,0.00000,ILSSRV,Пакет интерфейса поставки:cb5f54ef-2c17-4737-a4c4-d8d8744bdb23,2026-03-24 18:35:46,321245,1997150,1.00000,2,,,,,,,,C,,Годен,,
1995865,WH1,,320843,New,End,,N,ЭКС,,,,,,,,5962557.00000,ЭКС-000005855   ,,,False,201403,,,,Профиль  PAL 1612 накладной (2м) анодированный для LED лент JAZZWAY,СМ,,1.50000,200.00000,455.23000,1365.69000,,,0.30000,2.00000,,N,,,3.00000,0,,,,ШТ,2026-03-24 00:00:00,EKS000005855,N,,,,0.00000,0.00000,0.00000,,КГ,Логунов Владимир Александ,Кузьмин М.С.,.1009647,ШТ,Базовый,ВТЛ  ООО (JAZZWAY),0.00000,0.00000,ILSSRV,Пакет интерфейса поставки:cb5f54ef-2c17-4737-a4c4-d8d8744bdb23,2026-03-24 18:35:46,321245,1997148,3.00000,2,,,,,,,Long 2,C,,Годен,,
1995866,WH1,,320843,New,End,,N,ЭКС,,,,,,,,5962558.00000,ЭКС-000005855   ,,,False,198490,,,,Профиль  PAL 1506 накладной (2м) анодированный для LED лент JAZZWAY,СМ,,0.50000,200.00000,253.86000,253.86000,,,0.50000,2.00000,,N,,,1.00000,0,,,,ШТ,2026-03-24 00:00:00,EKS000005855,N,,,,0.00000,0.00000,0.00000,,КГ,Логунов Владимир Александ,Кузьмин М.С.,.1009609,ШТ,Базовый,ВТЛ  ООО (JAZZWAY),0.00000,0.00000,ILSSRV,Пакет интерфейса поставки:cb5f54ef-2c17-4737-a4c4-d8d8744bdb23,2026-03-24 18:35:46,321245,1997149,1.00000,2,,,,,,,Long 2,A,,Годен,,
1995867,WH1,,320844,New,End,,N,ЭКС,,,,,,,ЭКС-000009411   ,5962801.00000,ЭКС-000005898   ,,,False,749629,,,,Труба гофрированная ПВХ сверхтяжелая 1100 Н серая с/з д20 (100м/4800м уп/пал),СМ,,2.00000,100.00000,33.68000,26944.00000,,,0.07000,2.00000,,N,,,800.00000,0,,,,М,2026-03-25 00:00:00,EKS000005898,N,,,,0.00000,0.00000,0.00000,,КГ,Заказной,Гилета О.В.,PR.0120321,М,Заказной товар,Промрукав ООО,0.00000,0.00000,a.savitskiy,Пакет интерфейса поставки:cb5f54ef-2c17-4737-a4c4-d8d8744bdb23,2026-03-24 18:35:47,321290,1997342,800.00000,2,,,,,,,,C,,Годен,,
1995868,WH1,,320845,New,End,,N,ЭКС,,,,,,,ЭКС-000011619   ,5963018.00000,ЭКС-000005936   ,,,False,317429,,,,"Аккумулятор свинцово-кислотный DELTA HR 12-7.2 12В | 7,2Ач  2,5кг",СМ,False,10.00000,15.00000,1397.74000,5590.96000,,,2.50000,6.00000,,N,,,0.00000,0,,,,ШТ,2026-03-24 00:00:00,EKS000005936,N,,,,4.00000,10.00000,22363.84000,,КГ,Сарычев Дмитрий Сергеевич,Иваненко П.В.,4614010180011,ШТ,Товар РЦ,СМАРТ БЭТТЕРИЗ ООО,0.00000,0.00000,r.sorokin,Пакет интерфейса поставки:f344e78e-6fa0-4d94-b15c-2ab327e7c146,2026-03-25 09:07:01,321334,1997474,4.00000,2,,,,,,,,C,,Годен,,
1995869,WH1,,320846,New,End,,N,ЭКС,,,,,,,ЭКС-000012531   ,5963019.00000,ЭКС-000005937   ,,,False,696174,,,,Аккумуляторная батарея Delta DTM 12100 L (12V / 100Ah),СМ,False,27.00000,36.00000,15430.33000,15430.33000,,,30.00000,20.00000,,N,,,0.00000,0,,,,ШТ,2026-03-24 00:00:00,EKS000005937,N,,,,1.00000,30.00000,15430.33000,,КГ,Заказной,Иваненко П.В.,DTM12100L,ШТ,Заказной товар,Тайле Рус,0.00000,0.00000,r.sorokin,Пакет интерфейса поставки:f344e78e-6fa0-4d94-b15c-2ab327e7c146,2026-03-25 09:07:14,321335,1997475,1.00000,2,,,,,,,,C,,Годен,,
1995870,WH1,,320847,New,End,,N,ЭКС,,,,,,,ЭКС-000009302   ,5963020.00000,ЭКС-000005938   ,,,False,877346,,,,Реле обрыва фаз JVM-1 3ф. 380В (БЕЗ колодки разъема),СМ,False,10.00000,10.00000,1500.00000,3000.00000,,,0.30000,7.00000,,N,,,0.00000,0,,,,ШТ,2026-03-10 00:00:00,EKS000005938,N,,,,2.00000,0.60000,6000.00000,,КГ,Заказной,Любаева С.В.,,ШТ,Прочее,Карпов Владимир Алексееви,0.00000,0.00000,r.sorokin,Пакет интерфейса поставки:c086cb4e-9722-49ba-a9c4-cfdfa8dcaca0,2026-03-25 09:09:14,321336,1997476,2.00000,2,,,,,,,,C,,Годен,,
1995871,WH1,,320848,New,End,,N,ЭКС,,,,,,,,5963022.00000,ЭКС-000005940   ,,,False,494858,,,,Конвектор ОК-EU-2000CH Eurolux,СМ,False,50.00000,80.00000,1931.35000,1931.35000,,,4.00000,11.00000,,N,,,0.00000,0,,,,ШТ,2026-03-25 00:00:00,EKS000005940,N,,,,1.00000,4.00000,1931.35000,,КГ,Катышев Александр Вячесла,Петров И.В.,67/4/33,ШТ,Базовый,Креусс АО,0.00000,0.00000,r.sorokin,Пакет интерфейса поставки:270aa346-51f2-4111-ac1f-40d8f960a170,2026-03-25 11:39:11,321338,1997478,1.00000,2,,,,,,,,C,,Брак,,
1995872,WH1,,320849,New,End,,N,ЭКС,,,,,,,,5963021.00000,ЭКС-000005939   ,,,False,685931,,,,Конвектор ОК-EU-1500 Eurolux,СМ,False,13.00000,65.00000,2215.26000,2215.26000,,,5.00000,50.00000,,N,,,0.00000,0,,,,ШТ,2026-03-25 00:00:00,EKS000005939,N,,,,1.00000,5.00000,2215.26000,,КГ,,Петров И.В.,67/4/25,ШТ,Базовый,Креусс АО,0.00000,0.00000,r.sorokin,Пакет интерфейса поставки:094e4f0d-af2e-4142-9a18-53f4ad635c55,2026-03-25 11:41:14,321337,1997477,1.00000,2,,,,,,,,C,,Брак,,
1995873,WH1,,320850,New,End,,N,ЭКС,,,,,,,,5963023.00000,ЭКС-000005941   ,,,False,685931,,,,Конвектор ОК-EU-1500 Eurolux,СМ,False,13.00000,65.00000,2215.26000,2215.26000,,,5.00000,50.00000,,N,,,0.00000,0,,,,ШТ,2026-03-25 00:00:00,EKS000005941,N,,,,1.00000,5.00000,2215.26000,,КГ,,Петров И.В.,67/4/25,ШТ,Базовый,Креусс АО,0.00000,0.00000,r.sorokin,Пакет интерфейса поставки:094e4f0d-af2e-4142-9a18-53f4ad635c55,2026-03-25 11:41:17,321339,1997479,1.00000,2,,,,,,,,C,,Брак,,
1995874,WH1,,320851,New,End,,N,ЭКС,,,,,,,ЭКС-000006447   ,5963123.00000,ЭКС-000005957   ,,,False,203404,,9405110033,27.40.25.132,Светильник LED OPL/R ECO LED (595) EM 36Вт опал 2900лм/4000K IP20 Световые Технологии,СМ,False,17.00000,60.00000,12509.30000,375279.00000,,,5.00000,70.00000,,N,,,0.00000,0,,,,ШТ,2026-03-25 00:00:00,EKS000005957,N,,,,30.00000,130.00000,11258370.00000,,КГ,Заказной,Колупаев В.Г.,1028000490,ШТ,Заказной товар,МГК Световые Технологии О,0.00000,0.00000,v.plevako,Пакет интерфейса поставки:8e324da8-33a7-44b8-a958-144259bb9fde,2026-03-25 11:59:18,321355,1997569,30.00000,2,,,,,,,,C,,Годен,,
1995875,WH1,,320851,New,End,,N,ЭКС,,,,,,,ЭКС-000007973   ,5963124.00000,ЭКС-000005957   ,,,False,366745,,,,СТ ARCTIC.OPL ECO Светильник LED 1200 4000K,СМ,False,15.00000,130.00000,5209.56000,125029.44000,,,1.00000,20.00000,,N,,,0.00000,0,,,,ШТ,2026-03-25 00:00:00,EKS000005957,N,,,,24.00000,48.00000,3000706.56000,,КГ,Заказной,Колупаев В.Г.,1088000100,ШТ,Заказной товар,МГК Световые Технологии О,0.00000,0.00000,v.plevako,Пакет интерфейса поставки:8e324da8-33a7-44b8-a958-144259bb9fde,2026-03-25 11:59:18,321355,1997568,24.00000,2,,,,,,,Long < 2,C,,Годен,,
1995876,WH1,,320852,New,Processed,,N,ЭКС,0.00000,0.00000,0.00000,,0.00000,0.00000,,1.00000,,,4712-12-31 00:00:00,,0000,,,,ТРАНЗИТ,СМ,,1.00000,1.00000,0.00000,0.00000,,,1.00000,1.00000,БЕРДСК  № 69089 КРЕУСС,Y,Y,,0.00000,0,0,,,ГМ,2026-03-25 00:00:00,TR-25.03.2026-01,N,РЦ Новосибирск,РЦ Новосибирск,,1.00000,1.00000,0.00000,СМ3,КГ,,,,,,,0.00000,2.00000,v.plevako,Пакет интерфейса поставки:81737881-5388-402a-af9f-7da59f32a761,2026-03-25 12:58:52,321412,1997850,1.00000,,,,,,,,,,,,,0.00000
1995877,WH1,,320853,New,End,,N,ЭКС,,,,,,,ЭКС-000012635   ,5963396.00000,ЭКС-000006008   ,,,False,628056,,,,Саморегулирующийся греющий кабель Grandeks - 24-2,СМ,,0.30000,100.00000,75.41000,75410.00000,,,0.10000,1.00000,,Y,,,0.00000,0,,,,М,2026-03-25 00:00:00,EKS000006008,N,,,,1000.00000,64.50000,75410000.00000,,КГ,Коробейников Николай Алек,Козлова М.А.,979,М,Новинка,Грандекс ООО,0.00000,0.00000,v.plevako,Пакет интерфейса поставки:e1f3aec9-6539-4062-b258-891241cfbda8,2026-03-25 13:23:03,321406,1997779,1000.00000,1,,,,,,,,C,,Годен,,
