320612,New,End,,ЭКС,2026-03-23 09:22:54,,,,2026-03-23 09:25:39,2026-03-23 09:22:54,ЭКС-000005727   ,,,N,,100,O00000008453    ,,2026-03-23 00:00:00,EKS000005727,СП,Закупка,,,,,,,,,,,,,,,,"630088, Новосибирская обл, Новосибирск г,"," Петухова ул, дом № 37/2, строение 1, тел.",,Косова Т.В.,,,,,,МСТ ООО  (FERON),,,,2026-03-23 09:22:54,1,1,40.00000,1614944.00000,156000.00000,17.98000,,WH1,5403065426,540301001,Адресный СКЛАД РЦ (WMS),ЭКС-000007402   ,,,0.00000,0.00000,a.manokhin,Пакет интерфейса поставки:3e47980d-8aee-4af5-9eba-7fe2d3f97e22,2026-03-23 09:27:16,,КГ,321103,ILSSRV,2026-03-23 09:18:38
320613,New,End,,ЭКС,2026-03-23 09:26:47,,,,2026-03-23 09:28:54,2026-03-23 09:26:48,ЭКС-000005726   ,,,N,,100,,,2026-03-23 00:00:00,EKS000005726,СП,Возврат-Филиал,,,,,,,,,,,,,,,,"630073, Новосибирская область, г. Новосибирск,"," ул. Гоголя, д. 23, оф. 5",,Новоселов А.В.,,,,,,БАРНАУЛ Электрокомплектсервис ЗАО (Барнаул РСК),,,,2026-03-23 09:26:47,1,1,2.00000,23114.16000,20280.00000,27.70000,,WH1,5407159273,222445001,Адресный СКЛАД РЦ (WMS),ЭКС-000003713   ,,,0.00000,0.00000,a.savitskiy,Пакет интерфейса поставки:2a5b03d7-e12d-4b8e-8686-83847d10bd45,2026-03-23 09:30:52,,КГ,321102,ILSSRV,2026-03-23 09:11:36
320614,New,End,,ЭКС,2026-03-23 09:50:27,,,,2026-03-23 09:56:12,2026-03-23 09:51:38,О00-000001480   ,,,N,,100,O00000008464    ,,2026-03-23 00:00:00,O00000001480,СП,Закупка,,,,,,,,,,,,,,,,"117403, г.Москва, ул.Никопольская, д.4, стр.1,", пом.7.,,Княжева Ю.В.,,,,,,Гермес-Трейд Комплект ООО,,,,2026-03-23 09:50:27,3,3,13.00000,388123.97000,80768.50000,17.50600,,WH1,2536141529,772401001,Адресный СКЛАД РЦ (WMS),О00-000000139   ,,,0.00000,0.00000,a.savitskiy,Пакет интерфейса поставки:91e1360c-27c2-4337-a2e0-bf966809d4d5,2026-03-23 09:57:01,,КГ,321104,ILSSRV,2026-03-23 09:28:35
320615,New,End,,ЭКС,2026-03-23 09:10:03,,,,2026-03-23 09:57:11,2026-03-23 09:10:04,О00-000001479   ,,,N,,100,O00000008451    ,,2026-03-23 00:00:00,O00000001479,СП,Закупка,,,,,,,,,,,,,,,,"305044, Курская область, город Курск, ул. 2-я"," Рабочая, д. 23, помещение В1, помещение 2/2",,Самоличенко В.А.,,,,,,"Курский электроаппаратный  завод ООО (ООО""КЭАЗ"")",,,,2026-03-23 09:10:03,1,1,1.00000,2390.00000,350.62500,0.20000,,WH1,4632025039,463201001,Адресный СКЛАД РЦ (WMS),О00-000000138   ,,,0.00000,0.00000,r.sagaidak,Пакет интерфейса поставки:c4f8704e-466d-442c-8dd0-6a8a315fcafb,2026-03-23 09:58:40,,КГ,321101,ILSSRV,2026-03-23 09:09:36
320616,New,Processed,,ЭКС,2026-03-23 10:51:27,,,,2026-03-23 10:52:14,2026-03-23 10:51:28,,,,Y,,0,,,2026-03-23 00:00:00,TR-23/03/2026-01,ТР,транзит,,,рц,,,,,,,,,EKF Иркутск,,,,,,,,,,,,рц,EKF Иркутск,,,,2026-03-23 10:51:27,1,1,1.00000,0.00000,1.00000,1.00000,,WH1,,,,,,,0.00000,0.00000,r.sagaidak,Пакет интерфейса поставки:6e7b8d7d-e248-4c12-b875-9e279d9c0a54,2026-03-23 10:52:43,,,321117,r.sagaidak,2026-03-23 10:39:35
320617,New,Processed,,ЭКС,2026-03-23 10:51:33,,,,2026-03-23 10:52:09,2026-03-23 10:51:33,,,,Y,,0,,,2026-03-23 00:00:00,TR-23/03/2026-02,ТР,транзит,,,рц,,,,,,,,,EKF Красноярск,,,,,,,,,,,,рц,EKF Красноярск,,,,2026-03-23 10:51:33,1,1,1.00000,0.00000,1.00000,1.00000,,WH1,,,,,,,0.00000,0.00000,r.sagaidak,Пакет интерфейса поставки:6e7b8d7d-e248-4c12-b875-9e279d9c0a54,2026-03-23 10:52:43,,,321118,r.sagaidak,2026-03-23 10:41:47
320618,New,Processed,,ЭКС,2026-03-23 10:51:22,,,,2026-03-23 10:52:20,2026-03-23 10:51:23,,,,Y,,0,,,2026-03-23 00:00:00,TR-23/03/2026-03,ТР,транзит,,,рц,,,,,,,,,EKF Барнаул,,,,,,,,,,,,рц,EKF Барнаул,,,,2026-03-23 10:51:22,1,1,1.00000,0.00000,1.00000,1.00000,,WH1,,,,,,,0.00000,0.00000,r.sagaidak,Пакет интерфейса поставки:6e7b8d7d-e248-4c12-b875-9e279d9c0a54,2026-03-23 10:52:43,,,321119,r.sagaidak,2026-03-23 10:42:56
320619,New,End,,ЭКС,2026-03-23 11:01:30,26-01301032237,,,2026-03-23 11:04:39,2026-03-23 11:01:30,ЭКС-000005730   ,,,N,,100,O00000007893    ,,2026-03-16 00:00:00,EKS000005730,СП,Закупка,,,,,,,,,,,,,,,,"""Торговый дом ""Ферекс"" ООО Татарстан Лаишевский", р-н,,Лангеман Э.Г.,,,,,,Торговый дом Ферекс ,,,,2026-03-23 11:01:30,1,1,10.00000,706967.00000,170500.00000,23.40000,Деловые Линии ООО,WH1,1624012390,162401001,Адресный СКЛАД РЦ (WMS),ЭКС-000006153   ,,,0.00000,0.00000,a.manokhin,Пакет интерфейса поставки:4206cd29-42a4-4cbc-8c02-631e45f6d019,2026-03-23 11:04:55,,,321107,ILSSRV,2026-03-23 10:33:41
320620,New,End,,ЭКС,2026-03-23 11:09:35,,,,2026-03-23 11:40:51,2026-03-23 11:10:30,ЭКС-000005742   ,,,N,,100,O00000007923    ,,2026-03-20 00:00:00,EKS000005742,СП,Закупка,,,,,,,,,,,,,,,,"123060, г. Москва, г. Москва, ул. Маршала"," Соколовского, д. 3, оф. 3",,Петров И.В.,,,,,,СДС  ООО инн_7734425377,,,,2026-03-23 11:09:35,2,1,50.00000,290725.00000,24224.00000,8.50000,,WH1,7734425377,773401001,Адресный СКЛАД РЦ (WMS),ЭКС-000006891   ,,,0.00000,0.00000,r.sagaidak,Пакет интерфейса поставки:598d62ce-43f2-4041-9776-dc46ab88e0b6,2026-03-23 11:43:18,,КГ,321122,ILSSRV,2026-03-23 11:08:43
320621,New,End,,ЭКС,2026-03-23 11:27:09,5669,,,2026-03-23 12:06:11,2026-03-23 11:27:18,ЭКС-000005731   ,,,N,,100,O00000007900    ,,2026-04-01 00:00:00,EKS000005731,СП,Кросс-докинг,,,,,,,,,,,,,,,,"127273, г. Москва, г. Москва, ул. Отрадная, д. 2Б"," стр.9, оф. этаж 5",,Третьяков С.М.,,,,,,Электрорешения ООО,,,,2026-03-23 11:27:09,2,1,9.00000,522888.21000,261000.00000,26.00000,Электрорешения ООО,WH1,7721403552,771501001,Адресный СКЛАД РЦ (WMS),ЭКС-000006873   ,,,0.00000,0.00000,a.savitskiy,Пакет интерфейса поставки:c9fce651-73b1-4a1f-9756-b0ddf3e797bb,2026-03-23 12:07:18,,КГ,321108,ILSSRV,2026-03-23 10:34:42
320622,New,End,,ЭКС,2026-03-23 11:38:20,5669,,,2026-03-23 12:08:49,2026-03-23 11:38:20,ЭКС-000005733   ,,,N,,100,O00000007902    ,,2026-04-01 00:00:00,EKS000005733,СП,Кросс-докинг,,,,,,,,,,,,,,,,"127273, г. Москва, г. Москва, ул. Отрадная, д. 2Б"," стр.9, оф. этаж 5",,Третьяков С.М.,,,,,,Электрорешения ООО,,,,2026-03-23 11:38:20,1,1,12.00000,56763.36000,4752.00000,3.60000,Электрорешения ООО,WH1,7721403552,771501001,Адресный СКЛАД РЦ (WMS),ЭКС-000006875   ,,,0.00000,0.00000,a.savitskiy,Пакет интерфейса поставки:1d039d6c-45ba-48b8-9aae-a171cc3d64f2,2026-03-23 12:11:03,,КГ,321110,ILSSRV,2026-03-23 10:34:43
320623,New,End,,ЭКС,2026-03-23 11:43:44,5669,,,2026-03-23 12:10:03,2026-03-23 11:43:44,ЭКС-000005738   ,,,N,,100,O00000007907    ,,2026-04-01 00:00:00,EKS000005738,СП,Кросс-докинг,,,,,,,,,,,,,,,,"127273, г. Москва, г. Москва, ул. Отрадная, д. 2Б"," стр.9, оф. этаж 5",,Третьяков С.М.,,,,,,Электрорешения ООО,,,,2026-03-23 11:43:44,1,1,1.00000,1579.24000,510.00000,0.45000,Электрорешения ООО,WH1,7721403552,771501001,Адресный СКЛАД РЦ (WMS),ЭКС-000006880   ,,,0.00000,0.00000,a.savitskiy,Пакет интерфейса поставки:1d039d6c-45ba-48b8-9aae-a171cc3d64f2,2026-03-23 12:11:13,,,321115,ILSSRV,2026-03-23 10:35:43
320624,New,End,,ЭКС,2026-03-23 11:33:10,5669,,,2026-03-23 12:14:43,2026-03-23 11:33:11,ЭКС-000005732   ,,,N,,100,O00000007901    ,,2026-04-01 00:00:00,EKS000005732,СП,Закупка,,,,,,,,,,,,,,,,"127273, г. Москва, г. Москва, ул. Отрадная, д. 2Б"," стр.9, оф. этаж 5",,Третьяков С.М.,,,,,,Электрорешения ООО,,,,2026-03-23 11:33:10,1,1,1.00000,563.13000,280.00000,0.20000,Электрорешения ООО,WH1,7721403552,771501001,Адресный СКЛАД РЦ (WMS),ЭКС-000006874   ,,,0.00000,0.00000,a.savitskiy,Пакет интерфейса поставки:f8180bd5-df2e-4279-8c07-344c5ce8227f,2026-03-23 12:15:10,,КГ,321109,ILSSRV,2026-03-23 10:34:42
320625,New,End,,ЭКС,2026-03-23 11:31:09,5669,,,2026-03-23 12:16:40,2026-03-23 11:32:30,ЭКС-000005734   ,,,N,,100,O00000007903    ,,2026-04-01 00:00:00,EKS000005734,СП,Кросс-докинг,,,,,,,,,,,,,,,,"127273, г. Москва, г. Москва, ул. Отрадная, д. 2Б"," стр.9, оф. этаж 5",,Третьяков С.М.,,,,,,Электрорешения ООО,,,,2026-03-23 11:31:09,4,4,37.00000,13004.64000,2021.00000,0.79000,Электрорешения ООО,WH1,7721403552,771501001,Адресный СКЛАД РЦ (WMS),ЭКС-000006876   ,,,0.00000,0.00000,a.savitskiy,Пакет интерфейса поставки:7cda31ce-4443-4028-900f-bd8d421823b4,2026-03-23 12:17:20,,,321111,ILSSRV,2026-03-23 10:34:44
320626,New,End,,ЭКС,2026-03-23 12:05:43,122011391,,,2026-03-23 12:24:56,2026-03-23 12:05:43,ЭКС-000005745   ,,,N,,100,O00000008475    ,,2026-03-30 00:00:00,EKS000005745,СП,Закупка,,,,,,,,,,,,,,,,"614030, г.Пермь, ул.Янаульская 30-138",,,Козлова М.А.,,,,,,СПК ПромИнвестКабель ООО,,,,2026-03-23 12:05:43,1,1,109.00000,781056.94000,10900.00000,27.68600,КИТ. ТК  ООО,WH1,5907054960,590701001,Адресный СКЛАД РЦ (WMS),ЭКС-000006665   ,,,0.00000,0.00000,n.bezrukov,Пакет интерфейса поставки:96808786-8494-48bb-8fc8-55d2fbf3b4ce,2026-03-23 12:27:21,,КГ,321125,ILSSRV,2026-03-23 11:50:46
320627,New,End,,ЭКС,2026-03-23 10:31:57,,,,2026-03-23 12:33:09,2026-03-23 11:16:53,ЭКС-000005729   ,,,N,,100,O00000007978    ,,2026-03-20 00:00:00,EKS000005729,СП,Закупка,,,,,,,,,,,,,,,,"123060, г. Москва, г. Москва, ул. Маршала"," Соколовского, д. 3, оф. 3",,Петров И.В.,,,,,,СДС  ООО инн_7734425377,,,,2026-03-23 10:31:57,53,40,20300.00000,1501751170.21000,1314364.80000,593.23000,,WH1,7734425377,773401001,Адресный СКЛАД РЦ (WMS),ЭКС-000006893   ,,,0.00000,0.00000,n.bezrukov,Пакет интерфейса поставки:a05bb73c-7514-4a36-b47a-b1c16ed3b6f3,2026-03-23 12:35:17,,,321106,ILSSRV,2026-03-23 10:24:58
320628,New,End,,ЭКС,2026-03-23 11:31:54,5669,,,2026-03-23 12:32:48,2026-03-23 11:31:55,ЭКС-000005736   ,,,N,,100,O00000007905    ,,2026-04-01 00:00:00,EKS000005736,СП,Кросс-докинг,,,,,,,,,,,,,,,,"127273, г. Москва, г. Москва, ул. Отрадная, д. 2Б"," стр.9, оф. этаж 5",,Третьяков С.М.,,,,,,Электрорешения ООО,,,,2026-03-23 11:31:54,1,1,5.00000,120740.50000,1500.00000,20.00000,Электрорешения ООО,WH1,7721403552,771501001,Адресный СКЛАД РЦ (WMS),ЭКС-000006878   ,,,0.00000,0.00000,a.savitskiy,Пакет интерфейса поставки:a05bb73c-7514-4a36-b47a-b1c16ed3b6f3,2026-03-23 12:35:26,,КГ,321113,ILSSRV,2026-03-23 10:34:46
320629,New,End,,ЭКС,2026-03-23 12:33:17,,,,2026-03-23 12:34:24,2026-03-23 12:33:17,ЭКС-000005751   ,,,N,,100,O00000008386    ,,2026-03-20 00:00:00,EKS000005751,СП,Закупка,,,,,,,,,,,,,,,,"630055, г. Новосибирск, ул. Мусы Джалиля, 3/1, оф", 218,,Лихушина Н.И.,,,,,,Электро-Сервис ООО (инн5408273324),,,,2026-03-23 12:33:17,1,1,70.00000,682374.00000,26345.20000,44.03000,,WH1,5408273324,540801001,Адресный СКЛАД РЦ (WMS),ЭКС-000007326   ,,,0.00000,0.00000,a.savitskiy,Пакет интерфейса поставки:a05bb73c-7514-4a36-b47a-b1c16ed3b6f3,2026-03-23 12:35:35,,КГ,321131,ILSSRV,2026-03-23 12:31:49
320630,New,End,,ЭКС,2026-03-23 12:17:23,,,,2026-03-23 12:40:12,2026-03-23 12:17:23,ЭКС-000005747   ,,,N,,100,O00000008515    ,,2026-03-23 00:00:00,EKS000005747,СП,Закупка,,,,,,,,,,,,,,,,,,,Колупаев В.Г.,,,,,,Кулманаков Николай Сергеевич ИП,,,,2026-03-23 12:17:23,1,1,11.00000,271070.25000,127127.00000,22.00000,,WH1,,,Адресный СКЛАД РЦ (WMS),ЭКС-000007438   ,,,0.00000,0.00000,r.sagaidak,Пакет интерфейса поставки:9766a435-8519-4c58-b01a-fda9278cc194,2026-03-23 12:41:15,,КГ,321127,ILSSRV,2026-03-23 12:10:45
320631,New,End,,ЭКС,2026-03-23 11:07:59,5669,,,2026-03-23 12:42:01,2026-03-23 11:10:05,ЭКС-000005737   ,,,N,,100,O00000007906    ,,2026-04-01 00:00:00,EKS000005737,СП,Кросс-докинг,,,,,,,,,,,,,,,,"127273, г. Москва, г. Москва, ул. Отрадная, д. 2Б"," стр.9, оф. этаж 5",,Третьяков С.М.,,,,,,Электрорешения ООО,,,,2026-03-23 11:07:59,6,5,17.00000,171760.71000,17331.00000,7.01200,Электрорешения ООО,WH1,7721403552,771501001,Адресный СКЛАД РЦ (WMS),ЭКС-000006879   ,,,0.00000,0.00000,a.savitskiy,Пакет интерфейса поставки:ff067b41-daa3-4780-a6a3-6e9c74594f21,2026-03-23 12:43:07,,КГ,321114,ILSSRV,2026-03-23 10:35:43
320632,New,End,,ЭКС,2026-03-23 10:57:25,5669,,,2026-03-23 12:44:31,2026-03-23 11:51:26,ЭКС-000005739   ,,,N,,100,O00000007908    ,,2026-04-01 00:00:00,EKS000005739,СП,Кросс-докинг,,,,,,,,,,,,,,,,"127273, г. Москва, г. Москва, ул. Отрадная, д. 2Б"," стр.9, оф. этаж 5",,Третьяков С.М.,,,,,,Электрорешения ООО,,,,2026-03-23 10:57:25,18,18,194.00000,1354480.76000,67262.41375,29.36000,Электрорешения ООО,WH1,7721403552,771501001,Адресный СКЛАД РЦ (WMS),ЭКС-000006881   ,,,0.00000,0.00000,a.savitskiy,Пакет интерфейса поставки:efb26f90-b2b9-4c62-806d-10c98013be93,2026-03-23 12:45:28,,,321116,ILSSRV,2026-03-23 10:35:47
320633,New,End,,ЭКС,2026-03-23 11:09:37,,,,2026-03-23 12:52:09,2026-03-23 12:50:14,ЭКС-000005741   ,,,N,,100,O00000007683    ,,2026-03-21 00:00:00,EKS000005741,СП,Закупка,,,,,,,,,,,,,,,,"143003, Московская область, г.о. Одинцовский, г."," Одинцово, ул. Маршала Бирюзова, д. 12, оф. 10",6,Косова Т.В.,,,,,,Орион ООО   (ЭРА) новый (до 01/10/24- ВИП Маркет,,,,2026-03-23 11:09:37,34,7,9381.00000,3030493848.00000,27909317.00000,1821.80000,,WH1,5032161850,503201001,Адресный СКЛАД РЦ (WMS),ЭКС-000006667   ,,,0.00000,0.00000,a.manokhin,Пакет интерфейса поставки:c52548c7-db32-44f8-b488-f6db18382eb5,2026-03-23 12:52:57,,КГ,321121,ILSSRV,2026-03-23 10:59:48
320634,New,Processed,,ЭКС,2026-03-23 13:50:20,,,,2026-03-23 13:58:47,2026-03-23 13:50:21,,,,Y,,0,,,2026-03-23 00:00:00,TR-23/03/2026-04,ТР,транзит,,,рц,,,,,,,,,Иркутск барабаны №1,,,,,,,,,,,,рц,Иркутск барабаны №1,,,,2026-03-23 13:50:20,1,1,1.00000,0.00000,1.00000,1.00000,,WH1,,,,,,,0.00000,0.00000,r.sagaidak,Пакет интерфейса поставки:eaf0e21a-3415-4a81-b884-ef00ae15b681,2026-03-23 13:58:51,,,321136,r.sagaidak,2026-03-23 13:24:32
320635,New,Processed,,ЭКС,2026-03-23 13:50:25,,,,2026-03-23 13:58:41,2026-03-23 13:50:26,,,,Y,,0,,,2026-03-23 00:00:00,TR-23/03/2026-05,ТР,транзит,,,рц,,,,,,,,,Иркутск барабаны №2,,,,,,,,,,,,рц,Иркутск барабаны №2,,,,2026-03-23 13:50:25,1,1,1.00000,0.00000,1.00000,1.00000,,WH1,,,,,,,0.00000,0.00000,r.sagaidak,Пакет интерфейса поставки:eaf0e21a-3415-4a81-b884-ef00ae15b681,2026-03-23 13:58:51,,,321137,r.sagaidak,2026-03-23 13:29:08
320636,New,Processed,,ЭКС,2026-03-23 13:50:29,,,,2026-03-23 13:58:35,2026-03-23 13:50:30,,,,Y,,0,,,2026-03-23 00:00:00,TR-23/03/2026-06,ТР,транзит,,,рц,,,,,,,,,Иркутск барабаны №3,,,,,,,,,,,,рц,Иркутск барабаны №3,,,,2026-03-23 13:50:29,1,1,1.00000,0.00000,1.00000,1.00000,,WH1,,,,,,,0.00000,0.00000,r.sagaidak,Пакет интерфейса поставки:eaf0e21a-3415-4a81-b884-ef00ae15b681,2026-03-23 13:58:51,,,321144,r.sagaidak,2026-03-23 13:43:41
320637,New,Processed,,ЭКС,2026-03-23 13:50:34,,,,2026-03-23 13:58:29,2026-03-23 13:50:34,,,,Y,,0,,,2026-03-23 00:00:00,TR-23/03/2026-07,ТР,транзит,,,рц,,,,,,,,,Иркутск барабаны №4,,,,,,,,,,,,рц,Иркутск барабаны №4,,,,2026-03-23 13:50:34,1,1,1.00000,0.00000,1.00000,1.00000,,WH1,,,,,,,0.00000,0.00000,r.sagaidak,Пакет интерфейса поставки:eaf0e21a-3415-4a81-b884-ef00ae15b681,2026-03-23 13:58:51,,,321145,r.sagaidak,2026-03-23 13:44:38
320638,New,Processed,,ЭКС,2026-03-23 13:50:38,,,,2026-03-23 13:58:22,2026-03-23 13:50:38,,,,Y,,0,,,2026-03-23 00:00:00,TR-23/03/2026-08,ТР,транзит,,,рц,,,,,,,,,Иркутск барабаны №5,,,,,,,,,,,,рц,Иркутск барабаны №5,,,,2026-03-23 13:50:38,1,1,1.00000,0.00000,1.00000,1.00000,,WH1,,,,,,,0.00000,0.00000,r.sagaidak,Пакет интерфейса поставки:eaf0e21a-3415-4a81-b884-ef00ae15b681,2026-03-23 13:58:51,,,321146,r.sagaidak,2026-03-23 13:45:40
320639,New,Processed,,ЭКС,2026-03-23 13:50:42,,,,2026-03-23 13:58:17,2026-03-23 13:50:42,,,,Y,,0,,,2026-03-23 00:00:00,TR-23/03/2026-09,ТР,транзит,,,рц,,,,,,,,,Электрика-7,,,,,,,,,,,,рц,Электрика-7,,,,2026-03-23 13:50:42,1,1,1.00000,0.00000,1.00000,1.00000,,WH1,,,,,,,0.00000,0.00000,r.sagaidak,Пакет интерфейса поставки:eaf0e21a-3415-4a81-b884-ef00ae15b681,2026-03-23 13:58:51,,,321147,r.sagaidak,2026-03-23 13:48:40
320640,New,End,,ЭКС,2026-03-23 12:53:43,,,,2026-03-23 14:01:26,2026-03-23 12:53:43,ЭКС-000005752   ,,,N,,100,,,2026-03-23 00:00:00,EKS000005752,СП,Возврат-Филиал,,,,,,,,,,,,,,,,"630005, Новосибирская область, г. Новосибирск,"," ул. Гоголя, д. 23, оф. 5",,Новоселов А.В.,,,,,,3.Электрокомплектсервис ЗАО (Электрика 3),,,,2026-03-23 12:53:43,1,1,100.00000,364300.00000,11200.00000,2.72000,,WH1,5407159273,540601001,Адресный СКЛАД РЦ (WMS),ЭКС-000005847   ,,,0.00000,0.00000,r.sagaidak,Пакет интерфейса поставки:6c0e61a3-12ec-4a00-9e53-780c97f5100a,2026-03-23 14:03:12,,КГ,321132,ILSSRV,2026-03-23 12:37:50
320641,New,End,,ЭКС,2026-03-23 13:52:59,,,,2026-03-23 14:02:04,2026-03-23 13:52:59,ЭКС-000005759   ,,,N,,100,O00000008508    ,,2026-03-23 00:00:00,EKS000005759,СП,Закупка,,,,,,,,,,,,,,,,"191144, г. Санкт-Петербург, ул. Советская, д. 44,", оф. литера Б. помещ.6-Н,,Дунав М.И.,,,,,,ТД Электротехмонтаж АО,,,,2026-03-23 13:52:59,1,1,500.00000,3915000.00000,12000.00000,9.85000,,WH1,7842224734,784201001,Адресный СКЛАД РЦ (WMS),ЭКС-000007434   ,,,0.00000,0.00000,a.savitskiy,Пакет интерфейса поставки:6c0e61a3-12ec-4a00-9e53-780c97f5100a,2026-03-23 14:03:24,,,321141,ILSSRV,2026-03-23 13:34:51
320642,New,End,,ЭКС,2026-03-23 13:26:11,,,,2026-03-23 14:02:57,2026-03-23 13:30:12,ЭКС-000005754,,,N,,0,O00000008519,,2026-03-23 00:00:00,EKS000005754,СП,Закупка,,,,,,,,,,,,,,,,"305044, Курская область, город Курск, ул. 2-я","Рабочая, д. 23, помещение В1, помещение 2/2",,Самоличенко В.А.,,,,,,"Курский электроаппаратный  завод ООО (ООО""КЭАЗ"")",,,,2026-03-23 13:26:11,11,11,97.00000,1871574.00000,28223.35000,18.67000,,WH1,4632025039,463201001,Адресный СКЛАД РЦ (WMS),ЭКС-000007441,,,0.00000,0.00000,zmeevskiy,Пакет интерфейса поставки:45fbb5a4-56dd-478a-8929-3e3444fa7bba,2026-03-23 14:05:06,,КГ,321134,ILSSRV,2026-03-23 13:17:55
320643,New,Processed,,ЭКС,2026-03-23 14:03:38,,,,2026-03-23 14:04:29,2026-03-23 14:03:38,,,,Y,,0,,,2026-03-23 00:00:00,TR-23/03/2026-10,ТР,транзит,,,рц,,,,,,,,,ОМСК,,,,,,,,,,,,рц,ОМСК,,,,2026-03-23 14:03:38,1,1,1.00000,0.00000,1.00000,1.00000,,WH1,,,,,,,0.00000,0.00000,r.sagaidak,Пакет интерфейса поставки:45fbb5a4-56dd-478a-8929-3e3444fa7bba,2026-03-23 14:04:52,,,321150,r.sagaidak,2026-03-23 14:02:38
320644,New,End,,ЭКС,2026-03-23 13:05:59,,,,2026-03-23 14:07:40,2026-03-23 13:30:53,ЭКС-000005753   ,,,N,,100,O00000008297    ,,2026-03-20 00:00:00,EKS000005753,СП,Закупка,,,,,,,,,,,,,,,,"117292, г. Москва, вн.тер.г. муниципальный округ"," Академический, ул. Ивана Бабушкина, д.23, корп.4",", помещение 2/П",Дортман А.П.,,,,,,Элевел Инженер АО,,,,2026-03-23 13:05:59,41,35,281.00000,480028.38000,49812.35000,11.09700,,WH1,5001112612,772801001,Адресный СКЛАД РЦ (WMS),ЭКС-000007248   ,,,0.00000,0.00000,n.bezrukov,Пакет интерфейса поставки:a0c008e5-5db8-4cea-a156-34268e47a354,2026-03-23 14:09:29,,,321133,ILSSRV,2026-03-23 12:51:57
320645,New,End,,ЭКС,2026-03-23 13:02:23,,,,2026-03-23 14:12:15,2026-03-23 13:18:34,ЭКС-000005740   ,,,N,,100,O00000007684    ,,2026-03-21 00:00:00,EKS000005740,СП,Закупка,,,,,,,,,,,,,,,,"143003, Московская область, г.о. Одинцовский, г."," Одинцово, ул. Маршала Бирюзова, д. 12, оф. 10",6,Косова Т.В.,,,,,,Орион ООО   (ЭРА) новый (до 01/10/24- ВИП Маркет,,,,2026-03-23 13:02:23,18,17,436.00000,4932274.00000,771294.62500,179.38000,,WH1,5032161850,503201001,Адресный СКЛАД РЦ (WMS),ЭКС-000006676   ,,,0.00000,0.00000,a.manokhin,Пакет интерфейса поставки:a3aca545-d6fc-47a6-b775-8dc3fac4aa54,2026-03-23 14:13:12,,,321120,ILSSRV,2026-03-23 10:59:46
320646,New,End,,ЭКС,2026-03-23 12:28:58,,,,2026-03-23 14:11:45,2026-03-23 12:35:44,ЭКС-000005750   ,,,N,,100,O00000008452    ,,2026-03-23 00:00:00,EKS000005750,СП,Кросс-докинг,,,,,,,,,,,,,,,,"630058, Новосибирская область, г. Новосибирск,"," ул. Плотинная, д. 5/5, оф. 5",,Гилета О.В.,,,,,,Техэлектро-Сибирь ООО,,,,2026-03-23 12:28:58,16,16,2098.00000,4836896.73000,44774.00000,17.66000,Техэлектро-Сибирь ООО,WH1,5408293176,540801001,Адресный СКЛАД РЦ (WMS),ЭКС-000007403   ,,,0.00000,0.00000,r.sagaidak,Пакет интерфейса поставки:a3aca545-d6fc-47a6-b775-8dc3fac4aa54,2026-03-23 14:13:24,,КГ,321130,ILSSRV,2026-03-23 12:26:53
320647,New,End,,ЭКС,2026-03-23 11:33:17,,,,2026-03-23 14:14:50,2026-03-23 12:17:17,ЭКС-000005743   ,,,N,,100,O00000007783    ,,2026-03-23 00:00:00,EKS000005743,СП,Закупка,,,,,,,,,,,,,,,,"143003, Московская область, г.о. Одинцовский, г."," Одинцово, ул. Маршала Бирюзова, д. 12, оф. 10",6,Косова Т.В.,,,,,,Орион ООО   (ЭРА) новый (до 01/10/24- ВИП Маркет,,,,2026-03-23 11:33:17,9,8,4279.00000,306114515.00000,948591.00000,128.81000,,WH1,5032161850,503201001,Адресный СКЛАД РЦ (WMS),ЭКС-000006780   ,,,0.00000,0.00000,a.manokhin,Пакет интерфейса поставки:9a5d592e-251f-49e1-b69c-1a8c429a7881,2026-03-23 14:15:10,,,321123,ILSSRV,2026-03-23 11:13:46
320648,New,End,,ЭКС,2026-03-23 12:27:21,,,,2026-03-23 14:22:51,2026-03-23 12:27:21,ЭКС-000005749   ,,,N,,100,O00000008439    ,,2026-03-23 00:00:00,EKS000005749,СП,Закупка,,,,,,,,,,,,,,,,"630084, Новосибирская область, город Новосибирск,"," улица Авиастроителей, 39 Б",,Дунав М.И.,,,,,,Промэко ООО,,,,2026-03-23 12:27:21,1,1,4500.00000,1173285000.00000,273780.00000,299.25000,,WH1,5410131623,541001001,Адресный СКЛАД РЦ (WMS),ЭКС-000007400   ,,,0.00000,0.00000,a.savitskiy,Пакет интерфейса поставки:7e813b0b-6f2b-4c3a-b0cf-f8965eb448a9,2026-03-23 14:23:22,,,321129,ILSSRV,2026-03-23 12:15:46
320649,New,End,,ЭКС,2026-03-23 12:13:38,,,,2026-03-23 14:37:38,2026-03-23 12:13:38,ЭКС-000005744   ,,,N,,100,O00000033207    ,,2025-09-29 00:00:00,EKS000005744,СП,Закупка,,,,,,,,,,,,,,,,"630084, Новосибирская область, город Новосибирск,"," улица Авиастроителей, 39 Б",,Лихушина Н.И.,,,,,,Промэко ООО,,,,2026-03-23 12:13:38,1,1,391.00000,64023505.18000,810000.00000,358.15600,,WH1,5410131623,541001001,Адресный СКЛАД РЦ (WMS),ЭКС-000029003   ,,,0.00000,0.00000,n.bezrukov,Пакет интерфейса поставки:09121ab0-4736-4326-b1c9-1dd38788e170,2026-03-23 14:39:13,,КГ,321124,ILSSRV,2026-03-23 11:49:46
320650,New,End,,ЭКС,2026-03-23 12:09:23,121976018,,,2026-03-23 14:42:15,2026-03-23 12:09:23,ЭКС-000005746   ,,,N,,100,O00000008476    ,,2026-03-17 00:00:00,EKS000005746,СП,Закупка,,,,,,,,,,,,,,,,"614042, Пермский край, г. Пермь, ул. Гальперина,"," дом № 6, корпус 6, оф. 24",,Дунав М.И.,,,,,,Уральский кабельный центр ООО (ООО УКЦ),,,,2026-03-23 12:09:23,1,1,40.00000,4063808.00000,810000.00000,127.60000,КИТ. ТК  ООО,WH1,5908049024,590801001,Адресный СКЛАД РЦ (WMS),ЭКС-000006323   ,,,0.00000,0.00000,n.bezrukov,Пакет интерфейса поставки:62a7cf3a-9ca1-4a27-bff5-57f0a2cef927,2026-03-23 14:43:25,,КГ,321126,ILSSRV,2026-03-23 11:51:46
320651,New,End,,ЭКС,2026-03-23 14:07:21,,,,2026-03-23 14:44:06,2026-03-23 14:07:32,ЭКС-000005763   ,,,N,,100,O00000008526    ,,2026-03-23 00:00:00,EKS000005763,СП,Закупка,,,,,,,,,,,,,,,,"630088, г. Новосибирск, ул. Петухова, 69, офис 1",,,Иваненко П.В.,,,,,,НЭМЗ ИНЖИНИРИНГ ООО,,,,2026-03-23 14:07:21,2,2,2.00000,37725.23000,126936.00000,35.00000,,WH1,5403054262,540301001,Адресный СКЛАД РЦ (WMS),ЭКС-000007446   ,,,0.00000,0.00000,n.bezrukov,Пакет интерфейса поставки:288b0005-deb3-4371-a13f-350acdbbef23,2026-03-23 14:45:41,,,321149,ILSSRV,2026-03-23 13:56:56
320652,New,End,,ЭКС,2026-03-23 13:56:27,,,,2026-03-23 14:45:08,2026-03-23 14:00:37,ЭКС-000005756   ,,,N,,100,O00000008229    ,,2026-03-29 00:00:00,EKS000005756,СП,Кросс-докинг,,,,,,,,,,,,,,,,"127018, г. Москва, г. Москва, ул. Двинцев, д. 12,", оф. 15,,Куграшова О.В.,,,,,,СИСТЭМ ЭЛЕКТРИК АО (ранее Шнейдер Электрик АО до 2,,,,2026-03-23 13:56:27,10,8,1204.00000,87951620.16000,508442.00000,82.55000,СИСТЭМ ЭЛЕКТРИК АО (ранее,WH1,7712092928,997150001,Адресный СКЛАД РЦ (WMS),ЭКС-000007197   ,,,0.00000,0.00000,n.bezrukov,Пакет интерфейса поставки:4a28aa79-4983-43cc-896a-9c9a8cff5d69,2026-03-23 14:47:23,,КГ,321138,ILSSRV,2026-03-23 13:29:52
320653,New,End,,ЭКС,2026-03-23 14:32:33,,,,2026-03-23 14:49:53,2026-03-23 14:32:33,ЭКС-000005761   ,,,N,,100,O00000008536    ,,2026-03-23 00:00:00,EKS000005761,СП,Закупка,,,,,,,,,,,,,,,,"191144, г. Санкт-Петербург, ул. Советская, д. 44,", оф. литера Б. помещ.6-Н,,Лихушина Н.И.,,,,,,ТД Электротехмонтаж АО,,,,2026-03-23 14:32:33,1,1,50.00000,142425.00000,1250.00000,5.00000,,WH1,7842224734,784201001,Адресный СКЛАД РЦ (WMS),ЭКС-000007435   ,,,0.00000,0.00000,a.savitskiy,Пакет интерфейса поставки:2712ee00-284b-4e67-a7e2-33514ddad3c1,2026-03-23 14:51:34,,КГ,321143,ILSSRV,2026-03-23 13:35:51
320654,New,End,,ЭКС,2026-03-23 14:07:00,,,,2026-03-23 14:56:11,2026-03-23 14:07:38,ЭКС-000005762   ,,,N,,100,O00000008525    ,,2026-03-23 00:00:00,EKS000005762,СП,Закупка,,,,,,,,,,,,,,,,"630088, г. Новосибирск, ул. Петухова, 69, офис 1",,,Иваненко П.В.,,,,,,НЭМЗ ИНЖИНИРИНГ ООО,,,,2026-03-23 14:07:00,3,3,3.00000,76847.41000,125290.00000,42.00000,,WH1,5403054262,540301001,Адресный СКЛАД РЦ (WMS),ЭКС-000007445   ,,,0.00000,0.00000,n.bezrukov,Пакет интерфейса поставки:ddc92b64-d533-46a2-9178-db235103b3fd,2026-03-23 14:57:24,,,321148,ILSSRV,2026-03-23 13:56:56
320655,New,End,,ЭКС,2026-03-23 13:50:01,,,,2026-03-23 15:06:51,2026-03-23 14:31:01,ЭКС-000005757   ,,,N,,100,O00000008538    ,,2026-03-29 00:00:00,EKS000005757,СП,Закупка,,,,,,,,,,,,,,,,"127018, г. Москва, г. Москва, ул. Двинцев, д. 12,", оф. 15,,Куграшова О.В.,,,,,,СИСТЭМ ЭЛЕКТРИК АО (ранее Шнейдер Электрик АО до 2,,,,2026-03-23 13:50:01,82,63,3061.00000,134075764.88000,1392019.87000,309.93600,,WH1,7712092928,997150001,Адресный СКЛАД РЦ (WMS),ЭКС-000007196   ,,,0.00000,0.00000,a.savitskiy,Пакет интерфейса поставки:2dff79cb-4b02-4168-b871-7b072517dda1,2026-03-23 15:07:17,,,321139,ILSSRV,2026-03-23 13:32:06
320656,New,End,,ЭКС,2026-03-23 13:36:14,,,,2026-03-23 15:06:33,2026-03-23 13:46:37,ЭКС-000005758   ,,,N,,100,O00000008248    ,,2026-03-20 00:00:00,EKS000005758,СП,Закупка,,,,,,,,,,,,,,,,"142700, Московская область, г. Видное, ул."," Радиальная 3-я, д. 8, помещ. 1-Н, комн 2",,Петров И.В.,,,,,,МИР ИНСТРУМЕНТА ООО,,,,2026-03-23 13:36:14,9,9,22.00000,17860.65000,21643.75000,4.32000,,WH1,7722537534,774950001,Адресный СКЛАД РЦ (WMS),ЭКС-000007206   ,,,0.00000,0.00000,a.savitskiy,Пакет интерфейса поставки:2dff79cb-4b02-4168-b871-7b072517dda1,2026-03-23 15:07:27,,,321140,ILSSRV,2026-03-23 13:33:52
320657,New,End,,ЭКС,2026-03-23 13:33:26,,,,2026-03-23 15:08:06,2026-03-23 13:48:06,ЭКС-000005755   ,,,N,,100,O00000007892    ,,2026-03-27 00:00:00,EKS000005755,СП,Кросс-докинг,,,,,,,,,,,,,,,,"127018, г. Москва, г. Москва, ул. Двинцев, д. 12,", оф. 15,,Куграшова О.В.,,,,,,СИСТЭМ ЭЛЕКТРИК АО (ранее Шнейдер Электрик АО до 2,,,,2026-03-23 13:33:26,23,22,327.00000,2398530.62000,163116.12500,23.90000,СИСТЭМ ЭЛЕКТРИК АО (ранее,WH1,7712092928,997150001,Адресный СКЛАД РЦ (WMS),ЭКС-000006866   ,,,0.00000,0.00000,a.manokhin,Пакет интерфейса поставки:eda25382-3a79-41fe-9279-ebb25ce557a6,2026-03-23 15:09:11,,КГ,321135,ILSSRV,2026-03-23 13:27:55
320658,New,End,,ЭКС,2026-03-23 15:06:45,,,,2026-03-23 15:10:48,2026-03-23 15:06:45,ЭКС-000005768   ,,,N,,100,O00000008296    ,,2026-03-23 00:00:00,EKS000005768,СП,Закупка,,,,,,,,,,,,,,,,"630007, Новосибирская область, г. Новосибирск,"," ул. Фабричная, д. 11, оф. 2",,Любаева С.В.,,,,,,СНАБСИБЭЛЕКТРО  ООО (новый),,,,2026-03-23 15:06:45,1,1,80.00000,9654144.00000,873600.00000,121.60000,,WH1,7714790036,540701001,Адресный СКЛАД РЦ (WMS),ЭКС-000007246   ,,,0.00000,0.00000,n.bezrukov,Пакет интерфейса поставки:53637a97-ff83-4cb0-bdce-9d8f37ea1133,2026-03-23 15:11:25,,,321155,ILSSRV,2026-03-23 14:24:56
320659,New,End,,ЭКС,2026-03-23 15:21:38,,,,2026-03-23 15:25:08,2026-03-23 15:21:56,ЭКС-000005781   ,,,N,,100,O00000008550    ,,2026-03-23 00:00:00,EKS000005781,СП,Закупка,,,,,,,,,,,,,,,,"143003, Московская область, г.о. Одинцовский, г."," Одинцово, ул. Маршала Бирюзова, д. 12, оф. 10",6,Косова Т.В.,,,,,,Орион ООО   (ЭРА) новый (до 01/10/24- ВИП Маркет,,,,2026-03-23 15:21:38,2,1,500.00000,100462500.00000,1346400.00000,80.00000,,WH1,5032161850,503201001,Адресный СКЛАД РЦ (WMS),ЭКС-000007460   ,,,0.00000,0.00000,a.savitskiy,Пакет интерфейса поставки:910fe4b4-84f9-4125-be1a-f639b2d81c50,2026-03-23 15:27:31,,КГ,321168,ILSSRV,2026-03-23 14:50:56
320660,New,End,,ЭКС,2026-03-23 15:07:49,26-02951005073 ,,,2026-03-23 15:28:58,2026-03-23 15:07:59,ЭКС-000005765   ,,,N,,100,O00000008457    ,,2026-03-23 00:00:00,EKS000005765,СП,Закупка,,,,,,,,,,,,,,,,"630007, Новосибирская область, г. Новосибирск,"," ул. Фабричная, д. 11, оф. 2",,Шаповалов П.Г.,,,,,,СНАБСИБЭЛЕКТРО  ООО (новый),,,,2026-03-23 15:07:49,2,1,23.00000,202009.23000,2673.00000,3.70000,Деловые Линии ООО,WH1,7714790036,540701001,Адресный СКЛАД РЦ (WMS),ЭКС-000006381   ,,,0.00000,0.00000,a.manokhin,Пакет интерфейса поставки:79002f5d-0b2a-4e93-b520-d17fc351173d,2026-03-23 15:29:10,,КГ,321152,ILSSRV,2026-03-23 14:12:53
320661,New,End,,ЭКС,2026-03-23 15:15:27,,,,2026-03-23 15:27:07,2026-03-23 15:15:27,ЭКС-000005773   ,,,N,,100,O00000008351    ,,2026-03-20 00:00:00,EKS000005773,СП,Закупка,,,,,,,,,,,,,,,,"630007, Новосибирская область, г. Новосибирск,"," ул. Фабричная, д. 11, оф. 2",,Лихушина Н.И.,,,,,,СНАБСИБЭЛЕКТРО  ООО (новый),,,,2026-03-23 15:15:27,1,1,85.00000,9209274.00000,810000.00000,51.00000,,WH1,7714790036,540701001,Адресный СКЛАД РЦ (WMS),ЭКС-000007290   ,,,0.00000,0.00000,n.bezrukov,Пакет интерфейса поставки:79002f5d-0b2a-4e93-b520-d17fc351173d,2026-03-23 15:29:14,,КГ,321160,ILSSRV,2026-03-23 14:27:56
320662,New,End,,ЭКС,2026-03-23 14:55:30,,,,2026-03-23 15:32:33,2026-03-23 14:55:31,ЭКС-000005774   ,,,N,,100,O00000008438    ,,2026-03-16 00:00:00,EKS000005774,СП,Закупка,,,,,,,,,,,,,,,,"г.Пермь., ул. Деревообделочная, д.8, оф. 404",,,Лихушина Н.И.,,,,,,"ООО ""РЕСУРС ПРИКАМЬЯ""",,,,2026-03-23 14:55:30,1,1,6.00000,665409.96000,22399.26000,81.33600,,WH1,5903132590,590301001,Адресный СКЛАД РЦ (WMS),ЭКС-000006579   ,,,0.00000,0.00000,a.manokhin,Пакет интерфейса поставки:d53f0eb0-7c9e-42df-85e5-0543d7f46c2b,2026-03-23 15:33:29,,КГ,321161,ILSSRV,2026-03-23 14:33:57
320663,New,End,,ЭКС,2026-03-23 14:53:50,,,,2026-03-23 15:34:14,2026-03-23 15:16:23,ЭКС-000005772   ,,,N,,100,O00000008560    ,,2026-03-23 00:00:00,EKS000005772,СП,Закупка,,,,,,,,,,,,,,,,"630007, Новосибирская область, г. Новосибирск,"," ул. Фабричная, д. 11, оф. 2",,Козлова М.А.,,,,,,СНАБСИБЭЛЕКТРО  ООО (новый),,,,2026-03-23 14:53:50,6,6,943.00000,59201910.04000,3165200.00000,550.99200,,WH1,7714790036,540701001,Адресный СКЛАД РЦ (WMS),ЭКС-000007473   ,,,0.00000,0.00000,n.bezrukov,Пакет интерфейса поставки:8ec6ccdd-1b68-4c19-895b-99b0d96b188e,2026-03-23 15:35:10,,КГ,321159,ILSSRV,2026-03-23 14:25:58
320664,New,Processed,,ЭКС,2026-03-23 15:33:52,,,,2026-03-23 15:34:27,2026-03-23 15:33:52,,,,Y,,0,,,2026-03-23 00:00:00,TR-23/03/2026-11,ТР,транзит,,,рц,,,,,,,,,ИЭК Барнаул,,,,,,,,,,,,рц,ИЭК Барнаул,,,,2026-03-23 15:33:52,1,1,1.00000,0.00000,1.00000,1.00000,,WH1,,,,,,,0.00000,0.00000,r.sagaidak,Пакет интерфейса поставки:8ec6ccdd-1b68-4c19-895b-99b0d96b188e,2026-03-23 15:34:59,,,321169,r.sagaidak,2026-03-23 15:26:50
320665,New,Processed,,ЭКС,2026-03-23 15:33:56,,,,2026-03-23 15:34:22,2026-03-23 15:33:56,,,,Y,,0,,,2026-03-23 00:00:00,TR-23/03/2026-12,ТР,транзит,,,рц,,,,,,,,,ИЭК Красноярск,,,,,,,,,,,,рц,ИЭК Красноярск,,,,2026-03-23 15:33:56,1,1,1.00000,0.00000,1.00000,1.00000,,WH1,,,,,,,0.00000,0.00000,r.sagaidak,Пакет интерфейса поставки:8ec6ccdd-1b68-4c19-895b-99b0d96b188e,2026-03-23 15:34:59,,,321172,r.sagaidak,2026-03-23 15:31:24
320666,New,End,,ЭКС,2026-03-23 15:09:26,,,,2026-03-23 15:36:41,2026-03-23 15:09:26,ЭКС-000005770   ,,,N,,100,O00000008558    ,,2026-03-23 00:00:00,EKS000005770,СП,Закупка,,,,,,,,,,,,,,,,"630007, Новосибирская область, г. Новосибирск,"," ул. Фабричная, д. 11, оф. 2",,Третьяков С.М.,,,,,,СНАБСИБЭЛЕКТРО  ООО (новый),,,,2026-03-23 15:09:25,1,1,30.00000,60291.00000,120.00000,0.30000,,WH1,7714790036,540701001,Адресный СКЛАД РЦ (WMS),ЭКС-000007466   ,,,0.00000,0.00000,n.bezrukov,Пакет интерфейса поставки:3e69f6e0-a73c-41e1-b017-01a9cc9c84e4,2026-03-23 15:37:20,,КГ,321157,ILSSRV,2026-03-23 14:25:56
320667,New,End,,ЭКС,2026-03-23 15:04:13,,,,2026-03-23 15:35:49,2026-03-23 15:04:13,ЭКС-000005771   ,,,N,,100,O00000008559    ,,2026-03-23 00:00:00,EKS000005771,СП,Закупка,,,,,,,,,,,,,,,,"630007, Новосибирская область, г. Новосибирск,"," ул. Фабричная, д. 11, оф. 2",,Косова Т.В.,,,,,,СНАБСИБЭЛЕКТРО  ООО (новый),,,,2026-03-23 15:04:13,1,1,23.00000,30343.44000,9200.00000,0.46000,,WH1,7714790036,540701001,Адресный СКЛАД РЦ (WMS),ЭКС-000007467   ,,,0.00000,0.00000,n.bezrukov,Пакет интерфейса поставки:3e69f6e0-a73c-41e1-b017-01a9cc9c84e4,2026-03-23 15:37:29,,,321158,ILSSRV,2026-03-23 14:25:56
320668,New,End,,ЭКС,2026-03-23 15:11:37,,,,2026-03-23 15:36:11,2026-03-23 15:11:37,ЭКС-000005779   ,,,N,,100,O00000008542    ,,2026-03-23 00:00:00,EKS000005779,СП,Закупка,,,,,,,,,,,,,,,,"143003, Московская область, г.о. Одинцовский, г."," Одинцово, ул. Маршала Бирюзова, д. 12, оф. 10",6,Косова Т.В.,,,,,,Орион ООО   (ЭРА) новый (до 01/10/24- ВИП Маркет,,,,2026-03-23 15:11:37,1,1,25.00000,9687.50000,1440.00000,0.25000,,WH1,5032161850,503201001,Адресный СКЛАД РЦ (WMS),ЭКС-000007455   ,,,0.00000,0.00000,a.savitskiy,Пакет интерфейса поставки:3e69f6e0-a73c-41e1-b017-01a9cc9c84e4,2026-03-23 15:37:37,,КГ,321166,ILSSRV,2026-03-23 14:47:55
320669,New,End,,ЭКС,2026-03-23 15:13:33,,,,2026-03-23 15:38:03,2026-03-23 15:13:51,ЭКС-000005778   ,,,N,,100,O00000008543    ,,2026-03-23 00:00:00,EKS000005778,СП,Закупка,,,,,,,,,,,,,,,,"143003, Московская область, г.о. Одинцовский, г."," Одинцово, ул. Маршала Бирюзова, д. 12, оф. 10",6,Косова Т.В.,,,,,,Орион ООО   (ЭРА) новый (до 01/10/24- ВИП Маркет,,,,2026-03-23 15:13:33,2,2,8.00000,24308.00000,18904.00000,5.00000,,WH1,5032161850,503201001,Адресный СКЛАД РЦ (WMS),ЭКС-000007456   ,,,0.00000,0.00000,a.savitskiy,Пакет интерфейса поставки:f98acca7-24fa-4b1b-88e5-e9a51b491b15,2026-03-23 15:39:16,,КГ,321165,ILSSRV,2026-03-23 14:47:55
320670,New,End,,ЭКС,2026-03-23 14:59:27,,,,2026-03-23 15:39:04,2026-03-23 15:20:01,ЭКС-000005775   ,,,N,,100,O00000008547    ,,2026-03-23 00:00:00,EKS000005775,СП,Закупка,,,,,,,,,,,,,,,,"143003, Московская область, г.о. Одинцовский, г."," Одинцово, ул. Маршала Бирюзова, д. 12, оф. 10",6,Косова Т.В.,,,,,,Орион ООО   (ЭРА) новый (до 01/10/24- ВИП Маркет,,,,2026-03-23 14:59:27,4,4,13.00000,28995.00000,149957.50000,11.25000,,WH1,5032161850,503201001,Адресный СКЛАД РЦ (WMS),ЭКС-000007459   ,,,0.00000,0.00000,a.savitskiy,Пакет интерфейса поставки:8f3f06df-2f40-4c6d-b88c-ddc24df43d45,2026-03-23 15:41:26,,,321162,ILSSRV,2026-03-23 14:46:55
320671,New,End,,ЭКС,2026-03-23 14:29:39,,,,2026-03-23 15:50:40,2026-03-23 14:32:21,ЭКС-000005764   ,,,N,,100,O00000008555    ,,2026-03-23 00:00:00,EKS000005764,СП,Закупка,,,,,,,,,,,,,,,,"630025, Новосибирская область, г. Новосибирск,"," ул. 2-я Складская, д. 2 корп. 3, оф. 1",,Петров И.В.,,,,,,СИБИРЬ-ЗИТАР ООО,,,,2026-03-23 14:29:39,5,4,577.00000,3725854.68000,18366.12500,24.22000,,WH1,5404505197,540901001,Адресный СКЛАД РЦ (WMS),ЭКС-000007461   ,,,0.00000,0.00000,n.bezrukov,Пакет интерфейса поставки:15fc8881-26f7-46b2-b625-4c068ebc7709,2026-03-23 15:51:17,,,321151,ILSSRV,2026-03-23 14:10:54
320672,New,End,,ЭКС,2026-03-23 14:53:05,26-02551041564,,,2026-03-23 15:54:45,2026-03-23 14:53:05,ЭКС-000005767   ,,,N,,100,O00000008383    ,,2026-03-23 00:00:00,EKS000005767,СП,Закупка,,,,,,,,,,,,,,,,"129226, г. Москва, г. Москва, ул."," Сельскохозяйственная, д. 16А, оф. 4/1/13",,Третьяков С.М.,,,,,,Элком-Электро ООО,,,,2026-03-23 14:53:05,1,1,1.00000,816.64000,216.00000,0.10000,Деловые Линии ООО,WH1,7703214111,771701001,Адресный СКЛАД РЦ (WMS),ЭКС-000007410   ,,,0.00000,0.00000,a.manokhin,Пакет интерфейса поставки:96539d09-66da-4f6a-b6c0-a8005f15f26d,2026-03-23 15:55:27,,КГ,321154,ILSSRV,2026-03-23 14:17:54
320673,New,End,,ЭКС,2026-03-23 14:53:42,26-02551041564,,,2026-03-23 15:55:26,2026-03-23 14:53:42,ЭКС-000005766   ,,,N,,100,O00000008383    ,,2026-03-23 00:00:00,EKS000005766,СП,Закупка,,,,,,,,,,,,,,,,"129226, г. Москва, г. Москва, ул."," Сельскохозяйственная, д. 16А, оф. 4/1/13",,Самоличенко В.А.,,,,,,Элком-Электро ООО,,,,2026-03-23 14:53:42,1,1,6.00000,13767.84000,540.00000,1.20000,Деловые Линии ООО,WH1,7703214111,771701001,Адресный СКЛАД РЦ (WMS),ЭКС-000007409   ,,,0.00000,0.00000,a.manokhin,Пакет интерфейса поставки:121cf447-062c-4020-9f2b-c91b29b51b52,2026-03-23 15:57:36,,КГ,321153,ILSSRV,2026-03-23 14:17:54
320674,New,End,,ЭКС,2026-03-23 14:57:27,,,,2026-03-23 15:56:57,2026-03-23 15:12:53,ЭКС-000005780   ,,,N,,100,O00000008541    ,,2026-03-23 00:00:00,EKS000005780,СП,Закупка,,,,,,,,,,,,,,,,"143003, Московская область, г.о. Одинцовский, г."," Одинцово, ул. Маршала Бирюзова, д. 12, оф. 10",6,Косова Т.В.,,,,,,Орион ООО   (ЭРА) новый (до 01/10/24- ВИП Маркет,,,,2026-03-23 14:57:27,2,1,25.00000,168750.00000,48822.00000,22.50000,,WH1,5032161850,503201001,Адресный СКЛАД РЦ (WMS),ЭКС-000007454   ,,,0.00000,0.00000,a.savitskiy,Пакет интерфейса поставки:121cf447-062c-4020-9f2b-c91b29b51b52,2026-03-23 15:57:44,,КГ,321167,ILSSRV,2026-03-23 14:47:56
320675,New,End,,ЭКС,2026-03-23 14:58:30,,,,2026-03-23 15:58:04,2026-03-23 15:17:05,ЭКС-000005777   ,,,N,,100,O00000008545    ,,2026-03-23 00:00:00,EKS000005777,СП,Закупка,,,,,,,,,,,,,,,,"143003, Московская область, г.о. Одинцовский, г."," Одинцово, ул. Маршала Бирюзова, д. 12, оф. 10",6,Косова Т.В.,,,,,,Орион ООО   (ЭРА) новый (до 01/10/24- ВИП Маркет,,,,2026-03-23 14:58:30,3,3,9.00000,13804.00000,94389.37500,18.50500,,WH1,5032161850,503201001,Адресный СКЛАД РЦ (WMS),ЭКС-000007457   ,,,0.00000,0.00000,a.savitskiy,Пакет интерфейса поставки:c3e079b6-f8e7-477e-8255-61cdf4d02fc9,2026-03-23 15:59:23,,КГ,321164,ILSSRV,2026-03-23 14:47:00
320676,New,End,,ЭКС,2026-03-23 14:38:06,,,,2026-03-23 16:02:03,2026-03-23 14:38:06,ЭКС-000005760   ,,,N,,100,O00000008535    ,,2026-03-23 00:00:00,EKS000005760,СП,Закупка,,,,,,,,,,,,,,,,"191144, г. Санкт-Петербург, ул. Советская, д. 44,", оф. литера Б. помещ.6-Н,,Лихушина Н.И.,,,,,,ТД Электротехмонтаж АО,,,,2026-03-23 14:38:06,1,1,92.00000,50298335.68000,1205604.00000,669.11600,,WH1,7842224734,784201001,Адресный СКЛАД РЦ (WMS),ЭКС-000007433   ,,,0.00000,0.00000,n.bezrukov,Пакет интерфейса поставки:4317dd01-2584-4e92-bf91-0ac2756837c1,2026-03-23 16:03:36,,КГ,321142,ILSSRV,2026-03-23 13:35:51
320677,New,End,,ЭКС,2026-03-23 14:55:20,,,,2026-03-23 16:01:03,2026-03-23 15:36:37,ЭКС-000005776   ,,,N,,100,O00000008546    ,,2026-03-23 00:00:00,EKS000005776,СП,Закупка,,,,,,,,,,,,,,,,"143003, Московская область, г.о. Одинцовский, г."," Одинцово, ул. Маршала Бирюзова, д. 12, оф. 10",6,Косова Т.В.,,,,,,Орион ООО   (ЭРА) новый (до 01/10/24- ВИП Маркет,,,,2026-03-23 14:55:20,16,12,1632.00000,30030425.50000,70612.00000,79.28000,,WH1,5032161850,503201001,Адресный СКЛАД РЦ (WMS),ЭКС-000007458   ,,,0.00000,0.00000,a.savitskiy,Пакет интерфейса поставки:4317dd01-2584-4e92-bf91-0ac2756837c1,2026-03-23 16:03:47,,КГ,321163,ILSSRV,2026-03-23 14:46:59
320678,New,End,,ЭКС,2026-03-23 16:07:41,,,,2026-03-23 16:17:02,2026-03-23 16:08:17,ЭКС-000005787   ,,,N,,100,O00000008586    ,,2026-03-23 00:00:00,EKS000005787,СП,Закупка,,,,,,,,,,,,,,,,"129110, г Москва ул. Гиляровского, д.39, стр.1",,,Любаева С.В.,,,,,,1.ЧИП и ДИП АО ,,,,2026-03-23 16:07:41,2,2,4.00000,8918.04000,851.40000,0.14000,,WH1,7729108750,772901001,Адресный СКЛАД РЦ (WMS),ЭКС-000005789   ,,,0.00000,0.00000,r.sagaidak,Пакет интерфейса поставки:b1d805c3-a851-4e83-83be-886de2a4a04c,2026-03-23 16:17:17,,КГ,321176,ILSSRV,2026-03-23 16:07:00
320679,New,End,,ЭКС,2026-03-23 16:15:10,,,,2026-03-23 16:34:42,2026-03-23 16:20:44,ЭКС-000005788   ,,,N,,100,O00000008582    ,,2026-03-23 00:00:00,EKS000005788,СП,Закупка,,,,,,,,,,,,,,,,"635012 НСО, г. Новосибирск, с. Марусино, ул.", Строителей 1А,,Петров И.В.,,,,,,ЗУБР НСК ООО (Ювента),,,,2026-03-23 16:15:10,6,6,10.00000,56669.78000,48523.12500,17.88000,,WH1,5410138957,541001001,Адресный СКЛАД РЦ (WMS),ЭКС-000007486   ,,,0.00000,0.00000,n.bezrukov,Пакет интерфейса поставки:135d6531-f8f7-4ff5-92c4-bd81a59f367e,2026-03-23 16:35:34,,,321177,ILSSRV,2026-03-23 16:13:03
320680,New,Processed,,ЭКС,2026-03-23 16:33:01,,,,2026-03-23 16:33:56,2026-03-23 16:33:01,,,,Y,,0,,,2026-03-23 00:00:00,TR-23/03/2026-13,ТР,транзит,,,рц,,,,,,,,,Кемерово,,,,,,,,,,,,рц,Кемерово,,,,2026-03-23 16:33:01,1,1,1.00000,0.00000,1.00000,1.00000,,WH1,,,,,,,0.00000,0.00000,r.sagaidak,Пакет интерфейса поставки:135d6531-f8f7-4ff5-92c4-bd81a59f367e,2026-03-23 16:35:02,,,321178,r.sagaidak,2026-03-23 16:30:48
320681,New,End,,ЭКС,2026-03-23 10:31:43,,,,2026-03-23 16:41:56,,ЭКС-000005728   ,,,N,,100,O00000007924    ,,2026-03-20 00:00:00,EKS000005728,СП,Закупка,,,,,,,,,,,,,,,,"123060, г. Москва, г. Москва, ул. Маршала"," Соколовского, д. 3, оф. 3",,Петров И.В.,,,,,,СДС  ООО инн_7734425377,,,,2026-03-23 10:31:43,48,29,2399.00000,88677624.06000,771423.50000,320.63300,,WH1,7734425377,773401001,Адресный СКЛАД РЦ (WMS),ЭКС-000006892   ,,,0.00000,0.00000,a.habibov,Пакет интерфейса поставки:988d1f25-f006-4a66-bf24-294f697730e7,2026-03-23 16:43:43,,,321105,ILSSRV,2026-03-23 10:24:47
320682,New,End,,ЭКС,2026-03-23 11:04:08,5669,,,2026-03-23 16:42:14,,ЭКС-000005735   ,,,N,,100,O00000007904    ,,2026-04-01 00:00:00,EKS000005735,СП,Кросс-докинг,,,,,,,,,,,,,,,,"127273, г. Москва, г. Москва, ул. Отрадная, д. 2Б"," стр.9, оф. этаж 5",,Третьяков С.М.,,,,,,Электрорешения ООО,,,,2026-03-23 11:04:08,7,7,62.00000,414594.59000,71861.00000,25.20000,Электрорешения ООО,WH1,7721403552,771501001,Адресный СКЛАД РЦ (WMS),ЭКС-000006877   ,,,0.00000,0.00000,a.habibov,Пакет интерфейса поставки:988d1f25-f006-4a66-bf24-294f697730e7,2026-03-23 16:43:53,,КГ,321112,ILSSRV,2026-03-23 10:34:45
320683,New,End,,ЭКС,2026-03-23 12:30:07,,,,2026-03-23 16:42:27,,ЭКС-000005748   ,,,N,,100,O00000008490    ,,2026-03-23 00:00:00,EKS000005748,СП,Закупка,,,,,,,,,,,,,,,,"623283 Свердловская обл., м.о. Ревда, г. Ревда,"," ул. Нахимова, зд. 13",,Лихушина Н.И.,,,,,,Кабельный завод Кабэкс ООО,,,,2026-03-23 12:30:07,18,14,85353.00000,60835618935.42000,27704916.00000,21713.73400,,WH1,5940200262,660850001,Адресный СКЛАД РЦ (WMS),ЭКС-000007415   ,,,0.00000,0.00000,a.habibov,Пакет интерфейса поставки:988d1f25-f006-4a66-bf24-294f697730e7,2026-03-23 16:44:03,,КГ,321128,ILSSRV,2026-03-23 12:11:49
320684,New,End,,ЭКС,2026-03-23 14:56:05,,,,2026-03-23 16:54:31,2026-03-23 15:08:57,ЭКС-000005769   ,,,N,,100,O00000008556    ,,2026-03-23 00:00:00,EKS000005769,СП,Закупка,,,,,,,,,,,,,,,,"630007, Новосибирская область, г. Новосибирск,"," ул. Фабричная, д. 11, оф. 2",,Шаповалов П.Г.,,,,,,СНАБСИБЭЛЕКТРО  ООО (новый),,,,2026-03-23 14:56:05,13,10,227.00000,462364.37000,28517.90000,9.58000,,WH1,7714790036,540701001,Адресный СКЛАД РЦ (WMS),ЭКС-000007464   ,,,0.00000,0.00000,n.bezrukov,Пакет интерфейса поставки:dcf5058c-bcfd-4836-b60d-2ddee3003ad8,2026-03-23 16:55:19,,КГ,321156,ILSSRV,2026-03-23 14:24:58
320685,New,End,,ЭКС,2026-03-23 15:51:48,,,,2026-03-23 17:17:47,2026-03-23 16:03:44,ЭКС-000005785   ,,,N,,100,O00000008553    ,,2026-03-23 00:00:00,EKS000005785,СП,Закупка,,,,,,,,,,,,,,,,"142100, Московская область, г Подольск, пр-кт"," Ленина, д. 107/49, офис 457",,Шаповалов П.Г.,,,,,,ИЭК ХОЛДИНГ АО,,,,2026-03-23 15:51:48,17,15,272.00000,2037857.34000,311374.53125,67.06700,,WH1,5074092485,507401001,Адресный СКЛАД РЦ (WMS),ЭКС-000007469   ,,,0.00000,0.00000,a.savitskiy,Пакет интерфейса поставки:ee422df4-7fde-40ef-8b91-4964f5402fa5,2026-03-23 17:19:25,,КГ,321174,ILSSRV,2026-03-23 15:49:12
320686,New,End,,ЭКС,2026-03-23 15:53:25,,,,2026-03-23 17:22:16,2026-03-23 16:12:31,ЭКС-000005786   ,,,N,,100,O00000008554    ,,2026-03-23 00:00:00,EKS000005786,СП,Закупка,,,,,,,,,,,,,,,,"142100, Московская область, г Подольск, пр-кт"," Ленина, д. 107/49, офис 457",,Шаповалов П.Г.,,,,,,ИЭК ХОЛДИНГ АО,,,,2026-03-23 15:53:25,21,21,98.00000,295839.11000,145921.20000,44.36000,,WH1,5074092485,507401001,Адресный СКЛАД РЦ (WMS),ЭКС-000007470   ,,,0.00000,0.00000,a.savitskiy,Пакет интерфейса поставки:ec94bfb0-d6bd-49d0-b805-98f5c4c7a40f,2026-03-23 17:23:55,,,321175,ILSSRV,2026-03-23 15:49:16
320687,New,End,,ЭКС,2026-03-23 17:20:50,,,,2026-03-23 17:29:38,2026-03-23 17:20:50,ЭКС-000005789   ,,,N,,100,O00000007426    ,,2026-03-22 00:00:00,EKS000005789,СП,Кросс-докинг,,,,,,,,,,,,,,,,"127018, г. Москва, г. Москва, ул. Двинцев, д. 12,", оф. 15,,Куграшова О.В.,,,,,,СИСТЭМ ЭЛЕКТРИК АО (ранее Шнейдер Электрик АО до 2,,,,2026-03-23 17:20:50,1,1,5.00000,8032.50000,1863.00000,0.43000,СИСТЭМ ЭЛЕКТРИК АО (ранее,WH1,7712092928,997150001,Адресный СКЛАД РЦ (WMS),ЭКС-000006469   ,,,0.00000,0.00000,a.savitskiy,Пакет интерфейса поставки:d7030701-48cf-4585-b2e9-cfc5676ce376,2026-03-23 17:31:37,,КГ,321179,ILSSRV,2026-03-23 17:16:09
320688,New,End,,ЭКС,2026-03-23 17:21:16,,,,2026-03-23 17:30:12,2026-03-23 17:21:16,ЭКС-000005791   ,,,N,,100,O00000007422    ,,2026-03-22 00:00:00,EKS000005791,СП,Кросс-докинг,,,,,,,,,,,,,,,,"127018, г. Москва, г. Москва, ул. Двинцев, д. 12,", оф. 15,,Куграшова О.В.,,,,,,СИСТЭМ ЭЛЕКТРИК АО (ранее Шнейдер Электрик АО до 2,,,,2026-03-23 17:21:16,1,1,3.00000,7812.00000,1408.00000,0.30000,СИСТЭМ ЭЛЕКТРИК АО (ранее,WH1,7712092928,997150001,Адресный СКЛАД РЦ (WMS),ЭКС-000006465   ,,,0.00000,0.00000,a.savitskiy,Пакет интерфейса поставки:d7030701-48cf-4585-b2e9-cfc5676ce376,2026-03-23 17:31:45,,КГ,321181,ILSSRV,2026-03-23 17:16:09
320689,New,End,,ЭКС,2026-03-23 17:18:43,,,,2026-03-23 17:31:45,2026-03-23 17:18:44,ЭКС-000005790   ,,,N,,100,O00000007276    ,,2026-03-21 00:00:00,EKS000005790,СП,Кросс-докинг,,,,,,,,,,,,,,,,"127018, г. Москва, г. Москва, ул. Двинцев, д. 12,", оф. 15,,Куграшова О.В.,,,,,,СИСТЭМ ЭЛЕКТРИК АО (ранее Шнейдер Электрик АО до 2,,,,2026-03-23 17:18:43,1,1,8.00000,339264.00000,13608.00000,11.44000,СИСТЭМ ЭЛЕКТРИК АО (ранее,WH1,7712092928,997150001,Адресный СКЛАД РЦ (WMS),ЭКС-000006343   ,,,0.00000,0.00000,a.savitskiy,Пакет интерфейса поставки:70e71ae2-a64b-428c-9aba-038addb0eceb,2026-03-23 17:33:23,,,321180,ILSSRV,2026-03-23 17:16:09
320690,New,End,,ЭКС,2026-03-23 15:36:33,,,,2026-03-23 17:37:39,2026-03-23 16:04:12,ЭКС-000005783   ,,,N,,100,O00000008577    ,,2026-03-27 00:00:00,EKS000005783,СП,Закупка,,,,,,,,,,,,,,,,"170017, Тверская область, г. Тверь, ул. Бочкина,", д. 15,,Гилета О.В.,,,,,,Диэлектрические кабельные системы АО (ДКС),,,,2026-03-23 15:36:33,28,28,772.00000,2184369.45000,1010941.05200,142.38000,,WH1,6905062011,695001001,Адресный СКЛАД РЦ (WMS),ЭКС-000007483   ,,,0.00000,0.00000,a.manokhin,Пакет интерфейса поставки:8719cf4e-55e6-4aa9-9095-ce2b74842481,2026-03-23 17:39:48,,КГ,321171,ILSSRV,2026-03-23 15:30:07
320691,New,End,,ЭКС,2026-03-23 15:51:52,,,,2026-03-23 17:38:01,2026-03-23 16:05:45,ЭКС-000005784   ,,,N,,100,O00000008552    ,,2026-03-23 00:00:00,EKS000005784,СП,Закупка,,,,,,,,,,,,,,,,"142100, Московская область, г Подольск, пр-кт"," Ленина, д. 107/49, офис 457",,Шаповалов П.Г.,,,,,,ИЭК ХОЛДИНГ АО,,,,2026-03-23 15:51:52,22,17,2457.00000,46301520.19000,1506808.94250,208.43200,,WH1,5074092485,507401001,Адресный СКЛАД РЦ (WMS),ЭКС-000007468   ,,,0.00000,0.00000,n.bezrukov,Пакет интерфейса поставки:8719cf4e-55e6-4aa9-9095-ce2b74842481,2026-03-23 17:39:58,,КГ,321173,ILSSRV,2026-03-23 15:49:07
320692,New,End,,ЭКС,2026-03-23 15:46:05,,,,2026-03-23 17:43:04,2026-03-23 16:02:33,ЭКС-000005782   ,,,N,,100,O00000008574    ,,2026-03-27 00:00:00,EKS000005782,СП,Закупка,,,,,,,,,,,,,,,,"170017, Тверская область, г. Тверь, ул. Бочкина,", д. 15,,Гилета О.В.,,,,,,Диэлектрические кабельные системы АО (ДКС),,,,2026-03-23 15:46:05,12,9,10818.00000,328955820.88000,1131876.00000,202.66000,,WH1,6905062011,695001001,Адресный СКЛАД РЦ (WMS),ЭКС-000007475   ,,,0.00000,0.00000,a.manokhin,Пакет интерфейса поставки:6c948875-7e3b-4846-a3d7-f91a0522731c,2026-03-23 17:43:38,,КГ,321170,ILSSRV,2026-03-23 15:30:00
320693,New,End,,ЭКС,2026-03-23 18:14:32,,,,2026-03-23 18:26:57,2026-03-23 18:14:33,ЭКС-000005793   ,,,N,,100,O00000008528    ,,2026-03-23 00:00:00,EKS000005793,СП,Закупка,,,,,,,,,,,,,,,,"119049, Москва г, Большая Якиманка ул, дом 35,"," строение 1,
этаж 3, помещение 1, комната 4",,Петров И.В.,,,,,,Р-Климат,,,,2026-03-23 18:14:32,1,1,2.00000,67004.28000,9600.00000,5.00000,,WH1,7706739893,770601001,Адресный СКЛАД РЦ (WMS),ЭКС-000007444   ,,,0.00000,0.00000,a.manokhin,Пакет интерфейса поставки:af98c117-093a-4446-aff6-fbc774fedfdb,2026-03-23 18:27:39,,,321183,ILSSRV,2026-03-23 18:08:10
320694,New,End,,ЭКС,2026-03-23 18:17:31,,,,2026-03-23 18:28:18,2026-03-23 18:21:03,ЭКС-000005792   ,,,N,,100,O00000008522    ,,2026-03-23 00:00:00,EKS000005792,СП,Закупка,,,,,,,,,,,,,,,,"119049, Москва г, Большая Якиманка ул, дом 35,"," строение 1,
этаж 3, помещение 1, комната 4",,Петров И.В.,,,,,,Р-Климат,,,,2026-03-23 18:17:31,2,2,7.00000,37732.51000,16434.00000,3.10000,,WH1,7706739893,770601001,Адресный СКЛАД РЦ (WMS),ЭКС-000007443   ,,,0.00000,0.00000,a.manokhin,Пакет интерфейса поставки:8500010d-c254-4e3c-98a3-70e8a4e44cac,2026-03-23 18:29:48,,КГ,321182,ILSSRV,2026-03-23 18:08:09
320695,New,End,,ЭКС,2026-03-23 18:16:01,,,,2026-03-23 18:27:56,2026-03-23 18:19:47,ЭКС-000005794   ,,,N,,100,O00000008529    ,,2026-03-23 00:00:00,EKS000005794,СП,Закупка,,,,,,,,,,,,,,,,"119049, Москва г, Большая Якиманка ул, дом 35,"," строение 1,
этаж 3, помещение 1, комната 4",,Петров И.В.,,,,,,Р-Климат,,,,2026-03-23 18:16:01,4,4,35.00000,618607.53000,451200.00000,60.56000,,WH1,7706739893,770601001,Адресный СКЛАД РЦ (WMS),ЭКС-000007447   ,,,0.00000,0.00000,a.manokhin,Пакет интерфейса поставки:8500010d-c254-4e3c-98a3-70e8a4e44cac,2026-03-23 18:29:56,,,321184,ILSSRV,2026-03-23 18:09:10
320696,New,End,,ЭКС,2026-03-24 08:22:36,,,,2026-03-24 08:31:48,2026-03-24 08:22:36,ЭКС-000005795   ,,,N,,100,,,2026-03-24 00:00:00,EKS000005795,СП,Возврат-Филиал,,,,,,,,,,,,,,,,"630005, Новосибирская область, г. Новосибирск,"," ул. Гоголя, д. 23, оф. 5",,Новоселов А.В.,,,,,,КРАСНОЯРСК Электрокомплектсервис(КР_РСК),,,,2026-03-24 08:22:36,1,1,1.00000,2286.61000,252.00000,0.40000,,WH1,5407159273,246345001,Адресный склад БРАКА (WMS,ЭКС-000005818   ,,,0.00000,0.00000,r.sagaidak,Пакет интерфейса поставки:c880d020-b85a-494c-9773-071215a59012,2026-03-24 08:32:49,,КГ,321185,ILSSRV,2026-03-24 08:20:20
320697,New,End,,ЭКС,2026-03-24 08:44:14,,,,2026-03-24 08:46:10,2026-03-24 08:44:14,ЭКС-000005796   ,,,N,,100,O00000008501    ,,2026-03-23 00:00:00,EKS000005796,СП,Закупка,,,,,,,,,,,,,,,,"630084, Новосибирская обл., г.Новосибирск,"," ул.Авиастроителей, дом №26, помещение  34",,Косолапова Л.В.,,,,,,ВИРА-ГРУПП ООО,,,,2026-03-24 08:44:14,1,1,200.00000,1393600.00000,16200.00000,26.00000,Спирин Антон Алексеевич И,WH1,5401959523,540101001,Адресный СКЛАД РЦ (WMS),ЭКС-000007413   ,,,0.00000,0.00000,a.manokhin,Пакет интерфейса поставки:de15ba28-fe71-40b4-a08a-fdcaef5eeb01,2026-03-24 08:46:55,,КГ,321186,ILSSRV,2026-03-24 08:37:23
320698,New,End,,ЭКС,2026-03-24 08:44:42,,,,2026-03-24 08:45:54,2026-03-24 08:44:42,ЭКС-000005797   ,,,N,,100,O00000008501    ,,2026-03-23 00:00:00,EKS000005797,СП,Закупка,,,,,,,,,,,,,,,,"630084, Новосибирская обл., г.Новосибирск,"," ул.Авиастроителей, дом №26, помещение  34",,Косолапова Л.В.,,,,,,ВИРА-ГРУПП ООО,,,,2026-03-24 08:44:42,1,1,100.00000,342500.00000,1600.00000,2.00000,Спирин Антон Алексеевич И,WH1,5401959523,540101001,Адресный СКЛАД РЦ (WMS),ЭКС-000007421   ,,,0.00000,0.00000,a.manokhin,Пакет интерфейса поставки:de15ba28-fe71-40b4-a08a-fdcaef5eeb01,2026-03-24 08:47:02,,КГ,321187,ILSSRV,2026-03-24 08:37:23
320699,New,End,,ЭКС,2026-03-24 08:49:28,,,,2026-03-24 08:56:44,2026-03-24 08:53:03,ЭКС-000005798   ,,,N,,100,O00000008502    ,,2026-03-23 00:00:00,EKS000005798,СП,Закупка,,,,,,,,,,,,,,,,"127410 г.Москва, Алтуфьевское шоссе, д.41",,,Козлова М.А.,,,,,,Тайле Рус,,,,2026-03-24 08:49:28,2,2,3.00000,113372.87000,112140.00000,48.70000,Спирин Антон Алексеевич И,WH1,7715603560,771501001,Адресный СКЛАД РЦ (WMS),ЭКС-000007420   ,,,0.00000,0.00000,a.savitskiy,Пакет интерфейса поставки:3debb9af-13f1-4656-aedb-1fbb061c77c4,2026-03-24 08:58:50,,КГ,321188,ILSSRV,2026-03-24 08:37:24
320700,New,End,,ЭКС,2026-03-24 08:48:44,,,,2026-03-24 10:11:47,2026-03-24 08:48:44,ЭКС-000005799   ,,,N,,100,O00000008503    ,,2026-03-23 00:00:00,EKS000005799,СП,Закупка,,,,,,,,,,,,,,,,"630090, Новосибирская область, г. Новосибирск,"," ул. Николаева, д. 11/5, оф. 817",,Аверин А.И.,,,,,,Приборика ООО,,,,2026-03-24 08:48:44,1,1,5.00000,183412.00000,28600.00000,3.50000,Спирин Антон Алексеевич И,WH1,5408223796,540801001,Адресный СКЛАД РЦ (WMS),ЭКС-000007350   ,,,0.00000,0.00000,a.manokhin,Пакет интерфейса поставки:03e6d6ba-b935-480e-b16d-e83f0ead6625,2026-03-24 10:12:58,,КГ,321189,ILSSRV,2026-03-24 08:37:24
320701,New,End,,ЭКС,2026-03-24 08:49:03,,,,2026-03-24 10:24:35,2026-03-24 08:49:03,ЭКС-000005800   ,,,N,,100,O00000008500    ,,2026-03-24 00:00:00,EKS000005800,СП,Закупка,,,,,,,,,,,,,,,,"630099, Новосибирская область, г. Новосибирск,"," пер. Чаплыгина, д. 2/1, оф. 503",,Петров И.В.,,,,,,"ТОРГОВЫЙ ДОМ ""ТОР"" ООО",,,,2026-03-24 08:49:03,1,1,1.00000,3105.00000,10880.00000,0.50000,Спирин Антон Алексеевич И,WH1,5405963778,540701001,Адресный СКЛАД РЦ (WMS),ЭКС-000007530   ,,,0.00000,0.00000,r.sagaidak,Пакет интерфейса поставки:628c2541-4491-41c0-9dab-88130590c436,2026-03-24 10:26:57,,КГ,321190,ILSSRV,2026-03-24 08:48:25
320702,New,End,,ЭКС,2026-03-24 10:13:41,26-01301040175,,,2026-03-24 10:28:50,2026-03-24 10:13:41,ЭКС-000005809   ,,,N,,100,O00000008575    ,,2026-03-24 00:00:00,EKS000005809,СП,Закупка,,,,,,,,,,,,,,,,"""Торговый дом ""Ферекс"" ООО Татарстан Лаишевский", р-н,,Лангеман Э.Г.,,,,,,Торговый дом Ферекс ,,,,2026-03-24 10:13:41,1,1,4.00000,125009.92000,42240.00000,9.20000,Деловые Линии ООО,WH1,1624012390,162401001,Адресный СКЛАД РЦ (WMS),ЭКС-000006860   ,,,0.00000,0.00000,a.manokhin,Пакет интерфейса поставки:d44d3457-0570-4c68-9d0f-1bfaa6e7f542,2026-03-24 10:31:08,,,321199,ILSSRV,2026-03-24 09:36:30
320703,New,End,,ЭКС,2026-03-24 09:36:49,26-03681048622,,,2026-03-24 10:31:07,2026-03-24 09:53:43,ЭКС-000005804   ,,,N,,100,O00000008576    ,,2026-03-24 00:00:00,EKS000005804,СП,Закупка,,,,,,,,,,,,,,,,"117485, г. Москва, ул. Обручева, д. 30/1, оф. _",,,Куграшова О.В.,,,,,,Вольтум,,,,2026-03-24 09:36:49,22,16,244.00000,3134680.95000,58788.25000,18.81000,Деловые Линии ООО,WH1,9728140546,772801001,Адресный СКЛАД РЦ (WMS),ЭКС-000006828   ,,,0.00000,0.00000,a.savitskiy,Пакет интерфейса поставки:34b44880-6f4a-4b41-b8bf-e0ab291081b5,2026-03-24 10:32:50,,КГ,321194,ILSSRV,2026-03-24 09:33:33
320704,New,End,,ЭКС,2026-03-24 10:31:56,26-02801056286,,,2026-03-24 10:34:50,2026-03-24 10:31:56,ЭКС-000005813   ,,,N,,100,O00000008534    ,,2026-03-16 00:00:00,EKS000005813,СП,Закупка,,,,,,,,,,,,,,,,"192288, Санкт-Петербург, Грузовой проезд, д.19
",,,Иваненко П.В.,,,,,,"АО ""ПО Элтехника”",,,,2026-03-24 10:31:56,1,1,3.00000,48000.06000,187200.00000,54.00000,Деловые Линии ООО,WH1,7825369360,784201001,Адресный СКЛАД РЦ (WMS),ЭКС-000006566   ,,,0.00000,0.00000,a.manokhin,Пакет интерфейса поставки:38d2fc49-1391-4848-9a60-d7edfa726b4c,2026-03-24 10:36:59,,КГ,321203,ILSSRV,2026-03-24 09:37:30
320705,New,End,,ЭКС,2026-03-24 10:18:17,26-02321031516,,,2026-03-24 10:42:09,2026-03-24 10:18:17,ЭКС-000005811   ,,,N,,100,O00000008504    ,,2026-03-26 00:00:00,EKS000005811,СП,Закупка,,,,,,,,,,,,,,,,"142100, Московская область, г Подольск, пр-кт"," Ленина, д. 107/49, офис 457",,Шаповалов П.Г.,,,,,,ИЭК ХОЛДИНГ АО,,,,2026-03-24 10:18:17,1,1,1.00000,9255.22000,7392.00000,2.00000,Деловые Линии ООО,WH1,5074092485,507401001,Адресный СКЛАД РЦ (WMS),ЭКС-000006693   ,,,0.00000,0.00000,a.manokhin,Пакет интерфейса поставки:3095497d-86b1-47a8-8c7a-4c0c2c18ecf7,2026-03-24 10:43:11,,КГ,321201,ILSSRV,2026-03-24 09:36:30
320706,New,End,,ЭКС,2026-03-24 09:37:45,26-02441217412,,,2026-03-24 10:44:11,2026-03-24 09:38:04,ЭКС-000005807   ,,,N,,100,O00000008578    ,,2026-03-23 00:00:00,EKS000005807,СП,Закупка,,,,,,,,,,,,,,,,"109518, г. Москва, бульвар Волжский, д. 5, корп. 1",,,Третьяков С.М.,,,,,,ПО Электротехник ЗАО,,,,2026-03-24 09:37:45,2,2,16.00000,139612.92000,16896.00000,7.40000,Деловые Линии ООО,WH1,7721249325,772101001,Адресный СКЛАД РЦ (WMS),ЭКС-000006849   ,,,0.00000,0.00000,n.bezrukov,Пакет интерфейса поставки:abadd5c9-7a0b-4db3-99dc-b45aaacbc367,2026-03-24 10:45:03,,КГ,321197,ILSSRV,2026-03-24 09:34:30
320707,New,End,,ЭКС,2026-03-24 10:45:04,26-02551045177,,,2026-03-24 10:46:04,2026-03-24 10:45:04,ЭКС-000005821   ,,,N,,100,O00000008570    ,,2026-03-24 00:00:00,EKS000005821,СП,Закупка,,,,,,,,,,,,,,,,"129226, г. Москва, г. Москва, ул."," Сельскохозяйственная, д. 16А, оф. 4/1/13",,Косолапова Л.В.,,,,,,Элком-Электро ООО,,,,2026-03-24 10:45:04,1,1,70.00000,745290.00000,28000.00000,21.00000,Деловые Линии ООО,WH1,7703214111,771701001,Адресный СКЛАД РЦ (WMS),ЭКС-000007411   ,,,0.00000,0.00000,a.savitskiy,Пакет интерфейса поставки:5ffa7ffa-7932-42ed-bc61-f13cf3466e2c,2026-03-24 10:47:12,,КГ,321211,ILSSRV,2026-03-24 09:40:31
320708,New,End,,ЭКС,2026-03-24 10:10:12,26-00241088130,,,2026-03-24 10:47:22,2026-03-24 10:10:12,ЭКС-000005808   ,,,N,,100,O00000008565    ,,2026-03-21 00:00:00,EKS000005808,СП,Закупка,,,,,,,,,,,,,,,,"620016, Г.Екатеринбург, ул.Предельная, дом №57,", корпус 2,,Самоличенко В.А.,,,,,,НАГ ООО,,,,2026-03-24 10:10:12,1,1,5.00000,25604.00000,1000.00000,0.35000,Деловые Линии ООО,WH1,6659099112,667101001,Адресный СКЛАД РЦ (WMS),ЭКС-000007229   ,,,0.00000,0.00000,a.manokhin,Пакет интерфейса поставки:f7dbbb54-0f27-4d78-8d5e-a8909d0cf1ab,2026-03-24 10:48:53,,,321198,ILSSRV,2026-03-24 09:35:29
320709,New,End,,ЭКС,2026-03-24 09:40:10,26-12571216865,,,2026-03-24 10:48:34,2026-03-24 10:22:44,ЭКС-000005803   ,,,N,,100,O00000008573    ,,2026-03-31 00:00:00,EKS000005803,СП,Кросс-докинг,,,,,,,,,,,,,,,,"101000, г. Москва, пер. Уланский, д. 22 стр.1,"," пом.I,эт.5, оф. 501",,Кузьмин М.С.,,,,,,Арлайт РУС ООО,,,,2026-03-24 09:40:10,36,34,556.00000,28267516.98000,405070.00000,62.58300,Деловые Линии ООО,WH1,7743089178,770801001,Адресный СКЛАД РЦ (WMS),ЭКС-000006890   ,,,0.00000,0.00000,n.bezrukov,Пакет интерфейса поставки:bf8aa8b3-72cf-41d4-80e6-e349670b8888,2026-03-24 10:51:15,,,321193,ILSSRV,2026-03-24 09:30:36
320710,New,End,,ЭКС,2026-03-24 10:16:03,26-00011135093,,,2026-03-24 10:49:58,2026-03-24 10:16:03,ЭКС-000005810   ,,,N,,100,O00000008284    ,,2026-03-19 00:00:00,EKS000005810,СП,Закупка,,,,,,,,,,,,,,,,"191024, г. Санкт-Петербург, Невский пр., 147,"," пом. 17Н
",,Шаповалов П.Г.,,,,,,СТРИМЕР АО НПО,,,,2026-03-24 10:16:03,1,1,2.00000,126168.36000,1764.00000,1.72000,Деловые Линии ООО,WH1,7805078620,784201001,Адресный СКЛАД РЦ (WMS),ЭКС-000006853   ,,,0.00000,0.00000,a.manokhin,Пакет интерфейса поставки:bf8aa8b3-72cf-41d4-80e6-e349670b8888,2026-03-24 10:51:22,,,321200,ILSSRV,2026-03-24 09:36:30
320711,New,End,,ЭКС,2026-03-24 09:28:08,,,,2026-03-24 10:51:02,2026-03-24 10:01:11,ЭКС-000005802   ,,,N,,100,O00000008623    ,,2026-03-26 00:00:00,EKS000005802,СП,Закупка,,,,,,,,,,,,,,,,"109431, РФ, г. Москва, ул. Привольная, д.70, этаж"," 5, помещение №25, офис №825",,Козлова М.А.,,,,,,СМАРТ ХИТ ООО,,,,2026-03-24 09:28:08,38,28,367.00000,9533857.82000,1314380.75000,220.73000,,WH1,7713770333,772101001,Адресный СКЛАД РЦ (WMS),ЭКС-000007060   ,,,0.00000,0.00000,a.manokhin,Пакет интерфейса поставки:de5d6ff0-00f6-4c70-8d8c-5772e7557f01,2026-03-24 10:53:00,,КГ,321192,ILSSRV,2026-03-24 09:19:33
320712,New,End,,ЭКС,2026-03-24 10:20:10,26-02441220359,,,2026-03-24 10:52:20,2026-03-24 10:20:11,ЭКС-000005812   ,,,N,,100,O00000008506    ,,2026-03-23 00:00:00,EKS000005812,СП,Закупка,,,,,,,,,,,,,,,,"194156, г. Санкт-Петербург, Большой"," Сампсониевский 
проспект д 94, лит. А, пом 1 Н",,Третьяков С.М.,,,,,,ТЗ групп ООО,,,,2026-03-24 10:20:10,1,1,10.00000,28607.00000,420.00000,0.10000,Деловые Линии ООО,WH1,7814598978,781401001,Адресный СКЛАД РЦ (WMS),ЭКС-000006797   ,,,0.00000,0.00000,a.manokhin,Пакет интерфейса поставки:de5d6ff0-00f6-4c70-8d8c-5772e7557f01,2026-03-24 10:53:06,,КГ,321202,ILSSRV,2026-03-24 09:37:30
320713,New,End,,ЭКС,2026-03-24 10:02:15,26-02601039757,,,2026-03-24 10:53:23,2026-03-24 10:39:29,ЭКС-000005805   ,,,N,,100,O00000008579    ,,2026-03-21 00:00:00,EKS000005805,СП,Закупка,,,,,,,,,,,,,,,,"141580 Московская обл.Солнечногорский р-н, Черная", грязь 65,,Третьяков С.М.,,,,,,МФК Техэнерго ООО,,,,2026-03-24 10:02:15,18,11,373.00000,3698607.55000,127926.00000,72.79000,Деловые Линии ООО,WH1,7715215141,504401001,Адресный СКЛАД РЦ (WMS),ЭКС-000007043   ,,,0.00000,0.00000,a.savitskiy,Пакет интерфейса поставки:a090a12b-0d86-4324-97b3-07bc13cdf711,2026-03-24 10:54:42,,,321195,ILSSRV,2026-03-24 09:33:35
320714,New,End,,ЭКС,2026-03-24 10:56:03,26-00241083116,,,2026-03-24 11:01:07,2026-03-24 10:56:03,ЭКС-000005824   ,,,N,,100,O00000008531    ,,2026-03-20 00:00:00,EKS000005824,СП,Закупка,,,,,,,,,,,,,,,,"г. Екатеринбург, пр. Орджоникидзе, д.1 оф.238",,,Косолапова Л.В.,,,,,,СтройТрэйд ООО,,,,2026-03-24 10:56:03,1,1,100.00000,481800.00000,10000.00000,25.00000,Деловые Линии ООО,WH1,6686011780,668601001,Адресный СКЛАД РЦ (WMS),ЭКС-000006504   ,,,0.00000,0.00000,n.bezrukov,Пакет интерфейса поставки:3c25afaf-e8e6-475f-863b-d85156ddb214,2026-03-24 11:03:12,,КГ,321214,ILSSRV,2026-03-24 09:55:29
320715,New,End,,ЭКС,2026-03-24 10:45:12,26-02661016589,,,2026-03-24 11:22:22,2026-03-24 10:45:13,ЭКС-000005816   ,,,N,,100,O00000008569    ,,2026-03-20 00:00:00,EKS000005816,СП,Закупка,,,,,,,,,,,,,,,,"454079, Челябинская обл., г. Челябинск, ул."," Линейная, д. 102, офис 301
",,Княжева Ю.В.,,,,,,ДПА ООО,,,,2026-03-24 10:45:12,1,1,1000.00000,83780000.00000,74385.00000,51.85000,Деловые Линии ООО,WH1,7452115257,745201001,Адресный СКЛАД РЦ (WMS),ЭКС-000007076   ,,,0.00000,0.00000,n.bezrukov,Пакет интерфейса поставки:d3aa8dbf-10eb-4a9f-b83d-4dd480663d83,2026-03-24 11:23:19,,КГ,321206,ILSSRV,2026-03-24 09:38:31
320716,New,End,,ЭКС,2026-03-24 11:10:51,,,,2026-03-24 11:21:30,2026-03-24 11:10:51,ЭКС-000005852   ,,,N,,100,O00000008032    ,,2026-03-24 00:00:00,EKS000005852,СП,Закупка,,,,,,,,,,,,,,,,"192102, г. Санкт-Петербург, г. Санкт-Петербург,"," ул. Бухарестская, д. 22 к2, оф. лит Д",,Косова Т.В.,,,,,,ВТЛ  ООО (JAZZWAY),,,,2026-03-24 11:10:51,1,1,1.00000,9912.62000,17850.00000,3.70000,,WH1,7816340170,781601001,Адресный СКЛАД РЦ (WMS),ЭКС-000006951   ,,,0.00000,0.00000,n.bezrukov,Пакет интерфейса поставки:d3aa8dbf-10eb-4a9f-b83d-4dd480663d83,2026-03-24 11:23:25,,КГ,321242,ILSSRV,2026-03-24 11:01:38
320717,New,End,,ЭКС,2026-03-24 10:43:59,26-02661016589,,,2026-03-24 11:26:47,2026-03-24 10:46:58,ЭКС-000005814   ,,,N,,100,O00000008569    ,,2026-03-20 00:00:00,EKS000005814,СП,Закупка,,,,,,,,,,,,,,,,"454079, Челябинская обл., г. Челябинск, ул."," Линейная, д. 102, офис 301
",,Княжева Ю.В.,,,,,,ДПА ООО,,,,2026-03-24 10:43:59,2,2,8000.00000,710160000.00000,206074.00000,152.90000,Деловые Линии ООО,WH1,7452115257,745201001,Адресный СКЛАД РЦ (WMS),ЭКС-000007061   ,,,0.00000,0.00000,n.bezrukov,Пакет интерфейса поставки:b3b0036c-e6d1-43f7-ad92-d22e915e1d53,2026-03-24 11:29:05,,КГ,321204,ILSSRV,2026-03-24 09:38:31
320718,New,End,,ЭКС,2026-03-24 11:19:52,,,,2026-03-24 12:12:12,2026-03-24 11:19:52,ЭКС-000005833   ,,,N,,100,O00000008391    ,,2026-03-27 00:00:00,EKS000005833,СП,Закупка,,,,,,,,,,,,,,,,"117405, г. Москва, г. Москва, ул. Дорожная, д."," 60Б, этаж 6, оф. 647",,Феденькова Д.Ю.,,,,,,"Торговый Дом Морозова (ООО ""ТДМ"")",,,,2026-03-24 11:19:52,1,1,1.00000,4863.86000,11750.00000,5.00000,,WH1,7724417909,772401001,Адресный СКЛАД РЦ (WMS),ЭКС-000007329   ,,,0.00000,0.00000,a.manokhin,Пакет интерфейса поставки:4c04843b-27d6-4aad-bcd1-8b8e47a14c83,2026-03-24 12:12:49,,КГ,321223,ILSSRV,2026-03-24 10:20:34
320719,New,End,,ЭКС,2026-03-24 11:26:16,,,,2026-03-24 12:12:32,2026-03-24 11:26:16,ЭКС-000005853   ,,,N,,100,O00000008580    ,,2026-03-24 00:00:00,EKS000005853,СП,Закупка,,,,,,,,,,,,,,,,"109544, Город Москва, вн.тер.г. муниципальный"," округ Таганский, ул Большая Андроньевская, д. 17",", ком. 523, этаж 5,",Иваненко П.В.,,,,,,"ООО ""ВЕКТОР ЭНЕРДЖИ""",,,,2026-03-24 11:26:16,1,1,2.00000,74727.88000,53650.00000,85.60000,,WH1,9709079335,770901001,Адресный СКЛАД РЦ (WMS),ЭКС-000007485   ,,,0.00000,0.00000,a.savitskiy,Пакет интерфейса поставки:4c04843b-27d6-4aad-bcd1-8b8e47a14c83,2026-03-24 12:12:55,,,321243,ILSSRV,2026-03-24 11:21:36
320720,New,End,,ЭКС,2026-03-24 11:09:22,,,,2026-03-24 12:15:22,2026-03-24 11:28:49,ЭКС-000005828   ,,,N,,100,O00000008399    ,,2026-03-27 00:00:00,EKS000005828,СП,Закупка,,,,,,,,,,,,,,,,"117405, г. Москва, г. Москва, ул. Дорожная, д."," 60Б, этаж 6, оф. 647",,Феденькова Д.Ю.,,,,,,"Торговый Дом Морозова (ООО ""ТДМ"")",,,,2026-03-24 11:09:22,2,1,332.00000,20795962.08000,287392.00000,29.55000,,WH1,7724417909,772401001,Адресный СКЛАД РЦ (WMS),ЭКС-000007336   ,,,0.00000,0.00000,a.manokhin,Пакет интерфейса поставки:f3853e50-a959-4990-bfbd-8f9bb071fef1,2026-03-24 12:17:13,,КГ,321218,ILSSRV,2026-03-24 10:18:35
320721,New,End,,ЭКС,2026-03-24 11:44:47,,,,2026-03-24 12:15:39,2026-03-24 11:44:47,ЭКС-000005839   ,,,N,,100,O00000008626    ,,2026-03-24 00:00:00,EKS000005839,СП,Закупка,,,,,,,,,,,,,,,,"630108,РФ,г.Новосибирск, ул. Пархоменко, 7",,,Самоличенко В.А.,,,,,,Приборы Охраны ООО,,,,2026-03-24 11:44:47,1,1,1.00000,28888.52000,1955.00000,0.30000,,WH1,5404353096,540401001,Адресный СКЛАД РЦ (WMS),ЭКС-000007536   ,,,0.00000,0.00000,a.savitskiy,Пакет интерфейса поставки:f3853e50-a959-4990-bfbd-8f9bb071fef1,2026-03-24 12:17:19,,КГ,321229,ILSSRV,2026-03-24 10:49:35
320722,New,End,,ЭКС,2026-03-24 11:10:50,,,,2026-03-24 12:17:28,2026-03-24 11:10:50,ЭКС-000005829   ,,,N,,100,O00000008398    ,,2026-03-27 00:00:00,EKS000005829,СП,Закупка,,,,,,,,,,,,,,,,"117405, г. Москва, г. Москва, ул. Дорожная, д."," 60Б, этаж 6, оф. 647",,Феденькова Д.Ю.,,,,,,"Торговый Дом Морозова (ООО ""ТДМ"")",,,,2026-03-24 11:10:49,1,1,20.00000,72116.00000,1260.00000,0.40000,,WH1,7724417909,772401001,Адресный СКЛАД РЦ (WMS),ЭКС-000007335   ,,,0.00000,0.00000,a.manokhin,Пакет интерфейса поставки:8d53a742-497b-4629-bd16-d88461f6ba7f,2026-03-24 12:18:56,,КГ,321219,ILSSRV,2026-03-24 10:18:35
320723,New,End,,ЭКС,2026-03-24 11:19:04,,,,2026-03-24 12:20:04,2026-03-24 11:19:05,ЭКС-000005830   ,,,N,,100,O00000008396    ,,2026-03-27 00:00:00,EKS000005830,СП,Закупка,,,,,,,,,,,,,,,,"117405, г. Москва, г. Москва, ул. Дорожная, д."," 60Б, этаж 6, оф. 647",,Феденькова Д.Ю.,,,,,,"Торговый Дом Морозова (ООО ""ТДМ"")",,,,2026-03-24 11:19:04,1,1,1.00000,443.16000,285.00000,0.24000,,WH1,7724417909,772401001,Адресный СКЛАД РЦ (WMS),ЭКС-000007333   ,,,0.00000,0.00000,a.manokhin,Пакет интерфейса поставки:bd787baa-c879-48a1-b659-cc1ad4e302e1,2026-03-24 12:21:06,,,321220,ILSSRV,2026-03-24 10:19:34
320724,New,End,,ЭКС,2026-03-24 11:17:40,,,,2026-03-24 12:20:29,2026-03-24 11:17:40,ЭКС-000005834   ,,,N,,100,O00000008395    ,,2026-03-27 00:00:00,EKS000005834,СП,Закупка,,,,,,,,,,,,,,,,"117405, г. Москва, г. Москва, ул. Дорожная, д."," 60Б, этаж 6, оф. 647",,Феденькова Д.Ю.,,,,,,"Торговый Дом Морозова (ООО ""ТДМ"")",,,,2026-03-24 11:17:40,1,1,1.00000,1462.39000,2308.50000,0.60000,,WH1,7724417909,772401001,Адресный СКЛАД РЦ (WMS),ЭКС-000007332   ,,,0.00000,0.00000,a.manokhin,Пакет интерфейса поставки:bd787baa-c879-48a1-b659-cc1ad4e302e1,2026-03-24 12:21:13,,КГ,321224,ILSSRV,2026-03-24 10:20:34
320725,New,End,,ЭКС,2026-03-24 10:57:05,26-00411012755,,,2026-03-24 12:22:39,2026-03-24 10:57:07,ЭКС-000005822   ,,,N,,100,O00000008572    ,,2026-03-23 00:00:00,EKS000005822,СП,Закупка,,,,,,,,,,,,,,,,"620102, г.Екатеринбург, ул. Радищева, д.61",,,Козлова М.А.,,,,,,РЕЖКАБЕЛЬ ООО,,,,2026-03-24 10:57:05,1,1,1505.00000,453005000.00000,1205604.00000,752.50000,Деловые Линии ООО,WH1,6677010893,667701001,Адресный СКЛАД РЦ (WMS),ЭКС-000006997   ,,,0.00000,0.00000,a.savitskiy,Пакет интерфейса поставки:1c8c4c94-3896-4992-8ba1-a5ed6d6fe7a8,2026-03-24 12:22:50,,,321212,ILSSRV,2026-03-24 09:40:31
320726,New,End,,ЭКС,2026-03-24 10:58:39,26-00241083116,,,2026-03-24 12:21:01,2026-03-24 10:58:40,ЭКС-000005825   ,,,N,,100,O00000008531    ,,2026-03-20 00:00:00,EKS000005825,СП,Закупка,,,,,,,,,,,,,,,,"г. Екатеринбург, пр. Орджоникидзе, д.1 оф.238",,,Косолапова Л.В.,,,,,,СтройТрэйд ООО,,,,2026-03-24 10:58:39,1,1,400.00000,18294400.00000,1205604.00000,160.00000,Деловые Линии ООО,WH1,6686011780,668601001,Адресный СКЛАД РЦ (WMS),ЭКС-000006505   ,,,0.00000,0.00000,n.bezrukov,Пакет интерфейса поставки:1c8c4c94-3896-4992-8ba1-a5ed6d6fe7a8,2026-03-24 12:22:56,,КГ,321215,ILSSRV,2026-03-24 09:55:29
320727,New,End,,ЭКС,2026-03-24 10:49:04,26-00391020664,,,2026-03-24 12:23:47,2026-03-24 10:50:02,ЭКС-000005818   ,,,N,,100,O00000008568    ,,2026-03-24 00:00:00,EKS000005818,СП,Закупка,,,,,,,,,,,,,,,,Общество с ограниченной ответственностью," ""ОМИНТЕХ"", ИНН 5506143676, КПП 771401001,"," 
127137 г. Москва, ул. Правды, д. 24, стр. 4, эт",Колупаев В.Г.,,,,,,ОМИНТЕХ ООО,,,,2026-03-24 10:49:04,2,1,24.00000,767687.04000,41680.00000,9.60000,Деловые Линии ООО,WH1,5506143676,771401001,Адресный СКЛАД РЦ (WMS),ЭКС-000007293   ,,,0.00000,0.00000,a.manokhin,Пакет интерфейса поставки:4a01e41f-99e7-4682-8df4-28d0ec683728,2026-03-24 12:25:04,,КГ,321208,ILSSRV,2026-03-24 09:39:30
320728,New,End,,ЭКС,2026-03-24 10:42:09,26-00391020664,,,2026-03-24 12:24:14,2026-03-24 10:50:57,ЭКС-000005819   ,,,N,,100,O00000008568    ,,2026-03-24 00:00:00,EKS000005819,СП,Закупка,,,,,,,,,,,,,,,,Общество с ограниченной ответственностью," ""ОМИНТЕХ"", ИНН 5506143676, КПП 771401001,"," 
127137 г. Москва, ул. Правды, д. 24, стр. 4, эт",Колупаев В.Г.,,,,,,ОМИНТЕХ ООО,,,,2026-03-24 10:42:09,4,3,60.00000,1089590.00000,104972.00000,26.00000,Деловые Линии ООО,WH1,5506143676,771401001,Адресный СКЛАД РЦ (WMS),ЭКС-000007294   ,,,0.00000,0.00000,a.manokhin,Пакет интерфейса поставки:4a01e41f-99e7-4682-8df4-28d0ec683728,2026-03-24 12:25:11,,КГ,321209,ILSSRV,2026-03-24 09:39:31
320729,New,End,,ЭКС,2026-03-24 10:41:10,26-00391020664,,,2026-03-24 12:26:26,2026-03-24 10:46:32,ЭКС-000005817   ,,,N,,100,O00000008568    ,,2026-03-24 00:00:00,EKS000005817,СП,Закупка,,,,,,,,,,,,,,,,Общество с ограниченной ответственностью," ""ОМИНТЕХ"", ИНН 5506143676, КПП 771401001,"," 
127137 г. Москва, ул. Правды, д. 24, стр. 4, эт",Колупаев В.Г.,,,,,,ОМИНТЕХ ООО,,,,2026-03-24 10:41:10,2,1,30.00000,762786.00000,54600.00000,6.00000,Деловые Линии ООО,WH1,5506143676,771401001,Адресный СКЛАД РЦ (WMS),ЭКС-000007292   ,,,0.00000,0.00000,a.manokhin,Пакет интерфейса поставки:895c900a-2e43-4dec-9e8b-7d5bf49b5e76,2026-03-24 12:27:18,,КГ,321207,ILSSRV,2026-03-24 09:39:30
320730,New,End,,ЭКС,2026-03-24 10:42:46,26-00391020664,,,2026-03-24 12:25:20,2026-03-24 10:48:30,ЭКС-000005820   ,,,N,,100,O00000008568    ,,2026-03-24 00:00:00,EKS000005820,СП,Закупка,,,,,,,,,,,,,,,,Общество с ограниченной ответственностью," ""ОМИНТЕХ"", ИНН 5506143676, КПП 771401001,"," 
127137 г. Москва, ул. Правды, д. 24, стр. 4, эт",Колупаев В.Г.,,,,,,ОМИНТЕХ ООО,,,,2026-03-24 10:42:46,2,2,35.00000,540533.75000,56700.00000,10.20000,Деловые Линии ООО,WH1,5506143676,771401001,Адресный СКЛАД РЦ (WMS),ЭКС-000007295   ,,,0.00000,0.00000,a.manokhin,Пакет интерфейса поставки:895c900a-2e43-4dec-9e8b-7d5bf49b5e76,2026-03-24 12:27:24,,КГ,321210,ILSSRV,2026-03-24 09:39:32
320731,New,End,,ЭКС,2026-03-24 10:55:37,26-00011127488,,,2026-03-24 12:25:09,2026-03-24 10:55:37,ЭКС-000005823   ,,,N,,100,O00000008530    ,,2026-03-20 00:00:00,EKS000005823,СП,Закупка,,,,,,,,,,,,,,,,"193315, г. Санкт-Петербург, пр-кт. Большевиков,"," д. 52, оф. _",,Третьяков С.М.,,,,,,Инстарт ООО,,,,2026-03-24 10:55:37,1,1,1.00000,15567.54000,20736.00000,3.58000,Деловые Линии ООО,WH1,7811609195,781101001,Адресный СКЛАД РЦ (WMS),ЭКС-000006850   ,,,0.00000,0.00000,a.manokhin,Пакет интерфейса поставки:895c900a-2e43-4dec-9e8b-7d5bf49b5e76,2026-03-24 12:27:30,,,321213,ILSSRV,2026-03-24 09:40:32
320732,New,End,,ЭКС,2026-03-24 11:04:41,,,,2026-03-24 12:29:03,2026-03-24 11:21:34,ЭКС-000005836   ,,,N,,100,O00000008400    ,,2026-03-27 00:00:00,EKS000005836,СП,Закупка,,,,,,,,,,,,,,,,"117405, г. Москва, г. Москва, ул. Дорожная, д."," 60Б, этаж 6, оф. 647",,Феденькова Д.Ю.,,,,,,"Торговый Дом Морозова (ООО ""ТДМ"")",,,,2026-03-24 11:04:41,2,1,120.00000,2209680.00000,46400.00000,10.56000,,WH1,7724417909,772401001,Адресный СКЛАД РЦ (WMS),ЭКС-000007337   ,,,0.00000,0.00000,a.manokhin,Пакет интерфейса поставки:7fafdca0-c51c-49c1-bc19-a1a27e54664c,2026-03-24 12:31:08,,КГ,321226,ILSSRV,2026-03-24 10:20:35
320733,New,End,,ЭКС,2026-03-24 11:39:38,,,,2026-03-24 12:32:45,2026-03-24 11:44:21,ЭКС-000005840   ,,,N,,100,O00000008627    ,,2026-03-24 00:00:00,EKS000005840,СП,Закупка,,,,,,,,,,,,,,,,"630108,РФ,г.Новосибирск, ул. Пархоменко, 7",,,Самоличенко В.А.,,,,,,Приборы Охраны ООО,,,,2026-03-24 11:39:38,7,6,48.00000,1300841.35000,213496.12500,86.02000,,WH1,5404353096,540401001,Адресный СКЛАД РЦ (WMS),ЭКС-000007538   ,,,0.00000,0.00000,a.savitskiy,Пакет интерфейса поставки:c6d58eab-3725-4384-9e69-7202f7ea3732,2026-03-24 12:35:17,,КГ,321230,ILSSRV,2026-03-24 10:49:36
320734,New,End,,ЭКС,2026-03-24 11:05:22,,,,2026-03-24 12:37:41,2026-03-24 11:20:38,ЭКС-000005838   ,,,N,,100,O00000008480    ,,2026-03-24 00:00:00,EKS000005838,СП,Закупка,,,,,,,,,,,,,,,,"690025, Приморский край, Владивосток, Успенского"," ул., дом "" 62, офис 3",,Косова Т.В.,,,,,,ИН ХОУМ  ООО,,,,2026-03-24 11:05:22,12,12,190.00000,951048.97000,388240.00000,79.88000,,WH1,2543143037,540445001,Адресный СКЛАД РЦ (WMS),ЭКС-000007414   ,,,0.00000,0.00000,a.savitskiy,Пакет интерфейса поставки:1fdacfba-0571-4073-a58e-b4cfa2a0e05f,2026-03-24 12:38:56,,,321228,ILSSRV,2026-03-24 10:24:33
320735,New,End,,ЭКС,2026-03-24 10:42:24,26-02661016589,,,2026-03-24 12:38:52,2026-03-24 10:42:24,ЭКС-000005815   ,,,N,,100,O00000008569    ,,2026-03-19 00:00:00,EKS000005815,СП,Закупка,,,,,,,,,,,,,,,,"454079, Челябинская обл., г. Челябинск, ул."," Линейная, д. 102, офис 301
",,Княжева Ю.В.,,,,,,ДПА ООО,,,,2026-03-24 10:42:23,1,1,2000.00000,138160000.00000,59584.00000,34.40000,Деловые Линии ООО,WH1,7452115257,745201001,Адресный СКЛАД РЦ (WMS),ЭКС-000007072   ,,,0.00000,0.00000,n.bezrukov,Пакет интерфейса поставки:e8a4e0fa-4a33-4e08-924c-99b8511fb8d0,2026-03-24 12:41:03,,,321205,ILSSRV,2026-03-24 09:38:31
320736,New,End,,ЭКС,2026-03-24 12:28:52,,,,2026-03-24 12:39:43,2026-03-24 12:28:52,ЭКС-000005857   ,,,N,,100,O00000008636    ,,2026-03-24 00:00:00,EKS000005857,СП,Закупка,,,,,,,,,,,,,,,,"630112, Новосибирск, Ипподромская, д. 30, кв. 84",,,Иваненко П.В.,,,,,,Сила тока ООО,,,,2026-03-24 12:28:52,1,1,2.00000,19285.80000,25088.00000,8.76000,Алексеев Евгений Эдуардов,WH1,5406844445,540601001,Адресный СКЛАД РЦ (WMS),ЭКС-000007489   ,,,0.00000,0.00000,a.manokhin,Пакет интерфейса поставки:e8a4e0fa-4a33-4e08-924c-99b8511fb8d0,2026-03-24 12:41:09,,,321247,ILSSRV,2026-03-24 12:22:44
320737,New,End,,ЭКС,2026-03-24 10:00:21,26-02601039757,,,2026-03-24 12:40:55,2026-03-24 10:40:28,ЭКС-000005806   ,,,N,,100,O00000008579    ,,2026-03-21 00:00:00,EKS000005806,СП,Закупка,,,,,,,,,,,,,,,,"141580 Московская обл.Солнечногорский р-н, Черная", грязь 65,,Третьяков С.М.,,,,,,МФК Техэнерго ООО,,,,2026-03-24 10:00:21,8,7,400.00000,2399694.50000,30288.55000,17.14000,Деловые Линии ООО,WH1,7715215141,504401001,Адресный СКЛАД РЦ (WMS),ЭКС-000007044   ,,,0.00000,0.00000,a.savitskiy,Пакет интерфейса поставки:c14bb21a-a197-4df0-a6a9-8d6eb7f9a3fd,2026-03-24 12:42:56,,КГ,321196,ILSSRV,2026-03-24 09:33:37
320738,New,End,,ЭКС,2026-03-24 11:33:35,,,,2026-03-24 12:42:16,2026-03-24 11:37:45,ЭКС-000005827   ,,,N,,100,O00000008600    ,,2026-03-27 00:00:00,EKS000005827,СП,Закупка,,,,,,,,,,,,,,,,"117405, г. Москва, г. Москва, ул. Дорожная, д."," 60Б, этаж 6, оф. 647",,Феденькова Д.Ю.,,,,,,"Торговый Дом Морозова (ООО ""ТДМ"")",,,,2026-03-24 11:33:35,4,4,14.00000,98893.24000,14277.00000,5.85000,,WH1,7724417909,772401001,Адресный СКЛАД РЦ (WMS),ЭКС-000007338   ,,,0.00000,0.00000,a.manokhin,Пакет интерфейса поставки:c14bb21a-a197-4df0-a6a9-8d6eb7f9a3fd,2026-03-24 12:43:02,,КГ,321217,ILSSRV,2026-03-24 10:18:35
320739,New,End,,ЭКС,2026-03-24 11:43:07,,,,2026-03-24 12:41:21,2026-03-24 11:46:23,ЭКС-000005831   ,,,N,,100,O00000008394    ,,2026-03-27 00:00:00,EKS000005831,СП,Закупка,,,,,,,,,,,,,,,,"117405, г. Москва, г. Москва, ул. Дорожная, д."," 60Б, этаж 6, оф. 647",,Феденькова Д.Ю.,,,,,,"Торговый Дом Морозова (ООО ""ТДМ"")",,,,2026-03-24 11:43:07,5,5,29.00000,163234.55000,22851.00000,11.46000,,WH1,7724417909,772401001,Адресный СКЛАД РЦ (WMS),ЭКС-000007331   ,,,0.00000,0.00000,a.manokhin,Пакет интерфейса поставки:c14bb21a-a197-4df0-a6a9-8d6eb7f9a3fd,2026-03-24 12:43:09,,КГ,321221,ILSSRV,2026-03-24 10:19:36
320740,New,End,,ЭКС,2026-03-24 11:11:28,,,,2026-03-24 12:44:40,2026-03-24 11:13:37,ЭКС-000005826   ,,,N,,100,O00000008401    ,,2026-03-27 00:00:00,EKS000005826,СП,Закупка,,,,,,,,,,,,,,,,"117405, г. Москва, г. Москва, ул. Дорожная, д."," 60Б, этаж 6, оф. 647",,Феденькова Д.Ю.,,,,,,"Торговый Дом Морозова (ООО ""ТДМ"")",,,,2026-03-24 11:11:28,3,3,579.00000,349244.83000,2275.12500,0.56000,,WH1,7724417909,772401001,Адресный СКЛАД РЦ (WMS),ЭКС-000007339   ,,,0.00000,0.00000,a.manokhin,Пакет интерфейса поставки:d7d08b2d-8115-4f91-8837-f6965464963e,2026-03-24 12:45:16,,КГ,321216,ILSSRV,2026-03-24 10:18:34
320741,New,End,,ЭКС,2026-03-24 11:01:11,,,,2026-03-24 12:44:07,2026-03-24 12:02:49,ЭКС-000005832   ,,,N,,100,O00000008392    ,,2026-03-27 00:00:00,EKS000005832,СП,Закупка,,,,,,,,,,,,,,,,"117405, г. Москва, г. Москва, ул. Дорожная, д."," 60Б, этаж 6, оф. 647",,Феденькова Д.Ю.,,,,,,"Торговый Дом Морозова (ООО ""ТДМ"")",,,,2026-03-24 11:01:11,14,12,852.00000,7424604.15000,224719.50000,55.38000,,WH1,7724417909,772401001,Адресный СКЛАД РЦ (WMS),ЭКС-000007330   ,,,0.00000,0.00000,a.manokhin,Пакет интерфейса поставки:d7d08b2d-8115-4f91-8837-f6965464963e,2026-03-24 12:45:27,,,321222,ILSSRV,2026-03-24 10:19:41
320742,New,End,,ЭКС,2026-03-24 11:21:00,,,,2026-03-24 12:43:43,2026-03-24 12:04:08,ЭКС-000005837   ,,,N,,100,O00000008397    ,,2026-03-27 00:00:00,EKS000005837,СП,Закупка,,,,,,,,,,,,,,,,"117405, г. Москва, г. Москва, ул. Дорожная, д."," 60Б, этаж 6, оф. 647",,Феденькова Д.Ю.,,,,,,"Торговый Дом Морозова (ООО ""ТДМ"")",,,,2026-03-24 11:21:00,9,9,297.00000,3869418.44000,90767.87500,47.51000,,WH1,7724417909,772401001,Адресный СКЛАД РЦ (WMS),ЭКС-000007334   ,,,0.00000,0.00000,a.manokhin,Пакет интерфейса поставки:d7d08b2d-8115-4f91-8837-f6965464963e,2026-03-24 12:45:33,,,321227,ILSSRV,2026-03-24 10:21:36
320743,New,End,,ЭКС,2026-03-24 11:10:06,,,,2026-03-24 12:44:51,2026-03-24 11:32:01,ЭКС-000005835   ,,,N,,100,O00000008389    ,,2026-03-27 00:00:00,EKS000005835,СП,Закупка,,,,,,,,,,,,,,,,"117405, г. Москва, г. Москва, ул. Дорожная, д."," 60Б, этаж 6, оф. 647",,Феденькова Д.Ю.,,,,,,"Торговый Дом Морозова (ООО ""ТДМ"")",,,,2026-03-24 11:10:06,2,1,144.00000,1912688.64000,21392.00000,15.12000,,WH1,7724417909,772401001,Адресный СКЛАД РЦ (WMS),ЭКС-000007328   ,,,0.00000,0.00000,a.manokhin,Пакет интерфейса поставки:2328622e-57b4-415e-b2a7-bd469a3cda7c,2026-03-24 12:47:10,,КГ,321225,ILSSRV,2026-03-24 10:20:34
320744,New,End,,ЭКС,2026-03-24 12:47:51,,,,2026-03-24 12:52:08,2026-03-24 12:47:51,ЭКС-000005846   ,,,N,,100,O00000008039    ,,2026-03-24 00:00:00,EKS000005846,СП,Закупка,,,,,,,,,,,,,,,,"192102, г. Санкт-Петербург, г. Санкт-Петербург,"," ул. Бухарестская, д. 22 к2, оф. лит Д",,Косова Т.В.,,,,,,ВТЛ  ООО (JAZZWAY),,,,2026-03-24 12:47:51,1,1,10.00000,56103.00000,14400.00000,8.00000,,WH1,7816340170,781601001,Адресный СКЛАД РЦ (WMS),ЭКС-000006953   ,,,0.00000,0.00000,n.bezrukov,Пакет интерфейса поставки:1e497fd5-0417-4f72-b928-556edd52befe,2026-03-24 12:53:20,,КГ,321236,ILSSRV,2026-03-24 11:00:37
320745,New,End,,ЭКС,2026-03-24 11:06:38,,,,2026-03-24 12:56:35,2026-03-24 12:41:36,ЭКС-000005842   ,,,N,,100,O00000008082    ,,2026-03-24 00:00:00,EKS000005842,СП,Закупка,,,,,,,,,,,,,,,,"192102, г. Санкт-Петербург, г. Санкт-Петербург,"," ул. Бухарестская, д. 22 к2, оф. лит Д",,Косова Т.В.,,,,,,ВТЛ  ООО (JAZZWAY),,,,2026-03-24 11:06:38,50,44,6302.00000,117569157.53000,3997404.40000,612.05500,,WH1,7816340170,781601001,Адресный СКЛАД РЦ (WMS),ЭКС-000006959   ,,,0.00000,0.00000,n.bezrukov,Пакет интерфейса поставки:72f9e4f7-8a9d-4f71-acb4-148c4b67d79f,2026-03-24 12:56:58,,КГ,321232,ILSSRV,2026-03-24 10:59:56
320746,New,End,,ЭКС,2026-03-24 11:12:02,,,,2026-03-24 12:54:57,2026-03-24 12:49:21,ЭКС-000005844   ,,,N,,100,O00000008078    ,,2026-03-24 00:00:00,EKS000005844,СП,Закупка,,,,,,,,,,,,,,,,"192102, г. Санкт-Петербург, г. Санкт-Петербург,"," ул. Бухарестская, д. 22 к2, оф. лит Д",,Косова Т.В.,,,,,,ВТЛ  ООО (JAZZWAY),,,,2026-03-24 11:12:02,3,3,420.00000,48294756.00000,784480.00000,143.10000,,WH1,7816340170,781601001,Адресный СКЛАД РЦ (WMS),ЭКС-000006957   ,,,0.00000,0.00000,n.bezrukov,Пакет интерфейса поставки:72f9e4f7-8a9d-4f71-acb4-148c4b67d79f,2026-03-24 12:57:04,,КГ,321234,ILSSRV,2026-03-24 10:59:58
320747,New,End,,ЭКС,2026-03-24 12:55:46,,,,2026-03-24 12:59:22,2026-03-24 12:55:46,ЭКС-000005861   ,,,N,,100,O00000008671    ,,2026-03-24 00:00:00,EKS000005861,СП,Закупка,,,,,,,,,,,,,,,,"630007, Новосибирская область, г. Новосибирск,"," ул. Кривощековская, д. 1, оф. 313",,Лангеман Э.Г.,,,,,,ТПК ДЕКО ООО ,,,,2026-03-24 12:55:46,1,1,15.00000,295026.75000,237600.00000,24.00000,,WH1,5406603947,540601001,Адресный СКЛАД РЦ (WMS),ЭКС-000007583   ,,,0.00000,0.00000,a.manokhin,Пакет интерфейса поставки:bc2a889d-bc43-44fd-aa79-675402378b52,2026-03-24 13:01:24,,КГ,321251,ILSSRV,2026-03-24 12:52:46
320748,New,End,,ЭКС,2026-03-24 12:54:59,,,,2026-03-24 13:02:24,2026-03-24 12:57:09,ЭКС-000005858   ,,,N,,100,O00000008657    ,,2026-03-24 00:00:00,EKS000005858,СП,Закупка,,,,,,,,,,,,,,,,"630007, Новосибирская область, г. Новосибирск,"," ул. Кривощековская, д. 1, оф. 313",,Лангеман Э.Г.,,,,,,ТПК ДЕКО ООО ,,,,2026-03-24 12:54:59,2,1,9.00000,218766.42000,208661.50000,11.00000,,WH1,5406603947,540601001,Адресный СКЛАД РЦ (WMS),ЭКС-000007580   ,,,0.00000,0.00000,a.manokhin,Пакет интерфейса поставки:79be62a5-24e6-43c4-9b33-8ffc4b003b76,2026-03-24 13:03:05,,КГ,321248,ILSSRV,2026-03-24 12:52:45
320749,New,End,,ЭКС,2026-03-24 12:55:14,,,,2026-03-24 13:03:01,2026-03-24 12:55:15,ЭКС-000005859   ,,,N,,100,O00000008658    ,,2026-03-24 00:00:00,EKS000005859,СП,Закупка,,,,,,,,,,,,,,,,"630007, Новосибирская область, г. Новосибирск,"," ул. Кривощековская, д. 1, оф. 313",,Колупаев В.Г.,,,,,,ТПК ДЕКО ООО ,,,,2026-03-24 12:55:14,1,1,1.00000,4418.03000,11781.00000,1.60000,,WH1,5406603947,540601001,Адресный СКЛАД РЦ (WMS),ЭКС-000007581   ,,,0.00000,0.00000,a.manokhin,Пакет интерфейса поставки:fe3f0a9f-4a93-452d-9e46-841047b6b2c6,2026-03-24 13:05:16,,КГ,321249,ILSSRV,2026-03-24 12:52:45
320750,New,End,,ЭКС,2026-03-24 13:02:54,,,,2026-03-24 13:05:06,2026-03-24 13:02:54,ЭКС-000005860   ,,,N,,100,O00000008664    ,,2026-03-24 00:00:00,EKS000005860,СП,Закупка,,,,,,,,,,,,,,,,"630007, Новосибирская область, г. Новосибирск,"," ул. Кривощековская, д. 1, оф. 313",,Лангеман Э.Г.,,,,,,ТПК ДЕКО ООО ,,,,2026-03-24 13:02:54,1,1,25.00000,1970287.50000,461160.00000,20.00000,,WH1,5406603947,540601001,Адресный СКЛАД РЦ (WMS),ЭКС-000007582   ,,,0.00000,0.00000,a.manokhin,Пакет интерфейса поставки:a32249c8-b69d-437e-905d-08ff457c40f9,2026-03-24 13:07:27,,КГ,321250,ILSSRV,2026-03-24 12:52:45
320751,New,End,,ЭКС,2026-03-24 12:43:55,,,,2026-03-24 13:11:31,2026-03-24 12:43:55,ЭКС-000005848   ,,,N,,100,O00000008018    ,,2026-03-24 00:00:00,EKS000005848,СП,Закупка,,,,,,,,,,,,,,,,"192102, г. Санкт-Петербург, г. Санкт-Петербург,"," ул. Бухарестская, д. 22 к2, оф. лит Д",,Косова Т.В.,,,,,,ВТЛ  ООО (JAZZWAY),,,,2026-03-24 12:43:55,1,1,3.00000,2809.71000,675.00000,0.18000,,WH1,7816340170,781601001,Адресный СКЛАД РЦ (WMS),ЭКС-000006950   ,,,0.00000,0.00000,n.bezrukov,Пакет интерфейса поставки:86a16b7a-95b8-4f0d-8736-9bcad96f4894,2026-03-24 13:13:07,,КГ,321238,ILSSRV,2026-03-24 11:00:39
320752,New,End,,ЭКС,2026-03-24 12:42:23,,,,2026-03-24 13:14:16,2026-03-24 12:42:43,ЭКС-000005841   ,,,N,,100,O00000008077    ,,2026-03-24 00:00:00,EKS000005841,СП,Закупка,,,,,,,,,,,,,,,,"192102, г. Санкт-Петербург, г. Санкт-Петербург,"," ул. Бухарестская, д. 22 к2, оф. лит Д",,Косова Т.В.,,,,,,ВТЛ  ООО (JAZZWAY),,,,2026-03-24 12:42:23,2,2,9.00000,42782.02000,18592.50000,2.36000,,WH1,7816340170,781601001,Адресный СКЛАД РЦ (WMS),ЭКС-000006955   ,,,0.00000,0.00000,n.bezrukov,Пакет интерфейса поставки:dd72f407-22e4-4f78-9114-e3229d0c1ba9,2026-03-24 13:15:22,,КГ,321231,ILSSRV,2026-03-24 10:58:37
320753,New,End,,ЭКС,2026-03-24 12:44:25,,,,2026-03-24 13:14:41,2026-03-24 12:44:25,ЭКС-000005843   ,,,N,,100,O00000008079    ,,2026-03-24 00:00:00,EKS000005843,СП,Закупка,,,,,,,,,,,,,,,,"192102, г. Санкт-Петербург, г. Санкт-Петербург,"," ул. Бухарестская, д. 22 к2, оф. лит Д",,Косова Т.В.,,,,,,ВТЛ  ООО (JAZZWAY),,,,2026-03-24 12:44:25,1,1,40.00000,169584.00000,16560.00000,4.00000,,WH1,7816340170,781601001,Адресный СКЛАД РЦ (WMS),ЭКС-000006958   ,,,0.00000,0.00000,n.bezrukov,Пакет интерфейса поставки:dd72f407-22e4-4f78-9114-e3229d0c1ba9,2026-03-24 13:15:30,,КГ,321233,ILSSRV,2026-03-24 10:59:57
320754,New,End,,ЭКС,2026-03-24 12:21:48,,,,2026-03-24 13:15:57,2026-03-24 12:45:50,ЭКС-000005845   ,,,N,,100,O00000008040    ,,2026-03-24 00:00:00,EKS000005845,СП,Закупка,,,,,,,,,,,,,,,,"192102, г. Санкт-Петербург, г. Санкт-Петербург,"," ул. Бухарестская, д. 22 к2, оф. лит Д",,Косова Т.В.,,,,,,ВТЛ  ООО (JAZZWAY),,,,2026-03-24 12:21:48,2,2,107.00000,9877071.21000,1081890.00000,51.40000,,WH1,7816340170,781601001,Адресный СКЛАД РЦ (WMS),ЭКС-000006954   ,,,0.00000,0.00000,n.bezrukov,Пакет интерфейса поставки:2c2804f3-7167-494a-8b99-84d1d918c977,2026-03-24 13:17:18,,КГ,321235,ILSSRV,2026-03-24 10:59:59
320755,New,Processed,,ЭКС,2026-03-24 13:08:54,,,,2026-03-24 13:19:29,2026-03-24 13:08:55,,,,Y,,0,,,2026-03-24 00:00:00,TR-24/03/2026-02,ТР,транзит,,,рц,,,,,,,,,Барнаул,,,,,,,,,,,,рц,Барнаул,,,,2026-03-24 13:08:54,1,1,1.00000,0.00000,1.00000,1.00000,,WH1,,,,,,,0.00000,0.00000,r.sagaidak,Пакет интерфейса поставки:424e2fa0-5b54-467b-981b-8f7b883442bc,2026-03-24 13:20:50,,,321252,r.sagaidak,2026-03-24 13:05:38
320756,New,Processed,,ЭКС,2026-03-24 13:08:59,,,,2026-03-24 13:19:16,2026-03-24 13:09:00,,,,Y,,0,,,2026-03-24 00:00:00,TR-24/03/2026-03,ТР,транзит,,,рц,,,,,,,,,Ипподромская,,,,,,,,,,,,рц,Ипподромская,,,,2026-03-24 13:08:59,1,1,1.00000,0.00000,1.00000,1.00000,,WH1,,,,,,,0.00000,0.00000,r.sagaidak,Пакет интерфейса поставки:424e2fa0-5b54-467b-981b-8f7b883442bc,2026-03-24 13:20:50,,,321253,r.sagaidak,2026-03-24 13:06:40
320757,New,End,,ЭКС,2026-03-24 12:47:28,,,,2026-03-24 13:26:43,2026-03-24 12:47:29,ЭКС-000005850   ,,,N,,100,O00000008013    ,,2026-03-24 00:00:00,EKS000005850,СП,Закупка,,,,,,,,,,,,,,,,"192102, г. Санкт-Петербург, г. Санкт-Петербург,"," ул. Бухарестская, д. 22 к2, оф. лит Д",,Косова Т.В.,,,,,,ВТЛ  ООО (JAZZWAY),,,,2026-03-24 12:47:28,1,1,4.00000,13217.92000,2740.50000,1.12000,,WH1,7816340170,781601001,Адресный СКЛАД РЦ (WMS),ЭКС-000006948   ,,,0.00000,0.00000,n.bezrukov,Пакет интерфейса поставки:d4fae356-a563-4741-8bf1-0cb5becaaaa1,2026-03-24 13:27:01,,КГ,321240,ILSSRV,2026-03-24 11:00:40
320758,New,End,,ЭКС,2026-03-24 12:44:51,,,,2026-03-24 13:25:22,2026-03-24 12:45:25,ЭКС-000005851   ,,,N,,100,O00000008005    ,,2026-03-24 00:00:00,EKS000005851,СП,Закупка,,,,,,,,,,,,,,,,"192102, г. Санкт-Петербург, г. Санкт-Петербург,"," ул. Бухарестская, д. 22 к2, оф. лит Д",,Косова Т.В.,,,,,,ВТЛ  ООО (JAZZWAY),,,,2026-03-24 12:44:51,2,2,17.00000,82372.25000,1620.00000,1.15000,,WH1,7816340170,781601001,Адресный СКЛАД РЦ (WMS),ЭКС-000006947   ,,,0.00000,0.00000,n.bezrukov,Пакет интерфейса поставки:d4fae356-a563-4741-8bf1-0cb5becaaaa1,2026-03-24 13:27:10,,КГ,321241,ILSSRV,2026-03-24 11:01:38
320759,New,End,,ЭКС,2026-03-24 12:47:00,,,,2026-03-24 13:26:50,2026-03-24 12:47:00,ЭКС-000005849   ,,,N,,100,O00000008015    ,,2026-03-24 00:00:00,EKS000005849,СП,Закупка,,,,,,,,,,,,,,,,"192102, г. Санкт-Петербург, г. Санкт-Петербург,"," ул. Бухарестская, д. 22 к2, оф. лит Д",,Косова Т.В.,,,,,,ВТЛ  ООО (JAZZWAY),,,,2026-03-24 12:47:00,1,1,4.00000,13217.92000,2740.50000,1.12000,,WH1,7816340170,781601001,Адресный СКЛАД РЦ (WMS),ЭКС-000006949   ,,,0.00000,0.00000,n.bezrukov,Пакет интерфейса поставки:27c13817-6ce0-4e76-bc63-4e64494fea7b,2026-03-24 13:28:59,,КГ,321239,ILSSRV,2026-03-24 11:00:39
320760,New,End,,ЭКС,2026-03-24 11:59:08,,,,2026-03-24 13:28:21,2026-03-24 12:52:29,ЭКС-000005856   ,,,N,,100,O00000008616    ,,2026-03-24 00:00:00,EKS000005856,СП,Закупка,,,,,,,,,,,,,,,,"630501, Новосибирская обл, Новосибирский р-н,"," Краснообск рп, Восточная ул, дом № 4/1, офис 1",0,Княжева Ю.В.,,,,,,ЗЭТА АО,,,,2026-03-24 11:59:08,37,31,8568.00000,39228340.78000,1910632.00000,442.25000,,WH1,5405340660,540345003,Адресный СКЛАД РЦ (WMS),ЭКС-000007532   ,,,0.00000,0.00000,a.savitskiy,Пакет интерфейса поставки:27c13817-6ce0-4e76-bc63-4e64494fea7b,2026-03-24 13:29:11,,,321246,ILSSRV,2026-03-24 11:55:47
320761,New,End,,ЭКС,2026-03-24 11:07:43,,,,2026-03-24 13:29:21,2026-03-24 12:46:28,ЭКС-000005847   ,,,N,,100,O00000008038    ,,2026-03-24 00:00:00,EKS000005847,СП,Закупка,,,,,,,,,,,,,,,,"192102, г. Санкт-Петербург, г. Санкт-Петербург,"," ул. Бухарестская, д. 22 к2, оф. лит Д",,Косова Т.В.,,,,,,ВТЛ  ООО (JAZZWAY),,,,2026-03-24 11:07:43,6,6,1062.00000,27749155.52000,200539.00000,64.40000,,WH1,7816340170,781601001,Адресный СКЛАД РЦ (WMS),ЭКС-000006952   ,,,0.00000,0.00000,n.bezrukov,Пакет интерфейса поставки:f8b49aca-62c6-46ef-8439-7c8defc86902,2026-03-24 13:31:22,,КГ,321237,ILSSRV,2026-03-24 11:00:39
320762,New,End,,ЭКС,2026-03-24 13:21:18,26-00241083116,,,2026-03-24 13:34:32,2026-03-24 13:21:18,ЭКС-000005862   ,,,N,,100,O00000008531    ,,2026-03-20 00:00:00,EKS000005862,СП,Закупка,,,,,,,,,,,,,,,,"г. Екатеринбург, пр. Орджоникидзе, д.1 оф.238",,,Косолапова Л.В.,,,,,,СтройТрэйд ООО,,,,2026-03-24 13:21:18,1,1,50.00000,247000.00000,8450.00000,20.80000,Деловые Линии ООО,WH1,6686011780,668601001,Адресный СКЛАД РЦ (WMS),ЭКС-000005991   ,,,0.00000,0.00000,a.manokhin,Пакет интерфейса поставки:c9d808d7-3fb4-41d0-9260-3217aa744ef7,2026-03-24 13:35:02,,КГ,321254,ILSSRV,2026-03-24 13:08:48
320763,New,End,,ЭКС,2026-03-24 13:23:15,,,,2026-03-24 13:36:00,2026-03-24 13:23:16,ЭКС-000005864   ,,,N,,100,O00000008517    ,,2026-03-24 00:00:00,EKS000005864,СП,Закупка,,,,,,,,,,,,,,,,"129347, г. Москва, улица Егора Абакумова, д.10,", корп.2,,Третьяков С.М.,,,,,,Спецавтоматика ООО,,,,2026-03-24 13:23:15,1,1,1.00000,17714.43000,38269.12500,18.60000,,WH1,7716571953,771601001,Адресный СКЛАД РЦ (WMS),ЭКС-000007439   ,,,0.00000,0.00000,a.manokhin,Пакет интерфейса поставки:024fc427-20b3-4990-b29d-17f145e359a8,2026-03-24 13:37:14,,КГ,321256,ILSSRV,2026-03-24 13:15:50
320764,New,End,,ЭКС,2026-03-24 13:25:15,,,,2026-03-24 13:38:08,2026-03-24 13:28:26,ЭКС-000005865   ,,,N,,100,O00000008620    ,,2026-03-24 00:00:00,EKS000005865,СП,Закупка,,,,,,,,,,,,,,,,"142700, Московская область, г. Видное, ул."," Радиальная 3-я, д. 8, помещ. 1-Н, комн 2",,Петров И.В.,,,,,,МИР ИНСТРУМЕНТА ООО,,,,2026-03-24 13:25:15,5,5,10.00000,35400.02000,83233.00000,14.96000,,WH1,7722537534,774950001,Адресный СКЛАД РЦ (WMS),ЭКС-000007535   ,,,0.00000,0.00000,a.manokhin,Пакет интерфейса поставки:3e85d7ae-87fc-4c06-ac86-ef02070510bb,2026-03-24 13:39:25,,,321257,ILSSRV,2026-03-24 13:16:51
320765,New,End,,ЭКС,2026-03-24 13:22:46,,,,2026-03-24 13:39:39,2026-03-24 13:23:41,ЭКС-000005863   ,,,N,,100,O00000008514    ,,2026-03-24 00:00:00,EKS000005863,СП,Закупка,,,,,,,,,,,,,,,,"129347, г. Москва, улица Егора Абакумова, д.10,", корп.2,,Иваненко П.В.,,,,,,Спецавтоматика ООО,,,,2026-03-24 13:22:46,2,2,3.00000,81225.34000,76800.00000,50.60000,,WH1,7716571953,771601001,Адресный СКЛАД РЦ (WMS),ЭКС-000007437   ,,,0.00000,0.00000,a.manokhin,Пакет интерфейса поставки:52429bd9-699c-4a12-a01a-32d524ec4cc1,2026-03-24 13:41:05,,КГ,321255,ILSSRV,2026-03-24 13:15:50
320766,New,End,,ЭКС,2026-03-24 13:58:15,,,,2026-03-24 14:00:32,2026-03-24 13:58:15,ЭКС-000005877   ,,,N,,100,O00000008685    ,,2026-03-24 00:00:00,EKS000005877,СП,Закупка,,,,,,,,,,,,,,,,"143003, Московская область, г.о. Одинцовский, г."," Одинцово, ул. Маршала Бирюзова, д. 12, оф. 10",6,Косова Т.В.,,,,,,Орион ООО   (ЭРА) новый (до 01/10/24- ВИП Маркет,,,,2026-03-24 13:58:15,1,1,10.00000,21408.00000,21000.00000,4.40000,,WH1,5032161850,503201001,Адресный СКЛАД РЦ (WMS),ЭКС-000007590   ,,,0.00000,0.00000,a.manokhin,Пакет интерфейса поставки:45dbb752-bcf8-4a13-b33c-c4b99d7e3e60,2026-03-24 14:01:09,,КГ,321269,ILSSRV,2026-03-24 13:45:51
320767,New,End,,ЭКС,2026-03-24 13:57:00,,,,2026-03-24 14:13:24,2026-03-24 13:58:50,ЭКС-000005878   ,,,N,,100,O00000008687    ,,2026-03-24 00:00:00,EKS000005878,СП,Закупка,,,,,,,,,,,,,,,,"143003, Московская область, г.о. Одинцовский, г."," Одинцово, ул. Маршала Бирюзова, д. 12, оф. 10",6,Косова Т.В.,,,,,,Орион ООО   (ЭРА) новый (до 01/10/24- ВИП Маркет,,,,2026-03-24 13:57:00,2,2,301.00000,20071003.00000,889200.00000,143.55000,,WH1,5032161850,503201001,Адресный СКЛАД РЦ (WMS),ЭКС-000007591   ,,,0.00000,0.00000,a.manokhin,Пакет интерфейса поставки:b7d7a092-619b-4bff-9cfa-53093c16f05a,2026-03-24 14:15:25,,КГ,321270,ILSSRV,2026-03-24 13:45:51
320768,New,End,,ЭКС,2026-03-24 13:50:36,,,,2026-03-24 14:22:31,2026-03-24 13:50:36,ЭКС-000005874   ,,,N,,100,O00000008680    ,,2026-03-24 00:00:00,EKS000005874,СП,Закупка,,,,,,,,,,,,,,,,"143003, Московская область, г.о. Одинцовский, г."," Одинцово, ул. Маршала Бирюзова, д. 12, оф. 10",6,Косова Т.В.,,,,,,Орион ООО   (ЭРА) новый (до 01/10/24- ВИП Маркет,,,,2026-03-24 13:50:36,1,1,8.00000,12896.00000,1344.00000,0.48000,,WH1,5032161850,503201001,Адресный СКЛАД РЦ (WMS),ЭКС-000007587   ,,,0.00000,0.00000,a.manokhin,Пакет интерфейса поставки:c01b9d5f-fdc6-4630-8af0-05a1a044f388,2026-03-24 14:23:07,,КГ,321266,ILSSRV,2026-03-24 13:44:52
320769,New,End,,ЭКС,2026-03-24 13:48:48,,,,2026-03-24 14:22:08,2026-03-24 13:49:45,ЭКС-000005875   ,,,N,,100,O00000008681    ,,2026-03-24 00:00:00,EKS000005875,СП,Закупка,,,,,,,,,,,,,,,,"143003, Московская область, г.о. Одинцовский, г."," Одинцово, ул. Маршала Бирюзова, д. 12, оф. 10",6,Косова Т.В.,,,,,,Орион ООО   (ЭРА) новый (до 01/10/24- ВИП Маркет,,,,2026-03-24 13:48:48,2,2,12.00000,46364.00000,384200.00000,41.00000,,WH1,5032161850,503201001,Адресный СКЛАД РЦ (WMS),ЭКС-000007588   ,,,0.00000,0.00000,a.manokhin,Пакет интерфейса поставки:c01b9d5f-fdc6-4630-8af0-05a1a044f388,2026-03-24 14:23:16,,КГ,321267,ILSSRV,2026-03-24 13:44:52
320770,New,End,,ЭКС,2026-03-24 13:48:07,,,,2026-03-24 14:23:01,2026-03-24 13:50:12,ЭКС-000005876   ,,,N,,100,O00000008683    ,,2026-03-24 00:00:00,EKS000005876,СП,Закупка,,,,,,,,,,,,,,,,"143003, Московская область, г.о. Одинцовский, г."," Одинцово, ул. Маршала Бирюзова, д. 12, оф. 10",6,Косова Т.В.,,,,,,Орион ООО   (ЭРА) новый (до 01/10/24- ВИП Маркет,,,,2026-03-24 13:48:07,2,2,14.00000,45496.00000,184540.00000,36.00000,,WH1,5032161850,503201001,Адресный СКЛАД РЦ (WMS),ЭКС-000007589   ,,,0.00000,0.00000,a.manokhin,Пакет интерфейса поставки:6673ab77-9aa3-4952-a7a8-10f7758b246b,2026-03-24 14:25:05,,КГ,321268,ILSSRV,2026-03-24 13:44:53
320771,New,End,,ЭКС,2026-03-24 14:23:09,,,,2026-03-24 14:29:26,2026-03-24 14:26:36,ЭКС-000005880   ,,,N,,100,O00000008654    ,,2026-03-24 00:00:00,EKS000005880,СП,Закупка,,,,,,,,,,,,,,,,"630088, г. Новосибирск, ул. Петухова, 69, офис 1",,,Иваненко П.В.,,,,,,НЭМЗ ИНЖИНИРИНГ ООО,,,,2026-03-24 14:23:09,2,2,5.00000,909299.32000,1175312.00000,210.00000,,WH1,5403054262,540301001,Адресный СКЛАД РЦ (WMS),ЭКС-000007575   ,,,0.00000,0.00000,a.manokhin,Пакет интерфейса поставки:40e789b4-7524-41aa-806d-da7fe44ad1ea,2026-03-24 14:31:13,,,321272,ILSSRV,2026-03-24 13:59:49
320772,New,End,,ЭКС,2026-03-24 13:39:18,26-02661016589,,,2026-03-24 14:32:28,2026-03-24 13:41:47,ЭКС-000005870   ,,,N,,100,O00000008645    ,,2026-03-20 00:00:00,EKS000005870,СП,Закупка,,,,,,,,,,,,,,,,"454079, Челябинская обл., г. Челябинск, ул."," Линейная, д. 102, офис 301
",,Княжева Ю.В.,,,,,,ДПА ООО,,,,2026-03-24 13:39:18,4,4,3860.00000,233759468.00000,231420.00000,162.08000,Деловые Линии ООО,WH1,7452115257,745201001,Адресный СКЛАД РЦ (WMS),ЭКС-000007069   ,,,0.00000,0.00000,a.manokhin,Пакет интерфейса поставки:8d9dcb1b-158a-423f-9b48-67c6f533df64,2026-03-24 14:33:29,,КГ,321262,ILSSRV,2026-03-24 13:31:50
320773,New,End,,ЭКС,2026-03-24 13:43:45,,,,2026-03-24 14:38:43,2026-03-24 14:26:35,ЭКС-000005867   ,,,N,,100,O00000008643    ,,2026-03-24 00:00:00,EKS000005867,СП,Закупка,,,,,,,,,,,,,,,,"142100, Московская область, г Подольск, пр-кт"," Ленина, д. 107/49, офис 457",,Шаповалов П.Г.,,,,,,ИЭК ХОЛДИНГ АО,,,,2026-03-24 13:43:45,30,28,471.00000,9235379.95000,1199768.93500,224.58600,,WH1,5074092485,507401001,Адресный СКЛАД РЦ (WMS),ЭКС-000007560   ,,,0.00000,0.00000,n.bezrukov,Пакет интерфейса поставки:87ea8eb4-1989-4004-a9a6-02393a754d1b,2026-03-24 14:39:13,,,321259,ILSSRV,2026-03-24 13:24:02
320774,New,End,,ЭКС,2026-03-24 13:33:29,,,,2026-03-24 14:39:16,2026-03-24 13:35:06,ЭКС-000005869   ,,,N,,100,O00000008698    ,,2026-03-24 00:00:00,EKS000005869,СП,Закупка,,,,,,,,,,,,,,,,"635012 НСО, г. Новосибирск, с. Марусино, ул.", Строителей 1А,,Петров И.В.,,,,,,ЗУБР НСК ООО (Ювента),,,,2026-03-24 13:33:29,3,3,32.00000,41070.21000,44688.00000,10.14000,,WH1,5410138957,541001001,Адресный СКЛАД РЦ (WMS),ЭКС-000007621   ,,,0.00000,0.00000,a.manokhin,Пакет интерфейса поставки:62f1f551-ba52-4d0b-8d3f-4883c7b1dcc9,2026-03-24 14:41:23,,КГ,321261,ILSSRV,2026-03-24 13:31:48
320775,New,End,,ЭКС,2026-03-24 13:53:33,,,,2026-03-24 14:41:50,2026-03-24 13:53:44,ЭКС-000005872   ,,,N,,100,O00000008676    ,,2026-03-24 00:00:00,EKS000005872,СП,Закупка,,,,,,,,,,,,,,,,"143003, Московская область, г.о. Одинцовский, г."," Одинцово, ул. Маршала Бирюзова, д. 12, оф. 10",6,Косова Т.В.,,,,,,Орион ООО   (ЭРА) новый (до 01/10/24- ВИП Маркет,,,,2026-03-24 13:53:33,2,1,20.00000,17800.00000,3168.00000,0.83000,,WH1,5032161850,503201001,Адресный СКЛАД РЦ (WMS),ЭКС-000007585   ,,,0.00000,0.00000,a.manokhin,Пакет интерфейса поставки:aea6a94f-fd48-4851-87f4-ad10732dbb94,2026-03-24 14:43:10,,,321264,ILSSRV,2026-03-24 13:44:51
320776,New,End,,ЭКС,2026-03-24 13:49:10,,,,2026-03-24 14:43:26,2026-03-24 13:51:09,ЭКС-000005871   ,,,N,,100,O00000008675    ,,2026-03-24 00:00:00,EKS000005871,СП,Закупка,,,,,,,,,,,,,,,,"143003, Московская область, г.о. Одинцовский, г."," Одинцово, ул. Маршала Бирюзова, д. 12, оф. 10",6,Косова Т.В.,,,,,,Орион ООО   (ЭРА) новый (до 01/10/24- ВИП Маркет,,,,2026-03-24 13:49:10,2,1,59.00000,905060.00000,15036.00000,14.95000,,WH1,5032161850,503201001,Адресный СКЛАД РЦ (WMS),ЭКС-000007584   ,,,0.00000,0.00000,a.manokhin,Пакет интерфейса поставки:1f39ac14-7ea9-4845-b6d0-40a19e791224,2026-03-24 14:45:19,,КГ,321263,ILSSRV,2026-03-24 13:44:50
320777,New,End,,ЭКС,2026-03-24 13:45:21,,,,2026-03-24 14:47:17,2026-03-24 14:20:52,ЭКС-000005866,,,N,,0,O00000008640,,2026-03-24 00:00:00,EKS000005866,СП,Закупка,,,,,,,,,,,,,,,,"142100, Московская область, г Подольск, пр-кт","Ленина, д. 107/49, офис 457",,Шаповалов П.Г.,,,,,,ИЭК ХОЛДИНГ АО,,,,2026-03-24 13:45:21,39,34,7638.00000,393690670.20000,2367072.00000,607.29000,,WH1,5074092485,507401001,Адресный СКЛАД РЦ (WMS),ЭКС-000007559,,,0.00000,0.00000,n.bezrukov,Пакет интерфейса поставки:066f73e0-5f98-40d3-9b86-e107b3d6208d,2026-03-24 14:49:34,,,321258,ILSSRV,2026-03-24 13:23:55
320778,New,End,,ЭКС,2026-03-24 13:54:29,,,,2026-03-24 14:50:42,2026-03-24 13:54:57,ЭКС-000005873   ,,,N,,100,O00000008678    ,,2026-03-24 00:00:00,EKS000005873,СП,Закупка,,,,,,,,,,,,,,,,"143003, Московская область, г.о. Одинцовский, г."," Одинцово, ул. Маршала Бирюзова, д. 12, оф. 10",6,Косова Т.В.,,,,,,Орион ООО   (ЭРА) новый (до 01/10/24- ВИП Маркет,,,,2026-03-24 13:54:29,3,3,63.00000,74958.00000,3836.00000,6.28000,,WH1,5032161850,503201001,Адресный СКЛАД РЦ (WMS),ЭКС-000007586   ,,,0.00000,0.00000,a.manokhin,Пакет интерфейса поставки:bd60c93a-6ff2-42ec-9687-ee830a69dfc1,2026-03-24 14:51:13,,КГ,321265,ILSSRV,2026-03-24 13:44:51
320779,New,End,,ЭКС,2026-03-24 14:50:58,,,,2026-03-24 15:03:36,2026-03-24 14:50:58,ЭКС-000005902   ,,,N,,100,O00000008660    ,,2026-03-25 00:00:00,EKS000005902,СП,Кросс-докинг,,,,,,,,,,,,,,,,"109316, г. Москва, г. Москва, пр-кт."," Волгоградский, д. 35, оф. 510/5",,Гилета О.В.,,,,,,Промрукав ООО,,,,2026-03-24 14:50:58,1,1,19.00000,125970.95000,2660.00000,4.75000,Промрукав ООО,WH1,7722467171,772201001,Адресный СКЛАД РЦ (WMS),ЭКС-000007599   ,,,0.00000,0.00000,a.savitskiy,Пакет интерфейса поставки:9f507d71-a12e-41e5-b077-39e036b72915,2026-03-24 15:05:30,,,321294,ILSSRV,2026-03-24 14:21:54
320780,New,End,,ЭКС,2026-03-24 14:37:23,,,,2026-03-24 15:05:29,2026-03-24 14:37:23,ЭКС-000005885   ,,,N,,100,O00000008672    ,,2026-03-25 00:00:00,EKS000005885,СП,Закупка,,,,,,,,,,,,,,,,"109316, г. Москва, г. Москва, пр-кт."," Волгоградский, д. 35, оф. 510/5",,Гилета О.В.,,,,,,Промрукав ООО,,,,2026-03-24 14:37:23,1,1,1000.00000,4460000.00000,12992.00000,2.00000,,WH1,7722467171,772201001,Адресный СКЛАД РЦ (WMS),ЭКС-000007597   ,,,0.00000,0.00000,a.savitskiy,Пакет интерфейса поставки:ec0db5bd-4baa-41c8-8950-d601f8fdd7a8,2026-03-24 15:07:10,,КГ,321277,ILSSRV,2026-03-24 14:19:54
320781,New,End,,ЭКС,2026-03-24 15:06:48,,,,2026-03-24 15:08:41,2026-03-24 15:06:48,ЭКС-000005913   ,,,N,,100,O00000008711    ,,2026-03-24 00:00:00,EKS000005913,СП,Закупка,,,,,,,,,,,,,,,,"630007, Новосибирская область, г. Новосибирск,"," ул. Фабричная, д. 11, оф. 2",,Колупаев В.Г.,,,,,,СНАБСИБЭЛЕКТРО  ООО (новый),,,,2026-03-24 15:06:48,1,1,4.00000,24135.36000,28800.00000,4.00000,,WH1,7714790036,540701001,Адресный СКЛАД РЦ (WMS),ЭКС-000007626   ,,,0.00000,0.00000,a.manokhin,Пакет интерфейса поставки:1a946c9d-c901-4010-94af-04cbddb3fa72,2026-03-24 15:09:19,,КГ,321306,ILSSRV,2026-03-24 14:37:58
320782,New,Processed,,ЭКС,2026-03-24 15:08:25,,,,2026-03-24 15:08:54,2026-03-24 15:08:25,,,,Y,,0,,,2026-03-24 00:00:00,TR-24/03/2026-05,ТР,транзит,,,рц,,,,,,,,,ИЭК Красноярск,,,,,,,,,,,,рц,ИЭК Красноярск,,,,2026-03-24 15:08:25,1,1,1.00000,0.00000,1.00000,1.00000,,WH1,,,,,,,0.00000,0.00000,r.sagaidak,Пакет интерфейса поставки:1a946c9d-c901-4010-94af-04cbddb3fa72,2026-03-24 15:08:54,,,321309,r.sagaidak,2026-03-24 14:58:00
320783,New,Processed,,ЭКС,2026-03-24 15:08:21,,,,2026-03-24 15:08:59,2026-03-24 15:08:21,,,,Y,,0,,,2026-03-24 00:00:00,TR-24/03/2026-06,ТР,транзит,,,рц,,,,,,,,,ИЭК Барнаул,,,,,,,,,,,,рц,ИЭК Барнаул,,,,2026-03-24 15:08:21,1,1,1.00000,0.00000,1.00000,1.00000,,WH1,,,,,,,0.00000,0.00000,r.sagaidak,Пакет интерфейса поставки:0fb5f643-e585-44c9-beb6-b22bbf1b52bd,2026-03-24 15:10:54,,,321310,r.sagaidak,2026-03-24 14:59:27
320784,New,End,,ЭКС,2026-03-24 15:02:04,,,,2026-03-24 15:11:59,2026-03-24 15:02:04,ЭКС-000005915   ,,,N,,100,O00000008650    ,,2026-03-24 00:00:00,EKS000005915,СП,Закупка,,,,,,,,,,,,,,,,"191144, г. Санкт-Петербург, ул. Советская, д. 44,", оф. литера Б. помещ.6-Н,,Дунав М.И.,,,,,,ТД Электротехмонтаж АО,,,,2026-03-24 15:02:04,1,1,400.00000,26360000.00000,40000.00000,80.00000,ИП ГАДЕЛЬШИН АРТУР АЙДАРО,WH1,7842224734,784201001,Адресный СКЛАД РЦ (WMS),ЭКС-000007569   ,,,0.00000,0.00000,n.bezrukov,Пакет интерфейса поставки:a59bdb1c-ed07-4eaa-af3d-192cd558b892,2026-03-24 15:13:30,,КГ,321308,ILSSRV,2026-03-24 14:49:54
320785,New,End,,ЭКС,2026-03-24 15:00:26,,,,2026-03-24 15:24:43,2026-03-24 15:00:26,ЭКС-000005886   ,,,N,,100,O00000008674    ,,2026-03-25 00:00:00,EKS000005886,СП,Закупка,,,,,,,,,,,,,,,,"109316, г. Москва, г. Москва, пр-кт."," Волгоградский, д. 35, оф. 510/5",,Гилета О.В.,,,,,,Промрукав ООО,,,,2026-03-24 15:00:26,1,1,700.00000,509600.00000,4105.50000,0.63000,,WH1,7722467171,772201001,Адресный СКЛАД РЦ (WMS),ЭКС-000007601   ,,,0.00000,0.00000,a.savitskiy,Пакет интерфейса поставки:d34020cc-7195-4979-800a-756d8e54cfe8,2026-03-24 15:25:20,,,321278,ILSSRV,2026-03-24 14:19:54
320786,New,End,,ЭКС,2026-03-24 14:55:51,,,,2026-03-24 15:24:27,2026-03-24 14:56:46,ЭКС-000005900   ,,,N,,100,O00000008662    ,,2026-03-25 00:00:00,EKS000005900,СП,Кросс-докинг,,,,,,,,,,,,,,,,"109316, г. Москва, г. Москва, пр-кт."," Волгоградский, д. 35, оф. 510/5",,Гилета О.В.,,,,,,Промрукав ООО,,,,2026-03-24 14:55:51,2,2,120.00000,166728.00000,144.80000,0.28000,Промрукав ООО,WH1,7722467171,772201001,Адресный СКЛАД РЦ (WMS),ЭКС-000007602   ,,,0.00000,0.00000,a.savitskiy,Пакет интерфейса поставки:d34020cc-7195-4979-800a-756d8e54cfe8,2026-03-24 15:25:28,,,321292,ILSSRV,2026-03-24 14:21:53
320787,New,End,,ЭКС,2026-03-24 15:10:24,,,,2026-03-24 15:27:45,2026-03-24 15:10:24,О00-000001513   ,,,N,,100,O00000008712    ,,2026-03-24 00:00:00,O00000001513,СП,Закупка,,,,,,,,,,,,,,,,"630108,РФ,г.Новосибирск, ул. Пархоменко, 7",,,Косолапова Л.В.,,,,,,Приборы Охраны ООО,,,,2026-03-24 15:10:24,1,1,1.00000,715.00000,200.00000,0.11000,,WH1,5404353096,540401001,Адресный СКЛАД РЦ (WMS),О00-000000142   ,,,0.00000,0.00000,a.savitskiy,Пакет интерфейса поставки:6f7627fe-496e-45e5-985e-267389e41149,2026-03-24 15:29:04,,КГ,321300,ILSSRV,2026-03-24 14:30:55
320788,New,End,,ЭКС,2026-03-24 15:13:19,,,,2026-03-24 15:27:54,2026-03-24 15:13:19,ЭКС-000005908   ,,,N,,100,O00000008701    ,,2026-03-24 00:00:00,EKS000005908,СП,Закупка,,,,,,,,,,,,,,,,"630007, Новосибирская область, г. Новосибирск,"," ул. Фабричная, д. 11, оф. 2",,Лихушина Н.И.,,,,,,СНАБСИБЭЛЕКТРО  ООО (новый),,,,2026-03-24 15:13:19,1,1,45.00000,328556.25000,6480.00000,13.83075,,WH1,7714790036,540701001,Адресный СКЛАД РЦ (WMS),ЭКС-000007628   ,,,0.00000,0.00000,a.manokhin,Пакет интерфейса поставки:6f7627fe-496e-45e5-985e-267389e41149,2026-03-24 15:29:12,,КГ,321301,ILSSRV,2026-03-24 14:37:52
320789,New,End,,ЭКС,2026-03-24 14:20:14,,,,2026-03-24 15:35:04,2026-03-24 14:20:15,ЭКС-000005879   ,,,N,,100,O00000008653    ,,2026-03-24 00:00:00,EKS000005879,СП,Закупка,,,,,,,,,,,,,,,,"630088, г. Новосибирск, ул. Петухова, 69, офис 1",,,Новоселов А.В.,,,,,,НЭМЗ ИНЖИНИРИНГ ООО,,,,2026-03-24 14:20:14,1,1,20.00000,574428.00000,13680.00000,28.80000,,WH1,5403054262,540301001,Адресный СКЛАД РЦ (WMS),ЭКС-000007574   ,,,0.00000,0.00000,a.manokhin,Пакет интерфейса поставки:f13aa01e-792c-447f-be0a-6184372d7b45,2026-03-24 15:37:34,,,321271,ILSSRV,2026-03-24 13:59:48
320790,New,End,,ЭКС,2026-03-24 15:08:57,,,,2026-03-24 15:35:47,2026-03-24 15:08:57,ЭКС-000005903   ,,,N,,100,O00000008669    ,,2026-03-25 00:00:00,EKS000005903,СП,Кросс-докинг,,,,,,,,,,,,,,,,"109316, г. Москва, г. Москва, пр-кт."," Волгоградский, д. 35, оф. 510/5",,Гилета О.В.,,,,,,Промрукав ООО,,,,2026-03-24 15:08:57,1,1,60.00000,76680.00000,4416.00000,0.90000,Промрукав ООО,WH1,7722467171,772201001,Адресный СКЛАД РЦ (WMS),ЭКС-000007615   ,,,0.00000,0.00000,a.savitskiy,Пакет интерфейса поставки:f13aa01e-792c-447f-be0a-6184372d7b45,2026-03-24 15:37:43,,,321295,ILSSRV,2026-03-24 14:21:54
320791,New,End,,ЭКС,2026-03-24 14:31:58,,,,2026-03-24 15:37:51,2026-03-24 15:09:54,ЭКС-000005883   ,,,N,,100,O00000008667    ,,2026-03-25 00:00:00,EKS000005883,СП,Закупка,,,,,,,,,,,,,,,,"109316, г. Москва, г. Москва, пр-кт."," Волгоградский, д. 35, оф. 510/5",,Гилета О.В.,,,,,,Промрукав ООО,,,,2026-03-24 14:31:58,2,2,190.00000,131301.00000,16628.00000,2.70000,,WH1,7722467171,772201001,Адресный СКЛАД РЦ (WMS),ЭКС-000007595   ,,,0.00000,0.00000,a.savitskiy,Пакет интерфейса поставки:7e4ebeec-8ab2-4bfd-96e2-356aab5b84f7,2026-03-24 15:39:24,,КГ,321275,ILSSRV,2026-03-24 14:19:53
320792,New,End,,ЭКС,2026-03-24 14:32:21,,,,2026-03-24 15:37:16,2026-03-24 14:32:22,ЭКС-000005891   ,,,N,,100,O00000008686    ,,2026-03-25 00:00:00,EKS000005891,СП,Закупка,,,,,,,,,,,,,,,,"109316, г. Москва, г. Москва, пр-кт."," Волгоградский, д. 35, оф. 510/5",,Гилета О.В.,,,,,,Промрукав ООО,,,,2026-03-24 14:32:21,1,1,150.00000,103725.00000,9900.00000,7.00000,,WH1,7722467171,772201001,Адресный СКЛАД РЦ (WMS),ЭКС-000007609   ,,,0.00000,0.00000,a.savitskiy,Пакет интерфейса поставки:7e4ebeec-8ab2-4bfd-96e2-356aab5b84f7,2026-03-24 15:39:32,,КГ,321283,ILSSRV,2026-03-24 14:20:57
320793,New,End,,ЭКС,2026-03-24 14:47:08,,,,2026-03-24 15:38:31,2026-03-24 15:11:10,ЭКС-000005901   ,,,N,,100,O00000008661    ,,2026-03-25 00:00:00,EKS000005901,СП,Кросс-докинг,,,,,,,,,,,,,,,,"109316, г. Москва, г. Москва, пр-кт."," Волгоградский, д. 35, оф. 510/5",,Гилета О.В.,,,,,,Промрукав ООО,,,,2026-03-24 14:47:08,4,4,49.00000,37538.50000,30488.00000,7.43000,Промрукав ООО,WH1,7722467171,772201001,Адресный СКЛАД РЦ (WMS),ЭКС-000007600   ,,,0.00000,0.00000,a.savitskiy,Пакет интерфейса поставки:7e4ebeec-8ab2-4bfd-96e2-356aab5b84f7,2026-03-24 15:39:41,,КГ,321293,ILSSRV,2026-03-24 14:21:54
320794,New,End,,ЭКС,2026-03-24 15:17:47,,,,2026-03-24 15:38:11,2026-03-24 15:17:48,ЭКС-000005921   ,,,N,,100,O00000008700    ,,2026-03-24 00:00:00,EKS000005921,СП,Закупка,,,,,,,,,,,,,,,,"109451, г. Москва, г. Москва, ул. Братиславская,"," д. 16к1, оф. 3",,Петров И.В.,,,,,,ВсеИнструменты.ру,,,,2026-03-24 15:17:47,1,1,1.00000,263.11000,45.00000,0.02000,,WH1,7722753969,772301001,Адресный СКЛАД РЦ (WMS),ЭКС-000007622   ,,,0.00000,0.00000,n.bezrukov,Пакет интерфейса поставки:7e4ebeec-8ab2-4bfd-96e2-356aab5b84f7,2026-03-24 15:39:52,,,321316,ILSSRV,2026-03-24 15:02:57
320795,New,End,,ЭКС,2026-03-24 15:19:14,,,,2026-03-24 15:37:41,2026-03-24 15:19:14,ЭКС-000005923   ,,,N,,100,O00000007709    ,,2026-03-24 00:00:00,EKS000005923,СП,Закупка,,,,,,,,,,,,,,,,"109451, г. Москва, г. Москва, ул. Братиславская,"," д. 16к1, оф. 3",,Любаева С.В.,,,,,,ВсеИнструменты.ру,,,,2026-03-24 15:19:14,1,1,2.00000,2996.72000,384.00000,0.36000,,WH1,7722753969,772301001,Адресный СКЛАД РЦ (WMS),ЭКС-000006695   ,,,0.00000,0.00000,n.bezrukov,Пакет интерфейса поставки:7e4ebeec-8ab2-4bfd-96e2-356aab5b84f7,2026-03-24 15:40:04,,,321318,ILSSRV,2026-03-24 15:03:57
320796,New,End,,ЭКС,2026-03-24 14:36:27,,,,2026-03-24 15:40:55,2026-03-24 14:37:33,ЭКС-000005905   ,,,N,,100,O00000008695    ,,2026-03-24 00:00:00,EKS000005905,СП,Закупка,,,,,,,,,,,,,,,,"191144, г. Санкт-Петербург, ул. Советская, д. 44,", оф. литера Б. помещ.6-Н,,Колупаев В.Г.,,,,,,ТД Электротехмонтаж АО,,,,2026-03-24 14:36:27,2,2,15.00000,148008.42000,15204.00000,3.42000,,WH1,7842224734,784201001,Адресный СКЛАД РЦ (WMS),ЭКС-000007617   ,,,0.00000,0.00000,n.bezrukov,Пакет интерфейса поставки:d223f59f-af5e-43fb-b06b-e7ee8dc87a7f,2026-03-24 15:41:16,,КГ,321297,ILSSRV,2026-03-24 14:26:54
320797,New,End,,ЭКС,2026-03-24 15:12:21,,,,2026-03-24 15:39:40,2026-03-24 15:12:47,ЭКС-000005924   ,,,N,,100,O00000006836    ,,2026-03-23 00:00:00,EKS000005924,СП,Закупка,,,,,,,,,,,,,,,,"109451, г. Москва, г. Москва, ул. Братиславская,"," д. 16к1, оф. 3",,Любаева С.В.,,,,,,ВсеИнструменты.ру,,,,2026-03-24 15:12:21,2,2,10.00000,16209.00000,150.00000,0.07500,,WH1,7722753969,772301001,Адресный СКЛАД РЦ (WMS),ЭКС-000005919   ,,,0.00000,0.00000,n.bezrukov,Пакет интерфейса поставки:d223f59f-af5e-43fb-b06b-e7ee8dc87a7f,2026-03-24 15:41:31,,,321319,ILSSRV,2026-03-24 15:03:57
320798,New,End,,ЭКС,2026-03-24 14:01:47,10236428951,,,2026-03-24 15:42:25,2026-03-24 14:32:22,ЭКС-000005881   ,,,N,,100,O00000006697    ,,2026-03-12 00:00:00,EKS000005881,СП,Закупка,,,,,,,,,,,,,,,,"141008, Россия, Московская обл, Мытищинский р-н,"," Мытищи г, Проектируемый проезд 5274, стр.7",,Козлова М.А.,,,,,,Группа Теплолюкс ООО,,,,2026-03-24 14:01:47,2,2,6.00000,82524.68000,5837.50000,3.38000,СДЭК-ГЛОБАЛ ООО ,WH1,5029052258,540145001,Адресный СКЛАД РЦ (WMS),ЭКС-000005769   ,,,0.00000,0.00000,r.sagaidak,Пакет интерфейса поставки:3339db82-6fd3-4709-af79-36b0f8f2559f,2026-03-24 15:43:12,,КГ,321273,ILSSRV,2026-03-24 14:00:49
320799,New,End,,ЭКС,2026-03-24 15:14:19,,,,2026-03-24 15:41:43,2026-03-24 15:14:19,ЭКС-000005904   ,,,N,,100,O00000008659    ,,2026-03-25 00:00:00,EKS000005904,СП,Кросс-докинг,,,,,,,,,,,,,,,,"109316, г. Москва, г. Москва, пр-кт."," Волгоградский, д. 35, оф. 510/5",,Гилета О.В.,,,,,,Промрукав ООО,,,,2026-03-24 15:14:19,1,1,80.00000,728064.00000,7360.00000,13.96000,Промрукав ООО,WH1,7722467171,772201001,Адресный СКЛАД РЦ (WMS),ЭКС-000007598   ,,,0.00000,0.00000,a.savitskiy,Пакет интерфейса поставки:3339db82-6fd3-4709-af79-36b0f8f2559f,2026-03-24 15:43:22,,,321296,ILSSRV,2026-03-24 14:21:55
320800,New,End,,ЭКС,2026-03-24 15:16:40,,,,2026-03-24 15:41:50,2026-03-24 15:16:40,ЭКС-000005922   ,,,N,,100,O00000007750    ,,2026-03-24 00:00:00,EKS000005922,СП,Закупка,,,,,,,,,,,,,,,,"109451, г. Москва, г. Москва, ул. Братиславская,"," д. 16к1, оф. 3",,Любаева С.В.,,,,,,ВсеИнструменты.ру,,,,2026-03-24 15:16:40,1,1,1.00000,676.23000,616.00000,0.44000,,WH1,7722753969,772301001,Адресный СКЛАД РЦ (WMS),ЭКС-000006760   ,,,0.00000,0.00000,n.bezrukov,Пакет интерфейса поставки:3339db82-6fd3-4709-af79-36b0f8f2559f,2026-03-24 15:43:34,,,321317,ILSSRV,2026-03-24 15:03:57
320801,New,End,,ЭКС,2026-03-24 15:08:04,,,,2026-03-24 15:43:59,2026-03-24 15:08:04,ЭКС-000005925   ,,,N,,100,O00000007070    ,,2026-03-23 00:00:00,EKS000005925,СП,Закупка,,,,,,,,,,,,,,,,"109451, г. Москва, г. Москва, ул. Братиславская,"," д. 16к1, оф. 3",,Любаева С.В.,,,,,,ВсеИнструменты.ру,,,,2026-03-24 15:08:04,1,1,9.00000,123159.69000,82620.00000,4.86000,,WH1,7722753969,772301001,Адресный СКЛАД РЦ (WMS),ЭКС-000006158   ,,,0.00000,0.00000,n.bezrukov,Пакет интерфейса поставки:e63f8cd7-3f10-458a-9667-684303b6da38,2026-03-24 15:45:14,,КГ,321320,ILSSRV,2026-03-24 15:03:58
320802,New,End,,ЭКС,2026-03-24 14:36:42,,,,2026-03-24 15:46:51,2026-03-24 14:36:42,ЭКС-000005907   ,,,N,,100,O00000008705    ,,2026-03-24 00:00:00,EKS000005907,СП,Закупка,,,,,,,,,,,,,,,,"191144, г. Санкт-Петербург, ул. Советская, д. 44,", оф. литера Б. помещ.6-Н,,Петров И.В.,,,,,,ТД Электротехмонтаж АО,,,,2026-03-24 14:36:42,1,1,2.00000,10271.48000,47232.00000,4.66000,,WH1,7842224734,784201001,Адресный СКЛАД РЦ (WMS),ЭКС-000007618   ,,,0.00000,0.00000,n.bezrukov,Пакет интерфейса поставки:6925803b-abfb-475d-8f6a-cc5c6a759d28,2026-03-24 15:47:24,,КГ,321299,ILSSRV,2026-03-24 14:27:54
320803,New,End,,ЭКС,2026-03-24 15:06:20,,,,2026-03-24 15:46:09,2026-03-24 15:06:21,ЭКС-000005910   ,,,N,,100,O00000008704    ,,2026-03-24 00:00:00,EKS000005910,СП,Закупка,,,,,,,,,,,,,,,,"630007, Новосибирская область, г. Новосибирск,"," ул. Фабричная, д. 11, оф. 2",,Княжева Ю.В.,,,,,,СНАБСИБЭЛЕКТРО  ООО (новый),,,,2026-03-24 15:06:20,1,1,576.00000,3500236.80000,144000.00000,4.00000,,WH1,7714790036,540701001,Адресный СКЛАД РЦ (WMS),ЭКС-000007624   ,,,0.00000,0.00000,a.manokhin,Пакет интерфейса поставки:6925803b-abfb-475d-8f6a-cc5c6a759d28,2026-03-24 15:47:35,,КГ,321303,ILSSRV,2026-03-24 14:37:53
320804,New,End,,ЭКС,2026-03-24 14:44:26,,,,2026-03-24 15:50:51,2026-03-24 14:44:26,ЭКС-000005906   ,,,N,,100,O00000008696    ,,2026-03-24 00:00:00,EKS000005906,СП,Закупка,,,,,,,,,,,,,,,,"191144, г. Санкт-Петербург, ул. Советская, д. 44,", оф. литера Б. помещ.6-Н,,Дунав М.И.,,,,,,ТД Электротехмонтаж АО,,,,2026-03-24 14:44:26,1,1,45.00000,4664142.00000,810000.00000,114.84000,,WH1,7842224734,784201001,Адресный СКЛАД РЦ (WMS),ЭКС-000007620   ,,,0.00000,0.00000,n.bezrukov,Пакет интерфейса поставки:908d22e9-e2de-46e0-9ca0-70d37a6a5b36,2026-03-24 15:51:15,,КГ,321298,ILSSRV,2026-03-24 14:27:54
320805,New,End,,ЭКС,2026-03-24 14:59:44,,,,2026-03-24 15:50:07,2026-03-24 15:24:09,ЭКС-000005911   ,,,N,,100,O00000008708    ,,2026-03-24 00:00:00,EKS000005911,СП,Закупка,,,,,,,,,,,,,,,,"630007, Новосибирская область, г. Новосибирск,"," ул. Фабричная, д. 11, оф. 2",,Лихушина Н.И.,,,,,,СНАБСИБЭЛЕКТРО  ООО (новый),,,,2026-03-24 14:59:44,4,4,1281.00000,144983090.69000,934253.36000,727.60745,,WH1,7714790036,540701001,Адресный СКЛАД РЦ (WMS),ЭКС-000007629   ,,,0.00000,0.00000,a.manokhin,Пакет интерфейса поставки:908d22e9-e2de-46e0-9ca0-70d37a6a5b36,2026-03-24 15:51:25,,КГ,321304,ILSSRV,2026-03-24 14:37:53
320806,New,End,,ЭКС,2026-03-24 15:15:15,,,,2026-03-24 15:52:27,2026-03-24 15:15:16,ЭКС-000005919   ,,,N,,100,O00000008717    ,,2026-03-24 00:00:00,EKS000005919,СП,Закупка,,,,,,,,,,,,,,,,"109451, г. Москва, г. Москва, ул. Братиславская,"," д. 16к1, оф. 3",,Лангеман Э.Г.,,,,,,ВсеИнструменты.ру,,,,2026-03-24 15:15:15,1,1,5.00000,394713.00000,9100.00000,2.80000,,WH1,7722753969,772301001,Адресный СКЛАД РЦ (WMS),ЭКС-000007635   ,,,0.00000,0.00000,n.bezrukov,Пакет интерфейса поставки:966a9160-4d4e-405a-9541-d9126cc83019,2026-03-24 15:53:37,,,321314,ILSSRV,2026-03-24 15:02:57
320807,New,End,,ЭКС,2026-03-24 13:58:49,,,,2026-03-24 15:53:56,2026-03-24 14:22:03,ЭКС-000005868   ,,,N,,100,O00000008644    ,,2026-03-24 00:00:00,EKS000005868,СП,Закупка,,,,,,,,,,,,,,,,"142100, Московская область, г Подольск, пр-кт"," Ленина, д. 107/49, офис 457",,Шаповалов П.Г.,,,,,,ИЭК ХОЛДИНГ АО,,,,2026-03-24 13:58:49,14,13,2202.00000,42788406.44000,2076516.75000,576.23800,,WH1,5074092485,507401001,Адресный СКЛАД РЦ (WMS),ЭКС-000007561   ,,,0.00000,0.00000,n.bezrukov,Пакет интерфейса поставки:1e9fb611-fad4-4e24-9261-b93696e2e047,2026-03-24 15:55:20,,КГ,321260,ILSSRV,2026-03-24 13:24:06
320808,New,End,,ЭКС,2026-03-24 15:12:07,,,,2026-03-24 15:54:50,2026-03-24 15:16:41,ЭКС-000005914   ,,,N,,100,O00000008715    ,,2026-03-24 00:00:00,EKS000005914,СП,Закупка,,,,,,,,,,,,,,,,"630007, Новосибирская область, г. Новосибирск,"," ул. Фабричная, д. 11, оф. 2",,Шаповалов П.Г.,,,,,,СНАБСИБЭЛЕКТРО  ООО (новый),,,,2026-03-24 15:12:07,3,3,17.00000,10187.64000,1633.00000,0.91000,,WH1,7714790036,540701001,Адресный СКЛАД РЦ (WMS),ЭКС-000007627   ,,,0.00000,0.00000,a.manokhin,Пакет интерфейса поставки:1e9fb611-fad4-4e24-9261-b93696e2e047,2026-03-24 15:55:38,,КГ,321307,ILSSRV,2026-03-24 14:37:58
320809,New,End,,ЭКС,2026-03-24 15:24:32,,,,2026-03-24 15:54:57,2026-03-24 15:24:33,ЭКС-000005916   ,,,N,,100,O00000008720    ,,2026-03-24 00:00:00,EKS000005916,СП,Закупка,,,,,,,,,,,,,,,,"109451, г. Москва, г. Москва, ул. Братиславская,"," д. 16к1, оф. 3",,Лангеман Э.Г.,,,,,,ВсеИнструменты.ру,,,,2026-03-24 15:24:32,1,1,2.00000,11403.28000,1320.00000,0.44000,,WH1,7722753969,772301001,Адресный СКЛАД РЦ (WMS),ЭКС-000007637   ,,,0.00000,0.00000,n.bezrukov,Пакет интерфейса поставки:1e9fb611-fad4-4e24-9261-b93696e2e047,2026-03-24 15:55:50,,,321311,ILSSRV,2026-03-24 15:02:56
320810,New,End,,ЭКС,2026-03-24 15:18:04,,,,2026-03-24 15:55:28,2026-03-24 15:19:32,ЭКС-000005909   ,,,N,,100,O00000008702    ,,2026-03-24 00:00:00,EKS000005909,СП,Закупка,,,,,,,,,,,,,,,,"630007, Новосибирская область, г. Новосибирск,"," ул. Фабричная, д. 11, оф. 2",,Третьяков С.М.,,,,,,СНАБСИБЭЛЕКТРО  ООО (новый),,,,2026-03-24 15:18:04,2,2,5.00000,15039.66000,544.00000,0.54000,,WH1,7714790036,540701001,Адресный СКЛАД РЦ (WMS),ЭКС-000007623   ,,,0.00000,0.00000,a.manokhin,Пакет интерфейса поставки:d537b43f-7c01-49dd-ae60-9617fcd6ffe3,2026-03-24 15:57:30,,,321302,ILSSRV,2026-03-24 14:37:52
320811,New,End,,ЭКС,2026-03-24 14:48:22,,,,2026-03-24 15:56:45,2026-03-24 15:20:18,ЭКС-000005912   ,,,N,,100,O00000008710    ,,2026-03-24 00:00:00,EKS000005912,СП,Закупка,,,,,,,,,,,,,,,,"630007, Новосибирская область, г. Новосибирск,"," ул. Фабричная, д. 11, оф. 2",,Княжева Ю.В.,,,,,,СНАБСИБЭЛЕКТРО  ООО (новый),,,,2026-03-24 14:48:22,19,13,13472.00000,622297041.38000,3267852.50000,281.16100,,WH1,7714790036,540701001,Адресный СКЛАД РЦ (WMS),ЭКС-000007625   ,,,0.00000,0.00000,a.manokhin,Пакет интерфейса поставки:d537b43f-7c01-49dd-ae60-9617fcd6ffe3,2026-03-24 15:57:42,,КГ,321305,ILSSRV,2026-03-24 14:37:57
320812,New,End,,ЭКС,2026-03-24 15:19:54,,,,2026-03-24 15:55:36,2026-03-24 15:21:36,ЭКС-000005918   ,,,N,,100,O00000008718    ,,2026-03-24 00:00:00,EKS000005918,СП,Закупка,,,,,,,,,,,,,,,,"109451, г. Москва, г. Москва, ул. Братиславская,"," д. 16к1, оф. 3",,Петров И.В.,,,,,,ВсеИнструменты.ру,,,,2026-03-24 15:19:54,2,2,11.00000,28531.95000,5058.37500,2.37000,,WH1,7722753969,772301001,Адресный СКЛАД РЦ (WMS),ЭКС-000007634   ,,,0.00000,0.00000,n.bezrukov,Пакет интерфейса поставки:d537b43f-7c01-49dd-ae60-9617fcd6ffe3,2026-03-24 15:57:50,,КГ,321313,ILSSRV,2026-03-24 15:02:57
320813,New,End,,ЭКС,2026-03-24 15:25:36,,,,2026-03-24 15:57:43,2026-03-24 15:25:37,ЭКС-000005917   ,,,N,,100,O00000008719    ,,2026-03-24 00:00:00,EKS000005917,СП,Закупка,,,,,,,,,,,,,,,,"109451, г. Москва, г. Москва, ул. Братиславская,"," д. 16к1, оф. 3",,Лангеман Э.Г.,,,,,,ВсеИнструменты.ру,,,,2026-03-24 15:25:36,1,1,20.00000,100000.00000,5265.00000,2.20000,,WH1,7722753969,772301001,Адресный СКЛАД РЦ (WMS),ЭКС-000007636   ,,,0.00000,0.00000,n.bezrukov,Пакет интерфейса поставки:685ad7bb-92d1-4ab5-8795-ed52b5801758,2026-03-24 15:59:29,,КГ,321312,ILSSRV,2026-03-24 15:02:56
320814,New,End,,ЭКС,2026-03-24 15:25:00,,,,2026-03-24 15:57:36,2026-03-24 15:25:00,ЭКС-000005920   ,,,N,,100,O00000008716    ,,2026-03-24 00:00:00,EKS000005920,СП,Закупка,,,,,,,,,,,,,,,,"109451, г. Москва, г. Москва, ул. Братиславская,"," д. 16к1, оф. 3",,Петров И.В.,,,,,,ВсеИнструменты.ру,,,,2026-03-24 15:25:00,1,1,10.00000,20000.00000,6000.00000,3.00000,,WH1,7722753969,772301001,Адресный СКЛАД РЦ (WMS),ЭКС-000007632   ,,,0.00000,0.00000,n.bezrukov,Пакет интерфейса поставки:685ad7bb-92d1-4ab5-8795-ed52b5801758,2026-03-24 15:59:38,,КГ,321315,ILSSRV,2026-03-24 15:02:57
320815,New,End,,ЭКС,2026-03-24 14:33:23,,,,2026-03-24 16:26:41,2026-03-24 15:56:22,ЭКС-000005889   ,,,N,,100,O00000008682    ,,2026-03-25 00:00:00,EKS000005889,СП,Закупка,,,,,,,,,,,,,,,,"109316, г. Москва, г. Москва, пр-кт."," Волгоградский, д. 35, оф. 510/5",,Гилета О.В.,,,,,,Промрукав ООО,,,,2026-03-24 14:33:23,8,6,3026.00000,19717939.68000,172945.25000,48.34000,,WH1,7722467171,772201001,Адресный СКЛАД РЦ (WMS),ЭКС-000007607   ,,,0.00000,0.00000,a.savitskiy,Пакет интерфейса поставки:b4d48764-9257-4879-a0be-ccdb5bea050f,2026-03-24 16:27:38,,КГ,321281,ILSSRV,2026-03-24 14:20:55
320816,New,End,,ЭКС,2026-03-24 15:47:43,,,,2026-03-24 16:29:20,2026-03-24 15:47:43,ЭКС-000005894   ,,,N,,100,O00000008691    ,,2026-03-25 00:00:00,EKS000005894,СП,Закупка,,,,,,,,,,,,,,,,"109316, г. Москва, г. Москва, пр-кт."," Волгоградский, д. 35, оф. 510/5",,Гилета О.В.,,,,,,Промрукав ООО,,,,2026-03-24 15:47:43,1,1,200.00000,1250400.00000,55125.00000,4.44000,,WH1,7722467171,772201001,Адресный СКЛАД РЦ (WMS),ЭКС-000007612   ,,,0.00000,0.00000,a.savitskiy,Пакет интерфейса поставки:4c863b8c-dad1-452a-888f-c0375922731f,2026-03-24 16:31:27,,,321286,ILSSRV,2026-03-24 14:20:58
320817,New,End,,ЭКС,2026-03-24 14:39:34,,,,2026-03-24 16:32:18,2026-03-24 15:44:09,ЭКС-000005892   ,,,N,,100,O00000008688    ,,2026-03-25 00:00:00,EKS000005892,СП,Закупка,,,,,,,,,,,,,,,,"109316, г. Москва, г. Москва, пр-кт."," Волгоградский, д. 35, оф. 510/5",,Гилета О.В.,,,,,,Промрукав ООО,,,,2026-03-24 14:39:34,5,3,1722.00000,97764829.20000,1680896.00000,211.00000,,WH1,7722467171,772201001,Адресный СКЛАД РЦ (WMS),ЭКС-000007610   ,,,0.00000,0.00000,a.savitskiy,Пакет интерфейса поставки:ef5ead89-83de-4cb4-876d-e4f8512eb01b,2026-03-24 16:33:37,,КГ,321284,ILSSRV,2026-03-24 14:20:57
320818,New,End,,ЭКС,2026-03-24 15:43:40,,,,2026-03-24 16:33:25,2026-03-24 15:43:40,ЭКС-000005897   ,,,N,,100,O00000008668    ,,2026-03-25 00:00:00,EKS000005897,СП,Кросс-докинг,,,,,,,,,,,,,,,,"109316, г. Москва, г. Москва, пр-кт."," Волгоградский, д. 35, оф. 510/5",,Гилета О.В.,,,,,,Промрукав ООО,,,,2026-03-24 15:43:40,1,1,105.00000,395907.75000,43616.00000,9.00000,Промрукав ООО,WH1,7722467171,772201001,Адресный СКЛАД РЦ (WMS),ЭКС-000007613   ,,,0.00000,0.00000,a.savitskiy,Пакет интерфейса поставки:0b69a33a-cef9-4aa4-8000-d5d50d39e2c8,2026-03-24 16:35:33,,КГ,321289,ILSSRV,2026-03-24 14:21:00
320819,New,End,,ЭКС,2026-03-24 15:17:12,,,,2026-03-24 16:33:04,2026-03-24 15:32:48,ЭКС-000005899   ,,,N,,100,O00000008663    ,,2026-03-25 00:00:00,EKS000005899,СП,Кросс-докинг,,,,,,,,,,,,,,,,"109316, г. Москва, г. Москва, пр-кт."," Волгоградский, д. 35, оф. 510/5",,Гилета О.В.,,,,,,Промрукав ООО,,,,2026-03-24 15:17:12,2,1,280.00000,912576.00000,105000.00000,2.80000,Промрукав ООО,WH1,7722467171,772201001,Адресный СКЛАД РЦ (WMS),ЭКС-000007604   ,,,0.00000,0.00000,a.savitskiy,Пакет интерфейса поставки:0b69a33a-cef9-4aa4-8000-d5d50d39e2c8,2026-03-24 16:35:41,,КГ,321291,ILSSRV,2026-03-24 14:21:02
320820,New,End,,ЭКС,2026-03-24 15:24:25,,,,2026-03-24 16:36:22,2026-03-24 15:55:23,ЭКС-000005882   ,,,N,,100,O00000008665    ,,2026-03-25 00:00:00,EKS000005882,СП,Закупка,,,,,,,,,,,,,,,,"109316, г. Москва, г. Москва, пр-кт."," Волгоградский, д. 35, оф. 510/5",,Гилета О.В.,,,,,,Промрукав ООО,,,,2026-03-24 15:24:25,2,1,1800.00000,12571200.00000,49440.00000,9.00000,,WH1,7722467171,772201001,Адресный СКЛАД РЦ (WMS),ЭКС-000007594   ,,,0.00000,0.00000,a.savitskiy,Пакет интерфейса поставки:edf5ab03-69fa-433f-afb8-9eb591d6182a,2026-03-24 16:37:26,,КГ,321274,ILSSRV,2026-03-24 14:19:53
320821,New,End,,ЭКС,2026-03-24 15:56:00,,,,2026-03-24 16:35:53,2026-03-24 16:05:45,ЭКС-000005893   ,,,N,,100,O00000008690    ,,2026-03-25 00:00:00,EKS000005893,СП,Закупка,,,,,,,,,,,,,,,,"109316, г. Москва, г. Москва, пр-кт."," Волгоградский, д. 35, оф. 510/5",,Гилета О.В.,,,,,,Промрукав ООО,,,,2026-03-24 15:56:00,2,2,200.00000,468700.00000,45675.00000,5.30000,,WH1,7722467171,772201001,Адресный СКЛАД РЦ (WMS),ЭКС-000007611   ,,,0.00000,0.00000,a.savitskiy,Пакет интерфейса поставки:edf5ab03-69fa-433f-afb8-9eb591d6182a,2026-03-24 16:37:35,,КГ,321285,ILSSRV,2026-03-24 14:20:58
320822,New,End,,ЭКС,2026-03-24 16:26:19,,,,2026-03-24 16:37:22,2026-03-24 16:26:19,ЭКС-000005934   ,,,N,,100,O00000007767    ,,2026-03-26 00:00:00,EKS000005934,СП,Кросс-докинг,,,,,,,,,,,,,,,,"127018, г. Москва, г. Москва, ул. Двинцев, д. 12,", оф. 15,,Куграшова О.В.,,,,,,СИСТЭМ ЭЛЕКТРИК АО (ранее Шнейдер Электрик АО до 2,,,,2026-03-24 16:26:19,1,1,80.00000,1627136.00000,3900.00000,2.76000,СИСТЭМ ЭЛЕКТРИК АО (ранее,WH1,7712092928,997150001,Адресный СКЛАД РЦ (WMS),ЭКС-000006775   ,,,0.00000,0.00000,a.savitskiy,Пакет интерфейса поставки:86d4b0e6-e5ea-4aca-99c8-55f4f2e0008c,2026-03-24 16:39:16,,,321329,ILSSRV,2026-03-24 16:20:01
320823,New,End,,ЭКС,2026-03-24 15:29:13,,,,2026-03-24 16:40:27,2026-03-24 15:29:13,ЭКС-000005933   ,,,N,,100,O00000008033    ,,2026-03-23 00:00:00,EKS000005933,СП,Закупка,,,,,,,,,,,,,,,,"109451, г. Москва, г. Москва, ул. Братиславская,"," д. 16к1, оф. 3",,Любаева С.В.,,,,,,ВсеИнструменты.ру,,,,2026-03-24 15:29:13,1,1,2.00000,6141.00000,18000.00000,2.00000,,WH1,7722753969,772301001,Адресный СКЛАД РЦ (WMS),ЭКС-000006996   ,,,0.00000,0.00000,n.bezrukov,Пакет интерфейса поставки:34255bf0-627b-4d1c-9677-43622dea8cf0,2026-03-24 16:41:26,,КГ,321328,ILSSRV,2026-03-24 15:28:56
320824,New,End,,ЭКС,2026-03-24 14:32:40,,,,2026-03-24 16:42:35,2026-03-24 16:06:57,ЭКС-000005896   ,,,N,,100,O00000008693    ,,2026-03-25 00:00:00,EKS000005896,СП,Закупка,,,,,,,,,,,,,,,,"109316, г. Москва, г. Москва, пр-кт."," Волгоградский, д. 35, оф. 510/5",,Гилета О.В.,,,,,,Промрукав ООО,,,,2026-03-24 14:32:40,4,4,580.00000,1116958.00000,264748.00000,19.90000,,WH1,7722467171,772201001,Адресный СКЛАД РЦ (WMS),ЭКС-000007616   ,,,0.00000,0.00000,a.savitskiy,Пакет интерфейса поставки:146dc78c-42ac-4cc7-a72a-4ade65766eac,2026-03-24 16:43:36,,КГ,321288,ILSSRV,2026-03-24 14:21:00
320825,New,End,,ЭКС,2026-03-24 16:04:45,,,,2026-03-24 16:46:33,2026-03-24 16:04:45,ЭКС-000005932   ,,,N,,100,O00000008727    ,,2026-03-24 00:00:00,EKS000005932,СП,Закупка,,,,,,,,,,,,,,,,"170017, Тверская область, г. Тверь, ул. Бочкина,", д. 15,,Гилета О.В.,,,,,,Диэлектрические кабельные системы АО (ДКС),,,,2026-03-24 16:04:45,1,1,10.00000,31203.00000,360.00000,0.90000,,WH1,6905062011,695001001,Адресный СКЛАД РЦ (WMS),ЭКС-000007643   ,,,0.00000,0.00000,n.bezrukov,Пакет интерфейса поставки:76f697eb-ebfb-435a-ae36-153fff0cc317,2026-03-24 16:47:17,,КГ,321327,ILSSRV,2026-03-24 15:28:05
320826,New,End,,ЭКС,2026-03-24 15:44:27,,,,2026-03-24 16:52:56,2026-03-24 16:14:15,ЭКС-000005930   ,,,N,,100,O00000008722    ,,2026-03-24 00:00:00,EKS000005930,СП,Закупка,,,,,,,,,,,,,,,,"170017, Тверская область, г. Тверь, ул. Бочкина,", д. 15,,Гилета О.В.,,,,,,Диэлектрические кабельные системы АО (ДКС),,,,2026-03-24 15:44:27,21,17,1451.00000,7861046.62000,441117.96000,84.07000,,WH1,6905062011,695001001,Адресный СКЛАД РЦ (WMS),ЭКС-000007640   ,,,0.00000,0.00000,n.bezrukov,Пакет интерфейса поставки:75b019f4-f708-4fd1-b970-ab47d34c379c,2026-03-24 16:53:30,,,321325,ILSSRV,2026-03-24 15:28:01
320827,New,End,,ЭКС,2026-03-24 14:52:08,,,,2026-03-24 16:59:40,2026-03-24 16:08:23,ЭКС-000005890   ,,,N,,100,O00000008684    ,,2026-03-25 00:00:00,EKS000005890,СП,Закупка,,,,,,,,,,,,,,,,"109316, г. Москва, г. Москва, пр-кт."," Волгоградский, д. 35, оф. 510/5",,Гилета О.В.,,,,,,Промрукав ООО,,,,2026-03-24 14:52:08,6,6,755.00000,2155934.50000,229200.00000,34.90000,,WH1,7722467171,772201001,Адресный СКЛАД РЦ (WMS),ЭКС-000007608   ,,,0.00000,0.00000,a.savitskiy,Пакет интерфейса поставки:3c5e3f58-fb3f-4ff8-af3d-e019d3a83e5b,2026-03-24 17:01:52,,КГ,321282,ILSSRV,2026-03-24 14:20:56
320828,New,End,,ЭКС,2026-03-24 14:25:28,,,,2026-03-24 17:01:14,2026-03-24 16:02:48,ЭКС-000005887   ,,,N,,100,O00000008677    ,,2026-03-25 00:00:00,EKS000005887,СП,Закупка,,,,,,,,,,,,,,,,"109316, г. Москва, г. Москва, пр-кт."," Волгоградский, д. 35, оф. 510/5",,Гилета О.В.,,,,,,Промрукав ООО,,,,2026-03-24 14:25:28,19,11,15120.00000,277255012.00000,1326607.50000,182.10000,,WH1,7722467171,772201001,Адресный СКЛАД РЦ (WMS),ЭКС-000007603   ,,,0.00000,0.00000,a.savitskiy,Пакет интерфейса поставки:c961a68f-2bc7-43e9-93ff-042517c68522,2026-03-24 17:03:33,,КГ,321279,ILSSRV,2026-03-24 14:19:57
320829,New,End,,ЭКС,2026-03-24 15:39:49,,,,2026-03-24 17:02:40,2026-03-24 16:37:16,ЭКС-000005926   ,,,N,,100,O00000008723    ,,2026-03-24 00:00:00,EKS000005926,СП,Закупка,,,,,,,,,,,,,,,,"170017, Тверская область, г. Тверь, ул. Бочкина,", д. 15,,Гилета О.В.,,,,,,Диэлектрические кабельные системы АО (ДКС),,,,2026-03-24 15:39:49,17,1,165.00000,153754004.25000,18807000.00000,2440.00000,,WH1,6905062011,695001001,Адресный СКЛАД РЦ (WMS),ЭКС-000007641   ,,,0.00000,0.00000,n.bezrukov,Пакет интерфейса поставки:c961a68f-2bc7-43e9-93ff-042517c68522,2026-03-24 17:03:41,,КГ,321321,ILSSRV,2026-03-24 15:26:56
320830,New,End,,ЭКС,2026-03-24 16:08:01,,,,2026-03-24 17:05:04,2026-03-24 16:08:01,ЭКС-000005895   ,,,N,,100,O00000008692    ,,2026-03-25 00:00:00,EKS000005895,СП,Закупка,,,,,,,,,,,,,,,,"109316, г. Москва, г. Москва, пр-кт."," Волгоградский, д. 35, оф. 510/5",,Гилета О.В.,,,,,,Промрукав ООО,,,,2026-03-24 16:08:01,1,1,450.00000,3215700.00000,360000.00000,18.00000,,WH1,7722467171,772201001,Адресный СКЛАД РЦ (WMS),ЭКС-000007614   ,,,0.00000,0.00000,a.savitskiy,Пакет интерфейса поставки:a27b9ebe-1c70-4b20-b35a-746f5270b5fc,2026-03-24 17:05:21,,КГ,321287,ILSSRV,2026-03-24 14:20:59
320831,New,End,,ЭКС,2026-03-24 16:07:44,,,,2026-03-24 17:03:47,2026-03-24 17:02:42,ЭКС-000005928   ,,,N,,100,O00000008729    ,,2026-03-24 00:00:00,EKS000005928,СП,Закупка,,,,,,,,,,,,,,,,"170017, Тверская область, г. Тверь, ул. Бочкина,", д. 15,,Гилета О.В.,,,,,,Диэлектрические кабельные системы АО (ДКС),,,,2026-03-24 16:07:44,5,5,355.00000,12379670.58000,228490.00000,37.98000,,WH1,6905062011,695001001,Адресный СКЛАД РЦ (WMS),ЭКС-000007645   ,,,0.00000,0.00000,n.bezrukov,Пакет интерфейса поставки:a27b9ebe-1c70-4b20-b35a-746f5270b5fc,2026-03-24 17:05:31,,КГ,321323,ILSSRV,2026-03-24 15:27:04
320832,New,End,,ЭКС,2026-03-24 15:37:55,,,,2026-03-24 17:08:09,2026-03-24 15:37:55,ЭКС-000005884   ,,,N,,100,O00000008670    ,,2026-03-25 00:00:00,EKS000005884,СП,Закупка,,,,,,,,,,,,,,,,"109316, г. Москва, г. Москва, пр-кт."," Волгоградский, д. 35, оф. 510/5",,Гилета О.В.,,,,,,Промрукав ООО,,,,2026-03-24 15:37:55,1,1,912.00000,48108072.96000,343602.00000,59.22000,,WH1,7722467171,772201001,Адресный СКЛАД РЦ (WMS),ЭКС-000007596   ,,,0.00000,0.00000,a.savitskiy,Пакет интерфейса поставки:85e98ea0-159a-4c98-9294-7e35e03002bc,2026-03-24 17:09:41,,,321276,ILSSRV,2026-03-24 14:19:53
320833,New,End,,ЭКС,2026-03-24 16:02:34,,,,2026-03-24 17:12:51,2026-03-24 16:57:41,ЭКС-000005927   ,,,N,,100,O00000008728    ,,2026-03-24 00:00:00,EKS000005927,СП,Закупка,,,,,,,,,,,,,,,,"170017, Тверская область, г. Тверь, ул. Бочкина,", д. 15,,Гилета О.В.,,,,,,Диэлектрические кабельные системы АО (ДКС),,,,2026-03-24 16:02:34,27,21,1133.00000,14037830.26000,1299485.60000,318.55000,,WH1,6905062011,695001001,Адресный СКЛАД РЦ (WMS),ЭКС-000007644   ,,,0.00000,0.00000,n.bezrukov,Пакет интерфейса поставки:3ad87a09-36d1-424f-9a4d-9422bdf42be9,2026-03-24 17:13:23,,КГ,321322,ILSSRV,2026-03-24 15:27:02
320834,New,End,,ЭКС,2026-03-24 15:47:52,,,,2026-03-24 17:13:17,2026-03-24 16:40:40,ЭКС-000005931   ,,,N,,100,O00000008725    ,,2026-03-24 00:00:00,EKS000005931,СП,Закупка,,,,,,,,,,,,,,,,"170017, Тверская область, г. Тверь, ул. Бочкина,", д. 15,,Гилета О.В.,,,,,,Диэлектрические кабельные системы АО (ДКС),,,,2026-03-24 15:47:52,32,16,6416.00000,375158564.87000,702824.00000,275.01000,,WH1,6905062011,695001001,Адресный СКЛАД РЦ (WMS),ЭКС-000007642   ,,,0.00000,0.00000,n.bezrukov,Пакет интерфейса поставки:337cdec1-1e7f-4cc3-ab68-ec40dab731f9,2026-03-24 17:15:34,,,321326,ILSSRV,2026-03-24 15:28:05
320835,New,End,,ЭКС,2026-03-24 15:41:16,,,,2026-03-24 17:21:48,2026-03-24 15:48:21,ЭКС-000005888   ,,,N,,100,O00000008679    ,,2026-03-25 00:00:00,EKS000005888,СП,Закупка,,,,,,,,,,,,,,,,"109316, г. Москва, г. Москва, пр-кт."," Волгоградский, д. 35, оф. 510/5",,Гилета О.В.,,,,,,Промрукав ООО,,,,2026-03-24 15:41:16,2,2,1728.00000,91607408.64000,702336.00000,101.20000,,WH1,7722467171,772201001,Адресный СКЛАД РЦ (WMS),ЭКС-000007605   ,,,0.00000,0.00000,a.savitskiy,Пакет интерфейса поставки:096a9c58-8da9-486f-b659-319b49a0b842,2026-03-24 17:23:46,,КГ,321280,ILSSRV,2026-03-24 14:19:58
320836,New,End,,ЭКС,2026-03-24 16:05:03,,,,2026-03-24 17:21:17,2026-03-24 16:42:23,ЭКС-000005929   ,,,N,,100,O00000008730    ,,2026-03-24 00:00:00,EKS000005929,СП,Закупка,,,,,,,,,,,,,,,,"170017, Тверская область, г. Тверь, ул. Бочкина,", д. 15,,Гилета О.В.,,,,,,Диэлектрические кабельные системы АО (ДКС),,,,2026-03-24 16:05:03,6,6,212.00000,189571.08000,98986.50000,23.61000,,WH1,6905062011,695001001,Адресный СКЛАД РЦ (WMS),ЭКС-000007646   ,,,0.00000,0.00000,n.bezrukov,Пакет интерфейса поставки:096a9c58-8da9-486f-b659-319b49a0b842,2026-03-24 17:23:54,,,321324,ILSSRV,2026-03-24 15:27:06
320837,New,Processed,,ЭКС,2026-03-24 17:43:16,,,,2026-03-24 17:45:05,2026-03-24 17:43:18,,,,Y,,0,,,2026-03-24 00:00:00,TR-24/03/2026-07,ТР,транзит,,,рц,,,,,,,,,Ювелс Красноярск №1,,,,,,,,,,,,рц,Ювелс Красноярск №1,,,,2026-03-24 17:43:16,1,1,1.00000,0.00000,1.00000,1.00000,,WH1,,,,,,,0.00000,0.00000,r.sagaidak,Пакет интерфейса поставки:09d6692b-1fc8-49a3-82d3-da8fb4c9c48e,2026-03-24 17:45:10,,,321330,r.sagaidak,2026-03-24 17:37:40
320838,New,Processed,,ЭКС,2026-03-24 17:43:25,,,,2026-03-24 17:44:59,2026-03-24 17:43:27,,,,Y,,0,,,2026-03-24 00:00:00,TR-24/03/2026-08,ТР,транзит,,,рц,,,,,,,,,Ювелс Красноярск №2,,,,,,,,,,,,рц,Ювелс Красноярск №2,,,,2026-03-24 17:43:25,1,1,1.00000,0.00000,1.00000,1.00000,,WH1,,,,,,,0.00000,0.00000,r.sagaidak,Пакет интерфейса поставки:09d6692b-1fc8-49a3-82d3-da8fb4c9c48e,2026-03-24 17:45:10,,,321331,r.sagaidak,2026-03-24 17:39:40
320839,New,Processed,,ЭКС,2026-03-24 17:43:34,,,,2026-03-24 17:44:53,2026-03-24 17:43:35,,,,Y,,0,,,2026-03-24 00:00:00,TR-24/03/2026-09,ТР,транзит,,,рц,,,,,,,,,Ювелс Красноярск №3,,,,,,,,,,,,рц,Ювелс Красноярск №3,,,,2026-03-24 17:43:34,1,1,1.00000,0.00000,1.00000,1.00000,,WH1,,,,,,,0.00000,0.00000,r.sagaidak,Пакет интерфейса поставки:09d6692b-1fc8-49a3-82d3-da8fb4c9c48e,2026-03-24 17:45:10,,,321332,r.sagaidak,2026-03-24 17:40:40
320840,New,End,,ЭКС,2026-03-24 17:54:37,,,,2026-03-24 18:09:43,2026-03-24 17:56:28,ЭКС-000005935   ,,,N,,100,O00000008756    ,,2026-03-24 00:00:00,EKS000005935,СП,Закупка,,,,,,,,,,,,,,,,"109451, г. Москва, г. Москва, ул. Братиславская,"," д. 16к1, оф. 3",,Петров И.В.,,,,,,ВсеИнструменты.ру,,,,2026-03-24 17:54:37,4,4,32.00000,73304.44000,12360.00000,12.62000,,WH1,7722753969,772301001,Адресный СКЛАД РЦ (WMS),ЭКС-000007659   ,,,0.00000,0.00000,r.sagaidak,Пакет интерфейса поставки:7d9222be-4ff2-4bd4-8a84-3e584a44eb14,2026-03-24 18:11:32,,,321333,ILSSRV,2026-03-24 17:44:09
320841,New,End,,ЭКС,2026-03-24 11:38:25,,,,2026-03-24 18:32:59,,ЭКС-000005854   ,,,N,,100,,,2026-03-24 00:00:00,EKS000005854,СП,Возврат-Филиал,,,,,,,,,,,,,,,,"630005, Новосибирская область, г. Новосибирск,"," ул. Гоголя, д. 23, оф. 5",,Новоселов А.В.,,,,,,И. ЭЛЕКТРОКОМПЛЕКТСЕРВИС ЗАО (Ипподромская),,,,2026-03-24 11:38:25,32,31,73.00000,193688.08000,465369.00000,91.93000,,WH1,5407159273,540445007,Адресный СКЛАД РЦ (WMS),ЭКС-000005932   ,,,0.00000,0.00000,a.habibov,Пакет интерфейса поставки:2a7da5b8-9312-4886-9cf7-528093ff0707,2026-03-24 18:33:37,,КГ,321244,ILSSRV,2026-03-24 11:32:49
320842,New,End,,ЭКС,2026-03-24 09:55:28,,,,2026-03-24 18:33:23,,ЭКС-000005801   ,,,N,,100,O00000008615    ,,2026-03-24 00:00:00,EKS000005801,СП,Закупка,,,,,,,,,,,,,,,,"636462, Томская область,г.Колпашево, ул.Обская", 67/1,,Дунав М.И.,,,,,,ЗАО Металлист ,,,,2026-03-24 09:55:28,1,1,2000.00000,92565900.00000,103680.00000,114.00000,,WH1,7007000059,700701001,Адресный СКЛАД РЦ (WMS),ЭКС-000007531   ,,,0.00000,0.00000,a.habibov,Пакет интерфейса поставки:cb5f54ef-2c17-4737-a4c4-d8d8744bdb23,2026-03-24 18:35:43,,КГ,321191,ILSSRV,2026-03-24 09:10:25
320843,New,End,,ЭКС,,,,,2026-03-24 18:33:14,,ЭКС-000005855   ,,,N,,100,,,2026-03-24 00:00:00,EKS000005855,СП,Возврат-Филиал,,,,,,,,,,,,,,,,"630005, Новосибирская область, г. Новосибирск,"," ул. Гоголя, д. 23, оф. 5",,Новоселов А.В.,,,,,,И. ЭЛЕКТРОКОМПЛЕКТСЕРВИС ЗАО (Ипподромская),,,,,0,3,5.00000,9325.31000,2770.00000,1.70000,,WH1,5407159273,540445007,Адресный СКЛАД РЦ (WMS),ЭКС-000005933   ,,,0.00000,0.00000,a.habibov,Пакет интерфейса поставки:cb5f54ef-2c17-4737-a4c4-d8d8744bdb23,2026-03-24 18:35:46,,КГ,321245,ILSSRV,2026-03-24 11:32:53
320844,New,End,,ЭКС,,,,,2026-03-24 18:33:33,,ЭКС-000005898   ,,,N,,100,O00000008666    ,,2026-03-25 00:00:00,EKS000005898,СП,Кросс-докинг,,,,,,,,,,,,,,,,"109316, г. Москва, г. Москва, пр-кт."," Волгоградский, д. 35, оф. 510/5",,Гилета О.В.,,,,,,Промрукав ООО,,,,,0,1,800.00000,21555200.00000,320000.00000,56.00000,Промрукав ООО,WH1,7722467171,772201001,Адресный СКЛАД РЦ (WMS),ЭКС-000007606   ,,,0.00000,0.00000,a.habibov,Пакет интерфейса поставки:cb5f54ef-2c17-4737-a4c4-d8d8744bdb23,2026-03-24 18:35:47,,КГ,321290,ILSSRV,2026-03-24 14:21:01
320845,New,End,,ЭКС,2026-03-25 08:58:50,,,,2026-03-25 09:05:17,2026-03-25 08:58:52,ЭКС-000005936   ,,,N,,100,O00000008646    ,,2026-03-24 00:00:00,EKS000005936,СП,Закупка,,,,,,,,,,,,,,,,"123007, г. Москва, Хорошёвское шоссе, д. 32А, 4"," этаж, помещение № VIа, офис № 415/2",,Иваненко П.В.,,,,,,СМАРТ БЭТТЕРИЗ ООО,,,,2026-03-25 08:58:50,1,1,4.00000,22363.84000,3600.00000,10.00000,Спирин Антон Алексеевич И,WH1,7714450590,771401001,Адресный СКЛАД РЦ (WMS),ЭКС-000007553   ,,,0.00000,0.00000,r.sorokin,Пакет интерфейса поставки:f344e78e-6fa0-4d94-b15c-2ab327e7c146,2026-03-25 09:07:01,,КГ,321334,ILSSRV,2026-03-25 08:46:34
320846,New,End,,ЭКС,2026-03-25 09:02:25,,,,2026-03-25 09:06:15,2026-03-25 09:02:25,ЭКС-000005937   ,,,N,,100,O00000008638    ,,2026-03-24 00:00:00,EKS000005937,СП,Закупка,,,,,,,,,,,,,,,,"123007, г. Москва, Хорошёвское шоссе, д. 32А, 4"," этаж, помещение № VIа, офис № 415/2",,Иваненко П.В.,,,,,,СМАРТ БЭТТЕРИЗ ООО,,,,2026-03-25 09:02:25,1,1,1.00000,15430.33000,19440.00000,30.00000,Спирин Антон Алексеевич И,WH1,7714450590,771401001,Адресный СКЛАД РЦ (WMS),ЭКС-000007547   ,,,0.00000,0.00000,r.sorokin,Пакет интерфейса поставки:f344e78e-6fa0-4d94-b15c-2ab327e7c146,2026-03-25 09:07:14,,,321335,ILSSRV,2026-03-25 08:46:35
320847,New,End,,ЭКС,2026-03-25 09:04:52,10237083581,,,2026-03-25 09:07:08,2026-03-25 09:04:52,ЭКС-000005938   ,,,N,,100,O00000008557    ,,2026-03-10 00:00:00,EKS000005938,СП,Закупка,,,,,,,,,,,,,,,,344069 г.Ростов на Дону ул. Оганова17 кор.2 кв6,,,Любаева С.В.,,,,,,Карпов Владимир Алексеевич,,,,2026-03-25 09:04:52,1,1,2.00000,6000.00000,1400.00000,0.60000,СДЭК-ГЛОБАЛ ООО ,WH1,,,Адресный СКЛАД РЦ (WMS),ЭКС-000005649   ,,,0.00000,0.00000,r.sorokin,Пакет интерфейса поставки:c086cb4e-9722-49ba-a9c4-cfdfa8dcaca0,2026-03-25 09:09:14,,,321336,ILSSRV,2026-03-25 09:02:39
320848,New,End,,ЭКС,2026-03-25 09:14:55,,,,2026-03-25 11:36:52,2026-03-25 09:14:55,ЭКС-000005940   ,,,N,,100,,,2026-03-25 00:00:00,EKS000005940,СП,Возврат-Филиал,,,,,,,,,,,,,,,,"630005, Новосибирская область, г. Новосибирск,"," ул. Гоголя, д. 23, оф. 5",,Новоселов А.В.,,,,,,ИР_РСК Электрокомплектсервис ЗАО,,,,2026-03-25 09:14:55,1,1,1.00000,1931.35000,44000.00000,4.00000,,WH1,5407159273,384945001,Адресный склад БРАКА (WMS,ЭКС-000005424   ,,,0.00000,0.00000,r.sorokin,Пакет интерфейса поставки:270aa346-51f2-4111-ac1f-40d8f960a170,2026-03-25 11:39:11,,КГ,321338,ILSSRV,2026-03-25 09:05:39
320849,New,End,,ЭКС,2026-03-25 09:10:56,,,,2026-03-25 11:39:00,2026-03-25 09:10:57,ЭКС-000005939   ,,,N,,100,,,2026-03-25 00:00:00,EKS000005939,СП,Возврат-Филиал,,,,,,,,,,,,,,,,"630005, Новосибирская область, г. Новосибирск,"," ул. Гоголя, д. 23, оф. 5",,Новоселов А.В.,,,,,,ИР_РСК Электрокомплектсервис ЗАО,,,,2026-03-25 09:10:56,1,1,1.00000,2215.26000,42250.00000,5.00000,,WH1,5407159273,384945001,Адресный склад БРАКА (WMS,ЭКС-000005423   ,,,0.00000,0.00000,r.sorokin,Пакет интерфейса поставки:094e4f0d-af2e-4142-9a18-53f4ad635c55,2026-03-25 11:41:14,,КГ,321337,ILSSRV,2026-03-25 09:05:38
320850,New,End,,ЭКС,2026-03-25 09:16:03,,,,2026-03-25 11:38:55,2026-03-25 09:16:03,ЭКС-000005941   ,,,N,,100,,,2026-03-25 00:00:00,EKS000005941,СП,Возврат-Филиал,,,,,,,,,,,,,,,,"630005, Новосибирская область, г. Новосибирск,"," ул. Гоголя, д. 23, оф. 5",,Новоселов А.В.,,,,,,ИР_РСК Электрокомплектсервис ЗАО,,,,2026-03-25 09:16:03,1,1,1.00000,2215.26000,42250.00000,5.00000,,WH1,5407159273,384945001,Адресный склад БРАКА (WMS,ЭКС-000005425   ,,,0.00000,0.00000,r.sorokin,Пакет интерфейса поставки:094e4f0d-af2e-4142-9a18-53f4ad635c55,2026-03-25 11:41:17,,КГ,321339,ILSSRV,2026-03-25 09:05:39
320851,New,End,,ЭКС,2026-03-25 11:43:41,,,,2026-03-25 11:58:04,2026-03-25 11:46:52,ЭКС-000005957   ,,,N,,100,O00000008493    ,,2026-03-25 00:00:00,EKS000005957,СП,Закупка,,,,,,,,,,,,,,,,"127273, г. Москва, г. Москва, ул. Отрадная, д. 2Б", стр. 7,,Лангеман Э.Г.,,,,,,МГК Световые Технологии ООО,,,,2026-03-25 11:43:41,3,2,54.00000,14259076.56000,2290512.00000,178.00000,,WH1,7715723321,771501001,Адресный СКЛАД РЦ (WMS),ЭКС-000007419   ,,,0.00000,0.00000,v.plevako,Пакет интерфейса поставки:8e324da8-33a7-44b8-a958-144259bb9fde,2026-03-25 11:59:18,,КГ,321355,ILSSRV,2026-03-25 10:43:45
320852,New,Processed,,,2026-03-25 12:49:07,,,,2026-03-25 12:58:47,2026-03-25 12:49:08,,,,Y,,0,,,2026-03-25 00:00:00,TR-25.03.2026-01,ТР,Транзит,,,РЦ Новосибирск,,,,,,,,,БЕРДСК  № 69089 Креусс,,,,,,,,,,,,РЦ Новосибирск,БЕРДСК  № 69089 Креусс,,,,2026-03-25 12:49:07,1,1,1.00000,0.00000,1.00000,1.00000,,WH1,,,,,,,0.00000,0.00000,V.plevako,Пакет интерфейса поставки:81737881-5388-402a-af9f-7da59f32a761,2026-03-25 12:58:52,,,321412,V.plevako,2026-03-25 12:46:27
320853,New,End,,ЭКС,2026-03-25 13:12:42,,,,2026-03-25 13:22:16,2026-03-25 13:12:43,ЭКС-000006008   ,,,N,,100,O00000008870    ,,2026-03-25 00:00:00,EKS000006008,СП,Закупка,,,,,,,,,,,,,,,,"630126, г. Новосибирск, ул. Выборная, д. 201,", ком.2.,,Козлова М.А.,,,,,,Грандекс ООО,,,,2026-03-25 13:12:42,1,1,1000.00000,75410000.00000,133920.00000,64.50000,,WH1,5405459916,540501001,Адресный СКЛАД РЦ (WMS),ЭКС-000007751   ,,,0.00000,0.00000,v.plevako,Пакет интерфейса поставки:e1f3aec9-6539-4062-b258-891241cfbda8,2026-03-25 13:23:03,,КГ,321406,ILSSRV,2026-03-25 12:31:51
