2531342,320612,New,End,,,2565833,,2.00000,КР,СМ,,RECV-01,WH1,25.00000,674591,,Светильник светодиодный линейный Feron AL5095 IP65 36W 4000K 1210x70x43мм,120.00000,NEW Заказной товар,,,0,40.00000,ШТ,2026-03-23 00:00:00,EKS000005727,СП,ZX-15-24-C-15,WH1,17.98000,КГ,26.00000,,,,,,,0.00000,0.00000,a.manokhin,Пакет интерфейса поставки:3e47980d-8aee-4af5-9eba-7fe2d3f97e22,2026-03-23 09:27:16,321103,1996352,2565833,0,ЭКС,,3844291,,,,Годен,,,,
2531343,320613,New,End,,,2565834,,2.00000,ШТ,СМ,,RECV-01,WH1,15.00000,674092,,"Кабель ВВГ-Пнг(A)-LS 3х4 ок (N,РЕ)-0,66 бухта 50м ЭКС желт.",26.00000,NEW Кабель и провод,,,0,2.00000,ШТ,2026-03-23 00:00:00,EKS000005726,СП,ZX-09-16-C-15,WH1,27.70000,КГ,26.00000,,,,,,,0.00000,0.00000,a.savitskiy,Пакет интерфейса поставки:2a5b03d7-e12d-4b8e-8686-83847d10bd45,2026-03-23 09:30:52,321102,1996351,2565834,0,ЭКС,,3844296,,,,Годен,,,,
2531344,320614,New,End,,,2565835,,1.00000,КР,СМ,2027-02-24 00:00:00,RECV-01,WH1,34.00000,7669,,"Счетчик  Меркурий 230AМ-01 1,0 5-50А(5-60A)/380В",52.00000,NEW Счетчики,24022027,,0,10.00000,ШТ,2026-03-23 00:00:00,O00000001480,СП,ME-109-01-B-50,WH1,13.48000,КГ,37.00000,,,,,,,0.00000,0.00000,a.savitskiy,Пакет интерфейса поставки:91e1360c-27c2-4337-a2e0-bf966809d4d5,2026-03-23 09:57:01,321104,1996355,2565835,0,ЭКС,,3844312,,,,Годен,,,,
2531345,320614,New,End,,,2565836,,1.00000,ШТ,СМ,2027-02-24 00:00:00,RECV-01,WH1,18.50000,7670,,"Счетчик  Меркурий 230AМ-02 1,0 10-100А/380В",34.00000,NEW Счетчики,24022027,,0,1.00000,ШТ,2026-03-23 00:00:00,O00000001480,СП,ME-101-03-H-40,WH1,1.34200,КГ,10.50000,,,,,,,0.00000,0.00000,a.savitskiy,Пакет интерфейса поставки:91e1360c-27c2-4337-a2e0-bf966809d4d5,2026-03-23 09:57:01,321104,1996354,2565836,0,ЭКС,,3844314,,,,Годен,,,,
2531346,320614,New,End,,,2565837,,2.00000,ШТ,СМ,2027-03-02 00:00:00,RECV-01,WH1,9.00000,7671,,"Счетчик  Меркурий 230AМ-03 0,5S 5-7,5А/380В",27.00000,NEW Счетчики,02032027,,0,2.00000,ШТ,2026-03-23 00:00:00,O00000001480,СП,ME-116-03-A-40,WH1,2.68400,КГ,18.00000,,,,,,,0.00000,0.00000,a.savitskiy,Пакет интерфейса поставки:91e1360c-27c2-4337-a2e0-bf966809d4d5,2026-03-23 09:57:01,321104,1996353,2565837,0,ЭКС,,3844315,,,,Годен,,,,
2531347,320615,New,End,,,2565832,,1.00000,ШТ,СМ,,RECV-01,WH1,5.50000,463490,,КЭАЗ Выключатель автоматический OptiDin BM63-3C6-10-УХЛ3,8.50000,NEW Класс C,,,0,1.00000,ШТ,2026-03-23 00:00:00,O00000001479,СП,ME-101-01-D-20,WH1,0.20000,КГ,7.50000,,,,,,,0.00000,0.00000,r.sagaidak,Пакет интерфейса поставки:c4f8704e-466d-442c-8dd0-6a8a315fcafb,2026-03-23 09:58:40,321101,1996350,2565832,0,ЭКС,,3844280,,,,Годен,,,,
2531348,320618,New,Processed,,,2565904,,1.00000,ГМ,СМ,4712-12-31 00:00:00,RECV-01,WH1,1.00000,0000,,ТРАНЗИТ,1.00000,NEW Транзит,EKF БАРНАУЛ,,0,1.00000,ГМ,2026-03-23 00:00:00,TR-23/03/2026-03,ТР,TR-00,WH1,1.00000,КГ,1.00000,,,,,,,0.00000,0.00000,r.sagaidak,Пакет интерфейса поставки:6e7b8d7d-e248-4c12-b875-9e279d9c0a54,2026-03-23 10:52:43,321119,1996467,2565904,0,ЭКС,,3844415,,,,Годен,,,,
2531349,320616,New,Processed,,,2565905,,1.00000,ГМ,СМ,4712-12-31 00:00:00,RECV-01,WH1,1.00000,0000,,ТРАНЗИТ,1.00000,NEW Транзит,EKF ИРКУТСК,,0,1.00000,ГМ,2026-03-23 00:00:00,TR-23/03/2026-01,ТР,TR-00,WH1,1.00000,КГ,1.00000,,,,,,,0.00000,0.00000,r.sagaidak,Пакет интерфейса поставки:6e7b8d7d-e248-4c12-b875-9e279d9c0a54,2026-03-23 10:52:43,321117,1996465,2565905,0,ЭКС,,3844416,,,,Годен,,,,
2531350,320617,New,Processed,,,2565906,,1.00000,ГМ,СМ,4712-12-31 00:00:00,RECV-01,WH1,1.00000,0000,,ТРАНЗИТ,1.00000,NEW Транзит,EKF КРАСНОЯРСК,,0,1.00000,ГМ,2026-03-23 00:00:00,TR-23/03/2026-02,ТР,TR-00,WH1,1.00000,КГ,1.00000,,,,,,,0.00000,0.00000,r.sagaidak,Пакет интерфейса поставки:6e7b8d7d-e248-4c12-b875-9e279d9c0a54,2026-03-23 10:52:43,321118,1996466,2565906,0,ЭКС,,3844417,,,,Годен,,,,
2531351,320619,New,End,,,2565935,,10.00000,ШТ,СМ,,RECV-01,WH1,10.00000,669840,,"Ledel L-trade 55/45/Д/4,0К/02/IKIII-13/220АС/Standart IP54",155.00000,NEW Длинные ЭЛО < 2 м,,,0,10.00000,ШТ,2026-03-16 00:00:00,EKS000005730,СП,ZX-13-30-A-30,WH1,23.40000,КГ,11.00000,,,,,,,0.00000,0.00000,a.manokhin,Пакет интерфейса поставки:4206cd29-42a4-4cbc-8c02-631e45f6d019,2026-03-23 11:04:55,321107,1996425,2565935,0,ЭКС,,3844450,,,,Годен,,,,
2531352,320620,New,End,,,2565951,,5.00000,ШТ,СМ,,RECV-01,WH1,5.00000,295163,,"Очиститель универсальный (Изопропиловый спирт) флакон 200 мл, с распылителем (REXANT)",12.00000,NEW Класс C,,,0,5.00000,ШТ,2026-03-20 00:00:00,EKS000005742,СП,ME-102-03-G-40,WH1,0.50000,КГ,5.00000,,,,,,,0.00000,0.00000,r.sagaidak,Пакет интерфейса поставки:598d62ce-43f2-4041-9776-dc46ab88e0b6,2026-03-23 11:43:18,321122,1996492,2565951,0,ЭКС,,3844469,,,,Годен,,,,
2531353,320620,New,End,,,2565958,,1.00000,КР,СМ,,RECV-01,WH1,23.00000,295163,,"Очиститель универсальный (Изопропиловый спирт) флакон 200 мл, с распылителем (REXANT)",38.00000,NEW Класс C,,,0,45.00000,ШТ,2026-03-20 00:00:00,EKS000005742,СП,ME-214-06-A-40,WH1,8.00000,КГ,26.00000,,,,,,,0.00000,0.00000,r.sagaidak,Пакет интерфейса поставки:598d62ce-43f2-4041-9776-dc46ab88e0b6,2026-03-23 11:43:18,321122,1996492,2565958,0,ЭКС,,3844476,,,,Годен,,,,
2531354,320621,New,End,,,2565980,,4.00000,КР,СМ,,RECV-01,WH1,30.00000,419027,,"Удлинитель на катушке ""Атлант 2.0"" 4 гнезда 50м с заземлением  КГ 3*1,5  16А/3,5кВт IP44 PROxima EKF",45.00000,NEW Заказной товар,,,0,8.00000,ШТ,2026-04-01 00:00:00,EKS000005731,СП,ZX-14-23-C-10,WH1,24.00000,КГ,45.00000,,,,,,,0.00000,0.00000,a.savitskiy,Пакет интерфейса поставки:c9fce651-73b1-4a1f-9756-b0ddf3e797bb,2026-03-23 12:07:18,321108,1996426,2565980,0,ЭКС,,3844499,,,,Годен,,,,
2531355,320621,New,End,,,2565981,,1.00000,ШТ,СМ,,RECV-01,WH1,20.00000,419027,,"Удлинитель на катушке ""Атлант 2.0"" 4 гнезда 50м с заземлением  КГ 3*1,5  16А/3,5кВт IP44 PROxima EKF",30.00000,NEW Заказной товар,,,0,1.00000,ШТ,2026-04-01 00:00:00,EKS000005731,СП,ZX-14-23-C-10,WH1,2.00000,КГ,30.00000,,,,,,,0.00000,0.00000,a.savitskiy,Пакет интерфейса поставки:c9fce651-73b1-4a1f-9756-b0ddf3e797bb,2026-03-23 12:07:18,321108,1996426,2565981,0,ЭКС,,3844500,,,,Годен,,,,
2531356,320622,New,End,,,2565999,,3.00000,ПЧ,СМ,,RECV-01,WH1,8.00000,635168,,Автоматический выключатель 3P 50А (C) 6кА ВА 47-63N EKF PROxima,22.00000,NEW Заказной товар,,,0,12.00000,ШТ,2026-04-01 00:00:00,EKS000005733,СП,ME-102-07-F-30,WH1,3.60000,КГ,9.00000,,,,,,,0.00000,0.00000,a.savitskiy,Пакет интерфейса поставки:1d039d6c-45ba-48b8-9aae-a171cc3d64f2,2026-03-23 12:11:03,321110,1996428,2565999,0,ЭКС,,3844525,,,,Годен,,,,
2531357,320623,New,End,,,2566004,,1.00000,ШТ,СМ,,RECV-01,WH1,8.00000,852144,,АВДТ АВДТ-63N 3P+N 20А 30мА характеристика C тип AC электронный 6кА PROXIMA,8.50000,NEW Заказной товар,,,0,1.00000,ШТ,2026-04-01 00:00:00,EKS000005738,СП,ME-102-08-D-20,WH1,0.45000,КГ,7.50000,,,,,,,0.00000,0.00000,a.savitskiy,Пакет интерфейса поставки:1d039d6c-45ba-48b8-9aae-a171cc3d64f2,2026-03-23 12:11:13,321115,1996446,2566004,0,ЭКС,,3844533,,,,Годен,,,,
2531358,320624,New,End,,,2565989,,1.00000,ШТ,СМ,,RECV-01,WH1,5.00000,635168,,Автоматический выключатель 3P 50А (C) 6кА ВА 47-63N EKF PROxima,8.00000,NEW Заказной товар,,,0,1.00000,ШТ,2026-04-01 00:00:00,EKS000005732,СП,ME-102-07-F-30,WH1,0.20000,КГ,7.00000,,,,,,,0.00000,0.00000,a.savitskiy,Пакет интерфейса поставки:f8180bd5-df2e-4279-8c07-344c5ce8227f,2026-03-23 12:15:10,321109,1996427,2565989,0,ЭКС,,3844513,,,,Годен,,,,
2531359,320625,New,End,,,2565984,,2.00000,ПЧ,СМ,,RECV-01,WH1,4.00000,883293,,"Ответвительный сжим (орех) У739М (4-10 мм2; 1,5-2,5 мм2) StreamLine",14.50000,NEW Заказной товар,,,0,12.00000,ШТ,2026-04-01 00:00:00,EKS000005734,СП,ME-102-05-K-20,WH1,0.54000,КГ,9.50000,,,,,,,0.00000,0.00000,a.savitskiy,Пакет интерфейса поставки:7cda31ce-4443-4028-900f-bd8d421823b4,2026-03-23 12:17:20,321111,1996432,2565984,0,ЭКС,,3844507,,,,Годен,,,,
2531360,320625,New,End,,,2565985,,1.00000,ПЧ,СМ,,RECV-01,WH1,2.00000,328755,,"Наконечник штыревой втулочный изолированный  НШвИ 1,0-8 (50шт.) EKF PROxima",12.00000,NEW Заказной товар,,,0,10.00000,УП,2026-04-01 00:00:00,EKS000005734,СП,ME-102-06-A-20,WH1,0.10000,КГ,11.00000,,,,,,,0.00000,0.00000,a.savitskiy,Пакет интерфейса поставки:7cda31ce-4443-4028-900f-bd8d421823b4,2026-03-23 12:17:20,321111,1996431,2565985,0,ЭКС,,3844508,,,,Годен,,,,
2531361,320625,New,End,,,2565987,,5.00000,УП,СМ,,RECV-01,WH1,1.00000,600951,,Наконечник штыревой втулочный  НШвИ(2) 0.5-10 (50шт.) EKF PROxima,7.00000,NEW Заказной товар,,,0,5.00000,УП,2026-04-01 00:00:00,EKS000005734,СП,ME-102-06-F-40,WH1,0.05000,КГ,5.00000,,,,,,,0.00000,0.00000,a.savitskiy,Пакет интерфейса поставки:7cda31ce-4443-4028-900f-bd8d421823b4,2026-03-23 12:17:20,321111,1996429,2565987,0,ЭКС,,3844510,,,,Годен,,,,
2531362,320625,New,End,,,2565988,,1.00000,ПЧ,СМ,,RECV-01,WH1,4.00000,328761,,"Наконечник штыревой втулочный изолированный  НШвИ 2,5-8 (50шт.) EKF PROxima",12.00000,NEW Заказной товар,,,0,10.00000,УП,2026-04-01 00:00:00,EKS000005734,СП,ME-102-06-L-30,WH1,0.10000,КГ,10.00000,,,,,,,0.00000,0.00000,a.savitskiy,Пакет интерфейса поставки:7cda31ce-4443-4028-900f-bd8d421823b4,2026-03-23 12:17:20,321111,1996430,2565988,0,ЭКС,,3844511,,,,Годен,,,,
2531363,320626,New,End,,,CNT02501311,,109.00000,М,СМ,4712-12-31 00:00:00,RECV-01,WH1,1.00000,180832,,Кабель КВВГЭнг(A)-FR-LS 4х1,100.00000,NEW Кабель и провод нест,CNT02501311,,0,109.00000,М,2026-03-30 00:00:00,EKS000005745,СП,ZX-09-23-B-10,WH1,27.68600,КГ,1.00000,,,,,,,0.00000,0.00000,n.bezrukov,Пакет интерфейса поставки:96808786-8494-48bb-8fc8-55d2fbf3b4ce,2026-03-23 12:27:21,321125,1996502,2566016,0,ЭКС,,3844561,,,,Годен,,,,
2531364,320627,New,End,,,2565839,,4.00000,КР,СМ,,RECV-01,WH1,23.00000,357585,,"Минибухта UTP REXANT 4PR 24AWG, CU (медь), CAT5e, 100 МГц, PVC, серый, бухта 25 м",40.00000,NEW Класс B,,,0,48.00000,ШТ,2026-03-20 00:00:00,EKS000005729,СП,ME-113-08-B-10,WH1,32.00000,КГ,33.00000,,,,,,,0.00000,0.00000,a.manokhin,Пакет интерфейса поставки:a05bb73c-7514-4a36-b47a-b1c16ed3b6f3,2026-03-23 12:35:17,321106,1996411,2565839,0,ЭКС,,3844335,,,,Годен,,,,
2531365,320627,New,End,,,2565840,,4.00000,ПЧ,СМ,,RECV-01,WH1,7.00000,504663,,"Кабель USB-Lightning для iPhone/2,4A/nylon/denim/1m/REXANT",22.00000,NEW Класс C,,,0,40.00000,ШТ,2026-03-20 00:00:00,EKS000005729,СП,ME-117-03-E-20,WH1,1.20000,КГ,19.00000,,,,,,,0.00000,0.00000,a.manokhin,Пакет интерфейса поставки:a05bb73c-7514-4a36-b47a-b1c16ed3b6f3,2026-03-23 12:35:17,321106,1996407,2565840,0,ЭКС,,3844338,,,,Годен,,,,
2531366,320627,New,End,,,2565841,,3.00000,ПЧ,СМ,,RECV-01,WH1,5.00000,273964,,USB кабель универсальный microUSB шнур плоский 1М черный,16.00000,NEW Класс B,,,0,30.00000,ШТ,2026-03-20 00:00:00,EKS000005729,СП,ME-106-04-C-20,WH1,2.40000,КГ,12.00000,,,,,,,0.00000,0.00000,a.manokhin,Пакет интерфейса поставки:a05bb73c-7514-4a36-b47a-b1c16ed3b6f3,2026-03-23 12:35:17,321106,1996420,2565841,0,ЭКС,,3844340,,,,Годен,,,,
2531367,320627,New,End,,,2565845,,6.00000,БЛ,СМ,,RECV-01,WH1,15.00000,200520,,"ДЕЛИТЕЛЬ ТВ x 2 + 3шт. F ""BOX"" 5-1000 МГц ""Silver"" REXANT",18.00000,NEW Класс A,,,0,60.00000,ШТ,2026-03-20 00:00:00,EKS000005729,СП,ME-118-02-B-40,WH1,4.98000,КГ,16.00000,,,,,,,0.00000,0.00000,a.manokhin,Пакет интерфейса поставки:a05bb73c-7514-4a36-b47a-b1c16ed3b6f3,2026-03-23 12:35:17,321106,1996398,2565845,0,ЭКС,,3844344,,,,Годен,,,,
2531368,320627,New,End,,,2565849,,8.00000,ШТ,СМ,,RECV-01,WH1,4.00000,810703,,"Розетка  1-ая с ЗК   , со шторками 16А титан  (рамка в комплекте) /KRANZ MIELE ROUND/",8.00000,NEW Класс C,,,0,8.00000,ШТ,2026-03-20 00:00:00,EKS000005729,СП,ME-114-02-B-20,WH1,0.40000,КГ,8.00000,,,,,,,0.00000,0.00000,n.bezrukov,Пакет интерфейса поставки:a05bb73c-7514-4a36-b47a-b1c16ed3b6f3,2026-03-23 12:35:17,321106,1996393,2565849,0,ЭКС,,3844349,,,,Годен,,,,
2531369,320627,New,End,,,2565852,,5.00000,ПЧ,СМ,,RECV-01,WH1,17.00000,810703,,"Розетка  1-ая с ЗК   , со шторками 16А титан  (рамка в комплекте) /KRANZ MIELE ROUND/",25.00000,NEW Класс C,,,0,50.00000,ШТ,2026-03-20 00:00:00,EKS000005729,СП,ME-114-02-B-20,WH1,10.00000,КГ,9.00000,,,,,,,0.00000,0.00000,n.bezrukov,Пакет интерфейса поставки:a05bb73c-7514-4a36-b47a-b1c16ed3b6f3,2026-03-23 12:35:17,321106,1996393,2565852,0,ЭКС,,3844352,,,,Годен,,,,
2531370,320627,New,End,,,2565857,,8.00000,ШТ,СМ,,RECV-01,WH1,18.00000,357586,,"Минибухта UTP REXANT 4PR 24AWG, CU (медь), CAT5e, 100 МГц, PVC, серый, бухта 50 м",18.00000,NEW Класс B,,,0,8.00000,ШТ,2026-03-20 00:00:00,EKS000005729,СП,ME-110-04-D-10,WH1,3.20000,КГ,7.00000,,,,,,,0.00000,0.00000,a.savitskiy,Пакет интерфейса поставки:a05bb73c-7514-4a36-b47a-b1c16ed3b6f3,2026-03-23 12:35:17,321106,1996410,2565857,0,ЭКС,,3844357,,,,Годен,,,,
2531371,320627,New,End,,,2565860,,1.00000,ШТ,СМ,,RECV-01,WH1,18.00000,357586,,"Минибухта UTP REXANT 4PR 24AWG, CU (медь), CAT5e, 100 МГц, PVC, серый, бухта 50 м",18.00000,NEW Класс B,,,0,1.00000,ШТ,2026-03-20 00:00:00,EKS000005729,СП,ME-110-04-D-10,WH1,0.40000,КГ,7.00000,,,,,,,0.00000,0.00000,a.manokhin,Пакет интерфейса поставки:a05bb73c-7514-4a36-b47a-b1c16ed3b6f3,2026-03-23 12:35:17,321106,1996410,2565860,0,ЭКС,,3844361,,,,Годен,,,,
2531372,320627,New,End,,,2565861,,1.00000,ШТ,СМ,,RECV-01,WH1,1.50000,810734,,Рамка ГОРИЗОНТАЛЬНАЯ  5-пост антрацит  /KRANZ MIELE STRONG/,40.00000,NEW Заказной товар,,,0,1.00000,ШТ,2026-03-20 00:00:00,EKS000005729,СП,ME-101-05-G-40,WH1,0.07000,КГ,9.00000,,,,,,,0.00000,0.00000,n.bezrukov,Пакет интерфейса поставки:a05bb73c-7514-4a36-b47a-b1c16ed3b6f3,2026-03-23 12:35:17,321106,1996392,2565861,0,ЭКС,,3844362,,,,Годен,,,,
2531373,320627,New,End,,,2565862,,6.00000,ББ,СМ,4712-12-31 00:00:00,RECV-01,WH1,14.00000,334512,,"Провод для полевой связи П-274-М,500м",27.00000,NEW Кабель и провод,500,,0,3000.00000,М,2026-03-20 00:00:00,EKS000005729,СП,ZX-09-16-D-15,WH1,33.96000,КГ,27.00000,,,,,,,0.00000,0.00000,a.manokhin,Пакет интерфейса поставки:a05bb73c-7514-4a36-b47a-b1c16ed3b6f3,2026-03-23 12:35:17,321106,1996387,2565862,0,ЭКС,,3844363,,,,Годен,,,,
2531374,320627,New,End,,,2565863,,5.00000,ПЧ,СМ,,RECV-01,WH1,15.00000,200521,,"ДЕЛИТЕЛЬ ТВ x 3 + 4шт. F ""BOX"" 5-1000 МГц ""Silver"" REXANT",18.00000,NEW Класс B,,,0,50.00000,ШТ,2026-03-20 00:00:00,EKS000005729,СП,ME-119-01-C-40,WH1,4.60000,КГ,16.00000,,,,,,,0.00000,0.00000,a.savitskiy,Пакет интерфейса поставки:a05bb73c-7514-4a36-b47a-b1c16ed3b6f3,2026-03-23 12:35:17,321106,1996397,2565863,0,ЭКС,,3844364,,,,Годен,,,,
2531375,320627,New,End,,,2565864,,10.00000,ШТ,СМ,,RECV-01,WH1,7.00000,292936,,"Кабель SAT 703B+Cu/Al/Cu,(75%), 75 Ом, 10м., белый  REXANT",12.00000,NEW Класс C,,,0,10.00000,ШТ,2026-03-20 00:00:00,EKS000005729,СП,ME-103-07-F-10,WH1,2.00000,КГ,12.00000,,,,,,,0.00000,0.00000,n.bezrukov,Пакет интерфейса поставки:a05bb73c-7514-4a36-b47a-b1c16ed3b6f3,2026-03-23 12:35:17,321106,1996416,2565864,0,ЭКС,,3844365,,,,Годен,,,,
2531376,320627,New,End,,,2565865,,2.00000,ПЧ,СМ,,RECV-01,WH1,2.60000,232487,,ПЕРЕХОД гнездо F - гнездо TV REXANT,13.00000,NEW Класс B,,,0,200.00000,ШТ,2026-03-20 00:00:00,EKS000005729,СП,ME-201-03-I-50,WH1,0.20000,КГ,10.50000,,,,,,,0.00000,0.00000,a.savitskiy,Пакет интерфейса поставки:a05bb73c-7514-4a36-b47a-b1c16ed3b6f3,2026-03-23 12:35:17,321106,1996424,2565865,0,ЭКС,,3844366,,,,Годен,,,,
2531377,320627,New,End,,,2565866,,7.00000,ШТ,СМ,,RECV-01,WH1,16.00000,292938,,"Кабель SAT 703B+Cu/Al/Cu,(75%), 75 Ом, 20м., белый  REXANT",16.00000,NEW Класс B,,,0,7.00000,ШТ,2026-03-20 00:00:00,EKS000005729,СП,ME-119-04-F-30,WH1,1.40000,КГ,7.00000,,,,,,,0.00000,0.00000,a.manokhin,Пакет интерфейса поставки:a05bb73c-7514-4a36-b47a-b1c16ed3b6f3,2026-03-23 12:35:17,321106,1996414,2565866,0,ЭКС,,3844367,,,,Годен,,,,
2531378,320627,New,End,,,2565867,,1.00000,ПЧ,СМ,,RECV-01,WH1,18.00000,504664,,Шнур USB 3.1 type C (male)-USB 2.0 (male) 1 м белый REXANT,22.00000,NEW Класс C,,,0,10.00000,ШТ,2026-03-20 00:00:00,EKS000005729,СП,ME-224-06-C-50,WH1,0.30000,КГ,4.00000,,,,,,,0.00000,0.00000,a.savitskiy,Пакет интерфейса поставки:a05bb73c-7514-4a36-b47a-b1c16ed3b6f3,2026-03-23 12:35:17,321106,1996406,2565867,0,ЭКС,,3844368,,,,Годен,,,,
2531379,320627,New,End,,,2565868,,2.00000,БЛ,СМ,,RECV-01,WH1,15.00000,249633,,"Разъем UTP RJ-45 (8P8C), CAT 5e PROconnect",26.00000,NEW Класс B,,,0,1000.00000,ШТ,2026-03-20 00:00:00,EKS000005729,СП,ME-101-05-H-20,WH1,1.60000,КГ,7.00000,,,,,,,0.00000,0.00000,n.bezrukov,Пакет интерфейса поставки:a05bb73c-7514-4a36-b47a-b1c16ed3b6f3,2026-03-23 12:35:17,321106,1996423,2565868,0,ЭКС,,3844369,,,,Годен,,,,
2531380,320627,New,End,,,2565869,,5.00000,ШТ,СМ,,RECV-01,WH1,5.00000,200519,,"ДЕЛИТЕЛЬ ТВ x 3 + 4шт. F ""BOX"" 5-1000 МГц ""GOLD"" REXANT",5.00000,NEW Класс C,,,0,5.00000,ШТ,2026-03-20 00:00:00,EKS000005729,СП,ME-101-05-J-30,WH1,1.00000,КГ,5.00000,,,,,,,0.00000,0.00000,a.savitskiy,Пакет интерфейса поставки:a05bb73c-7514-4a36-b47a-b1c16ed3b6f3,2026-03-23 12:35:17,321106,1996399,2565869,0,ЭКС,,3844370,,,,Годен,,,,
2531381,320627,New,End,,,2565870,,26.00000,ШТ,СМ,,RECV-01,WH1,14.00000,292933,,"Кабель RG-6U, (48%), 75 Ом, 10м., белый  PROCONNECT",14.00000,NEW Класс C,,,0,26.00000,ШТ,2026-03-20 00:00:00,EKS000005729,СП,ME-119-08-D-40,WH1,7.80000,КГ,6.00000,,,,,,,0.00000,0.00000,a.manokhin,Пакет интерфейса поставки:a05bb73c-7514-4a36-b47a-b1c16ed3b6f3,2026-03-23 12:35:17,321106,1996419,2565870,0,ЭКС,,3844371,,,,Годен,,,,
2531382,320627,New,End,,,2565871,,1.00000,ПЧ,СМ,,RECV-01,WH1,6.00000,422991,,"Кабель PROconnect HDMI - HDMI 1.4, 1.5м Gold",35.00000,NEW Класс C,,,0,10.00000,ШТ,2026-03-20 00:00:00,EKS000005729,СП,ME-219-04-B-30,WH1,0.50000,КГ,18.00000,,,,,,,0.00000,0.00000,n.bezrukov,Пакет интерфейса поставки:a05bb73c-7514-4a36-b47a-b1c16ed3b6f3,2026-03-23 12:35:17,321106,1996409,2565871,0,ЭКС,,3844372,,,,Годен,,,,
2531383,320627,New,End,,,2565872,,2.00000,ПЧ,СМ,,RECV-01,WH1,8.50000,715031,,"Клемма СМК 222-422R проxодная разъемная 2 полюса серая 0,2-2,5/4мм? (50 шт/уп) REXANT",14.50000,NEW Заказной товар,,,0,100.00000,ШТ,2026-03-20 00:00:00,EKS000005729,СП,ME-101-06-E-30,WH1,0.90000,КГ,10.00000,,,,,,,0.00000,0.00000,a.savitskiy,Пакет интерфейса поставки:a05bb73c-7514-4a36-b47a-b1c16ed3b6f3,2026-03-23 12:35:17,321106,1996403,2565872,0,ЭКС,,3844374,,,,Годен,,,,
2531384,320627,New,End,,,2565873,,1.00000,ПЧ,СМ,,RECV-01,WH1,16.00000,205699,,"Шнур HDMI v1.4 gold 1,5 м с фильтрами REXANT",40.00000,NEW Класс C,,,0,10.00000,ШТ,2026-03-20 00:00:00,EKS000005729,СП,ME-101-06-E-40,WH1,1.00000,КГ,8.00000,,,,,,,0.00000,0.00000,a.savitskiy,Пакет интерфейса поставки:a05bb73c-7514-4a36-b47a-b1c16ed3b6f3,2026-03-23 12:35:17,321106,1996394,2565873,0,ЭКС,,3844376,,,,Годен,,,,
2531385,320627,New,End,,,2565874,,7.00000,БЛ,СМ,,RECV-01,WH1,2.00000,184800,,РАЗЪЁМ  F-разъём RG-6 (03-008C)  REXANT,15.00000,NEW Класс B,,,0,700.00000,ШТ,2026-03-20 00:00:00,EKS000005729,СП,ME-101-06-K-20,WH1,2.45000,КГ,11.00000,,,,,,,0.00000,0.00000,n.bezrukov,Пакет интерфейса поставки:a05bb73c-7514-4a36-b47a-b1c16ed3b6f3,2026-03-23 12:35:17,321106,1996401,2565874,0,ЭКС,,3844377,,,,Годен,,,,
2531386,320627,New,End,,,2565875,,1.00000,ПЧ,СМ,,RECV-01,WH1,3.00000,249633,,"Разъем UTP RJ-45 (8P8C), CAT 5e PROconnect",14.00000,NEW Класс B,,,0,100.00000,ШТ,2026-03-20 00:00:00,EKS000005729,СП,ME-101-05-H-20,WH1,0.06000,КГ,9.00000,,,,,,,0.00000,0.00000,n.bezrukov,Пакет интерфейса поставки:a05bb73c-7514-4a36-b47a-b1c16ed3b6f3,2026-03-23 12:35:17,321106,1996423,2565875,0,ЭКС,,3844378,,,,Годен,,,,
2531387,320627,New,End,,,2565877,,1.00000,ПЧ,СМ,,RECV-01,WH1,2.00000,203045,,ПЕРЕХОД гнездо F - штекер TV REXANT,15.00000,NEW Класс B,,,0,100.00000,ШТ,2026-03-20 00:00:00,EKS000005729,СП,ME-212-02-F-20,WH1,1.00000,КГ,15.00000,,,,,,,0.00000,0.00000,n.bezrukov,Пакет интерфейса поставки:a05bb73c-7514-4a36-b47a-b1c16ed3b6f3,2026-03-23 12:35:17,321106,1996396,2565877,0,ЭКС,,3844380,,,,Годен,,,,
2531388,320627,New,End,,,2565878,,10.00000,ШТ,СМ,,RECV-01,WH1,16.00000,292934,,"Кабель RG-6U, (48%), 75 Ом, 20м., белый  PROCONNECT",16.00000,NEW Класс C,,,0,10.00000,ШТ,2026-03-20 00:00:00,EKS000005729,СП,ME-120-04-D-50,WH1,2.00000,КГ,6.00000,,,,,,,0.00000,0.00000,n.bezrukov,Пакет интерфейса поставки:a05bb73c-7514-4a36-b47a-b1c16ed3b6f3,2026-03-23 12:35:17,321106,1996418,2565878,0,ЭКС,,3844381,,,,Годен,,,,
2531389,320627,New,End,,,2565880,,1.00000,КР,СМ,4712-12-31 00:00:00,RECV-01,WH1,25.00000,184790,,"Кабель RG-6U, (48%), 75 Ом, 100м.,   PROCONNECT",56.00000,NEW Кабель и провод,100,,0,600.00000,М,2026-03-20 00:00:00,EKS000005729,СП,ZX-09-17-B-15,WH1,21.00000,КГ,28.00000,,,,,,,0.00000,0.00000,a.savitskiy,Пакет интерфейса поставки:a05bb73c-7514-4a36-b47a-b1c16ed3b6f3,2026-03-23 12:35:17,321106,1996388,2565880,0,ЭКС,,3844383,,,,Годен,,,,
2531390,320627,New,End,,,2565882,,5.00000,ББ,СМ,4712-12-31 00:00:00,RECV-01,WH1,8.00000,184791,,"Кабель RG-6U+CU, (64%), 75 Ом, 100м., белый  REXANT",28.00000,NEW Кабель и провод,100,,0,500.00000,М,2026-03-20 00:00:00,EKS000005729,СП,ZX-09-17-E-15,WH1,32.50000,КГ,28.00000,,,,,,,0.00000,0.00000,a.savitskiy,Пакет интерфейса поставки:a05bb73c-7514-4a36-b47a-b1c16ed3b6f3,2026-03-23 12:35:17,321106,1996389,2565882,0,ЭКС,,3844385,,,,Годен,,,,
2531391,320627,New,End,,,2565885,,4.00000,ББ,СМ,4712-12-31 00:00:00,RECV-01,WH1,7.00000,184790,,"Кабель RG-6U, (48%), 75 Ом, 100м.,   PROCONNECT",28.00000,NEW Кабель и провод,100,,0,400.00000,М,2026-03-20 00:00:00,EKS000005729,СП,ZX-09-17-B-15,WH1,13.20000,КГ,28.00000,,,,,,,0.00000,0.00000,a.savitskiy,Пакет интерфейса поставки:a05bb73c-7514-4a36-b47a-b1c16ed3b6f3,2026-03-23 12:35:17,321106,1996388,2565885,0,ЭКС,,3844389,,,,Годен,,,,
2531392,320627,New,End,,,2565887,,1.00000,КР,СМ,4712-12-31 00:00:00,RECV-01,WH1,24.00000,184791,,"Кабель RG-6U+CU, (64%), 75 Ом, 100м., белый  REXANT",56.00000,NEW Кабель и провод,100,,0,600.00000,М,2026-03-20 00:00:00,EKS000005729,СП,ZX-09-17-E-15,WH1,39.00000,КГ,28.00000,,,,,,,0.00000,0.00000,a.savitskiy,Пакет интерфейса поставки:a05bb73c-7514-4a36-b47a-b1c16ed3b6f3,2026-03-23 12:35:17,321106,1996389,2565887,0,ЭКС,,3844391,,,,Годен,,,,
2531393,320627,New,End,,,2565889,,11.00000,КР,СМ,4712-12-31 00:00:00,RECV-01,WH1,24.00000,184793,,"Кабель SAT 703B+Cu/Al/Cu, 75 Ом, 100м., белый  REXANT",54.00000,NEW Кабель и провод,100,,0,6600.00000,М,2026-03-20 00:00:00,EKS000005729,СП,ZX-05-25-A-10,WH1,275.00000,КГ,36.00000,,,,,,,0.00000,0.00000,a.savitskiy,Пакет интерфейса поставки:a05bb73c-7514-4a36-b47a-b1c16ed3b6f3,2026-03-23 12:35:17,321106,1996390,2565889,0,ЭКС,,3844394,,,,Годен,,,,
2531394,320627,New,End,,,2565891,,1.00000,ШТ,СМ,,RECV-01,WH1,18.00000,357586,,"Минибухта UTP REXANT 4PR 24AWG, CU (медь), CAT5e, 100 МГц, PVC, серый, бухта 50 м",18.00000,NEW Класс B,,,0,1.00000,ШТ,2026-03-20 00:00:00,EKS000005729,СП,ME-110-04-D-10,WH1,0.40000,КГ,7.00000,,,,,,,0.00000,0.00000,a.manokhin,Пакет интерфейса поставки:a05bb73c-7514-4a36-b47a-b1c16ed3b6f3,2026-03-23 12:35:17,321106,1996410,2565891,0,ЭКС,,3844399,,,,Годен,,,,
2531395,320627,New,End,,,2565892,,4.00000,ББ,СМ,4712-12-31 00:00:00,RECV-01,WH1,10.00000,184793,,"Кабель SAT 703B+Cu/Al/Cu, 75 Ом, 100м., белый  REXANT",27.00000,NEW Кабель и провод,100,,0,400.00000,М,2026-03-20 00:00:00,EKS000005729,СП,ZX-05-25-A-10,WH1,16.00000,КГ,27.00000,,,,,,,0.00000,0.00000,a.savitskiy,Пакет интерфейса поставки:a05bb73c-7514-4a36-b47a-b1c16ed3b6f3,2026-03-23 12:35:17,321106,1996390,2565892,0,ЭКС,,3844400,,,,Годен,,,,
2531396,320627,New,End,,,2565894,,10.00000,ШТ,СМ,,RECV-01,WH1,7.00000,292936,,"Кабель SAT 703B+Cu/Al/Cu,(75%), 75 Ом, 10м., белый  REXANT",12.00000,NEW Класс C,,,0,10.00000,ШТ,2026-03-20 00:00:00,EKS000005729,СП,ME-103-07-F-10,WH1,2.00000,КГ,12.00000,,,,,,,0.00000,0.00000,a.savitskiy,Пакет интерфейса поставки:a05bb73c-7514-4a36-b47a-b1c16ed3b6f3,2026-03-23 12:35:17,321106,1996416,2565894,0,ЭКС,,3844402,,,,Годен,,,,
2531397,320627,New,End,,,2565896,,2.00000,ШТ,СМ,,RECV-01,WH1,17.00000,357585,,"Минибухта UTP REXANT 4PR 24AWG, CU (медь), CAT5e, 100 МГц, PVC, серый, бухта 25 м",17.00000,NEW Класс B,,,0,2.00000,ШТ,2026-03-20 00:00:00,EKS000005729,СП,ME-113-08-B-10,WH1,0.80000,КГ,6.00000,,,,,,,0.00000,0.00000,n.bezrukov,Пакет интерфейса поставки:a05bb73c-7514-4a36-b47a-b1c16ed3b6f3,2026-03-23 12:35:17,321106,1996411,2565896,0,ЭКС,,3844404,,,,Годен,,,,
2531398,320627,New,End,,,2565897,,2.00000,ПЧ,СМ,,RECV-01,WH1,3.00000,203050,,ПЕРЕХОД гнездо F - штекер TV угловой REXANT,13.00000,NEW Класс C,,,0,100.00000,ШТ,2026-03-20 00:00:00,EKS000005729,СП,ME-101-07-A-30,WH1,0.40000,КГ,11.00000,,,,,,,0.00000,0.00000,n.bezrukov,Пакет интерфейса поставки:a05bb73c-7514-4a36-b47a-b1c16ed3b6f3,2026-03-23 12:35:17,321106,1996395,2565897,0,ЭКС,,3844407,,,,Годен,,,,
2531399,320627,New,End,,,2565899,,2.00000,ПЧ,СМ,,RECV-01,WH1,14.00000,268669,,"Сетевое зарядное устройство iPhone/iPod USB белое (СЗУ) (5V, 1000 mA)",25.00000,NEW Класс A,,,0,20.00000,ШТ,2026-03-20 00:00:00,EKS000005729,СП,ME-206-07-L-20,WH1,1.00000,КГ,4.00000,,,,,,,0.00000,0.00000,n.bezrukov,Пакет интерфейса поставки:a05bb73c-7514-4a36-b47a-b1c16ed3b6f3,2026-03-23 12:35:17,321106,1996421,2565899,0,ЭКС,,3844409,,,,Годен,,,,
2531400,320627,New,End,,,2565900,,1.00000,ПЧ,СМ,,RECV-01,WH1,9.00000,516369,,Бур по бетону 8x160x100 мм (2 грани) SDS-Plus (Kranz),24.00000,NEW Заказной товар,,,0,10.00000,ШТ,2026-03-20 00:00:00,EKS000005729,СП,ME-101-07-G-40,WH1,0.50000,КГ,12.00000,,,,,,,0.00000,0.00000,n.bezrukov,Пакет интерфейса поставки:a05bb73c-7514-4a36-b47a-b1c16ed3b6f3,2026-03-23 12:35:17,321106,1996405,2565900,0,ЭКС,,3844410,,,,Годен,,,,
2531401,320627,New,End,,,2565901,,2.00000,БЛ,СМ,,RECV-01,WH1,2.00000,197266,,"ПЕРЕХОД гнездо F - гнездо F ""БОЧКА"" REXANT",10.00000,NEW Класс B,,,0,200.00000,ШТ,2026-03-20 00:00:00,EKS000005729,СП,ME-101-07-H-20,WH1,0.60000,КГ,8.00000,,,,,,,0.00000,0.00000,n.bezrukov,Пакет интерфейса поставки:a05bb73c-7514-4a36-b47a-b1c16ed3b6f3,2026-03-23 12:35:17,321106,1996400,2565901,0,ЭКС,,3844411,,,,Годен,,,,
2531402,320627,New,End,,,2565903,,10.00000,ШТ,СМ,,RECV-01,WH1,3.00000,575380,,"Изолента высоковольтная самослипающаяся, до 1кВ, 0.76х25 мм, 5 м Kranz",12.00000,NEW Заказной товар,,,0,10.00000,ШТ,2026-03-20 00:00:00,EKS000005729,СП,ME-101-07-H-30,WH1,2.00000,КГ,9.50000,,,,,,,0.00000,0.00000,n.bezrukov,Пакет интерфейса поставки:a05bb73c-7514-4a36-b47a-b1c16ed3b6f3,2026-03-23 12:35:17,321106,1996404,2565903,0,ЭКС,,3844414,,,,Годен,,,,
2531403,320627,New,End,,,2565908,,20.00000,ББ,СМ,4712-12-31 00:00:00,RECV-01,WH1,11.00000,1298,,"Кабель КСПВ 4х0,5",17.00000,NEW Кабель и провод,200,,0,4000.00000,М,2026-03-20 00:00:00,EKS000005729,СП,ZX-09-19-A-15,WH1,30.00000,КГ,17.00000,,,,,,,0.00000,0.00000,a.manokhin,Пакет интерфейса поставки:a05bb73c-7514-4a36-b47a-b1c16ed3b6f3,2026-03-23 12:35:17,321106,1996386,2565908,0,ЭКС,,3844419,,,,Годен,,,,
2531404,320627,New,End,,,2565909,,5.00000,ББ,СМ,4712-12-31 00:00:00,RECV-01,WH1,12.00000,1297,,"Кабель КСПВ 4х0,4",17.00000,NEW Кабель и провод,200,,0,1000.00000,М,2026-03-20 00:00:00,EKS000005729,СП,ZX-09-19-C-15,WH1,12.00000,КГ,17.00000,,,,,,,0.00000,0.00000,a.manokhin,Пакет интерфейса поставки:a05bb73c-7514-4a36-b47a-b1c16ed3b6f3,2026-03-23 12:35:17,321106,1996385,2565909,0,ЭКС,,3844420,,,,Годен,,,,
2531405,320627,New,End,,,2565910,,3.00000,ПЧ,СМ,,RECV-01,WH1,4.00000,268666,,Шнур USB 3.1 type C (male)- USB 2.0 (male) 1М  REXANT,19.00000,NEW Класс A,,,0,30.00000,ШТ,2026-03-20 00:00:00,EKS000005729,СП,ME-103-04-E-50,WH1,0.90000,КГ,10.00000,,,,,,,0.00000,0.00000,n.bezrukov,Пакет интерфейса поставки:a05bb73c-7514-4a36-b47a-b1c16ed3b6f3,2026-03-23 12:35:17,321106,1996422,2565910,0,ЭКС,,3844421,,,,Годен,,,,
2531406,320627,New,End,,,2565911,,2.00000,БЛ,СМ,,RECV-01,WH1,16.00000,295979,,"USB кабель для iPhone 5/6/7 моделей, шнур в металлической оплетке, серебристый REXANT",20.00000,NEW Класс C,,,0,20.00000,ШТ,2026-03-20 00:00:00,EKS000005729,СП,ME-207-04-B-20,WH1,0.60000,КГ,10.00000,,,,,,,0.00000,0.00000,n.bezrukov,Пакет интерфейса поставки:a05bb73c-7514-4a36-b47a-b1c16ed3b6f3,2026-03-23 12:35:17,321106,1996413,2565911,0,ЭКС,,3844422,,,,Годен,,,,
2531407,320627,New,End,,,2565912,,3.00000,ШТ,СМ,,RECV-01,WH1,16.00000,292938,,"Кабель SAT 703B+Cu/Al/Cu,(75%), 75 Ом, 20м., белый  REXANT",16.00000,NEW Класс B,,,0,3.00000,ШТ,2026-03-20 00:00:00,EKS000005729,СП,ME-119-04-F-30,WH1,0.60000,КГ,7.00000,,,,,,,0.00000,0.00000,a.manokhin,Пакет интерфейса поставки:a05bb73c-7514-4a36-b47a-b1c16ed3b6f3,2026-03-23 12:35:17,321106,1996414,2565912,0,ЭКС,,3844423,,,,Годен,,,,
2531408,320627,New,End,,,2565913,,10.00000,ШТ,СМ,,RECV-01,WH1,8.00000,292937,,"Кабель SAT 703B+Cu/Al/Cu,(75%), 75 Ом, 50м., белый  REXANT",22.00000,NEW Класс C,,,0,10.00000,ШТ,2026-03-20 00:00:00,EKS000005729,СП,ME-111-07-A-20,WH1,5.00000,КГ,22.00000,,,,,,,0.00000,0.00000,a.manokhin,Пакет интерфейса поставки:a05bb73c-7514-4a36-b47a-b1c16ed3b6f3,2026-03-23 12:35:17,321106,1996415,2565913,0,ЭКС,,3844424,,,,Годен,,,,
2531409,320627,New,End,,,2565914,,1.00000,ПЧ,СМ,,RECV-01,WH1,10.00000,431746,,USB кабель для iPhone 5/6/7 моделей шнур 1М черный REXANT,22.00000,NEW Класс C,,,0,10.00000,ШТ,2026-03-20 00:00:00,EKS000005729,СП,ME-120-07-C-30,WH1,0.30000,КГ,17.00000,,,,,,,0.00000,0.00000,n.bezrukov,Пакет интерфейса поставки:a05bb73c-7514-4a36-b47a-b1c16ed3b6f3,2026-03-23 12:35:17,321106,1996408,2565914,0,ЭКС,,3844425,,,,Годен,,,,
2531410,320627,New,End,,,2565915,,7.00000,ПЧ,СМ,,RECV-01,WH1,5.00000,312137,,Шнур USB 3.1 type C (male)- USB 2.0 (male) в тканевой оплетке 1М silver REXANT,25.00000,NEW Класс C,,,0,70.00000,ШТ,2026-03-20 00:00:00,EKS000005729,СП,ME-207-04-A-40,WH1,1.40000,КГ,21.00000,,,,,,,0.00000,0.00000,n.bezrukov,Пакет интерфейса поставки:a05bb73c-7514-4a36-b47a-b1c16ed3b6f3,2026-03-23 12:35:17,321106,1996412,2565915,0,ЭКС,,3844426,,,,Годен,,,,
2531411,320627,New,End,,,2565947,,4.00000,БЛ,СМ,,RECV-01,WH1,15.00000,200520,,"ДЕЛИТЕЛЬ ТВ x 2 + 3шт. F ""BOX"" 5-1000 МГц ""Silver"" REXANT",18.00000,NEW Класс A,,,0,40.00000,ШТ,2026-03-20 00:00:00,EKS000005729,СП,ME-118-02-B-40,WH1,3.32000,КГ,16.00000,,,,,,,0.00000,0.00000,n.bezrukov,Пакет интерфейса поставки:a05bb73c-7514-4a36-b47a-b1c16ed3b6f3,2026-03-23 12:35:17,321106,1996398,2565947,0,ЭКС,,3844465,,,,Годен,,,,
2531412,320627,New,End,,,2565949,,4.00000,ШТ,СМ,,RECV-01,WH1,14.00000,292933,,"Кабель RG-6U, (48%), 75 Ом, 10м., белый  PROCONNECT",14.00000,NEW Класс C,,,0,4.00000,ШТ,2026-03-20 00:00:00,EKS000005729,СП,ME-119-08-D-40,WH1,1.20000,КГ,6.00000,,,,,,,0.00000,0.00000,n.bezrukov,Пакет интерфейса поставки:a05bb73c-7514-4a36-b47a-b1c16ed3b6f3,2026-03-23 12:35:17,321106,1996419,2565949,0,ЭКС,,3844467,,,,Годен,,,,
2531413,320627,New,End,,,2565953,,5.00000,ШТ,СМ,,RECV-01,WH1,20.00000,292935,,"Кабель RG-6U, (48%), 75 Ом, 50м., белый  PROCONNECT",20.00000,NEW Класс C,,,0,5.00000,ШТ,2026-03-20 00:00:00,EKS000005729,СП,ME-112-01-D-30,WH1,1.50000,КГ,8.00000,,,,,,,0.00000,0.00000,n.bezrukov,Пакет интерфейса поставки:a05bb73c-7514-4a36-b47a-b1c16ed3b6f3,2026-03-23 12:35:17,321106,1996417,2565953,0,ЭКС,,3844471,,,,Годен,,,,
2531414,320627,New,End,,,2565955,,1.00000,КР,СМ,,RECV-01,WH1,36.00000,292938,,"Кабель SAT 703B+Cu/Al/Cu,(75%), 75 Ом, 20м., белый  REXANT",34.00000,NEW Класс B,,,0,20.00000,ШТ,2026-03-20 00:00:00,EKS000005729,СП,ME-116-02-C-50,WH1,16.00000,КГ,34.00000,,,,,,,0.00000,0.00000,n.bezrukov,Пакет интерфейса поставки:a05bb73c-7514-4a36-b47a-b1c16ed3b6f3,2026-03-23 12:35:17,321106,1996414,2565955,0,ЭКС,,3844473,,,,Годен,,,,
2531415,320627,New,End,,,2565962,,1.00000,ШТ,СМ,,RECV-01,WH1,6.00000,874885,,Мультиметр универсальный UT89XD,22.00000,NEW Заказной товар,,,0,1.00000,ШТ,2026-03-20 00:00:00,EKS000005729,СП,ME-215-05-C-30,WH1,0.54000,КГ,16.00000,,,,,,,0.00000,0.00000,n.bezrukov,Пакет интерфейса поставки:a05bb73c-7514-4a36-b47a-b1c16ed3b6f3,2026-03-23 12:35:17,321106,1996391,2565962,0,ЭКС,,3844481,,,,Годен,,,,
2531416,320627,New,End,,,2565964,,50.00000,ШТ,СМ,,RECV-01,WH1,1.30000,184799,,"РАЗЪЁМ  F-разъём  RG-6   ""AB"" (03-008C)  PROCONNECT",2.00000,NEW Класс C,,,0,50.00000,ШТ,2026-03-20 00:00:00,EKS000005729,СП,ME-102-04-C-20,WH1,0.05000,КГ,1.30000,,,,,,,0.00000,0.00000,n.bezrukov,Пакет интерфейса поставки:a05bb73c-7514-4a36-b47a-b1c16ed3b6f3,2026-03-23 12:35:17,321106,1996402,2565964,0,ЭКС,,3844483,,,,Годен,,,,
2531417,320628,New,End,,,2565986,,5.00000,ШТ,СМ,,RECV-01,WH1,0.30000,513333,,Шина М1T 3х25х4000 мм EKF PROxima,400.00000,NEW Шины 4 м,,,0,5.00000,ШТ,2026-04-01 00:00:00,EKS000005736,СП,ZX-20-38-A-10,WH1,20.00000,КГ,2.50000,,,,,,,0.00000,0.00000,a.savitskiy,Пакет интерфейса поставки:a05bb73c-7514-4a36-b47a-b1c16ed3b6f3,2026-03-23 12:35:26,321113,1996440,2565986,0,ЭКС,,3844509,,,,Годен,,,,
2531418,320629,New,End,,,CNT02571656,,70.00000,М,СМ,4712-12-31 00:00:00,RECV-01,WH1,1.94000,306710,,"Кабель АВБШвнг(А)-LS 5х6-0,66",100.00000,NEW Кабель и провод нест,CNT02571656,,0,70.00000,М,2026-03-20 00:00:00,EKS000005751,СП,ZX-11-18-A-10,WH1,44.03000,КГ,1.94000,,,,,,,0.00000,0.00000,a.savitskiy,Пакет интерфейса поставки:a05bb73c-7514-4a36-b47a-b1c16ed3b6f3,2026-03-23 12:35:35,321131,1996536,2566047,0,ЭКС,,3844596,,,,Годен,,,,
2531419,320630,New,End,,,2566025,,11.00000,ШТ,СМ,,RECV-01,WH1,7.00000,534184,,Светильник LED ALED. 52П 52Вт 6966Лм 6500К прозрачный IP65 1265х120х90мм 3 года гарантии,127.00000,NEW Длинные ЭЛО < 2 м,,,0,11.00000,ШТ,2026-03-23 00:00:00,EKS000005747,СП,ZX-20-32-C-30,WH1,22.00000,КГ,13.00000,,,,,,,0.00000,0.00000,r.sagaidak,Пакет интерфейса поставки:9766a435-8519-4c58-b01a-fda9278cc194,2026-03-23 12:41:15,321127,1996504,2566025,0,ЭКС,,3844573,,,,Годен,,,,
2531420,320631,New,End,,,2565945,,1.00000,ПЧ,СМ,,RECV-01,WH1,5.00000,397422,,Клемма тройная КСВ 16-50 серая EKF,21.00000,NEW Заказной товар,,,0,8.00000,ШТ,2026-04-01 00:00:00,EKS000005737,СП,ME-102-03-D-30,WH1,1.00000,КГ,11.00000,,,,,,,0.00000,0.00000,a.savitskiy,Пакет интерфейса поставки:ff067b41-daa3-4780-a6a3-6e9c74594f21,2026-03-23 12:43:07,321114,1996445,2565945,0,ЭКС,,3844464,,,,Годен,,,,
2531421,320631,New,End,,,2565946,,2.00000,ШТ,СМ,,RECV-01,WH1,4.00000,397422,,Клемма тройная КСВ 16-50 серая EKF,5.00000,NEW Заказной товар,,,0,2.00000,ШТ,2026-04-01 00:00:00,EKS000005737,СП,ME-102-03-D-30,WH1,0.20000,КГ,5.00000,,,,,,,0.00000,0.00000,a.savitskiy,Пакет интерфейса поставки:ff067b41-daa3-4780-a6a3-6e9c74594f21,2026-03-23 12:43:07,321114,1996445,2565946,0,ЭКС,,3844464,,,,Годен,,,,
2531422,320631,New,End,,,2565948,,1.00000,УП,СМ,,RECV-01,WH1,4.00000,330957,,Зажим СИЗ-5 (3-17мм2) (100шт.) красный EKF,15.00000,NEW Заказной товар,,,0,1.00000,УП,2026-04-01 00:00:00,EKS000005737,СП,ME-213-02-E-20,WH1,0.20000,КГ,14.00000,,,,,,,0.00000,0.00000,a.savitskiy,Пакет интерфейса поставки:ff067b41-daa3-4780-a6a3-6e9c74594f21,2026-03-23 12:43:07,321114,1996442,2565948,0,ЭКС,,3844466,,,,Годен,,,,
2531423,320631,New,End,,,2565950,,1.00000,ШТ,СМ,,RECV-01,WH1,4.00000,599734,,Устройство защиты от дугового пробоя (УЗДП) 2P 32А EKF PROxima,8.00000,NEW Заказной товар,,,0,1.00000,ШТ,2026-04-01 00:00:00,EKS000005737,СП,ME-102-03-E-40,WH1,0.21200,КГ,8.00000,,,,,,,0.00000,0.00000,a.savitskiy,Пакет интерфейса поставки:ff067b41-daa3-4780-a6a3-6e9c74594f21,2026-03-23 12:43:07,321114,1996444,2565950,0,ЭКС,,3844468,,,,Годен,,,,
2531424,320631,New,End,,,2565954,,1.00000,ШТ,СМ,,RECV-01,WH1,8.00000,388004,,ИК датчик движения встраив. 1200Вт 360гр. до 6м IP20 EKF,12.00000,NEW Заказной товар,,,0,1.00000,ШТ,2026-04-01 00:00:00,EKS000005737,СП,ME-102-03-H-30,WH1,0.20000,КГ,8.00000,,,,,,,0.00000,0.00000,a.savitskiy,Пакет интерфейса поставки:ff067b41-daa3-4780-a6a3-6e9c74594f21,2026-03-23 12:43:07,321114,1996441,2565954,0,ЭКС,,3844472,,,,Годен,,,,
2531425,320631,New,End,,,2565956,,4.00000,ШТ,СМ,,RECV-01,WH1,14.00000,731243,,Коробка соединительная Heat box 120 SD,18.00000,NEW Заказной товар,,,0,4.00000,ШТ,2026-04-01 00:00:00,EKS000005737,СП,ME-214-04-B-20,WH1,5.20000,КГ,14.00000,,,,,,,0.00000,0.00000,a.savitskiy,Пакет интерфейса поставки:ff067b41-daa3-4780-a6a3-6e9c74594f21,2026-03-23 12:43:07,321114,1996443,2565956,0,ЭКС,,3844474,,,,Годен,,,,
2531426,320632,New,End,,,2565919,,2.00000,ШТ,СМ,,RECV-01,WH1,5.00000,331445,,Реле контроля фаз многофункциональное RKF-8 EKF PROxima,10.00000,NEW Заказной товар,,,0,2.00000,ШТ,2026-04-01 00:00:00,EKS000005739,СП,ME-101-08-F-30,WH1,0.10000,КГ,8.00000,,,,,,,0.00000,0.00000,a.savitskiy,Пакет интерфейса поставки:efb26f90-b2b9-4c62-806d-10c98013be93,2026-03-23 12:45:28,321116,1996462,2565919,0,ЭКС,,3844431,,,,Годен,,,,
2531427,320632,New,End,,,2565921,,1.00000,ШТ,СМ,,RECV-01,WH1,2.50000,398441,,Блок питания 24В DR-15W-24 EKF PROxima,10.00000,NEW Заказной товар,,,0,1.00000,ШТ,2026-04-01 00:00:00,EKS000005739,СП,ME-101-08-F-40,WH1,0.10000,КГ,6.00000,,,,,,,0.00000,0.00000,a.savitskiy,Пакет интерфейса поставки:efb26f90-b2b9-4c62-806d-10c98013be93,2026-03-23 12:45:28,321116,1996461,2565921,0,ЭКС,,3844433,,,,Годен,,,,
2531428,320632,New,End,,,2565922,,1.00000,ШТ,СМ,,RECV-01,WH1,4.00000,129822,,Ограничитель имп. перенапр. ОПВ-C/2P In 20кА 400В EKF,10.00000,NEW Заказной товар,,,0,1.00000,ШТ,2026-04-01 00:00:00,EKS000005739,СП,ME-101-08-K-30,WH1,0.18000,КГ,7.00000,,,,,,,0.00000,0.00000,a.savitskiy,Пакет интерфейса поставки:efb26f90-b2b9-4c62-806d-10c98013be93,2026-03-23 12:45:28,321116,1996452,2565922,0,ЭКС,,3844434,,,,Годен,,,,
2531429,320632,New,End,,,2565924,,3.00000,ШТ,СМ,,RECV-01,WH1,5.00000,99628,,Приставка ПКЭ-20 EKF,4.00000,NEW Заказной товар,,,0,3.00000,ШТ,2026-04-01 00:00:00,EKS000005739,СП,ME-101-08-L-40,WH1,0.30000,КГ,3.00000,,,,,,,0.00000,0.00000,a.savitskiy,Пакет интерфейса поставки:efb26f90-b2b9-4c62-806d-10c98013be93,2026-03-23 12:45:28,321116,1996453,2565924,0,ЭКС,,3844436,,,,Годен,,,,
2531430,320632,New,End,,,2565930,,1.00000,ПЧ,СМ,,RECV-01,WH1,7.00000,144855,,Разъем модульный РМ 22/3 EKF rm-22-3,15.00000,NEW Заказной товар,,,0,20.00000,ШТ,2026-04-01 00:00:00,EKS000005739,СП,ME-205-07-A-10,WH1,0.85000,КГ,15.00000,,,,,,,0.00000,0.00000,a.savitskiy,Пакет интерфейса поставки:efb26f90-b2b9-4c62-806d-10c98013be93,2026-03-23 12:45:28,321116,1996451,2565930,0,ЭКС,,3844442,,,,Годен,,,,
2531431,320632,New,End,,,2565932,,1.00000,ШТ,СМ,,RECV-01,WH1,4.00000,417804,,Дифференциальный автомат DVA-6 1P+N 16А (B)  30мА (A) 6кА EKF AVERES,10.00000,NEW Заказной товар,,,0,1.00000,ШТ,2026-04-01 00:00:00,EKS000005739,СП,ME-102-02-F-30,WH1,0.25000,КГ,9.00000,,,,,,,0.00000,0.00000,a.savitskiy,Пакет интерфейса поставки:efb26f90-b2b9-4c62-806d-10c98013be93,2026-03-23 12:45:28,321116,1996460,2565932,0,ЭКС,,3844444,,,,Годен,,,,
2531432,320632,New,End,,,2565934,,5.00000,ПЧ,СМ,,RECV-01,WH1,6.00000,607992,,EKF PROxima Матрица светодиодная AD16-22HS зеленый 230 В AC IP65,16.00000,NEW Заказной товар,,,0,50.00000,ШТ,2026-04-01 00:00:00,EKS000005739,СП,ME-114-05-B-20,WH1,1.10000,КГ,7.00000,,,,,,,0.00000,0.00000,a.savitskiy,Пакет интерфейса поставки:efb26f90-b2b9-4c62-806d-10c98013be93,2026-03-23 12:45:28,321116,1996458,2565934,0,ЭКС,,3844447,,,,Годен,,,,
2531433,320632,New,End,,,2565936,,5.00000,ПЧ,СМ,,RECV-01,WH1,6.00000,607993,,EKF PROxima Матрица светодиодная AD16-22HS красный 230 В AC IP65,16.00000,NEW Заказной товар,,,0,50.00000,ШТ,2026-04-01 00:00:00,EKS000005739,СП,ME-122-02-C-40,WH1,1.00000,КГ,6.00000,,,,,,,0.00000,0.00000,a.savitskiy,Пакет интерфейса поставки:efb26f90-b2b9-4c62-806d-10c98013be93,2026-03-23 12:45:28,321116,1996457,2565936,0,ЭКС,,3844449,,,,Годен,,,,
2531434,320632,New,End,,,2565960,,3.00000,ШТ,СМ,,RECV-01,WH1,17.00000,883296,,Пускатель электромагнитный ПМ12-160100 220В EKF,20.50000,NEW Заказной товар,,,0,3.00000,ШТ,2026-04-01 00:00:00,EKS000005739,СП,ME-215-04-E-30,WH1,15.90000,КГ,20.00000,,,,,,,0.00000,0.00000,a.savitskiy,Пакет интерфейса поставки:efb26f90-b2b9-4c62-806d-10c98013be93,2026-03-23 12:45:28,321116,1996447,2565960,0,ЭКС,,3844479,,,,Годен,,,,
2531435,320632,New,End,,,2565963,,1.00000,ШТ,СМ,,RECV-01,WH1,5.00000,758148,,Индуктивный бесконтактный датчик PROXIS-2-30-15-P-NO-M12,15.00000,NEW Заказной товар,,,0,1.00000,ШТ,2026-04-01 00:00:00,EKS000005739,СП,ME-102-04-A-30,WH1,0.12000,КГ,10.00000,,,,,,,0.00000,0.00000,a.savitskiy,Пакет интерфейса поставки:efb26f90-b2b9-4c62-806d-10c98013be93,2026-03-23 12:45:28,321116,1996455,2565963,0,ЭКС,,3844482,,,,Годен,,,,
2531436,320632,New,End,,,2565968,,3.00000,ШТ,СМ,,RECV-01,WH1,2.00000,760853,,EKF Сменный модуль к ОПВ-D In-5кА 275В с сигнализацией,5.50000,NEW Заказной товар,,,0,3.00000,ШТ,2026-04-01 00:00:00,EKS000005739,СП,ME-102-04-F-30,WH1,0.12000,КГ,4.00000,,,,,,,0.00000,0.00000,a.savitskiy,Пакет интерфейса поставки:efb26f90-b2b9-4c62-806d-10c98013be93,2026-03-23 12:45:28,321116,1996454,2565968,0,ЭКС,,3844485,,,,Годен,,,,
2531437,320632,New,End,,,2565969,,3.00000,ШТ,СМ,,RECV-01,WH1,5.65000,639766,,Сменный модуль к УЗИП Т1+Т2 EKF PROxima,4.70000,NEW Заказной товар,,,0,3.00000,ШТ,2026-04-01 00:00:00,EKS000005739,СП,ME-102-04-H-20,WH1,0.24000,КГ,1.75000,,,,,,,0.00000,0.00000,a.savitskiy,Пакет интерфейса поставки:efb26f90-b2b9-4c62-806d-10c98013be93,2026-03-23 12:45:28,321116,1996456,2565969,0,ЭКС,,3844486,,,,Годен,,,,
2531438,320632,New,End,,,2565971,,2.00000,ШТ,СМ,,RECV-01,WH1,8.00000,607485,,"Устройство защиты от импульсных перенапряжений Т1+Т2; Iimp-12,5kA; In-20kA; Uc-275В; 3+1 EKF",10.00000,NEW Заказной товар,,,0,2.00000,ШТ,2026-04-01 00:00:00,EKS000005739,СП,ME-102-04-J-20,WH1,1.04000,КГ,8.00000,,,,,,,0.00000,0.00000,a.savitskiy,Пакет интерфейса поставки:efb26f90-b2b9-4c62-806d-10c98013be93,2026-03-23 12:45:28,321116,1996459,2565971,0,ЭКС,,3844488,,,,Годен,,,,
2531439,320632,New,End,,,2565977,,1.00000,ПЧ,СМ,,RECV-01,WH1,6.50000,883294,,EKF PROxima Матрица светодиодная AD16-22HS желтый 230 В AC IP65,16.00000,NEW Заказной товар,,,0,10.00000,ШТ,2026-04-01 00:00:00,EKS000005739,СП,ME-102-05-A-30,WH1,0.23000,КГ,6.50000,,,,,,,0.00000,0.00000,a.savitskiy,Пакет интерфейса поставки:efb26f90-b2b9-4c62-806d-10c98013be93,2026-03-23 12:45:28,321116,1996449,2565977,0,ЭКС,,3844494,,,,Годен,,,,
2531440,320632,New,End,,,2565978,,20.00000,УП,СМ,,RECV-01,WH1,3.00000,330912,,"Хомут нейлоновый (4,8х450) (100шт.) EKF Basic",45.00000,NEW Заказной товар,,,0,20.00000,УП,2026-04-01 00:00:00,EKS000005739,СП,ME-207-07-E-30,WH1,4.00000,КГ,10.00000,,,,,,,0.00000,0.00000,a.savitskiy,Пакет интерфейса поставки:efb26f90-b2b9-4c62-806d-10c98013be93,2026-03-23 12:45:28,321116,1996463,2565978,0,ЭКС,,3844495,,,,Годен,,,,
2531441,320632,New,End,,,2565997,,2.00000,ШТ,СМ,,RECV-01,WH1,8.00000,883297,,"Трансформатор тока ТТЕ-Р 58 300/5А 0,5 3,75ВА",19.50000,NEW Заказной товар,,,0,2.00000,ШТ,2026-04-01 00:00:00,EKS000005739,СП,ME-218-04-F-30,WH1,2.36000,КГ,15.00000,,,,,,,0.00000,0.00000,a.savitskiy,Пакет интерфейса поставки:efb26f90-b2b9-4c62-806d-10c98013be93,2026-03-23 12:45:28,321116,1996464,2565997,0,ЭКС,,3844523,,,,Годен,,,,
2531442,320632,New,End,,,2566007,,1.00000,ПЧ,СМ,,RECV-01,WH1,6.50000,144856,,Реле промежуточное РП 22/3 5А 230В АС EKF rp-22-3-230,14.00000,NEW Заказной товар,,,0,20.00000,ШТ,2026-04-01 00:00:00,EKS000005739,СП,ME-102-08-K-40,WH1,0.69000,КГ,10.00000,,,,,,,0.00000,0.00000,a.savitskiy,Пакет интерфейса поставки:efb26f90-b2b9-4c62-806d-10c98013be93,2026-03-23 12:45:28,321116,1996450,2566007,0,ЭКС,,3844540,,,,Годен,,,,
2531443,320632,New,End,,,2566010,,2.00000,ШТ,СМ,,RECV-01,WH1,10.00000,883295,,Ограничитель имп. перенапр. ОПВ-D/4P In 5кА 230В EKF,8.00000,NEW Заказной товар,,,0,2.00000,ШТ,2026-04-01 00:00:00,EKS000005739,СП,ME-103-02-B-40,WH1,0.78000,КГ,7.50000,,,,,,,0.00000,0.00000,a.savitskiy,Пакет интерфейса поставки:efb26f90-b2b9-4c62-806d-10c98013be93,2026-03-23 12:45:28,321116,1996448,2566010,0,ЭКС,,3844543,,,,Годен,,,,
2531444,320633,New,End,,,2565952,,1.00000,ПЛ,СМ,,RECV-01,WH1,120.00000,808779,,Лампа LED ЭРА GREEN LINE POWER T140-100W-865-E27/E40 GL Е27/Е40 100 Вт колокол холодный,120.00000,"NEW Класс C, ПЛ",,,0,160.00000,ШТ,2026-03-21 00:00:00,EKS000005741,СП,ZX-12-07-A-30,WH1,50.00000,КГ,80.00000,,,,,,,0.00000,0.00000,a.manokhin,Пакет интерфейса поставки:c52548c7-db32-44f8-b488-f6db18382eb5,2026-03-23 12:52:57,321121,1996488,2565952,0,ЭКС,,3844470,,,,Годен,,,,
2531445,320633,New,End,,,2565970,,4.00000,ШТ,СМ,,RECV-01,WH1,14.00000,808779,,Лампа LED ЭРА GREEN LINE POWER T140-100W-865-E27/E40 GL Е27/Е40 100 Вт колокол холодный,23.00000,NEW Заказной товар,,,0,4.00000,ШТ,2026-03-21 00:00:00,EKS000005741,СП,ZX-15-33-B-15,WH1,1.08000,КГ,14.00000,,,,,,,0.00000,0.00000,a.manokhin,Пакет интерфейса поставки:c52548c7-db32-44f8-b488-f6db18382eb5,2026-03-23 12:52:57,321121,1996488,2565970,0,ЭКС,,3844487,,,,Годен,,,,
2531446,320633,New,End,,,2565972,,3.00000,ПЧ,СМ,,RECV-01,WH1,6.00000,820103,,Лампа LED ЭРА GREEN LINE LED A60-25W-865-E27 GL E27 25 Вт груша холодный свет,30.50000,NEW Заказной товар,,,0,30.00000,ШТ,2026-03-21 00:00:00,EKS000005741,СП,ME-212-04-A-10,WH1,1.38000,КГ,24.00000,,,,,,,0.00000,0.00000,a.manokhin,Пакет интерфейса поставки:c52548c7-db32-44f8-b488-f6db18382eb5,2026-03-23 12:52:57,321121,1996486,2565972,0,ЭКС,,3844489,,,,Годен,,,,
2531447,320633,New,End,,,2565973,,4.00000,ШТ,СМ,,RECV-01,WH1,6.00000,820103,,Лампа LED ЭРА GREEN LINE LED A60-25W-865-E27 GL E27 25 Вт груша холодный свет,12.00000,NEW Заказной товар,,,0,4.00000,ШТ,2026-03-21 00:00:00,EKS000005741,СП,ME-212-04-A-10,WH1,0.12000,КГ,6.00000,,,,,,,0.00000,0.00000,a.manokhin,Пакет интерфейса поставки:c52548c7-db32-44f8-b488-f6db18382eb5,2026-03-23 12:52:57,321121,1996486,2565973,0,ЭКС,,3844490,,,,Годен,,,,
2531448,320633,New,End,,,2565974,,9.00000,ШТ,СМ,,RECV-01,WH1,6.00000,820108,,Лампа LED ЭРА GREEN LINE LED A60-20W-840-E27 GL E27 20 Вт груша яркий белый свет,11.00000,NEW Заказной товар,,,0,9.00000,ШТ,2026-03-21 00:00:00,EKS000005741,СП,ME-122-01-C-10,WH1,0.36000,КГ,6.00000,,,,,,,0.00000,0.00000,a.manokhin,Пакет интерфейса поставки:c52548c7-db32-44f8-b488-f6db18382eb5,2026-03-23 12:52:57,321121,1996485,2565974,0,ЭКС,,3844491,,,,Годен,,,,
2531449,320633,New,End,,,2565975,,9.00000,ШТ,СМ,,RECV-01,WH1,14.00000,808779,,Лампа LED ЭРА GREEN LINE POWER T140-100W-865-E27/E40 GL Е27/Е40 100 Вт колокол холодный,23.00000,NEW Заказной товар,,,0,9.00000,ШТ,2026-03-21 00:00:00,EKS000005741,СП,ZX-15-33-B-15,WH1,2.43000,КГ,14.00000,,,,,,,0.00000,0.00000,a.manokhin,Пакет интерфейса поставки:c52548c7-db32-44f8-b488-f6db18382eb5,2026-03-23 12:52:57,321121,1996488,2565975,0,ЭКС,,3844492,,,,Годен,,,,
2531450,320633,New,End,,,2565976,,1.00000,КР,СМ,,RECV-01,WH1,25.00000,808779,,Лампа LED ЭРА GREEN LINE POWER T140-100W-865-E27/E40 GL Е27/Е40 100 Вт колокол холодный,72.00000,NEW Заказной товар,,,0,20.00000,ШТ,2026-03-21 00:00:00,EKS000005741,СП,ZX-15-25-C-15,WH1,6.00000,КГ,57.00000,,,,,,,0.00000,0.00000,a.manokhin,Пакет интерфейса поставки:c52548c7-db32-44f8-b488-f6db18382eb5,2026-03-23 12:52:57,321121,1996488,2565976,0,ЭКС,,3844493,,,,Годен,,,,
2531451,320633,New,End,,,2565979,,1.00000,ПЛ,СМ,,RECV-01,WH1,120.00000,808779,,Лампа LED ЭРА GREEN LINE POWER T140-100W-865-E27/E40 GL Е27/Е40 100 Вт колокол холодный,120.00000,"NEW Класс C, ПЛ",,,0,160.00000,ШТ,2026-03-21 00:00:00,EKS000005741,СП,ZX-12-01-B-30,WH1,50.00000,КГ,80.00000,,,,,,,0.00000,0.00000,a.manokhin,Пакет интерфейса поставки:c52548c7-db32-44f8-b488-f6db18382eb5,2026-03-23 12:52:57,321121,1996488,2565979,0,ЭКС,,3844498,,,,Годен,,,,
2531452,320633,New,End,,,2565983,,1.00000,ПЛ,СМ,,RECV-01,WH1,120.00000,808779,,Лампа LED ЭРА GREEN LINE POWER T140-100W-865-E27/E40 GL Е27/Е40 100 Вт колокол холодный,120.00000,"NEW Класс C, ПЛ",,,0,160.00000,ШТ,2026-03-21 00:00:00,EKS000005741,СП,ZX-11-13-B-30,WH1,50.00000,КГ,80.00000,,,,,,,0.00000,0.00000,a.manokhin,Пакет интерфейса поставки:c52548c7-db32-44f8-b488-f6db18382eb5,2026-03-23 12:52:57,321121,1996488,2565983,0,ЭКС,,3844504,,,,Годен,,,,
2531453,320633,New,End,,,2566005,,1.00000,ПЛ,СМ,,RECV-01,WH1,120.00000,808779,,Лампа LED ЭРА GREEN LINE POWER T140-100W-865-E27/E40 GL Е27/Е40 100 Вт колокол холодный,120.00000,"NEW Класс C, ПЛ",,,0,160.00000,ШТ,2026-03-21 00:00:00,EKS000005741,СП,ZX-10-13-A-30,WH1,50.00000,КГ,80.00000,,,,,,,0.00000,0.00000,a.manokhin,Пакет интерфейса поставки:c52548c7-db32-44f8-b488-f6db18382eb5,2026-03-23 12:52:57,321121,1996488,2566005,0,ЭКС,,3844536,,,,Годен,,,,
2531454,320633,New,End,,,2566006,,1.00000,ПЛ,СМ,,RECV-01,WH1,120.00000,808779,,Лампа LED ЭРА GREEN LINE POWER T140-100W-865-E27/E40 GL Е27/Е40 100 Вт колокол холодный,120.00000,"NEW Класс C, ПЛ",,,0,160.00000,ШТ,2026-03-21 00:00:00,EKS000005741,СП,ZX-08-17-C-30,WH1,50.00000,КГ,80.00000,,,,,,,0.00000,0.00000,a.manokhin,Пакет интерфейса поставки:c52548c7-db32-44f8-b488-f6db18382eb5,2026-03-23 12:52:57,321121,1996488,2566006,0,ЭКС,,3844537,,,,Годен,,,,
2531455,320633,New,End,,,2566008,,1.00000,ПЛ,СМ,,RECV-01,WH1,120.00000,808779,,Лампа LED ЭРА GREEN LINE POWER T140-100W-865-E27/E40 GL Е27/Е40 100 Вт колокол холодный,120.00000,"NEW Класс C, ПЛ",,,0,160.00000,ШТ,2026-03-21 00:00:00,EKS000005741,СП,ZX-07-16-A-30,WH1,50.00000,КГ,80.00000,,,,,,,0.00000,0.00000,a.manokhin,Пакет интерфейса поставки:c52548c7-db32-44f8-b488-f6db18382eb5,2026-03-23 12:52:57,321121,1996488,2566008,0,ЭКС,,3844541,,,,Годен,,,,
2531456,320633,New,End,,,2566009,,1.00000,ПЛ,СМ,,RECV-01,WH1,120.00000,808779,,Лампа LED ЭРА GREEN LINE POWER T140-100W-865-E27/E40 GL Е27/Е40 100 Вт колокол холодный,120.00000,"NEW Класс C, ПЛ",,,0,160.00000,ШТ,2026-03-21 00:00:00,EKS000005741,СП,ZX-05-10-C-30,WH1,50.00000,КГ,80.00000,,,,,,,0.00000,0.00000,a.manokhin,Пакет интерфейса поставки:c52548c7-db32-44f8-b488-f6db18382eb5,2026-03-23 12:52:57,321121,1996488,2566009,0,ЭКС,,3844542,,,,Годен,,,,
2531457,320633,New,End,,,2566011,,1.00000,ПЛ,СМ,,RECV-01,WH1,120.00000,703967,,Лампа LED G13  1200мм 20W/840 2000Lm трубка стекло   RED LINE,120.00000,"NEW Класс C, ПЛ",,,0,720.00000,ШТ,2026-03-21 00:00:00,EKS000005741,СП,ZX-04-20-A-30,WH1,150.00000,КГ,80.00000,,,,,,,0.00000,0.00000,a.manokhin,Пакет интерфейса поставки:c52548c7-db32-44f8-b488-f6db18382eb5,2026-03-23 12:52:57,321121,1996489,2566011,0,ЭКС,,3844550,,,,Годен,,,,
2531458,320633,New,End,,,2566012,,1.00000,ПЛ,СМ,,RECV-01,WH1,120.00000,703967,,Лампа LED G13  1200мм 20W/840 2000Lm трубка стекло   RED LINE,120.00000,"NEW Класс C, ПЛ",,,0,720.00000,ШТ,2026-03-21 00:00:00,EKS000005741,СП,ZX-03-14-C-30,WH1,150.00000,КГ,80.00000,,,,,,,0.00000,0.00000,a.manokhin,Пакет интерфейса поставки:c52548c7-db32-44f8-b488-f6db18382eb5,2026-03-23 12:52:57,321121,1996489,2566012,0,ЭКС,,3844551,,,,Годен,,,,
2531459,320633,New,End,,,2566013,,2.00000,КР,СМ,,RECV-01,WH1,16.00000,703967,,Лампа LED G13  1200мм 20W/840 2000Lm трубка стекло   RED LINE,120.00000,NEW Заказной товар,,,0,60.00000,ШТ,2026-03-21 00:00:00,EKS000005741,СП,ZX-05-26-C-20,WH1,11.60000,КГ,20.00000,,,,,,,0.00000,0.00000,a.manokhin,Пакет интерфейса поставки:c52548c7-db32-44f8-b488-f6db18382eb5,2026-03-23 12:52:57,321121,1996489,2566013,0,ЭКС,,3844554,,,,Годен,,,,
2531460,320633,New,End,,,2566014,,1.00000,ПЛ,СМ,,RECV-01,WH1,120.00000,703966,,Лампа LED G13  600мм 10W/840 1000Lm трубка стекло   RED LINE,120.00000,"NEW Класс C, ПЛ",,,0,1050.00000,ШТ,2026-03-21 00:00:00,EKS000005741,СП,ZX-10-05-A-30,WH1,150.00000,КГ,80.00000,,,,,,,0.00000,0.00000,a.manokhin,Пакет интерфейса поставки:c52548c7-db32-44f8-b488-f6db18382eb5,2026-03-23 12:52:57,321121,1996490,2566014,0,ЭКС,,3844559,,,,Годен,,,,
2531461,320633,New,End,,,2566015,,31.00000,КР,СМ,,RECV-01,WH1,16.00000,703966,,Лампа LED G13  600мм 10W/840 1000Lm трубка стекло   RED LINE,64.00000,NEW Класс C,,,0,775.00000,ШТ,2026-03-21 00:00:00,EKS000005741,СП,ZX-04-02-B-20,WH1,83.70000,КГ,18.00000,,,,,,,0.00000,0.00000,a.manokhin,Пакет интерфейса поставки:c52548c7-db32-44f8-b488-f6db18382eb5,2026-03-23 12:52:57,321121,1996490,2566015,0,ЭКС,,3844560,,,,Годен,,,,
2531462,320633,New,End,,,2566017,,1.00000,ПЛ,СМ,,RECV-01,WH1,120.00000,808779,,Лампа LED ЭРА GREEN LINE POWER T140-100W-865-E27/E40 GL Е27/Е40 100 Вт колокол холодный,120.00000,"NEW Класс C, ПЛ",,,0,160.00000,ШТ,2026-03-21 00:00:00,EKS000005741,СП,ZX-11-12-B-30,WH1,50.00000,КГ,80.00000,,,,,,,0.00000,0.00000,a.manokhin,Пакет интерфейса поставки:c52548c7-db32-44f8-b488-f6db18382eb5,2026-03-23 12:52:57,321121,1996488,2566017,0,ЭКС,,3844563,,,,Годен,,,,
2531463,320633,New,End,,,2566020,,1.00000,ПЛ,СМ,,RECV-01,WH1,120.00000,808781,,Лампа LED ЭРА GREEN LINE POWER T100-60W-865-E27/E40 GL Е27/Е40 60 Вт колокол холодный с,120.00000,"NEW Класс C, ПЛ",,,0,360.00000,ШТ,2026-03-21 00:00:00,EKS000005741,СП,ZX-08-12-A-30,WH1,50.00000,КГ,80.00000,,,,,,,0.00000,0.00000,a.manokhin,Пакет интерфейса поставки:c52548c7-db32-44f8-b488-f6db18382eb5,2026-03-23 12:52:57,321121,1996487,2566020,0,ЭКС,,3844566,,,,Годен,,,,
2531464,320633,New,End,,,2566026,,1.00000,ПЛ,СМ,,RECV-01,WH1,120.00000,808779,,Лампа LED ЭРА GREEN LINE POWER T140-100W-865-E27/E40 GL Е27/Е40 100 Вт колокол холодный,120.00000,"NEW Класс C, ПЛ",,,0,160.00000,ШТ,2026-03-21 00:00:00,EKS000005741,СП,ZX-03-13-B-30,WH1,50.00000,КГ,80.00000,,,,,,,0.00000,0.00000,a.manokhin,Пакет интерфейса поставки:c52548c7-db32-44f8-b488-f6db18382eb5,2026-03-23 12:52:57,321121,1996488,2566026,0,ЭКС,,3844574,,,,Годен,,,,
2531465,320633,New,End,,,2566027,,1.00000,ПЛ,СМ,,RECV-01,WH1,120.00000,808779,,Лампа LED ЭРА GREEN LINE POWER T140-100W-865-E27/E40 GL Е27/Е40 100 Вт колокол холодный,120.00000,"NEW Класс C, ПЛ",,,0,160.00000,ШТ,2026-03-21 00:00:00,EKS000005741,СП,ZX-03-03-B-30,WH1,50.00000,КГ,80.00000,,,,,,,0.00000,0.00000,a.manokhin,Пакет интерфейса поставки:c52548c7-db32-44f8-b488-f6db18382eb5,2026-03-23 12:52:57,321121,1996488,2566027,0,ЭКС,,3844575,,,,Годен,,,,
2531466,320633,New,End,,,2566028,,1.00000,ПЛ,СМ,,RECV-01,WH1,120.00000,808779,,Лампа LED ЭРА GREEN LINE POWER T140-100W-865-E27/E40 GL Е27/Е40 100 Вт колокол холодный,120.00000,"NEW Класс C, ПЛ",,,0,160.00000,ШТ,2026-03-21 00:00:00,EKS000005741,СП,ZX-11-26-B-40,WH1,50.00000,КГ,80.00000,,,,,,,0.00000,0.00000,a.manokhin,Пакет интерфейса поставки:c52548c7-db32-44f8-b488-f6db18382eb5,2026-03-23 12:52:57,321121,1996488,2566028,0,ЭКС,,3844577,,,,Годен,,,,
2531467,320633,New,End,,,2566029,,1.00000,ПЛ,СМ,,RECV-01,WH1,120.00000,808779,,Лампа LED ЭРА GREEN LINE POWER T140-100W-865-E27/E40 GL Е27/Е40 100 Вт колокол холодный,120.00000,"NEW Класс C, ПЛ",,,0,160.00000,ШТ,2026-03-21 00:00:00,EKS000005741,СП,ZX-11-16-C-40,WH1,50.00000,КГ,80.00000,,,,,,,0.00000,0.00000,a.manokhin,Пакет интерфейса поставки:c52548c7-db32-44f8-b488-f6db18382eb5,2026-03-23 12:52:57,321121,1996488,2566029,0,ЭКС,,3844578,,,,Годен,,,,
2531468,320633,New,End,,,2566030,,1.00000,ПЛ,СМ,,RECV-01,WH1,120.00000,808779,,Лампа LED ЭРА GREEN LINE POWER T140-100W-865-E27/E40 GL Е27/Е40 100 Вт колокол холодный,120.00000,"NEW Класс C, ПЛ",,,0,160.00000,ШТ,2026-03-21 00:00:00,EKS000005741,СП,ZX-11-10-B-40,WH1,50.00000,КГ,80.00000,,,,,,,0.00000,0.00000,a.manokhin,Пакет интерфейса поставки:c52548c7-db32-44f8-b488-f6db18382eb5,2026-03-23 12:52:57,321121,1996488,2566030,0,ЭКС,,3844580,,,,Годен,,,,
2531469,320633,New,End,,,2566031,,1.00000,ПЛ,СМ,,RECV-01,WH1,120.00000,808779,,Лампа LED ЭРА GREEN LINE POWER T140-100W-865-E27/E40 GL Е27/Е40 100 Вт колокол холодный,120.00000,"NEW Класс C, ПЛ",,,0,160.00000,ШТ,2026-03-21 00:00:00,EKS000005741,СП,ZX-10-21-A-40,WH1,50.00000,КГ,80.00000,,,,,,,0.00000,0.00000,a.manokhin,Пакет интерфейса поставки:c52548c7-db32-44f8-b488-f6db18382eb5,2026-03-23 12:52:57,321121,1996488,2566031,0,ЭКС,,3844581,,,,Годен,,,,
2531470,320633,New,End,,,2566035,,1.00000,ПЛ,СМ,,RECV-01,WH1,120.00000,808779,,Лампа LED ЭРА GREEN LINE POWER T140-100W-865-E27/E40 GL Е27/Е40 100 Вт колокол холодный,120.00000,"NEW Класс C, ПЛ",,,0,160.00000,ШТ,2026-03-21 00:00:00,EKS000005741,СП,ZX-11-29-B-40,WH1,50.00000,КГ,80.00000,,,,,,,0.00000,0.00000,a.manokhin,Пакет интерфейса поставки:c52548c7-db32-44f8-b488-f6db18382eb5,2026-03-23 12:52:57,321121,1996488,2566035,0,ЭКС,,3844589,,,,Годен,,,,
2531471,320633,New,End,,,2566046,,1.00000,ПЛ,СМ,,RECV-01,WH1,120.00000,808779,,Лампа LED ЭРА GREEN LINE POWER T140-100W-865-E27/E40 GL Е27/Е40 100 Вт колокол холодный,120.00000,"NEW Класс C, ПЛ",,,0,160.00000,ШТ,2026-03-21 00:00:00,EKS000005741,СП,ZX-10-10-A-40,WH1,50.00000,КГ,80.00000,,,,,,,0.00000,0.00000,a.manokhin,Пакет интерфейса поставки:c52548c7-db32-44f8-b488-f6db18382eb5,2026-03-23 12:52:57,321121,1996488,2566046,0,ЭКС,,3844595,,,,Годен,,,,
2531472,320633,New,End,,,2566071,,1.00000,ПЛ,СМ,,RECV-01,WH1,120.00000,691900,,ЭРА Лампа светодиодная ЭРА RED LINE LED T8-24W-840-G13-1500mm NTB G13 неповоротный 24Вт трубка стекл,150.00000,NEW Длинные ЭЛО < 2 м,,,0,600.00000,ШТ,2026-03-21 00:00:00,EKS000005741,СП,ZX-13-24-C-20,WH1,170.00000,КГ,80.00000,,,,,,,0.00000,0.00000,a.manokhin,Пакет интерфейса поставки:c52548c7-db32-44f8-b488-f6db18382eb5,2026-03-23 12:52:57,321121,1996491,2566071,0,ЭКС,,3844610,,,,Годен,,,,
2531473,320633,New,End,,,2566081,,16.00000,КР,СМ,,RECV-01,WH1,18.00000,691900,,ЭРА Лампа светодиодная ЭРА RED LINE LED T8-24W-840-G13-1500mm NTB G13 неповоротный 24Вт трубка стекл,150.00000,NEW Длинные ЭЛО < 2 м,,,0,400.00000,ШТ,2026-03-21 00:00:00,EKS000005741,СП,ZX-13-27-A-20,WH1,101.76000,КГ,18.00000,,,,,,,0.00000,0.00000,a.manokhin,Пакет интерфейса поставки:c52548c7-db32-44f8-b488-f6db18382eb5,2026-03-23 12:52:57,321121,1996491,2566081,0,ЭКС,,3844615,,,,Годен,,,,
2531474,320633,New,End,,,2566084,,10.00000,КР,СМ,,RECV-01,WH1,38.50000,808781,,Лампа LED ЭРА GREEN LINE POWER T100-60W-865-E27/E40 GL Е27/Е40 60 Вт колокол холодный с,53.00000,NEW Заказной товар,,,0,300.00000,ШТ,2026-03-21 00:00:00,EKS000005741,СП,ZX-14-07-A-20,WH1,47.10000,КГ,33.00000,,,,,,,0.00000,0.00000,a.manokhin,Пакет интерфейса поставки:c52548c7-db32-44f8-b488-f6db18382eb5,2026-03-23 12:52:57,321121,1996487,2566084,0,ЭКС,,3844627,,,,Годен,,,,
2531475,320633,New,End,,,2566085,,3.00000,КР,СМ,,RECV-01,WH1,25.00000,808779,,Лампа LED ЭРА GREEN LINE POWER T140-100W-865-E27/E40 GL Е27/Е40 100 Вт колокол холодный,72.00000,NEW Заказной товар,,,0,60.00000,ШТ,2026-03-21 00:00:00,EKS000005741,СП,ZX-14-27-A-15,WH1,18.00000,КГ,57.00000,,,,,,,0.00000,0.00000,a.manokhin,Пакет интерфейса поставки:c52548c7-db32-44f8-b488-f6db18382eb5,2026-03-23 12:52:57,321121,1996488,2566085,0,ЭКС,,3844633,,,,Годен,,,,
2531476,320633,New,End,,,2566086,,6.00000,КР,СМ,,RECV-01,WH1,28.00000,820103,,Лампа LED ЭРА GREEN LINE LED A60-25W-865-E27 GL E27 25 Вт груша холодный свет,60.00000,NEW Заказной товар,,,0,600.00000,ШТ,2026-03-21 00:00:00,EKS000005741,СП,ZX-14-29-B-15,WH1,31.08000,КГ,33.00000,,,,,,,0.00000,0.00000,a.manokhin,Пакет интерфейса поставки:c52548c7-db32-44f8-b488-f6db18382eb5,2026-03-23 12:52:57,321121,1996486,2566086,0,ЭКС,,3844637,,,,Годен,,,,
2531477,320633,New,End,,,2566087,,11.00000,КР,СМ,,RECV-01,WH1,23.00000,820108,,Лампа LED ЭРА GREEN LINE LED A60-20W-840-E27 GL E27 20 Вт груша яркий белый свет,63.00000,NEW Заказной товар,,,0,1100.00000,ШТ,2026-03-21 00:00:00,EKS000005741,СП,ZX-14-09-C-20,WH1,47.19000,КГ,32.00000,,,,,,,0.00000,0.00000,a.manokhin,Пакет интерфейса поставки:c52548c7-db32-44f8-b488-f6db18382eb5,2026-03-23 12:52:57,321121,1996485,2566087,0,ЭКС,,3844638,,,,Годен,,,,
2531478,320634,New,Processed,,,2566196,,1.00000,ГМ,СМ,4712-12-31 00:00:00,RECV-01,WH1,1.00000,0000,,ТРАНЗИТ,1.00000,NEW Транзит,ИРКУТСК БАРАБАНЫ №1,,0,1.00000,ГМ,2026-03-23 00:00:00,TR-23/03/2026-04,ТР,TR-00,WH1,1.00000,КГ,1.00000,,,,,,,0.00000,0.00000,r.sagaidak,Пакет интерфейса поставки:eaf0e21a-3415-4a81-b884-ef00ae15b681,2026-03-23 13:58:52,321136,1996606,2566196,0,ЭКС,,3844792,,,,Годен,,,,
2531479,320635,New,Processed,,,2566197,,1.00000,ГМ,СМ,4712-12-31 00:00:00,RECV-01,WH1,1.00000,0000,,ТРАНЗИТ,1.00000,NEW Транзит,ИРКУТСК БАРАБАНЫ №2,,0,1.00000,ГМ,2026-03-23 00:00:00,TR-23/03/2026-05,ТР,TR-00,WH1,1.00000,КГ,1.00000,,,,,,,0.00000,0.00000,r.sagaidak,Пакет интерфейса поставки:eaf0e21a-3415-4a81-b884-ef00ae15b681,2026-03-23 13:58:52,321137,1996615,2566197,0,ЭКС,,3844793,,,,Годен,,,,
2531480,320636,New,Processed,,,2566198,,1.00000,ГМ,СМ,4712-12-31 00:00:00,RECV-01,WH1,1.00000,0000,,ТРАНЗИТ,1.00000,NEW Транзит,ИРКУТСК БАРАБАНЫ №3,,0,1.00000,ГМ,2026-03-23 00:00:00,TR-23/03/2026-06,ТР,TR-00,WH1,1.00000,КГ,1.00000,,,,,,,0.00000,0.00000,r.sagaidak,Пакет интерфейса поставки:eaf0e21a-3415-4a81-b884-ef00ae15b681,2026-03-23 13:58:52,321144,1996691,2566198,0,ЭКС,,3844794,,,,Годен,,,,
2531481,320637,New,Processed,,,2566199,,1.00000,ГМ,СМ,4712-12-31 00:00:00,RECV-01,WH1,1.00000,0000,,ТРАНЗИТ,1.00000,NEW Транзит,ИРКУТСК БАРАБАНЫ №4,,0,1.00000,ГМ,2026-03-23 00:00:00,TR-23/03/2026-07,ТР,TR-00,WH1,1.00000,КГ,1.00000,,,,,,,0.00000,0.00000,r.sagaidak,Пакет интерфейса поставки:eaf0e21a-3415-4a81-b884-ef00ae15b681,2026-03-23 13:58:52,321145,1996692,2566199,0,ЭКС,,3844795,,,,Годен,,,,
2531482,320638,New,Processed,,,2566201,,1.00000,ГМ,СМ,4712-12-31 00:00:00,RECV-01,WH1,1.00000,0000,,ТРАНЗИТ,1.00000,NEW Транзит,ИРКУТСК БАРАБАНЫ №5,,0,1.00000,ГМ,2026-03-23 00:00:00,TR-23/03/2026-08,ТР,TR-00,WH1,1.00000,КГ,1.00000,,,,,,,0.00000,0.00000,r.sagaidak,Пакет интерфейса поставки:eaf0e21a-3415-4a81-b884-ef00ae15b681,2026-03-23 13:58:52,321146,1996693,2566201,0,ЭКС,,3844797,,,,Годен,,,,
2531483,320639,New,Processed,,,2566202,,1.00000,ГМ,СМ,4712-12-31 00:00:00,RECV-01,WH1,1.00000,0000,,ТРАНЗИТ,1.00000,NEW Транзит,ЭЛЕКТРИКА-7,,0,1.00000,ГМ,2026-03-23 00:00:00,TR-23/03/2026-09,ТР,TR-05,WH1,1.00000,КГ,1.00000,,,,,,,0.00000,0.00000,r.sagaidak,Пакет интерфейса поставки:eaf0e21a-3415-4a81-b884-ef00ae15b681,2026-03-23 13:58:52,321147,1996694,2566202,0,ЭКС,,3844800,,,,Годен,,,,
2531484,320640,New,End,,,2566090,,1.00000,КР,СМ,,RECV-01,WH1,16.00000,541100,,"Сверло по бетону 6х110 мм, Мастер (ЗУБР)",35.00000,NEW Возврат,,,0,100.00000,ШТ,2026-03-23 00:00:00,EKS000005752,СП,ME-308-05-B-40,WH1,2.72000,КГ,20.00000,,,,,,,0.00000,0.00000,r.sagaidak,Пакет интерфейса поставки:6c0e61a3-12ec-4a00-9e53-780c97f5100a,2026-03-23 14:03:12,321132,1996537,2566090,0,ЭКС,,3844644,,,,Годен,,,,
2531485,320641,New,End,,,2566207,,5.00000,ББ,СМ,4712-12-31 00:00:00,RECV-01,WH1,6.00000,883625,,"Провод ПуВнг(A)-LS 1х1,5",20.00000,NEW Кабель и провод,100,,0,500.00000,М,2026-03-23 00:00:00,EKS000005759,СП,ZX-08-18-E-15,WH1,9.85000,КГ,20.00000,,,,,,,0.00000,0.00000,a.savitskiy,Пакет интерфейса поставки:6c0e61a3-12ec-4a00-9e53-780c97f5100a,2026-03-23 14:03:24,321141,1996688,2566207,0,ЭКС,,3844805,,,,Годен,,,,
2531486,320642,New,End,,,2566146,,51.00000,ШТ,СМ,,RECV-01,WH1,4.00000,273394,,Приставка контактная ПКЛ-22-УХЛ4 КЭАЗ,5.00000,NEW Класс C,,,0,51.00000,ШТ,2026-03-23 00:00:00,EKS000005754,СП,ME-101-03-E-20,WH1,3.57000,КГ,4.00000,,,,,,,0.00000,0.00000,a.savitskiy,Пакет интерфейса поставки:45fbb5a4-56dd-478a-8929-3e3444fa7bba,2026-03-23 14:05:06,321134,1996575,2566146,0,ЭКС,,3844723,,,,Годен,,,,
2531487,320642,New,End,,,2566148,,6.00000,ШТ,СМ,,RECV-01,WH1,2.00000,310782,,Выключатель авт. ВМ63 1п    6А  х-ка B   6кА  OptiDin BM63-1B6-УХЛ3 (Новый)  260499 КЭАЗ,9.00000,NEW Заказной товар,,,0,6.00000,ШТ,2026-03-23 00:00:00,EKS000005754,СП,ME-104-04-I-40,WH1,1.20000,КГ,8.00000,,,,,,,0.00000,0.00000,a.savitskiy,Пакет интерфейса поставки:45fbb5a4-56dd-478a-8929-3e3444fa7bba,2026-03-23 14:05:06,321134,1996583,2566148,0,ЭКС,,3844725,,,,Годен,,,,
2531488,320642,New,End,,,2566149,,1.00000,ШТ,СМ,,RECV-01,WH1,5.00000,273430,,Переключатель кулачковый OptiSwitch 4G10-52-U-R014,9.00000,NEW Заказной товар,,,0,1.00000,ШТ,2026-03-23 00:00:00,EKS000005754,СП,ME-104-04-K-20,WH1,0.30000,КГ,6.00000,,,,,,,0.00000,0.00000,a.savitskiy,Пакет интерфейса поставки:45fbb5a4-56dd-478a-8929-3e3444fa7bba,2026-03-23 14:05:06,321134,1996573,2566149,0,ЭКС,,3844726,,,,Годен,,,,
2531489,320642,New,End,,,2566150,,1.00000,ШТ,СМ,,RECV-01,WH1,2.00000,76139,,Комплект зажимов №6 ВА57-35-УХЛ3 КЭАЗ,4.60000,NEW Заказной товар,,,0,1.00000,ШТ,2026-03-23 00:00:00,EKS000005754,СП,ME-124-07-D-20,WH1,0.90000,КГ,5.50000,,,,,,,0.00000,0.00000,a.savitskiy,Пакет интерфейса поставки:45fbb5a4-56dd-478a-8929-3e3444fa7bba,2026-03-23 14:05:06,321134,1996579,2566150,0,ЭКС,,3844729,,,,Годен,,,,
2531490,320642,New,End,,,2566151,,1.00000,ШТ,СМ,,RECV-01,WH1,5.00000,181909,,Комплект выводов расширительных ВА04-36/ВА51-35/ВА57-35-УХЛ3-КЭАЗ,5.00000,NEW Заказной товар,,,0,1.00000,ШТ,2026-03-23 00:00:00,EKS000005754,СП,ME-214-04-B-10,WH1,0.01000,КГ,5.00000,,,,,,,0.00000,0.00000,a.savitskiy,Пакет интерфейса поставки:45fbb5a4-56dd-478a-8929-3e3444fa7bba,2026-03-23 14:05:06,321134,1996578,2566151,0,ЭКС,,3844730,,,,Годен,,,,
2531491,320642,New,End,,,2566152,,1.00000,ШТ,СМ,,RECV-01,WH1,5.00000,747553,,Выключатель путевой ВПК-2111Б-У2-КЭАЗ,12.00000,NEW Заказной товар,,,0,1.00000,ШТ,2026-03-23 00:00:00,EKS000005754,СП,ME-104-04-K-30,WH1,0.12000,КГ,7.00000,,,,,,,0.00000,0.00000,a.savitskiy,Пакет интерфейса поставки:45fbb5a4-56dd-478a-8929-3e3444fa7bba,2026-03-23 14:05:06,321134,1996580,2566152,0,ЭКС,,3844731,,,,Годен,,,,
2531492,320642,New,End,,,2566154,,1.00000,ПЧ,СМ,,RECV-01,WH1,8.00000,640095,,"Выключатель автоматический OptiDin BM63 2P 40А х-ка C 4,5кА BM63-2C40-4,5-УХЛ3 КЭАЗ",21.00000,NEW Класс C,,,0,6.00000,ШТ,2026-03-23 00:00:00,EKS000005754,СП,ME-104-05-F-30,WH1,0.60000,КГ,8.00000,,,,,,,0.00000,0.00000,a.savitskiy,Пакет интерфейса поставки:45fbb5a4-56dd-478a-8929-3e3444fa7bba,2026-03-23 14:05:06,321134,1996581,2566154,0,ЭКС,,3844733,,,,Годен,,,,
2531493,320642,New,End,,,2566155,,7.00000,ШТ,СМ,,RECV-01,WH1,6.50000,273383,,Контактор ПМЛ-2100-25А-220AC-УХЛ4-Б КЭАЗ,10.50000,NEW Класс C,,,0,7.00000,ШТ,2026-03-23 00:00:00,EKS000005754,СП,ME-218-02-A-10,WH1,3.92000,КГ,9.00000,,,,,,,0.00000,0.00000,a.savitskiy,Пакет интерфейса поставки:45fbb5a4-56dd-478a-8929-3e3444fa7bba,2026-03-23 14:05:06,321134,1996576,2566155,0,ЭКС,,3844734,,,,Годен,,,,
2531494,320642,New,End,,,2566156,,7.00000,ШТ,СМ,,RECV-01,WH1,5.00000,273378,,Контактор ПМЛ-1100-10А-220AC-УХЛ4-Б КЭАЗ,9.00000,NEW Класс C,,,0,7.00000,ШТ,2026-03-23 00:00:00,EKS000005754,СП,ME-211-06-A-10,WH1,2.80000,КГ,8.00000,,,,,,,0.00000,0.00000,a.savitskiy,Пакет интерфейса поставки:45fbb5a4-56dd-478a-8929-3e3444fa7bba,2026-03-23 14:05:06,321134,1996577,2566156,0,ЭКС,,3844736,,,,Годен,,,,
2531495,320642,New,End,,,2566158,,15.00000,ШТ,СМ,,RECV-01,WH1,3.00000,368832,,Выключатель автоматический модульный OptiDin BM63-2B6-DC-УХЛ3 (Новый),8.00000,NEW Заказной товар,,,0,15.00000,ШТ,2026-03-23 00:00:00,EKS000005754,СП,ME-104-07-A-40,WH1,2.25000,КГ,7.00000,,,,,,,0.00000,0.00000,a.savitskiy,Пакет интерфейса поставки:45fbb5a4-56dd-478a-8929-3e3444fa7bba,2026-03-23 14:05:06,321134,1996582,2566158,0,ЭКС,,3844738,,,,Годен,,,,
2531496,320642,New,End,,,2566161,,1.00000,ШТ,СМ,,RECV-01,WH1,15.00000,273418,,Разъединитель РЕ19-43-11160-1600А-УХЛ3,34.00000,NEW Заказной товар,,,0,1.00000,ШТ,2026-03-23 00:00:00,EKS000005754,СП,ME-217-06-C-20,WH1,3.00000,КГ,23.00000,,,,,,,0.00000,0.00000,a.savitskiy,Пакет интерфейса поставки:45fbb5a4-56dd-478a-8929-3e3444fa7bba,2026-03-23 14:05:06,321134,1996574,2566161,0,ЭКС,,3844742,,,,Годен,,,,
2531497,320643,New,Processed,,,2566248,,1.00000,ГМ,СМ,4712-12-31 00:00:00,RECV-01,WH1,1.00000,0000,,ТРАНЗИТ,1.00000,NEW Транзит,ОМСК,,0,1.00000,ГМ,2026-03-23 00:00:00,TR-23/03/2026-10,ТР,TR-08,WH1,1.00000,КГ,1.00000,,,,,,,0.00000,0.00000,r.sagaidak,Пакет интерфейса поставки:45fbb5a4-56dd-478a-8929-3e3444fa7bba,2026-03-23 14:04:52,321150,1996700,2566248,0,ЭКС,,3844855,,,,Годен,,,,
2531498,320644,New,End,,,2566097,,11.00000,ШТ,СМ,,RECV-01,WH1,6.00000,356888,,"Распред коробка в комплекте 4 каб ввода , коричневый BIRONI (110x35)мм пластик B1-522-22-K",12.00000,NEW Заказной товар,,,0,11.00000,ШТ,2026-03-20 00:00:00,EKS000005753,СП,ME-102-05-H-40,WH1,1.10000,КГ,12.00000,,,,,,,0.00000,0.00000,n.bezrukov,Пакет интерфейса поставки:a0c008e5-5db8-4cea-a156-34268e47a354,2026-03-23 14:09:29,321133,1996548,2566097,0,ЭКС,,3844660,,,,Годен,,,,
2531499,320644,New,End,,,2566098,,7.00000,ШТ,СМ,,RECV-01,WH1,1.20000,540761,,"Simon S82 Concept Матовый черный, Накладка для шнурового выключателя и вывода кабеля",5.00000,NEW Заказной товар,,,0,7.00000,ШТ,2026-03-20 00:00:00,EKS000005753,СП,ME-102-08-F-40,WH1,0.42000,КГ,5.00000,,,,,,,0.00000,0.00000,n.bezrukov,Пакет интерфейса поставки:a0c008e5-5db8-4cea-a156-34268e47a354,2026-03-23 14:09:29,321133,1996539,2566098,0,ЭКС,,3844665,,,,Годен,,,,
2531500,320644,New,End,,,2566099,,3.00000,ШТ,СМ,,RECV-01,WH1,2.00000,529115,,"Simon S82 Concept Матовый белый, Клавиша для трехпозиционного выключателя жалюзи с пиктограммой ""стр",6.00000,NEW Заказной товар,,,0,3.00000,ШТ,2026-03-20 00:00:00,EKS000005753,СП,ME-103-04-B-40,WH1,0.06000,КГ,6.00000,,,,,,,0.00000,0.00000,n.bezrukov,Пакет интерфейса поставки:a0c008e5-5db8-4cea-a156-34268e47a354,2026-03-23 14:09:29,321133,1996540,2566099,0,ЭКС,,3844666,,,,Годен,,,,
2531501,320644,New,End,,,2566100,,6.00000,ШТ,СМ,,RECV-01,WH1,2.00000,852260,,Клавиша двойная для 75396-39 82/82Nature графит,6.00000,NEW Заказной товар,,,0,6.00000,ШТ,2026-03-20 00:00:00,EKS000005753,СП,ME-103-04-D-30,WH1,0.18000,КГ,6.00000,,,,,,,0.00000,0.00000,n.bezrukov,Пакет интерфейса поставки:a0c008e5-5db8-4cea-a156-34268e47a354,2026-03-23 14:09:29,321133,1996557,2566100,0,ЭКС,,3844667,,,,Годен,,,,
2531502,320644,New,End,,,2566102,,2.00000,ШТ,СМ,,RECV-01,WH1,4.00000,316156,,"Розетка с/у 1-ая 16А с ЗК с з/шт  ""Blanca"" бежевый  BLNRS001117",8.50000,NEW Заказной товар,,,0,2.00000,ШТ,2026-03-20 00:00:00,EKS000005753,СП,ME-121-02-D-20,WH1,0.02000,КГ,8.50000,,,,,,,0.00000,0.00000,n.bezrukov,Пакет интерфейса поставки:a0c008e5-5db8-4cea-a156-34268e47a354,2026-03-23 14:09:29,321133,1996551,2566102,0,ЭКС,,3844669,,,,Годен,,,,
2531503,320644,New,End,,,2566103,,1.00000,ШТ,СМ,,RECV-01,WH1,6.00000,358391,,Розетка двойная 2Х2К+3 без шторок белая Simon 24/  2450459-030,9.00000,NEW Заказной товар,,,0,1.00000,ШТ,2026-03-20 00:00:00,EKS000005753,СП,ME-103-04-D-40,WH1,0.10000,КГ,9.00000,,,,,,,0.00000,0.00000,n.bezrukov,Пакет интерфейса поставки:a0c008e5-5db8-4cea-a156-34268e47a354,2026-03-23 14:09:29,321133,1996547,2566103,0,ЭКС,,3844671,,,,Годен,,,,
2531504,320644,New,End,,,2566104,,1.00000,ШТ,СМ,,RECV-01,WH1,4.00000,744642,,"Розетка с ЗК, 16А, механизм, БАЗАЛЬТ  /ARTGALLERY  /GAL001443",8.00000,NEW Заказной товар,,,0,1.00000,ШТ,2026-03-20 00:00:00,EKS000005753,СП,ME-101-08-K-30,WH1,0.07000,КГ,8.00000,,,,,,,0.00000,0.00000,n.bezrukov,Пакет интерфейса поставки:a0c008e5-5db8-4cea-a156-34268e47a354,2026-03-23 14:09:29,321133,1996558,2566104,0,ЭКС,,3844672,,,,Годен,,,,
2531505,320644,New,End,,,2566105,,1.00000,ШТ,СМ,,RECV-01,WH1,1.00000,690360,,"ATLASDESIGN ANTIQUE Рамка 4-пост, универсальная, Песочный",30.00000,NEW Заказной товар,,,0,1.00000,ШТ,2026-03-20 00:00:00,EKS000005753,СП,ME-103-04-E-20,WH1,0.01000,КГ,9.00000,,,,,,,0.00000,0.00000,n.bezrukov,Пакет интерфейса поставки:a0c008e5-5db8-4cea-a156-34268e47a354,2026-03-23 14:09:29,321133,1996561,2566105,0,ЭКС,,3844673,,,,Годен,,,,
2531506,320644,New,End,,,2566106,,2.00000,ШТ,СМ,,RECV-01,WH1,1.00000,264309,,"Рамка 4-я,горизонтальная ""Glossa"" платина GSL001204",25.00000,NEW Заказной товар,,,0,2.00000,ШТ,2026-03-20 00:00:00,EKS000005753,СП,ME-103-04-K-20,WH1,0.20000,КГ,7.00000,,,,,,,0.00000,0.00000,n.bezrukov,Пакет интерфейса поставки:a0c008e5-5db8-4cea-a156-34268e47a354,2026-03-23 14:09:29,321133,1996543,2566106,0,ЭКС,,3844674,,,,Годен,,,,
2531507,320644,New,End,,,2566107,,1.00000,ПЧ,СМ,,RECV-01,WH1,5.00000,328985,,Колодка клеммная  JXB-2.5/35 серая EKF PROxima,16.50000,NEW Заказной товар,,,0,50.00000,ШТ,2026-03-20 00:00:00,EKS000005753,СП,ME-103-04-L-40,WH1,0.40000,КГ,8.00000,,,,,,,0.00000,0.00000,n.bezrukov,Пакет интерфейса поставки:a0c008e5-5db8-4cea-a156-34268e47a354,2026-03-23 14:09:29,321133,1996550,2566107,0,ЭКС,,3844675,,,,Годен,,,,
2531508,320644,New,End,,,2566108,,1.00000,ШТ,СМ,,RECV-01,WH1,1.00000,690353,,"ATLASDESIGN ANTIQUE Рамка 2-пост, универсальная, Аквамарин",15.00000,NEW Заказной товар,,,0,1.00000,ШТ,2026-03-20 00:00:00,EKS000005753,СП,ME-103-05-D-20,WH1,0.03000,КГ,8.00000,,,,,,,0.00000,0.00000,n.bezrukov,Пакет интерфейса поставки:a0c008e5-5db8-4cea-a156-34268e47a354,2026-03-23 14:09:29,321133,1996563,2566108,0,ЭКС,,3844676,,,,Годен,,,,
2531509,320644,New,End,,,2566110,,3.00000,ШТ,СМ,,RECV-01,WH1,4.00000,265097,,"Розетка о/у 1-ая компьютерная  RJ45 изол.пл. ""Blanca"" антрацит BLNIA045006",8.00000,NEW Заказной товар,,,0,3.00000,ШТ,2026-03-20 00:00:00,EKS000005753,СП,ME-103-05-F-30,WH1,0.24000,КГ,8.00000,,,,,,,0.00000,0.00000,n.bezrukov,Пакет интерфейса поставки:a0c008e5-5db8-4cea-a156-34268e47a354,2026-03-23 14:09:29,321133,1996542,2566110,0,ЭКС,,3844678,,,,Годен,,,,
2531510,320644,New,End,,,2566112,,1.00000,ПЧ,СМ,,RECV-01,WH1,9.00000,676146,,"Розетка с ЗК со шторками, 16А, механизм, Atlasdesign Лотос  ATN001345",24.00000,NEW Заказной товар,,,0,5.00000,ШТ,2026-03-20 00:00:00,EKS000005753,СП,ME-202-02-I-40,WH1,0.40000,КГ,9.00000,,,,,,,0.00000,0.00000,n.bezrukov,Пакет интерфейса поставки:a0c008e5-5db8-4cea-a156-34268e47a354,2026-03-23 14:09:29,321133,1996568,2566112,0,ЭКС,,3844680,,,,Годен,,,,
2531511,320644,New,End,,,2566113,,2.00000,ШТ,СМ,,RECV-01,WH1,4.00000,302866,,"Переключатель 1-кл, сх.6, 10АХ, мех-зм, Atlasdesign Мокко  ATN000661",7.00000,NEW Заказной товар,,,0,2.00000,ШТ,2026-03-20 00:00:00,EKS000005753,СП,ME-103-05-J-30,WH1,0.20000,КГ,7.00000,,,,,,,0.00000,0.00000,n.bezrukov,Пакет интерфейса поставки:a0c008e5-5db8-4cea-a156-34268e47a354,2026-03-23 14:09:29,321133,1996554,2566113,0,ЭКС,,3844681,,,,Годен,,,,
2531512,320644,New,End,,,2566115,,3.00000,ШТ,СМ,,RECV-01,WH1,4.20000,256985,,Розетка о/п 1-ая с ЗК со шторками 16А Белый ХИТ RA16-138-B,6.50000,NEW Заказной товар,,,0,3.00000,ШТ,2026-03-20 00:00:00,EKS000005753,СП,ME-103-05-J-40,WH1,0.17100,КГ,6.50000,,,,,,,0.00000,0.00000,n.bezrukov,Пакет интерфейса поставки:a0c008e5-5db8-4cea-a156-34268e47a354,2026-03-23 14:09:29,321133,1996544,2566115,0,ЭКС,,3844683,,,,Годен,,,,
2531513,320644,New,End,,,2566116,,1.00000,ШТ,СМ,,RECV-01,WH1,4.00000,676162,,"TV РОЗЕТКА оконечная 1DB, механизм, Atlasdesign Лотос  ATN001391",7.00000,NEW Заказной товар,,,0,1.00000,ШТ,2026-03-20 00:00:00,EKS000005753,СП,ME-103-06-A-20,WH1,0.10000,КГ,7.00000,,,,,,,0.00000,0.00000,n.bezrukov,Пакет интерфейса поставки:a0c008e5-5db8-4cea-a156-34268e47a354,2026-03-23 14:09:29,321133,1996565,2566116,0,ЭКС,,3844684,,,,Годен,,,,
2531514,320644,New,End,,,2566118,,6.00000,ШТ,СМ,,RECV-01,WH1,1.00000,690357,,"ATLASDESIGN ANTIQUE Рамка 1-пост, Песочный",8.00000,NEW Заказной товар,,,0,6.00000,ШТ,2026-03-20 00:00:00,EKS000005753,СП,ME-103-06-F-20,WH1,0.06600,КГ,8.00000,,,,,,,0.00000,0.00000,n.bezrukov,Пакет интерфейса поставки:a0c008e5-5db8-4cea-a156-34268e47a354,2026-03-23 14:09:29,321133,1996562,2566118,0,ЭКС,,3844687,,,,Годен,,,,
2531515,320644,New,End,,,2566120,,3.00000,ШТ,СМ,,RECV-01,WH1,4.00000,660960,,Выкл-ль дифференциального тока (ВДТ) City9 2п 63А 30мА Тип-A 230В,9.00000,NEW Заказной товар,,,0,3.00000,ШТ,2026-03-20 00:00:00,EKS000005753,СП,ME-103-06-J-30,WH1,0.30000,КГ,7.00000,,,,,,,0.00000,0.00000,n.bezrukov,Пакет интерфейса поставки:a0c008e5-5db8-4cea-a156-34268e47a354,2026-03-23 14:09:29,321133,1996538,2566120,0,ЭКС,,3844689,,,,Годен,,,,
2531516,320644,New,End,,,2566122,,3.00000,ШТ,СМ,,RECV-01,WH1,1.00000,676121,,"Рамка 4-пост , универсальная, Atlasdesign Лотос  ATN001304",30.00000,NEW Заказной товар,,,0,3.00000,ШТ,2026-03-20 00:00:00,EKS000005753,СП,ME-103-07-F-20,WH1,0.06000,КГ,8.00000,,,,,,,0.00000,0.00000,n.bezrukov,Пакет интерфейса поставки:a0c008e5-5db8-4cea-a156-34268e47a354,2026-03-23 14:09:29,321133,1996570,2566122,0,ЭКС,,3844691,,,,Годен,,,,
2531517,320644,New,End,,,2566124,,4.00000,ШТ,СМ,,RECV-01,WH1,2.00000,331450,,РM slim 25/1 EKF AVERES,7.00000,NEW Заказной товар,,,0,4.00000,ШТ,2026-03-20 00:00:00,EKS000005753,СП,ME-103-07-G-30,WH1,0.04000,КГ,4.00000,,,,,,,0.00000,0.00000,n.bezrukov,Пакет интерфейса поставки:a0c008e5-5db8-4cea-a156-34268e47a354,2026-03-23 14:09:29,321133,1996549,2566124,0,ЭКС,,3844693,,,,Годен,,,,
2531518,320644,New,End,,,2566127,,1.00000,ПЧ,СМ,,RECV-01,WH1,11.00000,508256,,Рамка 1-местная черная  Стокгольм EXM-G-302-30,23.00000,NEW Заказной товар,,,0,25.00000,ШТ,2026-03-20 00:00:00,EKS000005753,СП,ME-103-08-C-30,WH1,0.50000,КГ,11.00000,,,,,,,0.00000,0.00000,n.bezrukov,Пакет интерфейса поставки:a0c008e5-5db8-4cea-a156-34268e47a354,2026-03-23 14:09:29,321133,1996545,2566127,0,ЭКС,,3844697,,,,Годен,,,,
2531519,320644,New,End,,,2566129,,2.00000,ПЧ,СМ,,RECV-01,WH1,17.00000,508255,,Рамка 2-местная черная  Стокгольм EXM-G-303-30,24.00000,NEW Заказной товар,,,0,50.00000,ШТ,2026-03-20 00:00:00,EKS000005753,СП,ME-103-08-D-40,WH1,2.00000,КГ,11.00000,,,,,,,0.00000,0.00000,n.bezrukov,Пакет интерфейса поставки:a0c008e5-5db8-4cea-a156-34268e47a354,2026-03-23 14:09:29,321133,1996546,2566129,0,ЭКС,,3844699,,,,Годен,,,,
2531520,320644,New,End,,,2566131,,13.00000,ШТ,СМ,,RECV-01,WH1,1.00000,508255,,Рамка 2-местная черная  Стокгольм EXM-G-303-30,16.00000,NEW Заказной товар,,,0,13.00000,ШТ,2026-03-20 00:00:00,EKS000005753,СП,ME-103-08-H-30,WH1,0.26000,КГ,8.00000,,,,,,,0.00000,0.00000,n.bezrukov,Пакет интерфейса поставки:a0c008e5-5db8-4cea-a156-34268e47a354,2026-03-23 14:09:29,321133,1996546,2566131,0,ЭКС,,3844701,,,,Годен,,,,
2531521,320644,New,End,,,2566133,,1.00000,ШТ,СМ,,RECV-01,WH1,2.00000,744332,,"ЗАГЛУШКА с суппортом для многопостовых рамок, БЕЛЫЙ /ARTGALLERY  /GAL000109",8.00000,NEW Заказной товар,,,0,1.00000,ШТ,2026-03-20 00:00:00,EKS000005753,СП,ME-103-08-I-30,WH1,0.01000,КГ,8.00000,,,,,,,0.00000,0.00000,n.bezrukov,Пакет интерфейса поставки:a0c008e5-5db8-4cea-a156-34268e47a354,2026-03-23 14:09:29,321133,1996560,2566133,0,ЭКС,,3844704,,,,Годен,,,,
2531522,320644,New,End,,,2566135,,2.00000,ШТ,СМ,,RECV-01,WH1,4.00000,676149,,"Выключатель 2кл , сх.5, 10АХ, механизм, Atlasdesign Лотос  ATN001351",7.00000,NEW Заказной товар,,,0,2.00000,ШТ,2026-03-20 00:00:00,EKS000005753,СП,ME-202-05-I-20,WH1,0.06000,КГ,7.00000,,,,,,,0.00000,0.00000,n.bezrukov,Пакет интерфейса поставки:a0c008e5-5db8-4cea-a156-34268e47a354,2026-03-23 14:09:29,321133,1996567,2566135,0,ЭКС,,3844707,,,,Годен,,,,
2531523,320644,New,End,,,2566136,,3.00000,ШТ,СМ,,RECV-01,WH1,4.00000,302716,,"Выкл с самовозвратом(кнопка), сх.1, 10АХ, мех-зм, Atlasdesign Алюминий  ATN000315",7.00000,NEW Заказной товар,,,0,3.00000,ШТ,2026-03-20 00:00:00,EKS000005753,СП,ME-104-02-D-30,WH1,0.30000,КГ,7.00000,,,,,,,0.00000,0.00000,n.bezrukov,Пакет интерфейса поставки:a0c008e5-5db8-4cea-a156-34268e47a354,2026-03-23 14:09:29,321133,1996541,2566136,0,ЭКС,,3844708,,,,Годен,,,,
2531524,320644,New,End,,,2566137,,2.00000,ШТ,СМ,,RECV-01,WH1,4.00000,676157,,"РОЗЕТКА компьютерная RJ45, кат. 5Е, механизм, Atlasdesign Лотос  ATN001383",8.00000,NEW Заказной товар,,,0,2.00000,ШТ,2026-03-20 00:00:00,EKS000005753,СП,ME-104-02-L-20,WH1,0.02000,КГ,8.00000,,,,,,,0.00000,0.00000,n.bezrukov,Пакет интерфейса поставки:a0c008e5-5db8-4cea-a156-34268e47a354,2026-03-23 14:09:29,321133,1996566,2566137,0,ЭКС,,3844712,,,,Годен,,,,
2531525,320644,New,End,,,2566138,,1.00000,ШТ,СМ,,RECV-01,WH1,4.00000,313194,,Модульный контактор 1НО+1НЗ 40А 230В МК-103 DEKraft,9.00000,NEW Заказной товар,,,0,1.00000,ШТ,2026-03-20 00:00:00,EKS000005753,СП,ME-104-03-E-40,WH1,0.20000,КГ,7.00000,,,,,,,0.00000,0.00000,n.bezrukov,Пакет интерфейса поставки:a0c008e5-5db8-4cea-a156-34268e47a354,2026-03-23 14:09:29,321133,1996553,2566138,0,ЭКС,,3844713,,,,Годен,,,,
2531526,320644,New,End,,,2566139,,3.00000,ШТ,СМ,,RECV-01,WH1,1.00000,676119,,"Рамка 2-пост , универсальная, Atlasdesign Лотос  ATN001302",18.00000,NEW Заказной товар,,,0,3.00000,ШТ,2026-03-20 00:00:00,EKS000005753,СП,ME-104-03-F-40,WH1,0.15000,КГ,8.00000,,,,,,,0.00000,0.00000,n.bezrukov,Пакет интерфейса поставки:a0c008e5-5db8-4cea-a156-34268e47a354,2026-03-23 14:09:29,321133,1996571,2566139,0,ЭКС,,3844714,,,,Годен,,,,
2531527,320644,New,End,,,2566140,,1.00000,ПЧ,СМ,,RECV-01,WH1,9.00000,676119,,"Рамка 2-пост , универсальная, Atlasdesign Лотос  ATN001302",23.00000,NEW Заказной товар,,,0,5.00000,ШТ,2026-03-20 00:00:00,EKS000005753,СП,ME-104-03-F-40,WH1,0.10000,КГ,9.00000,,,,,,,0.00000,0.00000,n.bezrukov,Пакет интерфейса поставки:a0c008e5-5db8-4cea-a156-34268e47a354,2026-03-23 14:09:29,321133,1996571,2566140,0,ЭКС,,3844715,,,,Годен,,,,
2531528,320644,New,End,,,2566141,,1.00000,ПЧ,СМ,,RECV-01,WH1,9.00000,676149,,"Выключатель 2кл , сх.5, 10АХ, механизм, Atlasdesign Лотос  ATN001351",23.00000,NEW Заказной товар,,,0,5.00000,ШТ,2026-03-20 00:00:00,EKS000005753,СП,ME-202-05-I-20,WH1,0.60000,КГ,9.00000,,,,,,,0.00000,0.00000,n.bezrukov,Пакет интерфейса поставки:a0c008e5-5db8-4cea-a156-34268e47a354,2026-03-23 14:09:29,321133,1996567,2566141,0,ЭКС,,3844717,,,,Годен,,,,
2531529,320644,New,End,,,2566142,,2.00000,ПЧ,СМ,,RECV-01,WH1,9.00000,676146,,"Розетка с ЗК со шторками, 16А, механизм, Atlasdesign Лотос  ATN001345",24.00000,NEW Заказной товар,,,0,10.00000,ШТ,2026-03-20 00:00:00,EKS000005753,СП,ME-104-03-I-40,WH1,0.80000,КГ,9.00000,,,,,,,0.00000,0.00000,n.bezrukov,Пакет интерфейса поставки:a0c008e5-5db8-4cea-a156-34268e47a354,2026-03-23 14:09:29,321133,1996568,2566142,0,ЭКС,,3844718,,,,Годен,,,,
2531530,320644,New,End,,,2566143,,3.00000,ШТ,СМ,,RECV-01,WH1,4.00000,676124,,"Выключатель 1кл, сх.1, 10АХ, механизм, Atlasdesign Лотос  ATN001311",7.00000,NEW Заказной товар,,,0,3.00000,ШТ,2026-03-20 00:00:00,EKS000005753,СП,ME-104-03-L-40,WH1,0.90000,КГ,7.00000,,,,,,,0.00000,0.00000,n.bezrukov,Пакет интерфейса поставки:a0c008e5-5db8-4cea-a156-34268e47a354,2026-03-23 14:09:29,321133,1996569,2566143,0,ЭКС,,3844719,,,,Годен,,,,
2531531,320644,New,End,,,2566144,,6.00000,ШТ,СМ,,RECV-01,WH1,1.00000,676118,,"Рамка 1-пост , Atlasdesign Лотос  ATN001301",8.00000,NEW Заказной товар,,,0,6.00000,ШТ,2026-03-20 00:00:00,EKS000005753,СП,ME-204-02-F-40,WH1,0.06000,КГ,8.00000,,,,,,,0.00000,0.00000,n.bezrukov,Пакет интерфейса поставки:a0c008e5-5db8-4cea-a156-34268e47a354,2026-03-23 14:09:29,321133,1996572,2566144,0,ЭКС,,3844720,,,,Годен,,,,
2531532,320644,New,End,,,2566145,,1.00000,ПЧ,СМ,,RECV-01,WH1,9.00000,676118,,"Рамка 1-пост , Atlasdesign Лотос  ATN001301",23.00000,NEW Заказной товар,,,0,10.00000,ШТ,2026-03-20 00:00:00,EKS000005753,СП,ME-204-02-F-40,WH1,0.20000,КГ,9.00000,,,,,,,0.00000,0.00000,n.bezrukov,Пакет интерфейса поставки:a0c008e5-5db8-4cea-a156-34268e47a354,2026-03-23 14:09:29,321133,1996572,2566145,0,ЭКС,,3844722,,,,Годен,,,,
2531533,320644,New,End,,,2566147,,3.00000,ШТ,СМ,,RECV-01,WH1,1.00000,690330,,"ATLASDESIGN ANTIQUE Рамка 4-пост, универсальная, Мокко",30.00000,NEW Заказной товар,,,0,3.00000,ШТ,2026-03-20 00:00:00,EKS000005753,СП,ME-104-04-D-30,WH1,0.06000,КГ,8.00000,,,,,,,0.00000,0.00000,n.bezrukov,Пакет интерфейса поставки:a0c008e5-5db8-4cea-a156-34268e47a354,2026-03-23 14:09:29,321133,1996564,2566147,0,ЭКС,,3844724,,,,Годен,,,,
2531534,320644,New,End,,,2566153,,1.00000,ШТ,СМ,,RECV-01,WH1,4.00000,744398,,"Выключатель 2-кл ДЛЯ ЖАЛЮЗИ, 2х сх.4, 10А, механизм, ШАМПАНЬ /ARTGALLERY  /GAL000519",7.00000,NEW Заказной товар,,,0,1.00000,ШТ,2026-03-20 00:00:00,EKS000005753,СП,ME-104-05-A-20,WH1,0.08000,КГ,7.00000,,,,,,,0.00000,0.00000,n.bezrukov,Пакет интерфейса поставки:a0c008e5-5db8-4cea-a156-34268e47a354,2026-03-23 14:09:29,321133,1996559,2566153,0,ЭКС,,3844732,,,,Годен,,,,
2531535,320644,New,End,,,2566157,,2.00000,ШТ,СМ,,RECV-01,WH1,4.00000,316132,,"Розетка с/у 2-я компьютерная RJ45, кат.5E, ""Blanca"" бежевый  BLNIS045457",8.00000,NEW Заказной товар,,,0,2.00000,ШТ,2026-03-20 00:00:00,EKS000005753,СП,ME-104-06-K-20,WH1,0.12000,КГ,8.00000,,,,,,,0.00000,0.00000,n.bezrukov,Пакет интерфейса поставки:a0c008e5-5db8-4cea-a156-34268e47a354,2026-03-23 14:09:29,321133,1996552,2566157,0,ЭКС,,3844737,,,,Годен,,,,
2531536,320644,New,End,,,2566159,,1.00000,ШТ,СМ,,RECV-01,WH1,9.00000,883638,,"Регулятор подогрева пола 10А, 250V~; в комплекте датчик температуры FTR231U Jung",21.00000,NEW Заказной товар,,,0,1.00000,ШТ,2026-03-20 00:00:00,EKS000005753,СП,ME-102-04-F-30,WH1,0.28000,КГ,10.00000,,,,,,,0.00000,0.00000,n.bezrukov,Пакет интерфейса поставки:a0c008e5-5db8-4cea-a156-34268e47a354,2026-03-23 14:09:29,321133,1996555,2566159,0,ЭКС,,3844740,,,,Годен,,,,
2531537,320644,New,End,,,2566160,,17.00000,ШТ,СМ,,RECV-01,WH1,1.00000,508256,,Рамка 1-местная черная  Стокгольм EXM-G-302-30,9.00000,NEW Заказной товар,,,0,17.00000,ШТ,2026-03-20 00:00:00,EKS000005753,СП,ME-103-08-C-30,WH1,0.17000,КГ,8.00000,,,,,,,0.00000,0.00000,n.bezrukov,Пакет интерфейса поставки:a0c008e5-5db8-4cea-a156-34268e47a354,2026-03-23 14:09:29,321133,1996545,2566160,0,ЭКС,,3844741,,,,Годен,,,,
2531538,320644,New,End,,,2566162,,3.00000,ШТ,СМ,,RECV-01,WH1,0.50000,883637,,Рамка 1-местная черная  Стокгольм EXM-G-302-30,8.00000,NEW Заказной товар,,,0,3.00000,ШТ,2026-03-20 00:00:00,EKS000005753,СП,ME-102-04-H-20,WH1,0.06000,КГ,8.00000,,,,,,,0.00000,0.00000,n.bezrukov,Пакет интерфейса поставки:a0c008e5-5db8-4cea-a156-34268e47a354,2026-03-23 14:09:29,321133,1996556,2566162,0,ЭКС,,3844744,,,,Годен,,,,
2531539,320646,New,End,,,2566033,,1.00000,ПЧ,СМ,,RECV-01,WH1,1.50000,440522,,Термоусаживаемая трубка ТНТ-16/8 желтая по 1м КВТ,50.00000,NEW Класс C,,,0,10.00000,М,2026-03-23 00:00:00,EKS000005750,СП,ME-103-02-C-30,WH1,0.20000,КГ,5.00000,,,,,,,0.00000,0.00000,r.sagaidak,Пакет интерфейса поставки:a3aca545-d6fc-47a6-b775-8dc3fac4aa54,2026-03-23 14:13:24,321130,1996522,2566033,0,ЭКС,,3844586,,,,Годен,,,,
2531540,320646,New,End,,,2566034,,1.00000,ШТ,СМ,,RECV-01,WH1,7.00000,861419,,Набор втулочных наконечников НШВИ К-1490-1,24.00000,NEW Заказной товар,,,0,1.00000,ШТ,2026-03-23 00:00:00,EKS000005750,СП,ME-119-01-D-20,WH1,1.18000,КГ,17.00000,,,,,,,0.00000,0.00000,r.sagaidak,Пакет интерфейса поставки:a3aca545-d6fc-47a6-b775-8dc3fac4aa54,2026-03-23 14:13:24,321130,1996521,2566034,0,ЭКС,,3844587,,,,Годен,,,,
2531541,320646,New,End,,,2566038,,2.00000,ПЧ,СМ,,RECV-01,WH1,8.00000,317184,,Трубка ТТК-(4:1)-4/1 (КВТ),50.00000,NEW Заказной товар,,,0,20.00000,М,2026-03-23 00:00:00,EKS000005750,СП,ME-201-08-F-60,WH1,0.40000,КГ,8.00000,,,,,,,0.00000,0.00000,r.sagaidak,Пакет интерфейса поставки:a3aca545-d6fc-47a6-b775-8dc3fac4aa54,2026-03-23 14:13:24,321130,1996532,2566038,0,ЭКС,,3844590,,,,Годен,,,,
2531542,320646,New,End,,,2566039,,1.00000,ББ,СМ,,RECV-01,WH1,21.00000,401306,,Трубка ТТШ-10-150/60 КВТ,25.00000,NEW Заказной товар,,,0,10.00000,М,2026-03-23 00:00:00,EKS000005750,СП,ME-119-02-C-20,WH1,3.00000,КГ,21.00000,,,,,,,0.00000,0.00000,r.sagaidak,Пакет интерфейса поставки:a3aca545-d6fc-47a6-b775-8dc3fac4aa54,2026-03-23 14:13:24,321130,1996528,2566039,0,ЭКС,,3844591,,,,Годен,,,,
2531543,320646,New,End,,,2566041,,2.00000,ПЧ,СМ,,RECV-01,WH1,5.00000,168516,,Трубка ТТК-(3:1)-12/4 черная (КВТ),50.00000,NEW Заказной товар,,,0,20.00000,М,2026-03-23 00:00:00,EKS000005750,СП,ME-103-02-D-20,WH1,0.60000,КГ,7.00000,,,,,,,0.00000,0.00000,r.sagaidak,Пакет интерфейса поставки:a3aca545-d6fc-47a6-b775-8dc3fac4aa54,2026-03-23 14:13:24,321130,1996520,2566041,0,ЭКС,,3844593,,,,Годен,,,,
2531544,320646,New,End,,,2566043,,1.00000,ПЧ,СМ,,RECV-01,WH1,2.00000,283967,,Термоусаживаемая трубка ТНТнг-LS 16/8 желто-зеленая по 1м КВТ,50.00000,NEW Класс C,,,0,10.00000,М,2026-03-23 00:00:00,EKS000005750,СП,ME-103-02-K-20,WH1,0.20000,КГ,8.00000,,,,,,,0.00000,0.00000,r.sagaidak,Пакет интерфейса поставки:a3aca545-d6fc-47a6-b775-8dc3fac4aa54,2026-03-23 14:13:24,321130,1996534,2566043,0,ЭКС,,3844594,,,,Годен,,,,
2531545,320646,New,End,,,2566048,,1.00000,ПЧ,СМ,,RECV-01,WH1,5.00000,205338,,Гильза  алюминиевая ГА 185-19  КВТ,24.00000,NEW Заказной товар,,,0,25.00000,ШТ,2026-03-23 00:00:00,EKS000005750,СП,ME-218-06-E-20,WH1,1.50000,КГ,18.00000,,,,,,,0.00000,0.00000,r.sagaidak,Пакет интерфейса поставки:a3aca545-d6fc-47a6-b775-8dc3fac4aa54,2026-03-23 14:13:24,321130,1996535,2566048,0,ЭКС,,3844597,,,,Годен,,,,
2531546,320646,New,End,,,2566050,,2.00000,УП,СМ,,RECV-01,WH1,2.00000,310514,,"Набор ""Колорит 12/6"" (КВТ)",12.00000,NEW Заказной товар,,,0,2.00000,УП,2026-03-23 00:00:00,EKS000005750,СП,ME-103-02-L-30,WH1,0.04000,КГ,9.00000,,,,,,,0.00000,0.00000,r.sagaidak,Пакет интерфейса поставки:a3aca545-d6fc-47a6-b775-8dc3fac4aa54,2026-03-23 14:13:24,321130,1996533,2566050,0,ЭКС,,3844598,,,,Годен,,,,
2531547,320646,New,End,,,2566052,,1.00000,ПЧ,СМ,,RECV-01,WH1,10.00000,66850,,Наконечник медный луженый ТМЛ  50-12-11 (КВТ),30.00000,NEW Класс C,,,0,100.00000,ШТ,2026-03-23 00:00:00,EKS000005750,СП,ME-225-06-E-40,WH1,4.00000,КГ,25.00000,,,,,,,0.00000,0.00000,r.sagaidak,Пакет интерфейса поставки:a3aca545-d6fc-47a6-b775-8dc3fac4aa54,2026-03-23 14:13:24,321130,1996523,2566052,0,ЭКС,,3844599,,,,Годен,,,,
2531548,320646,New,End,,,2566053,,1.00000,ПЧ,СМ,,RECV-01,WH1,18.00000,66844,,Наконечник медный луженый ТМЛ  35-10-9 (КВТ),20.00000,NEW Класс C,,,0,100.00000,ШТ,2026-03-23 00:00:00,EKS000005750,СП,ME-201-01-L-40,WH1,2.08000,КГ,5.00000,,,,,,,0.00000,0.00000,r.sagaidak,Пакет интерфейса поставки:a3aca545-d6fc-47a6-b775-8dc3fac4aa54,2026-03-23 14:13:24,321130,1996524,2566053,0,ЭКС,,3844600,,,,Годен,,,,
2531549,320646,New,End,,,2566056,,1.00000,ПЧ,СМ,,RECV-01,WH1,18.00000,66842,,Наконечник медный луженый ТМЛ  25-8-8 (КВТ),21.00000,NEW Класс C,,,0,100.00000,ШТ,2026-03-23 00:00:00,EKS000005750,СП,ME-202-05-A-50,WH1,1.60000,КГ,3.00000,,,,,,,0.00000,0.00000,r.sagaidak,Пакет интерфейса поставки:a3aca545-d6fc-47a6-b775-8dc3fac4aa54,2026-03-23 14:13:24,321130,1996525,2566056,0,ЭКС,,3844601,,,,Годен,,,,
2531550,320646,New,End,,,2566057,,1.00000,ПЧ,СМ,,RECV-01,WH1,20.00000,42091,,Наконечник медный луженый ТМЛ  10-6-5 (КВТ),26.00000,NEW Класс B,,,0,100.00000,ШТ,2026-03-23 00:00:00,EKS000005750,СП,ME-220-07-C-30,WH1,1.00000,КГ,6.50000,,,,,,,0.00000,0.00000,r.sagaidak,Пакет интерфейса поставки:a3aca545-d6fc-47a6-b775-8dc3fac4aa54,2026-03-23 14:13:24,321130,1996526,2566057,0,ЭКС,,3844602,,,,Годен,,,,
2531551,320646,New,End,,,2566058,,1.00000,БЛ,СМ,,RECV-01,WH1,16.00000,397956,,"Наконечник кольцевой изолир. НКИ 6,0-8 (КВТ)",21.00000,NEW Класс B,,,0,500.00000,ШТ,2026-03-23 00:00:00,EKS000005750,СП,ME-103-03-C-40,WH1,1.21000,КГ,5.50000,,,,,,,0.00000,0.00000,r.sagaidak,Пакет интерфейса поставки:a3aca545-d6fc-47a6-b775-8dc3fac4aa54,2026-03-23 14:13:24,321130,1996530,2566058,0,ЭКС,,3844603,,,,Годен,,,,
2531552,320646,New,End,,,2566061,,1.00000,ПЧ,СМ,,RECV-01,WH1,1.00000,365076,,"КВТ Наконечник ПМ 1,5 - 4",10.00000,NEW Класс C,,,0,100.00000,ШТ,2026-03-23 00:00:00,EKS000005750,СП,ME-101-01-A-20,WH1,0.05000,КГ,10.00000,,,,,,,0.00000,0.00000,r.sagaidak,Пакет интерфейса поставки:a3aca545-d6fc-47a6-b775-8dc3fac4aa54,2026-03-23 14:13:24,321130,1996531,2566061,0,ЭКС,,3844604,,,,Годен,,,,
2531553,320646,New,End,,,2566062,,1.00000,БЛ,СМ,,RECV-01,WH1,4.00000,397960,,"Наконечник кольцевой изолир. НКИ 1,5-4 (КВТ)",18.00000,NEW Класс B,,,0,500.00000,ШТ,2026-03-23 00:00:00,EKS000005750,СП,ME-213-03-F-10,WH1,0.35000,КГ,12.00000,,,,,,,0.00000,0.00000,r.sagaidak,Пакет интерфейса поставки:a3aca545-d6fc-47a6-b775-8dc3fac4aa54,2026-03-23 14:13:24,321130,1996529,2566062,0,ЭКС,,3844605,,,,Годен,,,,
2531554,320646,New,End,,,2566063,,5.00000,ПЧ,СМ,,RECV-01,WH1,1.00000,422606,,"Разъем плоский РПИ-П 1,5-(6,3) (КВТ)",12.00000,NEW Класс C,,,0,500.00000,ШТ,2026-03-23 00:00:00,EKS000005750,СП,ME-103-03-L-40,WH1,0.25000,КГ,10.00000,,,,,,,0.00000,0.00000,r.sagaidak,Пакет интерфейса поставки:a3aca545-d6fc-47a6-b775-8dc3fac4aa54,2026-03-23 14:13:24,321130,1996527,2566063,0,ЭКС,,3844606,,,,Годен,,,,
2531555,320645,New,End,,,2566093,,2.00000,КР,СМ,,RECV-01,WH1,15.00000,875040,,Лампа светодиодная GREEN LINE LED MR16-15W-865-GU5.3 GL 15Вт софит холодный свет GU5.3,56.00000,NEW Заказной товар,,,0,200.00000,ШТ,2026-03-21 00:00:00,EKS000005740,СП,ME-212-05-F-50,WH1,5.40000,КГ,28.00000,,,,,,,0.00000,0.00000,a.manokhin,Пакет интерфейса поставки:a3aca545-d6fc-47a6-b775-8dc3fac4aa54,2026-03-23 14:13:12,321120,1996470,2566093,0,ЭКС,,3844653,,,,Годен,,,,
2531556,320645,New,End,,,2566094,,2.00000,ШТ,СМ,4712-12-31 00:00:00,RECV-01,WH1,22.00000,834869,,ЭРА F-4-HF Кабель витая пара F/UTP 4x2x24 AWG Cat5e CU нг(А) HF 305м,42.00000,NEW Кабель и провод,305,,0,2.00000,ШТ,2026-03-21 00:00:00,EKS000005740,СП,ZX-09-19-F-15,WH1,24.18000,КГ,41.00000,,,,,,,0.00000,0.00000,a.manokhin,Пакет интерфейса поставки:a3aca545-d6fc-47a6-b775-8dc3fac4aa54,2026-03-23 14:13:12,321120,1996469,2566094,0,ЭКС,,3844655,,,,Годен,,,,
2531557,320645,New,End,,,2566095,,2.00000,ШТ,СМ,,RECV-01,WH1,10.00000,668490,,Светильник LED ЭРА Классик с ДУ SPB-6-70-RC Liburn 70Вт 3400-5500К,50.00000,NEW Заказной товар,,,0,2.00000,ШТ,2026-03-21 00:00:00,EKS000005740,СП,ME-106-07-B-40,WH1,4.00000,КГ,50.00000,,,,,,,0.00000,0.00000,a.manokhin,Пакет интерфейса поставки:a3aca545-d6fc-47a6-b775-8dc3fac4aa54,2026-03-23 14:13:12,321120,1996481,2566095,0,ЭКС,,3844656,,,,Годен,,,,
2531558,320645,New,End,,,2566096,,27.00000,ШТ,СМ,,RECV-01,WH1,5.50000,866365,,Светильник встраиваемый DK116 WH под лампу GX53 белый,11.00000,NEW Заказной товар,,,0,27.00000,ШТ,2026-03-21 00:00:00,EKS000005740,СП,ME-117-03-B-40,WH1,2.70000,КГ,11.00000,,,,,,,0.00000,0.00000,a.manokhin,Пакет интерфейса поставки:a3aca545-d6fc-47a6-b775-8dc3fac4aa54,2026-03-23 14:13:12,321120,1996471,2566096,0,ЭКС,,3844659,,,,Годен,,,,
2531559,320645,New,End,,,2566101,,8.00000,КР,СМ,,RECV-01,WH1,44.00000,297932,,Светильник Настольный NL-202-G23-11W-BK черный (дельта) ЭРА,42.00000,NEW Заказной товар,,,0,48.00000,ШТ,2026-03-21 00:00:00,EKS000005740,СП,ZX-14-13-C-20,WH1,88.00000,КГ,25.00000,,,,,,,0.00000,0.00000,a.manokhin,Пакет интерфейса поставки:a3aca545-d6fc-47a6-b775-8dc3fac4aa54,2026-03-23 14:13:12,321120,1996474,2566101,0,ЭКС,,3844668,,,,Годен,,,,
2531560,320645,New,End,,,2566109,,2.00000,КР,СМ,4712-12-31 00:00:00,RECV-01,WH1,38.00000,544407,,ЭРА U-4-HF Кабель витая пара U/UTP 4x2x24 AWG Cat5e CU нг(А) HF 305м,42.00000,NEW Кабель и провод,305,,0,4.00000,ШТ,2026-03-21 00:00:00,EKS000005740,СП,ZX-10-16-A-15,WH1,36.00000,КГ,37.00000,,,,,,,0.00000,0.00000,a.manokhin,Пакет интерфейса поставки:a3aca545-d6fc-47a6-b775-8dc3fac4aa54,2026-03-23 14:13:12,321120,1996468,2566109,0,ЭКС,,3844677,,,,Годен,,,,
2531561,320645,New,End,,,2566111,,2.00000,ШТ,СМ,,RECV-01,WH1,6.00000,634874,,Светильник настенно-потолочный спот ЭРА OL35-2 BK MR16 GU10 IP20 черный хром,33.00000,NEW Заказной товар,,,0,2.00000,ШТ,2026-03-21 00:00:00,EKS000005740,СП,ME-103-05-F-40,WH1,0.40000,КГ,13.00000,,,,,,,0.00000,0.00000,a.manokhin,Пакет интерфейса поставки:a3aca545-d6fc-47a6-b775-8dc3fac4aa54,2026-03-23 14:13:12,321120,1996482,2566111,0,ЭКС,,3844679,,,,Годен,,,,
2531562,320645,New,End,,,2566114,,27.00000,ШТ,СМ,,RECV-01,WH1,3.50000,797998,,ЭРА Встраиваемый светильник со светодиодной подсветкой ЭРА DK LD50 FR GX53 белый матовый,12.50000,NEW Заказной товар,,,0,27.00000,ШТ,2026-03-21 00:00:00,EKS000005740,СП,ME-119-03-E-40,WH1,6.75000,КГ,12.50000,,,,,,,0.00000,0.00000,a.manokhin,Пакет интерфейса поставки:a3aca545-d6fc-47a6-b775-8dc3fac4aa54,2026-03-23 14:13:12,321120,1996477,2566114,0,ЭКС,,3844682,,,,Годен,,,,
2531563,320645,New,End,,,2566117,,15.00000,ШТ,СМ,,RECV-01,WH1,12.00000,700247,,ЭРА Встраиваемый светильник под лампу GX53 DK114 WH белый,12.00000,NEW Заказной товар,,,0,15.00000,ШТ,2026-03-21 00:00:00,EKS000005740,СП,ME-118-05-F-40,WH1,3.00000,КГ,11.00000,,,,,,,0.00000,0.00000,a.manokhin,Пакет интерфейса поставки:a3aca545-d6fc-47a6-b775-8dc3fac4aa54,2026-03-23 14:13:12,321120,1996479,2566117,0,ЭКС,,3844686,,,,Годен,,,,
2531564,320645,New,End,,,2566119,,4.00000,ШТ,СМ,,RECV-01,WH1,1.50000,568989,,"ЭРА Патч корд Simple PC-5U-A U/UTP категория 5e, длина 5 метров, неэкранированный, серый",16.00000,NEW Заказной товар,,,0,4.00000,ШТ,2026-03-21 00:00:00,EKS000005740,СП,ME-103-06-I-30,WH1,0.92000,КГ,13.00000,,,,,,,0.00000,0.00000,a.manokhin,Пакет интерфейса поставки:a3aca545-d6fc-47a6-b775-8dc3fac4aa54,2026-03-23 14:13:12,321120,1996484,2566119,0,ЭКС,,3844688,,,,Годен,,,,
2531565,320645,New,End,,,2566121,,10.00000,ШТ,СМ,,RECV-01,WH1,2.00000,839692,,Разветвитель электрический ЭРА SPF-2-FL-USB поворотный на 2 розетки + 2USB 10А белый ЭРА,11.00000,NEW Заказной товар,,,0,10.00000,ШТ,2026-03-21 00:00:00,EKS000005740,СП,ME-103-07-A-30,WH1,0.50000,КГ,7.00000,,,,,,,0.00000,0.00000,a.manokhin,Пакет интерфейса поставки:a3aca545-d6fc-47a6-b775-8dc3fac4aa54,2026-03-23 14:13:12,321120,1996476,2566121,0,ЭКС,,3844690,,,,Годен,,,,
2531566,320645,New,End,,,2566123,,2.00000,ШТ,СМ,,RECV-01,WH1,8.00000,297932,,Светильник Настольный NL-202-G23-11W-BK черный (дельта) ЭРА,42.00000,NEW Заказной товар,,,0,2.00000,ШТ,2026-03-21 00:00:00,EKS000005740,СП,ZX-14-13-C-20,WH1,1.00000,КГ,20.00000,,,,,,,0.00000,0.00000,a.manokhin,Пакет интерфейса поставки:a3aca545-d6fc-47a6-b775-8dc3fac4aa54,2026-03-23 14:13:12,321120,1996474,2566123,0,ЭКС,,3844692,,,,Годен,,,,
2531567,320645,New,End,,,2566125,,2.00000,ПЧ,СМ,,RECV-01,WH1,4.00000,608060,,Элемент питания Трофи CR1620-1BL ENERGY POWER Lithium,7.00000,NEW Заказной товар,,,0,20.00000,ШТ,2026-03-21 00:00:00,EKS000005740,СП,ME-103-07-L-40,WH1,0.20000,КГ,5.00000,,,,,,,0.00000,0.00000,a.manokhin,Пакет интерфейса поставки:a3aca545-d6fc-47a6-b775-8dc3fac4aa54,2026-03-23 14:13:12,321120,1996483,2566125,0,ЭКС,,3844694,,,,Годен,,,,
2531568,320645,New,End,,,2566126,,27.00000,ШТ,СМ,,RECV-01,WH1,5.50000,866364,,Светильник встраиваемый DK116 BK под лампу GX53 черный,11.00000,NEW Заказной товар,,,0,27.00000,ШТ,2026-03-21 00:00:00,EKS000005740,СП,ME-215-04-E-30,WH1,2.70000,КГ,11.00000,,,,,,,0.00000,0.00000,a.manokhin,Пакет интерфейса поставки:a3aca545-d6fc-47a6-b775-8dc3fac4aa54,2026-03-23 14:13:12,321120,1996472,2566126,0,ЭКС,,3844696,,,,Годен,,,,
2531569,320645,New,End,,,2566128,,10.00000,ШТ,СМ,,RECV-01,WH1,3.00000,673164,,"Шнур для бра ЭРА  UX-ШВВП-1,8m-W 1,8 м ШВВП 2x0,5мм2 белый  ЭРА",22.00000,NEW Заказной товар,,,0,10.00000,ШТ,2026-03-21 00:00:00,EKS000005740,СП,ME-103-08-D-30,WH1,0.70000,КГ,9.00000,,,,,,,0.00000,0.00000,a.manokhin,Пакет интерфейса поставки:a3aca545-d6fc-47a6-b775-8dc3fac4aa54,2026-03-23 14:13:12,321120,1996480,2566128,0,ЭКС,,3844698,,,,Годен,,,,
2531570,320645,New,End,,,2566130,,20.00000,ШТ,СМ,,RECV-01,WH1,2.00000,302375,,"Лампа LED G9 smd JCD 7w 4000K 220V corn, ceramics ЭРА",6.50000,NEW Заказной товар,,,0,20.00000,ШТ,2026-03-21 00:00:00,EKS000005740,СП,ME-103-08-E-30,WH1,0.20000,КГ,2.00000,,,,,,,0.00000,0.00000,a.manokhin,Пакет интерфейса поставки:a3aca545-d6fc-47a6-b775-8dc3fac4aa54,2026-03-23 14:13:12,321120,1996473,2566130,0,ЭКС,,3844700,,,,Годен,,,,
2531571,320645,New,End,,,2566132,,11.00000,ШТ,СМ,,RECV-01,WH1,4.00000,293857,,"Светильник DK LD24 SL/WH  ЭРА декор cо светодиодной подсветкой Gx53, прозрачный",11.00000,NEW Заказной товар,,,0,11.00000,ШТ,2026-03-21 00:00:00,EKS000005740,СП,ME-103-08-I-20,WH1,1.98000,КГ,11.00000,,,,,,,0.00000,0.00000,a.manokhin,Пакет интерфейса поставки:a3aca545-d6fc-47a6-b775-8dc3fac4aa54,2026-03-23 14:13:12,321120,1996475,2566132,0,ЭКС,,3844703,,,,Годен,,,,
2531572,320645,New,End,,,2566134,,5.00000,ШТ,СМ,,RECV-01,WH1,12.00000,704439,,ЭРА Встраиваемый светильник со светодиодной подсветкой ЭРА DK LD51 CH/SHSL GX53 хром серебро,12.00000,NEW Заказной товар,,,0,5.00000,ШТ,2026-03-21 00:00:00,EKS000005740,СП,ME-202-07-E-60,WH1,0.75000,КГ,4.00000,,,,,,,0.00000,0.00000,a.manokhin,Пакет интерфейса поставки:a3aca545-d6fc-47a6-b775-8dc3fac4aa54,2026-03-23 14:13:12,321120,1996478,2566134,0,ЭКС,,3844705,,,,Годен,,,,
2531573,320647,New,End,,,2565990,,2.00000,КР,СМ,,RECV-01,WH1,23.00000,406666,,ЭРА Из.лента Лента изоляционная прорезиненная Х/Б 70 г,26.00000,NEW Заказной товар,,,0,180.00000,ШТ,2026-03-23 00:00:00,EKS000005743,СП,ME-215-05-F-40,WH1,15.00000,КГ,26.00000,,,,,,,0.00000,0.00000,a.manokhin,Пакет интерфейса поставки:9a5d592e-251f-49e1-b69c-1a8c429a7881,2026-03-23 14:15:10,321123,1996498,2565990,0,ЭКС,,3844514,,,,Годен,,,,
2531574,320647,New,End,,,2565991,,2.00000,ШТ,СМ,,RECV-01,WH1,8.00000,836287,,Светильник потолочный светодиодный Rivoli Ava 6182-201 LED 80 Вт3000-6000К белый с пультом,66.00000,NEW Заказной товар,,,0,2.00000,ШТ,2026-03-23 00:00:00,EKS000005743,СП,ME-216-02-D-20,WH1,3.90000,КГ,25.00000,,,,,,,0.00000,0.00000,a.manokhin,Пакет интерфейса поставки:9a5d592e-251f-49e1-b69c-1a8c429a7881,2026-03-23 14:15:10,321123,1996493,2565991,0,ЭКС,,3844515,,,,Годен,,,,
2531575,320647,New,End,,,2565993,,3.00000,ШТ,СМ,,RECV-01,WH1,13.00000,836293,,Светильник потолочный светодиодный Rivoli Juniper 6187-702 LED 75 Вт 3000-6000К белый с пультом,28.00000,NEW Заказной товар,,,0,3.00000,ШТ,2026-03-23 00:00:00,EKS000005743,СП,ME-216-03-D-20,WH1,4.56000,КГ,28.00000,,,,,,,0.00000,0.00000,a.manokhin,Пакет интерфейса поставки:9a5d592e-251f-49e1-b69c-1a8c429a7881,2026-03-23 14:15:10,321123,1996500,2565993,0,ЭКС,,3844517,,,,Годен,,,,
2531576,320647,New,End,,,2565995,,1.00000,ШТ,СМ,,RECV-01,WH1,5.50000,295187,,"Модульные системы освещения ЭРА LM-8,5-840-C3 (10/160) 800 mm сенсор, (крепежные клипсы, ЗМ скотч)",84.00000,NEW Заказной товар,,,0,1.00000,ШТ,2026-03-23 00:00:00,EKS000005743,СП,ME-216-06-E-50,WH1,0.43000,КГ,12.00000,,,,,,,0.00000,0.00000,a.manokhin,Пакет интерфейса поставки:9a5d592e-251f-49e1-b69c-1a8c429a7881,2026-03-23 14:15:10,321123,1996499,2565995,0,ЭКС,,3844519,,,,Годен,,,,
2531577,320647,New,End,,,2565996,,1.00000,ШТ,СМ,,RECV-01,WH1,23.00000,623212,,Корпус навес (395х310х220) ЩМПг-1-0 IP54 У2,41.00000,NEW Заказной товар,,,0,1.00000,ШТ,2026-03-23 00:00:00,EKS000005743,СП,ME-216-07-D-30,WH1,3.00000,КГ,33.00000,,,,,,,0.00000,0.00000,a.manokhin,Пакет интерфейса поставки:9a5d592e-251f-49e1-b69c-1a8c429a7881,2026-03-23 14:15:10,321123,1996495,2565996,0,ЭКС,,3844520,,,,Годен,,,,
2531578,320647,New,End,,,2566000,,10.00000,КР,СМ,,RECV-01,WH1,29.00000,429067,,Патрон подвесной с клеммной колодкой Е27 термостойкий пластик белый ЭРА,52.00000,NEW Класс C,,,0,2000.00000,ШТ,2026-03-23 00:00:00,EKS000005743,СП,ZX-06-02-C-10,WH1,50.00000,КГ,27.00000,,,,,,,0.00000,0.00000,a.manokhin,Пакет интерфейса поставки:9a5d592e-251f-49e1-b69c-1a8c429a7881,2026-03-23 14:15:10,321123,1996497,2566000,0,ЭКС,,3844529,,,,Годен,,,,
2531579,320647,New,End,,,2566003,,10.00000,КР,СМ,,RECV-01,WH1,28.00000,513569,,Патрон подвесной с клеммной  колодкой  Е27 термостойкий  пластик черный ЭРА (аналог 197365),52.00000,NEW Класс C,,,0,2000.00000,ШТ,2026-03-23 00:00:00,EKS000005743,СП,ZX-03-27-C-20,WH1,50.00000,КГ,28.00000,,,,,,,0.00000,0.00000,a.manokhin,Пакет интерфейса поставки:9a5d592e-251f-49e1-b69c-1a8c429a7881,2026-03-23 14:15:10,321123,1996496,2566003,0,ЭКС,,3844532,,,,Годен,,,,
2531580,320647,New,End,,,2566023,,42.00000,ШТ,СМ,,RECV-01,WH1,2.00000,406666,,ЭРА Из.лента Лента изоляционная прорезиненная Х/Б 70 г,7.00000,NEW Заказной товар,,,0,42.00000,ШТ,2026-03-23 00:00:00,EKS000005743,СП,ME-215-05-F-40,WH1,0.42000,КГ,7.00000,,,,,,,0.00000,0.00000,a.manokhin,Пакет интерфейса поставки:9a5d592e-251f-49e1-b69c-1a8c429a7881,2026-03-23 14:15:10,321123,1996498,2566023,0,ЭКС,,3844569,,,,Годен,,,,
2531581,320647,New,End,,,2566024,,50.00000,ШТ,СМ,,RECV-01,WH1,2.00000,632420,,Распаячная коробка ЭРА BS-W-75-75-28 без клеммы 75х75х28мм белая IP40,7.00000,NEW Заказной товар,,,0,50.00000,ШТ,2026-03-23 00:00:00,EKS000005743,СП,ME-102-08-E-30,WH1,1.50000,КГ,7.00000,,,,,,,0.00000,0.00000,a.manokhin,Пакет интерфейса поставки:9a5d592e-251f-49e1-b69c-1a8c429a7881,2026-03-23 14:15:10,321123,1996494,2566024,0,ЭКС,,3844572,,,,Годен,,,,
2531582,320648,New,End,,,2566032,,45.00000,ББ,СМ,4712-12-31 00:00:00,RECV-01,WH1,9.00000,883697,,Провод ПуГВнг(А)-LS 1х6   Промэко,26.00000,NEW Кабель и провод,100,,0,4500.00000,М,2026-03-23 00:00:00,EKS000005749,СП,ZX-08-29-B-15,WH1,299.25000,КГ,26.00000,,,,,,,0.00000,0.00000,a.savitskiy,Пакет интерфейса поставки:7e813b0b-6f2b-4c3a-b0cf-f8965eb448a9,2026-03-23 14:23:22,321129,1996519,2566032,0,ЭКС,,3844585,,,,Годен,,,,
2531583,320649,New,End,,,OTR02095365,,391.00000,М,СМ,4712-12-31 00:00:00,RECV-01,WH1,2.03000,840397,,"Кабель ВВГнг(A)-LS 5х10 ок(N,PE)-0,66 Промэко",100.00000,KC1-03,OTR02095365,,2566022,391.00000,М,2025-09-29 00:00:00,EKS000005744,СП,KC-03-N,WH1,358.15600,КГ,2.03000,bar10kapa,0000,,,,,0.00000,0.00000,n.bezrukov,Пакет интерфейса поставки:09121ab0-4736-4326-b1c9-1dd38788e170,2026-03-23 14:39:13,321124,1996501,2566021,0,ЭКС,,3844568,,,,Годен,,,,
2531584,320649,New,End,,Барабан,BAR02047273,Барабан 10,0.00000,,СМ,,RECV-01,WH1,100.00000,,,,81.00000,KC1-01,,,0,391.00000,,2025-09-29 00:00:00,EKS000005744,СП,,,358.15600,,100.00000,,,,,,,0.00000,0.00000,n.bezrukov,Пакет интерфейса поставки:09121ab0-4736-4326-b1c9-1dd38788e170,2026-03-23 14:39:13,321124,,2566022,0,,,,,,,,,,,
2531585,320650,New,End,,,OTR02095364,,40.00000,М,СМ,4712-12-31 00:00:00,RECV-01,WH1,3.00000,116294,,Кабель КГ-ХЛ 1х240-380/660В-2,100.00000,KC1-03,OTR02095364,,2566019,40.00000,М,2026-03-17 00:00:00,EKS000005746,СП,KC-05-D,WH1,127.60000,КГ,3.00000,bar10mg,0000,,,,,0.00000,0.00000,n.bezrukov,Пакет интерфейса поставки:62a7cf3a-9ca1-4a27-bff5-57f0a2cef927,2026-03-23 14:43:25,321126,1996503,2566018,0,ЭКС,,3844564,,,,Годен,,,,
2531586,320650,New,End,,Барабан,BAR02026949,Барабан 10,0.00000,,СМ,,RECV-01,WH1,100.00000,,,,81.00000,KC1-01,,,0,40.00000,,2026-03-17 00:00:00,EKS000005746,СП,,,127.60000,,100.00000,,,,,,,0.00000,0.00000,n.bezrukov,Пакет интерфейса поставки:62a7cf3a-9ca1-4a27-bff5-57f0a2cef927,2026-03-23 14:43:25,321126,,2566019,0,,,,,,,,,,,
2531587,320651,New,End,,,2566261,,1.00000,ШТ,СМ,,RECV-01,WH1,23.00000,866346,,Пункт распределительный ПР-8-РУ (ЩР),66.00000,NEW Заказной товар,,,0,1.00000,ШТ,2026-03-23 00:00:00,EKS000005763,СП,ME-105-03-A-30,WH1,23.00000,КГ,52.00000,,,,,,,0.00000,0.00000,n.bezrukov,Пакет интерфейса поставки:288b0005-deb3-4371-a13f-350acdbbef23,2026-03-23 14:45:41,321149,1996699,2566261,0,ЭКС,,3844868,,,,Годен,,,,
2531588,320651,New,End,,,2566262,,1.00000,ШТ,СМ,,RECV-01,WH1,24.00000,866347,,Ящик управления ЯУО 9602-3174 (IP66) НЭМЗ (ЩРн),50.00000,NEW Заказной товар,,,0,1.00000,ШТ,2026-03-23 00:00:00,EKS000005763,СП,ME-106-07-A-20,WH1,12.00000,КГ,40.00000,,,,,,,0.00000,0.00000,n.bezrukov,Пакет интерфейса поставки:288b0005-deb3-4371-a13f-350acdbbef23,2026-03-23 14:45:41,321149,1996698,2566262,0,ЭКС,,3844869,,,,Годен,,,,
2531589,320652,New,End,,,2566214,,7.00000,ПЧ,СМ,,RECV-01,WH1,19.00000,183446,,"Выключатель с/п 2кл. б/рамки ""Glossa"" белый GSL000151",38.00000,NEW Класс A,,,0,140.00000,ШТ,2026-03-29 00:00:00,EKS000005756,СП,ME-107-04-C-30,WH1,11.27000,КГ,9.00000,,,,,,,0.00000,0.00000,n.bezrukov,Пакет интерфейса поставки:4a28aa79-4983-43cc-896a-9c9a8cff5d69,2026-03-23 14:47:23,321138,1996611,2566214,0,ЭКС,,3844814,,,,Годен,,,,
2531590,320652,New,End,,,2566218,,4.00000,ПЧ,СМ,,RECV-01,WH1,18.00000,183428,,"Рамка 3-ая, горизонтальная,""Glossa"" белый GSL000103",37.00000,NEW Класс A,,,0,60.00000,ШТ,2026-03-29 00:00:00,EKS000005756,СП,ME-114-02-C-10,WH1,2.72000,КГ,11.00000,,,,,,,0.00000,0.00000,n.bezrukov,Пакет интерфейса поставки:4a28aa79-4983-43cc-896a-9c9a8cff5d69,2026-03-23 14:47:23,321138,1996612,2566218,0,ЭКС,,3844819,,,,Годен,,,,
2531591,320652,New,End,,,2566219,,2.00000,ПЧ,СМ,,RECV-01,WH1,18.00000,183459,,"Рамка 3-ая, горизонтальная,""Glossa"" бежевый GSL000203",37.00000,NEW Класс B,,,0,30.00000,ШТ,2026-03-29 00:00:00,EKS000005756,СП,ME-223-05-D-40,WH1,1.36000,КГ,11.00000,,,,,,,0.00000,0.00000,n.bezrukov,Пакет интерфейса поставки:4a28aa79-4983-43cc-896a-9c9a8cff5d69,2026-03-23 14:47:23,321138,1996610,2566219,0,ЭКС,,3844822,,,,Годен,,,,
2531592,320652,New,End,,,2566221,,1.00000,ШТ,СМ,,RECV-01,WH1,6.00000,505638,,Выключатель авт. ВА-103 3п   63А  х-ка C   6кА  12311DEK  DEKraft,8.00000,NEW Заказной товар,,,0,1.00000,ШТ,2026-03-29 00:00:00,EKS000005756,СП,ME-207-04-A-10,WH1,0.30000,КГ,7.00000,,,,,,,0.00000,0.00000,n.bezrukov,Пакет интерфейса поставки:4a28aa79-4983-43cc-896a-9c9a8cff5d69,2026-03-23 14:47:23,321138,1996608,2566221,0,ЭКС,,3844824,,,,Годен,,,,
2531593,320652,New,End,,,2566223,,1.00000,ШТ,СМ,,RECV-01,WH1,4.00000,831637,,Выключатель авт. диф. тока (АВДТ) City9 1P+N С 16А 6kA 10мА Тип-A 230В,9.00000,NEW Заказной товар,,,0,1.00000,ШТ,2026-03-29 00:00:00,EKS000005756,СП,ME-203-03-G-20,WH1,0.20000,КГ,8.00000,,,,,,,0.00000,0.00000,n.bezrukov,Пакет интерфейса поставки:4a28aa79-4983-43cc-896a-9c9a8cff5d69,2026-03-23 14:47:23,321138,1996614,2566223,0,ЭКС,,3844826,,,,Годен,,,,
2531594,320652,New,End,,,2566225,,2.00000,ШТ,СМ,,RECV-01,WH1,4.00000,755209,,City9 Set Авт. выкл. диф. тока (АВДТ) 1P+N С 32А 6kA 30мА Тип-A 230В,9.00000,NEW Заказной товар,,,0,2.00000,ШТ,2026-03-29 00:00:00,EKS000005756,СП,ME-203-04-C-20,WH1,0.02000,КГ,8.00000,,,,,,,0.00000,0.00000,n.bezrukov,Пакет интерфейса поставки:4a28aa79-4983-43cc-896a-9c9a8cff5d69,2026-03-23 14:47:23,321138,1996607,2566225,0,ЭКС,,3844828,,,,Годен,,,,
2531595,320652,New,End,,,2566229,,2.00000,КР,СМ,,RECV-01,WH1,33.00000,168234,,Коробка распр. скр. пр. для сплошн. стен D100x50 IP30 Systeme Electric IMT35121,44.00000,NEW Класс C,,,0,168.00000,ШТ,2026-03-29 00:00:00,EKS000005756,СП,ME-115-03-A-50,WH1,7.00000,КГ,37.00000,,,,,,,0.00000,0.00000,n.bezrukov,Пакет интерфейса поставки:4a28aa79-4983-43cc-896a-9c9a8cff5d69,2026-03-23 14:47:23,321138,1996613,2566229,0,ЭКС,,3844833,,,,Годен,,,,
2531596,320652,New,End,,,2566232,,1.00000,КР,СМ,,RECV-01,WH1,35.00000,303956,,Коробка распр. скр.пр. Systeme Electric г/к 100х100х50 с крыш.(мет.лапки) Systeme Electric IMT351611,38.00000,NEW Класс C,,,0,72.00000,ШТ,2026-03-29 00:00:00,EKS000005756,СП,ME-125-07-D-50,WH1,4.00000,КГ,38.00000,,,,,,,0.00000,0.00000,n.bezrukov,Пакет интерфейса поставки:4a28aa79-4983-43cc-896a-9c9a8cff5d69,2026-03-23 14:47:23,321138,1996609,2566232,0,ЭКС,,3844836,,,,Годен,,,,
2531597,320652,New,End,,,2566236,,1.00000,КР,СМ,,RECV-01,WH1,33.00000,183428,,"Рамка 3-ая, горизонтальная,""Glossa"" белый GSL000103",38.00000,NEW Класс A,,,0,90.00000,ШТ,2026-03-29 00:00:00,EKS000005756,СП,ME-114-02-C-10,WH1,4.08000,КГ,38.00000,,,,,,,0.00000,0.00000,n.bezrukov,Пакет интерфейса поставки:4a28aa79-4983-43cc-896a-9c9a8cff5d69,2026-03-23 14:47:23,321138,1996612,2566236,0,ЭКС,,3844840,,,,Годен,,,,
2531598,320652,New,End,,,2566238,,4.00000,КР,СМ,,RECV-01,WH1,34.00000,183446,,"Выключатель с/п 2кл. б/рамки ""Glossa"" белый GSL000151",40.00000,NEW Класс A,,,0,640.00000,ШТ,2026-03-29 00:00:00,EKS000005756,СП,ZX-16-17-A-10,WH1,51.60000,КГ,39.00000,,,,,,,0.00000,0.00000,n.bezrukov,Пакет интерфейса поставки:4a28aa79-4983-43cc-896a-9c9a8cff5d69,2026-03-23 14:47:23,321138,1996611,2566238,0,ЭКС,,3844842,,,,Годен,,,,
2531599,320653,New,End,,,CNT02571657,,50.00000,М,СМ,4712-12-31 00:00:00,RECV-01,WH1,0.50000,167118,,"Провод ПВСнг(A)-LS 3х1,5",100.00000,NEW Кабель и провод нест,CNT02571657,,0,50.00000,М,2026-03-23 00:00:00,EKS000005761,СП,ZX-09-17-A-10,WH1,5.00000,КГ,0.50000,,,,,,,0.00000,0.00000,a.savitskiy,Пакет интерфейса поставки:2712ee00-284b-4e67-a7e2-33514ddad3c1,2026-03-23 14:51:34,321143,1996690,2566305,0,ЭКС,,3844935,,,,Годен,,,,
2531600,320654,New,End,,,2566258,,1.00000,ШТ,СМ,,RECV-01,WH1,15.00000,874933,,Пункт распределительный ПР-8-РУ (ЩС.2),61.00000,NEW Заказной товар,,,0,1.00000,ШТ,2026-03-23 00:00:00,EKS000005762,СП,ZX-15-26-B-18,WH1,15.00000,КГ,55.00000,,,,,,,0.00000,0.00000,n.bezrukov,Пакет интерфейса поставки:ddc92b64-d533-46a2-9178-db235103b3fd,2026-03-23 14:57:24,321148,1996696,2566258,0,ЭКС,,3844865,,,,Годен,,,,
2531601,320654,New,End,,,2566260,,1.00000,ШТ,СМ,,RECV-01,WH1,15.00000,874934,,Пункт распределительный ПР-8-РУ (ЩС.3),61.00000,NEW Заказной товар,,,0,1.00000,ШТ,2026-03-23 00:00:00,EKS000005762,СП,ZX-15-27-C-15,WH1,15.00000,КГ,55.00000,,,,,,,0.00000,0.00000,n.bezrukov,Пакет интерфейса поставки:ddc92b64-d533-46a2-9178-db235103b3fd,2026-03-23 14:57:24,321148,1996695,2566260,0,ЭКС,,3844867,,,,Годен,,,,
2531602,320654,New,End,,,2566263,,1.00000,ШТ,СМ,,RECV-01,WH1,14.00000,874932,,Пункт распределительный ПР-8-РУ (ЩС.1),55.00000,NEW Заказной товар,,,0,1.00000,ШТ,2026-03-23 00:00:00,EKS000005762,СП,ME-220-04-F-40,WH1,12.00000,КГ,32.00000,,,,,,,0.00000,0.00000,n.bezrukov,Пакет интерфейса поставки:ddc92b64-d533-46a2-9178-db235103b3fd,2026-03-23 14:57:24,321148,1996697,2566263,0,ЭКС,,3844870,,,,Годен,,,,
2531603,320656,New,End,,,2566164,,2.00000,ШТ,СМ,,RECV-01,WH1,5.00000,623922,,"Коронка BIMETAL, 51 мм. MATRIX",5.00000,NEW Заказной товар,,,0,2.00000,ШТ,2026-03-20 00:00:00,EKS000005758,СП,ME-102-04-J-20,WH1,0.20000,КГ,5.00000,,,,,,,0.00000,0.00000,a.savitskiy,Пакет интерфейса поставки:2dff79cb-4b02-4168-b871-7b072517dda1,2026-03-23 15:07:27,321140,1996685,2566164,0,ЭКС,,3844751,,,,Годен,,,,
2531604,320656,New,End,,,2566166,,1.00000,ШТ,СМ,,RECV-01,WH1,3.00000,809419,,"Набор удлиненных торцевых головок 1/4, шестигранные, CrV, 10 шт, 4-13 мм. MATRIX",26.00000,NEW Заказной товар,,,0,1.00000,ШТ,2026-03-20 00:00:00,EKS000005758,СП,ME-103-02-B-40,WH1,0.12000,КГ,9.00000,,,,,,,0.00000,0.00000,a.savitskiy,Пакет интерфейса поставки:2dff79cb-4b02-4168-b871-7b072517dda1,2026-03-23 15:07:27,321140,1996681,2566166,0,ЭКС,,3844753,,,,Годен,,,,
2531605,320656,New,End,,,2566176,,2.00000,ШТ,СМ,,RECV-01,WH1,11.00000,656189,,"Опрыскиватель ручной 1 л, с насосом Palisad",27.00000,NEW Заказной товар,,,0,2.00000,ШТ,2026-03-20 00:00:00,EKS000005758,СП,ME-218-07-F-40,WH1,0.44000,КГ,17.00000,,,,,,,0.00000,0.00000,a.savitskiy,Пакет интерфейса поставки:2dff79cb-4b02-4168-b871-7b072517dda1,2026-03-23 15:07:27,321140,1996684,2566176,0,ЭКС,,3844763,,,,Годен,,,,
2531606,320656,New,End,,,2566178,,2.00000,ШТ,СМ,,RECV-01,WH1,5.00000,661611,,Ареометр для измерения плотности электролита// SPARTA,30.00000,NEW Заказной товар,,,0,2.00000,ШТ,2026-03-20 00:00:00,EKS000005758,СП,ME-201-02-F-30,WH1,0.20000,КГ,10.00000,,,,,,,0.00000,0.00000,a.savitskiy,Пакет интерфейса поставки:2dff79cb-4b02-4168-b871-7b072517dda1,2026-03-23 15:07:27,321140,1996683,2566178,0,ЭКС,,3844765,,,,Годен,,,,
2531607,320656,New,End,,,2566182,,10.00000,ШТ,СМ,,RECV-01,WH1,3.00000,866029,,Отвертка плоская шлицевая SL8 x 200 мм с трехкомпонентной рукояткой Fusion,36.00000,NEW Заказной товар,,,0,10.00000,ШТ,2026-03-20 00:00:00,EKS000005758,СП,ME-201-05-L-50,WH1,1.80000,КГ,3.00000,,,,,,,0.00000,0.00000,a.savitskiy,Пакет интерфейса поставки:2dff79cb-4b02-4168-b871-7b072517dda1,2026-03-23 15:07:27,321140,1996679,2566182,0,ЭКС,,3844770,,,,Годен,,,,
2531608,320656,New,End,,,2566183,,1.00000,ШТ,СМ,,RECV-01,WH1,20.00000,735677,,"Зажим для пайки ""Третья рука"" с лупой// SPARTA",18.00000,NEW Заказной товар,,,0,1.00000,ШТ,2026-03-20 00:00:00,EKS000005758,СП,ME-201-06-D-40,WH1,0.35000,КГ,6.50000,,,,,,,0.00000,0.00000,a.savitskiy,Пакет интерфейса поставки:2dff79cb-4b02-4168-b871-7b072517dda1,2026-03-23 15:07:27,321140,1996682,2566183,0,ЭКС,,3844772,,,,Годен,,,,
2531609,320656,New,End,,,2566184,,2.00000,ШТ,СМ,,RECV-01,WH1,15.00000,882941,,"Коронка BIMETAL, 114 мм.",12.50000,NEW Заказной товар,,,0,2.00000,ШТ,2026-03-20 00:00:00,EKS000005758,СП,ME-202-02-B-50,WH1,1.06000,КГ,5.00000,,,,,,,0.00000,0.00000,a.savitskiy,Пакет интерфейса поставки:2dff79cb-4b02-4168-b871-7b072517dda1,2026-03-23 15:07:27,321140,1996687,2566184,0,ЭКС,,3844774,,,,Годен,,,,
2531610,320656,New,End,,,2566186,,1.00000,ШТ,СМ,,RECV-01,WH1,2.50000,859583,,"Вороток-отвертка, 150 мм, квадрат 1/4 Stels",15.00000,NEW Заказной товар,,,0,1.00000,ШТ,2026-03-20 00:00:00,EKS000005758,СП,ME-202-02-G-40,WH1,0.10000,КГ,2.50000,,,,,,,0.00000,0.00000,a.savitskiy,Пакет интерфейса поставки:2dff79cb-4b02-4168-b871-7b072517dda1,2026-03-23 15:07:27,321140,1996680,2566186,0,ЭКС,,3844777,,,,Годен,,,,
2531611,320656,New,End,,,2566188,,1.00000,ШТ,СМ,,RECV-01,WH1,1.50000,883601,,"Вороток, 115 мм, квадрат 1/4, CrV Stels",12.00000,NEW Заказной товар,,,0,1.00000,ШТ,2026-03-20 00:00:00,EKS000005758,СП,ME-201-04-L-40,WH1,0.05000,КГ,2.50000,,,,,,,0.00000,0.00000,a.savitskiy,Пакет интерфейса поставки:2dff79cb-4b02-4168-b871-7b072517dda1,2026-03-23 15:07:27,321140,1996686,2566188,0,ЭКС,,3844780,,,,Годен,,,,
2531612,320655,New,End,,,2566195,,1.00000,ШТ,СМ,,RECV-01,WH1,16.00000,630451,,Силовой автоматический выключатель 3P 250A 50кА ВА-335А DEKraft,28.00000,NEW Заказной товар,,,0,1.00000,ШТ,2026-03-29 00:00:00,EKS000005757,СП,ME-219-02-C-30,WH1,4.00000,КГ,16.00000,,,,,,,0.00000,0.00000,a.manokhin,Пакет интерфейса поставки:2dff79cb-4b02-4168-b871-7b072517dda1,2026-03-23 15:07:17,321139,1996640,2566195,0,ЭКС,,3844791,,,,Годен,,,,
2531613,320655,New,End,,,2566200,,1.00000,ШТ,СМ,,RECV-01,WH1,16.00000,672247,,КОНТАКТОР MC1G 3P 160A 2НО+2НЗ 380V 50ГЦ,22.00000,NEW Заказной товар,,,0,1.00000,ШТ,2026-03-29 00:00:00,EKS000005757,СП,ME-220-02-B-20,WH1,1.60000,КГ,18.00000,,,,,,,0.00000,0.00000,a.manokhin,Пакет интерфейса поставки:2dff79cb-4b02-4168-b871-7b072517dda1,2026-03-23 15:07:17,321139,1996676,2566200,0,ЭКС,,3844796,,,,Годен,,,,
2531614,320655,New,End,,,2566203,,1.00000,КР,СМ,,RECV-01,WH1,29.50000,660858,,Выключатель авт. диф. тока (АВДТ) City9 1P+N С 20А 4.5kA 30мА Тип-AС 230В,39.50000,NEW Класс B,,,0,72.00000,ШТ,2026-03-29 00:00:00,EKS000005757,СП,ME-101-07-E-50,WH1,7.20000,КГ,28.00000,,,,,,,0.00000,0.00000,a.manokhin,Пакет интерфейса поставки:2dff79cb-4b02-4168-b871-7b072517dda1,2026-03-23 15:07:17,321139,1996635,2566203,0,ЭКС,,3844799,,,,Годен,,,,
2531615,320655,New,End,,,2566204,,1.00000,ПЧ,СМ,,RECV-01,WH1,19.00000,302627,,"Выключатель 1-кл с подсветкой, сх.1а, 10АХ, мех-зм, Atlasdesign Белый  ATN000113",37.00000,NEW Класс C,,,0,20.00000,ШТ,2026-03-29 00:00:00,EKS000005757,СП,ME-108-03-C-50,WH1,0.50000,КГ,8.00000,,,,,,,0.00000,0.00000,a.manokhin,Пакет интерфейса поставки:2dff79cb-4b02-4168-b871-7b072517dda1,2026-03-23 15:07:17,321139,1996627,2566204,0,ЭКС,,3844801,,,,Годен,,,,
2531616,320655,New,End,,,2566205,,2.00000,ПЧ,СМ,,RECV-01,WH1,7.00000,303011,,"Рамка 3-пост, универсальная, Atlasdesign Карбон  ATN001003",40.00000,NEW Класс A,,,0,10.00000,ШТ,2026-03-29 00:00:00,EKS000005757,СП,ME-202-05-L-30,WH1,0.62000,КГ,10.00000,,,,,,,0.00000,0.00000,a.manokhin,Пакет интерфейса поставки:2dff79cb-4b02-4168-b871-7b072517dda1,2026-03-23 15:07:17,321139,1996655,2566205,0,ЭКС,,3844802,,,,Годен,,,,
2531617,320655,New,End,,,2566206,,3.00000,ПЧ,СМ,,RECV-01,WH1,20.00000,265124,,"Розетка о/у 1-ая 16А без ЗК без з/шт изол.пл. ""Blanca"" белый BLNRA000111",23.00000,NEW Класс A,,,0,54.00000,ШТ,2026-03-29 00:00:00,EKS000005757,СП,ME-114-01-D-10,WH1,0.90000,КГ,9.00000,,,,,,,0.00000,0.00000,a.manokhin,Пакет интерфейса поставки:2dff79cb-4b02-4168-b871-7b072517dda1,2026-03-23 15:07:17,321139,1996628,2566206,0,ЭКС,,3844804,,,,Годен,,,,
2531618,320655,New,End,,,2566208,,2.00000,ПЧ,СМ,,RECV-01,WH1,7.50000,214884,,"Выключатель авт. диф. тока ДИФ-101 4п 50А  100мА  тип AC  х-ка C  4,5кА 15034DEK  SE",30.00000,NEW Заказной товар,,,0,4.00000,ШТ,2026-03-29 00:00:00,EKS000005757,СП,ME-202-06-E-20,WH1,0.60000,КГ,9.50000,,,,,,,0.00000,0.00000,a.manokhin,Пакет интерфейса поставки:2dff79cb-4b02-4168-b871-7b072517dda1,2026-03-23 15:07:17,321139,1996631,2566208,0,ЭКС,,3844806,,,,Годен,,,,
2531619,320655,New,End,,,2566209,,6.00000,ПЧ,СМ,,RECV-01,WH1,8.00000,660924,,Выключатель авт. City9 2п С 50А 4.5kA 230В,22.00000,NEW Класс B,,,0,36.00000,ШТ,2026-03-29 00:00:00,EKS000005757,СП,ME-117-05-F-20,WH1,9.00000,КГ,9.00000,,,,,,,0.00000,0.00000,a.manokhin,Пакет интерфейса поставки:2dff79cb-4b02-4168-b871-7b072517dda1,2026-03-23 15:07:17,321139,1996618,2566209,0,ЭКС,,3844807,,,,Годен,,,,
2531620,320655,New,End,,,2566210,,1.00000,ПЧ,СМ,,RECV-01,WH1,8.00000,660940,,Выключатель авт. City9 4п С 32А 4.5kA 400В,22.00000,NEW Класс C,,,0,3.00000,ШТ,2026-03-29 00:00:00,EKS000005757,СП,ME-202-06-J-30,WH1,1.20000,КГ,9.00000,,,,,,,0.00000,0.00000,a.manokhin,Пакет интерфейса поставки:2dff79cb-4b02-4168-b871-7b072517dda1,2026-03-23 15:07:17,321139,1996617,2566210,0,ЭКС,,3844808,,,,Годен,,,,
2531621,320655,New,End,,,2566211,,1.00000,ШТ,СМ,,RECV-01,WH1,5.00000,318218,,Контактор 9А 230В_АС АС3_ АС4 1НО+1НЗ КМ-102,9.00000,NEW Заказной товар,,,0,1.00000,ШТ,2026-03-29 00:00:00,EKS000005757,СП,ME-202-07-A-20,WH1,0.12000,КГ,7.00000,,,,,,,0.00000,0.00000,a.manokhin,Пакет интерфейса поставки:2dff79cb-4b02-4168-b871-7b072517dda1,2026-03-23 15:07:17,321139,1996651,2566211,0,ЭКС,,3844809,,,,Годен,,,,
2531622,320655,New,End,,,2566212,,2.00000,ШТ,СМ,,RECV-01,WH1,5.00000,512920,,DEKraft Реле тепловое для контакторов 09А-25А 7.0А-10А,10.00000,NEW Заказной товар,,,0,2.00000,ШТ,2026-03-29 00:00:00,EKS000005757,СП,ME-205-06-A-40,WH1,0.20000,КГ,8.00000,,,,,,,0.00000,0.00000,a.manokhin,Пакет интерфейса поставки:2dff79cb-4b02-4168-b871-7b072517dda1,2026-03-23 15:07:17,321139,1996643,2566212,0,ЭКС,,3844811,,,,Годен,,,,
2531623,320655,New,End,,,2566213,,16.00000,ШТ,СМ,,RECV-01,WH1,4.00000,660859,,Выключатель авт. диф. тока (АВДТ) City9 1P+N С 25А 4.5kA 30мА Тип-AС 230В,9.00000,NEW Класс A,,,0,16.00000,ШТ,2026-03-29 00:00:00,EKS000005757,СП,ME-101-03-F-10,WH1,1.44000,КГ,9.00000,,,,,,,0.00000,0.00000,a.manokhin,Пакет интерфейса поставки:2dff79cb-4b02-4168-b871-7b072517dda1,2026-03-23 15:07:17,321139,1996634,2566213,0,ЭКС,,3844813,,,,Годен,,,,
2531624,320655,New,End,,,2566215,,1.00000,ШТ,СМ,,RECV-01,WH1,4.00000,660964,,Выкл-ль дифференциального тока (ВДТ) City9 2п 25А 10мА Тип-A 230В,9.00000,NEW Заказной товар,,,0,1.00000,ШТ,2026-03-29 00:00:00,EKS000005757,СП,ME-202-07-B-30,WH1,0.10000,КГ,8.00000,,,,,,,0.00000,0.00000,a.manokhin,Пакет интерфейса поставки:2dff79cb-4b02-4168-b871-7b072517dda1,2026-03-23 15:07:17,321139,1996678,2566215,0,ЭКС,,3844815,,,,Годен,,,,
2531625,320655,New,End,,,2566216,,2.00000,ШТ,СМ,,RECV-01,WH1,4.30000,660858,,Выключатель авт. диф. тока (АВДТ) City9 1P+N С 20А 4.5kA 30мА Тип-AС 230В,9.00000,NEW Класс B,,,0,2.00000,ШТ,2026-03-29 00:00:00,EKS000005757,СП,ME-101-07-E-50,WH1,0.20000,КГ,7.80000,,,,,,,0.00000,0.00000,a.manokhin,Пакет интерфейса поставки:2dff79cb-4b02-4168-b871-7b072517dda1,2026-03-23 15:07:17,321139,1996635,2566216,0,ЭКС,,3844817,,,,Годен,,,,
2531626,320655,New,End,,,2566217,,2.00000,ШТ,СМ,,RECV-01,WH1,0.80000,670642,,DEKraft Шины выносные для ВА-332 комп. 3 шт. 3P ШВ-332,7.50000,NEW Заказной товар,,,0,2.00000,ШТ,2026-03-29 00:00:00,EKS000005757,СП,ME-202-07-J-20,WH1,0.10000,КГ,3.50000,,,,,,,0.00000,0.00000,a.manokhin,Пакет интерфейса поставки:2dff79cb-4b02-4168-b871-7b072517dda1,2026-03-23 15:07:17,321139,1996677,2566217,0,ЭКС,,3844818,,,,Годен,,,,
2531627,320655,New,End,,,2566220,,1.00000,ШТ,СМ,,RECV-01,WH1,7.00000,680540,,Выключатель-разъединитель 3Р 125А ВН-105,9.00000,NEW Заказной товар,,,0,1.00000,ШТ,2026-03-29 00:00:00,EKS000005757,СП,ME-203-02-J-50,WH1,0.24000,КГ,8.00000,,,,,,,0.00000,0.00000,a.manokhin,Пакет интерфейса поставки:2dff79cb-4b02-4168-b871-7b072517dda1,2026-03-23 15:07:17,321139,1996673,2566220,0,ЭКС,,3844823,,,,Годен,,,,
2531628,320655,New,End,,,2566222,,4.00000,ПЧ,СМ,,RECV-01,WH1,19.00000,302645,,"Розетка с з/к. со шторками с крышкой, 16А, IP20, мех-зм, Atlasdesign Белый  ATN000146",38.00000,NEW Класс B,,,0,60.00000,ШТ,2026-03-29 00:00:00,EKS000005757,СП,ME-123-06-D-50,WH1,5.35200,КГ,9.00000,,,,,,,0.00000,0.00000,a.savitskiy,Пакет интерфейса поставки:2dff79cb-4b02-4168-b871-7b072517dda1,2026-03-23 15:07:17,321139,1996624,2566222,0,ЭКС,,3844825,,,,Годен,,,,
2531629,320655,New,End,,,2566224,,1.00000,ПЧ,СМ,,RECV-01,WH1,8.00000,191474,,"Выключатель с/п 1кл. кнопочный б/рамки ""Glossa"" белый GSL000115",37.00000,NEW Заказной товар,,,0,20.00000,ШТ,2026-03-29 00:00:00,EKS000005757,СП,ME-220-03-D-20,WH1,1.50000,КГ,19.00000,,,,,,,0.00000,0.00000,a.savitskiy,Пакет интерфейса поставки:2dff79cb-4b02-4168-b871-7b072517dda1,2026-03-23 15:07:17,321139,1996619,2566224,0,ЭКС,,3844827,,,,Годен,,,,
2531630,320655,New,End,,,2566226,,2.00000,ШТ,СМ,,RECV-01,WH1,7.00000,883597,,Авт. выключатель 3P  3A  хар-ка C  6kA 400В  Systeme9,9.00000,NEW Заказной товар,,,0,2.00000,ШТ,2026-03-29 00:00:00,EKS000005757,СП,ME-203-04-C-50,WH1,0.72000,КГ,5.00000,,,,,,,0.00000,0.00000,a.manokhin,Пакет интерфейса поставки:2dff79cb-4b02-4168-b871-7b072517dda1,2026-03-23 15:07:17,321139,1996656,2566226,0,ЭКС,,3844829,,,,Годен,,,,
2531631,320655,New,End,,,2566227,,1.00000,ПЧ,СМ,,RECV-01,WH1,7.00000,303018,,"Розетка двойная без з/к,16А, в сборе, Atlasdesign Карбон  ATN001020",22.00000,NEW Класс B,,,0,6.00000,ШТ,2026-03-29 00:00:00,EKS000005757,СП,ME-221-07-F-50,WH1,0.60000,КГ,13.00000,,,,,,,0.00000,0.00000,a.savitskiy,Пакет интерфейса поставки:2dff79cb-4b02-4168-b871-7b072517dda1,2026-03-23 15:07:17,321139,1996654,2566227,0,ЭКС,,3844830,,,,Годен,,,,
2531632,320655,New,End,,,2566228,,1.00000,ПЧ,СМ,,RECV-01,WH1,9.00000,302774,,"Розетка с з/к. со шторками с крышкой, 16А, IP20, мех-зм, Atlasdesign Жемчуг  ATN000446",23.00000,NEW Класс C,,,0,10.00000,ШТ,2026-03-29 00:00:00,EKS000005757,СП,ME-219-03-E-20,WH1,1.30000,КГ,19.00000,,,,,,,0.00000,0.00000,a.savitskiy,Пакет интерфейса поставки:2dff79cb-4b02-4168-b871-7b072517dda1,2026-03-23 15:07:17,321139,1996623,2566228,0,ЭКС,,3844832,,,,Годен,,,,
2531633,320655,New,End,,,2566230,,2.00000,ПЧ,СМ,,RECV-01,WH1,6.50000,744629,,"Рамка 3-пост, универсальная, БАЗАЛЬТ /ARTGALLERY  /GAL001403",39.50000,NEW Класс C,,,0,10.00000,ШТ,2026-03-29 00:00:00,EKS000005757,СП,ME-203-04-D-40,WH1,0.80000,КГ,9.00000,,,,,,,0.00000,0.00000,a.savitskiy,Пакет интерфейса поставки:2dff79cb-4b02-4168-b871-7b072517dda1,2026-03-23 15:07:17,321139,1996665,2566230,0,ЭКС,,3844834,,,,Годен,,,,
2531634,320655,New,End,,,2566231,,24.00000,ШТ,СМ,,RECV-01,WH1,4.00000,660946,,Выкл-ль дифференциального тока (ВДТ) City9 2п 63А 30мА Тип-AC 230В,8.00000,NEW Класс B,,,0,24.00000,ШТ,2026-03-29 00:00:00,EKS000005757,СП,ME-217-05-C-20,WH1,5.52000,КГ,8.00000,,,,,,,0.00000,0.00000,a.manokhin,Пакет интерфейса поставки:2dff79cb-4b02-4168-b871-7b072517dda1,2026-03-23 15:07:17,321139,1996616,2566231,0,ЭКС,,3844835,,,,Годен,,,,
2531635,320655,New,End,,,2566233,,1.00000,ШТ,СМ,,RECV-01,WH1,9.00000,507988,,DEKraft Силовой авт. выкл. для защиты двиг. 3P 100А 25кА ВА-302,14.00000,NEW Заказной товар,,,0,1.00000,ШТ,2026-03-29 00:00:00,EKS000005757,СП,ME-203-04-E-50,WH1,0.80000,КГ,10.00000,,,,,,,0.00000,0.00000,a.manokhin,Пакет интерфейса поставки:2dff79cb-4b02-4168-b871-7b072517dda1,2026-03-23 15:07:17,321139,1996644,2566233,0,ЭКС,,3844837,,,,Годен,,,,
2531636,320655,New,End,,,2566234,,1.00000,ПЧ,СМ,,RECV-01,WH1,9.00000,744628,,"Рамка 2-пост, универсальная, БАЗАЛЬТ /ARTGALLERY  /GAL001402",23.00000,NEW Класс C,,,0,5.00000,ШТ,2026-03-29 00:00:00,EKS000005757,СП,ME-110-02-D-40,WH1,0.40000,КГ,9.00000,,,,,,,0.00000,0.00000,a.savitskiy,Пакет интерфейса поставки:2dff79cb-4b02-4168-b871-7b072517dda1,2026-03-23 15:07:17,321139,1996666,2566234,0,ЭКС,,3844838,,,,Годен,,,,
2531637,320655,New,End,,,2566235,,1.00000,ПЧ,СМ,,RECV-01,WH1,19.00000,264170,,"Розетка с/п ИНФ кат.5E, (2RJ45)  б/рамки ""Glossa"" белый GSL000185KK",19.00000,NEW Класс C,,,0,10.00000,ШТ,2026-03-29 00:00:00,EKS000005757,СП,ME-203-04-F-40,WH1,0.75000,КГ,9.00000,,,,,,,0.00000,0.00000,a.savitskiy,Пакет интерфейса поставки:2dff79cb-4b02-4168-b871-7b072517dda1,2026-03-23 15:07:17,321139,1996629,2566235,0,ЭКС,,3844839,,,,Годен,,,,
2531638,320655,New,End,,,2566237,,2.00000,ПЧ,СМ,,RECV-01,WH1,9.00000,744634,,"Выключатель 1-кл, сх.1, 10АХ, механизм БАЗАЛЬТ /ARTGALLERY  /GAL001411",23.00000,NEW Заказной товар,,,0,10.00000,ШТ,2026-03-29 00:00:00,EKS000005757,СП,ME-225-08-E-20,WH1,1.00000,КГ,9.00000,,,,,,,0.00000,0.00000,a.savitskiy,Пакет интерфейса поставки:2dff79cb-4b02-4168-b871-7b072517dda1,2026-03-23 15:07:17,321139,1996664,2566237,0,ЭКС,,3844841,,,,Годен,,,,
2531639,320655,New,End,,,2566239,,7.00000,ПЧ,СМ,,RECV-01,WH1,8.00000,660922,,Выключатель авт. City9 2п С 32А 4.5kA 230В,22.00000,NEW Класс B,,,0,42.00000,ШТ,2026-03-29 00:00:00,EKS000005757,СП,ME-225-02-C-40,WH1,8.40000,КГ,9.00000,,,,,,,0.00000,0.00000,a.manokhin,Пакет интерфейса поставки:2dff79cb-4b02-4168-b871-7b072517dda1,2026-03-23 15:07:17,321139,1996633,2566239,0,ЭКС,,3844843,,,,Годен,,,,
2531640,320655,New,End,,,2566240,,2.00000,ПЧ,СМ,,RECV-01,WH1,20.00000,303020,,"Розетка двойная с з/к, 16А, в сборе, Atlasdesign Карбон  ATN001024",23.00000,NEW Класс B,,,0,12.00000,ШТ,2026-03-29 00:00:00,EKS000005757,СП,ME-118-05-A-10,WH1,1.34000,КГ,9.00000,,,,,,,0.00000,0.00000,a.savitskiy,Пакет интерфейса поставки:2dff79cb-4b02-4168-b871-7b072517dda1,2026-03-23 15:07:17,321139,1996653,2566240,0,ЭКС,,3844844,,,,Годен,,,,
2531641,320655,New,End,,,2566241,,1.00000,ШТ,СМ,,RECV-01,WH1,4.00000,704850,,DEKraft Автоматический выключатель 2Р 2А х-ка B ВА-103 6кА,9.00000,NEW Заказной товар,,,0,1.00000,ШТ,2026-03-29 00:00:00,EKS000005757,СП,ME-203-05-J-20,WH1,0.05000,КГ,8.00000,,,,,,,0.00000,0.00000,a.manokhin,Пакет интерфейса поставки:2dff79cb-4b02-4168-b871-7b072517dda1,2026-03-23 15:07:17,321139,1996669,2566241,0,ЭКС,,3844845,,,,Годен,,,,
2531642,320655,New,End,,,2566242,,2.00000,ШТ,СМ,,RECV-01,WH1,1.50000,333206,,DEKraft Контакт дополнительный для ВА-105,9.00000,NEW Заказной товар,,,0,2.00000,ШТ,2026-03-29 00:00:00,EKS000005757,СП,ME-203-05-J-40,WH1,0.02000,КГ,7.50000,,,,,,,0.00000,0.00000,a.manokhin,Пакет интерфейса поставки:2dff79cb-4b02-4168-b871-7b072517dda1,2026-03-23 15:07:17,321139,1996649,2566242,0,ЭКС,,3844846,,,,Годен,,,,
2531643,320655,New,End,,,2566243,,4.00000,ШТ,СМ,,RECV-01,WH1,1.50000,404674,,Шины выносные комп. 3 шт. ВА-303 3P,8.00000,NEW Заказной товар,,,0,4.00000,ШТ,2026-03-29 00:00:00,EKS000005757,СП,ME-203-06-B-20,WH1,0.84000,КГ,3.00000,,,,,,,0.00000,0.00000,a.manokhin,Пакет интерфейса поставки:2dff79cb-4b02-4168-b871-7b072517dda1,2026-03-23 15:07:17,321139,1996645,2566243,0,ЭКС,,3844847,,,,Годен,,,,
2531644,320655,New,End,,,2566244,,5.00000,ШТ,СМ,,RECV-01,WH1,5.00000,676140,,"ТЕРМОСТАТ электрон. теплого пола с датчиком, 10A, механизм, Atlasdesign Лотос  ATN001335",9.00000,NEW Заказной товар,,,0,5.00000,ШТ,2026-03-29 00:00:00,EKS000005757,СП,ME-203-06-B-40,WH1,0.50000,КГ,9.00000,,,,,,,0.00000,0.00000,a.savitskiy,Пакет интерфейса поставки:2dff79cb-4b02-4168-b871-7b072517dda1,2026-03-23 15:07:17,321139,1996674,2566244,0,ЭКС,,3844848,,,,Годен,,,,
2531645,320655,New,End,,,2566245,,2.00000,ШТ,СМ,,RECV-01,WH1,2.00000,704477,,DEKraft Конт. дополнительный сигн. левый ДК-СК-333,8.00000,NEW Заказной товар,,,0,2.00000,ШТ,2026-03-29 00:00:00,EKS000005757,СП,ME-203-06-J-40,WH1,0.10000,КГ,8.00000,,,,,,,0.00000,0.00000,a.manokhin,Пакет интерфейса поставки:2dff79cb-4b02-4168-b871-7b072517dda1,2026-03-23 15:07:17,321139,1996670,2566245,0,ЭКС,,3844849,,,,Годен,,,,
2531646,320655,New,End,,,2566246,,4.00000,ШТ,СМ,,RECV-01,WH1,3.00000,676080,,"РОЗЕТКА двойная HDMI+RJ45, кат.5Е, механизм, Atlasdesign Белый  ATN000182",7.00000,NEW Заказной товар,,,0,4.00000,ШТ,2026-03-29 00:00:00,EKS000005757,СП,ME-203-06-L-30,WH1,0.40000,КГ,7.00000,,,,,,,0.00000,0.00000,a.savitskiy,Пакет интерфейса поставки:2dff79cb-4b02-4168-b871-7b072517dda1,2026-03-23 15:07:17,321139,1996675,2566246,0,ЭКС,,3844850,,,,Годен,,,,
2531647,320655,New,End,,,2566247,,4.00000,ШТ,СМ,,RECV-01,WH1,3.00000,704473,,DEKraft Конт. дополнительный сигн. левый ДК-СК-335,6.00000,NEW Заказной товар,,,0,4.00000,ШТ,2026-03-29 00:00:00,EKS000005757,СП,ME-203-07-C-30,WH1,0.20000,КГ,7.00000,,,,,,,0.00000,0.00000,a.manokhin,Пакет интерфейса поставки:2dff79cb-4b02-4168-b871-7b072517dda1,2026-03-23 15:07:17,321139,1996672,2566247,0,ЭКС,,3844851,,,,Годен,,,,
2531648,320655,New,End,,,2566249,,2.00000,ПЧ,СМ,,RECV-01,WH1,9.00000,744645,,"Выключатель 2-кл, сх.5, 10АХ, механизм, БАЗАЛЬТ /ARTGALLERY  /GAL001451",23.00000,NEW Класс C,,,0,10.00000,ШТ,2026-03-29 00:00:00,EKS000005757,СП,ME-217-03-E-50,WH1,1.00000,КГ,9.00000,,,,,,,0.00000,0.00000,a.savitskiy,Пакет интерфейса поставки:2dff79cb-4b02-4168-b871-7b072517dda1,2026-03-23 15:07:17,321139,1996663,2566249,0,ЭКС,,3844854,,,,Годен,,,,
2531649,320655,New,End,,,2566250,,2.00000,ПЧ,СМ,,RECV-01,WH1,10.00000,302628,,"Выключатель с самовозвратом(кнопка), сх.1, 10АХ, мех-зм, Atlasdesign Белый  ATN000115",22.00000,NEW Класс C,,,0,10.00000,ШТ,2026-03-29 00:00:00,EKS000005757,СП,ME-120-01-C-40,WH1,0.40000,КГ,10.00000,,,,,,,0.00000,0.00000,a.savitskiy,Пакет интерфейса поставки:2dff79cb-4b02-4168-b871-7b072517dda1,2026-03-23 15:07:17,321139,1996626,2566250,0,ЭКС,,3844856,,,,Годен,,,,
2531650,320655,New,End,,,2566251,,1.00000,ПЧ,СМ,,RECV-01,WH1,9.00000,657502,,"Розетка с ЗК, 16А, механизм, Atlasdesign Песочный",24.00000,NEW Класс A,,,0,5.00000,ШТ,2026-03-29 00:00:00,EKS000005757,СП,ME-107-02-C-50,WH1,0.45000,КГ,9.00000,,,,,,,0.00000,0.00000,a.savitskiy,Пакет интерфейса поставки:2dff79cb-4b02-4168-b871-7b072517dda1,2026-03-23 15:07:17,321139,1996636,2566251,0,ЭКС,,3844857,,,,Годен,,,,
2531651,320655,New,End,,,2566252,,1.00000,ПЧ,СМ,,RECV-01,WH1,10.00000,657482,,"Выключатель 1-кл, сх.1, 10АХ, механизм, Atlasdesign Песочный",23.00000,NEW Класс B,,,0,5.00000,ШТ,2026-03-29 00:00:00,EKS000005757,СП,ME-221-02-D-30,WH1,0.50000,КГ,10.00000,,,,,,,0.00000,0.00000,a.savitskiy,Пакет интерфейса поставки:2dff79cb-4b02-4168-b871-7b072517dda1,2026-03-23 15:07:17,321139,1996638,2566252,0,ЭКС,,3844859,,,,Годен,,,,
2531652,320655,New,End,,,2566253,,1.00000,ПЧ,СМ,,RECV-01,WH1,9.00000,303044,,"Розетка двойная компьютерная RJ45+RJ45, кат.5E, мех-зм, Atlasdesign Карбон  ATN001085",23.00000,NEW Класс B,,,0,5.00000,ШТ,2026-03-29 00:00:00,EKS000005757,СП,ME-203-07-D-20,WH1,0.60000,КГ,9.00000,,,,,,,0.00000,0.00000,a.savitskiy,Пакет интерфейса поставки:2dff79cb-4b02-4168-b871-7b072517dda1,2026-03-23 15:07:17,321139,1996652,2566253,0,ЭКС,,3844860,,,,Годен,,,,
2531653,320655,New,End,,,2566254,,1.00000,КР,СМ,,RECV-01,WH1,10.00000,744627,,"Рамка 1-пост, БАЗАЛЬТ /ARTGALLERY  /GAL001401",40.00000,NEW Заказной товар,,,0,40.00000,ШТ,2026-03-29 00:00:00,EKS000005757,СП,ME-207-07-E-30,WH1,1.00000,КГ,24.00000,,,,,,,0.00000,0.00000,a.savitskiy,Пакет интерфейса поставки:2dff79cb-4b02-4168-b871-7b072517dda1,2026-03-23 15:07:17,321139,1996667,2566254,0,ЭКС,,3844861,,,,Годен,,,,
2531654,320655,New,End,,,2566255,,1.00000,КР,СМ,,RECV-01,WH1,35.00000,634963,,Силовой автоматический выключатель 3P 400A 50кА ВА-335А DEKraft,34.00000,NEW Заказной товар,,,0,4.00000,ШТ,2026-03-29 00:00:00,EKS000005757,СП,ME-101-07-A-50,WH1,19.50000,КГ,29.00000,,,,,,,0.00000,0.00000,a.manokhin,Пакет интерфейса поставки:2dff79cb-4b02-4168-b871-7b072517dda1,2026-03-23 15:07:17,321139,1996639,2566255,0,ЭКС,,3844862,,,,Годен,,,,
2531655,320655,New,End,,,2566256,,8.00000,ШТ,СМ,,RECV-01,WH1,9.00000,399616,,Силовой авт. выкл. 3P 63А 25кА ВА-302,13.00000,NEW Заказной товар,,,0,8.00000,ШТ,2026-03-29 00:00:00,EKS000005757,СП,ME-103-05-E-20,WH1,2.40000,КГ,8.00000,,,,,,,0.00000,0.00000,a.manokhin,Пакет интерфейса поставки:2dff79cb-4b02-4168-b871-7b072517dda1,2026-03-23 15:07:17,321139,1996646,2566256,0,ЭКС,,3844863,,,,Годен,,,,
2531656,320655,New,End,,,2566257,,1.00000,ПЧ,СМ,,RECV-01,WH1,7.50000,214874,,"Выключатель авт. диф. тока ДИФ-101 4п 40А  30мА  тип AC  х-ка C  4,5кА 15024DEK  SE",25.00000,NEW Заказной товар,,,0,2.00000,ШТ,2026-03-29 00:00:00,EKS000005757,СП,ME-203-07-F-50,WH1,1.00000,КГ,10.00000,,,,,,,0.00000,0.00000,a.manokhin,Пакет интерфейса поставки:2dff79cb-4b02-4168-b871-7b072517dda1,2026-03-23 15:07:17,321139,1996632,2566257,0,ЭКС,,3844864,,,,Годен,,,,
2531657,320655,New,End,,,2566259,,2.00000,ШТ,СМ,,RECV-01,WH1,13.00000,620564,,Силовой автоматический выключатель 3P 250A 35кА ВА-333А DEKraft,17.00000,NEW Заказной товар,,,0,2.00000,ШТ,2026-03-29 00:00:00,EKS000005757,СП,ME-203-07-I-50,WH1,6.00000,КГ,12.00000,,,,,,,0.00000,0.00000,a.manokhin,Пакет интерфейса поставки:2dff79cb-4b02-4168-b871-7b072517dda1,2026-03-23 15:07:17,321139,1996642,2566259,0,ЭКС,,3844866,,,,Годен,,,,
2531658,320655,New,End,,,2566264,,1.00000,КР,СМ,,RECV-01,WH1,33.00000,302627,,"Выключатель 1-кл с подсветкой, сх.1а, 10АХ, мех-зм, Atlasdesign Белый  ATN000113",38.00000,NEW Класс C,,,0,160.00000,ШТ,2026-03-29 00:00:00,EKS000005757,СП,ME-108-03-C-50,WH1,3.00000,КГ,38.00000,,,,,,,0.00000,0.00000,a.manokhin,Пакет интерфейса поставки:2dff79cb-4b02-4168-b871-7b072517dda1,2026-03-23 15:07:17,321139,1996627,2566264,0,ЭКС,,3844871,,,,Годен,,,,
2531659,320655,New,End,,,2566265,,2.00000,ШТ,СМ,,RECV-01,WH1,10.00000,325629,,КМ102-065А-230-11_контактор AC-3 AC-4,15.00000,NEW Заказной товар,,,0,2.00000,ШТ,2026-03-29 00:00:00,EKS000005757,СП,ME-101-01-F-10,WH1,1.00000,КГ,14.00000,,,,,,,0.00000,0.00000,a.manokhin,Пакет интерфейса поставки:2dff79cb-4b02-4168-b871-7b072517dda1,2026-03-23 15:07:17,321139,1996650,2566265,0,ЭКС,,3844872,,,,Годен,,,,
2531660,320655,New,End,,,2566266,,18.00000,КР,СМ,,RECV-01,WH1,10.00000,657502,,"Розетка с ЗК, 16А, механизм, Atlasdesign Песочный",40.00000,NEW Класс A,,,0,360.00000,ШТ,2026-03-29 00:00:00,EKS000005757,СП,ZX-03-01-B-15,WH1,32.40000,КГ,24.00000,,,,,,,0.00000,0.00000,a.savitskiy,Пакет интерфейса поставки:2dff79cb-4b02-4168-b871-7b072517dda1,2026-03-23 15:07:17,321139,1996636,2566266,0,ЭКС,,3844873,,,,Годен,,,,
2531661,320655,New,End,,,2566267,,4.00000,ШТ,СМ,,RECV-01,WH1,12.00000,399614,,Силовой авт. выкл. 3P 160А 36кА ВА-303,17.00000,NEW Заказной товар,,,0,4.00000,ШТ,2026-03-29 00:00:00,EKS000005757,СП,ME-220-06-D-60,WH1,2.00000,КГ,11.00000,,,,,,,0.00000,0.00000,a.manokhin,Пакет интерфейса поставки:2dff79cb-4b02-4168-b871-7b072517dda1,2026-03-23 15:07:17,321139,1996647,2566267,0,ЭКС,,3844874,,,,Годен,,,,
2531662,320655,New,End,,,2566268,,2.00000,ШТ,СМ,,RECV-01,WH1,12.00000,620565,,Силовой автоматический выключатель 3P 160A 35кА ВА-332А DEKraft,16.00000,NEW Заказной товар,,,0,2.00000,ШТ,2026-03-29 00:00:00,EKS000005757,СП,ME-204-02-A-40,WH1,3.00000,КГ,9.60000,,,,,,,0.00000,0.00000,a.manokhin,Пакет интерфейса поставки:2dff79cb-4b02-4168-b871-7b072517dda1,2026-03-23 15:07:17,321139,1996641,2566268,0,ЭКС,,3844875,,,,Годен,,,,
2531663,320655,New,End,,,2566269,,1.00000,ПЧ,СМ,,RECV-01,WH1,8.00000,214963,,"Выключатель авт. ВА-101 2п    3А  х-ка C   4,5кА  11063DEK  DEKraft",23.00000,NEW Класс C,,,0,6.00000,ШТ,2026-03-29 00:00:00,EKS000005757,СП,ME-204-02-I-30,WH1,0.60000,КГ,8.00000,,,,,,,0.00000,0.00000,a.manokhin,Пакет интерфейса поставки:2dff79cb-4b02-4168-b871-7b072517dda1,2026-03-23 15:07:17,321139,1996630,2566269,0,ЭКС,,3844876,,,,Годен,,,,
2531664,320655,New,End,,,2566270,,1.00000,КР,СМ,,RECV-01,WH1,11.00000,744629,,"Рамка 3-пост, универсальная, БАЗАЛЬТ /ARTGALLERY  /GAL001403",40.00000,NEW Класс C,,,0,20.00000,ШТ,2026-03-29 00:00:00,EKS000005757,СП,ME-220-05-F-20,WH1,1.60000,КГ,24.00000,,,,,,,0.00000,0.00000,a.savitskiy,Пакет интерфейса поставки:2dff79cb-4b02-4168-b871-7b072517dda1,2026-03-23 15:07:17,321139,1996665,2566270,0,ЭКС,,3844877,,,,Годен,,,,
2531665,320655,New,End,,,2566271,,2.00000,ШТ,СМ,,RECV-01,WH1,4.00000,303020,,"Розетка двойная с з/к, 16А, в сборе, Atlasdesign Карбон  ATN001024",12.00000,NEW Класс B,,,0,2.00000,ШТ,2026-03-29 00:00:00,EKS000005757,СП,ME-118-05-A-10,WH1,0.22400,КГ,8.00000,,,,,,,0.00000,0.00000,a.manokhin,Пакет интерфейса поставки:2dff79cb-4b02-4168-b871-7b072517dda1,2026-03-23 15:07:17,321139,1996653,2566271,0,ЭКС,,3844878,,,,Годен,,,,
2531666,320655,New,End,,,2566272,,1.00000,ШТ,СМ,,RECV-01,WH1,2.00000,704475,,DEKraft Конт. дополнительный сигн. левый ДК-СК-332,7.00000,NEW Заказной товар,,,0,1.00000,ШТ,2026-03-29 00:00:00,EKS000005757,СП,ME-204-02-K-40,WH1,0.04000,КГ,5.00000,,,,,,,0.00000,0.00000,a.manokhin,Пакет интерфейса поставки:2dff79cb-4b02-4168-b871-7b072517dda1,2026-03-23 15:07:17,321139,1996671,2566272,0,ЭКС,,3844879,,,,Годен,,,,
2531667,320655,New,End,,,2566273,,1.00000,КР,СМ,,RECV-01,WH1,19.00000,744628,,"Рамка 2-пост, универсальная, БАЗАЛЬТ /ARTGALLERY  /GAL001402",40.00000,NEW Класс C,,,0,20.00000,ШТ,2026-03-29 00:00:00,EKS000005757,СП,ME-110-02-D-40,WH1,2.00000,КГ,24.00000,,,,,,,0.00000,0.00000,a.savitskiy,Пакет интерфейса поставки:2dff79cb-4b02-4168-b871-7b072517dda1,2026-03-23 15:07:17,321139,1996666,2566273,0,ЭКС,,3844880,,,,Годен,,,,
2531668,320655,New,End,,,2566274,,1.00000,КР,СМ,,RECV-01,WH1,10.00000,744645,,"Выключатель 2-кл, сх.5, 10АХ, механизм, БАЗАЛЬТ /ARTGALLERY  /GAL001451",40.00000,NEW Класс C,,,0,20.00000,ШТ,2026-03-29 00:00:00,EKS000005757,СП,ME-217-03-E-50,WH1,3.00000,КГ,24.00000,,,,,,,0.00000,0.00000,a.savitskiy,Пакет интерфейса поставки:2dff79cb-4b02-4168-b871-7b072517dda1,2026-03-23 15:07:17,321139,1996663,2566274,0,ЭКС,,3844881,,,,Годен,,,,
2531669,320655,New,End,,,2566275,,1.00000,КР,СМ,,RECV-01,WH1,27.00000,660859,,Выключатель авт. диф. тока (АВДТ) City9 1P+N С 25А 4.5kA 30мА Тип-AС 230В,39.00000,NEW Класс A,,,0,72.00000,ШТ,2026-03-29 00:00:00,EKS000005757,СП,ME-101-03-F-10,WH1,25.00000,КГ,28.00000,,,,,,,0.00000,0.00000,a.manokhin,Пакет интерфейса поставки:2dff79cb-4b02-4168-b871-7b072517dda1,2026-03-23 15:07:17,321139,1996634,2566275,0,ЭКС,,3844882,,,,Годен,,,,
2531670,320655,New,End,,,2566276,,2.00000,КР,СМ,,RECV-01,WH1,24.00000,303020,,"Розетка двойная с з/к, 16А, в сборе, Atlasdesign Карбон  ATN001024",40.00000,NEW Класс B,,,0,72.00000,ШТ,2026-03-29 00:00:00,EKS000005757,СП,ME-118-05-A-10,WH1,8.00000,КГ,28.50000,,,,,,,0.00000,0.00000,a.savitskiy,Пакет интерфейса поставки:2dff79cb-4b02-4168-b871-7b072517dda1,2026-03-23 15:07:17,321139,1996653,2566276,0,ЭКС,,3844885,,,,Годен,,,,
2531671,320655,New,End,,,2566277,,1.00000,КР,СМ,,RECV-01,WH1,28.00000,303018,,"Розетка двойная без з/к,16А, в сборе, Atlasdesign Карбон  ATN001020",40.00000,NEW Класс B,,,0,36.00000,ШТ,2026-03-29 00:00:00,EKS000005757,СП,ME-117-03-B-10,WH1,5.00000,КГ,26.00000,,,,,,,0.00000,0.00000,a.savitskiy,Пакет интерфейса поставки:2dff79cb-4b02-4168-b871-7b072517dda1,2026-03-23 15:07:17,321139,1996654,2566277,0,ЭКС,,3844886,,,,Годен,,,,
2531672,320655,New,End,,,2566278,,1.00000,ПЧ,СМ,,RECV-01,WH1,19.00000,183427,,"Рамка 2-ая, горизонтальная,""Glossa"" белый GSL000102",37.00000,NEW Класс A,,,0,30.00000,ШТ,2026-03-29 00:00:00,EKS000005757,СП,ME-204-03-C-40,WH1,2.10000,КГ,10.00000,,,,,,,0.00000,0.00000,a.manokhin,Пакет интерфейса поставки:2dff79cb-4b02-4168-b871-7b072517dda1,2026-03-23 15:07:17,321139,1996620,2566278,0,ЭКС,,3844887,,,,Годен,,,,
2531673,320655,New,End,,,2566279,,7.00000,КР,СМ,,RECV-01,WH1,10.00000,657482,,"Выключатель 1-кл, сх.1, 10АХ, механизм, Atlasdesign Песочный",40.00000,NEW Класс B,,,0,140.00000,ШТ,2026-03-29 00:00:00,EKS000005757,СП,ME-115-05-B-40,WH1,14.00000,КГ,24.00000,,,,,,,0.00000,0.00000,a.savitskiy,Пакет интерфейса поставки:2dff79cb-4b02-4168-b871-7b072517dda1,2026-03-23 15:07:17,321139,1996638,2566279,0,ЭКС,,3844888,,,,Годен,,,,
2531674,320655,New,End,,,2566280,,6.00000,ПЧ,СМ,,RECV-01,WH1,19.00000,302627,,"Выключатель 1-кл с подсветкой, сх.1а, 10АХ, мех-зм, Atlasdesign Белый  ATN000113",37.00000,NEW Класс C,,,0,120.00000,ШТ,2026-03-29 00:00:00,EKS000005757,СП,ME-108-03-C-50,WH1,3.00000,КГ,8.00000,,,,,,,0.00000,0.00000,a.manokhin,Пакет интерфейса поставки:2dff79cb-4b02-4168-b871-7b072517dda1,2026-03-23 15:07:17,321139,1996627,2566280,0,ЭКС,,3844889,,,,Годен,,,,
2531675,320655,New,End,,,2566281,,10.00000,КР,СМ,,RECV-01,WH1,11.00000,785620,,"Розетка с ЗК , 16А, мех-м, быстрозажим. клем. БАЗАЛЬТ// ARTGALLERY// GAL001443S",40.00000,NEW Класс C,,,0,200.00000,ШТ,2026-03-29 00:00:00,EKS000005757,СП,ME-117-07-A-10,WH1,18.00000,КГ,24.00000,,,,,,,0.00000,0.00000,a.savitskiy,Пакет интерфейса поставки:2dff79cb-4b02-4168-b871-7b072517dda1,2026-03-23 15:07:17,321139,1996662,2566281,0,ЭКС,,3844891,,,,Годен,,,,
2531676,320655,New,End,,,2566282,,1.00000,ПЧ,СМ,,RECV-01,WH1,19.00000,302629,,"Розетка двойная без з/к,16А, в сборе, Atlasdesign Белый  ATN000120",38.00000,NEW Класс A,,,0,15.00000,ШТ,2026-03-29 00:00:00,EKS000005757,СП,ME-204-04-I-30,WH1,0.50000,КГ,9.00000,,,,,,,0.00000,0.00000,a.manokhin,Пакет интерфейса поставки:2dff79cb-4b02-4168-b871-7b072517dda1,2026-03-23 15:07:17,321139,1996625,2566282,0,ЭКС,,3844892,,,,Годен,,,,
2531677,320655,New,End,,,2566283,,3.00000,ПЧ,СМ,,RECV-01,WH1,19.00000,183427,,"Рамка 2-ая, горизонтальная,""Glossa"" белый GSL000102",37.00000,NEW Класс A,,,0,90.00000,ШТ,2026-03-29 00:00:00,EKS000005757,СП,ME-221-02-A-50,WH1,6.30000,КГ,10.00000,,,,,,,0.00000,0.00000,a.manokhin,Пакет интерфейса поставки:2dff79cb-4b02-4168-b871-7b072517dda1,2026-03-23 15:07:17,321139,1996620,2566283,0,ЭКС,,3844893,,,,Годен,,,,
2531678,320655,New,End,,,2566284,,1.00000,ПЧ,СМ,,RECV-01,WH1,10.00000,56672,,"Розетка о/п 2х2К+З двойная 16А со шторками, с монт. пластиной, Этюд, белый РА16-008B",37.00000,NEW Класс C,,,0,16.00000,ШТ,2026-03-29 00:00:00,EKS000005757,СП,ME-221-03-E-50,WH1,2.00000,КГ,18.00000,,,,,,,0.00000,0.00000,a.manokhin,Пакет интерфейса поставки:2dff79cb-4b02-4168-b871-7b072517dda1,2026-03-23 15:07:17,321139,1996621,2566284,0,ЭКС,,3844894,,,,Годен,,,,
2531679,320655,New,End,,,2566285,,2.00000,ПЧ,СМ,,RECV-01,WH1,10.00000,56646,,"Выключатель с/п 1кл., 10А, Этюд, белый ВС10-001B",37.00000,NEW Класс C,,,0,40.00000,ШТ,2026-03-29 00:00:00,EKS000005757,СП,ME-222-03-F-20,WH1,26.00000,КГ,18.00000,,,,,,,0.00000,0.00000,a.manokhin,Пакет интерфейса поставки:2dff79cb-4b02-4168-b871-7b072517dda1,2026-03-23 15:07:17,321139,1996622,2566285,0,ЭКС,,3844895,,,,Годен,,,,
2531680,320655,New,End,,,2566286,,3.00000,ПЧ,СМ,,RECV-01,WH1,9.00000,785620,,"Розетка с ЗК , 16А, мех-м, быстрозажим. клем. БАЗАЛЬТ// ARTGALLERY// GAL001443S",23.50000,NEW Класс C,,,0,15.00000,ШТ,2026-03-29 00:00:00,EKS000005757,СП,ME-208-03-E-50,WH1,1.50000,КГ,9.50000,,,,,,,0.00000,0.00000,a.savitskiy,Пакет интерфейса поставки:2dff79cb-4b02-4168-b871-7b072517dda1,2026-03-23 15:07:17,321139,1996662,2566286,0,ЭКС,,3844896,,,,Годен,,,,
2531681,320655,New,End,,,2566287,,3.00000,ШТ,СМ,,RECV-01,WH1,5.00000,371631,,"Розетка с ЗК + 2USB зарядка 5В/2,4А, мех-м,  Atlasdesign  Бежевый ,  ATN000230",7.00000,NEW Заказной товар,,,0,3.00000,ШТ,2026-03-29 00:00:00,EKS000005757,СП,ME-201-03-E-50,WH1,0.30000,КГ,7.00000,,,,,,,0.00000,0.00000,a.savitskiy,Пакет интерфейса поставки:2dff79cb-4b02-4168-b871-7b072517dda1,2026-03-23 15:07:17,321139,1996648,2566287,0,ЭКС,,3844897,,,,Годен,,,,
2531682,320655,New,End,,,2566288,,10.00000,КР,СМ,,RECV-01,WH1,15.00000,303011,,"Рамка 3-пост, универсальная, Atlasdesign Карбон  ATN001003",40.00000,NEW Класс A,,,0,200.00000,ШТ,2026-03-29 00:00:00,EKS000005757,СП,ME-119-03-B-10,WH1,12.40000,КГ,20.00000,,,,,,,0.00000,0.00000,a.manokhin,Пакет интерфейса поставки:2dff79cb-4b02-4168-b871-7b072517dda1,2026-03-23 15:07:17,321139,1996655,2566288,0,ЭКС,,3844899,,,,Годен,,,,
2531683,320655,New,End,,,2566289,,1.00000,ШТ,СМ,,RECV-01,WH1,5.00000,657488,,"СВЕТОРЕГУЛЯТОР (диммер) повор-нажим, LED, RC, 400Вт, мех., Atlasdesign Песочный",7.00000,NEW Заказной товар,,,0,1.00000,ШТ,2026-03-29 00:00:00,EKS000005757,СП,ME-204-04-J-30,WH1,0.01000,КГ,7.00000,,,,,,,0.00000,0.00000,a.savitskiy,Пакет интерфейса поставки:2dff79cb-4b02-4168-b871-7b072517dda1,2026-03-23 15:07:17,321139,1996637,2566289,0,ЭКС,,3844900,,,,Годен,,,,
2531684,320655,New,End,,,2566290,,1.00000,ШТ,СМ,,RECV-01,WH1,5.00000,720779,,"Розетка с з/к 16А c 2USB зарядка A+C мех-м,  Atlasdesign Карбон, ATN001032",8.00000,NEW Заказной товар,,,0,1.00000,ШТ,2026-03-29 00:00:00,EKS000005757,СП,ME-204-05-D-30,WH1,0.10000,КГ,7.00000,,,,,,,0.00000,0.00000,a.savitskiy,Пакет интерфейса поставки:2dff79cb-4b02-4168-b871-7b072517dda1,2026-03-23 15:07:17,321139,1996668,2566290,0,ЭКС,,3844901,,,,Годен,,,,
2531685,320655,New,End,,,2566291,,2.00000,КР,СМ,,RECV-01,WH1,28.00000,265124,,"Розетка о/у 1-ая 16А без ЗК без з/шт изол.пл. ""Blanca"" белый BLNRA000111",40.00000,NEW Класс A,,,0,216.00000,ШТ,2026-03-29 00:00:00,EKS000005757,СП,ME-114-01-D-10,WH1,4.00000,КГ,23.00000,,,,,,,0.00000,0.00000,a.manokhin,Пакет интерфейса поставки:2dff79cb-4b02-4168-b871-7b072517dda1,2026-03-23 15:07:17,321139,1996628,2566291,0,ЭКС,,3844902,,,,Годен,,,,
2531686,320655,New,End,,,2566292,,3.00000,КР,СМ,,RECV-01,WH1,33.00000,302629,,"Розетка двойная без з/к,16А, в сборе, Atlasdesign Белый  ATN000120",38.00000,NEW Класс A,,,0,270.00000,ШТ,2026-03-29 00:00:00,EKS000005757,СП,ZX-09-03-C-10,WH1,6.00000,КГ,38.00000,,,,,,,0.00000,0.00000,a.manokhin,Пакет интерфейса поставки:2dff79cb-4b02-4168-b871-7b072517dda1,2026-03-23 15:07:17,321139,1996625,2566292,0,ЭКС,,3844904,,,,Годен,,,,
2531687,320655,New,End,,,2566293,,2.00000,КР,СМ,,RECV-01,WH1,33.00000,183427,,"Рамка 2-ая, горизонтальная,""Glossa"" белый GSL000102",38.00000,NEW Класс A,,,0,360.00000,ШТ,2026-03-29 00:00:00,EKS000005757,СП,ZX-05-11-C-10,WH1,12.00000,КГ,38.00000,,,,,,,0.00000,0.00000,a.manokhin,Пакет интерфейса поставки:2dff79cb-4b02-4168-b871-7b072517dda1,2026-03-23 15:07:17,321139,1996620,2566293,0,ЭКС,,3844905,,,,Годен,,,,
2531688,320655,New,End,,,2566294,,1.00000,ШТ,СМ,,RECV-01,WH1,14.00000,877361,,"STEP BALANCE Секция кабельная (теплый пол) SBC018038, 18 Вт/м, 684 Вт, 38 м",24.00000,NEW Заказной товар,,,0,1.00000,ШТ,2026-03-29 00:00:00,EKS000005757,СП,ME-223-03-B-20,WH1,1.77000,КГ,22.50000,,,,,,,0.00000,0.00000,a.savitskiy,Пакет интерфейса поставки:2dff79cb-4b02-4168-b871-7b072517dda1,2026-03-23 15:07:17,321139,1996659,2566294,0,ЭКС,,3844907,,,,Годен,,,,
2531689,320655,New,End,,,2566295,,2.00000,ШТ,СМ,,RECV-01,WH1,14.00000,835814,,"Теплый пол кабельная секция STEP BALANCE, SBC018028, 18 Вт/м, 28 м, S м?:2-3,5. Шаг, см: 7-12,5",24.00000,NEW Заказной товар,,,0,2.00000,ШТ,2026-03-29 00:00:00,EKS000005757,СП,ME-223-04-B-50,WH1,3.52000,КГ,22.50000,,,,,,,0.00000,0.00000,a.savitskiy,Пакет интерфейса поставки:2dff79cb-4b02-4168-b871-7b072517dda1,2026-03-23 15:07:17,321139,1996661,2566295,0,ЭКС,,3844909,,,,Годен,,,,
2531690,320655,New,End,,,2566296,,1.00000,ШТ,СМ,,RECV-01,WH1,11.00000,882771,,"STEP BALANCE Секция кабельная (теплый пол) SBC018046, 18 Вт/м, 828 Вт, 46 м",29.00000,NEW Заказной товар,,,0,1.00000,ШТ,2026-03-29 00:00:00,EKS000005757,СП,ME-223-05-B-30,WH1,2.17000,КГ,27.50000,,,,,,,0.00000,0.00000,a.savitskiy,Пакет интерфейса поставки:2dff79cb-4b02-4168-b871-7b072517dda1,2026-03-23 15:07:17,321139,1996657,2566296,0,ЭКС,,3844910,,,,Годен,,,,
2531691,320655,New,End,,,2566297,,1.00000,КР,СМ,,RECV-01,WH1,23.00000,877359,,"STEP BALANCE Секция кабельная (теплый пол) SBC018065, 18 Вт/м, 1170 Вт, 65 м",29.00000,NEW Заказной товар,,,0,2.00000,ШТ,2026-03-29 00:00:00,EKS000005757,СП,ME-119-02-E-30,WH1,6.46000,КГ,29.00000,,,,,,,0.00000,0.00000,a.savitskiy,Пакет интерфейса поставки:2dff79cb-4b02-4168-b871-7b072517dda1,2026-03-23 15:07:17,321139,1996660,2566297,0,ЭКС,,3844918,,,,Годен,,,,
2531692,320655,New,End,,,2566298,,1.00000,КР,СМ,,RECV-01,WH1,23.00000,882770,,"STEP BALANCE Секция кабельная (теплый пол) SBC018083, 18 Вт/м, 1494 Вт, 83 м",29.00000,NEW Заказной товар,,,0,2.00000,ШТ,2026-03-29 00:00:00,EKS000005757,СП,ME-116-04-A-30,WH1,8.59000,КГ,29.00000,,,,,,,0.00000,0.00000,a.savitskiy,Пакет интерфейса поставки:2dff79cb-4b02-4168-b871-7b072517dda1,2026-03-23 15:07:17,321139,1996658,2566298,0,ЭКС,,3844924,,,,Годен,,,,
2531693,320655,New,End,,,2566302,,1.00000,ПЧ,СМ,,RECV-01,WH1,9.00000,371631,,"Розетка с ЗК + 2USB зарядка 5В/2,4А, мех-м,  Atlasdesign  Бежевый ,  ATN000230",23.50000,NEW Заказной товар,,,0,8.00000,ШТ,2026-03-29 00:00:00,EKS000005757,СП,ME-120-08-E-40,WH1,0.89000,КГ,19.00000,,,,,,,0.00000,0.00000,a.savitskiy,Пакет интерфейса поставки:2dff79cb-4b02-4168-b871-7b072517dda1,2026-03-23 15:07:17,321139,1996648,2566302,0,ЭКС,,3844932,,,,Годен,,,,
2531694,320657,New,End,,,2566163,,2.00000,КР,СМ,,RECV-01,WH1,33.00000,168234,,Коробка распр. скр. пр. для сплошн. стен D100x50 IP30 Systeme Electric IMT35121,44.00000,NEW Класс C,,,0,168.00000,ШТ,2026-03-27 00:00:00,EKS000005755,СП,ME-106-04-C-50,WH1,7.00000,КГ,37.00000,,,,,,,0.00000,0.00000,a.manokhin,Пакет интерфейса поставки:eda25382-3a79-41fe-9279-ebb25ce557a6,2026-03-23 15:09:11,321135,1996590,2566163,0,ЭКС,,3844747,,,,Годен,,,,
2531695,320657,New,End,,,2566165,,1.00000,ПЧ,СМ,,RECV-01,WH1,8.00000,302878,,"Вывод кабеля, мех-зм, Atlasdesign Мокко  ATN000699",23.00000,NEW Класс C,,,0,10.00000,ШТ,2026-03-27 00:00:00,EKS000005755,СП,ME-218-05-C-40,WH1,0.62000,КГ,19.00000,,,,,,,0.00000,0.00000,a.manokhin,Пакет интерфейса поставки:eda25382-3a79-41fe-9279-ebb25ce557a6,2026-03-23 15:09:11,321135,1996594,2566165,0,ЭКС,,3844752,,,,Годен,,,,
2531696,320657,New,End,,,2566167,,1.00000,ПЧ,СМ,,RECV-01,WH1,20.00000,302846,,"Розетка двойная без з/к,16А, в сборе, Atlasdesign Мокко  ATN000620",23.00000,NEW Класс C,,,0,6.00000,ШТ,2026-03-27 00:00:00,EKS000005755,СП,ME-104-07-B-40,WH1,0.58000,КГ,9.00000,,,,,,,0.00000,0.00000,a.manokhin,Пакет интерфейса поставки:eda25382-3a79-41fe-9279-ebb25ce557a6,2026-03-23 15:09:11,321135,1996596,2566167,0,ЭКС,,3844754,,,,Годен,,,,
2531697,320657,New,End,,,2566168,,3.00000,ПЧ,СМ,,RECV-01,WH1,18.00000,302859,,"Розетка с з/к со шторками, 16А, мех-зм, Atlasdesign Мокко  ATN000645",23.00000,NEW Заказной товар,,,0,30.00000,ШТ,2026-03-27 00:00:00,EKS000005755,СП,ME-202-03-A-60,WH1,1.50000,КГ,9.00000,,,,,,,0.00000,0.00000,a.manokhin,Пакет интерфейса поставки:eda25382-3a79-41fe-9279-ebb25ce557a6,2026-03-23 15:09:11,321135,1996595,2566168,0,ЭКС,,3844755,,,,Годен,,,,
2531698,320657,New,End,,,2566169,,1.00000,ПЧ,СМ,,RECV-01,WH1,9.00000,302707,,"Коробка для наружного монтажа, Atlasdesign Алюминий  ATN000300",24.00000,NEW Заказной товар,,,0,10.00000,ШТ,2026-03-27 00:00:00,EKS000005755,СП,ME-218-05-E-50,WH1,0.50000,КГ,20.00000,,,,,,,0.00000,0.00000,a.manokhin,Пакет интерфейса поставки:eda25382-3a79-41fe-9279-ebb25ce557a6,2026-03-23 15:09:11,321135,1996599,2566169,0,ЭКС,,3844756,,,,Годен,,,,
2531699,320657,New,End,,,2566170,,1.00000,ПЧ,СМ,,RECV-01,WH1,9.00000,273181,,"Розетка о/у 2-ая без заземл. без штор. изолир.пласт.,16А,250В,""Blanca"" алюминий  BLNRA000213",24.00000,NEW Заказной товар,,,0,10.00000,ШТ,2026-03-27 00:00:00,EKS000005755,СП,ME-218-07-B-20,WH1,0.90000,КГ,19.00000,,,,,,,0.00000,0.00000,a.manokhin,Пакет интерфейса поставки:eda25382-3a79-41fe-9279-ebb25ce557a6,2026-03-23 15:09:11,321135,1996587,2566170,0,ЭКС,,3844757,,,,Годен,,,,
2531700,320657,New,End,,,2566171,,1.00000,ПЧ,СМ,,RECV-01,WH1,20.00000,302834,,"TV Розетка одиночная, мех-зм, Atlasdesign Шампань  ATN000593",23.00000,NEW Класс C,,,0,10.00000,ШТ,2026-03-27 00:00:00,EKS000005755,СП,ME-104-07-E-40,WH1,0.50000,КГ,9.00000,,,,,,,0.00000,0.00000,a.manokhin,Пакет интерфейса поставки:eda25382-3a79-41fe-9279-ebb25ce557a6,2026-03-23 15:09:11,321135,1996597,2566171,0,ЭКС,,3844758,,,,Годен,,,,
2531701,320657,New,End,,,2566172,,9.00000,ШТ,СМ,,RECV-01,WH1,4.00000,660863,,Выключатель авт. диф. тока (АВДТ) City9 1P+N С 16А 4.5kA 10мА Тип-A 230В,8.00000,NEW Заказной товар,,,0,9.00000,ШТ,2026-03-27 00:00:00,EKS000005755,СП,ME-104-07-F-30,WH1,0.90000,КГ,7.00000,,,,,,,0.00000,0.00000,a.manokhin,Пакет интерфейса поставки:eda25382-3a79-41fe-9279-ebb25ce557a6,2026-03-23 15:09:11,321135,1996605,2566172,0,ЭКС,,3844759,,,,Годен,,,,
2531702,320657,New,End,,,2566173,,2.00000,ШТ,СМ,,RECV-01,WH1,4.00000,660862,,Выключатель авт. диф. тока (АВДТ) City9 1P+N С 10А 4.5kA 10мА Тип-A 230В,8.00000,NEW Заказной товар,,,0,2.00000,ШТ,2026-03-27 00:00:00,EKS000005755,СП,ME-104-07-H-30,WH1,0.40000,КГ,8.00000,,,,,,,0.00000,0.00000,a.manokhin,Пакет интерфейса поставки:eda25382-3a79-41fe-9279-ebb25ce557a6,2026-03-23 15:09:11,321135,1996584,2566173,0,ЭКС,,3844760,,,,Годен,,,,
2531703,320657,New,End,,,2566174,,1.00000,ШТ,СМ,,RECV-01,WH1,3.00000,302638,,"ДАТЧИК ДВИЖЕНИЯ потолочный, 2000 Вт, 360°, Atlasdesign Белый  ATN000137",13.00000,NEW Заказной товар,,,0,1.00000,ШТ,2026-03-27 00:00:00,EKS000005755,СП,ME-201-01-G-30,WH1,0.13000,КГ,13.00000,,,,,,,0.00000,0.00000,a.manokhin,Пакет интерфейса поставки:eda25382-3a79-41fe-9279-ebb25ce557a6,2026-03-23 15:09:11,321135,1996600,2566174,0,ЭКС,,3844761,,,,Годен,,,,
2531704,320657,New,End,,,2566175,,1.00000,ШТ,СМ,,RECV-01,WH1,4.00000,405052,,Расцепитель независимый правый AC 230В ВА-302 3P,8.00000,NEW Заказной товар,,,0,1.00000,ШТ,2026-03-27 00:00:00,EKS000005755,СП,ME-201-02-A-40,WH1,0.10000,КГ,6.00000,,,,,,,0.00000,0.00000,a.manokhin,Пакет интерфейса поставки:eda25382-3a79-41fe-9279-ebb25ce557a6,2026-03-23 15:09:11,321135,1996586,2566175,0,ЭКС,,3844762,,,,Годен,,,,
2531705,320657,New,End,,,2566177,,5.00000,ШТ,СМ,,RECV-01,WH1,4.00000,302828,,"Розетка компьютерная RJ45, мех-зм, Atlasdesign Шампань  ATN000583",7.00000,NEW Класс C,,,0,5.00000,ШТ,2026-03-27 00:00:00,EKS000005755,СП,ME-201-02-E-30,WH1,1.00000,КГ,7.00000,,,,,,,0.00000,0.00000,a.manokhin,Пакет интерфейса поставки:eda25382-3a79-41fe-9279-ebb25ce557a6,2026-03-23 15:09:11,321135,1996598,2566177,0,ЭКС,,3844764,,,,Годен,,,,
2531706,320657,New,End,,,2566179,,12.00000,ШТ,СМ,,RECV-01,WH1,3.00000,373164,,"Трансформатор тока ТШП-0,66-60-0,5-600/5 DEK",12.00000,NEW Заказной товар,,,0,12.00000,ШТ,2026-03-27 00:00:00,EKS000005755,СП,ME-201-03-F-40,WH1,2.40000,КГ,10.00000,,,,,,,0.00000,0.00000,a.manokhin,Пакет интерфейса поставки:eda25382-3a79-41fe-9279-ebb25ce557a6,2026-03-23 15:09:11,321135,1996593,2566179,0,ЭКС,,3844766,,,,Годен,,,,
2531707,320657,New,End,,,2566180,,2.00000,ШТ,СМ,,RECV-01,WH1,12.00000,405005,,Силовой авт. выкл. 3P 100А 36кА ВА-303,17.00000,NEW Заказной товар,,,0,2.00000,ШТ,2026-03-27 00:00:00,EKS000005755,СП,ME-201-05-K-40,WH1,3.00000,КГ,11.00000,,,,,,,0.00000,0.00000,a.manokhin,Пакет интерфейса поставки:eda25382-3a79-41fe-9279-ebb25ce557a6,2026-03-23 15:09:11,321135,1996591,2566180,0,ЭКС,,3844767,,,,Годен,,,,
2531708,320657,New,End,,,2566181,,1.00000,ПЧ,СМ,,RECV-01,WH1,8.00000,655648,,Кнопка аварийного останова SB4 в сборе 22мм 40мм тяни-толкай металл 1НО+1НЗ,19.00000,NEW Заказной товар,,,0,10.00000,ШТ,2026-03-27 00:00:00,EKS000005755,СП,ME-108-01-D-20,WH1,0.70000,КГ,8.00000,,,,,,,0.00000,0.00000,a.manokhin,Пакет интерфейса поставки:eda25382-3a79-41fe-9279-ebb25ce557a6,2026-03-23 15:09:11,321135,1996585,2566181,0,ЭКС,,3844768,,,,Годен,,,,
2531709,320657,New,End,,,2566185,,6.00000,ШТ,СМ,,RECV-01,WH1,3.00000,302707,,"Коробка для наружного монтажа, Atlasdesign Алюминий  ATN000300",8.00000,NEW Заказной товар,,,0,6.00000,ШТ,2026-03-27 00:00:00,EKS000005755,СП,ME-218-05-E-50,WH1,0.06000,КГ,8.00000,,,,,,,0.00000,0.00000,a.manokhin,Пакет интерфейса поставки:eda25382-3a79-41fe-9279-ebb25ce557a6,2026-03-23 15:09:11,321135,1996599,2566185,0,ЭКС,,3844775,,,,Годен,,,,
2531710,320657,New,End,,,2566187,,15.00000,ШТ,СМ,,RECV-01,WH1,4.00000,744790,,City9 Set Авт. выкл. диф. тока (АВДТ) 1P+N С 16А 6kA 30мА Тип-A 230В,9.00000,NEW Заказной товар,,,0,15.00000,ШТ,2026-03-27 00:00:00,EKS000005755,СП,ME-202-03-D-20,WH1,1.50000,КГ,8.00000,,,,,,,0.00000,0.00000,a.manokhin,Пакет интерфейса поставки:eda25382-3a79-41fe-9279-ebb25ce557a6,2026-03-23 15:09:11,321135,1996603,2566187,0,ЭКС,,3844778,,,,Годен,,,,
2531711,320657,New,End,,,2566189,,1.00000,ПЧ,СМ,,RECV-01,WH1,6.00000,741044,,ДОПОЛНИТЕЛЬНЫЙ БЛОК КОНТАКТОВ GM2 1НО+1НЗ ФРОНТАЛЬНЫЙ,10.00000,NEW Класс C,,,0,10.00000,ШТ,2026-03-27 00:00:00,EKS000005755,СП,ME-202-03-J-20,WH1,0.10000,КГ,8.00000,,,,,,,0.00000,0.00000,a.manokhin,Пакет интерфейса поставки:eda25382-3a79-41fe-9279-ebb25ce557a6,2026-03-23 15:09:11,321135,1996604,2566189,0,ЭКС,,3844781,,,,Годен,,,,
2531712,320657,New,End,,,2566190,,1.00000,ШТ,СМ,,RECV-01,WH1,9.00000,265231,,"Светорегулятор с/у поворотно-нажимной универс   400Вт  ""Blanca"" ясень BLNSS040015",9.00000,NEW Заказной товар,,,0,1.00000,ШТ,2026-03-27 00:00:00,EKS000005755,СП,ME-202-03-K-50,WH1,0.11000,КГ,5.00000,,,,,,,0.00000,0.00000,a.manokhin,Пакет интерфейса поставки:eda25382-3a79-41fe-9279-ebb25ce557a6,2026-03-23 15:09:11,321135,1996589,2566190,0,ЭКС,,3844782,,,,Годен,,,,
2531713,320657,New,End,,,2566191,,1.00000,ШТ,СМ,,RECV-01,WH1,9.00000,399616,,Силовой авт. выкл. 3P 63А 25кА ВА-302,13.00000,NEW Заказной товар,,,0,1.00000,ШТ,2026-03-27 00:00:00,EKS000005755,СП,ME-103-05-E-20,WH1,0.30000,КГ,8.00000,,,,,,,0.00000,0.00000,a.manokhin,Пакет интерфейса поставки:eda25382-3a79-41fe-9279-ebb25ce557a6,2026-03-23 15:09:11,321135,1996592,2566191,0,ЭКС,,3844783,,,,Годен,,,,
2531714,320657,New,End,,,2566192,,6.00000,ШТ,СМ,,RECV-01,WH1,4.00000,747726,,City9 Set Авт. выкл. диф. тока (АВДТ) 1P+N С 10А 6kA 30мА Тип-A 230В,9.00000,NEW Заказной товар,,,0,6.00000,ШТ,2026-03-27 00:00:00,EKS000005755,СП,ME-202-04-G-20,WH1,1.20000,КГ,8.00000,,,,,,,0.00000,0.00000,a.manokhin,Пакет интерфейса поставки:eda25382-3a79-41fe-9279-ebb25ce557a6,2026-03-23 15:09:11,321135,1996602,2566192,0,ЭКС,,3844786,,,,Годен,,,,
2531715,320657,New,End,,,2566193,,1.00000,ШТ,СМ,,RECV-01,WH1,6.00000,266454,,Реле контроля фаз серии РК-101 01,11.00000,NEW Заказной товар,,,0,1.00000,ШТ,2026-03-27 00:00:00,EKS000005755,СП,ME-202-05-C-50,WH1,0.30000,КГ,9.00000,,,,,,,0.00000,0.00000,a.manokhin,Пакет интерфейса поставки:eda25382-3a79-41fe-9279-ebb25ce557a6,2026-03-23 15:09:11,321135,1996588,2566193,0,ЭКС,,3844787,,,,Годен,,,,
2531716,320657,New,End,,,2566194,,1.00000,ШТ,СМ,,RECV-01,WH1,5.50000,801282,,АВТ.ВЫКЛ.ЗАЩ.ДВ. GM2ME 2.5-4.0A КОМБ.РАСЦЕПИТЕЛЬ КНОП.УПР.,9.50000,NEW Заказной товар,,,0,1.00000,ШТ,2026-03-27 00:00:00,EKS000005755,СП,ME-202-05-F-30,WH1,0.10000,КГ,8.50000,,,,,,,0.00000,0.00000,a.manokhin,Пакет интерфейса поставки:eda25382-3a79-41fe-9279-ebb25ce557a6,2026-03-23 15:09:11,321135,1996601,2566194,0,ЭКС,,3844788,,,,Годен,,,,
2531717,320658,New,End,,,2566341,,80.00000,ШТ,СМ,,RECV-01,WH1,7.00000,883535,,Светильник светодиодный SLIM-38/MILKY 37Вт 5000К IP65 4800лм ДСП накладной/подвесной CSVT ЦБ00000920,120.00000,NEW Заказной товар,,,0,80.00000,ШТ,2026-03-23 00:00:00,EKS000005768,СП,ZX-14-15-C-20,WH1,121.60000,КГ,13.00000,,,,,,,0.00000,0.00000,n.bezrukov,Пакет интерфейса поставки:53637a97-ff83-4cb0-bdce-9d8f37ea1133,2026-03-23 15:11:25,321155,1996708,2566341,0,ЭКС,,3844993,,,,Годен,,,,
2531718,320659,New,End,,,2566366,,1.00000,ПЛ,СМ,,RECV-01,WH1,120.00000,804096,,Светильник LED SPP-31-36-6K-M 36Вт 6500К 3780Лм 1170x50x32мм матовый IP65 ЭРА,120.00000,"NEW Класс C, ПЛ",,,0,420.00000,ШТ,2026-03-23 00:00:00,EKS000005781,СП,ZX-11-08-B-30,WH1,60.00000,КГ,80.00000,,,,,,,0.00000,0.00000,a.savitskiy,Пакет интерфейса поставки:910fe4b4-84f9-4125-be1a-f639b2d81c50,2026-03-23 15:27:31,321168,1996752,2566366,0,ЭКС,,3845024,,,,Годен,,,,
2531719,320659,New,End,,,2566367,,4.00000,КР,СМ,,RECV-01,WH1,15.00000,804096,,Светильник LED SPP-31-36-6K-M 36Вт 6500К 3780Лм 1170x50x32мм матовый IP65 ЭРА,120.00000,NEW Класс C,,,0,80.00000,ШТ,2026-03-23 00:00:00,EKS000005781,СП,ZX-18-19-A-20,WH1,20.00000,КГ,27.00000,,,,,,,0.00000,0.00000,a.savitskiy,Пакет интерфейса поставки:910fe4b4-84f9-4125-be1a-f639b2d81c50,2026-03-23 15:27:31,321168,1996752,2566367,0,ЭКС,,3845025,,,,Годен,,,,
2531720,320660,New,End,,,2566343,,11.00000,ШТ,СМ,,RECV-01,WH1,1.50000,524634,,Выключатель авт. M06N ARMAT 1п 10А х-ка B AR-M06N-1-B010 ИЭК,8.00000,NEW Заказной товар,,,0,11.00000,ШТ,2026-03-23 00:00:00,EKS000005765,СП,ME-103-04-K-20,WH1,2.20000,КГ,7.50000,,,,,,,0.00000,0.00000,a.manokhin,Пакет интерфейса поставки:79002f5d-0b2a-4e93-b520-d17fc351173d,2026-03-23 15:29:10,321152,1996705,2566343,0,ЭКС,,3844995,,,,Годен,,,,
2531721,320660,New,End,,,2566344,,1.00000,ПЧ,СМ,,RECV-01,WH1,8.50000,524634,,Выключатель авт. M06N ARMAT 1п 10А х-ка B AR-M06N-1-B010 ИЭК,22.00000,NEW Заказной товар,,,0,12.00000,ШТ,2026-03-23 00:00:00,EKS000005765,СП,ME-103-04-K-20,WH1,1.50000,КГ,9.00000,,,,,,,0.00000,0.00000,a.manokhin,Пакет интерфейса поставки:79002f5d-0b2a-4e93-b520-d17fc351173d,2026-03-23 15:29:10,321152,1996705,2566344,0,ЭКС,,3844996,,,,Годен,,,,
2531722,320661,New,End,,,OTR02095383,,85.00000,М,СМ,4712-12-31 00:00:00,RECV-01,WH1,2.00000,305570,,Кабель ВБШвнг(А)-LS 4x35-1,100.00000,KC1-03,OTR02095383,,2566360,85.00000,М,2026-03-20 00:00:00,EKS000005773,СП,KC-07-F,WH1,51.00000,КГ,2.00000,bar10mg,0000,,,,,0.00000,0.00000,n.bezrukov,Пакет интерфейса поставки:79002f5d-0b2a-4e93-b520-d17fc351173d,2026-03-23 15:29:14,321160,1996727,2566359,0,ЭКС,,3845016,,,,Годен,,,,
2531723,320661,New,End,,Барабан,BAR02026951,Барабан 10,0.00000,,СМ,,RECV-01,WH1,100.00000,,,,81.00000,KC1-01,,,0,85.00000,,2026-03-20 00:00:00,EKS000005773,СП,,,51.00000,,100.00000,,,,,,,0.00000,0.00000,n.bezrukov,Пакет интерфейса поставки:79002f5d-0b2a-4e93-b520-d17fc351173d,2026-03-23 15:29:14,321160,,2566360,0,,,,,,,,,,,
2531724,320662,New,End,,,CNT02573044,,6.00000,М,СМ,4712-12-31 00:00:00,RECV-01,WH1,6.11000,167548,,"Кабель ППГнг(A)-HF 5х240 мс (N,PE)-1",100.00000,NEW Кабель и провод тяж,CNT02573044,,0,6.00000,М,2026-03-16 00:00:00,EKS000005774,СП,NG-01,WH1,81.33600,КГ,6.11000,,,,,,,0.00000,0.00000,a.manokhin,Пакет интерфейса поставки:d53f0eb0-7c9e-42df-85e5-0543d7f46c2b,2026-03-23 15:33:29,321161,1996728,2566314,0,ЭКС,,3844965,,,,Годен,,,,
2531725,320663,New,End,,,CNT02501312,,210.00000,М,СМ,4712-12-31 00:00:00,RECV-01,WH1,1.50000,745,,Провод ВПП 6,100.00000,NEW Кабель и провод нест,CNT02501312,,0,210.00000,М,2026-03-23 00:00:00,EKS000005772,СП,ZX-09-20-A-10,WH1,18.54930,КГ,1.50000,,,,,,,0.00000,0.00000,n.bezrukov,Пакет интерфейса поставки:8ec6ccdd-1b68-4c19-895b-99b0d96b188e,2026-03-23 15:35:10,321159,1996721,2566310,0,ЭКС,,3844955,,,,Годен,,,,
2531726,320663,New,End,,,CNT02501313,,50.00000,М,СМ,4712-12-31 00:00:00,RECV-01,WH1,1.00000,849236,,"Кабель ВВГнг(A)-LS-LTx 5х2,5 ок(N,PE)-0,66",100.00000,NEW Кабель и провод нест,CNT02501313,,0,50.00000,М,2026-03-23 00:00:00,EKS000005772,СП,ZX-09-18-A-10,WH1,5.00000,КГ,1.00000,,,,,,,0.00000,0.00000,n.bezrukov,Пакет интерфейса поставки:8ec6ccdd-1b68-4c19-895b-99b0d96b188e,2026-03-23 15:35:10,321159,1996726,2566311,0,ЭКС,,3844956,,,,Годен,,,,
2531727,320663,New,End,,,CNT02501314,,160.00000,М,СМ,4712-12-31 00:00:00,RECV-01,WH1,1.01000,150538,,"Кабель КВВГЭнг(A)-LS 4х0,75",100.00000,NEW Кабель и провод нест,CNT02501314,,0,160.00000,М,2026-03-23 00:00:00,EKS000005772,СП,ZX-09-23-B-10,WH1,23.68000,КГ,1.01000,,,,,,,0.00000,0.00000,n.bezrukov,Пакет интерфейса поставки:8ec6ccdd-1b68-4c19-895b-99b0d96b188e,2026-03-23 15:35:10,321159,1996723,2566312,0,ЭКС,,3844957,,,,Годен,,,,
2531728,320663,New,End,,,CNT02501315,,170.00000,М,СМ,4712-12-31 00:00:00,RECV-01,WH1,1.41000,196260,,"Кабель КВБбШвнг(А)-LS 4х1,0",100.00000,NEW Кабель и провод тяж,CNT02501315,,0,170.00000,М,2026-03-23 00:00:00,EKS000005772,СП,ZX-08-26-C-10,WH1,61.71000,КГ,1.41000,,,,,,,0.00000,0.00000,n.bezrukov,Пакет интерфейса поставки:8ec6ccdd-1b68-4c19-895b-99b0d96b188e,2026-03-23 15:35:10,321159,1996724,2566315,0,ЭКС,,3844960,,,,Годен,,,,
2531729,320663,New,End,,,OTR02095384,,53.00000,М,СМ,4712-12-31 00:00:00,RECV-01,WH1,5.12000,755204,,Кабель АВВГнг(А)-LS 4х185 мс (N)-1,100.00000,KC1-03,OTR02095384,,2566356,53.00000,М,2026-03-23 00:00:00,EKS000005772,СП,KC-07-L,WH1,220.69200,КГ,5.12000,bar16kapa,0000,,,,,0.00000,0.00000,n.bezrukov,Пакет интерфейса поставки:8ec6ccdd-1b68-4c19-895b-99b0d96b188e,2026-03-23 15:35:10,321159,1996725,2566355,0,ЭКС,,3845014,,,,Годен,,,,
2531730,320663,New,End,,Барабан,BAR02026953,Барабан 16,0.00000,,СМ,,RECV-01,WH1,160.00000,,,,92.00000,KC1-01,,,0,53.00000,,2026-03-23 00:00:00,EKS000005772,СП,,,220.69200,,160.00000,,,,,,,0.00000,0.00000,n.bezrukov,Пакет интерфейса поставки:8ec6ccdd-1b68-4c19-895b-99b0d96b188e,2026-03-23 15:35:10,321159,,2566356,0,,,,,,,,,,,
2531731,320663,New,End,,,OTR02095382,,300.00000,М,СМ,4712-12-31 00:00:00,RECV-01,WH1,2.17000,69270,,"Кабель ВБШвнг(A)-LS 5х10 ок(N,PE)-1",100.00000,KC1-03,OTR02095382,,2566362,300.00000,М,2026-03-23 00:00:00,EKS000005772,СП,KC-06-I,WH1,330.30000,КГ,2.17000,bar10kapa,0000,,,,,0.00000,0.00000,n.bezrukov,Пакет интерфейса поставки:8ec6ccdd-1b68-4c19-895b-99b0d96b188e,2026-03-23 15:35:10,321159,1996722,2566361,0,ЭКС,,3845015,,,,Годен,,,,
2531732,320663,New,End,,Барабан,BAR02026952,Барабан 10,0.00000,,СМ,,RECV-01,WH1,100.00000,,,,81.00000,KC1-01,,,0,300.00000,,2026-03-23 00:00:00,EKS000005772,СП,,,330.30000,,100.00000,,,,,,,0.00000,0.00000,n.bezrukov,Пакет интерфейса поставки:8ec6ccdd-1b68-4c19-895b-99b0d96b188e,2026-03-23 15:35:10,321159,,2566362,0,,,,,,,,,,,
2531733,320664,New,Processed,,,2566368,,1.00000,ГМ,СМ,4712-12-31 00:00:00,RECV-01,WH1,1.00000,0000,,ТРАНЗИТ,1.00000,NEW Транзит,ИЭК БАРНАУЛ,,0,1.00000,ГМ,2026-03-23 00:00:00,TR-23/03/2026-11,ТР,TR-00,WH1,1.00000,КГ,1.00000,,,,,,,0.00000,0.00000,r.sagaidak,Пакет интерфейса поставки:8ec6ccdd-1b68-4c19-895b-99b0d96b188e,2026-03-23 15:34:59,321169,1996753,2566368,0,ЭКС,,3845034,,,,Годен,,,,
2531734,320665,New,Processed,,,2566369,,1.00000,ГМ,СМ,4712-12-31 00:00:00,RECV-01,WH1,1.00000,0000,,ТРАНЗИТ,1.00000,NEW Транзит,ИЭК КРАСНОЯРСК,,0,1.00000,ГМ,2026-03-23 00:00:00,TR-23/03/2026-12,ТР,TR-00,WH1,1.00000,КГ,1.00000,,,,,,,0.00000,0.00000,r.sagaidak,Пакет интерфейса поставки:8ec6ccdd-1b68-4c19-895b-99b0d96b188e,2026-03-23 15:34:59,321172,1996791,2566369,0,ЭКС,,3845035,,,,Годен,,,,
2531735,320667,New,End,,,2566335,,23.00000,ШТ,СМ,,RECV-01,WH1,4.00000,840882,,Панель сд встраиваемая круглая RLP-VC 665WH 6Вт 230В 6500К 420Лм 95мм белая IP40 IN HOME,10.00000,NEW Заказной товар,,,0,23.00000,ШТ,2026-03-23 00:00:00,EKS000005771,СП,ME-205-04-B-40,WH1,0.46000,КГ,10.00000,,,,,,,0.00000,0.00000,n.bezrukov,Пакет интерфейса поставки:3e69f6e0-a73c-41e1-b017-01a9cc9c84e4,2026-03-23 15:37:29,321158,1996720,2566335,0,ЭКС,,3844986,,,,Годен,,,,
2531736,320666,New,End,,,2566348,,30.00000,ШТ,СМ,,RECV-01,WH1,1.00000,438610,,"Контакт к ККТ-61,62  (ЭТ)",2.00000,NEW Заказной товар,,,0,30.00000,ШТ,2026-03-23 00:00:00,EKS000005770,СП,ME-205-05-J-30,WH1,0.30000,КГ,2.00000,,,,,,,0.00000,0.00000,n.bezrukov,Пакет интерфейса поставки:3e69f6e0-a73c-41e1-b017-01a9cc9c84e4,2026-03-23 15:37:20,321157,1996719,2566348,0,ЭКС,,3845001,,,,Годен,,,,
2531737,320668,New,End,,,2566350,,5.00000,ПЧ,СМ,,RECV-01,WH1,6.00000,308177,,Изолента ПВХ 15мм х 10м Разноцветная ЭРА Набор 5 цветов 43966/43959 (цена за 1 шт),8.00000,NEW Заказной товар,,,0,25.00000,ШТ,2026-03-23 00:00:00,EKS000005779,СП,ME-205-06-B-40,WH1,0.25000,КГ,6.00000,,,,,,,0.00000,0.00000,a.savitskiy,Пакет интерфейса поставки:3e69f6e0-a73c-41e1-b017-01a9cc9c84e4,2026-03-23 15:37:37,321166,1996750,2566350,0,ЭКС,,3845004,,,,Годен,,,,
2531738,320669,New,End,,,2566353,,6.00000,ШТ,СМ,,RECV-01,WH1,4.00000,795306,,Светильник LED SPP-504-0-50K-070 70Вт 7000лм 5000К КСС Д черный 3 года IP65 306х150х37мм D48 ЭРА,31.00000,NEW Заказной товар,,,0,6.00000,ШТ,2026-03-23 00:00:00,EKS000005778,СП,ME-119-02-C-20,WH1,4.20000,КГ,16.00000,,,,,,,0.00000,0.00000,a.savitskiy,Пакет интерфейса поставки:f98acca7-24fa-4b1b-88e5-e9a51b491b15,2026-03-23 15:39:16,321165,1996748,2566353,0,ЭКС,,3845007,,,,Годен,,,,
2531739,320669,New,End,,,2566354,,2.00000,ШТ,СМ,,RECV-01,WH1,10.00000,535689,,ЭРА Светильник переносной WLX-10m под лампу E27 60Вт 10м IP20,35.00000,NEW Заказной товар,,,0,2.00000,ШТ,2026-03-23 00:00:00,EKS000005778,СП,ME-205-06-D-50,WH1,0.80000,КГ,10.00000,,,,,,,0.00000,0.00000,a.savitskiy,Пакет интерфейса поставки:f98acca7-24fa-4b1b-88e5-e9a51b491b15,2026-03-23 15:39:16,321165,1996749,2566354,0,ЭКС,,3845008,,,,Годен,,,,
2531740,320670,New,End,,,2566327,,5.00000,ШТ,СМ,,RECV-01,WH1,10.00000,365383,,SPB-6 Brilliance R 70 ЭРА Светодиод. св-к 70Вт 3000-6500К 5950 Лм с пультом ДУ  500x77 мм (6/24),53.00000,NEW Заказной товар,,,0,5.00000,ШТ,2026-03-23 00:00:00,EKS000005775,СП,ZX-15-31-A-15,WH1,10.00000,КГ,53.00000,,,,,,,0.00000,0.00000,a.savitskiy,Пакет интерфейса поставки:8f3f06df-2f40-4c6d-b88c-ddc24df43d45,2026-03-23 15:41:26,321162,1996731,2566327,0,ЭКС,,3844976,,,,Годен,,,,
2531741,320670,New,End,,,2566342,,6.00000,ШТ,СМ,,RECV-01,WH1,5.00000,808110,,"ЭРА GU5.3-MR16-35W-12V-CL (галоген, софит, 35Вт, нейтр, GU5.3)",5.00000,NEW Заказной товар,,,0,6.00000,ШТ,2026-03-23 00:00:00,EKS000005775,СП,ME-205-04-G-40,WH1,0.06000,КГ,5.00000,,,,,,,0.00000,0.00000,a.savitskiy,Пакет интерфейса поставки:8f3f06df-2f40-4c6d-b88c-ddc24df43d45,2026-03-23 15:41:26,321162,1996730,2566342,0,ЭКС,,3844994,,,,Годен,,,,
2531742,320670,New,End,,,2566364,,1.00000,ШТ,СМ,,RECV-01,WH1,8.00000,864172,,Светильник настенный Grace 6186-702 LED 15Вт 3000К чёрный светодиодный,95.00000,NEW Заказной товар,,,0,1.00000,ШТ,2026-03-23 00:00:00,EKS000005775,СП,ZX-15-32-A-15,WH1,0.76000,КГ,8.00000,,,,,,,0.00000,0.00000,a.savitskiy,Пакет интерфейса поставки:8f3f06df-2f40-4c6d-b88c-ddc24df43d45,2026-03-23 15:41:26,321162,1996732,2566364,0,ЭКС,,3845017,,,,Годен,,,,
2531743,320670,New,End,,,2566365,,1.00000,ШТ,СМ,,RECV-01,WH1,10.50000,857139,,Светильник настенно-потолочный спот Belladonna 7073-701 1хGU10 15Вт поворотный с выключателем,17.00000,NEW Заказной товар,,,0,1.00000,ШТ,2026-03-23 00:00:00,EKS000005775,СП,ME-216-06-E-50,WH1,0.43000,КГ,15.00000,,,,,,,0.00000,0.00000,a.savitskiy,Пакет интерфейса поставки:8f3f06df-2f40-4c6d-b88c-ddc24df43d45,2026-03-23 15:41:26,321162,1996729,2566365,0,ЭКС,,3845018,,,,Годен,,,,
2531744,320671,New,End,,,2566299,,1.00000,УП,СМ,,RECV-01,WH1,8.00000,729317,,"Саморез ST 5,5х32 кровельный с шайбой (200)",12.00000,NEW Заказной товар,,,0,1.00000,УП,2026-03-23 00:00:00,EKS000005764,СП,ME-104-02-K-40,WH1,0.50000,КГ,9.00000,,,,,,,0.00000,0.00000,n.bezrukov,Пакет интерфейса поставки:15fc8881-26f7-46b2-b625-4c068ebc7709,2026-03-23 15:51:17,321151,1996701,2566299,0,ЭКС,,3844927,,,,Годен,,,,
2531745,320671,New,End,,,2566300,,2.00000,ПЧ,СМ,,RECV-01,WH1,5.00000,691979,,"Диск отрезной по металлу 125х1,6х22 A 40 S BF 80 (14А БУ) ЛУГА /1/25/400/",12.00000,NEW Класс C,,,0,50.00000,ШТ,2026-03-23 00:00:00,EKS000005764,СП,ME-202-04-H-20,WH1,3.00000,КГ,12.00000,,,,,,,0.00000,0.00000,n.bezrukov,Пакет интерфейса поставки:15fc8881-26f7-46b2-b625-4c068ebc7709,2026-03-23 15:51:17,321151,1996702,2566300,0,ЭКС,,3844928,,,,Годен,,,,
2531746,320671,New,End,,,2566301,,5.00000,ПЧ,СМ,,RECV-01,WH1,3.30000,679657,,"Диск отрезной по металлу 125х1,0х22 A 54 S BF 80 (14А БУ) ЛУГА /1/25/400/",12.50000,NEW Класс B,,,0,125.00000,ШТ,2026-03-23 00:00:00,EKS000005764,СП,ME-204-05-F-40,WH1,2.50000,КГ,12.50000,,,,,,,0.00000,0.00000,n.bezrukov,Пакет интерфейса поставки:15fc8881-26f7-46b2-b625-4c068ebc7709,2026-03-23 15:51:17,321151,1996703,2566301,0,ЭКС,,3844930,,,,Годен,,,,
2531747,320671,New,End,,,2566303,,1.00000,КР,СМ,,RECV-01,WH1,8.00000,679657,,"Диск отрезной по металлу 125х1,0х22 A 54 S BF 80 (14А БУ) ЛУГА /1/25/400/",51.50000,NEW Класс B,,,0,400.00000,ШТ,2026-03-23 00:00:00,EKS000005764,СП,ME-216-07-D-30,WH1,14.00000,КГ,26.00000,,,,,,,0.00000,0.00000,n.bezrukov,Пакет интерфейса поставки:15fc8881-26f7-46b2-b625-4c068ebc7709,2026-03-23 15:51:17,321151,1996703,2566303,0,ЭКС,,3844933,,,,Годен,,,,
2531748,320671,New,End,,,2566304,,1.00000,УП,СМ,,RECV-01,WH1,9.00000,883817,,Винтс полукруглой гол. и прессшайбой 6х30 (DIN967 РечМЗ 500шт),22.00000,NEW Заказной товар,,,0,1.00000,УП,2026-03-23 00:00:00,EKS000005764,СП,ME-217-06-C-20,WH1,4.22000,КГ,14.00000,,,,,,,0.00000,0.00000,n.bezrukov,Пакет интерфейса поставки:15fc8881-26f7-46b2-b625-4c068ebc7709,2026-03-23 15:51:17,321151,1996704,2566304,0,ЭКС,,3844934,,,,Годен,,,,
2531749,320672,New,End,,,2566308,,1.00000,ШТ,СМ,,RECV-01,WH1,3.00000,742675,,Блок контактов вспомогательный OptiStart MP-HS20,9.00000,NEW Заказной товар,,,0,1.00000,ШТ,2026-03-23 00:00:00,EKS000005767,СП,ME-101-06-J-20,WH1,0.10000,КГ,8.00000,,,,,,,0.00000,0.00000,a.manokhin,Пакет интерфейса поставки:96539d09-66da-4f6a-b6c0-a8005f15f26d,2026-03-23 15:55:27,321154,1996707,2566308,0,ЭКС,,3844953,,,,Годен,,,,
2531750,320673,New,End,,,2566309,,6.00000,ШТ,СМ,,RECV-01,WH1,1.50000,524634,,Выключатель авт. M06N ARMAT 1п 10А х-ка B AR-M06N-1-B010 ИЭК,8.00000,NEW Заказной товар,,,0,6.00000,ШТ,2026-03-23 00:00:00,EKS000005766,СП,ME-103-04-K-20,WH1,1.20000,КГ,7.50000,,,,,,,0.00000,0.00000,a.manokhin,Пакет интерфейса поставки:121cf447-062c-4020-9f2b-c91b29b51b52,2026-03-23 15:57:36,321153,1996706,2566309,0,ЭКС,,3844954,,,,Годен,,,,
2531751,320674,New,End,,,2566320,,2.00000,КР,СМ,,RECV-01,WH1,22.00000,469249,,ЭРА SPP-AC2-0-230-048 Кронштейн для уличного светильника с перемен углом 230x150x120  d48mm,37.00000,NEW Заказной товар,,,0,20.00000,ШТ,2026-03-23 00:00:00,EKS000005780,СП,ME-116-03-F-30,WH1,16.00000,КГ,24.00000,,,,,,,0.00000,0.00000,a.savitskiy,Пакет интерфейса поставки:121cf447-062c-4020-9f2b-c91b29b51b52,2026-03-23 15:57:44,321167,1996751,2566320,0,ЭКС,,3844969,,,,Годен,,,,
2531752,320674,New,End,,,2566352,,5.00000,ШТ,СМ,,RECV-01,WH1,5.00000,469249,,ЭРА SPP-AC2-0-230-048 Кронштейн для уличного светильника с перемен углом 230x150x120  d48mm,26.00000,NEW Заказной товар,,,0,5.00000,ШТ,2026-03-23 00:00:00,EKS000005780,СП,ME-116-03-F-30,WH1,6.50000,КГ,15.00000,,,,,,,0.00000,0.00000,a.savitskiy,Пакет интерфейса поставки:121cf447-062c-4020-9f2b-c91b29b51b52,2026-03-23 15:57:44,321167,1996751,2566352,0,ЭКС,,3845006,,,,Годен,,,,
2531753,320675,New,End,,,2566323,,2.00000,ШТ,СМ,,RECV-01,WH1,23.00000,625042,,Корпус навес (500х400х220) ЩМПг-2-0 IP54 У2,50.00000,NEW Заказной товар,,,0,2.00000,ШТ,2026-03-23 00:00:00,EKS000005777,СП,ME-107-05-B-40,WH1,16.00000,КГ,40.00000,,,,,,,0.00000,0.00000,a.savitskiy,Пакет интерфейса поставки:c3e079b6-f8e7-477e-8255-61cdf4d02fc9,2026-03-23 15:59:23,321164,1996747,2566323,0,ЭКС,,3844972,,,,Годен,,,,
2531754,320675,New,End,,,2566358,,1.00000,ПЧ,СМ,,RECV-01,WH1,3.50000,842961,,Изолятор ступенчатый шинный NO-224-162 ИС4-50 (М10) с болтами 15кВ,27.50000,NEW Заказной товар,,,0,2.00000,ШТ,2026-03-23 00:00:00,EKS000005777,СП,ME-213-02-A-50,WH1,2.50000,КГ,21.50000,,,,,,,0.00000,0.00000,a.savitskiy,Пакет интерфейса поставки:c3e079b6-f8e7-477e-8255-61cdf4d02fc9,2026-03-23 15:59:23,321164,1996746,2566358,0,ЭКС,,3845012,,,,Годен,,,,
2531755,320675,New,End,,,2566363,,5.00000,УП,СМ,,RECV-01,WH1,2.00000,856017,,Клемма NO-225-423 универсальная 222-415 с рычагами 5-проводная 0.08-2.5/4 мм2,8.00000,NEW Заказной товар,,,0,5.00000,УП,2026-03-23 00:00:00,EKS000005777,СП,ME-101-02-A-40,WH1,0.00500,КГ,4.00000,,,,,,,0.00000,0.00000,a.savitskiy,Пакет интерфейса поставки:c3e079b6-f8e7-477e-8255-61cdf4d02fc9,2026-03-23 15:59:23,321164,1996745,2566363,0,ЭКС,,3845013,,,,Годен,,,,
2531756,320676,New,End,,,OTR02095381,,92.00000,М,СМ,4712-12-31 00:00:00,RECV-01,WH1,4.80000,464852,,"Кабель ВВГнг(A)-LS 5х120 мс (N,РЕ)-1",100.00000,KC1-03,OTR02095381,,2566307,92.00000,М,2026-03-23 00:00:00,EKS000005760,СП,KC-07-O,WH1,669.11600,КГ,4.80000,bar12kapa,0000,,,,,0.00000,0.00000,n.bezrukov,Пакет интерфейса поставки:4317dd01-2584-4e92-bf91-0ac2756837c1,2026-03-23 16:03:36,321142,1996689,2566306,0,ЭКС,,3845028,,,,Годен,,,,
2531757,320676,New,End,,Барабан,BAR02026950,Барабан 12,0.00000,,СМ,,RECV-01,WH1,122.00000,,,,81.00000,KC1-01,,,0,92.00000,,2026-03-23 00:00:00,EKS000005760,СП,,,669.11600,,122.00000,,,,,,,0.00000,0.00000,n.bezrukov,Пакет интерфейса поставки:4317dd01-2584-4e92-bf91-0ac2756837c1,2026-03-23 16:03:36,321142,,2566307,0,,,,,,,,,,,
2531758,320677,New,End,,,2566313,,1.00000,КР,СМ,,RECV-01,WH1,14.00000,333532,,Элемент питания AAA алкалин LR03 (мизин.) Kodak ULTRA DIGITAL BL- 4 (K3A-4 U) (упаковка 4шт,36.00000,NEW Класс C,,,0,50.00000,УП,2026-03-23 00:00:00,EKS000005776,СП,ME-218-06-C-30,WH1,3.70000,КГ,11.00000,,,,,,,0.00000,0.00000,a.savitskiy,Пакет интерфейса поставки:4317dd01-2584-4e92-bf91-0ac2756837c1,2026-03-23 16:03:47,321163,1996734,2566313,0,ЭКС,,3844958,,,,Годен,,,,
2531759,320677,New,End,,,2566316,,1.00000,КР,СМ,,RECV-01,WH1,11.00000,322564,,Элемент питания Крона солевая 6F22 EXTRA HEAVY DUTY Kodak 1BL (K9VHZ-1B),42.00000,NEW Класс A,,,0,50.00000,ШТ,2026-03-23 00:00:00,EKS000005776,СП,ME-109-01-D-30,WH1,2.27000,КГ,13.00000,,,,,,,0.00000,0.00000,a.savitskiy,Пакет интерфейса поставки:4317dd01-2584-4e92-bf91-0ac2756837c1,2026-03-23 16:03:47,321163,1996736,2566316,0,ЭКС,,3844961,,,,Годен,,,,
2531760,320677,New,End,,,2566318,,1.00000,ПЧ,СМ,,RECV-01,WH1,5.00000,313939,,Элемент питания AA алкалин Kodak LR6-60 (4S) XTRALIFE colour box (KAA-60) (цена за 1шт),17.00000,NEW Класс A,,,0,60.00000,ШТ,2026-03-23 00:00:00,EKS000005776,СП,ME-204-05-K-20,WH1,2.50000,КГ,7.00000,,,,,,,0.00000,0.00000,a.savitskiy,Пакет интерфейса поставки:4317dd01-2584-4e92-bf91-0ac2756837c1,2026-03-23 16:03:47,321163,1996738,2566318,0,ЭКС,,3844966,,,,Годен,,,,
2531761,320677,New,End,,,2566331,,2.00000,ШТ,СМ,,RECV-01,WH1,6.00000,326578,,"Удлинитель c заземлением, 3х1мм2, 16А, ПВС, 5гн, 5м ЭРА U-5e-5m",30.00000,NEW Заказной товар,,,0,2.00000,ШТ,2026-03-23 00:00:00,EKS000005776,СП,ME-205-03-E-30,WH1,1.60000,КГ,11.00000,,,,,,,0.00000,0.00000,a.savitskiy,Пакет интерфейса поставки:4317dd01-2584-4e92-bf91-0ac2756837c1,2026-03-23 16:03:47,321163,1996735,2566331,0,ЭКС,,3844980,,,,Годен,,,,
2531762,320677,New,End,,,2566332,,3.00000,ШТ,СМ,,RECV-01,WH1,7.00000,357698,,"Удлинитель U-3es-5m  ЭРА с заземл, 3x1мм2, 16A, ПВС, с выкл, 3гн, 5м",25.00000,NEW Заказной товар,,,0,3.00000,ШТ,2026-03-23 00:00:00,EKS000005776,СП,ME-205-03-G-30,WH1,1.20000,КГ,13.00000,,,,,,,0.00000,0.00000,a.savitskiy,Пакет интерфейса поставки:4317dd01-2584-4e92-bf91-0ac2756837c1,2026-03-23 16:03:47,321163,1996733,2566332,0,ЭКС,,3844981,,,,Годен,,,,
2531763,320677,New,End,,,2566334,,15.00000,ШТ,СМ,,RECV-01,WH1,5.00000,400186,,Вилка IP44 каучук c/з 16A красная V8-RED-IP44 (30/300)  ЭРА,12.00000,NEW Заказной товар,,,0,15.00000,ШТ,2026-03-23 00:00:00,EKS000005776,СП,ME-205-03-L-20,WH1,3.00000,КГ,5.00000,,,,,,,0.00000,0.00000,a.savitskiy,Пакет интерфейса поставки:4317dd01-2584-4e92-bf91-0ac2756837c1,2026-03-23 16:03:47,321163,1996744,2566334,0,ЭКС,,3844984,,,,Годен,,,,
2531764,320677,New,End,,,2566336,,1.00000,ШТ,СМ,,RECV-01,WH1,3.00000,420368,,Вилка каучуковая с/з 90град 16A IP44 черная V9-B-IP44 ЭРА,7.00000,NEW Заказной товар,,,0,1.00000,ШТ,2026-03-23 00:00:00,EKS000005776,СП,ME-205-04-C-20,WH1,0.01000,КГ,3.00000,,,,,,,0.00000,0.00000,a.savitskiy,Пакет интерфейса поставки:4317dd01-2584-4e92-bf91-0ac2756837c1,2026-03-23 16:03:47,321163,1996743,2566336,0,ЭКС,,3844987,,,,Годен,,,,
2531765,320677,New,End,,,2566337,,4.00000,ШТ,СМ,,RECV-01,WH1,5.00000,673966,,Разветвитель электрический SPx-2-W на 2 розетки без заземления 10А белый ЭРА,9.00000,NEW Заказной товар,,,0,4.00000,ШТ,2026-03-23 00:00:00,EKS000005776,СП,ME-205-04-E-20,WH1,0.60000,КГ,8.00000,,,,,,,0.00000,0.00000,a.savitskiy,Пакет интерфейса поставки:4317dd01-2584-4e92-bf91-0ac2756837c1,2026-03-23 16:03:47,321163,1996741,2566337,0,ЭКС,,3844989,,,,Годен,,,,
2531766,320677,New,End,,,2566338,,5.00000,УП,СМ,,RECV-01,WH1,1.00000,333532,,Элемент питания AAA алкалин LR03 (мизин.) Kodak ULTRA DIGITAL BL- 4 (K3A-4 U) (упаковка 4шт,10.00000,NEW Класс C,,,0,5.00000,УП,2026-03-23 00:00:00,EKS000005776,СП,ME-218-06-C-30,WH1,0.25000,КГ,8.00000,,,,,,,0.00000,0.00000,a.savitskiy,Пакет интерфейса поставки:4317dd01-2584-4e92-bf91-0ac2756837c1,2026-03-23 16:03:47,321163,1996734,2566338,0,ЭКС,,3844990,,,,Годен,,,,
2531767,320677,New,End,,,2566339,,5.00000,ПЧ,СМ,,RECV-01,WH1,10.00000,263438,,Элемент питания AA алкалин Трофи LR6-4BL (4 штуки в упаковке),13.00000,NEW Класс C,,,0,50.00000,УП,2026-03-23 00:00:00,EKS000005776,СП,ME-214-04-B-40,WH1,4.00000,КГ,10.00000,,,,,,,0.00000,0.00000,a.savitskiy,Пакет интерфейса поставки:4317dd01-2584-4e92-bf91-0ac2756837c1,2026-03-23 16:03:47,321163,1996739,2566339,0,ЭКС,,3844991,,,,Годен,,,,
2531768,320677,New,End,,,2566340,,2.00000,ШТ,СМ,,RECV-01,WH1,8.00000,464615,,Удлинитель силовой на рамке б/з 1 гн 10м ПВС 2x0.75  UFx-1-2x0.75-10m-IP44 ЭРА,39.00000,NEW Заказной товар,,,0,2.00000,ШТ,2026-03-23 00:00:00,EKS000005776,СП,ME-223-05-E-50,WH1,0.80000,КГ,14.00000,,,,,,,0.00000,0.00000,a.savitskiy,Пакет интерфейса поставки:4317dd01-2584-4e92-bf91-0ac2756837c1,2026-03-23 16:03:47,321163,1996742,2566340,0,ЭКС,,3844992,,,,Годен,,,,
2531769,320677,New,End,,,2566345,,9.00000,ПЧ,СМ,,RECV-01,WH1,5.00000,313939,,Элемент питания AA алкалин Kodak LR6-60 (4S) XTRALIFE colour box (KAA-60) (цена за 1шт),17.00000,NEW Класс A,,,0,540.00000,ШТ,2026-03-23 00:00:00,EKS000005776,СП,ME-223-06-B-30,WH1,22.50000,КГ,7.00000,,,,,,,0.00000,0.00000,a.savitskiy,Пакет интерфейса поставки:4317dd01-2584-4e92-bf91-0ac2756837c1,2026-03-23 16:03:47,321163,1996738,2566345,0,ЭКС,,3844997,,,,Годен,,,,
2531770,320677,New,End,,,2566349,,40.00000,ШТ,СМ,,RECV-01,WH1,1.00000,322563,,Элемент питания 23A/LR23A/3LR50 Kodak 23A-1BL (K23A-1),5.00000,NEW Класс C,,,0,40.00000,ШТ,2026-03-23 00:00:00,EKS000005776,СП,ME-115-01-A-30,WH1,0.80000,КГ,5.00000,,,,,,,0.00000,0.00000,a.savitskiy,Пакет интерфейса поставки:4317dd01-2584-4e92-bf91-0ac2756837c1,2026-03-23 16:03:47,321163,1996737,2566349,0,ЭКС,,3845003,,,,Годен,,,,
2531771,320677,New,End,,,2566351,,3.00000,ПЧ,СМ,,RECV-01,WH1,8.50000,322564,,Элемент питания Крона солевая 6F22 EXTRA HEAVY DUTY Kodak 1BL (K9VHZ-1B),13.00000,NEW Класс A,,,0,30.00000,ШТ,2026-03-23 00:00:00,EKS000005776,СП,ME-109-01-D-30,WH1,1.35000,КГ,10.00000,,,,,,,0.00000,0.00000,a.savitskiy,Пакет интерфейса поставки:4317dd01-2584-4e92-bf91-0ac2756837c1,2026-03-23 16:03:47,321163,1996736,2566351,0,ЭКС,,3845005,,,,Годен,,,,
2531772,320677,New,End,,,2566357,,12.00000,ПЧ,СМ,,RECV-01,WH1,7.00000,765199,,Элемент питания AAA алкалин Duracell LR03-4BL BASIC (4шт в упаковке),13.00000,NEW Класс C,,,0,120.00000,УП,2026-03-23 00:00:00,EKS000005776,СП,ME-215-06-A-60,WH1,7.20000,КГ,9.00000,,,,,,,0.00000,0.00000,a.savitskiy,Пакет интерфейса поставки:4317dd01-2584-4e92-bf91-0ac2756837c1,2026-03-23 16:03:47,321163,1996740,2566357,0,ЭКС,,3845009,,,,Годен,,,,
2531773,320677,New,End,,,2566371,,11.00000,ПЧ,СМ,,RECV-01,WH1,5.00000,313939,,Элемент питания AA алкалин Kodak LR6-60 (4S) XTRALIFE colour box (KAA-60) (цена за 1шт),17.00000,NEW Класс A,,,0,660.00000,ШТ,2026-03-23 00:00:00,EKS000005776,СП,ME-118-06-C-30,WH1,27.50000,КГ,7.00000,,,,,,,0.00000,0.00000,a.savitskiy,Пакет интерфейса поставки:4317dd01-2584-4e92-bf91-0ac2756837c1,2026-03-23 16:03:47,321163,1996738,2566371,0,ЭКС,,3845038,,,,Годен,,,,
2531774,320678,New,End,,,2566463,,2.00000,ШТ,СМ,,RECV-01,WH1,1.70000,169754,,"Вспомогат.контакт S2C-H6R 1п.к. для S200 (+для F200, DS200 и DS201/DS202C)",11.00000,NEW Заказной товар,,,0,2.00000,ШТ,2026-03-23 00:00:00,EKS000005787,СП,ME-111-06-D-20,WH1,0.06000,КГ,11.00000,,,,,,,0.00000,0.00000,r.sagaidak,Пакет интерфейса поставки:b1d805c3-a851-4e83-83be-886de2a4a04c,2026-03-23 16:17:17,321176,1996845,2566463,0,ЭКС,,3845157,,,,Годен,,,,
2531775,320678,New,End,,,2566466,,2.00000,ШТ,СМ,,RECV-01,WH1,2.00000,52383,,Вспомог. сигнал. контакт комп. S2C-S/H6R для S200 STO2CDS200909R0001,10.00000,NEW Заказной товар,,,0,2.00000,ШТ,2026-03-23 00:00:00,EKS000005787,СП,ME-112-01-B-20,WH1,0.08000,КГ,11.00000,,,,,,,0.00000,0.00000,r.sagaidak,Пакет интерфейса поставки:b1d805c3-a851-4e83-83be-886de2a4a04c,2026-03-23 16:17:17,321176,1996846,2566466,0,ЭКС,,3845160,,,,Годен,,,,
2531776,320679,New,End,,,2566473,,1.00000,ШТ,СМ,,RECV-01,WH1,18.00000,837421,,"d 125 мм, 1600 Вт, 30 мм, штроборез (бороздодел), Профессионал (ЗШ-П30-1600 ПСТ)",48.00000,NEW Заказной товар,,,0,1.00000,ШТ,2026-03-23 00:00:00,EKS000005788,СП,ME-113-03-D-20,WH1,4.92000,КГ,21.50000,,,,,,,0.00000,0.00000,n.bezrukov,Пакет интерфейса поставки:135d6531-f8f7-4ff5-92c4-bd81a59f367e,2026-03-23 16:35:34,321177,1996850,2566473,0,ЭКС,,3845168,,,,Годен,,,,
2531777,320679,New,End,,,2566474,,1.00000,ШТ,СМ,,RECV-01,WH1,6.00000,634159,,"Силовой удлинитель ЗУБР КГ 3х2.5 5м 3гн. 4000Вт IP44, КГ 325-Ш3, Профессионал",26.00000,NEW Заказной товар,,,0,1.00000,ШТ,2026-03-23 00:00:00,EKS000005788,СП,ME-113-04-D-30,WH1,0.60000,КГ,13.00000,,,,,,,0.00000,0.00000,n.bezrukov,Пакет интерфейса поставки:135d6531-f8f7-4ff5-92c4-bd81a59f367e,2026-03-23 16:35:34,321177,1996851,2566474,0,ЭКС,,3845169,,,,Годен,,,,
2531778,320679,New,End,,,2566475,,1.00000,УП,СМ,,RECV-01,WH1,2.50000,533620,,"STAYER 4-in-1 съемник стопорных колец, 4 насадки",24.50000,NEW Заказной товар,,,0,1.00000,УП,2026-03-23 00:00:00,EKS000005788,СП,ME-113-05-B-30,WH1,0.10000,КГ,10.50000,,,,,,,0.00000,0.00000,n.bezrukov,Пакет интерфейса поставки:135d6531-f8f7-4ff5-92c4-bd81a59f367e,2026-03-23 16:35:34,321177,1996847,2566475,0,ЭКС,,3845170,,,,Годен,,,,
2531779,320679,New,End,,,2566476,,1.00000,ШТ,СМ,,RECV-01,WH1,4.00000,883826,,"4 шт, 130 мм, набор съемников стопорных колец, Профессионал (22825)",23.00000,NEW Заказной товар,,,0,1.00000,ШТ,2026-03-23 00:00:00,EKS000005788,СП,ME-113-06-B-20,WH1,0.38000,КГ,13.00000,,,,,,,0.00000,0.00000,n.bezrukov,Пакет интерфейса поставки:135d6531-f8f7-4ff5-92c4-bd81a59f367e,2026-03-23 16:35:34,321177,1996849,2566476,0,ЭКС,,3845171,,,,Годен,,,,
2531780,320679,New,End,,,2566477,,2.00000,УП,СМ,,RECV-01,WH1,1.50000,541423,,"Набор сверл по металлу титановых 10 шт (1-10 мм), Р6М5, класс А, Титан Профессионал (ЗУБР)",16.00000,NEW Заказной товар,,,0,2.00000,УП,2026-03-23 00:00:00,EKS000005788,СП,ME-113-06-C-20,WH1,0.52000,КГ,10.00000,,,,,,,0.00000,0.00000,n.bezrukov,Пакет интерфейса поставки:135d6531-f8f7-4ff5-92c4-bd81a59f367e,2026-03-23 16:35:34,321177,1996852,2566477,0,ЭКС,,3845172,,,,Годен,,,,
2531781,320679,New,End,,,2566478,,4.00000,ШТ,СМ,,RECV-01,WH1,10.00000,883827,,"ЗУБР СТП-5/5 текстильный петлевой строп, красный, г/п 5 т, длина 5 м",40.00000,NEW Заказной товар,,,0,4.00000,ШТ,2026-03-23 00:00:00,EKS000005788,СП,ME-113-06-C-30,WH1,11.36000,КГ,16.00000,,,,,,,0.00000,0.00000,n.bezrukov,Пакет интерфейса поставки:135d6531-f8f7-4ff5-92c4-bd81a59f367e,2026-03-23 16:35:34,321177,1996848,2566478,0,ЭКС,,3845176,,,,Годен,,,,
2531782,320680,New,Processed,,,2566479,,1.00000,ГМ,СМ,4712-12-31 00:00:00,RECV-01,WH1,1.00000,0000,,ТРАНЗИТ,1.00000,NEW Транзит,КЕМЕРОВО,,0,1.00000,ГМ,2026-03-23 00:00:00,TR-23/03/2026-13,ТР,TR-05,WH1,1.00000,КГ,1.00000,,,,,,,0.00000,0.00000,r.sagaidak,Пакет интерфейса поставки:135d6531-f8f7-4ff5-92c4-bd81a59f367e,2026-03-23 16:35:02,321178,1996853,2566479,0,ЭКС,,3845183,,,,Годен,,,,
2531783,320681,New,End,,,2565838,,1.00000,КР,СМ,,RECV-01,WH1,20.00000,512088,,Бур по бетону 6x110x50 мм (2 грани) SDS-Plus (Kranz),48.00000,NEW Класс A,,,0,240.00000,ШТ,2026-03-20 00:00:00,EKS000005728,СП,ME-116-05-E-30,WH1,10.00000,КГ,29.00000,,,,,,,0.00000,0.00000,a.savitskiy,Пакет интерфейса поставки:988d1f25-f006-4a66-bf24-294f697730e7,2026-03-23 16:43:43,321105,1996357,2565838,0,ЭКС,,3844334,,,,Годен,,,,
2531784,320681,New,End,,,2565842,,2.00000,ПЧ,СМ,,RECV-01,WH1,5.00000,516371,,Бур по бетону 10x160x100 мм (2 грани) SDS-Plus (Kranz),24.00000,NEW Класс C,,,0,20.00000,ШТ,2026-03-20 00:00:00,EKS000005728,СП,ME-210-02-C-10,WH1,2.00000,КГ,12.00000,,,,,,,0.00000,0.00000,a.savitskiy,Пакет интерфейса поставки:988d1f25-f006-4a66-bf24-294f697730e7,2026-03-23 16:43:43,321105,1996384,2565842,0,ЭКС,,3844341,,,,Годен,,,,
2531785,320681,New,End,,,2565843,,3.00000,ШТ,СМ,,RECV-01,WH1,1.00000,516371,,Бур по бетону 10x160x100 мм (2 грани) SDS-Plus (Kranz),23.00000,NEW Класс C,,,0,3.00000,ШТ,2026-03-20 00:00:00,EKS000005728,СП,ME-210-02-C-10,WH1,0.60000,КГ,4.00000,,,,,,,0.00000,0.00000,a.savitskiy,Пакет интерфейса поставки:988d1f25-f006-4a66-bf24-294f697730e7,2026-03-23 16:43:43,321105,1996384,2565843,0,ЭКС,,3844342,,,,Годен,,,,
2531786,320681,New,End,,,2565844,,3.00000,ШТ,СМ,,RECV-01,WH1,2.00000,512088,,Бур по бетону 6x110x50 мм (2 грани) SDS-Plus (Kranz),19.00000,NEW Класс A,,,0,3.00000,ШТ,2026-03-20 00:00:00,EKS000005728,СП,ME-116-05-E-30,WH1,0.30000,КГ,4.00000,,,,,,,0.00000,0.00000,a.savitskiy,Пакет интерфейса поставки:988d1f25-f006-4a66-bf24-294f697730e7,2026-03-23 16:43:43,321105,1996357,2565844,0,ЭКС,,3844343,,,,Годен,,,,
2531787,320681,New,End,,,2565846,,4.00000,ШТ,СМ,,RECV-01,WH1,5.00000,797416,,"PROconnect Кабель HDMI - HDMI 2.0, 10м, Gold (Zip Lock пакет)",17.00000,NEW Заказной товар,,,0,4.00000,ШТ,2026-03-20 00:00:00,EKS000005728,СП,ME-118-02-E-30,WH1,2.00000,КГ,17.00000,,,,,,,0.00000,0.00000,a.savitskiy,Пакет интерфейса поставки:988d1f25-f006-4a66-bf24-294f697730e7,2026-03-23 16:43:43,321105,1996381,2565846,0,ЭКС,,3844345,,,,Годен,,,,
2531788,320681,New,End,,,2565847,,3.00000,ПЧ,СМ,,RECV-01,WH1,21.00000,389732,,Газовая горелка-насадка GT-24 с пьезоподжигом (REXANT),38.00000,NEW Класс A,,,0,30.00000,ШТ,2026-03-20 00:00:00,EKS000005728,СП,ME-118-02-F-20,WH1,3.90000,КГ,15.00000,,,,,,,0.00000,0.00000,a.manokhin,Пакет интерфейса поставки:988d1f25-f006-4a66-bf24-294f697730e7,2026-03-23 16:43:43,321105,1996371,2565847,0,ЭКС,,3844346,,,,Годен,,,,
2531789,320681,New,End,,,2565848,,7.00000,ШТ,СМ,,RECV-01,WH1,5.00000,389732,,Газовая горелка-насадка GT-24 с пьезоподжигом (REXANT),18.00000,NEW Класс A,,,0,7.00000,ШТ,2026-03-20 00:00:00,EKS000005728,СП,ME-219-04-C-50,WH1,0.70000,КГ,12.00000,,,,,,,0.00000,0.00000,a.savitskiy,Пакет интерфейса поставки:988d1f25-f006-4a66-bf24-294f697730e7,2026-03-23 16:43:43,321105,1996371,2565848,0,ЭКС,,3844347,,,,Годен,,,,
2531790,320681,New,End,,,2565850,,6.00000,ШТ,СМ,,RECV-01,WH1,4.00000,810703,,"Розетка  1-ая с ЗК   , со шторками 16А титан  (рамка в комплекте) /KRANZ MIELE ROUND/",8.00000,NEW Класс C,,,0,6.00000,ШТ,2026-03-20 00:00:00,EKS000005728,СП,ME-114-02-B-20,WH1,0.30000,КГ,8.00000,,,,,,,0.00000,0.00000,a.savitskiy,Пакет интерфейса поставки:988d1f25-f006-4a66-bf24-294f697730e7,2026-03-23 16:43:43,321105,1996377,2565850,0,ЭКС,,3844350,,,,Годен,,,,
2531791,320681,New,End,,,2565851,,9.00000,УП,СМ,,RECV-01,WH1,1.00000,270620,,Набор термоусадочных трубок №4 (РЫБОЛОВ) REXANT,15.00000,NEW Класс A,,,0,9.00000,УП,2026-03-20 00:00:00,EKS000005728,СП,ME-103-08-C-50,WH1,0.90000,КГ,8.00000,,,,,,,0.00000,0.00000,a.manokhin,Пакет интерфейса поставки:988d1f25-f006-4a66-bf24-294f697730e7,2026-03-23 16:43:43,321105,1996361,2565851,0,ЭКС,,3844351,,,,Годен,,,,
2531792,320681,New,End,,,2565853,,7.00000,ПЧ,СМ,,RECV-01,WH1,3.00000,270620,,Набор термоусадочных трубок №4 (РЫБОЛОВ) REXANT,28.00000,NEW Класс A,,,0,70.00000,УП,2026-03-20 00:00:00,EKS000005728,СП,ME-103-08-C-50,WH1,3.50000,КГ,28.00000,,,,,,,0.00000,0.00000,a.manokhin,Пакет интерфейса поставки:988d1f25-f006-4a66-bf24-294f697730e7,2026-03-23 16:43:43,321105,1996361,2565853,0,ЭКС,,3844353,,,,Годен,,,,
2531793,320681,New,End,,,2565854,,3.00000,ПЧ,СМ,,RECV-01,WH1,17.00000,810703,,"Розетка  1-ая с ЗК   , со шторками 16А титан  (рамка в комплекте) /KRANZ MIELE ROUND/",25.00000,NEW Класс C,,,0,30.00000,ШТ,2026-03-20 00:00:00,EKS000005728,СП,ME-118-03-B-40,WH1,6.00000,КГ,9.00000,,,,,,,0.00000,0.00000,a.savitskiy,Пакет интерфейса поставки:988d1f25-f006-4a66-bf24-294f697730e7,2026-03-23 16:43:43,321105,1996377,2565854,0,ЭКС,,3844354,,,,Годен,,,,
2531794,320681,New,End,,,2565855,,1.00000,КР,СМ,,RECV-01,WH1,20.00000,512088,,Бур по бетону 6x110x50 мм (2 грани) SDS-Plus (Kranz),48.00000,NEW Класс A,,,0,240.00000,ШТ,2026-03-20 00:00:00,EKS000005728,СП,ME-118-08-E-40,WH1,10.00000,КГ,29.00000,,,,,,,0.00000,0.00000,n.bezrukov,Пакет интерфейса поставки:988d1f25-f006-4a66-bf24-294f697730e7,2026-03-23 16:43:43,321105,1996357,2565855,0,ЭКС,,3844355,,,,Годен,,,,
2531795,320681,New,End,,,2565856,,7.00000,УП,СМ,,RECV-01,WH1,2.00000,270616,,Набор термоусадочных трубок №2 (АВТО импорт) REXANT,17.00000,NEW Класс A,,,0,7.00000,УП,2026-03-20 00:00:00,EKS000005728,СП,ME-121-04-C-40,WH1,0.70000,КГ,7.00000,,,,,,,0.00000,0.00000,a.manokhin,Пакет интерфейса поставки:988d1f25-f006-4a66-bf24-294f697730e7,2026-03-23 16:43:43,321105,1996362,2565856,0,ЭКС,,3844356,,,,Годен,,,,
2531796,320681,New,End,,,2565858,,4.00000,ПЧ,СМ,,RECV-01,WH1,3.00000,270616,,Набор термоусадочных трубок №2 (АВТО импорт) REXANT,28.00000,NEW Класс A,,,0,40.00000,УП,2026-03-20 00:00:00,EKS000005728,СП,ME-121-04-C-40,WH1,2.00000,КГ,28.00000,,,,,,,0.00000,0.00000,a.manokhin,Пакет интерфейса поставки:988d1f25-f006-4a66-bf24-294f697730e7,2026-03-23 16:43:43,321105,1996362,2565858,0,ЭКС,,3844358,,,,Годен,,,,
2531797,320681,New,End,,,2565859,,2.00000,ШТ,СМ,,RECV-01,WH1,4.00000,810703,,"Розетка  1-ая с ЗК   , со шторками 16А титан  (рамка в комплекте) /KRANZ MIELE ROUND/",8.00000,NEW Класс C,,,0,2.00000,ШТ,2026-03-20 00:00:00,EKS000005728,СП,ME-114-02-B-20,WH1,0.10000,КГ,8.00000,,,,,,,0.00000,0.00000,n.bezrukov,Пакет интерфейса поставки:988d1f25-f006-4a66-bf24-294f697730e7,2026-03-23 16:43:43,321105,1996377,2565859,0,ЭКС,,3844360,,,,Годен,,,,
2531798,320681,New,End,,,2565876,,1.00000,ПЧ,СМ,,RECV-01,WH1,12.00000,797416,,"PROconnect Кабель HDMI - HDMI 2.0, 10м, Gold (Zip Lock пакет)",35.00000,NEW Заказной товар,,,0,5.00000,ШТ,2026-03-20 00:00:00,EKS000005728,СП,ME-105-02-B-40,WH1,2.50000,КГ,35.00000,,,,,,,0.00000,0.00000,a.manokhin,Пакет интерфейса поставки:988d1f25-f006-4a66-bf24-294f697730e7,2026-03-23 16:43:43,321105,1996381,2565876,0,ЭКС,,3844379,,,,Годен,,,,
2531799,320681,New,End,,,2565879,,2.00000,БЛ,СМ,,RECV-01,WH1,10.00000,566250,,"Диск отрезной по металлу 125х1,0 мм, для УШМ (Kranz)",13.00000,NEW Класс B,,,0,100.00000,ШТ,2026-03-20 00:00:00,EKS000005728,СП,ME-115-08-D-20,WH1,2.00000,КГ,13.00000,,,,,,,0.00000,0.00000,a.manokhin,Пакет интерфейса поставки:988d1f25-f006-4a66-bf24-294f697730e7,2026-03-23 16:43:43,321105,1996382,2565879,0,ЭКС,,3844382,,,,Годен,,,,
2531800,320681,New,End,,,2565881,,1.00000,ШТ,СМ,,RECV-01,WH1,5.00000,797416,,"PROconnect Кабель HDMI - HDMI 2.0, 10м, Gold (Zip Lock пакет)",17.00000,NEW Заказной товар,,,0,1.00000,ШТ,2026-03-20 00:00:00,EKS000005728,СП,ME-118-02-E-30,WH1,0.50000,КГ,17.00000,,,,,,,0.00000,0.00000,a.manokhin,Пакет интерфейса поставки:988d1f25-f006-4a66-bf24-294f697730e7,2026-03-23 16:43:43,321105,1996381,2565881,0,ЭКС,,3844384,,,,Годен,,,,
2531801,320681,New,End,,,2565883,,1.00000,ШТ,СМ,,RECV-01,WH1,5.00000,389732,,Газовая горелка-насадка GT-24 с пьезоподжигом (REXANT),18.00000,NEW Класс A,,,0,1.00000,ШТ,2026-03-20 00:00:00,EKS000005728,СП,ME-219-04-C-50,WH1,0.10000,КГ,12.00000,,,,,,,0.00000,0.00000,a.manokhin,Пакет интерфейса поставки:988d1f25-f006-4a66-bf24-294f697730e7,2026-03-23 16:43:43,321105,1996371,2565883,0,ЭКС,,3844387,,,,Годен,,,,
2531802,320681,New,End,,,2565884,,1.00000,КР,СМ,,RECV-01,WH1,27.00000,810714,,"Розетка 1-ая с ЗК , со шторками 16А антрацит (рамка в комплекте) /KRANZ MIELE  STRONG /",52.00000,NEW Класс C,,,0,100.00000,ШТ,2026-03-20 00:00:00,EKS000005728,СП,ME-107-06-D-30,WH1,15.00000,КГ,37.00000,,,,,,,0.00000,0.00000,n.bezrukov,Пакет интерфейса поставки:988d1f25-f006-4a66-bf24-294f697730e7,2026-03-23 16:43:43,321105,1996376,2565884,0,ЭКС,,3844388,,,,Годен,,,,
2531803,320681,New,End,,,2565886,,4.00000,ПЧ,СМ,,RECV-01,WH1,12.00000,433460,,"Кабель-канал 40х25 мм, белый (32 м/уп.)  REXANT",200.00000,NEW Кабель-канал,,,0,128.00000,М,2026-03-20 00:00:00,EKS000005728,СП,ZX-19-21-D-18,WH1,12.00000,КГ,18.00000,,,,,,,0.00000,0.00000,a.manokhin,Пакет интерфейса поставки:988d1f25-f006-4a66-bf24-294f697730e7,2026-03-23 16:43:43,321105,1996366,2565886,0,ЭКС,,3844390,,,,Годен,,,,
2531804,320681,New,End,,,2565888,,1.00000,БЛ,СМ,,RECV-01,WH1,9.00000,516371,,Бур по бетону 10x160x100 мм (2 грани) SDS-Plus (Kranz),25.00000,NEW Класс C,,,0,40.00000,ШТ,2026-03-20 00:00:00,EKS000005728,СП,ME-210-02-C-10,WH1,3.80000,КГ,15.00000,,,,,,,0.00000,0.00000,n.bezrukov,Пакет интерфейса поставки:988d1f25-f006-4a66-bf24-294f697730e7,2026-03-23 16:43:43,321105,1996384,2565888,0,ЭКС,,3844392,,,,Годен,,,,
2531805,320681,New,End,,,2565890,,4.00000,БЛ,СМ,,RECV-01,WH1,15.00000,512088,,Бур по бетону 6x110x50 мм (2 грани) SDS-Plus (Kranz),26.00000,NEW Класс A,,,0,160.00000,ШТ,2026-03-20 00:00:00,EKS000005728,СП,ME-116-05-E-30,WH1,8.00000,КГ,9.00000,,,,,,,0.00000,0.00000,n.bezrukov,Пакет интерфейса поставки:988d1f25-f006-4a66-bf24-294f697730e7,2026-03-23 16:43:43,321105,1996357,2565890,0,ЭКС,,3844395,,,,Годен,,,,
2531806,320681,New,End,,,2565893,,4.00000,ПЧ,СМ,,RECV-01,WH1,17.00000,810703,,"Розетка  1-ая с ЗК   , со шторками 16А титан  (рамка в комплекте) /KRANZ MIELE ROUND/",25.00000,NEW Класс C,,,0,40.00000,ШТ,2026-03-20 00:00:00,EKS000005728,СП,ME-118-03-B-40,WH1,8.00000,КГ,9.00000,,,,,,,0.00000,0.00000,n.bezrukov,Пакет интерфейса поставки:988d1f25-f006-4a66-bf24-294f697730e7,2026-03-23 16:43:43,321105,1996377,2565893,0,ЭКС,,3844401,,,,Годен,,,,
2531807,320681,New,End,,,2565895,,27.00000,ПЧ,СМ,,RECV-01,WH1,7.00000,462756,,"Лента перфорированная прямая 12х0,55 мм, оцинк. (25 м) (REXANT)",20.00000,NEW Тяжелые,,,0,135.00000,ШТ,2026-03-20 00:00:00,EKS000005728,СП,ZX-07-03-C-10,WH1,108.00000,КГ,20.00000,,,,,,,0.00000,0.00000,a.manokhin,Пакет интерфейса поставки:988d1f25-f006-4a66-bf24-294f697730e7,2026-03-23 16:43:43,321105,1996365,2565895,0,ЭКС,,3844403,,,,Годен,,,,
2531808,320681,New,End,,,2565898,,1.00000,ШТ,СМ,,RECV-01,WH1,6.50000,855676,,Клещи токовые MS2000G,30.00000,NEW Заказной товар,,,0,1.00000,ШТ,2026-03-20 00:00:00,EKS000005728,СП,ME-120-03-D-30,WH1,1.41000,КГ,25.00000,,,,,,,0.00000,0.00000,a.savitskiy,Пакет интерфейса поставки:988d1f25-f006-4a66-bf24-294f697730e7,2026-03-23 16:43:43,321105,1996374,2565898,0,ЭКС,,3844408,,,,Годен,,,,
2531809,320681,New,End,,,2565902,,8.00000,ПЧ,СМ,,RECV-01,WH1,5.00000,431462,,"Лента перфорированная волна 12х0,55 мм, оцинк. (25 м) (REXANT)",15.00000,NEW Класс A,,,0,40.00000,ШТ,2026-03-20 00:00:00,EKS000005728,СП,ME-120-05-C-20,WH1,24.00000,КГ,15.00000,,,,,,,0.00000,0.00000,a.manokhin,Пакет интерфейса поставки:988d1f25-f006-4a66-bf24-294f697730e7,2026-03-23 16:43:43,321105,1996367,2565902,0,ЭКС,,3844413,,,,Годен,,,,
2531810,320681,New,End,,,2565907,,12.00000,ШТ,СМ,,RECV-01,WH1,1.00000,878160,,Универсальный секундный клей 3гр,16.00000,NEW Заказной товар,,,0,12.00000,ШТ,2026-03-20 00:00:00,EKS000005728,СП,ME-101-07-H-40,WH1,0.01200,КГ,7.50000,,,,,,,0.00000,0.00000,a.savitskiy,Пакет интерфейса поставки:988d1f25-f006-4a66-bf24-294f697730e7,2026-03-23 16:43:43,321105,1996373,2565907,0,ЭКС,,3844418,,,,Годен,,,,
2531811,320681,New,End,,,2565916,,20.00000,ШТ,СМ,,RECV-01,WH1,0.60000,516336,,"Диск алмазный сегментный 125 мм, для УШМ, по бетону, кирпичу и камню (Kranz)",13.00000,NEW Класс B,,,0,20.00000,ШТ,2026-03-20 00:00:00,EKS000005728,СП,ME-101-08-D-30,WH1,2.00000,КГ,13.00000,,,,,,,0.00000,0.00000,n.bezrukov,Пакет интерфейса поставки:988d1f25-f006-4a66-bf24-294f697730e7,2026-03-23 16:43:43,321105,1996356,2565916,0,ЭКС,,3844428,,,,Годен,,,,
2531812,320681,New,End,,,2565917,,2.00000,ПЧ,СМ,,RECV-01,WH1,7.00000,293063,,"Флюс для пайки, ПАЯЛЬНАЯ КИСЛОТА, 30 мл, флакон REXANT",12.00000,NEW Класс C,,,0,20.00000,ШТ,2026-03-20 00:00:00,EKS000005728,СП,ME-206-04-G-20,WH1,0.60000,КГ,5.00000,,,,,,,0.00000,0.00000,n.bezrukov,Пакет интерфейса поставки:988d1f25-f006-4a66-bf24-294f697730e7,2026-03-23 16:43:43,321105,1996359,2565917,0,ЭКС,,3844429,,,,Годен,,,,
2531813,320681,New,End,,,2565918,,6.00000,БЛ,СМ,,RECV-01,WH1,4.00000,516479,,"Сверло по кафелю, керамике, стеклу 6 мм (2 грани), шестигранный хвостовик (Kranz)",15.00000,NEW Класс B,,,0,60.00000,ШТ,2026-03-20 00:00:00,EKS000005728,СП,ME-103-08-F-20,WH1,1.20000,КГ,11.00000,,,,,,,0.00000,0.00000,n.bezrukov,Пакет интерфейса поставки:988d1f25-f006-4a66-bf24-294f697730e7,2026-03-23 16:43:43,321105,1996383,2565918,0,ЭКС,,3844430,,,,Годен,,,,
2531814,320681,New,End,,,2565920,,1.00000,ШТ,СМ,,RECV-01,WH1,1.00000,516479,,"Сверло по кафелю, керамике, стеклу 6 мм (2 грани), шестигранный хвостовик (Kranz)",14.00000,NEW Класс B,,,0,1.00000,ШТ,2026-03-20 00:00:00,EKS000005728,СП,ME-103-08-F-20,WH1,0.02000,КГ,4.00000,,,,,,,0.00000,0.00000,n.bezrukov,Пакет интерфейса поставки:988d1f25-f006-4a66-bf24-294f697730e7,2026-03-23 16:43:43,321105,1996383,2565920,0,ЭКС,,3844432,,,,Годен,,,,
2531815,320681,New,End,,,2565923,,11.00000,ШТ,СМ,,RECV-01,WH1,0.50000,422916,,"Припой с канифолью, 1 м, d=0.8 мм, (олово 60%, свинец 40%), спираль, блистер REXANT",8.00000,NEW Класс A,,,0,11.00000,ШТ,2026-03-20 00:00:00,EKS000005728,СП,ME-101-08-K-40,WH1,0.01100,КГ,5.00000,,,,,,,0.00000,0.00000,n.bezrukov,Пакет интерфейса поставки:988d1f25-f006-4a66-bf24-294f697730e7,2026-03-23 16:43:43,321105,1996369,2565923,0,ЭКС,,3844435,,,,Годен,,,,
2531816,320681,New,End,,,2565925,,3.00000,ШТ,СМ,,RECV-01,WH1,5.00000,464067,,"Флюс для пайки, паяльный жир НЕЙТРАЛЬНЫЙ, 100 мл, банка REXANT",7.50000,NEW Заказной товар,,,0,3.00000,ШТ,2026-03-20 00:00:00,EKS000005728,СП,ME-102-02-B-30,WH1,0.60000,КГ,5.00000,,,,,,,0.00000,0.00000,n.bezrukov,Пакет интерфейса поставки:988d1f25-f006-4a66-bf24-294f697730e7,2026-03-23 16:43:43,321105,1996363,2565925,0,ЭКС,,3844437,,,,Годен,,,,
2531817,320681,New,End,,,2565926,,4.00000,ШТ,СМ,,RECV-01,WH1,1.00000,422905,,"Маркер-краска MunHwa «Slim» 2 мм, белая, нитрооснова",13.00000,NEW Класс A,,,0,4.00000,ШТ,2026-03-20 00:00:00,EKS000005728,СП,ME-204-05-L-50,WH1,0.04000,КГ,1.00000,,,,,,,0.00000,0.00000,n.bezrukov,Пакет интерфейса поставки:988d1f25-f006-4a66-bf24-294f697730e7,2026-03-23 16:43:43,321105,1996370,2565926,0,ЭКС,,3844438,,,,Годен,,,,
2531818,320681,New,End,,,2565927,,5.00000,ПЧ,СМ,,RECV-01,WH1,3.00000,422905,,"Маркер-краска MunHwa «Slim» 2 мм, белая, нитрооснова",14.00000,NEW Класс A,,,0,60.00000,ШТ,2026-03-20 00:00:00,EKS000005728,СП,ME-204-05-L-50,WH1,1.00000,КГ,7.00000,,,,,,,0.00000,0.00000,n.bezrukov,Пакет интерфейса поставки:988d1f25-f006-4a66-bf24-294f697730e7,2026-03-23 16:43:43,321105,1996370,2565927,0,ЭКС,,3844439,,,,Годен,,,,
2531819,320681,New,End,,,2565928,,2.00000,ПЧ,СМ,,RECV-01,WH1,2.00000,803946,,"Клемма вводная КВМ 4-25мм. для модульного оборудования, прямой ввод",9.00000,NEW Заказной товар,,,0,20.00000,ШТ,2026-03-20 00:00:00,EKS000005728,СП,ME-102-02-B-40,WH1,0.24000,КГ,8.00000,,,,,,,0.00000,0.00000,n.bezrukov,Пакет интерфейса поставки:988d1f25-f006-4a66-bf24-294f697730e7,2026-03-23 16:43:43,321105,1996380,2565928,0,ЭКС,,3844440,,,,Годен,,,,
2531820,320681,New,End,,,2565929,,1.00000,ПЧ,СМ,,RECV-01,WH1,5.00000,422916,,"Припой с канифолью, 1 м, d=0.8 мм, (олово 60%, свинец 40%), спираль, блистер REXANT",12.00000,NEW Класс A,,,0,50.00000,ШТ,2026-03-20 00:00:00,EKS000005728,СП,ME-101-08-K-40,WH1,0.10000,КГ,10.00000,,,,,,,0.00000,0.00000,n.bezrukov,Пакет интерфейса поставки:988d1f25-f006-4a66-bf24-294f697730e7,2026-03-23 16:43:43,321105,1996369,2565929,0,ЭКС,,3844441,,,,Годен,,,,
2531821,320681,New,End,,,2565931,,8.00000,УП,СМ,,RECV-01,WH1,1.00000,295241,,Лезвие сегментированное 18 мм (уп. 10 шт) (REXANT),9.00000,NEW Класс A,,,0,8.00000,УП,2026-03-20 00:00:00,EKS000005728,СП,ME-102-02-C-20,WH1,0.80000,КГ,2.00000,,,,,,,0.00000,0.00000,n.bezrukov,Пакет интерфейса поставки:988d1f25-f006-4a66-bf24-294f697730e7,2026-03-23 16:43:43,321105,1996372,2565931,0,ЭКС,,3844443,,,,Годен,,,,
2531822,320681,New,End,,,2565933,,6.00000,ПЧ,СМ,,RECV-01,WH1,2.00000,295241,,Лезвие сегментированное 18 мм (уп. 10 шт) (REXANT),10.00000,NEW Класс A,,,0,72.00000,УП,2026-03-20 00:00:00,EKS000005728,СП,ME-102-02-C-20,WH1,3.00000,КГ,10.00000,,,,,,,0.00000,0.00000,n.bezrukov,Пакет интерфейса поставки:988d1f25-f006-4a66-bf24-294f697730e7,2026-03-23 16:43:43,321105,1996372,2565933,0,ЭКС,,3844445,,,,Годен,,,,
2531823,320681,New,End,,,2565937,,10.00000,ПЧ,СМ,,RECV-01,WH1,7.00000,281326,,Тумблер 250V 15А (6c) ON-OFF-ON двухполюсный  (KN-203)  REXANT,11.00000,NEW Заказной товар,,,0,100.00000,ШТ,2026-03-20 00:00:00,EKS000005728,СП,ME-102-02-F-40,WH1,10.00000,КГ,7.00000,,,,,,,0.00000,0.00000,n.bezrukov,Пакет интерфейса поставки:988d1f25-f006-4a66-bf24-294f697730e7,2026-03-23 16:43:43,321105,1996360,2565937,0,ЭКС,,3844451,,,,Годен,,,,
2531824,320681,New,End,,,2565938,,1.00000,ПЧ,СМ,,RECV-01,WH1,9.00000,810689,,Рамка ГОРИЗОНТАЛЬНАЯ   2-пост перламутр / KRANZ MIELE ROUND/,40.00000,NEW Класс C,,,0,20.00000,ШТ,2026-03-20 00:00:00,EKS000005728,СП,ME-123-07-D-30,WH1,1.40000,КГ,18.00000,,,,,,,0.00000,0.00000,n.bezrukov,Пакет интерфейса поставки:988d1f25-f006-4a66-bf24-294f697730e7,2026-03-23 16:43:43,321105,1996378,2565938,0,ЭКС,,3844452,,,,Годен,,,,
2531825,320681,New,End,,,2565939,,1.00000,ШТ,СМ,,RECV-01,WH1,5.00000,824259,,"Розетка  1-ая с ЗК   , со шторками и крышкой 16А титан  (рамка в комплекте) /KRANZ MIELE ROUND/",8.00000,NEW Класс C,,,0,1.00000,ШТ,2026-03-20 00:00:00,EKS000005728,СП,ME-205-04-E-50,WH1,0.10000,КГ,8.00000,,,,,,,0.00000,0.00000,n.bezrukov,Пакет интерфейса поставки:988d1f25-f006-4a66-bf24-294f697730e7,2026-03-23 16:43:43,321105,1996375,2565939,0,ЭКС,,3844453,,,,Годен,,,,
2531826,320681,New,End,,,2565940,,5.00000,ПЧ,СМ,,RECV-01,WH1,17.00000,810681,,"Розетка  1-ая с ЗК   , со шторками 16А оникс (рамка в комплекте)  /KRANZ MIELE ROUND/",25.00000,NEW Класс C,,,0,50.00000,ШТ,2026-03-20 00:00:00,EKS000005728,СП,ME-206-05-F-10,WH1,10.00000,КГ,9.00000,,,,,,,0.00000,0.00000,n.bezrukov,Пакет интерфейса поставки:988d1f25-f006-4a66-bf24-294f697730e7,2026-03-23 16:43:43,321105,1996379,2565940,0,ЭКС,,3844458,,,,Годен,,,,
2531827,320682,New,End,,,2565941,,12.00000,ШТ,СМ,,RECV-01,WH1,9.00000,330233,,Основание с держателем к ППН-35 габарит 1 EKF,20.00000,NEW Заказной товар,,,0,12.00000,ШТ,2026-04-01 00:00:00,EKS000005735,СП,ME-207-04-B-30,WH1,5.28000,КГ,6.00000,,,,,,,0.00000,0.00000,a.savitskiy,Пакет интерфейса поставки:988d1f25-f006-4a66-bf24-294f697730e7,2026-03-23 16:43:53,321112,1996436,2565941,0,ЭКС,,3844459,,,,Годен,,,,
2531828,320682,New,End,,,2565942,,7.00000,ПЧ,СМ,,RECV-01,WH1,8.00000,877875,,Основание с держателем к ППН-33 габарит 0 EKF,17.00000,NEW Заказной товар,,,0,21.00000,ШТ,2026-04-01 00:00:00,EKS000005735,СП,ME-207-06-C-50,WH1,6.72000,КГ,10.00000,,,,,,,0.00000,0.00000,a.savitskiy,Пакет интерфейса поставки:988d1f25-f006-4a66-bf24-294f697730e7,2026-03-23 16:43:53,321112,1996433,2565942,0,ЭКС,,3844460,,,,Годен,,,,
2531829,320682,New,End,,,2565943,,4.00000,ПЧ,СМ,,RECV-01,WH1,7.00000,330202,,Вставка плавкая ППН-33 160/40А габарит 0 EKF PROxima,13.00000,NEW Заказной товар,,,0,12.00000,ШТ,2026-04-01 00:00:00,EKS000005735,СП,ME-102-02-L-20,WH1,2.00000,КГ,10.00000,,,,,,,0.00000,0.00000,a.savitskiy,Пакет интерфейса поставки:988d1f25-f006-4a66-bf24-294f697730e7,2026-03-23 16:43:53,321112,1996437,2565943,0,ЭКС,,3844462,,,,Годен,,,,
2531830,320681,New,End,,,2565944,,5.00000,ШТ,СМ,,RECV-01,WH1,1.00000,463723,,"Круглогубцы прямые 160 мм, двухкомпонентная ручка (REXANT)",17.00000,NEW Заказной товар,,,0,5.00000,ШТ,2026-03-20 00:00:00,EKS000005728,СП,ME-102-03-B-20,WH1,0.80000,КГ,6.00000,,,,,,,0.00000,0.00000,n.bezrukov,Пакет интерфейса поставки:988d1f25-f006-4a66-bf24-294f697730e7,2026-03-23 16:43:43,321105,1996364,2565944,0,ЭКС,,3844463,,,,Годен,,,,
2531831,320681,New,End,,,2565957,,1.00000,КР,СМ,,RECV-01,WH1,27.00000,810714,,"Розетка 1-ая с ЗК , со шторками 16А антрацит (рамка в комплекте) /KRANZ MIELE  STRONG /",52.00000,NEW Класс C,,,0,100.00000,ШТ,2026-03-20 00:00:00,EKS000005728,СП,ME-107-06-D-30,WH1,15.00000,КГ,37.00000,,,,,,,0.00000,0.00000,n.bezrukov,Пакет интерфейса поставки:988d1f25-f006-4a66-bf24-294f697730e7,2026-03-23 16:43:43,321105,1996376,2565957,0,ЭКС,,3844475,,,,Годен,,,,
2531832,320681,New,End,,,2565959,,3.00000,КР,СМ,,RECV-01,WH1,27.00000,810703,,"Розетка  1-ая с ЗК   , со шторками 16А титан  (рамка в комплекте) /KRANZ MIELE ROUND/",52.00000,NEW Класс C,,,0,300.00000,ШТ,2026-03-20 00:00:00,EKS000005728,СП,ME-121-08-C-10,WH1,45.00000,КГ,37.00000,,,,,,,0.00000,0.00000,n.bezrukov,Пакет интерфейса поставки:988d1f25-f006-4a66-bf24-294f697730e7,2026-03-23 16:43:43,321105,1996377,2565959,0,ЭКС,,3844477,,,,Годен,,,,
2531833,320681,New,End,,,2565961,,2.00000,ПЧ,СМ,,RECV-01,WH1,6.00000,486506,,Аккумулятор Li-ion 16340 unprotected 700 mAH 3.7 В REXANT,12.00000,NEW Заказной товар,,,0,20.00000,ШТ,2026-03-20 00:00:00,EKS000005728,СП,ME-102-03-J-40,WH1,0.40000,КГ,5.00000,,,,,,,0.00000,0.00000,n.bezrukov,Пакет интерфейса поставки:988d1f25-f006-4a66-bf24-294f697730e7,2026-03-23 16:43:43,321105,1996358,2565961,0,ЭКС,,3844480,,,,Годен,,,,
2531834,320682,New,End,,,2565982,,1.00000,КР,СМ,,RECV-01,WH1,26.00000,331987,,Рубильник  400A 3P реверсивный без рукоятки управления TwinBlock EKF,50.00000,NEW Заказной товар,,,0,2.00000,ШТ,2026-04-01 00:00:00,EKS000005735,СП,ME-212-06-E-30,WH1,6.00000,КГ,30.00000,,,,,,,0.00000,0.00000,a.savitskiy,Пакет интерфейса поставки:988d1f25-f006-4a66-bf24-294f697730e7,2026-03-23 16:43:53,321112,1996434,2565982,0,ЭКС,,3844501,,,,Годен,,,,
2531835,320682,New,End,,,2565992,,4.00000,ПЧ,СМ,,RECV-01,WH1,6.00000,330196,,Вставка плавкая ППН-33 160/100А габарит 0 EKF PROxima,13.00000,NEW Заказной товар,,,0,12.00000,ШТ,2026-04-01 00:00:00,EKS000005735,СП,ME-102-07-H-20,WH1,4.00000,КГ,9.00000,,,,,,,0.00000,0.00000,a.savitskiy,Пакет интерфейса поставки:988d1f25-f006-4a66-bf24-294f697730e7,2026-03-23 16:43:53,321112,1996438,2565992,0,ЭКС,,3844516,,,,Годен,,,,
2531836,320682,New,End,,,2565994,,1.00000,ШТ,СМ,,RECV-01,WH1,17.00000,329572,,Выключатель-разъединитель ВР32У-35В31250 250А съемная л/п рукоятка MAXima EKF PROxima,21.00000,NEW Заказной товар,,,0,1.00000,ШТ,2026-04-01 00:00:00,EKS000005735,СП,ME-102-07-I-20,WH1,1.00000,КГ,9.00000,,,,,,,0.00000,0.00000,a.savitskiy,Пакет интерфейса поставки:988d1f25-f006-4a66-bf24-294f697730e7,2026-03-23 16:43:53,321112,1996439,2565994,0,ЭКС,,3844518,,,,Годен,,,,
2531837,320682,New,End,,,2566001,,2.00000,ШТ,СМ,,RECV-01,WH1,6.00000,331961,,Рукоятка управления для прямой установки на рубильники реверсивные (I-0-II) TwinBlock 315-400А EKF P,10.00000,NEW Заказной товар,,,0,2.00000,ШТ,2026-04-01 00:00:00,EKS000005735,СП,ME-102-07-L-20,WH1,0.20000,КГ,6.00000,,,,,,,0.00000,0.00000,a.savitskiy,Пакет интерфейса поставки:988d1f25-f006-4a66-bf24-294f697730e7,2026-03-23 16:43:53,321112,1996435,2566001,0,ЭКС,,3844530,,,,Годен,,,,
2531838,320683,New,End,,,OTR02095366,,1346.00000,М,СМ,4712-12-31 00:00:00,RECV-01,WH1,1.38000,851382,,"Кабель ППГ-Пнг(A)-FR-HF 3х1,5 ок(N,PE)-0,66 Кабэкс",100.00000,KC1-03,OTR02095366,,2566037,1346.00000,М,2026-03-23 00:00:00,EKS000005748,СП,KC-08-D,WH1,386.30200,КГ,1.38000,bar12kapa,0000,,,,,0.00000,0.00000,n.bezrukov,Пакет интерфейса поставки:988d1f25-f006-4a66-bf24-294f697730e7,2026-03-23 16:44:03,321128,1996514,2566036,0,ЭКС,,3844635,,,,Годен,,,,
2531839,320683,New,End,,Барабан,BAR02047274,Барабан 12,0.00000,,СМ,,RECV-01,WH1,122.00000,,,,81.00000,KC1-01,,,0,1346.00000,,2026-03-23 00:00:00,EKS000005748,СП,,,386.30200,,122.00000,,,,,,,0.00000,0.00000,n.bezrukov,Пакет интерфейса поставки:988d1f25-f006-4a66-bf24-294f697730e7,2026-03-23 16:44:03,321128,,2566037,0,,,,,,,,,,,
2531840,320683,New,End,,,OTR02095367,,5019.00000,М,СМ,4712-12-31 00:00:00,RECV-01,WH1,1.02000,182482,,"Кабель ППГнг(A)-HF 3х2,5 ок -0,66 Кабэкс",100.00000,KC1-01,OTR02095367,,2566042,5019.00000,М,2026-03-23 00:00:00,EKS000005748,СП,KC-03-G,WH1,943.57200,КГ,1.02000,bar14kapa,0000,,,,,0.00000,0.00000,n.bezrukov,Пакет интерфейса поставки:988d1f25-f006-4a66-bf24-294f697730e7,2026-03-23 16:44:03,321128,1996509,2566040,0,ЭКС,,3844634,,,,Годен,,,,
2531841,320683,New,End,,Барабан,BAR02047275,Барабан 14,0.00000,,СМ,,RECV-01,WH1,140.00000,,,,83.00000,KC1-01,,,0,5019.00000,,2026-03-23 00:00:00,EKS000005748,СП,,,943.57200,,140.00000,,,,,,,0.00000,0.00000,n.bezrukov,Пакет интерфейса поставки:988d1f25-f006-4a66-bf24-294f697730e7,2026-03-23 16:44:03,321128,,2566042,0,,,,,,,,,,,
2531842,320683,New,End,,,OTR02095370,,1050.00000,М,СМ,4712-12-31 00:00:00,RECV-01,WH1,1.01000,182480,,"Кабель ППГнг(A)-HF 4х1,5 ок(N)-0,66 Кабэкс",100.00000,KC1-03,OTR02095370,,2566045,1050.00000,М,2026-03-23 00:00:00,EKS000005748,СП,KC-09-M,WH1,183.75000,КГ,1.01000,bar10kapa,0000,,,,,0.00000,0.00000,n.bezrukov,Пакет интерфейса поставки:988d1f25-f006-4a66-bf24-294f697730e7,2026-03-23 16:44:03,321128,1996508,2566044,0,ЭКС,,3844632,,,,Годен,,,,
2531843,320683,New,End,,Барабан,BAR02047276,Барабан 10,0.00000,,СМ,,RECV-01,WH1,100.00000,,,,81.00000,KC1-01,,,0,1050.00000,,2026-03-23 00:00:00,EKS000005748,СП,,,183.75000,,100.00000,,,,,,,0.00000,0.00000,n.bezrukov,Пакет интерфейса поставки:988d1f25-f006-4a66-bf24-294f697730e7,2026-03-23 16:44:03,321128,,2566045,0,,,,,,,,,,,
2531844,320683,New,End,,,OTR02095371,,629.00000,М,СМ,4712-12-31 00:00:00,RECV-01,WH1,3.48000,217228,,"Кабель ВВГнг(A)-LS 5х70 мс(N,PE)-1 Кабэкс",100.00000,KC1-03,OTR02095371,,2566051,629.00000,М,2026-03-23 00:00:00,EKS000005748,СП,KC-20-G,WH1,2472.59900,КГ,3.48000,bar17kapa,0000,,,,,0.00000,0.00000,n.bezrukov,Пакет интерфейса поставки:988d1f25-f006-4a66-bf24-294f697730e7,2026-03-23 16:44:03,321128,1996511,2566049,0,ЭКС,,3844631,,,,Годен,,,,
2531845,320683,New,End,,Барабан,BAR02047277,Барабан 17,0.00000,,СМ,,RECV-01,WH1,170.00000,,,,90.00000,KC1-01,,,0,629.00000,,2026-03-23 00:00:00,EKS000005748,СП,,,2472.59900,,170.00000,,,,,,,0.00000,0.00000,n.bezrukov,Пакет интерфейса поставки:988d1f25-f006-4a66-bf24-294f697730e7,2026-03-23 16:44:03,321128,,2566051,0,,,,,,,,,,,
2531846,320683,New,End,,,OTR02095372,,519.00000,М,СМ,4712-12-31 00:00:00,RECV-01,WH1,4.48000,162120,,"Кабель ВВГнг(A)-LS 5х95 мc(N,PE)-1 Кабэкс",100.00000,KC1-03,OTR02095372,,2566055,519.00000,М,2026-03-23 00:00:00,EKS000005748,СП,KC-11-F,WH1,3103.10100,КГ,4.48000,bar17kapa,0000,,,,,0.00000,0.00000,n.bezrukov,Пакет интерфейса поставки:988d1f25-f006-4a66-bf24-294f697730e7,2026-03-23 16:44:03,321128,1996507,2566054,0,ЭКС,,3844630,,,,Годен,,,,
2531847,320683,New,End,,Барабан,BAR02047278,Барабан 17,0.00000,,СМ,,RECV-01,WH1,170.00000,,,,90.00000,KC1-01,,,0,519.00000,,2026-03-23 00:00:00,EKS000005748,СП,,,3103.10100,,170.00000,,,,,,,0.00000,0.00000,n.bezrukov,Пакет интерфейса поставки:988d1f25-f006-4a66-bf24-294f697730e7,2026-03-23 16:44:03,321128,,2566055,0,,,,,,,,,,,
2531848,320683,New,End,,,OTR02095369,,5203.00000,М,СМ,4712-12-31 00:00:00,RECV-01,WH1,1.30000,162108,,"Кабель ВВГнг(A)-LS 4х1,5 ок(N)-0,66 Кабэкс",100.00000,KC1-01,OTR02095369,,2566060,5203.00000,М,2026-03-23 00:00:00,EKS000005748,СП,KC-02-P,WH1,1446.43400,КГ,1.30000,bar14kapa,0000,,,,,0.00000,0.00000,n.bezrukov,Пакет интерфейса поставки:988d1f25-f006-4a66-bf24-294f697730e7,2026-03-23 16:44:03,321128,1996505,2566059,0,ЭКС,,3844629,,,,Годен,,,,
2531849,320683,New,End,,Барабан,BAR02047279,Барабан 14,0.00000,,СМ,,RECV-01,WH1,140.00000,,,,83.00000,KC1-01,,,0,5203.00000,,2026-03-23 00:00:00,EKS000005748,СП,,,1446.43400,,140.00000,,,,,,,0.00000,0.00000,n.bezrukov,Пакет интерфейса поставки:988d1f25-f006-4a66-bf24-294f697730e7,2026-03-23 16:44:03,321128,,2566060,0,,,,,,,,,,,
2531850,320683,New,End,,,OTR02095368,,5142.00000,М,СМ,4712-12-31 00:00:00,RECV-01,WH1,1.30000,162108,,"Кабель ВВГнг(A)-LS 4х1,5 ок(N)-0,66 Кабэкс",100.00000,KC1-01,OTR02095368,,2566065,5142.00000,М,2026-03-23 00:00:00,EKS000005748,СП,KC-01-F,WH1,1429.47600,КГ,1.30000,bar14kapa,0000,,,,,0.00000,0.00000,n.bezrukov,Пакет интерфейса поставки:988d1f25-f006-4a66-bf24-294f697730e7,2026-03-23 16:44:03,321128,1996505,2566064,0,ЭКС,,3844628,,,,Годен,,,,
2531851,320683,New,End,,Барабан,BAR02047280,Барабан 14,0.00000,,СМ,,RECV-01,WH1,140.00000,,,,83.00000,KC1-01,,,0,5142.00000,,2026-03-23 00:00:00,EKS000005748,СП,,,1429.47600,,140.00000,,,,,,,0.00000,0.00000,n.bezrukov,Пакет интерфейса поставки:988d1f25-f006-4a66-bf24-294f697730e7,2026-03-23 16:44:03,321128,,2566065,0,,,,,,,,,,,
2531852,320683,New,End,,,OTR02095376,,4900.00000,М,СМ,4712-12-31 00:00:00,RECV-01,WH1,1.11000,298771,,"Кабель ППГ-Пнг(A)-HF 3х2,5 ок -0,66 Кабэкс",100.00000,KC1-01,OTR02095376,,2566067,4900.00000,М,2026-03-23 00:00:00,EKS000005748,СП,KC-03-M,WH1,921.20000,КГ,1.11000,bar14kapa,0000,,,,,0.00000,0.00000,n.bezrukov,Пакет интерфейса поставки:988d1f25-f006-4a66-bf24-294f697730e7,2026-03-23 16:44:03,321128,1996513,2566066,0,ЭКС,,3844626,,,,Годен,,,,
2531853,320683,New,End,,Барабан,BAR02047281,Барабан 14,0.00000,,СМ,,RECV-01,WH1,140.00000,,,,83.00000,KC1-01,,,0,4900.00000,,2026-03-23 00:00:00,EKS000005748,СП,,,921.20000,,140.00000,,,,,,,0.00000,0.00000,n.bezrukov,Пакет интерфейса поставки:988d1f25-f006-4a66-bf24-294f697730e7,2026-03-23 16:44:03,321128,,2566067,0,,,,,,,,,,,
2531854,320683,New,End,,,OTR02095375,,2714.00000,М,СМ,4712-12-31 00:00:00,RECV-01,WH1,1.58000,162111,,"Кабель ВВГнг(A)-LS 4х6 ок(N)-0,66 Кабэкс",100.00000,KC1-01,OTR02095375,,2566069,2714.00000,М,2026-03-23 00:00:00,EKS000005748,СП,KC-02-J,WH1,1400.42400,КГ,1.58000,bar14kapa,0000,,,,,0.00000,0.00000,n.bezrukov,Пакет интерфейса поставки:988d1f25-f006-4a66-bf24-294f697730e7,2026-03-23 16:44:03,321128,1996506,2566068,0,ЭКС,,3844625,,,,Годен,,,,
2531855,320683,New,End,,Барабан,BAR02047282,Барабан 14,0.00000,,СМ,,RECV-01,WH1,140.00000,,,,83.00000,KC1-01,,,0,2714.00000,,2026-03-23 00:00:00,EKS000005748,СП,,,1400.42400,,140.00000,,,,,,,0.00000,0.00000,n.bezrukov,Пакет интерфейса поставки:988d1f25-f006-4a66-bf24-294f697730e7,2026-03-23 16:44:03,321128,,2566069,0,,,,,,,,,,,
2531856,320683,New,End,,,OTR02095373,,7370.00000,М,СМ,4712-12-31 00:00:00,RECV-01,WH1,0.82000,298461,,"Кабель ППГ-Пнг(A)-HF 3х1,5 ок(N,PE)-0,66 Кабэкс",100.00000,KC1-01,OTR02095373,,2566072,7370.00000,М,2026-03-23 00:00:00,EKS000005748,СП,KC-05-K,WH1,1076.02000,КГ,0.82000,bar14kapa,0000,,,,,0.00000,0.00000,n.bezrukov,Пакет интерфейса поставки:988d1f25-f006-4a66-bf24-294f697730e7,2026-03-23 16:44:03,321128,1996512,2566070,0,ЭКС,,3844624,,,,Годен,,,,
2531857,320683,New,End,,Барабан,BAR02047283,Барабан 14,0.00000,,СМ,,RECV-01,WH1,140.00000,,,,83.00000,KC1-01,,,0,7370.00000,,2026-03-23 00:00:00,EKS000005748,СП,,,1076.02000,,140.00000,,,,,,,0.00000,0.00000,n.bezrukov,Пакет интерфейса поставки:988d1f25-f006-4a66-bf24-294f697730e7,2026-03-23 16:44:03,321128,,2566072,0,,,,,,,,,,,
2531858,320683,New,End,,,OTR02095374,,8560.00000,М,СМ,4712-12-31 00:00:00,RECV-01,WH1,0.82000,298461,,"Кабель ППГ-Пнг(A)-HF 3х1,5 ок(N,PE)-0,66 Кабэкс",100.00000,KC1-01,OTR02095374,,2566074,8560.00000,М,2026-03-23 00:00:00,EKS000005748,СП,KC-05-F,WH1,1249.76000,КГ,0.82000,bar14kapa,0000,,,,,0.00000,0.00000,n.bezrukov,Пакет интерфейса поставки:988d1f25-f006-4a66-bf24-294f697730e7,2026-03-23 16:44:03,321128,1996512,2566073,0,ЭКС,,3844623,,,,Годен,,,,
2531859,320683,New,End,,Барабан,BAR02047284,Барабан 14,0.00000,,СМ,,RECV-01,WH1,140.00000,,,,83.00000,KC1-01,,,0,8560.00000,,2026-03-23 00:00:00,EKS000005748,СП,,,1249.76000,,140.00000,,,,,,,0.00000,0.00000,n.bezrukov,Пакет интерфейса поставки:988d1f25-f006-4a66-bf24-294f697730e7,2026-03-23 16:44:03,321128,,2566074,0,,,,,,,,,,,
2531860,320683,New,End,,,OTR02095378,,4901.00000,М,СМ,4712-12-31 00:00:00,RECV-01,WH1,1.11000,298771,,"Кабель ППГ-Пнг(A)-HF 3х2,5 ок -0,66 Кабэкс",100.00000,KC1-01,OTR02095378,,2566076,4901.00000,М,2026-03-23 00:00:00,EKS000005748,СП,KC-07-C,WH1,921.38800,КГ,1.11000,bar14kapa,0000,,,,,0.00000,0.00000,n.bezrukov,Пакет интерфейса поставки:988d1f25-f006-4a66-bf24-294f697730e7,2026-03-23 16:44:03,321128,1996513,2566075,0,ЭКС,,3844622,,,,Годен,,,,
2531861,320683,New,End,,Барабан,BAR02047285,Барабан 14,0.00000,,СМ,,RECV-01,WH1,140.00000,,,,83.00000,KC1-01,,,0,4901.00000,,2026-03-23 00:00:00,EKS000005748,СП,,,921.38800,,140.00000,,,,,,,0.00000,0.00000,n.bezrukov,Пакет интерфейса поставки:988d1f25-f006-4a66-bf24-294f697730e7,2026-03-23 16:44:03,321128,,2566076,0,,,,,,,,,,,
2531862,320683,New,End,,,OTR02095377,,7870.00000,М,СМ,4712-12-31 00:00:00,RECV-01,WH1,0.82000,298461,,"Кабель ППГ-Пнг(A)-HF 3х1,5 ок(N,PE)-0,66 Кабэкс",100.00000,KC1-01,OTR02095377,,2566078,7870.00000,М,2026-03-23 00:00:00,EKS000005748,СП,KC-02-I,WH1,1149.02000,КГ,0.82000,bar14kapa,0000,,,,,0.00000,0.00000,n.bezrukov,Пакет интерфейса поставки:988d1f25-f006-4a66-bf24-294f697730e7,2026-03-23 16:44:03,321128,1996516,2566077,0,ЭКС,,3844621,,,,Годен,,,,
2531863,320683,New,End,,Барабан,BAR02047286,Барабан 14,0.00000,,СМ,,RECV-01,WH1,140.00000,,,,83.00000,KC1-01,,,0,7870.00000,,2026-03-23 00:00:00,EKS000005748,СП,,,1149.02000,,140.00000,,,,,,,0.00000,0.00000,n.bezrukov,Пакет интерфейса поставки:988d1f25-f006-4a66-bf24-294f697730e7,2026-03-23 16:44:03,321128,,2566078,0,,,,,,,,,,,
2531864,320683,New,End,,,OTR02095380,,6016.00000,М,СМ,4712-12-31 00:00:00,RECV-01,WH1,1.14000,186323,,"Кабель ВВГнг(A)-LS 3х1,5 ок(N,PE)-0,66 Кабэкс",100.00000,KC1-01,OTR02095380,,2566080,6016.00000,М,2026-03-23 00:00:00,EKS000005748,СП,KC-05-F,WH1,1299.45600,КГ,1.14000,bar14kapa,0000,,,,,0.00000,0.00000,n.bezrukov,Пакет интерфейса поставки:988d1f25-f006-4a66-bf24-294f697730e7,2026-03-23 16:44:03,321128,1996510,2566079,0,ЭКС,,3844620,,,,Годен,,,,
2531865,320683,New,End,,Барабан,BAR02047287,Барабан 14,0.00000,,СМ,,RECV-01,WH1,140.00000,,,,83.00000,KC1-01,,,0,6016.00000,,2026-03-23 00:00:00,EKS000005748,СП,,,1299.45600,,140.00000,,,,,,,0.00000,0.00000,n.bezrukov,Пакет интерфейса поставки:988d1f25-f006-4a66-bf24-294f697730e7,2026-03-23 16:44:03,321128,,2566080,0,,,,,,,,,,,
2531866,320683,New,End,,,OTR02095379,,5014.00000,М,СМ,4712-12-31 00:00:00,RECV-01,WH1,1.02000,182482,,"Кабель ППГнг(A)-HF 3х2,5 ок -0,66 Кабэкс",100.00000,KC1-01,OTR02095379,,2566083,5014.00000,М,2026-03-23 00:00:00,EKS000005748,СП,KC-07-I,WH1,942.63200,КГ,1.02000,bar14kapa,0000,,,,,0.00000,0.00000,n.bezrukov,Пакет интерфейса поставки:988d1f25-f006-4a66-bf24-294f697730e7,2026-03-23 16:44:03,321128,1996509,2566082,0,ЭКС,,3844619,,,,Годен,,,,
2531867,320683,New,End,,Барабан,BAR02047288,Барабан 14,0.00000,,СМ,,RECV-01,WH1,140.00000,,,,83.00000,KC1-01,,,0,5014.00000,,2026-03-23 00:00:00,EKS000005748,СП,,,942.63200,,140.00000,,,,,,,0.00000,0.00000,n.bezrukov,Пакет интерфейса поставки:988d1f25-f006-4a66-bf24-294f697730e7,2026-03-23 16:44:03,321128,,2566083,0,,,,,,,,,,,
2531868,320683,New,End,,,2566088,,1.00000,ПЛ,СМ,4712-12-31 00:00:00,RECV-01,WH1,120.00000,855389,,"Кабель ППГ-Пнг(A)-HF 3х1,5 ок(N,PE)-0,66 (100м) Кабэкс",120.00000,NEW Кабель и провод ПЛ,100,,0,8400.00000,М,2026-03-23 00:00:00,EKS000005748,СП,ZX-05-23-A-30,WH1,1226.40000,КГ,80.00000,,,,,,,0.00000,0.00000,n.bezrukov,Пакет интерфейса поставки:988d1f25-f006-4a66-bf24-294f697730e7,2026-03-23 16:44:03,321128,1996515,2566088,0,ЭКС,,3844640,,,,Годен,,,,
2531869,320683,New,End,,,2566091,,1.00000,ПЛ,СМ,4712-12-31 00:00:00,RECV-01,WH1,120.00000,855389,,"Кабель ППГ-Пнг(A)-HF 3х1,5 ок(N,PE)-0,66 (100м) Кабэкс",120.00000,NEW Кабель и провод ПЛ,100,,0,8400.00000,М,2026-03-23 00:00:00,EKS000005748,СП,ZX-05-24-C-30,WH1,1226.40000,КГ,80.00000,,,,,,,0.00000,0.00000,n.bezrukov,Пакет интерфейса поставки:988d1f25-f006-4a66-bf24-294f697730e7,2026-03-23 16:44:03,321128,1996515,2566091,0,ЭКС,,3844647,,,,Годен,,,,
2531870,320683,New,End,,,2566092,,23.00000,ББ,СМ,4712-12-31 00:00:00,RECV-01,WH1,16.00000,855389,,"Кабель ППГ-Пнг(A)-HF 3х1,5 ок(N,PE)-0,66 (100м) Кабэкс",28.00000,NEW Кабель и провод,100,,0,2300.00000,М,2026-03-23 00:00:00,EKS000005748,СП,ZX-06-25-A-10,WH1,335.80000,КГ,28.00000,,,,,,,0.00000,0.00000,n.bezrukov,Пакет интерфейса поставки:988d1f25-f006-4a66-bf24-294f697730e7,2026-03-23 16:44:03,321128,1996515,2566092,0,ЭКС,,3844652,,,,Годен,,,,
2531871,320684,New,End,,,2566317,,2.00000,ПЧ,СМ,,RECV-01,WH1,7.50000,502268,,DEKraft Автоматический выключатель 3Р 10А х-ка C ВА-103 6кА,22.00000,NEW Заказной товар,,,0,8.00000,ШТ,2026-03-23 00:00:00,EKS000005769,СП,ME-204-05-F-50,WH1,1.80000,КГ,8.00000,,,,,,,0.00000,0.00000,n.bezrukov,Пакет интерфейса поставки:dcf5058c-bcfd-4836-b60d-2ddee3003ad8,2026-03-23 16:55:19,321156,1996710,2566317,0,ЭКС,,3844962,,,,Годен,,,,
2531872,320684,New,End,,,2566319,,6.00000,ШТ,СМ,,RECV-01,WH1,5.40000,154205,,"Заглушка для К.К. ""Праймер"" 100х40",11.00000,NEW Заказной товар,,,0,6.00000,ШТ,2026-03-23 00:00:00,EKS000005769,СП,ME-204-06-H-20,WH1,0.30000,КГ,6.00000,,,,,,,0.00000,0.00000,n.bezrukov,Пакет интерфейса поставки:dcf5058c-bcfd-4836-b60d-2ddee3003ad8,2026-03-23 16:55:19,321156,1996715,2566319,0,ЭКС,,3844968,,,,Годен,,,,
2531873,320684,New,End,,,2566321,,2.00000,ПЧ,СМ,,RECV-01,WH1,11.50000,154205,,"Заглушка для К.К. ""Праймер"" 100х40",27.00000,NEW Заказной товар,,,0,24.00000,ШТ,2026-03-23 00:00:00,EKS000005769,СП,ME-204-06-H-50,WH1,1.20000,КГ,12.50000,,,,,,,0.00000,0.00000,n.bezrukov,Пакет интерфейса поставки:dcf5058c-bcfd-4836-b60d-2ddee3003ad8,2026-03-23 16:55:19,321156,1996715,2566321,0,ЭКС,,3844970,,,,Годен,,,,
2531874,320684,New,End,,,2566322,,4.00000,ШТ,СМ,,RECV-01,WH1,0.50000,657480,,"Рамка 5-пост, универсальная, Atlasdesign Песочный",37.00000,NEW Заказной товар,,,0,4.00000,ШТ,2026-03-23 00:00:00,EKS000005769,СП,ME-204-07-E-20,WH1,0.04000,КГ,8.00000,,,,,,,0.00000,0.00000,n.bezrukov,Пакет интерфейса поставки:dcf5058c-bcfd-4836-b60d-2ddee3003ad8,2026-03-23 16:55:19,321156,1996718,2566322,0,ЭКС,,3844971,,,,Годен,,,,
2531875,320684,New,End,,,2566324,,1.00000,ШТ,СМ,,RECV-01,WH1,6.00000,502268,,DEKraft Автоматический выключатель 3Р 10А х-ка C ВА-103 6кА,8.00000,NEW Заказной товар,,,0,1.00000,ШТ,2026-03-23 00:00:00,EKS000005769,СП,ME-204-05-F-50,WH1,0.20000,КГ,7.00000,,,,,,,0.00000,0.00000,n.bezrukov,Пакет интерфейса поставки:dcf5058c-bcfd-4836-b60d-2ddee3003ad8,2026-03-23 16:55:19,321156,1996710,2566324,0,ЭКС,,3844973,,,,Годен,,,,
2531876,320684,New,End,,,2566325,,1.00000,ШТ,СМ,,RECV-01,WH1,6.00000,512918,,DEKraft Автоматический выключатель 3Р 20А х-ка C ВА-103 6кА,8.00000,NEW Заказной товар,,,0,1.00000,ШТ,2026-03-23 00:00:00,EKS000005769,СП,ME-205-02-G-30,WH1,0.30000,КГ,8.00000,,,,,,,0.00000,0.00000,n.bezrukov,Пакет интерфейса поставки:dcf5058c-bcfd-4836-b60d-2ddee3003ad8,2026-03-23 16:55:19,321156,1996709,2566325,0,ЭКС,,3844974,,,,Годен,,,,
2531877,320684,New,End,,,2566326,,1.00000,ПЧ,СМ,,RECV-01,WH1,10.00000,657515,,"Розетка компьютерная RJ45, кат. 5Е, механизм, Atlasdesign Песочный",23.00000,NEW Заказной товар,,,0,5.00000,ШТ,2026-03-23 00:00:00,EKS000005769,СП,ME-205-02-K-40,WH1,0.50000,КГ,10.00000,,,,,,,0.00000,0.00000,n.bezrukov,Пакет интерфейса поставки:dcf5058c-bcfd-4836-b60d-2ddee3003ad8,2026-03-23 16:55:19,321156,1996717,2566326,0,ЭКС,,3844975,,,,Годен,,,,
2531878,320684,New,End,,,2566328,,3.00000,ПЧ,СМ,,RECV-01,WH1,8.00000,512918,,DEKraft Автоматический выключатель 3Р 20А х-ка C ВА-103 6кА,22.00000,NEW Заказной товар,,,0,12.00000,ШТ,2026-03-23 00:00:00,EKS000005769,СП,ME-205-02-G-30,WH1,1.50000,КГ,9.00000,,,,,,,0.00000,0.00000,n.bezrukov,Пакет интерфейса поставки:dcf5058c-bcfd-4836-b60d-2ddee3003ad8,2026-03-23 16:55:19,321156,1996709,2566328,0,ЭКС,,3844977,,,,Годен,,,,
2531879,320684,New,End,,,2566329,,1.00000,ПЧ,СМ,,RECV-01,WH1,16.00000,307820,,"Муфта 5ПКТп(б) мини - 2,5/10 (КВТ)",23.00000,NEW Заказной товар,,,0,10.00000,ШТ,2026-03-23 00:00:00,EKS000005769,СП,ME-222-07-B-50,WH1,0.60000,КГ,17.50000,,,,,,,0.00000,0.00000,n.bezrukov,Пакет интерфейса поставки:dcf5058c-bcfd-4836-b60d-2ddee3003ad8,2026-03-23 16:55:19,321156,1996712,2566329,0,ЭКС,,3844978,,,,Годен,,,,
2531880,320684,New,End,,,2566330,,1.00000,ПЧ,СМ,,RECV-01,WH1,2.00000,358496,,Наконечник штыревой втулочный изолир. НШвИ 16-12 (КВТ),19.00000,NEW Заказной товар,,,0,100.00000,ШТ,2026-03-23 00:00:00,EKS000005769,СП,ME-205-03-A-30,WH1,0.20000,КГ,11.00000,,,,,,,0.00000,0.00000,n.bezrukov,Пакет интерфейса поставки:dcf5058c-bcfd-4836-b60d-2ddee3003ad8,2026-03-23 16:55:19,321156,1996711,2566330,0,ЭКС,,3844979,,,,Годен,,,,
2531881,320684,New,End,,,2566333,,2.00000,ШТ,СМ,,RECV-01,WH1,4.00000,657523,,"ВЫВОД КАБЕЛЯ, механизм, Atlasdesign Песочный",8.00000,NEW Заказной товар,,,0,2.00000,ШТ,2026-03-23 00:00:00,EKS000005769,СП,ME-205-03-K-20,WH1,0.20000,КГ,8.00000,,,,,,,0.00000,0.00000,n.bezrukov,Пакет интерфейса поставки:dcf5058c-bcfd-4836-b60d-2ddee3003ad8,2026-03-23 16:55:19,321156,1996716,2566333,0,ЭКС,,3844983,,,,Годен,,,,
2531882,320684,New,End,,,2566346,,50.00000,ШТ,СМ,,RECV-01,WH1,0.50000,207156,,Наконечник медный ТМ  16-8-6 (КВТ),3.00000,NEW Заказной товар,,,0,50.00000,ШТ,2026-03-23 00:00:00,EKS000005769,СП,ME-203-04-G-20,WH1,2.50000,КГ,1.00000,,,,,,,0.00000,0.00000,n.bezrukov,Пакет интерфейса поставки:dcf5058c-bcfd-4836-b60d-2ddee3003ad8,2026-03-23 16:55:19,321156,1996714,2566346,0,ЭКС,,3844998,,,,Годен,,,,
2531883,320684,New,End,,,2566347,,4.00000,ШТ,СМ,,RECV-01,WH1,2.00000,238205,,Наконечник медный луженый ТМЛс 120-10 (КВТ),7.00000,NEW Заказной товар,,,0,4.00000,ШТ,2026-03-23 00:00:00,EKS000005769,СП,ME-205-05-I-50,WH1,0.24000,КГ,3.00000,,,,,,,0.00000,0.00000,n.bezrukov,Пакет интерфейса поставки:dcf5058c-bcfd-4836-b60d-2ddee3003ad8,2026-03-23 16:55:19,321156,1996713,2566347,0,ЭКС,,3844999,,,,Годен,,,,
2531884,320685,New,End,,,2566389,,2.00000,ПЧ,СМ,,RECV-01,WH1,6.00000,429879,,IEK Лампа светодиодная A60 шар 12Вт 24-48В 4000К E27,30.50000,NEW Заказной товар,,,0,20.00000,ШТ,2026-03-23 00:00:00,EKS000005785,СП,ME-224-07-B-50,WH1,0.60000,КГ,24.00000,,,,,,,0.00000,0.00000,a.savitskiy,Пакет интерфейса поставки:ee422df4-7fde-40ef-8b91-4964f5402fa5,2026-03-23 17:19:25,321174,1996820,2566389,0,ЭКС,,3845073,,,,Годен,,,,
2531885,320685,New,End,,,2566392,,3.00000,ШТ,СМ,,RECV-01,WH1,6.00000,390793,,Тройник Т-01/03В 3 места 2P+PE 16А с выкл. белый IEK,19.00000,NEW Заказной товар,,,0,3.00000,ШТ,2026-03-23 00:00:00,EKS000005785,СП,ME-103-04-E-20,WH1,0.90000,КГ,9.00000,,,,,,,0.00000,0.00000,a.savitskiy,Пакет интерфейса поставки:ee422df4-7fde-40ef-8b91-4964f5402fa5,2026-03-23 17:19:25,321174,1996822,2566392,0,ЭКС,,3845076,,,,Годен,,,,
2531886,320685,New,End,,,2566409,,1.00000,ПЧ,СМ,,RECV-01,WH1,6.00000,392673,,IEK Клемма вводная силовая КВС 35-150 кв.мм. синяя,15.00000,NEW Класс C,,,0,5.00000,ШТ,2026-03-23 00:00:00,EKS000005785,СП,ME-205-07-H-30,WH1,0.70000,КГ,10.00000,,,,,,,0.00000,0.00000,a.savitskiy,Пакет интерфейса поставки:ee422df4-7fde-40ef-8b91-4964f5402fa5,2026-03-23 17:19:25,321174,1996821,2566409,0,ЭКС,,3845096,,,,Годен,,,,
2531887,320685,New,End,,,2566410,,1.00000,ПЧ,СМ,,RECV-01,WH1,8.75000,62824,,"Выключатель авт. ВА47-29 3п   20А  х-ка B   4,5кА  MVA20-3-020-B  ИЭК",22.00000,NEW Заказной товар,,,0,4.00000,ШТ,2026-03-23 00:00:00,EKS000005785,СП,ME-205-07-I-30,WH1,1.24600,КГ,8.50000,,,,,,,0.00000,0.00000,a.savitskiy,Пакет интерфейса поставки:ee422df4-7fde-40ef-8b91-4964f5402fa5,2026-03-23 17:19:25,321174,1996812,2566410,0,ЭКС,,3845098,,,,Годен,,,,
2531888,320685,New,End,,,2566413,,2.00000,ШТ,СМ,,RECV-01,WH1,8.00000,861954,,IEK ARMAT АВДТ B10N 1P+NP B10 30мА тип A (36мм),9.00000,NEW Заказной товар,,,0,2.00000,ШТ,2026-03-23 00:00:00,EKS000005785,СП,ME-205-04-B-40,WH1,0.46000,КГ,4.00000,,,,,,,0.00000,0.00000,a.savitskiy,Пакет интерфейса поставки:ee422df4-7fde-40ef-8b91-4964f5402fa5,2026-03-23 17:19:25,321174,1996811,2566413,0,ЭКС,,3845101,,,,Годен,,,,
2531889,320685,New,End,,,2566414,,1.00000,ПЧ,СМ,,RECV-01,WH1,9.00000,861954,,IEK ARMAT АВДТ B10N 1P+NP B10 30мА тип A (36мм),26.00000,NEW Заказной товар,,,0,6.00000,ШТ,2026-03-23 00:00:00,EKS000005785,СП,ME-205-04-B-40,WH1,1.45000,КГ,9.00000,,,,,,,0.00000,0.00000,a.savitskiy,Пакет интерфейса поставки:ee422df4-7fde-40ef-8b91-4964f5402fa5,2026-03-23 17:19:25,321174,1996811,2566414,0,ЭКС,,3845103,,,,Годен,,,,
2531890,320685,New,End,,,2566418,,7.00000,УП,СМ,,RECV-01,WH1,1.40000,14714,,"Наконечник-кольцо НКИ1,25-4  0,5-1,5мм (100 шт) ИЭК",9.00000,NEW Заказной товар,,,0,7.00000,УП,2026-03-23 00:00:00,EKS000005785,СП,ME-202-02-B-50,WH1,0.44100,КГ,6.00000,,,,,,,0.00000,0.00000,a.savitskiy,Пакет интерфейса поставки:ee422df4-7fde-40ef-8b91-4964f5402fa5,2026-03-23 17:19:25,321174,1996815,2566418,0,ЭКС,,3845108,,,,Годен,,,,
2531891,320685,New,End,,,2566419,,2.00000,УП,СМ,,RECV-01,WH1,1.00000,40745,,"Наконечник-кольцо НКИ1,25-3  0,5-1,5мм (100 шт) ИЭК",11.50000,NEW Заказной товар,,,0,2.00000,УП,2026-03-23 00:00:00,EKS000005785,СП,ME-206-02-D-30,WH1,0.10800,КГ,7.00000,,,,,,,0.00000,0.00000,a.savitskiy,Пакет интерфейса поставки:ee422df4-7fde-40ef-8b91-4964f5402fa5,2026-03-23 17:19:25,321174,1996813,2566419,0,ЭКС,,3845109,,,,Годен,,,,
2531892,320685,New,End,,,2566420,,1.00000,ШТ,СМ,,RECV-01,WH1,4.00000,576241,,BRITE Выключ. 2-кл. 10А ВС10-2-0-БрА алюм. IEK,7.00000,NEW Заказной товар,,,0,1.00000,ШТ,2026-03-23 00:00:00,EKS000005785,СП,ME-102-04-J-20,WH1,0.01000,КГ,7.00000,,,,,,,0.00000,0.00000,a.savitskiy,Пакет интерфейса поставки:ee422df4-7fde-40ef-8b91-4964f5402fa5,2026-03-23 17:19:25,321174,1996819,2566420,0,ЭКС,,3845110,,,,Годен,,,,
2531893,320685,New,End,,,2566422,,2.00000,ШТ,СМ,,RECV-01,WH1,8.75000,62824,,"Выключатель авт. ВА47-29 3п   20А  х-ка B   4,5кА  MVA20-3-020-B  ИЭК",8.50000,NEW Заказной товар,,,0,2.00000,ШТ,2026-03-23 00:00:00,EKS000005785,СП,ME-205-07-I-30,WH1,0.62400,КГ,5.50000,,,,,,,0.00000,0.00000,a.savitskiy,Пакет интерфейса поставки:ee422df4-7fde-40ef-8b91-4964f5402fa5,2026-03-23 17:19:25,321174,1996812,2566422,0,ЭКС,,3845112,,,,Годен,,,,
2531894,320685,New,End,,,2566425,,1.00000,ШТ,СМ,,RECV-01,WH1,8.75000,80807,,"Выключатель авт. ВА47-29 2п   40А  х-ка D   4,5кА  MVA20-2-040-D  ИЭК",8.50000,NEW Заказной товар,,,0,1.00000,ШТ,2026-03-23 00:00:00,EKS000005785,СП,ME-206-04-B-30,WH1,0.20800,КГ,3.67000,,,,,,,0.00000,0.00000,a.savitskiy,Пакет интерфейса поставки:ee422df4-7fde-40ef-8b91-4964f5402fa5,2026-03-23 17:19:25,321174,1996810,2566425,0,ЭКС,,3845115,,,,Годен,,,,
2531895,320685,New,End,,,2566428,,8.00000,ШТ,СМ,,RECV-01,WH1,5.00000,627814,,ARMAT Контактор КМИ-А-22512 LC1D 25А 24В/АС3 1НО/1НЗ IEK,10.00000,NEW Заказной товар,,,0,8.00000,ШТ,2026-03-23 00:00:00,EKS000005785,СП,ME-206-04-K-30,WH1,1.60000,КГ,9.00000,,,,,,,0.00000,0.00000,a.savitskiy,Пакет интерфейса поставки:ee422df4-7fde-40ef-8b91-4964f5402fa5,2026-03-23 17:19:25,321174,1996818,2566428,0,ЭКС,,3845118,,,,Годен,,,,
2531896,320685,New,End,,,2566437,,2.00000,ШТ,СМ,,RECV-01,WH1,7.00000,269300,,Светильник LED ДСП 1306 36Вт 4000К IP65 1200мм серый пластик ИЭК,120.00000,NEW Заказной товар,,,0,2.00000,ШТ,2026-03-23 00:00:00,EKS000005785,СП,ZX-15-34-B-18,WH1,2.72000,КГ,8.00000,,,,,,,0.00000,0.00000,a.savitskiy,Пакет интерфейса поставки:ee422df4-7fde-40ef-8b91-4964f5402fa5,2026-03-23 17:19:25,321174,1996809,2566437,0,ЭКС,,3845127,,,,Годен,,,,
2531897,320685,New,End,,,2566441,,3.00000,ШТ,СМ,,RECV-01,WH1,21.00000,387158,,"Ящик с понижающим трансформатором ЯТП-0,25 230/36-3 УХЛ2 IP54 ИЭК",31.00000,NEW Заказной товар,,,0,3.00000,ШТ,2026-03-23 00:00:00,EKS000005785,СП,ME-225-02-A-20,WH1,19.50000,КГ,25.00000,,,,,,,0.00000,0.00000,a.savitskiy,Пакет интерфейса поставки:ee422df4-7fde-40ef-8b91-4964f5402fa5,2026-03-23 17:19:25,321174,1996823,2566441,0,ЭКС,,3845131,,,,Годен,,,,
2531898,320685,New,End,,,2566446,,1.00000,ШТ,СМ,,RECV-01,WH1,16.00000,741498,,Корпус навес пластик КМПн-18 IP65 черн. прозр. дверь,42.00000,NEW Заказной товар,,,0,1.00000,ШТ,2026-03-23 00:00:00,EKS000005785,СП,ME-225-05-C-50,WH1,3.00000,КГ,25.00000,,,,,,,0.00000,0.00000,a.savitskiy,Пакет интерфейса поставки:ee422df4-7fde-40ef-8b91-4964f5402fa5,2026-03-23 17:19:25,321174,1996816,2566446,0,ЭКС,,3845137,,,,Годен,,,,
2531899,320685,New,End,,,2566448,,2.00000,КР,СМ,,RECV-01,WH1,28.00000,670665,,IEK GENERICA Лампа LED A60 груша 20Вт 230В 6500К E27,61.50000,NEW Заказной товар,,,0,200.00000,ШТ,2026-03-23 00:00:00,EKS000005785,СП,ME-120-08-D-10,WH1,10.00000,КГ,33.00000,,,,,,,0.00000,0.00000,a.savitskiy,Пакет интерфейса поставки:ee422df4-7fde-40ef-8b91-4964f5402fa5,2026-03-23 17:19:25,321174,1996817,2566448,0,ЭКС,,3845140,,,,Годен,,,,
2531900,320685,New,End,,,2566450,,5.00000,ШТ,СМ,,RECV-01,WH1,16.00000,36855,,Корпус навес (395х310х150) ЩМП-1-1 36 с монт.пан. IP31 ИЭК YKM41-01-31,40.00000,NEW Заказной товар,,,0,5.00000,ШТ,2026-03-23 00:00:00,EKS000005785,СП,ME-105-07-C-10,WH1,23.50000,КГ,30.00000,,,,,,,0.00000,0.00000,a.savitskiy,Пакет интерфейса поставки:ee422df4-7fde-40ef-8b91-4964f5402fa5,2026-03-23 17:19:25,321174,1996814,2566450,0,ЭКС,,3845142,,,,Годен,,,,
2531901,320686,New,End,,,2566397,,5.00000,ШТ,СМ,,RECV-01,WH1,15.00000,289200,,Прожектор СДО 06-50 светодиодный черный IP65 6500 K IEK,21.00000,NEW Заказной товар,,,0,5.00000,ШТ,2026-03-23 00:00:00,EKS000005786,СП,ME-106-05-D-20,WH1,3.25000,КГ,5.00000,,,,,,,0.00000,0.00000,a.savitskiy,Пакет интерфейса поставки:ec94bfb0-d6bd-49d0-b805-98f5c4c7a40f,2026-03-23 17:23:55,321175,1996825,2566397,0,ЭКС,,3845082,,,,Годен,,,,
2531902,320686,New,End,,,2566399,,1.00000,ШТ,СМ,,RECV-01,WH1,11.00000,427894,,Корпус навесн. пласт. 1 ряд / 8 модулей ЩРН-П-8 черный IP41,21.00000,NEW Заказной товар,,,0,1.00000,ШТ,2026-03-23 00:00:00,EKS000005786,СП,ME-224-07-F-40,WH1,0.50000,КГ,19.00000,,,,,,,0.00000,0.00000,a.savitskiy,Пакет интерфейса поставки:ec94bfb0-d6bd-49d0-b805-98f5c4c7a40f,2026-03-23 17:23:55,321175,1996824,2566399,0,ЭКС,,3845084,,,,Годен,,,,
2531903,320686,New,End,,,2566401,,2.00000,КТ,СМ,,RECV-01,WH1,3.00000,687831,,IEK ARMA2L 5 Комплект щупов и крокодилов TL30,15.00000,NEW Заказной товар,,,0,2.00000,КТ,2026-03-23 00:00:00,EKS000005786,СП,ME-205-06-F-20,WH1,0.20000,КГ,5.00000,,,,,,,0.00000,0.00000,a.savitskiy,Пакет интерфейса поставки:ec94bfb0-d6bd-49d0-b805-98f5c4c7a40f,2026-03-23 17:23:55,321175,1996842,2566401,0,ЭКС,,3845086,,,,Годен,,,,
2531904,320686,New,End,,,2566402,,1.00000,УП,СМ,,RECV-01,WH1,2.00000,851718,,Спираль монтажная СП-09 черная,39.00000,NEW Заказной товар,,,0,1.00000,УП,2026-03-23 00:00:00,EKS000005786,СП,ME-225-01-B-30,WH1,0.07000,КГ,23.00000,,,,,,,0.00000,0.00000,a.savitskiy,Пакет интерфейса поставки:ec94bfb0-d6bd-49d0-b805-98f5c4c7a40f,2026-03-23 17:23:55,321175,1996841,2566402,0,ЭКС,,3845087,,,,Годен,,,,
2531905,320686,New,End,,,2566404,,1.00000,ШТ,СМ,,RECV-01,WH1,5.00000,12963,,Реле РТИ-1310 электротепловое 4-6А ИЭК,10.00000,NEW Заказной товар,,,0,1.00000,ШТ,2026-03-23 00:00:00,EKS000005786,СП,ME-205-06-I-20,WH1,0.18000,КГ,7.00000,,,,,,,0.00000,0.00000,a.savitskiy,Пакет интерфейса поставки:ec94bfb0-d6bd-49d0-b805-98f5c4c7a40f,2026-03-23 17:23:55,321175,1996829,2566404,0,ЭКС,,3845089,,,,Годен,,,,
2531906,320686,New,End,,,2566433,,1.00000,КР,СМ,,RECV-01,WH1,16.00000,125944,,"Кабель-канал 80х40 ""ПРАЙМЕР"" парапетный",200.00000,NEW Кабель-канал,,,0,24.00000,М,2026-03-23 00:00:00,EKS000005786,СП,ZX-19-33-D-18,WH1,16.00000,КГ,20.00000,,,,,,,0.00000,0.00000,a.savitskiy,Пакет интерфейса поставки:ec94bfb0-d6bd-49d0-b805-98f5c4c7a40f,2026-03-23 17:23:55,321175,1996833,2566433,0,ЭКС,,3845123,,,,Годен,,,,
2531907,320686,New,End,,,2566454,,2.00000,ШТ,СМ,,RECV-01,WH1,18.00000,634326,,Корпус навес (400х300х150) ЩМП-40.30.15 УХЛ1 IP66 IEK,42.00000,NEW Заказной товар,,,0,2.00000,ШТ,2026-03-23 00:00:00,EKS000005786,СП,ME-108-08-A-30,WH1,14.00000,КГ,31.00000,,,,,,,0.00000,0.00000,a.savitskiy,Пакет интерфейса поставки:ec94bfb0-d6bd-49d0-b805-98f5c4c7a40f,2026-03-23 17:23:55,321175,1996843,2566454,0,ЭКС,,3845146,,,,Годен,,,,
2531908,320686,New,End,,,2566455,,1.00000,ПЧ,СМ,,RECV-01,WH1,4.00000,134428,,Гильза изолированная нулевая ГИН 70 (MJPT 70N) ИЭК,21.00000,NEW Заказной товар,,,0,10.00000,ШТ,2026-03-23 00:00:00,EKS000005786,СП,ME-225-06-D-20,WH1,0.78000,КГ,19.00000,,,,,,,0.00000,0.00000,a.savitskiy,Пакет интерфейса поставки:ec94bfb0-d6bd-49d0-b805-98f5c4c7a40f,2026-03-23 17:23:55,321175,1996832,2566455,0,ЭКС,,3845147,,,,Годен,,,,
2531909,320686,New,End,,,2566457,,3.00000,ШТ,СМ,,RECV-01,WH1,3.00000,181696,,Вставка плавкая 40А ППНИ-33 габарит 00С ИЭК,7.00000,NEW Заказной товар,,,0,3.00000,ШТ,2026-03-23 00:00:00,EKS000005786,СП,ME-206-06-A-40,WH1,0.90000,КГ,4.00000,,,,,,,0.00000,0.00000,a.savitskiy,Пакет интерфейса поставки:ec94bfb0-d6bd-49d0-b805-98f5c4c7a40f,2026-03-23 17:23:55,321175,1996831,2566457,0,ЭКС,,3845149,,,,Годен,,,,
2531910,320686,New,End,,,2566459,,2.00000,ШТ,СМ,,RECV-01,WH1,4.00000,113089,,Пускатель ПРК32-14    9-14А       660В ИЭК,10.00000,NEW Заказной товар,,,0,2.00000,ШТ,2026-03-23 00:00:00,EKS000005786,СП,ME-206-06-E-50,WH1,0.40000,КГ,7.00000,,,,,,,0.00000,0.00000,a.savitskiy,Пакет интерфейса поставки:ec94bfb0-d6bd-49d0-b805-98f5c4c7a40f,2026-03-23 17:23:55,321175,1996834,2566459,0,ЭКС,,3845152,,,,Годен,,,,
2531911,320686,New,End,,,2566460,,1.00000,ШТ,СМ,,RECV-01,WH1,4.00000,113087,,"Пускатель ПРК32-6,3   4-6,3А      660В ИЭК",10.00000,NEW Заказной товар,,,0,1.00000,ШТ,2026-03-23 00:00:00,EKS000005786,СП,ME-206-07-C-50,WH1,0.20000,КГ,7.00000,,,,,,,0.00000,0.00000,a.savitskiy,Пакет интерфейса поставки:ec94bfb0-d6bd-49d0-b805-98f5c4c7a40f,2026-03-23 17:23:55,321175,1996835,2566460,0,ЭКС,,3845154,,,,Годен,,,,
2531912,320686,New,End,,,2566461,,1.00000,ШТ,СМ,,RECV-01,WH1,9.00000,12975,,Реле РТИ-3363 электротепловое 63-80А ИЭК,12.00000,NEW Заказной товар,,,0,1.00000,ШТ,2026-03-23 00:00:00,EKS000005786,СП,ME-225-08-D-40,WH1,0.50000,КГ,9.00000,,,,,,,0.00000,0.00000,a.savitskiy,Пакет интерфейса поставки:ec94bfb0-d6bd-49d0-b805-98f5c4c7a40f,2026-03-23 17:23:55,321175,1996828,2566461,0,ЭКС,,3845155,,,,Годен,,,,
2531913,320686,New,End,,,2566462,,5.00000,ШТ,СМ,,RECV-01,WH1,8.00000,76409,,Контактор КМИ-11210 12А   24В/АС3 1НО         ИЭК,9.00000,NEW Заказной товар,,,0,5.00000,ШТ,2026-03-23 00:00:00,EKS000005786,СП,ME-111-01-D-20,WH1,0.70000,КГ,5.50000,,,,,,,0.00000,0.00000,a.savitskiy,Пакет интерфейса поставки:ec94bfb0-d6bd-49d0-b805-98f5c4c7a40f,2026-03-23 17:23:55,321175,1996837,2566462,0,ЭКС,,3845156,,,,Годен,,,,
2531914,320686,New,End,,,2566464,,1.00000,ПЧ,СМ,,RECV-01,WH1,3.00000,38588,,Сальник PG  7 диаметр проводника 5-6мм IP54 ИЭК YSA20-06-07-54-K41,8.00000,NEW Класс C,,,0,20.00000,ШТ,2026-03-23 00:00:00,EKS000005786,СП,ME-122-05-B-20,WH1,0.12000,КГ,9.00000,,,,,,,0.00000,0.00000,a.savitskiy,Пакет интерфейса поставки:ec94bfb0-d6bd-49d0-b805-98f5c4c7a40f,2026-03-23 17:23:55,321175,1996827,2566464,0,ЭКС,,3845158,,,,Годен,,,,
2531915,320686,New,End,,,2566465,,1.00000,ПЧ,СМ,,RECV-01,WH1,10.00000,11304,,Переключатель АLС-22  черн.длин.рукоят.2 фикс.полож. I-O 1з+1р ИЭК,15.50000,NEW Класс C,,,0,10.00000,ШТ,2026-03-23 00:00:00,EKS000005786,СП,ME-111-08-D-40,WH1,1.00000,КГ,10.00000,,,,,,,0.00000,0.00000,a.savitskiy,Пакет интерфейса поставки:ec94bfb0-d6bd-49d0-b805-98f5c4c7a40f,2026-03-23 17:23:55,321175,1996830,2566465,0,ЭКС,,3845159,,,,Годен,,,,
2531916,320686,New,End,,,2566467,,4.00000,ШТ,СМ,,RECV-01,WH1,6.00000,286608,,Фильтр c защитным кожухом 125x125мм для вент-ра 55м3/час IEK YCE-EF-055-55,17.50000,NEW Заказной товар,,,0,4.00000,ШТ,2026-03-23 00:00:00,EKS000005786,СП,ME-112-07-C-20,WH1,1.24000,КГ,17.50000,,,,,,,0.00000,0.00000,a.savitskiy,Пакет интерфейса поставки:ec94bfb0-d6bd-49d0-b805-98f5c4c7a40f,2026-03-23 17:23:55,321175,1996826,2566467,0,ЭКС,,3845161,,,,Годен,,,,
2531917,320686,New,End,,,2566468,,2.00000,ШТ,СМ,,RECV-01,WH1,8.00000,505510,,Панель вт. ПМм1-250 с задн. резьб. пр. ВА88-35 MASTER IEK,17.50000,NEW Заказной товар,,,0,2.00000,ШТ,2026-03-23 00:00:00,EKS000005786,СП,ME-113-02-B-40,WH1,3.42000,КГ,14.50000,,,,,,,0.00000,0.00000,a.savitskiy,Пакет интерфейса поставки:ec94bfb0-d6bd-49d0-b805-98f5c4c7a40f,2026-03-23 17:23:55,321175,1996844,2566468,0,ЭКС,,3845163,,,,Годен,,,,
2531918,320686,New,End,,,2566469,,1.00000,ШТ,СМ,,RECV-01,WH1,4.00000,113078,,"Пускатель ПРК32-0,63 0,4-0,63А 660В ИЭК",10.00000,NEW Заказной товар,,,0,1.00000,ШТ,2026-03-23 00:00:00,EKS000005786,СП,ME-103-02-F-30,WH1,0.20000,КГ,7.00000,,,,,,,0.00000,0.00000,a.savitskiy,Пакет интерфейса поставки:ec94bfb0-d6bd-49d0-b805-98f5c4c7a40f,2026-03-23 17:23:55,321175,1996836,2566469,0,ЭКС,,3845164,,,,Годен,,,,
2531919,320686,New,End,,,2566470,,1.00000,ШТ,СМ,,RECV-01,WH1,7.20000,60867,,"Реле РТИ-1301 электротепловое (0,1-0,16А) ИЭК",10.50000,NEW Заказной товар,,,0,1.00000,ШТ,2026-03-23 00:00:00,EKS000005786,СП,ME-103-07-A-30,WH1,0.30000,КГ,5.00000,,,,,,,0.00000,0.00000,a.savitskiy,Пакет интерфейса поставки:ec94bfb0-d6bd-49d0-b805-98f5c4c7a40f,2026-03-23 17:23:55,321175,1996840,2566470,0,ЭКС,,3845165,,,,Годен,,,,
2531920,320686,New,End,,,2566471,,1.00000,ШТ,СМ,,RECV-01,WH1,5.00000,60869,,"Реле РТИ-1303 электротепловое 0,25-0,4А  ИЭК",10.00000,NEW Заказной товар,,,0,1.00000,ШТ,2026-03-23 00:00:00,EKS000005786,СП,ME-103-08-D-30,WH1,0.10000,КГ,7.00000,,,,,,,0.00000,0.00000,a.savitskiy,Пакет интерфейса поставки:ec94bfb0-d6bd-49d0-b805-98f5c4c7a40f,2026-03-23 17:23:55,321175,1996838,2566471,0,ЭКС,,3845166,,,,Годен,,,,
2531921,320686,New,End,,,2566472,,1.00000,ШТ,СМ,,RECV-01,WH1,7.20000,60868,,"Реле РТИ-1302 электротепловое (0,16-0,25А) ИЭК",10.00000,NEW Заказной товар,,,0,1.00000,ШТ,2026-03-23 00:00:00,EKS000005786,СП,ME-120-03-D-40,WH1,0.30000,КГ,5.10000,,,,,,,0.00000,0.00000,a.savitskiy,Пакет интерфейса поставки:ec94bfb0-d6bd-49d0-b805-98f5c4c7a40f,2026-03-23 17:23:55,321175,1996839,2566472,0,ЭКС,,3845167,,,,Годен,,,,
2531922,320687,New,End,,,2566481,,1.00000,ПЧ,СМ,,RECV-01,WH1,9.00000,676084,,"Выключатель 2кл с самовозвратом(кнопка), сх.2, 10А, механизм, Atlasdesign Алюминий  ATN000317",23.00000,NEW Заказной товар,,,0,5.00000,ШТ,2026-03-22 00:00:00,EKS000005789,СП,ME-101-03-G-40,WH1,0.43000,КГ,9.00000,,,,,,,0.00000,0.00000,a.savitskiy,Пакет интерфейса поставки:d7030701-48cf-4585-b2e9-cfc5676ce376,2026-03-23 17:31:37,321179,1996854,2566481,0,ЭКС,,3845221,,,,Годен,,,,
2531923,320688,New,End,,,2566482,,1.00000,ПЧ,СМ,,RECV-01,WH1,8.00000,215044,,"Выключатель авт. ВА-101 4п   63А  х-ка D   4,5кА  11144DEK  DEKraft",22.00000,NEW Класс C,,,0,3.00000,ШТ,2026-03-22 00:00:00,EKS000005791,СП,ME-102-02-B-30,WH1,0.30000,КГ,8.00000,,,,,,,0.00000,0.00000,a.savitskiy,Пакет интерфейса поставки:d7030701-48cf-4585-b2e9-cfc5676ce376,2026-03-23 17:31:45,321181,1996856,2566482,0,ЭКС,,3845222,,,,Годен,,,,
2531924,320689,New,End,,,2566480,,8.00000,ШТ,СМ,,RECV-01,WH1,13.50000,730907,,Systeme Electric Контактор MC1E 3P 80A НО+НЗ 380V/400V 50/60ГЦ,14.00000,NEW Заказной товар,,,0,8.00000,ШТ,2026-03-21 00:00:00,EKS000005790,СП,ME-213-02-E-20,WH1,11.44000,КГ,9.00000,,,,,,,0.00000,0.00000,a.savitskiy,Пакет интерфейса поставки:70e71ae2-a64b-428c-9aba-038addb0eceb,2026-03-23 17:33:23,321180,1996855,2566480,0,ЭКС,,3845220,,,,Годен,,,,
2531925,320690,New,End,,,2566370,,1.00000,ШТ,СМ,,RECV-01,WH1,24.00000,208678,,Корпус сварной навесной серии ST с М/П Размер: 600x500x200 мм (ВхШхГ) IP66,61.00000,NEW Заказной товар,,,0,1.00000,ШТ,2026-03-27 00:00:00,EKS000005783,СП,ME-108-03-C-20,WH1,10.00000,КГ,51.00000,,,,,,,0.00000,0.00000,a.manokhin,Пакет интерфейса поставки:8719cf4e-55e6-4aa9-9095-ce2b74842481,2026-03-23 17:39:48,321171,1996771,2566370,0,ЭКС,,3845037,,,,Годен,,,,
2531926,320690,New,End,,,2566372,,10.00000,ШТ,СМ,,RECV-01,WH1,4.00000,631952,,"Соединитель пруток - полоса, 80х80 мм NG3101",8.00000,NEW Заказной товар,,,0,10.00000,ШТ,2026-03-27 00:00:00,EKS000005783,СП,ME-117-08-F-30,WH1,1.00000,КГ,8.00000,,,,,,,0.00000,0.00000,a.manokhin,Пакет интерфейса поставки:8719cf4e-55e6-4aa9-9095-ce2b74842481,2026-03-23 17:39:48,321171,1996786,2566372,0,ЭКС,,3845040,,,,Годен,,,,
2531927,320690,New,End,,,2566373,,3.00000,ШТ,СМ,,RECV-01,WH1,12.00000,619511,,Антикоррозионная лента NA1001,10.00000,NEW Заказной товар,,,0,3.00000,ШТ,2026-03-27 00:00:00,EKS000005783,СП,ME-101-06-E-30,WH1,3.60000,КГ,12.00000,,,,,,,0.00000,0.00000,a.manokhin,Пакет интерфейса поставки:8719cf4e-55e6-4aa9-9095-ce2b74842481,2026-03-23 17:39:48,321171,1996788,2566373,0,ЭКС,,3845041,,,,Годен,,,,
2531928,320690,New,End,,,2566374,,1.00000,КР,СМ,,RECV-01,WH1,8.50000,36891,,Коробка распределительная SDMN WO 00677,19.00000,NEW Класс C,,,0,10.00000,ШТ,2026-03-27 00:00:00,EKS000005783,СП,ME-120-05-C-40,WH1,0.30000,КГ,15.50000,,,,,,,0.00000,0.00000,a.manokhin,Пакет интерфейса поставки:8719cf4e-55e6-4aa9-9095-ce2b74842481,2026-03-23 17:39:48,321171,1996766,2566374,0,ЭКС,,3845042,,,,Годен,,,,
2531929,320690,New,End,,,2566375,,1.00000,ПЧ,СМ,,RECV-01,WH1,9.00000,107217,,"Кабельный ввод для труб ПВХ-пластик, цвет серый IP55 д.32",26.50000,NEW Заказной товар,,,0,100.00000,ШТ,2026-03-27 00:00:00,EKS000005783,СП,ME-223-07-A-40,WH1,0.60000,КГ,20.00000,,,,,,,0.00000,0.00000,a.manokhin,Пакет интерфейса поставки:8719cf4e-55e6-4aa9-9095-ce2b74842481,2026-03-23 17:39:48,321171,1996775,2566375,0,ЭКС,,3845043,,,,Годен,,,,
2531930,320690,New,End,,,2566376,,1.00000,ПЧ,СМ,,RECV-01,WH1,8.00000,2195,,"Зажим кабельный с контргайкой IP68 PG7 д.3-6,5мм 52500",19.00000,NEW Заказной товар,,,0,50.00000,ШТ,2026-03-27 00:00:00,EKS000005783,СП,ME-220-04-A-30,WH1,0.90000,КГ,16.00000,,,,,,,0.00000,0.00000,a.manokhin,Пакет интерфейса поставки:8719cf4e-55e6-4aa9-9095-ce2b74842481,2026-03-23 17:39:48,321171,1996769,2566376,0,ЭКС,,3845049,,,,Годен,,,,
2531931,320690,New,End,,,2566377,,2.00000,ПЧ,СМ,,RECV-01,WH1,2.00000,295010,,"Наконечник кольцевой под винт, 16мм.кв. винт 10мм. 2e10",14.00000,NEW Заказной товар,,,0,200.00000,ШТ,2026-03-27 00:00:00,EKS000005783,СП,ME-102-08-E-30,WH1,0.90000,КГ,13.00000,,,,,,,0.00000,0.00000,a.manokhin,Пакет интерфейса поставки:8719cf4e-55e6-4aa9-9095-ce2b74842481,2026-03-23 17:39:48,321171,1996763,2566377,0,ЭКС,,3845050,,,,Годен,,,,
2531932,320690,New,End,,,2566378,,3.00000,ШТ,СМ,,RECV-01,WH1,2.20000,674390,,Винт для забивания стержневого заземлителя NE1404,5.10000,NEW Заказной товар,,,0,3.00000,ШТ,2026-03-27 00:00:00,EKS000005783,СП,ME-103-02-L-30,WH1,0.30000,КГ,2.20000,,,,,,,0.00000,0.00000,a.manokhin,Пакет интерфейса поставки:8719cf4e-55e6-4aa9-9095-ce2b74842481,2026-03-23 17:39:48,321171,1996781,2566378,0,ЭКС,,3845051,,,,Годен,,,,
2531933,320690,New,End,,,2566379,,2.00000,ШТ,СМ,,RECV-01,WH1,35.00000,218880,,Корпус сварной навесной серии ST с М/П Размер: 1400x800x300 мм (ВхШхГ) IP65,140.00000,NEW Длинные ЭЛО < 2 м,,,0,2.00000,ШТ,2026-03-27 00:00:00,EKS000005783,СП,ZX-13-28-A-20,WH1,80.00000,КГ,80.00000,,,,,,,0.00000,0.00000,a.manokhin,Пакет интерфейса поставки:8719cf4e-55e6-4aa9-9095-ce2b74842481,2026-03-23 17:39:48,321171,1996770,2566379,0,ЭКС,,3845052,,,,Годен,,,,
2531934,320690,New,End,,,2566380,,1.00000,КР,СМ,,RECV-01,WH1,12.00000,10525,,Кабель-канал TA-GN 80x40 WO с крышкой с напр (Россия) 01781,200.00000,NEW Кабель-канал,,,0,24.00000,М,2026-03-27 00:00:00,EKS000005783,СП,ZX-19-18-E-18,WH1,10.00000,КГ,20.00000,,,,,,,0.00000,0.00000,a.manokhin,Пакет интерфейса поставки:8719cf4e-55e6-4aa9-9095-ce2b74842481,2026-03-23 17:39:48,321171,1996768,2566380,0,ЭКС,,3845057,,,,Годен,,,,
2531935,320690,New,End,,,2566381,,96.00000,М,СМ,,RECV-01,WH1,1.50000,36759,,Кабель-канал TMC 15X17 WO (Россия) 00303,100.00000,NEW Кабель-канал,,,0,96.00000,М,2026-03-27 00:00:00,EKS000005783,СП,ZX-19-24-F-18,WH1,9.60000,КГ,1.70000,,,,,,,0.00000,0.00000,a.manokhin,Пакет интерфейса поставки:8719cf4e-55e6-4aa9-9095-ce2b74842481,2026-03-23 17:39:48,321171,1996767,2566381,0,ЭКС,,3845058,,,,Годен,,,,
2531936,320690,New,End,,,2566382,,3.00000,ШТ,СМ,,RECV-01,WH1,5.00000,442142,,"Вертикальный заземлитель из уголка 50х50х5 мм, 3 м NE5503",300.00000,NEW Длинные 3 м,,,0,3.00000,ШТ,2026-03-27 00:00:00,EKS000005783,СП,ZX-13-15-B-18,WH1,6.00000,КГ,5.00000,,,,,,,0.00000,0.00000,a.manokhin,Пакет интерфейса поставки:8719cf4e-55e6-4aa9-9095-ce2b74842481,2026-03-23 17:39:48,321171,1996789,2566382,0,ЭКС,,3845059,,,,Годен,,,,
2531937,320690,New,End,,,2566384,,1.00000,ШТ,СМ,,RECV-01,WH1,19.00000,118920,,"Коробка с гладкими стенками, 240х190х90 IP56 54210",24.00000,NEW Заказной товар,,,0,1.00000,ШТ,2026-03-27 00:00:00,EKS000005783,СП,ME-101-08-C-30,WH1,1.00000,КГ,9.00000,,,,,,,0.00000,0.00000,a.manokhin,Пакет интерфейса поставки:8719cf4e-55e6-4aa9-9095-ce2b74842481,2026-03-23 17:39:48,321171,1996774,2566384,0,ЭКС,,3845065,,,,Годен,,,,
2531938,320690,New,End,,,2566385,,1.00000,ПЧ,СМ,,RECV-01,WH1,17.00000,161571,,Т-ответвление NTAN 80x40 WO 01756,26.00000,NEW Класс C,,,0,10.00000,ШТ,2026-03-27 00:00:00,EKS000005783,СП,ME-223-07-D-20,WH1,1.00000,КГ,19.00000,,,,,,,0.00000,0.00000,a.manokhin,Пакет интерфейса поставки:8719cf4e-55e6-4aa9-9095-ce2b74842481,2026-03-23 17:39:48,321171,1996772,2566385,0,ЭКС,,3845067,,,,Годен,,,,
2531939,320690,New,End,,,2566386,,1.00000,КР,СМ,,RECV-01,WH1,16.50000,107174,,Угол внутренний неизменяемый NIA 80x40 01824,26.00000,NEW Класс C,,,0,8.00000,ШТ,2026-03-27 00:00:00,EKS000005783,СП,ME-224-02-C-20,WH1,0.30000,КГ,19.50000,,,,,,,0.00000,0.00000,a.manokhin,Пакет интерфейса поставки:8719cf4e-55e6-4aa9-9095-ce2b74842481,2026-03-23 17:39:48,321171,1996776,2566386,0,ЭКС,,3845068,,,,Годен,,,,
2531940,320690,New,End,,,2566387,,20.00000,ШТ,СМ,,RECV-01,WH1,3.80000,634518,,Универсальный соединитель NG3103 (замена NG3103R),4.50000,NEW Заказной товар,,,0,20.00000,ШТ,2026-03-27 00:00:00,EKS000005783,СП,ME-102-06-J-20,WH1,1.80000,КГ,4.50000,,,,,,,0.00000,0.00000,a.manokhin,Пакет интерфейса поставки:8719cf4e-55e6-4aa9-9095-ce2b74842481,2026-03-23 17:39:48,321171,1996784,2566387,0,ЭКС,,3845071,,,,Годен,,,,
2531941,320690,New,End,,,2566388,,14.00000,ШТ,СМ,,RECV-01,WH1,4.00000,633568,,Параллельный зажим NG3108 (замена NG3108R),6.50000,NEW Заказной товар,,,0,14.00000,ШТ,2026-03-27 00:00:00,EKS000005783,СП,ME-102-08-B-30,WH1,1.40000,КГ,4.50000,,,,,,,0.00000,0.00000,a.manokhin,Пакет интерфейса поставки:8719cf4e-55e6-4aa9-9095-ce2b74842481,2026-03-23 17:39:48,321171,1996785,2566388,0,ЭКС,,3845072,,,,Годен,,,,
2531942,320691,New,End,,,2566390,,1.00000,КР,СМ,,RECV-01,WH1,38.00000,198336,,Рамка 2п белый Etika 672502,59.00000,NEW Класс C,,,0,200.00000,ШТ,2026-03-23 00:00:00,EKS000005784,СП,ME-115-06-C-50,WH1,7.00000,КГ,39.00000,,,,,,,0.00000,0.00000,n.bezrukov,Пакет интерфейса поставки:8719cf4e-55e6-4aa9-9095-ce2b74842481,2026-03-23 17:39:58,321173,1996805,2566390,0,ЭКС,,3845074,,,,Годен,,,,
2531943,320690,New,End,,,2566391,,1.00000,ПЧ,СМ,,RECV-01,WH1,7.00000,307751,,"DKC Кабельный зажим для С-профиля, диаметр кабеля 18-22 мм",25.00000,NEW Класс C,,,0,50.00000,ШТ,2026-03-27 00:00:00,EKS000005783,СП,ME-124-04-A-30,WH1,1.94000,КГ,22.00000,,,,,,,0.00000,0.00000,a.manokhin,Пакет интерфейса поставки:8719cf4e-55e6-4aa9-9095-ce2b74842481,2026-03-23 17:39:48,321171,1996790,2566391,0,ЭКС,,3845075,,,,Годен,,,,
2531944,320691,New,End,,,2566393,,12.00000,ББ,СМ,4712-12-31 00:00:00,RECV-01,WH1,24.00000,139898,,Труба гофр ПНД d 16 с зондом (100 м ) ИЭК черный,40.00000,NEW Гофротруба,100,,0,1200.00000,М,2026-03-23 00:00:00,EKS000005784,СП,ZX-09-09-C-50,WH1,36.00000,КГ,40.00000,,,,,,,0.00000,0.00000,n.bezrukov,Пакет интерфейса поставки:8719cf4e-55e6-4aa9-9095-ce2b74842481,2026-03-23 17:39:58,321173,1996793,2566393,0,ЭКС,,3845077,,,,Годен,,,,
2531945,320690,New,End,,,2566394,,1.00000,ПЧ,СМ,,RECV-01,WH1,9.00000,84102,,Зажим кабельный с контргайкой IP68 PG9 д.4-8мм 52600,20.00000,NEW Заказной товар,,,0,50.00000,ШТ,2026-03-27 00:00:00,EKS000005783,СП,ME-220-04-B-20,WH1,1.20000,КГ,15.00000,,,,,,,0.00000,0.00000,a.manokhin,Пакет интерфейса поставки:8719cf4e-55e6-4aa9-9095-ce2b74842481,2026-03-23 17:39:48,321171,1996779,2566394,0,ЭКС,,3845078,,,,Годен,,,,
2531946,320690,New,End,,,2566395,,11.00000,ШТ,СМ,,RECV-01,WH1,3.00000,627608,,"Соединитель полоса - полоса, 80х80 мм NG3105 (замена на NG3105R)",8.00000,NEW Заказной товар,,,0,11.00000,ШТ,2026-03-27 00:00:00,EKS000005783,СП,ME-103-05-D-20,WH1,4.07000,КГ,8.00000,,,,,,,0.00000,0.00000,a.manokhin,Пакет интерфейса поставки:8719cf4e-55e6-4aa9-9095-ce2b74842481,2026-03-23 17:39:48,321171,1996787,2566395,0,ЭКС,,3845079,,,,Годен,,,,
2531947,320690,New,End,,,2566396,,2.00000,ПЧ,СМ,,RECV-01,WH1,4.00000,90824,,Угол плоский NPAN 80x40 WO 01740,13.00000,NEW Заказной товар,,,0,4.00000,ШТ,2026-03-27 00:00:00,EKS000005783,СП,ME-103-06-F-20,WH1,0.20000,КГ,13.00000,,,,,,,0.00000,0.00000,a.manokhin,Пакет интерфейса поставки:8719cf4e-55e6-4aa9-9095-ce2b74842481,2026-03-23 17:39:48,321171,1996778,2566396,0,ЭКС,,3845081,,,,Годен,,,,
2531948,320690,New,End,,,2566398,,3.00000,ШТ,СМ,,RECV-01,WH1,3.00000,232386,,"Соединитель верт. заземлителя, D16 мм NE1302",9.50000,NEW Заказной товар,,,0,3.00000,ШТ,2026-03-27 00:00:00,EKS000005783,СП,ME-104-04-D-30,WH1,0.60000,КГ,4.00000,,,,,,,0.00000,0.00000,a.manokhin,Пакет интерфейса поставки:8719cf4e-55e6-4aa9-9095-ce2b74842481,2026-03-23 17:39:48,321171,1996764,2566398,0,ЭКС,,3845083,,,,Годен,,,,
2531949,320690,New,End,,,2566400,,3.00000,ШТ,СМ,,RECV-01,WH1,2.50000,674388,,"Соединительная муфта, D16 мм NE1304",7.00000,NEW Заказной товар,,,0,3.00000,ШТ,2026-03-27 00:00:00,EKS000005783,СП,ME-104-04-I-40,WH1,0.21000,КГ,2.50000,,,,,,,0.00000,0.00000,a.manokhin,Пакет интерфейса поставки:8719cf4e-55e6-4aa9-9095-ce2b74842481,2026-03-23 17:39:48,321171,1996783,2566400,0,ЭКС,,3845085,,,,Годен,,,,
2531950,320690,New,End,,,2566403,,3.00000,ШТ,СМ,,RECV-01,WH1,2.00000,674389,,Наконечник верт. заземлителя NE1402,5.00000,NEW Заказной товар,,,0,3.00000,ШТ,2026-03-27 00:00:00,EKS000005783,СП,ME-205-06-H-40,WH1,0.06000,КГ,2.00000,,,,,,,0.00000,0.00000,a.manokhin,Пакет интерфейса поставки:8719cf4e-55e6-4aa9-9095-ce2b74842481,2026-03-23 17:39:48,321171,1996782,2566403,0,ЭКС,,3845088,,,,Годен,,,,
2531951,320690,New,End,,,2566405,,1.00000,КР,СМ,,RECV-01,WH1,8.00000,160509,,Накладка на стык профиля 110х50 мм 01009,20.00000,NEW Заказной товар,,,0,40.00000,ШТ,2026-03-27 00:00:00,EKS000005783,СП,ME-102-07-A-40,WH1,0.30000,КГ,9.00000,,,,,,,0.00000,0.00000,a.manokhin,Пакет интерфейса поставки:8719cf4e-55e6-4aa9-9095-ce2b74842481,2026-03-23 17:39:48,321171,1996773,2566405,0,ЭКС,,3845090,,,,Годен,,,,
2531952,320691,New,End,,,2566406,,19.00000,ББ,СМ,4712-12-31 00:00:00,RECV-01,WH1,20.00000,83811,,Труба  ПВХ  d40 гибкая лёгкая с протяжкой ( 15 м) ИЭК,40.00000,NEW Гофротруба,15,,0,285.00000,М,2026-03-23 00:00:00,EKS000005784,СП,ZX-10-11-A-50,WH1,28.50000,КГ,40.00000,,,,,,,0.00000,0.00000,n.bezrukov,Пакет интерфейса поставки:8719cf4e-55e6-4aa9-9095-ce2b74842481,2026-03-23 17:39:58,321173,1996792,2566406,0,ЭКС,,3845091,,,,Годен,,,,
2531953,320690,New,End,,,2566407,,1.00000,ПЧ,СМ,,RECV-01,WH1,8.00000,103473,,Соединение на стык GAN 80 WO для серии TA 00886,20.00000,NEW Класс C,,,0,10.00000,ШТ,2026-03-27 00:00:00,EKS000005783,СП,ME-205-06-L-30,WH1,0.10000,КГ,9.00000,,,,,,,0.00000,0.00000,a.manokhin,Пакет интерфейса поставки:8719cf4e-55e6-4aa9-9095-ce2b74842481,2026-03-23 17:39:48,321171,1996777,2566407,0,ЭКС,,3845092,,,,Годен,,,,
2531954,320690,New,End,,,2566408,,1.00000,ПЧ,СМ,,RECV-01,WH1,7.00000,219234,,Соединение на стык GM 50x20 WO 00653,20.00000,NEW Класс C,,,0,40.00000,ШТ,2026-03-27 00:00:00,EKS000005783,СП,ME-205-07-F-40,WH1,0.50000,КГ,7.00000,,,,,,,0.00000,0.00000,a.manokhin,Пакет интерфейса поставки:8719cf4e-55e6-4aa9-9095-ce2b74842481,2026-03-23 17:39:48,321171,1996765,2566408,0,ЭКС,,3845095,,,,Годен,,,,
2531955,320691,New,End,,,2566412,,2.00000,БЛ,СМ,,RECV-01,WH1,18.00000,233299,,Выключатель 1кл 10А Quteo белый с монт пластиной  782200,38.00000,NEW Класс A,,,0,40.00000,ШТ,2026-03-23 00:00:00,EKS000005784,СП,ME-206-06-C-60,WH1,2.10000,КГ,11.00000,,,,,,,0.00000,0.00000,n.bezrukov,Пакет интерфейса поставки:8719cf4e-55e6-4aa9-9095-ce2b74842481,2026-03-23 17:39:58,321173,1996802,2566412,0,ЭКС,,3845100,,,,Годен,,,,
2531956,320691,New,End,,,2566415,,9.00000,ШТ,СМ,,RECV-01,WH1,4.00000,576234,,BRITE Выключ. 2-кл. 10А ВС10-2-0-БрЧ черн. IEK,7.00000,NEW Класс C,,,0,9.00000,ШТ,2026-03-23 00:00:00,EKS000005784,СП,ME-213-07-B-10,WH1,0.54000,КГ,7.00000,,,,,,,0.00000,0.00000,n.bezrukov,Пакет интерфейса поставки:8719cf4e-55e6-4aa9-9095-ce2b74842481,2026-03-23 17:39:58,321173,1996796,2566415,0,ЭКС,,3845104,,,,Годен,,,,
2531957,320691,New,End,,,2566417,,20.00000,ПЧ,СМ,,RECV-01,WH1,3.00000,200777,,Контактный блок 1з (NO) для серии LAY5 ИЭК,6.00000,NEW Класс C,,,0,80.00000,ШТ,2026-03-23 00:00:00,EKS000005784,СП,ME-204-02-D-50,WH1,4.00000,КГ,4.00000,,,,,,,0.00000,0.00000,n.bezrukov,Пакет интерфейса поставки:8719cf4e-55e6-4aa9-9095-ce2b74842481,2026-03-23 17:39:58,321173,1996804,2566417,0,ЭКС,,3845106,,,,Годен,,,,
2531958,320691,New,End,,,2566423,,4.00000,ПЧ,СМ,,RECV-01,WH1,9.00000,576234,,BRITE Выключ. 2-кл. 10А ВС10-2-0-БрЧ черн. IEK,22.00000,NEW Класс C,,,0,40.00000,ШТ,2026-03-23 00:00:00,EKS000005784,СП,ME-213-07-B-10,WH1,2.00000,КГ,14.00000,,,,,,,0.00000,0.00000,n.bezrukov,Пакет интерфейса поставки:8719cf4e-55e6-4aa9-9095-ce2b74842481,2026-03-23 17:39:58,321173,1996796,2566423,0,ЭКС,,3845113,,,,Годен,,,,
2531959,320691,New,End,,,2566426,,1.00000,ПЧ,СМ,,RECV-01,WH1,8.00000,136773,,Кнопка управления LAY5-BW3461 с подсветкой красный 1з ИЭК,30.00000,NEW Класс C,,,0,20.00000,ШТ,2026-03-23 00:00:00,EKS000005784,СП,ME-116-05-B-20,WH1,2.00000,КГ,14.00000,,,,,,,0.00000,0.00000,n.bezrukov,Пакет интерфейса поставки:8719cf4e-55e6-4aa9-9095-ce2b74842481,2026-03-23 17:39:58,321173,1996807,2566426,0,ЭКС,,3845116,,,,Годен,,,,
2531960,320691,New,End,,,2566427,,1.00000,ШТ,СМ,,RECV-01,WH1,8.75000,62824,,"Выключатель авт. ВА47-29 3п   20А  х-ка B   4,5кА  MVA20-3-020-B  ИЭК",8.50000,NEW Класс C,,,0,1.00000,ШТ,2026-03-23 00:00:00,EKS000005784,СП,ME-205-07-I-30,WH1,0.31200,КГ,5.50000,,,,,,,0.00000,0.00000,n.bezrukov,Пакет интерфейса поставки:8719cf4e-55e6-4aa9-9095-ce2b74842481,2026-03-23 17:39:58,321173,1996797,2566427,0,ЭКС,,3845117,,,,Годен,,,,
2531961,320691,New,End,,,2566430,,3.00000,ШТ,СМ,,RECV-01,WH1,1.70000,366732,,Выключатель авт. ВА47-60M 1п 25А х-ка С 6кА MVA31-1-025-C ИЭК,8.00000,NEW Класс C,,,0,3.00000,ШТ,2026-03-23 00:00:00,EKS000005784,СП,ME-103-03-I-20,WH1,0.36000,КГ,7.00000,,,,,,,0.00000,0.00000,n.bezrukov,Пакет интерфейса поставки:8719cf4e-55e6-4aa9-9095-ce2b74842481,2026-03-23 17:39:58,321173,1996801,2566430,0,ЭКС,,3845120,,,,Годен,,,,
2531962,320691,New,End,,,2566432,,2.00000,ШТ,СМ,,RECV-01,WH1,8.00000,12973,,Реле РТИ-3359 электротепловое 48-65А ИЭК,13.00000,NEW Класс C,,,0,2.00000,ШТ,2026-03-23 00:00:00,EKS000005784,СП,ME-101-04-A-20,WH1,0.96000,КГ,9.00000,,,,,,,0.00000,0.00000,n.bezrukov,Пакет интерфейса поставки:8719cf4e-55e6-4aa9-9095-ce2b74842481,2026-03-23 17:39:58,321173,1996799,2566432,0,ЭКС,,3845122,,,,Годен,,,,
2531963,320691,New,End,,,2566434,,1.00000,ШТ,СМ,,RECV-01,WH1,6.00000,12969,,Реле РТИ-2355 электротепловое 28-36А ИЭК,9.60000,NEW Класс C,,,0,1.00000,ШТ,2026-03-23 00:00:00,EKS000005784,СП,ME-103-04-I-20,WH1,0.08000,КГ,7.80000,,,,,,,0.00000,0.00000,n.bezrukov,Пакет интерфейса поставки:8719cf4e-55e6-4aa9-9095-ce2b74842481,2026-03-23 17:39:58,321173,1996800,2566434,0,ЭКС,,3845124,,,,Годен,,,,
2531964,320691,New,End,,,2566436,,1.00000,ШТ,СМ,,RECV-01,WH1,4.80000,48091,,"Реле РТИ-1304 электротепловое 0,4-0,63 А ИЭК",10.00000,NEW Класс C,,,0,1.00000,ШТ,2026-03-23 00:00:00,EKS000005784,СП,ME-201-05-B-60,WH1,0.30000,КГ,7.00000,,,,,,,0.00000,0.00000,n.bezrukov,Пакет интерфейса поставки:8719cf4e-55e6-4aa9-9095-ce2b74842481,2026-03-23 17:39:58,321173,1996798,2566436,0,ЭКС,,3845126,,,,Годен,,,,
2531965,320691,New,End,,,2566438,,9.00000,ПЧ,СМ,,RECV-01,WH1,4.00000,180121,,Шина нул на DIN-изол ШНИ-6х9-10-Д-Ж ИЭК YNN10-69-10D-K05,25.00000,NEW Класс B,,,0,180.00000,ШТ,2026-03-23 00:00:00,EKS000005784,СП,ME-208-03-E-30,WH1,18.00000,КГ,10.00000,,,,,,,0.00000,0.00000,n.bezrukov,Пакет интерфейса поставки:8719cf4e-55e6-4aa9-9095-ce2b74842481,2026-03-23 17:39:58,321173,1996806,2566438,0,ЭКС,,3845128,,,,Годен,,,,
2531966,320691,New,End,,,2566442,,6.00000,ШТ,СМ,,RECV-01,WH1,3.00000,749768,,"Розетка 1хRJ45 компьютерная, UTP CAT5E Valena Белый DIY (774238)",8.00000,NEW Класс C,,,0,6.00000,ШТ,2026-03-23 00:00:00,EKS000005784,СП,ME-101-06-A-20,WH1,1.80000,КГ,8.00000,,,,,,,0.00000,0.00000,n.bezrukov,Пакет интерфейса поставки:8719cf4e-55e6-4aa9-9095-ce2b74842481,2026-03-23 17:39:58,321173,1996794,2566442,0,ЭКС,,3845133,,,,Годен,,,,
2531967,320691,New,End,,,2566444,,1.00000,ШТ,СМ,,RECV-01,WH1,1.00000,198336,,Рамка 2п белый Etika 672502,20.00000,NEW Класс C,,,0,1.00000,ШТ,2026-03-23 00:00:00,EKS000005784,СП,ME-122-02-B-50,WH1,0.08000,КГ,9.00000,,,,,,,0.00000,0.00000,n.bezrukov,Пакет интерфейса поставки:8719cf4e-55e6-4aa9-9095-ce2b74842481,2026-03-23 17:39:58,321173,1996805,2566444,0,ЭКС,,3845135,,,,Годен,,,,
2531968,320691,New,End,,,2566447,,4.00000,ШТ,СМ,,RECV-01,WH1,6.00000,206954,,Удлинитель У03 3 места 2Р+РЕ/3метра 16А/250В ИЭК,20.00000,NEW Класс C,,,0,4.00000,ШТ,2026-03-23 00:00:00,EKS000005784,СП,ME-206-05-B-40,WH1,1.60000,КГ,6.00000,,,,,,,0.00000,0.00000,n.bezrukov,Пакет интерфейса поставки:8719cf4e-55e6-4aa9-9095-ce2b74842481,2026-03-23 17:39:58,321173,1996803,2566447,0,ЭКС,,3845138,,,,Годен,,,,
2531969,320691,New,End,,,2566449,,8.00000,ПЧ,СМ,,RECV-01,WH1,9.50000,198336,,Рамка 2п белый Etika 672502,39.00000,NEW Класс C,,,0,80.00000,ШТ,2026-03-23 00:00:00,EKS000005784,СП,ME-122-02-B-50,WH1,3.20000,КГ,12.00000,,,,,,,0.00000,0.00000,n.bezrukov,Пакет интерфейса поставки:8719cf4e-55e6-4aa9-9095-ce2b74842481,2026-03-23 17:39:58,321173,1996805,2566449,0,ЭКС,,3845141,,,,Годен,,,,
2531970,320691,New,End,,,2566451,,5.00000,ШТ,СМ,,RECV-01,WH1,4.00000,576234,,BRITE Выключ. 2-кл. 10А ВС10-2-0-БрЧ черн. IEK,7.00000,NEW Класс C,,,0,5.00000,ШТ,2026-03-23 00:00:00,EKS000005784,СП,ME-213-07-B-10,WH1,0.30000,КГ,7.00000,,,,,,,0.00000,0.00000,n.bezrukov,Пакет интерфейса поставки:8719cf4e-55e6-4aa9-9095-ce2b74842481,2026-03-23 17:39:58,321173,1996796,2566451,0,ЭКС,,3845143,,,,Годен,,,,
2531971,320690,New,End,,,2566452,,3.00000,ШТ,СМ,,RECV-01,WH1,1.80000,675572,,"Верт. заземлитель 1500 мм, D16 мм NE1202",150.00000,NEW Длинные 2 м,,,0,3.00000,ШТ,2026-03-27 00:00:00,EKS000005783,СП,ZX-19-25-C-15,WH1,4.50000,КГ,1.80000,,,,,,,0.00000,0.00000,a.manokhin,Пакет интерфейса поставки:8719cf4e-55e6-4aa9-9095-ce2b74842481,2026-03-23 17:39:48,321171,1996780,2566452,0,ЭКС,,3845144,,,,Годен,,,,
2531972,320691,New,End,,,2566453,,9.00000,ПЧ,СМ,,RECV-01,WH1,9.00000,576234,,BRITE Выключ. 2-кл. 10А ВС10-2-0-БрЧ черн. IEK,22.00000,NEW Класс C,,,0,90.00000,ШТ,2026-03-23 00:00:00,EKS000005784,СП,ME-213-07-B-10,WH1,4.50000,КГ,14.00000,,,,,,,0.00000,0.00000,n.bezrukov,Пакет интерфейса поставки:8719cf4e-55e6-4aa9-9095-ce2b74842481,2026-03-23 17:39:58,321173,1996796,2566453,0,ЭКС,,3845145,,,,Годен,,,,
2531973,320691,New,End,,,2566456,,9.00000,ШТ,СМ,,RECV-01,WH1,23.00000,634329,,Корпус навес (300х300х200) ЩМП-30.30.20 УХЛ1 IP66 IEK,33.00000,NEW Класс C,,,0,9.00000,ШТ,2026-03-23 00:00:00,EKS000005784,СП,ZX-04-04-A-10,WH1,58.50000,КГ,31.00000,,,,,,,0.00000,0.00000,n.bezrukov,Пакет интерфейса поставки:8719cf4e-55e6-4aa9-9095-ce2b74842481,2026-03-23 17:39:58,321173,1996795,2566456,0,ЭКС,,3845148,,,,Годен,,,,
2531974,320691,New,End,,,2566458,,1.00000,КР,СМ,,RECV-01,WH1,12.50000,118798,,Шина соед. типа PIN (штырь) 1Р 63А (дл.1м) ИЭК YNS21-1-063,102.00000,NEW Класс A,,,0,200.00000,ШТ,2026-03-23 00:00:00,EKS000005784,СП,ZX-03-05-C-15,WH1,36.30000,КГ,22.00000,,,,,,,0.00000,0.00000,n.bezrukov,Пакет интерфейса поставки:8719cf4e-55e6-4aa9-9095-ce2b74842481,2026-03-23 17:39:58,321173,1996808,2566458,0,ЭКС,,3845150,,,,Годен,,,,
2531975,320692,New,End,,,2566383,,20.00000,ББ,СМ,4712-12-31 00:00:00,RECV-01,WH1,14.00000,2119,,Труба  ПВХ  d32 гибкая лёгкая с протяжкой ( 25 м) ДКС цвет серый 91932,55.00000,NEW Гофротруба BIG,25,,0,500.00000,М,2026-03-27 00:00:00,EKS000005782,СП,ZX-20-02-A-20,WH1,160.00000,КГ,55.00000,,,,,,,0.00000,0.00000,a.manokhin,Пакет интерфейса поставки:6c948875-7e3b-4846-a3d7-f91a0522731c,2026-03-23 17:43:38,321170,1996754,2566383,0,ЭКС,,3845061,,,,Годен,,,,
2531976,320692,New,End,,,2566411,,2.00000,КР,СМ,,RECV-01,WH1,19.00000,632571,,"Хомут P6.6 стандартный, черный 3,6х300 25310SR_уп (уп.100шт)",56.00000,NEW Класс A,,,0,200.00000,УП,2026-03-27 00:00:00,EKS000005782,СП,ME-121-04-D-10,WH1,20.00000,КГ,40.00000,,,,,,,0.00000,0.00000,a.manokhin,Пакет интерфейса поставки:6c948875-7e3b-4846-a3d7-f91a0522731c,2026-03-23 17:43:38,321170,1996761,2566411,0,ЭКС,,3845099,,,,Годен,,,,
2531977,320692,New,End,,,2566416,,12.00000,КР,СМ,,RECV-01,WH1,19.00000,290586,,"Держатель-клипса для монтажного пистолета, д.20мм, серый",27.00000,NEW Класс A,,,0,9600.00000,ШТ,2026-03-27 00:00:00,EKS000005782,СП,ME-123-06-A-10,WH1,18.00000,КГ,23.00000,,,,,,,0.00000,0.00000,a.manokhin,Пакет интерфейса поставки:6c948875-7e3b-4846-a3d7-f91a0522731c,2026-03-23 17:43:38,321170,1996759,2566416,0,ЭКС,,3845105,,,,Годен,,,,
2531978,320692,New,End,,,2566421,,5.00000,ПЧ,СМ,,RECV-01,WH1,20.00000,355801,,"Розетка модульная 2P+E, с з/ш, Avanti  ""Белое облако"" 2 мод",26.00000,NEW Класс C,,,0,50.00000,ШТ,2026-03-27 00:00:00,EKS000005782,СП,ME-214-07-F-10,WH1,1.50000,КГ,9.00000,,,,,,,0.00000,0.00000,a.manokhin,Пакет интерфейса поставки:6c948875-7e3b-4846-a3d7-f91a0522731c,2026-03-23 17:43:38,321170,1996758,2566421,0,ЭКС,,3845111,,,,Годен,,,,
2531979,320692,New,End,,,2566424,,1.00000,ПЧ,СМ,,RECV-01,WH1,9.00000,355807,,"Рамка-суппорт Avanti белый для ""In-liner Front"" 6 мод. 4400916",26.00000,NEW Класс C,,,0,10.00000,ШТ,2026-03-27 00:00:00,EKS000005782,СП,ME-114-05-D-20,WH1,0.40000,КГ,19.00000,,,,,,,0.00000,0.00000,a.manokhin,Пакет интерфейса поставки:6c948875-7e3b-4846-a3d7-f91a0522731c,2026-03-23 17:43:38,321170,1996756,2566424,0,ЭКС,,3845114,,,,Годен,,,,
2531980,320692,New,End,,,2566429,,8.00000,ШТ,СМ,,RECV-01,WH1,2.00000,355806,,"Рамка-суппорт Avanti белый для ""In-liner Front"" 4мод. 4400914",13.00000,NEW Класс C,,,0,8.00000,ШТ,2026-03-27 00:00:00,EKS000005782,СП,ME-212-06-D-50,WH1,0.08000,КГ,7.00000,,,,,,,0.00000,0.00000,a.manokhin,Пакет интерфейса поставки:6c948875-7e3b-4846-a3d7-f91a0522731c,2026-03-23 17:43:38,321170,1996757,2566429,0,ЭКС,,3845119,,,,Годен,,,,
2531981,320692,New,End,,,2566431,,4.00000,ПЧ,СМ,,RECV-01,WH1,7.00000,290586,,"Держатель-клипса для монтажного пистолета, д.20мм, серый",26.00000,NEW Класс A,,,0,400.00000,ШТ,2026-03-27 00:00:00,EKS000005782,СП,ME-206-04-L-50,WH1,0.80000,КГ,13.00000,,,,,,,0.00000,0.00000,a.manokhin,Пакет интерфейса поставки:6c948875-7e3b-4846-a3d7-f91a0522731c,2026-03-23 17:43:38,321170,1996759,2566431,0,ЭКС,,3845121,,,,Годен,,,,
2531982,320692,New,End,,,2566435,,3.00000,ШТ,СМ,,RECV-01,WH1,2.00000,355807,,"Рамка-суппорт Avanti белый для ""In-liner Front"" 6 мод. 4400916",19.00000,NEW Класс C,,,0,3.00000,ШТ,2026-03-27 00:00:00,EKS000005782,СП,ME-114-05-D-20,WH1,0.03000,КГ,7.00000,,,,,,,0.00000,0.00000,a.manokhin,Пакет интерфейса поставки:6c948875-7e3b-4846-a3d7-f91a0522731c,2026-03-23 17:43:38,321170,1996756,2566435,0,ЭКС,,3845125,,,,Годен,,,,
2531983,320692,New,End,,,2566439,,2.00000,ШТ,СМ,,RECV-01,WH1,12.00000,159539,,"Башенка напольная BUS, 12 мод., черная RAL7016 09090",22.00000,NEW Класс C,,,0,2.00000,ШТ,2026-03-27 00:00:00,EKS000005782,СП,ME-123-02-C-50,WH1,1.00000,КГ,13.00000,,,,,,,0.00000,0.00000,a.manokhin,Пакет интерфейса поставки:6c948875-7e3b-4846-a3d7-f91a0522731c,2026-03-23 17:43:38,321170,1996760,2566439,0,ЭКС,,3845129,,,,Годен,,,,
2531984,320692,New,End,,,2566440,,3.00000,ПЧ,СМ,,RECV-01,WH1,8.00000,360422,,"Рамка-суппорт Avanti белый для ""In-liner Front"" 2мод. 4400912",19.50000,NEW Класс C,,,0,30.00000,ШТ,2026-03-27 00:00:00,EKS000005782,СП,ME-219-02-A-20,WH1,0.30000,КГ,15.00000,,,,,,,0.00000,0.00000,a.manokhin,Пакет интерфейса поставки:6c948875-7e3b-4846-a3d7-f91a0522731c,2026-03-23 17:43:38,321170,1996755,2566440,0,ЭКС,,3845130,,,,Годен,,,,
2531985,320692,New,End,,,2566443,,1.00000,ПЧ,СМ,,RECV-01,WH1,9.00000,355806,,"Рамка-суппорт Avanti белый для ""In-liner Front"" 4мод. 4400914",24.00000,NEW Класс C,,,0,10.00000,ШТ,2026-03-27 00:00:00,EKS000005782,СП,ME-212-06-D-50,WH1,0.30000,КГ,20.00000,,,,,,,0.00000,0.00000,a.manokhin,Пакет интерфейса поставки:6c948875-7e3b-4846-a3d7-f91a0522731c,2026-03-23 17:43:38,321170,1996757,2566443,0,ЭКС,,3845134,,,,Годен,,,,
2531986,320692,New,End,,,2566445,,5.00000,УП,СМ,,RECV-01,WH1,1.00000,630132,,"Хомут P6.6 стандартный, белый 2,5х100 25203SR_уп100шт",10.00000,NEW Класс C,,,0,5.00000,УП,2026-03-27 00:00:00,EKS000005782,СП,ME-205-03-K-30,WH1,0.25000,КГ,8.00000,,,,,,,0.00000,0.00000,a.manokhin,Пакет интерфейса поставки:6c948875-7e3b-4846-a3d7-f91a0522731c,2026-03-23 17:43:38,321170,1996762,2566445,0,ЭКС,,3845136,,,,Годен,,,,
2531987,320693,New,End,,,2566483,,2.00000,ШТ,СМ,,RECV-01,WH1,20.00000,715541,,Система Neptun PROFI Base 1/2,20.00000,NEW Заказной товар,,,0,2.00000,ШТ,2026-03-23 00:00:00,EKS000005793,СП,ME-102-03-B-20,WH1,5.00000,КГ,12.00000,,,,,,,0.00000,0.00000,a.manokhin,Пакет интерфейса поставки:af98c117-093a-4446-aff6-fbc774fedfdb,2026-03-23 18:27:39,321183,1996859,2566483,0,ЭКС,,3845239,,,,Годен,,,,
2531988,320695,New,End,,,2566484,,1.00000,КТ,СМ,,RECV-01,WH1,7.00000,569454,,Комплект колесиков BFT/EVUR для конвекторов Ballu Evolution Transformer,25.00000,NEW Заказной товар,,,0,1.00000,КТ,2026-03-23 00:00:00,EKS000005794,СП,ME-102-04-J-20,WH1,0.35000,КГ,12.00000,,,,,,,0.00000,0.00000,a.manokhin,Пакет интерфейса поставки:8500010d-c254-4e3c-98a3-70e8a4e44cac,2026-03-23 18:29:56,321184,1996861,2566484,0,ЭКС,,3845243,,,,Годен,,,,
2531989,320695,New,End,,,2566485,,1.00000,ШТ,СМ,,RECV-01,WH1,9.00000,883798,,Блок управления Transformer Mechanic Ballu BCT/EVU-3M,16.00000,NEW Заказной товар,,,0,1.00000,ШТ,2026-03-23 00:00:00,EKS000005794,СП,ME-102-06-J-20,WH1,0.36000,КГ,10.00000,,,,,,,0.00000,0.00000,a.manokhin,Пакет интерфейса поставки:8500010d-c254-4e3c-98a3-70e8a4e44cac,2026-03-23 18:29:56,321184,1996863,2566485,0,ЭКС,,3845244,,,,Годен,,,,
2531990,320694,New,End,,,2566486,,3.00000,ШТ,СМ,,RECV-01,WH1,6.00000,512007,,Термостат механический BALLU BMT-1,9.00000,NEW Заказной товар,,,0,3.00000,ШТ,2026-03-23 00:00:00,EKS000005792,СП,ME-102-07-J-40,WH1,0.90000,КГ,9.00000,,,,,,,0.00000,0.00000,a.manokhin,Пакет интерфейса поставки:8500010d-c254-4e3c-98a3-70e8a4e44cac,2026-03-23 18:29:48,321182,1996858,2566486,0,ЭКС,,3845245,,,,Годен,,,,
2531991,320695,New,End,,,2566487,,15.00000,ШТ,СМ,,RECV-01,WH1,2.00000,705728,,Кронштейн универсальный CWM-02 для монтажа конвектора на стену,30.00000,NEW Заказной товар,,,0,15.00000,ШТ,2026-03-23 00:00:00,EKS000005794,СП,ME-103-04-K-20,WH1,0.45000,КГ,6.00000,,,,,,,0.00000,0.00000,a.manokhin,Пакет интерфейса поставки:8500010d-c254-4e3c-98a3-70e8a4e44cac,2026-03-23 18:29:56,321184,1996860,2566487,0,ЭКС,,3845246,,,,Годен,,,,
2531992,320695,New,End,,,2566488,,18.00000,ШТ,СМ,,RECV-01,WH1,13.00000,559175,,Конвектор Ballu Camino Eco Turbo BEC/EMT-1000,45.00000,NEW Заказной товар,,,0,18.00000,ШТ,2026-03-23 00:00:00,EKS000005794,СП,ZX-14-21-C-20,WH1,59.40000,КГ,42.00000,,,,,,,0.00000,0.00000,a.manokhin,Пакет интерфейса поставки:8500010d-c254-4e3c-98a3-70e8a4e44cac,2026-03-23 18:29:56,321184,1996862,2566488,0,ЭКС,,3845248,,,,Годен,,,,
2531993,320694,New,End,,,2566489,,4.00000,КТ,СМ,,RECV-01,WH1,4.00000,569198,,Комплект фильтров Pre-filter+HEPA+Carbon FPHC-107 для очистителей воздуха BALLU AP-107,39.00000,NEW Заказной товар,,,0,4.00000,КТ,2026-03-23 00:00:00,EKS000005792,СП,ME-119-06-F-30,WH1,2.20000,КГ,24.00000,,,,,,,0.00000,0.00000,a.manokhin,Пакет интерфейса поставки:8500010d-c254-4e3c-98a3-70e8a4e44cac,2026-03-23 18:29:48,321182,1996857,2566489,0,ЭКС,,3845249,,,,Годен,,,,
2531994,320696,New,End,,,CNT02500256,,1.00000,ШТ,СМ,,RECV-01,WH1,4.00000,761671,,"Welrok VIP-63 Реле напряжения с контролем тока 63 А (max 80 A), 13 900 ВА",9.00000,NEW Брак,,,0,1.00000,ШТ,2026-03-24 00:00:00,EKS000005795,СП,ME-301-03-F-40,WH1,0.40000,КГ,7.00000,,,,,,,0.00000,0.00000,r.sagaidak,Пакет интерфейса поставки:c880d020-b85a-494c-9773-071215a59012,2026-03-24 08:32:49,321185,1996864,2566490,0,ЭКС,,3845300,,,,Брак,01,02,,
2531995,320697,New,End,,,2566491,,200.00000,М,СМ,4712-12-31 00:00:00,RECV-01,WH1,0.90000,199097,,"Кабель КСРВнг(А)-FRLS 4х0,5 мм (0,2 мм кв.)",100.00000,NEW Кабель и провод,200,,0,200.00000,М,2026-03-23 00:00:00,EKS000005796,СП,ZX-09-23-A-15,WH1,26.00000,КГ,0.90000,,,,,,,0.00000,0.00000,a.manokhin,Пакет интерфейса поставки:de15ba28-fe71-40b4-a08a-fdcaef5eeb01,2026-03-24 08:46:55,321186,1996865,2566491,0,ЭКС,,3845308,,,,Годен,,,,
2531996,320698,New,End,,,CNT02573045,,100.00000,М,СМ,4712-12-31 00:00:00,RECV-01,WH1,0.40000,608394,,"Кабель КСВВнг(А)-LS 2х2х0,8",100.00000,NEW Кабель и провод нест,CNT02573045,,0,100.00000,М,2026-03-23 00:00:00,EKS000005797,СП,ZX-09-17-A-10,WH1,2.00000,КГ,0.40000,,,,,,,0.00000,0.00000,a.manokhin,Пакет интерфейса поставки:de15ba28-fe71-40b4-a08a-fdcaef5eeb01,2026-03-24 08:47:02,321187,1996866,2566492,0,ЭКС,,3845309,,,,Годен,,,,
2531997,320699,New,End,,,2566495,,1.00000,ШТ,СМ,,RECV-01,WH1,23.00000,695764,,"Кабель NETLAN F/UTP 4 пары, Кат.5e (Класс D), 100МГц, одножильный, BC (чистая медь), внешний, PE до",42.00000,NEW Заказной товар,,,0,1.00000,ШТ,2026-03-23 00:00:00,EKS000005798,СП,ME-111-02-D-40,WH1,15.00000,КГ,42.00000,,,,,,,0.00000,0.00000,a.savitskiy,Пакет интерфейса поставки:3debb9af-13f1-4656-aedb-1fbb061c77c4,2026-03-24 08:58:50,321188,1996868,2566495,0,ЭКС,,3845314,,,,Годен,,,,
2531998,320699,New,End,,,2566496,,1.00000,КР,СМ,,RECV-01,WH1,35.50000,698785,,"Кабель NIKOLAN SF/UTP 4 пары, Кат.5e (Класс D), тест по ISO/IEC, 100МГц, одножильный, BC (чистая мед",56.00000,NEW Заказной товар,,,0,2.00000,ШТ,2026-03-23 00:00:00,EKS000005798,СП,ZX-15-36-B-10,WH1,33.70000,КГ,36.00000,,,,,,,0.00000,0.00000,a.savitskiy,Пакет интерфейса поставки:3debb9af-13f1-4656-aedb-1fbb061c77c4,2026-03-24 08:58:50,321188,1996867,2566496,0,ЭКС,,3845320,,,,Годен,,,,
2531999,320700,New,End,,,2566493,,5.00000,ШТ,СМ,,RECV-01,WH1,10.00000,12338,,Пускатель ПБР-3А бесконтактный реверс.,26.00000,NEW Заказной товар,,,0,5.00000,ШТ,2026-03-23 00:00:00,EKS000005799,СП,ME-116-02-A-30,WH1,3.50000,КГ,22.00000,,,,,,,0.00000,0.00000,a.manokhin,Пакет интерфейса поставки:03e6d6ba-b935-480e-b16d-e83f0ead6625,2026-03-24 10:12:58,321189,1996869,2566493,0,ЭКС,,3845312,,,,Годен,,,,
2532000,320701,New,End,,,2566494,,1.00000,ШТ,СМ,,RECV-01,WH1,17.00000,596927,,"Комплект радиоуправления TOR F21-E1B (380В, 6 кнопок)",32.00000,NEW Заказной товар,,,0,1.00000,ШТ,2026-03-24 00:00:00,EKS000005800,СП,ME-219-06-D-30,WH1,0.50000,КГ,20.00000,,,,,,,0.00000,0.00000,r.sagaidak,Пакет интерфейса поставки:628c2541-4491-41c0-9dab-88130590c436,2026-03-24 10:26:57,321190,1996870,2566494,0,ЭКС,,3845313,,,,Годен,,,,
2532001,320702,New,End,,,2566596,,4.00000,ШТ,СМ,,RECV-01,WH1,8.00000,855136,,Светильник Ex-ДСО 01-45-850-Д120,120.00000,NEW Заказной товар,,,0,4.00000,ШТ,2026-03-24 00:00:00,EKS000005809,СП,ZX-15-31-A-15,WH1,9.20000,КГ,11.00000,,,,,,,0.00000,0.00000,a.manokhin,Пакет интерфейса поставки:d44d3457-0570-4c68-9d0f-1bfaa6e7f542,2026-03-24 10:31:08,321199,1996971,2566596,0,ЭКС,,3845511,,,,Годен,,,,
2532002,320703,New,End,,,2566504,,1.00000,ПЧ,СМ,,RECV-01,WH1,9.00000,810886,,Рамка 2пост   Черный матовый   /Voltum,20.50000,NEW Класс C,,,0,10.00000,ШТ,2026-03-24 00:00:00,EKS000005804,СП,ME-102-04-J-40,WH1,0.27000,КГ,9.50000,,,,,,,0.00000,0.00000,a.savitskiy,Пакет интерфейса поставки:34b44880-6f4a-4b41-b8bf-e0ab291081b5,2026-03-24 10:32:50,321194,1996939,2566504,0,ЭКС,,3845377,,,,Годен,,,,
2532003,320703,New,End,,,2566508,,2.00000,ШТ,СМ,,RECV-01,WH1,1.00000,813223,,Рамка 4пост  Кашемир    /Voltum,30.00000,NEW Заказной товар,,,0,2.00000,ШТ,2026-03-24 00:00:00,EKS000005804,СП,ME-124-04-C-30,WH1,0.06000,КГ,8.00000,,,,,,,0.00000,0.00000,a.savitskiy,Пакет интерфейса поставки:34b44880-6f4a-4b41-b8bf-e0ab291081b5,2026-03-24 10:32:50,321194,1996947,2566508,0,ЭКС,,3845386,,,,Годен,,,,
2532004,320703,New,End,,,2566510,,3.00000,ШТ,СМ,,RECV-01,WH1,0.50000,813225,,Рамка 3пост  Черный матовый   /Voltum,24.00000,NEW Класс C,,,0,3.00000,ШТ,2026-03-24 00:00:00,EKS000005804,СП,ME-102-07-E-20,WH1,0.15000,КГ,8.00000,,,,,,,0.00000,0.00000,a.savitskiy,Пакет интерфейса поставки:34b44880-6f4a-4b41-b8bf-e0ab291081b5,2026-03-24 10:32:50,321194,1996945,2566510,0,ЭКС,,3845388,,,,Годен,,,,
2532005,320703,New,End,,,2566512,,5.00000,ШТ,СМ,,RECV-01,WH1,0.60000,810886,,Рамка 2пост   Черный матовый   /Voltum,15.00000,NEW Класс C,,,0,5.00000,ШТ,2026-03-24 00:00:00,EKS000005804,СП,ME-102-04-J-40,WH1,0.05000,КГ,8.00000,,,,,,,0.00000,0.00000,a.savitskiy,Пакет интерфейса поставки:34b44880-6f4a-4b41-b8bf-e0ab291081b5,2026-03-24 10:32:50,321194,1996939,2566512,0,ЭКС,,3845390,,,,Годен,,,,
2532006,320703,New,End,,,2566516,,4.00000,ШТ,СМ,,RECV-01,WH1,4.00000,818798,,Переключатель проходной 2кл  Черный матовый   /Voltum,7.50000,NEW Класс C,,,0,4.00000,ШТ,2026-03-24 00:00:00,EKS000005804,СП,ME-204-05-I-20,WH1,0.32000,КГ,7.50000,,,,,,,0.00000,0.00000,a.savitskiy,Пакет интерфейса поставки:34b44880-6f4a-4b41-b8bf-e0ab291081b5,2026-03-24 10:32:50,321194,1996942,2566516,0,ЭКС,,3845394,,,,Годен,,,,
2532007,320703,New,End,,,2566519,,2.00000,ШТ,СМ,,RECV-01,WH1,4.00000,831367,,Переключатель   2кл  Графит    /Voltum,8.00000,NEW Класс C,,,0,2.00000,ШТ,2026-03-24 00:00:00,EKS000005804,СП,ME-112-03-B-40,WH1,0.16000,КГ,8.00000,,,,,,,0.00000,0.00000,a.savitskiy,Пакет интерфейса поставки:34b44880-6f4a-4b41-b8bf-e0ab291081b5,2026-03-24 10:32:50,321194,1996935,2566519,0,ЭКС,,3845397,,,,Годен,,,,
2532008,320703,New,End,,,2566520,,1.00000,ШТ,СМ,,RECV-01,WH1,4.00000,828498,,Терморегулятор механический Кашемир    /Voltum,8.00000,NEW Заказной товар,,,0,1.00000,ШТ,2026-03-24 00:00:00,EKS000005804,СП,ME-102-08-A-30,WH1,0.15000,КГ,8.00000,,,,,,,0.00000,0.00000,a.savitskiy,Пакет интерфейса поставки:34b44880-6f4a-4b41-b8bf-e0ab291081b5,2026-03-24 10:32:50,321194,1996936,2566520,0,ЭКС,,3845398,,,,Годен,,,,
2532009,320703,New,End,,,2566522,,2.00000,ШТ,СМ,,RECV-01,WH1,4.00000,811015,,Переключатель   1кл  Графит    /Voltum,7.00000,NEW Класс C,,,0,2.00000,ШТ,2026-03-24 00:00:00,EKS000005804,СП,ME-102-08-E-30,WH1,0.30000,КГ,7.00000,,,,,,,0.00000,0.00000,a.savitskiy,Пакет интерфейса поставки:34b44880-6f4a-4b41-b8bf-e0ab291081b5,2026-03-24 10:32:50,321194,1996938,2566522,0,ЭКС,,3845400,,,,Годен,,,,
2532010,320703,New,End,,,2566524,,3.00000,ШТ,СМ,,RECV-01,WH1,4.00000,813219,,Выключатель 2кл  Черный матовый   /Voltum,7.00000,NEW Класс C,,,0,3.00000,ШТ,2026-03-24 00:00:00,EKS000005804,СП,ME-204-04-B-30,WH1,0.30000,КГ,7.00000,,,,,,,0.00000,0.00000,a.savitskiy,Пакет интерфейса поставки:34b44880-6f4a-4b41-b8bf-e0ab291081b5,2026-03-24 10:32:50,321194,1996934,2566524,0,ЭКС,,3845402,,,,Годен,,,,
2532011,320703,New,End,,,2566525,,2.00000,ШТ,СМ,,RECV-01,WH1,4.00000,813227,,Розетка TV+SATоконечная Кашемир    /Voltum,7.00000,NEW Заказной товар,,,0,2.00000,ШТ,2026-03-24 00:00:00,EKS000005804,СП,ME-103-02-C-30,WH1,0.12000,КГ,7.00000,,,,,,,0.00000,0.00000,a.savitskiy,Пакет интерфейса поставки:34b44880-6f4a-4b41-b8bf-e0ab291081b5,2026-03-24 10:32:50,321194,1996943,2566525,0,ЭКС,,3845403,,,,Годен,,,,
2532012,320703,New,End,,,2566528,,7.00000,ПЧ,СМ,,RECV-01,WH1,9.00000,813216,,Розетка с ЗК Черный матовый   /Voltum,39.50000,NEW Класс C,,,0,70.00000,ШТ,2026-03-24 00:00:00,EKS000005804,СП,ME-125-05-A-40,WH1,8.40000,КГ,9.00000,,,,,,,0.00000,0.00000,a.savitskiy,Пакет интерфейса поставки:34b44880-6f4a-4b41-b8bf-e0ab291081b5,2026-03-24 10:32:50,321194,1996937,2566528,0,ЭКС,,3845408,,,,Годен,,,,
2532013,320703,New,End,,,2566529,,1.00000,ПЧ,СМ,,RECV-01,WH1,9.00000,813225,,Рамка 3пост  Черный матовый   /Voltum,27.50000,NEW Класс C,,,0,10.00000,ШТ,2026-03-24 00:00:00,EKS000005804,СП,ME-102-07-E-20,WH1,0.36000,КГ,9.50000,,,,,,,0.00000,0.00000,a.savitskiy,Пакет интерфейса поставки:34b44880-6f4a-4b41-b8bf-e0ab291081b5,2026-03-24 10:32:50,321194,1996945,2566529,0,ЭКС,,3845414,,,,Годен,,,,
2532014,320703,New,End,,,2566530,,1.00000,ПЧ,СМ,,RECV-01,WH1,9.00000,810886,,Рамка 2пост   Черный матовый   /Voltum,20.50000,NEW Класс C,,,0,10.00000,ШТ,2026-03-24 00:00:00,EKS000005804,СП,ME-102-04-J-40,WH1,0.27000,КГ,9.50000,,,,,,,0.00000,0.00000,a.savitskiy,Пакет интерфейса поставки:34b44880-6f4a-4b41-b8bf-e0ab291081b5,2026-03-24 10:32:50,321194,1996939,2566530,0,ЭКС,,3845415,,,,Годен,,,,
2532015,320703,New,End,,,2566534,,3.00000,ПЧ,СМ,,RECV-01,WH1,9.00000,813224,,Рамка 1пост  Черный матовый   /Voltum,14.00000,NEW Класс C,,,0,30.00000,ШТ,2026-03-24 00:00:00,EKS000005804,СП,ME-204-04-J-50,WH1,0.60000,КГ,9.00000,,,,,,,0.00000,0.00000,a.savitskiy,Пакет интерфейса поставки:34b44880-6f4a-4b41-b8bf-e0ab291081b5,2026-03-24 10:32:50,321194,1996946,2566534,0,ЭКС,,3845419,,,,Годен,,,,
2532016,320703,New,End,,,2566535,,5.00000,ШТ,СМ,,RECV-01,WH1,0.60000,813224,,Рамка 1пост  Черный матовый   /Voltum,8.00000,NEW Класс C,,,0,5.00000,ШТ,2026-03-24 00:00:00,EKS000005804,СП,ME-204-04-J-50,WH1,0.05000,КГ,8.00000,,,,,,,0.00000,0.00000,a.savitskiy,Пакет интерфейса поставки:34b44880-6f4a-4b41-b8bf-e0ab291081b5,2026-03-24 10:32:50,321194,1996946,2566535,0,ЭКС,,3845420,,,,Годен,,,,
2532017,320703,New,End,,,2566540,,2.00000,ПЧ,СМ,,RECV-01,WH1,9.00000,813216,,Розетка с ЗК Черный матовый   /Voltum,39.50000,NEW Класс C,,,0,20.00000,ШТ,2026-03-24 00:00:00,EKS000005804,СП,ME-125-05-A-40,WH1,2.40000,КГ,9.00000,,,,,,,0.00000,0.00000,a.savitskiy,Пакет интерфейса поставки:34b44880-6f4a-4b41-b8bf-e0ab291081b5,2026-03-24 10:32:50,321194,1996937,2566540,0,ЭКС,,3845427,,,,Годен,,,,
2532018,320703,New,End,,,2566541,,3.00000,ПЧ,СМ,,RECV-01,WH1,9.00000,810878,,Выключатель 1кл  Черный матовый   /Voltum,40.00000,NEW Класс C,,,0,30.00000,ШТ,2026-03-24 00:00:00,EKS000005804,СП,ME-222-02-E-20,WH1,2.40000,КГ,9.00000,,,,,,,0.00000,0.00000,a.savitskiy,Пакет интерфейса поставки:34b44880-6f4a-4b41-b8bf-e0ab291081b5,2026-03-24 10:32:50,321194,1996940,2566541,0,ЭКС,,3845428,,,,Годен,,,,
2532019,320703,New,End,,,2566543,,6.00000,ШТ,СМ,,RECV-01,WH1,1.00000,813226,,Рамка 4пост  Черный матовый   /Voltum,30.00000,NEW Класс C,,,0,6.00000,ШТ,2026-03-24 00:00:00,EKS000005804,СП,ME-204-03-G-20,WH1,0.18000,КГ,8.00000,,,,,,,0.00000,0.00000,a.savitskiy,Пакет интерфейса поставки:34b44880-6f4a-4b41-b8bf-e0ab291081b5,2026-03-24 10:32:50,321194,1996944,2566543,0,ЭКС,,3845430,,,,Годен,,,,
2532020,320703,New,End,,,2566545,,5.00000,ШТ,СМ,,RECV-01,WH1,3.00000,823076,,"Розетка RJ45 кат,6 Кашемир    /Voltum",7.00000,NEW Класс C,,,0,5.00000,ШТ,2026-03-24 00:00:00,EKS000005804,СП,ME-123-03-A-40,WH1,0.30000,КГ,8.00000,,,,,,,0.00000,0.00000,a.savitskiy,Пакет интерфейса поставки:34b44880-6f4a-4b41-b8bf-e0ab291081b5,2026-03-24 10:32:50,321194,1996941,2566545,0,ЭКС,,3845432,,,,Годен,,,,
2532021,320703,New,End,,,2566563,,1.00000,ПЧ,СМ,,RECV-01,WH1,9.00000,813219,,Выключатель 2кл  Черный матовый   /Voltum,38.00000,NEW Класс C,,,0,10.00000,ШТ,2026-03-24 00:00:00,EKS000005804,СП,ME-104-02-E-30,WH1,0.87000,КГ,9.00000,,,,,,,0.00000,0.00000,a.savitskiy,Пакет интерфейса поставки:34b44880-6f4a-4b41-b8bf-e0ab291081b5,2026-03-24 10:32:50,321194,1996934,2566563,0,ЭКС,,3845456,,,,Годен,,,,
2532022,320703,New,End,,,2566564,,6.00000,ШТ,СМ,,RECV-01,WH1,2.00000,813221,,"Розетка RJ45 кат,6 Черный матовый   /Voltum",6.00000,NEW Класс C,,,0,6.00000,ШТ,2026-03-24 00:00:00,EKS000005804,СП,ME-201-04-J-30,WH1,0.30000,КГ,6.00000,,,,,,,0.00000,0.00000,a.savitskiy,Пакет интерфейса поставки:34b44880-6f4a-4b41-b8bf-e0ab291081b5,2026-03-24 10:32:50,321194,1996948,2566564,0,ЭКС,,3845457,,,,Годен,,,,
2532023,320703,New,End,,,2566566,,8.00000,ШТ,СМ,,RECV-01,WH1,3.00000,813220,,Переключатель проходной  1кл  Черный матовый   /Voltum,6.00000,NEW Класс C,,,0,8.00000,ШТ,2026-03-24 00:00:00,EKS000005804,СП,ME-214-06-E-60,WH1,0.80000,КГ,6.00000,,,,,,,0.00000,0.00000,a.savitskiy,Пакет интерфейса поставки:34b44880-6f4a-4b41-b8bf-e0ab291081b5,2026-03-24 10:32:50,321194,1996949,2566566,0,ЭКС,,3845459,,,,Годен,,,,
2532024,320704,New,End,,,2566624,,3.00000,ШТ,СМ,,RECV-01,WH1,26.00000,391845,,Комплект из 24 изоляторов опорных ИО8-75-130 У3 ВЕАШ.305660.800-14,60.00000,NEW Заказной товар,,,0,3.00000,ШТ,2026-03-16 00:00:00,EKS000005813,СП,ZX-15-36-A-18,WH1,54.00000,КГ,40.00000,,,,,,,0.00000,0.00000,a.manokhin,Пакет интерфейса поставки:38d2fc49-1391-4848-9a60-d7edfa726b4c,2026-03-24 10:36:59,321203,1996975,2566624,0,ЭКС,,3845553,,,,Годен,,,,
2532025,320705,New,End,,,2566604,,1.00000,ШТ,СМ,,RECV-01,WH1,16.00000,503007,,"IEK ONI Преобразователь частоты A150 380В 3Ф 2,2кВт 6А встр. торм ONI",22.00000,NEW Заказной товар,,,0,1.00000,ШТ,2026-03-26 00:00:00,EKS000005811,СП,ME-114-04-D-30,WH1,2.00000,КГ,21.00000,,,,,,,0.00000,0.00000,a.manokhin,Пакет интерфейса поставки:3095497d-86b1-47a8-8c7a-4c0c2c18ecf7,2026-03-24 10:43:11,321201,1996973,2566604,0,ЭКС,,3845521,,,,Годен,,,,
2532026,320706,New,End,,,2566506,,2.00000,ШТ,СМ,,RECV-01,WH1,8.00000,646082,,"ПКТ-40Б У2, 5А, IP54, кнопка БЛОКИРОВКА с фиксацией (красная), стоп, вверх, вниз, влево, вправо, пос",27.00000,NEW Заказной товар,,,0,2.00000,ШТ,2026-03-23 00:00:00,EKS000005807,СП,ME-101-05-F-30,WH1,0.40000,КГ,8.00000,,,,,,,0.00000,0.00000,n.bezrukov,Пакет интерфейса поставки:abadd5c9-7a0b-4db3-99dc-b45aaacbc367,2026-03-24 10:45:03,321197,1996968,2566506,0,ЭКС,,3845384,,,,Годен,,,,
2532027,320706,New,End,,,2566509,,14.00000,ШТ,СМ,,RECV-01,WH1,8.00000,622114,,"ВП 16Г-23Б-231-55 У2.3, рычаг с роликом, без сальника, ход вправо, cамовозврат, 1з+1р, IP55, выключа",15.00000,NEW Заказной товар,,,0,14.00000,ШТ,2026-03-23 00:00:00,EKS000005807,СП,ME-208-06-D-50,WH1,7.00000,КГ,8.00000,,,,,,,0.00000,0.00000,n.bezrukov,Пакет интерфейса поставки:abadd5c9-7a0b-4db3-99dc-b45aaacbc367,2026-03-24 10:45:03,321197,1996969,2566509,0,ЭКС,,3845387,,,,Годен,,,,
2532028,320707,New,End,,,CNT02571658,,70.00000,М,СМ,4712-12-31 00:00:00,RECV-01,WH1,2.00000,180321,,"Кабель КППГнг(А)-HF 7х1,5",100.00000,NEW Кабель и провод нест,CNT02571658,,0,70.00000,М,2026-03-24 00:00:00,EKS000005821,СП,ZX-11-18-A-10,WH1,21.00000,КГ,2.00000,,,,,,,0.00000,0.00000,a.savitskiy,Пакет интерфейса поставки:5ffa7ffa-7932-42ed-bc61-f13cf3466e2c,2026-03-24 10:47:12,321211,1996987,2566636,0,ЭКС,,3845575,,,,Годен,,,,
2532029,320708,New,End,,,2566593,,5.00000,ШТ,СМ,,RECV-01,WH1,2.00000,790696,,Грозозащита Ethernet с креплением на DIN SNR-SPNet-BP1010-IP20,10.00000,NEW Заказной товар,,,0,5.00000,ШТ,2026-03-21 00:00:00,EKS000005808,СП,ME-202-06-B-50,WH1,0.35000,КГ,10.00000,,,,,,,0.00000,0.00000,a.manokhin,Пакет интерфейса поставки:f7dbbb54-0f27-4d78-8d5e-a8909d0cf1ab,2026-03-24 10:48:53,321198,1996970,2566593,0,ЭКС,,3845507,,,,Годен,,,,
2532030,320709,New,End,,,2566515,,3.00000,ПЧ,СМ,,RECV-01,WH1,1.00000,811324,,"Лента COB-X320-8mm 24V Warm3000 (8 W/m, IP20, 5m) (Arlight, -)",24.00000,NEW Заказной товар,,,0,15.00000,М,2026-03-31 00:00:00,EKS000005803,СП,ME-212-03-A-30,WH1,0.30000,КГ,21.00000,,,,,,,0.00000,0.00000,n.bezrukov,Пакет интерфейса поставки:bf8aa8b3-72cf-41d4-80e6-e349670b8888,2026-03-24 10:51:15,321193,1996924,2566515,0,ЭКС,,3845393,,,,Годен,,,,
2532031,320709,New,End,,,2566517,,1.00000,ПЧ,СМ,,RECV-01,WH1,1.00000,855073,,Лента светодиодная герметичная COB-PS-X400-7mm 24В Warm3000 (7.2Вт/м IP67 CSP),22.00000,NEW Заказной товар,,,0,5.00000,М,2026-03-31 00:00:00,EKS000005803,СП,ME-212-04-E-30,WH1,0.30000,КГ,22.00000,,,,,,,0.00000,0.00000,n.bezrukov,Пакет интерфейса поставки:bf8aa8b3-72cf-41d4-80e6-e349670b8888,2026-03-24 10:51:15,321193,1996923,2566517,0,ЭКС,,3845395,,,,Годен,,,,
2532032,320709,New,End,,,2566521,,3.00000,ПЧ,СМ,,RECV-01,WH1,1.50000,595753,,"Arlight Светодиодная лента RT-A240-15mm 24V Day4000 (19.2 W/m, IP20, 2835, 5m) (ARL, Открытый)",28.00000,NEW Заказной товар,,,0,15.00000,М,2026-03-31 00:00:00,EKS000005803,СП,ME-214-03-A-20,WH1,1.50000,КГ,23.00000,,,,,,,0.00000,0.00000,n.bezrukov,Пакет интерфейса поставки:bf8aa8b3-72cf-41d4-80e6-e349670b8888,2026-03-24 10:51:15,321193,1996900,2566521,0,ЭКС,,3845399,,,,Годен,,,,
2532033,320709,New,End,,,2566527,,18.00000,ПЧ,СМ,,RECV-01,WH1,2.00000,429351,,"Лента COB-X378-8mm 24V Day4000 (11 W/m, IP20, 5m) (Arlight, -)",40.00000,NEW Класс C,,,0,90.00000,М,2026-03-31 00:00:00,EKS000005803,СП,ME-220-03-D-20,WH1,3.60000,КГ,30.00000,,,,,,,0.00000,0.00000,n.bezrukov,Пакет интерфейса поставки:bf8aa8b3-72cf-41d4-80e6-e349670b8888,2026-03-24 10:51:15,321193,1996915,2566527,0,ЭКС,,3845407,,,,Годен,,,,
2532034,320709,New,End,,,2566531,,30.00000,ПЧ,СМ,,RECV-01,WH1,1.00000,595290,,"Arlight Светодиодная лента RT-A60-8mm 12V Warm3000 (4.8 W/m, IP20, 2835, 5m) (Открытый)",30.00000,NEW Заказной товар,,,0,150.00000,М,2026-03-31 00:00:00,EKS000005803,СП,ME-220-03-D-30,WH1,3.00000,КГ,25.00000,,,,,,,0.00000,0.00000,n.bezrukov,Пакет интерфейса поставки:bf8aa8b3-72cf-41d4-80e6-e349670b8888,2026-03-24 10:51:15,321193,1996901,2566531,0,ЭКС,,3845416,,,,Годен,,,,
2532035,320709,New,End,,,2566539,,1.00000,ПЧ,СМ,,RECV-01,WH1,1.00000,451992,,"Arlight Светодиодная лента герметичная RTW-SE-A60-8mm 24V Warm3000 (7.2 W/m, IP65, 2835, 5m) (ARL, -",22.00000,NEW Заказной товар,,,0,5.00000,М,2026-03-31 00:00:00,EKS000005803,СП,ME-221-07-B-50,WH1,0.14000,КГ,22.00000,,,,,,,0.00000,0.00000,n.bezrukov,Пакет интерфейса поставки:bf8aa8b3-72cf-41d4-80e6-e349670b8888,2026-03-24 10:51:15,321193,1996913,2566539,0,ЭКС,,3845424,,,,Годен,,,,
2532036,320709,New,End,,,2566546,,4.00000,ШТ,СМ,,RECV-01,WH1,1.00000,862537,,"Рамка 2-пост, пластик горизонт. FRM-NOBE-SFPL-2-GD Arlight NOBE Золото светлое",15.00000,NEW Заказной товар,,,0,4.00000,ШТ,2026-03-31 00:00:00,EKS000005803,СП,ME-103-02-K-20,WH1,0.08000,КГ,9.00000,,,,,,,0.00000,0.00000,n.bezrukov,Пакет интерфейса поставки:bf8aa8b3-72cf-41d4-80e6-e349670b8888,2026-03-24 10:51:15,321193,1996921,2566546,0,ЭКС,,3845433,,,,Годен,,,,
2532037,320709,New,End,,,2566547,,7.00000,ШТ,СМ,,RECV-01,WH1,1.00000,862533,,"Рамка 1-пост, пластик горизонт. FRM-NOBE-SFPL-1-GD Arlight NOBE Золото светлое",9.00000,NEW Заказной товар,,,0,7.00000,ШТ,2026-03-31 00:00:00,EKS000005803,СП,ME-103-04-L-40,WH1,0.07000,КГ,9.00000,,,,,,,0.00000,0.00000,n.bezrukov,Пакет интерфейса поставки:bf8aa8b3-72cf-41d4-80e6-e349670b8888,2026-03-24 10:51:15,321193,1996922,2566547,0,ЭКС,,3845434,,,,Годен,,,,
2532038,320709,New,End,,,2566549,,1.00000,ПЧ,СМ,,RECV-01,WH1,1.00000,373371,,Arlight Заглушка PIK-1007 глухая,5.00000,NEW Заказной товар,,,0,10.00000,ШТ,2026-03-31 00:00:00,EKS000005803,СП,ME-103-05-J-40,WH1,0.01000,КГ,5.00000,,,,,,,0.00000,0.00000,n.bezrukov,Пакет интерфейса поставки:bf8aa8b3-72cf-41d4-80e6-e349670b8888,2026-03-24 10:51:15,321193,1996905,2566549,0,ЭКС,,3845438,,,,Годен,,,,
2532039,320709,New,End,,,2566551,,1.00000,КТ,СМ,,RECV-01,WH1,1.00000,387945,,Arlight Заглушка SL-SLIM-H7 глухая,2.00000,NEW Заказной товар,,,0,1.00000,КТ,2026-03-31 00:00:00,EKS000005803,СП,ME-104-03-I-30,WH1,0.00300,КГ,2.00000,,,,,,,0.00000,0.00000,n.bezrukov,Пакет интерфейса поставки:bf8aa8b3-72cf-41d4-80e6-e349670b8888,2026-03-24 10:51:15,321193,1996904,2566551,0,ЭКС,,3845441,,,,Годен,,,,
2532040,320709,New,End,,,2566552,,1.00000,КТ,СМ,,RECV-01,WH1,0.50000,751209,,"Заглушка для MIC-M глухая (Arlight, Пластик)",16.00000,NEW Заказной товар,,,0,1.00000,КТ,2026-03-31 00:00:00,EKS000005803,СП,ME-104-04-K-20,WH1,0.01000,КГ,8.00000,,,,,,,0.00000,0.00000,n.bezrukov,Пакет интерфейса поставки:bf8aa8b3-72cf-41d4-80e6-e349670b8888,2026-03-24 10:51:15,321193,1996928,2566552,0,ЭКС,,3845442,,,,Годен,,,,
2532041,320709,New,End,,,2566553,,1.00000,ПЧ,СМ,,RECV-01,WH1,1.00000,559264,,"Arlight Светодиодная лента MINI-F60-5mm 24V RGB (6 W/m, IP20, 3535, 5m) (узкая)",12.00000,NEW Заказной товар,,,0,5.00000,М,2026-03-31 00:00:00,EKS000005803,СП,ME-104-05-K-40,WH1,0.10000,КГ,12.00000,,,,,,,0.00000,0.00000,n.bezrukov,Пакет интерфейса поставки:bf8aa8b3-72cf-41d4-80e6-e349670b8888,2026-03-24 10:51:15,321193,1996907,2566553,0,ЭКС,,3845443,,,,Годен,,,,
2532042,320709,New,End,,,2566555,,2.00000,ШТ,СМ,,RECV-01,WH1,4.00000,497229,,"Arlight Блок питания ARPV-12100-A1 (12V, 8.3A, 100W) (IP67 Металл, 3 года)",18.00000,NEW Заказной товар,,,0,2.00000,ШТ,2026-03-31 00:00:00,EKS000005803,СП,ME-201-02-L-20,WH1,0.40000,КГ,5.50000,,,,,,,0.00000,0.00000,n.bezrukov,Пакет интерфейса поставки:bf8aa8b3-72cf-41d4-80e6-e349670b8888,2026-03-24 10:51:15,321193,1996912,2566555,0,ЭКС,,3845445,,,,Годен,,,,
2532043,320709,New,End,,,2566556,,1.00000,ШТ,СМ,,RECV-01,WH1,2.00000,686102,,"Arlight Блок питания ARV-SP-24020-FLAT-B (24V, 0.83A, 20W) (IP20 Пластик, 5 лет)",11.00000,NEW Заказной товар,,,0,1.00000,ШТ,2026-03-31 00:00:00,EKS000005803,СП,ME-201-03-C-40,WH1,0.20000,КГ,4.00000,,,,,,,0.00000,0.00000,n.bezrukov,Пакет интерфейса поставки:bf8aa8b3-72cf-41d4-80e6-e349670b8888,2026-03-24 10:51:15,321193,1996930,2566556,0,ЭКС,,3845446,,,,Годен,,,,
2532044,320709,New,End,,,2566558,,2.00000,ШТ,СМ,,RECV-01,WH1,4.00000,501882,,"Arlight Блок питания ARPV-12250-A1 (12V, 21A, 252W) (IP67 Металл, 3 года)",24.00000,NEW Заказной товар,,,0,2.00000,ШТ,2026-03-31 00:00:00,EKS000005803,СП,ME-201-03-D-50,WH1,0.60000,КГ,8.00000,,,,,,,0.00000,0.00000,n.bezrukov,Пакет интерфейса поставки:bf8aa8b3-72cf-41d4-80e6-e349670b8888,2026-03-24 10:51:15,321193,1996911,2566558,0,ЭКС,,3845448,,,,Годен,,,,
2532045,320709,New,End,,,2566560,,22.00000,ПЧ,СМ,,RECV-01,WH1,2.00000,429351,,"Лента COB-X378-8mm 24V Day4000 (11 W/m, IP20, 5m) (Arlight, -)",40.00000,NEW Класс C,,,0,110.00000,М,2026-03-31 00:00:00,EKS000005803,СП,ME-222-05-F-20,WH1,4.40000,КГ,30.00000,,,,,,,0.00000,0.00000,n.bezrukov,Пакет интерфейса поставки:bf8aa8b3-72cf-41d4-80e6-e349670b8888,2026-03-24 10:51:15,321193,1996915,2566560,0,ЭКС,,3845450,,,,Годен,,,,
2532046,320709,New,End,,,2566561,,6.00000,ШТ,СМ,,RECV-01,WH1,7.00000,423155,,"Arlight Блок питания ARPV-12200-B1 (12V, 16,7A, 200W)",27.00000,NEW Заказной товар,,,0,6.00000,ШТ,2026-03-31 00:00:00,EKS000005803,СП,ME-224-03-E-40,WH1,3.00000,КГ,9.00000,,,,,,,0.00000,0.00000,n.bezrukov,Пакет интерфейса поставки:bf8aa8b3-72cf-41d4-80e6-e349670b8888,2026-03-24 10:51:15,321193,1996916,2566561,0,ЭКС,,3845451,,,,Годен,,,,
2532047,320709,New,End,,,2566565,,1.00000,ШТ,СМ,,RECV-01,WH1,7.00000,806387,,"Arlight Светильник SP-ARTEMIS-SURFACE-FLAP-R55-12W Warm3000 (WH, 8-80 deg, 230V) (IP20 Металл, 5 лет",17.00000,NEW Заказной товар,,,0,1.00000,ШТ,2026-03-31 00:00:00,EKS000005803,СП,ME-224-07-F-40,WH1,0.48000,КГ,14.00000,,,,,,,0.00000,0.00000,n.bezrukov,Пакет интерфейса поставки:bf8aa8b3-72cf-41d4-80e6-e349670b8888,2026-03-24 10:51:15,321193,1996926,2566565,0,ЭКС,,3845458,,,,Годен,,,,
2532048,320709,New,End,,,2566569,,9.00000,ШТ,СМ,,RECV-01,WH1,4.00000,605219,,"Arlight Блок питания ARJ-SP-40-PFC-1-10V-DALI2-PD (40W, 700-1200mA) (IP20 Пластик, 5 лет)",21.00000,NEW Заказной товар,,,0,9.00000,ШТ,2026-03-31 00:00:00,EKS000005803,СП,ME-201-05-K-40,WH1,2.16000,КГ,6.00000,,,,,,,0.00000,0.00000,n.bezrukov,Пакет интерфейса поставки:bf8aa8b3-72cf-41d4-80e6-e349670b8888,2026-03-24 10:51:15,321193,1996933,2566569,0,ЭКС,,3845464,,,,Годен,,,,
2532049,320709,New,End,,,2566571,,1.00000,ШТ,СМ,,RECV-01,WH1,5.00000,399662,,"Блок питания ARPV-LG24200-PFC-A (24V, 8.3A, 200W) (Arlight, IP67 Металл, 5 лет)",24.00000,NEW Заказной товар,,,0,1.00000,ШТ,2026-03-31 00:00:00,EKS000005803,СП,ME-201-06-D-50,WH1,0.90000,КГ,9.00000,,,,,,,0.00000,0.00000,n.bezrukov,Пакет интерфейса поставки:bf8aa8b3-72cf-41d4-80e6-e349670b8888,2026-03-24 10:51:15,321193,1996903,2566571,0,ЭКС,,3845468,,,,Годен,,,,
2532050,320709,New,End,,,2566575,,1.00000,ПЧ,СМ,,RECV-01,WH1,9.00000,862596,,"Розетка мех-м с ЗК со шт. быстрозаж.клем. SCT-NOBE-MEU1-SFPL-GD (230V, 16A) Arlight NOBE Золото свет",26.00000,NEW Заказной товар,,,0,10.00000,ШТ,2026-03-31 00:00:00,EKS000005803,СП,ME-225-08-D-40,WH1,1.08000,КГ,16.00000,,,,,,,0.00000,0.00000,n.bezrukov,Пакет интерфейса поставки:bf8aa8b3-72cf-41d4-80e6-e349670b8888,2026-03-24 10:51:15,321193,1996917,2566575,0,ЭКС,,3845476,,,,Годен,,,,
2532051,320709,New,End,,,2566577,,1.00000,ШТ,СМ,,RECV-01,WH1,2.00000,435358,,"Контроллер SMART-MINI-RGB-SET (12-24V, 3x1.5A, ПДУ 24кн, IR) (ARL, IP20 Пластик, 5 лет)",10.00000,NEW Заказной товар,,,0,1.00000,ШТ,2026-03-31 00:00:00,EKS000005803,СП,ME-101-08-K-30,WH1,0.05000,КГ,5.00000,,,,,,,0.00000,0.00000,n.bezrukov,Пакет интерфейса поставки:bf8aa8b3-72cf-41d4-80e6-e349670b8888,2026-03-24 10:51:15,321193,1996914,2566577,0,ЭКС,,3845479,,,,Годен,,,,
2532052,320709,New,End,,,2566583,,5.00000,ШТ,СМ,,RECV-01,WH1,4.00000,862571,,"Выключатель 2кл мех-м быстрозаж.клем. SWT-NOBE-MK02-SFPL-GD (230V, 10A) Arlight NOBE Золото светлое",8.00000,NEW Заказной товар,,,0,5.00000,ШТ,2026-03-31 00:00:00,EKS000005803,СП,ME-201-06-E-30,WH1,0.50000,КГ,8.00000,,,,,,,0.00000,0.00000,n.bezrukov,Пакет интерфейса поставки:bf8aa8b3-72cf-41d4-80e6-e349670b8888,2026-03-24 10:51:15,321193,1996918,2566583,0,ЭКС,,3845486,,,,Годен,,,,
2532053,320709,New,End,,,2566585,,1.00000,ШТ,СМ,,RECV-01,WH1,4.00000,862565,,"Выключатель 1кл мех-м проходной быстрозаж.клем. SWT-NOBE-MKP1-SFPL-GD (230V, 10A) Arlight NOBE Золот",8.00000,NEW Заказной товар,,,0,1.00000,ШТ,2026-03-31 00:00:00,EKS000005803,СП,ME-201-07-D-20,WH1,0.10000,КГ,8.00000,,,,,,,0.00000,0.00000,n.bezrukov,Пакет интерфейса поставки:bf8aa8b3-72cf-41d4-80e6-e349670b8888,2026-03-24 10:51:15,321193,1996919,2566585,0,ЭКС,,3845489,,,,Годен,,,,
2532054,320709,New,End,,,2566586,,3.00000,ШТ,СМ,,RECV-01,WH1,4.00000,862562,,"Выключатель 1кл мех-м быстрозаж.клем. SWT-NOBE-MK01-SFPL-GD (230V, 10A) Arlight NOBE Золото светлое",8.00000,NEW Заказной товар,,,0,3.00000,ШТ,2026-03-31 00:00:00,EKS000005803,СП,ME-103-02-J-20,WH1,0.30000,КГ,8.00000,,,,,,,0.00000,0.00000,n.bezrukov,Пакет интерфейса поставки:bf8aa8b3-72cf-41d4-80e6-e349670b8888,2026-03-24 10:51:15,321193,1996920,2566586,0,ЭКС,,3845490,,,,Годен,,,,
2532055,320709,New,End,,,2566589,,2.00000,ПЧ,СМ,,RECV-01,WH1,6.00000,758236,,Arlight Экран STRETCH-S-50-CEIL-CENTER-10m OPAL (GAMMA50) (-),28.00000,NEW Заказной товар,,,0,20.00000,М,2026-03-31 00:00:00,EKS000005803,СП,ME-113-06-B-20,WH1,1.48000,КГ,28.00000,,,,,,,0.00000,0.00000,n.bezrukov,Пакет интерфейса поставки:bf8aa8b3-72cf-41d4-80e6-e349670b8888,2026-03-24 10:51:15,321193,1996927,2566589,0,ЭКС,,3845497,,,,Годен,,,,
2532056,320709,New,End,,,2566591,,1.00000,ШТ,СМ,,RECV-01,WH1,3.00000,357720,,"Блок питания ARPV-24015-B (24V, 0.6A, 15W) (Arlight, IP67 Металл, 3 года)",12.00000,NEW Заказной товар,,,0,1.00000,ШТ,2026-03-31 00:00:00,EKS000005803,СП,ME-201-08-B-20,WH1,0.20000,КГ,3.00000,,,,,,,0.00000,0.00000,n.bezrukov,Пакет интерфейса поставки:bf8aa8b3-72cf-41d4-80e6-e349670b8888,2026-03-24 10:51:15,321193,1996906,2566591,0,ЭКС,,3845499,,,,Годен,,,,
2532057,320709,New,End,,,2566592,,4.00000,ШТ,СМ,,RECV-01,WH1,5.00000,531427,,"Панель IM-S600x600-40W Day4000 (WH, 120 deg, 230V) (Arlight, IP40 Металл, 3 года)",65.00000,NEW Заказной товар,,,0,4.00000,ШТ,2026-03-31 00:00:00,EKS000005803,СП,ZX-15-28-C-18,WH1,8.00000,КГ,68.00000,,,,,,,0.00000,0.00000,n.bezrukov,Пакет интерфейса поставки:bf8aa8b3-72cf-41d4-80e6-e349670b8888,2026-03-24 10:51:15,321193,1996908,2566592,0,ЭКС,,3845506,,,,Годен,,,,
2532058,320709,New,End,,,2566594,,1.00000,КР,СМ,,RECV-01,WH1,66.00000,531427,,"Панель IM-S600x600-40W Day4000 (WH, 120 deg, 230V) (Arlight, IP40 Металл, 3 года)",69.00000,NEW Заказной товар,,,0,5.00000,ШТ,2026-03-31 00:00:00,EKS000005803,СП,ME-103-08-C-10,WH1,11.00000,КГ,26.00000,,,,,,,0.00000,0.00000,n.bezrukov,Пакет интерфейса поставки:bf8aa8b3-72cf-41d4-80e6-e349670b8888,2026-03-24 10:51:15,321193,1996908,2566594,0,ЭКС,,3845508,,,,Годен,,,,
2532059,320709,New,End,,,2566595,,1.00000,ПЧ,СМ,,RECV-01,WH1,1.50000,691972,,"Arlight Экран MAT-L-10000 матовый для PDS, MIC (Пластик)",28.00000,NEW Заказной товар,,,0,10.00000,М,2026-03-31 00:00:00,EKS000005803,СП,ME-114-03-A-20,WH1,0.20000,КГ,28.00000,,,,,,,0.00000,0.00000,n.bezrukov,Пакет интерфейса поставки:bf8aa8b3-72cf-41d4-80e6-e349670b8888,2026-03-24 10:51:15,321193,1996929,2566595,0,ЭКС,,3845509,,,,Годен,,,,
2532060,320709,New,End,,,2566598,,12.00000,М,СМ,,RECV-01,WH1,0.50000,560519,,Arlight Экран SL-W15-3000 OPAL (Пластик),100.00000,NEW Длинные 3 м,,,0,12.00000,М,2026-03-31 00:00:00,EKS000005803,СП,ZX-13-18-E-18,WH1,0.12000,КГ,1.50000,,,,,,,0.00000,0.00000,n.bezrukov,Пакет интерфейса поставки:bf8aa8b3-72cf-41d4-80e6-e349670b8888,2026-03-24 10:51:15,321193,1996902,2566598,0,ЭКС,,3845514,,,,Годен,,,,
2532061,320709,New,End,,,2566599,,12.00000,М,СМ,,RECV-01,WH1,1.00000,522680,,Arlight Профиль SL-SLIM-H7-3000 ANOD (Алюминий),100.00000,NEW Длинные 3 м,,,0,12.00000,М,2026-03-31 00:00:00,EKS000005803,СП,ZX-13-21-C-18,WH1,1.20000,КГ,2.00000,,,,,,,0.00000,0.00000,n.bezrukov,Пакет интерфейса поставки:bf8aa8b3-72cf-41d4-80e6-e349670b8888,2026-03-24 10:51:15,321193,1996909,2566599,0,ЭКС,,3845520,,,,Годен,,,,
2532062,320710,New,End,,,2566600,,2.00000,ШТ,СМ,,RECV-01,WH1,7.00000,600835,,УЗИП РИФ-Э-I+II 255/25 (3+1),14.00000,NEW Заказной товар,,,0,2.00000,ШТ,2026-03-19 00:00:00,EKS000005810,СП,ME-203-04-C-50,WH1,1.72000,КГ,9.00000,,,,,,,0.00000,0.00000,a.manokhin,Пакет интерфейса поставки:bf8aa8b3-72cf-41d4-80e6-e349670b8888,2026-03-24 10:51:22,321200,1996972,2566600,0,ЭКС,,3845516,,,,Годен,,,,
2532063,320709,New,End,,,2566606,,2.00000,М,СМ,,RECV-01,WH1,0.50000,808289,,Arlight Профиль MIC-M-2000 (Алюминий),100.00000,NEW Длинные 2 м,,,0,2.00000,М,2026-03-31 00:00:00,EKS000005803,СП,ZX-19-34-F-15,WH1,0.50000,КГ,1.50000,,,,,,,0.00000,0.00000,n.bezrukov,Пакет интерфейса поставки:bf8aa8b3-72cf-41d4-80e6-e349670b8888,2026-03-24 10:51:15,321193,1996925,2566606,0,ЭКС,,3845528,,,,Годен,,,,
2532064,320709,New,End,,,2566610,,10.00000,М,СМ,,RECV-01,WH1,1.50000,520867,,Arlight Профиль MIC-H-COMFY-2000 ANOD (Алюминий),100.00000,NEW Длинные 2 м,,,0,10.00000,М,2026-03-31 00:00:00,EKS000005803,СП,ZX-19-35-E-15,WH1,0.80000,КГ,1.50000,,,,,,,0.00000,0.00000,n.bezrukov,Пакет интерфейса поставки:bf8aa8b3-72cf-41d4-80e6-e349670b8888,2026-03-24 10:51:15,321193,1996910,2566610,0,ЭКС,,3845535,,,,Годен,,,,
2532065,320709,New,End,,,2566612,,6.00000,М,СМ,,RECV-01,WH1,1.50000,679080,,"Профиль STRETCH-SHADOW-2000 WHITE (A2-CONTOUR-PRO) (Arlight, Алюминий)",100.00000,NEW Длинные 2 м,,,0,6.00000,М,2026-03-31 00:00:00,EKS000005803,СП,ZX-19-35-F-18,WH1,1.80000,КГ,6.00000,,,,,,,0.00000,0.00000,n.bezrukov,Пакет интерфейса поставки:bf8aa8b3-72cf-41d4-80e6-e349670b8888,2026-03-24 10:51:15,321193,1996931,2566612,0,ЭКС,,3845537,,,,Годен,,,,
2532066,320709,New,End,,,2566613,,14.00000,М,СМ,,RECV-01,WH1,3.00000,679058,,Arlight Профиль STRETCH-S-50-CEIL-CENTER-2000 (GAMMA50) (Алюминий),100.00000,NEW Длинные 2 м,,,0,14.00000,М,2026-03-31 00:00:00,EKS000005803,СП,ZX-19-21-A-10,WH1,14.00000,КГ,6.00000,,,,,,,0.00000,0.00000,n.bezrukov,Пакет интерфейса поставки:bf8aa8b3-72cf-41d4-80e6-e349670b8888,2026-03-24 10:51:15,321193,1996932,2566613,0,ЭКС,,3845538,,,,Годен,,,,
2532067,320711,New,End,,,2566497,,1.00000,КР,СМ,,RECV-01,WH1,55.00000,266794,,"Мат греющий CLIMATIQ-2,0, 300Вт 2,0м2",61.00000,NEW Класс C,,,0,12.00000,ШТ,2026-03-26 00:00:00,EKS000005802,СП,ZX-08-10-A-15,WH1,18.00000,КГ,45.00000,,,,,,,0.00000,0.00000,a.manokhin,Пакет интерфейса поставки:de5d6ff0-00f6-4c70-8d8c-5772e7557f01,2026-03-24 10:53:00,321192,1996875,2566497,0,ЭКС,,3845357,,,,Годен,,,,
2532068,320711,New,End,,,2566498,,1.00000,КР,СМ,,RECV-01,WH1,30.00000,795523,,Терморегулятор CLIMATIQ BT мех. черный (модель RTC 70.26),43.00000,NEW Класс B,,,0,64.00000,ШТ,2026-03-26 00:00:00,EKS000005802,СП,ME-111-03-D-30,WH1,18.00000,КГ,42.00000,,,,,,,0.00000,0.00000,a.manokhin,Пакет интерфейса поставки:de5d6ff0-00f6-4c70-8d8c-5772e7557f01,2026-03-24 10:53:00,321192,1996892,2566498,0,ЭКС,,3845358,,,,Годен,,,,
2532069,320711,New,End,,,2566499,,1.00000,КР,СМ,,RECV-01,WH1,36.00000,490825,,Греющий кабель CLIMATIQ CABLE 15м в стяжку 20Вт/м.п.,50.00000,NEW Класс C,,,0,12.00000,ШТ,2026-03-26 00:00:00,EKS000005802,СП,ME-121-07-C-50,WH1,11.00000,КГ,50.00000,,,,,,,0.00000,0.00000,a.manokhin,Пакет интерфейса поставки:de5d6ff0-00f6-4c70-8d8c-5772e7557f01,2026-03-24 10:53:00,321192,1996880,2566499,0,ЭКС,,3845361,,,,Годен,,,,
2532070,320711,New,End,,,2566500,,1.00000,КР,СМ,,RECV-01,WH1,40.00000,490827,,Греющий кабель CLIMATIQ CABLE 20м в стяжку 20Вт/м.п.,50.00000,NEW Класс C,,,0,12.00000,ШТ,2026-03-26 00:00:00,EKS000005802,СП,ZX-15-07-C-10,WH1,25.00000,КГ,50.00000,,,,,,,0.00000,0.00000,a.manokhin,Пакет интерфейса поставки:de5d6ff0-00f6-4c70-8d8c-5772e7557f01,2026-03-24 10:53:00,321192,1996879,2566500,0,ЭКС,,3845367,,,,Годен,,,,
2532071,320711,New,End,,,2566501,,1.00000,КР,СМ,,RECV-01,WH1,36.00000,490823,,Греющий кабель CLIMATIQ CABLE 10м в стяжку 20Вт/м.п.,50.00000,NEW Класс C,,,0,12.00000,ШТ,2026-03-26 00:00:00,EKS000005802,СП,ZX-16-10-B-10,WH1,10.40000,КГ,50.00000,,,,,,,0.00000,0.00000,a.manokhin,Пакет интерфейса поставки:de5d6ff0-00f6-4c70-8d8c-5772e7557f01,2026-03-24 10:53:00,321192,1996881,2566501,0,ЭКС,,3845368,,,,Годен,,,,
2532072,320711,New,End,,,2566502,,1.00000,КР,СМ,,RECV-01,WH1,30.00000,318321,,Терморегулятор CLIMATIQ BT мех. белый (модель RTC 70.26),44.00000,NEW Класс A,,,0,64.00000,ШТ,2026-03-26 00:00:00,EKS000005802,СП,ME-109-01-B-20,WH1,13.80000,КГ,41.00000,,,,,,,0.00000,0.00000,a.manokhin,Пакет интерфейса поставки:de5d6ff0-00f6-4c70-8d8c-5772e7557f01,2026-03-24 10:53:00,321192,1996885,2566502,0,ЭКС,,3845373,,,,Годен,,,,
2532073,320711,New,End,,,2566503,,10.00000,ШТ,СМ,,RECV-01,WH1,11.00000,493559,,"Греющий кабель CLIMATIQ CABLE 7,5м в стяжку 20Вт/м.п.",23.00000,NEW Класс C,,,0,10.00000,ШТ,2026-03-26 00:00:00,EKS000005802,СП,ME-111-06-D-20,WH1,6.70000,КГ,23.00000,,,,,,,0.00000,0.00000,a.manokhin,Пакет интерфейса поставки:de5d6ff0-00f6-4c70-8d8c-5772e7557f01,2026-03-24 10:53:00,321192,1996899,2566503,0,ЭКС,,3845376,,,,Годен,,,,
2532074,320711,New,End,,,2566505,,2.00000,ШТ,СМ,,RECV-01,WH1,11.00000,490823,,Греющий кабель CLIMATIQ CABLE 10м в стяжку 20Вт/м.п.,23.00000,NEW Класс C,,,0,2.00000,ШТ,2026-03-26 00:00:00,EKS000005802,СП,ME-119-08-C-40,WH1,1.00000,КГ,23.00000,,,,,,,0.00000,0.00000,a.manokhin,Пакет интерфейса поставки:de5d6ff0-00f6-4c70-8d8c-5772e7557f01,2026-03-24 10:53:00,321192,1996881,2566505,0,ЭКС,,3845378,,,,Годен,,,,
2532075,320711,New,End,,,2566507,,2.00000,ШТ,СМ,,RECV-01,WH1,11.00000,493561,,Греющий кабель CLIMATIQ CABLE 60м в стяжку 20Вт/м.п.,23.00000,NEW Класс C,,,0,2.00000,ШТ,2026-03-26 00:00:00,EKS000005802,СП,ME-107-01-C-40,WH1,5.80000,КГ,23.00000,,,,,,,0.00000,0.00000,a.manokhin,Пакет интерфейса поставки:de5d6ff0-00f6-4c70-8d8c-5772e7557f01,2026-03-24 10:53:00,321192,1996897,2566507,0,ЭКС,,3845385,,,,Годен,,,,
2532076,320711,New,End,,,2566511,,3.00000,ШТ,СМ,,RECV-01,WH1,8.00000,679821,,IQ OUTDOOR THERMOSTAT Din терморегулятор с выносным датчиком воздуха в комплекте,12.00000,NEW Класс C,,,0,3.00000,ШТ,2026-03-26 00:00:00,EKS000005802,СП,ME-102-05-E-30,WH1,0.03000,КГ,10.00000,,,,,,,0.00000,0.00000,a.manokhin,Пакет интерфейса поставки:de5d6ff0-00f6-4c70-8d8c-5772e7557f01,2026-03-24 10:53:00,321192,1996893,2566511,0,ЭКС,,3845389,,,,Годен,,,,
2532077,320711,New,End,,,2566513,,5.00000,ШТ,СМ,,RECV-01,WH1,7.00000,391461,,Терморегулятор CLIMATIQ PT электр. прогр. слоновая кость,10.00000,NEW Класс C,,,0,5.00000,ШТ,2026-03-26 00:00:00,EKS000005802,СП,ME-205-06-B-30,WH1,1.70000,КГ,9.50000,,,,,,,0.00000,0.00000,a.manokhin,Пакет интерфейса поставки:de5d6ff0-00f6-4c70-8d8c-5772e7557f01,2026-03-24 10:53:00,321192,1996884,2566513,0,ЭКС,,3845391,,,,Годен,,,,
2532078,320711,New,End,,,2566514,,5.00000,ШТ,СМ,,RECV-01,WH1,6.70000,468917,,Терморегулятор CLIMATIQ PT электр. прогр. белый,10.00000,NEW Класс C,,,0,5.00000,ШТ,2026-03-26 00:00:00,EKS000005802,СП,ME-102-07-F-30,WH1,1.00000,КГ,9.50000,,,,,,,0.00000,0.00000,a.manokhin,Пакет интерфейса поставки:de5d6ff0-00f6-4c70-8d8c-5772e7557f01,2026-03-24 10:53:00,321192,1996882,2566514,0,ЭКС,,3845392,,,,Годен,,,,
2532079,320711,New,End,,,2566518,,5.00000,ШТ,СМ,,RECV-01,WH1,7.00000,851327,,Терморегулятор CLIMATIQ FD белый,10.00000,NEW Класс C,,,0,5.00000,ШТ,2026-03-26 00:00:00,EKS000005802,СП,ME-217-05-F-40,WH1,1.25000,КГ,10.00000,,,,,,,0.00000,0.00000,a.manokhin,Пакет интерфейса поставки:de5d6ff0-00f6-4c70-8d8c-5772e7557f01,2026-03-24 10:53:00,321192,1996889,2566518,0,ЭКС,,3845396,,,,Годен,,,,
2532080,320711,New,End,,,2566523,,5.00000,ШТ,СМ,,RECV-01,WH1,7.00000,851326,,Терморегулятор CLIMATIQ FD черный,13.00000,NEW Класс C,,,0,5.00000,ШТ,2026-03-26 00:00:00,EKS000005802,СП,ME-109-03-D-50,WH1,1.25000,КГ,10.00000,,,,,,,0.00000,0.00000,a.manokhin,Пакет интерфейса поставки:de5d6ff0-00f6-4c70-8d8c-5772e7557f01,2026-03-24 10:53:00,321192,1996890,2566523,0,ЭКС,,3845401,,,,Годен,,,,
2532081,320711,New,End,,,2566526,,23.00000,ШТ,СМ,,RECV-01,WH1,7.00000,634129,,Терморегулятор IQ THERMOSTAT D черн. электрон. в рамку матовый,10.00000,NEW Класс B,,,0,23.00000,ШТ,2026-03-26 00:00:00,EKS000005802,СП,ME-217-07-A-30,WH1,4.60000,КГ,10.00000,,,,,,,0.00000,0.00000,a.manokhin,Пакет интерфейса поставки:de5d6ff0-00f6-4c70-8d8c-5772e7557f01,2026-03-24 10:53:00,321192,1996896,2566526,0,ЭКС,,3845404,,,,Годен,,,,
2532082,320711,New,End,,,2566532,,3.00000,ШТ,СМ,,RECV-01,WH1,11.00000,490825,,Греющий кабель CLIMATIQ CABLE 15м в стяжку 20Вт/м.п.,23.00000,NEW Класс C,,,0,3.00000,ШТ,2026-03-26 00:00:00,EKS000005802,СП,ME-121-07-C-50,WH1,1.50000,КГ,23.00000,,,,,,,0.00000,0.00000,a.manokhin,Пакет интерфейса поставки:de5d6ff0-00f6-4c70-8d8c-5772e7557f01,2026-03-24 10:53:00,321192,1996880,2566532,0,ЭКС,,3845417,,,,Годен,,,,
2532083,320711,New,End,,,2566533,,2.00000,ШТ,СМ,,RECV-01,WH1,11.00000,490823,,Греющий кабель CLIMATIQ CABLE 10м в стяжку 20Вт/м.п.,23.00000,NEW Класс C,,,0,2.00000,ШТ,2026-03-26 00:00:00,EKS000005802,СП,ME-119-08-C-40,WH1,1.00000,КГ,23.00000,,,,,,,0.00000,0.00000,a.manokhin,Пакет интерфейса поставки:de5d6ff0-00f6-4c70-8d8c-5772e7557f01,2026-03-24 10:53:00,321192,1996881,2566533,0,ЭКС,,3845418,,,,Годен,,,,
2532084,320711,New,End,,,2566536,,3.00000,ШТ,СМ,,RECV-01,WH1,11.00000,490831,,Греющий кабель CLIMATIQ CABLE 50м в стяжку 20Вт/м.п.,23.00000,NEW Класс C,,,0,3.00000,ШТ,2026-03-26 00:00:00,EKS000005802,СП,ME-109-05-A-40,WH1,3.00000,КГ,23.00000,,,,,,,0.00000,0.00000,a.manokhin,Пакет интерфейса поставки:de5d6ff0-00f6-4c70-8d8c-5772e7557f01,2026-03-24 10:53:00,321192,1996873,2566536,0,ЭКС,,3845421,,,,Годен,,,,
2532085,320711,New,End,,,2566537,,1.00000,ШТ,СМ,,RECV-01,WH1,11.00000,490828,,Греющий кабель CLIMATIQ CABLE 25м в стяжку 20Вт/м.п.,23.00000,NEW Класс C,,,0,1.00000,ШТ,2026-03-26 00:00:00,EKS000005802,СП,ME-220-03-F-20,WH1,0.50000,КГ,23.00000,,,,,,,0.00000,0.00000,a.manokhin,Пакет интерфейса поставки:de5d6ff0-00f6-4c70-8d8c-5772e7557f01,2026-03-24 10:53:00,321192,1996874,2566537,0,ЭКС,,3845422,,,,Годен,,,,
2532086,320711,New,End,,,2566538,,3.00000,ШТ,СМ,,RECV-01,WH1,11.00000,493560,,Греющий кабель CLIMATIQ CABLE 30м в стяжку 20Вт/м.п.,23.50000,NEW Класс C,,,0,3.00000,ШТ,2026-03-26 00:00:00,EKS000005802,СП,ME-107-03-A-50,WH1,4.80000,КГ,23.50000,,,,,,,0.00000,0.00000,a.manokhin,Пакет интерфейса поставки:de5d6ff0-00f6-4c70-8d8c-5772e7557f01,2026-03-24 10:53:00,321192,1996898,2566538,0,ЭКС,,3845423,,,,Годен,,,,
2532087,320711,New,End,,,2566542,,10.00000,ШТ,СМ,,RECV-01,WH1,11.00000,640533,,Греющий кабель CLIMATIQ CABLE 35м в стяжку 20Вт/м.п.,23.00000,NEW Класс C,,,0,10.00000,ШТ,2026-03-26 00:00:00,EKS000005802,СП,ME-109-05-C-40,WH1,17.00000,КГ,23.00000,,,,,,,0.00000,0.00000,a.manokhin,Пакет интерфейса поставки:de5d6ff0-00f6-4c70-8d8c-5772e7557f01,2026-03-24 10:53:00,321192,1996894,2566542,0,ЭКС,,3845429,,,,Годен,,,,
2532088,320711,New,End,,,2566544,,2.00000,ШТ,СМ,,RECV-01,WH1,11.00000,490831,,Греющий кабель CLIMATIQ CABLE 50м в стяжку 20Вт/м.п.,23.00000,NEW Класс C,,,0,2.00000,ШТ,2026-03-26 00:00:00,EKS000005802,СП,ME-109-05-A-40,WH1,2.00000,КГ,23.00000,,,,,,,0.00000,0.00000,a.manokhin,Пакет интерфейса поставки:de5d6ff0-00f6-4c70-8d8c-5772e7557f01,2026-03-24 10:53:00,321192,1996873,2566544,0,ЭКС,,3845431,,,,Годен,,,,
2532089,320711,New,End,,,2566548,,10.00000,ШТ,СМ,,RECV-01,WH1,11.00000,490827,,Греющий кабель CLIMATIQ CABLE 20м в стяжку 20Вт/м.п.,23.00000,NEW Класс C,,,0,10.00000,ШТ,2026-03-26 00:00:00,EKS000005802,СП,ME-112-01-B-20,WH1,10.00000,КГ,23.00000,,,,,,,0.00000,0.00000,a.manokhin,Пакет интерфейса поставки:de5d6ff0-00f6-4c70-8d8c-5772e7557f01,2026-03-24 10:53:00,321192,1996879,2566548,0,ЭКС,,3845437,,,,Годен,,,,
2532090,320711,New,End,,,2566550,,2.00000,ШТ,СМ,,RECV-01,WH1,11.00000,490828,,Греющий кабель CLIMATIQ CABLE 25м в стяжку 20Вт/м.п.,23.00000,NEW Класс C,,,0,2.00000,ШТ,2026-03-26 00:00:00,EKS000005802,СП,ME-220-03-F-20,WH1,1.00000,КГ,23.00000,,,,,,,0.00000,0.00000,a.manokhin,Пакет интерфейса поставки:de5d6ff0-00f6-4c70-8d8c-5772e7557f01,2026-03-24 10:53:00,321192,1996874,2566550,0,ЭКС,,3845439,,,,Годен,,,,
2532091,320711,New,End,,,2566554,,6.00000,ШТ,СМ,,RECV-01,WH1,7.00000,634131,,Терморегулятор IQ THERMOSTAT D wi-fi черн. электрон. в рамку,10.00000,NEW Класс C,,,0,6.00000,ШТ,2026-03-26 00:00:00,EKS000005802,СП,ME-104-06-E-20,WH1,1.20000,КГ,10.00000,,,,,,,0.00000,0.00000,a.manokhin,Пакет интерфейса поставки:de5d6ff0-00f6-4c70-8d8c-5772e7557f01,2026-03-24 10:53:00,321192,1996895,2566554,0,ЭКС,,3845444,,,,Годен,,,,
2532092,320711,New,End,,,2566557,,2.00000,ШТ,СМ,,RECV-01,WH1,7.00000,634129,,Терморегулятор IQ THERMOSTAT D черн. электрон. в рамку матовый,10.00000,NEW Класс B,,,0,2.00000,ШТ,2026-03-26 00:00:00,EKS000005802,СП,ME-217-07-A-30,WH1,0.40000,КГ,10.00000,,,,,,,0.00000,0.00000,a.manokhin,Пакет интерфейса поставки:de5d6ff0-00f6-4c70-8d8c-5772e7557f01,2026-03-24 10:53:00,321192,1996896,2566557,0,ЭКС,,3845447,,,,Годен,,,,
2532093,320711,New,End,,,2566559,,6.00000,ШТ,СМ,,RECV-01,WH1,7.00000,795523,,Терморегулятор CLIMATIQ BT мех. черный (модель RTC 70.26),10.00000,NEW Класс B,,,0,6.00000,ШТ,2026-03-26 00:00:00,EKS000005802,СП,ME-118-01-B-30,WH1,0.60000,КГ,10.00000,,,,,,,0.00000,0.00000,a.manokhin,Пакет интерфейса поставки:de5d6ff0-00f6-4c70-8d8c-5772e7557f01,2026-03-24 10:53:00,321192,1996892,2566559,0,ЭКС,,3845449,,,,Годен,,,,
2532094,320711,New,End,,,2566562,,20.00000,ШТ,СМ,,RECV-01,WH1,7.00000,392734,,Терморегулятор CLIMATIQ BT мех. слоновая кость (модель RTC 70.26),10.00000,NEW Класс C,,,0,20.00000,ШТ,2026-03-26 00:00:00,EKS000005802,СП,ME-108-04-D-20,WH1,3.80000,КГ,9.00000,,,,,,,0.00000,0.00000,a.manokhin,Пакет интерфейса поставки:de5d6ff0-00f6-4c70-8d8c-5772e7557f01,2026-03-24 10:53:00,321192,1996883,2566562,0,ЭКС,,3845452,,,,Годен,,,,
2532095,320711,New,End,,,2566567,,26.00000,ШТ,СМ,,RECV-01,WH1,6.50000,318321,,Терморегулятор CLIMATIQ BT мех. белый (модель RTC 70.26),10.00000,NEW Класс A,,,0,26.00000,ШТ,2026-03-26 00:00:00,EKS000005802,СП,ME-109-01-B-20,WH1,7.80000,КГ,9.50000,,,,,,,0.00000,0.00000,a.manokhin,Пакет интерфейса поставки:de5d6ff0-00f6-4c70-8d8c-5772e7557f01,2026-03-24 10:53:00,321192,1996885,2566567,0,ЭКС,,3845460,,,,Годен,,,,
2532096,320711,New,End,,,2566570,,5.00000,ШТ,СМ,,RECV-01,WH1,15.00000,266793,,"Мат греющий CLIMATIQ-1,5, 225Вт 1,5м2",50.00000,NEW Класс C,,,0,5.00000,ШТ,2026-03-26 00:00:00,EKS000005802,СП,ME-113-03-D-20,WH1,5.00000,КГ,15.00000,,,,,,,0.00000,0.00000,a.manokhin,Пакет интерфейса поставки:de5d6ff0-00f6-4c70-8d8c-5772e7557f01,2026-03-24 10:53:00,321192,1996876,2566570,0,ЭКС,,3845467,,,,Годен,,,,
2532097,320711,New,End,,,2566572,,7.00000,ШТ,СМ,,RECV-01,WH1,15.00000,266795,,"Мат греющий CLIMATIQ-2,5, 375Вт 2,5м2",52.00000,NEW Класс C,,,0,7.00000,ШТ,2026-03-26 00:00:00,EKS000005802,СП,ME-113-04-D-30,WH1,12.60000,КГ,15.00000,,,,,,,0.00000,0.00000,a.manokhin,Пакет интерфейса поставки:de5d6ff0-00f6-4c70-8d8c-5772e7557f01,2026-03-24 10:53:00,321192,1996888,2566572,0,ЭКС,,3845469,,,,Годен,,,,
2532098,320711,New,End,,,2566573,,3.00000,ШТ,СМ,,RECV-01,WH1,15.00000,266797,,"Мат греющий CLIMATIQ-3,5, 525Вт 3,5м2",52.00000,NEW Класс C,,,0,3.00000,ШТ,2026-03-26 00:00:00,EKS000005802,СП,ME-210-07-A-40,WH1,4.50000,КГ,15.00000,,,,,,,0.00000,0.00000,a.manokhin,Пакет интерфейса поставки:de5d6ff0-00f6-4c70-8d8c-5772e7557f01,2026-03-24 10:53:00,321192,1996887,2566573,0,ЭКС,,3845474,,,,Годен,,,,
2532099,320711,New,End,,,2566574,,5.00000,ШТ,СМ,,RECV-01,WH1,15.00000,266791,,"Мат греющий CLIMATIQ-0,5, 75Вт 0,5м2",52.00000,NEW Класс C,,,0,5.00000,ШТ,2026-03-26 00:00:00,EKS000005802,СП,ME-113-06-D-30,WH1,5.00000,КГ,15.00000,,,,,,,0.00000,0.00000,a.manokhin,Пакет интерфейса поставки:de5d6ff0-00f6-4c70-8d8c-5772e7557f01,2026-03-24 10:53:00,321192,1996878,2566574,0,ЭКС,,3845475,,,,Годен,,,,
2532100,320711,New,End,,,2566576,,5.00000,ШТ,СМ,,RECV-01,WH1,15.00000,266792,,"Мат греющий CLIMATIQ-1,0, 150Вт 1,0м2",52.00000,NEW Класс C,,,0,5.00000,ШТ,2026-03-26 00:00:00,EKS000005802,СП,ME-113-08-C-20,WH1,5.50000,КГ,15.00000,,,,,,,0.00000,0.00000,a.manokhin,Пакет интерфейса поставки:de5d6ff0-00f6-4c70-8d8c-5772e7557f01,2026-03-24 10:53:00,321192,1996877,2566576,0,ЭКС,,3845478,,,,Годен,,,,
2532101,320711,New,End,,,2566578,,2.00000,ШТ,СМ,,RECV-01,WH1,11.00000,490828,,Греющий кабель CLIMATIQ CABLE 25м в стяжку 20Вт/м.п.,23.00000,NEW Класс C,,,0,2.00000,ШТ,2026-03-26 00:00:00,EKS000005802,СП,ME-220-03-F-20,WH1,1.00000,КГ,23.00000,,,,,,,0.00000,0.00000,a.manokhin,Пакет интерфейса поставки:de5d6ff0-00f6-4c70-8d8c-5772e7557f01,2026-03-24 10:53:00,321192,1996874,2566578,0,ЭКС,,3845480,,,,Годен,,,,
2532102,320711,New,End,,,2566579,,1.00000,ШТ,СМ,,RECV-01,WH1,12.00000,490834,,Греющий кабель CLIMATIQ CABLE 90м в стяжку 20Вт/м.п.,28.00000,NEW Заказной товар,,,0,1.00000,ШТ,2026-03-26 00:00:00,EKS000005802,СП,ME-113-08-D-20,WH1,2.00000,КГ,28.00000,,,,,,,0.00000,0.00000,a.manokhin,Пакет интерфейса поставки:de5d6ff0-00f6-4c70-8d8c-5772e7557f01,2026-03-24 10:53:00,321192,1996872,2566579,0,ЭКС,,3845481,,,,Годен,,,,
2532103,320711,New,End,,,2566581,,2.00000,ШТ,СМ,,RECV-01,WH1,20.00000,266800,,"Мат греющий CLIMATIQ-5,0, 750Вт 5,0м2",52.00000,NEW Класс C,,,0,2.00000,ШТ,2026-03-26 00:00:00,EKS000005802,СП,ME-113-01-A-20,WH1,4.00000,КГ,20.00000,,,,,,,0.00000,0.00000,a.manokhin,Пакет интерфейса поставки:de5d6ff0-00f6-4c70-8d8c-5772e7557f01,2026-03-24 10:53:00,321192,1996886,2566581,0,ЭКС,,3845483,,,,Годен,,,,
2532104,320711,New,End,,,2566582,,5.00000,ШТ,СМ,,RECV-01,WH1,15.00000,840566,,"Мат греющий IQ FLOOR MAT-2,0  300Вт, 2,0м2",52.00000,NEW Класс C,,,0,5.00000,ШТ,2026-03-26 00:00:00,EKS000005802,СП,ME-106-05-B-40,WH1,7.00000,КГ,15.00000,,,,,,,0.00000,0.00000,a.manokhin,Пакет интерфейса поставки:de5d6ff0-00f6-4c70-8d8c-5772e7557f01,2026-03-24 10:53:00,321192,1996891,2566582,0,ЭКС,,3845485,,,,Годен,,,,
2532105,320712,New,End,,,2566609,,1.00000,ПЧ,СМ,,RECV-01,WH1,6.00000,673327,,Тумблер 24V 25А (3c) ON-OFF однополюсный с красной LED подсветкой Rexant,10.00000,NEW Заказной товар,,,0,10.00000,ШТ,2026-03-23 00:00:00,EKS000005812,СП,ME-205-07-E-30,WH1,0.10000,КГ,7.00000,,,,,,,0.00000,0.00000,a.manokhin,Пакет интерфейса поставки:de5d6ff0-00f6-4c70-8d8c-5772e7557f01,2026-03-24 10:53:06,321202,1996974,2566609,0,ЭКС,,3845530,,,,Годен,,,,
2532106,320713,New,End,,,2566584,,24.00000,ШТ,СМ,,RECV-01,WH1,10.00000,631580,,Изолятор опорный СА-3/6 (армир. болтом) ТехКерамика,12.00000,NEW Заказной товар,,,0,24.00000,ШТ,2026-03-21 00:00:00,EKS000005805,СП,ME-114-02-C-40,WH1,14.40000,КГ,10.00000,,,,,,,0.00000,0.00000,a.savitskiy,Пакет интерфейса поставки:a090a12b-0d86-4324-97b3-07bc13cdf711,2026-03-24 10:54:42,321195,1996953,2566584,0,ЭКС,,3845488,,,,Годен,,,,
2532107,320713,New,End,,,2566587,,1.00000,КР,СМ,,RECV-01,WH1,19.00000,883448,,Авт. выкл. ВА47-100 3п 80А 10кА  хар-ка С TAM310C080-1 te00126025,49.00000,NEW Заказной товар,,,0,40.00000,ШТ,2026-03-21 00:00:00,EKS000005805,СП,ME-113-05-B-30,WH1,18.85000,КГ,34.50000,,,,,,,0.00000,0.00000,a.savitskiy,Пакет интерфейса поставки:a090a12b-0d86-4324-97b3-07bc13cdf711,2026-03-24 10:54:42,321195,1996959,2566587,0,ЭКС,,3845495,,,,Годен,,,,
2532108,320713,New,End,,,2566588,,2.00000,ШТ,СМ,,RECV-01,WH1,8.00000,883448,,Авт. выкл. ВА47-100 3п 80А 10кА  хар-ка С TAM310C080-1 te00126025,8.00000,NEW Заказной товар,,,0,2.00000,ШТ,2026-03-21 00:00:00,EKS000005805,СП,ME-113-05-B-30,WH1,0.86000,КГ,8.50000,,,,,,,0.00000,0.00000,a.savitskiy,Пакет интерфейса поставки:a090a12b-0d86-4324-97b3-07bc13cdf711,2026-03-24 10:54:42,321195,1996959,2566588,0,ЭКС,,3845496,,,,Годен,,,,
2532109,320713,New,End,,,2566590,,2.00000,ПЧ,СМ,,RECV-01,WH1,8.00000,883448,,Авт. выкл. ВА47-100 3п 80А 10кА  хар-ка С TAM310C080-1 te00126025,33.00000,NEW Заказной товар,,,0,8.00000,ШТ,2026-03-21 00:00:00,EKS000005805,СП,ME-113-05-B-30,WH1,3.64000,КГ,9.50000,,,,,,,0.00000,0.00000,a.savitskiy,Пакет интерфейса поставки:a090a12b-0d86-4324-97b3-07bc13cdf711,2026-03-24 10:54:42,321195,1996959,2566590,0,ЭКС,,3845498,,,,Годен,,,,
2532110,320713,New,End,,,2566597,,2.00000,ПЧ,СМ,,RECV-01,WH1,8.00000,883449,,"Авт. выкл. ВА 4729-NRG 1п 20А 4,5кА хар-ка C TAMNRG14C20 te00449489",22.00000,NEW Заказной товар,,,0,24.00000,ШТ,2026-03-21 00:00:00,EKS000005805,СП,ME-202-07-D-50,WH1,2.00000,КГ,8.50000,,,,,,,0.00000,0.00000,a.savitskiy,Пакет интерфейса поставки:a090a12b-0d86-4324-97b3-07bc13cdf711,2026-03-24 10:54:42,321195,1996958,2566597,0,ЭКС,,3845512,,,,Годен,,,,
2532111,320713,New,End,,,2566611,,5.00000,ПЧ,СМ,,RECV-01,WH1,8.00000,819943,,"Авт. выкл. ВА47-29-NRG 3п 16А 4,5кА хар-ка C TAMNRG34C16 te00446735",22.00000,NEW Заказной товар,,,0,20.00000,ШТ,2026-03-21 00:00:00,EKS000005805,СП,ME-114-05-D-30,WH1,2.50000,КГ,9.00000,,,,,,,0.00000,0.00000,a.savitskiy,Пакет интерфейса поставки:a090a12b-0d86-4324-97b3-07bc13cdf711,2026-03-24 10:54:42,321195,1996950,2566611,0,ЭКС,,3845536,,,,Годен,,,,
2532112,320713,New,End,,,2566615,,5.00000,ШТ,СМ,,RECV-01,WH1,11.00000,747920,,Пускатель э/м ПМЛ 2501-25 36В,13.00000,NEW Заказной товар,,,0,5.00000,ШТ,2026-03-21 00:00:00,EKS000005805,СП,ME-206-03-K-20,WH1,10.00000,КГ,9.00000,,,,,,,0.00000,0.00000,a.savitskiy,Пакет интерфейса поставки:a090a12b-0d86-4324-97b3-07bc13cdf711,2026-03-24 10:54:42,321195,1996951,2566615,0,ЭКС,,3845542,,,,Годен,,,,
2532113,320713,New,End,,,2566616,,2.00000,ПЧ,СМ,,RECV-01,WH1,10.00000,674790,,"Кнопочный выключатель APBB-22N сдвоенная кнопка ""Пуск-Стоп"" с подсветкой",16.00000,NEW Заказной товар,,,0,20.00000,ШТ,2026-03-21 00:00:00,EKS000005805,СП,ME-206-06-A-40,WH1,1.22000,КГ,10.50000,,,,,,,0.00000,0.00000,a.savitskiy,Пакет интерфейса поставки:a090a12b-0d86-4324-97b3-07bc13cdf711,2026-03-24 10:54:42,321195,1996952,2566616,0,ЭКС,,3845543,,,,Годен,,,,
2532114,320713,New,End,,,2566617,,1.00000,ШТ,СМ,,RECV-01,WH1,12.00000,180870,,"Пакетный выключатель ПВ 3-16 У1 (IP56) (16А, пласт.корпус)",9.00000,NEW Заказной товар,,,0,1.00000,ШТ,2026-03-21 00:00:00,EKS000005805,СП,ME-115-01-B-20,WH1,0.20000,КГ,10.00000,,,,,,,0.00000,0.00000,a.savitskiy,Пакет интерфейса поставки:a090a12b-0d86-4324-97b3-07bc13cdf711,2026-03-24 10:54:42,321195,1996955,2566617,0,ЭКС,,3845544,,,,Годен,,,,
2532115,320713,New,End,,,2566618,,6.00000,ШТ,СМ,,RECV-01,WH1,10.00000,631580,,Изолятор опорный СА-3/6 (армир. болтом) ТехКерамика,12.00000,NEW Заказной товар,,,0,6.00000,ШТ,2026-03-21 00:00:00,EKS000005805,СП,ME-114-02-C-40,WH1,3.60000,КГ,10.00000,,,,,,,0.00000,0.00000,a.savitskiy,Пакет интерфейса поставки:a090a12b-0d86-4324-97b3-07bc13cdf711,2026-03-24 10:54:42,321195,1996953,2566618,0,ЭКС,,3845545,,,,Годен,,,,
2532116,320713,New,End,,,2566619,,4.00000,ШТ,СМ,,RECV-01,WH1,4.00000,133849,,"Пост кнопочный ПКТ-40 (IP54)  У2 (5 А, вверх, вниз, влево, вправо)",30.00000,NEW Заказной товар,,,0,4.00000,ШТ,2026-03-21 00:00:00,EKS000005805,СП,ME-115-02-A-20,WH1,3.60000,КГ,10.00000,,,,,,,0.00000,0.00000,a.savitskiy,Пакет интерфейса поставки:a090a12b-0d86-4324-97b3-07bc13cdf711,2026-03-24 10:54:42,321195,1996956,2566619,0,ЭКС,,3845546,,,,Годен,,,,
2532117,320713,New,End,,,2566620,,7.00000,ПЧ,СМ,,RECV-01,WH1,8.00000,819943,,"Авт. выкл. ВА47-29-NRG 3п 16А 4,5кА хар-ка C TAMNRG34C16 te00446735",22.00000,NEW Заказной товар,,,0,28.00000,ШТ,2026-03-21 00:00:00,EKS000005805,СП,ME-114-05-D-30,WH1,3.50000,КГ,9.00000,,,,,,,0.00000,0.00000,a.savitskiy,Пакет интерфейса поставки:a090a12b-0d86-4324-97b3-07bc13cdf711,2026-03-24 10:54:42,321195,1996950,2566620,0,ЭКС,,3845547,,,,Годен,,,,
2532118,320713,New,End,,,2566622,,10.00000,ШТ,СМ,,RECV-01,WH1,4.00000,883447,,Выключатель Пралеска 1ОП б/п 6А 250В IP54 в сборе А16-222 белый,7.50000,NEW Заказной товар,,,0,10.00000,ШТ,2026-03-21 00:00:00,EKS000005805,СП,ME-115-02-C-20,WH1,0.80000,КГ,7.50000,,,,,,,0.00000,0.00000,a.savitskiy,Пакет интерфейса поставки:a090a12b-0d86-4324-97b3-07bc13cdf711,2026-03-24 10:54:42,321195,1996960,2566622,0,ЭКС,,3845550,,,,Годен,,,,
2532119,320713,New,End,,,2566623,,2.00000,ШТ,СМ,,RECV-01,WH1,6.00000,819943,,"Авт. выкл. ВА47-29-NRG 3п 16А 4,5кА хар-ка C TAMNRG34C16 te00446735",9.00000,NEW Заказной товар,,,0,2.00000,ШТ,2026-03-21 00:00:00,EKS000005805,СП,ME-114-05-D-30,WH1,0.20000,КГ,8.00000,,,,,,,0.00000,0.00000,a.savitskiy,Пакет интерфейса поставки:a090a12b-0d86-4324-97b3-07bc13cdf711,2026-03-24 10:54:42,321195,1996950,2566623,0,ЭКС,,3845552,,,,Годен,,,,
2532120,320713,New,End,,,2566625,,2.00000,ПЧ,СМ,,RECV-01,WH1,3.00000,883450,,Лампа сменная неоновая BA9S 230В красная MFK-230-04 te00103542,14.50000,NEW Класс C,,,0,100.00000,ШТ,2026-03-21 00:00:00,EKS000005805,СП,ME-213-02-E-20,WH1,0.20000,КГ,7.50000,,,,,,,0.00000,0.00000,a.savitskiy,Пакет интерфейса поставки:a090a12b-0d86-4324-97b3-07bc13cdf711,2026-03-24 10:54:42,321195,1996957,2566625,0,ЭКС,,3845560,,,,Годен,,,,
2532121,320713,New,End,,,2566626,,3.00000,ШТ,СМ,,RECV-01,WH1,8.50000,326535,,Пакетный переключатель термостойкий ППКП (ТПКП) 25А,11.00000,NEW Заказной товар,,,0,3.00000,ШТ,2026-03-21 00:00:00,EKS000005805,СП,ME-108-04-D-30,WH1,0.90000,КГ,10.00000,,,,,,,0.00000,0.00000,a.savitskiy,Пакет интерфейса поставки:a090a12b-0d86-4324-97b3-07bc13cdf711,2026-03-24 10:54:42,321195,1996954,2566626,0,ЭКС,,3845562,,,,Годен,,,,
2532122,320713,New,End,,,2566627,,6.00000,ПЧ,СМ,,RECV-01,WH1,8.00000,883449,,"Авт. выкл. ВА 4729-NRG 1п 20А 4,5кА хар-ка C TAMNRG14C20 te00449489",22.00000,NEW Заказной товар,,,0,72.00000,ШТ,2026-03-21 00:00:00,EKS000005805,СП,ME-115-03-B-40,WH1,6.00000,КГ,8.50000,,,,,,,0.00000,0.00000,a.savitskiy,Пакет интерфейса поставки:a090a12b-0d86-4324-97b3-07bc13cdf711,2026-03-24 10:54:42,321195,1996958,2566627,0,ЭКС,,3845563,,,,Годен,,,,
2532123,320713,New,End,,,2566628,,4.00000,ШТ,СМ,,RECV-01,WH1,7.50000,883449,,"Авт. выкл. ВА 4729-NRG 1п 20А 4,5кА хар-ка C TAMNRG14C20 te00449489",8.00000,NEW Заказной товар,,,0,4.00000,ШТ,2026-03-21 00:00:00,EKS000005805,СП,ME-202-07-D-50,WH1,0.32000,КГ,2.00000,,,,,,,0.00000,0.00000,a.savitskiy,Пакет интерфейса поставки:a090a12b-0d86-4324-97b3-07bc13cdf711,2026-03-24 10:54:42,321195,1996958,2566628,0,ЭКС,,3845564,,,,Годен,,,,
2532124,320714,New,End,,,CNT02501316,,100.00000,М,СМ,4712-12-31 00:00:00,RECV-01,WH1,1.00000,210972,,"Кабель КГВЭВнг(A)-LS 2х1,5",100.00000,NEW Кабель и провод нест,CNT02501316,,0,100.00000,М,2026-03-20 00:00:00,EKS000005824,СП,ZX-09-23-C-10,WH1,25.00000,КГ,1.00000,,,,,,,0.00000,0.00000,n.bezrukov,Пакет интерфейса поставки:3c25afaf-e8e6-475f-863b-d85156ddb214,2026-03-24 11:03:12,321214,1996990,2566646,0,ЭКС,,3845599,,,,Годен,,,,
2532125,320715,New,End,,,2566637,,5.00000,КР,СМ,,RECV-01,WH1,13.50000,755581,,Наконечник медь лужёный ТМЛ  95-12-15 PLEXUP,38.00000,NEW Класс C,,,0,1000.00000,ШТ,2026-03-20 00:00:00,EKS000005816,СП,ME-104-06-E-10,WH1,51.85000,КГ,29.00000,,,,,,,0.00000,0.00000,n.bezrukov,Пакет интерфейса поставки:d3aa8dbf-10eb-4a9f-b83d-4dd480663d83,2026-03-24 11:23:19,321206,1996979,2566637,0,ЭКС,,3845576,,,,Годен,,,,
2532126,320716,New,End,,,2566672,,1.00000,ШТ,СМ,,RECV-01,WH1,14.00000,303150,,Светильник LED PPI-01 150w 5000K 21000Лм IP65 (new slim)  Jazzway Гарантия 5 лет,85.00000,NEW Заказной товар,,,0,1.00000,ШТ,2026-03-24 00:00:00,EKS000005852,СП,ZX-16-21-C-15,WH1,3.70000,КГ,15.00000,,,,,,,0.00000,0.00000,n.bezrukov,Пакет интерфейса поставки:d3aa8dbf-10eb-4a9f-b83d-4dd480663d83,2026-03-24 11:23:25,321242,1997115,2566672,0,ЭКС,,3845638,,,,Годен,,,,
2532127,320717,New,End,,,2566635,,4.00000,КР,СМ,,RECV-01,WH1,13.00000,749559,,Гильза медная луженая  ГМЛ 10-5 PLEXUP,38.00000,NEW Класс B,,,0,6000.00000,ШТ,2026-03-20 00:00:00,EKS000005814,СП,ME-103-07-E-10,WH1,49.20000,КГ,29.00000,,,,,,,0.00000,0.00000,n.bezrukov,Пакет интерфейса поставки:b3b0036c-e6d1-43f7-ad92-d22e915e1d53,2026-03-24 11:29:05,321204,1996977,2566635,0,ЭКС,,3845573,,,,Годен,,,,
2532128,320717,New,End,,,2566640,,10.00000,КР,СМ,,RECV-01,WH1,13.50000,755581,,Наконечник медь лужёный ТМЛ  95-12-15 PLEXUP,38.00000,NEW Класс C,,,0,2000.00000,ШТ,2026-03-20 00:00:00,EKS000005814,СП,ZX-03-04-A-18,WH1,103.70000,КГ,29.00000,,,,,,,0.00000,0.00000,n.bezrukov,Пакет интерфейса поставки:b3b0036c-e6d1-43f7-ad92-d22e915e1d53,2026-03-24 11:29:05,321204,1996976,2566640,0,ЭКС,,3845584,,,,Годен,,,,
2532129,320718,New,End,,,2566695,,1.00000,ШТ,СМ,,RECV-01,WH1,20.00000,135495,,Контактор КТН-5115 115А 230В/АС3 TDM,25.00000,NEW Заказной товар,,,0,1.00000,ШТ,2026-03-27 00:00:00,EKS000005833,СП,ME-120-03-D-40,WH1,5.00000,КГ,23.50000,,,,,,,0.00000,0.00000,a.manokhin,Пакет интерфейса поставки:4c04843b-27d6-4aad-bcd1-8b8e47a14c83,2026-03-24 12:12:49,321223,1997019,2566695,0,ЭКС,,3845671,,,,Годен,,,,
2532130,320719,New,End,,,2566702,,2.00000,ШТ,СМ,,RECV-01,WH1,29.00000,883129,,Аккумуляторная батарея VEKTOR BATTERY GEL 12-150,50.00000,NEW Тяжелые,,,0,2.00000,ШТ,2026-03-24 00:00:00,EKS000005853,СП,ZX-15-31-C-10,WH1,85.60000,КГ,18.50000,,,,,,,0.00000,0.00000,a.savitskiy,Пакет интерфейса поставки:4c04843b-27d6-4aad-bcd1-8b8e47a14c83,2026-03-24 12:12:55,321243,1997116,2566702,0,ЭКС,,3845689,,,,Годен,,,,
2532131,320720,New,End,,,2566668,,3.00000,КР,СМ,,RECV-01,WH1,38.00000,174977,,Кнопка КП-01 (для пров. звонков) TDM SQ1901-0019,56.00000,NEW Заказной товар,,,0,300.00000,ШТ,2026-03-27 00:00:00,EKS000005828,СП,ZX-15-25-A-10,WH1,19.95000,КГ,38.00000,,,,,,,0.00000,0.00000,a.manokhin,Пакет интерфейса поставки:f3853e50-a959-4990-bfbd-8f9bb071fef1,2026-03-24 12:17:13,321218,1996999,2566668,0,ЭКС,,3845631,,,,Годен,,,,
2532132,320720,New,End,,,2566705,,32.00000,ШТ,СМ,,RECV-01,WH1,5.00000,174977,,Кнопка КП-01 (для пров. звонков) TDM SQ1901-0019,20.00000,NEW Заказной товар,,,0,32.00000,ШТ,2026-03-27 00:00:00,EKS000005828,СП,ME-109-08-B-30,WH1,9.60000,КГ,14.00000,,,,,,,0.00000,0.00000,a.manokhin,Пакет интерфейса поставки:f3853e50-a959-4990-bfbd-8f9bb071fef1,2026-03-24 12:17:13,321218,1996999,2566705,0,ЭКС,,3845695,,,,Годен,,,,
2532133,320721,New,End,,,2566724,,1.00000,ШТ,СМ,,RECV-01,WH1,5.00000,739788,,R3-Рубеж-2ОП Прибор приёмно-контрольный и управления,23.00000,NEW Заказной товар,,,0,1.00000,ШТ,2026-03-24 00:00:00,EKS000005839,СП,ME-122-06-C-20,WH1,0.30000,КГ,17.00000,,,,,,,0.00000,0.00000,a.savitskiy,Пакет интерфейса поставки:f3853e50-a959-4990-bfbd-8f9bb071fef1,2026-03-24 12:17:19,321229,1997044,2566724,0,ЭКС,,3845733,,,,Годен,,,,
2532134,320722,New,End,,,2566671,,2.00000,ПЧ,СМ,,RECV-01,WH1,6.00000,451362,,Сигнализатор звуковой AD22-22M/k23 d22 мм 24В DC/AC черный TDM,15.00000,NEW Заказной товар,,,0,20.00000,ШТ,2026-03-27 00:00:00,EKS000005829,СП,ME-101-03-K-20,WH1,0.40000,КГ,7.00000,,,,,,,0.00000,0.00000,a.manokhin,Пакет интерфейса поставки:8d53a742-497b-4629-bd16-d88461f6ba7f,2026-03-24 12:18:56,321219,1997000,2566671,0,ЭКС,,3845637,,,,Годен,,,,
2532135,320724,New,End,,,2566692,,1.00000,ШТ,СМ,,RECV-01,WH1,15.00000,135468,,Контактор КМН 10960   9А в оболочке Ue=230В/АС3 IP54 TDM,17.10000,NEW Заказной товар,,,0,1.00000,ШТ,2026-03-27 00:00:00,EKS000005834,СП,ME-103-04-K-20,WH1,0.60000,КГ,9.00000,,,,,,,0.00000,0.00000,a.manokhin,Пакет интерфейса поставки:bd787baa-c879-48a1-b659-cc1ad4e302e1,2026-03-24 12:21:13,321224,1997020,2566692,0,ЭКС,,3845667,,,,Годен,,,,
2532136,320723,New,End,,,2566693,,1.00000,ШТ,СМ,,RECV-01,WH1,3.00000,883263,,"Блок питания 100Вт-12В-IP20 для светодиодных лент и модулей, металл, узкий",19.00000,NEW Заказной товар,,,0,1.00000,ШТ,2026-03-27 00:00:00,EKS000005830,СП,ME-103-07-A-30,WH1,0.24000,КГ,5.00000,,,,,,,0.00000,0.00000,a.manokhin,Пакет интерфейса поставки:bd787baa-c879-48a1-b659-cc1ad4e302e1,2026-03-24 12:21:06,321220,1997001,2566693,0,ЭКС,,3845669,,,,Годен,,,,
2532137,320725,New,End,,,OTR02095385,,1505.00000,М,СМ,4712-12-31 00:00:00,RECV-01,WH1,2.00000,864441,,Кабель МКЭШВнг(А)-HF 5х2х1,100.00000,KC1-03,OTR02095385,,2566648,1505.00000,М,2026-03-23 00:00:00,EKS000005822,СП,KC-10-G,WH1,752.50000,КГ,2.00000,bar12kapa,0000,,,,,0.00000,0.00000,a.savitskiy,Пакет интерфейса поставки:1c8c4c94-3896-4992-8ba1-a5ed6d6fe7a8,2026-03-24 12:22:50,321212,1996988,2566647,0,ЭКС,,3845865,,,,Годен,,,,
2532138,320725,New,End,,Барабан,BAR02026954,Барабан 12,0.00000,,СМ,,RECV-01,WH1,122.00000,,,,81.00000,KC1-01,,,0,1505.00000,,2026-03-23 00:00:00,EKS000005822,СП,,,752.50000,,122.00000,,,,,,,0.00000,0.00000,a.savitskiy,Пакет интерфейса поставки:1c8c4c94-3896-4992-8ba1-a5ed6d6fe7a8,2026-03-24 12:22:50,321212,,2566648,0,,,,,,,,,,,
2532139,320726,New,End,,,OTR02095386,,400.00000,М,СМ,4712-12-31 00:00:00,RECV-01,WH1,1.20000,731732,,"Кабель ВБШвнг(A)-FRLS 3х1,5 ок(N,PE)-1кВ",100.00000,KC1-03,OTR02095386,,2566650,400.00000,М,2026-03-20 00:00:00,EKS000005825,СП,KC-09-D,WH1,160.00000,КГ,1.20000,bar12kapa,0000,,,,,0.00000,0.00000,n.bezrukov,Пакет интерфейса поставки:1c8c4c94-3896-4992-8ba1-a5ed6d6fe7a8,2026-03-24 12:22:56,321215,1996991,2566649,0,ЭКС,,3845606,,,,Годен,,,,
2532140,320726,New,End,,Барабан,BAR02047289,Барабан 12,0.00000,,СМ,,RECV-01,WH1,122.00000,,,,81.00000,KC1-01,,,0,400.00000,,2026-03-20 00:00:00,EKS000005825,СП,,,160.00000,,122.00000,,,,,,,0.00000,0.00000,n.bezrukov,Пакет интерфейса поставки:1c8c4c94-3896-4992-8ba1-a5ed6d6fe7a8,2026-03-24 12:22:56,321215,,2566650,0,,,,,,,,,,,
2532141,320728,New,End,,,2566631,,1.00000,КР,СМ,,RECV-01,WH1,20.00000,235439,,"Светильник LED ЛУЧ-220-С 83ФА ДРАЙВ 8Вт 1050Лм 4000K фотоакуст. датчик, IP54",40.00000,NEW Заказной товар,,,0,20.00000,ШТ,2026-03-24 00:00:00,EKS000005819,СП,ME-115-05-A-20,WH1,8.00000,КГ,40.00000,,,,,,,0.00000,0.00000,a.manokhin,Пакет интерфейса поставки:4a01e41f-99e7-4682-8df4-28d0ec683728,2026-03-24 12:25:11,321209,1996984,2566631,0,ЭКС,,3845568,,,,Годен,,,,
2532142,320728,New,End,,,2566634,,1.00000,КР,СМ,,RECV-01,WH1,23.00000,723705,,"Светильник LED ЛУЧ-220-С 123ФА ДРАЙВ 12Вт 1400Лм 4000K фотоакуст. датчик, IP54",42.00000,NEW Заказной товар,,,0,20.00000,ШТ,2026-03-24 00:00:00,EKS000005819,СП,ME-107-03-B-40,WH1,5.00000,КГ,42.00000,,,,,,,0.00000,0.00000,a.manokhin,Пакет интерфейса поставки:4a01e41f-99e7-4682-8df4-28d0ec683728,2026-03-24 12:25:11,321209,1996983,2566634,0,ЭКС,,3845572,,,,Годен,,,,
2532143,320728,New,End,,,2566638,,10.00000,ШТ,СМ,,RECV-01,WH1,5.00000,723705,,"Светильник LED ЛУЧ-220-С 123ФА ДРАЙВ 12Вт 1400Лм 4000K фотоакуст. датчик, IP54",18.00000,NEW Заказной товар,,,0,10.00000,ШТ,2026-03-24 00:00:00,EKS000005819,СП,ME-107-03-B-40,WH1,3.00000,КГ,18.00000,,,,,,,0.00000,0.00000,a.manokhin,Пакет интерфейса поставки:4a01e41f-99e7-4682-8df4-28d0ec683728,2026-03-24 12:25:11,321209,1996983,2566638,0,ЭКС,,3845577,,,,Годен,,,,
2532144,320727,New,End,,,2566642,,4.00000,ШТ,СМ,,RECV-01,WH1,5.00000,728768,,"Светильник LED ЛУЧ-220-С 83ФА БАП ДРАЙВ 8 Вт, ~220 В, БАП, 1050Лм, фотоакуст. датчик",18.00000,NEW Заказной товар,,,0,4.00000,ШТ,2026-03-24 00:00:00,EKS000005818,СП,ME-115-06-C-20,WH1,1.60000,КГ,18.00000,,,,,,,0.00000,0.00000,a.manokhin,Пакет интерфейса поставки:4a01e41f-99e7-4682-8df4-28d0ec683728,2026-03-24 12:25:04,321208,1996981,2566642,0,ЭКС,,3845589,,,,Годен,,,,
2532145,320727,New,End,,,2566643,,1.00000,КР,СМ,,RECV-01,WH1,22.00000,728768,,"Светильник LED ЛУЧ-220-С 83ФА БАП ДРАЙВ 8 Вт, ~220 В, БАП, 1050Лм, фотоакуст. датчик",40.00000,NEW Заказной товар,,,0,20.00000,ШТ,2026-03-24 00:00:00,EKS000005818,СП,ME-115-06-C-20,WH1,8.00000,КГ,40.00000,,,,,,,0.00000,0.00000,a.manokhin,Пакет интерфейса поставки:4a01e41f-99e7-4682-8df4-28d0ec683728,2026-03-24 12:25:04,321208,1996981,2566643,0,ЭКС,,3845591,,,,Годен,,,,
2532146,320728,New,End,,,2566644,,10.00000,ШТ,СМ,,RECV-01,WH1,5.00000,728712,,"Светильник LED ЛУЧ-220-С 123 ДРАЙВ 12 Вт, ~220 В, без датчика, 1400Лм",18.00000,NEW Заказной товар,,,0,10.00000,ШТ,2026-03-24 00:00:00,EKS000005819,СП,ME-115-07-A-30,WH1,10.00000,КГ,18.00000,,,,,,,0.00000,0.00000,a.manokhin,Пакет интерфейса поставки:4a01e41f-99e7-4682-8df4-28d0ec683728,2026-03-24 12:25:11,321209,1996982,2566644,0,ЭКС,,3845594,,,,Годен,,,,
2532147,320729,New,End,,,2566630,,1.00000,КР,СМ,,RECV-01,WH1,24.00000,505985,,ЛУЧ-220-С 123Ф Драйв (07594),40.00000,NEW Заказной товар,,,0,20.00000,ШТ,2026-03-24 00:00:00,EKS000005817,СП,ME-115-04-C-20,WH1,4.00000,КГ,40.00000,,,,,,,0.00000,0.00000,a.manokhin,Пакет интерфейса поставки:895c900a-2e43-4dec-9e8b-7d5bf49b5e76,2026-03-24 12:27:18,321207,1996980,2566630,0,ЭКС,,3845567,,,,Годен,,,,
2532148,320730,New,End,,,2566633,,2.00000,КР,СМ,,RECV-01,WH1,18.00000,302104,,"Светильник LED ЛУЧ-220-С 64ФА ДРАЙВ 6Вт 800Лм 4000K фотоакуст. датчик, IP54",30.00000,NEW Заказной товар,,,0,20.00000,ШТ,2026-03-24 00:00:00,EKS000005820,СП,ME-115-06-B-20,WH1,4.20000,КГ,30.00000,,,,,,,0.00000,0.00000,a.manokhin,Пакет интерфейса поставки:895c900a-2e43-4dec-9e8b-7d5bf49b5e76,2026-03-24 12:27:24,321210,1996986,2566633,0,ЭКС,,3845571,,,,Годен,,,,
2532149,320729,New,End,,,2566639,,10.00000,ШТ,СМ,,RECV-01,WH1,5.00000,505985,,ЛУЧ-220-С 123Ф Драйв (07594),18.00000,NEW Заказной товар,,,0,10.00000,ШТ,2026-03-24 00:00:00,EKS000005817,СП,ME-115-04-C-20,WH1,2.00000,КГ,18.00000,,,,,,,0.00000,0.00000,a.manokhin,Пакет интерфейса поставки:895c900a-2e43-4dec-9e8b-7d5bf49b5e76,2026-03-24 12:27:18,321207,1996980,2566639,0,ЭКС,,3845583,,,,Годен,,,,
2532150,320730,New,End,,,2566641,,15.00000,ШТ,СМ,,RECV-01,WH1,5.00000,728762,,"Светильник LED ЛУЧ-220-С 83ДФА1 БАП ДРАЙВ 8 Вт, ~220 В, БАП, 1050Лм фотоакуст. датчик, дежурн. режим",18.00000,NEW Заказной товар,,,0,15.00000,ШТ,2026-03-24 00:00:00,EKS000005820,СП,ME-120-06-C-20,WH1,6.00000,КГ,18.00000,,,,,,,0.00000,0.00000,a.manokhin,Пакет интерфейса поставки:895c900a-2e43-4dec-9e8b-7d5bf49b5e76,2026-03-24 12:27:24,321210,1996985,2566641,0,ЭКС,,3845587,,,,Годен,,,,
2532151,320731,New,End,,,2566645,,1.00000,ШТ,СМ,,RECV-01,WH1,27.00000,780886,,"Преобразователь частоты  LCI-G5.5/P7.5-4B 5,5кВт|13А 3 ~ 342-440В IP20",32.00000,NEW Заказной товар,,,0,1.00000,ШТ,2026-03-20 00:00:00,EKS000005823,СП,ME-119-08-B-20,WH1,3.58000,КГ,24.00000,,,,,,,0.00000,0.00000,a.manokhin,Пакет интерфейса поставки:895c900a-2e43-4dec-9e8b-7d5bf49b5e76,2026-03-24 12:27:30,321213,1996989,2566645,0,ЭКС,,3845598,,,,Годен,,,,
2532152,320732,New,End,,,2566652,,1.00000,КР,СМ,,RECV-01,WH1,22.00000,268782,,"Выключатель 1-кл. скрытой установки IP54 10A ""Вуокса"" TDM SQ1803-0101",50.00000,NEW Заказной товар,,,0,100.00000,ШТ,2026-03-27 00:00:00,EKS000005836,СП,ME-108-03-C-20,WH1,8.56000,КГ,36.00000,,,,,,,0.00000,0.00000,a.manokhin,Пакет интерфейса поставки:7fafdca0-c51c-49c1-bc19-a1a27e54664c,2026-03-24 12:31:08,321226,1997022,2566652,0,ЭКС,,3845615,,,,Годен,,,,
2532153,320732,New,End,,,2566698,,2.00000,ПЧ,СМ,,RECV-01,WH1,10.00000,268782,,"Выключатель 1-кл. скрытой установки IP54 10A ""Вуокса"" TDM SQ1803-0101",34.00000,NEW Заказной товар,,,0,20.00000,ШТ,2026-03-27 00:00:00,EKS000005836,СП,ME-108-03-C-20,WH1,2.00000,КГ,10.00000,,,,,,,0.00000,0.00000,a.manokhin,Пакет интерфейса поставки:7fafdca0-c51c-49c1-bc19-a1a27e54664c,2026-03-24 12:31:08,321226,1997022,2566698,0,ЭКС,,3845676,,,,Годен,,,,
2532154,320733,New,End,,,2566714,,5.00000,КР,СМ,,RECV-01,WH1,19.00000,847791,,Аккумулятор ETALON FORS 18 А/ч 12В,19.00000,NEW Заказной товар,,,0,10.00000,ШТ,2026-03-24 00:00:00,EKS000005840,СП,ZX-16-25-B-18,WH1,51.65000,КГ,16.50000,,,,,,,0.00000,0.00000,a.savitskiy,Пакет интерфейса поставки:c6d58eab-3725-4384-9e69-7202f7ea3732,2026-03-24 12:35:17,321230,1997046,2566714,0,ЭКС,,3845718,,,,Годен,,,,
2532155,320733,New,End,,,2566716,,1.00000,ШТ,СМ,,RECV-01,WH1,19.00000,847791,,Аккумулятор ETALON FORS 18 А/ч 12В,19.00000,NEW Заказной товар,,,0,1.00000,ШТ,2026-03-24 00:00:00,EKS000005840,СП,ZX-16-25-B-18,WH1,5.15000,КГ,8.00000,,,,,,,0.00000,0.00000,a.savitskiy,Пакет интерфейса поставки:c6d58eab-3725-4384-9e69-7202f7ea3732,2026-03-24 12:35:17,321230,1997046,2566716,0,ЭКС,,3845720,,,,Годен,,,,
2532156,320733,New,End,,,2566717,,5.00000,ШТ,СМ,,RECV-01,WH1,11.00000,847790,,"ИВЭПР 12/5 2х17 - Р БР (К4), источник резервного питания",38.00000,NEW Заказной товар,,,0,5.00000,ШТ,2026-03-24 00:00:00,EKS000005840,СП,ME-122-05-A-20,WH1,11.90000,КГ,26.50000,,,,,,,0.00000,0.00000,a.savitskiy,Пакет интерфейса поставки:c6d58eab-3725-4384-9e69-7202f7ea3732,2026-03-24 12:35:17,321230,1997047,2566717,0,ЭКС,,3845722,,,,Годен,,,,
2532157,320733,New,End,,,2566718,,5.00000,КР,СМ,,RECV-01,WH1,18.00000,847789,,АРИЯ - ПС-10 (АРИЯ-10 (10 Вт)),51.00000,NEW Заказной товар,,,0,20.00000,ШТ,2026-03-24 00:00:00,EKS000005840,СП,ME-123-05-A-50,WH1,11.55000,КГ,20.00000,,,,,,,0.00000,0.00000,a.savitskiy,Пакет интерфейса поставки:c6d58eab-3725-4384-9e69-7202f7ea3732,2026-03-24 12:35:17,321230,1997048,2566718,0,ЭКС,,3845727,,,,Годен,,,,
2532158,320733,New,End,,,2566720,,5.00000,ШТ,СМ,,RECV-01,WH1,9.50000,847786,,"АРИЯ-ПС-БРО-РМ, блок трансляции фоновой музыки + резервный источник 220В, АКБ 7Ач, IP40, ГО и ЧС, му",25.50000,NEW Заказной товар,,,0,5.00000,ШТ,2026-03-24 00:00:00,EKS000005840,СП,ME-223-03-B-20,WH1,5.20000,КГ,20.50000,,,,,,,0.00000,0.00000,a.savitskiy,Пакет интерфейса поставки:c6d58eab-3725-4384-9e69-7202f7ea3732,2026-03-24 12:35:17,321230,1997050,2566720,0,ЭКС,,3845729,,,,Годен,,,,
2532159,320733,New,End,,,2566721,,5.00000,ШТ,СМ,,RECV-01,WH1,8.00000,847787,,"АРИЯ-ПС-МК-12, микрофон",25.00000,NEW Заказной товар,,,0,5.00000,ШТ,2026-03-24 00:00:00,EKS000005840,СП,ME-223-04-B-50,WH1,0.55000,КГ,8.00000,,,,,,,0.00000,0.00000,a.savitskiy,Пакет интерфейса поставки:c6d58eab-3725-4384-9e69-7202f7ea3732,2026-03-24 12:35:17,321230,1997049,2566721,0,ЭКС,,3845730,,,,Годен,,,,
2532160,320733,New,End,,,2566723,,2.00000,ШТ,СМ,,RECV-01,WH1,5.00000,742332,,"Маяк-24-КП, оповещатель охранно-пожарный комбинированный свето-звуковой",9.00000,NEW Заказной товар,,,0,2.00000,ШТ,2026-03-24 00:00:00,EKS000005840,СП,ME-122-05-C-20,WH1,0.02000,КГ,9.00000,,,,,,,0.00000,0.00000,a.savitskiy,Пакет интерфейса поставки:c6d58eab-3725-4384-9e69-7202f7ea3732,2026-03-24 12:35:17,321230,1997045,2566723,0,ЭКС,,3845732,,,,Годен,,,,
2532161,320734,New,End,,,2566653,,3.00000,КР,СМ,,RECV-01,WH1,8.00000,660579,,Светильник LED универс. ДВО-02 3640-ПРИЗМА 36Вт 230В 4000К 4020лм 110лм/Вт 595х595х19 панель,60.00000,NEW Заказной товар,,,0,12.00000,ШТ,2026-03-24 00:00:00,EKS000005838,СП,ZX-15-27-C-15,WH1,12.00000,КГ,60.00000,,,,,,,0.00000,0.00000,a.savitskiy,Пакет интерфейса поставки:1fdacfba-0571-4073-a58e-b4cfa2a0e05f,2026-03-24 12:38:56,321228,1997036,2566653,0,ЭКС,,3845616,,,,Годен,,,,
2532162,320734,New,End,,,2566654,,1.00000,КР,СМ,,RECV-01,WH1,16.00000,794213,,Лампа LED-T8-М-PRO 20Вт  матовая 6500К холод. бел. G13 2000лм 230В 1200мм неповоротн. IN HOME,120.00000,NEW Класс C,,,0,25.00000,ШТ,2026-03-24 00:00:00,EKS000005838,СП,ZX-15-33-B-10,WH1,5.60000,КГ,20.00000,,,,,,,0.00000,0.00000,a.savitskiy,Пакет интерфейса поставки:1fdacfba-0571-4073-a58e-b4cfa2a0e05f,2026-03-24 12:38:56,321228,1997035,2566654,0,ЭКС,,3845617,,,,Годен,,,,
2532163,320734,New,End,,,2566655,,2.00000,КР,СМ,,RECV-01,WH1,17.00000,605091,,Лампа LED-T8-М-PRO 30Вт 230В G13 6500К 3000Лм 1200мм матовая IN HOME,120.00000,NEW Заказной товар,,,0,50.00000,ШТ,2026-03-24 00:00:00,EKS000005838,СП,ZX-16-21-A-18,WH1,11.00000,КГ,19.00000,,,,,,,0.00000,0.00000,a.savitskiy,Пакет интерфейса поставки:1fdacfba-0571-4073-a58e-b4cfa2a0e05f,2026-03-24 12:38:56,321228,1997037,2566655,0,ЭКС,,3845618,,,,Годен,,,,
2532164,320734,New,End,,,2566656,,3.00000,ШТ,СМ,,RECV-01,WH1,6.00000,842196,,Светильник уличный линзованный сд ДКУ-2L 200Вт 230В 5000К 25000Лм 125лм/Вт 48-70мм IP65 NEOX,56.00000,NEW Заказной товар,,,0,3.00000,ШТ,2026-03-24 00:00:00,EKS000005838,СП,ME-209-03-E-20,WH1,6.63000,КГ,28.00000,,,,,,,0.00000,0.00000,a.savitskiy,Пакет интерфейса поставки:1fdacfba-0571-4073-a58e-b4cfa2a0e05f,2026-03-24 12:38:56,321228,1997039,2566656,0,ЭКС,,3845619,,,,Годен,,,,
2532165,320734,New,End,,,2566660,,4.00000,КР,СМ,,RECV-01,WH1,21.00000,508811,,Прожектор  LED СДО-7 100Вт 230В 6500К IP65 черный IN HOME,26.00000,NEW Заказной товар,,,0,40.00000,ШТ,2026-03-24 00:00:00,EKS000005838,СП,ME-115-07-B-20,WH1,27.60000,КГ,23.00000,,,,,,,0.00000,0.00000,a.savitskiy,Пакет интерфейса поставки:1fdacfba-0571-4073-a58e-b4cfa2a0e05f,2026-03-24 12:38:56,321228,1997038,2566660,0,ЭКС,,3845623,,,,Годен,,,,
2532166,320734,New,End,,,2566676,,2.00000,КР,СМ,,RECV-01,WH1,11.00000,841082,,Панель сд универсальная ДВО-02 4040-ОПАЛ 40Вт 4000К IP40 595х595х22мм NEOX,60.00000,NEW Заказной товар,,,0,8.00000,ШТ,2026-03-24 00:00:00,EKS000005838,СП,ZX-16-22-C-18,WH1,9.88000,КГ,60.00000,,,,,,,0.00000,0.00000,a.savitskiy,Пакет интерфейса поставки:1fdacfba-0571-4073-a58e-b4cfa2a0e05f,2026-03-24 12:38:56,321228,1997032,2566676,0,ЭКС,,3845647,,,,Годен,,,,
2532167,320734,New,End,,,2566683,,5.00000,ШТ,СМ,,RECV-01,WH1,3.50000,842186,,Светильник складской линзованный сд UHB-2L 200Вт 230В 5000К 21000Лм 105лм/Вт IP65 без пульсации NEOX,31.00000,NEW Заказной товар,,,0,5.00000,ШТ,2026-03-24 00:00:00,EKS000005838,СП,ME-220-03-D-30,WH1,5.75000,КГ,31.00000,,,,,,,0.00000,0.00000,a.savitskiy,Пакет интерфейса поставки:1fdacfba-0571-4073-a58e-b4cfa2a0e05f,2026-03-24 12:38:56,321228,1997040,2566683,0,ЭКС,,3845658,,,,Годен,,,,
2532168,320734,New,End,,,2566685,,1.00000,ПЧ,СМ,,RECV-01,WH1,6.00000,841040,,Лампа сд низковольтная LED-MO-PRO 15Вт 12-48В Е27 6500К 1200Лм IN HOME,31.00000,NEW Заказной товар,,,0,10.00000,ШТ,2026-03-24 00:00:00,EKS000005838,СП,ME-224-03-E-40,WH1,0.50000,КГ,23.00000,,,,,,,0.00000,0.00000,a.savitskiy,Пакет интерфейса поставки:1fdacfba-0571-4073-a58e-b4cfa2a0e05f,2026-03-24 12:38:56,321228,1997033,2566685,0,ЭКС,,3845660,,,,Годен,,,,
2532169,320734,New,End,,,2566689,,1.00000,ПЧ,СМ,,RECV-01,WH1,6.00000,841804,,Лампа сд LED-A65-VC 30Вт 230В Е27 3000К 2850Лм IN HOME,32.00000,NEW Заказной товар,,,0,10.00000,ШТ,2026-03-24 00:00:00,EKS000005838,СП,ME-121-03-B-40,WH1,0.52000,КГ,26.00000,,,,,,,0.00000,0.00000,a.savitskiy,Пакет интерфейса поставки:1fdacfba-0571-4073-a58e-b4cfa2a0e05f,2026-03-24 12:38:56,321228,1997041,2566689,0,ЭКС,,3845664,,,,Годен,,,,
2532170,320734,New,End,,,2566691,,1.00000,ШТ,СМ,,RECV-01,WH1,15.00000,841147,,Светильник трековый TR-GX53-TL 52RB под GX53 с подсветкой черный IN HOME,10.00000,NEW Заказной товар,,,0,1.00000,ШТ,2026-03-24 00:00:00,EKS000005838,СП,ME-102-05-H-40,WH1,0.20000,КГ,10.00000,,,,,,,0.00000,0.00000,a.savitskiy,Пакет интерфейса поставки:1fdacfba-0571-4073-a58e-b4cfa2a0e05f,2026-03-24 12:38:56,321228,1997043,2566691,0,ЭКС,,3845666,,,,Годен,,,,
2532171,320734,New,End,,,2566694,,1.00000,ПЧ,СМ,,RECV-01,WH1,4.00000,830305,,Стартер S10 4-65W 220-240В IN HOME,11.00000,NEW Заказной товар,,,0,25.00000,ШТ,2026-03-24 00:00:00,EKS000005838,СП,ME-103-08-D-30,WH1,0.10000,КГ,10.50000,,,,,,,0.00000,0.00000,a.savitskiy,Пакет интерфейса поставки:1fdacfba-0571-4073-a58e-b4cfa2a0e05f,2026-03-24 12:38:56,321228,1997034,2566694,0,ЭКС,,3845670,,,,Годен,,,,
2532172,320734,New,End,,,2566696,,1.00000,ШТ,СМ,,RECV-01,WH1,3.00000,841771,,ЭПРА-36-SLIM 36Вт для серии ДВО-SLIM NEOX,13.00000,NEW Заказной товар,,,0,1.00000,ШТ,2026-03-24 00:00:00,EKS000005838,СП,ME-104-07-B-20,WH1,0.10000,КГ,5.50000,,,,,,,0.00000,0.00000,a.savitskiy,Пакет интерфейса поставки:1fdacfba-0571-4073-a58e-b4cfa2a0e05f,2026-03-24 12:38:56,321228,1997042,2566696,0,ЭКС,,3845673,,,,Годен,,,,
2532173,320735,New,End,,,2566632,,4.00000,КР,СМ,,RECV-01,WH1,14.00000,749498,,Наконечник медный  лужёный ТМЛ-35 10-9 PLEXUP,38.00000,NEW Заказной товар,,,0,2000.00000,ШТ,2026-03-19 00:00:00,EKS000005815,СП,ME-217-06-A-20,WH1,34.40000,КГ,28.00000,,,,,,,0.00000,0.00000,n.bezrukov,Пакет интерфейса поставки:e8a4e0fa-4a33-4e08-924c-99b8511fb8d0,2026-03-24 12:41:03,321205,1996978,2566632,0,ЭКС,,3845569,,,,Годен,,,,
2532174,320736,New,End,,,2566828,,2.00000,ШТ,СМ,,RECV-01,WH1,14.00000,110259,,Щит освещения ЩО 8505-0406,32.00000,NEW Заказной товар,,,0,2.00000,ШТ,2026-03-24 00:00:00,EKS000005857,СП,ME-107-05-B-40,WH1,8.76000,КГ,28.00000,,,,,,,0.00000,0.00000,a.manokhin,Пакет интерфейса поставки:e8a4e0fa-4a33-4e08-924c-99b8511fb8d0,2026-03-24 12:41:09,321247,1997182,2566828,0,ЭКС,,3845899,,,,Годен,,,,
2532175,320737,New,End,,,2566580,,20.00000,ШТ,СМ,,RECV-01,WH1,13.00000,753408,,Переключатель крестовой ПК 12-21-822,9.00000,NEW Заказной товар,,,0,20.00000,ШТ,2026-03-21 00:00:00,EKS000005806,СП,ME-114-01-A-30,WH1,10.00000,КГ,9.00000,,,,,,,0.00000,0.00000,a.savitskiy,Пакет интерфейса поставки:c14bb21a-a197-4df0-a6a9-8d6eb7f9a3fd,2026-03-24 12:42:56,321196,1996963,2566580,0,ЭКС,,3845482,,,,Годен,,,,
2532176,320737,New,End,,,2566601,,1.00000,ПЧ,СМ,,RECV-01,WH1,6.50000,523282,,Тумблер ТП1-2 15А 250В,22.00000,NEW Заказной товар,,,0,20.00000,ШТ,2026-03-21 00:00:00,EKS000005806,СП,ME-203-06-B-20,WH1,0.75000,КГ,7.00000,,,,,,,0.00000,0.00000,a.savitskiy,Пакет интерфейса поставки:c14bb21a-a197-4df0-a6a9-8d6eb7f9a3fd,2026-03-24 12:42:56,321196,1996966,2566601,0,ЭКС,,3845517,,,,Годен,,,,
2532177,320737,New,End,,,2566602,,1.00000,ПЧ,СМ,,RECV-01,WH1,4.20000,855446,,Лампа КМ 60-50 60В TEKM6050 te00458640,8.00000,NEW Заказной товар,,,0,100.00000,ШТ,2026-03-21 00:00:00,EKS000005806,СП,ME-204-02-L-30,WH1,0.22000,КГ,8.00000,,,,,,,0.00000,0.00000,a.savitskiy,Пакет интерфейса поставки:c14bb21a-a197-4df0-a6a9-8d6eb7f9a3fd,2026-03-24 12:42:56,321196,1996962,2566602,0,ЭКС,,3845518,,,,Годен,,,,
2532178,320737,New,End,,,2566603,,1.00000,ПЧ,СМ,,RECV-01,WH1,5.00000,753407,,Лампа КМ 24-90 24В TEKM2490 te00458638,8.50000,NEW Заказной товар,,,0,100.00000,ШТ,2026-03-21 00:00:00,EKS000005806,СП,ME-204-04-I-30,WH1,0.21000,КГ,8.50000,,,,,,,0.00000,0.00000,a.savitskiy,Пакет интерфейса поставки:c14bb21a-a197-4df0-a6a9-8d6eb7f9a3fd,2026-03-24 12:42:56,321196,1996964,2566603,0,ЭКС,,3845519,,,,Годен,,,,
2532179,320737,New,End,,,2566605,,1.00000,ПЧ,СМ,,RECV-01,WH1,5.00000,855928,,Лампа КМ 48-50 48В TEKM4850 te00458639,8.50000,NEW Заказной товар,,,0,100.00000,ШТ,2026-03-21 00:00:00,EKS000005806,СП,ME-205-06-I-20,WH1,0.21000,КГ,8.50000,,,,,,,0.00000,0.00000,a.savitskiy,Пакет интерфейса поставки:c14bb21a-a197-4df0-a6a9-8d6eb7f9a3fd,2026-03-24 12:42:56,321196,1996961,2566605,0,ЭКС,,3845523,,,,Годен,,,,
2532180,320737,New,End,,,2566614,,5.00000,ШТ,СМ,,RECV-01,WH1,8.00000,503087,,Выключатель концевой ВПУ-011БЕ 111161-67.21.У2,14.00000,NEW Заказной товар,,,0,5.00000,ШТ,2026-03-21 00:00:00,EKS000005806,СП,ME-206-02-E-30,WH1,4.50000,КГ,8.00000,,,,,,,0.00000,0.00000,a.savitskiy,Пакет интерфейса поставки:c14bb21a-a197-4df0-a6a9-8d6eb7f9a3fd,2026-03-24 12:42:56,321196,1996967,2566614,0,ЭКС,,3845540,,,,Годен,,,,
2532181,320737,New,End,,,2566621,,5.00000,ШТ,СМ,,RECV-01,WH1,6.00000,672259,,Контактор КМИ-22510 25А 220В 1з УХЛ4 Класс Б Теxenergo,10.00000,NEW Заказной товар,,,0,5.00000,ШТ,2026-03-21 00:00:00,EKS000005806,СП,ME-118-08-C-20,WH1,1.00000,КГ,9.00000,,,,,,,0.00000,0.00000,a.savitskiy,Пакет интерфейса поставки:c14bb21a-a197-4df0-a6a9-8d6eb7f9a3fd,2026-03-24 12:42:56,321196,1996965,2566621,0,ЭКС,,3845549,,,,Годен,,,,
2532182,320737,New,End,,,2566629,,50.00000,ШТ,СМ,,RECV-01,WH1,0.50000,753407,,Лампа КМ 24-90 24В TEKM2490 te00458638,4.50000,NEW Заказной товар,,,0,50.00000,ШТ,2026-03-21 00:00:00,EKS000005806,СП,ME-204-04-I-30,WH1,0.25000,КГ,0.50000,,,,,,,0.00000,0.00000,a.savitskiy,Пакет интерфейса поставки:c14bb21a-a197-4df0-a6a9-8d6eb7f9a3fd,2026-03-24 12:42:56,321196,1996964,2566629,0,ЭКС,,3845566,,,,Годен,,,,
2532183,320738,New,End,,,2566707,,5.00000,ШТ,СМ,,RECV-01,WH1,7.00000,268594,,"Реле электротепловое токовое РТТ-325 П УХЛ4  63А (53,5 - 72,3)А TDM",15.00000,NEW Заказной товар,,,0,5.00000,ШТ,2026-03-27 00:00:00,EKS000005827,СП,ME-102-06-K-20,WH1,1.50000,КГ,10.00000,,,,,,,0.00000,0.00000,a.manokhin,Пакет интерфейса поставки:c14bb21a-a197-4df0-a6a9-8d6eb7f9a3fd,2026-03-24 12:43:02,321217,1996996,2566707,0,ЭКС,,3845699,,,,Годен,,,,
2532184,320738,New,End,,,2566708,,2.00000,ШТ,СМ,,RECV-01,WH1,6.00000,604947,,КМНп-10910 9А 110В/АС3 1НО TDM,12.00000,NEW Заказной товар,,,0,2.00000,ШТ,2026-03-27 00:00:00,EKS000005827,СП,ME-201-03-D-50,WH1,0.40000,КГ,8.00000,,,,,,,0.00000,0.00000,a.manokhin,Пакет интерфейса поставки:c14bb21a-a197-4df0-a6a9-8d6eb7f9a3fd,2026-03-24 12:43:02,321217,1996998,2566708,0,ЭКС,,3845700,,,,Годен,,,,
2532185,320738,New,End,,,2566709,,2.00000,ШТ,СМ,,RECV-01,WH1,7.00000,268591,,"Реле электротепловое токовое РТТ-325 П УХЛ4 100А (85,0 - 115,0)А TDM",15.00000,NEW Заказной товар,,,0,2.00000,ШТ,2026-03-27 00:00:00,EKS000005827,СП,ME-102-06-C-30,WH1,1.20000,КГ,10.00000,,,,,,,0.00000,0.00000,a.manokhin,Пакет интерфейса поставки:c14bb21a-a197-4df0-a6a9-8d6eb7f9a3fd,2026-03-24 12:43:02,321217,1996997,2566709,0,ЭКС,,3845701,,,,Годен,,,,
2532186,320738,New,End,,,2566710,,5.00000,ШТ,СМ,,RECV-01,WH1,11.00000,268597,,"Реле электротепловое токовое РТТ-325 П УХЛ4  50А (42,5 - 57,5)А TDM",15.00000,NEW Заказной товар,,,0,5.00000,ШТ,2026-03-27 00:00:00,EKS000005827,СП,ME-118-07-C-40,WH1,2.75000,КГ,7.00000,,,,,,,0.00000,0.00000,a.manokhin,Пакет интерфейса поставки:c14bb21a-a197-4df0-a6a9-8d6eb7f9a3fd,2026-03-24 12:43:02,321217,1996995,2566710,0,ЭКС,,3845709,,,,Годен,,,,
2532187,320739,New,End,,,2566719,,2.00000,ШТ,СМ,,RECV-01,WH1,16.00000,191058,,Пакетный выключатель ПВ3-100 исп.3 3П 100А 220В IP00 TDM,15.00000,NEW Заказной товар,,,0,2.00000,ШТ,2026-03-27 00:00:00,EKS000005831,СП,ME-120-08-B-30,WH1,2.30000,КГ,15.00000,,,,,,,0.00000,0.00000,a.manokhin,Пакет интерфейса поставки:c14bb21a-a197-4df0-a6a9-8d6eb7f9a3fd,2026-03-24 12:43:09,321221,1997003,2566719,0,ЭКС,,3845728,,,,Годен,,,,
2532188,320739,New,End,,,2566722,,4.00000,ШТ,СМ,,RECV-01,WH1,10.00000,620618,,"ПКЕ 222-1 У2, красный гриб с фиксацией, IP54 TDM",10.00000,NEW Заказной товар,,,0,4.00000,ШТ,2026-03-27 00:00:00,EKS000005831,СП,ME-223-05-B-30,WH1,0.40000,КГ,10.00000,,,,,,,0.00000,0.00000,a.manokhin,Пакет интерфейса поставки:c14bb21a-a197-4df0-a6a9-8d6eb7f9a3fd,2026-03-24 12:43:09,321221,1997005,2566722,0,ЭКС,,3845731,,,,Годен,,,,
2532189,320739,New,End,,,2566725,,10.00000,ШТ,СМ,,RECV-01,WH1,4.00000,233779,,Реле времени РВ1A-2реж-1сек/10мин-5А-220В-8Ц TDM SQ1503-0007,8.00000,NEW Заказной товар,,,0,10.00000,ШТ,2026-03-27 00:00:00,EKS000005831,СП,ME-123-01-A-20,WH1,0.90000,КГ,4.00000,,,,,,,0.00000,0.00000,a.manokhin,Пакет интерфейса поставки:c14bb21a-a197-4df0-a6a9-8d6eb7f9a3fd,2026-03-24 12:43:09,321221,1997002,2566725,0,ЭКС,,3845734,,,,Годен,,,,
2532190,320739,New,End,,,2566726,,7.00000,ШТ,СМ,,RECV-01,WH1,7.00000,295770,,Кулачковый переключатель КПУ11-10/202 (1-0-2 2р (возврат)) TDM,8.00000,NEW Заказной товар,,,0,7.00000,ШТ,2026-03-27 00:00:00,EKS000005831,СП,ME-123-02-A-40,WH1,1.26000,КГ,6.00000,,,,,,,0.00000,0.00000,a.manokhin,Пакет интерфейса поставки:c14bb21a-a197-4df0-a6a9-8d6eb7f9a3fd,2026-03-24 12:43:09,321221,1997006,2566726,0,ЭКС,,3845737,,,,Годен,,,,
2532191,320739,New,End,,,2566727,,6.00000,ШТ,СМ,,RECV-01,WH1,11.00000,737663,,КМН-22530 реверс 25А 230В/АС3 2НО TDM,13.50000,NEW Заказной товар,,,0,6.00000,ШТ,2026-03-27 00:00:00,EKS000005831,СП,ME-204-07-I-30,WH1,6.60000,КГ,9.00000,,,,,,,0.00000,0.00000,a.manokhin,Пакет интерфейса поставки:c14bb21a-a197-4df0-a6a9-8d6eb7f9a3fd,2026-03-24 12:43:09,321221,1997004,2566727,0,ЭКС,,3845738,,,,Годен,,,,
2532192,320741,New,End,,,2566651,,1.00000,ШТ,СМ,,RECV-01,WH1,17.00000,186269,,Корпус навес (600х600х150) ЩМП-6.6.1-0 с монт.пан IP66 TDM SQ0905-0080,60.00000,NEW Заказной товар,,,0,1.00000,ШТ,2026-03-27 00:00:00,EKS000005832,СП,ZX-15-26-B-18,WH1,5.20000,КГ,60.00000,,,,,,,0.00000,0.00000,a.manokhin,Пакет интерфейса поставки:d7d08b2d-8115-4f91-8837-f6965464963e,2026-03-24 12:45:27,321222,1997010,2566651,0,ЭКС,,3845611,,,,Годен,,,,
2532193,320741,New,End,,,2566658,,1.00000,КР,СМ,,RECV-01,WH1,30.00000,196607,,Термоусаживаемая трубка ТУТнг 50/25 черная (25 м/ролл) TDM SQ0518-0112,36.00000,NEW Заказной товар,,,0,100.00000,М,2026-03-27 00:00:00,EKS000005832,СП,ME-220-04-F-40,WH1,14.00000,КГ,30.00000,,,,,,,0.00000,0.00000,a.manokhin,Пакет интерфейса поставки:d7d08b2d-8115-4f91-8837-f6965464963e,2026-03-24 12:45:27,321222,1997009,2566658,0,ЭКС,,3845621,,,,Годен,,,,
2532194,320740,New,End,,,2566673,,1.00000,ШТ,СМ,,RECV-01,WH1,8.50000,490859,,"Вентилятор осевой канальный, ВКО-100, TDM",10.50000,NEW Заказной товар,,,0,1.00000,ШТ,2026-03-27 00:00:00,EKS000005826,СП,ME-101-07-B-40,WH1,0.30000,КГ,10.50000,,,,,,,0.00000,0.00000,a.manokhin,Пакет интерфейса поставки:d7d08b2d-8115-4f91-8837-f6965464963e,2026-03-24 12:45:16,321216,1996993,2566673,0,ЭКС,,3845640,,,,Годен,,,,
2532195,320740,New,End,,,2566675,,6.00000,ПЧ,СМ,,RECV-01,WH1,0.10000,157327,,"Наклейка ""Заземление"" 20х20 (самокл.) TDM",23.00000,NEW Класс C,,,0,576.00000,ШТ,2026-03-27 00:00:00,EKS000005826,СП,ME-202-07-G-20,WH1,0.18000,КГ,10.00000,,,,,,,0.00000,0.00000,a.manokhin,Пакет интерфейса поставки:d7d08b2d-8115-4f91-8837-f6965464963e,2026-03-24 12:45:16,321216,1996994,2566675,0,ЭКС,,3845642,,,,Годен,,,,
2532196,320740,New,End,,,2566677,,2.00000,ШТ,СМ,,RECV-01,WH1,6.00000,605221,,"Соединитель для круглых воздуховодов, D100, TDM",10.00000,NEW Заказной товар,,,0,2.00000,ШТ,2026-03-27 00:00:00,EKS000005826,СП,ME-102-02-E-30,WH1,0.08000,КГ,10.00000,,,,,,,0.00000,0.00000,a.manokhin,Пакет интерфейса поставки:d7d08b2d-8115-4f91-8837-f6965464963e,2026-03-24 12:45:16,321216,1996992,2566677,0,ЭКС,,3845648,,,,Годен,,,,
2532197,320741,New,End,,,2566687,,1.00000,ПЧ,СМ,,RECV-01,WH1,2.00000,428967,,Наконечник ТМЛ (DIN) 50-10 TDM,17.00000,NEW Заказной товар,,,0,25.00000,ШТ,2026-03-27 00:00:00,EKS000005832,СП,ME-102-04-F-30,WH1,1.02000,КГ,10.00000,,,,,,,0.00000,0.00000,a.manokhin,Пакет интерфейса поставки:d7d08b2d-8115-4f91-8837-f6965464963e,2026-03-24 12:45:27,321222,1997018,2566687,0,ЭКС,,3845662,,,,Годен,,,,
2532198,320741,New,End,,,2566690,,1.00000,ШТ,СМ,,RECV-01,WH1,13.50000,141619,,Корпус навес метал ЩРН-12 IP66 (265х310х120) TDM SQ0905-0070,34.00000,NEW Заказной товар,,,0,1.00000,ШТ,2026-03-27 00:00:00,EKS000005832,СП,ME-121-07-C-20,WH1,4.62000,КГ,27.50000,,,,,,,0.00000,0.00000,a.manokhin,Пакет интерфейса поставки:d7d08b2d-8115-4f91-8837-f6965464963e,2026-03-24 12:45:27,321222,1997013,2566690,0,ЭКС,,3845665,,,,Годен,,,,
2532199,320742,New,End,,,2566697,,30.00000,ШТ,СМ,,RECV-01,WH1,6.00000,139935,,"Шина ""N""(ноль) 2х7 на DIN-рейку в корпусе TDM SQ0801-0007",7.00000,NEW Заказной товар,,,0,30.00000,ШТ,2026-03-27 00:00:00,EKS000005837,СП,ME-201-02-L-20,WH1,3.60000,КГ,5.00000,,,,,,,0.00000,0.00000,a.manokhin,Пакет интерфейса поставки:d7d08b2d-8115-4f91-8837-f6965464963e,2026-03-24 12:45:33,321227,1997029,2566697,0,ЭКС,,3845674,,,,Годен,,,,
2532200,320741,New,End,,,2566699,,4.00000,ПЧ,СМ,,RECV-01,WH1,13.00000,157841,,Колодка розеточная 3 гнезда 2П+3 16А 250В белая TDM,33.00000,NEW Класс A,,,0,64.00000,ШТ,2026-03-27 00:00:00,EKS000005832,СП,ME-121-01-C-50,WH1,8.00000,КГ,19.00000,,,,,,,0.00000,0.00000,a.manokhin,Пакет интерфейса поставки:d7d08b2d-8115-4f91-8837-f6965464963e,2026-03-24 12:45:27,321222,1997012,2566699,0,ЭКС,,3845677,,,,Годен,,,,
2532201,320741,New,End,,,2566700,,1.00000,ПЧ,СМ,,RECV-01,WH1,18.50000,159466,,Вилка угловая с/з белая 16А 250В TDM,26.00000,NEW Класс A,,,0,30.00000,ШТ,2026-03-27 00:00:00,EKS000005832,СП,ME-106-01-C-40,WH1,1.50000,КГ,12.00000,,,,,,,0.00000,0.00000,a.manokhin,Пакет интерфейса поставки:d7d08b2d-8115-4f91-8837-f6965464963e,2026-03-24 12:45:27,321222,1997011,2566700,0,ЭКС,,3845678,,,,Годен,,,,
2532202,320741,New,End,,,2566701,,6.00000,ШТ,СМ,,RECV-01,WH1,5.00000,157841,,Колодка розеточная 3 гнезда 2П+3 16А 250В белая TDM,16.00000,NEW Класс A,,,0,6.00000,ШТ,2026-03-27 00:00:00,EKS000005832,СП,ME-215-04-C-50,WH1,1.08000,КГ,6.00000,,,,,,,0.00000,0.00000,a.manokhin,Пакет интерфейса поставки:d7d08b2d-8115-4f91-8837-f6965464963e,2026-03-24 12:45:27,321222,1997012,2566701,0,ЭКС,,3845679,,,,Годен,,,,
2532203,320742,New,End,,,2566703,,3.00000,КР,СМ,,RECV-01,WH1,26.50000,171639,,Сжим ответвительный У-859М (50-70/4-35 мм2) IP20 TDM SQ0831-0005,42.50000,NEW Заказной товар,,,0,216.00000,ШТ,2026-03-27 00:00:00,EKS000005837,СП,ZX-16-24-B-15,WH1,42.00000,КГ,18.50000,,,,,,,0.00000,0.00000,a.manokhin,Пакет интерфейса поставки:d7d08b2d-8115-4f91-8837-f6965464963e,2026-03-24 12:45:33,321227,1997024,2566703,0,ЭКС,,3845688,,,,Годен,,,,
2532204,320741,New,End,,,2566704,,1.00000,КР,СМ,,RECV-01,WH1,27.00000,159466,,Вилка угловая с/з белая 16А 250В TDM,53.00000,NEW Класс A,,,0,300.00000,ШТ,2026-03-27 00:00:00,EKS000005832,СП,ME-121-08-B-40,WH1,8.50000,КГ,35.00000,,,,,,,0.00000,0.00000,a.manokhin,Пакет интерфейса поставки:d7d08b2d-8115-4f91-8837-f6965464963e,2026-03-24 12:45:27,321222,1997011,2566704,0,ЭКС,,3845693,,,,Годен,,,,
2532205,320742,New,End,,,2566728,,1.00000,ПЧ,СМ,,RECV-01,WH1,4.00000,255810,,Термоусаживаемая трубка ТУТнг 30/15 желто-зеленая по 1м (25 м/упак) TDM,50.00000,NEW Класс C,,,0,25.00000,М,2026-03-27 00:00:00,EKS000005837,СП,ME-116-04-A-30,WH1,0.40000,КГ,5.00000,,,,,,,0.00000,0.00000,a.manokhin,Пакет интерфейса поставки:d7d08b2d-8115-4f91-8837-f6965464963e,2026-03-24 12:45:33,321227,1997023,2566728,0,ЭКС,,3845739,,,,Годен,,,,
2532206,320742,New,End,,,2566729,,1.00000,УП,СМ,,RECV-01,WH1,1.00000,158331,,"Разъем РпИп 2-5-0,8 плоский (папа) (100шт) TDM",6.00000,NEW Заказной товар,,,0,1.00000,УП,2026-03-27 00:00:00,EKS000005837,СП,ME-119-02-E-30,WH1,0.01000,КГ,6.00000,,,,,,,0.00000,0.00000,a.manokhin,Пакет интерфейса поставки:d7d08b2d-8115-4f91-8837-f6965464963e,2026-03-24 12:45:33,321227,1997026,2566729,0,ЭКС,,3845740,,,,Годен,,,,
2532207,320742,New,End,,,2566730,,1.00000,УП,СМ,,RECV-01,WH1,0.50000,158329,,"Разъем РпИп 1,25-5-0,8 плоский (папа) (100шт) TDM",7.00000,NEW Заказной товар,,,0,1.00000,УП,2026-03-27 00:00:00,EKS000005837,СП,ME-123-03-A-30,WH1,0.04000,КГ,7.00000,,,,,,,0.00000,0.00000,a.manokhin,Пакет интерфейса поставки:d7d08b2d-8115-4f91-8837-f6965464963e,2026-03-24 12:45:33,321227,1997027,2566730,0,ЭКС,,3845744,,,,Годен,,,,
2532208,320742,New,End,,,2566731,,1.00000,УП,СМ,,RECV-01,WH1,0.50000,161551,,"Разъем РпИм 1,25-250 плоский (мама) (100шт) TDM",7.00000,NEW Заказной товар,,,0,1.00000,УП,2026-03-27 00:00:00,EKS000005837,СП,ME-123-04-B-30,WH1,0.06000,КГ,7.00000,,,,,,,0.00000,0.00000,a.manokhin,Пакет интерфейса поставки:d7d08b2d-8115-4f91-8837-f6965464963e,2026-03-24 12:45:33,321227,1997025,2566731,0,ЭКС,,3845749,,,,Годен,,,,
2532209,320742,New,End,,,2566732,,2.00000,ПЧ,СМ,,RECV-01,WH1,6.00000,403891,,Расп. коробка с крышкой 75х75х28 ОП белая IP40 TDM SQ1401-0205,39.00000,NEW Заказной товар,,,0,20.00000,ШТ,2026-03-27 00:00:00,EKS000005837,СП,ME-110-08-B-30,WH1,0.70000,КГ,8.00000,,,,,,,0.00000,0.00000,a.manokhin,Пакет интерфейса поставки:d7d08b2d-8115-4f91-8837-f6965464963e,2026-03-24 12:45:33,321227,1997030,2566732,0,ЭКС,,3845751,,,,Годен,,,,
2532210,320742,New,End,,,2566733,,2.00000,ШТ,СМ,,RECV-01,WH1,17.00000,320261,,"Распаячная коробка ОП 240х195х165мм, крышка, IP55, кабельные ввода d28-3 шт., d37-2 шт., TDM",25.00000,NEW Заказной товар,,,0,2.00000,ШТ,2026-03-27 00:00:00,EKS000005837,СП,ME-124-01-A-40,WH1,0.60000,КГ,20.00000,,,,,,,0.00000,0.00000,a.manokhin,Пакет интерфейса поставки:d7d08b2d-8115-4f91-8837-f6965464963e,2026-03-24 12:45:33,321227,1997031,2566733,0,ЭКС,,3845752,,,,Годен,,,,
2532211,320741,New,End,,,2566734,,2.00000,ПЧ,СМ,,RECV-01,WH1,5.00000,337971,,"Коробка электромонтажная КЭМ 1-10-3М ОП D72 мм IP44, 3-х рожк. (карболит) TDM",30.00000,NEW Заказной товар,,,0,20.00000,ШТ,2026-03-27 00:00:00,EKS000005832,СП,ME-102-07-L-20,WH1,1.40000,КГ,10.00000,,,,,,,0.00000,0.00000,a.manokhin,Пакет интерфейса поставки:d7d08b2d-8115-4f91-8837-f6965464963e,2026-03-24 12:45:27,321222,1997007,2566734,0,ЭКС,,3845754,,,,Годен,,,,
2532212,320741,New,End,,,2566735,,26.00000,ШТ,СМ,,RECV-01,WH1,3.00000,778665,,Кабельный ввод мембранный КВМ-16 TDM,20.00000,NEW Заказной товар,,,0,26.00000,ШТ,2026-03-27 00:00:00,EKS000005832,СП,ME-212-06-E-30,WH1,5.20000,КГ,10.00000,,,,,,,0.00000,0.00000,a.manokhin,Пакет интерфейса поставки:d7d08b2d-8115-4f91-8837-f6965464963e,2026-03-24 12:45:27,321222,1997017,2566735,0,ЭКС,,3845756,,,,Годен,,,,
2532213,320741,New,End,,,2566738,,4.00000,ШТ,СМ,,RECV-01,WH1,2.00000,883717,,Кабельный ввод мембранный КВМ-25 TDM,20.00000,NEW Заказной товар,,,0,4.00000,ШТ,2026-03-27 00:00:00,EKS000005832,СП,ME-202-03-D-20,WH1,0.96000,КГ,8.00000,,,,,,,0.00000,0.00000,a.manokhin,Пакет интерфейса поставки:d7d08b2d-8115-4f91-8837-f6965464963e,2026-03-24 12:45:27,321222,1997015,2566738,0,ЭКС,,3845759,,,,Годен,,,,
2532214,320741,New,End,,,2566747,,10.00000,ШТ,СМ,,RECV-01,WH1,2.00000,883718,,Кабельный ввод мембранный КВМ-6 TDM,20.00000,NEW Заказной товар,,,0,10.00000,ШТ,2026-03-27 00:00:00,EKS000005832,СП,ME-102-02-L-20,WH1,2.30000,КГ,7.00000,,,,,,,0.00000,0.00000,a.manokhin,Пакет интерфейса поставки:d7d08b2d-8115-4f91-8837-f6965464963e,2026-03-24 12:45:27,321222,1997014,2566747,0,ЭКС,,3845771,,,,Годен,,,,
2532215,320741,New,End,,,2566754,,2.00000,ПЧ,СМ,,RECV-01,WH1,4.00000,251788,,"Строительно-монтажная клемма КБМ-2273-234 (2,5мм2) с пастой TDM",11.00000,NEW Заказной товар,,,0,260.00000,ШТ,2026-03-27 00:00:00,EKS000005832,СП,ME-102-07-I-20,WH1,0.40000,КГ,7.00000,,,,,,,0.00000,0.00000,a.manokhin,Пакет интерфейса поставки:d7d08b2d-8115-4f91-8837-f6965464963e,2026-03-24 12:45:27,321222,1997008,2566754,0,ЭКС,,3845781,,,,Годен,,,,
2532216,320741,New,End,,,2566756,,5.00000,ШТ,СМ,,RECV-01,WH1,4.00000,796132,,Кабельный ввод мембранный КВМ-35 TDM,22.00000,NEW Заказной товар,,,0,5.00000,ШТ,2026-03-27 00:00:00,EKS000005832,СП,ME-202-04-G-20,WH1,1.20000,КГ,8.00000,,,,,,,0.00000,0.00000,a.manokhin,Пакет интерфейса поставки:d7d08b2d-8115-4f91-8837-f6965464963e,2026-03-24 12:45:27,321222,1997016,2566756,0,ЭКС,,3845783,,,,Годен,,,,
2532217,320742,New,End,,,2566758,,1.00000,УП,СМ,,RECV-01,WH1,1.50000,158326,,"Разъем РпИм 2-5-0,8 плоский (мама) (100шт) TDM",11.00000,NEW Заказной товар,,,0,1.00000,УП,2026-03-27 00:00:00,EKS000005837,СП,ME-203-03-G-20,WH1,0.10000,КГ,8.00000,,,,,,,0.00000,0.00000,a.manokhin,Пакет интерфейса поставки:d7d08b2d-8115-4f91-8837-f6965464963e,2026-03-24 12:45:33,321227,1997028,2566758,0,ЭКС,,3845789,,,,Годен,,,,
2532218,320743,New,End,,,2566670,,1.00000,КР,СМ,,RECV-01,WH1,18.00000,133573,,"Выключатель авт. ВА47-29 1п   16А  х-ка C   4,5кА  SQ0206-0074  TDM",43.00000,NEW Класс C,,,0,120.00000,ШТ,2026-03-27 00:00:00,EKS000005835,СП,ME-121-02-B-20,WH1,12.60000,КГ,24.00000,,,,,,,0.00000,0.00000,a.manokhin,Пакет интерфейса поставки:2328622e-57b4-415e-b2a7-bd469a3cda7c,2026-03-24 12:47:10,321225,1997021,2566670,0,ЭКС,,3845634,,,,Годен,,,,
2532219,320743,New,End,,,2566706,,2.00000,ПЧ,СМ,,RECV-01,WH1,8.00000,133573,,"Выключатель авт. ВА47-29 1п   16А  х-ка C   4,5кА  SQ0206-0074  TDM",22.00000,NEW Класс C,,,0,24.00000,ШТ,2026-03-27 00:00:00,EKS000005835,СП,ME-201-07-D-40,WH1,2.52000,КГ,8.00000,,,,,,,0.00000,0.00000,a.manokhin,Пакет интерфейса поставки:2328622e-57b4-415e-b2a7-bd469a3cda7c,2026-03-24 12:47:10,321225,1997021,2566706,0,ЭКС,,3845697,,,,Годен,,,,
2532220,320744,New,End,,,2566855,,10.00000,ШТ,СМ,,RECV-01,WH1,3.00000,318058,,Светильник LED PWP-С4 1200 36w 6500K 3600Lm  IP65 COMPACT Jazzway,120.00000,NEW Класс B,,,0,10.00000,ШТ,2026-03-24 00:00:00,EKS000005846,СП,ZX-03-10-B-15,WH1,8.00000,КГ,4.00000,,,,,,,0.00000,0.00000,n.bezrukov,Пакет интерфейса поставки:1e497fd5-0417-4f72-b928-556edd52befe,2026-03-24 12:53:20,321236,1997103,2566855,0,ЭКС,,3845942,,,,Годен,,,,
2532221,320745,New,End,,,2566657,,1.00000,КР,СМ,,RECV-01,WH1,24.00000,213580,,"Лампа LED E27, 11W 4000К 230V 880Lm, A60 груша мат, Jazzway ЭКО",60.00000,NEW Класс B,,,0,100.00000,ШТ,2026-03-24 00:00:00,EKS000005842,СП,ME-210-05-A-50,WH1,5.00000,КГ,32.00000,,,,,,,0.00000,0.00000,n.bezrukov,Пакет интерфейса поставки:72f9e4f7-8a9d-4f71-acb4-148c4b67d79f,2026-03-24 12:56:58,321232,1997063,2566657,0,ЭКС,,3845620,,,,Годен,,,,
2532222,320745,New,End,,,2566659,,1.00000,КР,СМ,,RECV-01,WH1,26.00000,728928,,"Лампа LED НИЗКОВОЛЬТНАЯ E27 20W 6500K 1600Lm DC12-48V/AC24-42,груша матовая A60, Jazzway",60.00000,NEW Класс C,,,0,100.00000,ШТ,2026-03-24 00:00:00,EKS000005842,СП,ME-114-04-D-30,WH1,7.20000,КГ,32.00000,,,,,,,0.00000,0.00000,n.bezrukov,Пакет интерфейса поставки:72f9e4f7-8a9d-4f71-acb4-148c4b67d79f,2026-03-24 12:56:58,321232,1997054,2566659,0,ЭКС,,3845622,,,,Годен,,,,
2532223,320745,New,End,,,2566661,,1.00000,КР,СМ,,RECV-01,WH1,22.00000,215905,,"Лампа LED E27, 12W 3000К 230V 1080Lm, A60 груша мат, Jazzway SP",64.00000,NEW Класс B,,,0,100.00000,ШТ,2026-03-24 00:00:00,EKS000005842,СП,ME-117-01-D-50,WH1,6.40000,КГ,32.00000,,,,,,,0.00000,0.00000,n.bezrukov,Пакет интерфейса поставки:72f9e4f7-8a9d-4f71-acb4-148c4b67d79f,2026-03-24 12:56:58,321232,1997091,2566661,0,ЭКС,,3845624,,,,Годен,,,,
2532224,320745,New,End,,,2566663,,1.00000,КР,СМ,,RECV-01,WH1,25.50000,226446,,"Лампа LED E27, 15W 5000К 230V 1400Lm A60 груша мат, Jazzway SP",60.00000,NEW Класс A,,,0,100.00000,ШТ,2026-03-24 00:00:00,EKS000005842,СП,ME-116-08-C-10,WH1,6.00000,КГ,32.00000,,,,,,,0.00000,0.00000,n.bezrukov,Пакет интерфейса поставки:72f9e4f7-8a9d-4f71-acb4-148c4b67d79f,2026-03-24 12:56:58,321232,1997088,2566663,0,ЭКС,,3845626,,,,Годен,,,,
2532225,320745,New,End,,,2566664,,1.00000,КР,СМ,,RECV-01,WH1,22.00000,211877,,"Лампа LED E27, 7W 4000К 230V 580Lm, A60 груша мат, Jazzway ЭКО",59.00000,NEW Класс C,,,0,100.00000,ШТ,2026-03-24 00:00:00,EKS000005842,СП,ME-121-01-B-20,WH1,4.20000,КГ,30.00000,,,,,,,0.00000,0.00000,n.bezrukov,Пакет интерфейса поставки:72f9e4f7-8a9d-4f71-acb4-148c4b67d79f,2026-03-24 12:56:58,321232,1997064,2566664,0,ЭКС,,3845627,,,,Годен,,,,
2532226,320745,New,End,,,2566665,,1.00000,КР,СМ,,RECV-01,WH1,18.00000,206571,,"Лампа LED E14, 7W 5000К 230V 560Lm, шар матовый  Jazzway POWER",50.00000,NEW Класс C,,,0,100.00000,ШТ,2026-03-24 00:00:00,EKS000005842,СП,ME-110-01-C-20,WH1,3.00000,КГ,25.00000,,,,,,,0.00000,0.00000,n.bezrukov,Пакет интерфейса поставки:72f9e4f7-8a9d-4f71-acb4-148c4b67d79f,2026-03-24 12:56:58,321232,1997065,2566665,0,ЭКС,,3845628,,,,Годен,,,,
2532227,320745,New,End,,,2566666,,1.00000,КР,СМ,,RECV-01,WH1,29.00000,519935,,Прожектор PFL-S4-100w 15000Лм 6500K 80° Серый IP65 Jazzway (гарантия 5 лет),42.00000,NEW Класс C,,,0,10.00000,ШТ,2026-03-24 00:00:00,EKS000005842,СП,ME-121-04-C-10,WH1,10.00000,КГ,32.00000,,,,,,,0.00000,0.00000,n.bezrukov,Пакет интерфейса поставки:72f9e4f7-8a9d-4f71-acb4-148c4b67d79f,2026-03-24 12:56:58,321232,1997075,2566666,0,ЭКС,,3845629,,,,Годен,,,,
2532228,320746,New,End,,,2566674,,4.00000,КР,СМ,,RECV-01,WH1,20.00000,317797,,Светильник LED PWP-С4 1500 45w 6500K 4500Lm  IP65 COMPACT Jazzway,155.00000,NEW Длинные ЭЛО < 2 м,,,0,120.00000,ШТ,2026-03-24 00:00:00,EKS000005844,СП,ZX-13-34-C-30,WH1,49.60000,КГ,22.00000,,,,,,,0.00000,0.00000,n.bezrukov,Пакет интерфейса поставки:72f9e4f7-8a9d-4f71-acb4-148c4b67d79f,2026-03-24 12:57:04,321234,1997099,2566674,0,ЭКС,,3845641,,,,Годен,,,,
2532229,320745,New,End,,,2566678,,4.00000,КР,СМ,,RECV-01,WH1,17.00000,846936,,Лампа LED GX53  20W/830 1630Lm 230V  Jazzway (таблетка),40.00000,NEW Класс C,,,0,400.00000,ШТ,2026-03-24 00:00:00,EKS000005842,СП,ME-122-04-C-50,WH1,20.76000,КГ,37.00000,,,,,,,0.00000,0.00000,n.bezrukov,Пакет интерфейса поставки:72f9e4f7-8a9d-4f71-acb4-148c4b67d79f,2026-03-24 12:56:58,321232,1997092,2566678,0,ЭКС,,3845650,,,,Годен,,,,
2532230,320745,New,End,,,2566679,,1.00000,КР,СМ,,RECV-01,WH1,17.00000,464345,,Лампа LED GX53  12W/840 1000Lm 230V  Jazzway (таблетка),39.50000,NEW Класс C,,,0,100.00000,ШТ,2026-03-24 00:00:00,EKS000005842,СП,ME-119-04-F-30,WH1,4.50000,КГ,32.00000,,,,,,,0.00000,0.00000,n.bezrukov,Пакет интерфейса поставки:72f9e4f7-8a9d-4f71-acb4-148c4b67d79f,2026-03-24 12:56:58,321232,1997077,2566679,0,ЭКС,,3845651,,,,Годен,,,,
2532231,320745,New,End,,,2566680,,1.00000,КР,СМ,,RECV-01,WH1,17.00000,435476,,Лампа LED GX53  15W/840 1260Lm 230V  Jazzway (таблетка),39.00000,NEW Класс C,,,0,100.00000,ШТ,2026-03-24 00:00:00,EKS000005842,СП,ME-119-02-E-40,WH1,4.35000,КГ,33.00000,,,,,,,0.00000,0.00000,n.bezrukov,Пакет интерфейса поставки:72f9e4f7-8a9d-4f71-acb4-148c4b67d79f,2026-03-24 12:56:58,321232,1997078,2566680,0,ЭКС,,3845655,,,,Годен,,,,
2532232,320745,New,End,,,2566681,,3.00000,КР,СМ,,RECV-01,WH1,17.00000,269304,,Лампа LED GX53  8W/840 640Lm 230V  Jazzway (таблетка),39.00000,NEW Класс A,,,0,300.00000,ШТ,2026-03-24 00:00:00,EKS000005842,СП,ME-117-04-F-10,WH1,15.27000,КГ,33.00000,,,,,,,0.00000,0.00000,n.bezrukov,Пакет интерфейса поставки:72f9e4f7-8a9d-4f71-acb4-148c4b67d79f,2026-03-24 12:56:58,321232,1997083,2566681,0,ЭКС,,3845656,,,,Годен,,,,
2532233,320745,New,End,,,2566682,,1.00000,КР,СМ,,RECV-01,WH1,37.00000,220323,,Лампа LED ЭКО GX53 6W/850 460Lm 230V матовая Jazzway (таблетка),40.00000,NEW Класс C,,,0,100.00000,ШТ,2026-03-24 00:00:00,EKS000005842,СП,ME-101-08-C-50,WH1,8.00000,КГ,20.00000,,,,,,,0.00000,0.00000,n.bezrukov,Пакет интерфейса поставки:72f9e4f7-8a9d-4f71-acb4-148c4b67d79f,2026-03-24 12:56:58,321232,1997089,2566682,0,ЭКС,,3845657,,,,Годен,,,,
2532234,320745,New,End,,,2566684,,5.00000,КР,СМ,,RECV-01,WH1,17.00000,228633,,Лампа LED GX53  15W/850 1300Lm 230V  Jazzway (таблетка),40.00000,NEW Класс B,,,0,500.00000,ШТ,2026-03-24 00:00:00,EKS000005842,СП,ME-116-05-B-10,WH1,30.00000,КГ,32.00000,,,,,,,0.00000,0.00000,n.bezrukov,Пакет интерфейса поставки:72f9e4f7-8a9d-4f71-acb4-148c4b67d79f,2026-03-24 12:56:58,321232,1997087,2566684,0,ЭКС,,3845659,,,,Годен,,,,
2532235,320745,New,End,,,2566686,,4.00000,КР,СМ,,RECV-01,WH1,27.00000,516647,,Лампа LED GX53  10W/840 820Lm 230V  Jazzway (таблетка),39.00000,NEW Класс B,,,0,400.00000,ШТ,2026-03-24 00:00:00,EKS000005842,СП,ME-120-05-E-10,WH1,12.00000,КГ,33.00000,,,,,,,0.00000,0.00000,n.bezrukov,Пакет интерфейса поставки:72f9e4f7-8a9d-4f71-acb4-148c4b67d79f,2026-03-24 12:56:58,321232,1997076,2566686,0,ЭКС,,3845661,,,,Годен,,,,
2532236,320745,New,End,,,2566688,,5.00000,КР,СМ,,RECV-01,WH1,16.00000,305521,,Лампа LED GX53  10W/850 840Lm 230V  Jazzway (таблетка),38.00000,NEW Класс B,,,0,500.00000,ШТ,2026-03-24 00:00:00,EKS000005842,СП,ZX-15-03-B-15,WH1,17.00000,КГ,31.00000,,,,,,,0.00000,0.00000,n.bezrukov,Пакет интерфейса поставки:72f9e4f7-8a9d-4f71-acb4-148c4b67d79f,2026-03-24 12:56:58,321232,1997081,2566688,0,ЭКС,,3845663,,,,Годен,,,,
2532237,320745,New,End,,,2566736,,3.00000,КР,СМ,,RECV-01,WH1,25.50000,226446,,"Лампа LED E27, 15W 5000К 230V 1400Lm A60 груша мат, Jazzway SP",60.00000,NEW Класс A,,,0,300.00000,ШТ,2026-03-24 00:00:00,EKS000005842,СП,ZX-11-06-B-20,WH1,18.00000,КГ,32.00000,,,,,,,0.00000,0.00000,n.bezrukov,Пакет интерфейса поставки:72f9e4f7-8a9d-4f71-acb4-148c4b67d79f,2026-03-24 12:56:58,321232,1997088,2566736,0,ЭКС,,3845757,,,,Годен,,,,
2532238,320745,New,End,,,2566737,,2.00000,КР,СМ,,RECV-01,WH1,15.00000,205378,,"Лампа LED E14, 7W 3000К 230V 530Lm, свеча матовая  Jazzway POWER",47.00000,NEW Класс C,,,0,100.00000,ШТ,2026-03-24 00:00:00,EKS000005842,СП,ME-123-04-A-50,WH1,4.60000,КГ,23.50000,,,,,,,0.00000,0.00000,n.bezrukov,Пакет интерфейса поставки:72f9e4f7-8a9d-4f71-acb4-148c4b67d79f,2026-03-24 12:56:58,321232,1997068,2566737,0,ЭКС,,3845758,,,,Годен,,,,
2532239,320745,New,End,,,2566739,,1.00000,КР,СМ,,RECV-01,WH1,21.00000,205552,,"Лампа LED E14, 7W 5000К 230V 560Lm, свеча матовая  Jazzway POWER",42.00000,NEW Класс C,,,0,100.00000,ШТ,2026-03-24 00:00:00,EKS000005842,СП,ME-106-06-C-40,WH1,2.60000,КГ,23.00000,,,,,,,0.00000,0.00000,n.bezrukov,Пакет интерфейса поставки:72f9e4f7-8a9d-4f71-acb4-148c4b67d79f,2026-03-24 12:56:58,321232,1997067,2566739,0,ЭКС,,3845760,,,,Годен,,,,
2532240,320745,New,End,,,2566740,,2.00000,КР,СМ,,RECV-01,WH1,17.00000,272485,,"Лампа LED E14, 9W 5000К 230V 820Lm, свеча на ветру матовая  Jazzway POWER",47.00000,NEW Класс C,,,0,100.00000,ШТ,2026-03-24 00:00:00,EKS000005842,СП,ME-109-03-C-40,WH1,3.00000,КГ,21.00000,,,,,,,0.00000,0.00000,n.bezrukov,Пакет интерфейса поставки:72f9e4f7-8a9d-4f71-acb4-148c4b67d79f,2026-03-24 12:56:58,321232,1997082,2566740,0,ЭКС,,3845761,,,,Годен,,,,
2532241,320745,New,End,,,2566741,,8.00000,ПЧ,СМ,,RECV-01,WH1,16.00000,203044,,Лампа LED G13  600мм 10W/840 800Lm матовая стекло JAZZWAY,60.00000,NEW Класс C,,,0,200.00000,ШТ,2026-03-24 00:00:00,EKS000005842,СП,ME-110-06-C-10,WH1,24.00000,КГ,16.00000,,,,,,,0.00000,0.00000,n.bezrukov,Пакет интерфейса поставки:72f9e4f7-8a9d-4f71-acb4-148c4b67d79f,2026-03-24 12:56:58,321232,1997069,2566741,0,ЭКС,,3845762,,,,Годен,,,,
2532242,320745,New,End,,,2566742,,1.00000,КР,СМ,,RECV-01,WH1,24.00000,728923,,"Лампа LED НИЗКОВОЛЬТНАЯ E27 10W 6500K 800Lm DC12-48V/AC24-42,груша матовая A60, Jazzway",63.00000,NEW Класс C,,,0,100.00000,ШТ,2026-03-24 00:00:00,EKS000005842,СП,ME-207-04-B-30,WH1,3.20000,КГ,33.00000,,,,,,,0.00000,0.00000,n.bezrukov,Пакет интерфейса поставки:72f9e4f7-8a9d-4f71-acb4-148c4b67d79f,2026-03-24 12:56:58,321232,1997070,2566742,0,ЭКС,,3845763,,,,Годен,,,,
2532243,320745,New,End,,,2566744,,1.00000,КР,СМ,,RECV-01,WH1,19.00000,359711,,"Лампа LED E14, 11W 4000К 230V 980Lm, шарик матовый  Jazzway POWER",50.00000,NEW Класс C,,,0,100.00000,ШТ,2026-03-24 00:00:00,EKS000005842,СП,ME-207-06-C-50,WH1,4.00000,КГ,25.00000,,,,,,,0.00000,0.00000,n.bezrukov,Пакет интерфейса поставки:72f9e4f7-8a9d-4f71-acb4-148c4b67d79f,2026-03-24 12:56:58,321232,1997080,2566744,0,ЭКС,,3845765,,,,Годен,,,,
2532244,320745,New,End,,,2566745,,1.00000,КР,СМ,,RECV-01,WH1,15.00000,214355,,"Лампа LED E14, 7W 3000К 230V 540Lm, R50 зеркальная мат. Jazzway Super Power",53.00000,NEW Класс B,,,0,100.00000,ШТ,2026-03-24 00:00:00,EKS000005842,СП,ME-101-04-D-10,WH1,4.00000,КГ,28.00000,,,,,,,0.00000,0.00000,n.bezrukov,Пакет интерфейса поставки:72f9e4f7-8a9d-4f71-acb4-148c4b67d79f,2026-03-24 12:56:58,321232,1997062,2566745,0,ЭКС,,3845769,,,,Годен,,,,
2532245,320745,New,End,,,2566746,,1.00000,КР,СМ,,RECV-01,WH1,12.00000,206570,,"Лампа LED E27, 7W 3000К 230V 530Lm, шар матовый, Jazzway",56.00000,NEW Класс C,,,0,100.00000,ШТ,2026-03-24 00:00:00,EKS000005842,СП,ME-118-03-C-20,WH1,3.00000,КГ,27.00000,,,,,,,0.00000,0.00000,n.bezrukov,Пакет интерфейса поставки:72f9e4f7-8a9d-4f71-acb4-148c4b67d79f,2026-03-24 12:56:58,321232,1997066,2566746,0,ЭКС,,3845770,,,,Годен,,,,
2532246,320745,New,End,,,2566748,,2.00000,КР,СМ,,RECV-01,WH1,35.00000,728925,,"Лампа LED НИЗКОВОЛЬТНАЯ E27 15W 6500K 1200Lm DC12-48V/AC24-42,груша матовая A60, Jazzway",60.00000,NEW Класс C,,,0,200.00000,ШТ,2026-03-24 00:00:00,EKS000005842,СП,ZX-17-11-C-10,WH1,12.00000,КГ,33.00000,,,,,,,0.00000,0.00000,n.bezrukov,Пакет интерфейса поставки:72f9e4f7-8a9d-4f71-acb4-148c4b67d79f,2026-03-24 12:56:58,321232,1997055,2566748,0,ЭКС,,3845772,,,,Годен,,,,
2532247,320745,New,End,,,2566751,,1.00000,КР,СМ,,RECV-01,WH1,26.00000,728928,,"Лампа LED НИЗКОВОЛЬТНАЯ E27 20W 6500K 1600Lm DC12-48V/AC24-42,груша матовая A60, Jazzway",60.00000,NEW Класс C,,,0,100.00000,ШТ,2026-03-24 00:00:00,EKS000005842,СП,ME-223-07-A-40,WH1,7.20000,КГ,32.00000,,,,,,,0.00000,0.00000,n.bezrukov,Пакет интерфейса поставки:72f9e4f7-8a9d-4f71-acb4-148c4b67d79f,2026-03-24 12:56:58,321232,1997054,2566751,0,ЭКС,,3845776,,,,Годен,,,,
2532248,320745,New,End,,,2566757,,2.00000,КР,СМ,,RECV-01,WH1,41.00000,623259,,Лампа LED E27  HP-T120   40W/840  230V 3400Lm цилиндр Jazzway,60.00000,NEW Класс A,,,0,100.00000,ШТ,2026-03-24 00:00:00,EKS000005842,СП,ZX-17-16-C-10,WH1,8.00000,КГ,60.00000,,,,,,,0.00000,0.00000,n.bezrukov,Пакет интерфейса поставки:72f9e4f7-8a9d-4f71-acb4-148c4b67d79f,2026-03-24 12:56:58,321232,1997071,2566757,0,ЭКС,,3845788,,,,Годен,,,,
2532249,320745,New,End,,,2566759,,20.00000,ШТ,СМ,,RECV-01,WH1,6.00000,369685,,Светильник PPB Pulsar 24w 6500K IP20 D260x55 Jazzway,27.00000,NEW Класс C,,,0,20.00000,ШТ,2026-03-24 00:00:00,EKS000005842,СП,ME-116-04-F-50,WH1,4.00000,КГ,27.00000,,,,,,,0.00000,0.00000,n.bezrukov,Пакет интерфейса поставки:72f9e4f7-8a9d-4f71-acb4-148c4b67d79f,2026-03-24 12:56:58,321232,1997079,2566759,0,ЭКС,,3845791,,,,Годен,,,,
2532250,320745,New,End,,,2566762,,1.00000,КР,СМ,,RECV-01,WH1,30.00000,246725,,Прожектор LED  PFL- SC  30w  6500K IP65   (матовое стекло) 2550Lm Jazzway,35.00000,NEW Класс C,,,0,20.00000,ШТ,2026-03-24 00:00:00,EKS000005842,СП,ME-219-04-E-10,WH1,10.00000,КГ,30.00000,,,,,,,0.00000,0.00000,n.bezrukov,Пакет интерфейса поставки:72f9e4f7-8a9d-4f71-acb4-148c4b67d79f,2026-03-24 12:56:58,321232,1997085,2566762,0,ЭКС,,3845795,,,,Годен,,,,
2532251,320745,New,End,,,2566763,,1.00000,КР,СМ,,RECV-01,WH1,34.00000,231676,,Светильник LED круг PBH-PC2-RA 12W 1080Лм 4000К белый IP65 Jazzway 155х50мм,58.00000,NEW Класс B,,,0,40.00000,ШТ,2026-03-24 00:00:00,EKS000005842,СП,ZX-14-09-B-15,WH1,10.00000,КГ,35.00000,,,,,,,0.00000,0.00000,n.bezrukov,Пакет интерфейса поставки:72f9e4f7-8a9d-4f71-acb4-148c4b67d79f,2026-03-24 12:56:58,321232,1997086,2566763,0,ЭКС,,3845796,,,,Годен,,,,
2532252,320745,New,End,,,2566764,,1.00000,КР,СМ,,RECV-01,WH1,19.00000,843120,,Прожектор LED  PFL-SA 100W OPAL 6500K IP65  9000Lm Jazzway,48.00000,NEW Класс C,,,0,20.00000,ШТ,2026-03-24 00:00:00,EKS000005842,СП,ME-124-01-B-20,WH1,9.50000,КГ,40.00000,,,,,,,0.00000,0.00000,n.bezrukov,Пакет интерфейса поставки:72f9e4f7-8a9d-4f71-acb4-148c4b67d79f,2026-03-24 12:56:58,321232,1997093,2566764,0,ЭКС,,3845801,,,,Годен,,,,
2532253,320745,New,End,,,2566783,,1.00000,КР,СМ,,RECV-01,WH1,23.00000,215904,,"Лампа LED E27, 10W 3000К 230V 790Lm, A60 груша мат, Jazzway SP",63.00000,NEW Класс C,,,0,100.00000,ШТ,2026-03-24 00:00:00,EKS000005842,СП,ME-219-07-A-20,WH1,4.00000,КГ,32.00000,,,,,,,0.00000,0.00000,n.bezrukov,Пакет интерфейса поставки:72f9e4f7-8a9d-4f71-acb4-148c4b67d79f,2026-03-24 12:56:58,321232,1997060,2566783,0,ЭКС,,3845822,,,,Годен,,,,
2532254,320745,New,End,,,2566785,,2.00000,ПЧ,СМ,,RECV-01,WH1,15.00000,196241,,"Лампа LED E14, 7W 4000К 230V 560Lm, свеча на ветру матовая  Jazzway POWER",20.00000,NEW Класс C,,,0,20.00000,ШТ,2026-03-24 00:00:00,EKS000005842,СП,ME-207-02-C-50,WH1,0.60000,КГ,9.00000,,,,,,,0.00000,0.00000,n.bezrukov,Пакет интерфейса поставки:72f9e4f7-8a9d-4f71-acb4-148c4b67d79f,2026-03-24 12:56:58,321232,1997058,2566785,0,ЭКС,,3845824,,,,Годен,,,,
2532255,320745,New,End,,,2566793,,65.00000,ШТ,СМ,,RECV-01,WH1,1.20000,202269,,Лампа LED G4  3w  4000K 200Lm 220V  PLED Jazzway,4.00000,NEW Класс C,,,0,65.00000,ШТ,2026-03-24 00:00:00,EKS000005842,СП,ME-102-03-B-30,WH1,0.32500,КГ,1.20000,,,,,,,0.00000,0.00000,n.bezrukov,Пакет интерфейса поставки:72f9e4f7-8a9d-4f71-acb4-148c4b67d79f,2026-03-24 12:56:58,321232,1997056,2566793,0,ЭКС,,3845834,,,,Годен,,,,
2532256,320745,New,End,,,2566794,,7.00000,ШТ,СМ,,RECV-01,WH1,4.00000,196230,,"Лампа LED E14, 7W 3000К 230V 530Lm, свеча на ветру матовая  Jazzway POWER",15.00000,NEW Класс C,,,0,7.00000,ШТ,2026-03-24 00:00:00,EKS000005842,СП,ME-102-07-B-30,WH1,0.70000,КГ,4.00000,,,,,,,0.00000,0.00000,n.bezrukov,Пакет интерфейса поставки:72f9e4f7-8a9d-4f71-acb4-148c4b67d79f,2026-03-24 12:56:58,321232,1997059,2566794,0,ЭКС,,3845838,,,,Годен,,,,
2532257,320745,New,End,,,2566796,,5.00000,ПЧ,СМ,,RECV-01,WH1,19.50000,249051,,"Лампа LED E27, 9W 3000К 230V 820Lm, свеча матовая, Jazzway",21.00000,NEW Класс C,,,0,50.00000,ШТ,2026-03-24 00:00:00,EKS000005842,СП,ME-118-07-C-20,WH1,1.50000,КГ,4.00000,,,,,,,0.00000,0.00000,n.bezrukov,Пакет интерфейса поставки:72f9e4f7-8a9d-4f71-acb4-148c4b67d79f,2026-03-24 12:56:58,321232,1997084,2566796,0,ЭКС,,3845845,,,,Годен,,,,
2532258,320745,New,End,,,2566797,,1.00000,ПЧ,СМ,,RECV-01,WH1,17.00000,196230,,"Лампа LED E14, 7W 3000К 230V 530Lm, свеча на ветру матовая  Jazzway POWER",22.00000,NEW Класс C,,,0,10.00000,ШТ,2026-03-24 00:00:00,EKS000005842,СП,ME-102-07-B-30,WH1,0.30000,КГ,9.00000,,,,,,,0.00000,0.00000,n.bezrukov,Пакет интерфейса поставки:72f9e4f7-8a9d-4f71-acb4-148c4b67d79f,2026-03-24 12:56:58,321232,1997059,2566797,0,ЭКС,,3845848,,,,Годен,,,,
2532259,320745,New,End,,,2566798,,1.00000,ПЧ,СМ,,RECV-01,WH1,11.00000,802252,,"Лампа LED PRO G4  8w  4000K 680Lm 220V  PLED (d16,5х65mm) Jazzway",21.00000,NEW Класс C,,,0,100.00000,ШТ,2026-03-24 00:00:00,EKS000005842,СП,ME-223-05-E-50,WH1,1.50000,КГ,16.00000,,,,,,,0.00000,0.00000,n.bezrukov,Пакет интерфейса поставки:72f9e4f7-8a9d-4f71-acb4-148c4b67d79f,2026-03-24 12:56:58,321232,1997096,2566798,0,ЭКС,,3845849,,,,Годен,,,,
2532260,320745,New,End,,,2566799,,1.00000,ПЧ,СМ,,RECV-01,WH1,11.00000,802248,,"Лампа LED PRO G4  6w  4000K 480Lm 220V  PLED (d16,5х50mm) Jazzway",21.00000,NEW Класс C,,,0,100.00000,ШТ,2026-03-24 00:00:00,EKS000005842,СП,ME-101-06-J-20,WH1,1.30000,КГ,13.00000,,,,,,,0.00000,0.00000,n.bezrukov,Пакет интерфейса поставки:72f9e4f7-8a9d-4f71-acb4-148c4b67d79f,2026-03-24 12:56:58,321232,1997053,2566799,0,ЭКС,,3845851,,,,Годен,,,,
2532261,320745,New,End,,,2566800,,50.00000,ШТ,СМ,,RECV-01,WH1,1.20000,202268,,Лампа LED G4  3w  2700K 200Lm 220V  PLED Jazzway,4.00000,NEW Класс C,,,0,50.00000,ШТ,2026-03-24 00:00:00,EKS000005842,СП,ME-103-04-I-30,WH1,0.25000,КГ,1.20000,,,,,,,0.00000,0.00000,n.bezrukov,Пакет интерфейса поставки:72f9e4f7-8a9d-4f71-acb4-148c4b67d79f,2026-03-24 12:56:58,321232,1997057,2566800,0,ЭКС,,3845852,,,,Годен,,,,
2532262,320745,New,End,,,2566804,,10.00000,ШТ,СМ,,RECV-01,WH1,14.00000,246725,,Прожектор LED  PFL- SC  30w  6500K IP65   (матовое стекло) 2550Lm Jazzway,14.00000,NEW Класс C,,,0,10.00000,ШТ,2026-03-24 00:00:00,EKS000005842,СП,ME-219-04-E-10,WH1,5.00000,КГ,5.00000,,,,,,,0.00000,0.00000,n.bezrukov,Пакет интерфейса поставки:72f9e4f7-8a9d-4f71-acb4-148c4b67d79f,2026-03-24 12:56:58,321232,1997085,2566804,0,ЭКС,,3845859,,,,Годен,,,,
2532263,320745,New,End,,,2566805,,2.00000,ШТ,СМ,,RECV-01,WH1,4.00000,569061,,Прожектор LED  PFL- V  200w  6500K IP65 18000Lm Jazzway,32.00000,NEW Класс C,,,0,2.00000,ШТ,2026-03-24 00:00:00,EKS000005842,СП,ME-118-08-D-20,WH1,2.00000,КГ,30.00000,,,,,,,0.00000,0.00000,n.bezrukov,Пакет интерфейса поставки:72f9e4f7-8a9d-4f71-acb4-148c4b67d79f,2026-03-24 12:56:58,321232,1997073,2566805,0,ЭКС,,3845860,,,,Годен,,,,
2532264,320745,New,End,,,2566806,,10.00000,ШТ,СМ,,RECV-01,WH1,19.00000,597211,,Прожектор LED  PFL- V  50w  6500K IP65 4500Lm Jazzway,22.00000,NEW Класс C,,,0,10.00000,ШТ,2026-03-24 00:00:00,EKS000005842,СП,ME-125-02-A-30,WH1,4.00000,КГ,4.00000,,,,,,,0.00000,0.00000,n.bezrukov,Пакет интерфейса поставки:72f9e4f7-8a9d-4f71-acb4-148c4b67d79f,2026-03-24 12:56:58,321232,1997072,2566806,0,ЭКС,,3845862,,,,Годен,,,,
2532265,320745,New,End,,,2566807,,10.00000,ШТ,СМ,,RECV-01,WH1,16.00000,843120,,Прожектор LED  PFL-SA 100W OPAL 6500K IP65  9000Lm Jazzway,19.50000,NEW Класс C,,,0,10.00000,ШТ,2026-03-24 00:00:00,EKS000005842,СП,ME-124-01-B-20,WH1,4.60000,КГ,4.50000,,,,,,,0.00000,0.00000,n.bezrukov,Пакет интерфейса поставки:72f9e4f7-8a9d-4f71-acb4-148c4b67d79f,2026-03-24 12:56:58,321232,1997093,2566807,0,ЭКС,,3845863,,,,Годен,,,,
2532266,320745,New,End,,,2566809,,3.00000,КР,СМ,,RECV-01,WH1,26.00000,569061,,Прожектор LED  PFL- V  200w  6500K IP65 18000Lm Jazzway,36.00000,NEW Класс C,,,0,18.00000,ШТ,2026-03-24 00:00:00,EKS000005842,СП,ME-102-05-F-10,WH1,18.00000,КГ,29.00000,,,,,,,0.00000,0.00000,n.bezrukov,Пакет интерфейса поставки:72f9e4f7-8a9d-4f71-acb4-148c4b67d79f,2026-03-24 12:56:58,321232,1997073,2566809,0,ЭКС,,3845867,,,,Годен,,,,
2532267,320745,New,End,,,2566813,,4.00000,КР,СМ,,RECV-01,WH1,28.50000,569060,,Прожектор LED  PFL- V  100w  6500K IP65 9000Lm Jazzway,42.00000,NEW Класс C,,,0,40.00000,ШТ,2026-03-24 00:00:00,EKS000005842,СП,ZX-15-08-B-18,WH1,60.00000,КГ,24.50000,,,,,,,0.00000,0.00000,n.bezrukov,Пакет интерфейса поставки:72f9e4f7-8a9d-4f71-acb4-148c4b67d79f,2026-03-24 12:56:58,321232,1997074,2566813,0,ЭКС,,3845871,,,,Годен,,,,
2532268,320745,New,End,,,2566834,,24.00000,КР,СМ,,RECV-01,WH1,16.00000,842733,,Лампа LED G13  1200мм 30W/865 3000Lm матовая стекло JAZZWAY,120.00000,NEW Класс C,,,0,600.00000,ШТ,2026-03-24 00:00:00,EKS000005842,СП,ZX-06-26-B-20,WH1,123.60000,КГ,18.00000,,,,,,,0.00000,0.00000,n.bezrukov,Пакет интерфейса поставки:72f9e4f7-8a9d-4f71-acb4-148c4b67d79f,2026-03-24 12:56:58,321232,1997094,2566834,0,ЭКС,,3845913,,,,Годен,,,,
2532269,320745,New,End,,,2566835,,8.00000,КР,СМ,,RECV-01,WH1,16.00000,842732,,Лампа LED G13  1200мм 30W/840 3000Lm матовая стекло JAZZWAY,120.00000,NEW Класс C,,,0,200.00000,ШТ,2026-03-24 00:00:00,EKS000005842,СП,ZX-11-04-B-15,WH1,41.60000,КГ,18.00000,,,,,,,0.00000,0.00000,n.bezrukov,Пакет интерфейса поставки:72f9e4f7-8a9d-4f71-acb4-148c4b67d79f,2026-03-24 12:56:58,321232,1997095,2566835,0,ЭКС,,3845915,,,,Годен,,,,
2532270,320745,New,End,,,2566839,,4.00000,КР,СМ,,RECV-01,WH1,20.00000,214357,,Лампа LED G13  1500мм 24W/840 2100Lm матовая стекло JAZZWAY,160.00000,NEW Длинные ЭЛО < 2 м,,,0,100.00000,ШТ,2026-03-24 00:00:00,EKS000005842,СП,ZX-20-32-C-30,WH1,38.00000,КГ,20.00000,,,,,,,0.00000,0.00000,n.bezrukov,Пакет интерфейса поставки:72f9e4f7-8a9d-4f71-acb4-148c4b67d79f,2026-03-24 12:56:58,321232,1997061,2566839,0,ЭКС,,3845919,,,,Годен,,,,
2532271,320745,New,End,,,2566841,,4.00000,ПЧ,СМ,,RECV-01,WH1,20.00000,218171,,Лампа LED G13  1500мм 24W/865 2200Lm матовая стекло JAZZWAY,158.00000,NEW Длинные ЭЛО < 2 м,,,0,100.00000,ШТ,2026-03-24 00:00:00,EKS000005842,СП,ZX-13-07-A-30,WH1,24.00000,КГ,21.00000,,,,,,,0.00000,0.00000,n.bezrukov,Пакет интерфейса поставки:72f9e4f7-8a9d-4f71-acb4-148c4b67d79f,2026-03-24 12:56:58,321232,1997090,2566841,0,ЭКС,,3845921,,,,Годен,,,,
2532272,320746,New,End,,,2566857,,6.00000,КР,СМ,,RECV-01,WH1,26.00000,318058,,Светильник LED PWP-С4 1200 36w 6500K 3600Lm  IP65 COMPACT Jazzway,120.00000,NEW Класс B,,,0,240.00000,ШТ,2026-03-24 00:00:00,EKS000005844,СП,ZX-07-05-A-15,WH1,73.50000,КГ,20.00000,,,,,,,0.00000,0.00000,n.bezrukov,Пакет интерфейса поставки:72f9e4f7-8a9d-4f71-acb4-148c4b67d79f,2026-03-24 12:57:04,321234,1997098,2566857,0,ЭКС,,3845945,,,,Годен,,,,
2532273,320746,New,End,,,2566858,,2.00000,КР,СМ,,RECV-01,WH1,22.00000,235650,,Светильник LED PWP-С2 1200 40w 4000K 3600Lm  IP65 COMPACT Jazzway,120.00000,NEW Класс C,,,0,60.00000,ШТ,2026-03-24 00:00:00,EKS000005844,СП,ZX-15-12-C-18,WH1,20.00000,КГ,26.00000,,,,,,,0.00000,0.00000,n.bezrukov,Пакет интерфейса поставки:72f9e4f7-8a9d-4f71-acb4-148c4b67d79f,2026-03-24 12:57:04,321234,1997100,2566858,0,ЭКС,,3845946,,,,Годен,,,,
2532274,320747,New,End,,,2566863,,3.00000,КР,СМ,,RECV-01,WH1,22.00000,688135,,Светильник ГСО-Премьер IP40 (С) 595x595x40мм 36вт 4200лм/5700к опал драйвер 0653 ГЕНСВЕТ,60.00000,NEW Заказной товар,,,0,15.00000,ШТ,2026-03-24 00:00:00,EKS000005861,СП,ZX-15-34-C-10,WH1,24.00000,КГ,60.00000,,,,,,,0.00000,0.00000,a.manokhin,Пакет интерфейса поставки:bc2a889d-bc43-44fd-aa79-675402378b52,2026-03-24 13:01:24,321251,1997186,2566863,0,ЭКС,,3845959,,,,Годен,,,,
2532275,320748,New,End,,,2566861,,1.00000,ШТ,СМ,,RECV-01,WH1,8.50000,665467,,Светильник ГСО-ПРЕМИУМ 595x595x50мм 36Вт 4000лм 4000К опал драйвер 5322 (Армстронг) ГЕНСВЕТ,62.00000,NEW Заказной товар,,,0,1.00000,ШТ,2026-03-24 00:00:00,EKS000005858,СП,ZX-16-28-C-18,WH1,1.00000,КГ,60.50000,,,,,,,0.00000,0.00000,a.manokhin,Пакет интерфейса поставки:79be62a5-24e6-43c4-9b33-8ffc4b003b76,2026-03-24 13:03:05,321248,1997183,2566861,0,ЭКС,,3845957,,,,Годен,,,,
2532276,320748,New,End,,,2566864,,2.00000,КР,СМ,,RECV-01,WH1,23.00000,665467,,Светильник ГСО-ПРЕМИУМ 595x595x50мм 36Вт 4000лм 4000К опал драйвер 5322 (Армстронг) ГЕНСВЕТ,63.00000,NEW Заказной товар,,,0,8.00000,ШТ,2026-03-24 00:00:00,EKS000005858,СП,ZX-16-34-C-15,WH1,10.00000,КГ,61.00000,,,,,,,0.00000,0.00000,a.manokhin,Пакет интерфейса поставки:79be62a5-24e6-43c4-9b33-8ffc4b003b76,2026-03-24 13:03:05,321248,1997183,2566864,0,ЭКС,,3845960,,,,Годен,,,,
2532277,320749,New,End,,,2566862,,1.00000,ШТ,СМ,,RECV-01,WH1,5.50000,665506,,Светильник ГСО-ПРЕМИУМ 1195x180x50мм 36Вт 4000лм 4000К опал драйвер с БАП ГЕНСВЕТ,119.00000,NEW Заказной товар,,,0,1.00000,ШТ,2026-03-24 00:00:00,EKS000005859,СП,ZX-16-30-A-15,WH1,1.60000,КГ,18.00000,,,,,,,0.00000,0.00000,a.manokhin,Пакет интерфейса поставки:fe3f0a9f-4a93-452d-9e46-841047b6b2c6,2026-03-24 13:05:16,321249,1997184,2566862,0,ЭКС,,3845958,,,,Годен,,,,
2532278,320750,New,End,,,2566866,,5.00000,КР,СМ,,RECV-01,WH1,24.00000,690965,,Светильник ГСО-Премьер (с) 595x595x40мм 54Вт 6300лм 4000К опал драйвер 0654  ГЕНСВЕТ,63.00000,NEW Заказной товар,,,0,25.00000,ШТ,2026-03-24 00:00:00,EKS000005860,СП,ZX-14-14-A-20,WH1,20.00000,КГ,61.00000,,,,,,,0.00000,0.00000,a.manokhin,Пакет интерфейса поставки:a32249c8-b69d-437e-905d-08ff457c40f9,2026-03-24 13:07:27,321250,1997185,2566866,0,ЭКС,,3845965,,,,Годен,,,,
2532279,320751,New,End,,,2566846,,3.00000,УП,СМ,,RECV-01,WH1,1.00000,296221,,Лента LED  6w/m 12V IP20 2835/60  (5 метров) зеленая JAZZWAY,15.00000,NEW Заказной товар,,,0,3.00000,УП,2026-03-24 00:00:00,EKS000005848,СП,ME-125-03-A-20,WH1,0.18000,КГ,15.00000,,,,,,,0.00000,0.00000,n.bezrukov,Пакет интерфейса поставки:86a16b7a-95b8-4f0d-8736-9bcad96f4894,2026-03-24 13:13:07,321238,1997110,2566846,0,ЭКС,,3845930,,,,Годен,,,,
2532280,320752,New,End,,,2566843,,2.00000,ШТ,СМ,,RECV-01,WH1,5.00000,778531,,PTR  4018 18W 4000K 120° BL 600mm IP40 Jazzway,60.00000,NEW Заказной товар,,,0,2.00000,ШТ,2026-03-24 00:00:00,EKS000005841,СП,ME-117-08-E-30,WH1,0.40000,КГ,5.00000,,,,,,,0.00000,0.00000,n.bezrukov,Пакет интерфейса поставки:dd72f407-22e4-4f78-9114-e3229d0c1ba9,2026-03-24 13:15:22,321231,1997052,2566843,0,ЭКС,,3845923,,,,Годен,,,,
2532281,320752,New,End,,,2566845,,7.00000,ШТ,СМ,,RECV-01,WH1,4.50000,778533,,PTR  4026 26W 4000K 120° BL 900mm IP40 Jazzway,90.00000,NEW Заказной товар,,,0,7.00000,ШТ,2026-03-24 00:00:00,EKS000005841,СП,ZX-15-28-C-18,WH1,1.96000,КГ,5.50000,,,,,,,0.00000,0.00000,n.bezrukov,Пакет интерфейса поставки:dd72f407-22e4-4f78-9114-e3229d0c1ba9,2026-03-24 13:15:22,321231,1997051,2566845,0,ЭКС,,3845925,,,,Годен,,,,
2532282,320753,New,End,,,2566847,,4.00000,ПЧ,СМ,,RECV-01,WH1,6.00000,728925,,"Лампа LED НИЗКОВОЛЬТНАЯ E27 15W 6500K 1200Lm DC12-48V/AC24-42,груша матовая A60, Jazzway",30.00000,NEW Заказной товар,,,0,40.00000,ШТ,2026-03-24 00:00:00,EKS000005843,СП,ME-117-08-E-50,WH1,4.00000,КГ,23.00000,,,,,,,0.00000,0.00000,n.bezrukov,Пакет интерфейса поставки:dd72f407-22e4-4f78-9114-e3229d0c1ba9,2026-03-24 13:15:30,321233,1997097,2566847,0,ЭКС,,3845931,,,,Годен,,,,
2532283,320754,New,End,,,2566815,,25.00000,КР,СМ,,RECV-01,WH1,12.00000,757747,,Светильник PPL 588/G 40w OPAL 3800Лм/4000K IP40 (588x588x25) ГРИЛЬЯТО,60.00000,NEW Объемные,,,0,100.00000,ШТ,2026-03-24 00:00:00,EKS000005845,СП,ZX-19-10-B-20,WH1,50.00000,КГ,60.00000,,,,,,,0.00000,0.00000,n.bezrukov,Пакет интерфейса поставки:2c2804f3-7167-494a-8b99-84d1d918c977,2026-03-24 13:17:18,321235,1997101,2566815,0,ЭКС,,3845879,,,,Годен,,,,
2532284,320754,New,End,,,2566850,,7.00000,ШТ,СМ,,RECV-01,WH1,3.00000,679426,,Блок аварийного питания PEPP36-1.0H IP40,20.00000,NEW Класс C,,,0,7.00000,ШТ,2026-03-24 00:00:00,EKS000005845,СП,ME-115-05-C-30,WH1,1.40000,КГ,4.50000,,,,,,,0.00000,0.00000,n.bezrukov,Пакет интерфейса поставки:2c2804f3-7167-494a-8b99-84d1d918c977,2026-03-24 13:17:18,321235,1997102,2566850,0,ЭКС,,3845934,,,,Годен,,,,
2532285,320755,New,Processed,,,2566867,,1.00000,ГМ,СМ,4712-12-31 00:00:00,RECV-01,WH1,1.00000,0000,,ТРАНЗИТ,1.00000,NEW Транзит,БАРНАУЛ,,0,1.00000,ГМ,2026-03-24 00:00:00,TR-24/03/2026-02,ТР,TR-07,WH1,1.00000,КГ,1.00000,,,,,,,0.00000,0.00000,r.sagaidak,Пакет интерфейса поставки:424e2fa0-5b54-467b-981b-8f7b883442bc,2026-03-24 13:20:50,321252,1997187,2566867,0,ЭКС,,3845977,,,,Годен,,,,
2532286,320756,New,Processed,,,2566868,,1.00000,ГМ,СМ,4712-12-31 00:00:00,RECV-01,WH1,1.00000,0000,,ТРАНЗИТ,1.00000,NEW Транзит,ИППОДРОМСКАЯ,,0,1.00000,ГМ,2026-03-24 00:00:00,TR-24/03/2026-03,ТР,TR-05,WH1,1.00000,КГ,1.00000,,,,,,,0.00000,0.00000,r.sagaidak,Пакет интерфейса поставки:424e2fa0-5b54-467b-981b-8f7b883442bc,2026-03-24 13:20:50,321253,1997188,2566868,0,ЭКС,,3845975,,,,Годен,,,,
2532287,320758,New,End,,,2566848,,2.00000,ШТ,СМ,,RECV-01,WH1,3.00000,730015,,ФАZА СДО-20 30w 6500K BL IP65 230V,11.00000,NEW Заказной товар,,,0,2.00000,ШТ,2026-03-24 00:00:00,EKS000005851,СП,ME-103-04-E-20,WH1,0.40000,КГ,10.00000,,,,,,,0.00000,0.00000,n.bezrukov,Пакет интерфейса поставки:d4fae356-a563-4741-8bf1-0cb5becaaaa1,2026-03-24 13:27:10,321241,1997113,2566848,0,ЭКС,,3845932,,,,Годен,,,,
2532288,320758,New,End,,,2566849,,15.00000,ШТ,СМ,,RECV-01,WH1,2.00000,595861,,Драйвер 100mA 40w PPL 595/U BT,16.00000,NEW Заказной товар,,,0,15.00000,ШТ,2026-03-24 00:00:00,EKS000005851,СП,ME-103-05-E-20,WH1,0.75000,КГ,2.00000,,,,,,,0.00000,0.00000,n.bezrukov,Пакет интерфейса поставки:d4fae356-a563-4741-8bf1-0cb5becaaaa1,2026-03-24 13:27:10,321241,1997114,2566849,0,ЭКС,,3845933,,,,Годен,,,,
2532289,320757,New,End,,,2566854,,4.00000,ШТ,СМ,,RECV-01,WH1,4.50000,863573,,Адаптер 72W (12V 6A) IP20,14.50000,NEW Заказной товар,,,0,4.00000,ШТ,2026-03-24 00:00:00,EKS000005850,СП,ME-102-03-B-20,WH1,1.12000,КГ,10.50000,,,,,,,0.00000,0.00000,n.bezrukov,Пакет интерфейса поставки:d4fae356-a563-4741-8bf1-0cb5becaaaa1,2026-03-24 13:27:01,321240,1997112,2566854,0,ЭКС,,3845938,,,,Годен,,,,
2532290,320760,New,End,,,2566743,,9.00000,ББ,СМ,4712-12-31 00:00:00,RECV-01,WH1,25.00000,296507,,Металлорукав в ПВХ изоляции 16 (МРПИ/Р3-ЦПнг/ШЭМ) (50 м/уп) ГОФРОМАТИК ЗЭТАРУС,33.00000,NEW Металлорукав,50,,0,450.00000,М,2026-03-24 00:00:00,EKS000005856,СП,ZX-11-05-A-15,WH1,67.50000,КГ,33.00000,,,,,,,0.00000,0.00000,a.savitskiy,Пакет интерфейса поставки:27c13817-6ce0-4e76-bc63-4e64494fea7b,2026-03-24 13:29:11,321246,1997152,2566743,0,ЭКС,,3845764,,,,Годен,,,,
2532291,320760,New,End,,,2566750,,3.00000,ББ,СМ,4712-12-31 00:00:00,RECV-01,WH1,30.00000,200870,,Металлорукав в ПВХ изоляции 50 (МРПИ/Р3-ЦПнг/ШЭМ) (20 м/уп) ГОФРОМАТИК ЗЭТАРУС,50.00000,NEW Металлорукав,20,,0,60.00000,М,2026-03-24 00:00:00,EKS000005856,СП,ZX-06-10-A-10,WH1,42.00000,КГ,50.00000,,,,,,,0.00000,0.00000,a.savitskiy,Пакет интерфейса поставки:27c13817-6ce0-4e76-bc63-4e64494fea7b,2026-03-24 13:29:11,321246,1997154,2566750,0,ЭКС,,3845774,,,,Годен,,,,
2532292,320760,New,End,,,2566752,,3.00000,ББ,СМ,4712-12-31 00:00:00,RECV-01,WH1,30.00000,298940,,Металлорукав в ПВХ изоляции 50 (МРПИ нг) черный с протяжкой (20 м/уп) ГОФРОМАТИК ЗЭТАРУС,50.00000,NEW Металлорукав,20,,0,60.00000,М,2026-03-24 00:00:00,EKS000005856,СП,ZX-07-06-C-10,WH1,30.00000,КГ,50.00000,,,,,,,0.00000,0.00000,a.savitskiy,Пакет интерфейса поставки:27c13817-6ce0-4e76-bc63-4e64494fea7b,2026-03-24 13:29:11,321246,1997151,2566752,0,ЭКС,,3845777,,,,Годен,,,,
2532293,320760,New,End,,,2566760,,4.00000,ББ,СМ,4712-12-31 00:00:00,RECV-01,WH1,32.00000,266759,,Металлорукав в ПВХ изоляции 75 (МРПИ/Р3-ЦПнг/ШЭМ) черный (10 м/уп) ГОФРОМАТИК ЗЭТАРУС,57.00000,NEW Металлорукав,10,,0,40.00000,М,2026-03-24 00:00:00,EKS000005856,СП,ZX-07-10-B-10,WH1,60.00000,КГ,57.00000,,,,,,,0.00000,0.00000,a.savitskiy,Пакет интерфейса поставки:27c13817-6ce0-4e76-bc63-4e64494fea7b,2026-03-24 13:29:11,321246,1997153,2566760,0,ЭКС,,3845792,,,,Годен,,,,
2532294,320760,New,End,,,2566761,,4.00000,ББ,СМ,4712-12-31 00:00:00,RECV-01,WH1,32.00000,266759,,Металлорукав в ПВХ изоляции 75 (МРПИ/Р3-ЦПнг/ШЭМ) черный (10 м/уп) ГОФРОМАТИК ЗЭТАРУС,57.00000,NEW Металлорукав,10,,0,40.00000,М,2026-03-24 00:00:00,EKS000005856,СП,ZX-07-12-C-10,WH1,60.00000,КГ,57.00000,,,,,,,0.00000,0.00000,a.savitskiy,Пакет интерфейса поставки:27c13817-6ce0-4e76-bc63-4e64494fea7b,2026-03-24 13:29:11,321246,1997153,2566761,0,ЭКС,,3845793,,,,Годен,,,,
2532295,320760,New,End,,,2566768,,1.00000,ПЧ,СМ,,RECV-01,WH1,5.00000,826238,,"Перемычка ПГС 25-560 У2,5 ГОФРОМАТИК (ЗЭТАРУС)",60.00000,NEW Класс C,,,0,20.00000,ШТ,2026-03-24 00:00:00,EKS000005856,СП,ME-213-02-E-20,WH1,2.35000,КГ,18.00000,,,,,,,0.00000,0.00000,a.savitskiy,Пакет интерфейса поставки:27c13817-6ce0-4e76-bc63-4e64494fea7b,2026-03-24 13:29:11,321246,1997170,2566768,0,ЭКС,,3845807,,,,Годен,,,,
2532296,320760,New,End,,,2566771,,2.00000,КР,СМ,,RECV-01,WH1,12.00000,205141,,Скоба однолапковая металлическая d25-26 мм ГОФРОМАТИК ЗЭТАРУС,37.00000,NEW Класс A,,,0,1400.00000,ШТ,2026-03-24 00:00:00,EKS000005856,СП,ME-124-04-D-40,WH1,11.54000,КГ,35.00000,,,,,,,0.00000,0.00000,a.savitskiy,Пакет интерфейса поставки:27c13817-6ce0-4e76-bc63-4e64494fea7b,2026-03-24 13:29:11,321246,1997163,2566771,0,ЭКС,,3845810,,,,Годен,,,,
2532297,320760,New,End,,,2566772,,1.00000,ШТ,СМ,,RECV-01,WH1,12.00000,313698,,Коробка с зажимами наборными КЗНС-32 У2 IP54 пластиковый ввод ГОФРОМАТИК ЗЭТАРУС,37.00000,NEW Заказной товар,,,0,1.00000,ШТ,2026-03-24 00:00:00,EKS000005856,СП,ME-225-01-B-30,WH1,2.00000,КГ,34.00000,,,,,,,0.00000,0.00000,a.savitskiy,Пакет интерфейса поставки:27c13817-6ce0-4e76-bc63-4e64494fea7b,2026-03-24 13:29:11,321246,1997181,2566772,0,ЭКС,,3845811,,,,Годен,,,,
2532298,320760,New,End,,,2566777,,2.00000,КР,СМ,,RECV-01,WH1,10.00000,227447,,Скоба двухлапковая металлическая d38-40 мм ГОФРОМАТИК ЗЭТАРУС,25.00000,NEW Класс B,,,0,500.00000,ШТ,2026-03-24 00:00:00,EKS000005856,СП,ME-116-06-F-40,WH1,2.00000,КГ,25.00000,,,,,,,0.00000,0.00000,a.savitskiy,Пакет интерфейса поставки:27c13817-6ce0-4e76-bc63-4e64494fea7b,2026-03-24 13:29:11,321246,1997162,2566777,0,ЭКС,,3845816,,,,Годен,,,,
2532299,320760,New,End,,,2566780,,1.00000,КР,СМ,,RECV-01,WH1,12.00000,675751,,Скоба однолапковая металлическая d19-20 мм ГОФРОМАТИК ЗЭТАРУС,38.00000,NEW Заказной товар,,,0,1200.00000,ШТ,2026-03-24 00:00:00,EKS000005856,СП,ME-217-03-E-30,WH1,6.80000,КГ,34.00000,,,,,,,0.00000,0.00000,a.savitskiy,Пакет интерфейса поставки:27c13817-6ce0-4e76-bc63-4e64494fea7b,2026-03-24 13:29:11,321246,1997171,2566780,0,ЭКС,,3845819,,,,Годен,,,,
2532300,320760,New,End,,,2566786,,10.00000,ПЧ,СМ,,RECV-01,WH1,6.00000,675751,,Скоба однолапковая металлическая d19-20 мм ГОФРОМАТИК ЗЭТАРУС,16.00000,NEW Заказной товар,,,0,1000.00000,ШТ,2026-03-24 00:00:00,EKS000005856,СП,ME-217-03-E-30,WH1,1.00000,КГ,10.00000,,,,,,,0.00000,0.00000,a.savitskiy,Пакет интерфейса поставки:27c13817-6ce0-4e76-bc63-4e64494fea7b,2026-03-24 13:29:11,321246,1997171,2566786,0,ЭКС,,3845825,,,,Годен,,,,
2532301,320760,New,End,,,2566810,,60.00000,ШТ,СМ,,RECV-01,WH1,1.00000,187414,,Скоба однолапковая металлическая d19-20 мм ГОФРОМАТИК ЗЭТАРУС,4.00000,NEW Класс A,,,0,60.00000,ШТ,2026-03-24 00:00:00,EKS000005856,СП,ME-101-07-G-40,WH1,0.41400,КГ,2.00000,,,,,,,0.00000,0.00000,a.savitskiy,Пакет интерфейса поставки:27c13817-6ce0-4e76-bc63-4e64494fea7b,2026-03-24 13:29:11,321246,1997165,2566810,0,ЭКС,,3845868,,,,Годен,,,,
2532302,320760,New,End,,,2566812,,40.00000,ШТ,СМ,,RECV-01,WH1,2.00000,675751,,Скоба однолапковая металлическая d19-20 мм ГОФРОМАТИК ЗЭТАРУС,2.00000,NEW Заказной товар,,,0,40.00000,ШТ,2026-03-24 00:00:00,EKS000005856,СП,ME-217-03-E-30,WH1,0.04000,КГ,2.00000,,,,,,,0.00000,0.00000,a.savitskiy,Пакет интерфейса поставки:27c13817-6ce0-4e76-bc63-4e64494fea7b,2026-03-24 13:29:11,321246,1997171,2566812,0,ЭКС,,3845870,,,,Годен,,,,
2532303,320760,New,End,,,2566814,,5.00000,ШТ,СМ,,RECV-01,WH1,3.50000,623545,,Соединитель болтовой 4СБ-3-001 150-240 ЗЭТАРУС,10.50000,NEW Класс C,,,0,5.00000,ШТ,2026-03-24 00:00:00,EKS000005856,СП,ME-107-02-C-20,WH1,1.00000,КГ,4.00000,,,,,,,0.00000,0.00000,a.savitskiy,Пакет интерфейса поставки:27c13817-6ce0-4e76-bc63-4e64494fea7b,2026-03-24 13:29:11,321246,1997174,2566814,0,ЭКС,,3845872,,,,Годен,,,,
2532304,320760,New,End,,,2566816,,1.00000,ПЧ,СМ,,RECV-01,WH1,11.00000,623545,,Соединитель болтовой 4СБ-3-001 150-240 ЗЭТАРУС,19.00000,NEW Класс C,,,0,10.00000,ШТ,2026-03-24 00:00:00,EKS000005856,СП,ME-107-02-C-20,WH1,2.40000,КГ,14.00000,,,,,,,0.00000,0.00000,a.savitskiy,Пакет интерфейса поставки:27c13817-6ce0-4e76-bc63-4e64494fea7b,2026-03-24 13:29:11,321246,1997174,2566816,0,ЭКС,,3845874,,,,Годен,,,,
2532305,320760,New,End,,,2566817,,1.00000,ПЧ,СМ,,RECV-01,WH1,16.00000,102063,,Наконечник медный луженый ТМЛ 95-12-15 ГОСТ 7386-80 ЗЭТАРУС,20.00000,NEW Класс C,,,0,30.00000,ШТ,2026-03-24 00:00:00,EKS000005856,СП,ME-103-05-B-20,WH1,0.40000,КГ,4.00000,,,,,,,0.00000,0.00000,a.savitskiy,Пакет интерфейса поставки:27c13817-6ce0-4e76-bc63-4e64494fea7b,2026-03-24 13:29:11,321246,1997157,2566817,0,ЭКС,,3845875,,,,Годен,,,,
2532306,320760,New,End,,,2566818,,1.00000,ПЧ,СМ,,RECV-01,WH1,6.00000,512000,,Гильза ГМ 35-10 ЗЭТАРУС,20.00000,NEW Класс C,,,0,100.00000,ШТ,2026-03-24 00:00:00,EKS000005856,СП,ME-116-02-A-40,WH1,1.50000,КГ,14.00000,,,,,,,0.00000,0.00000,a.savitskiy,Пакет интерфейса поставки:27c13817-6ce0-4e76-bc63-4e64494fea7b,2026-03-24 13:29:11,321246,1997175,2566818,0,ЭКС,,3845876,,,,Годен,,,,
2532307,320760,New,End,,,2566819,,6.00000,ПЧ,СМ,,RECV-01,WH1,15.00000,205141,,Скоба однолапковая металлическая d25-26 мм ГОФРОМАТИК ЗЭТАРУС,15.00000,NEW Класс A,,,0,600.00000,ШТ,2026-03-24 00:00:00,EKS000005856,СП,ME-124-04-D-40,WH1,6.00000,КГ,8.00000,,,,,,,0.00000,0.00000,a.savitskiy,Пакет интерфейса поставки:27c13817-6ce0-4e76-bc63-4e64494fea7b,2026-03-24 13:29:11,321246,1997163,2566819,0,ЭКС,,3845880,,,,Годен,,,,
2532308,320760,New,End,,,2566820,,8.00000,ПЧ,СМ,,RECV-01,WH1,5.00000,253795,,Скоба двухлапковая металлическая d14-15 мм ГОФРОМАТИК ЗЭТАРУС,20.00000,NEW Класс C,,,0,800.00000,ШТ,2026-03-24 00:00:00,EKS000005856,СП,ME-101-08-F-30,WH1,1.60000,КГ,10.00000,,,,,,,0.00000,0.00000,a.savitskiy,Пакет интерфейса поставки:27c13817-6ce0-4e76-bc63-4e64494fea7b,2026-03-24 13:29:11,321246,1997160,2566820,0,ЭКС,,3845881,,,,Годен,,,,
2532309,320760,New,End,,,2566822,,1.00000,ПЧ,СМ,,RECV-01,WH1,3.00000,177389,,Скоба двухлапковая металлическая d10-11 мм ГОФРОМАТИК ЗЭТАРУС,12.00000,NEW Класс C,,,0,100.00000,ШТ,2026-03-24 00:00:00,EKS000005856,СП,ME-102-07-C-30,WH1,0.08000,КГ,12.00000,,,,,,,0.00000,0.00000,a.savitskiy,Пакет интерфейса поставки:27c13817-6ce0-4e76-bc63-4e64494fea7b,2026-03-24 13:29:11,321246,1997167,2566822,0,ЭКС,,3845883,,,,Годен,,,,
2532310,320760,New,End,,,2566825,,12.00000,ПЧ,СМ,,RECV-01,WH1,5.00000,419756,,Сальник PG 11 пластик (5-10мм),20.00000,NEW Заказной товар,,,0,600.00000,ШТ,2026-03-24 00:00:00,EKS000005856,СП,ME-213-02-A-50,WH1,4.08000,КГ,14.00000,,,,,,,0.00000,0.00000,a.savitskiy,Пакет интерфейса поставки:27c13817-6ce0-4e76-bc63-4e64494fea7b,2026-03-24 13:29:11,321246,1997179,2566825,0,ЭКС,,3845887,,,,Годен,,,,
2532311,320760,New,End,,,2566827,,4.00000,ПЧ,СМ,,RECV-01,WH1,5.00000,185414,,Резьбовой крепежный элемент с наружной резьбой РКН-10 (МВ 10-М) У2 IP54 ГОФРОМАТИК ЗЭТАРУС,17.00000,NEW Класс C,,,0,200.00000,ШТ,2026-03-24 00:00:00,EKS000005856,СП,ME-114-02-A-20,WH1,4.80000,КГ,14.00000,,,,,,,0.00000,0.00000,a.savitskiy,Пакет интерфейса поставки:27c13817-6ce0-4e76-bc63-4e64494fea7b,2026-03-24 13:29:11,321246,1997166,2566827,0,ЭКС,,3845898,,,,Годен,,,,
2532312,320760,New,End,,,2566829,,2.00000,ПЧ,СМ,,RECV-01,WH1,5.00000,147232,,Оконцеватель для металлорукава 15 мм (1/2) ГОФРОМАТИК ЗЭТАРУС,27.00000,NEW Класс C,,,0,100.00000,ШТ,2026-03-24 00:00:00,EKS000005856,СП,ME-109-08-B-20,WH1,1.64000,КГ,25.00000,,,,,,,0.00000,0.00000,a.savitskiy,Пакет интерфейса поставки:27c13817-6ce0-4e76-bc63-4e64494fea7b,2026-03-24 13:29:11,321246,1997168,2566829,0,ЭКС,,3845903,,,,Годен,,,,
2532313,320760,New,End,,,2566830,,1.00000,ПЧ,СМ,,RECV-01,WH1,3.00000,633754,,Кабельный ввод ВК-НР-М20-12-L8 ГОФРОМАТИК ЗЭТАРУС,13.00000,NEW Заказной товар,,,0,10.00000,ШТ,2026-03-24 00:00:00,EKS000005856,СП,ME-102-05-I-40,WH1,0.39000,КГ,5.00000,,,,,,,0.00000,0.00000,a.savitskiy,Пакет интерфейса поставки:27c13817-6ce0-4e76-bc63-4e64494fea7b,2026-03-24 13:29:11,321246,1997173,2566830,0,ЭКС,,3845904,,,,Годен,,,,
2532314,320760,New,End,,,2566831,,2.00000,ПЧ,СМ,,RECV-01,WH1,3.00000,377812,,Ex-переходная муфта МПВЛ-М25-М20 Ех е II Gb U () ГОФРОМАТИК ЗЭТАРУС,11.00000,NEW Заказной товар,,,0,20.00000,ШТ,2026-03-24 00:00:00,EKS000005856,СП,ME-102-06-G-40,WH1,1.04000,КГ,6.50000,,,,,,,0.00000,0.00000,a.savitskiy,Пакет интерфейса поставки:27c13817-6ce0-4e76-bc63-4e64494fea7b,2026-03-24 13:29:11,321246,1997180,2566831,0,ЭКС,,3845906,,,,Годен,,,,
2532315,320760,New,End,,,2566832,,4.00000,ШТ,СМ,,RECV-01,WH1,3.00000,377812,,Ex-переходная муфта МПВЛ-М25-М20 Ех е II Gb U () ГОФРОМАТИК ЗЭТАРУС,3.50000,NEW Заказной товар,,,0,4.00000,ШТ,2026-03-24 00:00:00,EKS000005856,СП,ME-102-06-G-40,WH1,0.20000,КГ,3.00000,,,,,,,0.00000,0.00000,a.savitskiy,Пакет интерфейса поставки:27c13817-6ce0-4e76-bc63-4e64494fea7b,2026-03-24 13:29:11,321246,1997180,2566832,0,ЭКС,,3845907,,,,Годен,,,,
2532316,320760,New,End,,,2566833,,10.00000,ПЧ,СМ,,RECV-01,WH1,5.00000,419757,,Сальник PG 25 пластик (15-21мм),20.00000,NEW Заказной товар,,,0,200.00000,ШТ,2026-03-24 00:00:00,EKS000005856,СП,ME-122-03-A-20,WH1,4.80000,КГ,17.00000,,,,,,,0.00000,0.00000,a.savitskiy,Пакет интерфейса поставки:27c13817-6ce0-4e76-bc63-4e64494fea7b,2026-03-24 13:29:11,321246,1997178,2566833,0,ЭКС,,3845908,,,,Годен,,,,
2532317,320760,New,End,,,2566836,,20.00000,ПЧ,СМ,,RECV-01,WH1,19.00000,147219,,Резьбовой крепежный элемент с наружной резьбой РКН-15 (МВ 15-М) У2 IP54 ГОФРОМАТИК ЗЭТАРУС,25.00000,NEW Класс B,,,0,200.00000,ШТ,2026-03-24 00:00:00,EKS000005856,СП,ZX-03-13-C-18,WH1,84.00000,КГ,10.00000,,,,,,,0.00000,0.00000,a.savitskiy,Пакет интерфейса поставки:27c13817-6ce0-4e76-bc63-4e64494fea7b,2026-03-24 13:29:11,321246,1997156,2566836,0,ЭКС,,3845916,,,,Годен,,,,
2532318,320760,New,End,,,2566837,,10.00000,ПЧ,СМ,,RECV-01,WH1,1.50000,195656,,"Кабельный ввод М 12 латунный УТ1,5 IP68 (d кабеля 3-6,5мм) ГОФРОМАТИК ЗЭТАРУС",12.00000,NEW Заказной товар,,,0,100.00000,ШТ,2026-03-24 00:00:00,EKS000005856,СП,ME-205-02-L-50,WH1,1.30000,КГ,8.00000,,,,,,,0.00000,0.00000,a.savitskiy,Пакет интерфейса поставки:27c13817-6ce0-4e76-bc63-4e64494fea7b,2026-03-24 13:29:11,321246,1997164,2566837,0,ЭКС,,3845917,,,,Годен,,,,
2532319,320760,New,End,,,2566838,,2.00000,ПЧ,СМ,,RECV-01,WH1,20.00000,62013,,Резьбовой крепежный элемент с наружной резьбой РКН-20(22) (МВ 20(22)-М) У2 IP54 ГОФРОМАТИК ЗЭТАРУС,25.00000,NEW Класс B,,,0,100.00000,ШТ,2026-03-24 00:00:00,EKS000005856,СП,ME-118-07-B-20,WH1,6.00000,КГ,5.00000,,,,,,,0.00000,0.00000,a.savitskiy,Пакет интерфейса поставки:27c13817-6ce0-4e76-bc63-4e64494fea7b,2026-03-24 13:29:11,321246,1997158,2566838,0,ЭКС,,3845918,,,,Годен,,,,
2532320,320760,New,End,,,2566840,,10.00000,ШТ,СМ,,RECV-01,WH1,11.00000,7904,,"Коробка клеммная КЗНС-08 УХЛ1,5 IP65 (с латун вводами) ГОФРОМАТИК ЗЭТАРУС",27.00000,NEW Класс C,,,0,10.00000,ШТ,2026-03-24 00:00:00,EKS000005856,СП,ME-115-03-D-30,WH1,18.50000,КГ,20.00000,,,,,,,0.00000,0.00000,a.savitskiy,Пакет интерфейса поставки:27c13817-6ce0-4e76-bc63-4e64494fea7b,2026-03-24 13:29:11,321246,1997159,2566840,0,ЭКС,,3845920,,,,Годен,,,,
2532321,320760,New,End,,,2566842,,20.00000,ПЧ,СМ,,RECV-01,WH1,6.00000,419759,,Сальник PG 36 пластик (22-32мм),20.00000,NEW Заказной товар,,,0,200.00000,ШТ,2026-03-24 00:00:00,EKS000005856,СП,ME-116-03-F-30,WH1,8.40000,КГ,17.00000,,,,,,,0.00000,0.00000,a.savitskiy,Пакет интерфейса поставки:27c13817-6ce0-4e76-bc63-4e64494fea7b,2026-03-24 13:29:11,321246,1997176,2566842,0,ЭКС,,3845922,,,,Годен,,,,
2532322,320760,New,End,,,2566844,,4.00000,ПЧ,СМ,,RECV-01,WH1,6.00000,419758,,Сальник PG 16 пластик (10-14мм),24.00000,NEW Заказной товар,,,0,200.00000,ШТ,2026-03-24 00:00:00,EKS000005856,СП,ME-120-08-E-40,WH1,2.76000,КГ,20.00000,,,,,,,0.00000,0.00000,a.savitskiy,Пакет интерфейса поставки:27c13817-6ce0-4e76-bc63-4e64494fea7b,2026-03-24 13:29:11,321246,1997177,2566844,0,ЭКС,,3845924,,,,Годен,,,,
2532323,320760,New,End,,,2566851,,8.00000,ПЧ,СМ,,RECV-01,WH1,3.00000,246972,,Резьбовой крепежный элемент с наружной резьбой РКН-12 (МВ 12-М) У2 IP54 ГОФРОМАТИК ЗЭТАРУС,16.00000,NEW Заказной товар,,,0,80.00000,ШТ,2026-03-24 00:00:00,EKS000005856,СП,ME-104-02-D-20,WH1,2.48000,КГ,7.00000,,,,,,,0.00000,0.00000,a.savitskiy,Пакет интерфейса поставки:27c13817-6ce0-4e76-bc63-4e64494fea7b,2026-03-24 13:29:11,321246,1997161,2566851,0,ЭКС,,3845935,,,,Годен,,,,
2532324,320759,New,End,,,2566853,,4.00000,ШТ,СМ,,RECV-01,WH1,4.50000,863573,,Адаптер 72W (12V 6A) IP20,14.50000,NEW Заказной товар,,,0,4.00000,ШТ,2026-03-24 00:00:00,EKS000005849,СП,ME-102-03-B-20,WH1,1.12000,КГ,10.50000,,,,,,,0.00000,0.00000,n.bezrukov,Пакет интерфейса поставки:27c13817-6ce0-4e76-bc63-4e64494fea7b,2026-03-24 13:28:59,321239,1997111,2566853,0,ЭКС,,3845937,,,,Годен,,,,
2532325,320760,New,End,,,2566856,,14.00000,ШТ,СМ,,RECV-01,WH1,3.00000,862176,,Оконцеватель для металлорукава 75 мм,9.00000,NEW Заказной товар,,,0,14.00000,ШТ,2026-03-24 00:00:00,EKS000005856,СП,ME-104-06-K-20,WH1,0.75600,КГ,9.00000,,,,,,,0.00000,0.00000,a.savitskiy,Пакет интерфейса поставки:27c13817-6ce0-4e76-bc63-4e64494fea7b,2026-03-24 13:29:11,321246,1997169,2566856,0,ЭКС,,3845944,,,,Годен,,,,
2532326,320760,New,End,,,2566859,,10.00000,ШТ,СМ,,RECV-01,WH1,2.00000,669861,,Кабельный ввод ВК-НР-М16-8-L8 ГОФРОМАТИК (ЗЭТАРУС),3.00000,NEW Заказной товар,,,0,10.00000,ШТ,2026-03-24 00:00:00,EKS000005856,СП,ME-103-04-H-40,WH1,0.20000,КГ,2.00000,,,,,,,0.00000,0.00000,a.savitskiy,Пакет интерфейса поставки:27c13817-6ce0-4e76-bc63-4e64494fea7b,2026-03-24 13:29:11,321246,1997172,2566859,0,ЭКС,,3845949,,,,Годен,,,,
2532327,320760,New,End,,,2566860,,2.00000,ПЧ,СМ,,RECV-01,WH1,6.50000,266197,,Резьбовой крепежный элемент с наружной резьбой РКН-75 У2 IP54 ГОФРОМАТИК ЗЭТАРУС,20.00000,NEW Заказной товар,,,0,4.00000,ШТ,2026-03-24 00:00:00,EKS000005856,СП,ME-104-02-B-30,WH1,2.28000,КГ,10.00000,,,,,,,0.00000,0.00000,a.savitskiy,Пакет интерфейса поставки:27c13817-6ce0-4e76-bc63-4e64494fea7b,2026-03-24 13:29:11,321246,1997155,2566860,0,ЭКС,,3845951,,,,Годен,,,,
2532328,320761,New,End,,,2566662,,1.00000,КР,СМ,,RECV-01,WH1,26.00000,314207,,Лампа галогенная PH-JC 20Вт 12В clear G4 2000ч Jazzway,75.00000,NEW Класс B,,,0,1000.00000,ШТ,2026-03-24 00:00:00,EKS000005847,СП,ME-115-08-A-20,WH1,5.00000,КГ,25.00000,,,,,,,0.00000,0.00000,n.bezrukov,Пакет интерфейса поставки:f8b49aca-62c6-46ef-8439-7c8defc86902,2026-03-24 13:31:22,321237,1997108,2566662,0,ЭКС,,3845625,,,,Годен,,,,
2532329,320761,New,End,,,2566667,,2.00000,КР,СМ,,RECV-01,WH1,28.50000,569060,,Прожектор LED  PFL- V  100w  6500K IP65 9000Lm Jazzway,42.00000,NEW Класс C,,,0,20.00000,ШТ,2026-03-24 00:00:00,EKS000005847,СП,ME-121-01-D-30,WH1,30.00000,КГ,24.50000,,,,,,,0.00000,0.00000,n.bezrukov,Пакет интерфейса поставки:f8b49aca-62c6-46ef-8439-7c8defc86902,2026-03-24 13:31:22,321237,1997106,2566667,0,ЭКС,,3845630,,,,Годен,,,,
2532330,320761,New,End,,,2566669,,2.00000,КР,СМ,,RECV-01,WH1,20.00000,246726,,Прожектор LED  PFL- SC  50w  6500K IP65   (матовое стекло) 4250Lm Jazzway,38.00000,NEW Класс C,,,0,20.00000,ШТ,2026-03-24 00:00:00,EKS000005847,СП,ME-121-02-A-40,WH1,14.00000,КГ,28.00000,,,,,,,0.00000,0.00000,n.bezrukov,Пакет интерфейса поставки:f8b49aca-62c6-46ef-8439-7c8defc86902,2026-03-24 13:31:22,321237,1997109,2566669,0,ЭКС,,3845632,,,,Годен,,,,
2532331,320761,New,End,,,2566749,,1.00000,КР,СМ,,RECV-01,WH1,29.00000,519935,,Прожектор PFL-S4-100w 15000Лм 6500K 80° Серый IP65 Jazzway (гарантия 5 лет),42.00000,NEW Класс C,,,0,10.00000,ШТ,2026-03-24 00:00:00,EKS000005847,СП,ME-121-04-C-10,WH1,10.00000,КГ,32.00000,,,,,,,0.00000,0.00000,n.bezrukov,Пакет интерфейса поставки:f8b49aca-62c6-46ef-8439-7c8defc86902,2026-03-24 13:31:22,321237,1997107,2566749,0,ЭКС,,3845773,,,,Годен,,,,
2532332,320761,New,End,,,2566753,,2.00000,ШТ,СМ,,RECV-01,WH1,5.00000,736132,,Фонарь ручной Фонарь ФАZА AccuF1-L15WZ-bk (черн.),20.00000,NEW Заказной товар,,,0,2.00000,ШТ,2026-03-24 00:00:00,EKS000005847,СП,ME-102-07-H-20,WH1,0.40000,КГ,9.00000,,,,,,,0.00000,0.00000,n.bezrukov,Пакет интерфейса поставки:f8b49aca-62c6-46ef-8439-7c8defc86902,2026-03-24 13:31:22,321237,1997105,2566753,0,ЭКС,,3845780,,,,Годен,,,,
2532333,320761,New,End,,,2566852,,10.00000,ШТ,СМ,,RECV-01,WH1,14.00000,246725,,Прожектор LED  PFL- SC  30w  6500K IP65   (матовое стекло) 2550Lm Jazzway,14.00000,NEW Класс C,,,0,10.00000,ШТ,2026-03-24 00:00:00,EKS000005847,СП,ME-219-04-E-10,WH1,5.00000,КГ,5.00000,,,,,,,0.00000,0.00000,n.bezrukov,Пакет интерфейса поставки:f8b49aca-62c6-46ef-8439-7c8defc86902,2026-03-24 13:31:22,321237,1997104,2566852,0,ЭКС,,3845936,,,,Годен,,,,
2532334,320762,New,End,,,CNT02573046,,50.00000,М,СМ,4712-12-31 00:00:00,RECV-01,WH1,1.30000,213218,,"Кабель ВВГЭнг(А)-LS 4х1,5 - 1кВ",100.00000,NEW Кабель и провод нест,CNT02573046,,0,50.00000,М,2026-03-20 00:00:00,EKS000005862,СП,ZX-09-21-B-10,WH1,20.80000,КГ,1.30000,,,,,,,0.00000,0.00000,a.manokhin,Пакет интерфейса поставки:c9d808d7-3fb4-41d0-9260-3217aa744ef7,2026-03-24 13:35:02,321254,1997189,2566869,0,ЭКС,,3845984,,,,Годен,,,,
2532335,320763,New,End,,,2566871,,1.00000,ШТ,СМ,,RECV-01,WH1,25.50000,461329,,Cтабилизатор  VOLTRON -10 000  ЭНЕРГИЯ Voltron (5%),43.50000,NEW Заказной товар,,,0,1.00000,ШТ,2026-03-24 00:00:00,EKS000005864,СП,ME-120-08-B-30,WH1,18.60000,КГ,34.50000,,,,,,,0.00000,0.00000,a.manokhin,Пакет интерфейса поставки:024fc427-20b3-4990-b29d-17f145e359a8,2026-03-24 13:37:14,321256,1997192,2566871,0,ЭКС,,3845990,,,,Годен,,,,
2532336,320764,New,End,,,2566873,,1.00000,ШТ,СМ,,RECV-01,WH1,28.00000,460630,,Лестница-трансформер (четырехсекционная) алюминиевая 4x3 ступени (Сибртех),95.00000,NEW Заказной товар,,,0,1.00000,ШТ,2026-03-24 00:00:00,EKS000005865,СП,ZX-16-34-C-18,WH1,12.00000,КГ,28.00000,,,,,,,0.00000,0.00000,a.manokhin,Пакет интерфейса поставки:3e85d7ae-87fc-4c06-ac86-ef02070510bb,2026-03-24 13:39:25,321257,1997193,2566873,0,ЭКС,,3845992,,,,Годен,,,,
2532337,320764,New,End,,,2566874,,1.00000,ШТ,СМ,,RECV-01,WH1,11.00000,520522,,"Пистолет пескоструйный с нижним бачком, пневматический. MATRIX",25.00000,NEW Заказной товар,,,0,1.00000,ШТ,2026-03-24 00:00:00,EKS000005865,СП,ME-224-03-D-20,WH1,0.77000,КГ,19.00000,,,,,,,0.00000,0.00000,a.manokhin,Пакет интерфейса поставки:3e85d7ae-87fc-4c06-ac86-ef02070510bb,2026-03-24 13:39:25,321257,1997196,2566874,0,ЭКС,,3845994,,,,Годен,,,,
2532338,320764,New,End,,,2566875,,2.00000,ШТ,СМ,,RECV-01,WH1,4.00000,492479,,"Сверло ступенчатое, 4-6-8-10-12-14-16-18-20-22-24-26-28-30-32 мм, HSS, трехгранный хвостовик Matrix",17.00000,NEW Заказной товар,,,0,2.00000,ШТ,2026-03-24 00:00:00,EKS000005865,СП,ME-103-03-C-40,WH1,0.34000,КГ,9.00000,,,,,,,0.00000,0.00000,a.manokhin,Пакет интерфейса поставки:3e85d7ae-87fc-4c06-ac86-ef02070510bb,2026-03-24 13:39:25,321257,1997197,2566875,0,ЭКС,,3845995,,,,Годен,,,,
2532339,320764,New,End,,,2566876,,5.00000,УП,СМ,,RECV-01,WH1,2.00000,535936,,"Набор торцевых головок, 1/4, головки 4-13 мм, с трещоточным ключом, CrV, 11 предметов Stels",24.00000,NEW Заказной товар,,,0,5.00000,УП,2026-03-24 00:00:00,EKS000005865,СП,ME-103-04-K-20,WH1,1.50000,КГ,7.00000,,,,,,,0.00000,0.00000,a.manokhin,Пакет интерфейса поставки:3e85d7ae-87fc-4c06-ac86-ef02070510bb,2026-03-24 13:39:25,321257,1997195,2566876,0,ЭКС,,3845996,,,,Годен,,,,
2532340,320764,New,End,,,2566877,,1.00000,ШТ,СМ,,RECV-01,WH1,2.00000,460083,,Автоматический стриппер для проводов 0.2-6 мм (Сибртех),26.00000,NEW Заказной товар,,,0,1.00000,ШТ,2026-03-24 00:00:00,EKS000005865,СП,ME-103-06-A-20,WH1,0.35000,КГ,12.00000,,,,,,,0.00000,0.00000,a.manokhin,Пакет интерфейса поставки:3e85d7ae-87fc-4c06-ac86-ef02070510bb,2026-03-24 13:39:25,321257,1997194,2566877,0,ЭКС,,3845998,,,,Годен,,,,
2532341,320765,New,End,,,2566870,,2.00000,ШТ,СМ,,RECV-01,WH1,15.00000,720578,,АКБ Энергия GPL 12-55,28.00000,NEW Заказной товар,,,0,2.00000,ШТ,2026-03-24 00:00:00,EKS000005863,СП,ME-103-08-C-10,WH1,35.60000,КГ,25.00000,,,,,,,0.00000,0.00000,a.manokhin,Пакет интерфейса поставки:52429bd9-699c-4a12-a01a-32d524ec4cc1,2026-03-24 13:41:05,321255,1997190,2566870,0,ЭКС,,3845989,,,,Годен,,,,
2532342,320765,New,End,,,2566872,,1.00000,ШТ,СМ,,RECV-01,WH1,30.00000,297835,,ИБП Pro-3400 24V Энергия,62.00000,NEW Заказной товар,,,0,1.00000,ШТ,2026-03-24 00:00:00,EKS000005863,СП,ME-207-02-D-40,WH1,15.00000,КГ,30.00000,,,,,,,0.00000,0.00000,a.manokhin,Пакет интерфейса поставки:52429bd9-699c-4a12-a01a-32d524ec4cc1,2026-03-24 13:41:05,321255,1997191,2566872,0,ЭКС,,3845991,,,,Годен,,,,
2532343,320766,New,End,,,2566950,,10.00000,ШТ,СМ,,RECV-01,WH1,2.50000,315248,,Светильник LED SPO-5-40-6K-M (F) 36Вт 3600Лм 6500К IP40 1200x75x25 мат. сталь-бел ЭРА,120.00000,NEW Класс A,,,0,10.00000,ШТ,2026-03-24 00:00:00,EKS000005877,СП,ZX-03-24-B-20,WH1,4.40000,КГ,7.00000,,,,,,,0.00000,0.00000,a.manokhin,Пакет интерфейса поставки:45dbb752-bcf8-4a13-b33c-c4b99d7e3e60,2026-03-24 14:01:09,321269,1997290,2566950,0,ЭКС,,3846090,,,,Годен,,,,
2532344,320767,New,End,,,2566942,,15.00000,КР,СМ,,RECV-01,WH1,17.00000,315248,,Светильник LED SPO-5-40-6K-M (F) 36Вт 3600Лм 6500К IP40 1200x75x25 мат. сталь-бел ЭРА,120.00000,NEW Класс A,,,0,300.00000,ШТ,2026-03-24 00:00:00,EKS000005878,СП,ZX-03-24-B-20,WH1,140.55000,КГ,27.00000,,,,,,,0.00000,0.00000,a.manokhin,Пакет интерфейса поставки:b7d7a092-619b-4bff-9cfa-53093c16f05a,2026-03-24 14:15:25,321270,1997292,2566942,0,ЭКС,,3846082,,,,Годен,,,,
2532345,320767,New,End,,,2566953,,1.00000,ШТ,СМ,,RECV-01,WH1,30.00000,469258,,"ЭРА SPP-AC4-0-350-048 Кронштейн  на опору с 2 хомутами 625x460x280,   d 48 (6/48)",70.00000,NEW Заказной товар,,,0,1.00000,ШТ,2026-03-24 00:00:00,EKS000005878,СП,ME-125-06-A-40,WH1,3.00000,КГ,30.00000,,,,,,,0.00000,0.00000,a.manokhin,Пакет интерфейса поставки:b7d7a092-619b-4bff-9cfa-53093c16f05a,2026-03-24 14:15:25,321270,1997291,2566953,0,ЭКС,,3846093,,,,Годен,,,,
2532346,320769,New,End,,,2566899,,2.00000,ШТ,СМ,,RECV-01,WH1,29.00000,675655,,Корпус навес (1000х650х285) ЩМПг-5-0 IP54 У2,100.00000,NEW Заказной товар,,,0,2.00000,ШТ,2026-03-24 00:00:00,EKS000005875,СП,ZX-14-29-A-10,WH1,40.00000,КГ,66.00000,,,,,,,0.00000,0.00000,a.manokhin,Пакет интерфейса поставки:c01b9d5f-fdc6-4630-8af0-05a1a044f388,2026-03-24 14:23:16,321267,1997286,2566899,0,ЭКС,,3846035,,,,Годен,,,,
2532347,320769,New,End,,,2566904,,10.00000,ШТ,СМ,,RECV-01,WH1,4.00000,664178,,Распределительный блок на DIN-рейку NO-122-39 РБД-80А,7.00000,NEW Заказной товар,,,0,10.00000,ШТ,2026-03-24 00:00:00,EKS000005875,СП,ME-103-08-I-30,WH1,1.00000,КГ,5.00000,,,,,,,0.00000,0.00000,a.manokhin,Пакет интерфейса поставки:c01b9d5f-fdc6-4630-8af0-05a1a044f388,2026-03-24 14:23:16,321267,1997287,2566904,0,ЭКС,,3846041,,,,Годен,,,,
2532348,320768,New,End,,,2566907,,8.00000,ШТ,СМ,,RECV-01,WH1,4.00000,308976,,"Розетка 2P+E IP54, 16АХ-250В, ОУ, ЭРА Эксперт, белый   11-2401-01",7.00000,NEW Заказной товар,,,0,8.00000,ШТ,2026-03-24 00:00:00,EKS000005874,СП,ME-104-03-I-40,WH1,0.48000,КГ,6.00000,,,,,,,0.00000,0.00000,a.manokhin,Пакет интерфейса поставки:c01b9d5f-fdc6-4630-8af0-05a1a044f388,2026-03-24 14:23:07,321266,1997285,2566907,0,ЭКС,,3846044,,,,Годен,,,,
2532349,320770,New,End,,,2566897,,4.00000,ШТ,СМ,,RECV-01,WH1,23.00000,625042,,Корпус навес (500х400х220) ЩМПг-2-0 IP54 У2,50.00000,NEW Заказной товар,,,0,4.00000,ШТ,2026-03-24 00:00:00,EKS000005876,СП,ZX-17-24-B-18,WH1,32.00000,КГ,40.00000,,,,,,,0.00000,0.00000,a.manokhin,Пакет интерфейса поставки:6673ab77-9aa3-4952-a7a8-10f7758b246b,2026-03-24 14:25:05,321268,1997288,2566897,0,ЭКС,,3846033,,,,Годен,,,,
2532350,320770,New,End,,,2566905,,10.00000,ШТ,СМ,,RECV-01,WH1,3.00000,407367,,Вилка б/з прямая 10A белая (24/480/5760) Vx1-W ЭРА,6.00000,NEW Заказной товар,,,0,10.00000,ШТ,2026-03-24 00:00:00,EKS000005876,СП,ME-104-02-L-20,WH1,4.00000,КГ,3.00000,,,,,,,0.00000,0.00000,a.manokhin,Пакет интерфейса поставки:6673ab77-9aa3-4952-a7a8-10f7758b246b,2026-03-24 14:25:05,321268,1997289,2566905,0,ЭКС,,3846042,,,,Годен,,,,
2532351,320771,New,End,,,2566984,,3.00000,ШТ,СМ,,RECV-01,WH1,28.00000,864926,,"Пункт распределительный ПР-8-РУ(ЩРН-1, ЩРН-2, ЩРН-3)",82.00000,NEW Заказной товар,,,0,3.00000,ШТ,2026-03-24 00:00:00,EKS000005880,СП,ZX-14-27-C-20,WH1,90.00000,КГ,74.00000,,,,,,,0.00000,0.00000,a.manokhin,Пакет интерфейса поставки:40e789b4-7524-41aa-806d-da7fe44ad1ea,2026-03-24 14:31:13,321272,1997295,2566984,0,ЭКС,,3846136,,,,Годен,,,,
2532352,320771,New,End,,,2566988,,2.00000,ШТ,СМ,,RECV-01,WH1,32.00000,864927,,"Пункт распределительный ПР-8-ВР(ЩРУН-1, ЩРУН-2)",130.00000,NEW Длинные ЭЛО < 2 м,,,0,2.00000,ШТ,2026-03-24 00:00:00,EKS000005880,СП,ZX-13-26-A-20,WH1,120.00000,КГ,80.00000,,,,,,,0.00000,0.00000,a.manokhin,Пакет интерфейса поставки:40e789b4-7524-41aa-806d-da7fe44ad1ea,2026-03-24 14:31:13,321272,1997294,2566988,0,ЭКС,,3846144,,,,Годен,,,,
2532353,320772,New,End,,,2566881,,8.00000,КР,СМ,,RECV-01,WH1,13.00000,833698,,Наконечник медь ТМ 185-16-21 PLEXUP,38.00000,NEW Класс C,,,0,560.00000,ШТ,2026-03-20 00:00:00,EKS000005870,СП,ZX-15-15-B-18,WH1,76.80000,КГ,29.00000,,,,,,,0.00000,0.00000,a.manokhin,Пакет интерфейса поставки:8d9dcb1b-158a-423f-9b48-67c6f533df64,2026-03-24 14:33:29,321262,1997279,2566881,0,ЭКС,,3846012,,,,Годен,,,,
2532354,320772,New,End,,,2566882,,3.00000,КР,СМ,,RECV-01,WH1,13.00000,749478,,Наконечник медь ТМ  50-10-11 PLEXUP,38.00000,NEW Класс C,,,0,1200.00000,ШТ,2026-03-20 00:00:00,EKS000005870,СП,ME-115-08-C-10,WH1,37.80000,КГ,29.00000,,,,,,,0.00000,0.00000,a.manokhin,Пакет интерфейса поставки:8d9dcb1b-158a-423f-9b48-67c6f533df64,2026-03-24 14:33:29,321262,1997278,2566882,0,ЭКС,,3846013,,,,Годен,,,,
2532355,320772,New,End,,,2566883,,4.00000,КР,СМ,,RECV-01,WH1,13.50000,755581,,Наконечник медь лужёный ТМЛ  95-12-15 PLEXUP,38.00000,NEW Класс C,,,0,800.00000,ШТ,2026-03-20 00:00:00,EKS000005870,СП,ME-124-02-A-10,WH1,41.48000,КГ,29.00000,,,,,,,0.00000,0.00000,a.manokhin,Пакет интерфейса поставки:8d9dcb1b-158a-423f-9b48-67c6f533df64,2026-03-24 14:33:29,321262,1997276,2566883,0,ЭКС,,3846014,,,,Годен,,,,
2532356,320772,New,End,,,2566884,,1.00000,КР,СМ,,RECV-01,WH1,13.00000,749489,,Наконечник медь лужёный ТМЛ  10-6-5 PLEXUP,38.00000,NEW Класс C,,,0,1300.00000,ШТ,2026-03-20 00:00:00,EKS000005870,СП,ME-120-04-D-20,WH1,6.00000,КГ,29.00000,,,,,,,0.00000,0.00000,a.manokhin,Пакет интерфейса поставки:8d9dcb1b-158a-423f-9b48-67c6f533df64,2026-03-24 14:33:29,321262,1997277,2566884,0,ЭКС,,3846015,,,,Годен,,,,
2532357,320773,New,End,,,2566885,,13.00000,ШТ,СМ,,RECV-01,WH1,14.00000,304617,,Светильник ДСП 4006 200Вт 6500К IP65 алюминий IEK,40.00000,NEW Заказной товар,,,0,13.00000,ШТ,2026-03-24 00:00:00,EKS000005867,СП,ZX-16-21-A-10,WH1,73.71000,КГ,40.00000,,,,,,,0.00000,0.00000,a.savitskiy,Пакет интерфейса поставки:87ea8eb4-1989-4004-a9a6-02393a754d1b,2026-03-24 14:39:13,321259,1997242,2566885,0,ЭКС,,3846017,,,,Годен,,,,
2532358,320773,New,End,,,2566886,,6.00000,ШТ,СМ,,RECV-01,WH1,7.00000,269300,,Светильник LED ДСП 1306 36Вт 4000К IP65 1200мм серый пластик ИЭК,120.00000,NEW Заказной товар,,,0,6.00000,ШТ,2026-03-24 00:00:00,EKS000005867,СП,ZX-15-34-B-18,WH1,8.16000,КГ,8.00000,,,,,,,0.00000,0.00000,n.bezrukov,Пакет интерфейса поставки:87ea8eb4-1989-4004-a9a6-02393a754d1b,2026-03-24 14:39:13,321259,1997244,2566886,0,ЭКС,,3846018,,,,Годен,,,,
2532359,320773,New,End,,,2566888,,1.00000,КР,СМ,,RECV-01,WH1,47.00000,239219,,"Розетка 1-ая c з/к с защ.шт. с крышкой(РАМКА НЕ СНИМАЕТСЯ) 16А Кварта,IP44 белый РСбш10-3-ККБ-44",45.00000,NEW Заказной товар,,,0,160.00000,ШТ,2026-03-24 00:00:00,EKS000005867,СП,ZX-16-28-B-10,WH1,3.00000,КГ,35.00000,,,,,,,0.00000,0.00000,a.savitskiy,Пакет интерфейса поставки:87ea8eb4-1989-4004-a9a6-02393a754d1b,2026-03-24 14:39:13,321259,1997245,2566888,0,ЭКС,,3846021,,,,Годен,,,,
2532360,320773,New,End,,,2566889,,1.00000,ШТ,СМ,,RECV-01,WH1,17.00000,809168,,Корпус навес метал ЩРН-120 (2х60) 835х570х140 IP31 бел IEK,86.00000,NEW Заказной товар,,,0,1.00000,ШТ,2026-03-24 00:00:00,EKS000005867,СП,ZX-16-36-C-15,WH1,14.80000,КГ,64.00000,,,,,,,0.00000,0.00000,n.bezrukov,Пакет интерфейса поставки:87ea8eb4-1989-4004-a9a6-02393a754d1b,2026-03-24 14:39:13,321259,1997250,2566889,0,ЭКС,,3846022,,,,Годен,,,,
2532361,320773,New,End,,,2566894,,3.00000,ПЧ,СМ,,RECV-01,WH1,10.00000,761432,,Розетка  с ЗК без  з/шт винт. кон. 16А FP416 ваниль    //  IEK FORTE PIANO,26.00000,NEW Заказной товар,,,0,30.00000,ШТ,2026-03-24 00:00:00,EKS000005867,СП,ME-225-01-B-30,WH1,3.00000,КГ,20.00000,,,,,,,0.00000,0.00000,a.savitskiy,Пакет интерфейса поставки:87ea8eb4-1989-4004-a9a6-02393a754d1b,2026-03-24 14:39:13,321259,1997256,2566894,0,ЭКС,,3846030,,,,Годен,,,,
2532362,320773,New,End,,,2566898,,1.00000,ШТ,СМ,,RECV-01,WH1,5.00000,761512,,Выключател 2кл  прох. 10А FP407 ваниль    //  IEK FORTE PIANO,9.50000,NEW Заказной товар,,,0,1.00000,ШТ,2026-03-24 00:00:00,EKS000005867,СП,ME-102-08-J-20,WH1,0.14000,КГ,9.50000,,,,,,,0.00000,0.00000,a.savitskiy,Пакет интерфейса поставки:87ea8eb4-1989-4004-a9a6-02393a754d1b,2026-03-24 14:39:13,321259,1997251,2566898,0,ЭКС,,3846034,,,,Годен,,,,
2532363,320773,New,End,,,2566900,,1.00000,ШТ,СМ,,RECV-01,WH1,5.00000,761497,,Выключател 1кл  перекр. 10А FP412 ваниль    //  IEK FORTE PIANO,9.00000,NEW Заказной товар,,,0,1.00000,ШТ,2026-03-24 00:00:00,EKS000005867,СП,ME-103-04-E-20,WH1,0.13000,КГ,9.00000,,,,,,,0.00000,0.00000,a.savitskiy,Пакет интерфейса поставки:87ea8eb4-1989-4004-a9a6-02393a754d1b,2026-03-24 14:39:13,321259,1997253,2566900,0,ЭКС,,3846036,,,,Годен,,,,
2532364,320773,New,End,,,2566902,,1.00000,ШТ,СМ,,RECV-01,WH1,3.00000,576050,,BRITE Роз. комп. 2-ая RJ45 кат.5E РК10-2-БрБ бел. IEK,8.00000,NEW Заказной товар,,,0,1.00000,ШТ,2026-03-24 00:00:00,EKS000005867,СП,ME-103-07-F-20,WH1,0.03000,КГ,8.00000,,,,,,,0.00000,0.00000,a.savitskiy,Пакет интерфейса поставки:87ea8eb4-1989-4004-a9a6-02393a754d1b,2026-03-24 14:39:13,321259,1997239,2566902,0,ЭКС,,3846039,,,,Годен,,,,
2532365,320773,New,End,,,2566903,,1.00000,ПЧ,СМ,,RECV-01,WH1,9.00000,677264,,IEK Светильник накладной под лампу GX53 белый,20.00000,NEW Заказной товар,,,0,10.00000,ШТ,2026-03-24 00:00:00,EKS000005867,СП,ME-106-07-A-20,WH1,0.10000,КГ,18.00000,,,,,,,0.00000,0.00000,a.savitskiy,Пакет интерфейса поставки:87ea8eb4-1989-4004-a9a6-02393a754d1b,2026-03-24 14:39:13,321259,1997258,2566903,0,ЭКС,,3846040,,,,Годен,,,,
2532366,320773,New,End,,,2566909,,9.00000,КТ,СМ,,RECV-01,WH1,2.00000,626314,,Расширитель выводов РВ-250 для ВА88-35 (3шт/компл) IEK,8.00000,NEW Заказной товар,,,0,9.00000,КТ,2026-03-24 00:00:00,EKS000005867,СП,ME-104-03-L-40,WH1,1.80000,КГ,5.00000,,,,,,,0.00000,0.00000,a.savitskiy,Пакет интерфейса поставки:87ea8eb4-1989-4004-a9a6-02393a754d1b,2026-03-24 14:39:13,321259,1997234,2566909,0,ЭКС,,3846046,,,,Годен,,,,
2532367,320773,New,End,,,2566911,,4.00000,КТ,СМ,,RECV-01,WH1,2.00000,664015,,IEK Расширитель выводов РВ-400 для ВА88-37 (3шт/компл),6.50000,NEW Заказной товар,,,0,4.00000,КТ,2026-03-24 00:00:00,EKS000005867,СП,ME-201-02-A-40,WH1,2.00000,КГ,2.50000,,,,,,,0.00000,0.00000,a.savitskiy,Пакет интерфейса поставки:87ea8eb4-1989-4004-a9a6-02393a754d1b,2026-03-24 14:39:13,321259,1997232,2566911,0,ЭКС,,3846048,,,,Годен,,,,
2532368,320773,New,End,,,2566912,,3.00000,ШТ,СМ,,RECV-01,WH1,6.00000,670651,,Шины на DIN-рейку в корпусе (кросс-модуль) ШНК 2х11 L+PEN IEK,11.00000,NEW Заказной товар,,,0,3.00000,ШТ,2026-03-24 00:00:00,EKS000005867,СП,ME-206-05-G-20,WH1,0.60000,КГ,5.00000,,,,,,,0.00000,0.00000,a.savitskiy,Пакет интерфейса поставки:87ea8eb4-1989-4004-a9a6-02393a754d1b,2026-03-24 14:39:13,321259,1997259,2566912,0,ЭКС,,3846050,,,,Годен,,,,
2532369,320773,New,End,,,2566914,,1.00000,ШТ,СМ,,RECV-01,WH1,3.50000,144973,,Светильник LED подвесной ИЭК односторонний серия ССА 1002 Запасный Выход,39.00000,NEW Заказной товар,,,0,1.00000,ШТ,2026-03-24 00:00:00,EKS000005867,СП,ME-107-05-B-40,WH1,0.55000,КГ,18.00000,,,,,,,0.00000,0.00000,a.savitskiy,Пакет интерфейса поставки:87ea8eb4-1989-4004-a9a6-02393a754d1b,2026-03-24 14:39:13,321259,1997235,2566914,0,ЭКС,,3846052,,,,Годен,,,,
2532370,320773,New,End,,,2566915,,2.00000,ШТ,СМ,,RECV-01,WH1,8.75000,6735,,"Выключатель авт. ВА47-29 3п    4А  х-ка C   4,5кА  MVA20-3-004-C  ИЭК",8.50000,NEW Заказной товар,,,0,2.00000,ШТ,2026-03-24 00:00:00,EKS000005867,СП,ME-201-02-L-20,WH1,0.62400,КГ,5.50000,,,,,,,0.00000,0.00000,a.savitskiy,Пакет интерфейса поставки:87ea8eb4-1989-4004-a9a6-02393a754d1b,2026-03-24 14:39:13,321259,1997238,2566915,0,ЭКС,,3846053,,,,Годен,,,,
2532371,320773,New,End,,,2566917,,6.00000,ШТ,СМ,,RECV-01,WH1,1.50000,296116,,"ITK Коммутационный шнур (патч-корд), кат.5Е UTP, LSZH, 1,5м, серый",17.00000,NEW Заказной товар,,,0,6.00000,ШТ,2026-03-24 00:00:00,EKS000005867,СП,ME-113-08-D-20,WH1,0.36000,КГ,17.00000,,,,,,,0.00000,0.00000,a.savitskiy,Пакет интерфейса поставки:87ea8eb4-1989-4004-a9a6-02393a754d1b,2026-03-24 14:39:13,321259,1997243,2566917,0,ЭКС,,3846055,,,,Годен,,,,
2532372,320773,New,End,,,2566919,,8.00000,ШТ,СМ,,RECV-01,WH1,5.00000,761432,,Розетка  с ЗК без  з/шт винт. кон. 16А FP416 ваниль    //  IEK FORTE PIANO,9.00000,NEW Заказной товар,,,0,8.00000,ШТ,2026-03-24 00:00:00,EKS000005867,СП,ME-225-01-B-30,WH1,0.80000,КГ,9.00000,,,,,,,0.00000,0.00000,a.savitskiy,Пакет интерфейса поставки:87ea8eb4-1989-4004-a9a6-02393a754d1b,2026-03-24 14:39:13,321259,1997256,2566919,0,ЭКС,,3846059,,,,Годен,,,,
2532373,320773,New,End,,,2566922,,6.00000,ШТ,СМ,,RECV-01,WH1,5.00000,761477,,Выключател 1кл  10А FP401 ваниль    //  IEK FORTE PIANO,9.00000,NEW Заказной товар,,,0,6.00000,ШТ,2026-03-24 00:00:00,EKS000005867,СП,ME-201-03-E-50,WH1,0.60000,КГ,9.00000,,,,,,,0.00000,0.00000,a.savitskiy,Пакет интерфейса поставки:87ea8eb4-1989-4004-a9a6-02393a754d1b,2026-03-24 14:39:13,321259,1997255,2566922,0,ЭКС,,3846062,,,,Годен,,,,
2532374,320773,New,End,,,2566927,,5.00000,ШТ,СМ,,RECV-01,WH1,5.00000,761502,,Выключател 2кл  10А FP405 ваниль    //  IEK FORTE PIANO,9.00000,NEW Заказной товар,,,0,5.00000,ШТ,2026-03-24 00:00:00,EKS000005867,СП,ME-201-05-K-30,WH1,0.50000,КГ,9.00000,,,,,,,0.00000,0.00000,a.savitskiy,Пакет интерфейса поставки:87ea8eb4-1989-4004-a9a6-02393a754d1b,2026-03-24 14:39:13,321259,1997252,2566927,0,ЭКС,,3846067,,,,Годен,,,,
2532375,320773,New,End,,,2566939,,9.00000,ШТ,СМ,,RECV-01,WH1,17.00000,307643,,Светильник LED ДПО 5030 12Вт 4000K IP65 круг белый IEK,17.00000,NEW Заказной товар,,,0,9.00000,ШТ,2026-03-24 00:00:00,EKS000005867,СП,ME-122-08-C-40,WH1,2.88000,КГ,8.00000,,,,,,,0.00000,0.00000,a.savitskiy,Пакет интерфейса поставки:87ea8eb4-1989-4004-a9a6-02393a754d1b,2026-03-24 14:39:13,321259,1997241,2566939,0,ЭКС,,3846079,,,,Годен,,,,
2532376,320773,New,End,,,2566943,,1.00000,ПЧ,СМ,,RECV-01,WH1,5.00000,633009,,IEK GENERICA Лампа LED A60 груша 12Вт 230В 3000К E27,30.00000,NEW Заказной товар,,,0,10.00000,ШТ,2026-03-24 00:00:00,EKS000005867,СП,ME-125-03-B-30,WH1,0.34000,КГ,20.00000,,,,,,,0.00000,0.00000,a.savitskiy,Пакет интерфейса поставки:87ea8eb4-1989-4004-a9a6-02393a754d1b,2026-03-24 14:39:13,321259,1997233,2566943,0,ЭКС,,3846083,,,,Годен,,,,
2532377,320773,New,End,,,2566944,,1.00000,УП,СМ,,RECV-01,WH1,1.00000,124207,,"Хомут 3,6х150мм нейлон (100шт) ИЭК",22.00000,NEW Заказной товар,,,0,1.00000,УП,2026-03-24 00:00:00,EKS000005867,СП,ME-202-05-I-20,WH1,0.05000,КГ,9.00000,,,,,,,0.00000,0.00000,a.savitskiy,Пакет интерфейса поставки:87ea8eb4-1989-4004-a9a6-02393a754d1b,2026-03-24 14:39:13,321259,1997236,2566944,0,ЭКС,,3846084,,,,Годен,,,,
2532378,320773,New,End,,,2566946,,1.00000,УП,СМ,,RECV-01,WH1,1.60000,14705,,Наконечник-гильза Е1008 1мм (100 шт) ИЭК,3.60000,NEW Заказной товар,,,0,1.00000,УП,2026-03-24 00:00:00,EKS000005867,СП,ME-202-06-E-20,WH1,0.01200,КГ,6.00000,,,,,,,0.00000,0.00000,a.savitskiy,Пакет интерфейса поставки:87ea8eb4-1989-4004-a9a6-02393a754d1b,2026-03-24 14:39:13,321259,1997237,2566946,0,ЭКС,,3846086,,,,Годен,,,,
2532379,320773,New,End,,,2566948,,6.00000,ШТ,СМ,,RECV-01,WH1,16.00000,313777,,Светильник LED ДПО 5032Д 12Вт 960лм 4000K круг белый с датчиком движения IP65 ИЭК 178х80мм,17.00000,NEW Заказной товар,,,0,6.00000,ШТ,2026-03-24 00:00:00,EKS000005867,СП,ME-125-05-B-20,WH1,0.60000,КГ,7.00000,,,,,,,0.00000,0.00000,a.savitskiy,Пакет интерфейса поставки:87ea8eb4-1989-4004-a9a6-02393a754d1b,2026-03-24 14:39:13,321259,1997240,2566948,0,ЭКС,,3846088,,,,Годен,,,,
2532380,320773,New,End,,,2566951,,3.00000,ШТ,СМ,,RECV-01,WH1,17.00000,307643,,Светильник LED ДПО 5030 12Вт 4000K IP65 круг белый IEK,17.00000,NEW Заказной товар,,,0,3.00000,ШТ,2026-03-24 00:00:00,EKS000005867,СП,ME-122-08-C-40,WH1,0.96000,КГ,8.00000,,,,,,,0.00000,0.00000,a.savitskiy,Пакет интерфейса поставки:87ea8eb4-1989-4004-a9a6-02393a754d1b,2026-03-24 14:39:13,321259,1997241,2566951,0,ЭКС,,3846091,,,,Годен,,,,
2532381,320773,New,End,,,2566955,,7.00000,ШТ,СМ,,RECV-01,WH1,5.00000,761487,,Выключател 1кл  прох. 10А FP403 ваниль    //  IEK FORTE PIANO,9.50000,NEW Заказной товар,,,0,7.00000,ШТ,2026-03-24 00:00:00,EKS000005867,СП,ME-203-02-J-50,WH1,0.98000,КГ,9.50000,,,,,,,0.00000,0.00000,a.savitskiy,Пакет интерфейса поставки:87ea8eb4-1989-4004-a9a6-02393a754d1b,2026-03-24 14:39:13,321259,1997254,2566955,0,ЭКС,,3846095,,,,Годен,,,,
2532382,320773,New,End,,,2566965,,25.00000,ПЧ,СМ,,RECV-01,WH1,7.00000,164837,,Кронштейн настенный осн.300 мм. CLP1CW-300-1,32.00000,NEW Заказной товар,,,0,100.00000,ШТ,2026-03-24 00:00:00,EKS000005867,СП,ZX-16-24-B-15,WH1,50.00000,КГ,12.00000,,,,,,,0.00000,0.00000,a.savitskiy,Пакет интерфейса поставки:87ea8eb4-1989-4004-a9a6-02393a754d1b,2026-03-24 14:39:13,321259,1997248,2566965,0,ЭКС,,3846107,,,,Годен,,,,
2532383,320773,New,End,,,2566971,,3.00000,ШТ,СМ,,RECV-01,WH1,5.00000,761392,,Розетка  комп. RJ45 кат.5E FP432 ваниль    //  IEK FORTE PIANO,9.50000,NEW Заказной товар,,,0,3.00000,ШТ,2026-03-24 00:00:00,EKS000005867,СП,ME-205-02-G-30,WH1,0.36000,КГ,9.00000,,,,,,,0.00000,0.00000,a.savitskiy,Пакет интерфейса поставки:87ea8eb4-1989-4004-a9a6-02393a754d1b,2026-03-24 14:39:13,321259,1997257,2566971,0,ЭКС,,3846114,,,,Годен,,,,
2532384,320773,New,End,,,2566972,,2.00000,ШТ,СМ,,RECV-01,WH1,9.50000,858144,,Термостат электронный с индикатором FP452 ваниль FORTE&PIANO,9.50000,NEW Заказной товар,,,0,2.00000,ШТ,2026-03-24 00:00:00,EKS000005867,СП,ME-205-03-A-30,WH1,0.50000,КГ,9.50000,,,,,,,0.00000,0.00000,a.savitskiy,Пакет интерфейса поставки:87ea8eb4-1989-4004-a9a6-02393a754d1b,2026-03-24 14:39:13,321259,1997249,2566972,0,ЭКС,,3846115,,,,Годен,,,,
2532385,320773,New,End,,,2566980,,60.00000,М,СМ,,RECV-01,WH1,3.00000,175447,,Лоток проволочный 60х300 CLWG10-060-300-3,100.00000,NEW Длинные 3 м,,,0,60.00000,М,2026-03-24 00:00:00,EKS000005867,СП,ZX-13-26-C-10,WH1,54.00000,КГ,30.00000,,,,,,,0.00000,0.00000,n.bezrukov,Пакет интерфейса поставки:87ea8eb4-1989-4004-a9a6-02393a754d1b,2026-03-24 14:39:13,321259,1997247,2566980,0,ЭКС,,3846128,,,,Годен,,,,
2532386,320773,New,End,,,2566987,,2.00000,ШТ,СМ,,RECV-01,WH1,4.00000,191794,,Профиль перфорированный L-образный толщ.2мм CLP1L-030-030,300.00000,NEW Длинные 3 м,,,0,2.00000,ШТ,2026-03-24 00:00:00,EKS000005867,СП,ZX-20-27-C-18,WH1,3.00000,КГ,4.00000,,,,,,,0.00000,0.00000,n.bezrukov,Пакет интерфейса поставки:87ea8eb4-1989-4004-a9a6-02393a754d1b,2026-03-24 14:39:13,321259,1997246,2566987,0,ЭКС,,3846142,,,,Годен,,,,
2532387,320774,New,End,,,2566878,,30.00000,ШТ,СМ,,RECV-01,WH1,2.00000,359538,,"Чашка STAYER ""MASTER"" для гипса высокая, 120х90мм",12.00000,NEW Класс A,,,0,30.00000,ШТ,2026-03-24 00:00:00,EKS000005869,СП,ME-102-02-L-20,WH1,2.40000,КГ,12.00000,,,,,,,0.00000,0.00000,a.manokhin,Пакет интерфейса поставки:62f1f551-ba52-4d0b-8d3f-4883c7b1dcc9,2026-03-24 14:41:23,321261,1997275,2566878,0,ЭКС,,3846004,,,,Годен,,,,
2532388,320774,New,End,,,2566879,,1.00000,ШТ,СМ,,RECV-01,WH1,20.00000,836488,,"MS-5G, 5 предметов, универсальный набор пневмоинструмента (06459-H5)",41.00000,NEW Заказной товар,,,0,1.00000,ШТ,2026-03-24 00:00:00,EKS000005869,СП,ME-102-04-F-30,WH1,1.74000,КГ,12.00000,,,,,,,0.00000,0.00000,a.manokhin,Пакет интерфейса поставки:62f1f551-ba52-4d0b-8d3f-4883c7b1dcc9,2026-03-24 14:41:23,321261,1997273,2566879,0,ЭКС,,3846009,,,,Годен,,,,
2532389,320774,New,End,,,2566880,,1.00000,ШТ,СМ,,RECV-01,WH1,28.00000,525590,,"Заточной станок ЗУБР ПСТ-200 d200 мм, 500 Вт Профессиональный",36.00000,NEW Заказной товар,,,0,1.00000,ШТ,2026-03-24 00:00:00,EKS000005869,СП,ME-212-06-E-30,WH1,6.00000,КГ,26.00000,,,,,,,0.00000,0.00000,a.manokhin,Пакет интерфейса поставки:62f1f551-ba52-4d0b-8d3f-4883c7b1dcc9,2026-03-24 14:41:23,321261,1997274,2566880,0,ЭКС,,3846010,,,,Годен,,,,
2532390,320775,New,End,,,2566923,,2.00000,ШТ,СМ,,RECV-01,WH1,2.00000,404748,,"Выкл 1кл. с подсв., 10А-250В, IP20, ОУ, Intro Polo, белый   3-102-01",6.00000,NEW Заказной товар,,,0,2.00000,ШТ,2026-03-24 00:00:00,EKS000005872,СП,ME-201-03-F-40,WH1,0.08000,КГ,6.00000,,,,,,,0.00000,0.00000,a.manokhin,Пакет интерфейса поставки:aea6a94f-fd48-4851-87f4-ad10732dbb94,2026-03-24 14:43:10,321264,1997281,2566923,0,ЭКС,,3846063,,,,Годен,,,,
2532391,320775,New,End,,,2566925,,1.00000,ПЧ,СМ,,RECV-01,WH1,7.00000,404748,,"Выкл 1кл. с подсв., 10А-250В, IP20, ОУ, Intro Polo, белый   3-102-01",24.00000,NEW Заказной товар,,,0,18.00000,ШТ,2026-03-24 00:00:00,EKS000005872,СП,ME-114-02-C-30,WH1,0.75000,КГ,18.00000,,,,,,,0.00000,0.00000,a.manokhin,Пакет интерфейса поставки:aea6a94f-fd48-4851-87f4-ad10732dbb94,2026-03-24 14:43:10,321264,1997281,2566925,0,ЭКС,,3846065,,,,Годен,,,,
2532392,320776,New,End,,,2566901,,1.00000,КР,СМ,,RECV-01,WH1,18.00000,404226,,Светильник LED DBA-101-0-20 аварийный непостоянный 30LED 3Вт 3/5ч 70/140Лм 6500К IP20 160х45х23 ЭРА,30.00000,NEW Заказной товар,,,0,40.00000,ШТ,2026-03-24 00:00:00,EKS000005871,СП,ME-108-02-A-30,WH1,4.50000,КГ,19.40000,,,,,,,0.00000,0.00000,a.manokhin,Пакет интерфейса поставки:1f39ac14-7ea9-4845-b6d0-40a19e791224,2026-03-24 14:45:19,321263,1997280,2566901,0,ЭКС,,3846038,,,,Годен,,,,
2532393,320776,New,End,,,2566910,,19.00000,ШТ,СМ,,RECV-01,WH1,3.00000,404226,,Светильник LED DBA-101-0-20 аварийный непостоянный 30LED 3Вт 3/5ч 70/140Лм 6500К IP20 160х45х23 ЭРА,16.00000,NEW Заказной товар,,,0,19.00000,ШТ,2026-03-24 00:00:00,EKS000005871,СП,ME-201-01-I-20,WH1,10.45000,КГ,5.00000,,,,,,,0.00000,0.00000,a.manokhin,Пакет интерфейса поставки:1f39ac14-7ea9-4845-b6d0-40a19e791224,2026-03-24 14:45:19,321263,1997280,2566910,0,ЭКС,,3846047,,,,Годен,,,,
2532394,320777,New,End,,,2566887,,1.00000,ПЧ,СМ,,RECV-01,WH1,8.00000,280029,,Термоусаживаемая трубка ТТК 43/12 4:1 черная с клеем 1 м,102.00000,NEW Заказной товар,,,0,5.00000,М,2026-03-24 00:00:00,EKS000005866,СП,ZX-16-36-B-15,WH1,1.00000,КГ,20.00000,,,,,,,0.00000,0.00000,n.bezrukov,Пакет интерфейса поставки:066f73e0-5f98-40d3-9b86-e107b3d6208d,2026-03-24 14:49:34,321258,1997200,2566887,0,ЭКС,,3846020,,,,Годен,,,,
2532395,320777,New,End,,,2566890,,1.00000,ШТ,СМ,,RECV-01,WH1,12.00000,36871,,Корпус навес метал ЩРН-36з-0 74 36мод IP54 (540х330х120) ИЭК MKM11-N-36-54-Z,54.00000,NEW Заказной товар,,,0,1.00000,ШТ,2026-03-24 00:00:00,EKS000005866,СП,ME-105-03-A-30,WH1,7.80000,КГ,33.00000,,,,,,,0.00000,0.00000,n.bezrukov,Пакет интерфейса поставки:066f73e0-5f98-40d3-9b86-e107b3d6208d,2026-03-24 14:49:34,321258,1997204,2566890,0,ЭКС,,3846026,,,,Годен,,,,
2532396,320777,New,End,,,2566891,,1.00000,КР,СМ,,RECV-01,WH1,23.00000,220000,,"Розетка о/у 3х2К+З тройная с з/к 16А с дымчатой крышкой IP54, серия ""ГЕРМЕС PLUS"" РСб23-3-ГПБд",56.00000,NEW Класс C,,,0,40.00000,ШТ,2026-03-24 00:00:00,EKS000005866,СП,ME-105-06-A-20,WH1,16.20000,КГ,31.00000,,,,,,,0.00000,0.00000,n.bezrukov,Пакет интерфейса поставки:066f73e0-5f98-40d3-9b86-e107b3d6208d,2026-03-24 14:49:34,321258,1997208,2566891,0,ЭКС,,3846027,,,,Годен,,,,
2532397,320777,New,End,,,2566892,,1.00000,ШТ,СМ,,RECV-01,WH1,18.00000,690229,,Корпус навес метал ЩРн-60 (1х60) 835х310х140 IP54 сер,85.00000,NEW Заказной товар,,,0,1.00000,ШТ,2026-03-24 00:00:00,EKS000005866,СП,ZX-17-23-A-18,WH1,6.00000,КГ,33.00000,,,,,,,0.00000,0.00000,n.bezrukov,Пакет интерфейса поставки:066f73e0-5f98-40d3-9b86-e107b3d6208d,2026-03-24 14:49:34,321258,1997220,2566892,0,ЭКС,,3846028,,,,Годен,,,,
2532398,320777,New,End,,,2566893,,6.00000,ШТ,СМ,,RECV-01,WH1,25.00000,634304,,Корпус навес (800х600х250) ЩМП-80.60.25 УХЛ1 IP66,60.00000,NEW Заказной товар,,,0,6.00000,ШТ,2026-03-24 00:00:00,EKS000005866,СП,ZX-14-21-C-20,WH1,180.00000,КГ,80.00000,,,,,,,0.00000,0.00000,n.bezrukov,Пакет интерфейса поставки:066f73e0-5f98-40d3-9b86-e107b3d6208d,2026-03-24 14:49:34,321258,1997222,2566893,0,ЭКС,,3846029,,,,Годен,,,,
2532399,320777,New,End,,,2566895,,5.00000,ШТ,СМ,,RECV-01,WH1,16.50000,48842,,Корпус навес (500х400х150) ЩМП-2-1 36 с монт.пан. IP31 ИЭК YKM41-02-31,51.00000,NEW Заказной товар,,,0,5.00000,ШТ,2026-03-24 00:00:00,EKS000005866,СП,ZX-16-31-C-10,WH1,33.50000,КГ,40.00000,,,,,,,0.00000,0.00000,n.bezrukov,Пакет интерфейса поставки:066f73e0-5f98-40d3-9b86-e107b3d6208d,2026-03-24 14:49:34,321258,1997202,2566895,0,ЭКС,,3846031,,,,Годен,,,,
2532400,320777,New,End,,,2566896,,1.00000,КР,СМ,,RECV-01,WH1,38.00000,421959,,Корпус навесн. пласт. 1 ряд / 18 модулей ЩРН-П-18 IP41 GENERICA,50.00000,NEW Заказной товар,,,0,10.00000,ШТ,2026-03-24 00:00:00,EKS000005866,СП,ZX-10-01-B-15,WH1,11.00000,КГ,47.00000,,,,,,,0.00000,0.00000,n.bezrukov,Пакет интерфейса поставки:066f73e0-5f98-40d3-9b86-e107b3d6208d,2026-03-24 14:49:34,321258,1997229,2566896,0,ЭКС,,3846032,,,,Годен,,,,
2532401,320777,New,End,,,2566906,,1.00000,КР,СМ,,RECV-01,WH1,18.00000,186607,,Держатель горизонтальный VH300 ИЭК CLW10-VH-300,38.00000,NEW Заказной товар,,,0,20.00000,ШТ,2026-03-24 00:00:00,EKS000005866,СП,ME-104-03-F-40,WH1,6.00000,КГ,7.00000,,,,,,,0.00000,0.00000,n.bezrukov,Пакет интерфейса поставки:066f73e0-5f98-40d3-9b86-e107b3d6208d,2026-03-24 14:49:34,321258,1997210,2566906,0,ЭКС,,3846043,,,,Годен,,,,
2532402,320777,New,End,,,2566908,,3.00000,КР,СМ,,RECV-01,WH1,30.00000,424234,,Корпус навесн. пласт. 1 ряд / 12 модулей ЩРН-П-12 IP41 GENERICA,50.00000,NEW Заказной товар,,,0,30.00000,ШТ,2026-03-24 00:00:00,EKS000005866,СП,ZX-05-01-B-10,WH1,15.00000,КГ,40.00000,,,,,,,0.00000,0.00000,n.bezrukov,Пакет интерфейса поставки:066f73e0-5f98-40d3-9b86-e107b3d6208d,2026-03-24 14:49:34,321258,1997228,2566908,0,ЭКС,,3846045,,,,Годен,,,,
2532403,320777,New,End,,,2566913,,8.00000,ШТ,СМ,,RECV-01,WH1,2.50000,371496,,IEK Белый Светильник LED ДВО 1608 круг 18Вт 6500 IP20,26.00000,NEW Заказной товар,,,0,8.00000,ШТ,2026-03-24 00:00:00,EKS000005866,СП,ME-107-01-A-30,WH1,2.40000,КГ,23.00000,,,,,,,0.00000,0.00000,n.bezrukov,Пакет интерфейса поставки:066f73e0-5f98-40d3-9b86-e107b3d6208d,2026-03-24 14:49:34,321258,1997231,2566913,0,ЭКС,,3846051,,,,Годен,,,,
2532404,320777,New,End,,,2566916,,4.00000,ШТ,СМ,,RECV-01,WH1,24.00000,251649,,Прожектор СДО 07-100 светодиодный серый IP65 IEK,29.00000,NEW Заказной товар,,,0,4.00000,ШТ,2026-03-24 00:00:00,EKS000005866,СП,ME-109-05-A-30,WH1,7.20000,КГ,10.00000,,,,,,,0.00000,0.00000,n.bezrukov,Пакет интерфейса поставки:066f73e0-5f98-40d3-9b86-e107b3d6208d,2026-03-24 14:49:34,321258,1997205,2566916,0,ЭКС,,3846054,,,,Годен,,,,
2532405,320777,New,End,,,2566918,,20.00000,ШТ,СМ,,RECV-01,WH1,8.00000,122659,,Фотореле ФР-602 5500ВА IP44 серый IEK,10.00000,NEW Класс C,,,0,20.00000,ШТ,2026-03-24 00:00:00,EKS000005866,СП,ME-125-05-D-50,WH1,3.80000,КГ,10.00000,,,,,,,0.00000,0.00000,n.bezrukov,Пакет интерфейса поставки:066f73e0-5f98-40d3-9b86-e107b3d6208d,2026-03-24 14:49:34,321258,1997212,2566918,0,ЭКС,,3846058,,,,Годен,,,,
2532406,320777,New,End,,,2566920,,2.00000,ШТ,СМ,,RECV-01,WH1,2.50000,371496,,IEK Белый Светильник LED ДВО 1608 круг 18Вт 6500 IP20,26.00000,NEW Заказной товар,,,0,2.00000,ШТ,2026-03-24 00:00:00,EKS000005866,СП,ME-107-01-A-30,WH1,0.60000,КГ,23.00000,,,,,,,0.00000,0.00000,n.bezrukov,Пакет интерфейса поставки:066f73e0-5f98-40d3-9b86-e107b3d6208d,2026-03-24 14:49:34,321258,1997231,2566920,0,ЭКС,,3846060,,,,Годен,,,,
2532407,320777,New,End,,,2566921,,1.00000,ПЧ,СМ,,RECV-01,WH1,9.00000,239823,,Накладка на стык профиля 50х105 010696,12.00000,NEW Заказной товар,,,0,20.00000,ШТ,2026-03-24 00:00:00,EKS000005866,СП,ME-201-03-D-40,WH1,0.80000,КГ,8.00000,,,,,,,0.00000,0.00000,n.bezrukov,Пакет интерфейса поставки:066f73e0-5f98-40d3-9b86-e107b3d6208d,2026-03-24 14:49:34,321258,1997207,2566921,0,ЭКС,,3846061,,,,Годен,,,,
2532408,320777,New,End,,,2566924,,3.00000,ШТ,СМ,,RECV-01,WH1,10.50000,883043,,"Трансформатор тока ТТИ-А 250/5А 5ВА класс 0,5 МПИ08 IEK",12.50000,NEW Заказной товар,,,0,3.00000,ШТ,2026-03-24 00:00:00,EKS000005866,СП,ME-201-05-G-20,WH1,1.83000,КГ,9.00000,,,,,,,0.00000,0.00000,n.bezrukov,Пакет интерфейса поставки:066f73e0-5f98-40d3-9b86-e107b3d6208d,2026-03-24 14:49:34,321258,1997217,2566924,0,ЭКС,,3846064,,,,Годен,,,,
2532409,320777,New,End,,,2566926,,3.00000,ПЧ,СМ,,RECV-01,WH1,16.00000,220000,,"Розетка о/у 3х2К+З тройная с з/к 16А с дымчатой крышкой IP54, серия ""ГЕРМЕС PLUS"" РСб23-3-ГПБд",23.00000,NEW Класс C,,,0,12.00000,ШТ,2026-03-24 00:00:00,EKS000005866,СП,ME-105-06-A-20,WH1,4.80000,КГ,11.00000,,,,,,,0.00000,0.00000,n.bezrukov,Пакет интерфейса поставки:066f73e0-5f98-40d3-9b86-e107b3d6208d,2026-03-24 14:49:34,321258,1997208,2566926,0,ЭКС,,3846066,,,,Годен,,,,
2532410,320777,New,End,,,2566928,,1.00000,ПЧ,СМ,,RECV-01,WH1,9.00000,703088,,Устройство защиты от дугового пробоя c автоматическим выключателем 1P+N C 16A KARAT IEK,20.00000,NEW Заказной товар,,,0,5.00000,ШТ,2026-03-24 00:00:00,EKS000005866,СП,ME-201-05-K-40,WH1,1.06000,КГ,10.00000,,,,,,,0.00000,0.00000,n.bezrukov,Пакет интерфейса поставки:066f73e0-5f98-40d3-9b86-e107b3d6208d,2026-03-24 14:49:34,321258,1997219,2566928,0,ЭКС,,3846068,,,,Годен,,,,
2532411,320777,New,End,,,2566930,,1.00000,ПЧ,СМ,,RECV-01,WH1,10.00000,485579,,Кнопка LA167-BW3371 d=22мм RC 1з с подсвет. зеленая IEK,17.00000,NEW Класс C,,,0,10.00000,ШТ,2026-03-24 00:00:00,EKS000005866,СП,ME-201-06-E-50,WH1,1.00000,КГ,10.00000,,,,,,,0.00000,0.00000,n.bezrukov,Пакет интерфейса поставки:066f73e0-5f98-40d3-9b86-e107b3d6208d,2026-03-24 14:49:34,321258,1997226,2566930,0,ЭКС,,3846070,,,,Годен,,,,
2532412,320777,New,End,,,2566932,,10.00000,ШТ,СМ,,RECV-01,WH1,3.00000,471241,,Кнопка LA167-BAF45 d=22мм 1з+1р красная IEK,5.00000,NEW Класс C,,,0,10.00000,ШТ,2026-03-24 00:00:00,EKS000005866,СП,ME-205-05-L-40,WH1,1.50000,КГ,3.00000,,,,,,,0.00000,0.00000,n.bezrukov,Пакет интерфейса поставки:066f73e0-5f98-40d3-9b86-e107b3d6208d,2026-03-24 14:49:34,321258,1997227,2566932,0,ЭКС,,3846072,,,,Годен,,,,
2532413,320777,New,End,,,2566934,,2.00000,ШТ,СМ,,RECV-01,WH1,5.00000,627820,,ARMAT Контактор КМИ-А-23212 LC1D 32А 24В/АС3 1НО;1НЗ IEK,10.00000,NEW Заказной товар,,,0,2.00000,ШТ,2026-03-24 00:00:00,EKS000005866,СП,ME-202-02-E-50,WH1,0.40000,КГ,9.00000,,,,,,,0.00000,0.00000,n.bezrukov,Пакет интерфейса поставки:066f73e0-5f98-40d3-9b86-e107b3d6208d,2026-03-24 14:49:34,321258,1997223,2566934,0,ЭКС,,3846074,,,,Годен,,,,
2532414,320777,New,End,,,2566935,,1.00000,ШТ,СМ,,RECV-01,WH1,8.00000,367995,,Выключатель авт. диф. тока АВДТ 34 4п 20А  30мА  тип A  х-ка C  6кА MAD22-6-020-C-30  ИЭК,10.00000,NEW Заказной товар,,,0,1.00000,ШТ,2026-03-24 00:00:00,EKS000005866,СП,ME-202-02-I-40,WH1,0.32000,КГ,7.00000,,,,,,,0.00000,0.00000,n.bezrukov,Пакет интерфейса поставки:066f73e0-5f98-40d3-9b86-e107b3d6208d,2026-03-24 14:49:34,321258,1997198,2566935,0,ЭКС,,3846075,,,,Годен,,,,
2532415,320777,New,End,,,2566936,,1.00000,ШТ,СМ,,RECV-01,WH1,3.00000,703088,,Устройство защиты от дугового пробоя c автоматическим выключателем 1P+N C 16A KARAT IEK,8.00000,NEW Заказной товар,,,0,1.00000,ШТ,2026-03-24 00:00:00,EKS000005866,СП,ME-201-05-K-40,WH1,0.10000,КГ,7.00000,,,,,,,0.00000,0.00000,n.bezrukov,Пакет интерфейса поставки:066f73e0-5f98-40d3-9b86-e107b3d6208d,2026-03-24 14:49:34,321258,1997219,2566936,0,ЭКС,,3846076,,,,Годен,,,,
2532416,320777,New,End,,,2566937,,2.00000,ПЧ,СМ,,RECV-01,WH1,7.00000,284354,,Анкер латунный забивной М10 CLP1M-AL-10,9.00000,NEW Заказной товар,,,0,100.00000,ШТ,2026-03-24 00:00:00,EKS000005866,СП,ME-216-02-E-60,WH1,1.42000,КГ,8.00000,,,,,,,0.00000,0.00000,n.bezrukov,Пакет интерфейса поставки:066f73e0-5f98-40d3-9b86-e107b3d6208d,2026-03-24 14:49:34,321258,1997199,2566937,0,ЭКС,,3846077,,,,Годен,,,,
2532417,320777,New,End,,,2566938,,5.00000,ПЧ,СМ,,RECV-01,WH1,3.00000,216067,,Изолятор ступенчатый ИСв4-30 (М8) силовой с болтом ИЭК YIS11-4-30-8-B,23.00000,NEW Заказной товар,,,0,10.00000,ШТ,2026-03-24 00:00:00,EKS000005866,СП,ME-115-07-A-40,WH1,2.50000,КГ,14.00000,,,,,,,0.00000,0.00000,n.bezrukov,Пакет интерфейса поставки:066f73e0-5f98-40d3-9b86-e107b3d6208d,2026-03-24 14:49:34,321258,1997209,2566938,0,ЭКС,,3846078,,,,Годен,,,,
2532418,320777,New,End,,,2566940,,2.00000,ШТ,СМ,,RECV-01,WH1,3.00000,579682,,Выкл. конц. КВ-8108 регул. рычаг с пластик. роликом IP65 IEK,13.00000,NEW Заказной товар,,,0,2.00000,ШТ,2026-03-24 00:00:00,EKS000005866,СП,ME-202-04-G-20,WH1,0.20000,КГ,5.00000,,,,,,,0.00000,0.00000,n.bezrukov,Пакет интерфейса поставки:066f73e0-5f98-40d3-9b86-e107b3d6208d,2026-03-24 14:49:34,321258,1997224,2566940,0,ЭКС,,3846080,,,,Годен,,,,
2532419,320777,New,End,,,2566941,,5.00000,КР,СМ,,RECV-01,WH1,10.00000,245977,,Гильза ГМЛ-10 медная луженая соединительная IEK,18.00000,NEW Заказной товар,,,0,5000.00000,ШТ,2026-03-24 00:00:00,EKS000005866,СП,ME-125-01-C-30,WH1,19.00000,КГ,14.00000,,,,,,,0.00000,0.00000,n.bezrukov,Пакет интерфейса поставки:066f73e0-5f98-40d3-9b86-e107b3d6208d,2026-03-24 14:49:34,321258,1997206,2566941,0,ЭКС,,3846081,,,,Годен,,,,
2532420,320777,New,End,,,2566945,,30.00000,ШТ,СМ,,RECV-01,WH1,4.60000,152461,,Угол наружный 50х105  010619,12.00000,NEW Класс C,,,0,30.00000,ШТ,2026-03-24 00:00:00,EKS000005866,СП,ME-125-04-B-20,WH1,2.40000,КГ,20.00000,,,,,,,0.00000,0.00000,n.bezrukov,Пакет интерфейса поставки:066f73e0-5f98-40d3-9b86-e107b3d6208d,2026-03-24 14:49:34,321258,1997211,2566945,0,ЭКС,,3846085,,,,Годен,,,,
2532421,320777,New,End,,,2566947,,1.00000,ПЧ,СМ,,RECV-01,WH1,16.00000,91072,,Сальник d=20мм (Dотв.бокса 22мм) серый ИЭК YSA40-20-22-68-K41,27.00000,NEW Заказной товар,,,0,100.00000,ШТ,2026-03-24 00:00:00,EKS000005866,СП,ME-101-04-F-40,WH1,0.20000,КГ,5.00000,,,,,,,0.00000,0.00000,n.bezrukov,Пакет интерфейса поставки:066f73e0-5f98-40d3-9b86-e107b3d6208d,2026-03-24 14:49:34,321258,1997214,2566947,0,ЭКС,,3846087,,,,Годен,,,,
2532422,320777,New,End,,,2566949,,1.00000,ПЧ,СМ,,RECV-01,WH1,4.00000,107898,,Изолятор SM35 (А) силовой H35xD32xM8мм ИЭК  YIS11-35-10,7.00000,NEW Класс C,,,0,10.00000,ШТ,2026-03-24 00:00:00,EKS000005866,СП,ME-202-07-K-20,WH1,0.80000,КГ,17.00000,,,,,,,0.00000,0.00000,n.bezrukov,Пакет интерфейса поставки:066f73e0-5f98-40d3-9b86-e107b3d6208d,2026-03-24 14:49:34,321258,1997213,2566949,0,ЭКС,,3846089,,,,Годен,,,,
2532423,320777,New,End,,,2566957,,16.00000,ШТ,СМ,,RECV-01,WH1,4.00000,685843,,Коробка распред. герметичная WTP-401 3 ввода IP68 IEK,13.00000,NEW Заказной товар,,,0,16.00000,ШТ,2026-03-24 00:00:00,EKS000005866,СП,ME-203-04-C-20,WH1,1.60000,КГ,8.00000,,,,,,,0.00000,0.00000,a.savitskiy,Пакет интерфейса поставки:066f73e0-5f98-40d3-9b86-e107b3d6208d,2026-03-24 14:49:34,321258,1997221,2566957,0,ЭКС,,3846098,,,,Годен,,,,
2532424,320777,New,End,,,2566959,,1.00000,ШТ,СМ,,RECV-01,WH1,6.00000,761520,,Вывод кабеля FP142 чёрный   //  IEK FORTE PIANO,9.50000,NEW Заказной товар,,,0,1.00000,ШТ,2026-03-24 00:00:00,EKS000005866,СП,ME-203-04-G-20,WH1,0.12000,КГ,9.50000,,,,,,,0.00000,0.00000,a.savitskiy,Пакет интерфейса поставки:066f73e0-5f98-40d3-9b86-e107b3d6208d,2026-03-24 14:49:34,321258,1997218,2566959,0,ЭКС,,3846101,,,,Годен,,,,
2532425,320777,New,End,,,2566960,,3.00000,ПЧ,СМ,,RECV-01,WH1,3.00000,216067,,Изолятор ступенчатый ИСв4-30 (М8) силовой с болтом ИЭК YIS11-4-30-8-B,23.00000,NEW Заказной товар,,,0,6.00000,ШТ,2026-03-24 00:00:00,EKS000005866,СП,ME-115-07-A-40,WH1,1.50000,КГ,14.00000,,,,,,,0.00000,0.00000,a.savitskiy,Пакет интерфейса поставки:066f73e0-5f98-40d3-9b86-e107b3d6208d,2026-03-24 14:49:34,321258,1997209,2566960,0,ЭКС,,3846102,,,,Годен,,,,
2532426,320777,New,End,,,2566961,,1.00000,УП,СМ,,RECV-01,WH1,10.00000,42746,,Площадка 30х30 самоклеящаяся белая под хомуты(100шт) ИЭК,21.00000,NEW Заказной товар,,,0,1.00000,УП,2026-03-24 00:00:00,EKS000005866,СП,ME-203-07-L-20,WH1,0.20000,КГ,5.40000,,,,,,,0.00000,0.00000,a.savitskiy,Пакет интерфейса поставки:066f73e0-5f98-40d3-9b86-e107b3d6208d,2026-03-24 14:49:34,321258,1997203,2566961,0,ЭКС,,3846103,,,,Годен,,,,
2532427,320777,New,End,,,2566963,,6.00000,ШТ,СМ,,RECV-01,WH1,3.50000,389227,,Блок зажимов БЗН ТС-604 16 мм2 60A 4 пары IEK,11.50000,NEW Заказной товар,,,0,6.00000,ШТ,2026-03-24 00:00:00,EKS000005866,СП,ME-204-03-A-50,WH1,1.20000,КГ,4.50000,,,,,,,0.00000,0.00000,a.savitskiy,Пакет интерфейса поставки:066f73e0-5f98-40d3-9b86-e107b3d6208d,2026-03-24 14:49:34,321258,1997230,2566963,0,ЭКС,,3846105,,,,Годен,,,,
2532428,320777,New,End,,,2566969,,2.00000,ШТ,СМ,,RECV-01,WH1,10.00000,515030,,IEK Обогреватель на DIN-рейку в корпусе (встроенный вентилятор)250Вт IP20,12.50000,NEW Заказной товар,,,0,2.00000,ШТ,2026-03-24 00:00:00,EKS000005866,СП,ME-204-05-F-50,WH1,1.32000,КГ,9.00000,,,,,,,0.00000,0.00000,a.savitskiy,Пакет интерфейса поставки:066f73e0-5f98-40d3-9b86-e107b3d6208d,2026-03-24 14:49:34,321258,1997225,2566969,0,ЭКС,,3846112,,,,Годен,,,,
2532429,320777,New,End,,,2566970,,1.00000,ПЧ,СМ,,RECV-01,WH1,2.00000,883549,,Заглушка для CP-MC 4 вывода 2.5кв.мм сер.,22.00000,NEW Класс C,,,0,50.00000,ШТ,2026-03-24 00:00:00,EKS000005866,СП,ME-125-06-D-20,WH1,0.16000,КГ,19.00000,,,,,,,0.00000,0.00000,n.bezrukov,Пакет интерфейса поставки:066f73e0-5f98-40d3-9b86-e107b3d6208d,2026-03-24 14:49:34,321258,1997215,2566970,0,ЭКС,,3846113,,,,Годен,,,,
2532430,320777,New,End,,,2566973,,2.00000,УП,СМ,,RECV-01,WH1,5.00000,883514,,"Хомут P6.6 стандартный чёрный 8,8х610мм",65.00000,NEW Заказной товар,,,0,2.00000,УП,2026-03-24 00:00:00,EKS000005866,СП,ME-125-07-B-30,WH1,1.96000,КГ,16.00000,,,,,,,0.00000,0.00000,n.bezrukov,Пакет интерфейса поставки:066f73e0-5f98-40d3-9b86-e107b3d6208d,2026-03-24 14:49:34,321258,1997216,2566973,0,ЭКС,,3846116,,,,Годен,,,,
2532431,320777,New,End,,,2566974,,4.00000,КР,СМ,,RECV-01,WH1,14.00000,883514,,"Хомут P6.6 стандартный чёрный 8,8х610мм",71.00000,NEW Заказной товар,,,0,40.00000,УП,2026-03-24 00:00:00,EKS000005866,СП,ZX-17-24-C-15,WH1,41.60000,КГ,31.00000,,,,,,,0.00000,0.00000,n.bezrukov,Пакет интерфейса поставки:066f73e0-5f98-40d3-9b86-e107b3d6208d,2026-03-24 14:49:34,321258,1997216,2566974,0,ЭКС,,3846117,,,,Годен,,,,
2532432,320777,New,End,,,2566982,,22.00000,ПЧ,СМ,,RECV-01,WH1,10.00000,76789,,Труба  ПВХ гладкая жесткая d20 ИЭК серая (3м),300.00000,NEW Длинные 3 м,,,0,2046.00000,М,2026-03-24 00:00:00,EKS000005866,СП,ZX-20-32-C-10,WH1,228.80000,КГ,12.00000,,,,,,,0.00000,0.00000,n.bezrukov,Пакет интерфейса поставки:066f73e0-5f98-40d3-9b86-e107b3d6208d,2026-03-24 14:49:34,321258,1997201,2566982,0,ЭКС,,3846131,,,,Годен,,,,
2532433,320778,New,End,,,2566929,,60.00000,ШТ,СМ,,RECV-01,WH1,1.00000,282980,,Супер-клей Гель 3 г СИЛА (цена за 1 тюбик),11.00000,NEW Класс A,,,0,60.00000,ШТ,2026-03-24 00:00:00,EKS000005873,СП,ME-225-01-D-40,WH1,6.00000,КГ,4.00000,,,,,,,0.00000,0.00000,a.manokhin,Пакет интерфейса поставки:bd60c93a-6ff2-42ec-9687-ee830a69dfc1,2026-03-24 14:51:13,321265,1997284,2566929,0,ЭКС,,3846069,,,,Годен,,,,
2532434,320778,New,End,,,2566931,,1.00000,ШТ,СМ,,RECV-01,WH1,6.00000,797280,,Набор изолент ЭРА SET-7 ПВХ 7 шт цветная 15мм х 5м,11.00000,NEW Заказной товар,,,0,1.00000,ШТ,2026-03-24 00:00:00,EKS000005873,СП,ME-201-06-F-30,WH1,0.12000,КГ,6.00000,,,,,,,0.00000,0.00000,a.manokhin,Пакет интерфейса поставки:bd60c93a-6ff2-42ec-9687-ee830a69dfc1,2026-03-24 14:51:13,321265,1997282,2566931,0,ЭКС,,3846071,,,,Годен,,,,
2532435,320778,New,End,,,2566933,,2.00000,ШТ,СМ,,RECV-01,WH1,5.00000,571231,,ЭРА Изолента PRO PROSS25 силиконовая самослипающаяся 25 мм х 3 м черная,10.00000,NEW Заказной товар,,,0,2.00000,ШТ,2026-03-24 00:00:00,EKS000005873,СП,ME-201-08-L-20,WH1,0.16000,КГ,8.00000,,,,,,,0.00000,0.00000,a.manokhin,Пакет интерфейса поставки:bd60c93a-6ff2-42ec-9687-ee830a69dfc1,2026-03-24 14:51:13,321265,1997283,2566933,0,ЭКС,,3846073,,,,Годен,,,,
2532436,320779,New,End,,,2567010,,19.00000,ШТ,СМ,,RECV-01,WH1,3.50000,738449,,Шарнир универсальный для шпильки М10 Промрукав PR08.5164,8.00000,NEW Заказной товар,,,0,19.00000,ШТ,2026-03-25 00:00:00,EKS000005902,СП,ME-102-02-B-40,WH1,4.75000,КГ,5.00000,,,,,,,0.00000,0.00000,a.savitskiy,Пакет интерфейса поставки:9f507d71-a12e-41e5-b077-39e036b72915,2026-03-24 15:05:30,321294,1997350,2567010,0,ЭКС,,3846184,,,,Годен,,,,
2532437,320780,New,End,,,2567000,,1.00000,КР,СМ,,RECV-01,WH1,16.00000,657658,,"Заклепка резьбовая, стальная оцинкованная цилиндр, М8х1,5х17,5 (1000 шт/уп) (Промрукав)",29.00000,NEW Заказной товар,,,0,1000.00000,ШТ,2026-03-25 00:00:00,EKS000005885,СП,ME-125-08-D-40,WH1,2.00000,КГ,28.00000,,,,,,,0.00000,0.00000,a.savitskiy,Пакет интерфейса поставки:ec0db5bd-4baa-41c8-8950-d601f8fdd7a8,2026-03-24 15:07:10,321277,1997302,2567000,0,ЭКС,,3846168,,,,Годен,,,,
2532438,320781,New,End,,,2567028,,4.00000,ШТ,СМ,,RECV-01,WH1,5.00000,321191,,Светильник LED -CSVT Айсберг SLIM -38/MILKY  38Вт 5000К 4800Лм IP65,120.00000,NEW Заказной товар,,,0,4.00000,ШТ,2026-03-24 00:00:00,EKS000005913,СП,ZX-15-24-C-15,WH1,4.00000,КГ,12.00000,,,,,,,0.00000,0.00000,a.manokhin,Пакет интерфейса поставки:1a946c9d-c901-4010-94af-04cbddb3fa72,2026-03-24 15:09:19,321306,1997379,2567028,0,ЭКС,,3846233,,,,Годен,,,,
2532439,320782,New,Processed,,,2567032,,1.00000,ГМ,СМ,4712-12-31 00:00:00,RECV-01,WH1,1.00000,0000,,ТРАНЗИТ,1.00000,NEW Транзит,ИЭК КРАСНОЯРСК,,0,1.00000,ГМ,2026-03-24 00:00:00,TR-24/03/2026-05,ТР,TR-00,WH1,1.00000,КГ,1.00000,,,,,,,0.00000,0.00000,r.sagaidak,Пакет интерфейса поставки:1a946c9d-c901-4010-94af-04cbddb3fa72,2026-03-24 15:08:54,321309,1997384,2567032,0,ЭКС,,3846238,,,,Годен,,,,
2532440,320783,New,Processed,,,2567031,,1.00000,ГМ,СМ,4712-12-31 00:00:00,RECV-01,WH1,1.00000,0000,,ТРАНЗИТ,1.00000,NEW Транзит,ИЭК БАРНАУЛ,,0,1.00000,ГМ,2026-03-24 00:00:00,TR-24/03/2026-06,ТР,TR-00,WH1,1.00000,КГ,1.00000,,,,,,,0.00000,0.00000,r.sagaidak,Пакет интерфейса поставки:0fb5f643-e585-44c9-beb6-b22bbf1b52bd,2026-03-24 15:10:55,321310,1997385,2567031,0,ЭКС,,3846237,,,,Годен,,,,
2532441,320784,New,End,,,CNT02501317,,400.00000,М,СМ,4712-12-31 00:00:00,RECV-01,WH1,1.00000,495849,,Провод ПуВнг(A)-LS 1х16 PE,100.00000,NEW Кабель и провод тяж,CNT02501317,,0,400.00000,М,2026-03-24 00:00:00,EKS000005915,СП,ZX-08-20-C-10,WH1,80.00000,КГ,1.00000,,,,,,,0.00000,0.00000,n.bezrukov,Пакет интерфейса поставки:a59bdb1c-ed07-4eaa-af3d-192cd558b892,2026-03-24 15:13:30,321308,1997383,2567022,0,ЭКС,,3846210,,,,Годен,,,,
2532442,320786,New,End,,,2567013,,1.00000,ПЧ,СМ,,RECV-01,WH1,1.00000,846561,,Гильза медная луженая под опрессовку ГМЛ-П 16,12.00000,NEW Заказной товар,,,0,100.00000,ШТ,2026-03-25 00:00:00,EKS000005900,СП,ME-102-05-L-30,WH1,0.24000,КГ,11.00000,,,,,,,0.00000,0.00000,a.savitskiy,Пакет интерфейса поставки:d34020cc-7195-4979-800a-756d8e54cfe8,2026-03-24 15:25:28,321292,1997345,2567013,0,ЭКС,,3846196,,,,Годен,,,,
2532443,320786,New,End,,,2567014,,20.00000,ШТ,СМ,,RECV-01,WH1,0.80000,857093,,Гильза медная луженая под опрессовку ГМЛ-П 10,1.00000,NEW Заказной товар,,,0,20.00000,ШТ,2026-03-25 00:00:00,EKS000005900,СП,ME-103-02-J-20,WH1,0.04000,КГ,0.80000,,,,,,,0.00000,0.00000,a.savitskiy,Пакет интерфейса поставки:d34020cc-7195-4979-800a-756d8e54cfe8,2026-03-24 15:25:28,321292,1997344,2567014,0,ЭКС,,3846198,,,,Годен,,,,
2532444,320785,New,End,,,2567018,,7.00000,ПЧ,СМ,,RECV-01,WH1,3.00000,883912,,Дюбель-хомут для плоского кабеля 5-10 мм черный (100 шт/уп) Промрукав,23.00000,NEW Заказной товар,,,0,700.00000,ШТ,2026-03-25 00:00:00,EKS000005886,СП,ME-102-04-J-20,WH1,0.63000,КГ,8.50000,,,,,,,0.00000,0.00000,a.savitskiy,Пакет интерфейса поставки:d34020cc-7195-4979-800a-756d8e54cfe8,2026-03-24 15:25:20,321278,1997303,2567018,0,ЭКС,,3846203,,,,Годен,,,,
2532445,320787,New,End,,,2567039,,1.00000,ШТ,СМ,,RECV-01,WH1,2.00000,822477,,МАЯК-24-КПМ1-НИ Оповещатель комбинированный уличный,10.00000,NEW Класс C,,,0,1.00000,ШТ,2026-03-24 00:00:00,O00000001513,СП,ME-103-05-G-40,WH1,0.11000,КГ,10.00000,,,,,,,0.00000,0.00000,a.savitskiy,Пакет интерфейса поставки:6f7627fe-496e-45e5-985e-267389e41149,2026-03-24 15:29:04,321300,1997357,2567039,0,ЭКС,,3846245,,,,Годен,,,,
2532446,320788,New,End,,,CNT02573047,,45.00000,М,СМ,4712-12-31 00:00:00,RECV-01,WH1,1.20000,182486,,Кабель ППГнг(A)-HF 4x4,100.00000,NEW Кабель и провод нест,CNT02573047,,0,45.00000,М,2026-03-24 00:00:00,EKS000005908,СП,ZX-09-18-A-10,WH1,13.83075,КГ,1.20000,,,,,,,0.00000,0.00000,a.manokhin,Пакет интерфейса поставки:6f7627fe-496e-45e5-985e-267389e41149,2026-03-24 15:29:12,321301,1997358,2567047,0,ЭКС,,3846254,,,,Годен,,,,
2532447,320789,New,End,,,2566981,,20.00000,ШТ,СМ,,RECV-01,WH1,6.00000,883216,,Водило диаметром 40 мм в сборе (НЭМЗ),19.00000,NEW Класс C,,,0,20.00000,ШТ,2026-03-24 00:00:00,EKS000005879,СП,ME-120-08-B-30,WH1,28.80000,КГ,6.00000,,,,,,,0.00000,0.00000,a.manokhin,Пакет интерфейса поставки:f13aa01e-792c-447f-be0a-6184372d7b45,2026-03-24 15:37:34,321271,1997293,2566981,0,ЭКС,,3846130,,,,Годен,,,,
2532448,320790,New,End,,,2567033,,3.00000,ПЧ,СМ,,RECV-01,WH1,4.00000,765681,,Держатель плоского кабеля двусторонний для прямого монтажа на 12 мест черный (20шт/260шт уп/кор) Про,23.00000,NEW Заказной товар,,,0,60.00000,ШТ,2026-03-25 00:00:00,EKS000005903,СП,ME-118-08-C-20,WH1,0.90000,КГ,16.00000,,,,,,,0.00000,0.00000,a.savitskiy,Пакет интерфейса поставки:f13aa01e-792c-447f-be0a-6184372d7b45,2026-03-24 15:37:43,321295,1997351,2567033,0,ЭКС,,3846239,,,,Годен,,,,
2532449,320791,New,End,,,2566991,,1.00000,ББ,СМ,,RECV-01,WH1,13.00000,421566,,"Трубка ТВ-40 ПВХ 6 мм ""кембрик"" (150 м/уп)",34.00000,NEW Заказной товар,,,0,150.00000,М,2026-03-25 00:00:00,EKS000005883,СП,ME-212-05-F-50,WH1,2.50000,КГ,34.00000,,,,,,,0.00000,0.00000,a.savitskiy,Пакет интерфейса поставки:7e4ebeec-8ab2-4bfd-96e2-356aab5b84f7,2026-03-24 15:39:24,321275,1997300,2566991,0,ЭКС,,3846156,,,,Годен,,,,
2532450,320792,New,End,,,2566992,,1.00000,ББ,СМ,,RECV-01,WH1,11.00000,427353,,"Трубка ТВ-40 ПВХ 5 мм ""кембрик"" (150 м/уп)",30.00000,NEW Заказной товар,,,0,150.00000,М,2026-03-25 00:00:00,EKS000005891,СП,ME-224-07-B-50,WH1,7.00000,КГ,30.00000,,,,,,,0.00000,0.00000,a.savitskiy,Пакет интерфейса поставки:7e4ebeec-8ab2-4bfd-96e2-356aab5b84f7,2026-03-24 15:39:32,321283,1997329,2566992,0,ЭКС,,3846158,,,,Годен,,,,
2532451,320793,New,End,,,2567008,,17.00000,УП,СМ,,RECV-01,WH1,5.00000,502472,,Муфта труба-труба черная д20 Промрукав (упаковка 10шт),20.00000,NEW Класс C,,,0,17.00000,УП,2026-03-25 00:00:00,EKS000005901,СП,ME-208-03-C-20,WH1,3.40000,КГ,10.00000,,,,,,,0.00000,0.00000,a.savitskiy,Пакет интерфейса поставки:7e4ebeec-8ab2-4bfd-96e2-356aab5b84f7,2026-03-24 15:39:41,321293,1997346,2567008,0,ЭКС,,3846176,,,,Годен,,,,
2532452,320793,New,End,,,2567015,,1.00000,ПЧ,СМ,,RECV-01,WH1,2.00000,825007,,Кольцо уплотнительное для двустенной трубы d50 мм (12шт/1152шт уп/кор) Промрукав,12.00000,NEW Заказной товар,,,0,12.00000,ШТ,2026-03-25 00:00:00,EKS000005901,СП,ME-103-02-K-20,WH1,0.03000,КГ,12.00000,,,,,,,0.00000,0.00000,a.savitskiy,Пакет интерфейса поставки:7e4ebeec-8ab2-4bfd-96e2-356aab5b84f7,2026-03-24 15:39:41,321293,1997349,2567015,0,ЭКС,,3846199,,,,Годен,,,,
2532453,320793,New,End,,,2567034,,10.00000,УП,СМ,,RECV-01,WH1,5.00000,502471,,"Колено открывающееся, 90 град, черный д20 Промрукав (цена за 5шт)",12.00000,NEW Класс C,,,0,10.00000,УП,2026-03-25 00:00:00,EKS000005901,СП,ME-103-04-L-40,WH1,2.00000,КГ,12.00000,,,,,,,0.00000,0.00000,a.savitskiy,Пакет интерфейса поставки:7e4ebeec-8ab2-4bfd-96e2-356aab5b84f7,2026-03-24 15:39:41,321293,1997347,2567034,0,ЭКС,,3846240,,,,Годен,,,,
2532454,320791,New,End,,,2567036,,2.00000,ПЧ,СМ,,RECV-01,WH1,16.00000,765679,,Держатель плоского кабеля двусторонний для прямого монтажа на 4 места черный,10.00000,NEW Класс C,,,0,40.00000,ШТ,2026-03-25 00:00:00,EKS000005883,СП,ME-101-08-G-40,WH1,0.20000,КГ,5.00000,,,,,,,0.00000,0.00000,a.savitskiy,Пакет интерфейса поставки:7e4ebeec-8ab2-4bfd-96e2-356aab5b84f7,2026-03-24 15:39:24,321275,1997299,2567036,0,ЭКС,,3846243,,,,Годен,,,,
2532455,320793,New,End,,,2567041,,10.00000,УП,СМ,,RECV-01,WH1,3.00000,502470,,Тройник разборный черный д20 (5шт/400шт уп/кор) Промрукав (цена за 5шт),20.00000,NEW Класс C,,,0,10.00000,УП,2026-03-25 00:00:00,EKS000005901,СП,ME-103-05-J-30,WH1,2.00000,КГ,10.00000,,,,,,,0.00000,0.00000,a.savitskiy,Пакет интерфейса поставки:7e4ebeec-8ab2-4bfd-96e2-356aab5b84f7,2026-03-24 15:39:41,321293,1997348,2567041,0,ЭКС,,3846247,,,,Годен,,,,
2532456,320794,New,End,,,2567066,,1.00000,УП,СМ,,RECV-01,WH1,0.50000,877932,,Набор стальных бит Profi (2 шт; PH2; 100 мм) CUTOP 83-340,18.00000,NEW Заказной товар,,,0,1.00000,УП,2026-03-24 00:00:00,EKS000005921,СП,ME-104-04-F-20,WH1,0.02000,КГ,5.00000,,,,,,,0.00000,0.00000,n.bezrukov,Пакет интерфейса поставки:7e4ebeec-8ab2-4bfd-96e2-356aab5b84f7,2026-03-24 15:39:52,321316,1997392,2567066,0,ЭКС,,3846276,,,,Годен,,,,
2532457,320795,New,End,,,2567069,,2.00000,УП,СМ,,RECV-01,WH1,2.00000,882964,,Nord-Yada Клемма АКБ латунь 2шт усиленная грузовая болт М10 ТМ Nord YADA 909359,12.00000,NEW Заказной товар,,,0,2.00000,УП,2026-03-24 00:00:00,EKS000005923,СП,ME-103-02-B-40,WH1,0.36000,КГ,8.00000,,,,,,,0.00000,0.00000,n.bezrukov,Пакет интерфейса поставки:7e4ebeec-8ab2-4bfd-96e2-356aab5b84f7,2026-03-24 15:40:04,321318,1997394,2567069,0,ЭКС,,3846283,,,,Годен,,,,
2532458,320796,New,End,,,2566998,,3.00000,ШТ,СМ,,RECV-01,WH1,4.00000,527534,,Светильник LED 6Вт IP65 с оптич. датчиком Актей СА-5106Ф,17.00000,NEW Заказной товар,,,0,3.00000,ШТ,2026-03-24 00:00:00,EKS000005905,СП,ME-102-03-J-40,WH1,0.54000,КГ,11.00000,,,,,,,0.00000,0.00000,n.bezrukov,Пакет интерфейса поставки:d223f59f-af5e-43fb-b06b-e7ee8dc87a7f,2026-03-24 15:41:16,321297,1997353,2566998,0,ЭКС,,3846165,,,,Годен,,,,
2532459,320796,New,End,,,2567001,,12.00000,ШТ,СМ,,RECV-01,WH1,5.00000,333363,,Светильник светодиодный 8Вт IP30 с оптико-акустич. датчиком Актей СА-7008У,18.00000,NEW Заказной товар,,,0,12.00000,ШТ,2026-03-24 00:00:00,EKS000005905,СП,ME-102-04-A-30,WH1,2.88000,КГ,12.00000,,,,,,,0.00000,0.00000,n.bezrukov,Пакет интерфейса поставки:d223f59f-af5e-43fb-b06b-e7ee8dc87a7f,2026-03-24 15:41:16,321297,1997354,2567001,0,ЭКС,,3846169,,,,Годен,,,,
2532460,320797,New,End,,,2567045,,5.00000,ШТ,СМ,,RECV-01,WH1,1.00000,877382,,"DUEL Прецизионная отвёртка Sl1.5x40 мм, DL01-15-040",14.00000,NEW Заказной товар,,,0,5.00000,ШТ,2026-03-23 00:00:00,EKS000005924,СП,ME-103-08-I-20,WH1,0.02500,КГ,1.00000,,,,,,,0.00000,0.00000,n.bezrukov,Пакет интерфейса поставки:d223f59f-af5e-43fb-b06b-e7ee8dc87a7f,2026-03-24 15:41:31,321319,1997396,2567045,0,ЭКС,,3846252,,,,Годен,,,,
2532461,320797,New,End,,,2567046,,5.00000,ШТ,СМ,,RECV-01,WH1,1.00000,877385,,"DUEL Прецизионная отвёртка SL2x60мм, DL01-20-060",16.00000,NEW Заказной товар,,,0,5.00000,ШТ,2026-03-23 00:00:00,EKS000005924,СП,ME-104-07-B-20,WH1,0.05000,КГ,1.00000,,,,,,,0.00000,0.00000,n.bezrukov,Пакет интерфейса поставки:d223f59f-af5e-43fb-b06b-e7ee8dc87a7f,2026-03-24 15:41:31,321319,1997395,2567046,0,ЭКС,,3846253,,,,Годен,,,,
2532462,320798,New,End,,,2566962,,1.00000,ПЧ,СМ,,RECV-01,WH1,7.00000,861675,,Кран с электроприводом Neptun Bugatti Pro 12В 1/2,26.50000,NEW Класс C,,,0,4.00000,ШТ,2026-03-12 00:00:00,EKS000005881,СП,ME-120-05-D-50,WH1,2.88000,КГ,25.00000,,,,,,,0.00000,0.00000,r.sagaidak,Пакет интерфейса поставки:3339db82-6fd3-4709-af79-36b0f8f2559f,2026-03-24 15:43:12,321273,1997297,2566962,0,ЭКС,,3846104,,,,Годен,,,,
2532463,320798,New,End,,,2566993,,2.00000,ШТ,СМ,,RECV-01,WH1,4.00000,863935,,Источник бесперебойного питания 18650(продукция),15.00000,NEW Заказной товар,,,0,2.00000,ШТ,2026-03-12 00:00:00,EKS000005881,СП,ME-101-08-F-40,WH1,0.50000,КГ,10.00000,,,,,,,0.00000,0.00000,r.sagaidak,Пакет интерфейса поставки:3339db82-6fd3-4709-af79-36b0f8f2559f,2026-03-24 15:43:12,321273,1997296,2566993,0,ЭКС,,3846159,,,,Годен,,,,
2532464,320799,New,End,,,2567050,,4.00000,ПЧ,СМ,,RECV-01,WH1,4.00000,883911,,Талреп крюк-крюк М10 DIN 1480 тип С (20шт/уп) (Промрукав),20.00000,NEW Заказной товар,,,0,80.00000,ШТ,2026-03-25 00:00:00,EKS000005904,СП,ME-208-02-C-20,WH1,13.96000,КГ,23.00000,,,,,,,0.00000,0.00000,a.savitskiy,Пакет интерфейса поставки:3339db82-6fd3-4709-af79-36b0f8f2559f,2026-03-24 15:43:22,321296,1997352,2567050,0,ЭКС,,3846257,,,,Годен,,,,
2532465,320800,New,End,,,2567059,,1.00000,ШТ,СМ,,RECV-01,WH1,4.00000,882707,,Испытательная коробка к электросчётчикам ПЭМИ КИ У3 X7908575,22.00000,NEW Заказной товар,,,0,1.00000,ШТ,2026-03-24 00:00:00,EKS000005922,СП,ME-102-06-L-30,WH1,0.44000,КГ,7.00000,,,,,,,0.00000,0.00000,n.bezrukov,Пакет интерфейса поставки:3339db82-6fd3-4709-af79-36b0f8f2559f,2026-03-24 15:43:34,321317,1997393,2567059,0,ЭКС,,3846268,,,,Годен,,,,
2532466,320801,New,End,,,2567030,,9.00000,ШТ,СМ,,RECV-01,WH1,20.00000,843040,,"Заградительный огонь LEDZOM тип А, LEDZOM красный, ударопрочный, поликарбонат",27.00000,NEW Заказной товар,,,0,9.00000,ШТ,2026-03-23 00:00:00,EKS000005925,СП,ME-107-05-C-50,WH1,4.86000,КГ,17.00000,,,,,,,0.00000,0.00000,n.bezrukov,Пакет интерфейса поставки:e63f8cd7-3f10-458a-9667-684303b6da38,2026-03-24 15:45:14,321320,1997397,2567030,0,ЭКС,,3846236,,,,Годен,,,,
2532467,320802,New,End,,,2566999,,2.00000,ШТ,СМ,,RECV-01,WH1,18.00000,258252,,Сумка монтажника С-04 (КВТ),41.00000,NEW Класс C,,,0,2.00000,ШТ,2026-03-24 00:00:00,EKS000005907,СП,ME-122-05-C-20,WH1,4.66000,КГ,32.00000,,,,,,,0.00000,0.00000,n.bezrukov,Пакет интерфейса поставки:6925803b-abfb-475d-8f6a-cc5c6a759d28,2026-03-24 15:47:24,321299,1997356,2566999,0,ЭКС,,3846167,,,,Годен,,,,
2532468,320803,New,End,,,2567027,,2.00000,КР,СМ,,RECV-01,WH1,30.00000,51914,,Коробка устан. HEGEL сплошные стены с/п d68х42 КУ1101,60.00000,NEW Класс A,,,0,576.00000,ШТ,2026-03-24 00:00:00,EKS000005910,СП,ME-109-08-B-10,WH1,4.00000,КГ,40.00000,,,,,,,0.00000,0.00000,a.manokhin,Пакет интерфейса поставки:6925803b-abfb-475d-8f6a-cc5c6a759d28,2026-03-24 15:47:35,321303,1997361,2567027,0,ЭКС,,3846232,,,,Годен,,,,
2532469,320804,New,End,,,OTR02095388,,45.00000,М,СМ,4712-12-31 00:00:00,RECV-01,WH1,3.38000,166614,,Кабель КГ-ХЛ 4х50-220/380В-3,100.00000,KC1-03,OTR02095388,,2567006,45.00000,М,2026-03-24 00:00:00,EKS000005906,СП,KC-05-A,WH1,114.84000,КГ,3.38000,bar10mg,0000,,,,,0.00000,0.00000,n.bezrukov,Пакет интерфейса поставки:908d22e9-e2de-46e0-9ca0-70d37a6a5b36,2026-03-24 15:51:15,321298,1997355,2567005,0,ЭКС,,3846204,,,,Годен,,,,
2532470,320804,New,End,,Барабан,BAR02026956,Барабан 10,0.00000,,СМ,,RECV-01,WH1,100.00000,,,,81.00000,KC1-01,,,0,45.00000,,2026-03-24 00:00:00,EKS000005906,СП,,,114.84000,,100.00000,,,,,,,0.00000,0.00000,n.bezrukov,Пакет интерфейса поставки:908d22e9-e2de-46e0-9ca0-70d37a6a5b36,2026-03-24 15:51:15,321298,,2567006,0,,,,,,,,,,,
2532471,320805,New,End,,,OTR02095387,,345.00000,М,СМ,4712-12-31 00:00:00,RECV-01,WH1,2.32000,167535,,Кабель ППГнг(A)-HF 5x16,100.00000,KC1-03,OTR02095387,,2567017,345.00000,М,2026-03-24 00:00:00,EKS000005911,СП,KC-09-D,WH1,426.76500,КГ,2.32000,bar10kapa,0000,,,,,0.00000,0.00000,a.manokhin,Пакет интерфейса поставки:908d22e9-e2de-46e0-9ca0-70d37a6a5b36,2026-03-24 15:51:25,321304,1997363,2567016,0,ЭКС,,3846206,,,,Годен,,,,
2532472,320805,New,End,,Барабан,BAR02026955,Барабан 10,0.00000,,СМ,,RECV-01,WH1,100.00000,,,,81.00000,KC1-01,,,0,345.00000,,2026-03-24 00:00:00,EKS000005911,СП,,,426.76500,,100.00000,,,,,,,0.00000,0.00000,a.manokhin,Пакет интерфейса поставки:908d22e9-e2de-46e0-9ca0-70d37a6a5b36,2026-03-24 15:51:25,321304,,2567017,0,,,,,,,,,,,
2532473,320805,New,End,,,CNT02573048,,321.00000,М,СМ,4712-12-31 00:00:00,RECV-01,WH1,0.88000,167445,,"Кабель ППГнг(A)-HF 5x1,5-0,66",100.00000,NEW Кабель и провод тяж,CNT02573048,,0,321.00000,М,2026-03-24 00:00:00,EKS000005911,СП,ZX-08-24-B-10,WH1,94.05300,КГ,0.88000,,,,,,,0.00000,0.00000,a.manokhin,Пакет интерфейса поставки:908d22e9-e2de-46e0-9ca0-70d37a6a5b36,2026-03-24 15:51:25,321304,1997362,2567075,0,ЭКС,,3846291,,,,Годен,,,,
2532474,320805,New,End,,,CNT02573049,,248.00000,М,СМ,4712-12-31 00:00:00,RECV-01,WH1,1.37000,631402,,"Кабель ППГнг(A)-HF 5х4 ок(N,PE)-0,66",100.00000,NEW Кабель и провод тяж,CNT02573049,,0,248.00000,М,2026-03-24 00:00:00,EKS000005911,СП,ZX-08-27-A-10,WH1,93.99200,КГ,1.37000,,,,,,,0.00000,0.00000,a.manokhin,Пакет интерфейса поставки:908d22e9-e2de-46e0-9ca0-70d37a6a5b36,2026-03-24 15:51:25,321304,1997365,2567076,0,ЭКС,,3846293,,,,Годен,,,,
2532475,320805,New,End,,,CNT02573050,,367.00000,М,СМ,4712-12-31 00:00:00,RECV-01,WH1,1.20000,182486,,Кабель ППГнг(A)-HF 4x4,100.00000,NEW Кабель и провод тяж,CNT02573050,,0,367.00000,М,2026-03-24 00:00:00,EKS000005911,СП,ZX-08-27-B-10,WH1,112.79745,КГ,1.20000,,,,,,,0.00000,0.00000,a.manokhin,Пакет интерфейса поставки:908d22e9-e2de-46e0-9ca0-70d37a6a5b36,2026-03-24 15:51:25,321304,1997364,2567077,0,ЭКС,,3846294,,,,Годен,,,,
2532476,320806,New,End,,,2567053,,5.00000,ШТ,СМ,,RECV-01,WH1,7.00000,874799,,Fenix Фонарь LR35R,20.00000,NEW Заказной товар,,,0,5.00000,ШТ,2026-03-24 00:00:00,EKS000005919,СП,ME-215-05-A-30,WH1,2.80000,КГ,13.00000,,,,,,,0.00000,0.00000,n.bezrukov,Пакет интерфейса поставки:966a9160-4d4e-405a-9541-d9126cc83019,2026-03-24 15:53:37,321314,1997390,2567053,0,ЭКС,,3846261,,,,Годен,,,,
2532477,320807,New,End,,,2566952,,1.00000,ПЧ,СМ,,RECV-01,WH1,20.00000,769351,,"Плоский изменяемый угол для К.К. ""Праймер"" 80х40",29.00000,NEW Класс C,,,0,12.00000,ШТ,2026-03-24 00:00:00,EKS000005868,СП,ME-225-05-D-20,WH1,1.50000,КГ,29.00000,,,,,,,0.00000,0.00000,n.bezrukov,Пакет интерфейса поставки:1e9fb611-fad4-4e24-9261-b93696e2e047,2026-03-24 15:55:20,321260,1997267,2566952,0,ЭКС,,3846092,,,,Годен,,,,
2532478,320807,New,End,,,2566954,,3.00000,ШТ,СМ,,RECV-01,WH1,10.00000,6646,,Выключатель авт. ВА88-32 3Р 50А 25кА ИЭК,15.00000,NEW Класс C,,,0,3.00000,ШТ,2026-03-24 00:00:00,EKS000005868,СП,ME-221-05-F-20,WH1,2.94000,КГ,9.00000,,,,,,,0.00000,0.00000,n.bezrukov,Пакет интерфейса поставки:1e9fb611-fad4-4e24-9261-b93696e2e047,2026-03-24 15:55:20,321260,1997266,2566954,0,ЭКС,,3846094,,,,Годен,,,,
2532479,320807,New,End,,,2566956,,1.00000,ПЧ,СМ,,RECV-01,WH1,9.00000,136772,,Кнопка управления LAY5-BW3361 с подсветкой зеленый 1з IEK BBT50-BW-K06,23.50000,NEW Класс C,,,0,20.00000,ШТ,2026-03-24 00:00:00,EKS000005868,СП,ME-211-03-D-20,WH1,1.00000,КГ,14.50000,,,,,,,0.00000,0.00000,n.bezrukov,Пакет интерфейса поставки:1e9fb611-fad4-4e24-9261-b93696e2e047,2026-03-24 15:55:20,321260,1997262,2566956,0,ЭКС,,3846097,,,,Годен,,,,
2532480,320807,New,End,,,2566958,,6.00000,ПЧ,СМ,,RECV-01,WH1,10.00000,248303,,Заглушка для пломбировки ВА47-29 ИЭК (для авт.выкл.нов.обр.),27.00000,NEW Класс C,,,0,144.00000,ШТ,2026-03-24 00:00:00,EKS000005868,СП,ME-209-07-A-30,WH1,0.19800,КГ,7.00000,,,,,,,0.00000,0.00000,n.bezrukov,Пакет интерфейса поставки:1e9fb611-fad4-4e24-9261-b93696e2e047,2026-03-24 15:55:20,321260,1997270,2566958,0,ЭКС,,3846099,,,,Годен,,,,
2532481,320807,New,End,,,2566964,,48.00000,ПЧ,СМ,,RECV-01,WH1,2.00000,225000,,"Разъём RJ-45 UTP для кабеля кат.5Е, 8P8C",14.00000,NEW Класс A,,,0,960.00000,ШТ,2026-03-24 00:00:00,EKS000005868,СП,ME-224-02-D-40,WH1,9.60000,КГ,10.00000,,,,,,,0.00000,0.00000,n.bezrukov,Пакет интерфейса поставки:1e9fb611-fad4-4e24-9261-b93696e2e047,2026-03-24 15:55:20,321260,1997271,2566964,0,ЭКС,,3846106,,,,Годен,,,,
2532482,320807,New,End,,,2566966,,2.00000,ШТ,СМ,,RECV-01,WH1,9.00000,7476,,УЗО ВД1-63 4Р 16А 30мА ИЭК,8.00000,NEW Класс C,,,0,2.00000,ШТ,2026-03-24 00:00:00,EKS000005868,СП,ME-201-01-A-20,WH1,0.90000,КГ,9.00000,,,,,,,0.00000,0.00000,n.bezrukov,Пакет интерфейса поставки:1e9fb611-fad4-4e24-9261-b93696e2e047,2026-03-24 15:55:20,321260,1997265,2566966,0,ЭКС,,3846108,,,,Годен,,,,
2532483,320807,New,End,,,2566967,,1.00000,ШТ,СМ,4712-12-31 00:00:00,RECV-01,WH1,5.00000,102700,,"Трансформатор тока ТТИ-30  250/5А  5ВА  класс 0,5S  ИЭК",10.00000,NEW Класс C,28112025,,0,1.00000,ШТ,2026-03-24 00:00:00,EKS000005868,СП,ME-201-08-E-40,WH1,0.40000,КГ,10.00000,,,,,,,0.00000,0.00000,n.bezrukov,Пакет интерфейса поставки:1e9fb611-fad4-4e24-9261-b93696e2e047,2026-03-24 15:55:20,321260,1997264,2566967,0,ЭКС,,3846109,,,,Годен,,,,
2532484,320807,New,End,,,2566968,,11.00000,ПЧ,СМ,,RECV-01,WH1,4.00000,203242,,"Шина PE ""земля"" в комб DIN-изол ""Стойка"" ШНИ-8х12-6-КС-Ж ИЭК YNN10-812-6DP-K05",25.00000,NEW Класс C,,,0,220.00000,ШТ,2026-03-24 00:00:00,EKS000005868,СП,ME-202-06-C-10,WH1,5.50000,КГ,10.00000,,,,,,,0.00000,0.00000,n.bezrukov,Пакет интерфейса поставки:1e9fb611-fad4-4e24-9261-b93696e2e047,2026-03-24 15:55:20,321260,1997272,2566968,0,ЭКС,,3846111,,,,Годен,,,,
2532485,320807,New,End,,,2566975,,1.00000,КР,СМ,,RECV-01,WH1,20.00000,248303,,Заглушка для пломбировки ВА47-29 ИЭК (для авт.выкл.нов.обр.),27.00000,NEW Класс C,,,0,288.00000,ШТ,2026-03-24 00:00:00,EKS000005868,СП,ME-209-07-A-30,WH1,0.40000,КГ,7.00000,,,,,,,0.00000,0.00000,n.bezrukov,Пакет интерфейса поставки:1e9fb611-fad4-4e24-9261-b93696e2e047,2026-03-24 15:55:20,321260,1997270,2566975,0,ЭКС,,3846119,,,,Годен,,,,
2532486,320807,New,End,,,2566976,,2.00000,КР,СМ,,RECV-01,WH1,14.00000,249169,,Держатель с защёлкой CF20 IEK черный (10 шт/комп),40.00000,NEW Класс C,,,0,100.00000,УП,2026-03-24 00:00:00,EKS000005868,СП,ME-125-08-D-20,WH1,1.20000,КГ,24.00000,,,,,,,0.00000,0.00000,n.bezrukov,Пакет интерфейса поставки:1e9fb611-fad4-4e24-9261-b93696e2e047,2026-03-24 15:55:20,321260,1997269,2566976,0,ЭКС,,3846121,,,,Годен,,,,
2532487,320807,New,End,,,2566977,,4.00000,ШТ,СМ,,RECV-01,WH1,25.00000,634304,,Корпус навес (800х600х250) ЩМП-80.60.25 УХЛ1 IP66,60.00000,NEW Класс C,,,0,4.00000,ШТ,2026-03-24 00:00:00,EKS000005868,СП,ZX-08-05-A-10,WH1,120.00000,КГ,80.00000,,,,,,,0.00000,0.00000,n.bezrukov,Пакет интерфейса поставки:1e9fb611-fad4-4e24-9261-b93696e2e047,2026-03-24 15:55:20,321260,1997268,2566977,0,ЭКС,,3846122,,,,Годен,,,,
2532488,320807,New,End,,,2566978,,31.00000,ПЧ,СМ,,RECV-01,WH1,6.00000,152522,,Кронштейн настенный осн.100 мм. CLP1CW-100-1,13.00000,NEW Класс C,,,0,124.00000,ШТ,2026-03-24 00:00:00,EKS000005868,СП,ME-118-05-B-40,WH1,18.60000,КГ,8.00000,,,,,,,0.00000,0.00000,n.bezrukov,Пакет интерфейса поставки:1e9fb611-fad4-4e24-9261-b93696e2e047,2026-03-24 15:55:20,321260,1997261,2566978,0,ЭКС,,3846124,,,,Годен,,,,
2532489,320807,New,End,,,2566979,,22.00000,ПЧ,СМ,,RECV-01,WH1,15.00000,127573,,"Кабель-канал 100х60 ""ПРАЙМЕР"" парапетный",200.00000,NEW Кабель-канал,,,0,264.00000,М,2026-03-24 00:00:00,EKS000005868,СП,ZX-19-04-B-10,WH1,343.20000,КГ,20.00000,,,,,,,0.00000,0.00000,n.bezrukov,Пакет интерфейса поставки:1e9fb611-fad4-4e24-9261-b93696e2e047,2026-03-24 15:55:20,321260,1997263,2566979,0,ЭКС,,3846125,,,,Годен,,,,
2532490,320807,New,End,,,2566983,,5.00000,ПЧ,СМ,,RECV-01,WH1,5.00000,153151,,Лоток перфорированный 50х100х3000 CLP10-050-100-3,300.00000,NEW Длинные 3 м,,,0,60.00000,М,2026-03-24 00:00:00,EKS000005868,СП,ZX-20-27-C-15,WH1,70.80000,КГ,22.00000,,,,,,,0.00000,0.00000,n.bezrukov,Пакет интерфейса поставки:1e9fb611-fad4-4e24-9261-b93696e2e047,2026-03-24 15:55:20,321260,1997260,2566983,0,ЭКС,,3846133,,,,Годен,,,,
2532491,320808,New,End,,,2567043,,9.00000,ШТ,СМ,,RECV-01,WH1,1.00000,833307,,"1 - местная рамка, белая, пластик Эпика EKF",9.00000,NEW Заказной товар,,,0,9.00000,ШТ,2026-03-24 00:00:00,EKS000005914,СП,ME-103-06-I-30,WH1,0.27000,КГ,9.00000,,,,,,,0.00000,0.00000,a.manokhin,Пакет интерфейса поставки:1e9fb611-fad4-4e24-9261-b93696e2e047,2026-03-24 15:55:38,321307,1997381,2567043,0,ЭКС,,3846249,,,,Годен,,,,
2532492,320808,New,End,,,2567044,,6.00000,ШТ,СМ,,RECV-01,WH1,2.00000,860660,,Автоматический выключатель 1P 6А (C) 6кА ВА 47-63N EKF PROxima,9.00000,NEW Заказной товар,,,0,6.00000,ШТ,2026-03-24 00:00:00,EKS000005914,СП,ME-103-08-E-30,WH1,0.54000,КГ,8.00000,,,,,,,0.00000,0.00000,a.manokhin,Пакет интерфейса поставки:1e9fb611-fad4-4e24-9261-b93696e2e047,2026-03-24 15:55:38,321307,1997380,2567044,0,ЭКС,,3846251,,,,Годен,,,,
2532493,320808,New,End,,,2567060,,2.00000,ШТ,СМ,,RECV-01,WH1,1.00000,795791,,Systeme Electric Шинка Греб. 2P (L1L2) 18мм 12мод 63А,20.00000,NEW Заказной товар,,,0,2.00000,ШТ,2026-03-24 00:00:00,EKS000005914,СП,ME-202-02-I-20,WH1,0.10000,КГ,1.00000,,,,,,,0.00000,0.00000,a.manokhin,Пакет интерфейса поставки:1e9fb611-fad4-4e24-9261-b93696e2e047,2026-03-24 15:55:38,321307,1997382,2567060,0,ЭКС,,3846271,,,,Годен,,,,
2532494,320809,New,End,,,2567079,,2.00000,ШТ,СМ,,RECV-01,WH1,5.00000,883048,,Фонарь ручной/налобный Epilso LUMINUS SST40 10W 1200 Lm EPF-205,12.00000,NEW Заказной товар,,,0,2.00000,ШТ,2026-03-24 00:00:00,EKS000005916,СП,ME-201-06-D-40,WH1,0.44000,КГ,11.00000,,,,,,,0.00000,0.00000,n.bezrukov,Пакет интерфейса поставки:1e9fb611-fad4-4e24-9261-b93696e2e047,2026-03-24 15:55:50,321311,1997386,2567079,0,ЭКС,,3846297,,,,Годен,,,,
2532495,320811,New,End,,,2567009,,15.00000,КР,СМ,,RECV-01,WH1,28.00000,40235,,Коробка уст. скр.пр. D68х45 г/к Gusi С3Е3 Евро,60.00000,NEW Класс A,,,0,3300.00000,ШТ,2026-03-24 00:00:00,EKS000005912,СП,ZX-04-28-A-20,WH1,61.50000,КГ,37.00000,,,,,,,0.00000,0.00000,a.manokhin,Пакет интерфейса поставки:d537b43f-7c01-49dd-ae60-9617fcd6ffe3,2026-03-24 15:57:42,321305,1997372,2567009,0,ЭКС,,3846177,,,,Годен,,,,
2532496,320811,New,End,,,2567012,,1.00000,ПЛ,СМ,,RECV-01,WH1,120.00000,76947,,Коробка уст. скр.пр. D68х45 кирпич. наборные Gusi С3М3 Евро,120.00000,"NEW Класс A, ПЛ",,,0,3600.00000,ШТ,2026-03-24 00:00:00,EKS000005912,СП,ZX-10-14-B-30,WH1,100.00000,КГ,80.00000,,,,,,,0.00000,0.00000,a.manokhin,Пакет интерфейса поставки:d537b43f-7c01-49dd-ae60-9617fcd6ffe3,2026-03-24 15:57:42,321305,1997371,2567012,0,ЭКС,,3846190,,,,Годен,,,,
2532497,320811,New,End,,,2567024,,1.00000,ПЛ,СМ,,RECV-01,WH1,120.00000,76947,,Коробка уст. скр.пр. D68х45 кирпич. наборные Gusi С3М3 Евро,120.00000,"NEW Класс A, ПЛ",,,0,3600.00000,ШТ,2026-03-24 00:00:00,EKS000005912,СП,ZX-10-10-B-30,WH1,100.00000,КГ,80.00000,,,,,,,0.00000,0.00000,a.manokhin,Пакет интерфейса поставки:d537b43f-7c01-49dd-ae60-9617fcd6ffe3,2026-03-24 15:57:42,321305,1997371,2567024,0,ЭКС,,3846226,,,,Годен,,,,
2532498,320811,New,End,,,2567029,,2.00000,КР,СМ,,RECV-01,WH1,10.00000,744523,,"Розетка с ЗК, 16А, механизм, КАРБОН  /ARTGALLERY  /GAL001043",40.00000,NEW Заказной товар,,,0,40.00000,ШТ,2026-03-24 00:00:00,EKS000005912,СП,ME-214-07-E-10,WH1,3.60000,КГ,24.50000,,,,,,,0.00000,0.00000,a.manokhin,Пакет интерфейса поставки:d537b43f-7c01-49dd-ae60-9617fcd6ffe3,2026-03-24 15:57:42,321305,1997373,2567029,0,ЭКС,,3846234,,,,Годен,,,,
2532499,320811,New,End,,,2567035,,400.00000,ШТ,СМ,,RECV-01,WH1,0.30000,233990,,Гильза ГМЛ-6 медная луженая соединительная IEK UGTY10-006-04,2.00000,NEW Заказной товар,,,0,400.00000,ШТ,2026-03-24 00:00:00,EKS000005912,СП,ME-211-07-D-60,WH1,4.00000,КГ,0.30000,,,,,,,0.00000,0.00000,a.manokhin,Пакет интерфейса поставки:d537b43f-7c01-49dd-ae60-9617fcd6ffe3,2026-03-24 15:57:42,321305,1997367,2567035,0,ЭКС,,3846242,,,,Годен,,,,
2532500,320811,New,End,,,2567040,,1.00000,КР,СМ,,RECV-01,WH1,10.00000,233990,,Гильза ГМЛ-6 медная луженая соединительная IEK UGTY10-006-04,17.00000,NEW Заказной товар,,,0,1500.00000,ШТ,2026-03-24 00:00:00,EKS000005912,СП,ME-211-07-D-60,WH1,3.05000,КГ,13.00000,,,,,,,0.00000,0.00000,a.manokhin,Пакет интерфейса поставки:d537b43f-7c01-49dd-ae60-9617fcd6ffe3,2026-03-24 15:57:42,321305,1997367,2567040,0,ЭКС,,3846246,,,,Годен,,,,
2532501,320811,New,End,,,2567042,,2.00000,ПЧ,СМ,,RECV-01,WH1,17.00000,233990,,Гильза ГМЛ-6 медная луженая соединительная IEK UGTY10-006-04,15.00000,NEW Заказной товар,,,0,1000.00000,ШТ,2026-03-24 00:00:00,EKS000005912,СП,ME-211-07-D-60,WH1,6.00000,КГ,3.00000,,,,,,,0.00000,0.00000,a.manokhin,Пакет интерфейса поставки:d537b43f-7c01-49dd-ae60-9617fcd6ffe3,2026-03-24 15:57:42,321305,1997367,2567042,0,ЭКС,,3846248,,,,Годен,,,,
2532502,320811,New,End,,,2567048,,3.00000,ШТ,СМ,,RECV-01,WH1,4.00000,744523,,"Розетка с ЗК, 16А, механизм, КАРБОН  /ARTGALLERY  /GAL001043",10.00000,NEW Заказной товар,,,0,3.00000,ШТ,2026-03-24 00:00:00,EKS000005912,СП,ME-214-07-E-10,WH1,0.21000,КГ,8.00000,,,,,,,0.00000,0.00000,a.manokhin,Пакет интерфейса поставки:d537b43f-7c01-49dd-ae60-9617fcd6ffe3,2026-03-24 15:57:42,321305,1997373,2567048,0,ЭКС,,3846255,,,,Годен,,,,
2532503,320811,New,End,,,2567049,,1.00000,ПЧ,СМ,,RECV-01,WH1,9.00000,744523,,"Розетка с ЗК, 16А, механизм, КАРБОН  /ARTGALLERY  /GAL001043",23.00000,NEW Заказной товар,,,0,5.00000,ШТ,2026-03-24 00:00:00,EKS000005912,СП,ME-214-07-E-10,WH1,0.40000,КГ,9.50000,,,,,,,0.00000,0.00000,a.manokhin,Пакет интерфейса поставки:d537b43f-7c01-49dd-ae60-9617fcd6ffe3,2026-03-24 15:57:42,321305,1997373,2567049,0,ЭКС,,3846256,,,,Годен,,,,
2532504,320811,New,End,,,2567051,,3.00000,ШТ,СМ,,RECV-01,WH1,1.00000,744357,,"Рамка 1-пост, АЛЮМИНИЙ /ARTGALLERY  /GAL000301",8.00000,NEW Заказной товар,,,0,3.00000,ШТ,2026-03-24 00:00:00,EKS000005912,СП,ME-104-07-B-40,WH1,0.03000,КГ,8.00000,,,,,,,0.00000,0.00000,a.manokhin,Пакет интерфейса поставки:d537b43f-7c01-49dd-ae60-9617fcd6ffe3,2026-03-24 15:57:42,321305,1997376,2567051,0,ЭКС,,3846258,,,,Годен,,,,
2532505,320811,New,End,,,2567052,,1.00000,ШТ,СМ,,RECV-01,WH1,0.60000,191548,,"Рамка 2-ая, горизонтальная,""Glossa"" титан GSL000402",10.00000,NEW Заказной товар,,,0,1.00000,ШТ,2026-03-24 00:00:00,EKS000005912,СП,ME-201-01-C-50,WH1,0.10000,КГ,6.00000,,,,,,,0.00000,0.00000,a.manokhin,Пакет интерфейса поставки:d537b43f-7c01-49dd-ae60-9617fcd6ffe3,2026-03-24 15:57:42,321305,1997369,2567052,0,ЭКС,,3846259,,,,Годен,,,,
2532506,320811,New,End,,,2567054,,2.00000,ШТ,СМ,,RECV-01,WH1,3.00000,744378,,"Переключатель 1-кл, сх.6, 10АХ, механизм, АЛЮМИНИЙ /ARTGALLERY  /GAL000361",7.00000,NEW Заказной товар,,,0,2.00000,ШТ,2026-03-24 00:00:00,EKS000005912,СП,ME-102-05-K-20,WH1,0.20000,КГ,7.00000,,,,,,,0.00000,0.00000,a.manokhin,Пакет интерфейса поставки:d537b43f-7c01-49dd-ae60-9617fcd6ffe3,2026-03-24 15:57:42,321305,1997375,2567054,0,ЭКС,,3846262,,,,Годен,,,,
2532507,320811,New,End,,,2567056,,1.00000,ШТ,СМ,,RECV-01,WH1,3.00000,264333,,"Выключатель с/п 2кл. б/рамки ""Glossa"" платина GSL001251",7.00000,NEW Заказной товар,,,0,1.00000,ШТ,2026-03-24 00:00:00,EKS000005912,СП,ME-102-06-F-40,WH1,0.10000,КГ,7.00000,,,,,,,0.00000,0.00000,a.manokhin,Пакет интерфейса поставки:d537b43f-7c01-49dd-ae60-9617fcd6ffe3,2026-03-24 15:57:42,321305,1997366,2567056,0,ЭКС,,3846265,,,,Годен,,,,
2532508,320811,New,End,,,2567057,,1.00000,ШТ,СМ,,RECV-01,WH1,4.00000,744379,,"Переключатель 2-кл, сх.6/2, 10АХ, механизм, АЛЮМИНИЙ /ARTGALLERY  /GAL000365",7.00000,NEW Заказной товар,,,0,1.00000,ШТ,2026-03-24 00:00:00,EKS000005912,СП,ME-201-02-E-30,WH1,0.08000,КГ,7.00000,,,,,,,0.00000,0.00000,a.manokhin,Пакет интерфейса поставки:d537b43f-7c01-49dd-ae60-9617fcd6ffe3,2026-03-24 15:57:42,321305,1997374,2567057,0,ЭКС,,3846266,,,,Годен,,,,
2532509,320811,New,End,,,2567061,,1.00000,ШТ,СМ,,RECV-01,WH1,5.00000,273205,,"Выключатель 1кл о/у (cх.1) изолир.пласт., 10А, 250B, ""Blanca"" алюминий  BLNVA101013",8.00000,NEW Заказной товар,,,0,1.00000,ШТ,2026-03-24 00:00:00,EKS000005912,СП,ME-102-06-L-40,WH1,0.00100,КГ,8.00000,,,,,,,0.00000,0.00000,a.manokhin,Пакет интерфейса поставки:d537b43f-7c01-49dd-ae60-9617fcd6ffe3,2026-03-24 15:57:42,321305,1997378,2567061,0,ЭКС,,3846272,,,,Годен,,,,
2532510,320811,New,End,,,2567063,,1.00000,ШТ,СМ,,RECV-01,WH1,5.00000,223227,,Розетка 2К+З (2мод) красная РКС-20-32-П (ИЭК) CKK-40D-RSZK2-K04-K Праймер,5.00000,NEW Заказной товар,,,0,1.00000,ШТ,2026-03-24 00:00:00,EKS000005912,СП,ME-202-06-C-20,WH1,0.10000,КГ,5.00000,,,,,,,0.00000,0.00000,a.manokhin,Пакет интерфейса поставки:d537b43f-7c01-49dd-ae60-9617fcd6ffe3,2026-03-24 15:57:42,321305,1997368,2567063,0,ЭКС,,3846274,,,,Годен,,,,
2532511,320811,New,End,,,2567064,,1.00000,ПЧ,СМ,,RECV-01,WH1,6.00000,223227,,Розетка 2К+З (2мод) красная РКС-20-32-П (ИЭК) CKK-40D-RSZK2-K04-K Праймер,25.00000,NEW Заказной товар,,,0,10.00000,ШТ,2026-03-24 00:00:00,EKS000005912,СП,ME-103-07-L-40,WH1,1.00000,КГ,10.00000,,,,,,,0.00000,0.00000,a.manokhin,Пакет интерфейса поставки:d537b43f-7c01-49dd-ae60-9617fcd6ffe3,2026-03-24 15:57:42,321305,1997368,2567064,0,ЭКС,,3846275,,,,Годен,,,,
2532512,320810,New,End,,,2567067,,1.00000,ШТ,СМ,,RECV-01,WH1,4.00000,584826,,Устройство защиты многофункциональное УЗМ-50Ц УХЛ4,8.00000,NEW Заказной товар,,,0,1.00000,ШТ,2026-03-24 00:00:00,EKS000005909,СП,ME-104-04-K-30,WH1,0.10000,КГ,7.00000,,,,,,,0.00000,0.00000,a.manokhin,Пакет интерфейса поставки:d537b43f-7c01-49dd-ae60-9617fcd6ffe3,2026-03-24 15:57:30,321302,1997359,2567067,0,ЭКС,,3846278,,,,Годен,,,,
2532513,320810,New,End,,,2567070,,4.00000,ШТ,СМ,,RECV-01,WH1,5.00000,467964,,Выключатель автоматический модульный YON MD63-1C6-10 10kA,8.00000,NEW Заказной товар,,,0,4.00000,ШТ,2026-03-24 00:00:00,EKS000005909,СП,ME-201-04-G-40,WH1,0.44000,КГ,2.00000,,,,,,,0.00000,0.00000,a.manokhin,Пакет интерфейса поставки:d537b43f-7c01-49dd-ae60-9617fcd6ffe3,2026-03-24 15:57:30,321302,1997360,2567070,0,ЭКС,,3846284,,,,Годен,,,,
2532514,320812,New,End,,,2567071,,1.00000,ШТ,СМ,,RECV-01,WH1,10.50000,806419,,"Гвозди по бетону  TOUA 3,05x19 мм, 1000 шт. (по бетону, металлу, кирпичу) Bullet Point  усиленный",19.50000,NEW Заказной товар,,,0,1.00000,ШТ,2026-03-24 00:00:00,EKS000005918,СП,ME-201-04-L-40,WH1,1.33000,КГ,12.50000,,,,,,,0.00000,0.00000,n.bezrukov,Пакет интерфейса поставки:d537b43f-7c01-49dd-ae60-9617fcd6ffe3,2026-03-24 15:57:50,321313,1997388,2567071,0,ЭКС,,3846285,,,,Годен,,,,
2532515,320811,New,End,,,2567072,,2.00000,ШТ,СМ,,RECV-01,WH1,6.00000,390793,,Тройник Т-01/03В 3 места 2P+PE 16А с выкл. белый IEK,19.00000,NEW Заказной товар,,,0,2.00000,ШТ,2026-03-24 00:00:00,EKS000005912,СП,ME-201-06-B-40,WH1,0.60000,КГ,9.00000,,,,,,,0.00000,0.00000,a.manokhin,Пакет интерфейса поставки:d537b43f-7c01-49dd-ae60-9617fcd6ffe3,2026-03-24 15:57:42,321305,1997377,2567072,0,ЭКС,,3846286,,,,Годен,,,,
2532516,320811,New,End,,,2567073,,2.00000,ШТ,СМ,,RECV-01,WH1,3.50000,155714,,"Переключатель LAY5-BJ33 3 положения ""I-0-II"" длин ручка ИЭК",8.00000,NEW Заказной товар,,,0,2.00000,ШТ,2026-03-24 00:00:00,EKS000005912,СП,ME-119-06-C-30,WH1,0.19000,КГ,4.50000,,,,,,,0.00000,0.00000,a.manokhin,Пакет интерфейса поставки:d537b43f-7c01-49dd-ae60-9617fcd6ffe3,2026-03-24 15:57:42,321305,1997370,2567073,0,ЭКС,,3846287,,,,Годен,,,,
2532517,320812,New,End,,,2567074,,1.00000,ПЧ,СМ,,RECV-01,WH1,7.00000,763615,,Баллон газовый TOUA с зеленым клапаном (длина 165 мм)  Стандарт,21.00000,NEW Заказной товар,,,0,10.00000,ШТ,2026-03-24 00:00:00,EKS000005918,СП,ME-215-05-F-40,WH1,1.04000,КГ,17.00000,,,,,,,0.00000,0.00000,n.bezrukov,Пакет интерфейса поставки:d537b43f-7c01-49dd-ae60-9617fcd6ffe3,2026-03-24 15:57:50,321313,1997389,2567074,0,ЭКС,,3846289,,,,Годен,,,,
2532518,320814,New,End,,,2567081,,10.00000,ШТ,СМ,,RECV-01,WH1,3.00000,866533,,"Набор г-образных шестигранных шаровых ключей 10 шт Gigant, размеры 1,5-10мм, grf-122",20.00000,NEW Заказной товар,,,0,10.00000,ШТ,2026-03-24 00:00:00,EKS000005920,СП,ME-201-06-E-30,WH1,3.00000,КГ,10.00000,,,,,,,0.00000,0.00000,n.bezrukov,Пакет интерфейса поставки:685ad7bb-92d1-4ab5-8795-ed52b5801758,2026-03-24 15:59:38,321315,1997391,2567081,0,ЭКС,,3846300,,,,Годен,,,,
2532519,320813,New,End,,,2567082,,20.00000,ШТ,СМ,,RECV-01,WH1,13.00000,170367,,Лампа LED E27  Corn  12W/840  230V кукуруза 72LED Ecola 108х41мм,4.50000,NEW Заказной товар,,,0,20.00000,ШТ,2026-03-24 00:00:00,EKS000005917,СП,ME-201-07-D-20,WH1,2.20000,КГ,4.50000,,,,,,,0.00000,0.00000,n.bezrukov,Пакет интерфейса поставки:685ad7bb-92d1-4ab5-8795-ed52b5801758,2026-03-24 15:59:29,321312,1997387,2567082,0,ЭКС,,3846301,,,,Годен,,,,
2532520,320815,New,End,,,2566995,,2.00000,ПЧ,СМ,,RECV-01,WH1,6.00000,515686,,Скоба металлическая двухлапковая СМД 31-32 (50 шт/уп),19.00000,NEW Заказной товар,,,0,100.00000,ШТ,2026-03-25 00:00:00,EKS000005889,СП,ME-216-05-E-60,WH1,0.80000,КГ,14.00000,,,,,,,0.00000,0.00000,a.savitskiy,Пакет интерфейса поставки:b4d48764-9257-4879-a0be-ccdb5bea050f,2026-03-24 16:27:38,321281,1997320,2566995,0,ЭКС,,3846161,,,,Годен,,,,
2532521,320815,New,End,,,2567002,,36.00000,ПЧ,СМ,,RECV-01,WH1,6.00000,515686,,Скоба металлическая двухлапковая СМД 31-32 (50 шт/уп),19.00000,NEW Заказной товар,,,0,1800.00000,ШТ,2026-03-25 00:00:00,EKS000005889,СП,ME-216-05-E-60,WH1,14.40000,КГ,14.00000,,,,,,,0.00000,0.00000,a.savitskiy,Пакет интерфейса поставки:b4d48764-9257-4879-a0be-ccdb5bea050f,2026-03-24 16:27:38,321281,1997320,2567002,0,ЭКС,,3846170,,,,Годен,,,,
2532522,320815,New,End,,,2567020,,3.00000,ПЧ,СМ,,RECV-01,WH1,8.00000,392897,,Кабель-канал белый 2-й замок в п/э 25х16 (80м/уп) Промрукав,200.00000,NEW Кабель-канал,,,0,240.00000,М,2026-03-25 00:00:00,EKS000005889,СП,ZX-19-27-A-10,WH1,27.00000,КГ,20.00000,,,,,,,0.00000,0.00000,a.savitskiy,Пакет интерфейса поставки:b4d48764-9257-4879-a0be-ccdb5bea050f,2026-03-24 16:27:38,321281,1997322,2567020,0,ЭКС,,3846207,,,,Годен,,,,
2532523,320815,New,End,,,2567025,,2.00000,ПЧ,СМ,,RECV-01,WH1,1.00000,424963,,"Стяжки кабельные стальные СКС (316) 7,9х200 (100 шт/уп)",29.00000,NEW Заказной товар,,,0,200.00000,ШТ,2026-03-25 00:00:00,EKS000005889,СП,ME-102-06-J-20,WH1,1.00000,КГ,10.00000,,,,,,,0.00000,0.00000,a.savitskiy,Пакет интерфейса поставки:b4d48764-9257-4879-a0be-ccdb5bea050f,2026-03-24 16:27:38,321281,1997321,2567025,0,ЭКС,,3846227,,,,Годен,,,,
2532524,320815,New,End,,,2567055,,8.00000,ШТ,СМ,,RECV-01,WH1,6.00000,579861,,Муфта соединительная для двустенных труб d50 мм,11.00000,NEW Заказной товар,,,0,8.00000,ШТ,2026-03-25 00:00:00,EKS000005889,СП,ME-102-06-A-20,WH1,0.04000,КГ,6.00000,,,,,,,0.00000,0.00000,a.savitskiy,Пакет интерфейса поставки:b4d48764-9257-4879-a0be-ccdb5bea050f,2026-03-24 16:27:38,321281,1997318,2567055,0,ЭКС,,3846263,,,,Годен,,,,
2532525,320815,New,End,,,2567091,,7.00000,ПЧ,СМ,,RECV-01,WH1,5.50000,529607,,Хомут заземления д 5-48 мм (нерж. сталь) Промрукав (Длина ленты: 21 см),25.00000,NEW Заказной товар,,,0,70.00000,ШТ,2026-03-25 00:00:00,EKS000005889,СП,ME-108-05-A-40,WH1,3.50000,КГ,8.50000,,,,,,,0.00000,0.00000,a.savitskiy,Пакет интерфейса поставки:b4d48764-9257-4879-a0be-ccdb5bea050f,2026-03-24 16:27:38,321281,1997319,2567091,0,ЭКС,,3846321,,,,Годен,,,,
2532526,320815,New,End,,,2567092,,8.00000,ШТ,СМ,,RECV-01,WH1,3.00000,529607,,Хомут заземления д 5-48 мм (нерж. сталь) Промрукав (Длина ленты: 21 см),22.00000,NEW Заказной товар,,,0,8.00000,ШТ,2026-03-25 00:00:00,EKS000005889,СП,ME-108-05-A-40,WH1,0.40000,КГ,5.00000,,,,,,,0.00000,0.00000,a.savitskiy,Пакет интерфейса поставки:b4d48764-9257-4879-a0be-ccdb5bea050f,2026-03-24 16:27:38,321281,1997319,2567092,0,ЭКС,,3846322,,,,Годен,,,,
2532527,320815,New,End,,,2567139,,6.00000,ПЧ,СМ,,RECV-01,WH1,2.00000,391894,,Хомут (FR ПР-25) (100шт/5000шт уп/кор) Промрукав,12.00000,NEW Заказной товар,,,0,600.00000,ШТ,2026-03-25 00:00:00,EKS000005889,СП,ME-103-02-B-40,WH1,1.20000,КГ,12.00000,,,,,,,0.00000,0.00000,a.savitskiy,Пакет интерфейса поставки:b4d48764-9257-4879-a0be-ccdb5bea050f,2026-03-24 16:27:38,321281,1997317,2567139,0,ЭКС,,3846395,,,,Годен,,,,
2532528,320816,New,End,,,2567119,,1.00000,КР,СМ,,RECV-01,WH1,35.00000,747849,,Коробка установочная СП ГСК 80-0600-2С стойкая к горению (ПВ-2) 68х45 Промрукав 80-0600-2С,50.00000,NEW Класс C,,,0,200.00000,ШТ,2026-03-25 00:00:00,EKS000005894,СП,ME-116-06-B-50,WH1,4.44000,КГ,31.50000,,,,,,,0.00000,0.00000,a.savitskiy,Пакет интерфейса поставки:4c863b8c-dad1-452a-888f-c0375922731f,2026-03-24 16:31:27,321286,1997335,2567119,0,ЭКС,,3846365,,,,Годен,,,,
2532529,320817,New,End,,,2567003,,1.00000,ПЛ,СМ,,RECV-01,WH1,120.00000,485843,,Коробка распаячная ОП (100х100х50) IP66 для прямого монтажа двухкомп-я безгалоген. (HF) серая Промру,120.00000,"NEW Класс A, ПЛ",,,0,792.00000,ШТ,2026-03-25 00:00:00,EKS000005892,СП,ZX-11-08-B-30,WH1,150.00000,КГ,80.00000,,,,,,,0.00000,0.00000,a.savitskiy,Пакет интерфейса поставки:ef5ead89-83de-4cb4-876d-e4f8512eb01b,2026-03-24 16:33:37,321284,1997332,2567003,0,ЭКС,,3846172,,,,Годен,,,,
2532530,320817,New,End,,,2567004,,5.00000,КР,СМ,,RECV-01,WH1,32.00000,485843,,Коробка распаячная ОП (100х100х50) IP66 для прямого монтажа двухкомп-я безгалоген. (HF) серая Промру,51.00000,NEW Класс A,,,0,330.00000,ШТ,2026-03-25 00:00:00,EKS000005892,СП,ZX-07-09-B-20,WH1,25.00000,КГ,36.00000,,,,,,,0.00000,0.00000,a.savitskiy,Пакет интерфейса поставки:ef5ead89-83de-4cb4-876d-e4f8512eb01b,2026-03-24 16:33:37,321284,1997332,2567004,0,ЭКС,,3846172,,,,Годен,,,,
2532531,320817,New,End,,,2567007,,1.00000,КР,СМ,,RECV-01,WH1,37.00000,503656,,"Коробка распаячная ОП (70х70х40) IP66  для прямого монтажа двухком-я безгалоген, (HF) серая Промрука",52.00000,NEW Заказной товар,,,0,150.00000,ШТ,2026-03-25 00:00:00,EKS000005892,СП,ME-101-08-E-50,WH1,15.00000,КГ,32.00000,,,,,,,0.00000,0.00000,a.savitskiy,Пакет интерфейса поставки:ef5ead89-83de-4cb4-876d-e4f8512eb01b,2026-03-24 16:33:37,321284,1997330,2567007,0,ЭКС,,3846175,,,,Годен,,,,
2532532,320817,New,End,,,2567112,,1.00000,КР,СМ,,RECV-01,WH1,37.00000,503656,,"Коробка распаячная ОП (70х70х40) IP66  для прямого монтажа двухком-я безгалоген, (HF) серая Промрука",52.00000,NEW Заказной товар,,,0,150.00000,ШТ,2026-03-25 00:00:00,EKS000005892,СП,ME-103-04-C-50,WH1,15.00000,КГ,32.00000,,,,,,,0.00000,0.00000,a.savitskiy,Пакет интерфейса поставки:ef5ead89-83de-4cb4-876d-e4f8512eb01b,2026-03-24 16:33:37,321284,1997330,2567112,0,ЭКС,,3846355,,,,Годен,,,,
2532533,320817,New,End,,,2567114,,2.00000,КР,СМ,,RECV-01,WH1,35.00000,485891,,"Коробка распаячная ОП (70х70х40) IP66  для прямого монтажа двухком-я безгалоген, (HF) черная Промрук",50.00000,NEW Класс C,,,0,300.00000,ШТ,2026-03-25 00:00:00,EKS000005892,СП,ME-112-03-D-50,WH1,6.00000,КГ,32.00000,,,,,,,0.00000,0.00000,a.savitskiy,Пакет интерфейса поставки:ef5ead89-83de-4cb4-876d-e4f8512eb01b,2026-03-24 16:33:37,321284,1997331,2567114,0,ЭКС,,3846358,,,,Годен,,,,
2532534,320819,New,End,,,2567062,,1.00000,КР,СМ,,RECV-01,WH1,35.00000,617469,,Коробка установочная углубленная 80-0510С безгалогенная (HF) 68х62 с саморезами красная Промрукав,50.00000,NEW Заказной товар,,,0,140.00000,ШТ,2026-03-25 00:00:00,EKS000005899,СП,ME-102-04-B-50,WH1,1.40000,КГ,30.00000,,,,,,,0.00000,0.00000,a.savitskiy,Пакет интерфейса поставки:0b69a33a-cef9-4aa4-8000-d5d50d39e2c8,2026-03-24 16:35:41,321291,1997343,2567062,0,ЭКС,,3846273,,,,Годен,,,,
2532535,320819,New,End,,,2567093,,1.00000,КР,СМ,,RECV-01,WH1,35.00000,617469,,Коробка установочная углубленная 80-0510С безгалогенная (HF) 68х62 с саморезами красная Промрукав,50.00000,NEW Заказной товар,,,0,140.00000,ШТ,2026-03-25 00:00:00,EKS000005899,СП,ME-102-07-A-50,WH1,1.40000,КГ,30.00000,,,,,,,0.00000,0.00000,a.savitskiy,Пакет интерфейса поставки:0b69a33a-cef9-4aa4-8000-d5d50d39e2c8,2026-03-24 16:35:41,321291,1997343,2567093,0,ЭКС,,3846327,,,,Годен,,,,
2532536,320818,New,End,,,2567113,,1.00000,КР,СМ,,RECV-01,WH1,29.00000,452050,,Коробка распаячная ОП 40-0210 безгалогенная (HF) 80х80х40 (105шт/кор) Промрукав,47.00000,NEW Класс C,,,0,105.00000,ШТ,2026-03-25 00:00:00,EKS000005897,СП,ME-212-04-E-30,WH1,9.00000,КГ,32.00000,,,,,,,0.00000,0.00000,a.savitskiy,Пакет интерфейса поставки:0b69a33a-cef9-4aa4-8000-d5d50d39e2c8,2026-03-24 16:35:33,321289,1997341,2567113,0,ЭКС,,3846357,,,,Годен,,,,
2532537,320820,New,End,,,2567078,,2.00000,КР,СМ,,RECV-01,WH1,20.00000,485874,,Держатель - клипса d25 для монтажного пистолета серая,40.00000,NEW Класс B,,,0,1400.00000,ШТ,2026-03-25 00:00:00,EKS000005882,СП,ME-201-05-F-10,WH1,7.00000,КГ,24.00000,,,,,,,0.00000,0.00000,a.savitskiy,Пакет интерфейса поставки:edf5ab03-69fa-433f-afb8-9eb591d6182a,2026-03-24 16:37:26,321274,1997298,2567078,0,ЭКС,,3846296,,,,Годен,,,,
2532538,320820,New,End,,,2567136,,4.00000,ПЧ,СМ,,RECV-01,WH1,15.00000,485874,,Держатель - клипса d25 для монтажного пистолета серая,23.00000,NEW Класс B,,,0,400.00000,ШТ,2026-03-25 00:00:00,EKS000005882,СП,ME-106-04-C-40,WH1,2.00000,КГ,8.00000,,,,,,,0.00000,0.00000,a.savitskiy,Пакет интерфейса поставки:edf5ab03-69fa-433f-afb8-9eb591d6182a,2026-03-24 16:37:26,321274,1997298,2567136,0,ЭКС,,3846390,,,,Годен,,,,
2532539,320821,New,End,,,2567138,,1.00000,ПЧ,СМ,,RECV-01,WH1,5.00000,575697,,Крепёж-клипса для труб Полистирол белая д16 (100шт/2000шт уп/кор),15.00000,NEW Заказной товар,,,0,100.00000,ШТ,2026-03-25 00:00:00,EKS000005893,СП,ME-220-04-F-40,WH1,0.30000,КГ,15.00000,,,,,,,0.00000,0.00000,a.savitskiy,Пакет интерфейса поставки:edf5ab03-69fa-433f-afb8-9eb591d6182a,2026-03-24 16:37:35,321285,1997334,2567138,0,ЭКС,,3846393,,,,Годен,,,,
2532540,320821,New,End,,,2567150,,1.00000,ББ,СМ,4712-12-31 00:00:00,RECV-01,WH1,22.00000,428686,,Труба гофрированная ПЛЛ легкая безгалогенная (HF) негорючая (НГ) белая с/з д16 (100м/5500м уп/пал) П,45.00000,NEW Гофротруба,100,,0,100.00000,М,2026-03-25 00:00:00,EKS000005893,СП,ZX-10-11-C-50,WH1,5.00000,КГ,45.00000,,,,,,,0.00000,0.00000,a.savitskiy,Пакет интерфейса поставки:edf5ab03-69fa-433f-afb8-9eb591d6182a,2026-03-24 16:37:35,321285,1997333,2567150,0,ЭКС,,3846422,,,,Годен,,,,
2532541,320822,New,End,,,2567186,,4.00000,ПЧ,СМ,,RECV-01,WH1,6.50000,882584,,Реле промежуточное ПР-102 5А 110В AC 3 конт. с LED-индикацией,15.00000,NEW Заказной товар,,,0,80.00000,ШТ,2026-03-26 00:00:00,EKS000005934,СП,ME-102-04-F-30,WH1,2.76000,КГ,10.00000,,,,,,,0.00000,0.00000,a.savitskiy,Пакет интерфейса поставки:86d4b0e6-e5ea-4aca-99c8-55f4f2e0008c,2026-03-24 16:39:16,321329,1997466,2567186,0,ЭКС,,3846491,,,,Годен,,,,
2532542,320823,New,End,,,2567088,,2.00000,ШТ,СМ,,RECV-01,WH1,12.00000,797904,,"Экопласт JBS300 Коробка распределительная о/п 300х250х120 8 вых., 12 муфты 44030",30.00000,NEW Заказной товар,,,0,2.00000,ШТ,2026-03-23 00:00:00,EKS000005933,СП,ME-211-06-D-20,WH1,2.00000,КГ,25.00000,,,,,,,0.00000,0.00000,n.bezrukov,Пакет интерфейса поставки:34255bf0-627b-4d1c-9677-43622dea8cf0,2026-03-24 16:41:26,321328,1997465,2567088,0,ЭКС,,3846314,,,,Годен,,,,
2532543,320824,New,End,,,2566994,,1.00000,ББ,СМ,,RECV-01,WH1,12.00000,419140,,"Трубка ТВ-40 ПВХ 4 мм ""кембрик"" (150 м/уп)",27.00000,NEW Заказной товар,,,0,150.00000,М,2026-03-25 00:00:00,EKS000005896,СП,ME-225-08-D-40,WH1,1.50000,КГ,27.00000,,,,,,,0.00000,0.00000,a.savitskiy,Пакет интерфейса поставки:146dc78c-42ac-4cc7-a72a-4ade65766eac,2026-03-24 16:43:36,321288,1997340,2566994,0,ЭКС,,3846160,,,,Годен,,,,
2532544,320824,New,End,,,2567021,,1.00000,ПЧ,СМ,,RECV-01,WH1,20.00000,625481,,Кабель-канал белый 2-й замок в п/э 80х40 (30м/уп),200.00000,NEW Кабель-канал,,,0,30.00000,М,2026-03-25 00:00:00,EKS000005896,СП,ZX-19-09-A-10,WH1,7.00000,КГ,24.00000,,,,,,,0.00000,0.00000,a.savitskiy,Пакет интерфейса поставки:146dc78c-42ac-4cc7-a72a-4ade65766eac,2026-03-24 16:43:36,321288,1997339,2567021,0,ЭКС,,3846209,,,,Годен,,,,
2532545,320824,New,End,,,2567153,,2.00000,ББ,СМ,4712-12-31 00:00:00,RECV-01,WH1,25.00000,390575,,Труба  ПВХ  d16 гибкая лёгкая с протяжкой (100м),40.00000,NEW Гофротруба BIG,100,,0,200.00000,М,2026-03-25 00:00:00,EKS000005896,СП,ZX-12-12-A-40,WH1,5.70000,КГ,40.00000,,,,,,,0.00000,0.00000,a.savitskiy,Пакет интерфейса поставки:146dc78c-42ac-4cc7-a72a-4ade65766eac,2026-03-24 16:43:36,321288,1997337,2567153,0,ЭКС,,3846428,,,,Годен,,,,
2532546,320824,New,End,,,2567155,,2.00000,ББ,СМ,4712-12-31 00:00:00,RECV-01,WH1,25.00000,390575,,Труба  ПВХ  d16 гибкая лёгкая с протяжкой (100м),40.00000,NEW Гофротруба BIG,100,,0,200.00000,М,2026-03-25 00:00:00,EKS000005896,СП,ZX-12-19-A-40,WH1,5.70000,КГ,40.00000,,,,,,,0.00000,0.00000,a.savitskiy,Пакет интерфейса поставки:146dc78c-42ac-4cc7-a72a-4ade65766eac,2026-03-24 16:43:36,321288,1997338,2567155,0,ЭКС,,3846431,,,,Годен,,,,
2532547,320825,New,End,,,2567146,,1.00000,ПЧ,СМ,,RECV-01,WH1,6.00000,525793,,Стеновое крепление лотка (кронштейн) LP5000,10.00000,NEW Класс C,,,0,10.00000,ШТ,2026-03-24 00:00:00,EKS000005932,СП,ME-212-05-B-40,WH1,0.90000,КГ,6.00000,,,,,,,0.00000,0.00000,n.bezrukov,Пакет интерфейса поставки:76f697eb-ebfb-435a-ae36-153fff0cc317,2026-03-24 16:47:17,321327,1997464,2567146,0,ЭКС,,3846417,,,,Годен,,,,
2532548,320826,New,End,,,2567115,,2.00000,ББ,СМ,4712-12-31 00:00:00,RECV-01,WH1,15.00000,318594,,"Труба ПЛЛ гибкая гофр. не содержит галогенов д.25мм, ПВ-0, с протяжкой,50м, цвет белый 81825",60.00000,NEW Гофротруба,50,,0,100.00000,М,2026-03-24 00:00:00,EKS000005930,СП,ZX-09-08-B-50,WH1,5.00000,КГ,60.00000,,,,,,,0.00000,0.00000,n.bezrukov,Пакет интерфейса поставки:75b019f4-f708-4fd1-b970-ab47d34c379c,2026-03-24 16:53:30,321325,1997431,2567115,0,ЭКС,,3846359,,,,Годен,,,,
2532549,320826,New,End,,,2567116,,2.00000,ББ,СМ,4712-12-31 00:00:00,RECV-01,WH1,13.00000,47038,,Труба ПВХ гибкая гофрированная тяжелая 32мм 91532,57.00000,NEW Гофротруба BIG,25,,0,50.00000,М,2026-03-24 00:00:00,EKS000005930,СП,ZX-20-19-A-20,WH1,1.00000,КГ,57.00000,,,,,,,0.00000,0.00000,n.bezrukov,Пакет интерфейса поставки:75b019f4-f708-4fd1-b970-ab47d34c379c,2026-03-24 16:53:30,321325,1997433,2567116,0,ЭКС,,3846362,,,,Годен,,,,
2532550,320826,New,End,,,2567117,,1.00000,ББ,СМ,4712-12-31 00:00:00,RECV-01,WH1,14.00000,36732,,Труба ПВХ гибкая гофрированная тяжелая 25мм 91525,60.00000,NEW Гофротруба BIG,50,,0,50.00000,М,2026-03-24 00:00:00,EKS000005930,СП,ZX-17-02-A-40,WH1,6.40000,КГ,60.00000,,,,,,,0.00000,0.00000,n.bezrukov,Пакет интерфейса поставки:75b019f4-f708-4fd1-b970-ab47d34c379c,2026-03-24 16:53:30,321325,1997432,2567117,0,ЭКС,,3846363,,,,Годен,,,,
2532551,320826,New,End,,,2567118,,1.00000,ШТ,СМ,,RECV-01,WH1,22.00000,208670,,Корпус сварной навесной серии ST с М/П Размер: 500x400x250 мм (ВхШхГ) IP65,55.00000,NEW Заказной товар,,,0,1.00000,ШТ,2026-03-24 00:00:00,EKS000005930,СП,ME-108-06-D-40,WH1,10.00000,КГ,40.00000,,,,,,,0.00000,0.00000,n.bezrukov,Пакет интерфейса поставки:75b019f4-f708-4fd1-b970-ab47d34c379c,2026-03-24 16:53:30,321325,1997446,2567118,0,ЭКС,,3846364,,,,Годен,,,,
2532552,320826,New,End,,,2567123,,14.00000,ПЧ,СМ,,RECV-01,WH1,16.00000,808696,,"DKC Лента изоляционная ПВХ 19x0,15 20м в рулоне Красная",7.00000,NEW Заказной товар,,,0,112.00000,ШТ,2026-03-24 00:00:00,EKS000005930,СП,ME-219-04-D-50,WH1,4.20000,КГ,7.00000,,,,,,,0.00000,0.00000,n.bezrukov,Пакет интерфейса поставки:75b019f4-f708-4fd1-b970-ab47d34c379c,2026-03-24 16:53:30,321325,1997439,2567123,0,ЭКС,,3846371,,,,Годен,,,,
2532553,320826,New,End,,,2567124,,3.00000,ШТ,СМ,,RECV-01,WH1,2.00000,808696,,"DKC Лента изоляционная ПВХ 19x0,15 20м в рулоне Красная",7.00000,NEW Заказной товар,,,0,3.00000,ШТ,2026-03-24 00:00:00,EKS000005930,СП,ME-219-04-D-50,WH1,0.03000,КГ,7.00000,,,,,,,0.00000,0.00000,n.bezrukov,Пакет интерфейса поставки:75b019f4-f708-4fd1-b970-ab47d34c379c,2026-03-24 16:53:30,321325,1997439,2567124,0,ЭКС,,3846372,,,,Годен,,,,
2532554,320826,New,End,,,2567125,,1.00000,ШТ,СМ,,RECV-01,WH1,11.00000,839479,,Корпус встр. пласт. 2 ряда / 24 модуля ЩРВ-П-24 IP40 с 4 шин. PEN (8 отв. и 6 отв) FRAME,42.00000,NEW Заказной товар,,,0,1.00000,ШТ,2026-03-24 00:00:00,EKS000005930,СП,ME-213-06-A-50,WH1,2.70000,КГ,32.00000,,,,,,,0.00000,0.00000,n.bezrukov,Пакет интерфейса поставки:75b019f4-f708-4fd1-b970-ab47d34c379c,2026-03-24 16:53:30,321325,1997435,2567125,0,ЭКС,,3846373,,,,Годен,,,,
2532555,320826,New,End,,,2567126,,4.00000,ПЧ,СМ,,RECV-01,WH1,2.00000,114803,,"Наконечник с отверстием под винт и изолир.фланцем, 0,25-1,5мм 2A4P",12.00000,NEW Заказной товар,,,0,400.00000,ШТ,2026-03-24 00:00:00,EKS000005930,СП,ME-101-08-C-30,WH1,0.20000,КГ,6.00000,,,,,,,0.00000,0.00000,n.bezrukov,Пакет интерфейса поставки:75b019f4-f708-4fd1-b970-ab47d34c379c,2026-03-24 16:53:30,321325,1997438,2567126,0,ЭКС,,3846374,,,,Годен,,,,
2532556,320826,New,End,,,2567127,,9.00000,ШТ,СМ,,RECV-01,WH1,5.00000,391696,,"Муфта металлорукав-коробка DN 26,М25х1,5 наружная резьба ДКС 6014-2527",5.00000,NEW Заказной товар,,,0,9.00000,ШТ,2026-03-24 00:00:00,EKS000005930,СП,ME-102-02-F-40,WH1,7.65000,КГ,5.00000,,,,,,,0.00000,0.00000,n.bezrukov,Пакет интерфейса поставки:75b019f4-f708-4fd1-b970-ab47d34c379c,2026-03-24 16:53:30,321325,1997441,2567127,0,ЭКС,,3846378,,,,Годен,,,,
2532557,320826,New,End,,,2567128,,2.00000,ШТ,СМ,,RECV-01,WH1,10.00000,228923,,"Обогреватель с клеммной колодкой,  P=150 R5SHT150",22.00000,NEW Заказной товар,,,0,2.00000,ШТ,2026-03-24 00:00:00,EKS000005930,СП,ME-102-03-B-20,WH1,1.76000,КГ,12.00000,,,,,,,0.00000,0.00000,n.bezrukov,Пакет интерфейса поставки:75b019f4-f708-4fd1-b970-ab47d34c379c,2026-03-24 16:53:30,321325,1997444,2567128,0,ЭКС,,3846379,,,,Годен,,,,
2532558,320826,New,End,,,2567129,,2.00000,ПЧ,СМ,,RECV-01,WH1,4.20000,204277,,Шайба М8 узкая DIN125 CM240800,9.00000,NEW Заказной товар,,,0,200.00000,ШТ,2026-03-24 00:00:00,EKS000005930,СП,ME-101-05-L-30,WH1,0.26000,КГ,6.60000,,,,,,,0.00000,0.00000,n.bezrukov,Пакет интерфейса поставки:75b019f4-f708-4fd1-b970-ab47d34c379c,2026-03-24 16:53:30,321325,1997437,2567129,0,ЭКС,,3846380,,,,Годен,,,,
2532559,320826,New,End,,,2567130,,2.00000,ПЧ,СМ,,RECV-01,WH1,7.00000,285030,,Усиленный клиновой анкер М8х65  CM480865,12.00000,NEW Заказной товар,,,0,100.00000,ШТ,2026-03-24 00:00:00,EKS000005930,СП,ME-222-07-B-40,WH1,3.00000,КГ,9.00000,,,,,,,0.00000,0.00000,n.bezrukov,Пакет интерфейса поставки:75b019f4-f708-4fd1-b970-ab47d34c379c,2026-03-24 16:53:30,321325,1997443,2567130,0,ЭКС,,3846381,,,,Годен,,,,
2532560,320826,New,End,,,2567131,,1.00000,ПЧ,СМ,,RECV-01,WH1,1.00000,357487,,Наконечник кольцевой под винт 16 кв.мм винт 8 мм 2E8,10.00000,NEW Заказной товар,,,0,100.00000,ШТ,2026-03-24 00:00:00,EKS000005930,СП,ME-103-04-J-40,WH1,0.20000,КГ,8.00000,,,,,,,0.00000,0.00000,n.bezrukov,Пакет интерфейса поставки:75b019f4-f708-4fd1-b970-ab47d34c379c,2026-03-24 16:53:30,321325,1997442,2567131,0,ЭКС,,3846382,,,,Годен,,,,
2532561,320826,New,End,,,2567132,,7.00000,ПЧ,СМ,,RECV-01,WH1,7.00000,808697,,"DKC Лента изоляционная ПВХ 19x0,15 20м в рулоне Синяя",16.00000,NEW Заказной товар,,,0,56.00000,ШТ,2026-03-24 00:00:00,EKS000005930,СП,ME-217-07-E-20,WH1,1.40000,КГ,7.00000,,,,,,,0.00000,0.00000,n.bezrukov,Пакет интерфейса поставки:75b019f4-f708-4fd1-b970-ab47d34c379c,2026-03-24 16:53:30,321325,1997436,2567132,0,ЭКС,,3846383,,,,Годен,,,,
2532562,320826,New,End,,,2567133,,1.00000,ШТ,СМ,,RECV-01,WH1,2.00000,808697,,"DKC Лента изоляционная ПВХ 19x0,15 20м в рулоне Синяя",7.00000,NEW Заказной товар,,,0,1.00000,ШТ,2026-03-24 00:00:00,EKS000005930,СП,ME-217-07-E-20,WH1,0.01000,КГ,7.00000,,,,,,,0.00000,0.00000,n.bezrukov,Пакет интерфейса поставки:75b019f4-f708-4fd1-b970-ab47d34c379c,2026-03-24 16:53:30,321325,1997436,2567133,0,ЭКС,,3846385,,,,Годен,,,,
2532563,320826,New,End,,,2567134,,1.00000,КР,СМ,,RECV-01,WH1,19.00000,808695,,"DKC Лента изоляционная ПВХ 19x0,15 20м в рулоне Белая",38.00000,NEW Заказной товар,,,0,160.00000,ШТ,2026-03-24 00:00:00,EKS000005930,СП,ME-212-06-E-30,WH1,11.00000,КГ,30.00000,,,,,,,0.00000,0.00000,n.bezrukov,Пакет интерфейса поставки:75b019f4-f708-4fd1-b970-ab47d34c379c,2026-03-24 16:53:30,321325,1997440,2567134,0,ЭКС,,3846386,,,,Годен,,,,
2532564,320826,New,End,,,2567135,,1.00000,ШТ,СМ,,RECV-01,WH1,29.00000,208677,,Корпус сварной навесной серии ST с М/П Размер: 600x400x250 мм (ВхШхГ) IP65,60.00000,NEW Заказной товар,,,0,1.00000,ШТ,2026-03-24 00:00:00,EKS000005930,СП,ZX-14-26-C-10,WH1,15.00000,КГ,40.00000,,,,,,,0.00000,0.00000,n.bezrukov,Пакет интерфейса поставки:75b019f4-f708-4fd1-b970-ab47d34c379c,2026-03-24 16:53:30,321325,1997445,2567135,0,ЭКС,,3846389,,,,Годен,,,,
2532565,320826,New,End,,,2567140,,1.00000,ШТ,СМ,,RECV-01,WH1,2.00000,848158,,Комплект для крепления встраиваемых щитков FRAME в полые стены,12.00000,NEW Заказной товар,,,0,1.00000,ШТ,2026-03-24 00:00:00,EKS000005930,СП,ME-103-04-K-20,WH1,0.02000,КГ,9.00000,,,,,,,0.00000,0.00000,n.bezrukov,Пакет интерфейса поставки:75b019f4-f708-4fd1-b970-ab47d34c379c,2026-03-24 16:53:30,321325,1997434,2567140,0,ЭКС,,3846400,,,,Годен,,,,
2532566,320826,New,End,,,2567141,,12.00000,М,СМ,,RECV-01,WH1,1.80000,207201,,"С-обр. профиль для пров. лотка 41х21, L3000 FPL2130",100.00000,NEW Длинные 3 м,,,0,12.00000,М,2026-03-24 00:00:00,EKS000005930,СП,ZX-20-27-D-15,WH1,12.00000,КГ,4.00000,,,,,,,0.00000,0.00000,n.bezrukov,Пакет интерфейса поставки:75b019f4-f708-4fd1-b970-ab47d34c379c,2026-03-24 16:53:30,321325,1997447,2567141,0,ЭКС,,3846405,,,,Годен,,,,
2532567,320826,New,End,,,2567169,,11.00000,ПЧ,СМ,,RECV-01,WH1,16.00000,808695,,"DKC Лента изоляционная ПВХ 19x0,15 20м в рулоне Белая",7.00000,NEW Заказной товар,,,0,88.00000,ШТ,2026-03-24 00:00:00,EKS000005930,СП,ME-212-06-E-30,WH1,2.20000,КГ,7.00000,,,,,,,0.00000,0.00000,n.bezrukov,Пакет интерфейса поставки:75b019f4-f708-4fd1-b970-ab47d34c379c,2026-03-24 16:53:30,321325,1997440,2567169,0,ЭКС,,3846456,,,,Годен,,,,
2532568,320826,New,End,,,2567170,,4.00000,ШТ,СМ,,RECV-01,WH1,2.00000,808695,,"DKC Лента изоляционная ПВХ 19x0,15 20м в рулоне Белая",7.00000,NEW Заказной товар,,,0,4.00000,ШТ,2026-03-24 00:00:00,EKS000005930,СП,ME-212-06-E-30,WH1,0.04000,КГ,7.00000,,,,,,,0.00000,0.00000,n.bezrukov,Пакет интерфейса поставки:75b019f4-f708-4fd1-b970-ab47d34c379c,2026-03-24 16:53:30,321325,1997440,2567170,0,ЭКС,,3846457,,,,Годен,,,,
2532569,320827,New,End,,,2567011,,30.00000,ШТ,СМ,,RECV-01,WH1,4.00000,438702,,Муфта вводная для гофрированных труб серая ВМ-ГТ-25 Промрукав,5.00000,NEW Заказной товар,,,0,30.00000,ШТ,2026-03-25 00:00:00,EKS000005890,СП,ME-102-03-G-40,WH1,0.60000,КГ,4.00000,,,,,,,0.00000,0.00000,a.savitskiy,Пакет интерфейса поставки:3c5e3f58-fb3f-4ff8-af3d-e019d3a83e5b,2026-03-24 17:01:52,321282,1997327,2567011,0,ЭКС,,3846187,,,,Годен,,,,
2532570,320827,New,End,,,2567026,,2.00000,ПЧ,СМ,,RECV-01,WH1,4.00000,570960,,Соединитель угловой разборный д20 (50шт/800шт уп/кор),29.00000,NEW Заказной товар,,,0,100.00000,ШТ,2026-03-25 00:00:00,EKS000005890,СП,ME-118-04-A-40,WH1,0.20000,КГ,23.00000,,,,,,,0.00000,0.00000,a.savitskiy,Пакет интерфейса поставки:3c5e3f58-fb3f-4ff8-af3d-e019d3a83e5b,2026-03-24 17:01:52,321282,1997326,2567026,0,ЭКС,,3846229,,,,Годен,,,,
2532571,320827,New,End,,,2567137,,50.00000,ШТ,СМ,,RECV-01,WH1,2.00000,387643,,Тройник разборный д20 (50шт/600шт уп/кор) Промрукав,7.00000,NEW Заказной товар,,,0,50.00000,ШТ,2026-03-25 00:00:00,EKS000005890,СП,ME-101-05-G-40,WH1,1.50000,КГ,4.00000,,,,,,,0.00000,0.00000,a.savitskiy,Пакет интерфейса поставки:3c5e3f58-fb3f-4ff8-af3d-e019d3a83e5b,2026-03-24 17:01:52,321282,1997328,2567137,0,ЭКС,,3846391,,,,Годен,,,,
2532572,320827,New,End,,,2567144,,7.00000,ББ,СМ,4712-12-31 00:00:00,RECV-01,WH1,2.00000,390581,,Труба  ПВХ  d32 гибкая лёгкая с протяжкой (25м),49.00000,NEW Гофротруба BIG,25,,0,175.00000,М,2026-03-25 00:00:00,EKS000005890,СП,ZX-17-28-C-40,WH1,14.00000,КГ,49.00000,,,,,,,0.00000,0.00000,a.savitskiy,Пакет интерфейса поставки:3c5e3f58-fb3f-4ff8-af3d-e019d3a83e5b,2026-03-24 17:01:52,321282,1997325,2567144,0,ЭКС,,3846414,,,,Годен,,,,
2532573,320827,New,End,,,2567149,,2.00000,ББ,СМ,4712-12-31 00:00:00,RECV-01,WH1,20.00000,286797,,Труба гофр ПНД d 20 легкая с зондом безгалогенная HF стойкая к уф(100 м) черная,50.00000,NEW Гофротруба,100,,0,200.00000,М,2026-03-25 00:00:00,EKS000005890,СП,ZX-09-10-C-50,WH1,12.00000,КГ,50.00000,,,,,,,0.00000,0.00000,a.savitskiy,Пакет интерфейса поставки:3c5e3f58-fb3f-4ff8-af3d-e019d3a83e5b,2026-03-24 17:01:52,321282,1997324,2567149,0,ЭКС,,3846420,,,,Годен,,,,
2532574,320827,New,End,,,2567160,,2.00000,ББ,СМ,4712-12-31 00:00:00,RECV-01,WH1,21.00000,378882,,Труба гофрированная ПНД лёгкая 350 Н безгалогенная (HF) стойкая к ультрафиолету черная с/з д16 (100м,45.00000,NEW Гофротруба,100,,0,200.00000,М,2026-03-25 00:00:00,EKS000005890,СП,ZX-10-13-A-50,WH1,6.60000,КГ,45.00000,,,,,,,0.00000,0.00000,a.savitskiy,Пакет интерфейса поставки:3c5e3f58-fb3f-4ff8-af3d-e019d3a83e5b,2026-03-24 17:01:52,321282,1997323,2567160,0,ЭКС,,3846437,,,,Годен,,,,
2532575,320828,New,End,,,2566985,,3.00000,КР,СМ,,RECV-01,WH1,20.00000,506434,,Держатель кабеля двусторонний для прямого монтажа черный,43.00000,NEW Класс B,,,0,360.00000,ШТ,2026-03-25 00:00:00,EKS000005887,СП,ME-111-02-D-40,WH1,9.00000,КГ,23.00000,,,,,,,0.00000,0.00000,a.savitskiy,Пакет интерфейса поставки:c961a68f-2bc7-43e9-93ff-042517c68522,2026-03-24 17:03:33,321279,1997305,2566985,0,ЭКС,,3846138,,,,Годен,,,,
2532576,320828,New,End,,,2566986,,3.00000,ПЧ,СМ,,RECV-01,WH1,20.00000,506434,,Держатель кабеля двусторонний для прямого монтажа черный,25.00000,NEW Класс B,,,0,60.00000,ШТ,2026-03-25 00:00:00,EKS000005887,СП,ME-220-05-D-60,WH1,1.20000,КГ,8.00000,,,,,,,0.00000,0.00000,a.savitskiy,Пакет интерфейса поставки:c961a68f-2bc7-43e9-93ff-042517c68522,2026-03-24 17:03:33,321279,1997305,2566986,0,ЭКС,,3846140,,,,Годен,,,,
2532577,320828,New,End,,,2566989,,2.00000,КР,СМ,,RECV-01,WH1,31.00000,582886,,Крепеж-клипса для труб атмосферостойкая для монтажного пистолета черная в п/э d20 мм (100шт/900шт уп,41.00000,NEW Класс B,,,0,2200.00000,ШТ,2026-03-25 00:00:00,EKS000005887,СП,ME-119-07-B-30,WH1,8.00000,КГ,23.00000,,,,,,,0.00000,0.00000,a.savitskiy,Пакет интерфейса поставки:c961a68f-2bc7-43e9-93ff-042517c68522,2026-03-24 17:03:33,321279,1997312,2566989,0,ЭКС,,3846150,,,,Годен,,,,
2532578,320828,New,End,,,2566990,,2.00000,КР,СМ,,RECV-01,WH1,20.00000,664363,,Площадка под стяжку усиленная для прямого монтажа черная (1уп=50шт) Промрукав,40.00000,NEW Класс A,,,0,30.00000,УП,2026-03-25 00:00:00,EKS000005887,СП,ME-207-02-D-40,WH1,15.20000,КГ,23.00000,,,,,,,0.00000,0.00000,a.savitskiy,Пакет интерфейса поставки:c961a68f-2bc7-43e9-93ff-042517c68522,2026-03-24 17:03:33,321279,1997311,2566990,0,ЭКС,,3846153,,,,Годен,,,,
2532579,320828,New,End,,,2566996,,1.00000,КР,СМ,,RECV-01,WH1,24.00000,470490,,Держатель - клипса d20 для монтажного пистолета серая,40.00000,NEW Класс B,,,0,1100.00000,ШТ,2026-03-25 00:00:00,EKS000005887,СП,ME-115-05-C-20,WH1,4.08000,КГ,32.00000,,,,,,,0.00000,0.00000,a.savitskiy,Пакет интерфейса поставки:c961a68f-2bc7-43e9-93ff-042517c68522,2026-03-24 17:03:33,321279,1997309,2566996,0,ЭКС,,3846162,,,,Годен,,,,
2532580,320828,New,End,,,2566997,,4.00000,КР,СМ,,RECV-01,WH1,24.00000,470490,,Держатель - клипса d20 для монтажного пистолета серая,40.00000,NEW Класс B,,,0,4400.00000,ШТ,2026-03-25 00:00:00,EKS000005887,СП,ME-103-08-C-10,WH1,16.32000,КГ,32.00000,,,,,,,0.00000,0.00000,a.savitskiy,Пакет интерфейса поставки:c961a68f-2bc7-43e9-93ff-042517c68522,2026-03-24 17:03:33,321279,1997309,2566997,0,ЭКС,,3846163,,,,Годен,,,,
2532581,320828,New,End,,,2567019,,3.00000,ПЧ,СМ,,RECV-01,WH1,15.00000,502382,,Труба жесткая ПВХ 2-х метровая легкая черная д20 (100м/уп) Промрукав,200.00000,NEW Длинные 2 м,,,0,300.00000,М,2026-03-25 00:00:00,EKS000005887,СП,ZX-19-25-B-10,WH1,45.00000,КГ,19.00000,,,,,,,0.00000,0.00000,a.savitskiy,Пакет интерфейса поставки:c961a68f-2bc7-43e9-93ff-042517c68522,2026-03-24 17:03:33,321279,1997307,2567019,0,ЭКС,,3846205,,,,Годен,,,,
2532582,320828,New,End,,,2567058,,1.00000,КР,СМ,,RECV-01,WH1,24.00000,470490,,Держатель - клипса d20 для монтажного пистолета серая,40.00000,NEW Класс B,,,0,1100.00000,ШТ,2026-03-25 00:00:00,EKS000005887,СП,ME-103-08-C-10,WH1,4.08000,КГ,32.00000,,,,,,,0.00000,0.00000,a.savitskiy,Пакет интерфейса поставки:c961a68f-2bc7-43e9-93ff-042517c68522,2026-03-24 17:03:33,321279,1997309,2567058,0,ЭКС,,3846267,,,,Годен,,,,
2532583,320828,New,End,,,2567065,,5.00000,ПЧ,СМ,,RECV-01,WH1,20.00000,506433,,Держатель кабеля двусторонний для прямого монтажа белый,25.00000,NEW Класс C,,,0,100.00000,ШТ,2026-03-25 00:00:00,EKS000005887,СП,ME-117-06-F-40,WH1,2.00000,КГ,8.00000,,,,,,,0.00000,0.00000,a.savitskiy,Пакет интерфейса поставки:c961a68f-2bc7-43e9-93ff-042517c68522,2026-03-24 17:03:33,321279,1997306,2567065,0,ЭКС,,3846277,,,,Годен,,,,
2532584,320828,New,End,,,2567068,,10.00000,ПЧ,СМ,,RECV-01,WH1,8.00000,506435,,Держатель кабеля односторонний для прямого монтажа белый,25.00000,NEW Класс C,,,0,200.00000,ШТ,2026-03-25 00:00:00,EKS000005887,СП,ME-118-03-F-30,WH1,3.00000,КГ,15.00000,,,,,,,0.00000,0.00000,a.savitskiy,Пакет интерфейса поставки:c961a68f-2bc7-43e9-93ff-042517c68522,2026-03-24 17:03:33,321279,1997314,2567068,0,ЭКС,,3846282,,,,Годен,,,,
2532585,320828,New,End,,,2567080,,2.00000,КР,СМ,,RECV-01,WH1,24.00000,470490,,Держатель - клипса d20 для монтажного пистолета серая,40.00000,NEW Класс B,,,0,2200.00000,ШТ,2026-03-25 00:00:00,EKS000005887,СП,ME-216-05-E-30,WH1,8.16000,КГ,32.00000,,,,,,,0.00000,0.00000,a.savitskiy,Пакет интерфейса поставки:c961a68f-2bc7-43e9-93ff-042517c68522,2026-03-24 17:03:33,321279,1997309,2567080,0,ЭКС,,3846299,,,,Годен,,,,
2532586,320828,New,End,,,2567083,,3.00000,КР,СМ,,RECV-01,WH1,20.00000,664363,,Площадка под стяжку усиленная для прямого монтажа черная (1уп=50шт) Промрукав,40.00000,NEW Класс A,,,0,45.00000,УП,2026-03-25 00:00:00,EKS000005887,СП,ME-106-07-A-20,WH1,22.80000,КГ,23.00000,,,,,,,0.00000,0.00000,a.savitskiy,Пакет интерфейса поставки:c961a68f-2bc7-43e9-93ff-042517c68522,2026-03-24 17:03:33,321279,1997311,2567083,0,ЭКС,,3846302,,,,Годен,,,,
2532587,320828,New,End,,,2567084,,6.00000,ПЧ,СМ,,RECV-01,WH1,16.00000,470491,,Держатель - клипса d16 для монтажного пистолета серая,18.00000,NEW Класс C,,,0,600.00000,ШТ,2026-03-25 00:00:00,EKS000005887,СП,ME-117-01-A-40,WH1,1.20000,КГ,5.00000,,,,,,,0.00000,0.00000,a.savitskiy,Пакет интерфейса поставки:c961a68f-2bc7-43e9-93ff-042517c68522,2026-03-24 17:03:33,321279,1997308,2567084,0,ЭКС,,3846306,,,,Годен,,,,
2532588,320828,New,End,,,2567085,,3.00000,ПЧ,СМ,,RECV-01,WH1,16.00000,470490,,Держатель - клипса d20 для монтажного пистолета серая,18.00000,NEW Класс B,,,0,300.00000,ШТ,2026-03-25 00:00:00,EKS000005887,СП,ME-103-08-C-10,WH1,1.20000,КГ,6.00000,,,,,,,0.00000,0.00000,a.savitskiy,Пакет интерфейса поставки:c961a68f-2bc7-43e9-93ff-042517c68522,2026-03-24 17:03:33,321279,1997309,2567085,0,ЭКС,,3846307,,,,Годен,,,,
2532589,320828,New,End,,,2567086,,2.00000,ПЧ,СМ,,RECV-01,WH1,7.00000,582886,,Крепеж-клипса для труб атмосферостойкая для монтажного пистолета черная в п/э d20 мм (100шт/900шт уп,20.00000,NEW Класс B,,,0,200.00000,ШТ,2026-03-25 00:00:00,EKS000005887,СП,ME-114-07-D-50,WH1,0.66000,КГ,16.00000,,,,,,,0.00000,0.00000,a.savitskiy,Пакет интерфейса поставки:c961a68f-2bc7-43e9-93ff-042517c68522,2026-03-24 17:03:33,321279,1997312,2567086,0,ЭКС,,3846309,,,,Годен,,,,
2532590,320828,New,End,,,2567087,,5.00000,УП,СМ,,RECV-01,WH1,4.00000,664363,,Площадка под стяжку усиленная для прямого монтажа черная (1уп=50шт) Промрукав,19.00000,NEW Класс A,,,0,5.00000,УП,2026-03-25 00:00:00,EKS000005887,СП,ME-109-01-C-20,WH1,0.60000,КГ,15.00000,,,,,,,0.00000,0.00000,a.savitskiy,Пакет интерфейса поставки:c961a68f-2bc7-43e9-93ff-042517c68522,2026-03-24 17:03:33,321279,1997311,2567087,0,ЭКС,,3846312,,,,Годен,,,,
2532591,320828,New,End,,,2567089,,13.00000,ПЧ,СМ,,RECV-01,WH1,4.00000,391893,,Хомут (FR ПР-40) (100шт/5000шт уп/кор) Промрукав,15.00000,NEW Заказной товар,,,0,1300.00000,ШТ,2026-03-25 00:00:00,EKS000005887,СП,ME-212-03-A-30,WH1,2.60000,КГ,15.00000,,,,,,,0.00000,0.00000,a.savitskiy,Пакет интерфейса поставки:c961a68f-2bc7-43e9-93ff-042517c68522,2026-03-24 17:03:33,321279,1997310,2567089,0,ЭКС,,3846315,,,,Годен,,,,
2532592,320828,New,End,,,2567090,,2.00000,ПЧ,СМ,,RECV-01,WH1,5.50000,529607,,Хомут заземления д 5-48 мм (нерж. сталь) Промрукав (Длина ленты: 21 см),25.00000,NEW Заказной товар,,,0,20.00000,ШТ,2026-03-25 00:00:00,EKS000005887,СП,ME-108-05-A-40,WH1,1.00000,КГ,8.50000,,,,,,,0.00000,0.00000,a.savitskiy,Пакет интерфейса поставки:c961a68f-2bc7-43e9-93ff-042517c68522,2026-03-24 17:03:33,321279,1997313,2567090,0,ЭКС,,3846316,,,,Годен,,,,
2532593,320829,New,End,,,2567095,,1.00000,ПЛ,СМ,,RECV-01,WH1,120.00000,208672,,Корпус сварной навесной серии ST с М/П Размер: 500x500x300 мм (ВхШхГ) IP65,120.00000,"NEW Класс C, ПЛ",,,0,10.00000,ШТ,2026-03-24 00:00:00,EKS000005926,СП,ZX-09-11-C-30,WH1,150.00000,КГ,80.00000,,,,,,,0.00000,0.00000,n.bezrukov,Пакет интерфейса поставки:c961a68f-2bc7-43e9-93ff-042517c68522,2026-03-24 17:03:41,321321,1997398,2567095,0,ЭКС,,3846334,,,,Годен,,,,
2532594,320829,New,End,,,2567096,,1.00000,ПЛ,СМ,,RECV-01,WH1,120.00000,208672,,Корпус сварной навесной серии ST с М/П Размер: 500x500x300 мм (ВхШхГ) IP65,120.00000,"NEW Класс C, ПЛ",,,0,10.00000,ШТ,2026-03-24 00:00:00,EKS000005926,СП,ZX-05-13-A-30,WH1,150.00000,КГ,80.00000,,,,,,,0.00000,0.00000,n.bezrukov,Пакет интерфейса поставки:c961a68f-2bc7-43e9-93ff-042517c68522,2026-03-24 17:03:41,321321,1997398,2567096,0,ЭКС,,3846335,,,,Годен,,,,
2532595,320829,New,End,,,2567097,,1.00000,ПЛ,СМ,,RECV-01,WH1,120.00000,208672,,Корпус сварной навесной серии ST с М/П Размер: 500x500x300 мм (ВхШхГ) IP65,120.00000,"NEW Класс C, ПЛ",,,0,10.00000,ШТ,2026-03-24 00:00:00,EKS000005926,СП,ZX-05-11-B-30,WH1,150.00000,КГ,80.00000,,,,,,,0.00000,0.00000,n.bezrukov,Пакет интерфейса поставки:c961a68f-2bc7-43e9-93ff-042517c68522,2026-03-24 17:03:41,321321,1997398,2567097,0,ЭКС,,3846336,,,,Годен,,,,
2532596,320829,New,End,,,2567098,,1.00000,ПЛ,СМ,,RECV-01,WH1,120.00000,208672,,Корпус сварной навесной серии ST с М/П Размер: 500x500x300 мм (ВхШхГ) IP65,120.00000,"NEW Класс C, ПЛ",,,0,10.00000,ШТ,2026-03-24 00:00:00,EKS000005926,СП,ZX-04-28-A-30,WH1,150.00000,КГ,80.00000,,,,,,,0.00000,0.00000,n.bezrukov,Пакет интерфейса поставки:c961a68f-2bc7-43e9-93ff-042517c68522,2026-03-24 17:03:41,321321,1997398,2567098,0,ЭКС,,3846338,,,,Годен,,,,
2532597,320829,New,End,,,2567099,,1.00000,ПЛ,СМ,,RECV-01,WH1,120.00000,208672,,Корпус сварной навесной серии ST с М/П Размер: 500x500x300 мм (ВхШхГ) IP65,120.00000,"NEW Класс C, ПЛ",,,0,10.00000,ШТ,2026-03-24 00:00:00,EKS000005926,СП,ZX-04-19-A-30,WH1,150.00000,КГ,80.00000,,,,,,,0.00000,0.00000,n.bezrukov,Пакет интерфейса поставки:c961a68f-2bc7-43e9-93ff-042517c68522,2026-03-24 17:03:41,321321,1997398,2567099,0,ЭКС,,3846339,,,,Годен,,,,
2532598,320829,New,End,,,2567100,,1.00000,ПЛ,СМ,,RECV-01,WH1,120.00000,208672,,Корпус сварной навесной серии ST с М/П Размер: 500x500x300 мм (ВхШхГ) IP65,120.00000,"NEW Класс C, ПЛ",,,0,10.00000,ШТ,2026-03-24 00:00:00,EKS000005926,СП,ZX-04-09-A-30,WH1,150.00000,КГ,80.00000,,,,,,,0.00000,0.00000,n.bezrukov,Пакет интерфейса поставки:c961a68f-2bc7-43e9-93ff-042517c68522,2026-03-24 17:03:41,321321,1997398,2567100,0,ЭКС,,3846340,,,,Годен,,,,
2532599,320829,New,End,,,2567101,,1.00000,ПЛ,СМ,,RECV-01,WH1,120.00000,208672,,Корпус сварной навесной серии ST с М/П Размер: 500x500x300 мм (ВхШхГ) IP65,120.00000,"NEW Класс C, ПЛ",,,0,10.00000,ШТ,2026-03-24 00:00:00,EKS000005926,СП,ZX-03-25-B-30,WH1,150.00000,КГ,80.00000,,,,,,,0.00000,0.00000,n.bezrukov,Пакет интерфейса поставки:c961a68f-2bc7-43e9-93ff-042517c68522,2026-03-24 17:03:41,321321,1997398,2567101,0,ЭКС,,3846341,,,,Годен,,,,
2532600,320829,New,End,,,2567102,,1.00000,ПЛ,СМ,,RECV-01,WH1,120.00000,208672,,Корпус сварной навесной серии ST с М/П Размер: 500x500x300 мм (ВхШхГ) IP65,120.00000,"NEW Класс C, ПЛ",,,0,10.00000,ШТ,2026-03-24 00:00:00,EKS000005926,СП,ZX-10-29-A-40,WH1,150.00000,КГ,80.00000,,,,,,,0.00000,0.00000,n.bezrukov,Пакет интерфейса поставки:c961a68f-2bc7-43e9-93ff-042517c68522,2026-03-24 17:03:41,321321,1997398,2567102,0,ЭКС,,3846344,,,,Годен,,,,
2532601,320829,New,End,,,2567103,,1.00000,ПЛ,СМ,,RECV-01,WH1,120.00000,208672,,Корпус сварной навесной серии ST с М/П Размер: 500x500x300 мм (ВхШхГ) IP65,120.00000,"NEW Класс C, ПЛ",,,0,10.00000,ШТ,2026-03-24 00:00:00,EKS000005926,СП,ZX-10-24-A-40,WH1,150.00000,КГ,80.00000,,,,,,,0.00000,0.00000,n.bezrukov,Пакет интерфейса поставки:c961a68f-2bc7-43e9-93ff-042517c68522,2026-03-24 17:03:41,321321,1997398,2567103,0,ЭКС,,3846345,,,,Годен,,,,
2532602,320829,New,End,,,2567104,,1.00000,ПЛ,СМ,,RECV-01,WH1,120.00000,208672,,Корпус сварной навесной серии ST с М/П Размер: 500x500x300 мм (ВхШхГ) IP65,120.00000,"NEW Класс C, ПЛ",,,0,10.00000,ШТ,2026-03-24 00:00:00,EKS000005926,СП,ZX-10-03-A-40,WH1,150.00000,КГ,80.00000,,,,,,,0.00000,0.00000,n.bezrukov,Пакет интерфейса поставки:c961a68f-2bc7-43e9-93ff-042517c68522,2026-03-24 17:03:41,321321,1997398,2567104,0,ЭКС,,3846346,,,,Годен,,,,
2532603,320829,New,End,,,2567105,,1.00000,ПЛ,СМ,,RECV-01,WH1,120.00000,208672,,Корпус сварной навесной серии ST с М/П Размер: 500x500x300 мм (ВхШхГ) IP65,120.00000,"NEW Класс C, ПЛ",,,0,10.00000,ШТ,2026-03-24 00:00:00,EKS000005926,СП,ZX-09-11-C-40,WH1,150.00000,КГ,80.00000,,,,,,,0.00000,0.00000,n.bezrukov,Пакет интерфейса поставки:c961a68f-2bc7-43e9-93ff-042517c68522,2026-03-24 17:03:41,321321,1997398,2567105,0,ЭКС,,3846347,,,,Годен,,,,
2532604,320829,New,End,,,2567106,,1.00000,ПЛ,СМ,,RECV-01,WH1,120.00000,208672,,Корпус сварной навесной серии ST с М/П Размер: 500x500x300 мм (ВхШхГ) IP65,120.00000,"NEW Класс C, ПЛ",,,0,10.00000,ШТ,2026-03-24 00:00:00,EKS000005926,СП,ZX-09-09-B-40,WH1,150.00000,КГ,80.00000,,,,,,,0.00000,0.00000,n.bezrukov,Пакет интерфейса поставки:c961a68f-2bc7-43e9-93ff-042517c68522,2026-03-24 17:03:41,321321,1997398,2567106,0,ЭКС,,3846348,,,,Годен,,,,
2532605,320829,New,End,,,2567108,,1.00000,ПЛ,СМ,,RECV-01,WH1,120.00000,208672,,Корпус сварной навесной серии ST с М/П Размер: 500x500x300 мм (ВхШхГ) IP65,120.00000,"NEW Класс C, ПЛ",,,0,10.00000,ШТ,2026-03-24 00:00:00,EKS000005926,СП,ZX-08-29-A-40,WH1,150.00000,КГ,80.00000,,,,,,,0.00000,0.00000,n.bezrukov,Пакет интерфейса поставки:c961a68f-2bc7-43e9-93ff-042517c68522,2026-03-24 17:03:41,321321,1997398,2567108,0,ЭКС,,3846350,,,,Годен,,,,
2532606,320829,New,End,,,2567109,,1.00000,ПЛ,СМ,,RECV-01,WH1,120.00000,208672,,Корпус сварной навесной серии ST с М/П Размер: 500x500x300 мм (ВхШхГ) IP65,120.00000,"NEW Класс C, ПЛ",,,0,10.00000,ШТ,2026-03-24 00:00:00,EKS000005926,СП,ZX-07-27-B-40,WH1,150.00000,КГ,80.00000,,,,,,,0.00000,0.00000,n.bezrukov,Пакет интерфейса поставки:c961a68f-2bc7-43e9-93ff-042517c68522,2026-03-24 17:03:41,321321,1997398,2567109,0,ЭКС,,3846351,,,,Годен,,,,
2532607,320829,New,End,,,2567110,,1.00000,ПЛ,СМ,,RECV-01,WH1,120.00000,208672,,Корпус сварной навесной серии ST с М/П Размер: 500x500x300 мм (ВхШхГ) IP65,120.00000,"NEW Класс C, ПЛ",,,0,10.00000,ШТ,2026-03-24 00:00:00,EKS000005926,СП,ZX-07-26-C-40,WH1,150.00000,КГ,80.00000,,,,,,,0.00000,0.00000,n.bezrukov,Пакет интерфейса поставки:c961a68f-2bc7-43e9-93ff-042517c68522,2026-03-24 17:03:41,321321,1997398,2567110,0,ЭКС,,3846352,,,,Годен,,,,
2532608,320829,New,End,,,2567111,,1.00000,ПЛ,СМ,,RECV-01,WH1,120.00000,208672,,Корпус сварной навесной серии ST с М/П Размер: 500x500x300 мм (ВхШхГ) IP65,120.00000,"NEW Класс C, ПЛ",,,0,10.00000,ШТ,2026-03-24 00:00:00,EKS000005926,СП,ZX-07-21-A-40,WH1,150.00000,КГ,80.00000,,,,,,,0.00000,0.00000,n.bezrukov,Пакет интерфейса поставки:c961a68f-2bc7-43e9-93ff-042517c68522,2026-03-24 17:03:41,321321,1997398,2567111,0,ЭКС,,3846353,,,,Годен,,,,
2532609,320828,New,End,,,2567143,,12.00000,ББ,СМ,4712-12-31 00:00:00,RECV-01,WH1,20.00000,390579,,Труба  ПВХ  d25 гибкая лёгкая с протяжкой (50м),50.00000,NEW Гофротруба BIG,50,,0,600.00000,М,2026-03-25 00:00:00,EKS000005887,СП,ZX-17-14-A-40,WH1,36.00000,КГ,50.00000,,,,,,,0.00000,0.00000,a.savitskiy,Пакет интерфейса поставки:c961a68f-2bc7-43e9-93ff-042517c68522,2026-03-24 17:03:33,321279,1997304,2567143,0,ЭКС,,3846412,,,,Годен,,,,
2532610,320829,New,End,,,2567213,,5.00000,ШТ,СМ,,RECV-01,WH1,30.00000,208672,,Корпус сварной навесной серии ST с М/П Размер: 500x500x300 мм (ВхШхГ) IP65,50.00000,NEW Заказной товар,,,0,5.00000,ШТ,2026-03-24 00:00:00,EKS000005926,СП,ZX-14-28-C-20,WH1,40.00000,КГ,50.00000,,,,,,,0.00000,0.00000,n.bezrukov,Пакет интерфейса поставки:c961a68f-2bc7-43e9-93ff-042517c68522,2026-03-24 17:03:41,321321,1997398,2567213,0,ЭКС,,3846534,,,,Годен,,,,
2532611,320831,New,End,,,2567158,,2.00000,ПЧ,СМ,,RECV-01,WH1,2.00000,360400,,Заглушка 1 мод Viva серая 45116,8.00000,NEW Заказной товар,,,0,6.00000,ШТ,2026-03-24 00:00:00,EKS000005928,СП,ME-104-02-K-40,WH1,0.10000,КГ,4.00000,,,,,,,0.00000,0.00000,n.bezrukov,Пакет интерфейса поставки:a27b9ebe-1c70-4b20-b35a-746f5270b5fc,2026-03-24 17:05:31,321323,1997420,2567158,0,ЭКС,,3846435,,,,Годен,,,,
2532612,320830,New,End,,,2567159,,9.00000,ББ,СМ,4712-12-31 00:00:00,RECV-01,WH1,20.00000,178259,,Труба гофр ПНД d 25 с зондом безгалогенная HF (50 м) черная,50.00000,NEW Гофротруба BIG,100,,0,450.00000,М,2026-03-25 00:00:00,EKS000005895,СП,ZX-12-27-C-40,WH1,18.00000,КГ,40.00000,,,,,,,0.00000,0.00000,a.savitskiy,Пакет интерфейса поставки:a27b9ebe-1c70-4b20-b35a-746f5270b5fc,2026-03-24 17:05:21,321287,1997336,2567159,0,ЭКС,,3846436,,,,Годен,,,,
2532613,320831,New,End,,,2567180,,1.00000,КР,СМ,,RECV-01,WH1,21.00000,85479,,"Клеммник Фибергласс, 12p, 150C, 450V, 24A, 2,5 мм.кв 43212FV",32.00000,NEW Класс C,,,0,320.00000,ШТ,2026-03-24 00:00:00,EKS000005928,СП,ME-125-07-D-40,WH1,9.60000,КГ,28.00000,,,,,,,0.00000,0.00000,n.bezrukov,Пакет интерфейса поставки:a27b9ebe-1c70-4b20-b35a-746f5270b5fc,2026-03-24 17:05:31,321323,1997421,2567180,0,ЭКС,,3846479,,,,Годен,,,,
2532614,320831,New,End,,,2567209,,7.00000,ШТ,СМ,,RECV-01,WH1,11.00000,839492,,Корпус встр. пласт. 1 ряд / 12 модулей ЩРВ-П-12 IP 40 с 2 шинами PEN на 6 и 8 отв.FRAME,32.00000,NEW Класс C,,,0,7.00000,ШТ,2026-03-24 00:00:00,EKS000005928,СП,ME-121-03-B-40,WH1,8.26000,КГ,24.00000,,,,,,,0.00000,0.00000,n.bezrukov,Пакет интерфейса поставки:a27b9ebe-1c70-4b20-b35a-746f5270b5fc,2026-03-24 17:05:31,321323,1997423,2567209,0,ЭКС,,3846528,,,,Годен,,,,
2532615,320831,New,End,,,2567210,,2.00000,КТ,СМ,,RECV-01,WH1,20.00000,762481,,"DKC Комплект, крыша и основание, для шкафов nCQE, 800 x 400 мм",47.00000,NEW Заказной товар,,,0,2.00000,КТ,2026-03-24 00:00:00,EKS000005928,СП,ME-115-03-D-50,WH1,20.00000,КГ,80.00000,,,,,,,0.00000,0.00000,n.bezrukov,Пакет интерфейса поставки:a27b9ebe-1c70-4b20-b35a-746f5270b5fc,2026-03-24 17:05:31,321323,1997424,2567210,0,ЭКС,,3846529,,,,Годен,,,,
2532616,320831,New,End,,,OUT03246419,,2.00000,ПЧ,СМ,,RECV-01,WH1,0.50000,839769,,DKC F5/1А Предохранитель 1А,5.00000,NEW Заказной товар,,,0,20.00000,ШТ,2026-03-24 00:00:00,EKS000005928,СП,ME-202-02-G-40,WH1,0.02000,КГ,2.00000,,,,,,,0.00000,0.00000,n.bezrukov,Пакет интерфейса поставки:a27b9ebe-1c70-4b20-b35a-746f5270b5fc,2026-03-24 17:05:31,321323,1997422,2567222,0,ЭКС,,3846579,,,,Годен,,,,
2532617,320832,New,End,,,2567094,,6.00000,КР,СМ,,RECV-01,WH1,36.00000,758878,,Коробка универсальная для кабель-канала 40-0460 безгалогенная (HF) черная 85х85х45 (152шт/кор) Промр,50.50000,NEW Класс C,,,0,912.00000,ШТ,2026-03-25 00:00:00,EKS000005884,СП,ZX-05-24-B-20,WH1,59.22000,КГ,31.50000,,,,,,,0.00000,0.00000,a.savitskiy,Пакет интерфейса поставки:85e98ea0-159a-4c98-9294-7e35e03002bc,2026-03-24 17:09:41,321276,1997301,2567094,0,ЭКС,,3846333,,,,Годен,,,,
2532618,320833,New,End,,,2567142,,12.00000,ШТ,СМ,,RECV-01,WH1,11.50000,160501,,"Угол внутренний 110х50 мм, изменяемый (70-120°) 01051",20.00000,NEW Заказной товар,,,0,12.00000,ШТ,2026-03-24 00:00:00,EKS000005927,СП,ME-222-06-E-50,WH1,2.52000,КГ,13.00000,,,,,,,0.00000,0.00000,n.bezrukov,Пакет интерфейса поставки:3ad87a09-36d1-424f-9a4d-9422bdf42be9,2026-03-24 17:13:23,321322,1997414,2567142,0,ЭКС,,3846409,,,,Годен,,,,
2532619,320833,New,End,,,2567151,,1.00000,КР,СМ,,RECV-01,WH1,20.00000,160502,,"Угол внешний 110х50 мм, изменяемый (80-120°) 01052",26.00000,NEW Заказной товар,,,0,10.00000,ШТ,2026-03-24 00:00:00,EKS000005927,СП,ME-212-07-B-60,WH1,0.88000,КГ,23.00000,,,,,,,0.00000,0.00000,n.bezrukov,Пакет интерфейса поставки:3ad87a09-36d1-424f-9a4d-9422bdf42be9,2026-03-24 17:13:23,321322,1997413,2567151,0,ЭКС,,3846423,,,,Годен,,,,
2532620,320833,New,End,,,2567154,,1.00000,ПЧ,СМ,,RECV-01,WH1,8.00000,357923,,"Выключатель Avanti 16A 2мод ""Белое облако"" 4400101",19.00000,NEW Заказной товар,,,0,10.00000,ШТ,2026-03-24 00:00:00,EKS000005927,СП,ME-224-06-F-20,WH1,0.60000,КГ,15.80000,,,,,,,0.00000,0.00000,n.bezrukov,Пакет интерфейса поставки:3ad87a09-36d1-424f-9a4d-9422bdf42be9,2026-03-24 17:13:23,321322,1997400,2567154,0,ЭКС,,3846430,,,,Годен,,,,
2532621,320833,New,End,,,2567161,,12.00000,ШТ,СМ,,RECV-01,WH1,2.00000,357920,,"Выключатель Avanti 16A 1мод ""Белое облако"" 4400101",5.00000,NEW Заказной товар,,,0,12.00000,ШТ,2026-03-24 00:00:00,EKS000005927,СП,ME-104-03-I-30,WH1,0.12000,КГ,4.00000,,,,,,,0.00000,0.00000,n.bezrukov,Пакет интерфейса поставки:3ad87a09-36d1-424f-9a4d-9422bdf42be9,2026-03-24 17:13:23,321322,1997401,2567161,0,ЭКС,,3846438,,,,Годен,,,,
2532622,320833,New,End,,,2567162,,4.00000,ШТ,СМ,,RECV-01,WH1,4.00000,357924,,"Переключатель одноклавишный модульный, ""Avanti"", ""Белое облако"", 2моду",5.00000,NEW Заказной товар,,,0,4.00000,ШТ,2026-03-24 00:00:00,EKS000005927,СП,ME-104-04-K-20,WH1,2.40000,КГ,5.00000,,,,,,,0.00000,0.00000,n.bezrukov,Пакет интерфейса поставки:3ad87a09-36d1-424f-9a4d-9422bdf42be9,2026-03-24 17:13:23,321322,1997399,2567162,0,ЭКС,,3846445,,,,Годен,,,,
2532623,320833,New,End,,,2567163,,1.00000,ШТ,СМ,,RECV-01,WH1,4.00000,357923,,"Выключатель Avanti 16A 2мод ""Белое облако"" 4400101",8.00000,NEW Заказной товар,,,0,1.00000,ШТ,2026-03-24 00:00:00,EKS000005927,СП,ME-224-06-F-20,WH1,0.02000,КГ,8.00000,,,,,,,0.00000,0.00000,n.bezrukov,Пакет интерфейса поставки:3ad87a09-36d1-424f-9a4d-9422bdf42be9,2026-03-24 17:13:23,321322,1997400,2567163,0,ЭКС,,3846446,,,,Годен,,,,
2532624,320833,New,End,,,2567166,,9.00000,ПЧ,СМ,,RECV-01,WH1,20.00000,355801,,"Розетка модульная 2P+E, с з/ш, Avanti  ""Белое облако"" 2 мод",26.00000,NEW Заказной товар,,,0,90.00000,ШТ,2026-03-24 00:00:00,EKS000005927,СП,ME-218-06-A-50,WH1,2.70000,КГ,9.00000,,,,,,,0.00000,0.00000,n.bezrukov,Пакет интерфейса поставки:3ad87a09-36d1-424f-9a4d-9422bdf42be9,2026-03-24 17:13:23,321322,1997407,2567166,0,ЭКС,,3846453,,,,Годен,,,,
2532625,320833,New,End,,,2567167,,2.00000,ПЧ,СМ,,RECV-01,WH1,9.00000,355806,,"Рамка-суппорт Avanti белый для ""In-liner Front"" 4мод. 4400914",24.00000,NEW Заказной товар,,,0,20.00000,ШТ,2026-03-24 00:00:00,EKS000005927,СП,ME-212-06-D-50,WH1,0.60000,КГ,20.00000,,,,,,,0.00000,0.00000,n.bezrukov,Пакет интерфейса поставки:3ad87a09-36d1-424f-9a4d-9422bdf42be9,2026-03-24 17:13:23,321322,1997406,2567167,0,ЭКС,,3846454,,,,Годен,,,,
2532626,320833,New,End,,,2567168,,1.00000,КР,СМ,,RECV-01,WH1,33.00000,160501,,"Угол внутренний 110х50 мм, изменяемый (70-120°) 01051",42.00000,NEW Заказной товар,,,0,18.00000,ШТ,2026-03-24 00:00:00,EKS000005927,СП,ME-114-02-C-50,WH1,2.50000,КГ,35.00000,,,,,,,0.00000,0.00000,n.bezrukov,Пакет интерфейса поставки:3ad87a09-36d1-424f-9a4d-9422bdf42be9,2026-03-24 17:13:23,321322,1997414,2567168,0,ЭКС,,3846455,,,,Годен,,,,
2532627,320833,New,End,,,2567183,,1.00000,ПЧ,СМ,,RECV-01,WH1,9.00000,625703,,"Компьютерная розетка RJ-45 без шторки модульная, кат.5е, ""Avanti"", ""Белое облако"", 1 модуль 4400661",26.00000,NEW Заказной товар,,,0,20.00000,ШТ,2026-03-24 00:00:00,EKS000005927,СП,ME-212-07-C-60,WH1,0.50000,КГ,20.00000,,,,,,,0.00000,0.00000,n.bezrukov,Пакет интерфейса поставки:3ad87a09-36d1-424f-9a4d-9422bdf42be9,2026-03-24 17:13:23,321322,1997416,2567183,0,ЭКС,,3846488,,,,Годен,,,,
2532628,320833,New,End,,,2567184,,1.00000,ПЧ,СМ,,RECV-01,WH1,20.00000,355801,,"Розетка модульная 2P+E, с з/ш, Avanti  ""Белое облако"" 2 мод",26.00000,NEW Заказной товар,,,0,10.00000,ШТ,2026-03-24 00:00:00,EKS000005927,СП,ME-214-07-F-10,WH1,0.30000,КГ,9.00000,,,,,,,0.00000,0.00000,n.bezrukov,Пакет интерфейса поставки:3ad87a09-36d1-424f-9a4d-9422bdf42be9,2026-03-24 17:13:23,321322,1997407,2567184,0,ЭКС,,3846489,,,,Годен,,,,
2532629,320833,New,End,,,2567187,,2.00000,КР,СМ,,RECV-01,WH1,17.00000,160508,,Тройник 110х50 мм 01006,26.00000,NEW Заказной товар,,,0,10.00000,ШТ,2026-03-24 00:00:00,EKS000005927,СП,ME-114-07-D-30,WH1,1.10000,КГ,19.00000,,,,,,,0.00000,0.00000,n.bezrukov,Пакет интерфейса поставки:3ad87a09-36d1-424f-9a4d-9422bdf42be9,2026-03-24 17:13:23,321322,1997412,2567187,0,ЭКС,,3846492,,,,Годен,,,,
2532630,320833,New,End,,,2567188,,8.00000,ШТ,СМ,,RECV-01,WH1,2.00000,360422,,"Рамка-суппорт Avanti белый для ""In-liner Front"" 2мод. 4400912",6.00000,NEW Заказной товар,,,0,8.00000,ШТ,2026-03-24 00:00:00,EKS000005927,СП,ME-219-02-A-20,WH1,0.08000,КГ,6.00000,,,,,,,0.00000,0.00000,n.bezrukov,Пакет интерфейса поставки:3ad87a09-36d1-424f-9a4d-9422bdf42be9,2026-03-24 17:13:23,321322,1997419,2567188,0,ЭКС,,3846494,,,,Годен,,,,
2532631,320833,New,End,,,2567196,,3.00000,ШТ,СМ,,RECV-01,WH1,2.00000,355806,,"Рамка-суппорт Avanti белый для ""In-liner Front"" 4мод. 4400914",13.00000,NEW Заказной товар,,,0,3.00000,ШТ,2026-03-24 00:00:00,EKS000005927,СП,ME-212-06-D-50,WH1,0.03000,КГ,7.00000,,,,,,,0.00000,0.00000,n.bezrukov,Пакет интерфейса поставки:3ad87a09-36d1-424f-9a4d-9422bdf42be9,2026-03-24 17:13:23,321322,1997406,2567196,0,ЭКС,,3846504,,,,Годен,,,,
2532632,320833,New,End,,,2567197,,2.00000,ШТ,СМ,,RECV-01,WH1,3.00000,625703,,"Компьютерная розетка RJ-45 без шторки модульная, кат.5е, ""Avanti"", ""Белое облако"", 1 модуль 4400661",5.00000,NEW Заказной товар,,,0,2.00000,ШТ,2026-03-24 00:00:00,EKS000005927,СП,ME-212-07-C-60,WH1,0.02000,КГ,3.00000,,,,,,,0.00000,0.00000,n.bezrukov,Пакет интерфейса поставки:3ad87a09-36d1-424f-9a4d-9422bdf42be9,2026-03-24 17:13:23,321322,1997416,2567197,0,ЭКС,,3846505,,,,Годен,,,,
2532633,320833,New,End,,,2567198,,2.00000,ПЧ,СМ,,RECV-01,WH1,9.00000,2132,,Держатель с защелкой d20 ДКС 51020,20.00000,NEW Класс A,,,0,200.00000,ШТ,2026-03-24 00:00:00,EKS000005927,СП,ME-102-06-L-40,WH1,0.60000,КГ,13.00000,,,,,,,0.00000,0.00000,n.bezrukov,Пакет интерфейса поставки:3ad87a09-36d1-424f-9a4d-9422bdf42be9,2026-03-24 17:13:23,321322,1997405,2567198,0,ЭКС,,3846506,,,,Годен,,,,
2532634,320833,New,End,,,2567199,,1.00000,УП,СМ,,RECV-01,WH1,8.00000,361418,,Угол CPO 90 горизонтальный 90° 200х80 в комплекте с крепежными элементами и пластинами,45.00000,NEW Заказной товар,,,0,1.00000,УП,2026-03-24 00:00:00,EKS000005927,СП,ME-114-08-B-40,WH1,2.00000,КГ,35.00000,,,,,,,0.00000,0.00000,n.bezrukov,Пакет интерфейса поставки:3ad87a09-36d1-424f-9a4d-9422bdf42be9,2026-03-24 17:13:23,321322,1997418,2567199,0,ЭКС,,3846507,,,,Годен,,,,
2532635,320833,New,End,,,2567200,,1.00000,УП,СМ,,RECV-01,WH1,8.00000,361462,,Ответвитель DPT Т-образный горизонтальный 200х80 в комплекте с крепежными элементами и пластинами,46.00000,NEW Заказной товар,,,0,1.00000,УП,2026-03-24 00:00:00,EKS000005927,СП,ME-115-03-B-30,WH1,0.80000,КГ,33.00000,,,,,,,0.00000,0.00000,n.bezrukov,Пакет интерфейса поставки:3ad87a09-36d1-424f-9a4d-9422bdf42be9,2026-03-24 17:13:23,321322,1997417,2567200,0,ЭКС,,3846508,,,,Годен,,,,
2532636,320833,New,End,,,2567203,,1.00000,ПЧ,СМ,,RECV-01,WH1,6.00000,211372,,"Гайка с насечкой, препятствующая откручиванию М6  CM100600",9.00000,NEW Класс A,,,0,200.00000,ШТ,2026-03-24 00:00:00,EKS000005927,СП,ME-103-05-D-10,WH1,0.60000,КГ,9.00000,,,,,,,0.00000,0.00000,n.bezrukov,Пакет интерфейса поставки:3ad87a09-36d1-424f-9a4d-9422bdf42be9,2026-03-24 17:13:23,321322,1997410,2567203,0,ЭКС,,3846515,,,,Годен,,,,
2532637,320833,New,End,,,2567204,,2.00000,ПЧ,СМ,,RECV-01,WH1,5.00000,214664,,Винт для механического соединения элементов с гладкой головкой М6х16 CM010616,10.00000,NEW Заказной товар,,,0,100.00000,ШТ,2026-03-24 00:00:00,EKS000005927,СП,ME-205-05-F-20,WH1,1.38000,КГ,7.00000,,,,,,,0.00000,0.00000,n.bezrukov,Пакет интерфейса поставки:3ad87a09-36d1-424f-9a4d-9422bdf42be9,2026-03-24 17:13:23,321322,1997409,2567204,0,ЭКС,,3846516,,,,Годен,,,,
2532638,320833,New,End,,,2567205,,1.00000,ПЧ,СМ,,RECV-01,WH1,10.00000,216693,,"Гайка с насечкой, препятствующая откручиванию М10 CM101000",15.00000,NEW Заказной товар,,,0,100.00000,ШТ,2026-03-24 00:00:00,EKS000005927,СП,ME-209-03-C-10,WH1,1.00000,КГ,10.00000,,,,,,,0.00000,0.00000,n.bezrukov,Пакет интерфейса поставки:3ad87a09-36d1-424f-9a4d-9422bdf42be9,2026-03-24 17:13:23,321322,1997408,2567205,0,ЭКС,,3846517,,,,Годен,,,,
2532639,320833,New,End,,,2567216,,8.00000,ПЧ,СМ,,RECV-01,WH1,16.00000,148704,,Кабель-канал 110х50 мм с фронтальной крышкой 01050,200.00000,NEW Кабель-канал,,,0,128.00000,М,2026-03-24 00:00:00,EKS000005927,СП,ZX-20-03-A-10,WH1,120.00000,КГ,23.00000,,,,,,,0.00000,0.00000,n.bezrukov,Пакет интерфейса поставки:3ad87a09-36d1-424f-9a4d-9422bdf42be9,2026-03-24 17:13:23,321322,1997415,2567216,0,ЭКС,,3846545,,,,Годен,,,,
2532640,320833,New,End,,,2567217,,24.00000,М,СМ,,RECV-01,WH1,4.00000,2327,,Лоток перф.  80х80 L 3000  35301,100.00000,NEW Длинные 3 м,,,0,24.00000,М,2026-03-24 00:00:00,EKS000005927,СП,ZX-13-24-E-18,WH1,33.60000,КГ,8.00000,,,,,,,0.00000,0.00000,n.bezrukov,Пакет интерфейса поставки:3ad87a09-36d1-424f-9a4d-9422bdf42be9,2026-03-24 17:13:23,321322,1997404,2567217,0,ЭКС,,3846546,,,,Годен,,,,
2532641,320833,New,End,,,2567218,,1.00000,ПЧ,СМ,,RECV-01,WH1,7.00000,172986,,Шпилька М10х1000  CM201001,100.00000,NEW Заказной товар,,,0,25.00000,М,2026-03-24 00:00:00,EKS000005927,СП,ZX-16-31-B-18,WH1,10.00000,КГ,7.00000,,,,,,,0.00000,0.00000,n.bezrukov,Пакет интерфейса поставки:3ad87a09-36d1-424f-9a4d-9422bdf42be9,2026-03-24 17:13:23,321322,1997411,2567218,0,ЭКС,,3846547,,,,Годен,,,,
2532642,320833,New,End,,,2567219,,48.00000,М,СМ,,RECV-01,WH1,4.00000,38049,,Лоток перф. 200х80 L 3000  35304,100.00000,NEW Длинные 3 м,,,0,48.00000,М,2026-03-24 00:00:00,EKS000005927,СП,ZX-20-27-C-10,WH1,115.20000,КГ,20.00000,,,,,,,0.00000,0.00000,n.bezrukov,Пакет интерфейса поставки:3ad87a09-36d1-424f-9a4d-9422bdf42be9,2026-03-24 17:13:23,321322,1997403,2567219,0,ЭКС,,3846549,,,,Годен,,,,
2532643,320833,New,End,,,2567220,,1.00000,ПЧ,СМ,,RECV-01,WH1,5.00000,101647,,Перегородка SEP L 3000 H80 36500,300.00000,NEW Длинные 3 м,,,0,36.00000,М,2026-03-24 00:00:00,EKS000005927,СП,ZX-13-33-B-18,WH1,18.00000,КГ,17.00000,,,,,,,0.00000,0.00000,n.bezrukov,Пакет интерфейса поставки:3ad87a09-36d1-424f-9a4d-9422bdf42be9,2026-03-24 17:13:23,321322,1997402,2567220,0,ЭКС,,3846553,,,,Годен,,,,
2532644,320833,New,End,,,OUT03246415,,2.00000,ПЧ,СМ,,RECV-01,WH1,9.00000,625703,,"Компьютерная розетка RJ-45 без шторки модульная, кат.5е, ""Avanti"", ""Белое облако"", 1 модуль 4400661",26.00000,NEW Заказной товар,,,0,40.00000,ШТ,2026-03-24 00:00:00,EKS000005927,СП,ME-212-07-C-60,WH1,1.00000,КГ,20.00000,,,,,,,0.00000,0.00000,n.bezrukov,Пакет интерфейса поставки:3ad87a09-36d1-424f-9a4d-9422bdf42be9,2026-03-24 17:13:23,321322,1997416,2567221,0,ЭКС,,3846566,,,,Годен,,,,
2532645,320834,New,End,,,2567120,,11.00000,ПЧ,СМ,,RECV-01,WH1,16.00000,808695,,"DKC Лента изоляционная ПВХ 19x0,15 20м в рулоне Белая",7.00000,NEW Заказной товар,,,0,88.00000,ШТ,2026-03-24 00:00:00,EKS000005931,СП,ME-212-06-E-30,WH1,2.20000,КГ,7.00000,,,,,,,0.00000,0.00000,n.bezrukov,Пакет интерфейса поставки:337cdec1-1e7f-4cc3-ab68-ec40dab731f9,2026-03-24 17:15:34,321326,1997458,2567120,0,ЭКС,,3846366,,,,Годен,,,,
2532646,320834,New,End,,,2567121,,4.00000,ШТ,СМ,,RECV-01,WH1,2.00000,808695,,"DKC Лента изоляционная ПВХ 19x0,15 20м в рулоне Белая",7.00000,NEW Заказной товар,,,0,4.00000,ШТ,2026-03-24 00:00:00,EKS000005931,СП,ME-212-06-E-30,WH1,0.04000,КГ,7.00000,,,,,,,0.00000,0.00000,n.bezrukov,Пакет интерфейса поставки:337cdec1-1e7f-4cc3-ab68-ec40dab731f9,2026-03-24 17:15:34,321326,1997458,2567121,0,ЭКС,,3846369,,,,Годен,,,,
2532647,320834,New,End,,,2567145,,6.00000,ПЧ,СМ,,RECV-01,WH1,2.00000,810913,,"Наконечник-гильза двойная с изолир.фланцем 2,5 кв.мм синий (НШВИ2)",12.00000,NEW Класс C,,,0,600.00000,ШТ,2026-03-24 00:00:00,EKS000005931,СП,ME-203-04-F-50,WH1,0.60000,КГ,9.00000,,,,,,,0.00000,0.00000,n.bezrukov,Пакет интерфейса поставки:337cdec1-1e7f-4cc3-ab68-ec40dab731f9,2026-03-24 17:15:34,321326,1997455,2567145,0,ЭКС,,3846416,,,,Годен,,,,
2532648,320834,New,End,,,2567148,,200.00000,ШТ,СМ,,RECV-01,WH1,1.00000,117599,,"Вилочные наконечники под винт с изолир. фланцем, 1,5-2,5мм 2B15P",2.00000,NEW Заказной товар,,,0,200.00000,ШТ,2026-03-24 00:00:00,EKS000005931,СП,ME-103-05-J-40,WH1,2.00000,КГ,1.00000,,,,,,,0.00000,0.00000,n.bezrukov,Пакет интерфейса поставки:337cdec1-1e7f-4cc3-ab68-ec40dab731f9,2026-03-24 17:15:34,321326,1997454,2567148,0,ЭКС,,3846419,,,,Годен,,,,
2532649,320834,New,End,,,2567156,,3.00000,ШТ,СМ,,RECV-01,WH1,4.00000,749906,,"Концевой выключатель с двумя контактами, нормально открытый + нормально закрытый (NO+NC). С поворотн",14.00000,NEW Заказной товар,,,0,3.00000,ШТ,2026-03-24 00:00:00,EKS000005931,СП,ME-201-04-G-20,WH1,0.36000,КГ,5.00000,,,,,,,0.00000,0.00000,n.bezrukov,Пакет интерфейса поставки:337cdec1-1e7f-4cc3-ab68-ec40dab731f9,2026-03-24 17:15:34,321326,1997460,2567156,0,ЭКС,,3846432,,,,Годен,,,,
2532650,320834,New,End,,,2567164,,8.00000,ПЧ,СМ,,RECV-01,WH1,0.50000,839769,,DKC F5/1А Предохранитель 1А,5.00000,NEW Заказной товар,,,0,80.00000,ШТ,2026-03-24 00:00:00,EKS000005931,СП,ME-202-02-G-40,WH1,0.08000,КГ,2.00000,,,,,,,0.00000,0.00000,n.bezrukov,Пакет интерфейса поставки:337cdec1-1e7f-4cc3-ab68-ec40dab731f9,2026-03-24 17:15:34,321326,1997450,2567164,0,ЭКС,,3846448,,,,Годен,,,,
2532651,320834,New,End,,,2567165,,3.00000,УП,СМ,,RECV-01,WH1,15.00000,361897,,Угол CDV 90 вертикальный внеш. осн.150 H80 в комплекте с крепежными элементами и пластинами,21.00000,NEW Заказной товар,,,0,3.00000,УП,2026-03-24 00:00:00,EKS000005931,СП,ME-214-06-A-40,WH1,3.00000,КГ,21.00000,,,,,,,0.00000,0.00000,n.bezrukov,Пакет интерфейса поставки:337cdec1-1e7f-4cc3-ab68-ec40dab731f9,2026-03-24 17:15:34,321326,1997453,2567165,0,ЭКС,,3846451,,,,Годен,,,,
2532652,320834,New,End,,,2567171,,4.00000,ШТ,СМ,,RECV-01,WH1,2.00000,808695,,"DKC Лента изоляционная ПВХ 19x0,15 20м в рулоне Белая",7.00000,NEW Заказной товар,,,0,4.00000,ШТ,2026-03-24 00:00:00,EKS000005931,СП,ME-212-06-E-30,WH1,0.04000,КГ,7.00000,,,,,,,0.00000,0.00000,n.bezrukov,Пакет интерфейса поставки:337cdec1-1e7f-4cc3-ab68-ec40dab731f9,2026-03-24 17:15:34,321326,1997458,2567171,0,ЭКС,,3846458,,,,Годен,,,,
2532653,320834,New,End,,,2567172,,16.00000,ПЧ,СМ,,RECV-01,WH1,6.00000,744779,,"DKC Лента изоляционная ПВХ 19x0,15 20м в рулоне Черная",16.00000,NEW Заказной товар,,,0,128.00000,ШТ,2026-03-24 00:00:00,EKS000005931,СП,ME-219-03-F-50,WH1,4.80000,КГ,6.00000,,,,,,,0.00000,0.00000,n.bezrukov,Пакет интерфейса поставки:337cdec1-1e7f-4cc3-ab68-ec40dab731f9,2026-03-24 17:15:34,321326,1997461,2567172,0,ЭКС,,3846461,,,,Годен,,,,
2532654,320834,New,End,,,2567173,,17.00000,ПЧ,СМ,,RECV-01,WH1,16.00000,808696,,"DKC Лента изоляционная ПВХ 19x0,15 20м в рулоне Красная",7.00000,NEW Заказной товар,,,0,136.00000,ШТ,2026-03-24 00:00:00,EKS000005931,СП,ME-116-02-D-30,WH1,5.10000,КГ,7.00000,,,,,,,0.00000,0.00000,n.bezrukov,Пакет интерфейса поставки:337cdec1-1e7f-4cc3-ab68-ec40dab731f9,2026-03-24 17:15:34,321326,1997457,2567173,0,ЭКС,,3846462,,,,Годен,,,,
2532655,320834,New,End,,,2567174,,9.00000,КР,СМ,,RECV-01,WH1,18.00000,722000,,"DKC Лента изоляционная ПВХ 15x0,13 10м в рулоне Черная",33.00000,NEW Заказной товар,,,0,1800.00000,ШТ,2026-03-24 00:00:00,EKS000005931,СП,ME-101-02-B-10,WH1,54.00000,КГ,26.00000,,,,,,,0.00000,0.00000,n.bezrukov,Пакет интерфейса поставки:337cdec1-1e7f-4cc3-ab68-ec40dab731f9,2026-03-24 17:15:34,321326,1997462,2567174,0,ЭКС,,3846464,,,,Годен,,,,
2532656,320834,New,End,,,2567175,,2.00000,КР,СМ,,RECV-01,WH1,18.00000,808694,,"DKC Лента изоляционная ПВХ 19x0,15 20м в рулоне Желтая",38.00000,NEW Заказной товар,,,0,320.00000,ШТ,2026-03-24 00:00:00,EKS000005931,СП,ME-119-03-F-30,WH1,20.00000,КГ,29.00000,,,,,,,0.00000,0.00000,n.bezrukov,Пакет интерфейса поставки:337cdec1-1e7f-4cc3-ab68-ec40dab731f9,2026-03-24 17:15:34,321326,1997459,2567175,0,ЭКС,,3846471,,,,Годен,,,,
2532657,320834,New,End,,,2567176,,2.00000,КР,СМ,,RECV-01,WH1,18.00000,704862,,"DKC Лента изоляционная ПВХ 19x0,15 20м в рулоне Зеленая",38.00000,NEW Заказной товар,,,0,320.00000,ШТ,2026-03-24 00:00:00,EKS000005931,СП,ME-224-03-D-20,WH1,20.00000,КГ,29.00000,,,,,,,0.00000,0.00000,n.bezrukov,Пакет интерфейса поставки:337cdec1-1e7f-4cc3-ab68-ec40dab731f9,2026-03-24 17:15:34,321326,1997463,2567176,0,ЭКС,,3846473,,,,Годен,,,,
2532658,320834,New,End,,,2567177,,1.00000,КР,СМ,,RECV-01,WH1,18.00000,808696,,"DKC Лента изоляционная ПВХ 19x0,15 20м в рулоне Красная",38.00000,NEW Заказной товар,,,0,160.00000,ШТ,2026-03-24 00:00:00,EKS000005931,СП,ME-116-02-D-30,WH1,8.00000,КГ,29.00000,,,,,,,0.00000,0.00000,n.bezrukov,Пакет интерфейса поставки:337cdec1-1e7f-4cc3-ab68-ec40dab731f9,2026-03-24 17:15:34,321326,1997457,2567177,0,ЭКС,,3846474,,,,Годен,,,,
2532659,320834,New,End,,,2567178,,2.00000,КР,СМ,,RECV-01,WH1,20.00000,808697,,"DKC Лента изоляционная ПВХ 19x0,15 20м в рулоне Синяя",36.00000,NEW Заказной товар,,,0,320.00000,ШТ,2026-03-24 00:00:00,EKS000005931,СП,ME-225-05-C-50,WH1,16.00000,КГ,30.00000,,,,,,,0.00000,0.00000,n.bezrukov,Пакет интерфейса поставки:337cdec1-1e7f-4cc3-ab68-ec40dab731f9,2026-03-24 17:15:34,321326,1997456,2567178,0,ЭКС,,3846475,,,,Годен,,,,
2532660,320834,New,End,,,2567179,,1.00000,КР,СМ,,RECV-01,WH1,20.00000,808697,,"DKC Лента изоляционная ПВХ 19x0,15 20м в рулоне Синяя",36.00000,NEW Заказной товар,,,0,160.00000,ШТ,2026-03-24 00:00:00,EKS000005931,СП,ME-217-07-E-20,WH1,8.00000,КГ,30.00000,,,,,,,0.00000,0.00000,n.bezrukov,Пакет интерфейса поставки:337cdec1-1e7f-4cc3-ab68-ec40dab731f9,2026-03-24 17:15:34,321326,1997456,2567179,0,ЭКС,,3846478,,,,Годен,,,,
2532661,320834,New,End,,,2567181,,10.00000,КР,СМ,,RECV-01,WH1,19.00000,744779,,"DKC Лента изоляционная ПВХ 19x0,15 20м в рулоне Черная",36.00000,NEW Заказной товар,,,0,1600.00000,ШТ,2026-03-24 00:00:00,EKS000005931,СП,ZX-15-31-C-10,WH1,80.00000,КГ,29.00000,,,,,,,0.00000,0.00000,n.bezrukov,Пакет интерфейса поставки:337cdec1-1e7f-4cc3-ab68-ec40dab731f9,2026-03-24 17:15:34,321326,1997461,2567181,0,ЭКС,,3846480,,,,Годен,,,,
2532662,320834,New,End,,,2567182,,1.00000,ШТ,СМ,,RECV-01,WH1,22.00000,682689,,DKC Корпус навесной STE с М/П ВхШхГ 400x300x200 мм,41.00000,NEW Заказной товар,,,0,1.00000,ШТ,2026-03-24 00:00:00,EKS000005931,СП,ME-109-05-A-30,WH1,4.00000,КГ,32.00000,,,,,,,0.00000,0.00000,n.bezrukov,Пакет интерфейса поставки:337cdec1-1e7f-4cc3-ab68-ec40dab731f9,2026-03-24 17:15:34,321326,1997448,2567182,0,ЭКС,,3846487,,,,Годен,,,,
2532663,320834,New,End,,,2567189,,7.00000,ПЧ,СМ,,RECV-01,WH1,16.00000,808694,,"DKC Лента изоляционная ПВХ 19x0,15 20м в рулоне Желтая",6.00000,NEW Заказной товар,,,0,56.00000,ШТ,2026-03-24 00:00:00,EKS000005931,СП,ME-101-08-D-50,WH1,1.40000,КГ,6.00000,,,,,,,0.00000,0.00000,n.bezrukov,Пакет интерфейса поставки:337cdec1-1e7f-4cc3-ab68-ec40dab731f9,2026-03-24 17:15:34,321326,1997459,2567189,0,ЭКС,,3846495,,,,Годен,,,,
2532664,320834,New,End,,,2567190,,1.00000,ПЧ,СМ,,RECV-01,WH1,16.00000,704862,,"DKC Лента изоляционная ПВХ 19x0,15 20м в рулоне Зеленая",6.00000,NEW Заказной товар,,,0,8.00000,ШТ,2026-03-24 00:00:00,EKS000005931,СП,ME-213-03-A-30,WH1,0.30000,КГ,6.00000,,,,,,,0.00000,0.00000,n.bezrukov,Пакет интерфейса поставки:337cdec1-1e7f-4cc3-ab68-ec40dab731f9,2026-03-24 17:15:34,321326,1997463,2567190,0,ЭКС,,3846496,,,,Годен,,,,
2532665,320834,New,End,,,2567191,,7.00000,ШТ,СМ,,RECV-01,WH1,2.00000,704862,,"DKC Лента изоляционная ПВХ 19x0,15 20м в рулоне Зеленая",7.00000,NEW Заказной товар,,,0,7.00000,ШТ,2026-03-24 00:00:00,EKS000005931,СП,ME-213-03-A-30,WH1,0.14000,КГ,7.00000,,,,,,,0.00000,0.00000,n.bezrukov,Пакет интерфейса поставки:337cdec1-1e7f-4cc3-ab68-ec40dab731f9,2026-03-24 17:15:34,321326,1997463,2567191,0,ЭКС,,3846497,,,,Годен,,,,
2532666,320834,New,End,,,2567192,,2.00000,ШТ,СМ,,RECV-01,WH1,2.00000,808696,,"DKC Лента изоляционная ПВХ 19x0,15 20м в рулоне Красная",7.00000,NEW Заказной товар,,,0,2.00000,ШТ,2026-03-24 00:00:00,EKS000005931,СП,ME-219-04-D-50,WH1,0.02000,КГ,7.00000,,,,,,,0.00000,0.00000,n.bezrukov,Пакет интерфейса поставки:337cdec1-1e7f-4cc3-ab68-ec40dab731f9,2026-03-24 17:15:34,321326,1997457,2567192,0,ЭКС,,3846499,,,,Годен,,,,
2532667,320834,New,End,,,2567193,,5.00000,ШТ,СМ,,RECV-01,WH1,2.00000,744779,,"DKC Лента изоляционная ПВХ 19x0,15 20м в рулоне Черная",7.00000,NEW Заказной товар,,,0,5.00000,ШТ,2026-03-24 00:00:00,EKS000005931,СП,ME-219-03-F-50,WH1,0.05000,КГ,7.00000,,,,,,,0.00000,0.00000,n.bezrukov,Пакет интерфейса поставки:337cdec1-1e7f-4cc3-ab68-ec40dab731f9,2026-03-24 17:15:34,321326,1997461,2567193,0,ЭКС,,3846500,,,,Годен,,,,
2532668,320834,New,End,,,2567194,,3.00000,ШТ,СМ,,RECV-01,WH1,1.00000,722000,,"DKC Лента изоляционная ПВХ 15x0,13 10м в рулоне Черная",5.00000,NEW Заказной товар,,,0,3.00000,ШТ,2026-03-24 00:00:00,EKS000005931,СП,ME-102-07-C-10,WH1,0.03000,КГ,5.00000,,,,,,,0.00000,0.00000,n.bezrukov,Пакет интерфейса поставки:337cdec1-1e7f-4cc3-ab68-ec40dab731f9,2026-03-24 17:15:34,321326,1997462,2567194,0,ЭКС,,3846501,,,,Годен,,,,
2532669,320834,New,End,,,2567195,,5.00000,ШТ,СМ,,RECV-01,WH1,2.00000,808697,,"DKC Лента изоляционная ПВХ 19x0,15 20м в рулоне Синяя",7.00000,NEW Заказной товар,,,0,5.00000,ШТ,2026-03-24 00:00:00,EKS000005931,СП,ME-217-07-E-20,WH1,0.05000,КГ,7.00000,,,,,,,0.00000,0.00000,n.bezrukov,Пакет интерфейса поставки:337cdec1-1e7f-4cc3-ab68-ec40dab731f9,2026-03-24 17:15:34,321326,1997456,2567195,0,ЭКС,,3846503,,,,Годен,,,,
2532670,320834,New,End,,,2567201,,5.00000,ШТ,СМ,,RECV-01,WH1,2.00000,808694,,"DKC Лента изоляционная ПВХ 19x0,15 20м в рулоне Желтая",7.00000,NEW Заказной товар,,,0,5.00000,ШТ,2026-03-24 00:00:00,EKS000005931,СП,ME-101-08-D-50,WH1,0.05000,КГ,7.00000,,,,,,,0.00000,0.00000,n.bezrukov,Пакет интерфейса поставки:337cdec1-1e7f-4cc3-ab68-ec40dab731f9,2026-03-24 17:15:34,321326,1997459,2567201,0,ЭКС,,3846512,,,,Годен,,,,
2532671,320834,New,End,,,2567202,,1.00000,КР,СМ,,RECV-01,WH1,20.00000,808697,,"DKC Лента изоляционная ПВХ 19x0,15 20м в рулоне Синяя",36.00000,NEW Заказной товар,,,0,160.00000,ШТ,2026-03-24 00:00:00,EKS000005931,СП,ME-115-04-A-20,WH1,8.00000,КГ,30.00000,,,,,,,0.00000,0.00000,n.bezrukov,Пакет интерфейса поставки:337cdec1-1e7f-4cc3-ab68-ec40dab731f9,2026-03-24 17:15:34,321326,1997456,2567202,0,ЭКС,,3846513,,,,Годен,,,,
2532672,320834,New,End,,,2567206,,4.00000,ШТ,СМ,,RECV-01,WH1,2.00000,808697,,"DKC Лента изоляционная ПВХ 19x0,15 20м в рулоне Синяя",7.00000,NEW Заказной товар,,,0,4.00000,ШТ,2026-03-24 00:00:00,EKS000005931,СП,ME-217-07-E-20,WH1,0.04000,КГ,7.00000,,,,,,,0.00000,0.00000,n.bezrukov,Пакет интерфейса поставки:337cdec1-1e7f-4cc3-ab68-ec40dab731f9,2026-03-24 17:15:34,321326,1997456,2567206,0,ЭКС,,3846518,,,,Годен,,,,
2532673,320834,New,End,,,2567207,,16.00000,ПЧ,СМ,,RECV-01,WH1,7.00000,808697,,"DKC Лента изоляционная ПВХ 19x0,15 20м в рулоне Синяя",16.00000,NEW Заказной товар,,,0,128.00000,ШТ,2026-03-24 00:00:00,EKS000005931,СП,ME-217-07-E-20,WH1,3.20000,КГ,7.00000,,,,,,,0.00000,0.00000,n.bezrukov,Пакет интерфейса поставки:337cdec1-1e7f-4cc3-ab68-ec40dab731f9,2026-03-24 17:15:34,321326,1997456,2567207,0,ЭКС,,3846519,,,,Годен,,,,
2532674,320834,New,End,,,2567208,,5.00000,ШТ,СМ,,RECV-01,WH1,15.00000,680670,,DKC Корпус клеммный металлический SDE ВхШхГ 150x150x120 мм,16.00000,NEW Заказной товар,,,0,5.00000,ШТ,2026-03-24 00:00:00,EKS000005931,СП,ME-114-07-C-20,WH1,17.50000,КГ,16.00000,,,,,,,0.00000,0.00000,n.bezrukov,Пакет интерфейса поставки:337cdec1-1e7f-4cc3-ab68-ec40dab731f9,2026-03-24 17:15:34,321326,1997451,2567208,0,ЭКС,,3846523,,,,Годен,,,,
2532675,320834,New,End,,,2567211,,1.00000,ШТ,СМ,,RECV-01,WH1,28.00000,677500,,DKC Корпус навесной STE с М/П ВхШхГ 500x400x250 мм,50.00000,NEW Заказной товар,,,0,1.00000,ШТ,2026-03-24 00:00:00,EKS000005931,СП,ME-121-03-C-40,WH1,16.00000,КГ,41.00000,,,,,,,0.00000,0.00000,n.bezrukov,Пакет интерфейса поставки:337cdec1-1e7f-4cc3-ab68-ec40dab731f9,2026-03-24 17:15:34,321326,1997452,2567211,0,ЭКС,,3846531,,,,Годен,,,,
2532676,320834,New,End,,,2567214,,1.00000,ПЧ,СМ,,RECV-01,WH1,1.00000,856519,,"Наконечник-гильза двойная с изолир.фланцем для жилы сечением 0,5 кв.мм, длина контактной части 8мм,",10.00000,NEW Заказной товар,,,0,100.00000,ШТ,2026-03-24 00:00:00,EKS000005931,СП,ME-201-06-E-30,WH1,0.01000,КГ,8.00000,,,,,,,0.00000,0.00000,n.bezrukov,Пакет интерфейса поставки:337cdec1-1e7f-4cc3-ab68-ec40dab731f9,2026-03-24 17:15:34,321326,1997449,2567214,0,ЭКС,,3846537,,,,Годен,,,,
2532677,320835,New,End,,,2567107,,16.00000,КР,СМ,,RECV-01,WH1,19.00000,799173,,Коробка распределительная 60-0302-9005 для прямого монтажа двухкомпонентная безгалогенная (HF) черна,41.00000,NEW Класс C,,,0,768.00000,ШТ,2026-03-25 00:00:00,EKS000005888,СП,ZX-17-19-B-10,WH1,51.20000,КГ,24.00000,,,,,,,0.00000,0.00000,a.savitskiy,Пакет интерфейса поставки:096a9c58-8da9-486f-b659-319b49a0b842,2026-03-24 17:23:46,321280,1997315,2567107,0,ЭКС,,3846349,,,,Годен,,,,
2532678,320835,New,End,,,2567122,,20.00000,КР,СМ,,RECV-01,WH1,20.00000,762512,,Коробка распределительная 60-0302 для прямого монтажа двухкомпонентная безгалогенная (HF) 100х100х30,42.00000,NEW Класс C,,,0,960.00000,ШТ,2026-03-25 00:00:00,EKS000005888,СП,ZX-08-05-C-10,WH1,50.00000,КГ,24.00000,,,,,,,0.00000,0.00000,a.savitskiy,Пакет интерфейса поставки:096a9c58-8da9-486f-b659-319b49a0b842,2026-03-24 17:23:46,321280,1997316,2567122,0,ЭКС,,3846595,,,,Годен,,,,
2532679,320836,New,End,,,2567147,,1.00000,ПЧ,СМ,,RECV-01,WH1,2.50000,114808,,"Наконечники с отверстием под винт и изолир.фланцем, 1,5-2,5мм 2B4P",13.00000,NEW Заказной товар,,,0,100.00000,ШТ,2026-03-24 00:00:00,EKS000005929,СП,ME-206-05-A-50,WH1,0.15000,КГ,7.00000,,,,,,,0.00000,0.00000,n.bezrukov,Пакет интерфейса поставки:096a9c58-8da9-486f-b659-319b49a0b842,2026-03-24 17:23:54,321324,1997425,2567147,0,ЭКС,,3846418,,,,Годен,,,,
2532680,320836,New,End,,,2567152,,4.00000,ШТ,СМ,,RECV-01,WH1,8.00000,338897,,Вентилятор c решеткой и фильтром R5RV08230,14.00000,NEW Заказной товар,,,0,4.00000,ШТ,2026-03-24 00:00:00,EKS000005929,СП,ME-223-05-C-20,WH1,1.00000,КГ,14.00000,,,,,,,0.00000,0.00000,n.bezrukov,Пакет интерфейса поставки:096a9c58-8da9-486f-b659-319b49a0b842,2026-03-24 17:23:54,321324,1997428,2567152,0,ЭКС,,3846427,,,,Годен,,,,
2532681,320836,New,End,,,2567157,,3.00000,ШТ,СМ,,RECV-01,WH1,4.00000,334514,,"Вентиляционная решетка с фильтром, 112 x 112 мм R5RF08",11.50000,NEW Заказной товар,,,0,3.00000,ШТ,2026-03-24 00:00:00,EKS000005929,СП,ME-103-08-D-30,WH1,0.30000,КГ,11.50000,,,,,,,0.00000,0.00000,n.bezrukov,Пакет интерфейса поставки:096a9c58-8da9-486f-b659-319b49a0b842,2026-03-24 17:23:54,321324,1997429,2567157,0,ЭКС,,3846434,,,,Годен,,,,
2532682,320836,New,End,,,2567185,,4.00000,ШТ,СМ,,RECV-01,WH1,15.00000,680670,,DKC Корпус клеммный металлический SDE ВхШхГ 150x150x120 мм,16.00000,NEW Заказной товар,,,0,4.00000,ШТ,2026-03-24 00:00:00,EKS000005929,СП,ME-114-07-C-20,WH1,14.00000,КГ,16.00000,,,,,,,0.00000,0.00000,n.bezrukov,Пакет интерфейса поставки:096a9c58-8da9-486f-b659-319b49a0b842,2026-03-24 17:23:54,321324,1997427,2567185,0,ЭКС,,3846490,,,,Годен,,,,
2532683,320836,New,End,,,2567212,,1.00000,ШТ,СМ,,RECV-01,WH1,30.00000,208672,,Корпус сварной навесной серии ST с М/П Размер: 500x500x300 мм (ВхШхГ) IP65,50.00000,NEW Заказной товар,,,0,1.00000,ШТ,2026-03-24 00:00:00,EKS000005929,СП,ZX-13-36-C-20,WH1,8.00000,КГ,50.00000,,,,,,,0.00000,0.00000,n.bezrukov,Пакет интерфейса поставки:096a9c58-8da9-486f-b659-319b49a0b842,2026-03-24 17:23:54,321324,1997430,2567212,0,ЭКС,,3846532,,,,Годен,,,,
2532684,320836,New,End,,,2567215,,1.00000,ПЧ,СМ,,RECV-01,WH1,3.00000,749242,,"Наконечник вилочный с изолир.фланцем ПВХ, легкий ввод жилы, 2,5-6 кв.мм М6 (д.6,4 мм) (НВИ) DKC",18.00000,NEW Заказной товар,,,0,100.00000,ШТ,2026-03-24 00:00:00,EKS000005929,СП,ME-202-02-I-40,WH1,0.16000,КГ,10.00000,,,,,,,0.00000,0.00000,n.bezrukov,Пакет интерфейса поставки:096a9c58-8da9-486f-b659-319b49a0b842,2026-03-24 17:23:54,321324,1997426,2567215,0,ЭКС,,3846543,,,,Годен,,,,
2532685,320837,New,Processed,,,2567223,,1.00000,ГМ,СМ,4712-12-31 00:00:00,RECV-01,WH1,1.00000,0000,,ТРАНЗИТ,1.00000,NEW Транзит,ЮВЕЛС КРАСНОЯРСК №1,,0,1.00000,ГМ,2026-03-24 00:00:00,TR-24/03/2026-07,ТР,TR-00,WH1,1.00000,КГ,1.00000,,,,,,,0.00000,0.00000,r.sagaidak,Пакет интерфейса поставки:09d6692b-1fc8-49a3-82d3-da8fb4c9c48e,2026-03-24 17:45:10,321330,1997467,2567223,0,ЭКС,,3846629,,,,Годен,,,,
2532686,320838,New,Processed,,,2567224,,1.00000,ГМ,СМ,4712-12-31 00:00:00,RECV-01,WH1,1.00000,0000,,ТРАНЗИТ,1.00000,NEW Транзит,ЮВЕЛС КРАСНОЯРСК №2,,0,1.00000,ГМ,2026-03-24 00:00:00,TR-24/03/2026-08,ТР,TR-00,WH1,1.00000,КГ,1.00000,,,,,,,0.00000,0.00000,r.sagaidak,Пакет интерфейса поставки:09d6692b-1fc8-49a3-82d3-da8fb4c9c48e,2026-03-24 17:45:10,321331,1997468,2567224,0,ЭКС,,3846630,,,,Годен,,,,
2532687,320839,New,Processed,,,2567225,,1.00000,ГМ,СМ,4712-12-31 00:00:00,RECV-01,WH1,1.00000,0000,,ТРАНЗИТ,1.00000,NEW Транзит,ЮВЕЛС КРАСНОЯРСК №3,,0,1.00000,ГМ,2026-03-24 00:00:00,TR-24/03/2026-09,ТР,TR-00,WH1,1.00000,КГ,1.00000,,,,,,,0.00000,0.00000,r.sagaidak,Пакет интерфейса поставки:09d6692b-1fc8-49a3-82d3-da8fb4c9c48e,2026-03-24 17:45:10,321332,1997469,2567225,0,ЭКС,,3846631,,,,Годен,,,,
2532688,320840,New,End,,,2567226,,4.00000,ШТ,СМ,,RECV-01,WH1,3.00000,804070,,Паяльная паста (35 г) Mechanic XG50,11.00000,NEW Класс C,,,0,4.00000,ШТ,2026-03-24 00:00:00,EKS000005935,СП,ME-101-03-K-20,WH1,0.16000,КГ,6.00000,,,,,,,0.00000,0.00000,r.sagaidak,Пакет интерфейса поставки:7d9222be-4ff2-4bd4-8a84-3e584a44eb14,2026-03-24 18:11:32,321333,1997471,2567226,0,ЭКС,,3846643,,,,Годен,,,,
2532689,320840,New,End,,,2567227,,1.00000,УП,СМ,,RECV-01,WH1,9.00000,549056,,"ЗУБР 12х110мм, 15шт, болт анкерный с пластиковым кольцом, желтый цинк",16.00000,NEW Заказной товар,,,0,1.00000,УП,2026-03-24 00:00:00,EKS000005935,СП,ME-102-03-D-30,WH1,2.26000,КГ,10.00000,,,,,,,0.00000,0.00000,r.sagaidak,Пакет интерфейса поставки:7d9222be-4ff2-4bd4-8a84-3e584a44eb14,2026-03-24 18:11:32,321333,1997472,2567227,0,ЭКС,,3846644,,,,Годен,,,,
2532690,320840,New,End,,,2567228,,21.00000,ШТ,СМ,,RECV-01,WH1,5.00000,836219,,"Газ для зажигалок S&B бутан 200 мл, объем 290см3 ГС 005",16.00000,NEW Класс C,,,0,21.00000,ШТ,2026-03-24 00:00:00,EKS000005935,СП,ME-202-06-C-40,WH1,4.20000,КГ,5.00000,,,,,,,0.00000,0.00000,r.sagaidak,Пакет интерфейса поставки:7d9222be-4ff2-4bd4-8a84-3e584a44eb14,2026-03-24 18:11:32,321333,1997470,2567228,0,ЭКС,,3846645,,,,Годен,,,,
2532691,320840,New,End,,,2567229,,6.00000,ШТ,СМ,,RECV-01,WH1,4.00000,882927,,Свинцовая пломба Пломба.Ру 1 кг. 41675,12.00000,NEW Заказной товар,,,0,6.00000,ШТ,2026-03-24 00:00:00,EKS000005935,СП,ME-102-07-L-20,WH1,6.00000,КГ,6.00000,,,,,,,0.00000,0.00000,r.sagaidak,Пакет интерфейса поставки:7d9222be-4ff2-4bd4-8a84-3e584a44eb14,2026-03-24 18:11:32,321333,1997473,2567229,0,ЭКС,,3846646,,,,Годен,,,,
2532692,320841,New,End,,,2566711,,1.00000,ШТ,СМ,,RECV-01,WH1,16.00000,15844,,"Корпус навес метал ЩУ-1/1-0 74 У1 IP66 2 мод, ИЭК (310х300х150) MKM51-N-01-54",30.00000,NEW Возврат,,,0,1.00000,ШТ,2026-03-24 00:00:00,EKS000005854,СП,ME-308-07-E-20,WH1,4.00000,КГ,30.00000,,,,,,,0.00000,0.00000,r.sagaidak,Пакет интерфейса поставки:2a7da5b8-9312-4886-9cf7-528093ff0707,2026-03-24 18:33:37,321244,1997120,2566711,0,ЭКС,,3845710,,,,Годен,,,,
2532693,320841,New,End,,,2566712,,1.00000,ШТ,СМ,,RECV-01,WH1,63.00000,257645,,"Мат греющий IQ FLOOR MAT-2,5  375Вт, 2,5м2",15.00000,NEW Возврат,,,0,1.00000,ШТ,2026-03-24 00:00:00,EKS000005854,СП,ME-117-07-D-10,WH1,1.50000,КГ,15.00000,,,,,,,0.00000,0.00000,r.sagaidak,Пакет интерфейса поставки:2a7da5b8-9312-4886-9cf7-528093ff0707,2026-03-24 18:33:37,321244,1997126,2566712,0,ЭКС,,3845711,,,,Годен,,,,
2532694,320841,New,End,,,2566713,,1.00000,ШТ,СМ,,RECV-01,WH1,10.50000,838506,,"Конвектор электрический с меxаническим термостатом, 1,5кВт, X-нагревательный элемент, ножки REXAN",64.50000,NEW Возврат,,,0,1.00000,ШТ,2026-03-24 00:00:00,EKS000005854,СП,ME-122-02-C-20,WH1,4.50000,КГ,50.00000,,,,,,,0.00000,0.00000,r.sagaidak,Пакет интерфейса поставки:2a7da5b8-9312-4886-9cf7-528093ff0707,2026-03-24 18:33:37,321244,1997135,2566713,0,ЭКС,,3845715,,,,Годен,,,,
2532695,320841,New,End,,,2566715,,1.00000,ШТ,СМ,,RECV-01,WH1,10.50000,837491,,"Конвектор электрический с меxаническим термостатом, 0,5кВт, СТИЧ-нагревательный элемент, ножки REXAN",51.00000,NEW Возврат,,,0,1.00000,ШТ,2026-03-24 00:00:00,EKS000005854,СП,ME-122-03-C-20,WH1,3.06000,КГ,50.00000,,,,,,,0.00000,0.00000,r.sagaidak,Пакет интерфейса поставки:2a7da5b8-9312-4886-9cf7-528093ff0707,2026-03-24 18:33:37,321244,1997136,2566715,0,ЭКС,,3845719,,,,Годен,,,,
2532696,320841,New,End,,,2566765,,1.00000,ШТ,СМ,,RECV-01,WH1,23.00000,15853,,Корпус навес (650х500х220) ЩМП-3-0 36 с монт.пан. IP31 ИЭК YKM40-03-31,67.00000,NEW Класс B,,,0,1.00000,ШТ,2026-03-24 00:00:00,EKS000005854,СП,ME-115-05-C-20,WH1,14.00000,КГ,52.00000,,,,,,,0.00000,0.00000,r.sagaidak,Пакет интерфейса поставки:2a7da5b8-9312-4886-9cf7-528093ff0707,2026-03-24 18:33:37,321244,1997119,2566765,0,ЭКС,,3845804,,,,Годен,,,,
2532697,320841,New,End,,,2566766,,3.00000,ШТ,СМ,,RECV-01,WH1,4.00000,660946,,Выкл-ль дифференциального тока (ВДТ) City9 2п 63А 30мА Тип-AC 230В,8.00000,NEW Класс B,,,0,3.00000,ШТ,2026-03-24 00:00:00,EKS000005854,СП,ME-217-05-C-20,WH1,0.69000,КГ,8.00000,,,,,,,0.00000,0.00000,r.sagaidak,Пакет интерфейса поставки:2a7da5b8-9312-4886-9cf7-528093ff0707,2026-03-24 18:33:37,321244,1997145,2566766,0,ЭКС,,3845805,,,,Годен,,,,
2532698,320841,New,End,,,2566767,,1.00000,ШТ,СМ,,RECV-01,WH1,40.00000,690983,,"Удлинитель силовой 4гн ПВС 3х1,5мм2 16А 3500Вт 20м IP20 на пластиковой катушке PLEXUP",30.00000,NEW Возврат,,,0,1.00000,ШТ,2026-03-24 00:00:00,EKS000005854,СП,ME-301-04-A-10,WH1,3.00000,КГ,23.00000,,,,,,,0.00000,0.00000,r.sagaidak,Пакет интерфейса поставки:2a7da5b8-9312-4886-9cf7-528093ff0707,2026-03-24 18:33:37,321244,1997141,2566767,0,ЭКС,,3845806,,,,Годен,,,,
2532699,320841,New,End,,,2566769,,1.00000,ШТ,СМ,,RECV-01,WH1,20.00000,99976,,Стабилизатор Ресанта 1ф АСН- 1500/1-Ц,30.00000,NEW Возврат,,,0,1.00000,ШТ,2026-03-24 00:00:00,EKS000005854,СП,ME-116-02-A-10,WH1,6.00000,КГ,20.00000,,,,,,,0.00000,0.00000,r.sagaidak,Пакет интерфейса поставки:2a7da5b8-9312-4886-9cf7-528093ff0707,2026-03-24 18:33:37,321244,1997131,2566769,0,ЭКС,,3845808,,,,Годен,,,,
2532700,320841,New,End,,,2566770,,14.00000,ШТ,СМ,,RECV-01,WH1,4.00000,224515,,"Розетка с/п 1-ая 2К б/рамки ""Glossa"" антрацит GSL000741",5.00000,NEW Возврат,,,0,14.00000,ШТ,2026-03-24 00:00:00,EKS000005854,СП,ME-211-07-B-50,WH1,1.40000,КГ,5.00000,,,,,,,0.00000,0.00000,r.sagaidak,Пакет интерфейса поставки:2a7da5b8-9312-4886-9cf7-528093ff0707,2026-03-24 18:33:37,321244,1997127,2566770,0,ЭКС,,3845809,,,,Годен,,,,
2532701,320841,New,End,,,2566773,,8.00000,ШТ,СМ,,RECV-01,WH1,4.00000,302817,,"Розетка с з/к. со шторками с крышкой, 16А, IP20, мех-зм, Atlasdesign Шампань  ATN000546",7.00000,NEW Возврат,,,0,8.00000,ШТ,2026-03-24 00:00:00,EKS000005854,СП,ME-301-06-I-30,WH1,0.80000,КГ,7.00000,,,,,,,0.00000,0.00000,r.sagaidak,Пакет интерфейса поставки:2a7da5b8-9312-4886-9cf7-528093ff0707,2026-03-24 18:33:37,321244,1997124,2566773,0,ЭКС,,3845812,,,,Годен,,,,
2532702,320841,New,End,,,2566774,,1.00000,ШТ,СМ,,RECV-01,WH1,10.00000,6641,,Выключатель авт. ВА88-32 3Р 100А 25кА ИЭК,14.00000,NEW Возврат,,,0,1.00000,ШТ,2026-03-24 00:00:00,EKS000005854,СП,ME-312-02-E-20,WH1,1.00000,КГ,9.00000,,,,,,,0.00000,0.00000,r.sagaidak,Пакет интерфейса поставки:2a7da5b8-9312-4886-9cf7-528093ff0707,2026-03-24 18:33:37,321244,1997122,2566774,0,ЭКС,,3845813,,,,Годен,,,,
2532703,320841,New,End,,,2566775,,4.00000,ШТ,СМ,,RECV-01,WH1,19.00000,597211,,Прожектор LED  PFL- V  50w  6500K IP65 4500Lm Jazzway,22.00000,NEW Возврат,,,0,4.00000,ШТ,2026-03-24 00:00:00,EKS000005854,СП,ME-301-08-B-40,WH1,1.60000,КГ,4.00000,,,,,,,0.00000,0.00000,r.sagaidak,Пакет интерфейса поставки:2a7da5b8-9312-4886-9cf7-528093ff0707,2026-03-24 18:33:37,321244,1997147,2566775,0,ЭКС,,3845814,,,,Годен,,,,
2532704,320841,New,End,,,2566776,,4.00000,ШТ,СМ,,RECV-01,WH1,7.00000,533322,,Светильник PTR  28 GU10 BL 230V IP20 Jazzway,15.00000,NEW Возврат,,,0,4.00000,ШТ,2026-03-24 00:00:00,EKS000005854,СП,ME-301-08-K-40,WH1,0.80000,КГ,10.00000,,,,,,,0.00000,0.00000,r.sagaidak,Пакет интерфейса поставки:2a7da5b8-9312-4886-9cf7-528093ff0707,2026-03-24 18:33:37,321244,1997117,2566776,0,ЭКС,,3845815,,,,Годен,,,,
2532705,320841,New,End,,,2566778,,1.00000,ШТ,СМ,,RECV-01,WH1,8.00000,150380,,Контактор E1 НО+1НЗ 40А 400В AC3 220В 50Гц,13.00000,NEW Возврат,,,0,1.00000,ШТ,2026-03-24 00:00:00,EKS000005854,СП,ME-302-03-G-20,WH1,0.60000,КГ,12.00000,,,,,,,0.00000,0.00000,r.sagaidak,Пакет интерфейса поставки:2a7da5b8-9312-4886-9cf7-528093ff0707,2026-03-24 18:33:37,321244,1997130,2566778,0,ЭКС,,3845817,,,,Годен,,,,
2532706,320841,New,End,,,2566779,,1.00000,ШТ,СМ,,RECV-01,WH1,6.00000,320071,,"Блок питания ARS-250-12 (12V, 20,8A, 250W) (Arlight, IP20 Сетка, 2 года)",18.00000,NEW Возврат,,,0,1.00000,ШТ,2026-03-24 00:00:00,EKS000005854,СП,ME-107-03-B-50,WH1,0.50000,КГ,12.00000,,,,,,,0.00000,0.00000,r.sagaidak,Пакет интерфейса поставки:2a7da5b8-9312-4886-9cf7-528093ff0707,2026-03-24 18:33:37,321244,1997123,2566779,0,ЭКС,,3845818,,,,Годен,,,,
2532707,320841,New,End,,,2566781,,2.00000,ШТ,СМ,,RECV-01,WH1,1.00000,780052,,"Диск алмазный двойной, сегментный, 125х22,2мм, сухая резка KRANZ",13.00000,NEW Возврат,,,0,2.00000,ШТ,2026-03-24 00:00:00,EKS000005854,СП,ME-315-02-C-10,WH1,0.60000,КГ,13.00000,,,,,,,0.00000,0.00000,r.sagaidak,Пакет интерфейса поставки:2a7da5b8-9312-4886-9cf7-528093ff0707,2026-03-24 18:33:37,321244,1997138,2566781,0,ЭКС,,3845820,,,,Годен,,,,
2532708,320841,New,End,,,2566782,,1.00000,ШТ,СМ,,RECV-01,WH1,7.00000,258558,,Терморегулятор IQ THERMOSTAT TS электр. прогр. сенс. бел,10.00000,NEW Возврат,,,0,1.00000,ШТ,2026-03-24 00:00:00,EKS000005854,СП,ME-303-04-C-30,WH1,0.35000,КГ,9.00000,,,,,,,0.00000,0.00000,r.sagaidak,Пакет интерфейса поставки:2a7da5b8-9312-4886-9cf7-528093ff0707,2026-03-24 18:33:37,321244,1997125,2566782,0,ЭКС,,3845821,,,,Годен,,,,
2532709,320841,New,End,,,2566784,,1.00000,ШТ,СМ,,RECV-01,WH1,7.00000,743391,,Комплект подключения 3 фазный NILED,26.00000,NEW Возврат,,,0,1.00000,ШТ,2026-03-24 00:00:00,EKS000005854,СП,ME-304-04-B-40,WH1,0.90000,КГ,12.00000,,,,,,,0.00000,0.00000,r.sagaidak,Пакет интерфейса поставки:2a7da5b8-9312-4886-9cf7-528093ff0707,2026-03-24 18:33:37,321244,1997140,2566784,0,ЭКС,,3845823,,,,Годен,,,,
2532710,320841,New,End,,,2566787,,1.00000,ШТ,СМ,,RECV-01,WH1,1.50000,496012,,Панель SPL-510-S-65K-040 40Вт 3420Лм 6500К IP40 СЕРЕБРО ЭРА 595x595x8 без драйвера(Код366129Драйвер),60.00000,NEW Возврат,,,0,1.00000,ШТ,2026-03-24 00:00:00,EKS000005854,СП,ZX-10-28-C-20,WH1,0.80000,КГ,60.00000,,,,,,,0.00000,0.00000,r.sagaidak,Пакет интерфейса поставки:2a7da5b8-9312-4886-9cf7-528093ff0707,2026-03-24 18:33:37,321244,1997118,2566787,0,ЭКС,,3845826,,,,Годен,,,,
2532711,320841,New,End,,,2566789,,1.00000,ШТ,СМ,,RECV-01,WH1,3.00000,689287,,Свет-к с/д (потолочный) LE LED RF 28W 3000К 4000К 6500К (круг D300x25 IP40) Черный,30.00000,NEW Возврат,,,0,1.00000,ШТ,2026-03-24 00:00:00,EKS000005854,СП,ME-103-04-D-10,WH1,0.80000,КГ,30.00000,,,,,,,0.00000,0.00000,r.sagaidak,Пакет интерфейса поставки:2a7da5b8-9312-4886-9cf7-528093ff0707,2026-03-24 18:33:37,321244,1997143,2566789,0,ЭКС,,3845828,,,,Годен,,,,
2532712,320841,New,End,,,2566791,,1.00000,ШТ,СМ,,RECV-01,WH1,3.00000,689295,,Свет-к с/д (потолочный) LE LED RF 50W 3000К 4000К 6500К (круг D480x25 IP40) Черный,50.00000,NEW Возврат,,,0,1.00000,ШТ,2026-03-24 00:00:00,EKS000005854,СП,ME-125-01-A-20,WH1,2.00000,КГ,50.00000,,,,,,,0.00000,0.00000,r.sagaidak,Пакет интерфейса поставки:2a7da5b8-9312-4886-9cf7-528093ff0707,2026-03-24 18:33:37,321244,1997142,2566791,0,ЭКС,,3845830,,,,Годен,,,,
2532713,320841,New,End,,,2566792,,1.00000,ШТ,СМ,,RECV-01,WH1,17.00000,674083,,"Кабель ВВГ-Пнг(A)-LS 2х2,5 ок (N)-0,66 Бухта 50м ЭКС желт.",17.00000,NEW Кабель и провод,,,0,1.00000,ШТ,2026-03-24 00:00:00,EKS000005854,СП,ZX-09-27-B-15,WH1,7.85000,КГ,10.00000,,,,,,,0.00000,0.00000,r.sagaidak,Пакет интерфейса поставки:2a7da5b8-9312-4886-9cf7-528093ff0707,2026-03-24 18:33:37,321244,1997144,2566792,0,ЭКС,,3845837,,,,Годен,,,,
2532714,320841,New,End,,,2566795,,1.00000,ШТ,СМ,,RECV-01,WH1,5.00000,747256,,"Кабель гибкий КГтп-ХЛ 2х1,5-380/660В-3 (100м)",30.00000,NEW Кабель и провод,,,0,1.00000,ШТ,2026-03-24 00:00:00,EKS000005854,СП,ZX-07-16-E-15,WH1,5.00000,КГ,30.00000,,,,,,,0.00000,0.00000,r.sagaidak,Пакет интерфейса поставки:2a7da5b8-9312-4886-9cf7-528093ff0707,2026-03-24 18:33:37,321244,1997139,2566795,0,ЭКС,,3845847,,,,Годен,,,,
2532715,320841,New,End,,,2566801,,7.00000,ШТ,СМ,,RECV-01,WH1,1.00000,213219,,"Рассеиватель ПРОЗРАЧНЫЙ для профиля PAL 1506, 1612 , 1818, 1919, 2206, 2406, 0612, 0816",200.00000,NEW Длинные 2 м,,,0,7.00000,ШТ,2026-03-24 00:00:00,EKS000005854,СП,ZX-13-17-B-18,WH1,0.70000,КГ,1.00000,,,,,,,0.00000,0.00000,r.sagaidak,Пакет интерфейса поставки:2a7da5b8-9312-4886-9cf7-528093ff0707,2026-03-24 18:33:37,321244,1997128,2566801,0,ЭКС,,3845856,,,,Годен,,,,
2532716,320841,New,End,,,2566802,,5.00000,ШТ,СМ,,RECV-01,WH1,1.00000,185157,,"Рассеиватель МАТОВЫЙ для профиля PAL 1506, 1612 , 1818, 1919, 2206, 2406, 0612, 0816",200.00000,NEW Длинные 2 м,,,0,5.00000,ШТ,2026-03-24 00:00:00,EKS000005854,СП,ZX-19-32-A-10,WH1,0.10000,КГ,1.00000,,,,,,,0.00000,0.00000,r.sagaidak,Пакет интерфейса поставки:2a7da5b8-9312-4886-9cf7-528093ff0707,2026-03-24 18:33:37,321244,1997129,2566802,0,ЭКС,,3845857,,,,Годен,,,,
2532717,320841,New,End,,,2566803,,1.00000,ШТ,СМ,,RECV-01,WH1,11.00000,810098,,"Конвектор электрический с меxаническим термостатом, 1,0кВт, СТИЧ-нагревательный элемент, ножки REXAN",51.00000,NEW Возврат,,,0,1.00000,ШТ,2026-03-24 00:00:00,EKS000005854,СП,ME-125-01-D-40,WH1,2.82000,КГ,49.00000,,,,,,,0.00000,0.00000,r.sagaidak,Пакет интерфейса поставки:2a7da5b8-9312-4886-9cf7-528093ff0707,2026-03-24 18:33:37,321244,1997137,2566803,0,ЭКС,,3845858,,,,Годен,,,,
2532718,320841,New,End,,,2566808,,2.00000,ШТ,СМ,,RECV-01,WH1,30.00000,838522,,"Пушка тепловая электрическая, круглая, PTC, 3кВт REXANT",25.00000,NEW Возврат,,,0,2.00000,ШТ,2026-03-24 00:00:00,EKS000005854,СП,ME-311-05-F-30,WH1,4.00000,КГ,22.00000,,,,,,,0.00000,0.00000,r.sagaidak,Пакет интерфейса поставки:2a7da5b8-9312-4886-9cf7-528093ff0707,2026-03-24 18:33:37,321244,1997133,2566808,0,ЭКС,,3845864,,,,Годен,,,,
2532719,320841,New,End,,,2566811,,2.00000,ШТ,СМ,,RECV-01,WH1,35.00000,838525,,"Пушка тепловая, регулировка угла наклона, 2 кВт, REXANT",25.00000,NEW Возврат,,,0,2.00000,ШТ,2026-03-24 00:00:00,EKS000005854,СП,ME-301-03-C-50,WH1,6.00000,КГ,25.00000,,,,,,,0.00000,0.00000,r.sagaidak,Пакет интерфейса поставки:2a7da5b8-9312-4886-9cf7-528093ff0707,2026-03-24 18:33:37,321244,1997132,2566811,0,ЭКС,,3845869,,,,Годен,,,,
2532720,320841,New,End,,,2566821,,1.00000,ШТ,СМ,,RECV-01,WH1,36.00000,838519,,"Пушка тепловая, квадратная, PTC, 5кВт REXANT",27.00000,NEW Возврат,,,0,1.00000,ШТ,2026-03-24 00:00:00,EKS000005854,СП,ME-301-07-B-10,WH1,5.00000,КГ,24.00000,,,,,,,0.00000,0.00000,r.sagaidak,Пакет интерфейса поставки:2a7da5b8-9312-4886-9cf7-528093ff0707,2026-03-24 18:33:37,321244,1997134,2566821,0,ЭКС,,3845882,,,,Годен,,,,
2532721,320841,New,End,,,2566823,,1.00000,ШТ,СМ,,RECV-01,WH1,25.00000,625154,,Электротепловентилятор TP-03220 HINTEK,34.00000,NEW Возврат,,,0,1.00000,ШТ,2026-03-24 00:00:00,EKS000005854,СП,ME-312-05-C-40,WH1,4.00000,КГ,25.00000,,,,,,,0.00000,0.00000,r.sagaidak,Пакет интерфейса поставки:2a7da5b8-9312-4886-9cf7-528093ff0707,2026-03-24 18:33:37,321244,1997146,2566823,0,ЭКС,,3845884,,,,Годен,,,,
2532722,320841,New,End,,,2566824,,1.00000,ШТ,СМ,,RECV-01,WH1,10.50000,838506,,"Конвектор электрический с меxаническим термостатом, 1,5кВт, X-нагревательный элемент, ножки REXAN",64.50000,NEW Возврат,,,0,1.00000,ШТ,2026-03-24 00:00:00,EKS000005854,СП,ME-122-02-C-20,WH1,4.50000,КГ,50.00000,,,,,,,0.00000,0.00000,r.sagaidak,Пакет интерфейса поставки:2a7da5b8-9312-4886-9cf7-528093ff0707,2026-03-24 18:33:37,321244,1997135,2566824,0,ЭКС,,3845885,,,,Годен,,,,
2532723,320841,New,End,,,2566826,,1.00000,ШТ,СМ,,RECV-01,WH1,10.50000,837491,,"Конвектор электрический с меxаническим термостатом, 0,5кВт, СТИЧ-нагревательный элемент, ножки REXAN",51.00000,NEW Возврат,,,0,1.00000,ШТ,2026-03-24 00:00:00,EKS000005854,СП,ME-122-03-C-20,WH1,3.06000,КГ,50.00000,,,,,,,0.00000,0.00000,r.sagaidak,Пакет интерфейса поставки:2a7da5b8-9312-4886-9cf7-528093ff0707,2026-03-24 18:33:37,321244,1997136,2566826,0,ЭКС,,3845890,,,,Годен,,,,
2532724,320842,New,End,,,2566568,,2000.00000,М,СМ,4712-12-31 00:00:00,RECV-01,WH1,0.72000,370021,,"Кабель КГтп-ХЛ 2х0,75-380/660В-3",100.00000,NEW Кабель и провод,100,,0,2000.00000,М,2026-03-24 00:00:00,EKS000005801,СП,ZX-09-25-B-15,WH1,114.00000,КГ,0.72000,,,,,,,0.00000,0.00000,a.savitskiy,Пакет интерфейса поставки:cb5f54ef-2c17-4737-a4c4-d8d8744bdb23,2026-03-24 18:35:43,321191,1996871,2566568,0,ЭКС,,3845463,,,,Годен,,,,
2532725,320845,New,End,,,2567230,,4.00000,ШТ,СМ,,RECV-01,WH1,10.00000,317429,,"Аккумулятор свинцово-кислотный DELTA HR 12-7.2 12В | 7,2Ач  2,5кг",15.00000,NEW Заказной товар,,,0,4.00000,ШТ,2026-03-24 00:00:00,EKS000005936,СП,ME-101-06-E-30,WH1,10.00000,КГ,6.00000,,,,,,,0.00000,0.00000,r.sorokin,Пакет интерфейса поставки:f344e78e-6fa0-4d94-b15c-2ab327e7c146,2026-03-25 09:07:01,321334,1997474,2567230,0,ЭКС,,3846714,,,,Годен,,,,
2532726,320846,New,End,,,2567231,,1.00000,ШТ,СМ,,RECV-01,WH1,27.00000,696174,,Аккумуляторная батарея Delta DTM 12100 L (12V / 100Ah),36.00000,NEW Заказной товар,,,0,1.00000,ШТ,2026-03-24 00:00:00,EKS000005937,СП,ME-116-03-D-20,WH1,30.00000,КГ,20.00000,,,,,,,0.00000,0.00000,r.sorokin,Пакет интерфейса поставки:f344e78e-6fa0-4d94-b15c-2ab327e7c146,2026-03-25 09:07:14,321335,1997475,2567231,0,ЭКС,,3846716,,,,Годен,,,,
2532727,320847,New,End,,,2567232,,2.00000,ШТ,СМ,,RECV-01,WH1,10.00000,877346,,Реле обрыва фаз JVM-1 3ф. 380В (БЕЗ колодки разъема),10.00000,NEW Заказной товар,,,0,2.00000,ШТ,2026-03-10 00:00:00,EKS000005938,СП,ME-101-07-G-40,WH1,0.60000,КГ,7.00000,,,,,,,0.00000,0.00000,r.sorokin,Пакет интерфейса поставки:c086cb4e-9722-49ba-a9c4-cfdfa8dcaca0,2026-03-25 09:09:14,321336,1997476,2567232,0,ЭКС,,3846721,,,,Годен,,,,
2532728,320848,New,End,,,CNT02573052,,1.00000,ШТ,СМ,,RECV-01,WH1,50.00000,494858,,Конвектор ОК-EU-2000CH Eurolux,80.00000,NEW Брак,,,0,1.00000,ШТ,2026-03-25 00:00:00,EKS000005940,СП,ZX-19-02-C-40,WH1,4.00000,КГ,11.00000,,,,,,,0.00000,0.00000,r.sorokin,Пакет интерфейса поставки:270aa346-51f2-4111-ac1f-40d8f960a170,2026-03-25 11:39:11,321338,1997478,2567234,0,ЭКС,,3846723,,,,Брак,01,02,,
2532729,320849,New,End,,,CNT02573051,,1.00000,ШТ,СМ,,RECV-01,WH1,13.00000,685931,,Конвектор ОК-EU-1500 Eurolux,65.00000,NEW Брак,,,0,1.00000,ШТ,2026-03-25 00:00:00,EKS000005939,СП,ZX-19-02-B-40,WH1,5.00000,КГ,50.00000,,,,,,,0.00000,0.00000,r.sorokin,Пакет интерфейса поставки:094e4f0d-af2e-4142-9a18-53f4ad635c55,2026-03-25 11:41:14,321337,1997477,2567233,0,ЭКС,,3846722,,,,Брак,01,02,,
2532730,320850,New,End,,,CNT02573053,,1.00000,ШТ,СМ,,RECV-01,WH1,13.00000,685931,,Конвектор ОК-EU-1500 Eurolux,65.00000,NEW Брак,,,0,1.00000,ШТ,2026-03-25 00:00:00,EKS000005941,СП,ZX-19-02-B-40,WH1,5.00000,КГ,50.00000,,,,,,,0.00000,0.00000,r.sorokin,Пакет интерфейса поставки:094e4f0d-af2e-4142-9a18-53f4ad635c55,2026-03-25 11:41:17,321339,1997479,2567235,0,ЭКС,,3846726,,,,Брак,01,02,,
2532731,320851,New,End,,,2567245,,12.00000,КР,СМ,,RECV-01,WH1,12.00000,366745,,СТ ARCTIC.OPL ECO Светильник LED 1200 4000K,134.00000,NEW Длинные ЭЛО < 2 м,,,0,24.00000,ШТ,2026-03-25 00:00:00,EKS000005957,СП,ZX-20-29-A-20,WH1,48.00000,КГ,22.00000,,,,,,,0.00000,0.00000,v.plevako,Пакет интерфейса поставки:8e324da8-33a7-44b8-a958-144259bb9fde,2026-03-25 11:59:18,321355,1997568,2567245,0,ЭКС,,3846811,,,,Годен,,,,
2532732,320851,New,End,,,2567246,,1.00000,ПЛ,СМ,,RECV-01,WH1,120.00000,203404,,Светильник LED OPL/R ECO LED (595) EM 36Вт опал 2900лм/4000K IP20 Световые Технологии,120.00000,"NEW Класс C, ПЛ",,,0,20.00000,ШТ,2026-03-25 00:00:00,EKS000005957,СП,ZX-12-10-B-30,WH1,80.00000,КГ,80.00000,,,,,,,0.00000,0.00000,v.plevako,Пакет интерфейса поставки:8e324da8-33a7-44b8-a958-144259bb9fde,2026-03-25 11:59:18,321355,1997569,2567246,0,ЭКС,,3846813,,,,Годен,,,,
2532733,320851,New,End,,,2567248,,10.00000,ШТ,СМ,,RECV-01,WH1,17.00000,203404,,Светильник LED OPL/R ECO LED (595) EM 36Вт опал 2900лм/4000K IP20 Световые Технологии,60.00000,NEW Заказной товар,,,0,10.00000,ШТ,2026-03-25 00:00:00,EKS000005957,СП,ZX-13-36-C-20,WH1,50.00000,КГ,70.00000,,,,,,,0.00000,0.00000,v.plevako,Пакет интерфейса поставки:8e324da8-33a7-44b8-a958-144259bb9fde,2026-03-25 11:59:18,321355,1997569,2567248,0,ЭКС,,3846816,,,,Годен,,,,
2532734,320852,New,Processed,,,2567267,,1.00000,ГМ,СМ,4712-12-31 00:00:00,RECV-01,WH1,1.00000,0000,,ТРАНЗИТ,1.00000,NEW Транзит,БЕРДСК  № 69089 КРЕУСС,,0,1.00000,ГМ,2026-03-25 00:00:00,TR-25.03.2026-01,ТР,TR-05,WH1,1.00000,КГ,1.00000,,,,,,,0.00000,0.00000,V.plevako,Пакет интерфейса поставки:81737881-5388-402a-af9f-7da59f32a761,2026-03-25 12:58:52,321412,1997850,2567267,0,ЭКС,,3846872,,,,Годен,,,,
2532735,320853,New,End,,,2567275,,5.00000,КР,СМ,4712-12-31 00:00:00,RECV-01,WH1,27.00000,628056,,Саморегулирующийся греющий кабель Grandeks - 24-2,32.00000,NEW Кабель и провод,250,,0,1000.00000,М,2026-03-25 00:00:00,EKS000006008,СП,ZX-07-20-C-15,WH1,64.50000,КГ,31.00000,,,,,,,0.00000,0.00000,v.plevako,Пакет интерфейса поставки:e1f3aec9-6539-4062-b258-891241cfbda8,2026-03-25 13:23:03,321406,1997779,2567275,0,ЭКС,,3846899,,,,Годен,,,,
